stop_id,stop_name,lon,lat,n_routes,routes,n_patterns,n_directions,daily_trips,n_periods,periods,is_terminal,terminal_of,is_transfer_point,prev_spacing_m,next_spacing_m,n_walk_neighbours,nearest_stop_id,nearest_walk_min,n_zones_in_catchment,catchment_flow,unique_flow,zone_overlap_with_nearest,flow_overlap_with_nearest,distance_basis,protected
MAIHIGE,E MAIN ST & S HIGH ST,-82.998467,39.956175,11,002+003+006+007+008+011+051+052+061+101+102,16,2,462,6,am_peak+early+evening+midday+owl+pm_peak,False,,True,124.24492011061918,329.30011852947473,14,SOUTER9,0.5616193235610955,0,0.0,0.0,0.0,0.0,straight_line,transfer point (11 routes); catchment not reconstructable
WESHIGW,WESTVIEW TURNAROUND,-83.019601,40.069979,4,002+011+033+034,12,2,420,6,am_peak+early+evening+midday+owl+pm_peak,True,002+011+033+034,True,153.5097516913514,120.28095799489635,9,HIGKANN,1.495788999225916,1,27.684270351675174,0.0,0.0,0.0,straight_line,terminal; transfer point (4 routes)
STELSAMS,STELZER RD AT SAMS CLUB,-82.910445,40.059546,10,007+009+023+024+025+031+032+034+035+044,11,2,419,6,am_peak+early+evening+midday+owl+pm_peak,False,,True,171.2813840520312,218.44229586656536,12,STE418N,0.3325006684617515,0,0.0,0.0,0.0,0.0,straight_line,transfer point (10 routes); catchment not reconstructable
STE418N,4180 STELZER RD,-82.910153,40.05963,10,007+009+023+024+025+031+032+034+035+044,12,2,418,6,am_peak+early+evening+midday+owl+pm_peak,False,,True,135.79176818496163,148.56975502858964,12,STELSAMS,0.3325006684617515,0,0.0,0.0,0.0,0.0,straight_line,transfer point (10 routes); catchment not reconstructable
STEMORN1,STELZER RD & MORSE RD,-82.910245,40.058409,10,007+009+023+024+025+031+032+034+035+044,12,2,418,6,am_peak+early+evening+midday+owl+pm_peak,False,,True,355.69257897205944,135.79176818496163,12,STELSAMS,1.5923292684698505,0,0.0,0.0,0.0,0.0,straight_line,transfer point (10 routes); catchment not reconstructable
EMO4THW,E MOUND ST & S 4TH ST,-82.994144,39.955465,5,002+007+051+101+102,14,2,405,6,am_peak+early+evening+midday+owl+pm_peak,True,007+101,True,133.41676119982554,167.59122301648196,12,MAI4THE,1.6677095149978194,1,14.755575568151754,0.0,0.0,0.0,straight_line,terminal; transfer point (5 routes)
LONHIGE,W LONG ST & N HIGH ST,-83.001482,39.964821,13,003+004+006+007+008+009+011+012+071+072+073+074+141,19,2,378,6,am_peak+early+evening+midday+owl+pm_peak,False,,True,134.43908459269775,268.6448578498834,13,HIGLONS,0.4877499197952363,0,0.0,0.0,0.0,0.0,straight_line,transfer point (13 routes); catchment not reconstructable
HIGLONS,N HIGH ST & W LONG ST,-83.001318,39.965149,12,001+002+005+012+041+042+043+044+045+046+101+102,18,2,348,6,am_peak+early+evening+midday+owl+pm_peak,False,,True,343.0784148730788,265.02505756658604,14,LONHIGE,0.4877499197952363,0,0.0,0.0,0.0,0.0,straight_line,transfer point (12 routes); catchment not reconstructable
HIGBROS,N HIGH ST & W BROAD ST,-83.000898,39.962784,12,001+002+005+012+041+042+043+044+045+046+101+102,18,2,348,6,am_peak+early+evening+midday+owl+pm_peak,False,,True,265.02505756658604,241.9097012711176,13,BROHIGE1,1.1024029160382816,0,0.0,0.0,0.0,0.0,straight_line,transfer point (12 routes); catchment not reconstructable
HIGLONN2,N HIGH ST & E LONG ST,-83.000956,39.964416,13,001+002+005+010+041+042+043+044+045+046+101+102+141,22,2,326,6,am_peak+early+evening+midday+owl+pm_peak,False,,True,248.30197374500483,188.4823764216836,13,LONHIGE,0.7946595909163194,0,0.0,0.0,0.0,0.0,straight_line,transfer point (13 routes); catchment not reconstructable
SPR4THW,E SPRING ST & N 4TH ST,-82.997738,39.966769,20,003+006+007+008+009+011+041+042+043+044+045+046+051+052+061+071+072+073+074+075,26,2,314,6,am_peak+early+evening+midday+owl+pm_peak,False,,True,263.1887109147321,295.47742412548655,12,4THSPRN,0.9697091969660739,0,0.0,0.0,0.0,0.0,straight_line,transfer point (20 routes); catchment not reconstructable
HIGBRONN,S HIGH ST & E BROAD ST,-83.000405,39.961674,12,001+002+005+041+042+043+044+045+046+101+102+141,18,2,312,6,am_peak+early+evening+midday+owl+pm_peak,False,,True,175.5304860552736,308.06077485788353,13,BROHIGE1,0.755600440083664,0,0.0,0.0,0.0,0.0,straight_line,transfer point (12 routes); catchment not reconstructable
HIGSTAS,S HIGH ST & W STATE ST,-83.000377,39.960277,11,001+002+005+041+042+043+044+045+046+101+102,17,2,307,6,am_peak+early+evening+midday+owl+pm_peak,False,,True,281.8874662425369,245.88871887580058,13,HIGSTANN,0.7356035278378192,0,0.0,0.0,0.0,0.0,straight_line,transfer point (11 routes); catchment not reconstructable
HIGTOWS,S HIGH ST & W TOWN ST,-82.999949,39.958087,11,001+002+005+041+042+043+044+045+046+101+102,17,2,307,6,am_peak+early+evening+midday+owl+pm_peak,False,,True,245.88871887580058,127.77262625151396,14,HIGRICN,1.1490307880758353,1,251.4303233716012,0.0,1.0,1.0,straight_line,transfer point (11 routes)
MOUHIGW1,E MOUND ST & S HIGH ST,-82.998932,39.954907,6,001+002+008+051+101+102,9,2,301,6,am_peak+early+evening+midday+owl+pm_peak,False,,True,246.194072314837,146.28423555184168,12,HIGMOUN,0.4199504103467751,0,0.0,0.0,0.0,0.0,straight_line,transfer point (6 routes); catchment not reconstructable
HIGNATS,N HIGH ST & W NATIONWIDE BLVD,-83.001929,39.968203,6,001+002+005+075+101+102,10,2,299,6,am_peak+early+evening+midday+owl+pm_peak,False,,True,221.8000568659215,343.0784148730788,12,HIGNATN,0.274904904011692,0,0.0,0.0,0.0,0.0,straight_line,transfer point (6 routes); catchment not reconstructable
HIGNATN,N HIGH ST & E NATIONWIDE BLVD,-83.001678,39.968247,5,001+002+005+101+102,9,2,298,6,am_peak+early+evening+midday+owl+pm_peak,False,,True,429.8031474798347,181.52866437529056,13,HIGNATS,0.274904904011692,0,0.0,0.0,0.0,0.0,straight_line,transfer point (5 routes); catchment not reconstructable
HIGRICN,S HIGH ST & E RICH ST,-82.999592,39.957306,5,001+002+005+101+102,9,2,298,6,am_peak+early+evening+midday+owl+pm_peak,False,,True,240.16855024209988,282.2951690108452,13,SOUTER4,0.5886242700883986,1,251.4303233716012,0.0,1.0,1.0,straight_line,transfer point (5 routes)
EASHAMN,EASTLAND NB LOT & S HAMILTON RD,-82.880701,39.918508,3,005+023+024,8,2,296,6,am_peak+early+evening+midday+owl+pm_peak,True,023,True,278.12115589090934,288.73344112482044,3,HAMREFN,3.4765144486363666,0,0.0,0.0,0.0,0.0,straight_line,terminal; transfer point (3 routes); catchment not reconstructable
HIGCHIS,N HIGH ST & CHITTENDEN AVE,-83.007426,39.995886,5,001+002+008+022+102,8,2,294,6,am_peak+early+evening+midday+owl+pm_peak,False,,True,173.21956569330885,188.7580386634482,11,HIGCHIN,0.632299677843017,3,3.6596169563868353,0.0,0.75,0.8223684210526317,straight_line,transfer point (5 routes)
STEMORS1,STELZER RD & MORSE RD,-82.910674,40.056867,6,007+009+023+031+032+034,6,2,263,6,am_peak+early+evening+midday+owl+pm_peak,False,,True,298.083975338958,322.99883866566626,7,MORSTEW1,1.6666884641498587,0,0.0,0.0,0.0,0.0,straight_line,transfer point (6 routes); catchment not reconstructable
EASEASPE,EASTON WAY & EASTON SQUARE PL,-82.915598,40.047968,6,007+009+023+031+032+034,7,2,263,6,am_peak+early+evening+midday+owl+pm_peak,False,,True,298.4900768869669,239.16461971655528,5,EASEASPW,0.6989338451809379,0,0.0,0.0,0.0,0.0,straight_line,transfer point (6 routes); catchment not reconstructable
EASCHAE,EASTON WAY & CHAGRIN DR,-82.912797,40.047889,6,007+009+023+031+032+034,7,2,263,6,am_peak+early+evening+midday+owl+pm_peak,False,,True,239.16461971655528,586.6410851677321,3,EASEASW,1.801125394721862,0,0.0,0.0,0.0,0.0,straight_line,transfer point (6 routes); catchment not reconstructable
EASEASW,EASTON WAY & EASTON LOOP E,-82.911197,40.048304,6,007+009+023+031+032+034,6,2,263,6,am_peak+early+evening+midday+owl+pm_peak,False,,True,520.0131902680868,418.70593504274115,2,EASCHAE,1.801125394721862,0,0.0,0.0,0.0,0.0,straight_line,transfer point (6 routes); catchment not reconstructable
STEWORN,STELZER RD & WORTH AVE,-82.909875,40.055218,6,007+009+023+031+032+034,7,2,263,6,am_peak+early+evening+midday+owl+pm_peak,False,,True,350.47466587829314,355.69257897205944,6,STEWORS,1.6001765919502513,0,0.0,0.0,0.0,0.0,straight_line,transfer point (6 routes); catchment not reconstructable
STECOLN,STELZER RD & COLLIERY AVE,-82.908778,40.052176,6,007+009+023+031+032+034,7,2,263,6,am_peak+early+evening+midday+owl+pm_peak,False,,True,586.6410851677321,350.47466587829314,3,STEALSS,0.7792210064799678,0,0.0,0.0,0.0,0.0,straight_line,transfer point (6 routes); catchment not reconstructable
EASEASPW,EASTON WAY & EASTON SQUARE PL,-82.916104,40.048288,6,007+009+023+031+032+034,6,2,263,6,am_peak+early+evening+midday+owl+pm_peak,False,,True,418.70593504274115,353.1674086918451,6,EASEASPE,0.6989338451809379,0,0.0,0.0,0.0,0.0,straight_line,transfer point (6 routes); catchment not reconstructable
EASMORE,EASTON WAY & MORSE CROSSING,-82.919053,40.048389,6,007+009+023+031+032+034,7,2,263,6,am_peak+early+evening+midday+owl+pm_peak,False,,True,228.54556448714243,298.4900768869669,9,MOREASS,1.3443985897662754,0,0.0,0.0,0.0,0.0,straight_line,transfer point (6 routes); catchment not reconstructable
STEALSS,STELZER RD & ALSTON ST,-82.909066,40.052692,6,007+009+023+031+032+034,6,2,263,6,am_peak+early+evening+midday+owl+pm_peak,False,,True,160.84025967195603,520.0131902680868,3,STECOLN,0.7792210064799678,0,0.0,0.0,0.0,0.0,straight_line,transfer point (6 routes); catchment not reconstructable
STEWORS,STELZER RD & WORTH AVE,-82.909493,40.054103,6,007+009+023+031+032+034,6,2,263,6,am_peak+early+evening+midday+owl+pm_peak,False,,True,322.99883866566626,160.84025967195603,4,STEWORN,1.6001765919502513,0,0.0,0.0,0.0,0.0,straight_line,transfer point (6 routes); catchment not reconstructable
HIGFITN,N HIGH ST & FITZ HENRY BLVD,-83.019176,40.066354,5,002+011+033+034+102,7,2,248,6,am_peak+early+evening+midday+owl+pm_peak,False,,True,334.67968640640026,249.35573574394232,6,HIGFENS,1.8633265966342418,2,40.39046042425029,0.0,0.5,0.5765853658536585,straight_line,transfer point (5 routes)
HIGMORN,N HIGH ST & MORSE RD,-83.019328,40.063342,5,002+011+033+034+102,7,2,248,6,am_peak+early+evening+midday+owl+pm_peak,False,,True,274.3060241003652,334.67968640640026,7,HIGMORS,0.8132455555263339,1,12.706190072575115,0.0,0.0,0.0,straight_line,transfer point (5 routes)
HIG522N,5220 N HIGH ST,-83.019059,40.068598,5,002+011+033+034+102,7,2,248,6,am_peak+early+evening+midday+owl+pm_peak,False,,True,249.35573574394232,160.15428728464448,6,HIG521S,0.5033564349424504,1,27.684270351675174,0.0,1.0,1.0,straight_line,transfer point (5 routes)
HIGFENS,N HIGH ST & FENWAY RD,-83.019303,40.067693,5,002+011+033+034+102,7,2,246,6,am_peak+early+evening+midday+owl+pm_peak,False,,True,137.42389151968723,336.56589941760006,6,HIG522N,1.2827147830869507,1,27.684270351675174,0.0,1.0,1.0,straight_line,transfer point (5 routes)
HIGGRA2S,N HIGH ST & GRACELAND BLVD 2,-83.019455,40.064664,5,002+011+033+034+102,7,2,246,6,am_peak+early+evening+midday+owl+pm_peak,False,,True,336.56589941760006,207.98791519318095,7,HIGMORN,1.8397951300972608,1,12.706190072575115,0.0,1.0,1.0,straight_line,transfer point (5 routes)
HIG521S,5211 N HIGH ST,-83.019249,40.06893,5,002+011+033+034+102,7,2,246,6,am_peak+early+evening+midday+owl+pm_peak,False,,True,120.28095799489635,137.42389151968723,6,HIG522N,0.5033564349424504,1,27.684270351675174,0.0,1.0,1.0,straight_line,transfer point (5 routes)
MOUHIGW3,W MOUND ST & S HIGH ST,-82.999541,39.954822,6,003+004+006+007+011+061,10,2,233,6,am_peak+early+evening+midday+owl+pm_peak,False,,True,260.3634879003122,137.7278273667782,12,MOUHIGW1,0.6610727997633206,0,0.0,0.0,0.0,0.0,straight_line,transfer point (6 routes); catchment not reconstructable
FROMOUN,S FRONT ST & W MOUND ST,-83.000994,39.955359,6,003+004+006+007+011+061,10,2,233,6,am_peak+early+evening+midday+owl+pm_peak,False,,True,137.7278273667782,105.76416742998525,12,MAILUDW,1.3220520928748156,0,0.0,0.0,0.0,0.0,straight_line,transfer point (6 routes); catchment not reconstructable
HIGSTANN,S HIGH ST & E STATE ST,-83.000011,39.959828,10,001+002+005+041+042+043+044+045+046+102,15,2,233,6,am_peak+early+evening+midday+owl+pm_peak,False,,True,282.2951690108452,207.70624946057768,12,HIGSTAS,0.7356035278378192,0,0.0,0.0,0.0,0.0,straight_line,transfer point (10 routes); catchment not reconstructable
HIGMAIS2,S HIGH ST & W MAIN ST,-82.999488,39.955568,6,001+004+005+008+051+052,9,2,231,6,am_peak+early+evening+midday+owl+pm_peak,False,,True,282.44288521377075,160.15745473882203,13,HIGMOUN,0.6752994639452641,0,0.0,0.0,0.0,0.0,straight_line,transfer point (6 routes); catchment not reconstructable
MEIHAM2S,MEIJER HAMILTON RD & CHESTNUT HILL,-82.862242,40.059547,2,024+034,4,2,230,6,am_peak+early+evening+midday+owl+pm_peak,True,034,True,101.08026607282764,236.68404964507812,3,HAMMEIN,1.2635033259103454,1,52.932699657179256,0.0,1.0,1.0,straight_line,terminal; transfer point (2 routes)
HIGWOON,N HIGH ST & W WOODRUFF AVE,-83.008638,40.003558,4,001+002+031+102,6,2,226,6,am_peak+early+evening+midday+owl+pm_peak,False,,True,441.7713105112007,314.53586722373444,5,HIG18TS,0.9293575002440478,4,469.5434939722568,0.0,0.6,0.014067849361967,straight_line,transfer point (4 routes)
HIG18TS,N HIGH ST & W 18TH AVE,-83.008715,40.002891,4,001+002+031+102,6,2,225,6,am_peak+early+evening+midday+owl+pm_peak,False,,True,308.9309238454354,302.4819071829012,6,HIGWOON,0.9293575002440478,4,7.407064719726955,0.0,0.6,0.014067849361967,straight_line,transfer point (4 routes)
HIGSPRUN,N HIGH ST & SPRUCE ST,-83.002575,39.972739,4,001+002+005+102,7,2,224,6,am_peak+early+evening+midday+owl+pm_peak,False,,True,323.07090329400836,345.68628573655946,7,HIGSWANS,0.5678025058715694,0,0.0,0.0,0.0,0.0,straight_line,transfer point (4 routes); catchment not reconstructable
HIGSWANS,N HIGH ST & SWAN ST,-83.002846,39.973091,4,001+002+005+102,7,2,223,6,am_peak+early+evening+midday+owl+pm_peak,False,,True,235.46148714648928,326.54755710034055,7,HIGSPRUN,0.5678025058715694,1,45.34997332354556,0.0,0.0,0.0,straight_line,transfer point (4 routes)
4THTOWN,S 4TH ST & E TOWN ST,-82.995424,39.958965,12,003+006+008+011+051+052+061+071+072+073+074+075,15,2,217,6,am_peak+early+evening+midday+owl+pm_peak,False,,True,370.0592399572103,335.0045585540857,12,RIC5THW,1.9387376786476556,0,0.0,0.0,0.0,0.0,straight_line,transfer point (12 routes); catchment not reconstructable
NMURBEAN,N MURRAY HILL RD & BEACON HILL RD,-83.129376,39.955218,3,005+006+021,6,2,208,6,am_peak+early+evening+midday+owl+pm_peak,True,005+006+021,True,341.2573327659821,1277.7390070175961,2,BROMURW,4.2657166595747755,4,95.47794254535,52.23005320155291,0.4,0.6386344712739386,straight_line,terminal; only access for 52 daily trips; transfer point (3 routes)
3RDBROS1,S 3RD ST & E BROAD ST,-82.997987,39.962074,12,003+006+008+051+052+061+071+072+073+074+075+141,14,2,204,6,am_peak+early+evening+midday+owl+pm_peak,False,,True,245.9780345774098,226.09662363448282,12,BRO3RDE,0.7487426825597889,0,0.0,0.0,0.0,0.0,straight_line,transfer point (12 routes); catchment not reconstructable
3RDGAYS,N 3RD ST & E GAY ST,-82.998422,39.964264,12,003+006+008+051+052+061+071+072+073+074+075+141,14,2,204,6,am_peak+early+evening+midday+owl+pm_peak,False,,True,268.6448578498834,245.9780345774098,12,LON4THE,2.1051189231129794,0,0.0,0.0,0.0,0.0,straight_line,transfer point (12 routes); catchment not reconstructable
3RDTOWS,S 3RD ST & E TOWN ST,-82.997331,39.958666,11,003+006+008+051+052+061+071+072+073+074+075,13,2,199,6,am_peak+early+evening+midday+owl+pm_peak,False,,True,382.51623651951496,229.32253858543072,13,4THTOWN,2.0785573271394004,0,0.0,0.0,0.0,0.0,straight_line,transfer point (11 routes); catchment not reconstructable
4THATHN,N 4TH ST & E GAY ST,-82.996336,39.963808,11,003+006+008+051+052+061+071+072+073+074+075,14,2,198,6,am_peak+early+evening+midday+owl+pm_peak,False,,True,208.32618662764156,349.8977143086563,12,BRO4THW,1.3731267584681333,0,0.0,0.0,0.0,0.0,straight_line,transfer point (11 routes); catchment not reconstructable
4THCAPN,S 4TH ST & E CAPITAL ST,-82.995987,39.961951,11,003+006+008+051+052+061+071+072+073+074+075,14,2,198,6,am_peak+early+evening+midday+owl+pm_peak,False,,True,335.0045585540857,208.32618662764156,12,BRO4THE,0.9858851082492779,0,0.0,0.0,0.0,0.0,straight_line,transfer point (11 routes); catchment not reconstructable
HIG15TS,N HIGH ST & E 15TH AVE,-83.008171,40.000199,3,001+002+031,5,1,189,6,am_peak+early+evening+midday+owl+pm_peak,False,,True,302.4819071829012,235.93424940356624,7,HIG15TN,0.8651050610064566,2,3.9231093772466874,0.0,0.6666666666666666,0.7836257309941522,straight_line,transfer point (3 routes)
HIG13TS,N HIGH ST & E 13TH AVE,-83.007766,39.998097,3,001+002+031,5,1,189,6,am_peak+early+evening+midday+owl+pm_peak,False,,True,235.93424940356624,145.09824516859982,8,HIG13TN,0.5930678473203327,4,5.679725516312368,0.0,0.6,0.37662337662337664,straight_line,transfer point (3 routes)
HIGLANS,N HIGH ST & W LANE AVE,-83.009257,40.005642,3,001+002+031,5,1,189,6,am_peak+early+evening+midday+owl+pm_peak,False,,True,237.36117080957334,308.9309238454354,6,HIGLANN,0.9938271638213557,6,473.1445570573414,0.0,0.8571428571428571,0.9964239472223936,straight_line,transfer point (3 routes)
HIG15TN,N HIGH ST & E 15TH AVE,-83.007855,39.999625,3,001+002+031,5,1,188,6,am_peak+early+evening+midday+owl+pm_peak,False,,True,213.54001598325718,441.7713105112007,7,HIG15TS,0.8651050610064566,3,5.006355996337191,0.0,0.6666666666666666,0.7836257309941522,straight_line,transfer point (3 routes)
HIGOHIS,N HIGH ST & OHIO CENTER WAY,-83.002319,39.970178,4,001+002+005+075,7,2,188,6,am_peak+early+evening+midday+owl+pm_peak,False,,True,283.9839450287584,221.8000568659215,10,HIGOHIN,0.5494757012109421,0,0.0,0.0,0.0,0.0,straight_line,transfer point (4 routes); catchment not reconstructable
HIG13TN,N HIGH ST & E 13TH AVE,-83.007502,39.997721,3,001+002+031,5,1,188,6,am_peak+early+evening+midday+owl+pm_peak,False,,True,158.79938682563994,213.54001598325718,9,HIG13TS,0.5930678473203327,4,3.6303400207357406,0.0,0.6,0.37662337662337664,straight_line,transfer point (3 routes)
HIG4THS,N HIGH ST & W 4TH AVE,-83.005178,39.984884,3,001+002+005,6,2,187,6,am_peak+early+evening+midday+owl+pm_peak,False,,True,206.97645163414873,324.0458707137797,10,HIG2NDN,2.1599191304011183,1,15.224006538569263,0.0,0.5,0.3303684879288439,straight_line,transfer point (3 routes)
NHIW2S,N HIGH ST & W 2ND AVE,-83.004613,39.981998,3,001+002+005,6,2,187,6,am_peak+early+evening+midday+owl+pm_peak,False,,True,324.0458707137797,402.91948016078567,5,NHI1STN,1.8688125791398336,3,91.43187003836866,0.0,0.75,0.7598540145985399,straight_line,transfer point (3 routes)
HIGHUBS,N HIGH ST & W HUBBARD AVE,-83.003898,39.978411,3,001+002+005,6,2,187,6,am_peak+early+evening+midday+owl+pm_peak,False,,True,402.91948016078567,362.01365404689494,5,NHIGWARN,0.8651043165896111,3,91.43187003836866,0.0,1.0,1.0,straight_line,transfer point (3 routes)
HIGRUSS,N HIGH ST & W RUSSELL ST,-83.003257,39.975188,3,001+002+005,6,2,187,6,am_peak+early+evening+midday+owl+pm_peak,False,,True,362.01365404689494,235.46148714648928,5,HIGRUSN,0.8764443674320608,1,45.34997332354556,0.0,1.0,1.0,straight_line,transfer point (3 routes)
HIG5THN,N HIGH ST & E 5TH AVE,-83.005538,39.98771,3,001+002+102,5,2,187,6,am_peak+early+evening+midday+owl+pm_peak,False,,True,486.7775917989423,163.38161121053093,12,5THHIGHW,0.8502055648095782,3,22.13336335222761,0.0,0.6666666666666666,0.9060846560846564,straight_line,transfer point (3 routes)
HIGCHIN,N HIGH ST & CHITTENDEN AVE,-83.007206,39.996309,3,001+002+102,5,2,187,6,am_peak+early+evening+midday+owl+pm_peak,False,,True,344.0650232068346,158.79938682563994,11,HIGCHIS,0.632299677843017,4,4.450094218966392,0.0,0.75,0.8223684210526317,straight_line,transfer point (3 routes)
HIGOHIN,N HIGH ST & OHIO CENTER WAY,-83.002009,39.969862,3,001+002+005,6,2,186,6,am_peak+early+evening+midday+owl+pm_peak,False,,True,181.52866437529056,323.07090329400836,11,HIGOHIS,0.5494757012109421,0,0.0,0.0,0.0,0.0,straight_line,transfer point (3 routes); catchment not reconstructable
HIGRUSN,N HIGH ST & E RUSSELL ST,-83.003184,39.975817,3,001+002+005,6,2,186,6,am_peak+early+evening+midday+owl+pm_peak,False,,True,345.68628573655946,227.5837156540942,5,HIGRUSS,0.8764443674320608,1,45.34997332354556,0.0,1.0,1.0,straight_line,transfer point (3 routes)
HIG5THS,N HIGH ST & W 5TH AVE,-83.005542,39.986727,3,001+002+102,5,2,186,6,am_peak+early+evening+midday+owl+pm_peak,False,,True,250.15888255621456,206.97645163414873,10,5THHIGHE,0.5107065748221518,2,20.054700920999892,0.0,1.0,1.0,straight_line,transfer point (3 routes)
HIG2NDN,N HIGH ST & E 2ND AVE,-83.004678,39.983376,3,001+002+005,6,2,186,6,am_peak+early+evening+midday+owl+pm_peak,False,,True,300.4552645904362,437.3737526597108,6,NHIW2S,1.9137492918031662,2,46.081896714823095,0.0,0.6666666666666666,0.5040025616394501,straight_line,transfer point (3 routes)
NHI1STN,N HIGH ST & E 1ST AVE,-83.004138,39.980702,3,001+002+005,6,2,186,6,am_peak+early+evening+midday+owl+pm_peak,False,,True,320.90440619406326,300.4552645904362,7,NHIW2S,1.8688125791398336,4,120.32820552599914,0.0,0.75,0.7598540145985399,straight_line,transfer point (3 routes)
NHIGWARN,N HIGH ST & WARREN ST,-83.003553,39.977847,3,001+002+005,6,2,186,6,am_peak+early+evening+midday+owl+pm_peak,False,,True,227.5837156540942,320.90440619406326,5,HIGHUBS,0.8651043165896111,3,91.43187003836866,0.0,1.0,1.0,straight_line,transfer point (3 routes)
FROGAYN,N FRONT ST & W GAY ST,-83.002651,39.963815,5,004+007+009+011+012,9,2,185,6,am_peak+early+evening+midday+owl+pm_peak,False,,True,553.8594765705346,149.83528316756443,13,FROLONS,1.6368676798998287,0,0.0,0.0,0.0,0.0,straight_line,transfer point (5 routes); catchment not reconstructable
EMOS3RDW,E MOUND ST & S 3RD ST,-82.996085,39.955248,4,001+004+008+102,6,2,184,6,am_peak+early+evening+midday+owl+pm_peak,False,,True,167.59122301648196,246.194072314837,12,3RDMAIS,1.1070381873179471,0,0.0,0.0,0.0,0.0,straight_line,transfer point (4 routes); catchment not reconstructable
WESRIDW,WESTWOODS PARK AND RIDE,-83.147391,39.950698,2,009+010,10,2,181,6,am_peak+early+evening+midday+owl+pm_peak,True,009+010,True,585.0461165944008,202.8600921605945,5,WESWPRS,0.7724220741206811,0,0.0,0.0,0.0,0.0,straight_line,terminal; transfer point (2 routes); catchment not reconstructable
BOASHAN,BOARDWALK ST & SHAPTER AVE,-82.991793,40.088748,2,008+035,6,2,180,6,am_peak+early+evening+midday+owl+pm_peak,True,008+035,True,878.4951863293796,968.6249089667048,1,BOASHAS,0.97695671106793,2,899.1532477164171,875.9659146807502,0.5,0.050279329608938696,straight_line,terminal; only access for 876 daily trips; transfer point (2 routes)
MAI4THE,E MAIN ST & S 4TH ST,-82.994653,39.956601,3,002+007+102,5,2,180,6,am_peak+early+evening+midday+owl+pm_peak,False,,True,329.30011852947473,133.41676119982554,12,EMO4THW,1.6677095149978194,1,35.57147681608005,0.0,0.0,0.0,straight_line,transfer point (3 routes)
BROWESTE,W BROAD ST & WESTLAND MALL,-83.11477,39.952754,4,005+006+010+021,7,2,176,6,am_peak+early+evening+midday+owl+pm_peak,False,,True,789.0948372936626,370.6239207626761,3,BRO425W,0.49407587974564293,0,0.0,0.0,0.0,0.0,straight_line,transfer point (4 routes); catchment not reconstructable
BRO4158W,4158 W BROAD ST,-83.112013,39.953219,4,005+006+010+021,7,2,175,6,am_peak+early+evening+midday+owl+pm_peak,False,,True,205.49152260316944,258.0574497583784,5,GEOBROS,2.459576078543528,0,0.0,0.0,0.0,0.0,straight_line,transfer point (4 routes); catchment not reconstructable
BROMURW,W BROAD ST & N MURRAY HILL RD,-83.127619,39.952458,4,005+006+010+021,7,2,175,6,am_peak+early+evening+midday+owl+pm_peak,False,,True,289.5628404602674,341.2573327659821,4,BRO476E,0.3992480186194682,3,55.602756188559056,0.0,0.6666666666666666,0.3609406952965232,straight_line,transfer point (4 routes)
BRO425W,4250 W BROAD ST,-83.115025,39.953051,4,005+006+010+021,7,2,175,6,am_peak+early+evening+midday+owl+pm_peak,False,,True,258.0574497583784,788.6453030320463,2,BROWESTE,0.49407587974564293,0,0.0,0.0,0.0,0.0,straight_line,transfer point (4 routes); catchment not reconstructable
BROOLDW,W BROAD ST & OLD VILLAGE RD,-83.124237,39.95262,4,005+006+010+021,7,2,175,6,am_peak+early+evening+midday+owl+pm_peak,False,,True,788.6453030320463,289.5628404602674,3,BROOLDE,0.4634624682658317,2,19.00658662469067,0.0,1.0,1.0,straight_line,transfer point (4 routes)
REYRIDSW,REYNOLDSBURG PARK & RIDE,-82.82751,39.939288,2,001+051,6,2,159,6,am_peak+early+evening+midday+owl+pm_peak,True,001+051,True,193.34363697473222,147.8540649259547,6,EASOFFW,1.8481758115744338,1,11.28918638706211,0.0,1.0,1.0,straight_line,terminal; transfer point (2 routes)
PICBETS,PICKFORDE DR & BETHEL RD,-83.086591,40.065877,4,001+021+033+072,7,2,155,6,am_peak+early+evening+midday+owl+pm_peak,True,001+021,True,468.96486790970044,260.4961706553416,4,PICGARN,0.8065649379755744,3,17.976038489772147,0.0,0.6666666666666666,0.7508143322475572,straight_line,terminal; transfer point (4 routes)
EFULSHIE,E FULTON ST & S HIGH ST,-82.998104,39.953495,4,001+004+008+051,5,2,155,6,am_peak+early+evening+midday+owl+pm_peak,False,,True,258.76695608374206,360.1595693649549,12,HIGMOUS,1.4618795034841265,1,42.597941372342795,0.0,1.0,1.0,straight_line,transfer point (4 routes)
MOU5THW1,E MOUND ST & S 5TH ST,-82.992488,39.955665,3,002+051+102,5,2,154,6,am_peak+early+evening+midday+owl+pm_peak,True,102,True,241.54837170068822,143.22957127482394,12,MAI5THE,1.6751859480117965,2,50.327052384231806,0.0,0.5,0.7068062827225127,straight_line,terminal; transfer point (3 routes)
EASTER2,EASTON TERMINAL BAY 2,-82.909141,40.060719,1,034,2,2,154,6,am_peak+early+evening+midday+owl+pm_peak,False,,False,148.56975502858964,171.2813840520312,12,EASTER1,0.0,0,0.0,0.0,0.0,0.0,straight_line,catchment not reconstructable
HAMCHEN,N HAMILTON RD & CHESTNUT HILL DR,-82.863442,40.056198,2,024+034,3,2,153,6,am_peak+early+evening+midday+owl+pm_peak,False,,True,339.5797652932926,415.38480596251554,4,HAMBROS1,2.1051665829157313,0,0.0,0.0,0.0,0.0,straight_line,transfer point (2 routes); catchment not reconstructable
RAIBALS,RAIL ST AND BALDWIN DR,-83.023818,39.9755,2,022+031,4,2,153,6,am_peak+early+evening+midday+owl+pm_peak,True,022+031,True,757.9446289017575,142.69819672877333,4,GOOYARW,1.7837274591096666,0,0.0,0.0,0.0,0.0,straight_line,terminal; transfer point (2 routes); catchment not reconstructable
HAMMEIN,HAMILTON RD & MEIJERS ENTRANCE,-82.863312,40.059938,2,024+034,3,2,153,6,am_peak+early+evening+midday+owl+pm_peak,False,,True,415.38480596251554,101.08026607282764,2,MEIHAM2S,1.2635033259103454,1,52.932699657179256,0.0,1.0,1.0,straight_line,transfer point (2 routes)
HAMBROS1,N HAMILTON RD & BROADVIEW RD,-82.863643,40.057707,2,024+034,3,2,153,6,am_peak+early+evening+midday+owl+pm_peak,False,,True,236.68404964507812,333.3460100342189,4,HAMCHEN,2.1051665829157313,0,0.0,0.0,0.0,0.0,straight_line,transfer point (2 routes); catchment not reconstructable
HIGROYN1,N HIGH ST & E ROYAL FOREST BLVD,-83.019471,40.060868,3,002+033+102,5,2,152,6,am_peak+early+evening+midday+owl+pm_peak,False,,True,372.8645998062959,274.9638422783355,7,HIGJEFS,1.0489938310634708,2,12.852574750830566,0.0,1.0,1.0,straight_line,transfer point (3 routes)
HIGHUDN,N HIGH ST & E HUDSON ST,-83.01119,40.014252,3,002+031+102,4,2,152,6,am_peak+early+evening+midday+owl+pm_peak,False,,True,295.35014128360217,259.49879442925766,7,HIGHUDS,0.278651783182745,3,9.485727150954677,0.0,1.0,1.0,straight_line,transfer point (3 routes)
HIGSCHN,N HIGH ST & E SCHREYER PL,-83.019955,40.052422,3,002+033+102,5,2,152,6,am_peak+early+evening+midday+owl+pm_peak,False,,True,247.15402035278697,317.2787875586482,5,HIGHENS,1.1167240551134026,1,4.977079060686096,0.0,1.0,1.0,straight_line,transfer point (3 routes)
FROLONS,N FRONT ST & W LONG ST,-83.00309,39.964945,5,004+007+009+010+011,7,2,152,6,am_peak+early+evening+midday+owl+pm_peak,False,,True,191.54439898744232,326.18004736643996,12,FROLAFS,0.8012900816495805,1,457.4228426127038,0.0,1.0,1.0,straight_line,transfer point (5 routes)
LIV4THE,E LIVINGSTON AVE & MACON ALY,-82.992956,39.952569,3,001+004+008,4,2,150,6,am_peak+early+evening+midday+owl+pm_peak,False,,True,451.745193834392,367.8264437921325,8,LIVMOHW,0.2505346914674581,1,14.755575568151754,0.0,1.0,1.0,straight_line,transfer point (3 routes)
LIVGRANE,E LIVINGSTON AVE & S GRANT AVE,-82.988659,39.952372,3,001+004+008,4,2,150,6,am_peak+early+evening+midday+owl+pm_peak,False,,True,367.8264437921325,511.0596759876178,4,LIVGRANW,1.0353423926092848,2,24.563349011268485,0.0,0.5,0.6007151370679382,straight_line,transfer point (3 routes)
NEILW10S,NEIL AVE & W 10TH AVE,-83.014624,39.994626,3,008+022+031,4,2,150,6,am_peak+early+evening+midday+owl+pm_peak,False,,True,244.71609209189504,225.3454631535506,7,NEI10TN,0.5702068734125698,2,1.4052929112525447,0.0,1.0,1.0,straight_line,transfer point (3 routes)
12THIGW,W 12TH AVE & N HIGH ST,-83.008556,39.99694,3,008+022+031,4,2,150,6,am_peak+early+evening+midday+owl+pm_peak,False,,True,145.09824516859982,333.7685691686744,12,W12COLLE,0.5242868155882057,3,2.5470934016452373,0.0,0.5,0.6666666666666666,straight_line,transfer point (3 routes)
LIVPARE,E LIVINGSTON AVE & PARSONS AVE,-82.982688,39.952108,3,001+004+008,4,2,150,6,am_peak+early+evening+midday+owl+pm_peak,False,,True,511.0596759876178,201.0043878474475,5,LIVPARW,0.6596176720515465,1,9.807773443116732,0.0,1.0,1.0,straight_line,transfer point (3 routes)
HIGJEFS,N HIGH ST & E JEFFREY PL,-83.019629,40.061614,3,002+033+102,5,2,150,6,am_peak+early+evening+midday+owl+pm_peak,False,,True,131.0444123921225,320.7004622567199,7,HIGROYN1,1.0489938310634708,2,12.852574750830566,0.0,1.0,1.0,straight_line,transfer point (3 routes)
HIGHENS,N HIGH ST & W HENDERSON RD,-83.020212,40.051642,3,002+033+102,5,2,150,6,am_peak+early+evening+midday+owl+pm_peak,False,,True,497.52808273946084,240.9977265722494,5,HIGSCHN,1.1167240551134026,1,4.977079060686096,0.0,1.0,1.0,straight_line,transfer point (3 routes)
W11WORTW,W 11TH AVE & WORTHINGTON ST,-83.012029,39.995561,3,008+022+031,4,2,150,6,am_peak+early+evening+midday+owl+pm_peak,False,,True,333.7685691686744,244.71609209189504,7,W11WORTE,0.30938193978550993,4,3.513232278131362,0.0,0.8,0.7692307692307693,straight_line,transfer point (3 routes)
HIGMORS,N HIGH ST & MORSE RD,-83.019598,40.062794,3,002+033+102,5,2,150,6,am_peak+early+evening+midday+owl+pm_peak,False,,True,207.98791519318095,131.0444123921225,7,HIGMORN,0.8132455555263339,1,6.909356813658345,0.0,0.0,0.0,straight_line,transfer point (3 routes)
HIG10TS,N HIGH ST & W 10TH AVE,-83.006903,39.993701,2,001+002,4,1,150,6,am_peak+early+evening+midday+owl+pm_peak,False,,True,246.67802592736882,311.2582801890763,11,HIG9THN,0.7119494348327443,4,35.161599716964744,0.0,0.8,0.9441823899371072,straight_line,transfer point (2 routes)
NHIGMCMS,N HIGH ST & MCMILLEN AVE,-83.006368,39.990928,2,001+002,4,1,150,6,am_peak+early+evening+midday+owl+pm_peak,False,,True,311.2582801890763,221.60960914828175,7,HIGEUCN,0.42940953754549244,3,4.362263412013108,0.0,0.75,0.12344656172328076,straight_line,transfer point (2 routes)
HIGCLAS,N HIGH ST & CLARK PL,-83.005951,39.988958,2,001+002,4,1,150,6,am_peak+early+evening+midday+owl+pm_peak,False,,True,221.60960914828175,250.15888255621456,10,HIG6THN,0.3231322009023329,2,15.194729602918173,0.0,0.6666666666666666,0.9251336898395724,straight_line,transfer point (2 routes)
HIGHUDS,N HIGH ST & W HUDSON ST,-83.011303,40.014071,3,002+031+102,4,2,150,6,am_peak+early+evening+midday+owl+pm_peak,False,,True,248.3643430358158,305.27923440332364,6,HIGHUDN,0.278651783182745,3,9.485727150954677,0.0,1.0,1.0,straight_line,transfer point (3 routes)
MORTAMW,MORSE RD & TAMARACK BLVD,-82.971491,40.060476,2,008+034,3,2,150,6,am_peak+early+evening+midday+owl+pm_peak,False,,True,210.37770017466966,274.89237806248565,7,MORTAME,1.2624144431216693,2,16.687853321124017,0.0,1.0,1.0,straight_line,transfer point (2 routes)
HIGEUCN,N HIGH ST & EUCLID AVE,-83.006221,39.991216,2,001+002,4,1,149,6,am_peak+early+evening+midday+owl+pm_peak,False,,True,230.23762495109602,227.6430605871185,9,NHIGMCMS,0.42940953754549244,4,35.3372613308713,0.0,0.75,0.12344656172328076,straight_line,transfer point (2 routes)
HIG9THN,N HIGH ST & E 9TH AVE,-83.006595,39.993246,2,001+002,4,1,149,6,am_peak+early+evening+midday+owl+pm_peak,False,,True,227.6430605871185,344.0650232068346,9,HIG10TS,0.7119494348327443,5,37.24026214819246,0.0,0.8,0.9441823899371072,straight_line,transfer point (2 routes)
HIG6THN,N HIGH ST & E 6TH AVE,-83.005815,39.989166,2,001+002,4,1,149,6,am_peak+early+evening+midday+owl+pm_peak,False,,True,163.38161121053093,230.23762495109602,10,HIGCLAS,0.3231322009023329,3,16.42436090026415,0.0,0.6666666666666666,0.9251336898395724,straight_line,transfer point (2 routes)
LIVCUNE,E LIVINGSTON AVE & CUNARD RD,-82.90189,39.946052,2,001+023,3,1,148,6,am_peak+early+evening+midday+owl+pm_peak,False,,True,357.0160380210947,425.60089205526856,4,LIVRANW,0.2509115762011113,2,9.339342472699204,0.0,1.0,1.0,straight_line,transfer point (2 routes)
MORKARE1,MORSE RD & KARL RD,-82.9764,40.060366,2,008+034,3,2,148,6,am_peak+early+evening+midday+owl+pm_peak,False,,True,294.3683528876071,240.86552744761934,8,KARMORS,1.2802666512161882,0,0.0,0.0,0.0,0.0,straight_line,transfer point (2 routes); catchment not reconstructable
CLE11TS,CLEVELAND AVE & E 11TH AVE,-82.981588,39.993932,2,008+101,4,2,148,6,am_peak+early+evening+midday+owl+pm_peak,False,,True,180.43834715190823,150.50051476813198,6,CLE11TN,0.7929768445424972,3,12.77310878263474,0.0,1.0,1.0,straight_line,transfer point (2 routes)
CLE17TS,CLEVELAND AVE & E 17TH AVE,-82.976175,39.999785,2,008+101,4,2,148,6,am_peak+early+evening+midday+owl+pm_peak,False,,True,291.62581683606953,116.17370967157301,8,17TCLEW,0.879237512906332,2,4.537925025919676,0.0,0.6666666666666666,0.748792270531401,straight_line,transfer point (2 routes)
LIVJAME,E LIVINGSTON AVE & S JAMES RD,-82.914753,39.946728,2,001+023,3,1,148,6,am_peak+early+evening+midday+owl+pm_peak,False,,True,203.93428021199182,394.9494543794107,5,LIVJAMW,0.34893314529278274,2,12.589082329970713,0.0,1.0,1.0,straight_line,transfer point (2 routes)
LIVZETE,E LIVINGSTON AVE & ZETTLER RD,-82.91014,39.946509,2,001+023,3,1,148,6,am_peak+early+evening+midday+owl+pm_peak,False,,True,394.9494543794107,349.8222254424531,5,LIVHAMW1,1.8891322417817284,3,19.38133140102468,0.0,1.0,1.0,straight_line,transfer point (2 routes)
LIVBARE,E LIVINGSTON AVE & BARNETT RD,-82.906055,39.946304,2,001+023,3,1,148,6,am_peak+early+evening+midday+owl+pm_peak,False,,True,349.8222254424531,357.0160380210947,4,LIVBARW,0.2198598474155454,2,12.237759102157577,0.0,1.0,1.0,straight_line,transfer point (2 routes)
NEI10TN,NEIL AVE & W 10TH AVE,-83.014328,39.994284,3,008+022+031,4,2,147,6,am_peak+early+evening+midday+owl+pm_peak,False,,True,221.6379709139884,218.1790493888832,7,NEILW10S,0.5702068734125698,2,1.4052929112525447,0.0,1.0,1.0,straight_line,transfer point (3 routes)
LIVHAMW1,E LIVINGSTON AVE & S HAMPTON RD,-82.911877,39.946765,2,001+023,3,1,147,6,am_peak+early+evening+midday+owl+pm_peak,False,,True,499.9288348904365,226.47432061079277,5,LIVZETE,1.8891322417817284,3,19.38133140102468,0.0,1.0,1.0,straight_line,transfer point (2 routes)
LIVBARW,E LIVINGSTON AVE & BARNETT RD,-82.90604,39.946462,2,001+023,3,1,147,6,am_peak+early+evening+midday+owl+pm_peak,False,,True,350.5658361444178,499.9288348904365,4,LIVBARE,0.2198598474155454,2,12.237759102157577,0.0,1.0,1.0,straight_line,transfer point (2 routes)
LIVRANW,E LIVINGSTON AVE & RAND AVE,-82.901949,39.946227,2,001+023,3,1,147,6,am_peak+early+evening+midday+owl+pm_peak,False,,True,361.63729472524403,350.5658361444178,4,LIVCUNE,0.2509115762011113,2,9.339342472699204,0.0,1.0,1.0,straight_line,transfer point (2 routes)
LIVCOURW,E LIVINGSTON AVE & COURTRIGHT RD,-82.897727,39.946004,2,001+023,3,1,147,6,am_peak+early+evening+midday+owl+pm_peak,False,,True,230.8678291578498,361.63729472524403,7,LIVCOUE,1.441853575173031,4,18.29808478193418,0.0,0.75,0.74373795761079,straight_line,transfer point (2 routes)
LIVJAMW,E LIVINGSTON AVE & S JAMES RD,-82.914521,39.946905,2,001+023,3,1,147,6,am_peak+early+evening+midday+owl+pm_peak,False,,True,226.47432061079277,200.845422385792,5,LIVJAME,0.34893314529278274,2,12.589082329970713,0.0,1.0,1.0,straight_line,transfer point (2 routes)
W11WORTE,W 11TH AVE & WORTHINGTON ST,-83.012218,39.995392,3,008+022+031,4,2,147,6,am_peak+early+evening+midday+owl+pm_peak,False,,True,218.1790493888832,316.22533146437775,7,W11WORTW,0.30938193978550993,5,4.56720196157077,0.0,0.8,0.7692307692307693,straight_line,transfer point (3 routes)
W12COLLE,W 12TH AVE & COLLEGE RD S,-83.00903,39.996841,3,008+022+031,4,2,147,6,am_peak+early+evening+midday+owl+pm_peak,False,,True,316.22533146437775,163.00967426745584,12,12THIGW,0.5242868155882057,3,1.844446946018965,0.0,0.5,0.6666666666666666,straight_line,transfer point (3 routes)
LIVGRANW,E LIVINGSTON AVE & S GRANT AVE,-82.989591,39.952577,3,001+004+008,5,2,146,6,am_peak+early+evening+midday+owl+pm_peak,False,,True,543.2783793352281,301.5224987346215,4,LIVGRANE,1.0353423926092848,1,14.755575568151754,0.0,0.5,0.6007151370679382,straight_line,transfer point (3 routes)
LIVMOHW,E LIVINGSTON AVE & MOHAWK ST,-82.993116,39.952701,3,001+004+008,5,2,146,6,am_peak+early+evening+midday+owl+pm_peak,False,,True,301.5224987346215,379.9094383637895,8,LIV4THE,0.2505346914674581,1,14.755575568151754,0.0,1.0,1.0,straight_line,transfer point (3 routes)
EASTER1,EASTON TERMINAL BAY 1,-82.909141,40.060719,1,023,2,2,146,6,am_peak+early+evening+midday+owl+pm_peak,True,023,False,148.56975502858964,171.2813840520312,12,EASTER2,0.0,0,0.0,0.0,0.0,0.0,straight_line,terminal; catchment not reconstructable
LIVPARW,E LIVINGSTON AVE & PARSONS AVE,-82.983242,39.952318,3,001+004+008,5,2,146,6,am_peak+early+evening+midday+owl+pm_peak,False,,True,238.08694014928062,543.2783793352281,5,LIVPARE,0.6596176720515465,1,9.807773443116732,0.0,1.0,1.0,straight_line,transfer point (3 routes)
FROBROS,S FRONT ST & W BROAD ST,-83.002434,39.961518,4,004+007+009+011,5,2,145,6,am_peak+early+evening+midday+owl+pm_peak,False,,True,384.6036873908584,318.1009566693305,12,BROFROE,0.5483362445297759,0,0.0,0.0,0.0,0.0,straight_line,transfer point (4 routes); catchment not reconstructable
SPRHIGW,E SPRING ST & N HIGH ST,-83.001161,39.966388,4,004+007+009+011,5,2,145,6,am_peak+early+evening+midday+owl+pm_peak,False,,True,295.47742412548655,229.8440456953016,12,NORTER1,1.4815987096610204,0,0.0,0.0,0.0,0.0,straight_line,transfer point (4 routes); catchment not reconstructable
FROTOWS,S FRONT ST & W TOWN ST,-83.001862,39.958687,4,004+007+009+011,5,2,145,6,am_peak+early+evening+midday+owl+pm_peak,False,,True,318.1009566693305,309.47876206832007,12,FROTOWN,0.31601347476755137,0,0.0,0.0,0.0,0.0,straight_line,transfer point (4 routes); catchment not reconstructable
GRERIDE,GREAT SOUTHERN PARK AND RIDE,-83.000895,39.885034,1,008,4,2,144,6,am_peak+early+evening+midday+owl+pm_peak,True,008,False,305.3620985095854,295.52547807329125,5,HIGBOBN,2.6822001808215923,0,0.0,0.0,0.0,0.0,straight_line,terminal; catchment not reconstructable
FROTOWN,S FRONT ST & W TOWN ST,-83.001705,39.95888,4,004+007+009+011,8,2,144,6,am_peak+early+evening+midday+owl+pm_peak,False,,True,350.3182285999154,553.8594765705346,12,FROTOWS,0.31601347476755137,0,0.0,0.0,0.0,0.0,straight_line,transfer point (4 routes); catchment not reconstructable
JAMALLS,N JAMES RD & ALLEGHENY AVE,-82.913206,39.979685,2,007+023,4,2,141,6,am_peak+early+evening+midday+owl+pm_peak,False,,True,687.7922550600896,209.5042778889779,6,STEJAMN,0.7655946921737737,0,0.0,0.0,0.0,0.0,straight_line,transfer point (2 routes); catchment not reconstructable
STEJAMN,STELZER RD & N JAMES RD,-82.913087,39.980229,2,007+023,4,2,141,6,am_peak+early+evening+midday+owl+pm_peak,False,,True,242.35715411256464,665.925812924447,6,JAMALLS,0.7655946921737737,0,0.0,0.0,0.0,0.0,straight_line,transfer point (2 routes); catchment not reconstructable
STE6THS,STELZER RD & E 6TH AVE,-82.914304,39.985822,2,007+023,4,2,141,6,am_peak+early+evening+midday+owl+pm_peak,False,,True,173.08160915324055,687.7922550600896,6,7THSTEE,0.8632382722787068,1,14.521360082942994,0.0,1.0,1.0,straight_line,transfer point (2 routes)
JAMRUHS,N JAMES RD & RUHL AVE,-82.913127,39.977799,2,007+023,4,2,141,6,am_peak+early+evening+midday+owl+pm_peak,False,,True,209.5042778889779,63.228789912894634,7,RUHKELW,0.7903598739111829,0,0.0,0.0,0.0,0.0,straight_line,transfer point (2 routes); catchment not reconstructable
MORAPPE1,MORSE RD & APPIAN WAY,-82.898574,40.056867,3,024+025+034,3,2,137,6,am_peak+early+evening+midday+owl+pm_peak,False,,True,1055.5478742122407,746.7533890612802,1,MORAPPW,0.516727999898469,0,0.0,0.0,0.0,0.0,straight_line,transfer point (3 routes); catchment not reconstructable
MORAPPW,MORSE RD & APPIAN WAY,-82.898194,40.057098,3,024+025+034,3,2,136,6,am_peak+early+evening+midday+owl+pm_peak,False,,True,637.8217447856638,1038.3888620096157,1,MORAPPE1,0.516727999898469,0,0.0,0.0,0.0,0.0,straight_line,transfer point (3 routes); catchment not reconstructable
MORSTYW,MORSE RD & N STYGLER RD,-82.890737,40.056689,3,024+025+034,3,2,136,6,am_peak+early+evening+midday+owl+pm_peak,False,,True,342.25777212424987,637.8217447856638,2,MORSTYE1,1.0185910321927005,0,0.0,0.0,0.0,0.0,straight_line,transfer point (3 routes); catchment not reconstructable
NORTER2,SPRING ST TERMINAL BAY 2,-83.00242,39.96588,1,006,2,2,134,6,am_peak+early+evening+midday+owl+pm_peak,True,006,False,411.9926697100627,142.2919756761686,12,NORTER3,0.11176664043573492,1,457.4228426127038,0.0,1.0,1.0,straight_line,terminal
MOR340W,3400 MORSE CROSSING,-82.916873,40.043197,3,007+023+032,4,2,128,6,am_peak+early+evening+midday+owl+pm_peak,False,,True,581.6595698377636,438.0550550530282,1,MORHARS,0.22833726904278082,1,470.39838049327,0.0,1.0,1.0,straight_line,transfer point (3 routes)
MORSTEE,MORSE CROSSING & STELZER RD,-82.910297,40.04227,3,007+023+032,3,2,128,6,am_peak+early+evening+midday+owl+pm_peak,False,,True,574.9060650854325,203.38008181473006,3,MORSTEW,0.35310175820488054,0,0.0,0.0,0.0,0.0,straight_line,transfer point (3 routes); catchment not reconstructable
MORSTEW,MORSE CROSSING & STELZER RD,-82.91012,40.042485,3,007+023+032,4,2,128,6,am_peak+early+evening+midday+owl+pm_peak,False,,True,389.5869242768206,581.6595698377636,3,MORSTEE,0.35310175820488054,0,0.0,0.0,0.0,0.0,straight_line,transfer point (3 routes); catchment not reconstructable
STEMCCS,STELZER RD & MCCUTCHEON RD,-82.910249,40.033954,3,007+023+032,3,2,128,6,am_peak+early+evening+midday+owl+pm_peak,False,,True,277.7627948651242,513.320751413676,2,STEMCCN,0.27126419471792795,0,0.0,0.0,0.0,0.0,straight_line,transfer point (3 routes); catchment not reconstructable
STEESPN,STELZER RD & EASTON SQUARE PL,-82.909651,40.037557,3,007+023+032,4,2,128,6,am_peak+early+evening+midday+owl+pm_peak,False,,True,407.2596123507556,161.23741267340426,3,STEESPS,1.5846988251061538,0,0.0,0.0,0.0,0.0,straight_line,transfer point (3 routes); catchment not reconstructable
STEESPS,STELZER RD & EASTON SQUARE PL,-82.91001,40.036449,3,007+023+032,3,2,128,6,am_peak+early+evening+midday+owl+pm_peak,False,,True,450.3625717070175,277.7627948651242,4,STEESPN,1.5846988251061538,0,0.0,0.0,0.0,0.0,straight_line,transfer point (3 routes); catchment not reconstructable
STEMCCN,STELZER RD & MCCUTCHEON RD,-82.910005,40.033899,3,007+023+032,4,2,128,6,am_peak+early+evening+midday+owl+pm_peak,False,,True,424.2781065838389,407.2596123507556,2,STEMCCS,0.27126419471792795,0,0.0,0.0,0.0,0.0,straight_line,transfer point (3 routes); catchment not reconstructable
STEMONN,STELZER RD & MONTCLAIR DR,-82.909525,40.039006,3,007+023+032,4,2,128,6,am_peak+early+evening+midday+owl+pm_peak,False,,True,161.23741267340426,389.5869242768206,5,STEESPN,2.0154676584175535,0,0.0,0.0,0.0,0.0,straight_line,transfer point (3 routes); catchment not reconstructable
STEMONS,STELZER RD & MONTCLAIR DR,-82.909693,40.040498,3,007+023+032,3,2,128,6,am_peak+early+evening+midday+owl+pm_peak,False,,True,203.38008181473006,450.3625717070175,4,STEMONN,2.0783990443517415,0,0.0,0.0,0.0,0.0,straight_line,transfer point (3 routes); catchment not reconstructable
MOR342N,3425 MORSE CROSSING,-82.919834,40.04642,3,007+023+032,4,2,128,6,am_peak+early+evening+midday+owl+pm_peak,False,,True,438.0550550530282,228.54556448714243,6,MOR342S,0.3407658169697217,1,470.39838049327,0.0,1.0,1.0,straight_line,transfer point (3 routes)
MOREASS,MORSE CROSSING & EASTON WAY,-82.920269,40.048134,3,007+023+032,3,2,128,6,am_peak+early+evening+midday+owl+pm_peak,False,,True,355.8012100545311,215.90881783635533,9,EASMORW,1.3416123507757995,1,470.39838049327,0.0,0.0,0.0,straight_line,transfer point (3 routes)
MORHARS,MORSE CROSSING & R E HARRINGTON,-82.916958,40.043046,3,007+023+032,3,2,128,6,am_peak+early+evening+midday+owl+pm_peak,False,,True,435.1155889627367,574.9060650854325,1,MOR340W,0.22833726904278082,1,470.39838049327,0.0,1.0,1.0,straight_line,transfer point (3 routes)
MOR342S,3425 MORSE CROSSING,-82.919981,40.046202,3,007+023+032,3,2,128,6,am_peak+early+evening+midday+owl+pm_peak,False,,True,215.90881783635533,435.1155889627367,5,MOR342N,0.3407658169697217,1,470.39838049327,0.0,1.0,1.0,straight_line,transfer point (3 routes)
3RDMAIS,S 3RD ST & E MAIN ST,-82.996791,39.955832,4,003+006+011+061,4,2,127,6,am_peak+early+evening+midday+owl+pm_peak,False,,True,318.02150396531835,260.3634879003122,12,EMOS3RDW,1.1070381873179471,0,0.0,0.0,0.0,0.0,straight_line,transfer point (4 routes); catchment not reconstructable
MAILUDE,W MAIN ST & S LUDLOW ST,-83.002222,39.95575,3,003+006+009,4,2,126,6,am_peak+early+evening+midday+owl+pm_peak,False,,True,575.9735830936467,324.2982041852764,12,MAILUDW,0.3086916378395826,0,0.0,0.0,0.0,0.0,straight_line,transfer point (3 routes); catchment not reconstructable
SPRFROW,W SPRING ST & N FRONT ST,-83.002659,39.966198,8,003+008+071+072+073+074+075+141,11,2,126,6,am_peak+early+evening+midday+owl+pm_peak,True,003,True,245.59068476078934,83.4089957146686,12,NORTER1,0.40972158244957074,1,457.4228426127038,0.0,1.0,1.0,straight_line,terminal; transfer point (8 routes)
RICGRUE,W RICH ST & S SKIDMORE ST,-83.015862,39.955547,3,003+006+009,4,2,126,6,am_peak+early+evening+midday+owl+pm_peak,False,,True,335.4549637981631,259.7058291515533,4,RICGRUW,0.30064408162831613,1,15.106898795964876,0.0,1.0,1.0,straight_line,transfer point (3 routes)
RICSTAE,W RICH ST & STARLING ST,-83.008915,39.956367,3,003+006+009,4,2,126,6,am_peak+early+evening+midday+owl+pm_peak,False,,True,340.8280256961324,575.9735830936467,3,RICLUCW,1.9895424039126606,0,0.0,0.0,0.0,0.0,straight_line,transfer point (3 routes); catchment not reconstructable
RICMCDE,W RICH ST & MCDOWELL ST,-83.012859,39.955908,3,003+006+009,4,2,126,6,am_peak+early+evening+midday+owl+pm_peak,False,,True,259.7058291515533,340.8280256961324,5,RICMCDW,0.18707879763158602,1,15.106898795964876,0.0,1.0,1.0,straight_line,transfer point (3 routes)
RICMCDW,W RICH ST & MCDOWELL ST,-83.01284,39.956042,3,003+006+009,3,2,125,6,am_peak+early+evening+midday+owl+pm_peak,False,,True,178.43169110987728,284.13957431498085,5,RICMCDE,0.18707879763158602,1,15.106898795964876,0.0,1.0,1.0,straight_line,transfer point (3 routes)
RICLUCW,W RICH ST & LUCAS ST,-83.010774,39.956276,3,003+006+009,3,2,125,6,am_peak+early+evening+midday+owl+pm_peak,False,,True,749.9072921058936,178.43169110987728,3,RICSTAE,1.9895424039126606,0,0.0,0.0,0.0,0.0,straight_line,transfer point (3 routes); catchment not reconstructable
RICGRUW,W RICH ST & S SKIDMORE ST,-83.016122,39.95563,3,003+006+009,3,2,125,6,am_peak+early+evening+midday+owl+pm_peak,False,,True,284.13957431498085,455.9649911006904,4,RICGRUE,0.30064408162831613,1,15.106898795964876,0.0,1.0,1.0,straight_line,transfer point (3 routes)
TOWDAVW,W TOWN ST & S DAVIS AVE,-83.021405,39.956209,3,003+006+009,3,2,125,6,am_peak+early+evening+midday+owl+pm_peak,False,,True,455.9649911006904,142.2595563231163,11,TOWDAVE,0.31852485615041665,1,6.704418264100682,0.0,1.0,1.0,straight_line,transfer point (3 routes)
MAILUDW,W MAIN ST & S LUDLOW ST,-83.002011,39.955902,3,003+006+009,3,2,125,6,am_peak+early+evening+midday+owl+pm_peak,False,,True,105.76416742998525,749.9072921058936,12,MAILUDE,0.3086916378395826,0,0.0,0.0,0.0,0.0,straight_line,transfer point (3 routes); catchment not reconstructable
1333FIES,1333 FIELDS AVE,-82.991795,39.990166,2,012+022,4,2,124,6,am_peak+early+evening+midday+owl+pm_peak,True,012+022,True,57.42885833353747,184.32220421245748,6,1333FIEN,0.7178607291692184,0,0.0,0.0,0.0,0.0,straight_line,terminal; transfer point (2 routes); catchment not reconstructable
LONWASE,E LONG ST & N WASHINGTON AVE,-82.987289,39.966475,9,007+009+011+041+042+043+044+045+046,14,2,116,6,am_peak+early+evening+midday+owl+pm_peak,False,,True,300.50141058211676,241.0229462563206,8,SPRMOUW,2.2983392953924726,1,61.65722648120522,0.0,0.0,0.0,straight_line,transfer point (9 routes)
SPRMOUW,E SPRING ST & MOUNT VERNON AVE,-82.987697,39.968101,9,007+009+011+041+042+043+044+045+046,12,2,116,6,am_peak+early+evening+midday+owl+pm_peak,False,,True,442.3682412723561,235.59856859125537,6,LONWASE,2.2983392953924726,1,9.192957794443734,0.0,0.0,0.0,straight_line,transfer point (9 routes)
LON4THE,E LONG ST & N 4TH ST,-82.996981,39.965299,9,007+009+011+041+042+043+044+045+046,14,2,116,6,am_peak+early+evening+midday+owl+pm_peak,False,,True,353.46876175609697,265.351721777002,12,4THSPRN,1.7356145632979882,0,0.0,0.0,0.0,0.0,straight_line,transfer point (9 routes); catchment not reconstructable
SPRNEIW,E SPRING ST & NEILSTON ST,-82.994666,39.966947,9,007+009+011+041+042+043+044+045+046,12,2,116,6,am_peak+early+evening+midday+owl+pm_peak,False,,True,208.63161317503528,263.1887109147321,9,LONNORE,1.887947884898131,1,9.192957794443734,0.0,0.0,0.0,straight_line,transfer point (9 routes)
FRONATS,N FRONT ST & NATIONWIDE BLVD,-83.003763,39.968406,4,003+008+072+074,5,2,115,6,am_peak+early+evening+midday+owl+pm_peak,False,,True,343.8269584008735,324.4477296981063,12,HIGNATS,1.9786419598331837,0,0.0,0.0,0.0,0.0,straight_line,transfer point (4 routes); catchment not reconstructable
MORSLEW,MORSE RD & SLEAFORD AVE,-82.874511,40.055859,2,024+034,2,1,115,6,am_peak+early+evening+midday+owl+pm_peak,False,,True,698.8603364732966,392.23276319552474,3,MORSHEE,0.6566465789475312,2,42.5101105653895,0.0,1.0,1.0,straight_line,transfer point (2 routes)
FROLAFS,N FRONT ST & W LAFAYETTE ST,-83.003201,39.965516,4,003+008+072+074,5,2,115,6,am_peak+early+evening+midday+owl+pm_peak,False,,True,324.4477296981063,165.89934089232668,12,FROLONS,0.8012900816495805,1,457.4228426127038,0.0,1.0,1.0,straight_line,transfer point (4 routes)
MORCHEW,MORSE RD & CHERRY BOTTOM RD,-82.886733,40.056499,2,024+034,2,1,115,6,am_peak+early+evening+midday+owl+pm_peak,False,,True,652.9454603802101,342.25777212424987,3,MORCHEE1,1.3717479884862984,1,31.853305988391014,0.0,1.0,1.0,straight_line,transfer point (2 routes)
MORKENW,MORSE RD & KENSINGWOOD DR,-82.8791,40.056072,2,024+034,2,1,115,6,am_peak+early+evening+midday+owl+pm_peak,False,,True,392.23276319552474,652.9454603802101,2,MORGREE,0.8567749340390153,2,42.5101105653895,0.0,1.0,1.0,straight_line,transfer point (2 routes)
MORKOHW,MORSE RD & KOHLS ENTRANCE,-82.866331,40.055528,2,024+034,2,1,115,6,am_peak+early+evening+midday+owl+pm_peak,False,,True,333.3460100342189,698.8603364732966,3,MORSTONE,1.0265922482009002,0,0.0,0.0,0.0,0.0,straight_line,transfer point (2 routes); catchment not reconstructable
MORSTYE1,MORSE RD & N STYGLER RD,-82.889839,40.056439,2,024+034,2,1,115,6,am_peak+early+evening+midday+owl+pm_peak,False,,True,746.7533890612802,370.54354882132355,3,MORSTYW,1.0185910321927005,0,0.0,0.0,0.0,0.0,straight_line,transfer point (2 routes); catchment not reconstructable
MORGREE,MORSE RD & GREENCROFT RD,-82.878345,40.055861,2,024+034,2,1,115,6,am_peak+early+evening+midday+owl+pm_peak,False,,True,612.1981145038778,375.6061217721968,3,MORKENW,0.8567749340390153,2,42.5101105653895,0.0,1.0,1.0,straight_line,transfer point (2 routes)
MORSHEE,MORSE RD & SHEFFIELD DR,-82.87395,40.055664,2,024+034,2,1,115,6,am_peak+early+evening+midday+owl+pm_peak,False,,True,375.6061217721968,573.1996330460842,2,MORSLEW,0.6566465789475312,2,42.5101105653895,0.0,1.0,1.0,straight_line,transfer point (2 routes)
MORSTONE,MORSE RD & STONERIDGE DR,-82.867248,40.055303,2,024+034,2,1,115,6,am_peak+early+evening+midday+owl+pm_peak,False,,True,573.1996330460842,339.5797652932926,2,MORKOHW,1.0265922482009002,0,0.0,0.0,0.0,0.0,straight_line,transfer point (2 routes); catchment not reconstructable
MORCHEE1,MORSE RD & CHERRY BOTTOM RD,-82.885507,40.0562,2,024+034,2,1,115,6,am_peak+early+evening+midday+owl+pm_peak,False,,True,370.54354882132355,612.1981145038778,2,MORCHEW,1.3717479884862984,1,31.853305988391014,0.0,1.0,1.0,straight_line,transfer point (2 routes)
HIGNORWS,N HIGH ST & W NORTHWOOD AVE,-83.009653,40.007758,2,002+031,3,1,114,6,am_peak+early+evening+midday+owl+pm_peak,False,,True,167.924178887345,237.36117080957334,6,HIGNORN,0.18106870448735007,7,472.96889544343486,0.0,1.0,1.0,straight_line,transfer point (2 routes)
HIGBEAN,N HIGH ST & E BEAUMONT RD,-83.019661,40.057513,2,002+033,4,1,114,6,am_peak+early+evening+midday+owl+pm_peak,False,,True,248.54227317946925,372.8645998062959,4,HIGBEES,1.6911462751198314,2,13.672328949061217,0.0,1.0,1.0,straight_line,transfer point (2 routes)
HIGSHES,N HIGH ST & SHEFFIELD RD,-83.019938,40.056118,2,002+033,4,1,114,6,am_peak+early+evening+midday+owl+pm_peak,False,,True,290.10265400236915,497.52808273946084,3,HIGWEIN,1.176733813639595,2,13.672328949061217,0.0,1.0,1.0,straight_line,transfer point (2 routes)
HIGBEES,N HIGH ST & W BEECHWOLD BLVD,-83.019781,40.058728,2,002+033,4,1,114,6,am_peak+early+evening+midday+owl+pm_peak,False,,True,320.7004622567199,290.10265400236915,5,HIGBEAN,1.6911462751198314,2,13.672328949061217,0.0,1.0,1.0,straight_line,transfer point (2 routes)
HIGOAKS,N HIGH ST & W OAKLAND AVE,-83.010039,40.009241,2,002+031,3,1,114,6,am_peak+early+evening+midday+owl+pm_peak,False,,True,241.79560314137177,167.924178887345,7,HIGPATN,0.9132275957836693,7,12.794020879528375,0.0,0.5714285714285714,0.5926773455377575,straight_line,transfer point (2 routes)
HIGMAYS,N HIGH ST & W MAYNARD AVE,-83.010557,40.011382,2,002+031,3,1,114,6,am_peak+early+evening+midday+owl+pm_peak,False,,True,305.27923440332364,241.79560314137177,5,HIGBLAN,0.3721395318378858,4,9.895604250070004,0.0,1.0,1.0,straight_line,transfer point (2 routes)
GOOYARW,GOODALE BLVD & YARD ST,-83.024355,39.974283,4,003+022+031+075,4,2,114,6,am_peak+early+evening+midday+owl+pm_peak,False,,True,142.69819672877333,227.18312486027085,4,RAIBALS,1.7837274591096666,0,0.0,0.0,0.0,0.0,straight_line,transfer point (4 routes); catchment not reconstructable
HIGNORN,N HIGH ST & E NORTHWOOD AVE,-83.009486,40.007781,2,002+031,3,1,114,6,am_peak+early+evening+midday+owl+pm_peak,False,,True,159.90474748272402,239.87262775171268,6,HIGNORWS,0.18106870448735007,7,472.96889544343486,0.0,1.0,1.0,straight_line,transfer point (2 routes)
GOO868W,868 W GOODALE BLVD,-83.027011,39.974388,4,003+022+031+075,4,2,114,6,am_peak+early+evening+midday+owl+pm_peak,False,,True,227.18312486027085,173.71308746495595,8,GOOYARE,1.038281061667242,0,0.0,0.0,0.0,0.0,straight_line,transfer point (4 routes); catchment not reconstructable
HIGWEIN,N HIGH ST & E WEISHEIMER RD,-83.019798,40.055277,2,002+033,4,1,114,6,am_peak+early+evening+midday+owl+pm_peak,False,,True,317.2787875586482,248.54227317946925,4,HIGSHES,1.176733813639595,2,13.672328949061217,0.0,1.0,1.0,straight_line,transfer point (2 routes)
HIGBLAN,N HIGH ST & E BLAKE AVE,-83.010496,40.011646,2,002+031,3,1,114,6,am_peak+early+evening+midday+owl+pm_peak,False,,True,197.83903822338627,295.35014128360217,5,HIGMAYS,0.3721395318378858,4,9.895604250070004,0.0,1.0,1.0,straight_line,transfer point (2 routes)
HIGPATN,N HIGH ST & PATTERSON AVE,-83.01004,40.009899,2,002+031,3,1,114,6,am_peak+early+evening+midday+owl+pm_peak,False,,True,239.87262775171268,197.83903822338627,6,HIGOAKS,0.9132275957836693,4,7.582726333633523,0.0,0.5714285714285714,0.5926773455377575,straight_line,transfer point (2 routes)
HIGLANN,N HIGH ST & E LANE AVE,-83.009206,40.006357,2,002+031,3,1,114,6,am_peak+early+evening+midday+owl+pm_peak,False,,True,314.53586722373444,159.90474748272402,8,HIGLANS,0.9938271638213557,7,474.8426193251049,0.0,0.8571428571428571,0.9964239472223936,straight_line,transfer point (2 routes)
BROBELE,W BROAD ST & BELLE ST,-83.008387,39.961197,2,010+012,5,2,113,6,am_peak+early+evening+midday+owl+pm_peak,False,,True,520.366564158417,494.84327196696535,1,BROBELW,1.1969324308171845,0,0.0,0.0,0.0,0.0,straight_line,transfer point (2 routes); catchment not reconstructable
BROMAYE,W BROAD ST & S MAY AVE,-83.014396,39.960433,2,010+012,5,2,113,6,am_peak+early+evening+midday+owl+pm_peak,False,,True,211.60734765780748,520.366564158417,3,WBRMAYW,0.5206497190673252,1,15.106898795964876,0.0,1.0,1.0,straight_line,transfer point (2 routes)
BRODAVE,W BROAD ST & S DAVIS AVE,-83.020843,39.959646,2,010+012,5,2,113,6,am_peak+early+evening+midday+owl+pm_peak,False,,True,203.0704652883128,346.11635131896287,9,BRODAVW,0.7255892962342643,0,0.0,0.0,0.0,0.0,straight_line,transfer point (2 routes); catchment not reconstructable
HIGNORN1,N HIGH ST & E NORTH BROADWAY,-83.015816,40.031886,2,002+102,3,2,113,6,am_peak+early+evening+midday+owl+pm_peak,False,,True,385.97780310248373,356.84559029705923,7,NORHIGW,0.9600199827826416,3,26.40779595728742,0.0,0.3333333333333333,0.4578713968957873,straight_line,transfer point (2 routes)
BROSKIE,W BROAD ST & S SKIDMORE ST,-83.016842,39.960134,2,010+012,5,2,113,6,am_peak+early+evening+midday+owl+pm_peak,False,,True,346.11635131896287,211.60734765780748,4,BROSKIW,0.3965122950533836,1,15.106898795964876,0.0,1.0,1.0,straight_line,transfer point (2 routes)
HIGACTN,N HIGH ST & ACTON RD,-83.01828,40.041035,2,002+102,3,2,113,6,am_peak+early+evening+midday+owl+pm_peak,False,,True,202.03236944187802,426.16960520883777,5,HIGAMAS,1.031210264104732,1,7.37778778407586,0.0,0.5,0.3841463414634145,straight_line,transfer point (2 routes)
HIGOLEN,N HIGH ST & OLENTANGY ST,-83.012545,40.019481,2,002+102,3,2,113,6,am_peak+early+evening+midday+owl+pm_peak,False,,True,332.50354008281107,236.01200270528892,5,HIGOLES,0.5750843209274654,3,25.28690756378837,0.0,0.6666666666666666,0.791237113402062,straight_line,transfer point (2 routes)
FROSPRN,N FRONT ST & W SPRING ST,-83.003236,39.966804,5,003+008+072+074+075,6,2,112,6,am_peak+early+evening+midday+owl+pm_peak,False,,True,83.4089957146686,394.5125296522267,12,SPRFROW,1.0426124464333575,0,0.0,0.0,0.0,0.0,straight_line,transfer point (5 routes); catchment not reconstructable
HAMREFN,S HAMILTON RD & REFUGEE RD,-82.880457,39.91601,2,005+024,5,2,112,6,am_peak+early+evening+midday+owl+pm_peak,False,,True,228.0917734888569,278.12115589090934,6,HAMREFS,0.3537040368340235,0,0.0,0.0,0.0,0.0,straight_line,transfer point (2 routes); catchment not reconstructable
BROMARW,W BROAD ST & MARCONI BLVD,-83.003554,39.962029,2,010+012,5,2,112,6,am_peak+early+evening+midday+owl+pm_peak,False,,True,241.9097012711176,515.925365643856,12,BROFROE,0.9772339156501729,0,0.0,0.0,0.0,0.0,straight_line,transfer point (2 routes); catchment not reconstructable
BROBELW,W BROAD ST & BELLE ST,-83.009506,39.961245,2,010+012,5,2,112,6,am_peak+early+evening+midday+owl+pm_peak,False,,True,515.925365643856,463.56078826594063,1,BROBELE,1.1969324308171845,0,0.0,0.0,0.0,0.0,straight_line,transfer point (2 routes); catchment not reconstructable
BROSKIW,W BROAD ST & N SKIDMORE ST,-83.016599,39.96035,2,010+012,5,2,112,6,am_peak+early+evening+midday+owl+pm_peak,False,,True,150.56699713012407,424.6338388668923,4,BROSKIE,0.3965122950533836,1,15.106898795964876,0.0,1.0,1.0,straight_line,transfer point (2 routes)
WBRMAYW,W BROAD ST & N MAY AVE,-83.014857,39.960555,2,010+012,5,2,112,6,am_peak+early+evening+midday+owl+pm_peak,False,,True,463.56078826594063,150.56699713012407,3,BROMAYE,0.5206497190673252,1,15.106898795964876,0.0,1.0,1.0,straight_line,transfer point (2 routes)
NEIVINS,NEIL AVE & VINE ST,-83.009675,39.970775,2,003+008,3,1,112,6,am_peak+early+evening+midday+owl+pm_peak,False,,True,223.6253261976515,327.1052320172287,7,NEIBRON,2.2953422645300607,1,16.83423799937946,0.0,1.0,1.0,straight_line,transfer point (2 routes)
NATMCCBE,NATIONWIDE BLVD & MCCONNELL BLVD,-83.00778,39.968215,2,003+008,3,1,112,6,am_peak+early+evening+midday+owl+pm_peak,False,,True,327.1052320172287,343.8269584008735,5,NATMCCBW,0.5347364111547896,1,16.83423799937946,0.0,1.0,1.0,straight_line,transfer point (2 routes)
BRODAVW,W BROAD ST & N DAVIS AVE,-83.021508,39.959753,2,010+012,5,2,112,6,am_peak+early+evening+midday+owl+pm_peak,False,,True,424.6338388668923,201.9263831402713,6,BRODAVE,0.7255892962342643,0,0.0,0.0,0.0,0.0,straight_line,transfer point (2 routes); catchment not reconstructable
ALU1900S,1900 ALUM CREEK DR,-82.940611,39.930596,3,005+011+022,6,2,111,6,am_peak+early+evening+midday+owl+pm_peak,False,,True,324.3607028209474,242.45695206498334,6,ALU1900N,0.549846760491473,1,129.44309149203974,0.0,1.0,1.0,straight_line,transfer point (3 routes)
HAMEASN,S HAMILTON RD & EASTLAND DR,-82.87997,39.921047,2,023+024,2,1,111,6,am_peak+early+evening+midday+owl+pm_peak,False,,True,288.73344112482044,291.5534092461608,3,HAMMACS,3.0437156168662507,0,0.0,0.0,0.0,0.0,straight_line,transfer point (2 routes); catchment not reconstructable
HIGCHAS,N HIGH ST & CHATHAM RD,-83.018763,40.042088,2,002+102,3,2,111,6,am_peak+early+evening+midday+owl+pm_peak,False,,True,227.69863359160033,203.5764547066664,5,HIGACTN,1.5496164322748038,1,7.37778778407586,0.0,1.0,1.0,straight_line,transfer point (2 routes)
GRAMOUS,S GRANT AVE & E MOUND ST,-82.989847,39.956441,2,002+102,3,1,111,6,am_peak+early+evening+midday+owl+pm_peak,False,,True,219.89255957075972,241.54837170068822,11,MAIGRANE,1.3215012164466353,1,35.57147681608005,0.0,0.5,0.8025099075297226,straight_line,transfer point (2 routes)
11TINDW,E 11TH AVE & INDIANOLA AVE,-83.003264,39.994664,2,008+022,3,2,111,6,am_peak+early+evening+midday+owl+pm_peak,False,,True,317.2329282662804,284.06056425751666,12,11TINDE,0.8596576845492372,2,35.24943052391802,0.0,0.6666666666666666,0.8945022288261514,straight_line,transfer point (2 routes)
ALUFRES,ALUM CREEK DR & FREBIS AVE,-82.942316,39.933206,3,005+011+022,6,2,111,6,am_peak+early+evening+midday+owl+pm_peak,False,,True,406.41919366078787,324.3607028209474,5,FREALUW,1.2360208212238484,0,0.0,0.0,0.0,0.0,straight_line,transfer point (3 routes); catchment not reconstructable
MAI5THE,E MAIN ST & S 5TH ST,-82.99236,39.956868,2,002+102,3,2,111,6,am_peak+early+evening+midday+owl+pm_peak,False,,True,198.15325708277922,219.89255957075972,12,MOU5THW1,1.6751859480117965,1,35.57147681608005,0.0,0.5,0.7068062827225127,straight_line,transfer point (2 routes)
11TDAUW,E 11TH AVE & DAUGHERTY AVE,-82.992978,39.994235,2,008+022,3,2,111,6,am_peak+early+evening+midday+owl+pm_peak,False,,True,413.04116266580394,217.35147631335263,3,11TDAUE,0.20725224507130252,0,0.0,0.0,0.0,0.0,straight_line,transfer point (2 routes); catchment not reconstructable
11TGRAW,E 11TH AVE & N GRANT AVE,-82.995521,39.994316,2,008+022,3,2,111,6,am_peak+early+evening+midday+owl+pm_peak,False,,True,217.35147631335263,345.13811938424664,7,11TGRAE,0.2129817336398224,2,18.56157720279403,0.0,1.0,1.0,straight_line,transfer point (2 routes)
11T4THW,E 11TH AVE & N 4TH ST,-82.999557,39.994479,2,008+022,3,2,111,6,am_peak+early+evening+midday+owl+pm_peak,False,,True,345.13811938424664,317.2329282662804,9,11T4THE,0.25491274258363444,4,26.993334670309302,0.0,1.0,1.0,straight_line,transfer point (2 routes)
HIGOLES,N HIGH ST & OLENTANGY ST,-83.012876,40.019808,2,002+102,3,2,111,6,am_peak+early+evening+midday+owl+pm_peak,False,,True,313.73056696698467,402.6477025139149,4,HIGOLEN,0.5750843209274654,2,20.544043988311028,0.0,0.6666666666666666,0.791237113402062,straight_line,transfer point (2 routes)
HAMMACS,S HAMILTON RD & MACSWAY AVE,-82.880064,39.923239,2,023+024,2,1,111,6,am_peak+early+evening+midday+owl+pm_peak,False,,True,286.92174721887665,528.0696801535213,6,MACHAMW,0.781821318773219,1,35.44461009492533,0.0,1.0,1.0,straight_line,transfer point (2 routes)
11THIGW,E 11TH AVE & N HIGH ST,-83.006583,39.994834,2,008+022,3,2,111,6,am_peak+early+evening+midday+owl+pm_peak,False,,True,284.06056425751666,288.20792353496216,11,11THIGE,0.775283220861292,4,35.48364600912679,0.0,1.0,1.0,straight_line,transfer point (2 routes)
HIGNORS,N HIGH ST & W NORTH BROADWAY ST,-83.015789,40.030843,2,002+102,3,2,111,6,am_peak+early+evening+midday+owl+pm_peak,False,,True,231.22801788634422,402.94770088265824,6,HIGNORN1,1.4478566267954143,3,30.059048074916806,0.0,0.5,0.4760031471282455,straight_line,transfer point (2 routes)
11TDAUE,E 11TH AVE & DAUGHERTY AVE,-82.992878,39.994107,2,008+022,3,2,108,6,am_peak+early+evening+midday+owl+pm_peak,False,,True,216.33262840210742,447.23545289491,4,11TDAUW,0.20725224507130252,0,0.0,0.0,0.0,0.0,straight_line,transfer point (2 routes); catchment not reconstructable
STEOPPS,STELZER RD & CODET RD,-82.911038,40.025323,2,007+023,2,2,108,6,am_peak+early+evening+midday+owl+pm_peak,False,,True,447.3596057435941,209.07758184860134,3,STECODN,0.274583672556922,2,18.395674567437837,0.0,1.0,1.0,straight_line,transfer point (2 routes)
STEMIDN,STELZER RD & MIDDLEMORE DR,-82.910405,40.03009,2,007+023,3,2,108,6,am_peak+early+evening+midday+owl+pm_peak,False,,True,524.7393377392012,424.2781065838389,1,STEGOVS,1.0881797665830268,3,32.60474733676912,0.0,1.0,1.0,straight_line,transfer point (2 routes)
STEGOVS,STELZER RD & GOVERNORS CLUB BLVD,-82.910723,40.029345,2,007+023,2,2,108,6,am_peak+early+evening+midday+owl+pm_peak,False,,True,513.320751413676,447.3596057435941,1,STEMIDN,1.0881797665830268,3,32.60474733676912,0.0,1.0,1.0,straight_line,transfer point (2 routes)
11T4THE,E 11TH AVE & N 4TH ST,-82.999374,39.994361,2,008+022,3,2,108,6,am_peak+early+evening+midday+owl+pm_peak,False,,True,265.97217082355803,339.13879349163284,9,11T4THW,0.25491274258363444,4,26.993334670309302,0.0,1.0,1.0,straight_line,transfer point (2 routes)
STELIFS,STELZER RD & LIFESTYLE BLVD,-82.9112,40.023444,2,007+023,2,2,108,6,am_peak+early+evening+midday+owl+pm_peak,False,,True,209.07758184860134,427.0295710485704,4,STELIFN,0.383122610650815,2,18.395674567437837,0.0,1.0,1.0,straight_line,transfer point (2 routes)
11TGRAE,E 11TH AVE & N GRANT AVE,-82.995409,39.994189,2,008+022,3,2,108,6,am_peak+early+evening+midday+owl+pm_peak,False,,True,339.13879349163284,216.33262840210742,7,11TGRAW,0.2129817336398224,2,18.56157720279403,0.0,1.0,1.0,straight_line,transfer point (2 routes)
11TINDE,E 11TH AVE & INDIANOLA AVE,-83.002482,39.994516,2,008+022,3,2,108,6,am_peak+early+evening+midday+owl+pm_peak,False,,True,291.6553417042652,265.97217082355803,11,11TINDW,0.8596576845492372,3,39.40675538637347,0.0,0.6666666666666666,0.8945022288261514,straight_line,transfer point (2 routes)
11THIGE,E 11TH AVE & N HIGH ST,-83.005892,39.994662,2,008+022,3,2,108,6,am_peak+early+evening+midday+owl+pm_peak,False,,True,188.7580386634482,291.6553417042652,12,11THIGW,0.775283220861292,4,35.48364600912679,0.0,1.0,1.0,straight_line,transfer point (2 routes)
NATMCCBW,NATIONWIDE BLVD & MCCONNELL BLVD,-83.007352,39.968415,2,003+008,3,1,108,6,am_peak+early+evening+midday+owl+pm_peak,False,,True,394.5125296522267,189.44301429660766,8,NATMCCBE,0.5347364111547896,1,16.83423799937946,0.0,1.0,1.0,straight_line,transfer point (2 routes)
NEIBRON,NEIL AVE & BROADBELT LN,-83.00936,39.969139,2,003+008,3,1,108,6,am_peak+early+evening+midday+owl+pm_peak,False,,True,189.44301429660766,416.98779288176337,3,NATMCCBE,2.1192685187120124,1,16.83423799937946,0.0,1.0,1.0,straight_line,transfer point (2 routes)
STEAGLN,STELZER RD & AGLER RD,-82.911123,40.021141,2,007+023,3,2,108,6,am_peak+early+evening+midday+owl+pm_peak,False,,True,239.40668016398132,277.44289195847523,5,STEAGLS2,2.430933164731449,1,6.294541164985357,0.0,0.0,0.0,straight_line,transfer point (2 routes)
STELIFN,STELZER RD & LIFESTYLE BLVD,-82.910942,40.023636,2,007+023,3,2,108,6,am_peak+early+evening+midday+owl+pm_peak,False,,True,277.44289195847523,193.29563598444133,4,STELIFS,0.383122610650815,2,18.395674567437837,0.0,1.0,1.0,straight_line,transfer point (2 routes)
STECODN,STELZER RD & CODET RD,-82.910789,40.025373,2,007+023,3,2,108,6,am_peak+early+evening+midday+owl+pm_peak,False,,True,193.29563598444133,524.7393377392012,3,STEOPPS,0.274583672556922,2,18.395674567437837,0.0,1.0,1.0,straight_line,transfer point (2 routes)
RICGREE,W RICH ST & S GREEN ST,-83.019747,39.955112,2,003+006,3,1,107,6,am_peak+early+evening+midday+owl+pm_peak,False,,True,163.24104741375956,335.4549637981631,10,TOWDAVE,2.040195437645096,1,6.704418264100682,0.0,1.0,1.0,straight_line,transfer point (2 routes)
SPRHAMW,E SPRING ST & HAMILTON AVE,-82.982593,39.968773,3,007+009+011,4,2,107,6,am_peak+early+evening+midday+owl+pm_peak,False,,True,193.9016213664551,442.3682412723561,8,MARHAME,1.1172917008560552,0,0.0,0.0,0.0,0.0,straight_line,transfer point (3 routes); catchment not reconstructable
SPRGRAW,E SPRING ST & N GRANT AVE,-82.99225,39.967221,3,007+009+011,4,2,107,6,am_peak+early+evening+midday+owl+pm_peak,False,,True,165.4855168630948,208.63161317503528,7,SPRCLEW,2.068568960788685,2,70.85018427564896,0.0,1.0,1.0,straight_line,transfer point (3 routes)
MCAR1,MOBILITY CENTER AT RICKENBACKER BAY 1,-82.945304,39.830121,1,022,5,2,107,6,am_peak+early+evening+midday+owl+pm_peak,True,022,False,958.323494977719,990.2711229785381,1,MCAR3,0.27389836790130956,1,178.1208765012597,0.0,1.0,1.0,straight_line,terminal
DAVSULN,S DAVIS AVE & SULLIVANT AVE,-83.020406,39.953732,2,003+006,3,1,107,6,am_peak+early+evening+midday+owl+pm_peak,False,,True,149.69754526927176,163.24104741375956,10,SOUSULS,1.8088836457376183,1,1.844446946018965,0.0,1.0,1.0,straight_line,transfer point (2 routes)
SPRCLEW,E SPRING ST & CLEVELAND AVE,-82.990364,39.967561,3,007+009+011,4,2,107,6,am_peak+early+evening+midday+owl+pm_peak,False,,True,235.59856859125537,165.4855168630948,8,SPRGRAW,2.068568960788685,2,70.85018427564896,0.0,1.0,1.0,straight_line,transfer point (3 routes)
LONCLEE,E LONG ST & CLEVELAND AVE,-82.990768,39.966076,3,007+009+011,6,2,107,6,am_peak+early+evening+midday+owl+pm_peak,False,,True,272.4519615061542,300.50141058211676,11,SPRCLEW,2.105649206661865,2,70.85018427564896,0.0,1.0,1.0,straight_line,transfer point (3 routes)
LONJEFE,E LONG ST & JEFFERSON AVE,-82.984498,39.966792,3,007+009+011,6,2,107,6,am_peak+early+evening+midday+owl+pm_peak,False,,True,241.0229462563206,287.73731933202293,9,LONWASE,3.012786828204008,0,0.0,0.0,0.0,0.0,straight_line,transfer point (3 routes); catchment not reconstructable
LONNORE,E LONG ST & NORMANDY AVE,-82.993922,39.965713,3,007+009+011,6,2,107,6,am_peak+early+evening+midday+owl+pm_peak,False,,True,265.351721777002,272.4519615061542,12,SPRNEIW,1.887947884898131,1,61.65722648120522,0.0,0.0,0.0,straight_line,transfer point (3 routes)
SOURICS,S SOUDER AVE & W RICH ST,-83.022098,39.955044,2,003+006,2,1,106,6,am_peak+early+evening+midday+owl+pm_peak,False,,True,142.2595563231163,233.55690481962023,10,TOWDAVW,1.7782444540389537,1,6.704418264100682,0.0,1.0,1.0,straight_line,transfer point (2 routes)
INTSAWW,INTERNATIONAL GATEWAY & SAWYER RD,-82.892622,39.998723,1,007,3,2,102,6,am_peak+early+evening+midday+owl+pm_peak,True,007,False,646.6455176835184,646.6455176835184,0,,,0,0.0,0.0,0.0,0.0,straight_line,terminal; no walking alternative within 5 min; catchment not reconstructable
RESSAWE,RESLER DR & SAWMILL RD,-83.091437,40.067871,4,001+021+033+072,5,2,98,6,am_peak+early+evening+midday+owl+pm_peak,False,,True,249.46232653980923,468.96486790970044,4,RESSAWW,0.24007132230774628,2,13.496667335154662,0.0,0.5,0.232104121475054,straight_line,transfer point (4 routes)
MORSANW,MORSE RD & SANDY LANE RD,-82.992932,40.061537,3,011+034+042,3,1,97,6,am_peak+early+evening+midday+owl+pm_peak,False,,True,224.53602234842825,668.8427743682304,2,MORSANE,0.39449323857525515,2,34.93909500601644,0.0,1.0,1.0,straight_line,transfer point (3 routes)
MORMAIW,MORSE RD & MAIZE RD,-82.987728,40.061318,3,011+034+042,3,1,97,6,am_peak+early+evening+midday+owl+pm_peak,False,,True,169.27233178010547,220.10043994933935,5,MORMAIE,1.1263247265008185,2,34.93909500601644,0.0,0.5,0.7182254196642689,straight_line,transfer point (3 routes)
MORKINW,MORSE RD & KINGSHILL DR,-82.990304,40.061427,3,011+034+042,3,1,97,6,am_peak+early+evening+midday+owl+pm_peak,False,,True,220.10043994933935,224.53602234842825,6,MORSANE,2.7021957818102065,2,34.93909500601644,0.0,1.0,1.0,straight_line,transfer point (3 routes)
MORSANE,MORSE RD & SANDY LANE RD,-82.992829,40.061264,3,011+034+042,3,1,97,6,am_peak+early+evening+midday+owl+pm_peak,False,,True,676.8728408850263,482.83933378569304,2,MORSANW,0.39449323857525515,2,34.93909500601644,0.0,1.0,1.0,straight_line,transfer point (3 routes)
MORELKW,MORSE RD & ELKS DR,-83.010881,40.062156,2,011+034,2,1,96,6,am_peak+early+evening+midday+owl+pm_peak,False,,True,405.39564318501374,284.86889274442893,4,MORELKE,0.5398511431967841,2,18.649408009747336,0.0,0.6666666666666666,0.7338709677419358,straight_line,transfer point (2 routes)
MORBEECW,MORSE RD & BEECHMONT DR,-83.016361,40.06239,2,011+034,2,1,96,6,am_peak+early+evening+midday+owl+pm_peak,False,,True,183.37699830274218,274.3060241003652,8,MORFOSW,2.2922124787842773,3,25.41238014515021,0.0,1.0,1.0,straight_line,transfer point (2 routes)
MORFOSW,MORSE RD & FOSTER ST,-83.014214,40.062311,2,011+034,2,1,96,6,am_peak+early+evening+midday+owl+pm_peak,False,,True,284.86889274442893,183.37699830274218,5,MORFOSE,0.2596473066199324,3,25.41238014515021,0.0,1.0,1.0,straight_line,transfer point (2 routes)
MORFOSE,MORSE RD & FOSTER ST,-83.01409,40.06215,2,011+034,2,1,96,6,am_peak+early+evening+midday+owl+pm_peak,False,,True,406.98997447536465,232.7877382321337,4,MORFOSW,0.2596473066199324,3,25.41238014515021,0.0,1.0,1.0,straight_line,transfer point (2 routes)
MORBEEW,MORSE RD & BEECH HILL AVE,-83.006136,40.06196,2,011+034,2,1,96,6,am_peak+early+evening+midday+owl+pm_peak,False,,True,238.0436118733669,405.39564318501374,3,MORSHAE,2.008722475525278,1,11.0666816761138,0.0,1.0,1.0,straight_line,transfer point (2 routes)
MORINDE,MORSE RD & INDIANOLA AVE,-83.00075,40.061612,2,011+034,2,1,96,6,am_peak+early+evening+midday+owl+pm_peak,False,,True,211.0962255093434,676.8728408850263,5,MORINDW,0.2931727710333352,0,0.0,0.0,0.0,0.0,straight_line,transfer point (2 routes); catchment not reconstructable
MORHIGE,MORSE RD & N HIGH ST,-83.018853,40.062356,2,011+034,2,1,96,6,am_peak+early+evening+midday+owl+pm_peak,False,,True,261.3574469003349,406.98997447536465,7,HIGMORS,1.0003673313629218,2,12.852574750830566,0.0,0.5,0.5375854214123007,straight_line,transfer point (2 routes)
MORINDW,MORSE RD & INDIANOLA AVE,-83.000763,40.061823,2,011+034,2,1,96,6,am_peak+early+evening+midday+owl+pm_peak,False,,True,668.8427743682304,220.71553414927354,6,MORINDE,0.2931727710333352,0,0.0,0.0,0.0,0.0,straight_line,transfer point (2 routes); catchment not reconstructable
MORELKE,MORSE RD & ELKS DR,-83.011365,40.062042,2,011+034,2,1,96,6,am_peak+early+evening+midday+owl+pm_peak,False,,True,232.7877382321337,285.97869576181074,4,MORELKW,0.5398511431967841,3,25.41238014515021,0.0,0.6666666666666666,0.7338709677419358,straight_line,transfer point (2 routes)
MORCOLE,MORSE RD & COLERAIN AVE,-83.003222,40.061695,2,011+034,2,1,96,6,am_peak+early+evening+midday+owl+pm_peak,False,,True,409.795829501391,211.0962255093434,6,MORCOLW,0.24547263121428498,1,11.0666816761138,0.0,1.0,1.0,straight_line,transfer point (2 routes)
MORSHAE,MORSE RD & SHARON AVE,-83.008018,40.0619,2,011+034,2,1,96,6,am_peak+early+evening+midday+owl+pm_peak,False,,True,285.97869576181074,409.795829501391,4,MORBEEW,2.008722475525278,1,11.0666816761138,0.0,1.0,1.0,straight_line,transfer point (2 routes)
MORCOLW,MORSE RD & COLERAIN AVE,-83.00335,40.061842,2,011+034,2,1,96,6,am_peak+early+evening+midday+owl+pm_peak,False,,True,220.71553414927354,238.0436118733669,7,MORCOLE,0.24547263121428498,1,11.0666816761138,0.0,1.0,1.0,straight_line,transfer point (2 routes)
MORTRIE,MORSE RD & TRINDEL WAY,-82.92635,40.058135,2,034+035,2,1,95,6,am_peak+early+evening+midday+owl+pm_peak,False,,True,565.7700299516558,356.87017269959273,2,MORTRIW,0.585189095351734,0,0.0,0.0,0.0,0.0,straight_line,transfer point (2 routes); catchment not reconstructable
MORSUNBE,MORSE RD & SUNBURY RD,-82.922176,40.057925,2,034+035,2,1,95,6,am_peak+early+evening+midday+owl+pm_peak,False,,True,356.87017269959273,349.44659267718123,5,MORMOXW,3.226741838116994,0,0.0,0.0,0.0,0.0,straight_line,transfer point (2 routes); catchment not reconstructable
MORCHAE,MORSE RD & CHATEAU MORSE DR,-82.932964,40.058505,2,034+035,2,1,95,6,am_peak+early+evening+midday+owl+pm_peak,False,,True,317.87151878337494,565.7700299516558,3,MORDUNW,1.0788755475681457,1,21.875726318497968,0.0,1.0,1.0,straight_line,transfer point (2 routes)
MORWESE,MORSE RD & WESTERVILLE RD,-82.936686,40.058635,2,034+035,2,1,95,6,am_peak+early+evening+midday+owl+pm_peak,False,,True,377.3166460349567,317.87151878337494,5,MORWESW1,0.510504060031191,1,21.875726318497968,0.0,1.0,1.0,straight_line,transfer point (2 routes)
MORMOXW,MORSE RD & MORSE CROSSING,-82.919164,40.058146,2,034+035,2,1,95,6,am_peak+early+evening+midday+owl+pm_peak,False,,True,351.7916701175442,648.0976272585638,6,MORMORE1,1.7500958144059982,0,0.0,0.0,0.0,0.0,straight_line,transfer point (2 routes); catchment not reconstructable
CLEOAKS,CLEVELAND AVE & OAKLAND PARK AVE,-82.964162,40.031499,2,032+101,3,1,95,6,am_peak+early+evening+midday+owl+pm_peak,False,,True,501.95950812006237,335.06063998076553,3,CLEOAKN,0.6976782216435553,1,6.089602615427694,0.0,0.5,0.5621621621621623,straight_line,transfer point (2 routes)
CLEHUYS,CLEVELAND AVE & HUY RD,-82.96329,40.03597,2,032+101,3,1,95,6,am_peak+early+evening+midday+owl+pm_peak,False,,True,415.2412796131256,501.95950812006237,1,CLEHUYN,0.738875987483624,2,35.922800043893176,0.0,1.0,1.0,straight_line,transfer point (2 routes)
MORTRIW,MORSE RD & TRINDEL WAY,-82.926752,40.058422,2,034+035,2,1,95,6,am_peak+early+evening+midday+owl+pm_peak,False,,True,648.0976272585638,446.332160323776,2,MORTRIE,0.585189095351734,0,0.0,0.0,0.0,0.0,straight_line,transfer point (2 routes); catchment not reconstructable
MORDUNW,MORSE RD & DUNBRIDGE ST,-82.931974,40.058665,2,034+035,2,1,95,6,am_peak+early+evening+midday+owl+pm_peak,False,,True,446.332160323776,374.2261949350119,2,MORCHAE,1.0788755475681457,1,21.875726318497968,0.0,1.0,1.0,straight_line,transfer point (2 routes)
LIVMEME,E LIVINGSTON AVE & MEMORY LN N,-82.94679,39.948461,2,001+011,3,1,94,6,am_peak+early+evening+midday+owl+pm_peak,False,,True,235.824977460728,248.5519778377489,5,LIVALUW,0.92341042649344,1,2.107939366878817,0.0,1.0,1.0,straight_line,transfer point (2 routes)
MAIHOLW,E MAIN ST & HOLTZMAN AVE,-82.945368,39.957457,2,002+011,3,1,94,6,am_peak+early+evening+midday+owl+pm_peak,False,,True,282.62417014354554,318.1602614621362,7,HOLMAIS,0.43901096909826176,0,0.0,0.0,0.0,0.0,straight_line,transfer point (2 routes); catchment not reconstructable
CLEHUYN,CLEVELAND AVE & HUY RD,-82.962792,40.03634,2,032+101,3,1,94,6,am_peak+early+evening+midday+owl+pm_peak,False,,True,597.6213890826605,395.09011670815846,3,CLEHUYS,0.738875987483624,2,35.922800043893176,0.0,1.0,1.0,straight_line,transfer point (2 routes)
ALUWHWS,ALUM CREEK DR & WHIMSWILLOW DR,-82.930027,39.892166,2,004+022,4,2,93,6,am_peak+early+evening+midday+owl+pm_peak,False,,True,365.432499727092,394.3666101351726,5,ALUWHWN,0.5471841304044803,1,8.607419081421838,0.0,1.0,1.0,straight_line,transfer point (2 routes)
FREOAKE,FREBIS AVE & OAKWOOD AVE,-82.970626,39.93483,2,004+022,4,2,93,6,am_peak+early+evening+midday+owl+pm_peak,False,,True,201.2613063663638,462.4004655047538,6,FREOAKW,0.9095437255378437,2,10.686081512649558,0.0,1.0,1.0,straight_line,transfer point (2 routes)
FRESTUE,FREBIS AVE & STUDER AVE,-82.965227,39.934564,2,004+022,4,2,93,6,am_peak+early+evening+midday+owl+pm_peak,False,,True,462.4004655047538,172.74984575489873,6,FRESTUW,0.7194656876882919,0,0.0,0.0,0.0,0.0,straight_line,transfer point (2 routes); catchment not reconstructable
ALUCRKWS,ALUM CREEK DR & CREEKWAY DR,-82.92976,39.895451,2,004+022,4,2,93,6,am_peak+early+evening+midday+owl+pm_peak,False,,True,294.7129859688428,365.432499727092,4,ALUPROMN,0.8970456277620746,1,8.607419081421838,0.0,1.0,1.0,straight_line,transfer point (2 routes)
ALUNEWWS,ALUM CREEK DR & NEW WORLD DR,-82.929539,39.8981,2,004+022,4,2,93,6,am_peak+early+evening+midday+owl+pm_peak,False,,True,875.4924035453598,294.7129859688428,3,ALUNEWWN,0.3846712005909933,2,29.335489522396873,0.0,1.0,1.0,straight_line,transfer point (2 routes)
PORSPIS,PORT RD & SPIEGEL DR,-82.924759,39.837186,2,022+024,4,1,93,6,am_peak+early+evening+midday+owl+pm_peak,False,,True,509.6665960136005,741.9574245081415,1,PORSPIN,0.3993919233221519,0,0.0,0.0,0.0,0.0,straight_line,transfer point (2 routes); catchment not reconstructable
ALUWLONS,ALUM CREEK DR & LONDON-GROVEPORT RD SB,-82.934131,39.829576,2,022+024,4,1,93,6,am_peak+early+evening+midday+owl+pm_peak,False,,True,773.2877252478279,958.323494977719,1,ALUWLONN,1.4174830392347963,0,0.0,0.0,0.0,0.0,straight_line,transfer point (2 routes); catchment not reconstructable
PORLONS,PORT RD & LONDON GROVEPORT RD,-82.925179,39.830511,2,022+024,4,1,93,6,am_peak+early+evening+midday+owl+pm_peak,False,,True,741.9574245081415,773.2877252478279,0,,,0,0.0,0.0,0.0,0.0,straight_line,no walking alternative within 5 min; transfer point (2 routes); catchment not reconstructable
PORROHS,PORT RD & ROHR RD,-82.924559,39.841774,2,022+024,4,1,93,6,am_peak+early+evening+midday+owl+pm_peak,False,,True,647.6976775469351,509.6665960136005,1,PORROHN,0.24705422582342326,0,0.0,0.0,0.0,0.0,straight_line,transfer point (2 routes); catchment not reconstructable
FREFAIE1,FREBIS AVE & FAIRWOOD AVE,-82.954673,39.934063,2,005+022,5,2,92,6,am_peak+early+evening+midday+owl+pm_peak,False,,True,235.56688699346435,207.80220179839654,7,FREFAIW,0.15214732148226467,1,3.396124535526983,0.0,0.5,0.6666666666666666,straight_line,transfer point (2 routes)
ALUWINS,ALUM CREEK DR & WINSLOW DR,-82.935865,39.925655,2,005+022,5,2,92,6,am_peak+early+evening+midday+owl+pm_peak,False,,True,360.85687630767205,1386.3022582306419,3,ALUWINN,0.2794996703728616,1,25.295272402545805,0.0,1.0,1.0,straight_line,transfer point (2 routes)
FREFREE,FREBIS AVE & FREBIS LN,-82.947032,39.933674,2,005+022,5,2,92,6,am_peak+early+evening+midday+owl+pm_peak,False,,True,446.70998154649584,406.41919366078787,2,FREFREW,0.4121560059130472,0,0.0,0.0,0.0,0.0,straight_line,transfer point (2 routes); catchment not reconstructable
161SATE,STATE RTE 161 & SATINWOOD DR,-82.980604,40.087248,3,008+035+043,4,1,92,6,am_peak+early+evening+midday+owl+pm_peak,False,,True,968.6249089667048,459.97196237181333,1,161AMBW,1.1648068374520038,2,45.4085271948479,0.0,0.3333333333333333,0.3831891223733005,straight_line,transfer point (3 routes)
ALUCORS,ALUM CREEK DR & CORVAIR BLVD,-82.938412,39.928247,2,005+022,5,2,92,6,am_peak+early+evening+midday+owl+pm_peak,False,,True,321.4764983784706,360.85687630767205,5,ALUCORN,0.6780338634902281,0,0.0,0.0,0.0,0.0,straight_line,transfer point (2 routes); catchment not reconstructable
MCGWELS,MCGUFFEY RD & WELDON AVE,-82.981074,40.027795,2,008+011,3,1,92,6,am_peak+early+evening+midday+owl+pm_peak,False,,True,250.06086992808932,234.0917211519161,5,MCGWELN,0.36410134989390863,2,7.260680041471481,0.0,1.0,1.0,straight_line,transfer point (2 routes)
MCGBRIS,MCGUFFEY RD & BRIARWOOD AVE,-82.981556,40.016732,2,008+011,3,1,92,6,am_peak+early+evening+midday+owl+pm_peak,False,,True,271.146511598245,313.6375923640905,9,MCGBRIN,0.2839650379469779,3,6.206710358032073,0.0,0.6666666666666666,0.6132075471698113,straight_line,transfer point (2 routes)
MCGABES,MCGUFFEY RD & ABERDEEN AVE,-82.98162,40.021567,2,008+011,3,1,92,6,am_peak+early+evening+midday+owl+pm_peak,False,,True,230.53240229228,265.7099232529275,5,MCGABEN,0.41818128712494407,3,13.145344107341511,0.0,1.0,1.0,straight_line,transfer point (2 routes)
MCGNORS,MCGUFFEY RD & E NORTH BROADWAY,-82.98084,40.03004,2,008+011,3,1,92,6,am_peak+early+evening+midday+owl+pm_peak,False,,True,159.33884443757742,250.06086992808932,11,MCGNORN,0.18657827060582277,3,12.062097488251009,0.0,0.6666666666666666,0.7597087378640776,straight_line,transfer point (2 routes)
MCGGENS,MCGUFFEY RD & GENESSEE AVE,-82.981586,40.019174,2,008+011,3,1,92,6,am_peak+early+evening+midday+owl+pm_peak,False,,True,265.7099232529275,271.146511598245,5,MCGOPPN,0.6199372196016337,3,10.949573933509411,0.0,1.0,1.0,straight_line,transfer point (2 routes)
FRETHEE,FREBIS AVE & THELMA B KEE,-82.952247,39.93394,2,005+022,5,2,92,6,am_peak+early+evening+midday+owl+pm_peak,False,,True,207.80220179839654,446.70998154649584,5,FRETHEW,0.29893466651609,2,5.094186803290475,0.0,0.5,0.3333333333333333,straight_line,transfer point (2 routes)
MCGOAKS,MCGUFFEY RD & OAKLAND PARK AVE,-82.980699,40.031471,2,008+011,3,1,92,6,am_peak+early+evening+midday+owl+pm_peak,False,,True,232.13155418252427,159.33884443757742,9,MCGOAKN,0.4132199838234201,1,8.31464972491089,0.0,1.0,1.0,straight_line,transfer point (2 routes)
MCGWEBS,MCGUFFEY RD & E WEBER RD,-82.981524,40.023642,2,008+011,3,1,92,6,am_peak+early+evening+midday+owl+pm_peak,False,,True,228.61887881004316,230.53240229228,5,MCGWEBN,0.5416406153677225,3,9.427173279652488,0.0,1.0,1.0,straight_line,transfer point (2 routes)
MCGCOMS,MCGUFFEY RD & E COMO AVE,-82.981287,40.025693,2,008+011,3,1,92,6,am_peak+early+evening+midday+owl+pm_peak,False,,True,234.0917211519161,228.61887881004316,5,MCGDELN,0.17889816141946535,2,7.260680041471481,0.0,1.0,1.0,straight_line,transfer point (2 routes)
BROWESWE,W BROAD ST & WESTWOOD BLVD,-83.145181,39.951365,2,009+010,5,1,91,6,am_peak+early+evening+midday+owl+pm_peak,False,,True,202.8600921605945,459.6713733868356,6,WESWPRN,2.315727802301367,0,0.0,0.0,0.0,0.0,straight_line,transfer point (2 routes); catchment not reconstructable
MCGWEBN,MCGUFFEY RD & E WEBER RD,-82.981388,40.023266,2,008+011,3,1,90,6,am_peak+early+evening+midday+owl+pm_peak,False,,True,219.73382488158126,277.16268202175644,5,MCGWEBS,0.5416406153677225,3,9.427173279652488,0.0,1.0,1.0,straight_line,transfer point (2 routes)
MCGDELN,MCGUFFEY RD & DELNO AVE,-82.98114,40.025755,2,008+011,3,1,90,6,am_peak+early+evening+midday+owl+pm_peak,False,,True,277.16268202175644,199.67500433568992,5,MCGCOMS,0.17889816141946535,2,7.260680041471481,0.0,1.0,1.0,straight_line,transfer point (2 routes)
PORSPIN,PORT RD & SPIEGEL DR,-82.924559,39.837429,2,022+024,3,1,90,6,am_peak+early+evening+midday+owl+pm_peak,False,,True,484.56490311702896,472.82894743925414,1,PORSPIS,0.3993919233221519,0,0.0,0.0,0.0,0.0,straight_line,transfer point (2 routes); catchment not reconstructable
ALUWLONN,ALUM CREEK DR & LONDON-GROVEPORT RD NB,-82.933749,39.830554,2,022+024,3,1,90,6,am_peak+early+evening+midday+owl+pm_peak,False,,True,990.2711229785381,791.5351386885309,1,ALUWLONS,1.4174830392347963,0,0.0,0.0,0.0,0.0,straight_line,transfer point (2 routes); catchment not reconstructable
BRO386E,3865 W BROAD ST,-83.099435,39.953612,2,005+010,5,2,90,6,am_peak+early+evening+midday+owl+pm_peak,False,,True,852.947739107793,162.5007676832947,3,BROVIOW,0.8944316763799384,1,100.01001218413845,0.0,1.0,1.0,straight_line,transfer point (2 routes)
SPIALU1E,SPIEGEL DR & ALUM CREEK DR,-82.930208,39.83714,2,022+024,3,1,90,6,am_peak+early+evening+midday+owl+pm_peak,False,,True,791.5351386885309,484.56490311702896,0,,,0,0.0,0.0,0.0,0.0,straight_line,no walking alternative within 5 min; transfer point (2 routes); catchment not reconstructable
161KARW,STATE RTE 161 & KARL RD,-82.975775,40.087342,3,008+035+043,4,1,90,6,am_peak+early+evening+midday+owl+pm_peak,False,,True,326.4376427390898,497.76509285900744,8,KAR161S,0.8502831827788674,2,14.87268331075611,0.0,0.5,0.3877952755905509,straight_line,transfer point (3 routes)
MCGWELN,MCGUFFEY RD & WELDON AVE,-82.980959,40.027548,2,008+011,3,1,90,6,am_peak+early+evening+midday+owl+pm_peak,False,,True,199.67500433568992,285.79897796282194,5,MCGWELS,0.36410134989390863,2,7.260680041471481,0.0,1.0,1.0,straight_line,transfer point (2 routes)
MCGHUDN,MCGUFFEY RD & E HUDSON ST,-82.981369,40.014757,2,008+011,3,1,90,6,am_peak+early+evening+midday+owl+pm_peak,False,,True,338.2396689207016,238.63636459577816,11,HUDMCGW,0.8154423466573751,2,3.7474477633401193,0.0,0.25,0.12416851441241686,straight_line,transfer point (2 routes)
161AMBW,STATE RTE 161 & AMBLESIDE DR,-82.981603,40.087588,3,008+035+043,4,1,90,6,am_peak+early+evening+midday+owl+pm_peak,False,,True,497.76509285900744,878.4951863293796,1,161SATE,1.1648068374520038,2,47.31152801216904,0.0,0.3333333333333333,0.3831891223733005,straight_line,transfer point (3 routes)
MCGOAKN,MCGUFFEY RD & OAKLAND PARK AVE,-82.980525,40.031737,2,008+011,3,1,90,6,am_peak+early+evening+midday+owl+pm_peak,False,,True,180.77783024628212,214.98648225282176,10,MCGOAKS,0.4132199838234201,1,8.31464972491089,0.0,1.0,1.0,straight_line,transfer point (2 routes)
PORROHN,PORT RD & ROHR RD,-82.924359,39.841685,2,022+024,3,1,90,6,am_peak+early+evening+midday+owl+pm_peak,False,,True,472.82894743925414,660.1776334956478,1,PORROHS,0.24705422582342326,0,0.0,0.0,0.0,0.0,straight_line,transfer point (2 routes); catchment not reconstructable
BROBUEW,W BROAD ST & BUENA VISTA AVE,-83.140694,39.951792,2,009+010,5,1,90,6,am_peak+early+evening+midday+owl+pm_peak,False,,True,239.53948650863995,585.0461165944008,6,NORGRES1,1.6603112920865182,0,0.0,0.0,0.0,0.0,straight_line,transfer point (2 routes); catchment not reconstructable
MCGNORN,MCGUFFEY RD & E NORTH BROADWAY,-82.980694,40.030114,2,008+011,3,1,90,6,am_peak+early+evening+midday+owl+pm_peak,False,,True,285.79897796282194,180.77783024628212,11,MCGNORS,0.18657827060582277,2,9.163680858792635,0.0,0.6666666666666666,0.7597087378640776,straight_line,transfer point (2 routes)
MCGABEN,MCGUFFEY RD & ABERDEEN AVE,-82.981472,40.021288,2,008+011,3,1,90,6,am_peak+early+evening+midday+owl+pm_peak,False,,True,186.42519116267405,219.73382488158126,5,MCGABES,0.41818128712494407,3,13.145344107341511,0.0,1.0,1.0,straight_line,transfer point (2 routes)
MCGBRIN,MCGUFFEY RD & BRIARWOOD AVE,-82.981416,40.016906,2,008+011,3,1,90,6,am_peak+early+evening+midday+owl+pm_peak,False,,True,238.63636459577816,300.13068845839484,9,MCGBRIS,0.2839650379469779,2,3.8060016346423087,0.0,0.6666666666666666,0.6132075471698113,straight_line,transfer point (2 routes)
BROGEOE,W BROAD ST & GEORGESVILLE RD,-83.109385,39.953001,2,005+010,5,2,90,6,am_peak+early+evening+midday+owl+pm_peak,False,,True,460.97873779890756,852.947739107793,3,BROPHIW,0.5389289860059087,0,0.0,0.0,0.0,0.0,straight_line,transfer point (2 routes); catchment not reconstructable
MCGOPPN,MCGUFFEY RD & GENESSEE AVE,-82.981454,40.019609,2,008+011,3,1,90,6,am_peak+early+evening+midday+owl+pm_peak,False,,True,300.13068845839484,186.42519116267405,5,MCGGENS,0.6199372196016337,3,10.949573933509411,0.0,1.0,1.0,straight_line,transfer point (2 routes)
FREOAKW,FREBIS AVE & OAKWOOD AVE,-82.969779,39.934896,2,004+022,4,2,89,6,am_peak+early+evening+midday+owl+pm_peak,False,,True,334.55107761789003,256.13468441766776,6,FREOAKE,0.9095437255378437,2,10.686081512649558,0.0,1.0,1.0,straight_line,transfer point (2 routes)
FRESTUW,FREBIS AVE & STUDER AVE,-82.965872,39.934713,2,004+022,4,2,89,6,am_peak+early+evening+midday+owl+pm_peak,False,,True,269.7242831164515,334.55107761789003,6,FRESTUE,0.7194656876882919,1,6.499479714543019,0.0,0.0,0.0,straight_line,transfer point (2 routes)
ALUWHWN,ALUM CREEK DR & WHIMSWILLOW DR,-82.929799,39.891813,2,004+022,4,2,89,6,am_peak+early+evening+midday+owl+pm_peak,False,,True,234.01598493298016,335.21846378140935,5,ALUWHWS,0.5471841304044803,1,8.607419081421838,0.0,1.0,1.0,straight_line,transfer point (2 routes)
ALUWILN,ALUM CREEK DR & WILLIAMS RD,-82.929983,39.88971,2,004+022,4,2,89,6,am_peak+early+evening+midday+owl+pm_peak,False,,True,421.60799632890473,234.01598493298016,6,WILARIE,1.928638561537786,1,8.607419081421838,0.0,0.0,0.0,straight_line,transfer point (2 routes)
ALUNEWWN,ALUM CREEK DR & NEW WORLD DR,-82.929247,39.898262,2,004+022,4,2,89,6,am_peak+early+evening+midday+owl+pm_peak,False,,True,382.339316677599,871.6217674755129,3,ALUNEWWS,0.3846712005909933,2,29.335489522396873,0.0,1.0,1.0,straight_line,transfer point (2 routes)
ALUCORN,ALUM CREEK DR & CORVAIR BLVD,-82.93786,39.928006,2,005+022,4,2,89,6,am_peak+early+evening+midday+owl+pm_peak,False,,True,319.2659953133417,330.19682594803095,5,ALUCORS,0.6780338634902281,0,0.0,0.0,0.0,0.0,straight_line,transfer point (2 routes); catchment not reconstructable
FREALUW,FREBIS AVE & ALUM CREEK DR,-82.943233,39.933749,2,005+022,4,2,89,6,am_peak+early+evening+midday+owl+pm_peak,False,,True,195.95145775407588,352.1183867948277,7,ALUFRES,1.2360208212238484,0,0.0,0.0,0.0,0.0,straight_line,transfer point (2 routes); catchment not reconstructable
FREFREW,FREBIS AVE & FREBIS LN,-82.947351,39.933841,2,005+022,4,2,89,6,am_peak+early+evening+midday+owl+pm_peak,False,,True,352.1183867948277,398.7276813306062,3,FREFREE,0.4121560059130472,0,0.0,0.0,0.0,0.0,straight_line,transfer point (2 routes); catchment not reconstructable
FRETHEW,FREBIS AVE & THELMA B KEE,-82.952008,39.934052,2,005+022,4,2,89,6,am_peak+early+evening+midday+owl+pm_peak,False,,True,398.7276813306062,230.80195191617338,6,FRETHEE,0.29893466651609,1,1.6980622677634916,0.0,0.5,0.3333333333333333,straight_line,transfer point (2 routes)
FREFAIW,FREBIS AVE & FAIRWOOD AVE,-82.954704,39.93417,2,005+022,4,2,89,6,am_peak+early+evening+midday+owl+pm_peak,False,,True,230.80195191617338,268.8026190500483,7,FREFAIE1,0.15214732148226467,2,5.094186803290475,0.0,0.5,0.6666666666666666,straight_line,transfer point (2 routes)
ALUWINN,ALUM CREEK DR & WINSLOW DR,-82.935613,39.925709,2,005+022,4,2,89,6,am_peak+early+evening+midday+owl+pm_peak,False,,True,1385.1751789611928,319.2659953133417,3,ALUWINS,0.2794996703728616,1,25.295272402545805,0.0,1.0,1.0,straight_line,transfer point (2 routes)
BROVIOW,W BROAD ST & VIOTIS DR,-83.100228,39.953819,2,005+010,5,2,89,6,am_peak+early+evening+midday+owl+pm_peak,False,,True,192.36193967461574,803.7579925469389,3,BRO386E,0.8944316763799384,1,100.01001218413845,0.0,1.0,1.0,straight_line,transfer point (2 routes)
ALUPROMN,ALUM CREEK DR & PROCLAMATION WAY,-82.929546,39.894826,2,004+022,4,2,89,6,am_peak+early+evening+midday+owl+pm_peak,False,,True,335.21846378140935,382.339316677599,5,ALUCRKWS,0.8970456277620746,1,8.607419081421838,0.0,1.0,1.0,straight_line,transfer point (2 routes)
ALU1900N,1900 ALUM CREEK DR,-82.940173,39.930388,2,005+022,4,2,89,6,am_peak+early+evening+midday+owl+pm_peak,False,,True,330.19682594803095,263.1128814431927,6,ALU1900S,0.549846760491473,1,129.44309149203974,0.0,1.0,1.0,straight_line,transfer point (2 routes)
ALUFRAN,ALUM CREEK DR & INTEGRITY DR S,-82.941667,39.93246,2,005+022,4,2,89,6,am_peak+early+evening+midday+owl+pm_peak,False,,True,263.1128814431927,195.95145775407588,5,ALUFRES,1.2460689790593642,0,0.0,0.0,0.0,0.0,straight_line,transfer point (2 routes); catchment not reconstructable
BROPHIW,W BROAD ST & PHILLIPI RD,-83.109614,39.953347,2,005+010,5,2,89,6,am_peak+early+evening+midday+owl+pm_peak,False,,True,803.7579925469389,205.49152260316944,3,BROGEOE,0.5389289860059087,0,0.0,0.0,0.0,0.0,straight_line,transfer point (2 routes); catchment not reconstructable
BROCONEW,W BROAD ST & BROADLAWN AVE,-83.097982,39.953936,2,005+010,5,2,89,6,am_peak+early+evening+midday+owl+pm_peak,False,,True,462.6608259259964,192.36193967461574,5,BROBROLE,0.5748977043735353,1,100.01001218413845,0.0,1.0,1.0,straight_line,transfer point (2 routes)
MARHAME,MARTIN LUTHER KING & HAMILTON AVE,-82.981547,39.968754,2,007+009,5,1,88,6,am_peak+early+evening+midday+owl+pm_peak,False,,True,333.18160492635906,299.58558381852936,8,SPRHAMW,1.1172917008560552,1,9.280788601397022,0.0,0.0,0.0,straight_line,transfer point (2 routes)
GEOINDS,GEORGESVILLE RD & INDUSTRIAL MILE,-83.111848,39.943258,2,006+021,2,2,86,6,am_peak+early+evening+midday+owl+pm_peak,False,,True,336.1579980821303,191.82421565889862,7,GEOSULN,2.23317273083664,2,15.774412928809815,0.0,0.3333333333333333,0.3137789904502045,straight_line,transfer point (2 routes)
GEODELN,GEORGESVILLE RD & INDUSTRIAL MILE,-83.111356,39.944877,2,006+021,2,2,86,6,am_peak+early+evening+midday+owl+pm_peak,False,,True,333.4218663031263,316.3387357341286,6,GEOLINS,1.9237080753787617,2,15.774412928809815,0.0,0.5,0.4562647754137116,straight_line,transfer point (2 routes)
GEOBROS,GEORGESVILLE RD & W BROAD ST,-83.110608,39.951815,2,006+021,2,2,86,6,am_peak+early+evening+midday+owl+pm_peak,False,,True,370.6239207626761,367.09344584325663,5,BROGEOE,2.101463797646056,0,0.0,0.0,0.0,0.0,straight_line,transfer point (2 routes); catchment not reconstructable
GEOLINS,GEORGESVILLE RD & LINCOLN PARK CT,-83.111369,39.946263,2,006+021,2,2,86,6,am_peak+early+evening+midday+owl+pm_peak,False,,True,252.80398624592775,336.1579980821303,4,GEODELN,1.9237080753787617,1,9.040717729058038,0.0,0.5,0.4562647754137116,straight_line,transfer point (2 routes)
GEOCASN,GEORGESVILLE RD & CASINO SERVICE RD,-83.110838,39.947698,2,006+021,2,2,86,6,am_peak+early+evening+midday+owl+pm_peak,False,,True,316.3387357341286,621.186284069708,3,GEOSHOS,1.166368860626465,1,9.040717729058038,0.0,1.0,1.0,straight_line,transfer point (2 routes)
GEOSHOS,GEORGESVILLE RD & SHOPPERS LN,-83.111032,39.948525,2,006+021,2,2,86,6,am_peak+early+evening+midday+owl+pm_peak,False,,True,367.09344584325663,252.80398624592775,3,GEOCASN,1.166368860626465,1,9.040717729058038,0.0,1.0,1.0,straight_line,transfer point (2 routes)
FIEMOBDS,FIELDS AVE & MOBILITY DR,-82.991904,39.988508,2,012+022,3,1,83,6,am_peak+early+evening+midday+owl+pm_peak,False,,True,184.32220421245748,174.9385892848845,8,FIE1330N,1.2445015967084123,0,0.0,0.0,0.0,0.0,straight_line,transfer point (2 routes); catchment not reconstructable
FIE5THS,FIELDS AVE & E 5TH AVE,-82.992105,39.98694,2,012+022,3,1,83,6,am_peak+early+evening+midday+owl+pm_peak,False,,True,174.9385892848845,355.95679132058245,11,FIE5THN,0.31938608920062445,1,8.31464972491089,0.0,0.0,0.0,straight_line,transfer point (2 routes)
MCKTRAW,MCKINLEY AVE & MCK TRANSPORTATION,-83.04135,39.964411,1,012,2,2,82,4,am_peak+evening+midday+pm_peak,True,012,False,61.154171833456196,279.956752088513,7,MCKMCKW,0.7644271479182024,0,0.0,0.0,0.0,0.0,straight_line,terminal; catchment not reconstructable
EASOFFE,EASTGREEN BLVD & OFFICEVIEW PL,-82.829364,39.93829,2,001+051,3,1,80,6,am_peak+early+evening+midday+owl+pm_peak,False,,True,418.5807319162357,193.34363697473222,4,EASOFFW,0.5833609695056498,1,11.28918638706211,0.0,1.0,1.0,straight_line,transfer point (2 routes)
BETDIEW,BETHEL RD & DIERKER RD,-83.075515,40.064417,3,001+033+072,4,2,79,6,am_peak+early+evening+midday+owl+pm_peak,False,,True,358.1000865372873,229.08293126062082,6,DIEBETS,1.0494124383608006,3,26.35509747311546,0.0,0.4,0.27900287631831244,straight_line,transfer point (3 routes)
SUM3RDS,SUMMIT ST & E 3RD AVE,-83.001442,39.983305,2,004+012,2,2,79,6,am_peak+early+evening+midday+owl+pm_peak,False,,True,361.2391208790142,116.01895469072501,8,SUM2NDS,1.4502369336340624,2,59.75422566388431,0.0,1.0,1.0,straight_line,transfer point (2 routes)
SUM5THS,SUMMIT ST & E 5TH AVE,-83.002091,39.98652,2,004+012,2,2,79,6,am_peak+early+evening+midday+owl+pm_peak,False,,True,183.20145494186568,361.2391208790142,11,5TH4THW,2.290018186773321,1,6.93863374930944,0.0,1.0,1.0,straight_line,transfer point (2 routes)
BETCOAW,BETHEL RD & COACHMAN RD,-83.081696,40.064618,3,001+033+072,4,2,79,6,am_peak+early+evening+midday+owl+pm_peak,False,,True,298.70507094893355,446.8544026862689,4,BETWOOE,1.0215952848007486,3,30.254785301841284,0.0,1.0,1.0,straight_line,transfer point (3 routes)
EASOFFW,EASTGREEN BLVD & OFFICEVIEW PL,-82.828864,39.938459,2,001+051,3,1,79,6,am_peak+early+evening+midday+owl+pm_peak,False,,True,147.8540649259547,134.90145837196013,4,EASOFFE,0.5833609695056498,1,11.28918638706211,0.0,1.0,1.0,straight_line,transfer point (2 routes)
BETHEDE,BETHEL RD & HEDGEROW RD,-83.077471,40.064292,3,001+033+072,4,2,79,6,am_peak+early+evening+midday+owl+pm_peak,False,,True,282.6390272727366,214.83483927083455,7,BETBETW,0.8277674612255863,3,24.867829142039852,0.0,1.0,1.0,straight_line,transfer point (3 routes)
BETBETW,BETHEL RD & BETHEL PARK DR,-83.078198,40.064501,3,001+033+072,4,2,79,6,am_peak+early+evening+midday+owl+pm_peak,False,,True,229.08293126062082,298.70507094893355,6,BETHEDE,0.8277674612255863,3,24.867829142039852,0.0,1.0,1.0,straight_line,transfer point (3 routes)
SUM2NDS,SUMMIT ST & E 2ND AVE,-83.001246,39.982271,2,004+012,2,2,79,6,am_peak+early+evening+midday+owl+pm_peak,False,,True,116.01895469072501,357.1429226701394,7,SUM3RDS,1.4502369336340624,2,59.75422566388431,0.0,1.0,1.0,straight_line,transfer point (2 routes)
SUMWARS,SUMMIT ST & WARREN ST,-83.000634,39.979089,2,004+012,2,2,79,6,am_peak+early+evening+midday+owl+pm_peak,False,,True,357.1429226701394,1410.9054172737199,6,4TH803N,2.7935486435013077,3,105.10419898742988,0.0,0.3333333333333333,0.274930362116992,straight_line,transfer point (2 routes)
FIE5THN,FIELDS AVE & E 5TH AVE,-82.991977,39.987148,2,012+022,2,1,79,6,am_peak+early+evening+midday+owl+pm_peak,False,,True,61.67239616296537,250.35213694446813,11,FIE5THS,0.31938608920062445,0,0.0,0.0,0.0,0.0,straight_line,transfer point (2 routes); catchment not reconstructable
FIE1330N,1330 FIELDS AVE,-82.991733,39.989395,2,012+022,2,1,79,6,am_peak+early+evening+midday+owl+pm_peak,False,,True,250.35213694446813,141.34914541249725,6,1333FIES,1.072092313287369,0,0.0,0.0,0.0,0.0,straight_line,transfer point (2 routes); catchment not reconstructable
1333FIEN,1333 FIELDS AVE,-82.991618,39.990665,2,012+022,2,1,79,6,am_peak+early+evening+midday+owl+pm_peak,False,,True,141.34914541249725,57.42885833353747,5,1333FIES,0.7178607291692184,0,0.0,0.0,0.0,0.0,straight_line,transfer point (2 routes); catchment not reconstructable
2425BET,2425 BETHEL RD,-83.084102,40.064518,3,001+033+072,4,2,79,6,am_peak+early+evening+midday+owl+pm_peak,False,,True,260.4961706553416,283.6256286341692,5,BETCOAW,2.5695212606804505,2,14.843406375105015,0.0,0.6666666666666666,0.6064593301435405,straight_line,transfer point (3 routes)
BETWOOE,BETHEL RD & WOOD RUN BLVD,-83.080781,40.0644,3,001+033+072,4,2,79,6,am_peak+early+evening+midday+owl+pm_peak,False,,True,283.6256286341692,282.6390272727366,4,BETCOAW,1.0215952848007486,3,30.254785301841284,0.0,1.0,1.0,straight_line,transfer point (3 routes)
MORMAIE,MORSE RD & MAIZE RD,-82.986753,40.061006,2,034+042,2,1,78,6,am_peak+early+evening+midday+owl+pm_peak,False,,True,519.1574099193084,316.74726305677666,6,MORMAIW,1.1263247265008185,1,28.059015128009186,0.0,0.5,0.7182254196642689,straight_line,transfer point (2 routes)
MORALME,MORSE RD & ALMONT DR,-82.983053,40.06077,2,034+042,2,1,78,6,am_peak+early+evening+midday+owl+pm_peak,False,,True,316.74726305677666,502.3699963390619,5,MORALMW,0.4503367832316913,1,11.33017409697366,0.0,1.0,1.0,straight_line,transfer point (2 routes)
4TH2NDN,N 4TH ST & E 2ND AVE,-82.998665,39.98259,2,004+012,3,2,78,6,am_peak+early+evening+midday+owl+pm_peak,False,,True,358.6329858262961,210.79368246733196,4,4THDETN,2.6349210308416495,1,28.89633548763048,0.0,1.0,1.0,straight_line,transfer point (2 routes)
4THLINN,N 4TH ST & LINCOLN ST,-82.997995,39.976722,2,004+012,3,2,78,6,am_peak+early+evening+midday+owl+pm_peak,False,,True,1133.7544246156801,296.8166114303419,2,4TH803N,3.7102076428792734,1,28.89633548763048,0.0,1.0,1.0,straight_line,transfer point (2 routes)
4TH803N,803 N 4TH ST,-82.998048,39.979395,2,004+012,3,2,78,6,am_peak+early+evening+midday+owl+pm_peak,False,,True,296.8166114303419,358.6329858262961,3,SUMWARS,2.7935486435013077,1,28.89633548763048,0.0,0.3333333333333333,0.274930362116992,straight_line,transfer point (2 routes)
MORALMW,MORSE RD & ALMONT DR,-82.983245,40.061059,2,034+042,2,1,78,6,am_peak+early+evening+midday+owl+pm_peak,False,,True,396.14711945516905,383.5403503815646,6,MORALME,0.4503367832316913,1,11.33017409697366,0.0,1.0,1.0,straight_line,transfer point (2 routes)
MORKARW1,MORSE RD & KARL RD,-82.978615,40.060788,2,034+042,2,1,78,6,am_peak+early+evening+midday+owl+pm_peak,False,,True,132.28775826535488,396.14711945516905,8,KARMORS,1.5548042361792027,1,11.33017409697366,0.0,1.0,1.0,straight_line,transfer point (2 routes)
4THDETN,N 4TH ST & DETROIT AVE,-82.999027,39.984468,2,004+012,3,2,78,6,am_peak+early+evening+midday+owl+pm_peak,False,,True,210.79368246733196,259.4206227754578,9,4TH2NDN,2.6349210308416495,1,28.89633548763048,0.0,1.0,1.0,straight_line,transfer point (2 routes)
4THSPRN,N 4TH ST & E SPRING ST,-82.996877,39.966547,2,004+012,3,2,78,6,am_peak+early+evening+midday+owl+pm_peak,False,,True,437.61102221189844,1133.7544246156801,9,SPR4THW,0.9697091969660739,0,0.0,0.0,0.0,0.0,straight_line,transfer point (2 routes); catchment not reconstructable
EASTER7,EASTON TERMINAL BAY 7,-82.909141,40.060719,1,031,2,2,78,6,am_peak+early+evening+midday+owl+pm_peak,True,031,False,148.56975502858964,171.2813840520312,12,EASTER1,0.0,0,0.0,0.0,0.0,0.0,straight_line,terminal; catchment not reconstructable
MOR2975E,2975 MORSE RD,-82.941099,40.058859,1,034,1,1,77,6,am_peak+early+evening+midday+owl+pm_peak,False,,False,327.7932055268798,377.3166460349567,4,MORWESW,2.0204065619239793,0,0.0,0.0,0.0,0.0,straight_line,catchment not reconstructable
MORCLEE,MORSE RD & CLEVELAND AVE,-82.952229,40.059373,1,034,1,1,77,6,am_peak+early+evening+midday+owl+pm_peak,False,,False,420.09986235567794,222.62835119440342,5,CLEMORN,0.8199174903072193,2,8.958742309234973,0.0,1.0,1.0,straight_line,
MORCHEE,MORSE RD & CHESFORD RD,-82.944934,40.059039,1,034,1,1,77,6,am_peak+early+evening+midday+owl+pm_peak,False,,False,400.85301539232734,327.7932055268798,3,MOROPPW,0.5937370445863696,1,20.259639470557545,0.0,1.0,1.0,straight_line,
MORWALE,MORSE RD & WALFORD ST,-82.961301,40.059834,1,034,1,1,77,6,am_peak+early+evening+midday+owl+pm_peak,False,,False,473.5564915825109,355.5877709902879,3,MORNORW,1.710156699673328,2,24.399398171622334,0.0,0.6666666666666666,0.5626822157434396,straight_line,
MORMORS,MORSE CROSSING & MORSE RD,-82.918465,40.056593,1,034,1,1,77,6,am_peak+early+evening+midday+owl+pm_peak,False,,False,349.44659267718123,163.616483328121,6,MORMORE1,1.8758204699733672,0,0.0,0.0,0.0,0.0,straight_line,catchment not reconstructable
MOR415S,4155 MORSE CROSSING,-82.91858,40.055122,1,034,1,1,77,6,am_peak+early+evening+midday+owl+pm_peak,False,,False,163.616483328121,489.0134610210805,5,MORSETN,0.3224141344841046,0,0.0,0.0,0.0,0.0,straight_line,catchment not reconstructable
MORGOLE,MORSE RD & GOLDENGATE SQ N,-82.949625,40.059243,1,034,1,1,77,6,am_peak+early+evening+midday+owl+pm_peak,False,,False,222.62835119440342,400.85301539232734,5,MOR2560W,1.8223632328063886,2,24.680456753872843,0.0,0.5,0.30382293762575424,straight_line,
MORTAME,MORSE RD & TAMARACK BLVD,-82.970357,40.060215,1,034,1,1,77,6,am_peak+early+evening+midday+owl+pm_peak,False,,False,274.97464768688997,300.2726663489249,7,MORTAMW,1.2624144431216693,2,16.687853321124017,0.0,1.0,1.0,straight_line,
MOR177E,MORSE RD & NORTHLAND RIDGE BLVD,-82.973579,40.060279,1,034,1,1,77,6,am_peak+early+evening+midday+owl+pm_peak,False,,False,240.86552744761934,274.97464768688997,11,MOR170W,1.2787139860386711,1,13.174621042992653,0.0,0.0,0.0,straight_line,
MOREASN1,MORSE CROSSING & EASTON WAY,-82.919927,40.049507,1,034,1,1,77,6,am_peak+early+evening+midday+owl+pm_peak,False,,False,353.1674086918451,239.9629305794645,8,EASMORW,1.4859634231949437,0,0.0,0.0,0.0,0.0,straight_line,catchment not reconstructable
MORGRAS,MORSE CROSSING & EASTON MARKET,-82.920136,40.050883,1,034,1,1,77,6,am_peak+early+evening+midday+owl+pm_peak,False,,False,489.0134610210805,291.91564047671983,5,MORGRAMN,1.1359650952805664,0,0.0,0.0,0.0,0.0,straight_line,catchment not reconstructable
MORHEATE,MORSE RD & HEATON RD,-82.96684,40.060111,1,034,1,1,77,6,am_peak+early+evening+midday+owl+pm_peak,False,,False,300.2726663489249,473.5564915825109,4,MORHEAW,1.3923717180248067,3,35.65930762303337,18.971454301909354,0.6666666666666666,0.8755760368663597,straight_line,only access for 19 daily trips
HUDSUME,E HUDSON ST & SUMMIT ST,-83.000867,40.015091,2,004+031,2,1,77,6,am_peak+early+evening+midday+owl+pm_peak,False,,True,299.0356739223472,137.05058427805025,8,HUDSUMW,0.4519321203534152,3,15.25328347422033,0.0,0.6666666666666666,0.7351247600767755,straight_line,transfer point (2 routes)
OHIAFRE,OHIOHEALTH & AFRICA RD,-82.935922,40.147692,1,101,2,2,77,6,am_peak+early+evening+midday+owl+pm_peak,True,101,False,276.53973368048514,494.32015364964775,1,AFRPOLN,3.4567466710060644,1,82.56095853608693,0.0,1.0,1.0,straight_line,terminal
MORMALE,MORSE RD & MALIN ST,-82.95714,40.059649,1,034,1,1,77,6,am_peak+early+evening+midday+owl+pm_peak,False,,False,355.5877709902879,420.09986235567794,5,MORMALW,1.1939644033264933,2,24.399398171622334,0.0,1.0,1.0,straight_line,
MOR170W,1700 MORSE RD,-82.97471,40.060585,1,034,1,1,77,6,am_peak+early+evening+midday+owl+pm_peak,False,,False,274.89237806248565,333.9124902894446,12,MOR177E,1.2787139860386711,0,0.0,0.0,0.0,0.0,straight_line,catchment not reconstructable
MORHEAW,MORSE RD & HEATON RD,-82.968093,40.060393,1,034,1,1,77,6,am_peak+early+evening+midday+owl+pm_peak,False,,False,448.63775607387197,290.04356076503734,5,MORHEATE,1.3923717180248067,2,16.687853321124017,0.0,0.6666666666666666,0.8755760368663597,straight_line,
MORGRAMN,MORSE CROSSING & GRAMERCY ST,-82.91983,40.051667,1,034,1,1,77,6,am_peak+early+evening+midday+owl+pm_peak,False,,False,239.9629305794645,397.73717307597644,7,MORGRAS,1.1359650952805664,0,0.0,0.0,0.0,0.0,straight_line,catchment not reconstructable
MOROPPW,MORSE RD & CHESFORD RD,-82.944432,40.059224,1,034,1,1,77,6,am_peak+early+evening+midday+owl+pm_peak,False,,False,445.2203022841996,216.66270156342824,3,MORCHEE,0.5937370445863696,1,20.259639470557545,0.0,1.0,1.0,straight_line,
MOR2700W,2700 MORSE RD,-82.946967,40.059341,1,034,1,1,77,6,am_peak+early+evening+midday+owl+pm_peak,False,,False,216.66270156342824,368.8394674352457,4,MORCHEE,2.2082068278759936,2,24.680456753872843,0.0,0.5,0.6961770623742457,straight_line,
MORCLEW,MORSE RD & CLEVELAND AVE,-82.954772,40.059804,1,034,1,1,77,6,am_peak+early+evening+midday+owl+pm_peak,False,,False,299.0488697677524,290.5318949951487,6,CLEMORS,2.2093693988044945,3,28.82021545493763,0.0,0.6666666666666666,0.41917808219178043,straight_line,
MEDCCW,MEDICAL CENTER DR & OLD CANNON DR,-83.018683,39.992582,2,022+031,2,2,77,6,am_peak+early+evening+midday+owl+pm_peak,False,,True,190.3841118879775,699.7529652360989,4,MEDCCE,0.26650678885683926,1,1.0246927477883139,0.0,1.0,1.0,straight_line,transfer point (2 routes)
9THMEDCW,W 9TH AVE & MEDICAL CTR DR,-83.016716,39.993389,2,022+031,2,2,77,6,am_peak+early+evening+midday+owl+pm_peak,False,,True,225.3454631535506,190.3841118879775,7,MEDC9THN,0.7107982471087987,3,2.4299856590408586,0.0,0.3333333333333333,0.42168674698795183,straight_line,transfer point (2 routes)
HIGKANN,N HIGH ST & E KANAWHA AVE,-83.018941,40.07093,2,033+102,3,2,77,6,am_peak+early+evening+midday+owl+pm_peak,False,,True,259.12239237274326,268.4119832624525,9,HIGKANS,0.5709225205200028,0,0.0,0.0,0.0,0.0,straight_line,transfer point (2 routes); catchment not reconstructable
MOR2560W,2560 MORSE RD,-82.95128,40.05957,1,034,1,1,77,6,am_peak+early+evening+midday+owl+pm_peak,False,,False,368.8394674352457,299.0488697677524,6,MORCLEE,1.0483268807399058,1,4.420817283315297,0.0,0.5,0.4934640522875818,straight_line,
MORMALW,MORSE RD & MALIN ST,-82.958169,40.059988,1,034,1,1,77,6,am_peak+early+evening+midday+owl+pm_peak,False,,False,290.5318949951487,399.21356581879326,4,MORMALE,1.1939644033264933,2,24.399398171622334,0.0,1.0,1.0,straight_line,
MORNORW,MORSE RD & NORTHTOWNE BLVD,-82.962842,40.060175,1,034,1,1,77,6,am_peak+early+evening+midday+owl+pm_peak,False,,False,399.21356581879326,448.63775607387197,3,MORWALE,1.710156699673328,3,37.574019214614985,0.0,0.6666666666666666,0.5626822157434396,straight_line,
BOBEDGS,BOBCAT AVE & EDGEHILL RD,-83.029498,39.983806,2,003+022,2,2,77,6,am_peak+early+evening+midday+owl+pm_peak,False,,True,316.89844177643903,323.16859283156515,6,3RDEDGW1,1.293786709287183,1,12.413420716064168,0.0,0.5,0.18911685994647695,straight_line,transfer point (2 routes)
MORWESW,MORSE RD & WESTERVILLE RD,-82.939219,40.059039,1,034,1,1,77,6,am_peak+early+evening+midday+owl+pm_peak,False,,False,619.5004205916622,445.2203022841996,3,MOR2975E,2.0204065619239793,1,21.875726318497968,0.0,0.0,0.0,straight_line,
BOBBELS,BOBCAT AVE & 1ST AVE,-83.029243,39.980902,2,003+022,2,2,77,6,am_peak+early+evening+midday+owl+pm_peak,False,,True,323.16859283156515,757.9446289017575,6,BOBBELN,0.207265227611264,1,12.413420716064168,0.0,1.0,1.0,straight_line,transfer point (2 routes)
MORSETN,MORSE CROSSING & SETON ST,-82.918293,40.055049,1,034,1,1,77,6,am_peak+early+evening+midday+owl+pm_peak,False,,False,397.73717307597644,351.7916701175442,5,MOR415S,0.3224141344841046,0,0.0,0.0,0.0,0.0,straight_line,catchment not reconstructable
EASTER3,EASTON TERMINAL BAY 3,-82.909141,40.060719,1,024,2,2,76,6,am_peak+early+evening+midday+owl+pm_peak,True,024,False,148.56975502858964,171.2813840520312,12,EASTER1,0.0,0,0.0,0.0,0.0,0.0,straight_line,terminal; catchment not reconstructable
MCAR3,MOBILITY CENTER AT RICKENBACKER BAY 3,-82.945334,39.829925,1,024,2,2,76,6,am_peak+early+evening+midday+owl+pm_peak,True,024,False,959.7631946343457,994.1288094732251,1,MCAR1,0.27389836790130956,1,178.1208765012597,0.0,1.0,1.0,straight_line,terminal
NORKINS1,NORTHWEST BLVD & GIANT EAGLE,-83.057386,40.021089,1,003,2,2,76,6,am_peak+early+evening+midday+owl+pm_peak,True,003,False,342.63398564453485,296.7482772199105,7,ZOLNORW3,3.1467114686139483,2,22.49723383817693,0.0,1.0,1.0,straight_line,terminal
PKWCTRS,PARKWAY CENTRE DR & STRINGTOWN RD,-83.045635,39.877625,1,003,2,2,76,6,am_peak+early+evening+midday+owl+pm_peak,True,003,False,1016.5440265537604,524.6133507574806,1,STRTHISW,2.9720906091368122,0,0.0,0.0,0.0,0.0,straight_line,terminal; catchment not reconstructable
MEDC9THN,MEDICAL CENTER DR & W 9TH AVE,-83.01724,39.993073,2,022+031,2,2,76,6,am_peak+early+evening+midday+owl+pm_peak,False,,True,151.7605566868209,282.70341046230067,7,9THMEDCW,0.7107982471087987,1,1.0246927477883139,0.0,0.3333333333333333,0.42168674698795183,straight_line,transfer point (2 routes)
MAIOAKE1,E MAIN ST & OAK VALLEY RD,-82.787234,39.955517,1,002,2,2,76,6,am_peak+early+evening+midday+owl+pm_peak,True,002,False,397.4252187775584,712.6303721677768,4,MAIOAKW,0.39232808797064495,0,0.0,0.0,0.0,0.0,straight_line,terminal; catchment not reconstructable
KINOLEE1,KING AVE & OLENTANGY TRAIL,-83.022976,39.990692,2,022+031,2,2,76,6,am_peak+early+evening+midday+owl+pm_peak,False,,True,352.2616995932794,404.89675641496314,3,KINOLEW,3.8863097864032476,0,0.0,0.0,0.0,0.0,straight_line,transfer point (2 routes); catchment not reconstructable
MEDCCE,MEDICAL CENTER DR & OLD CANNON DR,-83.018794,39.99241,2,022+031,2,2,76,6,am_peak+early+evening+midday+owl+pm_peak,False,,True,404.89675641496314,151.7605566868209,4,MEDCCW,0.26650678885683926,1,1.0246927477883139,0.0,1.0,1.0,straight_line,transfer point (2 routes)
HUDSUMW,E HUDSON ST & SUMMIT ST,-83.00046,40.015181,2,004+031,3,1,76,6,am_peak+early+evening+midday+owl+pm_peak,False,,True,314.0804860559183,265.04398863638465,9,HUDSUME,0.4519321203534152,2,11.213066354369264,0.0,0.6666666666666666,0.7351247600767755,straight_line,transfer point (2 routes)
HIGMOUS,S HIGH ST & W MOUND ST,-82.999181,39.954145,3,005+008+052,4,2,76,6,am_peak+early+evening+midday+owl+pm_peak,False,,True,160.15745473882203,266.72750780172623,12,MOUHIGW3,1.0152185312578506,1,42.597941372342795,0.0,0.0,0.0,straight_line,transfer point (3 routes)
POLAFRE1,POLARIS PKWY & AFRICA RD,-82.94205,40.14553,2,101+102,2,1,76,6,am_peak+early+evening+midday+owl+pm_peak,False,,True,360.2704407961429,298.2935343648048,3,POLAFRW1,1.0293442843396958,1,82.56095853608693,0.0,1.0,1.0,straight_line,transfer point (2 routes)
HIGMOUN,S HIGH ST & E MOUND ST,-82.999117,39.955174,3,005+008+052,4,2,76,6,am_peak+early+evening+midday+owl+pm_peak,False,,True,471.56526614191745,124.24492011061918,12,MOUHIGW1,0.4199504103467751,0,0.0,0.0,0.0,0.0,straight_line,transfer point (3 routes); catchment not reconstructable
POLCLEE,POLARIS PKWY & CLEVELAND AVE,-82.946278,40.14556,2,101+102,2,1,76,6,am_peak+early+evening+midday+owl+pm_peak,False,,True,147.99669822578613,360.2704407961429,4,POLCLEW,1.5117669367577966,0,0.0,0.0,0.0,0.0,straight_line,transfer point (2 routes); catchment not reconstructable
LIVWALE,E LIVINGSTON AVE & WALNUT HILL BLVD,-82.837842,39.942442,1,001,2,1,75,6,am_peak+early+evening+midday+owl+pm_peak,False,,False,303.9376959219422,210.74010572049664,5,LIVMCNW,0.31962842506524436,1,17.05088732319758,0.0,0.5,0.39139784946236594,straight_line,
LIVSARE,E LIVINGSTON AVE & SARANAC DR,-82.835386,39.942271,1,001,2,1,75,6,am_peak+early+evening+midday+owl+pm_peak,False,,False,210.74010572049664,435.32892025720514,3,LIVSARW,0.47599392856948947,1,17.05088732319758,0.0,1.0,1.0,straight_line,
LIVBRIE,E LIVINGSTON AVE & BRICE RD,-82.830305,39.94199,1,001,2,1,75,6,am_peak+early+evening+midday+owl+pm_peak,False,,False,435.32892025720514,418.5807319162357,7,LIVBRIW,0.34742921981373776,0,0.0,0.0,0.0,0.0,straight_line,catchment not reconstructable
LIV18TE,E LIVINGSTON AVE & S 18TH ST,-82.978123,39.950844,1,001,2,1,75,6,am_peak+early+evening+midday+owl+pm_peak,False,,False,213.6124976513432,217.2242400172156,6,LIV18TW,0.6836579914523181,1,6.499479714543019,0.0,1.0,1.0,straight_line,
LIVANNE,E LIVINGSTON AVE & ANN ST,-82.980461,39.951525,1,001,2,1,75,6,am_peak+early+evening+midday+owl+pm_peak,False,,False,201.0043878474475,213.6124976513432,7,LIVANNW,0.3426816107300017,2,16.30725315765975,0.0,0.5,0.6014362657091565,straight_line,
LIVKELE,E LIVINGSTON AVE & KELTON AVE,-82.958973,39.949071,1,001,2,1,75,6,am_peak+early+evening+midday+owl+pm_peak,False,,False,432.69683070621323,198.9810510017225,4,LIVKELW,0.8854123895643088,4,12.074644746387193,0.0,0.75,0.8395989974937343,straight_line,
LIVSTUE,E LIVINGSTON AVE & STUDER AVE,-82.964026,39.949323,1,001,2,1,75,6,am_peak+early+evening+midday+owl+pm_peak,False,,False,294.2704542790114,432.69683070621323,4,LIVLOCW,1.2675247946411095,2,4.420817283315297,0.0,0.3333333333333333,0.40501792114695334,straight_line,
LIVBERE,E LIVINGSTON AVE & BERKLEY RD,-82.956648,39.948972,1,001,2,1,75,6,am_peak+early+evening+midday+owl+pm_peak,False,,False,198.9810510017225,433.2901814416738,4,LIVLILW,0.9221208273872277,2,5.018903254473374,0.0,1.0,1.0,straight_line,
LIVWILE,E LIVINGSTON AVE & WILSON AVE,-82.967463,39.949488,1,001,2,1,75,6,am_peak+early+evening+midday+owl+pm_peak,False,,False,249.07302327191974,294.2704542790114,11,LIVWILW,0.4416184413398937,2,4.420817283315297,0.0,0.5,0.7483443708609272,straight_line,
LIV22NE,E LIVINGSTON AVE & S 22ND ST,-82.972419,39.949728,1,001,2,1,75,6,am_peak+early+evening+midday+owl+pm_peak,False,,False,292.9635919290065,175.26559112746156,12,LIVOHIW,0.6270244846303447,2,13.87726749861888,0.0,1.0,1.0,straight_line,
LIVCARE,E LIVINGSTON AVE & CARPENTER ST,-82.975829,39.950001,1,001,2,1,75,6,am_peak+early+evening+midday+owl+pm_peak,False,,False,217.2242400172156,292.9635919290065,7,LIVCARW,0.9997060545187587,1,6.499479714543019,0.0,1.0,1.0,straight_line,
NATCONW,NATIONWIDE BLVD & CONVENTION CENTER,-82.998717,39.969168,1,101,2,1,75,6,am_peak+early+evening+midday+owl+pm_peak,False,,False,698.2784454088587,294.5753132579625,8,NAG5THE1,2.7475663711798317,0,0.0,0.0,0.0,0.0,straight_line,catchment not reconstructable
LIVCOUE,E LIVINGSTON AVE & COURTRIGHT RD,-82.896414,39.945763,1,001,2,1,75,6,am_peak+early+evening+midday+owl+pm_peak,False,,False,469.0487476985031,197.66391533540107,5,COULIVS,1.2365976061643194,3,14.404252340338584,0.0,0.25,0.35838150289017334,straight_line,
MAICASW1,E MAIN ST & S CASSADY AVE,-82.933802,39.95716,1,002,2,1,75,6,am_peak+early+evening+midday+owl+pm_peak,False,,False,313.38168761767287,350.67437464453286,5,MAIEUCE,0.34816375687647155,3,28.172776935110548,0.0,1.0,1.0,straight_line,
MAIDREW,E MAIN ST & S DREXEL AVE,-82.937905,39.957238,1,002,2,1,75,6,am_peak+early+evening+midday+owl+pm_peak,False,,False,350.67437464453286,355.49735784669787,5,MAIDREE,0.2136185651710872,2,26.646193861874913,0.0,1.0,1.0,straight_line,
MAIPARKW,E MAIN ST & S PARKVIEW AVE,-82.942062,39.957373,1,002,2,1,75,6,am_peak+early+evening+midday+owl+pm_peak,False,,False,355.49735784669787,282.62417014354554,7,MAIPARE,0.2565118937232729,2,26.646193861874913,0.0,1.0,1.0,straight_line,
MAIRHOW,E MAIN ST & RHOADS AVE,-82.949091,39.957513,1,002,2,1,75,6,am_peak+early+evening+midday+owl+pm_peak,False,,False,318.1602614621362,294.29062426100063,7,MAIRHOE,0.26083679872499277,0,0.0,0.0,0.0,0.0,straight_line,catchment not reconstructable
MAIFAIW,E MAIN ST & FAIRWOOD AVE,-82.952534,39.957587,1,002,2,1,75,6,am_peak+early+evening+midday+owl+pm_peak,False,,False,294.29062426100063,484.5346850612912,9,MAIBULE,1.3104726045129313,2,12.676913136924009,0.0,0.5,0.2540415704387988,straight_line,
HIGGLEN,N HIGH ST & GLENMONT AVE,-83.019296,40.044793,1,002,2,1,75,6,am_peak+early+evening+midday+owl+pm_peak,False,,False,426.16960520883777,322.9335808601325,4,HIGBLES,0.9674107571843651,2,17.478330583703546,0.0,0.5,0.4221105527638186,straight_line,
HIGTORN,N HIGH ST & E TORRENCE RD,-83.016671,40.035032,1,002,2,1,75,6,am_peak+early+evening+midday+owl+pm_peak,False,,False,356.84559029705923,274.44319158501895,7,HIGNORMS,1.7309953527316904,3,37.24611753532269,0.0,1.0,1.0,straight_line,
LIVBULE,E LIVINGSTON AVE & BULEN AVE,-82.951589,39.948709,1,001,2,1,75,6,am_peak+early+evening+midday+owl+pm_peak,False,,False,433.2901814416738,175.18861471612638,4,LIVBULW,0.19304758598750488,3,7.419611977863138,0.0,1.0,1.0,straight_line,
HIGGLENN,N HIGH ST & GLENCOE RD,-83.017313,40.037454,1,002,2,1,75,6,am_peak+early+evening+midday+owl+pm_peak,False,,False,274.44319158501895,204.04603753067371,5,HIGERIS,0.9331270440224003,3,35.92865543102342,0.0,1.0,1.0,straight_line,
HIGINDN,N HIGH ST & INDIAN SPRINGS DR,-83.02007,40.04764,1,002,2,1,75,6,am_peak+early+evening+midday+owl+pm_peak,False,,False,322.9335808601325,284.0198366023373,5,HIGWESS,1.078628153843527,1,10.100542799627684,0.0,1.0,1.0,straight_line,
HIGCOON,N HIGH ST & E COOKE RD,-83.020077,40.050198,1,002,2,1,75,6,am_peak+early+evening+midday+owl+pm_peak,False,,False,284.0198366023373,247.15402035278697,5,HIGCOOS,1.0385402355644473,2,15.07762186031378,0.0,1.0,1.0,straight_line,
MAIOHIW,E MAIN ST & S OHIO AVE,-82.97059,39.957941,1,002,2,1,75,6,am_peak+early+evening+midday+owl+pm_peak,False,,False,115.8352341263321,329.586522290437,12,MAIOHIE,0.5593660616760867,1,4.537925025919676,0.0,0.5,0.5805243445692884,straight_line,
MAICHEW,E MAIN ST & S CHESTERFIELD RD,-82.92096,39.956833,1,002,2,1,75,6,am_peak+early+evening+midday+owl+pm_peak,False,,False,208.71646507451942,235.9330415098372,5,MAIENFE,0.6553854500929206,2,12.120651359553198,0.0,1.0,1.0,straight_line,
MAIKENW,E MAIN ST & KENWICK RD,-82.92372,39.956899,1,002,2,1,75,6,am_peak+early+evening+midday+owl+pm_peak,False,,False,235.9330415098372,302.29838567724727,5,MAIBROE,0.9316431664565771,4,30.188703075657344,0.0,0.5,0.4339622641509434,straight_line,
MAIROOW,E MAIN ST & S ROOSEVELT AVE,-82.927256,39.956992,1,002,2,1,75,6,am_peak+early+evening+midday+owl+pm_peak,False,,False,302.29838567724727,246.23242555723235,5,MAIROOE,0.36477156198434035,2,18.068051716104147,0.0,1.0,1.0,straight_line,
MAIREMW,E MAIN ST & S REMINGTON RD,-82.930136,39.957072,1,002,2,1,75,6,am_peak+early+evening+midday+owl+pm_peak,False,,False,246.23242555723235,313.38168761767287,5,MAIMONE,0.6346514949062432,2,18.068051716104147,0.0,1.0,1.0,straight_line,
MAIWILW,E MAIN ST & WILSON AVE,-82.966495,39.957862,1,002,2,1,75,6,am_peak+early+evening+midday+owl+pm_peak,False,,False,194.0355738846797,234.1639418887758,12,MAIWILE,0.6001137386644296,0,0.0,0.0,0.0,0.0,straight_line,catchment not reconstructable
MAICHAW,E MAIN ST & S CHAMPION AVE,-82.969235,39.957907,1,002,2,1,75,6,am_peak+early+evening+midday+owl+pm_peak,False,,False,234.1639418887758,115.8352341263321,12,MAICHAE,0.3145712835563131,1,4.537925025919676,0.0,0.0,0.0,straight_line,
HIGDODN,N HIGH ST & E DODRIDGE ST,-83.011804,40.016541,1,002,2,1,75,6,am_peak+early+evening+midday+owl+pm_peak,False,,False,259.49879442925766,332.50354008281107,5,HIGDODS,0.3894773775966027,3,20.87445511923053,0.0,0.6666666666666666,0.4264036418816385,straight_line,
HIGKELN,N HIGH ST & E KELSO RD,-83.013096,40.021564,1,002,2,1,75,6,am_peak+early+evening+midday+owl+pm_peak,False,,False,236.01200270528892,311.4181035135134,4,HIGCRES,1.5083466762774775,2,20.544043988311028,0.0,0.5,0.5348432055749129,straight_line,
MAIHAMW,E MAIN ST & S HAMILTON RD,-82.87647,39.955576,1,002,2,1,75,6,am_peak+early+evening+midday+owl+pm_peak,False,,False,262.09333500691633,292.0678529574884,8,HAMMAIS,0.5582948320690658,0,0.0,0.0,0.0,0.0,straight_line,catchment not reconstructable
MAIKELTW,E MAIN ST & KELTON AVE,-82.958203,39.957701,1,002,2,1,75,6,am_peak+early+evening+midday+owl+pm_peak,False,,False,484.5346850612912,200.142396283335,9,MAIKELTE,0.7875561304412008,1,9.456450215303594,0.0,1.0,1.0,straight_line,
MAIMILLW,E MAIN ST & MILLER AVE,-82.960545,39.957736,1,002,2,1,75,6,am_peak+early+evening+midday+owl+pm_peak,False,,False,200.142396283335,314.53610735186203,11,MAIMILLE,0.43490667053969323,1,9.456450215303594,0.0,1.0,1.0,straight_line,
MAIKENW1,E MAIN ST & KENDALL PL,-82.964225,39.957811,1,002,2,1,75,6,am_peak+early+evening+midday+owl+pm_peak,False,,False,314.53610735186203,194.0355738846797,9,MAIKIME,0.5199819447250034,1,6.265264229334262,0.0,1.0,1.0,straight_line,
MAIWESW,E MAIN ST & WESTPHAL AVE,-82.882077,39.955698,1,002,2,1,75,6,am_peak+early+evening+midday+owl+pm_peak,False,,False,187.19709890579784,343.0654716729253,5,MAIWESE1,0.5136100110803172,2,5.972494872823315,0.0,1.0,1.0,straight_line,
MAIBERW,E MAIN ST & BERNHARD RD,-82.879887,39.955649,1,002,2,1,75,6,am_peak+early+evening+midday+owl+pm_peak,False,,False,292.0678529574884,187.19709890579784,9,MAIBERE,0.2845683442206923,2,5.972494872823315,0.0,1.0,1.0,straight_line,
MAIYEAW,E MAIN ST & S YEARLING RD,-82.886087,39.955855,1,002,2,1,75,6,am_peak+early+evening+midday+owl+pm_peak,False,,False,343.0654716729253,250.99499906076372,5,MAIYEAE,0.6708538275253513,3,11.418004903926928,0.0,1.0,1.0,straight_line,
HIGFALN,N HIGH ST & FALLIS RD,-83.017795,40.039254,1,002,2,1,75,6,am_peak+early+evening+midday+owl+pm_peak,False,,False,204.04603753067371,202.03236944187802,6,HIGAMAS,1.5318064600345271,3,35.92865543102342,0.0,0.6666666666666666,0.6475814412635733,straight_line,
CLEFORS,CLEVELAND AVE & FORT HAYES,-82.990072,39.976497,1,101,2,1,75,6,am_peak+early+evening+midday+owl+pm_peak,False,,False,525.2539577403218,756.3165305910437,1,CLEFORN,0.3359059683956763,0,0.0,0.0,0.0,0.0,straight_line,catchment not reconstructable
CLEMOUS,CLEVELAND AVE & MOUNT VERNON AVE,-82.990572,39.969696,1,101,2,1,75,6,am_peak+early+evening+midday+owl+pm_peak,False,,False,756.3165305910437,698.2784454088587,4,CLEMOUN,0.30286725517317115,1,9.192957794443734,0.0,1.0,1.0,straight_line,
CLE5THS1,CLEVELAND AVE & E 5TH AVE,-82.989371,39.985985,1,101,2,1,75,6,am_peak+early+evening+midday+owl+pm_peak,False,,False,1104.6945664171724,529.9217987587665,7,CLE4THN1,1.3758976027297325,1,8.31464972491089,0.0,1.0,1.0,straight_line,
CLE2NDS,CLEVELAND AVE & 2ND AVE,-82.989677,39.981218,1,101,2,1,75,6,am_peak+early+evening+midday+owl+pm_peak,False,,False,529.9217987587665,525.2539577403218,1,CLE2NDN,1.5585049059174123,1,8.31464972491089,0.0,1.0,1.0,straight_line,
MAIDREE,E MAIN ST & S DREXEL AVE,-82.937831,39.957095,1,002,2,1,75,6,am_peak+early+evening+midday+owl+pm_peak,False,,False,354.77191335641976,365.76129227307376,5,MAIDREW,0.2136185651710872,2,26.646193861874913,0.0,1.0,1.0,straight_line,
MAIKIME,E MAIN ST & KIMBALL PL,-82.963786,39.957649,1,002,2,1,75,6,am_peak+early+evening+midday+owl+pm_peak,False,,False,276.5788311248828,245.97788190572973,9,MAIKENW1,0.5199819447250034,1,6.265264229334262,0.0,1.0,1.0,straight_line,
MAIKELTE,E MAIN ST & KELTON AVE,-82.958924,39.957582,1,002,2,1,75,6,am_peak+early+evening+midday+owl+pm_peak,False,,False,169.52209805877683,367.39387016696526,8,MAIKELTW,0.7875561304412008,1,9.456450215303594,0.0,1.0,1.0,straight_line,
MAISEYE,E MAIN ST & SEYMOUR AVE,-82.954627,39.95746,1,002,2,1,75,6,am_peak+early+evening+midday+owl+pm_peak,False,,False,367.39387016696526,281.76829459883714,8,MAIFAIW,2.2423105922339874,3,15.341114281173624,0.0,0.6666666666666666,0.8263358778625957,straight_line,
MAIBULE,E MAIN ST & BULEN AVE,-82.95133,39.957405,1,002,2,1,75,6,am_peak+early+evening+midday+owl+pm_peak,False,,False,281.76829459883714,202.15583721954388,8,MAIFAIW,1.3104726045129313,1,3.220462921620415,0.0,0.5,0.2540415704387988,straight_line,
MAILAMW,E MAIN ST & LAMBY LN,-82.892222,39.955992,1,002,2,1,75,6,am_peak+early+evening+midday+owl+pm_peak,False,,False,273.43012014348784,352.681149467972,5,MAILAME,0.21788934020113154,1,5.445510031103611,0.0,1.0,1.0,straight_line,
MAIROBW,E MAIN ST & ROBINWOOD AVE,-82.896346,39.956127,1,002,2,1,75,6,am_peak+early+evening+midday+owl+pm_peak,False,,False,352.681149467972,403.4317199379705,4,MAIROBE1,0.5416481908075456,2,16.141350522303533,0.0,1.0,1.0,straight_line,
MAICOLWW,E MAIN ST & COLLINGWOOD AVE,-82.901064,39.956271,1,002,2,1,75,6,am_peak+early+evening+midday+owl+pm_peak,False,,False,403.4317199379705,205.29217541903472,5,MAICOLWE,0.3043650807787011,1,10.695840491199924,0.0,1.0,1.0,straight_line,
MAIEASW,E MAIN ST & EASTMOOR BLVD,-82.918519,39.956761,1,002,2,1,75,6,am_peak+early+evening+midday+owl+pm_peak,False,,False,350.07385679141487,208.71646507451942,9,MAIBROE1,1.081975657270179,2,12.120651359553198,0.0,1.0,1.0,straight_line,
HIGPACN,N HIGH ST & E PACEMONT RD,-83.014398,40.026507,1,002,2,1,75,6,am_peak+early+evening+midday+owl+pm_peak,False,,False,248.55827819873107,223.40048467287926,4,HIGLAKS,1.1833878192735692,3,25.073604175473243,0.0,0.5,0.5550935550935552,straight_line,
HIGCOMN,N HIGH ST & E COMO AVE,-83.014924,40.028478,1,002,2,1,75,6,am_peak+early+evening+midday+owl+pm_peak,False,,False,223.40048467287926,385.97780310248373,7,HIGLAKS,1.6550700437273775,4,34.889742457347424,0.0,0.75,0.6374012291483756,straight_line,
MAIBERE,E MAIN ST & BERNHARD RD,-82.880052,39.955488,1,002,2,1,75,6,am_peak+early+evening+midday+owl+pm_peak,False,,False,210.9986816076196,246.5835329036202,8,MAIBERW,0.2845683442206923,2,5.972494872823315,0.0,1.0,1.0,straight_line,
MAIMAPW,E MAIN ST & MAPLEWOOD AVE,-82.903466,39.956316,1,002,2,1,75,6,am_peak+early+evening+midday+owl+pm_peak,False,,False,205.29217541903472,222.47980919445385,5,MAIMAPE,0.3303206592658806,1,10.695840491199924,0.0,1.0,1.0,straight_line,
MAIRUBW,E MAIN ST & RUBY AVE,-82.906068,39.956392,1,002,2,1,75,6,am_peak+early+evening+midday+owl+pm_peak,False,,False,222.47980919445385,220.5860032120405,5,MAIBARE,0.585502912309036,2,8.2560958536087,0.0,1.0,1.0,straight_line,
MAIWEYW,E MAIN ST & S WEYANT AVE,-82.908647,39.956483,1,002,2,1,75,6,am_peak+early+evening+midday+owl+pm_peak,False,,False,220.5860032120405,493.97494085354026,3,MAIWEYE,0.2276252635171236,2,8.2560958536087,0.0,1.0,1.0,straight_line,
MAIJAMW,E MAIN ST & S JAMES RD,-82.914425,39.956636,1,002,2,1,75,6,am_peak+early+evening+midday+owl+pm_peak,False,,False,493.97494085354026,350.07385679141487,7,JAMMAIS,0.5333387289079955,2,8.2560958536087,0.0,0.5,0.24113475177304963,straight_line,
MAILAME,E MAIN ST & LAMBY LN,-82.892223,39.955835,1,002,2,1,75,6,am_peak+early+evening+midday+owl+pm_peak,False,,False,392.39316737543004,273.05036938809513,5,MAILAMW,0.21788934020113154,1,5.445510031103611,0.0,1.0,1.0,straight_line,
MAIROBE1,E MAIN ST & ROBINWOOD AVE,-82.896812,39.955973,1,002,2,1,75,6,am_peak+early+evening+midday+owl+pm_peak,False,,False,353.72343187001786,392.39316737543004,5,MAIROBW,0.5416481908075456,2,16.141350522303533,0.0,1.0,1.0,straight_line,
HIGWEBN,N HIGH ST & E WEBER RD,-83.013839,40.02431,1,002,2,1,75,6,am_peak+early+evening+midday+owl+pm_peak,False,,False,311.4181035135134,248.55827819873107,5,HIGWEBS,1.4443126324529119,4,37.72124037674617,0.0,1.0,1.0,straight_line,
MAICOLWE,E MAIN ST & COLLINGWOOD AVE,-82.90095,39.95607,1,002,2,1,75,6,am_peak+early+evening+midday+owl+pm_peak,False,,False,194.91666614756397,353.72343187001786,6,MAICOLWW,0.3043650807787011,1,10.695840491199924,0.0,1.0,1.0,straight_line,
MAIBARE,E MAIN ST & BARNETT RD,-82.905568,39.956219,1,002,2,1,75,6,am_peak+early+evening+midday+owl+pm_peak,False,,False,263.5663216058483,200.02764784367582,7,MAIRUBW,0.585502912309036,2,8.2560958536087,0.0,1.0,1.0,straight_line,
MAIMAPE,E MAIN ST & MAPLEWOOD AVE,-82.903228,39.956164,1,002,2,1,75,6,am_peak+early+evening+midday+owl+pm_peak,False,,False,200.02764784367582,194.91666614756397,5,MAIMAPW,0.3303206592658806,1,10.695840491199924,0.0,1.0,1.0,straight_line,
MAIHAME,E MAIN ST & S HAMILTON RD,-82.877168,39.955406,1,002,2,1,75,6,am_peak+early+evening+midday+owl+pm_peak,False,,False,246.5835329036202,324.5384158753839,8,HAMMAIN,0.48932858622431336,0,0.0,0.0,0.0,0.0,straight_line,catchment not reconstructable
EMAIN18E,E MAIN ST & E 18TH ST,-82.976504,39.957907,1,002,2,1,75,6,am_peak+early+evening+midday+owl+pm_peak,False,,False,267.10400641787845,242.52372008190528,8,MAICARW,2.2037816520699884,1,3.2790167929226044,0.0,1.0,1.0,straight_line,
MAICARW,E MAIN ST & CARPENTER ST,-82.974446,39.958022,1,002,2,1,75,6,am_peak+early+evening+midday+owl+pm_peak,False,,False,329.586522290437,402.6462801865898,8,MAIGILE,0.8707073841122801,1,3.2790167929226044,0.0,0.5,0.4194756554307116,straight_line,
MAIMONW,E MAIN ST & S MONROE AVE,-82.979157,39.958114,1,002,2,1,75,6,am_peak+early+evening+midday+owl+pm_peak,False,,False,402.6462801865898,202.5795847653088,7,MAIALLE,0.5412609235164794,1,3.2790167929226044,0.0,1.0,1.0,straight_line,
MAIPARSW,E MAIN ST & PARSONS AVE,-82.981527,39.958166,1,002,2,1,75,6,am_peak+early+evening+midday+owl+pm_peak,False,,False,202.5795847653088,355.6421421586807,9,MAIALLE,2.04491383094551,0,0.0,0.0,0.0,0.0,straight_line,catchment not reconstructable
MAIWASW,E MAIN ST & S WASHINGTON AVE,-82.985663,39.957806,1,002,2,1,75,6,am_peak+early+evening+midday+owl+pm_peak,False,,False,355.6421421586807,388.29303936824556,8,MAIWASE,0.6092159735275227,1,8.753803759677313,0.0,1.0,1.0,straight_line,
MAIKARE,E MAIN ST & KARL ST,-82.889029,39.955754,1,002,2,1,75,6,am_peak+early+evening+midday+owl+pm_peak,False,,False,273.05036938809513,201.2766958870814,5,MAIKARW,0.20407824276552705,1,5.445510031103611,0.0,1.0,1.0,straight_line,
MAIYEAE,E MAIN ST & S YEARLING RD,-82.886675,39.955685,1,002,2,1,75,6,am_peak+early+evening+midday+owl+pm_peak,False,,False,201.2766958870814,355.31012422379746,5,MAIYEAW,0.6708538275253513,3,11.418004903926928,0.0,1.0,1.0,straight_line,
MAIWESE1,E MAIN ST & WESTPHAL AVE,-82.88252,39.955554,1,002,2,1,75,6,am_peak+early+evening+midday+owl+pm_peak,False,,False,355.31012422379746,210.9986816076196,5,MAIWESW,0.5136100110803172,2,5.972494872823315,0.0,1.0,1.0,straight_line,
HIGKANS,N HIGH ST & W KANAWHA AVE,-83.019133,40.071314,2,033+102,3,1,75,6,am_peak+early+evening+midday+owl+pm_peak,False,,True,213.61731970008478,153.5097516913514,8,HIGKANN,0.5709225205200028,0,0.0,0.0,0.0,0.0,straight_line,transfer point (2 routes); catchment not reconstructable
MAIBROE1,E MAIN ST & BROOKSIDE DR,-82.917533,39.956582,1,002,2,1,75,6,am_peak+early+evening+midday+owl+pm_peak,False,,False,244.0984199383492,199.05212529497683,9,MAIEASW,1.081975657270179,2,12.120651359553198,0.0,1.0,1.0,straight_line,
MAIWASE,E MAIN ST & S WASHINGTON AVE,-82.986152,39.95758,1,002,2,1,75,6,am_peak+early+evening+midday+owl+pm_peak,False,,False,260.49496696649425,559.0377576233402,5,MAIWASW,0.6092159735275227,1,8.753803759677313,0.0,1.0,1.0,straight_line,
MAIMONE,E MAIN ST & MONTROSE AVE,-82.9307,39.956928,1,002,2,1,75,6,am_peak+early+evening+midday+owl+pm_peak,False,,False,243.80780958154307,270.14991999403156,5,MAIREMW,0.6346514949062432,2,18.068051716104147,0.0,1.0,1.0,straight_line,
MAIROOE,E MAIN ST & S ROOSEVELT AVE,-82.92754,39.956846,1,002,2,1,75,6,am_peak+early+evening+midday+owl+pm_peak,False,,False,270.14991999403156,398.4129604066069,5,MAIROOW,0.36477156198434035,2,18.068051716104147,0.0,1.0,1.0,straight_line,
MAIJAME,E MAIN ST & S JAMES RD,-82.915205,39.956514,1,002,2,1,75,6,am_peak+early+evening+midday+owl+pm_peak,False,,False,199.05212529497683,560.4906008700087,7,JAMMAIS,0.5311448380230938,1,4.1866017981065395,0.0,0.0,0.0,straight_line,
MAIRHOE,E MAIN ST & RHOADS AVE,-82.948965,39.957352,1,002,2,1,75,6,am_peak+early+evening+midday+owl+pm_peak,False,,False,202.15583721954388,422.4403559850967,7,MAIRHOW,0.26083679872499277,0,0.0,0.0,0.0,0.0,straight_line,catchment not reconstructable
MAIALUE,E MAIN ST & ALUM CREEK DR,-82.944023,39.957239,1,002,2,1,75,6,am_peak+early+evening+midday+owl+pm_peak,False,,False,422.4403559850967,174.52891337884458,5,MAIHOLW,1.4680056437985687,1,10.104725219006399,0.0,0.0,0.0,straight_line,
MAIPARE,E MAIN ST & S PARKVIEW AVE,-82.941981,39.957199,1,002,2,1,75,6,am_peak+early+evening+midday+owl+pm_peak,False,,False,174.52891337884458,354.77191335641976,7,MAIPARKW,0.2565118937232729,2,26.646193861874913,0.0,1.0,1.0,straight_line,
MAIBROE,E MAIN ST & S BROADLEIGH RD,-82.92288,39.956718,1,002,2,1,75,6,am_peak+early+evening+midday+owl+pm_peak,False,,False,398.4129604066069,213.01208413743703,6,MAIKENW,0.9316431664565771,2,12.120651359553198,0.0,0.5,0.4339622641509434,straight_line,
THIMALUW,THIMBLEBERRY RD & ALUM CREEK DR,-82.930055,39.885913,1,004,3,2,75,6,am_peak+early+evening+midday+owl+pm_peak,True,004,False,174.57158745478702,421.60799632890473,6,ALUTHIN,0.4450641850266561,1,8.783080695328405,0.0,1.0,1.0,straight_line,terminal
MAIGRANE,E MAIN ST & S GRANT AVE,-82.989168,39.957237,1,002,2,1,75,6,am_peak+early+evening+midday+owl+pm_peak,False,,False,275.7958854142203,260.49496696649425,9,GRAMOUS,1.3215012164466353,2,44.32528057575736,0.0,0.5,0.8025099075297226,straight_line,
MAIALLE,E MAIN ST & ALLEN AVE,-82.979629,39.957972,1,002,2,1,75,6,am_peak+early+evening+midday+owl+pm_peak,False,,False,559.0377576233402,267.10400641787845,7,MAIMONW,0.5412609235164794,1,3.2790167929226044,0.0,1.0,1.0,straight_line,
MAIOHIE,E MAIN ST & S OHIO AVE,-82.971074,39.957787,1,002,2,1,75,6,am_peak+early+evening+midday+owl+pm_peak,False,,False,221.6208115174525,174.79120882246394,12,OHIMAIS,0.281069283348385,2,7.81694181884228,0.0,0.5,0.5805243445692884,straight_line,
MAIGILE,E MAIN ST & GILBERT ST,-82.973667,39.957837,1,002,2,1,75,6,am_peak+early+evening+midday+owl+pm_peak,False,,False,242.52372008190528,221.6208115174525,12,MAICARW,0.8707073841122801,2,7.81694181884228,0.0,0.5,0.4194756554307116,straight_line,
MAICHAE,E MAIN ST & S CHAMPION AVE,-82.969029,39.957745,1,002,2,1,75,6,am_peak+early+evening+midday+owl+pm_peak,False,,False,174.79120882246394,171.52130476300283,12,MAICHAW,0.3145712835563131,0,0.0,0.0,0.0,0.0,straight_line,catchment not reconstructable
MAIWILE,E MAIN ST & WILSON AVE,-82.967022,39.957712,1,002,2,1,75,6,am_peak+early+evening+midday+owl+pm_peak,False,,False,171.52130476300283,276.5788311248828,12,MAIWILW,0.6001137386644296,0,0.0,0.0,0.0,0.0,straight_line,catchment not reconstructable
MAIENFE,E MAIN ST & ENFIELD RD,-82.920388,39.956662,1,002,2,1,75,6,am_peak+early+evening+midday+owl+pm_peak,False,,False,213.01208413743703,244.0984199383492,5,MAICHEW,0.6553854500929206,2,12.120651359553198,0.0,1.0,1.0,straight_line,
MAIEUCE,E MAIN ST & EUCLAIRE AVE,-82.933552,39.956999,1,002,2,1,75,6,am_peak+early+evening+midday+owl+pm_peak,False,,False,365.76129227307376,243.80780958154307,5,MAICASW1,0.34816375687647155,3,28.172776935110548,0.0,1.0,1.0,straight_line,
HIGWEBS,N HIGH ST & W WEBER RD,-83.014298,40.025289,1,002,2,1,75,6,am_peak+early+evening+midday+owl+pm_peak,False,,False,226.71805104660106,306.8225361927644,5,HIGWEBN,1.4443126324529119,4,37.72124037674617,0.0,1.0,1.0,straight_line,
HIGCRES,N HIGH ST & CRESTVIEW RD,-83.013608,40.022577,1,002,2,1,75,6,am_peak+early+evening+midday+owl+pm_peak,False,,False,306.8225361927644,313.73056696698467,5,HIGKELN,1.5083466762774775,4,37.72124037674617,0.0,0.5,0.5348432055749129,straight_line,
HIGNORMS,N HIGH ST & NORTHMOOR PL,-83.017181,40.036216,1,002,2,1,75,6,am_peak+early+evening+midday+owl+pm_peak,False,,False,209.63311244855808,377.0584519412494,5,HIGGLENN,1.7239720429399736,3,37.24611753532269,0.0,0.5,0.5809160305343514,straight_line,
HIGKENS,N HIGH ST & W KENWORTH RD,-83.016321,40.032885,1,002,2,1,75,6,am_peak+early+evening+midday+owl+pm_peak,False,,False,377.0584519412494,231.22801788634422,6,HIGNORN1,1.487504405338109,2,20.78662431227724,0.0,0.6666666666666666,0.787139689578714,straight_line,
HIGLAKS,N HIGH ST & W LAKEVIEW AVE,-83.014846,40.027287,1,002,2,1,75,6,am_peak+early+evening+midday+owl+pm_peak,False,,False,402.94770088265824,226.71805104660106,4,HIGPACN,1.1833878192735692,3,22.798368033445314,0.0,0.5,0.5550935550935552,straight_line,
HIGWESS,N HIGH ST & WESTWOOD RD,-83.020049,40.046863,1,002,2,1,75,6,am_peak+early+evening+midday+owl+pm_peak,False,,False,290.7004886017714,313.7160861023577,5,HIGINDN,1.078628153843527,1,10.100542799627684,0.0,1.0,1.0,straight_line,
MAIWEYE,E MAIN ST & S WEYANT AVE,-82.90865,39.956319,1,002,2,1,75,6,am_peak+early+evening+midday+owl+pm_peak,False,,False,560.4906008700087,263.5663216058483,3,MAIWEYW,0.2276252635171236,2,8.2560958536087,0.0,1.0,1.0,straight_line,
HIGBLES,N HIGH ST & BLENHEIM RD,-83.019305,40.044096,1,002,2,1,75,6,am_peak+early+evening+midday+owl+pm_peak,False,,False,313.7160861023577,227.69863359160033,5,HIGGLEN,0.9674107571843651,1,7.37778778407586,0.0,0.5,0.4221105527638186,straight_line,
HIGAMAS,N HIGH ST & AMAZON PL,-83.018283,40.040292,1,002,2,1,75,6,am_peak+early+evening+midday+owl+pm_peak,False,,False,203.5764547066664,252.6002495209116,5,HIGACTN,1.031210264104732,2,19.20566978711812,0.0,0.5,0.3841463414634145,straight_line,
MAIKARW,E MAIN ST & KARL ST,-82.889024,39.955901,1,002,2,1,75,6,am_peak+early+evening+midday+owl+pm_peak,False,,False,250.99499906076372,273.43012014348784,5,MAIKARE,0.20407824276552705,1,5.445510031103611,0.0,1.0,1.0,straight_line,
LIVBEEE,E LIVINGSTON AVE & BEECHWOOD RD,-82.894107,39.945634,1,001,2,1,75,6,am_peak+early+evening+midday+owl+pm_peak,False,,False,197.66391533540107,208.1429842992454,7,LIVBEEW,0.9182638043702014,2,8.958742309234973,0.0,1.0,1.0,straight_line,
LIVVILE,E LIVINGSTON AVE & VILARDO LN,-82.891678,39.945495,1,001,2,1,75,6,am_peak+early+evening+midday+owl+pm_peak,False,,False,208.1429842992454,327.29387937921496,5,LIVELDW,0.2724116009011237,2,8.412239510414539,0.0,1.0,1.0,straight_line,
LIVYEAE,E LIVINGSTON AVE & S YEARLING RD,-82.887858,39.945282,1,001,2,1,75,6,am_peak+early+evening+midday+owl+pm_peak,False,,False,327.29387937921496,384.03096246190506,5,LIVYEAW,0.8036185292192719,3,13.85774954151815,0.0,1.0,1.0,straight_line,
LIVBURE,E LIVINGSTON AVE & BURLINGTON AVE,-82.883376,39.94503,1,001,2,1,75,6,am_peak+early+evening+midday+owl+pm_peak,False,,False,384.03096246190506,314.36093974718085,5,LIVWESW,0.21283807255843148,3,13.682087927611581,0.0,0.75,0.7392290249433108,straight_line,
LIVCHAE,E LIVINGSTON AVE & S CHAMPION AVE,-82.970372,39.949629,1,001,2,1,75,6,am_peak+early+evening+midday+owl+pm_peak,False,,False,175.26559112746156,249.07302327191974,12,LIVCHAW,0.19874975368757547,0,0.0,0.0,0.0,0.0,straight_line,catchment not reconstructable
LIVWELE,E LIVINGSTON AVE & WELLESLEY RD,-82.919709,39.947045,1,001,2,1,75,6,am_peak+early+evening+midday+owl+pm_peak,False,,False,335.20995505271145,424.97003877995417,5,ELIVEASW,0.23182459864912625,2,17.605197304858272,0.0,1.0,1.0,straight_line,
LIVHAME,E LIVINGSTON AVE & S HAMILTON RD,-82.876777,39.944646,1,001,2,1,75,6,am_peak+early+evening+midday+owl+pm_peak,False,,False,251.17224894524264,439.313014090018,9,4450HAW,0.3125240766157803,2,10.949573933509411,0.0,1.0,1.0,straight_line,
LIVSHAE,E LIVINGSTON AVE & SHADY LANE RD,-82.87165,39.944356,1,001,2,1,75,6,am_peak+early+evening+midday+owl+pm_peak,False,,False,439.313014090018,392.0251424364967,3,LIVSHAW,0.672364382789321,3,20.493854955766277,0.0,1.0,1.0,straight_line,
LIVLATE,E LIVINGSTON AVE & LATTIMER DR,-82.867075,39.944096,1,001,2,1,75,6,am_peak+early+evening+midday+owl+pm_peak,False,,False,392.0251424364967,1183.9178803248537,3,LIVCOUNW,1.7385333028026597,2,30.857890176253797,21.31360915399693,0.5,0.641732283464567,straight_line,only access for 21 daily trips
LIVNOEE,E LIVINGSTON AVE & NOE BIXBY RD,-82.853257,39.943327,1,001,2,1,75,6,am_peak+early+evening+midday+owl+pm_peak,False,,False,1183.9178803248537,253.19412198744894,3,LIVNOEW,0.27494112504881013,2,12.374384801862686,0.0,1.0,1.0,straight_line,
LIVLONE,E LIVINGSTON AVE & LONSDALE RD,-82.850303,39.943151,1,001,2,1,75,6,am_peak+early+evening+midday+owl+pm_peak,False,,False,253.19412198744894,539.4098023171294,3,LIVLONW,0.4994769871000114,2,12.374384801862686,0.0,0.5,0.5355191256830601,straight_line,
LIVBAIE,E LIVINGSTON AVE & BAIRSFORD DR,-82.843992,39.943061,1,001,2,1,75,6,am_peak+early+evening+midday+owl+pm_peak,False,,False,539.4098023171294,227.74439896115862,3,LIVBAIW,0.34406913149936375,1,22.406614751637807,0.0,1.0,1.0,straight_line,
LIVQUAE,E LIVINGSTON AVE & QUARRY RIDGE DR,-82.841329,39.942981,1,001,2,1,75,6,am_peak+early+evening+midday+owl+pm_peak,False,,False,227.74439896115862,303.9376959219422,5,LIVQUAW,0.6765812608951587,1,22.406614751637807,0.0,0.0,0.0,straight_line,
PARELSS,PARSONS AVE & ELSMERE ST,-82.982642,39.949377,2,004+008,2,2,75,6,am_peak+early+evening+midday+owl+pm_peak,False,,True,303.2442663602561,330.29146735906636,6,PARSYCN,0.29552895452367706,1,9.807773443116732,0.0,1.0,1.0,straight_line,transfer point (2 routes)
PARCOLS,PARSONS AVE & COLUMBUS ST,-82.982884,39.946408,2,004+008,2,2,75,6,am_peak+early+evening+midday+owl+pm_peak,False,,True,330.29146735906636,226.62907640761486,8,PARWHIN,2.4573116508052726,1,9.807773443116732,0.0,0.0,0.0,straight_line,transfer point (2 routes)
OLE3440S,3440 OLENTANGY RIVER RD,-83.029307,40.028876,1,001,2,1,75,6,am_peak+early+evening+midday+owl+pm_peak,False,,False,456.2734564181708,233.49853827435481,5,OLE3420N,0.5071331135545012,2,40.37707668223834,0.0,1.0,1.0,straight_line,
OLEUNIS,OLENTANGY RIVER RD & UNION CEMETERY,-83.027842,40.0271,1,001,2,1,75,6,am_peak+early+evening+midday+owl+pm_peak,False,,False,233.49853827435481,333.553546907362,5,OLE3230N,2.4033382262520293,3,43.7966227662862,0.0,1.0,1.0,straight_line,
OLERIVS1,OLENTANGY RIVER RD & RIVERVIEW DR,-83.026214,40.024369,1,001,2,1,75,6,am_peak+early+evening+midday+owl+pm_peak,False,,False,333.553546907362,412.8077450783187,3,OLERIVN,0.29470551092066877,4,49.79253918763039,0.0,0.75,0.918419375398343,straight_line,
OLEHARS2,OLENTANGY RIVER RD & HARLEY DR,-83.024923,40.020786,1,001,2,1,75,6,am_peak+early+evening+midday+owl+pm_peak,False,,False,412.8077450783187,240.35454348141164,2,OLE2825S,3.0044317935176457,3,12.025292197718205,0.0,0.3333333333333333,0.4587813620071684,straight_line,
MAIMILLE,E MAIN ST & MILLER AVE,-82.960908,39.957594,1,002,2,1,75,6,am_peak+early+evening+midday+owl+pm_peak,False,,False,245.97788190572973,169.52209805877683,11,MAIMILLW,0.43490667053969323,1,9.456450215303594,0.0,1.0,1.0,straight_line,
BOASHAS,BOARDWALK ST & SHAPTER AVE,-82.992044,40.088071,1,004,3,2,75,6,am_peak+early+evening+midday+owl+pm_peak,True,004,False,468.4878827288816,494.72583890597434,1,BOASHAN,0.97695671106793,1,23.187333035666988,0.0,0.5,0.050279329608938696,straight_line,terminal
5THOLEW,W 5TH AVE & OLENTANGY RIVER RD,-83.026456,39.987937,2,005+022,3,2,75,6,am_peak+early+evening+midday+owl+pm_peak,False,,True,448.80653478663777,241.3716711229211,6,5THOLEE,0.6669260431901886,0,0.0,0.0,0.0,0.0,straight_line,transfer point (2 routes); catchment not reconstructable
HIGDODS,N HIGH ST & W DODRIDGE ST,-83.01187,40.016265,1,002,2,1,75,6,am_peak+early+evening+midday+owl+pm_peak,False,,False,402.6477025139149,248.3643430358158,4,HIGDODN,0.3894773775966027,2,8.226818917957605,0.0,0.6666666666666666,0.4264036418816385,straight_line,
OLEARGS,OLENTANGY RIVER RD & ARGYLL ST,-83.022315,40.011496,1,001,2,1,75,6,am_peak+early+evening+midday+owl+pm_peak,False,,False,481.0009601695389,564.4300653910697,3,OLEARGN,1.4034012545271506,0,0.0,0.0,0.0,0.0,straight_line,catchment not reconstructable
LIVCHEE,E LIVINGSTON AVE & CHELSEA AVE,-82.925527,39.947352,1,001,2,1,75,6,am_peak+early+evening+midday+owl+pm_peak,False,,False,193.0063871581874,163.12896894404494,5,LIVCHEW,0.848475411739663,2,13.887026477169247,0.0,1.0,1.0,straight_line,
LIVROOE,E LIVINGSTON AVE & S ROOSEVELT AVE,-82.927781,39.947463,1,001,2,1,75,6,am_peak+early+evening+midday+owl+pm_peak,False,,False,436.56638211237845,193.0063871581874,5,ELIVSROW,0.9911440978327549,2,7.094777406115278,0.0,0.6666666666666666,0.3478260869565214,straight_line,
LIVCASE,E LIVINGSTON AVE & S CASSINGHAM RD,-82.932876,39.947752,1,001,2,1,75,6,am_peak+early+evening+midday+owl+pm_peak,False,,False,302.9805101544012,436.56638211237845,4,ELIVSCAW,0.5089386659088158,3,25.363585252398384,0.0,1.0,1.0,straight_line,
ELIVKENE,E LIVINGSTON AVE & KENWICK RD,-82.923623,39.947246,1,001,2,1,75,6,am_peak+early+evening+midday+owl+pm_peak,False,,False,163.12896894404494,335.20995505271145,6,ELIVKENW,0.8278651268881376,3,20.679275548223213,0.0,1.0,1.0,straight_line,
CLEHUDS,CLEVELAND AVE & E HUDSON ST,-82.967664,40.013397,1,101,2,1,75,6,am_peak+early+evening+midday+owl+pm_peak,False,,False,678.611170262629,852.2209445569957,4,HUDCLEE,0.29321992387942364,2,4.947802125035001,0.0,1.0,1.0,straight_line,
CLE24TS,CLEVELAND AVE & E 24TH AVE,-82.971931,40.006458,1,101,2,1,75,6,am_peak+early+evening+midday+owl+pm_peak,False,,False,852.2209445569957,824.7699355779457,1,CLE24THN,0.2869104946702123,3,10.14933769237949,0.0,1.0,1.0,straight_line,
LIVRHOE,E LIVINGSTON AVE & RHOADS AVE,-82.949543,39.948609,1,001,2,1,75,6,am_peak+early+evening+midday+owl+pm_peak,False,,False,175.18861471612638,235.824977460728,6,LIVRHOW,0.6796763602993972,2,4.274432605059824,0.0,1.0,1.0,straight_line,
LANNEIE,W LANE AVE & NEIL AVE,-83.014622,40.006144,1,001,2,1,75,6,am_peak+early+evening+midday+owl+pm_peak,False,,False,215.4625258858709,461.46021907175697,4,LANNEIW,0.7368219075663796,3,466.3523079862875,0.0,1.0,1.0,straight_line,
LANTUTE,W LANE AVE & TUTTLE PARK PL,-83.017143,40.00623,1,001,2,1,75,6,am_peak+early+evening+midday+owl+pm_peak,False,,False,483.2461200897135,215.4625258858709,3,LANTUTW,0.5852477541225042,1,2.2543240451342905,0.0,1.0,1.0,straight_line,
LANOLEE,W LANE AVE & OLENTANGY RIVER RD,-83.022797,40.006426,1,001,2,1,75,6,am_peak+early+evening+midday+owl+pm_peak,False,,False,564.4300653910697,483.2461200897135,2,OLELANN,1.1605660599584133,1,2.2543240451342905,0.0,1.0,1.0,straight_line,
HIGERIS,N HIGH ST & ERIE RD,-83.017678,40.038065,1,002,2,1,75,6,am_peak+early+evening+midday+owl+pm_peak,False,,False,252.6002495209116,209.63311244855808,6,HIGGLENN,0.9331270440224003,3,35.92865543102342,0.0,1.0,1.0,straight_line,
HIGCOOS,N HIGH ST & W COOKE RD,-83.020318,40.049473,1,002,2,1,75,6,am_peak+early+evening+midday+owl+pm_peak,False,,False,240.9977265722494,290.7004886017714,5,HIGCOON,1.0385402355644473,2,15.07762186031378,0.0,1.0,1.0,straight_line,
CLEGENS,CLEVELAND AVE & GENESSEE AVE,-82.965114,40.019186,1,101,2,1,75,6,am_peak+early+evening+midday+owl+pm_peak,False,,False,415.5682402555016,678.611170262629,1,CLEGENN,0.5748796593080059,4,20.81590124792832,0.0,0.75,0.8399122807017545,straight_line,
LIVGRAE,E LIVINGSTON AVE & GRATTAN RD,-82.879707,39.944825,1,001,2,1,75,6,am_peak+early+evening+midday+owl+pm_peak,False,,False,314.36093974718085,251.17224894524264,10,LIVHAMW,0.4598531357192786,2,5.9432179371722205,0.0,1.0,1.0,straight_line,
CLEWEBS,CLEVELAND AVE & E WEBER RD,-82.964819,40.022922,1,101,2,1,75,6,am_peak+early+evening+midday+owl+pm_peak,False,,False,953.9467613774234,415.5682402555016,2,CLEWEBN,0.7400063355540197,3,21.31360915399693,0.0,1.0,1.0,straight_line,
CLEELMS,CLEVELAND AVE & NORTHERN LIGHTS PARK & RIDE,-82.961229,40.040703,1,101,2,1,75,6,am_peak+early+evening+midday+owl+pm_peak,False,,False,401.5917629193136,554.1557912758822,1,CLENORN,0.45507330951972735,2,19.000731237560448,0.0,1.0,1.0,straight_line,
CLELEHS,CLEVELAND AVE & LEHNER RD,-82.953707,40.052277,1,101,2,1,75,6,am_peak+early+evening+midday+owl+pm_peak,False,,False,718.7302580754449,1034.8965535593907,1,CLELEHN,0.8618965027832868,2,20.230362534906426,0.0,0.5,0.47202797202797214,straight_line,
CLEMORS,CLEVELAND AVE & MORSE RD,-82.953231,40.05874,1,101,2,1,75,6,am_peak+early+evening+midday+owl+pm_peak,False,,False,848.9947465006214,718.7302580754449,6,CLEMORN,0.6001214429194067,2,8.958742309234973,0.0,1.0,1.0,straight_line,
CLETAYS,CLEVELAND AVE & TAYMOUTH RD,-82.952576,40.06637,1,101,2,1,75,6,am_peak+early+evening+midday+owl+pm_peak,False,,False,623.1345269570726,848.9947465006214,1,CLENORWN,0.4189758267814911,1,17.64423321905973,0.0,1.0,1.0,straight_line,
CLEWALS,CLEVELAND AVE & WALLCREST BLVD,-82.952178,40.071974,1,101,2,1,75,6,am_peak+early+evening+midday+owl+pm_peak,False,,False,1126.5505500616825,623.1345269570726,1,CLEWALN,1.346621814820805,2,45.515875958901866,0.0,0.5,0.5129310344827586,straight_line,
PARGATS,PARSONS AVE & E GATES ST,-82.983627,39.936892,2,004+008,2,2,75,6,am_peak+early+evening+midday+owl+pm_peak,False,,True,280.95729437634947,183.73800427046848,11,PARGATN,0.7022648411412831,2,4.56720196157077,0.0,0.6666666666666666,0.639344262295082,straight_line,transfer point (2 routes)
PARWHIS,PARSONS AVE & E WHITTIER ST,-82.983032,39.94437,2,004+008,2,2,75,6,am_peak+early+evening+midday+owl+pm_peak,False,,True,226.62907640761486,232.67851502886998,10,WHIPARW,0.36696828384161717,1,6.382371971938641,0.0,0.5,0.7315436241610739,straight_line,transfer point (2 routes)
POLAFRW1,POLARIS PKWY & AFRICA RD,-82.941272,40.14597,2,101+102,2,1,75,6,am_peak+early+evening+midday+owl+pm_peak,False,,True,494.32015364964775,538.58990880661,2,POLAFRE1,1.0293442843396958,1,82.56095853608693,0.0,1.0,1.0,straight_line,transfer point (2 routes)
HAMREFS,S HAMILTON RD & REFUGEE RD,-82.880758,39.915904,2,005+024,3,1,75,6,am_peak+early+evening+midday+owl+pm_peak,False,,True,289.1474185407921,328.1239626817043,6,HAMREFN,0.3537040368340235,0,0.0,0.0,0.0,0.0,straight_line,transfer point (2 routes); catchment not reconstructable
PARTHUS,PARSONS AVE & THURMAN AVE,-82.983431,39.939418,2,004+008,2,2,75,6,am_peak+early+evening+midday+owl+pm_peak,False,,True,318.19181595824557,280.95729437634947,5,PARTHUN,0.21352927048357295,3,15.341114281173633,0.0,1.0,1.0,straight_line,transfer point (2 routes)
PARZIMS,PARSONS AVE & ZIMPFER ST,-82.983193,39.942278,2,004+008,2,2,75,6,am_peak+early+evening+midday+owl+pm_peak,False,,True,232.67851502886998,318.19181595824557,10,PARSTEN,0.6557780564261868,2,7.846218754493375,0.0,0.5,0.1865671641791045,straight_line,transfer point (2 routes)
LIVMAYE,E LIVINGSTON AVE & MAYFIELD PL,-82.941157,39.948142,1,001,2,1,75,6,am_peak+early+evening+midday+owl+pm_peak,False,,False,482.65827699099407,405.9817161684661,4,LIVMAYW,0.2612859246835077,1,16.541468642868516,0.0,1.0,1.0,straight_line,
OLE2825S,2825 OLENTANGY RIVER RD,-83.024152,40.018704,1,001,2,1,75,6,am_peak+early+evening+midday+owl+pm_peak,False,,False,240.35454348141164,336.81475087449894,4,OLE2825N,0.5655709787116578,1,5.995916421344191,0.0,1.0,1.0,straight_line,
OLEACKS,OLENTANGY RIVER RD & ACKERMAN RD,-83.023051,40.015791,1,001,2,1,75,6,am_peak+early+evening+midday+owl+pm_peak,False,,False,336.81475087449894,481.0009601695389,5,OLEDODN,1.6356723720967168,0,0.0,0.0,0.0,0.0,straight_line,catchment not reconstructable
CLECOOS,CLEVELAND AVE & E COOKE RD,-82.959185,40.043961,1,101,2,1,75,6,am_peak+early+evening+midday+owl+pm_peak,False,,False,1034.8965535593907,401.5917629193136,2,CLECOON1,2.500866179029137,1,12.00354361694882,0.0,1.0,1.0,straight_line,
LIVCOLE,E LIVINGSTON AVE & COLLEGE AVE,-82.936415,39.947918,1,001,2,1,75,6,am_peak+early+evening+midday+owl+pm_peak,False,,False,405.9817161684661,302.9805101544012,4,LIVCOLW,0.5811608449064274,2,22.289507009033443,0.0,0.6666666666666666,0.4659735349716446,straight_line,
KAR161S1,KARL RD & STATE ROUTE 161,-82.975508,40.085891,2,008+042,3,2,74,6,am_peak+early+evening+midday+owl+pm_peak,False,,True,218.83924761732098,158.15128165812934,6,161KARE,1.7218733876471066,2,17.403047034886434,0.0,0.3333333333333333,0.41137566137566167,straight_line,transfer point (2 routes)
5THEDGE,W 5TH AVE & EDGEHILL RD,-83.028781,39.987943,2,005+022,3,2,74,6,am_peak+early+evening+midday+owl+pm_peak,False,,True,341.898609924581,250.02712926507073,10,EDG5TH,0.7048005384403458,1,53.225469013690024,0.0,1.0,1.0,straight_line,transfer point (2 routes)
KARNORMS,KARL RD & NORMA RD,-82.976852,40.068477,2,008+042,3,2,74,6,am_peak+early+evening+midday+owl+pm_peak,False,,True,399.76010373697164,378.6286481596792,7,KARNORMN,0.4650731869554764,2,23.46058443507723,0.0,1.0,1.0,straight_line,transfer point (2 routes)
BOBBURN,BOBCAT AVE & BURR AVE,-83.027615,39.976883,2,003+022,2,2,74,6,am_peak+early+evening+midday+owl+pm_peak,False,,True,281.78536949713214,478.58576873834005,9,NORBURNW,1.7305914112455327,1,33.87341454831658,0.0,1.0,1.0,straight_line,transfer point (2 routes)
KARSANS,KARL RD & SANDALWOOD PL,-82.976122,40.077272,2,008+042,3,2,74,6,am_peak+early+evening+midday+owl+pm_peak,False,,True,417.8543524329146,578.7439682077355,1,KARSANN,0.2632930601230569,2,17.2343561199444,0.0,1.0,1.0,straight_line,transfer point (2 routes)
KARPENS,KARL RD & PENWORTH DR,-82.976531,40.072069,2,008+042,3,2,74,6,am_peak+early+evening+midday+owl+pm_peak,False,,True,578.7439682077355,399.76010373697164,2,KARPENN,0.6178334140975619,2,17.2343561199444,0.0,1.0,1.0,straight_line,transfer point (2 routes)
GRTEASW,GREAT EASTERN WESTBOUND,-82.873491,39.956139,1,002,2,2,74,6,am_peak+early+evening+midday+owl+pm_peak,True,002,False,324.5384158753839,262.09333500691633,8,MAISHAW,2.742541045224323,1,14.46280621164079,0.0,1.0,1.0,straight_line,terminal
CLEWALN,CLEVELAND AVE & WALLCREST BLVD,-82.951805,40.072901,1,101,2,1,74,6,am_peak+early+evening+midday+owl+pm_peak,False,,False,703.3679205178341,1023.1383691225313,1,CLEWALS,1.346621814820805,1,27.871642739842137,0.0,0.5,0.5129310344827586,straight_line,
ELIVKENW,E LIVINGSTON AVE & KENWICK RD,-82.924355,39.947442,1,001,2,1,74,6,am_peak+early+evening+midday+owl+pm_peak,False,,False,386.7729602069587,165.59094336932682,7,ELIVKENE,0.8278651268881376,3,20.679275548223213,0.0,1.0,1.0,straight_line,
LIVCHEW,E LIVINGSTON AVE & CHELSEA AVE,-82.92629,39.947522,1,001,2,1,74,6,am_peak+early+evening+midday+owl+pm_peak,False,,False,165.59094336932682,204.2716613924614,5,LIVCHEE,0.848475411739663,2,13.887026477169247,0.0,1.0,1.0,straight_line,
ELIVEASW,E LIVINGSTON AVE & EASTMOOR BLVD,-82.919842,39.947177,1,001,2,1,74,6,am_peak+early+evening+midday+owl+pm_peak,False,,False,455.70155443299024,386.7729602069587,4,LIVWELE,0.23182459864912625,2,17.605197304858272,0.0,1.0,1.0,straight_line,
MEIPOLN,MEIJERS & POLARIS WOODS BLVD,-82.923944,40.150506,1,102,2,2,74,6,am_peak+early+evening+midday+owl+pm_peak,True,102,False,315.0846909794397,369.86905765487023,2,STAPOLN,3.9385586372429957,1,42.627218307993914,0.0,0.0,0.0,straight_line,terminal
KARCOLS,KARL RD & COLUMBUS LIBRARY,-82.975836,40.081029,2,008+042,3,2,74,6,am_peak+early+evening+midday+owl+pm_peak,False,,True,382.4101834914457,417.8543524329146,3,KARCOLN,0.2448652541526172,2,17.403047034886434,0.0,1.0,1.0,straight_line,transfer point (2 routes)
BOBBELN,BOBCAT AVE & 1ST AVE,-83.029143,39.98103,2,003+022,2,2,74,6,am_peak+early+evening+midday+owl+pm_peak,False,,True,478.58576873834005,399.57320694212956,7,BOBBELS,0.207265227611264,1,12.413420716064168,0.0,1.0,1.0,straight_line,transfer point (2 routes)
KARHEMS,KARL RD & HEMPWOOD DR,-82.97559,40.084468,2,008+042,3,2,74,6,am_peak+early+evening+midday+owl+pm_peak,False,,True,158.15128165812934,382.4101834914457,8,KARHEMN,0.21401941362821608,2,17.403047034886434,0.0,1.0,1.0,straight_line,transfer point (2 routes)
LIVMAYW,E LIVINGSTON AVE & MAYFIELD PL,-82.941022,39.948299,1,001,2,1,74,6,am_peak+early+evening+midday+owl+pm_peak,False,,False,352.50322576106583,420.6982958108918,5,LIVMAYE,0.2612859246835077,1,16.541468642868516,0.0,1.0,1.0,straight_line,
LIVCOUNW,E LIVINGSTON AVE & COUNTRY CLUB RD,-82.868669,39.944349,1,001,2,1,74,6,am_peak+early+evening+midday+owl+pm_peak,False,,False,1310.746189887195,202.77566038801982,3,LIVLATE,1.7385333028026597,1,9.544281022256866,0.0,0.5,0.641732283464567,straight_line,
LIVNOEW,E LIVINGSTON AVE & NOE BIXBY RD,-82.85337,39.943505,1,001,2,1,74,6,am_peak+early+evening+midday+owl+pm_peak,False,,False,298.9750318774485,1310.746189887195,3,LIVNOEE,0.27494112504881013,2,12.374384801862686,0.0,1.0,1.0,straight_line,
4450HAW,E LIVINGSTON & SOUTH HAMILTON RD,-82.876566,39.944802,1,001,2,1,74,6,am_peak+early+evening+midday+owl+pm_peak,False,,False,473.9541533583846,297.9967761445358,8,LIVHAME,0.3125240766157803,2,10.949573933509411,0.0,1.0,1.0,straight_line,
LIVSHAW,E LIVINGSTON AVE & SHADY LANE RD,-82.871037,39.944466,1,001,2,1,74,6,am_peak+early+evening+midday+owl+pm_peak,False,,False,202.77566038801982,473.9541533583846,3,LIVSHAE,0.672364382789321,3,20.493854955766277,0.0,1.0,1.0,straight_line,
LIVQUAW,E LIVINGSTON AVE & QUARRY RIDGE DR,-82.840707,39.943073,1,001,2,1,74,6,am_peak+early+evening+midday+owl+pm_peak,False,,False,233.86156125753186,304.1851512524137,5,LIVQUAE,0.6765812608951587,1,66.2829823140784,0.0,0.0,0.0,straight_line,
LIVMCNW,E LIVINGSTON AVE & MCNAUGHTEN RD,-82.838035,39.942618,1,001,2,1,74,6,am_peak+early+evening+midday+owl+pm_peak,False,,False,196.12064824343176,233.86156125753186,5,LIVWALE,0.31962842506524436,2,83.33386963727597,0.0,0.5,0.39139784946236594,straight_line,
LIVSARW,E LIVINGSTON AVE & SARANAC DR,-82.835748,39.942471,1,001,2,1,74,6,am_peak+early+evening+midday+owl+pm_peak,False,,False,450.69642911823905,196.12064824343176,3,LIVSARE,0.47599392856948947,1,17.05088732319758,0.0,1.0,1.0,straight_line,
LIVBRIW,E LIVINGSTON AVE & BRICE RD,-82.830486,39.942198,1,001,2,1,74,6,am_peak+early+evening+midday+owl+pm_peak,False,,False,437.6449601394933,450.69642911823905,6,LIVBRIE,0.34742921981373776,0,0.0,0.0,0.0,0.0,straight_line,catchment not reconstructable
LIVWESW,E LIVINGSTON AVE & WESTPHAL AVE,-82.883448,39.945173,1,001,2,1,74,6,am_peak+early+evening+midday+owl+pm_peak,False,,False,291.63408326038126,315.6874360085554,5,LIVBURE,0.21283807255843148,4,17.04893552748747,0.0,0.75,0.7392290249433108,straight_line,
LIVHAMW,E LIVINGSTON AVE & S HAMILTON RD,-82.88004,39.945035,1,001,2,1,74,6,am_peak+early+evening+midday+owl+pm_peak,False,,False,297.9967761445358,291.63408326038126,9,LIVGRAE,0.4598531357192786,2,5.9432179371722205,0.0,1.0,1.0,straight_line,
LIVLONW,E LIVINGSTON AVE & LONSDALE RD,-82.849881,39.943306,1,001,2,1,74,6,am_peak+early+evening+midday+owl+pm_peak,False,,False,480.25287105563456,298.9750318774485,3,LIVLONE,0.4994769871000114,1,5.738279387614558,0.0,0.5,0.5355191256830601,straight_line,
LIVBAIW,E LIVINGSTON AVE & BAIRSFORD DR,-82.844263,39.943195,1,001,2,1,74,6,am_peak+early+evening+midday+owl+pm_peak,False,,False,304.1851512524137,480.25287105563456,3,LIVBAIE,0.34406913149936375,1,22.406614751637807,0.0,1.0,1.0,straight_line,
LIV18TW,E LIVINGSTON AVE & S 18TH ST,-82.977483,39.950838,1,001,2,1,74,6,am_peak+early+evening+midday+owl+pm_peak,False,,False,241.35744328690038,281.52003724478635,5,LIV18TE,0.6836579914523181,1,6.499479714543019,0.0,1.0,1.0,straight_line,
LIVLOCW,E LIVINGSTON AVE & LOCKBOURNE RD,-82.962842,39.949384,1,001,2,1,74,6,am_peak+early+evening+midday+owl+pm_peak,False,,False,263.0223700891726,427.0675654574367,4,LIVSTUE,1.2675247946411095,2,7.055741491913818,0.0,0.3333333333333333,0.40501792114695334,straight_line,
LIVKELW,E LIVINGSTON AVE & KELTON AVE,-82.959769,39.949249,1,001,2,1,74,6,am_peak+early+evening+midday+owl+pm_peak,False,,False,195.9820660422911,263.0223700891726,5,LIVKELE,0.8854123895643088,3,10.200920864717133,0.0,0.75,0.8395989974937343,straight_line,
LIVLILW,E LIVINGSTON AVE & LILLEY AVE,-82.957479,39.949152,1,001,2,1,74,6,am_peak+early+evening+midday+owl+pm_peak,False,,False,349.24495684467314,195.9820660422911,4,LIVBERE,0.9221208273872277,2,5.018903254473374,0.0,1.0,1.0,straight_line,
LIVOHIW,E LIVINGSTON AVE & S OHIO AVE,-82.971849,39.949836,1,001,2,1,74,6,am_peak+early+evening+midday+owl+pm_peak,False,,False,125.55931186060751,260.6198470878373,12,OHILIVS,0.3971286648296429,2,13.87726749861888,0.0,0.5,0.5316455696202531,straight_line,
LIVWILW,E LIVINGSTON AVE & WILSON AVE,-82.967829,39.949636,1,001,2,1,74,6,am_peak+early+evening+midday+owl+pm_peak,False,,False,427.0675654574367,218.68105263945432,11,LIVWILE,0.4416184413398937,1,3.308293728573699,0.0,0.5,0.7483443708609272,straight_line,
LIVCHAW,E LIVINGSTON AVE & S CHAMPION AVE,-82.970382,39.949772,1,001,2,1,74,6,am_peak+early+evening+midday+owl+pm_peak,False,,False,218.68105263945432,125.55931186060751,12,LIVCHAE,0.19874975368757547,1,7.37778778407586,0.0,0.0,0.0,straight_line,
220OLEN,2200 OLENTANGY RIVER RD,-83.022343,40.009734,1,001,2,1,74,6,am_peak+early+evening+midday+owl+pm_peak,False,,False,280.17612774403807,305.7242251745188,4,OLEARGS,2.4456435844955644,1,2.2543240451342905,0.0,0.0,0.0,straight_line,
LIVCARW,E LIVINGSTON AVE & CARPENTER ST,-82.974894,39.949969,1,001,2,1,74,6,am_peak+early+evening+midday+owl+pm_peak,False,,False,260.6198470878373,241.35744328690038,9,LIVCARE,0.9997060545187587,1,6.499479714543019,0.0,1.0,1.0,straight_line,
LIVFAIW,E LIVINGSTON AVE & FAIRWOOD AVE,-82.953402,39.948932,1,001,2,1,74,6,am_peak+early+evening+midday+owl+pm_peak,False,,False,150.3944901187724,349.24495684467314,6,LIVBULW,1.8799311264846552,3,7.419611977863138,0.0,1.0,1.0,straight_line,
LANNEIW,W LANE AVE & NEIL AVE,-83.013959,40.006292,1,001,2,1,74,6,am_peak+early+evening+midday+owl+pm_peak,False,,False,307.0456714299998,231.69921701147527,4,LANNEIE,0.7368219075663796,3,466.3523079862875,0.0,1.0,1.0,straight_line,
LANTUTW,W LANE AVE & TUTTLE PARK PL,-83.016666,40.006438,1,001,2,1,74,6,am_peak+early+evening+midday+owl+pm_peak,False,,False,231.69921701147527,544.0546685044411,3,LANTUTE,0.5852477541225042,1,2.2543240451342905,0.0,1.0,1.0,straight_line,
OLELANN,OLENTANGY RIVER RD & W LANE AVE,-83.022949,40.007254,1,001,2,1,74,6,am_peak+early+evening+midday+owl+pm_peak,False,,False,544.0546685044411,280.17612774403807,2,LANOLEE,1.1605660599584133,1,2.2543240451342905,0.0,1.0,1.0,straight_line,
CLE11TN,CLEVELAND AVE & E 11TH AVE,-82.981875,39.993405,1,101,2,1,74,6,am_peak+early+evening+midday+owl+pm_peak,False,,False,1121.4096106915695,981.5528937247245,5,CLE11TS,0.7929768445424972,3,12.77310878263474,0.0,1.0,1.0,straight_line,
OLE3230N,3230 OLENTANGY RIVER RD,-83.026451,40.025738,1,001,2,1,74,6,am_peak+early+evening+midday+owl+pm_peak,False,,False,162.44891261661323,395.4720430547642,4,OLERIVS1,1.9167819393518748,3,43.7966227662862,0.0,0.75,0.918419375398343,straight_line,
OLE3420N,3420 OLENTANGY RIVER RD,-83.028846,40.028787,1,001,2,1,74,6,am_peak+early+evening+midday+owl+pm_peak,False,,False,395.4720430547642,587.2075682258267,6,OLE3440S,0.5071331135545012,2,40.37707668223834,0.0,1.0,1.0,straight_line,
LIVBULW,E LIVINGSTON AVE & BULEN AVE,-82.951646,39.948841,1,001,2,1,74,6,am_peak+early+evening+midday+owl+pm_peak,False,,False,234.1148390424039,150.3944901187724,4,LIVBULE,0.19304758598750488,3,7.419611977863138,0.0,1.0,1.0,straight_line,
CLE4THN1,CLEVELAND AVE & E 5TH AVE,-82.989168,39.985006,1,101,2,1,74,6,am_peak+early+evening+midday+owl+pm_peak,False,,False,299.1717619084559,1121.4096106915695,7,CLE5THS1,1.3758976027297325,1,8.31464972491089,0.0,1.0,1.0,straight_line,
CLEMOUN,CLEVELAND AVE & MOUNT VERNON AVE,-82.990366,39.969546,1,101,2,1,74,6,am_peak+early+evening+midday+owl+pm_peak,False,,False,507.8467863820018,787.4351919381064,5,CLEMOUS,0.30286725517317115,1,9.192957794443734,0.0,1.0,1.0,straight_line,
CLEFORN,CLEVELAND AVE & FORT HAYES,-82.989805,39.976625,1,101,2,1,74,6,am_peak+early+evening+midday+owl+pm_peak,False,,False,787.4351919381064,632.9541015162096,1,CLEFORS,0.3359059683956763,0,0.0,0.0,0.0,0.0,straight_line,catchment not reconstructable
CLE2NDN,CLEVELAND AVE & E 2ND AVE,-82.989371,39.982316,1,101,2,1,74,6,am_peak+early+evening+midday+owl+pm_peak,False,,False,632.9541015162096,299.1717619084559,2,CLE2NDS,1.5585049059174123,1,8.31464972491089,0.0,1.0,1.0,straight_line,
CLEGENN,CLEVELAND AVE & GENESSEE AVE,-82.964843,40.019544,1,101,2,1,74,6,am_peak+early+evening+midday+owl+pm_peak,False,,False,613.0150206980222,430.5923229239245,2,CLEGENS,0.5748796593080059,3,18.67868494539841,0.0,0.75,0.8399122807017545,straight_line,
CLEHUDN,CLEVELAND AVE & E HUDSON ST,-82.966873,40.014248,1,101,2,1,74,6,am_peak+early+evening+midday+owl+pm_peak,False,,False,952.958859568575,613.0150206980222,4,HUDCLEE,1.2151082974659366,2,4.947802125035001,0.0,1.0,1.0,straight_line,
CLE24THN,CLEVELAND AVE & E 24TH AVE,-82.971667,40.006497,1,101,2,1,74,6,am_peak+early+evening+midday+owl+pm_peak,False,,False,718.3130638464021,952.958859568575,1,CLE24TS,0.2869104946702123,3,10.14933769237949,0.0,1.0,1.0,straight_line,
LANHIGW,W LANE AVE & N HIGH ST,-83.010369,40.006131,1,001,2,1,74,6,am_peak+early+evening+midday+owl+pm_peak,False,,False,321.65043760486003,307.0456714299998,9,HIGLANN,1.2802707502090387,6,471.7099872104378,0.0,0.8571428571428571,0.9934027991861398,straight_line,
NAG5THE1,E NAGHTEN ST & N 5TH ST,-82.996212,39.968716,1,101,2,1,74,6,am_peak+early+evening+midday+owl+pm_peak,False,,False,469.8525863911811,507.8467863820018,7,NATCONW,2.7475663711798317,1,9.192957794443734,0.0,0.0,0.0,straight_line,
CLENORN,CLEVELAND AVE & NORTHERN LIGHTS,-82.960865,40.040874,1,101,2,1,74,6,am_peak+early+evening+midday+owl+pm_peak,False,,False,529.5873491647998,563.5363990303072,2,CLEELMS,0.45507330951972735,2,19.000731237560448,0.0,1.0,1.0,straight_line,
CLEOAKN,CLEVELAND AVE & OAKLAND PARK AVE,-82.96393,40.031029,1,101,2,1,74,6,am_peak+early+evening+midday+owl+pm_peak,False,,False,846.962792300699,597.6213890826605,2,CLEOAKS,0.6976782216435553,2,18.737238816700597,0.0,0.5,0.5621621621621623,straight_line,
CLEWEBN,CLEVELAND AVE & E WEBER RD,-82.964558,40.023416,1,101,2,1,74,6,am_peak+early+evening+midday+owl+pm_peak,False,,False,430.5923229239245,846.962792300699,1,CLEWEBS,0.7400063355540197,3,21.31360915399693,0.0,1.0,1.0,straight_line,
CLE17TN,CLEVELAND AVE & E 17TH AVE,-82.975333,40.000674,1,101,2,1,74,6,am_peak+early+evening+midday+owl+pm_peak,False,,False,981.5528937247245,718.3130638464021,6,17TCLEW,0.9106383607653511,2,2.8105858225050895,0.0,0.6666666666666666,0.46376811594202894,straight_line,
LIVRHOW,E LIVINGSTON AVE & RHOADS AVE,-82.948914,39.948683,1,001,2,1,74,6,am_peak+early+evening+midday+owl+pm_peak,False,,False,255.05168778768225,234.1148390424039,8,LIVRHOE,0.6796763602993972,2,4.274432605059824,0.0,1.0,1.0,straight_line,
LIVANNW,E LIVINGSTON AVE & ANN ST,-82.980551,39.951762,1,001,2,1,74,6,am_peak+early+evening+midday+owl+pm_peak,False,,False,281.52003724478635,238.08694014928062,7,LIVANNE,0.3426816107300017,1,9.807773443116732,0.0,0.5,0.6014362657091565,straight_line,
CLENORWN,CLEVELAND AVE & NORTHWOLD RD,-82.95229,40.066577,1,101,2,1,74,6,am_peak+early+evening+midday+owl+pm_peak,False,,False,832.6036128552719,703.3679205178341,1,CLETAYS,0.4189758267814911,1,17.64423321905973,0.0,1.0,1.0,straight_line,
LIVALUW,E LIVINGSTON AVE & ALUM CREEK DR,-82.945934,39.948554,1,001,2,1,74,6,am_peak+early+evening+midday+owl+pm_peak,False,,False,420.6982958108918,255.05168778768225,5,LIVMEME,0.92341042649344,1,2.107939366878817,0.0,1.0,1.0,straight_line,
CLECOON1,CLEVELAND AVE & COOKE RD,-82.957589,40.045281,1,101,2,1,74,6,am_peak+early+evening+midday+owl+pm_peak,False,,False,563.5363990303072,791.8402472169065,1,CLECOOS,2.500866179029137,1,12.00354361694882,0.0,1.0,1.0,straight_line,
CLELEHN,CLEVELAND AVE & LEHNER RD,-82.953489,40.051679,1,101,2,1,74,6,am_peak+early+evening+midday+owl+pm_peak,False,,False,791.8402472169065,824.6721290206169,1,CLELEHS,0.8618965027832868,1,15.809545251591128,0.0,0.5,0.47202797202797214,straight_line,
LIVCOLW,E LIVINGSTON AVE & COLLEGE AVE,-82.936905,39.9481,1,001,2,1,74,6,am_peak+early+evening+midday+owl+pm_peak,False,,False,309.16166275794285,352.50322576106583,5,LIVCOLE,0.5811608449064274,3,38.83097565190196,0.0,0.6666666666666666,0.4659735349716446,straight_line,
ELIVSCAW,E LIVINGSTON AVE & S CASSINGHAM RD,-82.933294,39.947928,1,001,2,1,74,6,am_peak+early+evening+midday+owl+pm_peak,False,,False,395.9391297541877,309.16166275794285,4,LIVCASE,0.5089386659088158,3,25.363585252398384,0.0,1.0,1.0,straight_line,
CLEMORN,CLEVELAND AVE & MORSE RD,-82.952906,40.059093,1,101,2,1,74,6,am_peak+early+evening+midday+owl+pm_peak,False,,False,824.6721290206169,832.6036128552719,6,CLEMORS,0.6001214429194067,2,8.958742309234973,0.0,1.0,1.0,straight_line,
LIVELDW,E LIVINGSTON AVE & ELDERWOOD AVE,-82.891509,39.945642,1,001,2,1,74,6,am_peak+early+evening+midday+owl+pm_peak,False,,False,375.1738285581634,292.39072464975663,5,LIVVILE,0.2724116009011237,2,8.412239510414539,0.0,1.0,1.0,straight_line,
LIVYEAW,E LIVINGSTON AVE & S YEARLING RD,-82.887128,39.945422,1,001,2,1,74,6,am_peak+early+evening+midday+owl+pm_peak,False,,False,315.6874360085554,375.1738285581634,5,LIVYEAE,0.8036185292192719,3,13.85774954151815,0.0,1.0,1.0,straight_line,
OLE2825N,2825 OLENTANGY RIVER RD,-83.023719,40.018469,1,001,2,1,74,6,am_peak+early+evening+midday+owl+pm_peak,False,,False,174.8069015461419,677.6700363868015,4,OLE2825S,0.5655709787116578,1,5.995916421344191,0.0,1.0,1.0,straight_line,
OLEDODN,OLENTANGY RIVER RD & DODRIDGE ST,-83.023097,40.016969,1,001,2,1,74,6,am_peak+early+evening+midday+owl+pm_peak,False,,False,286.37194549314603,174.8069015461419,4,OLEACKS,1.6356723720967168,1,5.995916421344191,0.0,0.0,0.0,straight_line,
OLEBURN,OLENTANGY RIVER RD & BURNBRAE AVE,-83.022267,40.01447,1,001,2,1,74,6,am_peak+early+evening+midday+owl+pm_peak,False,,False,223.1167770275102,286.37194549314603,4,OLEACKS,2.015278319266571,0,0.0,0.0,0.0,0.0,straight_line,catchment not reconstructable
OLEARGN,OLENTANGY RIVER RD & ARGYLL ST,-83.021976,40.012473,1,001,2,1,74,6,am_peak+early+evening+midday+owl+pm_peak,False,,False,305.7242251745188,223.1167770275102,4,OLEARGS,1.4034012545271506,0,0.0,0.0,0.0,0.0,straight_line,catchment not reconstructable
LIVBEEW,E LIVINGSTON AVE & BEECHWOOD RD,-82.89492,39.945849,1,001,2,1,74,6,am_peak+early+evening+midday+owl+pm_peak,False,,False,292.39072464975663,240.48758477197515,7,LIVBEEE,0.9182638043702014,2,8.958742309234973,0.0,1.0,1.0,straight_line,
OLERIVN,OLENTANGY RIVER RD & RIVERVIEW,-83.025943,40.024328,1,001,2,1,74,6,am_peak+early+evening+midday+owl+pm_peak,False,,False,677.6700363868015,162.44891261661323,3,OLERIVS1,0.29470551092066877,3,43.7966227662862,0.0,0.75,0.918419375398343,straight_line,
GTCREFS,GENDER ROAD TOWNE CENTRE,-82.822108,39.909755,1,005,4,2,74,6,am_peak+early+evening+midday+owl+pm_peak,True,005,False,155.9212627885362,455.4650064647962,5,REFGENE,1.9490157848567027,1,12.881851686481662,0.0,0.3333333333333333,0.39173789173789175,straight_line,terminal
ELIVSROW,E LIVINGSTON AVE & S ROOSEVELT AVE,-82.928674,39.947657,1,001,2,1,74,6,am_peak+early+evening+midday+owl+pm_peak,False,,False,204.2716613924614,395.9391297541877,6,LIVROOE,0.9911440978327549,3,25.363585252398384,0.0,0.6666666666666666,0.3478260869565214,straight_line,
JAMMOUN,S JAMES RD & E MOUND ST,-82.914911,39.954514,1,023,1,1,73,6,am_peak+early+evening+midday+owl+pm_peak,False,,False,337.14740295996785,289.47567930951453,9,JAMMOUS,1.016430410817049,2,9.924881185721098,0.0,0.5,0.799410029498525,straight_line,
JAMMAIN,S JAMES RD & E MAIN ST,-82.914676,39.957115,1,023,1,1,73,6,am_peak+early+evening+midday+owl+pm_peak,False,,False,289.47567930951453,487.5477339336408,7,JAMMAIS,0.48531222409649855,3,12.442697651715239,0.0,0.3333333333333333,0.16,straight_line,
JAMFAIN,S JAMES RD & FAIR AVE,-82.914267,39.961495,1,023,1,1,73,6,am_peak+early+evening+midday+owl+pm_peak,False,,False,487.5477339336408,295.5334568860927,3,JAMFAIS,0.864669167128892,3,14.072447069626177,0.0,1.0,1.0,straight_line,
JAMDALN,S JAMES RD & DALE AVE,-82.914038,39.964151,1,023,1,1,73,6,am_peak+early+evening+midday+owl+pm_peak,False,,False,295.5334568860927,443.89702247206,4,JAMDALS,0.7310343039169676,2,7.807182840291915,0.0,1.0,1.0,straight_line,
JAMELBN,S JAMES RD & ELBERN AVE,-82.913687,39.96814,1,023,1,1,73,6,am_peak+early+evening+midday+owl+pm_peak,False,,False,443.89702247206,406.426420516804,2,JAMELBS,0.7105922218581903,3,13.077031257488958,0.0,1.0,1.0,straight_line,
JAMBRON,S JAMES RD & E BROAD ST,-82.913342,39.971791,1,023,1,1,73,6,am_peak+early+evening+midday+owl+pm_peak,False,,False,406.426420516804,145.34542416152686,10,JAMBROS,0.38867456183228427,1,5.533340838056895,0.0,1.0,1.0,straight_line,
COUOAKN,COURTRIGHT RD & OAKCREST RD,-82.898701,39.924855,1,023,1,1,73,6,am_peak+early+evening+midday+owl+pm_peak,False,,False,195.19140773178447,239.51801197833876,6,COUOAKS,0.17303015505381175,2,9.368619408350298,0.0,1.0,1.0,straight_line,
COUOAKS,COURTRIGHT RD & OAKCREST RD,-82.898853,39.924812,1,023,1,1,73,6,am_peak+early+evening+midday+owl+pm_peak,False,,False,287.72140202562395,266.35917291308266,6,COUOAKN,0.17303015505381175,2,9.368619408350298,0.0,1.0,1.0,straight_line,
COUCLAS,COURTRIGHT RD & CLARKSTON AVE,-82.898386,39.92244,1,023,1,1,73,6,am_peak+early+evening+midday+owl+pm_peak,False,,False,266.35917291308266,204.05934840461757,5,COUCLAN,0.9807161067335883,3,12.676913136923996,0.0,1.0,1.0,straight_line,
JAMELBS,S JAMES RD & ELBERN AVE,-82.913951,39.96767,1,023,1,1,73,6,am_peak+early+evening+midday+owl+pm_peak,False,,False,435.8707105699461,445.6694182009588,2,JAMELBN,0.7105922218581903,3,13.077031257488958,0.0,1.0,1.0,straight_line,
JAMDALS,S JAMES RD & DALE AVE,-82.914302,39.963665,1,023,1,1,73,6,am_peak+early+evening+midday+owl+pm_peak,False,,False,445.6694182009588,306.6739984416494,3,JAMDALN,0.7310343039169676,2,7.807182840291915,0.0,1.0,1.0,straight_line,
JAMFAIS,S JAMES RD & FAIR AVE,-82.914542,39.960909,1,023,1,1,73,6,am_peak+early+evening+midday+owl+pm_peak,False,,False,306.6739984416494,456.9866210383832,3,JAMFAIN,0.864669167128892,3,14.072447069626177,0.0,1.0,1.0,straight_line,
JAMMAIS,S JAMES RD & E MAIN ST,-82.914876,39.956801,1,023,1,1,73,6,am_peak+early+evening+midday+owl+pm_peak,False,,False,456.9866210383832,333.6957201194303,7,JAMMAIN,0.48531222409649855,1,1.9908316242744384,0.0,0.3333333333333333,0.16,straight_line,
JAMMOUS,S JAMES RD & E MOUND ST,-82.915134,39.953802,1,023,1,1,73,6,am_peak+early+evening+midday+owl+pm_peak,False,,False,333.6957201194303,219.61758773829533,8,JAMMOUN,1.016430410817049,1,7.934049561446659,0.0,0.5,0.799410029498525,straight_line,
JAMASTS,S JAMES RD & ASTOR AVE,-82.915318,39.951829,1,023,1,1,73,6,am_peak+early+evening+midday+owl+pm_peak,False,,False,219.61758773829533,378.1821953150405,5,JAMASTN,0.49630848319637355,2,13.408836528201364,0.0,1.0,1.0,straight_line,
KIMKIME,KIMBERLY PKWY N & KIMBERLY PKWY E,-82.883658,39.926018,1,023,1,1,73,6,am_peak+early+evening+midday+owl+pm_peak,False,,False,230.91118671589768,264.10308244653186,8,KIMKIMW,0.18159758204196155,0,0.0,0.0,0.0,0.0,straight_line,catchment not reconstructable
MACKIME,MACSWAY AVE & KIMBERLY PKWY,-82.883378,39.923649,1,023,1,1,73,6,am_peak+early+evening+midday+owl+pm_peak,False,,False,264.10308244653186,286.92174721887665,7,MACKIMEW,0.14802896553366304,1,4.332986476362013,0.0,1.0,1.0,straight_line,
COUKIRS,COURTRIGHT & KIRKWOOD RD,-82.897342,39.941175,1,023,1,1,73,6,am_peak+early+evening+midday+owl+pm_peak,False,,False,429.4429838359442,298.7592807425791,4,COUKIRN,0.47631089181120395,2,7.758387947540091,0.0,1.0,1.0,straight_line,
COUROSS,COURTRIGH RD & ROSWELL RD,-82.89761,39.938492,1,023,1,1,73,6,am_peak+early+evening+midday+owl+pm_peak,False,,False,298.7592807425791,229.73731007717564,5,COUROSN,0.9274854333612869,2,7.758387947540091,0.0,0.5,0.4267241379310344,straight_line,
COUDESS,COURTRIGHT RD & E DESHLER AVE,-82.897782,39.936427,1,023,1,1,73,6,am_peak+early+evening+midday+owl+pm_peak,False,,False,229.73731007717564,604.0321591109241,3,COUDESN,0.5345718157797752,1,3.864555505944498,0.0,1.0,1.0,straight_line,
COUGROS,COURTRIGHT RD & GROVES RD,-82.898261,39.930999,1,023,1,1,73,6,am_peak+early+evening+midday+owl+pm_peak,False,,False,604.0321591109241,236.22985438030113,3,COUGRON,0.138000164007374,0,0.0,0.0,0.0,0.0,straight_line,catchment not reconstructable
COURIVS,COURTRIGHT RD & RIVERDALE SQ,-82.898445,39.928876,1,023,1,1,73,6,am_peak+early+evening+midday+owl+pm_peak,False,,False,236.22985438030113,164.8295822288286,5,COURIVN,0.22906513312120755,1,4.332986476362013,0.0,1.0,1.0,straight_line,
COUPETS,COURTRIGHT RD & PETZINGER RD,-82.898597,39.927396,1,023,1,1,73,6,am_peak+early+evening+midday+owl+pm_peak,False,,False,164.8295822288286,287.72140202562395,5,COUPETN,0.548926939105202,2,9.368619408350298,0.0,1.0,1.0,straight_line,
KIMPETW,KIMBERLY PKWY & PETZINGER RD,-82.890186,39.924645,1,023,1,1,73,6,am_peak+early+evening+midday+owl+pm_peak,False,,False,356.06882601646635,287.3309015024211,5,KIMBERE,0.39340234187897566,2,15.985206865497696,0.0,1.0,1.0,straight_line,
KIMCANW,KIMBERLY PKWY N & CANAL BAY WAY,-82.892997,39.923226,1,023,1,1,73,6,am_peak+early+evening+midday+owl+pm_peak,False,,False,287.3309015024211,382.26341798843123,5,KIMBURE,0.4780805826133361,2,9.368619408350298,0.0,0.6666666666666666,0.7390300230946882,straight_line,
COUKIMNN,COURTRIGHT RD & KIMBERLY PKWY N,-82.896931,39.921589,1,023,1,1,73,6,am_peak+early+evening+midday+owl+pm_peak,False,,False,382.26341798843123,226.98846121917487,7,KIMCOUE,0.6351632570822636,1,3.308293728573699,0.0,1.0,1.0,straight_line,
COUCLAN,COURTRIGHT RD & CLARKSTON AVE,-82.898724,39.923097,1,023,1,1,73,6,am_peak+early+evening+midday+owl+pm_peak,False,,False,226.98846121917487,195.19140773178447,5,COUCLAS,0.9807161067335883,3,12.676913136923996,0.0,1.0,1.0,straight_line,
KIMCOUE,KIMBERLY PKWY N & COURTRIGHT RD,-82.896356,39.921473,1,023,1,1,73,6,am_peak+early+evening+midday+owl+pm_peak,False,,False,204.05934840461757,310.0271673383918,5,COUKIMNN,0.6351632570822636,1,3.308293728573699,0.0,1.0,1.0,straight_line,
KIMBURE,KIMBERLY PKWY N & BURGANDY LN,-82.893292,39.922967,1,023,1,1,73,6,am_peak+early+evening+midday+owl+pm_peak,False,,False,310.0271673383918,295.41190354964226,5,KIMCANW,0.4780805826133361,3,12.676913136923996,0.0,0.6666666666666666,0.7390300230946882,straight_line,
KIMBERE,KIMBERLY PKWY N & PETZINGER RD,-82.890386,39.924407,1,023,1,1,73,6,am_peak+early+evening+midday+owl+pm_peak,False,,False,295.41190354964226,393.604508645828,5,KIMPETW,0.39340234187897566,2,15.985206865497696,0.0,1.0,1.0,straight_line,
KIMMERE,KIMBERLY PKWY N & MERCEDES LN,-82.886356,39.926122,1,023,1,1,73,6,am_peak+early+evening+midday+owl+pm_peak,False,,False,393.604508645828,230.91118671589768,7,KIMSEVW,0.24618787674319242,2,15.985206865497696,0.0,1.0,1.0,straight_line,
STEJOHTS,STELZER RD & JOHNSTOWN RD,-82.912589,40.006141,1,023,1,1,73,6,am_peak+early+evening+midday+owl+pm_peak,False,,False,277.8492956121187,1807.5346659364934,3,STEJOHTN,0.983662833125362,0,0.0,0.0,0.0,0.0,straight_line,catchment not reconstructable
STE11TS,STELZER RD & E 11TH AVE,-82.91398,39.989896,1,023,1,1,73,6,am_peak+early+evening+midday+owl+pm_peak,False,,False,1807.5346659364934,453.1675079602011,2,STEOPPN,0.3861732400054436,1,14.521360082942994,0.0,1.0,1.0,straight_line,
JAMANNS,N JAMES RD & ANAWANDA AVE,-82.913457,39.974585,1,023,1,1,73,6,am_peak+early+evening+midday+owl+pm_peak,False,,False,357.9499512734906,333.1613446297556,11,JAMANAN,0.8570640243180154,1,4.918525189383907,0.0,1.0,1.0,straight_line,
11TESSW,E 11TH AVE & ESSEX AVE,-82.987679,39.993999,1,008,2,1,73,6,am_peak+early+evening+midday+owl+pm_peak,False,,False,370.7492292831992,453.2787081981228,3,11TESSE,0.7155472225934579,1,9.075850051839355,0.0,1.0,1.0,straight_line,
NEISPRUS,NEIL AVE & SPRUCE ST,-83.009649,39.972789,1,008,2,1,73,6,am_peak+early+evening+midday+owl+pm_peak,False,,False,202.21649811637243,223.6253261976515,5,NEISPRUN,0.21167578491094557,2,52.49354562241283,0.0,1.0,1.0,straight_line,
NEI8THS,NEIL AVE & W 8TH AVE,-83.01415,39.992302,1,008,2,1,73,6,am_peak+early+evening+midday+owl+pm_peak,False,,False,261.1906963636384,309.52728873996114,10,NEI8THN,0.19334290093775505,3,2.4299856590408586,0.0,0.6,0.515527950310559,straight_line,
NEI7THS,NEIL AVE & W 7TH AVE,-83.013613,39.989545,1,008,2,1,73,6,am_peak+early+evening+midday+owl+pm_peak,False,,False,309.52728873996114,228.23686630809354,11,NEIKINN,1.4909997328622295,4,30.33090533453409,0.0,0.6,0.3191489361702128,straight_line,
NEI5THS,NEIL AVE & W 5TH AVE,-83.013209,39.987513,1,008,2,1,73,6,am_peak+early+evening+midday+owl+pm_peak,False,,False,228.23686630809354,198.93997842198573,11,5THNEIW,0.30947951820669856,2,28.0765812893998,0.0,1.0,1.0,straight_line,
NEI4THS,NEIL AVE & W 4TH AVE,-83.012864,39.985741,1,008,2,1,73,6,am_peak+early+evening+midday+owl+pm_peak,False,,False,198.93997842198573,398.5895617040654,11,NEI4THN,0.5950098603519296,2,21.020839797485994,0.0,1.0,1.0,straight_line,
NEI2NDS,NEIL AVE & W 2ND AVE,-83.01217,39.982191,1,008,2,1,73,6,am_peak+early+evening+midday+owl+pm_peak,False,,False,398.5895617040654,301.20432898256627,5,NEI3RDN,1.8767780573637196,3,29.745366621512215,0.0,1.0,1.0,straight_line,
NEIWILS,NEIL AVE & WILBER AVE,-83.01164,39.979509,1,008,2,1,73,6,am_peak+early+evening+midday+owl+pm_peak,False,,False,301.20432898256627,388.4367187021933,5,NEI1STN,1.0570375498818052,4,42.890710728853755,0.0,1.0,1.0,straight_line,
NEICOLS,NEIL AVE & COLLINS AVE,-83.010985,39.976047,1,008,2,1,73,6,am_peak+early+evening+midday+owl+pm_peak,False,,False,388.4367187021933,181.16553074500777,6,NEICOLN,0.2786038578444209,3,55.62617773707996,0.0,1.0,1.0,straight_line,
HIG365N,3650 S HIGH ST,-82.998583,39.887012,1,008,2,2,73,6,am_peak+early+evening+midday+owl+pm_peak,False,,False,295.52547807329125,277.1570433828784,5,HIGHIGS,3.1878639152965866,0,0.0,0.0,0.0,0.0,straight_line,catchment not reconstructable
GREWALS,GREAT SOUTHERN WAL-MART,-83.000843,39.889131,1,008,2,1,73,6,am_peak+early+evening+midday+owl+pm_peak,False,,False,252.46612197191126,161.74800589252237,4,GREKROS,2.0218500736565295,0,0.0,0.0,0.0,0.0,straight_line,catchment not reconstructable
GREKROS,GREAT SOUTHERN KROGER,-83.001449,39.887751,1,008,2,1,73,6,am_peak+early+evening+midday+owl+pm_peak,False,,False,161.74800589252237,305.3620985095854,5,GREWALS,2.0218500736565295,0,0.0,0.0,0.0,0.0,straight_line,catchment not reconstructable
NEIGOOS,NEIL AVE & W GOODALE ST,-83.010665,39.974434,1,008,2,1,73,6,am_peak+early+evening+midday+owl+pm_peak,False,,False,181.16553074500777,202.21649811637243,4,NEICOLS,2.2645691343125973,3,55.62617773707996,0.0,1.0,1.0,straight_line,
BROMTCS,E BROAD ST & MT CARMEL EAST HOSPITAL,-82.845089,39.978169,1,010,4,2,73,6,am_peak+early+evening+midday+owl+pm_peak,True,010,False,1304.2543496752955,1293.5413792304348,2,BROTAYE,2.7012582202885547,0,0.0,0.0,0.0,0.0,straight_line,terminal; catchment not reconstructable
MACKIMEW,MACSWAY AVE & KIMBERLY PKWY EAST,-82.883414,39.923752,1,023,1,1,73,6,am_peak+early+evening+midday+owl+pm_peak,False,,False,241.61604579975088,265.44437596332773,7,MACKIME,0.14802896553366304,1,4.332986476362013,0.0,1.0,1.0,straight_line,
MACHAMW,MACSWAY AVE & S HAMILTON RD,-82.880592,39.923629,1,023,1,1,73,6,am_peak+early+evening+midday+owl+pm_peak,False,,False,291.5534092461608,241.61604579975088,8,HAMMACS,0.781821318773219,1,35.44461009492533,0.0,1.0,1.0,straight_line,
COULIVN1,COURTRIGHT RD & E LIVINGSTON AVE,-82.896939,39.944015,1,023,1,1,73,6,am_peak+early+evening+midday+owl+pm_peak,False,,False,281.09596332113256,230.8678291578498,7,COULIVS,1.4285080734663125,2,9.339342472699204,0.0,1.0,1.0,straight_line,
KIMKIMW,KIMBERLY PKWY N & KIMBERLY PKWY E,-82.883748,39.926129,1,023,1,1,73,6,am_peak+early+evening+midday+owl+pm_peak,False,,False,265.44437596332773,239.95387358782887,8,KIMKIME,0.18159758204196155,0,0.0,0.0,0.0,0.0,straight_line,catchment not reconstructable
JAMBROS1,S JAMES RD & BROWNLEE AVE,-82.915644,39.948432,1,023,1,1,73,6,am_peak+early+evening+midday+owl+pm_peak,False,,False,378.1821953150405,203.93428021199182,8,SJAMBRON,0.26037676494967077,2,13.408836528201364,0.0,1.0,1.0,straight_line,
JAMBROS,S JAMES RD & E BROAD ST,-82.91359,39.971586,1,023,1,1,73,6,am_peak+early+evening+midday+owl+pm_peak,False,,False,333.1613446297556,435.8707105699461,11,JAMBRON,0.38867456183228427,1,5.533340838056895,0.0,1.0,1.0,straight_line,
KIMSEVW,KIMBERLY PKWY N & SEVILLE AVE,-82.886553,39.926214,1,023,1,1,73,6,am_peak+early+evening+midday+owl+pm_peak,False,,False,239.95387358782887,356.06882601646635,7,KIMMERE,0.24618787674319242,2,15.985206865497696,0.0,1.0,1.0,straight_line,
STECITGS,STELZER RD & CITYGATE DR,-82.911958,40.013035,1,023,1,1,73,6,am_peak+early+evening+midday+owl+pm_peak,False,,False,709.6129098385462,489.4848437480695,1,STECITGN,0.30286115374809547,0,0.0,0.0,0.0,0.0,straight_line,catchment not reconstructable
STEAGLS2,STELZER RD & AGLER RD,-82.911533,40.019418,1,023,1,1,73,6,am_peak+early+evening+midday+owl+pm_peak,False,,False,447.89758165893386,709.6129098385462,3,STEAGLN,2.430933164731449,0,0.0,0.0,0.0,0.0,straight_line,catchment not reconstructable
STEOLES,STELZER RD & OLE COUNTRY LN,-82.912393,40.008639,1,023,1,1,73,6,am_peak+early+evening+midday+owl+pm_peak,False,,False,489.4848437480695,277.8492956121187,3,STEOLEN,0.34123493808654315,0,0.0,0.0,0.0,0.0,straight_line,catchment not reconstructable
COULIVS,COURTRIGHT RD & E LIVINGSTON AVE,-82.897087,39.945038,1,023,1,1,73,6,am_peak+early+evening+midday+owl+pm_peak,False,,False,425.60089205526856,429.4429838359442,6,LIVCOUE,1.2365976061643194,2,9.339342472699204,0.0,0.25,0.35838150289017334,straight_line,
HIGCOLN,S HIGH ST & E COLUMBUS ST,-82.99739,39.946063,2,005+008,3,2,73,6,am_peak+early+evening+midday+owl+pm_peak,False,,True,201.8457297781687,307.91249651670057,9,HIGFRANS,1.6977608136614777,2,26.612734506845086,0.0,1.0,1.0,straight_line,transfer point (2 routes)
HIGWHIN,S HIGH ST & E WHITTIER ST,-82.997041,39.944265,2,005+008,3,2,73,6,am_peak+early+evening+midday+owl+pm_peak,False,,True,246.893131395652,201.8457297781687,8,HIGWHIS,0.24950200693829377,2,27.98875048244654,0.0,0.5,0.6025104602510457,straight_line,transfer point (2 routes)
HIGHOSN,S HIGH ST & E HOSTER ST,-82.99835,39.950968,2,005+008,3,2,73,6,am_peak+early+evening+midday+owl+pm_peak,False,,True,242.83265754178112,471.56526614191745,7,HIGBLENS,1.181790506074663,1,42.597941372342795,0.0,1.0,1.0,straight_line,transfer point (2 routes)
HIGSYCN,S HIGH ST & E SYCAMORE ST,-82.997938,39.948804,2,005+008,3,2,73,6,am_peak+early+evening+midday+owl+pm_peak,False,,True,307.91249651670057,242.83265754178112,7,HIGSYCS,0.23478602185105046,3,69.21067587918787,0.0,1.0,1.0,straight_line,transfer point (2 routes)
COUPETN,COURTRIGHT RD & PETZINGER RD,-82.898504,39.927007,1,023,1,1,73,6,am_peak+early+evening+midday+owl+pm_peak,False,,False,239.51801197833876,191.77792550576456,5,COUPETS,0.548926939105202,2,9.368619408350298,0.0,1.0,1.0,straight_line,
COURIVN,COURTRIGHT RD & RIVERDALE SQ,-82.898345,39.92873,1,023,1,1,73,6,am_peak+early+evening+midday+owl+pm_peak,False,,False,191.77792550576456,253.12606372814903,5,COURIVS,0.22906513312120755,1,4.332986476362013,0.0,1.0,1.0,straight_line,
STEOPPN,STELZER RD & E 11TH AVE,-82.91365,39.99001,1,023,1,1,73,6,am_peak+early+evening+midday+owl+pm_peak,False,,False,325.73807554852414,1868.0609437367784,2,STE11TS,0.3861732400054436,1,14.521360082942994,0.0,1.0,1.0,straight_line,
STEJOHTN,STELZER RD & JOHNSTOWN RD,-82.912253,40.006801,1,023,1,1,73,6,am_peak+early+evening+midday+owl+pm_peak,False,,False,1868.0609437367784,190.1950678157128,3,STEJOHTS,0.983662833125362,0,0.0,0.0,0.0,0.0,straight_line,catchment not reconstructable
STEOLEN,STELZER RD & OLE COUNTRY LN,-82.91212,40.008511,1,023,1,1,73,6,am_peak+early+evening+midday+owl+pm_peak,False,,False,190.1950678157128,518.2118451406944,3,STEOLES,0.34123493808654315,0,0.0,0.0,0.0,0.0,straight_line,catchment not reconstructable
STECITGN,STELZER RD & CITYGATE DR,-82.911734,40.013169,1,023,1,1,73,6,am_peak+early+evening+midday+owl+pm_peak,False,,False,518.2118451406944,886.6421294410176,1,STECITGS,0.30286115374809547,0,0.0,0.0,0.0,0.0,straight_line,catchment not reconstructable
SJAMBRON,S JAMES RD & BROWNLEE AVE,-82.915467,39.948561,1,023,1,1,73,6,am_peak+early+evening+midday+owl+pm_peak,False,,False,200.845422385792,325.49513066099075,7,JAMBROS1,0.26037676494967077,2,13.408836528201364,0.0,1.0,1.0,straight_line,
JAMASTN,S JAMES RD & ASTOR AVE,-82.915191,39.951485,1,023,1,1,73,6,am_peak+early+evening+midday+owl+pm_peak,False,,False,325.49513066099075,337.14740295996785,5,JAMASTS,0.49630848319637355,2,13.408836528201364,0.0,1.0,1.0,straight_line,
COUROSN,COURTRIGHT RD & ROSWELL RD,-82.897491,39.93783,1,023,1,1,73,6,am_peak+early+evening+midday+owl+pm_peak,False,,False,116.03110736342705,407.21227389425525,4,COUROSS,0.9274854333612869,1,3.864555505944498,0.0,0.5,0.4267241379310344,straight_line,
COUKIRN,COURTRIGHT RD & KIRKWOOD RD,-82.897162,39.941489,1,023,1,1,73,6,am_peak+early+evening+midday+owl+pm_peak,False,,False,407.21227389425525,281.09596332113256,4,COUKIRS,0.47631089181120395,2,7.758387947540091,0.0,1.0,1.0,straight_line,
COUGRON,COURTRIGHT RD & GROVES RD,-82.898132,39.931004,1,023,1,1,73,6,am_peak+early+evening+midday+owl+pm_peak,False,,False,253.12606372814903,643.8208071488222,3,COUGROS,0.138000164007374,0,0.0,0.0,0.0,0.0,straight_line,catchment not reconstructable
COUDESN,COURTRIGHT RD & E DESHLER AVE,-82.897611,39.936789,1,023,1,1,73,6,am_peak+early+evening+midday+owl+pm_peak,False,,False,643.8208071488222,116.03110736342705,3,COUDESS,0.5345718157797752,1,3.864555505944498,0.0,1.0,1.0,straight_line,
40JAMEN,40 JAMES RD,-82.913364,39.9731,1,023,1,1,73,6,am_peak+early+evening+midday+owl+pm_peak,False,,False,145.34542416152686,230.16104603999338,10,JAMBRON,1.8168178020190857,2,10.4518660274408,0.0,0.5,0.5294117647058824,straight_line,
JAMANAN,N JAMES RD & ANAWANDA AVE,-82.913196,39.975169,1,023,1,1,73,6,am_peak+early+evening+midday+owl+pm_peak,False,,False,230.16104603999338,205.46523570813426,10,JAMANNS,0.8570640243180154,1,4.918525189383907,0.0,1.0,1.0,straight_line,
RIVHOSW,RIVERSIDE HOSPITAL,-83.037256,40.030173,1,001,2,2,73,6,am_peak+early+evening+midday+owl+pm_peak,True,001,False,734.1425495452694,693.5979239842758,2,NOREXIW,1.9167359454659554,1,10.188373606580962,0.0,0.0,0.0,straight_line,terminal
KARCOOS1,KARL RD & E COOKE RD,-82.977144,40.045867,1,008,2,1,73,6,am_peak+early+evening+midday+owl+pm_peak,False,,False,268.4564557148185,352.7478394734538,4,KARCOON,0.649276248594382,1,9.641870807760515,0.0,1.0,1.0,straight_line,
JAMRUHN,JAMES RD & RUHL AVE,-82.913009,39.977014,1,023,1,1,73,6,am_peak+early+evening+midday+owl+pm_peak,False,,False,205.46523570813426,357.01167228882645,6,JAMRUHS,1.0967059475478678,0,0.0,0.0,0.0,0.0,straight_line,catchment not reconstructable
STE750N,750 STELZER RD,-82.913911,39.987083,1,023,1,1,73,6,am_peak+early+evening+midday+owl+pm_peak,False,,False,764.222226328886,325.73807554852414,6,7THSTEE,1.2381503293429905,1,14.521360082942994,0.0,1.0,1.0,straight_line,
17THAME,E 17TH AVE & HAMILTON AVE,-82.979481,40.000444,1,008,2,1,73,6,am_peak+early+evening+midday+owl+pm_peak,False,,False,168.93585779011283,291.62581683606953,10,HAM17TN,0.6844339759911705,3,6.265264229334262,0.0,1.0,1.0,straight_line,
HAM18TS,HAMILTON AVE & E 18TH AVE,-82.979912,40.001929,1,008,2,1,73,6,am_peak+early+evening+midday+owl+pm_peak,False,,False,229.6235369343345,168.93585779011283,6,HAM17TN,1.4992140719424287,2,3.0155243720627523,0.0,0.6666666666666666,0.4813084112149533,straight_line,
HAMDUXS,HAMILTON AVE & DUXBERRY AVE,-82.979444,40.008869,1,008,2,1,73,6,am_peak+early+evening+midday+owl+pm_peak,False,,False,210.81787194268264,278.50336455017776,5,HAMDUXN,0.2539981470213629,2,5.621171645010179,0.0,1.0,1.0,straight_line,
MCGDUXS,MCGUFFEY RD & DUXBERRY AVE,-82.981781,40.009482,1,008,2,1,73,6,am_peak+early+evening+midday+owl+pm_peak,False,,False,315.0843837560429,210.81787194268264,6,HAMDUXS,2.635223399283533,2,3.7181708276890246,0.0,0.3333333333333333,0.27091633466135456,straight_line,
MCGCLIS,MCGUFFEY RD & CLINTON ST,-82.981589,40.012316,1,008,2,1,73,6,am_peak+early+evening+midday+owl+pm_peak,False,,False,177.06067027843235,315.0843837560429,8,MCGHUDS,2.2132583784804045,2,9.046573116188256,0.0,0.6666666666666666,0.8110236220472441,straight_line,
MCGHUDS,MCGUFFEY RD & E HUDSON ST,-82.981468,40.013908,1,008,2,1,73,6,am_peak+early+evening+midday+owl+pm_peak,False,,False,313.6375923640905,177.06067027843235,11,HUDMCGW,0.8344395948579292,3,11.154512483067073,0.0,0.2,0.4643545279383429,straight_line,
11TJEFW,E 11TH AVE & JEFFERSON AVE,-82.983344,39.993817,1,008,2,1,73,6,am_peak+early+evening+midday+owl+pm_peak,False,,False,150.50051476813198,370.7492292831992,7,11TJEFE,0.4024693651756503,1,9.075850051839355,0.0,1.0,1.0,straight_line,
CLECHIS,CLEVELAND AVE & CHITTENDEN AVE,-82.980244,39.995186,1,008,2,1,73,6,am_peak+early+evening+midday+owl+pm_peak,False,,False,217.4085183357446,180.43834715190823,7,CLECHIN,0.9182500981245001,3,12.77310878263474,0.0,1.0,1.0,straight_line,
CLE13TS,CLEVELAND AVE & E 13TH AVE,-82.978639,39.996706,1,008,2,1,73,6,am_peak+early+evening+midday+owl+pm_peak,False,,False,286.68942279041494,217.4085183357446,6,CLEWINN,0.9238447534590991,3,6.946998588066895,0.0,1.0,1.0,straight_line,
CLE15TS,CLEVELAND AVE & E 15TH AVE,-82.976728,39.998829,1,008,2,1,73,6,am_peak+early+evening+midday+owl+pm_peak,False,,False,116.17370967157301,286.68942279041494,8,CLE15TN,0.4971198930668496,3,6.528756650194114,0.0,0.75,0.8138686131386863,straight_line,
KAROAKS,KARL RD & OAKLAND PARK AVE,-82.978246,40.032374,1,008,2,1,73,6,am_peak+early+evening+midday+owl+pm_peak,False,,False,257.30738613906766,232.13155418252427,11,KAROAKN,0.15111805880877255,1,5.738279387614558,0.0,1.0,1.0,straight_line,
KARURAS,KARL RD & URANA AVE,-82.978059,40.034687,1,008,2,1,73,6,am_peak+early+evening+midday+owl+pm_peak,False,,False,263.05699011070396,257.30738613906766,9,KARHUYN,1.2206895111631642,3,16.45363783591521,0.0,1.0,1.0,straight_line,
HAM21SS,HAMILTON AVE & E 21ST AVE,-82.979764,40.003994,1,008,2,1,73,6,am_peak+early+evening+midday+owl+pm_peak,False,,False,263.53987469978443,229.6235369343345,6,HAM20TN,0.33367327711217243,2,5.357679224150327,0.0,1.0,1.0,straight_line,
HAM24TS,HAMILTON AVE & E 24TH AVE,-82.979552,40.006362,1,008,2,1,73,6,am_peak+early+evening+midday+owl+pm_peak,False,,False,278.50336455017776,263.53987469978443,6,HAM24TN,0.344994442918881,3,7.348510848424765,0.0,1.0,1.0,straight_line,
KARELMS,KARL RD & ELMORE AVE,-82.977377,40.042695,1,008,2,1,73,6,am_peak+early+evening+midday+owl+pm_peak,False,,False,352.7478394734538,372.0357756412553,5,KARELMN,0.6113414648036684,2,13.389318571100635,0.0,0.6666666666666666,0.573394495412844,straight_line,
KARACTS,KARL RD & ACTON RD,-82.977654,40.039351,1,008,2,1,73,6,am_peak+early+evening+midday+owl+pm_peak,False,,False,372.0357756412553,255.93847714760133,5,KARACTN,0.4931060581539408,2,11.915712809995537,0.0,1.0,1.0,straight_line,
KARCARS,KARL RD & CAROLYN AVE,-82.977854,40.037051,1,008,2,1,73,6,am_peak+early+evening+midday+owl+pm_peak,False,,False,255.93847714760133,263.05699011070396,5,KARPAUN,0.9937886044713226,2,8.138988111004322,0.0,1.0,1.0,straight_line,
REDKARE,RED ROBIN RD & KARL RD,-82.976029,40.065126,1,008,2,1,73,6,am_peak+early+evening+midday+owl+pm_peak,False,,False,378.6286481596792,257.90474262896123,7,REDSONW,0.2126364013992507,3,21.74300421021301,0.0,1.0,1.0,straight_line,
REDROCE,RED ROBIN RD & ROCKCASTLE DR,-82.973014,40.064955,1,008,2,1,73,6,am_peak+early+evening+midday+owl+pm_peak,False,,False,257.90474262896123,224.6740079732399,9,REDROCW,0.364484973000248,2,7.260680041471481,0.0,1.0,1.0,straight_line,
REDTAME,RED ROBIN RD & TAMARACK BLVD,-82.970383,40.064864,1,008,2,1,73,6,am_peak+early+evening+midday+owl+pm_peak,False,,False,224.6740079732399,285.971385421137,5,REDTAMW,0.17687253577198195,3,22.13336335222758,0.0,1.0,1.0,straight_line,
TAM464S,4645 TAMARACK BLVD,-82.970976,40.062329,1,008,2,1,73,6,am_peak+early+evening+midday+owl+pm_peak,False,,False,285.971385421137,210.37770017466966,10,TAM463N,0.17662363653627375,3,21.13794754009041,0.0,1.0,1.0,straight_line,
KARMORS,KARL RD & MORSE RD,-82.977525,40.060044,1,008,2,1,73,6,am_peak+early+evening+midday+owl+pm_peak,False,,False,517.0168450234385,294.1832092017998,8,MORKARE1,1.2802666512161882,1,11.33017409697366,0.0,0.0,0.0,straight_line,
HIGBLENS,S HIGH ST & W BLENKNER ST,-82.998729,39.951768,2,005+008,3,2,73,6,am_peak+early+evening+midday+owl+pm_peak,False,,True,266.72750780172623,339.34322007791053,10,HIGHOSN,1.181790506074663,1,42.597941372342795,0.0,1.0,1.0,straight_line,transfer point (2 routes)
HIGSYCS,S HIGH ST & W SYCAMORE ST,-82.998144,39.948745,2,005+008,3,2,73,6,am_peak+early+evening+midday+owl+pm_peak,False,,True,339.34322007791053,169.69522206803435,7,HIGSYCN,0.23478602185105046,3,69.21067587918787,0.0,1.0,1.0,straight_line,transfer point (2 routes)
HIGFRANS,S HIGH ST & W FRANKFORT ST,-82.997854,39.947233,2,005+008,3,2,73,6,am_peak+early+evening+midday+owl+pm_peak,False,,True,169.69522206803435,337.58637656276045,8,HIGCOLN,1.6977608136614777,2,26.612734506845086,0.0,1.0,1.0,straight_line,transfer point (2 routes)
KARNORS,KARL RD & NORTHLAND PARK AVE,-82.976505,40.057513,1,008,2,1,73,6,am_peak+early+evening+midday+owl+pm_peak,False,,False,294.1832092017998,291.13084414065287,7,KARNORN,0.32384318564682435,1,11.33017409697366,0.0,1.0,1.0,straight_line,
KARSHAS,KARL RD & SHANLEY DR,-82.976477,40.054891,1,008,2,1,73,6,am_peak+early+evening+midday+owl+pm_peak,False,,False,291.13084414065287,327.6039074140883,4,KARSHAN,1.22777333413891,1,6.6751413284495875,0.0,1.0,1.0,straight_line,
NORVILS,KARL & NORTHLAND VILLAGE,-82.976691,40.051945,1,008,2,1,73,6,am_peak+early+evening+midday+owl+pm_peak,False,,False,327.6039074140883,407.49026516762177,2,KARFERN1,0.9810042285698986,1,6.6751413284495875,0.0,1.0,1.0,straight_line,
KARCOOKS,KARL RD & NORTHLAND SR VILLAGE,-82.976966,40.048281,1,008,2,1,73,6,am_peak+early+evening+midday+owl+pm_peak,False,,False,407.49026516762177,268.4564557148185,4,KARSTON,0.19962781995614637,1,9.641870807760515,0.0,1.0,1.0,straight_line,
BROCOLE,E BROAD ST & COLLINGWOOD AVE,-82.89929,39.973424,1,010,4,1,72,6,am_peak+early+evening+midday+owl+pm_peak,False,,False,277.46727096598846,270.1574821371935,7,EBRCOLW,0.4584073936771776,1,8.431757467515268,0.0,1.0,1.0,straight_line,
BROWAYE,W BROAD ST & S WAYNE AVE,-83.064219,39.955327,1,010,4,1,72,6,am_peak+early+evening+midday+owl+pm_peak,False,,False,390.87740261882425,305.14563954065636,5,BROOAKW,1.5977621145881726,5,20.56495608520466,0.0,0.8,0.852892561983471,straight_line,
BROBURE,W BROAD ST & S BURGESS AVE,-83.068784,39.955101,1,010,4,1,72,6,am_peak+early+evening+midday+owl+pm_peak,False,,False,216.06936186742712,390.87740261882425,4,BROOGDW,2.32853847368039,4,10.255292316640594,0.0,0.6,0.6507936507936508,straight_line,
BROWARE,W BROAD ST & S WARREN AVE,-83.071307,39.954971,1,010,4,1,72,6,am_peak+early+evening+midday+owl+pm_peak,False,,False,253.30288889977237,216.06936186742712,4,BROOGDW,0.4638638038124904,4,13.30009362435444,0.0,1.0,1.0,straight_line,
BROHAGE,W BROAD ST & S HAGUE AVE,-83.074267,39.954847,1,010,4,1,72,6,am_peak+early+evening+midday+owl+pm_peak,False,,False,313.51742594148976,253.30288889977237,4,BROHAGW,0.24885046173430067,4,21.380527864056578,0.0,1.0,1.0,straight_line,
BROROYE,W BROAD ST & S ROYS AVE,-83.077928,39.95466,1,010,4,1,72,6,am_peak+early+evening+midday+owl+pm_peak,False,,False,393.5427143729598,313.51742594148976,5,BROHALW,1.3799313871126717,3,21.213231088907467,0.0,0.6666666666666666,0.8740279937791601,straight_line,
BROWESGE,W BROAD ST & S WESTGATE AVE,-83.082525,39.954444,1,010,4,1,72,6,am_peak+early+evening+midday+owl+pm_peak,False,,False,239.95707259608173,393.5427143729598,5,BROWESW,0.9133102099564278,3,25.830622083022973,0.0,1.0,1.0,straight_line,
BROHARDE,E BROAD ST & S HARDING RD,-82.918997,39.971311,1,010,4,1,72,6,am_peak+early+evening+midday+owl+pm_peak,False,,False,278.09659390618947,318.7713079393709,5,BROHARDW,0.33432295701519144,2,10.18837360658095,0.0,1.0,1.0,straight_line,
BROBRODE,E BROAD ST & S BROADLEIGH RD,-82.922222,39.970969,1,010,4,1,72,6,am_peak+early+evening+midday+owl+pm_peak,False,,False,170.02921833025098,278.09659390618947,5,BROBRODW,0.6043544421883948,2,10.949573933509411,0.0,1.0,1.0,straight_line,
BROWILRE,W BROAD ST & S WILSON RD,-83.094101,39.953862,1,010,4,1,72,6,am_peak+early+evening+midday+owl+pm_peak,False,,False,294.1397038683171,521.3341621805721,5,WILBRON1,1.1092795523985512,2,109.76899073450335,0.0,1.0,1.0,straight_line,
BROBROLE,W BROAD ST & BROADLAWN AVE,-83.097537,39.953703,1,010,4,1,72,6,am_peak+early+evening+midday+owl+pm_peak,False,,False,162.5007676832947,294.1397038683171,5,BROCONEW,0.5748977043735353,1,100.01001218413845,0.0,1.0,1.0,straight_line,
BROOLDE,W BROAD ST & OLD VILLAGE RD,-83.123989,39.952346,1,010,4,1,72,6,am_peak+early+evening+midday+owl+pm_peak,False,,False,292.7626192197426,789.0948372936626,3,BROOLDW,0.4634624682658317,2,19.00658662469067,0.0,1.0,1.0,straight_line,
BRO476E,4765 W BROAD ST,-83.127411,39.952219,1,010,4,1,72,6,am_peak+early+evening+midday+owl+pm_peak,False,,False,654.3286645097425,292.7626192197426,4,BROMURW,0.3992480186194682,2,19.00658662469067,0.0,0.6666666666666666,0.3609406952965232,straight_line,
BROGLAE,W BROAD ST & GLADYS RD,-83.135054,39.951862,1,010,4,1,72,6,am_peak+early+evening+midday+owl+pm_peak,False,,False,334.26929948936265,654.3286645097425,2,BROSTUW,1.244354117635598,2,41.80746410976324,0.0,1.0,1.0,straight_line,
BRONORE,W BROAD ST & NORTON RD,-83.138955,39.95164,1,010,4,1,72,6,am_peak+early+evening+midday+owl+pm_peak,False,,False,532.9200735415491,334.26929948936265,6,NORGRES1,1.527241079168324,0,0.0,0.0,0.0,0.0,straight_line,catchment not reconstructable
BROWHIE,W BROAD ST & WHITETHORNE AVE,-83.056948,39.95566,1,010,4,1,72,6,am_peak+early+evening+midday+owl+pm_peak,False,,False,317.24386523970276,330.28748070006435,5,BROMIDLW,0.9071443060257472,3,15.060892182798856,0.0,1.0,1.0,straight_line,
BROHIGE,W BROAD ST & S HIGHLAND AVE,-83.060654,39.955488,1,010,4,1,72,6,am_peak+early+evening+midday+owl+pm_peak,False,,False,305.14563954065636,317.24386523970276,5,BROHIGW,0.2454324193286042,4,17.285939292282052,0.0,1.0,1.0,straight_line,
BROMAPE,E BROAD ST & MAPLEWOOD AVE,-82.902511,39.973101,1,010,4,1,72,6,am_peak+early+evening+midday+owl+pm_peak,False,,False,120.5137626250207,277.46727096598846,6,BROMAPW,0.2860406149512056,1,8.431757467515268,0.0,1.0,1.0,straight_line,
BRO367E,3675 E BROAD ST,-82.903909,39.972955,1,010,4,1,72,6,am_peak+early+evening+midday+owl+pm_peak,False,,False,177.7167042117601,120.5137626250207,6,BROMAPW,1.3214310128664697,0,0.0,0.0,0.0,0.0,straight_line,catchment not reconstructable
BRONAPE,E BROAD ST & S NAPOLEON AVE,-82.905969,39.972731,1,010,4,1,72,6,am_peak+early+evening+midday+owl+pm_peak,False,,False,324.3646479602059,177.7167042117601,6,BROWEYW,0.6946633833316079,0,0.0,0.0,0.0,0.0,straight_line,catchment not reconstructable
BROHAMPE,E BROAD ST & S HAMPTON RD,-82.909729,39.972323,1,010,4,1,72,6,am_peak+early+evening+midday+owl+pm_peak,False,,False,224.34778137550555,324.3646479602059,8,BROHAMPW,0.44516643721773813,1,5.533340838056895,0.0,1.0,1.0,straight_line,
BROJAME,E BROAD ST & S JAMES RD,-82.91233,39.972043,1,010,4,1,72,6,am_peak+early+evening+midday+owl+pm_peak,False,,False,256.518212109386,224.34778137550555,10,BROASHW,1.0481783774689934,1,5.533340838056895,0.0,1.0,1.0,straight_line,
BROKELE,E BROAD ST & KELLNER RD,-82.915301,39.971707,1,010,4,1,72,6,am_peak+early+evening+midday+owl+pm_peak,False,,False,318.7713079393709,256.518212109386,9,BROLOWW,0.33525998265438844,1,4.918525189383907,0.0,1.0,1.0,straight_line,
BROCARE,E BROAD ST & CARDINAL PARK DR,-82.860338,39.977555,1,010,4,1,72,6,am_peak+early+evening+midday+owl+pm_peak,False,,False,1212.4264075351311,1304.2543496752955,1,BROCARW,0.36435684141376706,1,34.54678406829174,0.0,1.0,1.0,straight_line,
BROHAMIE,E BROAD ST & S HAMILTON RD,-82.874391,39.976017,1,010,4,1,72,6,am_peak+early+evening+midday+owl+pm_peak,False,,False,404.1195904138582,1212.4264075351311,6,HAMBROS2,0.8894116895649471,1,0.30113419526840246,0.0,1.0,1.0,straight_line,
BROMERE,E BROAD ST & S MERKLE RD,-82.924191,39.970745,1,010,4,1,72,6,am_peak+early+evening+midday+owl+pm_peak,False,,False,268.27544678668363,170.02921833025098,5,BROMERW,0.5942852754812628,3,16.951345741983822,0.0,1.0,1.0,straight_line,
BROSTANE,E BROAD ST & S STANWOOD RD,-82.927304,39.970426,1,010,4,1,72,6,am_peak+early+evening+midday+owl+pm_peak,False,,False,226.63191650013707,268.27544678668363,5,BROSTANW,0.6703928930317739,2,11.681497324786779,0.0,1.0,1.0,straight_line,
BROCASIE,E BROAD ST & S CASSINGHAM RD,-82.929931,39.970141,1,010,4,1,72,6,am_peak+early+evening+midday+owl+pm_peak,False,,False,209.48713939012097,226.63191650013707,5,BROCASIW,0.6643040868415725,2,11.681497324786779,0.0,1.0,1.0,straight_line,
BROCASAE,E BROAD ST & S CASSADY AVE,-82.932362,39.969893,1,010,4,1,72,6,am_peak+early+evening+midday+owl+pm_peak,False,,False,330.8320517596006,209.48713939012097,5,BROCASAW,1.0408291324128598,2,11.818123024491886,0.0,1.0,1.0,straight_line,
BRODREE,E BROAD ST & S DREXEL AVE,-82.936194,39.969462,1,010,4,1,72,6,am_peak+early+evening+midday+owl+pm_peak,False,,False,414.8315561993251,330.8320517596006,3,BRODREW,2.242663909908942,1,5.816351216017477,0.0,1.0,1.0,straight_line,
BROPARKE,E BROAD ST & S PARKVIEW AVE,-82.940999,39.968922,1,010,4,1,72,6,am_peak+early+evening+midday+owl+pm_peak,False,,False,354.7231634246491,414.8315561993251,4,BROPARVW,0.7328247531581329,1,5.816351216017477,0.0,1.0,1.0,straight_line,
BROROBE,E BROAD ST & ROBINWOOD AVE,-82.896156,39.973751,1,010,4,1,72,6,am_peak+early+evening+midday+owl+pm_peak,False,,False,270.1574821371935,125.88718646649009,6,BROROBW,0.6609322470589656,1,8.431757467515268,0.0,1.0,1.0,straight_line,
HAMSAWS,N HAMILTON RD & SAWYER RD,-82.868777,39.994436,2,007+024,2,2,72,6,am_peak+early+evening+midday+owl+pm_peak,False,,True,450.58979209751385,537.1124886065043,1,HAMAIRN,1.5320996339642488,1,205.93396536979859,0.0,1.0,1.0,straight_line,transfer point (2 routes)
KARNORMN,KARL RD & NORMA RD,-82.976663,40.068175,2,008+042,3,2,72,6,am_peak+early+evening+midday+owl+pm_peak,False,,True,326.41412635348695,385.22360906407175,6,KARNORMS,0.4650731869554764,2,23.46058443507723,0.0,1.0,1.0,straight_line,transfer point (2 routes)
KARPENN,KARL RD & PENWORTH DR,-82.976386,40.071638,2,008+042,3,2,72,6,am_peak+early+evening+midday+owl+pm_peak,False,,True,385.22360906407175,637.5042174696057,3,KARPENS,0.6178334140975619,2,17.2343561199444,0.0,1.0,1.0,straight_line,transfer point (2 routes)
KARSANN,KARL RD & SANDALWOOD PL,-82.975909,40.077368,2,008+042,3,2,72,6,am_peak+early+evening+midday+owl+pm_peak,False,,True,637.5042174696057,402.9496040153285,1,KARSANS,0.2632930601230569,2,17.2343561199444,0.0,1.0,1.0,straight_line,transfer point (2 routes)
KARCOLN,KARL RD & COLUMBUS PUBLIC LIBRARY,-82.975612,40.08099,2,008+042,3,2,72,6,am_peak+early+evening+midday+owl+pm_peak,False,,True,402.9496040153285,380.8162126096511,3,KARCOLS,0.2448652541526172,2,17.403047034886434,0.0,1.0,1.0,straight_line,transfer point (2 routes)
PARWHIN,PARSONS AVE & E WHITTIER ST,-82.982825,39.944638,2,004+008,3,2,72,6,am_peak+early+evening+midday+owl+pm_peak,False,,True,313.29119678242193,545.6509295779194,9,PARWHIS,0.43271171499437777,2,10.62752764134737,0.0,0.5,0.6005509641873279,straight_line,transfer point (2 routes)
KARHEMN,KARL RD & HEMPWOOD DR,-82.975401,40.084416,2,008+042,3,2,72,6,am_peak+early+evening+midday+owl+pm_peak,False,,True,380.8162126096511,326.4376427390898,8,KARHEMS,0.21401941362821608,2,17.403047034886434,0.0,1.0,1.0,straight_line,transfer point (2 routes)
BROSOUTE,W BROAD ST & S SOUTHAMPTON AVE,-83.088014,39.95418,1,010,4,1,72,6,am_peak+early+evening+midday+owl+pm_peak,False,,False,521.3341621805721,229.99345574186006,4,BROSYLW,0.792216261979026,1,7.327598751531126,0.0,1.0,1.0,straight_line,
BROALGE,W BROAD ST & S ALGONQUIN AVE,-83.085328,39.954313,1,010,4,1,72,6,am_peak+early+evening+midday+owl+pm_peak,False,,False,229.99345574186006,239.95707259608173,5,BROBRIW,1.1863556193820048,3,25.830622083022973,0.0,1.0,1.0,straight_line,
PARSTEN,PARSONS AVE & STEWART AVE,-82.983037,39.941821,2,004+008,3,2,72,6,am_peak+early+evening+midday+owl+pm_peak,False,,True,264.45080752839857,313.29119678242193,9,PARZIMS,0.6557780564261868,1,1.463846782554734,0.0,0.5,0.1865671641791045,straight_line,transfer point (2 routes)
PARTHUN,PARSONS AVE & THURMAN AVE,-82.983234,39.939444,2,004+008,3,2,72,6,am_peak+early+evening+midday+owl+pm_peak,False,,True,230.95219997684546,264.45080752839857,5,PARTHUS,0.21352927048357295,3,15.341114281173633,0.0,1.0,1.0,straight_line,transfer point (2 routes)
PARGATN,PARSONS AVE & E GATES ST,-82.983404,39.937368,2,004+008,3,2,72,6,am_peak+early+evening+midday+owl+pm_peak,False,,True,204.30407386005837,230.95219997684546,9,PARGATS,0.7022648411412831,3,7.143572298867102,0.0,0.6666666666666666,0.639344262295082,straight_line,transfer point (2 routes)
PARSYCN,PARSONS AVE & SYCAMORE ST,-82.982472,39.949545,2,004+008,3,2,72,6,am_peak+early+evening+midday+owl+pm_peak,False,,True,545.6509295779194,314.83426062328175,7,PARELSS,0.29552895452367706,1,9.807773443116732,0.0,1.0,1.0,straight_line,transfer point (2 routes)
BROBEEWE,E BROAD ST & BEECHWOOD RD,-82.891701,39.974217,1,010,4,1,72,6,am_peak+early+evening+midday+owl+pm_peak,False,,False,258.16195830458764,318.22062839182377,6,BROBEEWW,0.4070001071750976,1,10.568973770045192,0.0,1.0,1.0,straight_line,
BROBEETE,E BROAD ST & BEECHTREE RD,-82.894697,39.973911,1,010,4,1,72,6,am_peak+early+evening+midday+owl+pm_peak,False,,False,125.88718646649009,258.16195830458764,6,BROBEETW,0.9205153763347973,1,10.568973770045192,0.0,1.0,1.0,straight_line,
BRO4251E,4251 E BROAD ST,-82.888009,39.9746,1,010,4,1,72,6,am_peak+early+evening+midday+owl+pm_peak,False,,False,318.22062839182377,260.96785417735333,5,BRO424W,0.28111458555008006,1,10.568973770045192,0.0,0.5,0.2522711390635919,straight_line,
HAM5THN,N HAMILTON RD & E 5TH AVE,-82.868792,39.989795,2,007+024,3,2,72,6,am_peak+early+evening+midday+owl+pm_peak,False,,True,548.653462643031,634.1279848434831,1,5THHAMSW,0.6393910785730472,1,205.93396536979859,0.0,1.0,1.0,straight_line,transfer point (2 routes)
NORTRA1,NORTHLAND TRANSIT CENTER BAY 1,-82.951789,40.082116,1,101,2,2,72,6,am_peak+early+evening+midday+owl+pm_peak,True,101,False,1023.1383691225313,1126.5505500616825,10,NORTRA2,0.4148740614590336,1,17.829653811516685,0.0,1.0,1.0,straight_line,terminal
BROSTEE,W BROAD ST & STEVENS AVE,-83.04135,39.957193,1,010,4,1,72,6,am_peak+early+evening+midday+owl+pm_peak,False,,False,536.0617091416251,312.3521758632778,3,BROSTEW,0.2677043607542262,1,4.420817283315297,0.0,1.0,1.0,straight_line,
BROWESPE,W BROAD ST & W PARK AVE,-83.032955,39.958204,1,010,4,1,72,6,am_peak+early+evening+midday+owl+pm_peak,False,,False,413.6842706666328,285.7075757597365,5,BROCHIW,1.06298689365623,2,3.776724698991214,0.0,1.0,1.0,straight_line,
BROCENE,W BROAD ST & S CENTRAL AVE,-83.03774,39.957636,1,010,4,1,72,6,am_peak+early+evening+midday+owl+pm_peak,False,,False,312.3521758632778,413.6842706666328,6,BROCENW,0.8469835505689408,3,8.197541982306511,0.0,0.6666666666666666,0.8107142857142857,straight_line,
BROHAWE,W BROAD ST & HAWKES AVE,-83.025458,39.959098,1,010,4,1,72,6,am_peak+early+evening+midday+owl+pm_peak,False,,False,362.5020665317598,398.9800461506025,9,BROHARTW,1.3576780683465768,1,23.685040941735608,0.0,1.0,1.0,straight_line,
BROYEAE,E BROAD ST & S YEARLING RD,-82.88498,39.974907,1,010,4,1,72,6,am_peak+early+evening+midday+owl+pm_peak,False,,False,260.96785417735333,223.9424629561725,5,BROYEAW,0.776420478615033,2,41.89529491671654,0.0,1.0,1.0,straight_line,
BROSANE,E BROAD ST & SANTA MARIA LN,-82.882381,39.975172,1,010,4,1,72,6,am_peak+early+evening+midday+owl+pm_peak,False,,False,223.9424629561725,284.7916586495522,5,BROPARLW,0.665633988563591,2,39.3189245794202,0.0,0.5,0.7967237527922563,straight_line,
BROGLEE,W BROAD ST & S CYPRESS AVE,-83.029651,39.9586,1,010,4,1,72,6,am_peak+early+evening+midday+owl+pm_peak,False,,False,285.7075757597365,362.5020665317598,7,BROYALW,2.221566293515817,1,23.685040941735608,0.0,0.5,0.9141242937853107,straight_line,
BROCHAE,E BROAD ST & S CHAMPION AVE,-82.969062,39.96578,1,010,4,1,72,6,am_peak+early+evening+midday+owl+pm_peak,False,,False,118.18161302917409,289.4747447941043,12,BROGOVW,0.26833170459179306,0,0.0,0.0,0.0,0.0,straight_line,catchment not reconstructable
BROFROE,W BROAD ST & S FRONT ST,-83.002662,39.961872,1,010,4,1,72,6,am_peak+early+evening+midday+owl+pm_peak,False,,False,494.84327196696535,213.0646638396674,12,FROBROS,0.5483362445297759,0,0.0,0.0,0.0,0.0,straight_line,catchment not reconstructable
BROHIGE1,E BROAD ST & S HIGH ST,-83.000204,39.962196,1,010,4,1,72,6,am_peak+early+evening+midday+owl+pm_peak,False,,False,213.0646638396674,234.53707683237306,12,BROHIGHW,0.7538605678431936,0,0.0,0.0,0.0,0.0,straight_line,catchment not reconstructable
BRO3RDE,E BROAD ST & S 3RD ST,-82.997478,39.962445,1,010,4,1,72,6,am_peak+early+evening+midday+owl+pm_peak,False,,False,234.53707683237306,88.93520527352904,12,BRO3RDW,0.33876715342217606,0,0.0,0.0,0.0,0.0,straight_line,catchment not reconstructable
BRO4THE,E BROAD ST & S 4TH ST,-82.996449,39.962566,1,010,4,1,72,6,am_peak+early+evening+midday+owl+pm_peak,False,,False,88.93520527352904,169.66467048614558,12,BRO4THW,0.7690046948450343,0,0.0,0.0,0.0,0.0,straight_line,catchment not reconstructable
BRO5THE,E BROAD ST & S 5TH ST,-82.994488,39.962807,1,010,4,1,72,6,am_peak+early+evening+midday+owl+pm_peak,False,,False,169.66467048614558,268.3444717183264,12,BRO5THW,0.6246276699015743,0,0.0,0.0,0.0,0.0,straight_line,catchment not reconstructable
BROLECE,W BROAD ST & LECHNER AVE,-83.053091,39.955856,1,010,4,1,72,6,am_peak+early+evening+midday+owl+pm_peak,False,,False,330.28748070006435,478.10058503623804,3,BROLECW,0.5309346603094911,1,2.041020656819172,0.0,0.5,0.41216216216216217,straight_line,
BROHOLE,E BROAD ST & HOLIDAY LANES,-82.879081,39.975538,1,010,4,1,72,6,am_peak+early+evening+midday+owl+pm_peak,False,,False,284.7916586495522,404.1195904138582,5,BROSCHOW,1.3292843427554815,1,31.326321146671347,0.0,0.5,0.7967237527922563,straight_line,
BROENTE,W BROAD ST & GLENWOOD PARK,-83.047551,39.95646,1,010,4,1,72,6,am_peak+early+evening+midday+owl+pm_peak,False,,False,478.10058503623804,536.0617091416251,1,BROENTW,3.041654755823903,0,0.0,0.0,0.0,0.0,straight_line,catchment not reconstructable
BROPARE,E BROAD ST & PARK DR,-82.945109,39.968467,1,010,4,1,72,6,am_peak+early+evening+midday+owl+pm_peak,False,,False,344.7165723186791,354.7231634246491,4,BROMEAW,0.3842324914807166,0,0.0,0.0,0.0,0.0,straight_line,catchment not reconstructable
BROWASAE,E BROAD ST & S WASHINGTON AVE,-82.987427,39.963674,1,010,4,1,72,6,am_peak+early+evening+midday+owl+pm_peak,False,,False,342.5804891877301,221.4003542118783,9,BROWASAW,0.22375175682608597,1,79.83820352053432,0.0,0.5,0.5642458100558638,straight_line,
BROGRAE,E BROAD ST & S GRANT AVE,-82.991381,39.963161,1,010,4,1,72,6,am_peak+early+evening+midday+owl+pm_peak,False,,False,268.3444717183264,342.5804891877301,9,BROGRAW,0.32830316528807574,1,61.65722648120522,0.0,1.0,1.0,straight_line,
BROPARSE,E BROAD ST & PARSONS AVE,-82.98101,39.964355,1,010,4,1,72,6,am_peak+early+evening+midday+owl+pm_peak,False,,False,332.1046479664169,268.130728375401,8,BROHAMIW,0.29208066943238137,1,7.3192339127736705,0.0,1.0,1.0,straight_line,
BRODOUE,E BROAD ST & S DOUGLAS ST,-82.977909,39.964727,1,010,4,1,72,6,am_peak+early+evening+midday+owl+pm_peak,False,,False,268.130728375401,340.69542756011134,9,BRO17TW,0.4325199227301481,1,7.3192339127736705,0.0,1.0,1.0,straight_line,
BROHOFE,E BROAD ST & HOFFMAN AVE,-82.973968,39.965196,1,010,4,1,72,6,am_peak+early+evening+midday+owl+pm_peak,False,,False,340.69542756011134,305.93802012377296,10,BRO20TW,0.3052567917531244,0,0.0,0.0,0.0,0.0,straight_line,catchment not reconstructable
BROJEFE,E BROAD ST & JEFFERSON AVE,-82.984853,39.963905,1,010,4,1,72,6,am_peak+early+evening+midday+owl+pm_peak,False,,False,221.4003542118783,332.1046479664169,9,BROJEFW,0.8457011008727153,1,79.83820352053432,0.0,1.0,1.0,straight_line,
BROOHIE,E BROAD ST & S OHIO AVE,-82.970428,39.965612,1,010,4,1,72,6,am_peak+early+evening+midday+owl+pm_peak,False,,False,305.93802012377296,118.18161302917409,12,OHIBROS,0.36009374547694695,0,0.0,0.0,0.0,0.0,straight_line,catchment not reconstructable
BROWILAE,E BROAD ST & WILSON AVE,-82.96571,39.966161,1,010,4,1,72,6,am_peak+early+evening+midday+owl+pm_peak,False,,False,289.4747447941043,243.9458198274597,9,BROWINW,0.26965789916974303,2,5.5040639024058,0.0,1.0,1.0,straight_line,
BROLATE,E BROAD ST & LATTA AVE,-82.962882,39.966465,1,010,4,1,72,6,am_peak+early+evening+midday+owl+pm_peak,False,,False,243.9458198274597,235.65130025201424,7,BROPARWW,2.854086096094989,1,2.0786624312277224,0.0,0.5,0.19241192411924116,straight_line,
BROFRA1E,E BROAD ST & FRANKLIN PK W,-82.960153,39.966774,1,010,4,1,72,6,am_peak+early+evening+midday+owl+pm_peak,False,,False,235.65130025201424,196.9181249057626,6,BROPARWW,0.28736455789292775,2,10.80318925525394,0.0,1.0,1.0,straight_line,
BROWOOE,E BROAD ST & WOODLAND AVE,-82.957871,39.967024,1,010,4,1,72,6,am_peak+early+evening+midday+owl+pm_peak,False,,False,196.9181249057626,292.16201015731843,6,BROWOOW,0.26925644970887425,1,8.724526824026219,0.0,1.0,1.0,straight_line,
BROFRA2E,E BROAD ST & FRANKLIN PARK CON,-82.954486,39.967399,1,010,4,1,72,6,am_peak+early+evening+midday+owl+pm_peak,False,,False,292.16201015731843,222.86387494920808,5,BROBRUNW,0.8808215454294406,1,8.724526824026219,0.0,1.0,1.0,straight_line,
BROMONE,E BROAD ST & MONYPENNY AVE,-82.951905,39.967691,1,010,4,1,72,6,am_peak+early+evening+midday+owl+pm_peak,False,,False,222.86387494920808,242.26022262303385,4,BRONELFW,0.7492302286630722,0,0.0,0.0,0.0,0.0,straight_line,catchment not reconstructable
BRONELE,E BROAD ST & S NELSON RD,-82.949094,39.967979,1,010,4,1,72,6,am_peak+early+evening+midday+owl+pm_peak,False,,False,242.26022262303385,344.7165723186791,5,BRONELFW,2.3484589351793934,0,0.0,0.0,0.0,0.0,straight_line,catchment not reconstructable
BROMEAW,E BROAD ST & MEADOW PARK AVE,-82.945432,39.968589,1,010,4,1,71,6,am_peak+early+evening+midday+owl+pm_peak,False,,False,324.38519599362104,505.6192040635234,4,BROPARE,0.3842324914807166,0,0.0,0.0,0.0,0.0,straight_line,catchment not reconstructable
BROPARVW,E BROAD ST & N PARKVIEW AVE,-82.941675,39.969013,1,010,4,1,71,6,am_peak+early+evening+midday+owl+pm_peak,False,,False,291.9829467335893,324.38519599362104,4,BROPARKE,0.7328247531581329,1,5.816351216017477,0.0,1.0,1.0,straight_line,
BRODREW,E BROAD ST & N DREXEL AVE,-82.938292,39.969388,1,010,4,1,71,6,am_peak+early+evening+midday+owl+pm_peak,False,,False,428.09849489204487,291.9829467335893,3,BRODREE,2.242663909908942,1,5.816351216017477,0.0,1.0,1.0,straight_line,
HAMCLIN,HAMILTON AVE & CLINTON ST,-82.979102,40.011967,1,008,2,1,71,6,am_peak+early+evening+midday+owl+pm_peak,False,,False,327.9905301546793,365.2628436063252,10,MCGCLIS,2.6979191008571273,2,4.0987709911532555,0.0,0.3333333333333333,0.17847769028871394,straight_line,
BROSTANW,E BROAD ST & N STANWOOD RD,-82.927924,39.970502,1,010,4,1,71,6,am_peak+early+evening+midday+owl+pm_peak,False,,False,276.11259748244925,225.51444237697646,6,BROSTANE,0.6703928930317739,2,11.681497324786779,0.0,1.0,1.0,straight_line,
KAROAKN,KARL RD & OAKLAND PARK AVE,-82.978123,40.03232,1,008,2,1,71,6,am_peak+early+evening+midday+owl+pm_peak,False,,False,214.98648225282176,359.665807866472,11,KAROAKS,0.15111805880877255,1,5.738279387614558,0.0,1.0,1.0,straight_line,
BRONELFW,E BROAD ST & N NELSON RD,-82.951293,39.967955,1,010,4,1,71,6,am_peak+early+evening+midday+owl+pm_peak,False,,False,505.6192040635234,211.9600794703792,4,BROMONE,0.7492302286630722,0,0.0,0.0,0.0,0.0,straight_line,catchment not reconstructable
BROCASAW,E BROAD ST & N CASSADY AVE,-82.933334,39.969949,1,010,4,1,71,6,am_peak+early+evening+midday+owl+pm_peak,False,,False,240.69730719201863,428.09849489204487,4,BROCASAE,1.0408291324128598,2,11.818123024491886,0.0,1.0,1.0,straight_line,
BROHALW,W BROAD ST & HALDY AVE,-83.079212,39.95477,1,010,4,1,71,6,am_peak+early+evening+midday+owl+pm_peak,False,,False,421.10533536175745,214.6911634560162,3,BROROYE,1.3799313871126717,2,18.503023331491846,0.0,0.6666666666666666,0.8740279937791601,straight_line,
BROHAGW,W BROAD ST & N HAGUE AVE,-83.074295,39.955025,1,010,4,1,71,6,am_peak+early+evening+midday+owl+pm_peak,False,,False,285.2801371676816,421.10533536175745,4,BROHAGE,0.24885046173430067,4,21.380527864056578,0.0,1.0,1.0,straight_line,
BROMERW,E BROAD ST & N MERKLE RD,-82.924726,39.970863,1,010,4,1,71,6,am_peak+early+evening+midday+owl+pm_peak,False,,False,257.8264985077798,276.11259748244925,5,BROMERE,0.5942852754812628,3,16.951345741983822,0.0,1.0,1.0,straight_line,
BROBRODW,E BROAD ST & N BROADLEIGH RD,-82.921739,39.971196,1,010,4,1,71,6,am_peak+early+evening+midday+owl+pm_peak,False,,False,214.72459218103293,257.8264985077798,5,BROBRODE,0.6043544421883948,2,10.949573933509411,0.0,1.0,1.0,straight_line,
BROHARDW,E BROAD ST & N HARDING RD,-82.919248,39.971455,1,010,4,1,71,6,am_peak+early+evening+midday+owl+pm_peak,False,,False,355.9104344882652,214.72459218103293,5,BROHARDE,0.33432295701519144,2,10.18837360658095,0.0,1.0,1.0,straight_line,
BROLOWW,E BROAD ST & LOWELL RD,-82.915123,39.971906,1,010,4,1,71,6,am_peak+early+evening+midday+owl+pm_peak,False,,False,320.48438969524454,355.9104344882652,10,BROKELE,0.33525998265438844,1,4.918525189383907,0.0,1.0,1.0,straight_line,
BROASHW,E BROAD ST & N ASHBURTON RD,-82.911406,39.972298,1,010,4,1,71,6,am_peak+early+evening+midday+owl+pm_peak,False,,False,173.39585922586176,320.48438969524454,10,BROJAME,1.0481783774689934,1,5.533340838056895,0.0,1.0,1.0,straight_line,
BROHAMPW,E BROAD ST & N HAMPTON RD,-82.909396,39.972516,1,010,4,1,71,6,am_peak+early+evening+midday+owl+pm_peak,False,,False,240.6138619252086,173.39585922586176,8,BROHAMPE,0.44516643721773813,1,5.533340838056895,0.0,1.0,1.0,straight_line,
BROWEYW,E BROAD ST & N WEYANT AVE,-82.906608,39.972825,1,010,4,1,71,6,am_peak+early+evening+midday+owl+pm_peak,False,,False,334.8488568931684,240.6138619252086,6,BRONAPE,0.6946633833316079,1,5.533340838056895,0.0,0.0,0.0,straight_line,
BROWOOW,E BROAD ST & WOODLAND AVE,-82.957922,39.967214,1,010,4,1,71,6,am_peak+early+evening+midday+owl+pm_peak,False,,False,360.2965203256541,204.00946983870034,6,BROWOOE,0.26925644970887425,1,8.724526824026219,0.0,1.0,1.0,straight_line,
BROBRUNW,E BROAD ST & BRUNSON AVE,-82.953749,39.967684,1,010,4,1,71,6,am_peak+early+evening+midday+owl+pm_peak,False,,False,211.9600794703792,360.2965203256541,6,BROFRA2E,0.8808215454294406,1,8.724526824026219,0.0,1.0,1.0,straight_line,
BROBRIW,W BROAD ST & N BRINKER AVE,-83.084259,39.954545,1,010,4,1,71,6,am_peak+early+evening+midday+owl+pm_peak,False,,False,217.30041631189164,262.7596616394316,5,BROALGE,1.1863556193820048,3,25.830622083022973,0.0,1.0,1.0,straight_line,
BROSYLW,W BROAD ST & N SYLVAN AVE,-83.087328,39.954397,1,010,4,1,71,6,am_peak+early+evening+midday+owl+pm_peak,False,,False,262.7596616394316,449.19293944197426,3,BROSOUTE,0.792216261979026,1,7.327598751531126,0.0,1.0,1.0,straight_line,
BRO344W,3440 W BROAD ST,-83.092574,39.954138,1,010,4,1,71,6,am_peak+early+evening+midday+owl+pm_peak,False,,False,449.19293944197426,462.6608259259964,4,BROWILRE,1.6754173292574432,2,17.08657730189602,0.0,0.3333333333333333,0.03750375037503783,straight_line,
BROWESW,W BROAD ST & N WESTMOOR AVE,-83.081721,39.954668,1,010,4,1,71,6,am_peak+early+evening+midday+owl+pm_peak,False,,False,214.6911634560162,217.30041631189164,5,BROWESGE,0.9133102099564278,3,25.830622083022973,0.0,1.0,1.0,straight_line,
BROSTUW,W BROAD ST & STURBRIDGE RD,-83.136196,39.952039,1,010,4,1,71,6,am_peak+early+evening+midday+owl+pm_peak,False,,False,734.4141862304275,385.352192275458,4,BROGLAE,1.244354117635598,2,41.80746410976324,0.0,1.0,1.0,straight_line,
BROYALW,W BROAD ST & N YALE AVE,-83.031729,39.958529,1,010,4,1,71,6,am_peak+early+evening+midday+owl+pm_peak,False,,False,384.9322447396882,191.749524412116,5,BROWESPE,1.384929764881638,2,25.910088051218803,0.0,0.3333333333333333,0.08102345415778249,straight_line,
BRORODW,W BROAD ST & RODGERS AVE,-83.027277,39.95906,1,010,4,1,71,6,am_peak+early+evening+midday+owl+pm_peak,False,,False,260.99446875157145,384.9322447396882,5,BROHAWE,1.9434564552688414,1,23.685040941735608,0.0,1.0,1.0,straight_line,
BROHARTW,W BROAD ST & N HARTFORD AVE,-83.024259,39.959423,1,010,4,1,71,6,am_peak+early+evening+midday+owl+pm_peak,False,,False,237.88791254180944,260.99446875157145,8,BROHAWE,1.3576780683465768,1,23.685040941735608,0.0,1.0,1.0,straight_line,
BROOGDW,W BROAD ST & N OGDEN AVE,-83.070962,39.955174,1,010,4,1,71,6,am_peak+early+evening+midday+owl+pm_peak,False,,False,449.2563474920614,285.2801371676816,4,BROWARE,0.4638638038124904,4,13.30009362435444,0.0,1.0,1.0,straight_line,
BROEURW,W BROAD ST & N EUREKA AVE,-83.065714,39.955419,1,010,4,1,71,6,am_peak+early+evening+midday+owl+pm_peak,False,,False,253.46780291544403,449.2563474920614,3,BROWAYE,1.6019059709798955,7,56.53376274226383,33.25859889964356,0.7142857142857143,0.7306763285024156,straight_line,only access for 33 daily trips
BROOAKW,W BROAD ST & N OAKLEY AVE,-83.062753,39.955556,1,010,4,1,71,6,am_peak+early+evening+midday+owl+pm_peak,False,,False,183.23617380303114,253.46780291544403,4,BROWAYE,1.5977621145881726,4,17.587073487550455,0.0,0.8,0.852892561983471,straight_line,
BROHIGW,W BROAD ST & S HIGHLAND AVE,-83.060613,39.955662,1,010,4,1,71,6,am_peak+early+evening+midday+owl+pm_peak,False,,False,242.60762503708085,183.23617380303114,5,BROHIGE,0.2454324193286042,4,17.285939292282052,0.0,1.0,1.0,straight_line,
BROMIDLW,W BROAD ST & MIDLAND AVE,-83.057779,39.955795,1,010,4,1,71,6,am_peak+early+evening+midday+owl+pm_peak,False,,False,363.94758418598286,242.60762503708085,4,BROWHIE,0.9071443060257472,3,15.060892182798856,0.0,1.0,1.0,straight_line,
BROLECW,W BROAD ST & LECHNER AVE,-83.053531,39.956034,1,010,4,1,71,6,am_peak+early+evening+midday+owl+pm_peak,False,,False,269.86535602998276,363.94758418598286,4,BROLECE,0.5309346603094911,2,4.588114058464409,0.0,0.5,0.41216216216216217,straight_line,
BROENTW,W BROAD ST & RHODES PARK,-83.05039,39.956288,1,010,4,1,71,6,am_peak+early+evening+midday+owl+pm_peak,False,,False,783.9976716287953,269.86535602998276,3,BROLECE,2.946539426647782,1,2.041020656819172,0.0,1.0,1.0,straight_line,
BROSTEW,W BROAD ST & STEVENS AVE,-83.041326,39.957385,1,010,4,1,71,6,am_peak+early+evening+midday+owl+pm_peak,False,,False,242.06768458501435,783.9976716287953,3,BROSTEE,0.2677043607542262,1,4.420817283315297,0.0,1.0,1.0,straight_line,
NEICOLN,NEIL AVE & COLLINS AVE,-83.010784,39.976175,1,008,2,1,71,6,am_peak+early+evening+midday+owl+pm_peak,False,,False,380.4511692994051,238.74155919957786,6,NEICOLS,0.2786038578444209,3,55.62617773707996,0.0,1.0,1.0,straight_line,
BROWASAW,E BROAD ST & N WASHINGTON AVE,-82.987489,39.963828,1,010,4,1,71,6,am_peak+early+evening+midday+owl+pm_peak,False,,False,286.64267660025837,347.3670475651918,8,BROWASAE,0.22375175682608597,2,141.49543000173955,0.0,0.5,0.5642458100558638,straight_line,
BROGRAW,E BROAD ST & N GRANT AVE,-82.991512,39.963375,1,010,4,1,71,6,am_peak+early+evening+midday+owl+pm_peak,False,,False,347.3670475651918,217.08332223255908,8,BROGRAE,0.32830316528807574,1,61.65722648120522,0.0,1.0,1.0,straight_line,
BRO5THW,E BROAD ST & N 5TH ST,-82.994024,39.963081,1,010,4,1,71,6,am_peak+early+evening+midday+owl+pm_peak,False,,False,217.08332223255908,158.57192380588572,12,BRO5THE,0.6246276699015743,0,0.0,0.0,0.0,0.0,straight_line,catchment not reconstructable
BRO4THW,E BROAD ST & N 4TH ST,-82.995863,39.962888,1,010,4,1,71,6,am_peak+early+evening+midday+owl+pm_peak,False,,False,158.57192380588572,146.71187463323454,12,BRO4THE,0.7690046948450343,0,0.0,0.0,0.0,0.0,straight_line,catchment not reconstructable
BRO3RDW,E BROAD ST & N 3RD ST,-82.997559,39.962681,1,010,4,1,71,6,am_peak+early+evening+midday+owl+pm_peak,False,,False,146.71187463323454,174.44278622186116,12,BRO3RDE,0.33876715342217606,0,0.0,0.0,0.0,0.0,straight_line,catchment not reconstructable
BROHIGHW,E BROAD ST & N HIGH ST,-82.999578,39.962447,1,010,4,1,71,6,am_peak+early+evening+midday+owl+pm_peak,False,,False,174.44278622186116,248.30197374500483,12,BROHIGE1,0.7538605678431936,0,0.0,0.0,0.0,0.0,straight_line,catchment not reconstructable
BROPARWW,E BROAD ST & PARKWOOD AVE,-82.960286,39.966954,1,010,4,1,71,6,am_peak+early+evening+midday+owl+pm_peak,False,,False,204.00946983870034,469.3086823005179,6,BROFRA1E,0.28736455789292775,2,10.80318925525394,0.0,1.0,1.0,straight_line,
BROWINW,E BROAD ST & WINNER AVE,-82.965724,39.966355,1,010,4,1,71,6,am_peak+early+evening+midday+owl+pm_peak,False,,False,469.3086823005179,291.635487791711,9,BROWILAE,0.26965789916974303,2,5.5040639024058,0.0,1.0,1.0,straight_line,
BROGOVW,E BROAD ST & GOVERNOR PL,-82.969101,39.965971,1,010,4,1,71,6,am_peak+early+evening+midday+owl+pm_peak,False,,False,291.635487791711,142.72099079844304,12,BROCHAE,0.26833170459179306,0,0.0,0.0,0.0,0.0,straight_line,catchment not reconstructable
BROOHIW,E BROAD ST & N OHIO AVE,-82.970754,39.965785,1,010,4,1,71,6,am_peak+early+evening+midday+owl+pm_peak,False,,False,142.72099079844304,290.2822215634738,12,BROOHIE,0.422902058378894,1,9.192957794443734,0.0,0.0,0.0,straight_line,
BROCHIW,W BROAD ST & CHICAGO AVE,-83.033947,39.958266,1,010,4,1,71,6,am_peak+early+evening+midday+owl+pm_peak,False,,False,191.749524412116,395.96714508165695,6,BROWESPE,1.06298689365623,2,3.776724698991214,0.0,1.0,1.0,straight_line,
BROCENW,W BROAD ST & N CENTRAL AVE,-83.038526,39.957717,1,010,4,1,71,6,am_peak+early+evening+midday+owl+pm_peak,False,,False,395.96714508165695,242.06768458501435,4,BROCENE,0.8469835505689408,2,6.645864392798493,0.0,0.6666666666666666,0.8107142857142857,straight_line,
NEIKINN,NEIL AVE & KING AVE,-83.013646,39.990619,1,008,2,1,71,6,am_peak+early+evening+midday+owl+pm_peak,False,,False,389.4397900047996,189.43851376986626,7,NEI7THS,1.4909997328622295,4,11.418004903926926,0.0,0.6,0.3191489361702128,straight_line,
NEI8THN,NEIL AVE & W 8TH AVE,-83.013969,39.992307,1,008,2,1,71,6,am_peak+early+evening+midday+owl+pm_peak,False,,False,189.43851376986626,221.6379709139884,9,NEI8THS,0.19334290093775505,5,4.713586639826244,0.0,0.6,0.515527950310559,straight_line,
NEISPRUN,NEIL AVE & SPRUCE ST,-83.009504,39.972893,1,008,2,1,71,6,am_peak+early+evening+midday+owl+pm_peak,False,,False,416.98779288176337,380.4511692994051,6,NEISPRUS,0.21167578491094557,2,52.49354562241283,0.0,1.0,1.0,straight_line,
BRO17TW,E BROAD ST & N 17TH ST,-82.977646,39.964964,1,010,4,1,71,6,am_peak+early+evening+midday+owl+pm_peak,False,,False,305.53415310925584,283.4740391598559,10,BRODOUE,0.4325199227301481,1,7.3192339127736705,0.0,1.0,1.0,straight_line,
BROHAMIW,E BROAD ST & HAMILTON PARK,-82.980921,39.964554,1,010,4,1,71,6,am_peak+early+evening+midday+owl+pm_peak,False,,False,283.4740391598559,280.27035001910957,10,BROPARSE,0.29208066943238137,1,7.3192339127736705,0.0,1.0,1.0,straight_line,
BROJEFW,E BROAD ST & JEFFERSON AVE,-82.984172,39.964216,1,010,4,1,71,6,am_peak+early+evening+midday+owl+pm_peak,False,,False,280.27035001910957,286.64267660025837,8,BROJEFE,0.8457011008727153,1,79.83820352053432,0.0,1.0,1.0,straight_line,
BRO20TW,E BROAD ST & N 20TH ST,-82.974112,39.965386,1,010,4,1,71,6,am_peak+early+evening+midday+owl+pm_peak,False,,False,290.2822215634738,305.53415310925584,10,BROHOFE,0.3052567917531244,0,0.0,0.0,0.0,0.0,straight_line,catchment not reconstructable
BROCASIW,E BROAD ST & N CASSINGHAM RD,-82.930541,39.970235,1,010,4,1,71,6,am_peak+early+evening+midday+owl+pm_peak,False,,False,225.51444237697646,240.69730719201863,5,BROCASIE,0.6643040868415725,2,11.681497324786779,0.0,1.0,1.0,straight_line,
BROMAPW,E BROAD ST & MAPLEWOOD AVE,-82.902723,39.973227,1,010,4,1,71,6,am_peak+early+evening+midday+owl+pm_peak,False,,False,262.9150078590046,334.8488568931684,6,BROMAPE,0.2860406149512056,1,8.431757467515268,0.0,1.0,1.0,straight_line,
BROROBW,E BROAD ST & ROBINWOOD AVE,-82.896757,39.973865,1,010,4,1,71,6,am_peak+early+evening+midday+owl+pm_peak,False,,False,246.34608691571628,251.61133710843242,5,BROROBE,0.6609322470589656,1,8.431757467515268,0.0,1.0,1.0,straight_line,
EBRCOLW,E BROAD ST & COLLINGWOOD AVE,-82.899677,39.973567,1,010,4,1,71,6,am_peak+early+evening+midday+owl+pm_peak,False,,False,251.61133710843242,262.9150078590046,6,BROCOLE,0.4584073936771776,1,8.431757467515268,0.0,1.0,1.0,straight_line,
CLE15TN,CLEVELAND AVE & E 15TH AVE,-82.976807,39.998476,1,008,2,1,71,6,am_peak+early+evening+midday+owl+pm_peak,False,,False,179.04249176003106,223.39409565986992,9,CLE15TS,0.4971198930668496,4,8.235183756715061,0.0,0.75,0.8138686131386863,straight_line,
BROSCHOW,E BROAD ST & SCHOFIELD DR,-82.880325,39.975576,1,010,4,1,71,6,am_peak+early+evening+midday+owl+pm_peak,False,,False,220.53857638797854,229.94475220031532,5,BROHOLE,1.3292843427554815,2,39.3189245794202,0.0,0.5,0.7967237527922563,straight_line,
11TJEFE,E 11TH AVE & JEFFERSON AVE,-82.983019,39.99367,1,008,2,1,71,6,am_peak+early+evening+midday+owl+pm_peak,False,,False,343.24900859906035,363.9140731395014,7,11TJEFW,0.4024693651756503,1,9.075850051839355,0.0,1.0,1.0,straight_line,
CLECHIN,CLEVELAND AVE & CHITTENDEN AVE,-82.979588,39.995614,1,008,2,1,71,6,am_peak+early+evening+midday+owl+pm_peak,False,,False,363.9140731395014,217.99086105909234,8,CLECHIS,0.9182500981245001,3,12.77310878263474,0.0,1.0,1.0,straight_line,
17TCLEW,E 17TH AVE & CLEVELAND AVE,-82.976118,40.000417,1,008,2,1,71,6,am_peak+early+evening+midday+owl+pm_peak,False,,False,223.39409565986992,321.8551520001181,8,CLE17TS,0.879237512906332,3,6.060325679776599,0.0,0.6666666666666666,0.748792270531401,straight_line,
CLEWINN,CLEVELAND AVE & WINDSOR AVE,-82.977985,39.997142,1,008,2,1,71,6,am_peak+early+evening+midday+owl+pm_peak,False,,False,217.99086105909234,179.04249176003106,8,CLE13TS,0.9238447534590991,3,6.946998588066895,0.0,1.0,1.0,straight_line,
BROHAMW,E BROAD ST & N HAMILTON RD,-82.876023,39.976032,1,010,4,1,71,6,am_peak+early+evening+midday+owl+pm_peak,False,,False,1363.5549263849762,150.39957792621354,8,BROHAMIE,1.7426211652140382,0,0.0,0.0,0.0,0.0,straight_line,catchment not reconstructable
BROFAIW,E BROAD ST & FAIRWAY BLVD,-82.877766,39.97584,1,010,4,1,71,6,am_peak+early+evening+midday+owl+pm_peak,False,,False,150.39957792621354,220.53857638797854,8,BROHOLE,1.4652629637651438,1,31.326321146671347,0.0,1.0,1.0,straight_line,
KARNORN,KARL RD & NORTHLAND PARK AVE,-82.976353,40.057715,1,008,2,1,71,6,am_peak+early+evening+midday+owl+pm_peak,False,,False,219.80405479394844,294.3683528876071,9,KARNORS,0.32384318564682435,1,11.33017409697366,0.0,1.0,1.0,straight_line,
KARSHAN,KARL RD & SHANLEY DR,-82.976158,40.055741,1,008,2,1,71,6,am_peak+early+evening+midday+owl+pm_peak,False,,False,500.06624900228684,219.80405479394844,3,KARSHAS,1.22777333413891,1,6.6751413284495875,0.0,1.0,1.0,straight_line,
KARFERN1,KARL RD & FERRIS RD,-82.976546,40.051247,1,008,2,1,71,6,am_peak+early+evening+midday+owl+pm_peak,False,,False,324.3270068310896,500.06624900228684,3,NORVILS,0.9810042285698986,1,6.6751413284495875,0.0,1.0,1.0,straight_line,
KARHUYN,KARL RD & HUY RD,-82.977859,40.035553,1,008,2,1,71,6,am_peak+early+evening+midday+owl+pm_peak,False,,False,359.665807866472,244.72114490321505,6,KARURAS,1.2206895111631642,3,16.45363783591521,0.0,1.0,1.0,straight_line,
KARPAUN,KARL RD & PAULINE AVE,-82.977664,40.037752,1,008,2,1,71,6,am_peak+early+evening+midday+owl+pm_peak,False,,False,244.72114490321505,214.8254126340532,5,KARCARS,0.9937886044713226,2,8.138988111004322,0.0,1.0,1.0,straight_line,
KARACTN,KARL RD & ACTON RD,-82.977486,40.039682,1,008,2,1,71,6,am_peak+early+evening+midday+owl+pm_peak,False,,False,214.8254126340532,286.8905005465709,5,KARACTS,0.4931060581539408,2,11.915712809995537,0.0,1.0,1.0,straight_line,
KARELMN,KARL RD & ELMORE AVE,-82.977279,40.042261,1,008,2,1,71,6,am_peak+early+evening+midday+owl+pm_peak,False,,False,286.8905005465709,350.9330696696567,4,KARELMS,0.6113414648036684,3,21.557583617756052,0.0,0.6666666666666666,0.573394495412844,straight_line,
HAMDUXN,HAMILTON AVE & DUXBERRY AVE,-82.979304,40.009017,1,008,2,1,71,6,am_peak+early+evening+midday+owl+pm_peak,False,,False,271.64938273143406,327.9905301546793,5,HAMDUXS,0.2539981470213629,2,5.621171645010179,0.0,1.0,1.0,straight_line,
BRO424W,4244 E BROAD ST,-82.888158,39.974767,1,010,4,1,71,6,am_peak+early+evening+midday+owl+pm_peak,False,,False,212.23531582966496,280.9334728989139,5,BRO4251E,0.28111458555008006,2,41.89529491671654,0.0,0.5,0.2522711390635919,straight_line,
BROYEAW,E BROAD ST & N YEARLING RD,-82.885694,39.975013,1,010,4,1,71,6,am_peak+early+evening+midday+owl+pm_peak,False,,False,232.9210220436141,212.23531582966496,5,BROYEAE,0.776420478615033,2,41.89529491671654,0.0,1.0,1.0,straight_line,
BROPARLW,E BROAD ST & PARKLAWN BLVD,-82.882989,39.975278,1,010,4,1,71,6,am_peak+early+evening+midday+owl+pm_peak,False,,False,229.94475220031532,232.9210220436141,5,BROSANE,0.665633988563591,1,31.326321146671347,0.0,0.5,0.7967237527922563,straight_line,
BROCARW,E BROAD ST & CARDINAL PARK DR,-82.860226,39.977803,1,010,4,1,71,6,am_peak+early+evening+midday+owl+pm_peak,False,,False,1293.5413792304348,1363.5549263849762,1,BROCARE,0.36435684141376706,1,34.54678406829174,0.0,1.0,1.0,straight_line,
BROBEETW,E BROAD ST & BEECHTREE RD,-82.893899,39.974162,1,010,4,1,71,6,am_peak+early+evening+midday+owl+pm_peak,False,,False,214.0450298737504,246.34608691571628,5,BROBEETE,0.9205153763347973,1,10.568973770045192,0.0,1.0,1.0,straight_line,
BROBEEWW,E BROAD ST & BEECHWOOD RD,-82.891414,39.97441,1,010,4,1,71,6,am_peak+early+evening+midday+owl+pm_peak,False,,False,280.9334728989139,214.0450298737504,5,BROBEEWE,0.4070001071750976,1,10.568973770045192,0.0,1.0,1.0,straight_line,
REDTAMW,RED ROBIN RD & TAMARACK BLVD,-82.970477,40.064969,1,008,2,1,71,6,am_peak+early+evening+midday+owl+pm_peak,False,,False,302.225158766657,239.86112652962723,5,REDTAME,0.17687253577198195,3,22.13336335222758,0.0,1.0,1.0,straight_line,
TAM463N,4630 TAMARACK BLVD,-82.970836,40.062261,1,008,2,1,71,6,am_peak+early+evening+midday+owl+pm_peak,False,,False,519.2224247548604,302.225158766657,10,TAM464S,0.17662363653627375,3,21.13794754009041,0.0,1.0,1.0,straight_line,
NEI4THN,NEIL AVE & W 4TH AVE,-83.012611,39.985359,1,008,2,1,71,6,am_peak+early+evening+midday+owl+pm_peak,False,,False,204.13647793085295,201.2337007597462,9,NEI4THS,0.5950098603519296,2,21.020839797485994,0.0,1.0,1.0,straight_line,
NEI3RDN,NEIL AVE & W 3RD AVE,-83.012246,39.983542,1,008,2,1,71,6,am_peak+early+evening+midday+owl+pm_peak,False,,False,367.4571278635784,204.13647793085295,4,NEI2NDS,1.8767780573637196,3,29.745366621512215,0.0,1.0,1.0,straight_line,
NEI1STN,NEIL AVE & W 1ST AVE,-83.0116,39.98027,1,008,2,1,71,6,am_peak+early+evening+midday+owl+pm_peak,False,,False,221.23873506412372,367.4571278635784,4,NEIWILS,1.0570375498818052,4,42.890710728853755,0.0,1.0,1.0,straight_line,
KARSTON,KARL RD & STONEGATE SQUARE WEST,-82.976791,40.048332,1,008,2,1,71,6,am_peak+early+evening+midday+owl+pm_peak,False,,False,324.43919782621623,324.3270068310896,4,KARCOOKS,0.19962781995614637,1,9.641870807760515,0.0,1.0,1.0,straight_line,
KARCOON,KARL RD & E COOKE RD,-82.976992,40.045414,1,008,2,1,71,6,am_peak+early+evening+midday+owl+pm_peak,False,,False,350.9330696696567,324.43919782621623,5,KARCOOS1,0.649276248594382,1,9.641870807760515,0.0,1.0,1.0,straight_line,
REDSONW,RED ROBIN RD & SONG BIRD DR,-82.97611,40.065266,1,008,2,1,71,6,am_peak+early+evening+midday+owl+pm_peak,False,,False,241.81073138374282,326.41412635348695,7,REDKARE,0.2126364013992507,3,21.74300421021301,0.0,1.0,1.0,straight_line,
REDROCW,RED ROBIN RD & ROCKCASTLE DR,-82.973282,40.065118,1,008,2,1,71,6,am_peak+early+evening+midday+owl+pm_peak,False,,False,239.86112652962723,241.81073138374282,9,REDROCE,0.364484973000248,2,7.260680041471481,0.0,1.0,1.0,straight_line,
NEI5THN,NEIL AVE & W 5TH AVE,-83.012955,39.987152,1,008,2,1,71,6,am_peak+early+evening+midday+owl+pm_peak,False,,False,201.2337007597462,389.4397900047996,12,NEI5THS,0.5696985067249318,3,35.7764153656377,0.0,0.6666666666666666,0.7847790507364976,straight_line,
11TESSE,E 11TH AVE & ESSEX AVE,-82.98703,39.99387,1,008,2,1,71,6,am_peak+early+evening+midday+owl+pm_peak,False,,False,500.0975102248638,343.24900859906035,3,11TESSW,0.7155472225934579,1,9.075850051839355,0.0,1.0,1.0,straight_line,
HAM24TN,HAMILTON AVE & E 24TH AVE,-82.979377,40.006571,1,008,2,1,71,6,am_peak+early+evening+midday+owl+pm_peak,False,,False,311.2186514925226,271.64938273143406,6,HAM24TS,0.344994442918881,3,7.348510848424765,0.0,1.0,1.0,straight_line,
HAM20TN,HAMILTON AVE & E 20TH AVE,-82.979635,40.003775,1,008,2,1,71,6,am_peak+early+evening+midday+owl+pm_peak,False,,False,325.25535020494175,311.2186514925226,6,HAM21SS,0.33367327711217243,2,5.357679224150327,0.0,1.0,1.0,straight_line,
NEIHUBN,NEIL AVE & W HUBBARD AVE,-83.011211,39.9783,1,008,2,1,71,6,am_peak+early+evening+midday+owl+pm_peak,False,,False,238.74155919957786,221.23873506412372,4,NEIWILS,1.7393392561035512,4,63.32601181331786,0.0,0.6,0.3522176667909055,straight_line,
HAM17TN,HAMILTON AVE & E 17TH AVE,-82.979845,40.00085,1,008,2,1,71,6,am_peak+early+evening+midday+owl+pm_peak,False,,False,321.8551520001181,325.25535020494175,9,17THAME,0.6844339759911705,3,6.265264229334262,0.0,1.0,1.0,straight_line,
EASTER9,EASTON TERMINAL BAY 9,-82.909141,40.060719,1,007,3,2,70,6,am_peak+early+evening+midday+owl+pm_peak,True,007,False,148.56975502858964,171.2813840520312,12,EASTER1,0.0,0,0.0,0.0,0.0,0.0,straight_line,terminal; catchment not reconstructable
BROLTDE,E BROAD ST & LIMITED STOP 1,-82.771722,39.985016,1,010,4,2,70,6,am_peak+early+evening+midday+owl+pm_peak,True,010,False,547.8964765885374,429.82386980314845,0,,,0,0.0,0.0,0.0,0.0,straight_line,terminal; no walking alternative within 5 min; catchment not reconstructable
NELMARN,N NELSON RD & MARYLAND AVE,-82.946127,39.976792,1,007,4,1,69,6,am_peak+early+evening+midday+owl+pm_peak,False,,False,322.43774374886027,221.1218487871068,5,NELMARYS,1.0187240950142198,1,3.044801307713847,0.0,1.0,1.0,straight_line,
NELAVAN,N NELSON RD & AVALON PL,-82.942656,39.98239,1,007,4,1,69,6,am_peak+early+evening+midday+owl+pm_peak,False,,False,467.5336685115852,244.45333497747296,4,NELAVAS,0.839313163257579,1,3.308293728573699,0.0,1.0,1.0,straight_line,
500NNELN,500 N NELSON RD,-82.945047,39.978602,1,007,4,1,69,6,am_peak+early+evening+midday+owl+pm_peak,False,,False,221.1218487871068,467.5336685115852,3,NELOPPS,0.9124434403463159,2,6.353095036287546,0.0,1.0,1.0,straight_line,
NELOPPN,N NELSON RD & MARGARET AVE,-82.941632,39.984446,1,007,4,1,69,6,am_peak+early+evening+midday+owl+pm_peak,False,,False,244.45333497747296,671.9217758602929,3,NELMARGS,0.7153460488789676,1,3.308293728573699,0.0,0.5,0.43798449612403095,straight_line,
MOUBURE,MOUNT VERNON AVE & BURT ST,-82.963418,39.973811,1,007,4,1,69,6,am_peak+early+evening+midday+owl+pm_peak,False,,False,423.80348923797607,180.63741665754858,8,MOUGRAHW,0.6706536676201663,2,6.997187620611629,0.0,1.0,1.0,straight_line,
MOUCHAE,MOUNT VERNON AVE & N CHAMPION AVE,-82.968262,39.972986,1,007,4,1,69,6,am_peak+early+evening+midday+owl+pm_peak,False,,False,255.5997164568465,423.80348923797607,10,MOUCHAW,0.2340451921283458,1,1.8737238816700597,0.0,1.0,1.0,straight_line,
MOUGARE,MOUNT VERNON AVE & N GARFIELD AVE,-82.979484,39.970936,1,007,4,1,69,6,am_peak+early+evening+midday+owl+pm_peak,False,,False,299.58558381852936,323.3658217438079,9,MARSTCW,1.1674459499615009,2,12.149928295204301,0.0,0.0,0.0,straight_line,
MOU18TE,MOUNT VERNON AVE & N 18TH ST,-82.975808,39.971631,1,007,4,1,69,6,am_peak+early+evening+midday+owl+pm_peak,False,,False,323.3658217438079,198.88524923364898,4,MOUMIAW,1.546397534816303,2,7.729111011888996,0.0,1.0,1.0,straight_line,
NELOPPN1,NELSON RD & MILLBROOK WAY,-82.947348,39.974044,1,007,4,1,69,6,am_peak+early+evening+midday+owl+pm_peak,False,,False,255.41325866645076,322.43774374886027,4,NELMILS,0.15065698855358065,1,3.044801307713847,0.0,1.0,1.0,straight_line,
GRESURE,GREENWAY AVE & SURREY PL,-82.952309,39.973084,1,007,4,1,69,6,am_peak+early+evening+midday+owl+pm_peak,False,,False,291.2758002133095,334.0280681701396,5,GREGREW,0.7629693450829669,1,4.508648090268581,0.0,0.5,0.6285714285714284,straight_line,
GRECENE,GREENWAY AVE & CENTAB DR,-82.955548,39.973904,1,007,4,1,69,6,am_peak+early+evening+midday+owl+pm_peak,False,,False,276.1416306415216,291.2758002133095,5,GREWOOWA,0.46553701722114715,1,4.508648090268581,0.0,1.0,1.0,straight_line,
NELCLIN,N NELSON RD & CLIFTON AVE,-82.948671,39.971981,1,007,4,1,69,6,am_peak+early+evening+midday+owl+pm_peak,False,,False,334.0280681701396,255.41325866645076,5,GRESHEW,1.5610174731738606,0,0.0,0.0,0.0,0.0,straight_line,catchment not reconstructable
MOUTAYE,MOUNT VERNON AVE & TAYLOR AVE,-82.961352,39.974158,1,007,4,1,69,6,am_peak+early+evening+midday+owl+pm_peak,False,,False,180.63741665754858,220.46351625807426,10,TAYMTVS,0.24655641832328762,1,5.123463738941569,0.0,1.0,1.0,straight_line,
GREPARE,GREENWAY AVE & PARKWOOD AVE,-82.958774,39.974064,1,007,4,1,69,6,am_peak+early+evening+midday+owl+pm_peak,False,,False,220.46351625807426,276.1416306415216,9,GREELDW,0.5484704232159885,1,4.508648090268581,0.0,1.0,1.0,straight_line,
NELOPPS,520 N NELSON RD,-82.944725,39.979211,1,007,2,1,69,6,am_peak+early+evening+midday+owl+pm_peak,False,,False,327.8679853968688,215.53228160569319,5,500NNELN,0.9124434403463159,2,6.353095036287546,0.0,1.0,1.0,straight_line,
NELMARGS,N NELSON RD & MARGARET AVE,-82.941682,39.98496,1,007,2,1,69,6,am_peak+early+evening+midday+owl+pm_peak,False,,False,674.3457820211652,362.4481535837009,3,NELOPPN,0.7153460488789676,2,10.100542799627664,0.0,0.5,0.43798449612403095,straight_line,
NELAVAS,N NELSON RD & AVALON PL,-82.943066,39.981874,1,007,2,1,69,6,am_peak+early+evening+midday+owl+pm_peak,False,,False,362.4481535837009,327.8679853968688,4,NELAVAN,0.839313163257579,1,3.308293728573699,0.0,1.0,1.0,straight_line,
OHIBROS,S OHIO AVE & E BROAD ST,-82.970317,39.965367,1,022,4,2,69,6,am_peak+early+evening+midday+owl+pm_peak,True,022,False,299.60230518502215,332.8931889377626,12,BROOHIE,0.36009374547694695,0,0.0,0.0,0.0,0.0,straight_line,terminal; catchment not reconstructable
MOUCHAW,MOUNT VERNON AVE & N CHAMPION AVE,-82.968462,39.973055,1,007,2,1,69,6,am_peak+early+evening+midday+owl+pm_peak,False,,False,386.25922360707096,242.7548412916649,10,MOUCHAE,0.2340451921283458,1,1.8737238816700597,0.0,1.0,1.0,straight_line,
MOU22NW,MOUNT VERNON AVE & N 22ND ST,-82.97123,39.97256,1,007,2,1,69,6,am_peak+early+evening+midday+owl+pm_peak,False,,False,242.7548412916649,281.5352621263908,9,MOU22NE,0.15070002205735986,1,4.859971318081717,0.0,1.0,1.0,straight_line,
MOUMIAW,MOUNT VERNON AVE & MIAMI AVE,-82.974449,39.972016,1,007,2,1,69,6,am_peak+early+evening+midday+owl+pm_peak,False,,False,281.5352621263908,317.8737406269416,5,MOU20TE,0.9729378021038351,2,7.729111011888996,0.0,1.0,1.0,straight_line,
MOUMONW,MOUNT VERNON AVE & N MONROE AVE,-82.978078,39.971383,1,007,2,1,69,6,am_peak+early+evening+midday+owl+pm_peak,False,,False,317.8737406269416,221.2834811736736,7,MOUGARE,1.624478631215764,1,2.869139693807279,0.0,0.5,0.23614457831325286,straight_line,
MARSTCW,MARTIN LUTHER KING & ST CLAIR AVE,-82.98057,39.970839,1,007,2,1,69,6,am_peak+early+evening+midday+owl+pm_peak,False,,False,221.2834811736736,287.2008384542019,8,MOUGARE,1.1674459499615009,0,0.0,0.0,0.0,0.0,straight_line,catchment not reconstructable
NELMARYS,N NELSON RD & MARYLAND AVE,-82.945948,39.977513,1,007,2,1,69,6,am_peak+early+evening+midday+owl+pm_peak,False,,False,215.53228160569319,406.6062952993463,3,NELMARN,1.0187240950142198,1,3.044801307713847,0.0,1.0,1.0,straight_line,
NELMILS,N NELSON RD & MILLBROOK WAY,-82.947489,39.974048,1,007,2,1,69,6,am_peak+early+evening+midday+owl+pm_peak,False,,False,406.6062952993463,347.4110883455176,4,NELOPPN1,0.15065698855358065,1,3.044801307713847,0.0,1.0,1.0,straight_line,
GRESHEW,GREENWAY AVE S & SHERBOURNE DR,-82.950056,39.971621,1,007,2,1,69,6,am_peak+early+evening+midday+owl+pm_peak,False,,False,347.4110883455176,302.5726157377858,5,NELCLIN,1.5610174731738606,1,4.508648090268581,0.0,0.0,0.0,straight_line,
GREGREW,GREENWAY AVE & GREENWAY AVE S,-82.952462,39.973621,1,007,2,1,69,6,am_peak+early+evening+midday+owl+pm_peak,False,,False,302.5726157377858,301.509019202404,5,GRESURE,0.7629693450829669,2,7.553449397982428,0.0,0.5,0.6285714285714284,straight_line,
GREWOOWA,GREENWAY AVE & GREENWAY LOOP,-82.955951,39.974032,1,007,2,1,69,6,am_peak+early+evening+midday+owl+pm_peak,False,,False,301.509019202404,198.23241236478768,5,GRECENE,0.46553701722114715,1,4.508648090268581,0.0,1.0,1.0,straight_line,
GREELDW,GREENWAY AVE & ELDRIDGE AVE,-82.958268,39.974132,1,007,2,1,69,6,am_peak+early+evening+midday+owl+pm_peak,False,,False,198.23241236478768,283.9228040235019,8,GREPARE,0.5484704232159885,1,4.508648090268581,0.0,1.0,1.0,straight_line,
MOUTAYW,MOUNT VERNON AVE & TAYLOR AVE,-82.96159,39.974216,1,007,2,1,69,6,am_peak+early+evening+midday+owl+pm_peak,False,,False,283.9228040235019,214.7481697406072,10,MOUTAYE,0.26657229243425806,1,5.123463738941569,0.0,1.0,1.0,straight_line,
MOUGRAHW,MOUNT VERNON AVE & GRAHAM ST,-82.964046,39.973803,1,007,2,1,69,6,am_peak+early+evening+midday+owl+pm_peak,False,,False,214.7481697406072,386.25922360707096,11,MOUBURE,0.6706536676201663,2,6.997187620611629,0.0,1.0,1.0,straight_line,
MOU20TE,MOUNT VERNON AVE & N 20TH ST,-82.973538,39.972029,1,007,4,1,69,6,am_peak+early+evening+midday+owl+pm_peak,False,,False,198.88524923364898,207.4517558097669,5,MOUMIAW,0.9729378021038351,2,7.729111011888996,0.0,1.0,1.0,straight_line,
MOU22NE,MOUNT VERNON AVE & N 22ND ST,-82.971175,39.97246,1,007,4,1,69,6,am_peak+early+evening+midday+owl+pm_peak,False,,False,207.4517558097669,255.5997164568465,9,MOU22NW,0.15070002205735986,1,4.859971318081717,0.0,1.0,1.0,straight_line,
RUHCHEW,RUHL AVE & N CHESTERFIELD RD,-82.920009,39.978,1,007,3,2,68,6,am_peak+early+evening+midday+owl+pm_peak,False,,False,160.44486303172394,203.9472830795131,5,RUHVIRW,2.00556078789655,2,10.318028607321514,0.0,0.6666666666666666,0.6718750000000001,straight_line,
RUHGOUW,RUHL AVE & N GOULD RD,-82.922391,39.978127,1,007,3,2,68,6,am_peak+early+evening+midday+owl+pm_peak,False,,False,203.9472830795131,232.82553588121158,4,RUHCHEW,2.549341038493914,2,10.318028607321514,0.0,1.0,1.0,straight_line,
RUHKELW,RUHL AVE & N KELLNER RD,-82.913852,39.977684,1,007,3,2,68,6,am_peak+early+evening+midday+owl+pm_peak,False,,False,63.228789912894634,366.631759497744,8,JAMRUHS,0.7903598739111829,1,1.974101946759527,0.0,0.0,0.0,straight_line,
OSB5THS,OSBORN AVE & E 5TH AVE,-82.912767,39.984794,1,007,3,2,68,6,am_peak+early+evening+midday+owl+pm_peak,False,,False,175.1860359430395,355.1645655264553,6,OSB5THN,0.4770958596108576,0,0.0,0.0,0.0,0.0,straight_line,catchment not reconstructable
7THSTEE,E 7TH AVE & STELZER RD,-82.913672,39.98621,1,007,3,2,68,6,am_peak+early+evening+midday+owl+pm_peak,False,,False,665.925812924447,175.1860359430395,6,STE6THS,0.8632382722787068,1,14.521360082942994,0.0,1.0,1.0,straight_line,
VACLINIC,VETERANS ADMINISTRATION CLINIC,-82.910267,39.979987,1,007,3,2,68,6,am_peak+early+evening+midday+owl+pm_peak,False,,False,620.0879330236926,242.35715411256464,4,STEJAMN,3.029464426407058,0,0.0,0.0,0.0,0.0,straight_line,catchment not reconstructable
ALLOPPE,3096 ALLEGHENY AVE,-82.919708,39.980644,1,007,3,2,68,6,am_peak+early+evening+midday+owl+pm_peak,False,,False,234.94578858220754,189.58824165805026,5,324ALLE,2.3698530207256283,2,10.318028607321514,0.0,1.0,1.0,straight_line,
OSB5THN,OSBORN AVE & E 5TH AVE,-82.912521,39.985081,1,007,3,2,68,6,am_peak+early+evening+midday+owl+pm_peak,False,,False,373.1294477402279,173.08160915324055,6,OSB5THS,0.4770958596108576,0,0.0,0.0,0.0,0.0,straight_line,catchment not reconstructable
PORGRON,JOHN GLENN INTERNATIONAL  AIRPORT BAGGAGE CLAIM,-82.88505,39.99863,1,007,3,2,68,6,am_peak+early+evening+midday+owl+pm_peak,False,,False,646.6455176835184,646.6455176835184,0,,,0,0.0,0.0,0.0,0.0,straight_line,no walking alternative within 5 min; catchment not reconstructable
GOUALLN,N GOULD RD & ALLEGHENY AVE,-82.922404,39.980224,1,007,3,2,68,6,am_peak+early+evening+midday+owl+pm_peak,False,,False,232.82553588121158,234.94578858220754,3,RUHGOUW,2.9103191985151446,2,10.318028607321514,0.0,1.0,1.0,straight_line,
RUHVIRW,RUHL AVE & N VIRGINIA LEE RD,-82.918134,39.977913,1,007,3,2,68,6,am_peak+early+evening+midday+owl+pm_peak,False,,False,366.631759497744,160.44486303172394,5,RUHCHEW,2.00556078789655,3,15.23655379670542,0.0,0.6666666666666666,0.6718750000000001,straight_line,
324ALLE,3243 ALLEGHENY AVE,-82.917496,39.980502,1,007,3,2,68,6,am_peak+early+evening+midday+owl+pm_peak,False,,False,189.58824165805026,620.0879330236926,5,ALLOPPE,2.3698530207256283,2,10.318028607321514,0.0,1.0,1.0,straight_line,
SULHILE,SULLIVANT AVE & HILLTONIA AVE,-83.051784,39.947532,1,006,1,1,67,6,am_peak+early+evening+midday+owl+pm_peak,False,,False,217.37592266900683,167.31240742383855,5,SULNASW,1.9272185391321368,2,8.31464972491089,0.0,1.0,1.0,straight_line,
SULGLEE,SULLIVANT AVE & S GLENWOOD AVE,-83.029277,39.951739,1,006,1,1,67,6,am_peak+early+evening+midday+owl+pm_peak,False,,False,248.36530610251447,406.3057314074829,6,SULGLEW,0.5006641323686035,0,0.0,0.0,0.0,0.0,straight_line,catchment not reconstructable
SULWESE,SULLIVANT AVE & WEST PARK AVE,-83.032102,39.951213,1,006,1,1,67,6,am_peak+early+evening+midday+owl+pm_peak,False,,False,215.09895607143105,248.36530610251447,7,SULYALW,1.136511232519389,1,4.12804792680435,0.0,1.0,1.0,straight_line,
SULCOLE,SULLIVANT AVE & COLUMBIAN AVE,-83.04988,39.947883,1,006,1,1,67,6,am_peak+early+evening+midday+owl+pm_peak,False,,False,167.31240742383855,239.66820638966286,6,SULNASW,0.25616990316977317,2,8.31464972491089,0.0,1.0,1.0,straight_line,
SULRYAE,SULLIVANT AVE & RYAN AVE,-83.041376,39.949483,1,006,1,1,67,6,am_peak+early+evening+midday+owl+pm_peak,False,,False,241.89319999346355,347.25957231682105,3,SULRYAW,0.5560534013884799,1,2.576370337296332,0.0,1.0,1.0,straight_line,
SULGLEW,SULLIVANT AVE & S GLENWOOD AVE,-83.028881,39.951932,1,006,1,1,67,6,am_peak+early+evening+midday+owl+pm_peak,False,,False,293.80345864709324,196.26681548894086,8,SULGLEE,0.5006641323686035,1,2.4299856590408586,0.0,0.0,0.0,straight_line,
SULBELE,SULLIVANT AVE & BELVIDERE AVE,-83.054244,39.947034,1,006,1,1,67,6,am_peak+early+evening+midday+owl+pm_peak,False,,False,345.8852538619547,217.37592266900683,6,SULWREW,0.748308193767492,3,14.228590726432014,0.0,0.6666666666666666,0.5843621399176956,straight_line,
SULDANE,SULLIVANT AVE & DANA AVE,-83.034554,39.950775,1,006,1,1,67,6,am_peak+early+evening+midday+owl+pm_peak,False,,False,253.09742141488124,215.09895607143105,11,SULPRIW,1.0846481952798095,2,6.060325679776599,0.0,1.0,1.0,straight_line,
SULYALW,SULLIVANT AVE & S YALE AVE,-83.031113,39.951515,1,006,1,1,67,6,am_peak+early+evening+midday+owl+pm_peak,False,,False,196.26681548894086,219.1639524295336,7,SULWESE,1.136511232519389,1,4.12804792680435,0.0,1.0,1.0,straight_line,
SULATLE,SULLIVANT AVE & ATLANTA DR,-83.107519,39.941921,1,006,1,1,67,6,am_peak+early+evening+midday+owl+pm_peak,False,,False,275.810433408937,497.8287596467764,6,SULATLW,0.5316767153806736,1,10.37240005924498,0.0,1.0,1.0,straight_line,
SULHOLE,SULLIVANT AVE & HOLLY HILL DR,-83.101705,39.942195,1,006,1,1,67,6,am_peak+early+evening+midday+owl+pm_peak,False,,False,497.8287596467764,425.235020167399,3,SUL385W,0.9828529050386825,1,8.164082627276688,0.0,1.0,1.0,straight_line,
SULWEDE,SULLIVANT AVE & WEDGEWOOD DR,-83.096749,39.942534,1,006,1,1,67,6,am_peak+early+evening+midday+owl+pm_peak,False,,False,425.235020167399,259.50568591287976,4,SULWEDW,1.4113389047051712,2,10.594068286317547,0.0,0.5,0.7461773700305809,straight_line,
SULWHEE,SULLIVANT AVE & S WHEATLAND AVE,-83.060983,39.945765,1,006,1,1,67,6,am_peak+early+evening+midday+owl+pm_peak,False,,False,302.3594053898005,247.07049667073588,5,SULWHEW1,0.27171040128749324,3,10.94957393350941,0.0,0.5,0.7390350877192982,straight_line,
SULSOUW,SULLIVANT AVE & S SOUTHAMPTON AVE,-83.087514,39.943075,1,006,1,1,67,6,am_peak+early+evening+midday+owl+pm_peak,False,,False,471.6255347912288,214.31344854093103,5,SULDEXE,0.5598158648178369,2,5.340949546635416,0.0,1.0,1.0,straight_line,
SULSYLE,SULLIVANT AVE & S SYLVAN AVE,-83.086326,39.943013,1,006,1,1,67,6,am_peak+early+evening+midday+owl+pm_peak,False,,False,142.7745732648459,238.7756147264177,6,SULSOUW,1.2720546038890936,3,9.724125055542162,0.0,0.6666666666666666,0.5647840531561462,straight_line,
SULBINE,SULLIVANT AVE & BINNS BLVD,-83.078348,39.943394,1,006,1,1,67,6,am_peak+early+evening+midday+owl+pm_peak,False,,False,444.36623415086063,242.81883407679118,4,SULBINW,0.5265599640718742,3,9.402078763380121,0.0,0.6666666666666666,0.7000000000000002,straight_line,
SULBRIE,SULLIVANT AVE & S BRINKER AVE,-83.083537,39.94314,1,006,1,1,67,6,am_peak+early+evening+midday+owl+pm_peak,False,,False,238.7756147264177,444.36623415086063,4,SULWESW,1.6580284887493986,2,7.294139396501304,0.0,1.0,1.0,straight_line,
SULGEOE,SULLIVANT AVE & GEORGESVILLE RD,-83.110739,39.941756,1,006,1,1,67,6,am_peak+early+evening+midday+owl+pm_peak,False,,False,191.82421565889862,275.810433408937,7,SULGEOW,0.26579000041851203,1,10.37240005924498,0.0,1.0,1.0,straight_line,
SULATLW,SULLIVANT AVE & ATLANTA DR,-83.107079,39.9421,1,006,1,1,67,6,am_peak+early+evening+midday+owl+pm_peak,False,,False,320.7985606195627,303.84121486300137,4,SULATLE,0.5316767153806736,1,10.37240005924498,0.0,1.0,1.0,straight_line,
SUL385W,3850 SULLIVANT AVE,-83.100824,39.942399,1,006,1,1,67,6,am_peak+early+evening+midday+owl+pm_peak,False,,False,235.9362352797805,214.8191213588061,4,SULHOLE,0.9828529050386825,1,8.164082627276688,0.0,1.0,1.0,straight_line,
SULSOUE,SULLIVANT AVE & S SOUDER AVE,-83.021961,39.953111,1,006,1,1,67,6,am_peak+early+evening+midday+owl+pm_peak,False,,False,237.1509101744348,149.69754526927176,12,SOUSULS,0.46694693378764124,2,8.548865210119647,0.0,0.5,0.21575342465753425,straight_line,
SULKINE,SULLIVANT AVE & KINGSFORD RD,-83.093714,39.942605,1,006,1,1,67,6,am_peak+early+evening+midday+owl+pm_peak,False,,False,259.50568591287976,233.14710900314955,5,SULWILW,0.3192881068630548,2,10.594068286317547,0.0,1.0,1.0,straight_line,
SULDEXE,SULLIVANT AVE & DEXTER AVE,-83.087991,39.942908,1,006,1,1,67,6,am_peak+early+evening+midday+owl+pm_peak,False,,False,257.13679438755275,142.7745732648459,5,SULSOUW,0.5598158648178369,2,5.340949546635416,0.0,1.0,1.0,straight_line,
SULWREW,SULLIVANT AVE & WREXHAM AVE,-83.053643,39.947311,1,006,1,1,67,6,am_peak+early+evening+midday+owl+pm_peak,False,,False,313.65493543581056,199.99249562018053,5,SULBELE,0.748308193767492,2,8.31464972491089,0.0,0.6666666666666666,0.5843621399176956,straight_line,
SULNASW,SULLIVANT AVE & NASHOBA AVE,-83.050079,39.947986,1,006,1,1,67,6,am_peak+early+evening+midday+owl+pm_peak,False,,False,292.20590796089726,313.65493543581056,6,SULCOLE,0.25616990316977317,2,8.31464972491089,0.0,1.0,1.0,straight_line,
SULHAGW,SULLIVANT AVE & S HAGUE AVE,-83.073472,39.94376,1,006,1,1,67,6,am_peak+early+evening+midday+owl+pm_peak,False,,False,206.66220301641647,180.81005885072275,6,SULHAGE,0.8124946390741782,3,10.522967156879174,0.0,1.0,1.0,straight_line,
SULGEOW,SULLIVANT AVE & GEORGESVILLE RD,-83.110627,39.941927,1,006,1,1,67,6,am_peak+early+evening+midday+owl+pm_peak,False,,False,303.84121486300137,333.4218663031263,7,SULGEOE,0.26579000041851203,1,10.37240005924498,0.0,1.0,1.0,straight_line,
SULWESW,SULLIVANT AVE & S WESTGATE AVE,-83.082006,39.943336,1,006,1,1,67,6,am_peak+early+evening+midday+owl+pm_peak,False,,False,352.88464299495524,471.6255347912288,4,SULBRIE,1.6580284887493986,2,7.294139396501304,0.0,1.0,1.0,straight_line,
SULTERW,SULLIVANT AVE & S TERRACE AVE,-83.066232,39.944921,1,006,1,1,67,6,am_peak+early+evening+midday+owl+pm_peak,False,,False,247.71116716580966,219.40420677801416,5,SULRICE,0.7430987651986324,3,6.831284985255426,0.0,1.0,1.0,straight_line,
SULWAYW,SULLIVANT AVE & S WAYNE AVE,-83.063419,39.945459,1,006,1,1,67,6,am_peak+early+evening+midday+owl+pm_peak,False,,False,195.43346192228302,247.71116716580966,6,SULEURE,1.1599804159733778,3,12.267036037808673,0.0,0.75,0.9069264069264071,straight_line,
SULWARW,SULLIVANT AVE & S WARREN AVE,-83.071077,39.944017,1,006,1,1,67,6,am_peak+early+evening+midday+owl+pm_peak,False,,False,206.65514165093586,206.66220301641647,7,SULOGDE,1.151383388730845,4,12.494280824052883,0.0,1.0,1.0,straight_line,
SULCHEW,SULLIVANT AVE & CHESTERSHIRE RD,-83.075583,39.943652,1,006,1,1,67,6,am_peak+early+evening+midday+owl+pm_peak,False,,False,180.81005885072275,197.17943891504123,6,SULCHEE,0.2076864181898576,3,11.041587159841423,0.0,1.0,1.0,straight_line,
SULMARTW,SULLIVANT AVE & MARTIN AVE,-83.022941,39.953043,1,006,1,1,67,6,am_peak+early+evening+midday+owl+pm_peak,False,,False,233.55690481962023,228.54579882501957,12,SULSOUE,1.051002173877814,2,8.548865210119647,0.0,1.0,1.0,straight_line,
SULBINW,SULLIVANT AVE & BINNS BLVD,-83.077884,39.943522,1,006,1,1,67,6,am_peak+early+evening+midday+owl+pm_peak,False,,False,197.17943891504123,352.88464299495524,5,SULBINE,0.5265599640718742,2,6.491114875785564,0.0,0.6666666666666666,0.7000000000000002,straight_line,
SULDERE,SULLIVANT AVE & DERRER RD,-83.090991,39.942732,1,006,1,1,67,6,am_peak+early+evening+midday+owl+pm_peak,False,,False,233.14710900314955,257.13679438755275,6,SULDEMW,1.0911048758377135,1,2.4299856590408586,0.0,0.5,0.48823529411764705,straight_line,
SULCLAE,SULLIVANT AVE & CLARENDON AVE,-83.058187,39.946331,1,006,1,1,67,6,am_peak+early+evening+midday+owl+pm_peak,False,,False,247.07049667073588,345.8852538619547,5,SULCLAW,0.916448781012099,2,9.866327314418907,0.0,1.0,1.0,straight_line,
SULHAGE,SULLIVANT AVE & S HAGUE AVE,-83.072726,39.943646,1,006,1,1,67,6,am_peak+early+evening+midday+owl+pm_peak,False,,False,238.4719782458853,238.09850300352713,6,SULHAGW,0.8124946390741782,3,10.522967156879174,0.0,1.0,1.0,straight_line,
SULEURE,SULLIVANT AVE & S EUREKA AVE,-83.064432,39.945158,1,006,1,1,67,6,am_peak+early+evening+midday+owl+pm_peak,False,,False,214.08120102155664,302.3594053898005,6,SULWAYW,1.1599804159733778,4,13.945580348471434,0.0,0.75,0.9069264069264071,straight_line,
SULGUIE,SULLIVANT AVE & S GUILFORD AVE,-83.037428,39.950224,1,006,1,1,67,6,am_peak+early+evening+midday+owl+pm_peak,False,,False,347.25957231682105,253.09742141488124,11,CENSULS,0.8215349098454467,0,0.0,0.0,0.0,0.0,straight_line,catchment not reconstructable
SULCHEE,SULLIVANT AVE & CHESTERSHIRE RD,-83.075511,39.943513,1,006,1,1,67,6,am_peak+early+evening+midday+owl+pm_peak,False,,False,242.81883407679118,238.4719782458853,6,SULCHEW,0.2076864181898576,3,11.041587159841423,0.0,1.0,1.0,straight_line,
SULHAWE,SULLIVANT AVE & HAWKES AVE,-83.024662,39.95262,1,006,1,1,67,6,am_peak+early+evening+midday+owl+pm_peak,False,,False,406.3057314074829,237.1509101744348,10,SULAVOW,0.9418830001827704,0,0.0,0.0,0.0,0.0,straight_line,catchment not reconstructable
SULWHEW1,SULLIVANT AVE & S WHEATLAND AVE,-83.061196,39.945872,1,006,1,1,67,6,am_peak+early+evening+midday+owl+pm_peak,False,,False,189.6760580499752,195.43346192228302,5,SULWHEE,0.27171040128749324,3,12.267036037808673,0.0,0.5,0.7390350877192982,straight_line,
SULPRIW,SULLIVANT AVE & S PRINCETON AVE,-83.033609,39.951061,1,006,1,1,67,6,am_peak+early+evening+midday+owl+pm_peak,False,,False,219.1639524295336,238.01471195944018,10,SULDANE,1.0846481952798095,2,6.060325679776599,0.0,1.0,1.0,straight_line,
SULWHIW,SULLIVANT AVE & WHITETHORNE AVE,-83.055913,39.946873,1,006,1,1,67,6,am_peak+early+evening+midday+owl+pm_peak,False,,False,199.99249562018053,275.285248204711,5,SULBELE,1.7968186956223438,3,15.282560409871422,0.0,0.5,0.6231884057971016,straight_line,
SULWEDW,SULLIVANT AVE & WEDGEWOOD DR,-83.09807,39.942546,1,006,1,1,67,6,am_peak+early+evening+midday+owl+pm_peak,False,,False,352.2614541402605,235.9362352797805,5,SULWEDE,1.4113389047051712,1,8.164082627276688,0.0,0.5,0.7461773700305809,straight_line,
SULCLAW,SULLIVANT AVE & CLARENDON AVE,-83.059043,39.946287,1,006,1,1,67,6,am_peak+early+evening+midday+owl+pm_peak,False,,False,275.285248204711,189.6760580499752,5,SULCLAE,0.916448781012099,2,9.866327314418907,0.0,1.0,1.0,straight_line,
SULOGDE,SULLIVANT AVE & S OGDEN AVE,-83.070006,39.94411,1,006,1,1,67,6,am_peak+early+evening+midday+owl+pm_peak,False,,False,238.09850300352713,276.2867899781902,6,SULWARW,1.151383388730845,4,12.494280824052883,0.0,1.0,1.0,straight_line,
SULHELE,SULLIVANT AVE & HELEN ST,-83.044128,39.948973,1,006,1,1,67,6,am_peak+early+evening+midday+owl+pm_peak,False,,False,266.5570455672816,241.89319999346355,4,SULRYAW,2.500647232277268,1,2.576370337296332,0.0,1.0,1.0,straight_line,
SULLARE,SULLIVANT AVE & LARCOMB AVE,-83.047159,39.948406,1,006,1,1,67,6,am_peak+early+evening+midday+owl+pm_peak,False,,False,239.66820638966286,266.5570455672816,4,SULLARW,0.5095649508626747,2,7.37778778407586,0.0,0.5,0.7341269841269842,straight_line,
SULCENW,SULLIVANT AVE & S CENTRAL AVE,-83.036315,39.950553,1,006,1,1,67,6,am_peak+early+evening+midday+owl+pm_peak,False,,False,238.01471195944018,490.58855140779434,10,CENSULN,0.4908480857065702,1,4.12804792680435,0.0,1.0,1.0,straight_line,
SULEXCW,SULLIVANT AVE & EXCHANGE DR,-83.103333,39.942283,1,006,1,1,67,6,am_peak+early+evening+midday+owl+pm_peak,False,,False,214.8191213588061,320.7985606195627,4,SULHOLE,1.7435067365598484,2,18.536482686521666,0.0,0.5,0.44043321299638977,straight_line,
SULLARW,SULLIVANT AVE & LARCOMB AVE,-83.046754,39.9486,1,006,1,1,67,6,am_peak+early+evening+midday+owl+pm_peak,False,,False,427.44812775905325,292.20590796089726,4,SULLARE,0.5095649508626747,1,5.416233095452516,0.0,0.5,0.7341269841269842,straight_line,
SULRYAW,SULLIVANT AVE & RYAN AVE,-83.041895,39.949514,1,006,1,1,67,6,am_peak+early+evening+midday+owl+pm_peak,False,,False,490.58855140779434,427.44812775905325,3,SULRYAE,0.5560534013884799,1,2.576370337296332,0.0,1.0,1.0,straight_line,
SULBURW,SULLIVANT AVE & S BURGESS AVE,-83.06873,39.944465,1,006,1,1,67,6,am_peak+early+evening+midday+owl+pm_peak,False,,False,219.40420677801416,206.65514165093586,6,SULOGDE,1.4494297618699226,5,15.246312775255783,0.0,0.8,0.8069815195071868,straight_line,
SULWILW,SULLIVANT AVE & N WILSON RD,-83.093956,39.94274,1,006,1,1,67,6,am_peak+early+evening+midday+owl+pm_peak,False,,False,337.5347943155966,352.2614541402605,5,SULKINE,0.3192881068630548,2,10.594068286317547,0.0,1.0,1.0,straight_line,
SULAVOW,SULLIVANT AVE & AVONDALE AVE,-83.02554,39.952557,1,006,1,1,67,6,am_peak+early+evening+midday+owl+pm_peak,False,,False,228.54579882501957,293.80345864709324,10,SULHAWE,0.9418830001827704,1,2.4299856590408586,0.0,0.0,0.0,straight_line,
SULDEMW,SULLIVANT AVE & DEMOREST RD,-83.090018,39.942971,1,006,1,1,67,6,am_peak+early+evening+midday+owl+pm_peak,False,,False,214.31344854093103,337.5347943155966,6,SULDERE,1.0911048758377135,2,5.340949546635416,0.0,0.5,0.48823529411764705,straight_line,
SULRICE,SULLIVANT AVE & S RICHARDSON AVE,-83.066865,39.944699,1,006,1,1,67,6,am_peak+early+evening+midday+owl+pm_peak,False,,False,276.2867899781902,214.08120102155664,6,SULTERW,0.7430987651986324,3,6.831284985255426,0.0,1.0,1.0,straight_line,
JOYGIBS,JOYCE & GIBBARD,-82.967004,39.983833,2,011+022,3,1,61,6,am_peak+early+evening+midday+owl+pm_peak,False,,True,197.45899431145085,569.4118942426496,7,JOYBLIN,1.855803791492716,1,15.780268315940079,0.0,0.0,0.0,straight_line,transfer point (2 routes)
5TH20TE,E 5TH AVE & N 20TH ST,-82.971709,39.985641,2,009+022,3,1,61,6,am_peak+early+evening+midday+owl+pm_peak,False,,True,618.6723790727006,334.2942608309316,3,5TH20TW,0.9646663861054044,1,15.780268315940079,0.0,1.0,1.0,straight_line,transfer point (2 routes)
5THSAIE,E 5TH AVE & SAINT CLAIR AVE,-82.978942,39.985945,2,009+022,3,1,61,6,am_peak+early+evening+midday+owl+pm_peak,False,,True,188.91812335845034,618.6723790727006,5,5THSAIW,1.141434544304893,2,17.03917654893715,0.0,0.5,0.0738831615120273,straight_line,transfer point (2 routes)
5TH23RE,E 5TH AVE & N 23RD ST,-82.967799,39.985503,2,009+022,3,1,61,6,am_peak+early+evening+midday+owl+pm_peak,False,,True,334.2942608309316,197.45899431145085,7,5THJOYW,0.34786462304053434,1,15.780268315940079,0.0,1.0,1.0,straight_line,transfer point (2 routes)
NORSHAW,W NORTH BROADWAY & SHATTUCK AVE,-83.042184,40.029263,3,001+032+072,3,2,60,6,am_peak+early+evening+midday+owl+pm_peak,False,,True,558.264920238452,352.8955922725388,3,NORSHAE,0.507368985006374,1,10.188373606580962,0.0,1.0,1.0,straight_line,transfer point (3 routes)
NORCLEW,W NORTH BROADWAY & CLEARVIEW AVE,-83.04627,40.028778,3,001+032+072,3,2,60,6,am_peak+early+evening+midday+owl+pm_peak,False,,True,352.8955922725388,109.27437158166967,8,NORCLEE,0.7084625359059347,2,22.36757883743637,0.0,1.0,1.0,straight_line,transfer point (3 routes)
NOREXIW,W NORTH BROADWAY & RIVERSIDE EXIT,-83.035654,40.029548,3,001+032+072,3,2,60,6,am_peak+early+evening+midday+owl+pm_peak,False,,True,587.2075682258267,558.264920238452,2,NORENTE,1.1535102069209322,0,0.0,0.0,0.0,0.0,straight_line,transfer point (3 routes); catchment not reconstructable
MAIIDLE,E MAIN ST & IDLEWILD DR,-82.831145,39.9547,2,002+025,2,2,60,6,am_peak+early+evening+midday+owl+pm_peak,False,,True,381.6720698099797,242.1148742372533,6,MAIBRICW,1.5952848774691275,1,38.41133957423633,0.0,1.0,1.0,straight_line,transfer point (2 routes)
HAMROCS,N HAMILTON RD & ROCKY FORK BLVD,-82.867067,40.013656,2,024+025,2,2,60,6,am_peak+early+evening+midday+owl+pm_peak,False,,True,398.235208850633,430.5977265107271,3,HAMROCN1,0.5554202858780412,1,23.187333035667017,0.0,0.0,0.0,straight_line,transfer point (2 routes)
NORSHAE,W NORTH BROADWAY & SHATTUCK AVE,-83.042526,40.029009,3,001+032+072,3,2,60,6,am_peak+early+evening+midday+owl+pm_peak,False,,True,265.15879712199234,675.1281251824494,6,NORSHAW,0.507368985006374,1,10.188373606580962,0.0,1.0,1.0,straight_line,transfer point (3 routes)
NORCLEE,W NORTH BROADWAY & CLEARVIEW AVE,-83.04561,40.028722,3,001+032+072,3,2,60,6,am_peak+early+evening+midday+owl+pm_peak,False,,True,303.059539725429,265.15879712199234,7,NORCLEW,0.7084625359059347,2,22.36757883743637,0.0,1.0,1.0,straight_line,transfer point (3 routes)
HAMGRAS1,N HAMILTON RD & GRANVILLE ST,-82.866778,40.017236,2,024+025,2,2,60,6,am_peak+early+evening+midday+owl+pm_peak,False,,True,487.8432986352052,398.235208850633,3,GRASHAW,1.7628816447120357,1,23.187333035667017,0.0,1.0,1.0,straight_line,transfer point (2 routes)
MAIVALE,E MAIN ST & VALUE CITY,-82.835611,39.954626,2,002+025,2,2,60,6,am_peak+early+evening+midday+owl+pm_peak,False,,True,195.3140941533005,381.6720698099797,4,MAIMAIW,0.6403686936890545,1,15.985206865497696,0.0,1.0,1.0,straight_line,transfer point (2 routes)
MAIMCNE,E MAIN ST & MCNAUGHTEN RD,-82.837896,39.954576,2,002+025,2,2,60,6,am_peak+early+evening+midday+owl+pm_peak,False,,True,605.7611616071015,195.3140941533005,3,MAIMCNW,0.9120883609814774,1,15.985206865497696,0.0,1.0,1.0,straight_line,transfer point (2 routes)
SAWBETN,SAWMILL RD & BETHEL RD,-83.093048,40.065996,3,001+021+072,3,2,59,6,am_peak+early+evening+midday+owl+pm_peak,False,,True,259.5041347453893,249.46232653980923,4,SAWBETS,0.3427723480822781,2,17.53688445500574,0.0,1.0,1.0,straight_line,transfer point (3 routes)
HAMROCN1,HAMILTON RD & ROCKY FORK BLVD,-82.866801,40.013312,2,024+025,2,2,59,6,am_peak+early+evening+midday+owl+pm_peak,False,,True,258.48248276916485,568.2942828389428,3,HAMROCS,0.5554202858780412,0,0.0,0.0,0.0,0.0,straight_line,transfer point (2 routes); catchment not reconstructable
298HAMN,298 HAMILTON RD,-82.867038,40.010991,2,024+025,2,2,59,6,am_peak+early+evening+midday+owl+pm_peak,False,,True,308.6546686732078,258.48248276916485,6,HAMROCSS,1.7125815573597596,0,0.0,0.0,0.0,0.0,straight_line,transfer point (2 routes); catchment not reconstructable
CLE161SF,CLEVELAND AVE & STATE ROUTE 161,-82.951256,40.084291,3,035+043+101,4,2,59,6,am_peak+early+evening+midday+owl+pm_peak,False,,True,410.3521891683952,156.67225422365345,11,CLE161NN,0.6233727124908135,0,0.0,0.0,0.0,0.0,straight_line,transfer point (3 routes); catchment not reconstructable
MAIMCNW,E MAIN ST & MCNAUGHTEN RD,-82.837129,39.954865,2,002+025,2,2,59,6,am_peak+early+evening+midday+owl+pm_peak,False,,True,173.78909250326143,478.55371098174083,3,MAIMCNE,0.9120883609814774,1,15.985206865497696,0.0,1.0,1.0,straight_line,transfer point (2 routes)
MAIBRICW,E MAIN ST & BRICE RD,-82.829671,39.954886,2,002+025,2,2,59,6,am_peak+early+evening+midday+owl+pm_peak,False,,True,213.75109594312465,463.44373799558304,4,MAIIDLE,1.5952848774691275,1,38.41133957423633,0.0,1.0,1.0,straight_line,transfer point (2 routes)
MAIMAIW,E MAIN ST & MAIN 270 CENTER,-82.835095,39.954861,2,002+025,2,2,59,6,am_peak+early+evening+midday+owl+pm_peak,False,,True,463.44373799558304,173.78909250326143,4,MAIVALE,0.6403686936890545,1,15.985206865497696,0.0,1.0,1.0,straight_line,transfer point (2 routes)
HUDDREE,E HUDSON ST & DRESDEN ST,-82.97188,40.013786,2,011+031,2,2,58,6,am_peak+early+evening+midday+owl+pm_peak,False,,True,374.5957764064626,361.66540717364023,5,HUDDREW,1.0885712235057903,5,20.65975759112248,0.0,0.6,0.6886363636363637,straight_line,transfer point (2 routes)
HUDCLEE,E HUDSON ST & CLEVELAND AVE,-82.96765,40.013608,2,011+031,2,2,58,6,am_peak+early+evening+midday+owl+pm_peak,False,,True,361.66540717364023,450.79602654788863,4,CLEHUDS,0.29321992387942364,2,4.947802125035001,0.0,1.0,1.0,straight_line,transfer point (2 routes)
HUDJOYE,E HUDSON ST & JOYCE AVE,-82.962376,40.013409,2,011+031,2,2,58,6,am_peak+early+evening+midday+owl+pm_peak,False,,True,450.79602654788863,343.64941891271417,5,HUDJOYW,0.20396137757244973,3,11.652220389135682,0.0,1.0,1.0,straight_line,transfer point (2 routes)
HUDONTE,E HUDSON ST & ONTARIO ST,-82.97626,40.013987,2,011+031,2,2,58,6,am_peak+early+evening+midday+owl+pm_peak,False,,True,371.83037430146163,374.5957764064626,5,HUDONTW,1.327868840729676,2,4.918525189383907,0.0,0.3333333333333333,0.33962264150943394,straight_line,transfer point (2 routes)
SUNCASN,SUNBURY RD & N CASSADY,-82.933207,40.027414,2,009+031,2,2,58,6,am_peak+early+evening+midday+owl+pm_peak,False,,True,595.691759157355,789.6761125361134,1,SUNAGLS,0.3840459020928893,0,0.0,0.0,0.0,0.0,straight_line,transfer point (2 routes); catchment not reconstructable
SUNAGLS,SUNBURY RD & AGLER RD,-82.933519,40.027276,2,009+031,2,2,58,6,am_peak+early+evening+midday+owl+pm_peak,False,,True,820.6660105304429,517.3040236701727,1,SUNCASN,0.3840459020928893,0,0.0,0.0,0.0,0.0,straight_line,transfer point (2 routes); catchment not reconstructable
HUDJOYW,E HUDSON ST & JOYCE AVE,-82.962257,40.013524,2,011+031,2,2,58,6,am_peak+early+evening+midday+owl+pm_peak,False,,True,268.46506364674906,482.48870609828583,5,HUDJOYE,0.20396137757244973,3,11.652220389135682,0.0,1.0,1.0,straight_line,transfer point (2 routes)
SUNINNS,SUNBURY RD & INNIS RD,-82.93269,40.03464,2,009+031,2,2,58,6,am_peak+early+evening+midday+owl+pm_peak,False,,True,883.3402854810669,820.6660105304429,2,SUNMCUN,0.2557980199713764,0,0.0,0.0,0.0,0.0,straight_line,transfer point (2 routes); catchment not reconstructable
HUDDREW,E HUDSON ST & DRESDEN ST,-82.972861,40.014001,2,011+031,2,2,58,6,am_peak+early+evening+midday+owl+pm_peak,False,,True,424.3459326313865,394.7430295350436,3,HUDDREE,1.0885712235057903,3,13.525944270805743,0.0,0.6,0.6886363636363637,straight_line,transfer point (2 routes)
SUNMCUN,SUNBURY RD & MCCUTCHEON RD,-82.932524,40.034507,2,009+031,2,2,58,6,am_peak+early+evening+midday+owl+pm_peak,False,,True,789.6761125361134,926.3551817087263,2,SUNINNS,0.2557980199713764,0,0.0,0.0,0.0,0.0,straight_line,transfer point (2 routes); catchment not reconstructable
GENUPRN,GENDER RD & UPPERIDGE DR,-82.824279,39.908394,2,005+025,3,1,58,6,am_peak+early+evening+midday+owl+pm_peak,False,,True,300.32152231023446,289.0210035474486,6,GENUPPS,0.9025729895984378,2,21.547824639205686,0.0,0.5,0.5183887915936952,straight_line,transfer point (2 routes)
NORENTE,W NORTH BROADWAY & RIVERSIDE HOSP,-83.034625,40.029293,2,001+032,2,1,58,6,am_peak+early+evening+midday+owl+pm_peak,False,,True,675.1281251824494,455.5514466820071,2,NOREXIW,1.1535102069209322,1,37.76724698991219,0.0,0.0,0.0,straight_line,transfer point (2 routes)
EASSUNW,EASTON WAY & SUNBURY RD,-82.92788,40.049847,2,009+031,2,2,58,6,am_peak+early+evening+midday+owl+pm_peak,False,,True,591.5637157507437,856.7372805986682,1,EASSUNE,0.4914309146867474,0,0.0,0.0,0.0,0.0,straight_line,transfer point (2 routes); catchment not reconstructable
EASSUNE,EASTON WAY & SUNBURY RD,-82.928322,40.049747,2,009+031,2,2,58,6,am_peak+early+evening+midday+owl+pm_peak,False,,True,808.8548331003373,805.1383217360998,1,EASSUNW,0.4914309146867474,0,0.0,0.0,0.0,0.0,straight_line,transfer point (2 routes); catchment not reconstructable
SUNPATS,SUNBURY RD & PATRIOT BLVD,-82.929718,40.042261,2,009+031,2,2,58,6,am_peak+early+evening+midday+owl+pm_peak,False,,True,856.7372805986682,883.3402854810669,1,SUNPATN,0.43298213943547104,0,0.0,0.0,0.0,0.0,straight_line,transfer point (2 routes); catchment not reconstructable
EASMORW,EASTON WAY & MORSE CROSSING,-82.921061,40.048885,2,009+031,2,2,58,6,am_peak+early+evening+midday+owl+pm_peak,False,,True,428.1296376530579,591.5637157507437,7,MOREASS,1.3416123507757995,0,0.0,0.0,0.0,0.0,straight_line,transfer point (2 routes); catchment not reconstructable
HUDCLEW,E HUDSON ST & CLEVELAND AVE,-82.967899,40.013777,2,011+031,2,2,58,6,am_peak+early+evening+midday+owl+pm_peak,False,,True,482.48870609828583,424.3459326313865,4,HUDCLEE,0.35443045003174767,2,4.947802125035001,0.0,1.0,1.0,straight_line,transfer point (2 routes)
HUDONTW,E HUDSON ST & ONTARIO ST,-82.977479,40.014179,2,011+031,2,2,58,6,am_peak+early+evening+midday+owl+pm_peak,False,,True,394.7430295350436,338.2396689207016,7,HUDONTE,1.327868840729676,2,3.7474477633401193,0.0,0.3333333333333333,0.33962264150943394,straight_line,transfer point (2 routes)
SUNPATN,SUNBURY RD & PATRIOT BLVD,-82.929486,40.042517,2,009+031,2,2,58,6,am_peak+early+evening+midday+owl+pm_peak,False,,True,926.3551817087263,808.8548331003373,1,SUNPATS,0.43298213943547104,0,0.0,0.0,0.0,0.0,straight_line,transfer point (2 routes); catchment not reconstructable
BETGRYSW,BETHEL RD & GREYSTONE DR,-83.090341,40.06493,2,001+021,2,1,57,6,am_peak+early+evening+midday+owl+pm_peak,False,,True,278.67148817075565,259.5041347453893,7,SAWBETN,3.2438016843173663,1,10.36403522048753,0.0,0.0,0.0,straight_line,transfer point (2 routes)
TREKEYN,3120 TREMONT RD,-83.05831,40.024092,2,003+032,2,2,57,6,am_peak+early+evening+midday+owl+pm_peak,False,,True,148.04937336410234,342.63398564453485,5,TRERIDN1,1.8506171670512792,0,0.0,0.0,0.0,0.0,straight_line,transfer point (2 routes); catchment not reconstructable
TRERIDN1,TREMONT RD & RIDGECLIFF RD,-83.059269,40.022981,2,003+032,2,2,57,6,am_peak+early+evening+midday+owl+pm_peak,False,,True,98.92012463214623,148.04937336410234,8,RIDTREW,1.2287946094249291,0,0.0,0.0,0.0,0.0,straight_line,transfer point (2 routes); catchment not reconstructable
5TH20TW,E 5TH AVE & N 20TH ST,-82.972567,39.985859,2,009+022,2,1,57,6,am_peak+early+evening+midday+owl+pm_peak,False,,True,429.483554946838,633.9706960427525,1,5TH20TE,0.9646663861054044,1,15.780268315940079,0.0,1.0,1.0,straight_line,transfer point (2 routes)
5THJOYW,E 5TH AVE & JOYCE AVE,-82.967545,39.98566,2,009+022,2,1,57,6,am_peak+early+evening+midday+owl+pm_peak,False,,True,354.6396763438028,429.483554946838,7,5TH23RE,0.34786462304053434,1,15.780268315940079,0.0,1.0,1.0,straight_line,transfer point (2 routes)
JOYBLIN,JOYCE AVE & BLISS ST,-82.966976,39.982496,2,011+022,2,1,57,6,am_peak+early+evening+midday+owl+pm_peak,False,,True,415.9050896270653,354.6396763438028,4,JOYGIBS,1.855803791492716,0,0.0,0.0,0.0,0.0,straight_line,transfer point (2 routes); catchment not reconstructable
BROTAYE,E BROAD ST & TAYLOR STATION RD,-82.842967,39.979229,2,010+025,3,2,57,6,am_peak+early+evening+midday+owl+pm_peak,False,,True,560.3333588977976,570.0758968720673,3,TAYBRON1,1.056509853817726,0,0.0,0.0,0.0,0.0,straight_line,transfer point (2 routes); catchment not reconstructable
BROMCNW,E BROAD ST & MCNAUGHTEN RD,-82.83711,39.980259,2,010+025,3,2,56,6,am_peak+early+evening+midday+owl+pm_peak,False,,True,296.20666516717466,534.7302585272886,4,MCNBROS,1.109603675260574,0,0.0,0.0,0.0,0.0,straight_line,transfer point (2 routes); catchment not reconstructable
OHILONS1,N OHIO AVE & E LONG ST,-82.970075,39.968059,1,022,3,2,56,6,am_peak+early+evening+midday+owl+pm_peak,False,,False,192.1143527794836,299.60230518502215,12,LONOHIE,0.5050219023094543,1,9.192957794443734,0.0,1.0,1.0,straight_line,
OHIBRYS,S OHIO AVE & BRYDEN RD,-82.970706,39.960755,1,022,3,1,55,6,am_peak+early+evening+midday+owl+pm_peak,False,,False,180.30800197401584,349.0566693102995,12,BRYOHIW,0.43696127507360494,2,15.604606702033482,0.0,1.0,1.0,straight_line,
OHITHUS,S OHIO AVE & THURMAN AVE,-82.972384,39.93845,1,022,3,1,55,6,am_peak+early+evening+midday+owl+pm_peak,False,,False,289.8894702179533,429.08770996951,5,CHAMITN,1.9380033816179374,3,11.095958611764885,0.0,0.3333333333333333,0.5857519788918204,straight_line,
GATTOYS,GATEWAY CT & TOY RD,-82.930133,39.851785,1,022,3,1,55,6,am_peak+early+evening+midday+owl+pm_peak,False,,False,596.016695943533,314.58052761190237,3,TOYGATW,1.147831689331322,0,0.0,0.0,0.0,0.0,straight_line,catchment not reconstructable
OHIMAIS,S OHIO AVE & E MAIN ST,-82.970933,39.957616,1,022,3,1,55,6,am_peak+early+evening+midday+owl+pm_peak,False,,False,349.0566693102995,311.44920505741715,12,MAIOHIE,0.281069283348385,1,4.537925025919676,0.0,0.5,0.5805243445692884,straight_line,
OHILIVS,S OHIO AVE & E LIVINGSTON AVE,-82.971534,39.949988,1,022,3,1,55,6,am_peak+early+evening+midday+owl+pm_peak,False,,False,338.72799780534586,164.44160280038844,12,LIVOHIW,0.3971286648296429,1,7.37778778407586,0.0,0.5,0.5316455696202531,straight_line,
ALULAWNS,ALUM CREEK DR & LAWNDALE AVE,-82.929613,39.914134,1,022,3,1,55,6,am_peak+early+evening+midday+owl+pm_peak,False,,False,1386.3022582306419,367.06278950900503,3,ALULAWNN,0.28401622021358836,0,0.0,0.0,0.0,0.0,straight_line,catchment not reconstructable
TOYALUE,TOY RD & ALUM CREEK DR,-82.937078,39.852192,1,022,3,1,55,6,am_peak+early+evening+midday+owl+pm_peak,False,,False,1726.0434293472722,596.016695943533,1,TOYALUW,0.5363676073884787,0,0.0,0.0,0.0,0.0,straight_line,catchment not reconstructable
ALUCGROS,ALUM CREEK DR & GROVEPORT RD,-82.93552,39.867692,1,022,3,1,55,6,am_peak+early+evening+midday+owl+pm_peak,False,,False,1102.2647962648323,1726.0434293472722,1,ALUGRON,0.6968067698365625,0,0.0,0.0,0.0,0.0,straight_line,catchment not reconstructable
ALULINS,ALUM CREEK DR & LINDSAY RD,-82.931332,39.877081,1,022,3,1,55,6,am_peak+early+evening+midday+owl+pm_peak,False,,False,958.438399411067,1102.2647962648323,1,ALULINN,1.4477966787519645,0,0.0,0.0,0.0,0.0,straight_line,catchment not reconstructable
FREBERE,FREBIS AVE & BERKELEY RD,-82.958424,39.934228,1,022,3,1,55,6,am_peak+early+evening+midday+owl+pm_peak,False,,False,277.6095443091504,321.12488811524514,6,FREBERW,0.26196459104082226,2,5.357679224150327,0.0,1.0,1.0,straight_line,
OHIMOOS,S OHIO AVE & MOOBERRY ST,-82.971289,39.953033,1,022,3,1,55,6,am_peak+early+evening+midday+owl+pm_peak,False,,False,198.31770539498356,338.72799780534586,9,OHIFULS,2.4789713174372947,1,7.37778778407586,0.0,1.0,1.0,straight_line,
OHIFULS,S OHIO AVE & E FULTON ST,-82.971174,39.954817,1,022,3,1,55,6,am_peak+early+evening+midday+owl+pm_peak,False,,False,311.44920505741715,198.31770539498356,9,CHAFULN,1.9953974476891907,1,7.37778778407586,0.0,0.0,0.0,straight_line,
ALUWATS,ALUM CREEK DR & WATKINS RD,-82.928868,39.906294,1,022,3,1,55,6,am_peak+early+evening+midday+owl+pm_peak,False,,False,286.3927604718629,911.5506796696878,5,ALUWATN,0.4090392641064972,0,0.0,0.0,0.0,0.0,straight_line,catchment not reconstructable
ALUTHIS,ALUM CREEK DR & THIMBLEBERRY RD,-82.930558,39.885693,1,022,3,1,55,6,am_peak+early+evening+midday+owl+pm_peak,False,,False,269.52025071892047,958.438399411067,6,ALUTHIN,0.2763717438514516,1,8.783080695328405,0.0,1.0,1.0,straight_line,
ALUKOBLS,ALUM CREEK DR & KOEBEL RD,-82.928471,39.910947,1,022,3,1,55,6,am_peak+early+evening+midday+owl+pm_peak,False,,False,367.06278950900503,231.33311119946572,5,ALUKOBLN,0.39172541457328813,0,0.0,0.0,0.0,0.0,straight_line,catchment not reconstructable
ALUGLENS,ALUM CREEK DR & GLENLEA DR,-82.92863,39.908867,1,022,3,1,55,6,am_peak+early+evening+midday+owl+pm_peak,False,,False,231.33311119946572,286.3927604718629,7,ALUGLNAN,0.3838677971586165,0,0.0,0.0,0.0,0.0,straight_line,catchment not reconstructable
ALUWILS,ALUM CREEK DR & WILLIAMS RD,-82.930365,39.888116,1,022,3,1,55,6,am_peak+early+evening+midday+owl+pm_peak,False,,False,450.58086769016097,269.52025071892047,8,WILARIE,2.0539959301980626,1,8.783080695328405,0.0,1.0,1.0,straight_line,
OHIOAKS,S OHIO AVE & OAK ST,-82.970525,39.962373,1,022,3,1,55,6,am_peak+early+evening+midday+owl+pm_peak,False,,False,332.8931889377626,180.30800197401584,11,CHAOAKN,1.7880558786106397,1,11.066681676113808,0.0,1.0,1.0,straight_line,
OHISTES,S OHIO AVE & STEWART AVE,-82.972175,39.941056,1,022,3,1,55,6,am_peak+early+evening+midday+owl+pm_peak,False,,False,299.882218262038,289.8894702179533,10,CHASTEN,1.6332310223818722,2,4.332986476362013,0.0,0.5,0.35322195704057274,straight_line,
GATAMAS,GATEWAY CT & AMAZON DR,-82.928727,39.849167,1,022,3,1,55,6,am_peak+early+evening+midday+owl+pm_peak,False,,False,314.58052761190237,304.331497116273,5,GATAMAN,0.543653069544122,0,0.0,0.0,0.0,0.0,straight_line,catchment not reconstructable
AMAZONS,AMAZON DR,-82.9291,39.846441,1,022,3,1,55,6,am_peak+early+evening+midday+owl+pm_peak,False,,False,304.331497116273,647.6976775469351,3,AMAZONN,0.11139149952233932,0,0.0,0.0,0.0,0.0,straight_line,catchment not reconstructable
OHICOLS,S OHIO AVE & E COLUMBUS ST,-82.971797,39.946326,1,022,3,1,55,6,am_peak+early+evening+midday+owl+pm_peak,False,,False,242.76428256964547,286.1263446955355,12,CHAKOSN,1.9844338060892976,1,5.416233095452516,0.0,0.5,0.8295964125560538,straight_line,
FREELLE,FREBIS AVE & ELLSWORTH AVE,-82.961663,39.934414,1,022,3,1,55,6,am_peak+early+evening+midday+owl+pm_peak,False,,False,305.0729666590419,277.6095443091504,7,FREELLW,0.19480050351125602,2,5.357679224150327,0.0,0.0,0.0,straight_line,
OHIWHIS,S OHIO AVE & E WHITTIER ST,-82.971985,39.943753,1,022,3,1,55,6,am_peak+early+evening+midday+owl+pm_peak,False,,False,286.1263446955355,299.882218262038,12,WHIOHIW,0.29540556370607146,2,7.729111011888996,0.0,1.0,1.0,straight_line,
OHISYCS,S OHIO AVE & E SYCAMORE ST,-82.971636,39.948509,1,022,3,1,55,6,am_peak+early+evening+midday+owl+pm_peak,False,,False,164.44160280038844,242.76428256964547,12,LIVOHIW,1.8556777660332302,2,11.915712809995537,0.0,0.3333333333333333,0.3368740515933232,straight_line,
CHAMITN,S CHAMPION AVE & E MITHOFF ST,-82.97093,39.937615,1,022,2,1,52,6,am_peak+early+evening+midday+owl+pm_peak,False,,False,317.50869259113085,349.53299493660296,7,OHITHUS,1.9380033816179374,1,6.499479714543019,0.0,0.3333333333333333,0.5857519788918204,straight_line,
CHANEWN,S CHAMPION AVE & NEWTON ST,-82.969905,39.95129,1,022,2,1,52,6,am_peak+early+evening+midday+owl+pm_peak,False,,False,146.38804590204157,474.71599694318064,10,CHALIVN,1.8298505737755195,2,10.686081512649558,0.0,1.0,1.0,straight_line,
CHALIVN,S CHAMPION AVE & E LIVINGSTON AVE,-82.97001,39.949974,1,022,2,1,52,6,am_peak+early+evening+midday+owl+pm_peak,False,,False,288.04974366032064,146.38804590204157,11,LIVCHAW,0.4862938448497375,2,10.686081512649558,0.0,0.5,0.6904109589041096,straight_line,
ALUGLNAN,ALUM CREEK DR & GLENLEA DR,-82.928354,39.909044,1,022,2,1,52,6,am_peak+early+evening+midday+owl+pm_peak,False,,False,285.5894559923948,233.2752239087412,7,ALUGLENS,0.3838677971586165,0,0.0,0.0,0.0,0.0,straight_line,catchment not reconstructable
CHALONN,CHAMPION AVE & E LONG ST,-82.968268,39.969089,1,022,2,1,52,6,am_peak+early+evening+midday+owl+pm_peak,False,,False,287.3133333560586,149.17967515321507,12,LONCHAE,0.7680490523166046,1,3.425401471178078,0.0,0.5,0.2714617169373549,straight_line,
AMAZONN,AMAZON DR,-82.928996,39.846437,1,022,2,1,52,6,am_peak+early+evening+midday+owl+pm_peak,False,,False,660.1776334956478,330.08606103074226,3,AMAZONS,0.11139149952233932,0,0.0,0.0,0.0,0.0,straight_line,catchment not reconstructable
FREELLW,FREBIS AVE & ELLSWORTH AVE,-82.961784,39.934519,1,022,2,1,52,6,am_peak+early+evening+midday+owl+pm_peak,False,,False,272.47690693807857,350.0674416114705,7,FREELLE,0.19480050351125602,0,0.0,0.0,0.0,0.0,straight_line,catchment not reconstructable
ALUWATN,ALUM CREEK DR & WATKINS RD,-82.928568,39.906477,1,022,2,1,52,6,am_peak+early+evening+midday+owl+pm_peak,False,,False,913.9207309132662,285.5894559923948,5,ALUWATS,0.4090392641064972,0,0.0,0.0,0.0,0.0,straight_line,catchment not reconstructable
CHAKOSN,S CHAMPION AVE & E KOSSUTH ST,-82.970363,39.945417,1,022,2,1,52,6,am_peak+early+evening+midday+owl+pm_peak,False,,False,244.8466168695496,218.8036414457657,11,OHICOLS,1.9844338060892976,2,6.528756650194114,0.0,0.5,0.8295964125560538,straight_line,
CHASTEN,S CHAMPION AVE & STEWART AVE,-82.970696,39.940758,1,022,2,1,52,6,am_peak+early+evening+midday+owl+pm_peak,False,,False,349.53299493660296,273.21450020510883,10,OHISTES,1.6332310223818722,4,12.267036037808673,0.0,0.5,0.35322195704057274,straight_line,
CHAOAKN,S CHAMPION AVE & OAK ST,-82.968992,39.962891,1,022,2,1,52,6,am_peak+early+evening+midday+owl+pm_peak,False,,False,240.50475058972248,403.92862229741894,12,OHIOAKS,1.7880558786106397,1,11.066681676113808,0.0,1.0,1.0,straight_line,
CHAWHIN,S CHAMPION AVE & E WHITTIER ST,-82.970519,39.943215,1,022,2,1,52,6,am_peak+early+evening+midday+owl+pm_peak,False,,False,273.21450020510883,244.8466168695496,12,WHICHAE,0.441757551542434,2,3.7474477633401193,0.0,0.6666666666666666,0.4089456869009585,straight_line,
TOYALUW,TOY RD & ALUM CREEK DR,-82.937425,39.852471,1,022,2,1,52,6,am_peak+early+evening+midday+owl+pm_peak,False,,False,547.0490974048229,1650.6601183087812,1,TOYALUE,0.5363676073884787,0,0.0,0.0,0.0,0.0,straight_line,catchment not reconstructable
TOYGATW,TOY RD & WESTPOINT PKWY,-82.93104,39.852227,1,022,2,1,52,6,am_peak+early+evening+midday+owl+pm_peak,False,,False,396.24700277812553,547.0490974048229,3,GATTOYS,1.147831689331322,0,0.0,0.0,0.0,0.0,straight_line,catchment not reconstructable
CHAFORN,S CHAMPION AVE & FOREST ST,-82.970206,39.947384,1,022,2,1,52,6,am_peak+early+evening+midday+owl+pm_peak,False,,False,218.8036414457657,288.04974366032064,11,OHISYCS,2.184261220695125,2,6.528756650194114,0.0,0.3333333333333333,0.4157303370786516,straight_line,
ALUKOBLN,ALUM CREEK DR & KOEBEL RD,-82.928206,39.911142,1,022,2,1,52,6,am_peak+early+evening+midday+owl+pm_peak,False,,False,233.2752239087412,353.4791082727224,5,ALUKOBLS,0.39172541457328813,0,0.0,0.0,0.0,0.0,straight_line,catchment not reconstructable
ALUGRON,ALUM CREEK DR & GROVEPORT RD,-82.935231,39.867242,1,022,2,1,52,6,am_peak+early+evening+midday+owl+pm_peak,False,,False,1650.6601183087812,1257.9812625085187,1,ALUCGROS,0.6968067698365625,0,0.0,0.0,0.0,0.0,straight_line,catchment not reconstructable
GATAMAN,GATEWAY CT & AMAZON DR,-82.928284,39.849359,1,022,2,1,52,6,am_peak+early+evening+midday+owl+pm_peak,False,,False,330.08606103074226,396.24700277812553,5,GATAMAS,0.543653069544122,0,0.0,0.0,0.0,0.0,straight_line,catchment not reconstructable
CHABRYN,S CHAMPION AVE & BRYDEN RD,-82.969144,39.960728,1,022,2,1,52,6,am_peak+early+evening+midday+owl+pm_peak,False,,False,345.6470164818699,240.50475058972248,12,BRYCHAW,0.32490204367758807,1,11.066681676113808,0.0,1.0,1.0,straight_line,
FREBERW,FREBIS AVE & BERKELEY RD,-82.958603,39.934357,1,022,2,1,52,6,am_peak+early+evening+midday+owl+pm_peak,False,,False,333.8972034532205,272.47690693807857,6,FREBERE,0.26196459104082226,2,5.357679224150327,0.0,1.0,1.0,straight_line,
ALULINN,ALUM CREEK DR & LINDSAY RD,-82.930921,39.878075,1,022,2,1,52,6,am_peak+early+evening+midday+owl+pm_peak,False,,False,1257.9812625085187,843.3350118998919,1,ALULINS,1.4477966787519645,0,0.0,0.0,0.0,0.0,straight_line,catchment not reconstructable
ALUTHIN,ALUM CREEK DR & THIMBLEBERRY RD,-82.930304,39.885656,1,022,2,1,52,6,am_peak+early+evening+midday+owl+pm_peak,False,,False,843.3350118998919,450.9330743729676,6,ALUTHIS,0.2763717438514516,1,8.783080695328405,0.0,1.0,1.0,straight_line,
CHAMAIN,S CHAMPION AVE & E MAIN ST,-82.969418,39.957622,1,022,2,1,52,6,am_peak+early+evening+midday+owl+pm_peak,False,,False,229.54430972420624,345.6470164818699,12,MAICHAW,0.44119171400617396,0,0.0,0.0,0.0,0.0,straight_line,catchment not reconstructable
ALULAWNN,ALUM CREEK DR & LAWNDALE AVE,-82.929361,39.914199,1,022,2,1,52,6,am_peak+early+evening+midday+owl+pm_peak,False,,False,353.4791082727224,1385.1751789611928,3,ALULAWNS,0.28401622021358836,0,0.0,0.0,0.0,0.0,straight_line,catchment not reconstructable
CHAFULN,S CHAMPION AVE & E FULTON ST,-82.969573,39.955558,1,022,2,1,52,6,am_peak+early+evening+midday+owl+pm_peak,False,,False,474.71599694318064,229.54430972420624,10,OHIFULS,1.9953974476891907,0,0.0,0.0,0.0,0.0,straight_line,catchment not reconstructable
GOVBRON,GOVERNOR PL & E BROAD ST,-82.968449,39.966505,1,022,2,1,52,6,am_peak+early+evening+midday+owl+pm_peak,False,,False,403.92862229741894,287.3133333560586,12,BROGOVW,1.0168755551157236,1,2.0786624312277224,0.0,0.0,0.0,straight_line,
CANWIPR,CANAL WINCHESTER PARK & RIDE,-82.825778,39.860402,2,025+052,4,2,49,6,am_peak+early+evening+midday+owl+pm_peak,True,025+052,True,978.3876830315826,996.8730376979767,1,GENWINS,4.870693829937234,0,0.0,0.0,0.0,0.0,straight_line,terminal; transfer point (2 routes); catchment not reconstructable
EASTER4,EASTON TERMINAL BAY 4,-82.909141,40.060719,2,025+044,4,2,45,6,am_peak+early+evening+midday+owl+pm_peak,True,025+044,True,148.56975502858964,171.2813840520312,12,EASTER1,0.0,0,0.0,0.0,0.0,0.0,straight_line,terminal; transfer point (2 routes); catchment not reconstructable
BRISCAS,BRICE RD & SCARBOROUGH BLVD,-82.831491,39.926932,1,025,1,1,44,6,am_peak+early+evening+midday+owl+pm_peak,False,,False,336.85969105079505,275.6408435075297,2,CHANBRIW,3.4455105438441214,1,14.287144597734212,0.0,1.0,1.0,straight_line,
HERMAIE,HERITAGE CLUB DR & MAIN ST,-83.160981,40.022153,2,032+071,4,2,44,6,am_peak+early+evening+midday+owl+pm_peak,True,032+071,True,362.6417836623064,97.88350926444741,3,MAILUTS,0.9645837359697911,1,12.062097488251009,0.0,1.0,1.0,straight_line,terminal; transfer point (2 routes)
CHANBRIW,CHANTRY DR & BRICE RD,-82.8322,39.92451,1,025,2,2,43,6,am_peak+early+evening+midday+owl+pm_peak,False,,False,275.6408435075297,282.5694158061594,4,BRISCAS,3.4455105438441214,1,14.287144597734212,0.0,1.0,1.0,straight_line,
MAILUTN,MAIN ST & LUTHER LN,-83.160043,40.02266,3,021+032+071,4,2,43,6,am_peak+early+evening+midday+owl+pm_peak,False,,True,97.88350926444741,516.7403360280682,3,MAILUTS,0.2674966082627141,1,12.062097488251009,0.0,1.0,1.0,straight_line,transfer point (3 routes)
MAISCIN,MAIN ST & SCIOTO DARBY CREEK RD,-83.16076,40.027281,3,021+032+071,4,2,43,6,am_peak+early+evening+midday+owl+pm_peak,False,,True,516.7403360280682,48.928216513376434,2,MAISCIS,0.6116027064172054,2,48.91200049442888,0.0,0.5,0.6961651917404131,straight_line,transfer point (3 routes)
MAISCIS,MAIN ST & SCIOTO DARBY RD,-83.161061,40.027656,3,021+032+071,4,2,43,6,am_peak+early+evening+midday+owl+pm_peak,False,,True,48.928216513376434,308.99775652710883,2,MAISCIN,0.6116027064172054,1,36.849903006177875,0.0,0.5,0.6961651917404131,straight_line,transfer point (3 routes)
CHANCHAW,CHANTRY DR & CHANTRY BLVD,-82.840296,39.924928,1,025,2,2,43,6,am_peak+early+evening+midday+owl+pm_peak,False,,False,411.02766813249303,400.32753030039424,0,,,2,52.5813764293661,0.0,0.0,0.0,straight_line,no walking alternative within 5 min
SCAALSE,SCARBOROUGH BLVD & ALSHIRE RD,-82.83437,39.929004,1,025,2,2,43,6,am_peak+early+evening+midday+owl+pm_peak,False,,False,365.76010850652375,336.85969105079505,2,BRISCAS,4.2107461381349385,1,14.287144597734212,0.0,1.0,1.0,straight_line,
CHANMEIW,CHANTRY DR AT 2ND SVC RD ENTRANCE,-82.835499,39.924672,1,025,2,2,43,6,am_peak+early+evening+midday+owl+pm_peak,False,,False,282.5694158061594,411.02766813249303,1,CHANBRIW,3.532117697576992,1,14.287144597734212,0.0,1.0,1.0,straight_line,
PACRALSN,PARK CRESCENT DR & ALSHIRE RD,-82.842238,39.929435,1,025,2,2,43,6,am_peak+early+evening+midday+owl+pm_peak,False,,False,341.35233827321605,308.7327409804761,2,5677ALE,3.859159262255951,1,14.287144597734212,0.0,1.0,1.0,straight_line,
5677ALE,5677 ALSHIRE RD,-82.838645,39.92915,1,025,2,2,43,6,am_peak+early+evening+midday+owl+pm_peak,False,,False,308.7327409804761,365.76010850652375,2,PACRALSN,3.859159262255951,1,14.287144597734212,0.0,1.0,1.0,straight_line,
PARCCHAN,PARK CRESCENT DR & CHANTRY DR,-82.844298,39.926801,1,025,2,2,43,6,am_peak+early+evening+midday+owl+pm_peak,False,,False,400.32753030039424,341.35233827321605,1,PACRALSN,4.2669042284152,2,52.5813764293661,0.0,0.5,0.5987730061349692,straight_line,
FORFORE,NEW ALBANY PARK & RIDE,-82.78788,40.090778,2,035+045,6,2,42,5,am_peak+early+evening+midday+pm_peak,True,035+045,True,10867.631547947556,10867.631547947556,0,,,0,0.0,0.0,0.0,0.0,straight_line,terminal; no walking alternative within 5 min; transfer point (2 routes); catchment not reconstructable
5THCLEE,E 5TH AVE & CLEVELAND AVE,-82.988019,39.986308,1,022,2,1,42,6,am_peak+early+evening+midday+owl+pm_peak,False,,False,355.95679132058245,399.36920422406064,7,5THCLEW,0.27407958327750326,2,9.573557957907962,0.0,1.0,1.0,straight_line,
RENRPRE,RENNER RD PARK AND RIDE,-83.154542,39.982243,2,005+071,4,2,42,6,am_peak+early+evening+midday+owl+pm_peak,True,005,True,358.78077135578604,404.8239723281457,4,HILRENS,3.9195000356226273,1,6.821526006705061,0.0,0.0,0.0,straight_line,terminal; transfer point (2 routes)
5THWALE1,E 5TH AVE & WALTERS ST,-82.983347,39.986158,1,022,2,1,42,6,am_peak+early+evening+midday+owl+pm_peak,False,,False,399.36920422406064,376.9610616897566,6,5THWALW1,0.4948371687494685,1,1.2589082329970713,0.0,1.0,1.0,straight_line,
CHATORS,N CHAMPION & TORONTO ST,-82.968455,39.975775,1,022,2,1,42,6,am_peak+early+evening+midday+owl+pm_peak,False,,False,261.3425036752838,379.6761156853946,9,CHATORN,0.2679307754335498,2,6.733695199751777,0.0,0.5,0.2782608695652174,straight_line,
CHAMTVS,N CHAMPION AVE & MT VERNON AVE,-82.9682,39.972361,1,022,2,1,42,6,am_peak+early+evening+midday+owl+pm_peak,False,,False,379.6761156853946,178.4133060972767,11,CHAMTVN,0.6184170224392235,0,0.0,0.0,0.0,0.0,straight_line,catchment not reconstructable
CHAHAW,CHAMPION AVE & HAWTHORNE AVE,-82.968302,39.970756,1,022,2,1,42,6,am_peak+early+evening+midday+owl+pm_peak,False,,False,178.4133060972767,335.5701560264557,12,CHAHAWN,0.4591609001592989,0,0.0,0.0,0.0,0.0,straight_line,catchment not reconstructable
METS565S,565 METRO PL S,-83.133166,40.095083,2,033+073,4,2,42,6,am_peak+early+evening+midday+owl+pm_peak,True,033,True,146.9266298801462,186.61015731108512,3,METCRPW,1.8365828735018273,0,0.0,0.0,0.0,0.0,straight_line,terminal; transfer point (2 routes); catchment not reconstructable
CHALEOS,N CHAMPION AVE & LEONARD AVE,-82.968259,39.978124,1,022,2,1,42,6,am_peak+early+evening+midday+owl+pm_peak,False,,False,642.8612897231026,261.3425036752838,5,CHAMARN,0.22458841478420372,1,1.8737238816700597,0.0,1.0,1.0,straight_line,
5TH4THE,E 5TH AVE & N 4TH ST,-82.998701,39.986791,1,012,1,1,41,4,am_peak+evening+midday+pm_peak,False,,False,259.4206227754578,227.58934859363308,7,4TH5THN,1.3305211611856127,0,0.0,0.0,0.0,0.0,straight_line,catchment not reconstructable
SOUSCON,N SOUDER AVE & SCOTT ST,-83.022725,39.961312,1,012,1,1,41,4,am_peak+evening+midday+pm_peak,False,,False,201.9263831402713,222.56718549260398,7,SOUSCOS,0.7605580995997394,0,0.0,0.0,0.0,0.0,straight_line,catchment not reconstructable
MCKMCKW,MCKINLEY AVE & MCKINLEY TRANSPORTATION,-83.041238,39.963867,1,012,1,1,41,4,am_peak+evening+midday+pm_peak,False,,False,197.86979379548438,61.154171833456196,7,MCKPARK,0.7410819298052055,1,4.420817283315297,0.0,1.0,1.0,straight_line,
MCK1600W,MCKINLEY ADMIN OFFICE,-83.044621,39.964561,1,012,1,1,41,4,am_peak+evening+midday+pm_peak,False,,False,279.956752088513,358.1592246128405,3,MCKTRAW,3.4994594011064124,0,0.0,0.0,0.0,0.0,straight_line,catchment not reconstructable
5TH6THW,E 5TH AVE & N 6TH ST,-82.99677,39.986829,1,012,1,1,41,4,am_peak+evening+midday+pm_peak,False,,False,398.61197072675657,279.01512674862255,7,5THGRAE,0.8170660009858208,0,0.0,0.0,0.0,0.0,straight_line,catchment not reconstructable
MCK851E,MCKINLEY AVE & N HARTFORD AVE,-83.024467,39.962846,1,012,1,1,41,4,am_peak+evening+midday+pm_peak,False,,False,392.3178105597523,274.98065046124077,6,MCK856W,0.38041053923900836,1,23.685040941735608,0.0,0.0,0.0,straight_line,
PICGARN,PICKFORDE DR & GARDENIA DR,-83.086371,40.066433,2,033+072,3,1,41,6,am_peak+early+evening+midday+owl+pm_peak,False,,True,446.8544026862689,478.60924737123463,4,PICBETS,0.8065649379755744,2,13.496667335154662,0.0,0.6666666666666666,0.7508143322475572,straight_line,transfer point (2 routes)
RESSAWW,RESLER DR & SAWMILL RD,-83.091604,40.067987,2,033+072,3,1,41,6,am_peak+early+evening+midday+owl+pm_peak,False,,True,478.60924737123463,270.64813326969477,4,RESSAWE,0.24007132230774628,1,3.132632114667131,0.0,0.5,0.232104121475054,straight_line,transfer point (2 routes)
MCK132W,1320 MCKINLEY AVE,-83.036915,39.963621,1,012,1,1,41,4,am_peak+evening+midday+pm_peak,False,,False,343.3352206538671,172.4825393793414,8,MCK133E,0.16092658483520036,0,0.0,0.0,0.0,0.0,straight_line,catchment not reconstructable
5TH4THW,E 5TH AVE & N 4TH ST,-83.000031,39.98698,1,012,1,1,41,4,am_peak+evening+midday+pm_peak,False,,False,279.01512674862255,183.20145494186568,8,4TH5THN,0.981906507309658,1,6.93863374930944,0.0,1.0,1.0,straight_line,
5THGRAE,E 5TH AVE & N GRANT AVE,-82.996043,39.986645,1,012,1,1,41,4,am_peak+evening+midday+pm_peak,False,,False,227.58934859363308,351.7249330512359,8,5TH6THW,0.8170660009858208,0,0.0,0.0,0.0,0.0,straight_line,catchment not reconstructable
SOUSCOS,N SOUDER AVE & SCOTT ST,-83.022724,39.960764,1,012,1,1,41,4,am_peak+evening+midday+pm_peak,False,,False,274.98065046124077,203.0704652883128,7,SOUSCON,0.7605580995997394,0,0.0,0.0,0.0,0.0,straight_line,catchment not reconstructable
MCKPARK,MCKINLEY PARK,-83.040589,39.963678,1,012,1,1,41,4,am_peak+evening+midday+pm_peak,False,,False,358.1592246128405,159.43546856187257,7,MCKMCKW,0.7410819298052055,1,4.420817283315297,0.0,1.0,1.0,straight_line,
MCKCENE,MCKINLEY AVE & N CENTRAL AVE,-83.038726,39.963595,1,012,1,1,41,4,am_peak+evening+midday+pm_peak,False,,False,159.43546856187257,151.69506454959142,6,MCKCENW,0.2940763051001754,1,4.420817283315297,0.0,1.0,1.0,straight_line,
MCK133E,1335 MCKINLEY AVE,-83.036954,39.963509,1,012,1,1,41,4,am_peak+evening+midday+pm_peak,False,,False,151.69506454959142,355.97801907719685,8,MCK132W,0.16092658483520036,1,2.225047109483196,0.0,0.0,0.0,straight_line,
MCKCENW,MCKINLEY AVE & N CENTRAL AVE,-83.038928,39.963739,1,012,1,1,41,4,am_peak+evening+midday+pm_peak,False,,False,172.4825393793414,197.86979379548438,6,MCKCENE,0.2940763051001754,1,4.420817283315297,0.0,1.0,1.0,straight_line,
MCKCYPE,MCKINLEY AVE & N CYPRESS AVE,-83.029047,39.9631,1,012,1,1,41,4,am_peak+evening+midday+pm_peak,False,,False,321.097774405624,392.3178105597523,4,MCKCYPW,0.16959956357159667,1,23.685040941735608,0.0,1.0,1.0,straight_line,
MCKYALE,MCKINLEY AVE & N YALE AVE,-83.032797,39.963292,1,012,1,1,41,4,am_peak+evening+midday+pm_peak,False,,False,355.97801907719685,321.097774405624,5,MCKYALW,0.21064506924883658,1,2.225047109483196,0.0,1.0,1.0,straight_line,
MCKCYPW,MCKINLEY AVE & N CYPRESS AVE,-83.029077,39.96322,1,012,1,1,41,4,am_peak+evening+midday+pm_peak,False,,False,420.90393017763637,327.79835943340214,4,MCKCYPE,0.16959956357159667,1,23.685040941735608,0.0,1.0,1.0,straight_line,
MCK856W,856 MCKINLEY AVE,-83.02416,39.962985,1,012,1,1,41,4,am_peak+evening+midday+pm_peak,False,,False,222.56718549260398,420.90393017763637,4,MCK851E,0.38041053923900836,0,0.0,0.0,0.0,0.0,straight_line,catchment not reconstructable
MCKYALW,MCKINLEY AVE & N YALE AVE,-83.032905,39.963419,1,012,1,1,41,4,am_peak+evening+midday+pm_peak,False,,False,327.79835943340214,343.3352206538671,5,MCKYALE,0.21064506924883658,1,2.225047109483196,0.0,1.0,1.0,straight_line,
GODCHEE,GODOWN RD & CHEVIOT DR,-83.051323,40.060205,2,001+072,2,2,40,6,am_peak+early+evening+midday+owl+pm_peak,False,,True,214.66098524433113,426.6755228020854,3,GODCHEW,0.3474017467795397,2,28.613325109669915,0.0,1.0,1.0,straight_line,transfer point (2 routes)
KENRUES,KENNY RD & RUE DE FLEUR,-83.049517,40.030892,2,001+072,2,2,40,6,am_peak+early+evening+midday+owl+pm_peak,False,,True,646.5547707916912,411.41423022748813,4,KENKENBN,0.4975578995822604,2,22.36757883743637,0.0,1.0,1.0,straight_line,transfer point (2 routes)
KENMERS,KENNY RD & MERRIMAR CIR N,-83.049673,40.054007,2,001+072,2,2,40,6,am_peak+early+evening+midday+owl+pm_peak,False,,True,292.0422762605341,393.1207385360315,6,KENMERN,0.3366447536328348,3,22.865286743504956,0.0,0.75,0.841594827586207,straight_line,transfer point (2 routes)
KENWEYS,KENNY RD & WEYBRIDGE RD,-83.049479,40.056633,2,001+072,2,2,40,6,am_peak+early+evening+midday+owl+pm_peak,False,,True,426.6755228020854,292.0422762605341,4,KENWEYN,0.2733916067093311,4,29.751222008642426,0.0,1.0,1.0,straight_line,transfer point (2 routes)
SCHLAUW,W SCHROCK RD & LAUFFER RD,-82.946141,40.11095,2,043+101,2,1,40,6,am_peak+early+evening+midday+owl+pm_peak,False,,True,254.6248465161052,1289.9184436298856,9,SCHCLEE,1.8251730869490317,0,0.0,0.0,0.0,0.0,straight_line,transfer point (2 routes); catchment not reconstructable
BETGODW,BETHEL RD & GODOWN RD,-83.057482,40.063832,2,001+072,2,2,40,6,am_peak+early+evening+midday+owl+pm_peak,False,,True,296.93606493419696,430.8624055261099,3,GODBETS,1.6217969008953605,3,44.30576261865668,0.0,1.0,1.0,straight_line,transfer point (2 routes)
GODCAMN,GODOWN RD & CAMBRIAN DR,-83.054927,40.062016,2,001+072,2,2,40,6,am_peak+early+evening+midday+owl+pm_peak,False,,True,389.9242469799383,296.93606493419696,5,GODLANSE,1.9422132710870244,2,33.29763481384508,0.0,1.0,1.0,straight_line,transfer point (2 routes)
GODBETS,GODOWN RD & BETHEL RD,-83.056842,40.062772,2,001+072,2,2,40,6,am_peak+early+evening+midday+owl+pm_peak,False,,True,437.5459474134287,339.00111374281283,3,BETGODW,1.6217969008953605,3,44.30576261865668,0.0,1.0,1.0,straight_line,transfer point (2 routes)
BETPORE,BETHEL RD & PORTLAND ST,-83.061798,40.063786,2,001+072,2,2,40,6,am_peak+early+evening+midday+owl+pm_peak,False,,True,360.8595676079992,437.5459474134287,3,BETPORW,0.8302815380152057,3,32.67306018662169,0.0,1.0,1.0,straight_line,transfer point (2 routes)
KENWINS,KENNY RD & WINDHAM RD,-83.050145,40.046519,2,001+072,2,2,40,6,am_peak+early+evening+midday+owl+pm_peak,False,,True,439.2736059568417,366.89370790394764,4,KENWINN,0.5832315468324208,3,44.99865009573253,0.0,1.0,1.0,straight_line,transfer point (2 routes)
GODCHEW,GODOWN RD & CHEVIOT DR,-83.050998,40.060222,2,001+072,2,2,40,6,am_peak+early+evening+midday+owl+pm_peak,False,,True,440.2461698665178,389.9242469799383,3,GODCHEE,0.3474017467795397,2,28.613325109669915,0.0,1.0,1.0,straight_line,transfer point (2 routes)
BETREEW,BETHEL RD & REED RD,-83.067332,40.064199,2,001+072,2,2,40,6,am_peak+early+evening+midday+owl+pm_peak,False,,True,410.47239592342135,340.4449611964028,3,BETREEE,1.4605697421276098,1,7.37778778407586,0.0,1.0,1.0,straight_line,transfer point (2 routes)
KENFOLS,KENNY RD & FOLKESTONE RD,-83.04988,40.05047,2,001+072,2,2,40,6,am_peak+early+evening+midday+owl+pm_peak,False,,True,393.1207385360315,439.2736059568417,5,KENFOLN,0.6425539428493874,1,7.758387947540091,0.0,1.0,1.0,straight_line,transfer point (2 routes)
BETREEE,BETHEL RD & REED RD,-83.066026,40.063882,2,001+072,2,2,40,6,am_peak+early+evening+midday+owl+pm_peak,False,,True,375.6400939017867,360.8595676079992,4,BETREEW,1.4605697421276098,1,7.37778778407586,0.0,1.0,1.0,straight_line,transfer point (2 routes)
CLE340S1,340 S CLEVELAND AVE,-82.948824,40.116699,2,043+101,2,1,40,6,am_peak+early+evening+midday+owl+pm_peak,False,,True,354.31870326018355,362.0673067267312,5,CLE340N,0.7551933561848292,0,0.0,0.0,0.0,0.0,straight_line,transfer point (2 routes); catchment not reconstructable
BETPORW,BETHEL RD & PORTLAND ST,-83.062528,40.063994,2,001+072,2,2,40,6,am_peak+early+evening+midday+owl+pm_peak,False,,True,430.8624055261099,410.47239592342135,2,BETPORE,0.8302815380152057,3,32.67306018662169,0.0,1.0,1.0,straight_line,transfer point (2 routes)
BETOLGE,BETHEL RD & OLGATE LN,-83.070423,40.06406,2,001+072,2,2,40,6,am_peak+early+evening+midday+owl+pm_peak,False,,True,335.78163320206676,375.6400939017867,5,BETMCKW,1.0072643621450375,3,21.24919989556452,0.0,1.0,1.0,straight_line,transfer point (2 routes)
CLEFUJS,CLEVELAND AVE & FUJI DR,-82.950942,40.087979,2,043+101,2,1,40,6,am_peak+early+evening+midday+owl+pm_peak,False,,True,580.2634940421752,410.3521891683952,4,CLEFUJN,1.141955679965598,2,38.01819215263585,0.0,1.0,1.0,straight_line,transfer point (2 routes)
SOUMOUN,S SOUDER AVE & W MOUND ST,-83.020951,39.950083,1,003,2,1,40,6,am_peak+early+evening+midday+owl+pm_peak,False,,False,134.02519829176353,194.06991162251833,7,WMONSOUW,0.8582363541975514,1,1.844446946018965,0.0,1.0,1.0,straight_line,
CLEDEES,CLEVELAND AVE & DEEWOOD DR,-82.950306,40.096322,2,043+101,2,1,40,6,am_peak+early+evening+midday+owl+pm_peak,False,,True,218.46280160041601,347.672102360809,6,CLEBELLN,0.4748845851139155,1,8.783080695328405,0.0,1.0,1.0,straight_line,transfer point (2 routes)
KENHIGN,KENNY RD & HIGHLAND DR,-83.050394,40.040338,2,001+072,2,2,40,6,am_peak+early+evening+midday+owl+pm_peak,False,,True,433.9199991533108,326.80180680425457,3,KENMCCS,0.23319348941579982,1,5.152740674592664,0.0,1.0,1.0,straight_line,transfer point (2 routes)
1STOXLE,W 1ST AVE & OXLEY RD,-83.034232,39.979784,2,031+075,2,2,40,6,am_peak+early+evening+midday+owl+pm_peak,False,,True,314.42618705570015,207.76009018251685,5,1STOXLW,0.3006713555475254,3,40.9291560402304,0.0,0.6666666666666666,0.6967095851216021,straight_line,transfer point (2 routes)
1STVIRE,W 1ST AVE & VIRGINIA AVE,-83.037554,39.981004,2,031+075,2,2,40,6,am_peak+early+evening+midday+owl+pm_peak,False,,True,396.68935181642365,314.42618705570015,5,1STVIRW,0.3691798739151648,2,28.515735324166236,0.0,0.6666666666666666,0.813700918964077,straight_line,transfer point (2 routes)
1STAVOE,W 1ST AVE & AVONDALE AVE,-83.042121,39.981653,2,031+075,2,2,40,6,am_peak+early+evening+midday+owl+pm_peak,False,,True,125.88487646039178,396.68935181642365,5,1STAVOW,0.41422358851142904,2,29.48187420065236,0.0,0.6666666666666666,0.8412698412698412,straight_line,transfer point (2 routes)
1STGLEE,W 1ST AVE & GLENDALE AVE,-83.043592,39.981723,2,031+075,2,2,40,6,am_peak+early+evening+midday+owl+pm_peak,False,,True,381.97824084980175,125.88487646039178,4,1STGRAW,1.300359928216817,3,45.64274268005667,0.0,1.0,1.0,straight_line,transfer point (2 routes)
GOOOPPE,582 W GOODALE ST,-83.018727,39.97406,2,003+075,2,2,40,6,am_peak+early+evening+midday+owl+pm_peak,False,,True,628.8039580158868,854.9707584050504,1,GOO582W,0.46806631870173526,2,46.90165091305374,0.0,1.0,1.0,straight_line,transfer point (2 routes)
CLEBLES1,CLEVELAND AVE & BLENDON WOODS BLVD,-82.950585,40.093198,2,043+101,2,1,40,6,am_peak+early+evening+midday+owl+pm_peak,False,,True,347.672102360809,580.2634940421752,3,CLEBLEN1,0.3073069263270087,2,23.438278198390677,0.0,1.0,1.0,straight_line,transfer point (2 routes)
GOOYARE,GOODALE BLVD & YARD ST,-83.026087,39.974155,2,003+075,2,2,40,6,am_peak+early+evening+midday+owl+pm_peak,False,,True,295.0359224965861,628.8039580158868,8,GOO868W,1.038281061667242,0,0.0,0.0,0.0,0.0,straight_line,transfer point (2 routes); catchment not reconstructable
DAVCAMN,S DAVIS AVE & CAMPBELL AVE,-83.019977,39.951662,1,003,2,1,40,6,am_peak+early+evening+midday+owl+pm_peak,False,,False,194.06991162251833,232.7372347463187,9,SOUMOUS,1.7812027035874205,1,1.844446946018965,0.0,1.0,1.0,straight_line,
NORWILLN,NORTHWEST BLVD & WILLIAMS AVE,-83.029786,39.977917,2,031+075,2,2,40,6,am_peak+early+evening+midday+owl+pm_peak,False,,True,174.96607109456016,306.80059450778793,10,NORWILLS,0.41716150408752933,1,33.87341454831658,0.0,0.5,0.8589458054936896,straight_line,transfer point (2 routes)
CLEHOMS,CLEVELAND AVE & HOME ACRE DR,-82.950151,40.098286,2,043+101,2,1,40,6,am_peak+early+evening+midday+owl+pm_peak,False,,True,161.06413507340085,218.46280160041601,5,CLEHOMN,0.46140301556388963,1,8.783080695328405,0.0,1.0,1.0,straight_line,transfer point (2 routes)
CLECOMS,CLEVELAND AVE & COMMUNITY PARK DR,-82.950095,40.099736,2,043+101,2,1,40,6,am_peak+early+evening+midday+owl+pm_peak,False,,True,1289.9184436298856,161.06413507340085,4,CLECOMN,1.733665667863722,0,0.0,0.0,0.0,0.0,straight_line,transfer point (2 routes); catchment not reconstructable
CRORIDN,CROSSWOODS PARK AND RIDE,-83.006133,40.116954,2,041+102,3,2,40,6,am_peak+early+evening+midday+owl+pm_peak,True,041,True,286.2529349727646,380.9856723264273,4,HUNTPARK,1.4541261006213202,1,77.05689463368083,0.0,1.0,1.0,straight_line,terminal; transfer point (2 routes)
MOUMOUE,W MOUND ST & MOUNT CALVARY AVE,-83.022205,39.949358,1,003,2,1,40,6,am_peak+early+evening+midday+owl+pm_peak,True,003,False,573.7032914883104,134.02519829176353,6,WMONSOUW,0.8237203949677128,0,0.0,0.0,0.0,0.0,straight_line,terminal; catchment not reconstructable
BETMCKW,BETHEL RD & MCKITRICK BLVD,-83.071321,40.064285,2,001+072,2,2,40,6,am_peak+early+evening+midday+owl+pm_peak,False,,True,340.4449611964028,358.1000865372873,5,BETOLGE,1.0072643621450375,3,21.24919989556452,0.0,1.0,1.0,straight_line,transfer point (2 routes)
KENFOLN,KENNY RD & FOLKESTONE RD,-83.049705,40.050027,2,001+072,2,2,40,6,am_peak+early+evening+midday+owl+pm_peak,False,,True,346.5994660950657,462.2591873115194,5,KENFOLS,0.6425539428493874,1,7.758387947540091,0.0,1.0,1.0,straight_line,transfer point (2 routes)
KENWEYN,KENNY RD & WEYBRIDGE RD,-83.049341,40.056467,2,001+072,2,2,40,6,am_peak+early+evening+midday+owl+pm_peak,False,,True,253.4698286729175,440.2461698665178,5,KENWEYS,0.2733916067093311,4,29.751222008642426,0.0,1.0,1.0,straight_line,transfer point (2 routes)
CLEMAIS1,CLEVELAND AVE & W MAIN ST,-82.948352,40.124241,2,043+101,2,1,40,6,am_peak+early+evening+midday+owl+pm_peak,False,,True,410.8627294641615,484.0404105561355,1,CLEMAINN,0.34725004042409746,1,92.22234730094807,0.0,1.0,1.0,straight_line,transfer point (2 routes)
CLEOLDS,S CLEVELAND AVE & OLD COACH RD,-82.948611,40.119886,2,043+101,2,1,40,6,am_peak+early+evening+midday+owl+pm_peak,False,,True,484.0404105561355,354.31870326018355,2,CLECOON,1.0408649507871153,1,92.22234730094807,0.0,1.0,1.0,straight_line,transfer point (2 routes)
KENMERN,KENNY RD & MERRIMAR CIR S,-83.04946,40.054186,2,001+072,2,2,40,6,am_peak+early+evening+midday+owl+pm_peak,False,,True,462.2591873115194,253.4698286729175,5,KENMERS,0.3366447536328348,4,29.751222008642426,0.0,0.75,0.841594827586207,straight_line,transfer point (2 routes)
KENKENBN,KENNY RD & KENBROOK COMMON ST,-83.049124,40.030699,2,001+072,2,2,40,6,am_peak+early+evening+midday+owl+pm_peak,False,,True,323.78425459003654,248.04792873503578,5,KENRUES,0.4975578995822604,2,22.36757883743637,0.0,1.0,1.0,straight_line,transfer point (2 routes)
KENWINN,KENNY RD & WINDHAM RD,-83.049948,40.046911,2,001+072,2,2,40,6,am_peak+early+evening+midday+owl+pm_peak,False,,True,404.01588118628075,346.5994660950657,3,KENWINS,0.5832315468324208,3,44.99865009573253,0.0,1.0,1.0,straight_line,transfer point (2 routes)
NORBURNW,NORTHWEST BLVD & BURR AVE,-83.029123,39.976426,2,031+075,2,2,40,6,am_peak+early+evening+midday+owl+pm_peak,False,,True,186.65573751402533,174.96607109456016,8,NORBURSE,0.44044045503200807,1,33.87341454831658,0.0,1.0,1.0,straight_line,transfer point (2 routes)
NOR1STSE,NORTHWEST BLVD & W 1ST AVE,-83.031807,39.979639,2,031+075,2,2,40,6,am_peak+early+evening+midday+owl+pm_peak,False,,True,207.76009018251685,230.63749419182923,8,1STNORW,0.6220822155645405,3,51.84945303808874,0.0,0.6666666666666666,0.34669678147939026,straight_line,transfer point (2 routes)
1STAVOW,W 1ST AVE & AVONDALE AVE,-83.041755,39.981752,2,031+075,2,2,40,6,am_peak+early+evening+midday+owl+pm_peak,False,,True,350.0454770302379,259.5823218444844,5,1STAVOE,0.41422358851142904,3,35.04449197436035,0.0,0.6666666666666666,0.8412698412698412,straight_line,transfer point (2 routes)
NORGOON,NORTHWEST BLVD & GOODALE BLVD,-83.02899,39.974748,2,031+075,2,2,40,6,am_peak+early+evening+midday+owl+pm_peak,False,,True,173.71308746495595,186.65573751402533,9,NORGOOS,0.7089129184071794,1,33.87341454831658,0.0,1.0,1.0,straight_line,transfer point (2 routes)
KENMCCS,KENNY RD & MCCOY RD,-83.050601,40.040284,2,001+072,2,2,40,6,am_peak+early+evening+midday+owl+pm_peak,False,,True,326.4893826827645,407.086997979206,3,KENHIGN,0.23319348941579982,1,5.152740674592664,0.0,1.0,1.0,straight_line,transfer point (2 routes)
BETDIEE,BETHEL RD & DIERKER RD,-83.074356,40.064176,2,001+072,2,2,40,6,am_peak+early+evening+midday+owl+pm_peak,False,,True,266.0606362851271,335.78163320206676,8,DIEBETS,0.9514686737825915,2,13.87141211148866,0.0,0.5,0.5476190476190476,straight_line,transfer point (2 routes)
1STNORW,W 1ST AVE & NORTHWEST BLVD,-83.032263,39.979918,2,031+075,2,2,40,6,am_peak+early+evening+midday+owl+pm_peak,False,,True,306.80059450778793,187.8333352254694,7,NOR1STSE,0.6220822155645405,2,17.976038489772158,0.0,0.6666666666666666,0.34669678147939026,straight_line,transfer point (2 routes)
1STOXLW,W 1ST AVE & OXLEY RD,-83.034462,39.979909,2,031+075,2,2,40,6,am_peak+early+evening+midday+owl+pm_peak,False,,True,187.8333352254694,314.46358063026736,5,1STOXLE,0.3006713555475254,2,28.515735324166236,0.0,0.6666666666666666,0.6967095851216021,straight_line,transfer point (2 routes)
1STVIRW,W 1ST AVE & VIRGINIA AVE,-83.037711,39.981241,2,031+075,2,2,40,6,am_peak+early+evening+midday+owl+pm_peak,False,,True,314.46358063026736,350.0454770302379,6,1STVIRE,0.3691798739151648,3,35.04449197436035,0.0,0.6666666666666666,0.813700918964077,straight_line,transfer point (2 routes)
1STGRAW,W 1ST AVE & GRANDVIEW AVE,-83.044788,39.9819,2,031+075,2,2,40,6,am_peak+early+evening+midday+owl+pm_peak,False,,True,259.5823218444844,362.30576632856156,7,1STGLEE,1.300359928216817,3,45.64274268005667,0.0,1.0,1.0,straight_line,transfer point (2 routes)
EASTER6,EASTON TERMINAL BAY 6,-82.909141,40.060719,1,032,2,2,40,6,am_peak+early+evening+midday+owl+pm_peak,True,032,False,148.56975502858964,171.2813840520312,12,EASTER1,0.0,0,0.0,0.0,0.0,0.0,straight_line,terminal; catchment not reconstructable
GRA3RDN,GRANDVIEW AVE & THIRD AVE,-83.044652,39.985325,1,031,1,1,39,6,am_peak+early+evening+midday+owl+pm_peak,False,,False,380.46049117134277,420.6126974236883,7,GRA3RDS,0.2096524718378411,2,16.980622677634933,0.0,0.5,0.6155172413793109,straight_line,
GRA5THN,GRANDVIEW AVE & W 5TH AVE,-83.044348,39.989106,1,031,1,1,39,6,am_peak+early+evening+midday+owl+pm_peak,False,,False,420.6126974236883,249.67186229144045,12,5THGRANW,0.3812369426418196,2,20.347470277510837,0.0,1.0,1.0,straight_line,
NORGLESE,NORTHWEST BLVD & GLENN AVE,-83.052572,39.998389,1,003,1,1,39,6,am_peak+early+evening+midday+owl+pm_peak,False,,False,262.36662871496856,356.55750835369713,7,NORGLENW,0.30820225219387,1,13.906544434270002,0.0,0.5,0.7341576506955182,straight_line,
NORSTASE,NORTHWEST BLVD & STANFORD RD,-83.049077,39.996632,1,003,1,1,39,6,am_peak+early+evening+midday+owl+pm_peak,False,,False,356.55750835369713,208.54240658712106,10,NORNORNW,0.2641333312280822,2,21.34288608964805,0.0,0.5,0.6515775034293558,straight_line,
NORNORSE,NORTHWEST BLVD & NORTHWEST CT,-83.046908,39.995769,1,003,1,1,39,6,am_peak+early+evening+midday+owl+pm_peak,False,,False,208.54240658712106,173.4547037326682,10,NORNORN,0.4950377621136064,1,7.436341655378049,0.0,1.0,1.0,straight_line,
KIN1197E,1197 KINNEAR RD,-83.040401,39.998002,1,031,1,1,39,6,am_peak+early+evening+midday+owl+pm_peak,False,,False,691.1107542939119,474.2377677167074,1,KIN1218W,0.9237261284764806,1,20.581685762719587,0.0,0.0,0.0,straight_line,
NORRIDS,NORTHWEST BLVD & RIDGEVIEW RD,-83.057767,40.01459,1,003,1,1,39,6,am_peak+early+evening+midday+owl+pm_peak,False,,False,425.61232345117077,295.19640037111577,3,NORRIDN,0.36924774185813125,1,9.16368085879264,0.0,1.0,1.0,straight_line,
NORNORTS,NORTHWEST BLVD & NORTHAM RD,-83.057948,40.011935,1,003,1,1,39,6,am_peak+early+evening+midday+owl+pm_peak,False,,False,295.19640037111577,246.7459949621969,5,NORNORTN,0.421079007981937,2,33.52209132050347,0.0,1.0,1.0,straight_line,
NORWILSS,NORTHWEST BLVD & WILSHIRE DR,-83.058079,40.009715,1,003,1,1,39,6,am_peak+early+evening+midday+owl+pm_peak,False,,False,246.7459949621969,319.3124723467793,5,NORWILSN,0.33578847433740433,2,33.52209132050347,0.0,1.0,1.0,straight_line,
NORLANSE,NORTHWEST BLVD & W LANE AVE,-83.058296,40.006844,1,003,1,1,39,6,am_peak+early+evening+midday+owl+pm_peak,False,,False,319.3124723467793,341.1963405481504,4,NORLANNN,0.3358960862075882,2,14.60919088989625,0.0,0.6666666666666666,0.7436661698956782,straight_line,
KINSTAE,KING AVE & NORTH STAR AVE,-83.04824,39.991679,1,031,1,1,39,6,am_peak+early+evening+midday+owl+pm_peak,False,,False,261.3602550401601,339.04942003076053,9,KINSTAW,0.57652721683891,1,11.213066354369271,0.0,1.0,1.0,straight_line,
HUDGRAE,E HUDSON ST & GRASMERE AVE,-82.983905,40.014326,1,031,1,1,39,6,am_peak+early+evening+midday+owl+pm_peak,False,,False,176.41426780652222,281.95202003706055,11,HUDOGRW,0.4014657870385932,2,9.456450215303583,0.0,1.0,1.0,straight_line,
HENREEW,W HENDERSON RD & REED RD,-83.06629,40.053924,1,033,2,1,39,6,am_peak+early+evening+midday+owl+pm_peak,False,,False,294.53444619021883,580.0873534488765,3,HENREEE,0.31598311444257515,2,46.31611220003185,0.0,0.6666666666666666,0.681309216192937,straight_line,
SAWWESN,SAWMILL RD & WEST CASE RD,-83.092583,40.073183,1,033,2,1,39,6,am_peak+early+evening+midday+owl+pm_peak,False,,False,582.951397962391,778.3655702428284,1,SAWWESS,1.0883059951955327,2,25.9100880512188,0.0,1.0,1.0,straight_line,
KENSTELS,KENNY RD & STEELWOOD RD,-83.035068,39.995026,1,031,1,1,39,6,am_peak+early+evening+midday+owl+pm_peak,False,,False,257.59566954232224,432.1053514304887,4,KENSTELN,0.16971559189279944,1,20.581685762719587,0.0,1.0,1.0,straight_line,
KINKENE1,KING AVE & KENNY RD,-83.034749,39.991142,1,031,1,1,39,6,am_peak+early+evening+midday+owl+pm_peak,False,,False,432.1053514304887,373.8564984643959,8,KENKINN2,0.8510141733207947,2,46.0818967148231,0.0,1.0,1.0,straight_line,
GRAKINGS,GRANDVIEW AVE & KING AVE,-83.044301,39.991298,1,031,1,1,39,6,am_peak+early+evening+midday+owl+pm_peak,False,,False,339.04942003076053,322.0513134153563,12,GRAKINGN,0.16692948554907236,2,21.10867060443929,0.0,1.0,1.0,straight_line,
VANREDS,VANTAGE DR & RED ROOF INN,-83.014575,40.116275,2,041+102,2,1,39,6,am_peak+early+evening+midday+owl+pm_peak,False,,True,1215.6334199273238,214.90781894001736,5,44HUTCH,2.215325048209324,0,0.0,0.0,0.0,0.0,straight_line,transfer point (2 routes); catchment not reconstructable
CEMLEAE,CEMETERY RD & LEAP RD,-83.139513,40.03168,2,021+032,2,1,39,6,am_peak+early+evening+midday+owl+pm_peak,False,,True,317.43120116776754,237.43417303936903,4,CEMLEAW,1.086219014062185,0,0.0,0.0,0.0,0.0,straight_line,transfer point (2 routes); catchment not reconstructable
CEMBROE,CEMETERY RD & BROWN PARK DR,-83.136749,40.031921,2,021+032,2,1,39,6,am_peak+early+evening+midday+owl+pm_peak,False,,True,237.43417303936903,486.7104422003323,4,CEMBROW,0.209512024900314,0,0.0,0.0,0.0,0.0,straight_line,transfer point (2 routes); catchment not reconstructable
CEMBERLW,CEMETERY RD & BERRY LEAF LN,-83.148266,40.030984,2,021+032,2,1,39,6,am_peak+early+evening+midday+owl+pm_peak,False,,True,319.55179099856275,481.9293968171052,3,CEMWBE,0.7086284571042389,1,34.1954608404786,0.0,1.0,1.0,straight_line,transfer point (2 routes)
CEMNORW,CEMETERY RD & NORWICH ST,-83.15386,40.030396,2,021+032,2,1,39,6,am_peak+early+evening+midday+owl+pm_peak,False,,True,481.9293968171052,277.65126985230063,3,CEMNORE,1.6714964944307087,0,0.0,0.0,0.0,0.0,straight_line,transfer point (2 routes); catchment not reconstructable
CEMBROW,CEMETERY RD & BROWN PARK DR,-83.136771,40.032071,2,021+032,2,1,39,6,am_peak+early+evening+midday+owl+pm_peak,False,,True,399.168530166617,322.38658000930167,4,CEMBROE,0.209512024900314,0,0.0,0.0,0.0,0.0,straight_line,transfer point (2 routes); catchment not reconstructable
CEMLEAW,CEMETERY RD & LEAP RD,-83.140526,40.031758,2,021+032,2,1,39,6,am_peak+early+evening+midday+owl+pm_peak,False,,True,322.38658000930167,346.66891940812206,5,CEMLEAE,1.086219014062185,0,0.0,0.0,0.0,0.0,straight_line,transfer point (2 routes); catchment not reconstructable
CEMOUTW,CEMETERY RD & OUTER ST,-83.144554,40.031358,2,021+032,2,1,39,6,am_peak+early+evening+midday+owl+pm_peak,False,,True,346.66891940812206,319.55179099856275,4,CEMOUTE,1.4383960948899388,1,34.1954608404786,0.0,1.0,1.0,straight_line,transfer point (2 routes)
STRHOVE,STRINGTOWN RD & HOOVER RD,-83.068594,39.881004,1,003,1,1,39,6,am_peak+early+evening+midday+owl+pm_peak,False,,False,221.74233220338598,453.06179892814714,3,STRHOVW,0.5046649703490349,1,5.074668846189745,0.0,0.0,0.0,straight_line,
STRPARE,STRINGTOWN RD & PARKMEAD DR,-83.064042,39.878918,1,003,1,1,39,6,am_peak+early+evening+midday+owl+pm_peak,False,,False,453.06179892814714,564.9554767596842,2,GRORIDS,0.7310070622823275,1,67.6492393111293,0.0,1.0,1.0,straight_line,
STRHARW,2096 STRINGTOWN RD,-83.057451,39.878575,2,003+061,2,2,39,6,am_peak+early+evening+midday+owl+pm_peak,False,,True,1202.6623259159187,481.2834430802667,1,STRRAXE,0.3695800715626877,1,67.6492393111293,0.0,1.0,1.0,straight_line,transfer point (2 routes)
CLE161NF,CLEVELAND AVE & STATE ROUTE 161,-82.950847,40.086291,2,043+101,2,1,39,6,am_peak+early+evening+midday+owl+pm_peak,False,,True,179.44727425516086,276.0318628774643,9,161CLEW,1.8405240463918222,0,0.0,0.0,0.0,0.0,straight_line,transfer point (2 routes); catchment not reconstructable
BROHOMS,BROADWAY & HOME RD,-83.077992,39.901241,1,003,1,1,39,6,am_peak+early+evening+midday+owl+pm_peak,False,,False,573.1964217128216,240.69368146186147,2,BRO3136,1.9574052972796454,1,12.501251523017437,0.0,1.0,1.0,straight_line,
OAKATWW,OAKLAND PARK AVE & ATWOOD TERRACE,-82.983817,40.032315,2,011+032,2,1,39,6,am_peak+early+evening+midday+owl+pm_peak,False,,True,288.2075540170904,190.69466397119956,7,OAKATWE,0.4318139913239144,2,11.213066354369264,0.0,1.0,1.0,straight_line,transfer point (2 routes)
COLKNAPE,COLUMBUS ST & KNAPP DR,-83.071181,39.881131,1,003,1,1,39,6,am_peak+early+evening+midday+owl+pm_peak,False,,False,526.5878732764165,221.74233220338598,3,COLLEIW,0.9302247266791583,2,12.374384801862686,0.0,1.0,1.0,straight_line,
HAR187S,1871 HARRISBURG PIKE,-83.062458,39.919815,1,003,1,1,39,6,am_peak+early+evening+midday+owl+pm_peak,False,,False,112.85568602976747,574.9840702172024,3,HAR196N,1.3069392690149473,0,0.0,0.0,0.0,0.0,straight_line,catchment not reconstructable
OAKHIAW,OAKLAND PARK AVE & HIAWATHA ST,-82.986046,40.032433,2,011+032,2,1,39,6,am_peak+early+evening+midday+owl+pm_peak,False,,True,190.69466397119956,264.2769247708684,6,OAKATWE,1.9896010092322556,2,11.213066354369264,0.0,1.0,1.0,straight_line,transfer point (2 routes)
OAKMAIW,OAKLAND PARK AVE & MAIZE RD,-82.989138,40.03256,2,011+032,2,1,39,6,am_peak+early+evening+midday+owl+pm_peak,False,,True,264.2769247708684,336.3555501233553,8,OAKMAIE,0.7145527940284466,1,2.8984166294583735,0.0,0.5,0.2661290322580645,straight_line,transfer point (2 routes)
HARRANS,HARRISBURG PIKE & RANSBURG AVE,-83.042234,39.937478,1,003,1,1,39,6,am_peak+early+evening+midday+owl+pm_peak,False,,False,307.8937678522506,209.41321465267495,6,HARRANN,0.5774695853729326,1,5.123463738941569,0.0,1.0,1.0,straight_line,
HARROSS,HARRISBURG PIKE & ROSEMONT AVE,-83.04356,39.935892,1,003,1,1,39,6,am_peak+early+evening+midday+owl+pm_peak,False,,False,209.41321465267495,196.1347990172342,7,HARROSN,0.29324982361213403,2,6.909356813658345,0.0,1.0,1.0,straight_line,
HARLAUS,HARRISBURG PIKE & LAUREL AVE,-83.045167,39.934631,1,003,1,1,39,6,am_peak+early+evening+midday+owl+pm_peak,False,,False,196.1347990172342,193.69195925347842,7,HARLAUN,0.6146119169066367,2,6.909356813658345,0.0,1.0,1.0,straight_line,
HARCLIS,HARRISBURG PIKE & CLIME RD,-83.061769,39.920682,1,003,1,1,39,6,am_peak+early+evening+midday+owl+pm_peak,False,,False,404.1710867319256,112.85568602976747,3,HAR187S,1.4106960753720934,0,0.0,0.0,0.0,0.0,straight_line,catchment not reconstructable
CEMOUTE,CEMETERY RD & OUTER ST,-83.143206,40.031343,2,021+032,2,1,39,6,am_peak+early+evening+midday+owl+pm_peak,False,,True,487.5417167936311,317.43120116776754,3,CEMOUTW,1.4383960948899388,1,34.1954608404786,0.0,1.0,1.0,straight_line,transfer point (2 routes)
STRRAXE,2071 STRINGTOWN RD,-83.057485,39.87831,1,003,1,1,39,6,am_peak+early+evening+midday+owl+pm_peak,False,,False,564.9554767596842,1016.5440265537604,1,STRHARW,0.3695800715626877,1,67.6492393111293,0.0,1.0,1.0,straight_line,
HAR111S,1117 HARRISBURG PIKE,-83.046741,39.933376,1,003,1,1,39,6,am_peak+early+evening+midday+owl+pm_peak,False,,False,193.69195925347842,254.91026874230872,6,HARBELN,0.19727607482930704,1,1.7858930747167756,0.0,1.0,1.0,straight_line,
HAREAKS1,HARRISBURG PIKE & EAKIN RD,-83.048828,39.931736,1,003,1,1,39,6,am_peak+early+evening+midday+owl+pm_peak,False,,False,254.91026874230872,268.7974729308591,5,HARHOPN,1.240329548711154,1,1.7858930747167756,0.0,1.0,1.0,straight_line,
DIEBETS,DIERKER RD & BETHEL RD,-83.075054,40.063749,1,033,2,1,39,6,am_peak+early+evening+midday+owl+pm_peak,False,,False,214.83483927083455,288.77774209574335,8,BETDIEE,0.9514686737825915,4,23.327862326792243,0.0,0.5,0.5476190476190476,straight_line,
HENWINE,W HENDERSON RD & WINTERSET DR,-83.057567,40.053129,1,033,2,1,39,6,am_peak+early+evening+midday+owl+pm_peak,False,,False,372.63314700255637,642.5415722725929,2,HENWINW,0.39996476211970167,2,13.26245184994589,0.0,1.0,1.0,straight_line,
HENKENE,W HENDERSON RD & KENNY RD,-83.05004,40.052954,1,033,2,1,39,6,am_peak+early+evening+midday+owl+pm_peak,False,,False,642.5415722725929,674.7567831334928,6,HENKENW,0.3481055590327161,4,30.623674691045046,0.0,1.0,1.0,straight_line,
BRO1STS,BROADWAY & 1ST AVE,-83.079513,39.899417,1,003,1,1,39,6,am_peak+early+evening+midday+owl+pm_peak,False,,False,240.69368146186147,237.91122140304176,4,BRO3136,1.0904145984637776,2,91.9003010087863,0.0,0.5,0.29570637119113563,straight_line,
HAR165S,1657 HARRISBURG PIKE,-83.059245,39.92376,1,003,1,1,39,6,am_peak+early+evening+midday+owl+pm_peak,False,,False,350.1859149292847,404.1710867319256,4,167HARN,0.23878394286916835,1,7.768146926090456,0.0,1.0,1.0,straight_line,
3RDNWBE,W 3RD AVE & NORTHWEST BLVD,-83.038557,39.984784,1,003,1,1,39,6,am_peak+early+evening+midday+owl+pm_peak,False,,False,312.42549058851137,330.0717175685997,6,3RDMEAW,0.2562490523260007,2,10.305481349185328,0.0,1.0,1.0,straight_line,
MOUDAKW,W MOUND ST & DAKOTA AVE,-83.025885,39.948529,1,003,1,1,39,6,am_peak+early+evening+midday+owl+pm_peak,False,,False,391.58925870689785,302.8834642107019,4,MOUGLENE,3.089336976043035,0,0.0,0.0,0.0,0.0,straight_line,catchment not reconstructable
KINOLEW,KING AVE & OLENTANGY RIVER RD,-83.0266,39.990958,1,031,1,1,39,6,am_peak+early+evening+midday+owl+pm_peak,False,,False,699.7529652360989,297.0176185494559,7,KINOLEE,0.5459991912666166,0,0.0,0.0,0.0,0.0,straight_line,catchment not reconstructable
HARALKS,HARRISBURG PIKE & ALKIRE RD,-83.065867,39.915351,1,003,1,1,39,6,am_peak+early+evening+midday+owl+pm_peak,False,,False,574.9840702172024,197.737711430312,3,HARREDN,1.6325110237431104,1,16.441927061654795,0.0,1.0,1.0,straight_line,
HARMOUS,HARRISBURG PIKE & W MOUND ST,-83.03676,39.944598,1,003,1,1,39,6,am_peak+early+evening+midday+owl+pm_peak,False,,False,408.177783230769,190.35161506770177,11,HARBRON,0.27032330239810776,0,0.0,0.0,0.0,0.0,straight_line,catchment not reconstructable
HARHUMSW,HARRISBURG PIKE & HUMPHREY AVE,-83.037882,39.943117,1,003,1,1,39,6,am_peak+early+evening+midday+owl+pm_peak,False,,False,190.35161506770177,169.31783418019504,8,HAR800N,1.9531055853941797,0,0.0,0.0,0.0,0.0,straight_line,catchment not reconstructable
HARGARS,HARRISBURG PIKE & GARLING AVE,-83.040383,39.939857,1,003,1,1,39,6,am_peak+early+evening+midday+owl+pm_peak,False,,False,251.04404283854328,307.8937678522506,5,HARGARN,0.21172227897060178,1,5.123463738941569,0.0,1.0,1.0,straight_line,
BROBURS,BROADWAY & BURR OAK DR,-83.090703,39.885685,1,003,1,1,39,6,am_peak+early+evening+midday+owl+pm_peak,False,,False,301.6431958132352,296.33527754463415,5,BROLOZN,0.5012567823075569,1,7.699834076237901,0.0,1.0,1.0,straight_line,
COLBROE,COLUMBUS ST & BROADWAY,-83.091993,39.883208,1,003,1,1,39,6,am_peak+early+evening+midday+owl+pm_peak,False,,False,296.33527754463415,242.57390975369597,5,COLBROW,0.2676366949073517,2,22.923840614807137,0.0,1.0,1.0,straight_line,
HARREDS,HARRISBURG PIKE & RED ROCK BLVD,-83.066949,39.913777,1,003,1,1,39,6,am_peak+early+evening+midday+owl+pm_peak,False,,False,197.737711430312,405.8398503493469,4,HARREDN,0.8846773191543935,1,16.441927061654795,0.0,1.0,1.0,straight_line,
HARBLUS,HARRISBURG PIKE & BLUE ROCK BLVD,-83.069723,39.910811,1,003,1,1,39,6,am_peak+early+evening+midday+owl+pm_peak,False,,False,405.8398503493469,278.09207383883813,3,HARBLUN,0.28415997253509906,1,26.46634982858964,0.0,1.0,1.0,straight_line,
HAR771S,771 HARRISBURG PIKE,-83.038883,39.941801,1,003,1,1,39,6,am_peak+early+evening+midday+owl+pm_peak,False,,False,169.31783418019504,251.04404283854328,9,HAR800N,0.2519025399622445,0,0.0,0.0,0.0,0.0,straight_line,catchment not reconstructable
HARCENPS,HARRISBURG PIKE & CENTERPOINT DR,-83.074668,39.905724,1,003,1,1,39,6,am_peak+early+evening+midday+owl+pm_peak,False,,False,427.49266380784627,573.1964217128216,1,HARCENPN,0.5186790639305323,0,0.0,0.0,0.0,0.0,straight_line,catchment not reconstructable
HARZETS,HARRISBURG PIKE & ZETTLER CENTER DR,-83.051236,39.930179,1,003,1,1,39,6,am_peak+early+evening+midday+owl+pm_peak,False,,False,268.7974729308591,205.67013640587933,5,HARLITTN,0.9565353641491656,0,0.0,0.0,0.0,0.0,straight_line,catchment not reconstructable
HAR151S,1515 HARRISBURG PIKE,-83.057117,39.926455,1,003,1,1,39,6,am_peak+early+evening+midday+owl+pm_peak,False,,False,445.85499698266665,350.1859149292847,4,HAROCTN,0.39271790112792054,1,7.768146926090456,0.0,1.0,1.0,straight_line,
SOUSULS,S SOUDER AVE & SULLIVANT AVE,-83.021667,39.952862,1,003,1,1,39,6,am_peak+early+evening+midday+owl+pm_peak,False,,False,245.05092777917724,228.08065245383798,12,SULSOUE,0.46694693378764124,1,1.844446946018965,0.0,0.5,0.21575342465753425,straight_line,
RICPARS1,RICHARD AVE & PARLIN DR,-83.07891,39.89484,1,003,1,1,39,6,am_peak+early+evening+midday+owl+pm_peak,False,,False,198.86716046746366,262.64166671090743,7,RICPARN,0.29509214044443716,2,30.65295162669614,0.0,1.0,1.0,straight_line,
RICADDIS,RICHARD AVE & ADDISON DR,-83.080326,39.892741,1,003,1,1,39,6,am_peak+early+evening+midday+owl+pm_peak,False,,False,262.64166671090743,190.07593830224326,9,RICADDN,0.31594585021140315,2,19.2642236584203,0.0,1.0,1.0,straight_line,
HAR142S,1421 HARRISBURG PIKE,-83.053188,39.929096,1,003,1,1,39,6,am_peak+early+evening+midday+owl+pm_peak,False,,False,205.67013640587933,445.85499698266665,3,HAR144N,1.0146886599289022,1,7.768146926090456,0.0,1.0,1.0,straight_line,
SOUSHEW,SOUTHWEST BLVD & SHELDON PL,-83.082824,39.890672,1,003,1,1,39,6,am_peak+early+evening+midday+owl+pm_peak,False,,False,208.5157752518326,188.77997352786707,7,SOUSHEE,0.6014704980807576,2,10.715358448300654,0.0,1.0,1.0,straight_line,
KINOPPW1,KING AVE & DELASHMUT AVE,-83.030074,39.991084,1,031,1,1,39,6,am_peak+early+evening+midday+owl+pm_peak,False,,False,297.0176185494559,439.3890481338374,8,KINDELE,0.3588735730660828,1,25.500210952103515,0.0,1.0,1.0,straight_line,
BROROSS,BROADWAY & ROSE AVE,-83.0887,39.887921,1,003,1,1,39,6,am_peak+early+evening+midday+owl+pm_peak,False,,False,439.7084818340764,301.6431958132352,3,BROCDRGN,0.8910753664069538,2,13.496667335154648,0.0,1.0,1.0,straight_line,
MOC2501W,2501 MOCK RD,-82.94312,40.011264,1,031,1,1,39,6,am_peak+early+evening+midday+owl+pm_peak,False,,False,787.8474130462068,369.9801838972334,3,MOC250E,0.252163357732583,1,17.97603848977215,0.0,1.0,1.0,straight_line,
MOCBREW1,MOCK RD & BRENTNELL AVE,-82.947445,40.011474,1,031,1,1,39,6,am_peak+early+evening+midday+owl+pm_peak,False,,False,369.9801838972334,523.8002207025894,9,MOC2315E,0.23433944025534093,0,0.0,0.0,0.0,0.0,straight_line,catchment not reconstructable
MOCWOOW,MOCK RD & WOODLAND AVE,-82.953568,40.011773,1,031,1,1,39,6,am_peak+early+evening+midday+owl+pm_peak,False,,False,523.8002207025894,220.34759415708388,4,MOCWOOE,0.16338943096969571,1,7.9633264970977535,0.0,1.0,1.0,straight_line,
MOCPARW,MOCK RD & PARKWOOD AVE,-82.956144,40.011896,1,031,1,1,39,6,am_peak+early+evening+midday+owl+pm_peak,False,,False,220.34759415708388,301.9654253280861,5,PARMOCS,0.6210485614069314,1,7.9633264970977535,0.0,1.0,1.0,straight_line,
GRA5THS,GRANDVIEW AVE & W 5TH AVE,-83.044554,39.988404,1,031,1,1,39,6,am_peak+early+evening+midday+owl+pm_peak,False,,False,322.0513134153563,350.0885213910018,12,5THGRANE,0.5162668391584694,2,20.347470277510837,0.0,1.0,1.0,straight_line,
HUDOGRW,E HUDSON ST & GRASMERE AVE,-82.984214,40.014491,1,031,1,1,39,6,am_peak+early+evening+midday+owl+pm_peak,False,,False,193.3406570100721,191.16170874673074,11,HUDGRAE,0.4014657870385932,2,9.456450215303583,0.0,1.0,1.0,straight_line,
HUDADAE,E HUDSON ST & ADAMS AVE,-83.00679,40.015141,1,031,1,1,39,6,am_peak+early+evening+midday+owl+pm_peak,False,,False,388.3901517854696,193.60693687547968,4,HUDADAW,0.6040162390269462,4,18.1809770393298,0.0,0.4,0.24776500638569607,straight_line,
HUDDAYE,E HUDSON ST & DAYTON AVE,-83.004537,40.01534,1,031,1,1,39,6,am_peak+early+evening+midday+owl+pm_peak,False,,False,193.60693687547968,314.53063260597514,8,HUDDAYW,0.23869000615711822,4,18.1809770393298,0.0,0.8,0.722093023255814,straight_line,
DIEBURGS,DIERKER RD & BURGOYNE CT,-83.075211,40.061151,1,033,2,1,39,6,am_peak+early+evening+midday+owl+pm_peak,False,,False,288.77774209574335,329.107132344985,7,DIEPKRN,0.7060809027624859,2,12.384143780413051,0.0,1.0,1.0,straight_line,
DIEWENS,DIERKER RD & WENDYS DR,-83.075312,40.058188,1,033,2,1,39,6,am_peak+early+evening+midday+owl+pm_peak,False,,False,329.107132344985,126.33570426274376,7,DIEWENN,0.3015490227195025,2,12.384143780413051,0.0,1.0,1.0,straight_line,
SOUBROW,SOUTHWEST BLVD & BROADWAY,-83.085031,39.890695,1,003,1,1,39,6,am_peak+early+evening+midday+owl+pm_peak,False,,False,188.77997352786707,439.7084818340764,5,SOUBROE,0.4134392056368089,1,5.796833258916747,0.0,1.0,1.0,straight_line,
NOR5THS,NORTHWEST BLVD & W 5TH AVE,-83.040987,39.988853,1,003,1,1,39,6,am_peak+early+evening+midday+owl+pm_peak,False,,False,259.9714380891548,224.95320344211873,12,NOR5THN,0.32978935962745315,0,0.0,0.0,0.0,0.0,straight_line,catchment not reconstructable
NORTHOSE,NORTHWEST BLVD & THORNWOOD PL,-83.041071,39.986828,1,003,1,1,39,6,am_peak+early+evening+midday+owl+pm_peak,False,,False,224.95320344211873,312.42549058851137,12,NORTHONW,0.32736795426305376,2,14.228590726432035,0.0,1.0,1.0,straight_line,
HARHYDS,HARRISBURG PIKE & HYDE RD,-83.071703,39.908824,1,003,1,1,39,6,am_peak+early+evening+midday+owl+pm_peak,False,,False,278.09207383883813,427.49266380784627,3,HARHYDN,0.3734565337426069,1,26.46634982858964,0.0,1.0,1.0,straight_line,
3RDOXLE,W 3RD AVE & OXLEY RD,-83.034698,39.984625,1,003,1,1,39,6,am_peak+early+evening+midday+owl+pm_peak,False,,False,330.0717175685997,138.4450155997332,6,3RDOXLW,0.2752360881020274,0,0.0,0.0,0.0,0.0,straight_line,catchment not reconstructable
3RDPARE1,W 3RD AVE & PARKWAY DR N,-83.03308,39.98455,1,003,1,1,39,6,am_peak+early+evening+midday+owl+pm_peak,False,,False,138.4450155997332,316.89844177643903,6,3RDNORW,1.2651191884617712,1,53.225469013690024,0.0,0.5,0.810883140053523,straight_line,
HENZELE,W HENDERSON RD & ZELLER RD,-83.024862,40.051571,1,033,2,1,39,6,am_peak+early+evening+midday+owl+pm_peak,False,,False,222.24929834939093,429.22486742464775,4,HENZELW,0.46086474135331806,2,15.07762186031378,0.0,1.0,1.0,straight_line,
BROMHIGW,BROAD MEADOWS BLVD & N HIGH ST,-83.020529,40.073017,1,033,2,1,39,6,am_peak+early+evening+midday+owl+pm_peak,False,,False,268.4119832624525,352.30937795422085,8,BROMHIGE,0.12843707071225746,1,19.20566978711812,0.0,1.0,1.0,straight_line,
SAWWESS,SAWMILL RD & WEST CASE RD,-83.092807,40.073948,1,033,2,1,39,6,am_peak+early+evening+midday+owl+pm_peak,False,,False,643.569632861593,684.8060985404738,1,SAWWESN,1.0883059951955327,2,25.9100880512188,0.0,1.0,1.0,straight_line,
SOUMOUS,S SOUDER AVE & THOMAS AVE,-83.02125,39.950833,1,003,1,1,39,6,am_peak+early+evening+midday+owl+pm_peak,False,,False,228.08065245383798,131.63146941751643,9,SOUMOUN,1.088801806976934,1,1.844446946018965,0.0,1.0,1.0,straight_line,
WMONSOUW,W MOUND ST & SOUDER AVE,-83.021549,39.94967,1,003,1,1,39,6,am_peak+early+evening+midday+owl+pm_peak,False,,False,131.63146941751643,391.58925870689785,8,MOUMOUE,0.8237203949677128,1,1.844446946018965,0.0,0.0,0.0,straight_line,
RICSOUS,RICHARD AVE & SOUTHWEST BLVD,-83.080431,39.891031,1,003,1,1,39,6,am_peak+early+evening+midday+owl+pm_peak,False,,False,190.07593830224326,208.5157752518326,6,RICSOUNF,0.278388115594167,2,19.2642236584203,0.0,1.0,1.0,straight_line,
BROCENS,BROADWAY & CENTRAL AVE,-83.080843,39.897535,1,003,1,1,39,6,am_peak+early+evening+midday+owl+pm_peak,False,,False,237.91122140304176,262.73589015982617,7,BROCENN,0.5220750512013794,2,91.9003010087863,0.0,1.0,1.0,straight_line,
PARBROE,PARLIN DR & WILLOWOOD PL,-83.081192,39.895184,1,003,1,1,39,6,am_peak+early+evening+midday+owl+pm_peak,False,,False,262.73589015982617,198.86716046746366,7,PARBROW,0.20743504453307104,2,17.419776712401344,0.0,0.5,0.2823529411764705,straight_line,
BRO200W,200 BROAD MEADOWS BLVD,-83.024386,40.074152,1,033,2,1,39,6,am_peak+early+evening+midday+owl+pm_peak,False,,False,352.30937795422085,296.53099798235587,4,209HIGE,1.603964554635818,1,19.20566978711812,0.0,1.0,1.0,straight_line,
HENDIEE,W HENDERSON RD & DIERKER RD,-83.075176,40.057055,1,033,2,1,39,6,am_peak+early+evening+midday+owl+pm_peak,False,,False,126.33570426274376,277.45353726140075,5,HENDIEW1,0.2469630670251708,0,0.0,0.0,0.0,0.0,straight_line,catchment not reconstructable
HENKNIE,W HENDERSON RD & KNIGHTSBRIDGE BLVD,-83.042169,40.052367,1,033,2,1,39,6,am_peak+early+evening+midday+owl+pm_peak,False,,False,674.7567831334928,402.9701598977072,2,HENKNIW,0.4066936360269538,4,27.74867961010754,0.0,1.0,1.0,straight_line,
HENLAUE,W HENDERSON RD & LAURALAND DR E,-83.037472,40.051989,1,033,2,1,39,6,am_peak+early+evening+midday+owl+pm_peak,False,,False,402.9701598977072,371.2897524575835,3,HENLAUW,0.6504818420410837,2,13.10435639742998,0.0,1.0,1.0,straight_line,
HENOLEE,W HENDERSON RD & OLENTANGY RIVER RD,-83.033124,40.051857,1,033,2,1,39,6,am_peak+early+evening+midday+owl+pm_peak,False,,False,371.2897524575835,483.4712441659742,2,HENOLEW,1.5492915163235057,1,4.391540347664202,0.0,0.5,0.44642857142857145,straight_line,
HENOLEBE,W HENDERSON RD & OLENTANGY BLVD,-83.027462,40.051691,1,033,2,1,39,6,am_peak+early+evening+midday+owl+pm_peak,False,,False,483.4712441659742,222.24929834939093,3,HENOLEBW,0.29365715997452446,2,15.07762186031378,0.0,0.5,0.33009708737864035,straight_line,
HENLARW,W HENDERSON RD & LARWELL DR,-83.062876,40.053532,1,033,2,1,39,6,am_peak+early+evening+midday+owl+pm_peak,False,,False,457.1027789714635,294.53444619021883,3,HENLARE,1.0777568426467257,2,46.31611220003185,0.0,1.0,1.0,straight_line,
BROMHIGE,BROAD MEADOWS BLVD & N HIGH ST,-83.020496,40.072928,1,033,2,1,39,6,am_peak+early+evening+midday+owl+pm_peak,False,,False,389.0104637051065,213.61731970008478,8,BROMHIGW,0.12843707071225746,1,19.20566978711812,0.0,1.0,1.0,straight_line,
HENGETW1,W HENDERSON RD & GETTYSBURG RD,-83.072419,40.056185,1,033,2,1,39,6,am_peak+early+evening+midday+owl+pm_peak,False,,False,580.0873534488765,252.39529911930876,5,HENGETE,0.39090613669216456,1,28.88657650908014,0.0,1.0,1.0,straight_line,
HENDIEW1,W HENDERSON RD & DIERKER RD,-83.07506,40.057209,1,033,2,1,39,6,am_peak+early+evening+midday+owl+pm_peak,False,,False,252.39529911930876,87.64441618483785,6,HENDIEE,0.2469630670251708,1,4.977079060686096,0.0,0.0,0.0,straight_line,
DIEWENN,DIERKER RD & WENDYS DR,-83.07519,40.057992,1,033,2,1,39,6,am_peak+early+evening+midday+owl+pm_peak,False,,False,87.64441618483785,296.65278896531237,7,DIEWENS,0.3015490227195025,2,12.384143780413051,0.0,1.0,1.0,straight_line,
DIEPKRN,DIERKER RD & PARK RUN DR,-83.075033,40.060661,1,033,2,1,39,6,am_peak+early+evening+midday+owl+pm_peak,False,,False,296.65278896531237,419.06705450773524,6,DIEBURGS,0.7060809027624859,2,12.384143780413051,0.0,1.0,1.0,straight_line,
HENZELW,W HENDERSON RD & ZELLER RD,-83.024445,40.051658,1,033,2,1,39,6,am_peak+early+evening+midday+owl+pm_peak,False,,False,361.1919098736384,276.1503453537407,5,HENZELE,0.46086474135331806,2,15.07762186031378,0.0,1.0,1.0,straight_line,
HENOLEBW,W HENDERSON RD & OLENTANGY BLVD,-83.027674,40.051826,1,033,2,1,39,6,am_peak+early+evening+midday+owl+pm_peak,False,,False,276.1503453537407,586.4134001566422,3,HENOLEBE,0.29365715997452446,1,4.977079060686096,0.0,0.5,0.33009708737864035,straight_line,
HENLAUW,W HENDERSON RD & LAURALAND DR E,-83.038007,40.052214,1,033,2,1,39,6,am_peak+early+evening+midday+owl+pm_peak,False,,False,296.3557048166244,351.442143907915,4,HENLAUE,0.6504818420410837,2,13.10435639742998,0.0,1.0,1.0,straight_line,
SAWKAYN,SAWMILL RD & KAYS RD,-83.092173,40.080186,1,033,2,1,39,6,am_peak+early+evening+midday+owl+pm_peak,False,,False,778.3655702428284,628.4914089406586,1,SAWKAYS,0.7070057479931224,2,35.717861494335516,0.0,1.0,1.0,straight_line,
SAWCRAN,SAWMILL RD & CRANSTON DR,-83.091922,40.085843,1,033,2,1,39,6,am_peak+early+evening+midday+owl+pm_peak,False,,False,628.4914089406586,344.1338210672554,3,SAWCRAS,1.4757365889466052,1,12.94040555778385,0.0,1.0,1.0,straight_line,
SAWMTULN,SAWMILL RD & TULLER PARKWAY,-83.091766,40.08894,1,033,2,1,39,6,am_peak+early+evening+midday+owl+pm_peak,False,,False,344.1338210672554,336.821409790927,4,SAWMKRIS,1.028571566219713,0,0.0,0.0,0.0,0.0,straight_line,catchment not reconstructable
620SAWN,6200 SAWMILL RD,-83.091607,40.091971,1,033,2,1,39,6,am_peak+early+evening+midday+owl+pm_peak,False,,False,336.821409790927,436.9520591037947,2,617SAWS,0.3754974659331545,0,0.0,0.0,0.0,0.0,straight_line,catchment not reconstructable
HENKENW,W HENDERSON RD & KENNY RD,-83.050176,40.053182,1,033,2,1,39,6,am_peak+early+evening+midday+owl+pm_peak,False,,False,692.7799013826939,627.2497975742781,7,HENKENE,0.3481055590327161,4,30.623674691045046,0.0,1.0,1.0,straight_line,
HENWINW,W HENDERSON RD & WINTERSET DR,-83.057521,40.053415,1,033,2,1,39,6,am_peak+early+evening+midday+owl+pm_peak,False,,False,627.2497975742781,457.1027789714635,2,HENWINE,0.39996476211970167,2,13.26245184994589,0.0,1.0,1.0,straight_line,
HUDMCGW,E HUDSON ST & MCGUFFEY RD,-82.981954,40.014379,1,031,1,1,39,6,am_peak+early+evening+midday+owl+pm_peak,False,,False,382.6841597172197,193.3406570100721,12,MCGHUDN,0.8154423466573751,3,11.095958611764885,0.0,0.25,0.12416851441241686,straight_line,
KINOLEE,KING AVE & OLENTANGY RIVER RD,-83.027095,39.990859,1,031,1,1,39,6,am_peak+early+evening+midday+owl+pm_peak,False,,False,280.57183970680273,352.2616995932794,8,KINOLEW,0.5459991912666166,0,0.0,0.0,0.0,0.0,straight_line,catchment not reconstructable
HIGBROMS,HIGHFIELD DR & BROAD MEADOWS BLVD,-83.027812,40.073699,1,033,2,1,39,6,am_peak+early+evening+midday+owl+pm_peak,False,,False,296.53099798235587,244.35785636544765,2,209HIGE,3.0544732045680956,1,19.20566978711812,0.0,1.0,1.0,straight_line,
GRA3RDS,GRANDVIEW AVE & W 3RD AVE,-83.044828,39.985258,1,031,1,1,39,6,am_peak+early+evening+midday+owl+pm_peak,False,,False,350.0885213910018,406.44612265233576,6,GRA3RDN,0.2096524718378411,1,10.45186602744082,0.0,0.5,0.6155172413793109,straight_line,
HUDSILE,E HUDSON ST & SILVER DR,-82.996318,40.014855,1,031,1,1,39,6,am_peak+early+evening+midday+owl+pm_peak,False,,False,389.2385361245617,426.4583954637698,6,HUDSILW,0.5166627494161594,1,2.7520319512029,0.0,0.5,0.4921465968586388,straight_line,
HUDDAYW,E HUDSON ST & DAYTON AVE,-83.004339,40.01542,1,031,1,1,39,6,am_peak+early+evening+midday+owl+pm_peak,False,,False,332.2169315499167,259.00810180494767,8,HUDDAYE,0.23869000615711822,5,25.178164659941427,0.0,0.8,0.722093023255814,straight_line,
HUDADAW,E HUDSON ST & ADAMS AVE,-83.007355,40.015167,1,031,1,1,39,6,am_peak+early+evening+midday+owl+pm_peak,False,,False,259.00810180494767,358.34513520986565,5,HUDADAE,0.6040162390269462,3,10.422589091789707,0.0,0.4,0.24776500638569607,straight_line,
KENKINN2,KENNY RD & KING AVE,-83.035163,39.991666,1,031,1,1,39,6,am_peak+early+evening+midday+owl+pm_peak,False,,False,439.3890481338374,381.00230108532946,5,KINKENE1,0.8510141733207947,2,46.0818967148231,0.0,1.0,1.0,straight_line,
SUNSUNS,SUNBURY RD & SUNBURY RIDGE DR,-82.934407,40.013602,1,031,1,1,39,6,am_peak+early+evening+midday+owl+pm_peak,False,,False,1520.0859287588776,787.8474130462068,1,SUNSUNN,0.24514824462142387,0,0.0,0.0,0.0,0.0,straight_line,catchment not reconstructable
MOUYALW,W MOUND ST & S YALE AVE,-83.029224,39.947614,1,003,1,1,39,6,am_peak+early+evening+midday+owl+pm_peak,False,,False,302.8834642107019,323.5547717976902,3,MOUGLENE,0.734813648409416,0,0.0,0.0,0.0,0.0,straight_line,catchment not reconstructable
MOUPRIW,W MOUND ST & S PRINCETON AVE,-83.032797,39.94665,1,003,1,1,39,6,am_peak+early+evening+midday+owl+pm_peak,False,,False,323.5547717976902,408.177783230769,6,MOUHARE,2.0868509869532517,0,0.0,0.0,0.0,0.0,straight_line,catchment not reconstructable
HUDDELW,E HUDSON ST & DELBERT RD,-82.959119,40.013367,1,031,1,1,39,6,am_peak+early+evening+midday+owl+pm_peak,False,,False,301.9654253280861,268.46506364674906,5,HUDFIOE,1.640005169848853,1,7.494895526680239,0.0,1.0,1.0,straight_line,
MOCWOOE,MOCK RD & WOODLAND AVE,-82.953585,40.011656,1,031,1,1,39,6,am_peak+early+evening+midday+owl+pm_peak,False,,False,265.85037417426486,539.9824605245109,4,MOCWOOW,0.16338943096969571,1,7.9633264970977535,0.0,1.0,1.0,straight_line,
KENKINS1,KENNY RD KINNEAR RD,-83.034914,39.997343,1,031,1,1,39,6,am_peak+early+evening+midday+owl+pm_peak,False,,False,474.2377677167074,257.59566954232224,3,KENKINN1,1.0421387254653514,1,20.581685762719587,0.0,1.0,1.0,straight_line,
NORSUFSE,NORTHWEST BLVD & SUFFOLK RD,-83.058154,40.003773,1,003,1,1,39,6,am_peak+early+evening+midday+owl+pm_peak,False,,False,341.1963405481504,297.17570504664445,5,NORBRANW,1.4841031126429554,3,15.165452667267045,0.0,0.6666666666666666,0.640926640926641,straight_line,
NORGUISE,NORTHWEST BLVD & GUILFORD RD,-83.055682,40.001889,1,003,1,1,39,6,am_peak+early+evening+midday+owl+pm_peak,False,,False,297.17570504664445,210.78498367012514,5,NORGUINW,0.57716811898945,2,18.942177366258285,0.0,1.0,1.0,straight_line,
NORBARSE,NORTHWEST BLVD & BARRINGTON RD,-83.05453,40.00021,1,003,1,1,39,6,am_peak+early+evening+midday+owl+pm_peak,False,,False,210.78498367012514,262.36662871496856,6,NORBARNW,0.8729072559777821,2,18.942177366258285,0.0,1.0,1.0,straight_line,
HENGETE,HENDERSON RD & GETTYSBURG RD,-83.072275,40.055926,1,033,2,1,39,6,am_peak+early+evening+midday+owl+pm_peak,False,,False,277.45353726140075,558.465634744763,5,HENGETW1,0.39090613669216456,1,28.88657650908014,0.0,1.0,1.0,straight_line,
HENREEE,W HENDERSON RD & REED RD,-83.066398,40.053712,1,033,2,1,39,6,am_peak+early+evening+midday+owl+pm_peak,False,,False,558.465634744763,384.48316186233825,3,HENREEW,0.31598311444257515,3,75.202688709112,0.0,0.6666666666666666,0.681309216192937,straight_line,
HENLARE,W HENDERSON RD & LARWELL DR,-83.061931,40.053257,1,033,2,1,39,6,am_peak+early+evening+midday+owl+pm_peak,False,,False,384.48316186233825,372.63314700255637,5,HENLARW,1.0777568426467257,2,46.31611220003185,0.0,1.0,1.0,straight_line,
MOC250E,2501 MOCK RD,-82.943326,40.011175,1,031,1,1,39,6,am_peak+early+evening+midday+owl+pm_peak,False,,False,337.5052301835264,825.3850742353682,6,MOC2501W,0.252163357732583,1,17.97603848977215,0.0,1.0,1.0,straight_line,
SUNSUNN,SUNBURY RD & SUNBURY RIDGE DR,-82.934246,40.013728,1,031,1,1,39,6,am_peak+early+evening+midday+owl+pm_peak,False,,False,825.3850742353682,1522.1131617638157,1,SUNSUNS,0.24514824462142387,0,0.0,0.0,0.0,0.0,straight_line,catchment not reconstructable
HUDAUDE,E HUDSON ST & AUDUBON RD,-82.991329,40.014662,1,031,1,1,39,6,am_peak+early+evening+midday+owl+pm_peak,False,,False,426.4583954637698,250.26846932210253,4,HUDHOMW,1.2433852898694817,1,7.572967355083158,0.0,1.0,1.0,straight_line,
NORZOLS,NORTHWEST BLVD & ZOLLINGER RD,-83.057507,40.018418,1,003,1,1,39,6,am_peak+early+evening+midday+owl+pm_peak,False,,False,296.7482772199105,425.61232345117077,3,ZOLNORW3,0.7081318613112397,2,22.49723383817693,0.0,1.0,1.0,straight_line,
HUDMCGE,E HUDSON ST & MCGUFFEY RD,-82.980606,40.014207,1,031,1,1,39,6,am_peak+early+evening+midday+owl+pm_peak,False,,False,281.95202003706055,371.83037430146163,11,MCGHUDS,1.009154389915425,2,3.7474477633401193,0.0,0.25,0.1647597254004577,straight_line,
HUDFIOE,E HUDSON ST & FIONA LN,-82.957596,40.013209,1,031,1,1,39,6,am_peak+early+evening+midday+owl+pm_peak,False,,False,408.68443804668954,144.69439403681596,6,HUDDELW,1.640005169848853,1,7.494895526680239,0.0,1.0,1.0,straight_line,
PARMOCS,PARKWOOD AVE & MOCK RD,-82.956636,40.012135,1,031,1,1,39,6,am_peak+early+evening+midday+owl+pm_peak,False,,False,144.69439403681596,265.85037417426486,5,MOCPARW,0.6210485614069314,1,7.9633264970977535,0.0,1.0,1.0,straight_line,
CEMLUXE,CEMETERY RD & LUXAIR DR,-83.155566,40.030144,2,021+032,2,1,39,6,am_peak+early+evening+midday+owl+pm_peak,False,,True,545.5510394365864,281.07675496712875,3,CEMFRAW,1.6419092847303554,0,0.0,0.0,0.0,0.0,straight_line,transfer point (2 routes); catchment not reconstructable
CEMNORE,CEMETERY RD & NORWICH ST,-83.152294,40.030429,2,021+032,2,1,39,6,am_peak+early+evening+midday+owl+pm_peak,False,,True,281.07675496712875,294.78937882851056,4,CEMNORW,1.6714964944307087,0,0.0,0.0,0.0,0.0,straight_line,transfer point (2 routes); catchment not reconstructable
CEMWBE,CEMETERY RD & WESTBROOK DR,-83.148869,40.03077,2,021+032,2,1,39,6,am_peak+early+evening+midday+owl+pm_peak,False,,True,294.78937882851056,487.5417167936311,3,CEMBERLW,0.7086284571042389,1,34.1954608404786,0.0,1.0,1.0,straight_line,transfer point (2 routes)
CLEFUJN,CLEVELAND AVE & FUJI DR,-82.950661,40.088773,2,043+101,2,1,39,6,am_peak+early+evening+midday+owl+pm_peak,False,,True,276.0318628774643,499.315661533023,3,CLEFUJS,1.141955679965598,2,38.01819215263585,0.0,1.0,1.0,straight_line,transfer point (2 routes)
CLEBLEN1,CLEVELAND AVE & BLENDON WOODS BLVD,-82.950309,40.093262,2,043+101,2,1,39,6,am_peak+early+evening+midday+owl+pm_peak,False,,True,499.315661533023,305.39782818285937,3,CLEBLES1,0.3073069263270087,2,23.438278198390677,0.0,1.0,1.0,straight_line,transfer point (2 routes)
CLEBELLN,CLEVELAND AVE & BELLA VIA AVE,-82.950126,40.096009,2,043+101,2,1,39,6,am_peak+early+evening+midday+owl+pm_peak,False,,True,305.39782818285937,219.68703062601662,5,CLEDEES,0.4748845851139155,1,8.783080695328405,0.0,1.0,1.0,straight_line,transfer point (2 routes)
COLDULE,COLUMBUS ST & DUDLEY AVE,-83.08968,39.881944,1,003,1,1,39,6,am_peak+early+evening+midday+owl+pm_peak,False,,False,242.57390975369597,348.8997268447052,6,COLDUDLW,0.408539014884248,2,22.923840614807137,0.0,1.0,1.0,straight_line,
CEMBRIW,CEMETERY RD & BRITTON PKWY,-83.132123,40.032468,2,021+032,2,1,39,6,am_peak+early+evening+midday+owl+pm_peak,False,,True,377.8410221959514,399.168530166617,5,BRICEMN,1.2343035169062766,0,0.0,0.0,0.0,0.0,straight_line,transfer point (2 routes); catchment not reconstructable
CEMFRAW,CEMETERY RD & FRANKLIN ST,-83.157103,40.030202,2,021+032,2,1,39,6,am_peak+early+evening+midday+owl+pm_peak,False,,True,277.65126985230063,440.52671006325124,2,CEMLUXE,1.6419092847303554,0,0.0,0.0,0.0,0.0,straight_line,transfer point (2 routes); catchment not reconstructable
500CLEN,500 S CLEVELAND AVE,-82.948725,40.11461,2,043+101,2,1,39,6,am_peak+early+evening+midday+owl+pm_peak,False,,True,162.6424305443893,173.30114651526765,6,CLECOPS,1.6696888760902429,0,0.0,0.0,0.0,0.0,straight_line,transfer point (2 routes); catchment not reconstructable
CLE340N,340 S CLEVELAND AVE,-82.948658,40.11617,2,043+101,2,1,39,6,am_peak+early+evening+midday+owl+pm_peak,False,,True,173.30114651526765,493.8237386522806,5,CLE340S1,0.7551933561848292,0,0.0,0.0,0.0,0.0,straight_line,transfer point (2 routes); catchment not reconstructable
CLECOON,S CLEVELAND AVE & COOPER RD,-82.948366,40.120612,2,043+101,2,1,39,6,am_peak+early+evening+midday+owl+pm_peak,False,,True,493.8237386522806,415.74971132945484,1,CLEOLDS,1.0408649507871153,1,92.22234730094807,0.0,1.0,1.0,straight_line,transfer point (2 routes)
CLEHOMN,CLEVELAND AVE & HOME ACRE DR,-82.94997,40.097984,2,043+101,2,1,39,6,am_peak+early+evening+midday+owl+pm_peak,False,,True,219.68703062601662,329.49240433674817,5,CLEHOMS,0.46140301556388963,1,8.783080695328405,0.0,1.0,1.0,straight_line,transfer point (2 routes)
SAWDUBS,SAWMILL RD & DUBLIN-GRANVILLE RD,-83.091695,40.096309,1,033,2,1,39,6,am_peak+early+evening+midday+owl+pm_peak,False,,False,330.0173106755155,499.6091192622523,4,SAWDUBN,0.6632138830897919,0,0.0,0.0,0.0,0.0,straight_line,catchment not reconstructable
617SAWS,6175 SAWMILL RD,-83.091892,40.091812,1,033,2,1,39,6,am_peak+early+evening+midday+owl+pm_peak,False,,False,499.6091192622523,395.97751963024984,3,620SAWN,0.3754974659331545,0,0.0,0.0,0.0,0.0,straight_line,catchment not reconstructable
HUDPONE,E HUDSON ST & PONTIAC ST,-82.988402,40.014537,1,031,1,1,39,6,am_peak+early+evening+midday+owl+pm_peak,False,,False,250.26846932210253,208.23888522851283,7,HUDPONW,1.4375853420889706,2,9.456450215303583,0.0,0.5,0.25386996904024767,straight_line,
HUDATWE,E HUDSON ST & ATWOOD TERRACE,-82.985966,40.014441,1,031,1,1,39,6,am_peak+early+evening+midday+owl+pm_peak,False,,False,208.23888522851283,176.41426780652222,8,HUDHIAW,0.5585223516727431,2,9.456450215303583,0.0,1.0,1.0,straight_line,
COLHAUGE,COLUMBUS ST & HAUGHN RD,-83.085631,39.881565,1,003,1,1,39,6,am_peak+early+evening+midday+owl+pm_peak,False,,False,348.8997268447052,381.124558874045,4,COLHAUGW,0.45363268083154706,2,16.102314608102077,0.0,1.0,1.0,straight_line,
COLRICE,COLUMBUS ST & RICHARD AVE,-83.08118,39.881411,1,003,1,1,39,6,am_peak+early+evening+midday+owl+pm_peak,False,,False,381.124558874045,329.2969240125647,5,COLRICW,0.3763599042806007,2,17.60519730485827,0.0,0.6666666666666666,0.7762478485370052,straight_line,
COLBOKPE,COLUMBUS ST & BROOKPARK CIR,-83.077333,39.881302,1,003,1,1,39,6,am_peak+early+evening+midday+owl+pm_peak,False,,False,329.2969240125647,526.5878732764165,3,COLSECW,0.5124575551020263,3,22.679866151048014,0.0,1.0,1.0,straight_line,
HUDPONW,E HUDSON ST & PONTIAC ST,-82.989708,40.014791,1,031,1,1,39,6,am_peak+early+evening+midday+owl+pm_peak,False,,False,279.0673687535314,236.57062043807505,5,HUDPONE,1.4375853420889706,1,2.400708723389764,0.0,0.5,0.25386996904024767,straight_line,
HUDHOMW,E HUDSON ST & HOMECROFT DR,-82.992479,40.014806,1,031,1,1,39,6,am_peak+early+evening+midday+owl+pm_peak,False,,False,236.57062043807505,291.6596487081679,5,HUDAUDE,1.2433852898694817,1,7.572967355083158,0.0,1.0,1.0,straight_line,
HUDSILW,E HUDSON ST & SILVER DR,-82.995884,40.01502,1,031,1,1,39,6,am_peak+early+evening+midday+owl+pm_peak,False,,False,291.6596487081679,391.0685672483493,6,HUDSILE,0.5166627494161594,2,10.324999306286058,0.0,0.5,0.4921465968586388,straight_line,
NORKINSE,NORTHWEST BLVD & KINGS CT,-83.045172,39.994958,1,003,1,1,39,6,am_peak+early+evening+midday+owl+pm_peak,False,,False,173.4547037326682,324.3436939724676,10,NORINDNW,0.41956288881536585,2,18.64940800974732,0.0,1.0,1.0,straight_line,
NORCHASE,NORTHWEST BLVD & CHAMBERS RD,-83.04192,39.993449,1,003,1,1,39,6,am_peak+early+evening+midday+owl+pm_peak,False,,False,324.3436939724676,269.156121748086,7,NORCHAWF,1.4319390021936886,1,20.581685762719587,0.0,0.0,0.0,straight_line,
NORKINGS,NORTHWEST BLVD & KING AVE,-83.04078,39.991189,1,003,1,1,39,6,am_peak+early+evening+midday+owl+pm_peak,False,,False,269.156121748086,259.9714380891548,12,NORKINN,0.3452773385857186,0,0.0,0.0,0.0,0.0,straight_line,catchment not reconstructable
KENSTELN,KENNY RD & STEELWOOD RD,-83.034935,39.995093,1,031,1,1,39,6,am_peak+early+evening+midday+owl+pm_peak,False,,False,381.00230108532946,316.8587939285073,4,KENSTELS,0.16971559189279944,1,20.581685762719587,0.0,1.0,1.0,straight_line,
MOC2315E,2315 MOCK RD,-82.947271,40.011371,1,031,1,1,39,6,am_peak+early+evening+midday+owl+pm_peak,False,,False,539.9824605245109,337.5052301835264,9,MOCBREW1,0.23433944025534093,0,0.0,0.0,0.0,0.0,straight_line,catchment not reconstructable
HENOLEW,W HENDERSON RD & OLENTANGY RIVER RD,-83.034536,40.052119,1,033,2,1,39,6,am_peak+early+evening+midday+owl+pm_peak,False,,False,586.4134001566422,296.3557048166244,3,HENOLEE,1.5492915163235057,2,13.10435639742998,0.0,0.5,0.44642857142857145,straight_line,
KENKINN1,KENNY RD & KINNEAR RD,-83.03556,39.997906,1,031,1,1,39,6,am_peak+early+evening+midday+owl+pm_peak,False,,False,316.8587939285073,485.9551920927713,3,KENKINS1,1.0421387254653514,1,20.581685762719587,0.0,1.0,1.0,straight_line,
KIN1218W,1218 KINNEAR RD,-83.041241,39.998162,1,031,1,1,39,6,am_peak+early+evening+midday+owl+pm_peak,False,,False,485.9551920927713,637.4559565368891,1,KIN1197E,0.9237261284764806,0,0.0,0.0,0.0,0.0,straight_line,catchment not reconstructable
NOSTARS,NORTH STAR RD & PRESIDENTIAL DR,-83.048622,39.997304,1,031,1,1,39,6,am_peak+early+evening+midday+owl+pm_peak,False,,False,637.4559565368891,368.90919338823244,10,NOSTARN,0.4062592326629414,1,7.436341655378049,0.0,0.0,0.0,straight_line,
NORTRES1,NORTH STAR RD & TREMONT RD,-83.048848,39.993986,1,031,1,1,39,6,am_peak+early+evening+midday+owl+pm_peak,False,,False,368.90919338823244,261.3602550401601,11,NORCHAN,0.4560491456042518,1,11.213066354369271,0.0,0.5,0.601255886970173,straight_line,
HENKNIW,W HENDERSON RD &  KNIGHTSBRIDGE BLVD,-83.042086,40.052653,1,033,2,1,39,6,am_peak+early+evening+midday+owl+pm_peak,False,,False,351.442143907915,692.7799013826939,2,HENKNIE,0.4066936360269538,4,27.74867961010754,0.0,1.0,1.0,straight_line,
209HIGE,209 HIGHFIELD DR,-83.02505,40.073115,1,033,2,1,39,6,am_peak+early+evening+midday+owl+pm_peak,False,,False,244.35785636544765,389.0104637051065,4,BRO200W,1.603964554635818,1,19.20566978711812,0.0,1.0,1.0,straight_line,
HUDHIAW,E HUDSON ST & HIAWATHA ST,-82.986449,40.014596,1,031,1,1,39,6,am_peak+early+evening+midday+owl+pm_peak,False,,False,191.16170874673074,279.0673687535314,6,HUDATWE,0.5585223516727431,2,9.456450215303583,0.0,1.0,1.0,straight_line,
COPSCHS,COOPER RD & SCHROCK RD,-82.942927,40.111205,1,101,1,1,39,6,am_peak+early+evening+midday+owl+pm_peak,False,,False,397.0893037659905,275.4525984845118,5,COOSCHN,0.1802437465226197,1,58.43676355958493,0.0,1.0,1.0,straight_line,
NORTRA5,NORTHLAND TRANSIT CENTER BAY 5,-82.951541,40.082897,1,101,1,1,39,6,am_peak+early+evening+midday+owl+pm_peak,False,,False,156.67225422365345,1213.99235352424,11,NORTRA4,0.19960750987635928,1,17.829653811516685,0.0,1.0,1.0,straight_line,
KINDELE,KING AVE & DELASHMUT AVE,-83.030377,39.990972,1,031,1,1,39,6,am_peak+early+evening+midday+owl+pm_peak,False,,False,373.8564984643959,280.57183970680273,8,KINOPPW1,0.3588735730660828,1,25.500210952103515,0.0,1.0,1.0,straight_line,
OAKOSCE,OAKLAND PARK AVE & OSCEOLA DR,-82.987978,40.032392,2,011+032,2,1,39,6,am_peak+early+evening+midday+owl+pm_peak,False,,True,155.9493526877009,322.8521241479719,8,OAKMAIW,1.2593406922479868,2,11.213066354369264,0.0,0.5,0.25848563968668403,straight_line,transfer point (2 routes)
OAKATWE,OAKLAND PARK AVE & ATWOOD TERRACE,-82.984202,40.032219,2,011+032,2,1,39,6,am_peak+early+evening+midday+owl+pm_peak,False,,True,322.8521241479719,310.301855425396,7,OAKATWW,0.4318139913239144,2,11.213066354369264,0.0,1.0,1.0,straight_line,transfer point (2 routes)
CLECTLRS,CLEVELAND AVE & COUNTY LINE RD,-82.947405,40.137448,1,101,1,1,39,6,am_peak+early+evening+midday+owl+pm_peak,False,,False,340.85783092941256,1468.5976375702937,3,CLECTLRN,1.0113519349183338,0,0.0,0.0,0.0,0.0,straight_line,catchment not reconstructable
SCHCLEE,W SCHROCK RD & CLEVELAND AVE,-82.947825,40.11071,2,043+101,2,1,39,6,am_peak+early+evening+midday+owl+pm_peak,False,,True,1095.852043729882,434.027639901689,6,CLESCHN,1.4084601017237859,0,0.0,0.0,0.0,0.0,straight_line,transfer point (2 routes); catchment not reconstructable
SAWKAYS,SAWMILL RD & KAYS RD,-83.092491,40.079739,1,033,2,1,39,6,am_peak+early+evening+midday+owl+pm_peak,False,,False,563.2481835528229,643.569632861593,1,SAWKAYN,0.7070057479931224,2,35.717861494335516,0.0,1.0,1.0,straight_line,
CLEMAINN,CLEVELAND AVE & W MAIN ST,-82.948058,40.124349,2,043+101,2,1,39,6,am_peak+early+evening+midday+owl+pm_peak,False,,True,415.74971132945484,383.08753559136494,2,CLEMAIS1,0.34725004042409746,1,92.22234730094807,0.0,1.0,1.0,straight_line,transfer point (2 routes)
SAWCRAS,SAWMILL RD & CRANSTON DR,-83.092239,40.084808,1,033,2,1,39,6,am_peak+early+evening+midday+owl+pm_peak,False,,False,382.3230437445039,563.2481835528229,2,SAWCRAN,1.4757365889466052,1,12.94040555778385,0.0,1.0,1.0,straight_line,
SAWMKRIS,SAWMILL RD & KRIER DR,-83.092118,40.08825,1,033,2,1,39,6,am_peak+early+evening+midday+owl+pm_peak,False,,False,395.97751963024984,382.3230437445039,4,SAWMTULN,1.028571566219713,0,0.0,0.0,0.0,0.0,straight_line,catchment not reconstructable
VAN741S,VANTAGE DR & HUTCHINSON AVE,-83.014782,40.114346,2,041+102,2,1,39,6,am_peak+early+evening+midday+owl+pm_peak,False,,True,214.90781894001736,287.4358556345037,4,44HUTCH,0.47165264010900126,0,0.0,0.0,0.0,0.0,straight_line,transfer point (2 routes); catchment not reconstructable
HUTHIGE,HUTCHINSON AVE & HIGH CROSS BLVD,-83.011456,40.113921,2,041+102,2,1,39,6,am_peak+early+evening+midday+owl+pm_peak,False,,True,287.4358556345037,454.0378333405032,4,HUTCHHC,1.0430752625447297,0,0.0,0.0,0.0,0.0,straight_line,transfer point (2 routes); catchment not reconstructable
HUN733N,7330 HUNTINGTON PARK DR,-83.006163,40.114376,2,041+102,2,1,39,6,am_peak+early+evening+midday+owl+pm_peak,False,,True,454.0378333405032,286.2529349727646,3,346HUTCH,0.23977394178764402,1,77.05689463368083,0.0,1.0,1.0,straight_line,transfer point (2 routes)
NOSTARN,NORTH STAR RD & PRESIDENTIAL DR,-83.048475,39.997574,1,031,1,1,39,6,am_peak+early+evening+midday+owl+pm_peak,False,,False,365.6667302636052,691.1107542939119,9,NOSTARS,0.4062592326629414,0,0.0,0.0,0.0,0.0,straight_line,catchment not reconstructable
CLEWESS,N CLEVELAND AVE & EXECUTIVE CAMPUS DR,-82.947031,40.143319,1,101,1,1,39,6,am_peak+early+evening+midday+owl+pm_peak,False,,False,572.2208792616716,311.80343651697945,5,CLEALTN,1.3806681175998967,0,0.0,0.0,0.0,0.0,straight_line,catchment not reconstructable
NORCHAN,NORTH STAR RD & CHAMBERS RD,-83.048668,39.994284,1,031,1,1,39,6,am_peak+early+evening+midday+owl+pm_peak,False,,False,271.8756342917052,365.6667302636052,11,NORTRES1,0.4560491456042518,2,18.64940800974732,0.0,0.5,0.601255886970173,straight_line,
SAISVCOP,ST ANNS W SVC RD & COPELAND MILL RD,-82.947046,40.112875,1,101,1,1,39,6,am_peak+early+evening+midday+owl+pm_peak,False,,False,450.8212542631525,397.0893037659905,8,SAICLEN,0.9839584140693441,0,0.0,0.0,0.0,0.0,straight_line,catchment not reconstructable
KINSTAW,KING AVE & NORTH STAR AVE,-83.04874,39.991836,1,031,1,1,39,6,am_peak+early+evening+midday+owl+pm_peak,False,,False,394.84703099434887,271.8756342917052,9,KINSTAE,0.57652721683891,1,11.213066354369271,0.0,1.0,1.0,straight_line,
GRAKINGN,GRANDVIEW AVE & KING AVE,-83.04416,39.99135,1,031,1,1,39,6,am_peak+early+evening+midday+owl+pm_peak,False,,False,249.67186229144045,394.84703099434887,12,GRAKINGS,0.16692948554907236,2,21.10867060443929,0.0,1.0,1.0,straight_line,
NCLEWESS,N CLEVELAND AVE & WESTAR BLVD,-82.947178,40.140513,1,101,1,1,39,6,am_peak+early+evening+midday+owl+pm_peak,False,,False,311.80343651697945,340.85783092941256,3,CLEWESTN,0.26963819702192643,0,0.0,0.0,0.0,0.0,straight_line,catchment not reconstructable
CLECOMN,CLEVELAND AVE & COMMUNITY PARK DR,-82.949676,40.100943,2,043+101,2,1,39,6,am_peak+early+evening+midday+owl+pm_peak,False,,True,329.49240433674817,1095.852043729882,3,CLECOMS,1.733665667863722,0,0.0,0.0,0.0,0.0,straight_line,transfer point (2 routes); catchment not reconstructable
STAPOLN,N STATE ST & POLARIS PKWY,-82.923214,40.147724,1,102,1,1,38,6,am_peak+early+evening+midday+owl+pm_peak,False,,False,484.54042008595184,315.0846909794397,2,POLSTAE,1.5012924297160395,0,0.0,0.0,0.0,0.0,straight_line,catchment not reconstructable
HIGNORN3,HIGH ST & E NORTH ST,-83.017751,40.092803,1,102,1,1,38,6,am_peak+early+evening+midday+owl+pm_peak,False,,False,228.8260115254721,393.5321825795389,5,HIGNORTS,0.30062400264164735,2,22.914081636256785,0.0,1.0,1.0,straight_line,
HIGWORN,N HIGH ST & WORTHINGTON GALENA RD,-83.017476,40.096341,1,102,1,1,38,6,am_peak+early+evening+midday+owl+pm_peak,False,,False,393.5321825795389,297.32516385110694,4,HIGWORS,1.2983115129787626,1,5.308884331398502,0.0,1.0,1.0,straight_line,
HAMHOMS,S HAMILTON RD & HOMER OHIO LN,-82.884568,39.875005,1,024,1,1,38,6,am_peak+early+evening+midday+owl+pm_peak,False,,False,406.9951943808866,2675.0923622890823,1,HAMHOMN,1.131095959987738,0,0.0,0.0,0.0,0.0,straight_line,catchment not reconstructable
GREGROS,GREEN POINTE DR S & GROVEPORT RD,-82.902785,39.855422,1,024,1,1,38,6,am_peak+early+evening+midday+owl+pm_peak,False,,False,2675.0923622890823,733.2877542825058,1,GREGRON,0.20015400823035034,0,0.0,0.0,0.0,0.0,straight_line,catchment not reconstructable
GRE590S,5905 GREEN POINTE DR S,-82.903814,39.848865,1,024,1,1,38,6,am_peak+early+evening+midday+owl+pm_peak,False,,False,733.2877542825058,392.5773223124078,3,GRE592N,0.4692241719916507,0,0.0,0.0,0.0,0.0,straight_line,catchment not reconstructable
GRESALS,GREEN POINTE DR S & SALTZGARBER RD,-82.907394,39.846654,1,024,1,1,38,6,am_peak+early+evening+midday+owl+pm_peak,False,,False,392.5773223124078,453.0838623657103,3,GRESALN,0.25880349271625813,0,0.0,0.0,0.0,0.0,straight_line,catchment not reconstructable
COMGRES,GREEN POINTE DR S & COMMERCE CENTER DR,-82.91257,39.845796,1,024,1,1,38,6,am_peak+early+evening+midday+owl+pm_peak,False,,False,453.0838623657103,513.5006019133422,1,COMGREN,0.4550255261090256,0,0.0,0.0,0.0,0.0,straight_line,catchment not reconstructable
COMROHS,COMMERCE CENTER DR & ROHR RD,-82.912947,39.84118,1,024,1,1,38,6,am_peak+early+evening+midday+owl+pm_peak,False,,False,513.5006019133422,996.0005839895374,1,COMROHN,0.2823511413511409,0,0.0,0.0,0.0,0.0,straight_line,catchment not reconstructable
COMROHN,COMMERCE CENTER DR & ROHR RD,-82.912732,39.841298,1,024,1,1,38,6,am_peak+early+evening+midday+owl+pm_peak,False,,False,996.0255292960636,531.6841488178346,1,COMROHS,0.2823511413511409,0,0.0,0.0,0.0,0.0,straight_line,catchment not reconstructable
COMGREN,COMMERCE CENTER DR & GREEN POINTE DR S,-82.912353,39.846078,1,024,1,1,38,6,am_peak+early+evening+midday+owl+pm_peak,False,,False,531.6841488178346,446.22659200390655,1,COMGRES,0.4550255261090256,0,0.0,0.0,0.0,0.0,straight_line,catchment not reconstructable
HAMEASS,S HAMILTON RD & EASTLAND SQUARE DR,-82.880943,39.912952,1,024,1,1,38,6,am_peak+early+evening+midday+owl+pm_peak,False,,False,328.1239626817043,735.6702593462472,4,HAMEASN1,1.434638223195783,0,0.0,0.0,0.0,0.0,straight_line,catchment not reconstructable
HAMHOTS,S HAMILTON RD & HOTT RD,-82.881545,39.906342,1,024,1,1,38,6,am_peak+early+evening+midday+owl+pm_peak,False,,False,735.6702593462472,281.3253772883765,3,HAMREIN,0.6355454415920475,1,9.228090117225044,0.0,1.0,1.0,straight_line,
HAMHARS,S HAMILTON RD & HARBOR BLVD,-82.881788,39.903815,1,024,1,1,38,6,am_peak+early+evening+midday+owl+pm_peak,False,,False,281.3253772883765,515.9226516358424,4,HAMHARN,0.3144309668413158,1,9.228090117225044,0.0,1.0,1.0,straight_line,
HAMWINS,S HAMILTON RD & WINCHESTER PIKE,-82.882303,39.899185,1,024,1,1,38,6,am_peak+early+evening+midday+owl+pm_peak,False,,False,515.9226516358424,505.63675722539125,2,HAMWINN,1.800977499434494,1,29.43307930790054,0.0,0.5,0.6567944250871082,straight_line,
HAMBAYS,S HAMILTON RD & HAMILTON SQUARE BLVD,-82.882681,39.89464,1,024,1,1,38,6,am_peak+early+evening+midday+owl+pm_peak,False,,False,505.63675722539125,133.57217297846293,3,HAMPRON,1.5009348960680415,1,11.827882003042252,0.0,1.0,1.0,straight_line,
HAMPROS,S HAMILTON RD & PROFESSIONAL PKWY,-82.882793,39.89344,1,024,1,1,38,6,am_peak+early+evening+midday+owl+pm_peak,False,,False,133.57217297846293,1165.9741925457954,3,HAMPRON,0.33309080782485945,1,11.827882003042252,0.0,1.0,1.0,straight_line,
HAMDIRS,HAMILTON RD & DIRECTORS BLVD,-82.883734,39.882963,1,024,1,1,38,6,am_peak+early+evening+midday+owl+pm_peak,False,,False,1165.9741925457954,479.46267029035886,1,HAMDIRN,1.4299277377594757,0,0.0,0.0,0.0,0.0,straight_line,catchment not reconstructable
POLORIE,POLARIS PKWY & ORION PL,-82.965037,40.143089,1,102,1,1,38,6,am_peak+early+evening+midday+owl+pm_peak,False,,False,1272.1238695073723,632.3466456678552,1,POLORIW,0.8692696764956542,1,299.327390096789,0.0,1.0,1.0,straight_line,
SANWORN,SANCUS BLVD & WORTHINGTON WOODS BLVD,-82.995322,40.119366,1,102,1,1,38,6,am_peak+early+evening+midday+owl+pm_peak,False,,False,386.87465292725756,466.4471248941299,2,WORSANW,0.9261214077533684,1,52.05439158764638,0.0,1.0,1.0,straight_line,
SANMASN,SANCUS BLVD & MASTER CT,-82.99475,40.123544,1,102,1,1,38,6,am_peak+early+evening+midday+owl+pm_peak,False,,False,466.4471248941299,448.02066040618234,2,SANWHIS,0.5743116262790811,3,87.65514533937753,0.0,1.0,1.0,straight_line,
POL131E,1319 POLARIS PKWY,-82.98443,40.141226,1,102,1,1,38,6,am_peak+early+evening+midday+owl+pm_peak,False,,False,593.8365723816477,400.2944941773621,2,POLMAEW2,1.5593427541385592,1,57.449712586205024,0.0,1.0,1.0,straight_line,
POL148E,1481 POLARIS PKWY,-82.979736,40.141086,1,102,1,1,38,6,am_peak+early+evening+midday+owl+pm_peak,False,,False,400.2944941773621,1272.1238695073723,2,1374POLW,1.8776052636084075,1,57.449712586205024,0.0,1.0,1.0,straight_line,
SAN832N,8322 SANCUS BLVD,-82.991583,40.13747,1,102,1,1,38,6,am_peak+early+evening+midday+owl+pm_peak,False,,False,225.3264447304261,335.11784297312755,5,SAN8491S,0.3781922299585462,2,68.22362490580787,0.0,0.5,0.13848469643753178,straight_line,
SAN866N,8664 SANCUS BLVD,-82.991331,40.140482,1,102,1,1,38,6,am_peak+early+evening+midday+owl+pm_peak,False,,False,335.11784297312755,593.8365723816477,3,SAN868S,0.356925050788881,1,57.449712586205024,0.0,1.0,1.0,straight_line,
HIGNEWN,HIGH ST & NEW ENGLAND AVE,-83.018118,40.086573,1,102,1,1,38,6,am_peak+early+evening+midday+owl+pm_peak,False,,False,265.1622143144748,223.55275520759818,5,HIGNEWS,0.642212342259368,1,12.559805394319635,0.0,1.0,1.0,straight_line,
HIG161N,N HIGH ST & STATE ROUTE 161,-83.01799,40.088584,1,102,1,1,38,6,am_peak+early+evening+midday+owl+pm_peak,False,,False,223.55275520759818,240.06298874894475,5,HIG161S,0.7799308195261322,2,30.16500269917792,0.0,1.0,1.0,straight_line,
HIGSTAFN,HIGH ST & STAFFORD AVE,-83.017866,40.090744,1,102,1,1,38,6,am_peak+early+evening+midday+owl+pm_peak,False,,False,240.06298874894475,228.8260115254721,5,HIGSTAFS,0.7016557185979478,1,17.605197304858283,0.0,1.0,1.0,straight_line,
POLOLDE,POLARIS PKWY & OLD WORTHINGTON RD,-82.958347,40.145554,1,102,1,1,38,6,am_peak+early+evening+midday+owl+pm_peak,False,,False,632.3466456678552,1028.3657963010191,1,POLOLDW,1.3896087133970156,0,0.0,0.0,0.0,0.0,straight_line,catchment not reconstructable
POLPOLE,POLARIS PKWY & POLARIS WOODS BLVD,-82.928886,40.147409,1,102,1,1,38,6,am_peak+early+evening+midday+owl+pm_peak,False,,False,1140.8830600002698,484.54042008595184,2,POLPOLW,0.6133709611793766,0,0.0,0.0,0.0,0.0,straight_line,catchment not reconstructable
WORALTE,WORTHINGTON WOODS & ALTA VIEW BLVD,-82.999827,40.118943,1,102,1,1,38,6,am_peak+early+evening+midday+owl+pm_peak,False,,False,581.1411717413239,386.87465292725756,3,WORALTW,1.3758027995800655,1,77.05689463368083,0.0,1.0,1.0,straight_line,
HIGHALN,N HIGH ST & HALLIGAN AVE,-83.017032,40.103546,1,102,1,1,38,6,am_peak+early+evening+midday+owl+pm_peak,False,,False,503.56012634566764,214.41411015330223,3,HIGHALS,0.6528148701817644,3,705.0276463925559,616.9235880398616,0.3333333333333333,0.04483695652173941,straight_line,only access for 617 daily trips
HIGHIGHN,N HIGH ST & HIGHLAND AVE,-83.016915,40.105475,1,102,1,1,38,6,am_peak+early+evening+midday+owl+pm_peak,False,,False,214.41411015330223,1215.6334199273238,3,HIGCARS,0.29626526747086934,1,68.78128082297184,0.0,1.0,1.0,straight_line,
KENPARS,KENNY RD & PARKLEIGH RD,-83.05039,40.04322,1,001,1,1,38,6,am_peak+early+evening+midday+owl+pm_peak,False,,False,366.89370790394764,326.4893826827645,4,KENPARN,0.20525440409368767,1,5.152740674592664,0.0,1.0,1.0,straight_line,
KENMILS,KENNY RD & MILLCREEK LN,-83.050859,40.036623,1,001,1,1,38,6,am_peak+early+evening+midday+owl+pm_peak,False,,False,407.086997979206,646.5547707916912,1,KENMILN,0.34183391961346765,0,0.0,0.0,0.0,0.0,straight_line,catchment not reconstructable
EASTER8,EASTON TERMINAL BAY 8,-82.909141,40.060719,1,009,2,2,38,6,am_peak+early+evening+midday+owl+pm_peak,True,009,False,148.56975502858964,171.2813840520312,12,EASTER1,0.0,0,0.0,0.0,0.0,0.0,straight_line,terminal; catchment not reconstructable
MAI650W,6500 E MAIN ST,-82.822763,39.954988,1,002,1,1,38,6,am_peak+early+evening+midday+owl+pm_peak,False,,False,274.170809608905,590.3376956196701,3,MAI652E,0.8780509975259603,1,9.468997473439765,0.0,1.0,1.0,straight_line,
MAIMANE,E MAIN ST & MANFELD DR,-82.861667,39.954934,1,002,1,1,38,6,am_peak+early+evening+midday+owl+pm_peak,False,,False,498.52524256365814,163.3263914762991,3,MAIMANW,0.38105640377375016,3,23.148297121465532,0.0,1.0,1.0,straight_line,
MAIFOUNE,E MAIN ST & FOUNTAIN LN,-82.859757,39.954875,1,002,1,1,38,6,am_peak+early+evening+midday+owl+pm_peak,False,,False,163.3263914762991,431.57563467236986,3,MAIFOUW,0.41306620159392987,3,23.148297121465532,0.0,1.0,1.0,straight_line,
MAIHEAE,E MAIN ST & HEATHERWOOD DR,-82.85471,39.954719,1,002,1,1,38,6,am_peak+early+evening+midday+owl+pm_peak,False,,False,431.57563467236986,235.7008878572146,3,MAIHEAW,0.30733110062692426,1,6.284782186434992,0.0,1.0,1.0,straight_line,
SUM2555W,2555 SUMMER DR,-83.088293,40.121527,1,033,2,2,38,6,am_peak+early+evening+midday+owl+pm_peak,True,033,False,251.6378266887637,174.44014819990002,4,SAWSUMS,2.18050185249875,2,13.254087011188442,0.0,0.5,0.23515981735159808,straight_line,terminal
MAIBRIW,E MAIN ST & BRIARCLIFF RD,-82.810937,39.955183,1,002,1,1,38,6,am_peak+early+evening+midday+owl+pm_peak,False,,False,386.2437787344752,317.97738245923495,5,MAIBRIE,0.6280597428105323,2,16.356048050411562,0.0,1.0,1.0,straight_line,
MAIHENW,E MAIN ST & HENTZ DR,-82.814658,39.955131,1,002,1,1,38,6,am_peak+early+evening+midday+owl+pm_peak,False,,False,317.97738245923495,418.51068693548285,4,MAIHENE,0.27484521060949957,2,16.356048050411562,0.0,1.0,1.0,straight_line,
MAIROSEW,E MAIN ST & ROSEHILL RD,-82.819555,39.955046,1,002,1,1,38,6,am_peak+early+evening+midday+owl+pm_peak,False,,False,418.51068693548285,274.170809608905,3,MAIROSEE,0.8955536366420607,2,16.356048050411562,0.0,1.0,1.0,straight_line,
2197WATE,2197 WATKINS RD,-82.937438,39.906311,1,004,1,1,38,6,am_peak+early+evening+midday+owl+pm_peak,False,,False,309.62987479700104,616.6504935829429,3,2056WATS,1.4322753800720531,0,0.0,0.0,0.0,0.0,straight_line,catchment not reconstructable
THIBMILW,THIMBLEBERRY RD & MILLSTONE RD,-82.928018,39.885814,1,004,1,1,38,6,am_peak+early+evening+midday+owl+pm_peak,False,,False,146.4650438226261,174.57158745478702,7,MILMILS,1.8308130477828262,1,8.783080695328405,0.0,1.0,1.0,straight_line,
HAMSTOS,N HAMILTON RD & STONERIDGE LN,-82.864022,40.052208,1,024,1,1,38,6,am_peak+early+evening+midday+owl+pm_peak,False,,False,611.3866745290604,432.341008649433,2,HAMSTON,0.8212024313135725,1,21.899147867018858,0.0,1.0,1.0,straight_line,
HAMVISS,N HAMILTON RD & VISTA DR,-82.864327,40.048321,1,024,1,1,38,6,am_peak+early+evening+midday+owl+pm_peak,False,,False,432.341008649433,329.15726672995163,4,HAMSHAN1,1.3880197414717859,1,21.899147867018858,0.0,1.0,1.0,straight_line,
HAMBEES,N HAMILTON RD & BEECHER RD,-82.864544,40.045361,1,024,1,1,38,6,am_peak+early+evening+midday+owl+pm_peak,False,,False,329.15726672995163,354.6624837705987,4,HAMBEEN,1.775254787821445,0,0.0,0.0,0.0,0.0,straight_line,catchment not reconstructable
HAM971S,971 N HAMILTON RD,-82.864786,40.042172,1,024,1,1,38,6,am_peak+early+evening+midday+owl+pm_peak,False,,False,354.6624837705987,536.8448192378495,2,HAM920N,0.5365275022629166,0,0.0,0.0,0.0,0.0,straight_line,catchment not reconstructable
WILARIE,WILLIAMS RD & ARIES BROOK DR,-82.928646,39.888777,1,004,1,1,38,6,am_peak+early+evening+midday+owl+pm_peak,False,,False,394.3666101351726,121.52714142429129,10,MILWILLS,1.5190892678036412,1,8.783080695328405,0.0,0.5,0.505050505050505,straight_line,
MILWILLS,MILLSTONE RD & WILLIAMS RD,-82.927227,39.888834,1,004,1,1,38,6,am_peak+early+evening+midday+owl+pm_peak,False,,False,121.52714142429129,197.76935591187433,6,WILARIE,1.5190892678036412,2,17.390499776750243,0.0,0.5,0.505050505050505,straight_line,
MILMILS,MILLSTONE RD & MILLRACE RD,-82.927463,39.887062,1,004,1,1,38,6,am_peak+early+evening+midday+owl+pm_peak,False,,False,197.76935591187433,146.4650438226261,8,THIBMILW,1.8308130477828262,1,8.783080695328405,0.0,1.0,1.0,straight_line,
LOCSHES,LOCKBOURNE RD & SHELDON AVE,-82.964576,39.933091,1,004,1,1,38,6,am_peak+early+evening+midday+owl+pm_peak,False,,False,172.74984575489873,262.15572665728695,7,LOCMOLN,0.7963450436132505,1,4.1866017981065395,0.0,0.5,0.6809523809523811,straight_line,
LOCMARS,LOCKBOURNE RD & E MARKISON AVE,-82.964815,39.930737,1,004,1,1,38,6,am_peak+early+evening+midday+owl+pm_peak,False,,False,262.15572665728695,380.20841610649484,5,LOCLOCN1,0.2399210626454577,2,6.148156486729883,0.0,1.0,1.0,straight_line,
LOCSMIS,LOCKBOURNE RD & SMITH RD,-82.965088,39.927319,1,004,1,1,38,6,am_peak+early+evening+midday+owl+pm_peak,False,,False,380.20841610649484,330.84321861767955,5,LOCSMIN,0.1588947575890207,3,11.535112646531307,0.0,1.0,1.0,straight_line,
LOCREES,LOCKBOURNE RD & REEB AVE,-82.96535,39.924346,1,004,1,1,38,6,am_peak+early+evening+midday+owl+pm_peak,False,,False,330.84321861767955,240.99440392954088,5,LOCINNN,1.1357934151567632,1,5.3869561598014215,0.0,1.0,1.0,straight_line,
LOCBUCS,LOCKBOURNE RD & BUCKEYE PARK RD,-82.965765,39.918911,1,004,1,1,38,6,am_peak+early+evening+midday+owl+pm_peak,False,,False,363.48117058221663,241.75242991375254,4,LOCREFN,0.6253868127225022,0,0.0,0.0,0.0,0.0,straight_line,catchment not reconstructable
LOC234S,2341 LOCKBOURNE RD,-82.965945,39.916738,1,004,1,1,38,6,am_peak+early+evening+midday+owl+pm_peak,False,,False,241.75242991375254,270.30259394466196,5,LOC230N,0.8686109203137038,0,0.0,0.0,0.0,0.0,straight_line,catchment not reconstructable
LOC244S,2441 LOCKBOURNE RD,-82.966194,39.914311,1,004,1,1,38,6,am_peak+early+evening+midday+owl+pm_peak,False,,False,270.30259394466196,207.07418343254753,5,LOC245N,1.0545125188022308,0,0.0,0.0,0.0,0.0,straight_line,catchment not reconstructable
FRBPARE,FREBIS & PARSONS,-82.982762,39.935377,1,004,1,1,38,6,am_peak+early+evening+midday+owl+pm_peak,False,,False,183.73800427046848,122.50947253822474,11,FREPARW,0.6906813651777157,2,5.152740674592664,0.0,0.6666666666666666,0.7787610619469026,straight_line,
FREANNE,FREBIS AVE & ANN ST,-82.98133,39.935329,1,004,1,1,38,6,am_peak+early+evening+midday+owl+pm_peak,False,,False,122.50947253822474,239.67329314382928,11,FREANNW,0.1528991449595781,2,4.62575583287296,0.0,0.6666666666666666,0.7596153846153846,straight_line,
FRE18TE,FREBIS AVE & S 18TH ST,-82.978531,39.935198,1,004,1,1,38,6,am_peak+early+evening+midday+owl+pm_peak,False,,False,239.67329314382928,308.09461666092955,6,FRE18TW,0.13958872215528026,3,10.255292316640595,0.0,1.0,1.0,straight_line,
FREGILE,FREBIS AVE & GILBERT ST,-82.974933,39.935029,1,004,1,1,38,6,am_peak+early+evening+midday+owl+pm_peak,False,,False,308.09461666092955,167.52563440064876,6,FREGILW,0.3909055288380238,2,9.201322633201187,0.0,1.0,1.0,straight_line,
WATALUE,WATKINS RD & ALUM CREEK DR,-82.93024,39.905967,1,004,1,1,38,6,am_peak+early+evening+midday+owl+pm_peak,False,,False,616.6504935829429,875.4924035453598,5,WATALUW,0.26023172966869507,0,0.0,0.0,0.0,0.0,straight_line,catchment not reconstructable
MAINOEW,E MAIN ST & NOE BIXBY RD,-82.852019,39.954821,1,002,1,1,38,6,am_peak+early+evening+midday+owl+pm_peak,False,,False,1272.2410084656258,245.26412000106345,3,MAINOEE,0.2780383826365293,0,0.0,0.0,0.0,0.0,straight_line,catchment not reconstructable
GEOWALW,WALMART GEORGESVILLE RD,-83.119056,39.928163,1,009,2,2,38,6,am_peak+early+evening+midday+owl+pm_peak,False,,False,194.97933050368556,227.56851767630627,4,GEOPARS,2.4372416312960694,0,0.0,0.0,0.0,0.0,straight_line,catchment not reconstructable
CARMAIS,CARLYLE DR & E MAIN ST,-82.784085,39.956068,1,002,1,1,38,6,am_peak+early+evening+midday+owl+pm_peak,False,,False,240.2699591928975,291.6775801275439,3,GOLHILW,3.0033744899112187,0,0.0,0.0,0.0,0.0,straight_line,catchment not reconstructable
MAIOAKW,E MAIN ST & OAK VALLEY RD,-82.787471,39.955733,1,002,1,1,38,6,am_peak+early+evening+midday+owl+pm_peak,False,,False,291.6775801275439,303.76690478099107,4,MAIOAKE1,0.39232808797064495,0,0.0,0.0,0.0,0.0,straight_line,catchment not reconstructable
MAIESTW,E MAIN ST & ESTATES LN,-82.791021,39.955583,1,002,1,1,38,6,am_peak+early+evening+midday+owl+pm_peak,False,,False,303.76690478099107,439.9522035432215,4,MAIESTE,0.955369875050519,1,21.079393668788192,0.0,1.0,1.0,straight_line,
MAIWAGW,E MAIN ST & WAGGONER RD,-82.796169,39.955495,1,002,1,1,38,6,am_peak+early+evening+midday+owl+pm_peak,False,,False,439.9522035432215,375.1670018399717,4,MAIGRAHE,0.587983070290486,1,21.079393668788192,0.0,1.0,1.0,straight_line,
MAIJACW,E MAIN ST & JACKSON ST,-82.800558,39.955393,1,002,1,1,38,6,am_peak+early+evening+midday+owl+pm_peak,False,,False,375.1670018399717,500.8483606806068,2,MAIJACE,0.2667938795145307,0,0.0,0.0,0.0,0.0,straight_line,catchment not reconstructable
MAIHAFW,E MAIN ST & HAFT DR,-82.806418,39.955276,1,002,1,1,38,6,am_peak+early+evening+midday+owl+pm_peak,False,,False,500.8483606806068,386.2437787344752,2,MAIHAFE,0.2695274075020515,0,0.0,0.0,0.0,0.0,straight_line,catchment not reconstructable
MAIMANW,E MAIN ST & MANFELD DR,-82.861943,39.955108,1,002,1,1,38,6,am_peak+early+evening+midday+owl+pm_peak,False,,False,160.89418949893832,497.85894389266923,3,MAIMANE,0.38105640377375016,3,23.148297121465532,0.0,1.0,1.0,straight_line,
MAICOUW,E MAIN ST & COUNTRY CLUB RD,-82.867765,39.955291,1,002,1,1,38,6,am_peak+early+evening+midday+owl+pm_peak,False,,False,497.85894389266923,286.7508814028922,3,MAICOUE,0.37808946011601147,3,31.326321146671326,0.0,0.6666666666666666,0.4665226781857447,straight_line,
MAISHAW,E MAIN ST & SHADY LANE RD,-82.871119,39.955382,1,002,1,1,38,6,am_peak+early+evening+midday+owl+pm_peak,False,,False,286.7508814028922,457.70752101115164,4,MAISHAE,0.3743454521809996,1,14.46280621164079,0.0,1.0,1.0,straight_line,
MAISHAE,E MAIN ST & SHADY LANE RD,-82.870849,39.95521,1,002,1,1,38,6,am_peak+early+evening+midday+owl+pm_peak,False,,False,540.3481048788674,286.60506507396104,4,MAISHAW,0.3743454521809996,1,14.46280621164079,0.0,1.0,1.0,straight_line,
MAICOUE,E MAIN ST & COUNTRY CLUB RD,-82.867497,39.955113,1,002,1,1,38,6,am_peak+early+evening+midday+owl+pm_peak,False,,False,286.60506507396104,498.52524256365814,3,MAICOUW,0.37808946011601147,2,16.863514935030537,0.0,0.6666666666666666,0.4665226781857447,straight_line,
MAINOEE,E MAIN ST & NOE BIXBY RD,-82.851954,39.954627,1,002,1,1,38,6,am_peak+early+evening+midday+owl+pm_peak,False,,False,235.7008878572146,1201.1615845303834,3,MAINOEW,0.2780383826365293,0,0.0,0.0,0.0,0.0,straight_line,catchment not reconstructable
MAIHEAW,E MAIN ST & HEATHERWOOD DR,-82.854888,39.954893,1,002,1,1,38,6,am_peak+early+evening+midday+owl+pm_peak,False,,False,245.26412000106345,442.37666601641934,3,MAIHEAE,0.30733110062692426,1,6.284782186434992,0.0,1.0,1.0,straight_line,
MAIFOUW,E MAIN ST & FOUNTAIN LN,-82.860061,39.955059,1,002,1,1,38,6,am_peak+early+evening+midday+owl+pm_peak,False,,False,442.37666601641934,160.89418949893832,3,MAIFOUNE,0.41306620159392987,3,23.148297121465532,0.0,1.0,1.0,straight_line,
LOCMARS2,LOCKBOURNE RD & MARION RD,-82.965512,39.922179,1,004,1,1,38,6,am_peak+early+evening+midday+owl+pm_peak,False,,False,240.99440392954088,363.48117058221663,5,LOCMARN,1.2820528625448826,1,5.3869561598014215,0.0,1.0,1.0,straight_line,
HAMBROS2,HAMILTON RD & E BROAD ST,-82.874148,39.975404,1,024,1,1,38,6,am_peak+early+evening+midday+owl+pm_peak,False,,False,587.0567291011646,209.44195965620693,6,BROHAMIE,0.8894116895649471,1,0.30113419526840246,0.0,1.0,1.0,straight_line,
HAMFAIS,S HAMILTON RD & FAIRWAY BLVD,-82.874653,39.973558,1,024,1,1,38,6,am_peak+early+evening+midday+owl+pm_peak,False,,False,209.44195965620693,285.02930619174964,8,HAMFAIN,0.42546238472907716,0,0.0,0.0,0.0,0.0,straight_line,catchment not reconstructable
HAM920N,920 N HAMILTON RD,-82.864482,40.04248,1,024,1,1,38,6,am_peak+early+evening+midday+owl+pm_peak,False,,False,578.5329668136108,459.7377267044395,2,HAM971S,0.5365275022629166,0,0.0,0.0,0.0,0.0,straight_line,catchment not reconstructable
INDARCS,INDIANOLA AVE & E ARCADIA AVE,-83.002127,40.017604,1,004,1,1,38,6,am_peak+early+evening+midday+owl+pm_peak,False,,False,313.0976107620912,299.0356739223472,7,INDARCN,0.5012671004241247,3,13.789436691665594,0.0,0.75,0.6197368421052633,straight_line,
SUMETOMS,SUMMIT ST & E TOMPKINS ST,-83.000221,40.013961,1,004,1,1,38,6,am_peak+early+evening+midday+owl+pm_peak,False,,False,137.05058427805025,339.25501245102146,10,HUDSUMW,1.7123140136263408,4,19.147115915815924,0.0,0.5,0.5856269113149847,straight_line,
SUMMAYS,SUMMIT ST & E MAYNARD AVE,-83.000437,40.01091,1,004,1,1,38,6,am_peak+early+evening+midday+owl+pm_peak,False,,False,339.25501245102146,341.9216774084479,5,4THMAYN,2.7808757911846005,3,16.395083964613022,0.0,0.6666666666666666,0.48392857142857143,straight_line,
SUMALDS,SUMMIT ST & ALDEN AVE,-83.000717,40.007838,1,004,1,1,38,6,am_peak+early+evening+midday+owl+pm_peak,False,,False,341.9216774084479,265.9397879108335,4,4THALDN,3.0133609570598336,4,12.315830930560496,0.0,0.75,0.7945544554455445,straight_line,
SUMLANS,SUMMIT ST & E LANE AVE,-83.000878,40.005446,1,004,1,1,38,6,am_peak+early+evening+midday+owl+pm_peak,False,,False,265.9397879108335,324.4986008982499,3,4THLANN,2.8094061568744,5,12.872092707931296,0.0,0.8,0.8592233009708736,straight_line,
ALU1755N,1755 ALUM CREEK DR,-82.943405,39.930973,1,011,2,2,38,6,am_peak+early+evening+midday+owl+pm_peak,True,011,False,242.45695206498334,669.967209644505,5,ALUFRAN,2.776151621863981,1,129.44309149203974,0.0,0.0,0.0,straight_line,terminal
HAM559S,559 N HAMILTON RD,-82.865601,40.032261,1,024,1,1,38,6,am_peak+early+evening+midday+owl+pm_peak,False,,False,565.7355967619923,733.319662106156,1,HAM500N,1.0471410105123085,1,16.043760736799886,0.0,1.0,1.0,straight_line,
HAMMOUS,S HAMILTON RD & E MOUND ST,-82.877418,39.951521,1,024,1,1,38,6,am_peak+early+evening+midday+owl+pm_peak,False,,False,474.992758108827,471.1318434533241,2,HAMSIMN,0.237667420523135,2,6.382371971938641,0.0,0.6666666666666666,0.6666666666666666,straight_line,
AMEHAMS,S HAMILTON RD & AMESBURY,-82.877723,39.947284,1,024,1,1,38,6,am_peak+early+evening+midday+owl+pm_peak,False,,False,471.1318434533241,390.74094805386795,8,1411HAN,1.763222979271887,2,6.558033585845209,0.0,1.0,1.0,straight_line,
HAMLIVS,S HAMILTON RD & E LIVINGSTON AVE,-82.878091,39.943776,1,024,1,1,38,6,am_peak+early+evening+midday+owl+pm_peak,False,,False,390.74094805386795,232.77582080452012,9,HAMARAN,0.2883748979809572,2,10.334758284836422,0.0,1.0,1.0,straight_line,
HAMDUNS,S HAMILTON RD & DUNDEE AVE,-82.878251,39.941683,1,024,1,1,38,6,am_peak+early+evening+midday+owl+pm_peak,False,,False,232.77582080452012,1315.9159726014423,6,HAMDUNN,0.6407880574743852,3,15.9559299298466,0.0,1.0,1.0,straight_line,
HAMGROS,S HAMILTON RD & GROVES RD,-82.879442,39.929866,1,024,1,1,38,6,am_peak+early+evening+midday+owl+pm_peak,False,,False,1315.9159726014423,415.2893877545327,1,HAMGRON,1.0345481032870323,1,35.44461009492533,0.0,1.0,1.0,straight_line,
HAMKIMS,S HAMILTON RD & KIMBERLY PKWY,-82.87977,39.926134,1,024,1,1,38,6,am_peak+early+evening+midday+owl+pm_peak,False,,False,415.2893877545327,322.3956336758021,5,HAMKINN,0.28188729815653896,1,35.44461009492533,0.0,1.0,1.0,straight_line,
HAMPOTS,N HAMILTON RD & POTH RD,-82.872881,39.980601,1,024,1,1,38,6,am_peak+early+evening+midday+owl+pm_peak,False,,False,412.1852500336252,587.0567291011646,1,HAMPOTN,1.2490877471725748,1,0.30113419526840246,0.0,1.0,1.0,straight_line,
HAMSANS,S HAMILTON RD & SAN JOSE LN,-82.87553,39.971081,1,024,1,1,38,6,am_peak+early+evening+midday+owl+pm_peak,False,,False,285.02930619174964,169.89250274414843,7,HAMSANN,0.7667176040443582,2,19.234946722769223,0.0,1.0,1.0,straight_line,
HAMSAIS,S HAMILTON RD & SAINT ANN LN,-82.875659,39.969554,1,024,1,1,38,6,am_peak+early+evening+midday+owl+pm_peak,False,,False,169.89250274414843,171.96758500828668,5,HAMSHAN,0.2702970154750609,3,22.309024966134164,0.0,1.0,1.0,straight_line,
HAMBROS,S HAMILTON RD & BROADHURST DR,-82.875802,39.968009,1,024,1,1,38,6,am_peak+early+evening+midday+owl+pm_peak,False,,False,171.96758500828668,352.92400101084684,6,HAMBROHN,0.4558960941944921,3,22.309024966134164,0.0,1.0,1.0,straight_line,
HAMETNS,S HAMILTON RD & ETNA RD,-82.876109,39.964839,1,024,1,1,38,6,am_peak+early+evening+midday+owl+pm_peak,False,,False,352.92400101084684,313.2304494927995,5,HAMETNN,0.7946892476976076,3,17.283151012696244,0.0,1.0,1.0,straight_line,
HAMRICS,S HAMILTON RD & RICKENBACKER AVE,-82.876333,39.962023,1,024,1,1,38,6,am_peak+early+evening+midday+owl+pm_peak,False,,False,313.2304494927995,242.65417357112113,5,HAMKAEN,1.1085152326727055,2,6.040807722675869,0.0,1.0,1.0,straight_line,
HAMLANS,S HAMILTON RD & LANGLEY AVE,-82.876536,39.959843,1,024,1,1,38,6,am_peak+early+evening+midday+owl+pm_peak,False,,False,242.65417357112113,178.9220394453497,5,HAMLANN,0.3577891895337705,2,17.429535690951717,0.0,1.0,1.0,straight_line,
HAMJONS,N HAMILTON RD & E JOHNSTOWN RD,-82.865155,40.037345,1,024,1,1,38,6,am_peak+early+evening+midday+owl+pm_peak,False,,False,536.8448192378495,565.7355967619923,1,HAMJOHN,0.3888914075377987,2,122.14337553636707,75.88581720763746,0.5,0.5493741307371349,straight_line,only access for 76 daily trips
HAMWORS,N HAMILTON RD & WORMAN DR,-82.866096,40.025667,1,024,1,1,38,6,am_peak+early+evening+midday+owl+pm_peak,False,,False,733.319662106156,937.8628861890439,1,HAMWORN,0.32732402670512456,1,16.043760736799886,0.0,1.0,1.0,straight_line,
CHATORN,N CHAMPION AVE & TORONTO ST,-82.968285,39.975917,1,022,1,1,38,6,am_peak+early+evening+midday+owl+pm_peak,False,,False,347.52907133957336,259.69137474504447,9,CHATORS,0.2679307754335498,1,1.8737238816700597,0.0,0.5,0.2782608695652174,straight_line,
GOO582W,582 W GOODALE ST,-83.01907,39.97427,2,003+075,2,2,38,6,am_peak+early+evening+midday+owl+pm_peak,False,,True,1006.2809924771968,451.4632181670764,1,GOOOPPE,0.46806631870173526,2,46.90165091305374,0.0,1.0,1.0,straight_line,transfer point (2 routes)
TRELANGN,TREMONT RD & LANGHAM RD,-83.061179,40.020779,2,003+075,2,2,38,6,am_peak+early+evening+midday+owl+pm_peak,False,,True,200.65700805986523,210.92027062522007,11,TRELANS1,1.1010997234704303,1,14.667744761198465,0.0,1.0,1.0,straight_line,transfer point (2 routes)
CHAMARN,N CHAMPION AVE & MARYLAND AVE,-82.968132,39.978253,1,022,1,1,38,6,am_peak+early+evening+midday+owl+pm_peak,False,,False,259.69137474504447,481.3298746067912,5,CHALEOS,0.22458841478420372,1,1.8737238816700597,0.0,1.0,1.0,straight_line,
5THSAIW,E 5TH AVE & SAINT CLAIR AVE,-82.979981,39.986139,1,022,1,1,38,6,am_peak+early+evening+midday+owl+pm_peak,False,,False,633.9706960427525,251.4223077761676,5,5THSAIE,1.141434544304893,1,1.2589082329970713,0.0,0.5,0.0738831615120273,straight_line,
5THWALW1,E 5TH AVE & WALTERS ST,-82.982918,39.986293,1,022,1,1,38,6,am_peak+early+evening+midday+owl+pm_peak,False,,False,251.4223077761676,442.22497768507156,5,5THWALE1,0.4948371687494685,1,1.2589082329970713,0.0,1.0,1.0,straight_line,
5THCLEW,E 5TH AVE & CLEVELAND AVE,-82.988089,39.986498,1,022,1,1,38,6,am_peak+early+evening+midday+owl+pm_peak,False,,False,442.22497768507156,318.79294466401836,7,5THCLEE,0.27407958327750326,2,9.573557957907962,0.0,1.0,1.0,straight_line,
5THFIEW,E 5TH AVE & FIELDS AVE,-82.991819,39.986606,1,022,1,1,38,6,am_peak+early+evening+midday+owl+pm_peak,False,,False,318.79294466401836,61.67239616296537,10,FIE5THS,0.5550697423823626,1,8.31464972491089,0.0,1.0,1.0,straight_line,
EDG5TH,EDGEHILL RD & W 5TH AVE,-83.029244,39.987581,1,022,1,1,38,6,am_peak+early+evening+midday+owl+pm_peak,False,,False,241.3716711229211,419.7029993144208,10,5THEDGE,0.7048005384403458,1,53.225469013690024,0.0,1.0,1.0,straight_line,
CHAHAWN,CHAMPION AVE & HAWTHORNE AVE,-82.968215,39.970432,1,022,1,1,38,6,am_peak+early+evening+midday+owl+pm_peak,False,,False,149.17967515321507,262.391950891738,12,CHAHAW,0.4591609001592989,1,3.425401471178078,0.0,0.0,0.0,straight_line,
CHAMTVN,N CHAMPION AVE & MT VERNON AVE,-82.968053,39.972792,1,022,1,1,38,6,am_peak+early+evening+midday+owl+pm_peak,False,,False,262.391950891738,347.52907133957336,10,MOUCHAE,0.34970859613765626,0,0.0,0.0,0.0,0.0,straight_line,catchment not reconstructable
HAMROCSS,N HAMILTON RD & ROCKY FORK DR S,-82.867378,40.009785,1,024,1,1,38,6,am_peak+early+evening+midday+owl+pm_peak,False,,False,430.5977265107271,1257.7154819897987,5,MORHAME,1.152220592423795,0,0.0,0.0,0.0,0.0,straight_line,catchment not reconstructable
HAMSWAS,N HAMILTON RD & SWANSON AVE,-82.868417,39.998485,1,024,1,1,38,6,am_peak+early+evening+midday+owl+pm_peak,False,,False,1257.7154819897987,450.58979209751385,2,HAMTECN,0.4135916750859761,0,0.0,0.0,0.0,0.0,straight_line,catchment not reconstructable
HAMWOOS,N HAMILTON RD & WOODCLIFF DR,-82.870085,39.983627,1,024,1,1,38,6,am_peak+early+evening+midday+owl+pm_peak,False,,False,1205.2548896774053,412.1852500336252,2,HAMWOON,0.28940377676370665,1,0.30113419526840246,0.0,1.0,1.0,straight_line,
SINSHOS,SINCLAIR RD & SHORE DR,-82.997735,40.080725,1,004,1,1,38,6,am_peak+early+evening+midday+owl+pm_peak,False,,False,707.9410705379025,750.9504436614229,1,SINSHON,0.2574721106480727,3,58.86615861580108,0.0,1.0,1.0,straight_line,
SINLINS,SINCLAIR RD & LINCOLN AVE,-82.998087,40.073967,1,004,1,1,38,6,am_peak+early+evening+midday+owl+pm_peak,False,,False,750.9504436614229,188.6866160965303,3,SINLINN,0.7121297835564138,1,21.50878872500427,0.0,1.0,1.0,straight_line,
INDTORS,INDIANOLA AVE & E TORRENCE RD,-83.000751,40.036477,1,004,1,1,38,6,am_peak+early+evening+midday+owl+pm_peak,False,,False,241.4849227628239,367.8714702787573,5,INDTORN,0.3369941664804531,1,10.276204413534238,0.0,1.0,1.0,straight_line,
KOEACRE,1130 KOEBEL RD,-82.965339,39.912566,1,004,1,1,38,6,am_peak+early+evening+midday+owl+pm_peak,False,,False,207.07418343254753,416.7013584028305,3,KOE113W,0.6825843614352867,1,5.738279387614558,0.0,1.0,1.0,straight_line,
KOEEDSLE,KOEBEL & EDSEL AVE,-82.960477,39.912305,1,004,1,1,38,6,am_peak+early+evening+midday+owl+pm_peak,False,,False,416.7013584028305,288.22082430948234,3,KOEEDSW1,0.18552967312667484,1,5.738279387614558,0.0,1.0,1.0,straight_line,
KOEFAIE,KOEBEL RD & FAIRWOOD AVE,-82.957113,39.912137,1,004,1,1,38,6,am_peak+early+evening+midday+owl+pm_peak,False,,False,288.22082430948234,357.6319299817806,5,KOEFAIW,0.16450503209196826,1,5.738279387614558,0.0,1.0,1.0,straight_line,
FAIFABS,FAIRWOOD AVE & FABER AVE,-82.957151,39.908916,1,004,1,1,38,6,am_peak+early+evening+midday+owl+pm_peak,False,,False,357.6319299817806,435.23462079861264,3,FAIFABN,0.4772382305658572,1,5.738279387614558,0.0,1.0,1.0,straight_line,
FAIWATS,FAIRWOOD AVE & WATKINS RD,-82.957457,39.905003,1,004,1,1,38,6,am_peak+early+evening+midday+owl+pm_peak,False,,False,435.23462079861264,396.66110879523046,3,FAIWATN,0.5169607152773409,1,6.704418264100682,0.0,1.0,1.0,straight_line,
HAMSHAN1,N HAMILTON RD & SHAGBARK DR,-82.863962,40.049281,1,024,1,1,38,6,am_peak+early+evening+midday+owl+pm_peak,False,,False,296.7140263765937,264.5993461215786,4,HAMVISS,1.3880197414717859,1,21.899147867018858,0.0,1.0,1.0,straight_line,
HAMSTON,N HAMILTON RD & STONERIDGE LN,-82.863738,40.051658,1,024,1,1,38,6,am_peak+early+evening+midday+owl+pm_peak,False,,False,264.5993461215786,504.68935542480773,3,HAMSTOS,0.8212024313135725,1,21.899147867018858,0.0,1.0,1.0,straight_line,
FREOHIE1,FREBIS AVE & S OHIO AVE,-82.972976,39.934945,1,004,1,1,38,6,am_peak+early+evening+midday+owl+pm_peak,False,,False,167.52563440064876,201.2613063663638,7,FREOHIW,0.2461833331215762,2,13.124432010447872,0.0,1.0,1.0,straight_line,
VENSOUE,VENICE DR & SOUTHFIELD DR E,-82.953132,39.897659,1,004,1,1,38,6,am_peak+early+evening+midday+owl+pm_peak,False,,False,378.53904125967574,277.81026263196406,4,VENSOUW,0.24084552953499747,1,4.215878733757634,0.0,1.0,1.0,straight_line,
SINDUBS,SINCLAIR RD & DUBLIN GRANDVILLE RD,-82.997706,40.087101,1,004,1,1,38,6,am_peak+early+evening+midday+owl+pm_peak,False,,False,494.72583890597434,707.9410705379025,1,SINDUBN,0.8096306218146786,0,0.0,0.0,0.0,0.0,straight_line,catchment not reconstructable
HAM500N,500 N HAMILTON RD,-82.865416,40.03152,1,024,1,1,38,6,am_peak+early+evening+midday+owl+pm_peak,False,,False,669.7769780507466,641.0968312642068,1,HAM559S,1.0471410105123085,1,16.043760736799886,0.0,1.0,1.0,straight_line,
HAMJOHN,HAMILTON RD & JOHNSTOWN RD,-82.864802,40.037275,1,024,1,1,38,6,am_peak+early+evening+midday+owl+pm_peak,False,,False,641.0968312642068,578.5329668136108,1,HAMJONS,0.3888914075377987,1,46.257558328729615,0.0,0.5,0.5493741307371349,straight_line,
HAMBEEN,N HAMILTON RD & BEECHER RD,-82.864222,40.046616,1,024,1,1,38,6,am_peak+early+evening+midday+owl+pm_peak,False,,False,459.7377267044395,296.7140263765937,3,HAMBEES,1.775254787821445,0,0.0,0.0,0.0,0.0,straight_line,catchment not reconstructable
SUM18TS,SUMMIT ST & E 18TH AVE,-83.001067,40.002527,1,004,1,1,38,6,am_peak+early+evening+midday+owl+pm_peak,False,,False,324.4986008982499,340.59886500906384,4,4TH18TN,2.8164131119798244,4,7.455859612478779,0.0,0.6,0.31999999999999995,straight_line,
SUM15TS,SUMMIT ST & E 15TH AVE,-83.001232,39.999462,1,004,1,1,38,6,am_peak+early+evening+midday+owl+pm_peak,False,,False,340.59886500906384,470.3096206199219,3,4TH15TN,2.7380523629997797,5,11.769328131740064,0.0,0.8,0.9309462915601022,straight_line,
HAMTECN,S HAMILTON RD & TECH CENTER DR,-82.868035,39.998535,1,024,1,1,38,6,am_peak+early+evening+midday+owl+pm_peak,False,,False,338.504630344737,1385.5453361214552,2,HAMSWAS,0.4135916750859761,0,0.0,0.0,0.0,0.0,straight_line,catchment not reconstructable
HAMHAVN1,HAMILTON RD & HAVENS CORNERS RD,-82.866337,40.01893,1,024,1,1,38,6,am_peak+early+evening+midday+owl+pm_peak,False,,False,624.9960885919256,730.247764693745,2,GRASHAW,1.3559376767398839,1,23.187333035667017,0.0,1.0,1.0,straight_line,
HAMWORN,HAMILTON RD & WORMAN DR,-82.865882,40.025498,1,024,1,1,38,6,am_peak+early+evening+midday+owl+pm_peak,False,,False,730.247764693745,669.7769780507466,1,HAMWORS,0.32732402670512456,1,16.043760736799886,0.0,1.0,1.0,straight_line,
HAMMAIN,S HAMILTON RD & E MAIN ST,-82.876771,39.95523,1,024,1,1,38,6,am_peak+early+evening+midday+owl+pm_peak,False,,False,424.05942743114355,275.5744325990017,8,MAIHAME,0.48932858622431336,0,0.0,0.0,0.0,0.0,straight_line,catchment not reconstructable
HAMWRIN,S HAMILTON RD & WRIGHT AVE,-82.876495,39.957703,1,024,1,1,38,6,am_peak+early+evening+midday+owl+pm_peak,False,,False,275.5744325990017,256.99474855490206,10,HAMWRIS,0.7629296603476342,2,17.419776712401355,0.0,1.0,1.0,straight_line,
SUM9THS,SUMMIT ST & E 9TH AVE,-83.001774,39.991692,1,004,1,1,38,6,am_peak+early+evening+midday+owl+pm_peak,False,,False,393.63494439582075,208.5697263192428,9,SUM7THS,2.607121578990535,3,20.464578020115187,0.0,0.5,0.2275641025641025,straight_line,
SUM7THS,SUMMIT ST & E 7TH AVE,-83.001923,39.989817,1,004,1,1,38,6,am_peak+early+evening+midday+owl+pm_peak,False,,False,208.5697263192428,366.3467527673625,10,SUM9THS,2.607121578990535,3,13.174621042992607,0.0,0.5,0.2275641025641025,straight_line,
HAMBROHN,S HAMILTON RD & BROADHURST DR,-82.875631,39.967708,1,024,1,1,38,6,am_peak+early+evening+midday+owl+pm_peak,False,,False,381.1220983653435,217.81873593712518,7,HAMBROS,0.4558960941944921,3,22.309024966134164,0.0,1.0,1.0,straight_line,
HAMSHAN,S HAMILTON RD & SHAKER SQ,-82.875451,39.969665,1,024,1,1,38,6,am_peak+early+evening+midday+owl+pm_peak,False,,False,217.81873593712518,98.03819722068671,5,HAMSAIS,0.2702970154750609,3,22.309024966134164,0.0,1.0,1.0,straight_line,
HAMSANN,S HAMILTON RD & SAN JOSE LN,-82.875356,39.970545,1,024,1,1,38,6,am_peak+early+evening+midday+owl+pm_peak,False,,False,98.03819722068671,363.9146949384824,7,HAMSANS,0.7667176040443582,2,19.234946722769223,0.0,1.0,1.0,straight_line,
INDTIBS,INDIANOLA AVE & TIBET RD,-83.001732,40.02372,1,004,1,1,38,6,am_peak+early+evening+midday+owl+pm_peak,False,,False,189.4778095863602,181.23213828431554,5,INDWEBN,0.8313911110881638,3,20.786624312277226,0.0,0.6666666666666666,0.6633802816901407,straight_line,
INDCRES,INDIANOLA AVE & CRESTVIEW RD,-83.001844,40.02209,1,004,1,1,38,6,am_peak+early+evening+midday+owl+pm_peak,False,,False,181.23213828431554,185.5743173844939,6,INDTULN,0.7552909774243479,2,12.998959429086039,0.0,1.0,1.0,straight_line,
HAMPOTN,N HAMILTON RD & POTH RD,-82.871982,39.981177,1,024,1,1,38,6,am_peak+early+evening+midday+owl+pm_peak,False,,False,519.5876179907843,334.3384014448958,3,HAMPOTS,1.2490877471725748,1,0.30113419526840246,0.0,1.0,1.0,straight_line,
HAMWOON,N HAMILTON RD & WOODCLIFF DR,-82.869827,39.983691,1,024,1,1,38,6,am_peak+early+evening+midday+owl+pm_peak,False,,False,334.3384014448958,683.4354727371865,2,HAMWOOS,0.28940377676370665,1,0.30113419526840246,0.0,1.0,1.0,straight_line,
HAMAIRN,N HAMILTON RD & SAWYER RD,-82.868385,39.995498,1,024,1,1,38,6,am_peak+early+evening+midday+owl+pm_peak,False,,False,634.1279848434831,338.504630344737,3,HAMSAWS,1.5320996339642488,1,205.93396536979859,0.0,1.0,1.0,straight_line,
1411HAN,OPPOSITE 1411 S HAMILTON RD,-82.877584,39.946018,1,024,1,1,38,6,am_peak+early+evening+midday+owl+pm_peak,False,,False,252.51946505965913,336.1968744474491,8,AMEHAMS,1.763222979271887,2,6.558033585845209,0.0,1.0,1.0,straight_line,
HAMMELN,S HAMILTON RD & MELROY AVE,-82.877405,39.949043,1,024,1,1,38,6,am_peak+early+evening+midday+owl+pm_peak,False,,False,336.1968744474491,265.0946992357468,4,AMEHAMS,2.46466675252678,2,6.558033585845209,0.0,1.0,1.0,straight_line,
HAMSIMN,S HAMILTON RD & SIMPSON DR,-82.877232,39.951427,1,024,1,1,38,6,am_peak+early+evening+midday+owl+pm_peak,False,,False,265.0946992357468,424.05942743114355,2,HAMMOUS,0.237667420523135,3,9.573557957907962,0.0,0.6666666666666666,0.6666666666666666,straight_line,
INDNORTS,INDIANOLA AVE & NORTHRIDGE RD,-83.00031,40.042155,1,004,1,1,38,6,am_peak+early+evening+midday+owl+pm_peak,False,,False,246.2626396661656,390.0817406411715,5,INDNORTN,0.35916349186083313,1,6.206710358032073,0.0,1.0,1.0,straight_line,
INDFALS,INDIANOLA AVE & FALLIS RD,-83.000604,40.038649,1,004,1,1,38,6,am_peak+early+evening+midday+owl+pm_peak,False,,False,390.0817406411715,241.4849227628239,5,INDFALN,0.3501841480206664,2,16.48291477156631,0.0,1.0,1.0,straight_line,
SUMCHIS,SUMMIT ST & CHITTENDEN AVE,-83.001522,39.995232,1,004,1,1,38,6,am_peak+early+evening+midday+owl+pm_peak,False,,False,470.3096206199219,393.63494439582075,8,11TINDE,1.427449986011749,3,36.332677143008524,0.0,0.5,0.8705712219812005,straight_line,
INDOAKS,INDIANOLA AVE & OAKLAND PARK AVE,-83.000969,40.033168,1,004,1,1,38,6,am_peak+early+evening+midday+owl+pm_peak,False,,False,367.8714702787573,235.43713951376083,11,INDPIEN,2.13792924590078,1,10.276204413534238,0.0,1.0,1.0,straight_line,
INDNORS,INDIANOLA AVE & E NORTH BROADWAY,-83.001148,40.031052,1,004,1,1,38,6,am_peak+early+evening+midday+owl+pm_peak,False,,False,235.43713951376083,147.65696054488288,9,NORINDE,0.4032019695386152,2,14.462806211640773,0.0,0.5,0.4615384615384616,straight_line,
INDWALS,INDIANOLA AVE & WALHALLA RD,-83.001296,40.029727,1,004,1,1,38,6,am_peak+early+evening+midday+owl+pm_peak,False,,False,147.65696054488288,266.35393496292335,10,INDCLIN,0.30306595766307487,2,14.462806211640773,0.0,1.0,1.0,straight_line,
INDMIDS,INDIANOLA AVE & MIDGARD RD,-83.00145,40.027331,1,004,1,1,38,6,am_peak+early+evening+midday+owl+pm_peak,False,,False,266.35393496292335,212.1808584373291,5,INDCOMN,0.8528910548338168,2,13.789436691665596,0.0,0.3333333333333333,0.3805436337625179,straight_line,
INDMELS,INDIANOLA AVE & MELROSE AVE,-83.001611,40.025424,1,004,1,1,38,6,am_peak+early+evening+midday+owl+pm_peak,False,,False,212.1808584373291,189.4778095863602,6,INDWEBN,1.5686727437942725,2,13.789436691665596,0.0,1.0,1.0,straight_line,
FAISOUS,FAIRWOOD AVE & SOUTHFIELD DR S,-82.957798,39.90144,1,004,1,1,38,6,am_peak+early+evening+midday+owl+pm_peak,False,,False,396.66110879523046,312.36994155123665,5,FAISOUN,0.31909814136494896,1,6.704418264100682,0.0,1.0,1.0,straight_line,
VENFAIE,VENICE DR & FAIRWOOD AVE,-82.957369,39.898646,1,004,1,1,38,6,am_peak+early+evening+midday+owl+pm_peak,False,,False,312.36994155123665,378.53904125967574,5,VENFAIW,0.453556552314849,2,10.920296997858316,0.0,1.0,1.0,straight_line,
INDOLES,INDIANOLA AVE & OLENTANGY ST,-83.00196,40.020421,1,004,1,1,38,6,am_peak+early+evening+midday+owl+pm_peak,False,,False,185.5743173844939,313.0976107620912,6,INDPARN,0.8087813488263512,3,17.039176548937107,0.0,1.0,1.0,straight_line,
FAIWEIN,SOUTHFIELD DR & WEIRTON DR,-82.95271,39.90014,1,004,1,1,38,6,am_peak+early+evening+midday+owl+pm_peak,False,,False,277.81026263196406,258.2276575747416,5,WEISOUW,0.19995039293634514,1,4.215878733757634,0.0,1.0,1.0,straight_line,
WEIHOUN,WEIRTON DR & HOUSTON DR,-82.952288,39.902443,1,004,1,1,38,6,am_peak+early+evening+midday+owl+pm_peak,False,,False,258.2276575747416,231.015907488605,5,WEIHOUS,0.1960966895549306,1,6.704418264100682,0.0,1.0,1.0,straight_line,
WEIWATN,WEIRTON DR & WATKINS RD,-82.952562,39.904513,1,004,1,1,38,6,am_peak+early+evening+midday+owl+pm_peak,False,,False,231.015907488605,633.4435351999806,3,WEIWATS,0.43799147581662823,0,0.0,0.0,0.0,0.0,straight_line,catchment not reconstructable
180WATE,1800 WATKINS RD,-82.945167,39.904175,1,004,1,1,38,6,am_peak+early+evening+midday+owl+pm_peak,False,,False,633.4435351999806,509.1936017871605,1,180WATW,0.44238429861924383,0,0.0,0.0,0.0,0.0,straight_line,catchment not reconstructable
WATNEWE,WATKINS RD & NEW WORLD DR,-82.939224,39.903885,1,004,1,1,38,6,am_peak+early+evening+midday+owl+pm_peak,False,,False,509.1936017871605,309.62987479700104,3,WATNEWW,0.9890564181066086,0,0.0,0.0,0.0,0.0,straight_line,catchment not reconstructable
HAMKAEN,S HAMILTON RD & KAE AVE,-82.876057,39.962793,1,024,1,1,38,6,am_peak+early+evening+midday+owl+pm_peak,False,,False,309.36248277471066,165.77652466792875,5,HAMRICS,1.1085152326727055,2,6.040807722675869,0.0,1.0,1.0,straight_line,
HAMETNN,S HAMILTON RD & ETNA RD,-82.875931,39.964283,1,024,1,1,38,6,am_peak+early+evening+midday+owl+pm_peak,False,,False,165.77652466792875,381.1220983653435,4,HAMETNS,0.7946892476976076,3,17.283151012696244,0.0,1.0,1.0,straight_line,
HAMWINN,S HAMILTON RD & WINCHESTER PIKE,-82.881905,39.900446,1,024,1,1,38,6,am_peak+early+evening+midday+owl+pm_peak,False,,False,523.0049575583787,363.70183403008764,3,HAMWINS,1.800977499434494,2,38.661169425125586,0.0,0.5,0.6567944250871082,straight_line,
HAMHARN,S HAMILTON RD & HARBOR BLVD,-82.881528,39.903709,1,024,1,1,38,6,am_peak+early+evening+midday+owl+pm_peak,False,,False,363.70183403008764,336.0830343634753,4,HAMHARS,0.3144309668413158,1,9.228090117225044,0.0,1.0,1.0,straight_line,
HAMREIN,S HAMILTON RD & REINEAU DR,-82.881223,39.906727,1,024,1,1,38,6,am_peak+early+evening+midday+owl+pm_peak,False,,False,336.0830343634753,804.6339624129382,3,HAMHOTS,0.6355454415920475,1,9.228090117225044,0.0,1.0,1.0,straight_line,
HAMEASN1,S HAMILTON RD & EASTLAND SQUARE DR,-82.880651,39.913961,1,024,1,1,38,6,am_peak+early+evening+midday+owl+pm_peak,False,,False,804.6339624129382,228.0917734888569,5,HAMEASS,1.434638223195783,0,0.0,0.0,0.0,0.0,straight_line,catchment not reconstructable
HAMKINN,S HAMILTON RD & KINGSLAND AVE,-82.879507,39.92615,1,024,1,1,38,6,am_peak+early+evening+midday+owl+pm_peak,False,,False,567.9363286414579,490.01797818855715,5,HAMKIMS,0.28188729815653896,1,35.44461009492533,0.0,1.0,1.0,straight_line,
HAMDUNN,S HAMILTON RD & DUNDEE AVE,-82.878091,39.941238,1,024,1,1,38,6,am_peak+early+evening+midday+owl+pm_peak,False,,False,1189.495350379394,279.9425127026863,4,HAMDUNS,0.6407880574743852,3,15.9559299298466,0.0,1.0,1.0,straight_line,
HAMARAN,S HAMILTON RD & ARAGON AVE,-82.877823,39.943751,1,024,1,1,38,6,am_peak+early+evening+midday+owl+pm_peak,False,,False,279.9425127026863,252.51946505965913,9,HAMLIVS,0.2883748979809572,2,10.334758284836422,0.0,1.0,1.0,straight_line,
GRESALN,GREEN POINTE DR S & SALTZGARBER RD,-82.907178,39.84657,1,024,1,1,38,6,am_peak+early+evening+midday+owl+pm_peak,False,,False,446.22659200390655,355.4354228047172,3,GRESALS,0.25880349271625813,0,0.0,0.0,0.0,0.0,straight_line,catchment not reconstructable
GRE592N,5920 GREEN POINTE DR S,-82.903897,39.848533,1,024,1,1,38,6,am_peak+early+evening+midday+owl+pm_peak,False,,False,355.4354228047172,778.1270625575195,3,GRE590S,0.4692241719916507,0,0.0,0.0,0.0,0.0,straight_line,catchment not reconstructable
GREGRON,GREEN POINTE DR S & GROVEPORT RD,-82.902609,39.855471,1,024,1,1,38,6,am_peak+early+evening+midday+owl+pm_peak,False,,False,778.1270625575195,2752.3662300784017,1,GREGROS,0.20015400823035034,0,0.0,0.0,0.0,0.0,straight_line,catchment not reconstructable
HAMHOMN,S HAMILTON RD & HOMER OHIO LN,-82.883979,39.875682,1,024,1,1,38,6,am_peak+early+evening+midday+owl+pm_peak,False,,False,2752.3662300784017,404.2903908921576,2,HAMHOMS,1.131095959987738,0,0.0,0.0,0.0,0.0,straight_line,catchment not reconstructable
HAMFIRN,HAMILTON RD & FIREHOUSE LN,-82.883638,39.879314,1,024,1,1,38,6,am_peak+early+evening+midday+owl+pm_peak,False,,False,404.2903908921576,511.59352605755305,1,HAMFIRS,1.0529311888391149,0,0.0,0.0,0.0,0.0,straight_line,catchment not reconstructable
HAMLANN,S HAMILTON RD & LANGLEY AVE,-82.876283,39.960012,1,024,1,1,38,6,am_peak+early+evening+midday+owl+pm_peak,False,,False,256.99474855490206,309.36248277471066,5,HAMLANS,0.3577891895337705,2,17.429535690951717,0.0,1.0,1.0,straight_line,
INDSCHS,INDIANOLA AVE & SCHREYER PL,-83.000177,40.051891,1,004,1,1,38,6,am_peak+early+evening+midday+owl+pm_peak,False,,False,297.66128140117485,408.1260778441706,4,INDSCHN1,0.19011415903442938,0,0.0,0.0,0.0,0.0,straight_line,catchment not reconstructable
INDCOOS,INDIANOLA AVE & E COOKE RD,-82.999933,40.04822,1,004,1,1,38,6,am_peak+early+evening+midday+owl+pm_peak,False,,False,408.1260778441706,427.979128754486,1,INDCOON,1.4289139820360481,0,0.0,0.0,0.0,0.0,straight_line,catchment not reconstructable
INDGLES,INDIANOLA AVE & GLENMONT AVE,-83.000117,40.044368,1,004,1,1,38,6,am_peak+early+evening+midday+owl+pm_peak,False,,False,427.979128754486,246.2626396661656,3,INDGLEN,0.4464289098234346,1,6.206710358032073,0.0,1.0,1.0,straight_line,
HAMDIRN,HAMILTON RD & DIRECTORS BLVD,-82.883207,39.88391,1,024,1,1,38,6,am_peak+early+evening+midday+owl+pm_peak,False,,False,511.59352605755305,1073.5084684781618,1,HAMDIRS,1.4299277377594757,0,0.0,0.0,0.0,0.0,straight_line,catchment not reconstructable
HAMPRON,S HAMILTON RD & PROFESSIONAL PKWY,-82.882527,39.893565,1,024,1,1,38,6,am_peak+early+evening+midday+owl+pm_peak,False,,False,1073.5084684781618,242.80121428643614,3,HAMPROS,0.33309080782485945,1,11.827882003042252,0.0,1.0,1.0,straight_line,
HAMBAYN,S HAMILTON RD & HAMILTON SQUARE BLVD,-82.882318,39.895746,1,024,1,1,38,6,am_peak+early+evening+midday+owl+pm_peak,False,,False,242.80121428643614,523.0049575583787,4,HAMBAYS,1.583190925286454,2,41.26096131094279,0.0,0.5,0.34887737478411035,straight_line,
HAMGRON,S HAMILTON RD & GROVES RD,-82.879057,39.93055,1,024,1,1,38,6,am_peak+early+evening+midday+owl+pm_peak,False,,False,490.01797818855715,1189.495350379394,1,HAMGROS,1.0345481032870323,1,35.44461009492533,0.0,1.0,1.0,straight_line,
HAMFAIN,S HAMILTON RD & FAIRWAY BLVD,-82.874318,39.973724,1,024,1,1,38,6,am_peak+early+evening+midday+owl+pm_peak,False,,False,363.9146949384824,335.02210270079627,8,HAMFAIS,0.42546238472907716,0,0.0,0.0,0.0,0.0,straight_line,catchment not reconstructable
HAMBRON,N HAMILTON RD & E BROAD ST,-82.873829,39.976718,1,024,1,1,38,6,am_peak+early+evening+midday+owl+pm_peak,False,,False,335.02210270079627,519.5876179907843,6,BROHAMIE,1.143023771727018,1,0.30113419526840246,0.0,1.0,1.0,straight_line,
SINSTRS,SINCLAIR RD & STRIMPLE AVE,-82.998135,40.072268,1,004,1,1,38,6,am_peak+early+evening+midday+owl+pm_peak,False,,False,188.6866160965303,263.26291446530473,5,SINSTRN,0.3042146217589786,1,21.50878872500427,0.0,1.0,1.0,straight_line,
SINFRES,SINCLAIR RD & FREEWAY DR N,-82.998292,40.0699,1,004,1,1,38,6,am_peak+early+evening+midday+owl+pm_peak,False,,False,263.26291446530473,544.7510326817753,3,SINFREN,0.40968877987669616,0,0.0,0.0,0.0,0.0,straight_line,catchment not reconstructable
487SINS,4875 SINCLAIR RD,-82.998663,40.065002,1,004,1,1,38,6,am_peak+early+evening+midday+owl+pm_peak,False,,False,544.7510326817753,547.5423740918029,2,487SINN,0.4303793683461724,0,0.0,0.0,0.0,0.0,straight_line,catchment not reconstructable
NORTRA2,NORTHLAND TRANSIT CENTER BAY 2,-82.951557,40.082356,2,035+043,4,2,38,5,am_peak+early+evening+midday+pm_peak,False,,True,63.020626187079266,91.04347124867977,10,NORTRA1,0.4148740614590336,1,17.829653811516685,0.0,1.0,1.0,straight_line,transfer point (2 routes)
MAIGRAHE,E MAIN ST & GRAHAM RD,-82.79567,39.955316,1,002,1,1,38,6,am_peak+early+evening+midday+owl+pm_peak,False,,False,406.9861119173296,323.6923071823455,3,MAIWAGW,0.587983070290486,1,21.079393668788192,0.0,1.0,1.0,straight_line,
MAIESTE,E MAIN ST & ESTATES LN,-82.791883,39.955399,1,002,1,1,38,6,am_peak+early+evening+midday+owl+pm_peak,False,,False,323.6923071823455,397.4252187775584,5,MAIESTW,0.955369875050519,1,21.079393668788192,0.0,1.0,1.0,straight_line,
HANMAIN,HANSON ST & E MAIN ST,-82.779026,39.956658,1,002,1,1,38,6,am_peak+early+evening+midday+owl+pm_peak,False,,False,712.6303721677768,306.24132122513123,1,GOLHILW,3.8280165153141406,1,51.7616222311354,51.7616222311354,0.0,0.0,straight_line,only access for 52 daily trips
GOLHILW,GOLDSMITH DR & HILTON DR,-82.782317,39.957751,1,002,1,1,38,6,am_peak+early+evening+midday+owl+pm_peak,False,,False,306.24132122513123,240.2699591928975,2,CARMAIS,3.0033744899112187,0,0.0,0.0,0.0,0.0,straight_line,catchment not reconstructable
MAIROSEE,E MAIN ST & ROSEHILL RD,-82.818742,39.954888,1,002,1,1,38,6,am_peak+early+evening+midday+owl+pm_peak,False,,False,410.7473679931829,338.9411836874097,4,MAIROSEW,0.8955536366420607,2,16.356048050411562,0.0,1.0,1.0,straight_line,
MAIHENE,E MAIN ST & HENTZ DR,-82.814776,39.954955,1,002,1,1,38,6,am_peak+early+evening+midday+owl+pm_peak,False,,False,338.9411836874097,281.51617095454367,4,MAIHENW,0.27484521060949957,2,16.356048050411562,0.0,1.0,1.0,straight_line,
MAIBRIE,E MAIN ST & BRIARCLIFF RD,-82.811482,39.955013,1,002,1,1,38,6,am_peak+early+evening+midday+owl+pm_peak,False,,False,281.51617095454367,443.9952860974357,3,MAIBRIW,0.6280597428105323,2,16.356048050411562,0.0,1.0,1.0,straight_line,
MAIHAFE,E MAIN ST & HAFT DR,-82.806287,39.95511,1,002,1,1,38,6,am_peak+early+evening+midday+owl+pm_peak,False,,False,443.9952860974357,500.42249212544186,2,MAIHAFW,0.2695274075020515,0,0.0,0.0,0.0,0.0,straight_line,catchment not reconstructable
MAIJACE,E MAIN ST & JACKSON ST,-82.800432,39.955227,1,002,1,1,38,6,am_peak+early+evening+midday+owl+pm_peak,False,,False,500.42249212544186,406.9861119173296,2,MAIJACW,0.2667938795145307,0,0.0,0.0,0.0,0.0,straight_line,catchment not reconstructable
EASTER5,EASTON TERMINAL BAY 5,-82.909141,40.060719,2,035+045,4,2,38,5,am_peak+early+evening+midday+pm_peak,False,,True,148.56975502858964,171.2813840520312,12,EASTER1,0.0,0,0.0,0.0,0.0,0.0,straight_line,transfer point (2 routes); catchment not reconstructable
MAIBRICE,E MAIN ST & BRICE RD,-82.8279,39.954739,1,002,1,1,38,6,am_peak+early+evening+midday+owl+pm_peak,False,,False,277.2922731916936,371.9034116179721,5,MAIBRICW,1.9024332811836988,2,47.88033704767609,0.0,0.5,0.63483870967742,straight_line,
MAI652E,6523 E MAIN ST,-82.823548,39.9548,1,002,1,1,38,6,am_peak+early+evening+midday+owl+pm_peak,False,,False,371.9034116179721,410.7473679931829,3,MAI650W,0.8780509975259603,1,9.468997473439765,0.0,1.0,1.0,straight_line,
KENMILN,KENNY RD & MILLCREEK LN,-83.050652,40.036435,1,001,1,1,38,6,am_peak+early+evening+midday+owl+pm_peak,False,,False,429.17204283074113,433.9199991533108,1,KENMILS,0.34183391961346765,0,0.0,0.0,0.0,0.0,straight_line,catchment not reconstructable
BETPICW,BETHEL RD & PICKFORDE DR,-83.087077,40.064832,1,001,1,1,38,6,am_peak+early+evening+midday+owl+pm_peak,False,,False,459.67969592698614,278.67148817075565,4,PICBETS,1.5402068895188088,1,10.36403522048753,0.0,0.3333333333333333,0.5765472312703586,straight_line,
KENTREN,KENNY RD & TREMONT RD,-83.050712,40.03257,1,001,1,1,38,6,am_peak+early+evening+midday+owl+pm_peak,False,,False,248.04792873503578,429.17204283074113,2,KENRUES,2.65505553868541,0,0.0,0.0,0.0,0.0,straight_line,catchment not reconstructable
KENPARN,KENNY RD & PARKLEIGH RD,-83.050213,40.043278,1,001,1,1,38,6,am_peak+early+evening+midday+owl+pm_peak,False,,False,326.80180680425457,404.01588118628075,4,KENPARS,0.20525440409368767,1,5.152740674592664,0.0,1.0,1.0,straight_line,
HAMFIRS,HAMILTON RD & FIREHOUSE LN,-82.884126,39.878655,1,024,1,1,38,6,am_peak+early+evening+midday+owl+pm_peak,False,,False,479.46267029035886,406.9951943808866,2,HAMFIRN,1.0529311888391149,0,0.0,0.0,0.0,0.0,straight_line,catchment not reconstructable
HAMWRIS,S HAMILTON RD & WRIGHT AVE,-82.876675,39.958235,1,024,1,1,38,6,am_peak+early+evening+midday+owl+pm_peak,False,,False,178.9220394453497,273.1399037410423,9,HAMWRIN,0.7629296603476342,2,17.419776712401355,0.0,1.0,1.0,straight_line,
HAMMAIS,S HAMILTON RD & E MAIN ST,-82.876919,39.955782,1,024,1,1,38,6,am_peak+early+evening+midday+owl+pm_peak,False,,False,273.1399037410423,474.992758108827,8,MAIHAMW,0.5582948320690658,0,0.0,0.0,0.0,0.0,straight_line,catchment not reconstructable
CLEWESTN,CLEVELAND AVE & WESTAR BLVD,-82.946929,40.140478,1,101,1,1,38,6,am_peak+early+evening+midday+owl+pm_peak,False,,False,415.9924310463337,419.360218501411,3,NCLEWESS,0.26963819702192643,0,0.0,0.0,0.0,0.0,straight_line,catchment not reconstructable
CLE161NN,CLEVELAND AVE & STATE ROUTE 161,-82.950957,40.084677,1,101,1,1,38,6,am_peak+early+evening+midday+owl+pm_peak,False,,False,218.8611059077564,179.44727425516086,12,CLE161SF,0.6233727124908135,0,0.0,0.0,0.0,0.0,straight_line,catchment not reconstructable
COOSCHN,COOPER RD & SCHROCK RD,-82.942788,40.111279,1,101,1,1,38,6,am_peak+early+evening+midday+owl+pm_peak,False,,False,434.027639901689,469.79130997676964,4,COPSCHS,0.1802437465226197,1,58.43676355958493,0.0,1.0,1.0,straight_line,
SAICLEN,ST ANNS W SVC RD & ST ANNS #1 ENT,-82.947477,40.113502,1,101,1,1,38,6,am_peak+early+evening+midday+owl+pm_peak,False,,False,469.79130997676964,162.6424305443893,8,SAISVCOP,0.9839584140693441,0,0.0,0.0,0.0,0.0,straight_line,catchment not reconstructable
CLECTLRN,CLEVELAND AVE & COUNTY LINE RD,-82.947197,40.136737,1,101,1,1,38,6,am_peak+early+evening+midday+owl+pm_peak,False,,False,1377.4001671188526,415.9924310463337,1,CLECTLRS,1.0113519349183338,0,0.0,0.0,0.0,0.0,straight_line,catchment not reconstructable
CLEALTN,"N CLEVELAND AVE & ALTAIR PKWY, WESTSTAR PLACE",-82.946554,40.144244,1,101,1,1,38,6,am_peak+early+evening+midday+owl+pm_peak,False,,False,419.360218501411,147.99669822578613,3,CLEWESS,1.3806681175998967,0,0.0,0.0,0.0,0.0,straight_line,catchment not reconstructable
AFRPOLN,AFRICA RD & POLARIS PKWY,-82.938903,40.146707,1,101,1,1,38,6,am_peak+early+evening+midday+owl+pm_peak,False,,False,298.2935343648048,276.53973368048514,3,POLAFRW1,2.722606278222944,1,82.56095853608693,0.0,1.0,1.0,straight_line,
NORTRA4,NORTHLAND TRANSIT CENTER BAY 4,-82.951521,40.082754,1,101,1,1,38,6,am_peak+early+evening+midday+owl+pm_peak,False,,False,1094.2424678937127,218.8611059077564,11,NORTRA5,0.19960750987635928,1,17.829653811516685,0.0,1.0,1.0,straight_line,
INDJEFS,INDIANOLA AVE & E JEFFREY PL,-83.001078,40.060433,1,004,1,1,38,6,am_peak+early+evening+midday+owl+pm_peak,False,,False,547.5423740918029,400.07889209513894,6,INDJEFN,0.278137337406313,1,11.0666816761138,0.0,1.0,1.0,straight_line,
INDBEAS,INDIANOLA AVE & E BEAUMONT RD,-83.000619,40.056847,1,004,1,1,38,6,am_peak+early+evening+midday+owl+pm_peak,False,,False,400.07889209513894,253.9009496948327,3,INDBEAN,0.5093196876658933,1,11.0666816761138,0.0,1.0,1.0,straight_line,
INDWEIS,INDIANOLA AVE & E WEISHEIMER RD,-83.000408,40.054566,1,004,1,1,38,6,am_peak+early+evening+midday+owl+pm_peak,False,,False,253.9009496948327,297.66128140117485,5,INDWEIN,0.4353216747150026,0,0.0,0.0,0.0,0.0,straight_line,catchment not reconstructable
GODLANSE,GODOWN RD & LANGLAND DR,-83.053278,40.061422,1,001,1,1,38,6,am_peak+early+evening+midday+owl+pm_peak,False,,False,339.00111374281283,214.66098524433113,4,GODCAMN,1.9422132710870244,2,33.29763481384508,0.0,1.0,1.0,straight_line,
HIGLARN,N HIGH ST & LARRIMER AVE,-83.017316,40.099016,1,102,1,1,38,6,am_peak+early+evening+midday+owl+pm_peak,False,,False,297.32516385110694,503.56012634566764,3,HIGLARS,0.37684099132262655,1,5.308884331398502,0.0,1.0,1.0,straight_line,
HIGMEAN,N HIGH ST & MEADOWLARK LN,-83.018814,40.073382,1,102,1,1,38,6,am_peak+early+evening+midday+owl+pm_peak,False,,False,272.4662014617996,409.9147925252249,7,HIGBROAS,0.2658254558394855,0,0.0,0.0,0.0,0.0,straight_line,catchment not reconstructable
HIGSELN,N HIGH ST & E SELBY BLVD,-83.018625,40.077071,1,102,1,1,38,6,am_peak+early+evening+midday+owl+pm_peak,False,,False,409.9147925252249,369.3728130640226,3,HIGSELS,0.4275430412952209,1,21.137947540090387,0.0,1.0,1.0,straight_line,
HIGSOUTN,N HIGH ST & E SOUTHINGTON AVE,-83.01845,40.080395,1,102,1,1,38,6,am_peak+early+evening+midday+owl+pm_peak,False,,False,369.3728130640226,421.3797955488106,3,HIGSOUTS,0.24534073079902985,3,44.78395256762454,0.0,1.0,1.0,straight_line,
HIGSOUN,HIGH ST & E SOUTH ST,-83.01825,40.084187,1,102,1,1,38,6,am_peak+early+evening+midday+owl+pm_peak,False,,False,421.3797955488106,265.1622143144748,3,HIGSOUS,0.5833396576156022,2,23.646005027534155,0.0,0.5,0.7513134851138357,straight_line,
SANPARN,SANCUS BLVD & PARK RD,-82.993689,40.127496,1,102,1,1,38,6,am_peak+early+evening+midday+owl+pm_peak,False,,False,448.02066040618234,544.0608974029537,1,SANPARS,0.8786977743378925,4,62.301319065529505,0.0,1.0,1.0,straight_line,
SANBRON,SANCUS BLVD & BROCKWELL DR,-82.990669,40.131813,1,102,1,1,38,6,am_peak+early+evening+midday+owl+pm_peak,False,,False,544.0608974029537,412.71355925679046,2,SANBROS,0.42473441723627625,3,37.47447763340119,0.0,1.0,1.0,straight_line,
SANLAZN,SANCUS BLVD & LAZELLE RD,-82.991711,40.135443,1,102,1,1,38,6,am_peak+early+evening+midday+owl+pm_peak,False,,False,412.71355925679046,225.3264447304261,3,SANLAZS,0.8431747976805308,1,10.773912319602843,0.0,1.0,1.0,straight_line,
WHIWILE,E WHITTIER ST & WILSON AVE,-82.96797,39.943335,1,005,2,1,37,6,am_peak+early+evening+midday+owl+pm_peak,False,,False,195.76846192647383,233.17562381293558,10,WHIOAKW,1.7011102519467065,2,2.5470934016452373,0.0,0.25,0.1396011396011396,straight_line,
WHI3RDE,E WHITTIER ST & S 3RD ST,-82.994569,39.944103,1,005,2,1,37,6,am_peak+early+evening+midday+owl+pm_peak,False,,False,147.40984137516762,361.74943082798035,9,WHI3RDW,0.4971203333710834,2,20.874455119230536,0.0,1.0,1.0,straight_line,
WHIJAEE,E WHITTIER ST & JAEGER ST,-82.990369,39.944509,1,005,2,1,37,6,am_peak+early+evening+midday+owl+pm_peak,False,,False,361.74943082798035,240.3839455290809,6,WHI5THW,0.8820419074124807,3,31.648367438833397,0.0,1.0,1.0,straight_line,
5TH2200E,2200 W 5TH AVE,-83.065167,39.989587,1,005,2,1,37,6,am_peak+early+evening+midday+owl+pm_peak,False,,False,439.70145862249245,409.97088499558305,3,5TH220W,0.5246242401727037,0,0.0,0.0,0.0,0.0,straight_line,catchment not reconstructable
5THARLE,W 5TH AVE & ARLINGTON AVE,-83.060373,39.989398,1,005,2,1,37,6,am_peak+early+evening+midday+owl+pm_peak,False,,False,409.97088499558305,209.57785578354878,10,ARL5THS,0.3171273895607716,0,0.0,0.0,0.0,0.0,straight_line,catchment not reconstructable
5THCAME,W 5TH AVE & CAMBRIDGE BLVD,-83.057922,39.989306,1,005,2,1,37,6,am_peak+early+evening+midday+owl+pm_peak,False,,False,209.57785578354878,207.7920718068822,12,5THCAMW,0.21154429844960004,1,11.330174096973654,0.0,1.0,1.0,straight_line,
5THWYAE,W 5TH AVE & WYANDOTTE RD,-83.055492,39.989213,1,005,2,1,37,6,am_peak+early+evening+midday+owl+pm_peak,False,,False,207.7920718068822,225.70991264247235,7,5THWYAW,0.20647234430495623,2,23.2458869069692,0.0,1.0,1.0,straight_line,
5THWESE,W 5TH AVE & WESTWOOD AVE,-83.052853,39.989104,1,005,2,1,37,6,am_peak+early+evening+midday+owl+pm_peak,False,,False,225.70991264247235,213.72297569205458,5,5THWESW,0.2345613433546634,1,11.915712809995547,0.0,1.0,1.0,straight_line,
FAIGATS,FAIRWOOD AVE & GATES ST,-82.954875,39.936179,1,005,2,1,37,6,am_peak+early+evening+midday+owl+pm_peak,False,,False,315.393044401599,235.56688699346435,9,FAIGATN,0.607469515100303,2,5.094186803290475,0.0,0.6666666666666666,0.4929178470254958,straight_line,
WHIBRUE,E WHITTIER ST & BRUCK ST,-82.987563,39.944358,1,005,2,1,37,6,am_peak+early+evening+midday+owl+pm_peak,False,,False,240.3839455290809,365.46481923633127,6,WHIEBNW,0.9233522189091369,3,28.2815198389575,0.0,1.0,1.0,straight_line,
WHIPARE,E WHITTIER ST & PARSONS AVE,-82.983296,39.944139,1,005,2,1,37,6,am_peak+early+evening+midday+owl+pm_peak,False,,False,365.46481923633127,269.5717680520275,10,PARWHIS,0.4269819807058597,1,6.382371971938641,0.0,1.0,1.0,straight_line,
WHIANNE,E WHITTIER ST & ANN ST,-82.980149,39.943973,1,005,2,1,37,6,am_peak+early+evening+midday+owl+pm_peak,False,,False,269.5717680520275,163.7459562392128,11,WHI17TW,1.072549154204164,2,6.5873105214963035,0.0,1.0,1.0,straight_line,
WHI18TE,E WHITTIER ST & S 18TH ST,-82.978237,39.943877,1,005,2,1,37,6,am_peak+early+evening+midday+owl+pm_peak,False,,False,163.7459562392128,215.95096108080864,6,WHI17TW,0.9969626896187019,3,8.607419081421837,0.0,0.6666666666666666,0.7653061224489794,straight_line,
WHIOPPE,E WHITTIER ST & CARPENTER ST,-82.975717,39.943733,1,005,2,1,37,6,am_peak+early+evening+midday+owl+pm_peak,False,,False,215.95096108080864,199.3032264759093,8,WHIGILW,1.4110819294039885,3,8.607419081421837,0.0,1.0,1.0,straight_line,
WHI22NE,E WHITTIER ST & S 22ND ST,-82.97339,39.943614,1,005,2,1,37,6,am_peak+early+evening+midday+owl+pm_peak,False,,False,199.3032264759093,268.4615914270406,12,WHIGILW,1.1035381375395457,4,10.920296997858316,0.0,0.75,0.7882037533512064,straight_line,
WHICHAE,E WHITTIER ST & S CHAMPION AVE,-82.970255,39.94346,1,005,2,1,37,6,am_peak+early+evening+midday+owl+pm_peak,False,,False,268.4615914270406,195.76846192647383,12,CHAWHIN,0.441757551542434,3,9.163680858792635,0.0,0.6666666666666666,0.4089456869009585,straight_line,
5THNORTE,W 5TH AVE & NORTHWEST BLVD,-83.041136,39.988558,1,005,2,1,37,6,am_peak+early+evening+midday+owl+pm_peak,False,,False,308.3542299867437,260.5446444647889,12,NOR5THS,0.4392431192573647,0,0.0,0.0,0.0,0.0,straight_line,catchment not reconstructable
HARBELN,HARRISBURG PIKE & BELMEAD AVE,-83.046596,39.933288,1,003,1,1,37,6,am_peak+early+evening+midday+owl+pm_peak,False,,False,158.41220545206153,238.18603343415177,6,HAR111S,0.19727607482930704,1,1.7858930747167756,0.0,1.0,1.0,straight_line,
HARLAUN,HARRISBURG PIKE & LAUREL AVE,-83.044648,39.934822,1,003,1,1,37,6,am_peak+early+evening+midday+owl+pm_peak,False,,False,238.18603343415177,169.40065233627627,8,HARLAUS,0.6146119169066367,2,6.909356813658345,0.0,1.0,1.0,straight_line,
HARBLUN,HARRISBURG PIKE & BLUE ROCK BLVD,-83.06946,39.910841,1,003,1,1,37,6,am_peak+early+evening+midday+owl+pm_peak,False,,False,275.2013690236181,460.30620084235767,4,HARBLUS,0.28415997253509906,1,26.46634982858964,0.0,1.0,1.0,straight_line,
HARREDN,HARRISBURG PIKE & RED ROCK BLVD,-83.066387,39.914245,1,003,1,1,37,6,am_peak+early+evening+midday+owl+pm_peak,False,,False,460.30620084235767,274.73665829652964,3,HARREDS,0.8846773191543935,1,16.441927061654795,0.0,1.0,1.0,straight_line,
HARBIGN,HARRISBURG PIKE & BIG RUN RD E,-83.06485,39.916418,1,003,1,1,37,6,am_peak+early+evening+midday+owl+pm_peak,False,,False,274.73665829652964,324.57547388117615,4,HARALKS,1.8369308249487992,1,16.441927061654795,0.0,1.0,1.0,straight_line,
HAR196N,1896 HARRISBURG PIKE,-83.063003,39.918972,1,003,1,1,37,6,am_peak+early+evening+midday+owl+pm_peak,False,,False,324.57547388117615,342.3428527436096,4,HAR187S,1.3069392690149473,1,16.441927061654795,0.0,0.0,0.0,straight_line,
FAIDESS,FAIRWOOD AVE & DESHLER AVE,-82.954622,39.939013,1,005,2,1,37,6,am_peak+early+evening+midday+owl+pm_peak,False,,False,433.1632924229214,315.393044401599,4,FAIDESN,0.558228062420419,2,6.93863374930944,0.0,1.0,1.0,straight_line,
REFCOUE,REFUGEE RD & COURTRIGHT RD,-82.897316,39.916383,1,005,2,1,37,6,am_peak+early+evening+midday+owl+pm_peak,False,,False,505.2140965887108,380.5479402162802,3,REFCOUW,0.2717548292078288,2,22.104086416576493,0.0,1.0,1.0,straight_line,
REFOLDE,REFUGEE RD & OLD COURTRIGHT RD,-82.892875,39.91615,1,005,2,1,37,6,am_peak+early+evening+midday+owl+pm_peak,False,,False,380.5479402162802,423.1832196692933,3,REFOLCW,0.7938387092979367,0,0.0,0.0,0.0,0.0,straight_line,catchment not reconstructable
REFEASE,REFUGEE RD & EASTLAND MALL,-82.887938,39.915874,1,005,2,1,37,6,am_peak+early+evening+midday+owl+pm_peak,False,,False,423.1832196692933,639.7406500556312,1,REFEASW,0.6702026781616724,0,0.0,0.0,0.0,0.0,straight_line,catchment not reconstructable
REFCITE,REFUGEE RD & CITIZENS PL,-82.878449,39.915309,1,005,2,1,37,6,am_peak+early+evening+midday+owl+pm_peak,False,,False,403.9900833934899,380.221607049769,6,REFCITW1,1.9265568677015796,0,0.0,0.0,0.0,0.0,straight_line,catchment not reconstructable
5THHIGE,W 5TH AVE & HIGHLAND ST,-83.011099,39.987242,1,005,2,1,37,6,am_peak+early+evening+midday+owl+pm_peak,False,,False,205.2154549784102,220.61208124051691,10,5THHIGW,0.15962030264224686,1,7.846218754493375,0.0,1.0,1.0,straight_line,
5THDENE,W 5TH AVE & DENNISON AVE,-83.008519,39.987145,1,005,2,1,37,6,am_peak+early+evening+midday+owl+pm_peak,False,,False,220.61208124051691,236.60283550993466,11,5THDENW,0.4484007621187149,1,13.116067171690451,0.0,1.0,1.0,straight_line,
5THHIGHE,W 5TH AVE & N HIGH ST,-83.005751,39.987058,1,005,2,1,37,6,am_peak+early+evening+midday+owl+pm_peak,False,,False,236.60283550993466,246.2903970462461,9,5THHIGHW,0.2878740025924383,2,20.054700920999892,0.0,1.0,1.0,straight_line,
WHIPEAE,E WHITTIER ST & S PEARL ST,-82.996275,39.943907,1,005,2,1,37,6,am_peak+early+evening+midday+owl+pm_peak,False,,False,393.1638041069958,147.40984137516762,8,HIGWHIN,0.9573108256853713,2,27.98875048244654,0.0,1.0,1.0,straight_line,
4TH7THN1,N 4TH ST & E 7TH AVE,-82.999322,39.989658,1,004,2,1,37,6,am_peak+early+evening+midday+owl+pm_peak,False,,False,235.1866337726284,380.2644498781256,7,SUM7THS,2.785424953629925,2,18.385915588887464,0.0,0.25,0.1517094017094017,straight_line,
4TH9THN,N 4TH ST & E 9TH AVE,-82.99911,39.993079,1,004,2,1,37,6,am_peak+early+evening+midday+owl+pm_peak,False,,False,380.2644498781256,179.84738826384515,10,11T4THE,1.8014342613024035,2,18.385915588887464,0.0,0.5,0.6811279826464208,straight_line,
4THCHIN,N 4TH ST & CHITTENDEN AVE,-82.998986,39.994696,1,004,2,1,37,6,am_peak+early+evening+midday+owl+pm_peak,False,,False,179.84738826384515,527.2083064623274,8,11T4THE,0.6226628600493418,5,28.076581289399805,0.0,0.8,0.9614181438998955,straight_line,
4TH15TN,N 4TH ST & E 15TH AVE,-82.998667,39.999438,1,004,2,1,37,6,am_peak+early+evening+midday+owl+pm_peak,False,,False,527.2083064623274,302.12304975948973,3,SUM15TS,2.7380523629997797,4,10.978850869160507,0.0,0.8,0.9309462915601022,straight_line,
4TH18TN,N 4TH ST & E 18TH AVE,-82.998473,40.002155,1,004,2,1,37,6,am_peak+early+evening+midday+owl+pm_peak,False,,False,302.12304975948973,369.12904251531586,4,SUM18TS,2.8164131119798244,4,8.65621397417366,0.0,0.6,0.31999999999999995,straight_line,
4THLANN,N 4TH ST & E LANE AVE,-82.998246,40.005475,1,004,2,1,37,6,am_peak+early+evening+midday+owl+pm_peak,False,,False,369.12904251531586,338.45094177424363,4,SUMLANS,2.8094061568744,4,11.174030440167805,0.0,0.8,0.8592233009708736,straight_line,
4THALDN,4TH ST & ALDEN AVE,-82.998036,40.008519,1,004,2,1,37,6,am_peak+early+evening+midday+owl+pm_peak,False,,False,338.45094177424363,297.0659517846138,4,SUMALDS,3.0133609570598336,3,9.885845271519639,0.0,0.75,0.7945544554455445,straight_line,
FREGILW,FREBIS AVE & GILBERT ST,-82.975267,39.935144,1,004,2,1,37,6,am_peak+early+evening+midday+owl+pm_peak,False,,False,213.7360555004414,278.3043035348047,6,FREGILE,0.3909055288380238,2,9.201322633201187,0.0,1.0,1.0,straight_line,
4THMAYN,N 4TH ST & MAYNARD AVE,-82.997857,40.011191,1,004,2,1,37,6,am_peak+early+evening+midday+owl+pm_peak,False,,False,297.0659517846138,237.98475963868077,4,SUMMAYS,2.7808757911846005,2,7.934049561446659,0.0,0.6666666666666666,0.48392857142857143,straight_line,
4THCLIN,N 4TH ST & CLINTON ST,-82.997678,40.01333,1,004,2,1,37,6,am_peak+early+evening+midday+owl+pm_peak,False,,False,237.98475963868077,314.0804860559183,7,HUDSILE,2.5663208445477186,3,10.686081512649558,0.0,0.3333333333333333,0.25753424657534246,straight_line,
INDARCN,INDIANOLA AVE & E ARCADIA AVE,-83.001988,40.017259,1,004,2,1,37,6,am_peak+early+evening+midday+owl+pm_peak,False,,False,265.04398863638465,288.64475558927785,8,INDARCS,0.5012671004241247,4,22.25047109483196,0.0,0.75,0.6197368421052633,straight_line,
INDPARN,INDIANOLA AVE & PARKVIEW DR,-83.001785,40.019854,1,004,2,1,37,6,am_peak+early+evening+midday+owl+pm_peak,False,,False,288.64475558927785,305.9796645200044,5,INDOLES,0.8087813488263512,3,17.039176548937107,0.0,1.0,1.0,straight_line,
INDTULN,INDIANOLA AVE & E TULANE RD,-83.001623,40.022607,1,004,2,1,37,6,am_peak+early+evening+midday+owl+pm_peak,False,,False,305.9796645200044,187.74466068840275,6,INDCRES,0.7552909774243479,2,12.998959429086039,0.0,1.0,1.0,straight_line,
INDWEBN,INDIANOLA AVE & E WEBER RD,-83.001518,40.024296,1,004,2,1,37,6,am_peak+early+evening+midday+owl+pm_peak,False,,False,187.74466068840275,403.1673155230855,5,INDTIBS,0.8313911110881638,2,13.789436691665596,0.0,0.6666666666666666,0.6633802816901407,straight_line,
WATALUW,WATKINS RD & ALUM CREEK DR,-82.930054,39.906088,1,004,2,1,37,6,am_peak+early+evening+midday+owl+pm_peak,False,,False,871.6217674755129,730.9710597082048,5,WATALUE,0.26023172966869507,0,0.0,0.0,0.0,0.0,straight_line,catchment not reconstructable
4TH5THN,N 4TH ST & E 5TH AVE,-82.999474,39.987543,1,004,2,1,37,6,am_peak+early+evening+midday+owl+pm_peak,False,,False,343.544434112751,235.1866337726284,8,5TH4THW,0.981906507309658,1,6.93863374930944,0.0,1.0,1.0,straight_line,
2056WATS,2056 WATKINS RD,-82.938594,39.905789,1,004,2,1,37,6,am_peak+early+evening+midday+owl+pm_peak,False,,False,730.9710597082048,237.43330278673608,3,2197WATE,1.4322753800720531,0,0.0,0.0,0.0,0.0,straight_line,catchment not reconstructable
WATNEWW,WATKINS RD & NEW WORLD DR,-82.940135,39.90401,1,004,2,1,37,6,am_peak+early+evening+midday+owl+pm_peak,False,,False,237.43330278673608,464.2536057040409,3,WATNEWE,0.9890564181066086,0,0.0,0.0,0.0,0.0,straight_line,catchment not reconstructable
180WATW,1800 WATKINS RD,-82.945552,39.904292,1,004,2,1,37,6,am_peak+early+evening+midday+owl+pm_peak,False,,False,464.2536057040409,619.6046042090504,1,180WATE,0.44238429861924383,0,0.0,0.0,0.0,0.0,straight_line,catchment not reconstructable
WEIWATS,WEIRTON DR & WATKINS RD,-82.952798,39.904255,1,004,2,1,37,6,am_peak+early+evening+midday+owl+pm_peak,False,,False,619.6046042090504,202.01414593285304,4,WEIWATN,0.43799147581662823,0,0.0,0.0,0.0,0.0,straight_line,catchment not reconstructable
WEIHOUS,WEIRTON DR & HOUSTON DR,-82.952471,39.902453,1,004,2,1,37,6,am_peak+early+evening+midday+owl+pm_peak,False,,False,202.01414593285304,241.72587873044088,5,WEIHOUN,0.1960966895549306,1,6.704418264100682,0.0,1.0,1.0,straight_line,
WEISOUW,WEIRTON DR & SOUTHFIELD DR S,-82.952716,39.900284,1,004,2,1,37,6,am_peak+early+evening+midday+owl+pm_peak,False,,False,241.72587873044088,283.37959885439415,5,FAIWEIN,0.19995039293634514,1,4.215878733757634,0.0,1.0,1.0,straight_line,
VENSOUW,VENICE DR & SOUTHFIELD DR E,-82.953303,39.897772,1,004,2,1,37,6,am_peak+early+evening+midday+owl+pm_peak,False,,False,283.37959885439415,395.72841377085973,5,VENSOUE,0.24084552953499747,1,4.215878733757634,0.0,1.0,1.0,straight_line,
VENFAIW,VENICE DR & FAIRWOOD AVE,-82.957724,39.898825,1,004,2,1,37,6,am_peak+early+evening+midday+owl+pm_peak,False,,False,395.72841377085973,271.6771520663246,4,VENFAIE,0.453556552314849,2,10.920296997858316,0.0,1.0,1.0,straight_line,
FAISOUN,FAIRWOOD AVE & SOUTHFIELD DR S,-82.957597,39.90127,1,004,2,1,37,6,am_peak+early+evening+midday+owl+pm_peak,False,,False,271.6771520663246,374.90044611138404,4,FAISOUS,0.31909814136494896,1,6.704418264100682,0.0,1.0,1.0,straight_line,
FAIWATN,FAIRWOOD AVE & WATKINS RD,-82.957343,39.904641,1,004,2,1,37,6,am_peak+early+evening+midday+owl+pm_peak,False,,False,374.90044611138404,438.0220749733488,4,FAIWATS,0.5169607152773409,1,6.704418264100682,0.0,1.0,1.0,straight_line,
FAIFABN,FAIRWOOD AVE & FABER AVE,-82.957056,39.90858,1,004,2,1,37,6,am_peak+early+evening+midday+owl+pm_peak,False,,False,438.0220749733488,407.35668978128075,3,FAIFABS,0.4772382305658572,1,5.738279387614558,0.0,1.0,1.0,straight_line,
KOEFAIW,KOEBEL RD & FAIRWOOD AVE,-82.957167,39.912248,1,004,2,1,37,6,am_peak+early+evening+midday+owl+pm_peak,False,,False,407.35668978128075,289.50373860020744,4,KOEFAIE,0.16450503209196826,1,5.738279387614558,0.0,1.0,1.0,straight_line,
KOEEDSW1,KOEBEL RD & EDSEL AVE,-82.960545,39.912428,1,004,2,1,37,6,am_peak+early+evening+midday+owl+pm_peak,False,,False,289.50373860020744,462.9041306344002,3,KOEEDSLE,0.18552967312667484,1,5.738279387614558,0.0,1.0,1.0,straight_line,
KOE113W,KOEBEL RD & LOCKBOURNE RD,-82.965946,39.912719,1,004,2,1,37,6,am_peak+early+evening+midday+owl+pm_peak,False,,False,462.9041306344002,93.66499574561247,3,KOEACRE,0.6825843614352867,1,5.738279387614558,0.0,1.0,1.0,straight_line,
LOC245N,2452 LOCKBOURNE RD,-82.966083,39.913556,1,004,2,1,37,6,am_peak+early+evening+midday+owl+pm_peak,False,,False,93.66499574561247,421.41871753709177,4,LOC244S,1.0545125188022308,0,0.0,0.0,0.0,0.0,straight_line,catchment not reconstructable
LOC230N,2300 LOCKBOURNE RD,-82.965732,39.917342,1,004,2,1,37,6,am_peak+early+evening+midday+owl+pm_peak,False,,False,421.41871753709177,222.27518700805916,4,LOC234S,0.8686109203137038,0,0.0,0.0,0.0,0.0,straight_line,catchment not reconstructable
REFCOUW,REFUGEE RD & COURTRIGHT RD,-82.897403,39.916567,1,005,2,1,37,6,am_peak+early+evening+midday+owl+pm_peak,False,,False,328.6254440837555,585.579657378407,3,REFCOUE,0.2717548292078288,2,22.104086416576493,0.0,1.0,1.0,straight_line,
REFWEYW,REFUGEE RD & WEYBURN RD,-82.904236,39.916934,1,005,2,1,37,6,am_peak+early+evening+midday+owl+pm_peak,False,,False,585.579657378407,402.89617026783765,2,REFWEYE,1.1416945576113668,1,18.795792688002795,0.0,1.0,1.0,straight_line,
CHATFONW,CHATTERTON RD & FONTAINE RD,-82.853042,39.914056,1,005,2,1,37,6,am_peak+early+evening+midday+owl+pm_peak,False,,False,465.84944639138104,244.7246736440196,3,CHAFONTE,0.775397811151413,3,38.6748319950961,0.0,1.0,1.0,straight_line,
CHAFLEW,CHATTERTON RD & FLEET RD,-82.855865,39.914421,1,005,2,1,37,6,am_peak+early+evening+midday+owl+pm_peak,False,,False,244.7246736440196,339.90217113649373,5,CHAFLEE,0.45058189008514027,2,30.067412913674264,0.0,1.0,1.0,straight_line,
CHARENW1,CHATTERTON RD & RENFRO RD,-82.859603,39.915464,1,005,2,1,37,6,am_peak+early+evening+midday+owl+pm_peak,False,,False,339.90217113649373,189.20868215460732,7,CHARENE,0.858696786461034,2,9.963917099922558,0.0,1.0,1.0,straight_line,
CHANOEW,CHATTERTON RD & NOE BIXBY RD,-82.861799,39.915676,1,005,2,1,37,6,am_peak+early+evening+midday+owl+pm_peak,False,,False,189.20868215460732,200.17983107028064,5,CHANOEE,0.8585276661162797,2,9.963917099922558,0.0,1.0,1.0,straight_line,
REFNOEW,REFUGEE RD & NOE BIXBY RD,-82.864097,39.91533,1,005,2,1,37,6,am_peak+early+evening+midday+owl+pm_peak,False,,False,200.17983107028064,815.5222728785365,4,REFNOEE,0.2865102313043197,1,6.011530787024775,0.0,1.0,1.0,straight_line,
REFTENW,REFUGEE RD & TENNYSON BLVD,-82.873635,39.915215,1,005,2,1,37,6,am_peak+early+evening+midday+owl+pm_peak,False,,False,815.5222728785365,258.5669228650702,2,REFTENE,0.4398912896230449,2,49.185251893839066,0.0,1.0,1.0,straight_line,
INDFALN,INDIANOLA AVE & FALLIS RD,-83.000424,40.03886,1,004,2,1,37,6,am_peak+early+evening+midday+owl+pm_peak,False,,False,242.81109857723635,340.45047298667004,5,INDFALS,0.3501841480206664,2,16.48291477156631,0.0,1.0,1.0,straight_line,
INDNORTN,INDIANOLA AVE & NORTHRIDGE RD,-83.000169,40.04192,1,004,2,1,37,6,am_peak+early+evening+midday+owl+pm_peak,False,,False,340.45047298667004,238.32910724100492,5,INDNORTS,0.35916349186083313,1,6.206710358032073,0.0,1.0,1.0,straight_line,
SINSTRN,SINCLAIR RD & STRIMPLE AVE,-82.997976,40.07245,1,004,2,1,37,6,am_peak+early+evening+midday+owl+pm_peak,False,,False,254.31609698233072,222.17968316402494,5,SINSTRS,0.3042146217589786,1,21.50878872500427,0.0,1.0,1.0,straight_line,
SINLINN,SINCLAIR RD & LINCOLN AVE,-82.997858,40.074449,1,004,2,1,37,6,am_peak+early+evening+midday+owl+pm_peak,False,,False,222.17968316402494,711.8198346327704,3,SINLINS,0.7121297835564138,1,21.50878872500427,0.0,1.0,1.0,straight_line,
SINSHON,SINCLAIR RD & SHORE DR,-82.997564,40.080856,1,004,2,1,37,6,am_peak+early+evening+midday+owl+pm_peak,False,,False,711.8198346327704,756.0263840713901,1,SINSHOS,0.2574721106480727,3,58.86615861580108,0.0,1.0,1.0,straight_line,
SINDUBN,SINCLAIR RD & DUBLIN GRANDVILLE RD,-82.997512,40.087665,1,004,2,1,37,6,am_peak+early+evening+midday+owl+pm_peak,False,,False,756.0263840713901,468.4878827288816,1,SINDUBS,0.8096306218146786,0,0.0,0.0,0.0,0.0,straight_line,catchment not reconstructable
REFEASW,REFUGEE RD & EASTLAND MALL,-82.887337,39.916012,1,005,2,1,37,6,am_peak+early+evening+midday+owl+pm_peak,False,,False,562.5766779987026,534.1340474004793,1,REFEASE,0.6702026781616724,0,0.0,0.0,0.0,0.0,straight_line,catchment not reconstructable
REFOLCW,REFUGEE RD & OLD COURTRIGHT RD,-82.893569,39.916354,1,005,2,1,37,6,am_peak+early+evening+midday+owl+pm_peak,False,,False,534.1340474004793,328.6254440837555,3,REFOLDE,0.7938387092979367,1,3.308293728573699,0.0,0.0,0.0,straight_line,
INDJEFN,INDIANOLA AVE & E JEFFREY PL,-83.000942,40.060604,1,004,2,1,37,6,am_peak+early+evening+midday+owl+pm_peak,False,,False,379.62267616471917,559.0332686338966,6,INDJEFS,0.278137337406313,1,11.0666816761138,0.0,1.0,1.0,straight_line,
487SINN,4875 SINCLAIR RD,-82.998426,40.065253,1,004,2,1,37,6,am_peak+early+evening+midday+owl+pm_peak,False,,False,559.0332686338966,545.6975193819599,1,487SINS,0.4303793683461724,0,0.0,0.0,0.0,0.0,straight_line,catchment not reconstructable
SINFREN,SINCLAIR RD & FREEWAY DR N,-82.998115,40.070162,1,004,2,1,37,6,am_peak+early+evening+midday+owl+pm_peak,False,,False,545.6975193819599,254.31609698233072,3,SINFRES,0.40968877987669616,0,0.0,0.0,0.0,0.0,straight_line,catchment not reconstructable
INDCOMN,INDIANOLA AVE & E COMO AVE,-83.001222,40.02792,1,004,2,1,37,6,am_peak+early+evening+midday+owl+pm_peak,False,,False,403.1673155230855,215.04548908824074,7,INDMIDS,0.8528910548338168,2,14.462806211640773,0.0,0.3333333333333333,0.3805436337625179,straight_line,
INDCLIN,INDIANOLA AVE & CLINTON HGTS AVE,-83.001064,40.029853,1,004,2,1,37,6,am_peak+early+evening+midday+owl+pm_peak,False,,False,215.04548908824074,194.1766806424838,10,INDWALS,0.30306595766307487,2,14.462806211640773,0.0,1.0,1.0,straight_line,
INDNORN,INDIANOLA AVE & E N BROADWAY,-83.000913,40.031598,1,004,2,1,37,6,am_peak+early+evening+midday+owl+pm_peak,False,,False,194.1766806424838,344.3879527366336,9,NORINDW,0.6096192685082322,1,10.276204413534238,0.0,0.5,0.606217616580311,straight_line,
INDPIEN,INDIANOLA AVE & PIEDMONT RD,-83.000715,40.034696,1,004,2,1,37,6,am_peak+early+evening+midday+owl+pm_peak,False,,False,344.3879527366336,220.18887890376783,6,INDOAKS,2.13792924590078,1,10.276204413534238,0.0,1.0,1.0,straight_line,
INDTORN,INDIANOLA AVE & TORRENCE RD,-83.00057,40.036676,1,004,2,1,37,6,am_peak+early+evening+midday+owl+pm_peak,False,,False,220.18887890376783,242.81109857723635,5,INDTORS,0.3369941664804531,1,10.276204413534238,0.0,1.0,1.0,straight_line,
FRE18TW,FREBIS AVE & S 18TH ST,-82.978517,39.935298,1,004,2,1,37,6,am_peak+early+evening+midday+owl+pm_peak,False,,False,278.3043035348047,244.23524805713544,6,FRE18TE,0.13958872215528026,3,10.255292316640595,0.0,1.0,1.0,straight_line,
FREANNW,FREBIS AVE & ANN ST,-82.981369,39.935435,1,004,2,1,37,6,am_peak+early+evening+midday+owl+pm_peak,False,,False,244.23524805713544,172.0197556347385,11,FREANNE,0.1528991449595781,3,6.089602615427694,0.0,0.6666666666666666,0.7596153846153846,straight_line,
FREPARW,FREBIS AVE & PARSONS AVE,-82.983378,39.935528,1,004,2,1,37,6,am_peak+early+evening+midday+owl+pm_peak,False,,False,172.0197556347385,204.30407386005837,9,PARFREN,0.3475031381761048,3,6.616587457147398,0.0,0.6666666666666666,0.7787610619469026,straight_line,
INDGLEN,INDIANOLA AVE & GLENMONT AVE,-82.999988,40.044062,1,004,2,1,37,6,am_peak+early+evening+midday+owl+pm_peak,False,,False,238.32910724100492,575.5196024456449,3,INDGLES,0.4464289098234346,1,6.206710358032073,0.0,1.0,1.0,straight_line,
INDCOON,INDIANOLA AVE & E COOKE RD,-82.999782,40.049243,1,004,2,1,37,6,am_peak+early+evening+midday+owl+pm_peak,False,,False,575.5196024456449,302.948451046675,3,INDCOOS,1.4289139820360481,0,0.0,0.0,0.0,0.0,straight_line,catchment not reconstructable
INDSCHN1,INDIANOLA AVE & E SCHREYER PL,-83.000027,40.051965,1,004,2,1,37,6,am_peak+early+evening+midday+owl+pm_peak,False,,False,302.948451046675,257.9636103448376,4,INDSCHS,0.19011415903442938,0,0.0,0.0,0.0,0.0,straight_line,catchment not reconstructable
INDWEIN,INDIANOLA AVE & E WEISHEIMER RD,-83.000232,40.054283,1,004,2,1,37,6,am_peak+early+evening+midday+owl+pm_peak,False,,False,257.9636103448376,324.89338565660813,5,INDWEIS,0.4353216747150026,0,0.0,0.0,0.0,0.0,straight_line,catchment not reconstructable
INDBEAN,INDIANOLA AVE & E BEAUMONT RD,-83.000498,40.057202,1,004,2,1,37,6,am_peak+early+evening+midday+owl+pm_peak,False,,False,324.89338565660813,379.62267616471917,5,INDBEAS,0.5093196876658933,1,11.0666816761138,0.0,1.0,1.0,straight_line,
FAIDESN,FAIRWOOD AVE & DESHLER AVE,-82.954447,39.939392,1,005,2,1,37,6,am_peak+early+evening+midday+owl+pm_peak,False,,False,311.6404538012249,342.3065353449139,5,FAIDESS,0.558228062420419,2,6.93863374930944,0.0,1.0,1.0,straight_line,
FAIWHIN,FAIRWOOD AVE & WHITTIER ST,-82.954217,39.94247,1,005,2,1,37,6,am_peak+early+evening+midday+owl+pm_peak,False,,False,342.3065353449139,99.453261204068,6,WHITFAIE,0.7104444021859427,2,3.864555505944498,0.0,0.3333333333333333,0.37755102040816324,straight_line,
WHISEYW1,E WHITTIER ST & SEYMOUR AVE,-82.955074,39.943076,1,005,2,1,37,6,am_peak+early+evening+midday+owl+pm_peak,False,,False,99.453261204068,357.1851133249409,5,WHISEYE,0.45862098444620847,2,4.040217119851066,0.0,0.5,0.463768115942029,straight_line,
RICPARN,RICHARD AVE & PARLIN DR,-83.07882,39.895041,1,003,1,1,37,6,am_peak+early+evening+midday+owl+pm_peak,False,,False,262.63427092999933,215.60478336422986,7,RICPARS1,0.29509214044443716,2,30.65295162669614,0.0,1.0,1.0,straight_line,
PARBROW,PARLIN DR & BROADWAY,-83.081319,39.895297,1,003,1,1,37,6,am_peak+early+evening+midday+owl+pm_peak,False,,False,215.60478336422986,282.7518771098888,7,PARBROE,0.20743504453307104,1,4.918525189383907,0.0,0.5,0.2823529411764705,straight_line,
BROCENN,BROADWAY & CENTRAL AVE,-83.080445,39.897753,1,003,1,1,37,6,am_peak+early+evening+midday+owl+pm_peak,False,,False,282.7518771098888,284.0952222525506,7,BROCENS,0.5220750512013794,2,91.9003010087863,0.0,1.0,1.0,straight_line,
BRO3136,3136 BROADWAY,-83.078791,39.899972,1,003,1,1,37,6,am_peak+early+evening+midday+owl+pm_peak,False,,False,284.0952222525506,753.7487936881142,4,BRO1STS,1.0904145984637776,1,12.501251523017437,0.0,0.5,0.29570637119113563,straight_line,
HARCENPN,HARRISBURG PIKE & CENTERPOINT DR,-83.074185,39.90576,1,003,1,1,37,6,am_peak+early+evening+midday+owl+pm_peak,False,,False,753.7487936881142,418.7120148321841,1,HARCENPS,0.5186790639305323,0,0.0,0.0,0.0,0.0,straight_line,catchment not reconstructable
WHIOAKW,E WHITTIER ST & OAKWOOD AVE,-82.96954,39.94354,1,005,2,1,37,6,am_peak+early+evening+midday+owl+pm_peak,False,,False,290.7382818874831,188.66347037198005,12,WHICHAE,0.7718245414675194,3,9.163680858792635,0.0,1.0,1.0,straight_line,
WHIOHIW,E WHITTIER ST & S OHIO AVE,-82.971743,39.94365,1,005,2,1,37,6,am_peak+early+evening+midday+owl+pm_peak,False,,False,188.66347037198005,227.4120687135255,12,OHIWHIS,0.29540556370607146,2,7.729111011888996,0.0,1.0,1.0,straight_line,
WHIGILW,E WHITTIER ST & GILBERT ST,-82.974398,39.943788,1,005,2,1,37,6,am_peak+early+evening+midday+owl+pm_peak,False,,False,227.4120687135255,236.73574321393716,11,WHI22NE,1.1035381375395457,3,8.607419081421837,0.0,0.75,0.7882037533512064,straight_line,
WHIHEYW,E WHITTIER ST & HEYL AVE,-82.977162,39.94393,1,005,2,1,37,6,am_peak+early+evening+midday+owl+pm_peak,False,,False,236.73574321393716,170.1073291235419,6,WHI18TE,1.150715965692059,3,8.607419081421837,0.0,1.0,1.0,straight_line,
TRABENW,TRABUE RD & BENDELOW DR,-83.101826,39.989506,1,005,2,1,37,6,am_peak+early+evening+midday+owl+pm_peak,False,,False,855.7511949677587,545.6138784523519,1,TRABENE,0.24297591010163155,1,24.358410461710797,0.0,1.0,1.0,straight_line,
REFSCHW,REFUGEE RD & SCHWARTZ RD,-82.908937,39.91719,1,005,2,1,37,6,am_peak+early+evening+midday+owl+pm_peak,False,,False,402.89617026783765,385.49675681206134,2,REFSCHE,0.33983307606671076,0,0.0,0.0,0.0,0.0,straight_line,catchment not reconstructable
REFWINW,REFUGEE RD & WINCHESTER PIKE,-82.913437,39.917412,1,005,2,1,37,6,am_peak+early+evening+midday+owl+pm_peak,False,,False,385.49675681206134,2107.693880178961,2,REFWINE,1.254114693925532,0,0.0,0.0,0.0,0.0,straight_line,catchment not reconstructable
FAIGATN,FAIRWOOD AVE & GATES ST,-82.954683,39.936591,1,005,2,1,37,6,am_peak+early+evening+midday+owl+pm_peak,False,,False,268.8026190500483,311.6404538012249,7,FAIGATS,0.607469515100303,3,10.334758284836422,0.0,0.6666666666666666,0.4929178470254958,straight_line,
WHIBEEW,E WHITTIER ST & BEECH ST,-82.985944,39.944388,1,005,2,1,37,6,am_peak+early+evening+midday+owl+pm_peak,False,,False,273.60101797533844,210.553893917812,10,WHIBRUE,1.7299823774653498,2,17.156284291541503,0.0,0.6666666666666666,0.6066252587991717,straight_line,
WHIEBNW,E WHITTIER ST & EBNER ST,-82.988402,39.944518,1,005,2,1,37,6,am_peak+early+evening+midday+owl+pm_peak,False,,False,210.553893917812,238.0965283883536,4,WHIBRUE,0.9233522189091369,3,28.2815198389575,0.0,1.0,1.0,straight_line,
WHI5THW,E WHITTIER ST & S 5TH ST,-82.991186,39.944601,1,005,2,1,37,6,am_peak+early+evening+midday+owl+pm_peak,False,,False,238.0965283883536,256.2517116025477,5,WHIJAEE,0.8820419074124807,3,31.648367438833397,0.0,1.0,1.0,straight_line,
WHI3RDW,E WHITTIER ST & S 3RD ST,-82.994152,39.944262,1,005,2,1,37,6,am_peak+early+evening+midday+owl+pm_peak,False,,False,256.2517116025477,246.893131395652,9,WHI3RDE,0.4971203333710834,2,20.874455119230536,0.0,1.0,1.0,straight_line,
WHILILW,E WHITTIER ST & LILLEY AVE,-82.959252,39.943164,1,005,2,1,37,6,am_peak+early+evening+midday+owl+pm_peak,False,,False,357.1851133249409,148.5279120766741,7,WHIKELE,1.135180746259131,3,10.861743126556128,0.0,0.6666666666666666,0.8274932614555256,straight_line,
WHIELLW,E WHITTIER ST & ELLSWORTH AVE,-82.960989,39.943209,1,005,2,1,37,6,am_peak+early+evening+midday+owl+pm_peak,False,,False,148.5279120766741,208.61800184093136,6,WHIKELE,0.7550938999532029,2,8.988019244886068,0.0,1.0,1.0,straight_line,
WHILOCW,E WHITTIER ST & LOCKBOURNE RD,-82.963427,39.943304,1,005,2,1,37,6,am_peak+early+evening+midday+owl+pm_peak,False,,False,208.61800184093136,232.44854129187044,7,WHIMILE,1.1745419258930403,3,6.294541164985357,0.0,0.25,0.3248730964467005,straight_line,
WHILINW,E WHITTIER ST & LINWOOD AVE,-82.966146,39.94336,1,005,2,1,37,6,am_peak+early+evening+midday+owl+pm_peak,False,,False,232.44854129187044,290.7382818874831,7,WHISTUE,0.9850724381806936,2,2.5470934016452373,0.0,1.0,1.0,straight_line,
REFCITW1,REFUGEE RD & CITIZENS PL,-82.87665,39.915399,1,005,2,1,37,6,am_peak+early+evening+midday+owl+pm_peak,False,,False,258.5669228650702,332.46108665827916,6,REFCITE,1.9265568677015796,0,0.0,0.0,0.0,0.0,straight_line,catchment not reconstructable
GENPRIW,GENDER RD T C & PRIVATE DR,-82.8234,39.905775,1,005,2,1,37,6,am_peak+early+evening+midday+owl+pm_peak,False,,False,455.4650064647962,300.32152231023446,2,GENUPPS,3.0967347560694947,2,39.89470431389173,0.0,0.5,0.4252873563218388,straight_line,
REFGENW,REFUGEE RD & GENDER RD,-82.824607,39.910985,1,005,2,1,37,6,am_peak+early+evening+midday+owl+pm_peak,False,,False,289.0210035474486,231.41595561270367,7,GENREFS,0.7474527257676856,3,25.931000148112435,0.0,1.0,1.0,straight_line,
REFSTIRW,REFUGEE RD & STIRLING BRIDGE,-82.827115,39.911769,1,005,2,1,37,6,am_peak+early+evening+midday+owl+pm_peak,False,,False,231.41595561270367,458.77316795167815,4,REFCTNVE,0.4339251613466074,2,13.049148461630772,0.0,1.0,1.0,straight_line,
REFBRIW,REFUGEE RD & BRICE RD,-82.832296,39.912845,1,005,2,1,37,6,am_peak+early+evening+midday+owl+pm_peak,False,,False,458.77316795167815,523.4677168134925,1,REFBRIE,0.3501713162405521,1,4.383175508906747,0.0,1.0,1.0,straight_line,
CHAJOSW,CHATTERTON RD & JOSHSTOCK DR,-82.838401,39.913205,1,005,2,1,37,6,am_peak+early+evening+midday+owl+pm_peak,False,,False,523.4677168134925,469.58535447446263,1,CHAJOSE,0.6332866386257603,1,22.523722494242204,0.0,1.0,1.0,straight_line,
CHATFXW,CHATTERTON RD & FOX CHAPLE DR,-82.843877,39.913534,1,005,2,1,37,6,am_peak+early+evening+midday+owl+pm_peak,False,,False,469.58535447446263,319.8405742072843,3,CHATBONE,0.5228920124568581,1,22.523722494242204,0.0,1.0,1.0,straight_line,
CHATFALW,CHATTERTON RD & FALCON BRIDGE DR,-82.847609,39.913735,1,005,2,1,37,6,am_peak+early+evening+midday+owl+pm_peak,False,,False,319.8405742072843,465.84944639138104,3,CHATFALE,0.6921618129624733,2,31.13114157566404,0.0,1.0,1.0,straight_line,
5THASHW,W 5TH AVE & ASHLAND AVE,-83.050178,39.989128,1,005,2,1,37,6,am_peak+early+evening+midday+owl+pm_peak,False,,False,225.80516057668726,214.229144151885,7,5THASHE,0.2557368195995201,1,11.915712809995547,0.0,1.0,1.0,straight_line,
5THWESW,W 5TH AVE & WESTWOOD AVE,-83.052684,39.989212,1,005,2,1,37,6,am_peak+early+evening+midday+owl+pm_peak,False,,False,214.229144151885,252.20036352173202,5,5THWESE,0.2345613433546634,1,11.915712809995547,0.0,1.0,1.0,straight_line,
5THWYAW,W 5TH AVE & WYANDOTTE RD,-83.055634,39.989314,1,005,2,1,37,6,am_peak+early+evening+midday+owl+pm_peak,False,,False,252.20036352173202,206.60871229849815,8,5THWYAE,0.20647234430495623,2,23.2458869069692,0.0,1.0,1.0,straight_line,
5THCAMW,W 5TH AVE & CAMBRIDGE BLVD,-83.058049,39.989423,1,005,2,1,37,6,am_peak+early+evening+midday+owl+pm_peak,False,,False,206.60871229849815,164.3882186191265,11,5THCAME,0.21154429844960004,1,11.330174096973654,0.0,1.0,1.0,straight_line,
5THARLW,W 5TH AVE & ARLINGTON AVE,-83.05997,39.989516,1,005,2,1,37,6,am_peak+early+evening+midday+owl+pm_peak,False,,False,164.3882186191265,328.42984907768044,12,ARL5THN,0.30548316116131946,0,0.0,0.0,0.0,0.0,straight_line,catchment not reconstructable
5THLOCW,W 5TH AVE & LOWER CHELSEA RD,-83.063812,39.989643,1,005,2,1,37,6,am_peak+early+evening+midday+owl+pm_peak,False,,False,328.42984907768044,155.6851770668781,8,5TH2200E,1.448638672529897,0,0.0,0.0,0.0,0.0,straight_line,catchment not reconstructable
5THMICW,W 5TH AVE & MICHIGAN AVE,-83.016423,39.98754,1,005,2,1,37,6,am_peak+early+evening+midday+owl+pm_peak,False,,False,251.43538782533727,186.95962269963877,9,5THMICE,0.45105149474877904,2,33.55136825615452,0.0,1.0,1.0,straight_line,
5THPERW,W 5TH AVE & PERRY ST,-83.018609,39.987629,1,005,2,1,37,6,am_peak+early+evening+midday+owl+pm_peak,False,,False,186.95962269963877,222.24851876783453,4,5THPERE,0.4845575941292045,2,33.55136825615452,0.0,0.5,0.39703315881326373,straight_line,
5THRUNW,W 5TH AVE & RUNAWAY BAY DR,-83.072461,39.986993,1,005,2,1,37,6,am_peak+early+evening+midday+owl+pm_peak,False,,False,298.0473612949089,193.39894293135217,5,5THRUN2E,0.6103081969353841,2,39.54338108607863,0.0,1.0,1.0,straight_line,
5THSEAPW,W 5TH AVE & SEAPORT,-83.073776,39.985575,1,005,2,1,37,6,am_peak+early+evening+midday+owl+pm_peak,False,,False,193.39894293135217,740.667102245801,3,5THRUN1E,0.5311215076072864,1,20.68903452677363,0.0,1.0,1.0,straight_line,
MCKQUAN,MCKINLEY AVE & QUARRY LAKE DR,-83.080044,39.990185,1,005,2,1,37,6,am_peak+early+evening+midday+owl+pm_peak,False,,False,740.667102245801,400.9572919301373,1,MCKQUAS,0.3781159716068779,1,18.854346559305004,0.0,1.0,1.0,straight_line,
MCK3235N,3235 MCKINLEY AVE,-83.082824,39.993095,1,005,2,1,37,6,am_peak+early+evening+midday+owl+pm_peak,False,,False,400.9572919301373,364.6068751612728,3,MCK3265S,1.2133133802687657,0,0.0,0.0,0.0,0.0,straight_line,catchment not reconstructable
TRAMCKW,TRABUE RD & MCKINLEY AVE,-83.086513,39.994748,1,005,2,1,37,6,am_peak+early+evening+midday+owl+pm_peak,False,,False,364.6068751612728,575.7309156354714,3,TRAMCKE,0.23819073224039636,0,0.0,0.0,0.0,0.0,straight_line,catchment not reconstructable
TRAMAPW,TRABUE RD & MAPLEWAY DR,-83.092694,39.992678,1,005,2,1,37,6,am_peak+early+evening+midday+owl+pm_peak,False,,False,575.7309156354714,855.7511949677587,1,TRAHAGE,0.24734958699498993,0,0.0,0.0,0.0,0.0,straight_line,catchment not reconstructable
5THGRANW,W 5TH AVE & GRANDVIEW AVE,-83.044254,39.988841,1,005,2,1,37,6,am_peak+early+evening+midday+owl+pm_peak,False,,False,318.0049467350209,281.14308606979074,12,GRA5THN,0.3812369426418196,2,20.347470277510837,0.0,1.0,1.0,straight_line,
5THFAIW,W 5TH AVE & FAIRVIEW AVE,-83.04754,39.988992,1,005,2,1,37,6,am_peak+early+evening+midday+owl+pm_peak,False,,False,281.14308606979074,225.80516057668726,11,5THFAIE,0.17458775734187587,2,21.811317060065562,0.0,1.0,1.0,straight_line,
NORKINN,NORTHWEST BLVD & KING AVE,-83.040485,39.991291,1,003,1,1,37,6,am_peak+early+evening+midday+owl+pm_peak,False,,False,265.69287279547564,376.50366321004014,11,NORKINGS,0.3452773385857186,0,0.0,0.0,0.0,0.0,straight_line,catchment not reconstructable
NORCHAWF,NORTHWEST BLVD & CHAMBERS RD,-83.042968,39.994093,1,003,1,1,37,6,am_peak+early+evening+midday+owl+pm_peak,False,,False,376.50366321004014,180.84813060756593,9,NORCHASE,1.4319390021936886,1,7.436341655378049,0.0,0.0,0.0,straight_line,
NORINDNW,NORTHWEST BLVD & INDEPENDENCE RD,-83.04478,39.994936,1,003,1,1,37,6,am_peak+early+evening+midday+owl+pm_peak,False,,False,180.84813060756593,166.67799055459204,7,NORKINSE,0.41956288881536585,2,18.64940800974732,0.0,1.0,1.0,straight_line,
NORNORN,NORTHWEST BLVD & NORTHWEST CT,-83.04645,39.995713,1,003,1,1,37,6,am_peak+early+evening+midday+owl+pm_peak,False,,False,166.67799055459204,258.02888350497466,10,NORNORSE,0.4950377621136064,1,7.436341655378049,0.0,1.0,1.0,straight_line,
NORNORNW,NORTHWEST BLVD & NORTH STAR RD,-83.049106,39.996821,1,003,1,1,37,6,am_peak+early+evening+midday+owl+pm_peak,False,,False,258.02888350497466,362.25441113250525,10,NORSTASE,0.2641333312280822,1,13.906544434270002,0.0,0.5,0.6515775034293558,straight_line,
NORGLENW,NORTHWEST BLVD & GLENN AVE,-83.052662,39.9986,1,003,1,1,37,6,am_peak+early+evening+midday+owl+pm_peak,False,,False,362.25441113250525,169.7551946226229,7,NORGLESE,0.30820225219387,2,18.942177366258285,0.0,0.5,0.7341576506955182,straight_line,
NORBARNW,NORTHWEST BLVD & BARRINGTON RD,-83.053991,39.999737,1,003,1,1,37,6,am_peak+early+evening+midday+owl+pm_peak,False,,False,169.7551946226229,235.08591455207883,5,NORBARSE,0.8729072559777821,2,18.942177366258285,0.0,1.0,1.0,straight_line,
NORGUINW,NORTHWEST BLVD & GUILFORD RD,-83.055287,40.001605,1,003,1,1,37,6,am_peak+early+evening+midday+owl+pm_peak,False,,False,235.08591455207883,225.73329660867458,5,NORGUISE,0.57716811898945,2,18.942177366258285,0.0,1.0,1.0,straight_line,
HARHYDN,HARRISBURG PIKE & HYDE RD,-83.071354,39.908837,1,003,1,1,37,6,am_peak+early+evening+midday+owl+pm_peak,False,,False,418.7120148321841,275.2013690236181,3,HARHYDS,0.3734565337426069,1,26.46634982858964,0.0,1.0,1.0,straight_line,
NORBRANW,NORTHWEST BLVD & BRANDON RD,-83.05706,40.003113,1,003,1,1,37,6,am_peak+early+evening+midday+owl+pm_peak,False,,False,225.73329660867458,438.612120864716,4,NORSUFSE,1.4841031126429554,2,9.719942636163434,0.0,0.6666666666666666,0.640926640926641,straight_line,
NORLANNN,NORTHWEST BLVD & W LANE AVE,-83.058045,40.00699,1,003,1,1,37,6,am_peak+early+evening+midday+owl+pm_peak,False,,False,438.612120864716,279.91456090332355,4,NORLANSE,0.3358960862075882,3,19.644823821884536,0.0,0.6666666666666666,0.7436661698956782,straight_line,
NORWILSN,NORTHWEST BLVD & WILSHIRE DR,-83.057914,40.009509,1,003,1,1,37,6,am_peak+early+evening+midday+owl+pm_peak,False,,False,279.91456090332355,238.61071756926634,5,NORWILSS,0.33578847433740433,2,33.52209132050347,0.0,1.0,1.0,straight_line,
NORNORTN,NORTHWEST BLVD & NORTHAM RD,-83.057793,40.011656,1,003,1,1,37,6,am_peak+early+evening+midday+owl+pm_peak,False,,False,238.61071756926634,299.61857991584566,5,NORNORTS,0.421079007981937,2,33.52209132050347,0.0,1.0,1.0,straight_line,
NORRIDN,NORTHWEST BLVD & RIDGEVIEW RD,-83.057615,40.014351,1,003,1,1,37,6,am_peak+early+evening+midday+owl+pm_peak,False,,False,299.61857991584566,500.0776055298072,3,NORRIDS,0.36924774185813125,1,9.16368085879264,0.0,1.0,1.0,straight_line,
ZOLNORW3,ZOLLINGER RD & NORTHWEST BLVD,-83.057858,40.018851,1,003,1,1,37,6,am_peak+early+evening+midday+owl+pm_peak,False,,False,500.0776055298072,329.10648613658265,5,NORZOLS,0.7081318613112397,2,22.49723383817693,0.0,1.0,1.0,straight_line,
ZOLTREW,ZOLLINGER RD & TREMONT RD,-83.061707,40.019018,1,003,1,1,37,6,am_peak+early+evening+midday+owl+pm_peak,False,,False,329.10648613658265,200.65700805986523,8,TREZOLS,1.2309288874753384,2,20.493854955766306,0.0,1.0,1.0,straight_line,
BROLOZN,BROADWAY & LOTZ DR,-83.090833,39.885338,1,003,1,1,37,6,am_peak+early+evening+midday+owl+pm_peak,False,,False,249.50517822223827,409.6133579303728,6,BROBURS,0.5012567823075569,1,7.699834076237901,0.0,1.0,1.0,straight_line,
BROCDRGN,BROADWAY & CEDAR GROVE PL S,-83.088103,39.888369,1,003,1,1,37,6,am_peak+early+evening+midday+owl+pm_peak,False,,False,409.6133579303728,348.0388009385408,4,BROROSS,0.8910753664069538,2,13.496667335154648,0.0,1.0,1.0,straight_line,
SOUBROE,SOUTHWEST BLVD & BROADWAY,-83.085416,39.890723,1,003,1,1,37,6,am_peak+early+evening+midday+owl+pm_peak,False,,False,348.0388009385408,180.51047316350093,4,SOUBROW,0.4134392056368089,1,5.796833258916747,0.0,1.0,1.0,straight_line,
SOUSHEE,SOUTHWEST BLVD & SHELDON PL,-83.083329,39.890481,1,003,1,1,37,6,am_peak+early+evening+midday+owl+pm_peak,False,,False,180.51047316350093,265.3489048241813,7,SOUSHEW,0.6014704980807576,2,10.715358448300654,0.0,1.0,1.0,straight_line,
RICSOUNF,RICHARD AVE & SOUTHWEST BLVD,-83.080382,39.891228,1,003,1,1,37,6,am_peak+early+evening+midday+owl+pm_peak,False,,False,265.3489048241813,186.36824804418194,5,RICSOUS,0.278388115594167,2,19.2642236584203,0.0,1.0,1.0,straight_line,
RICADDN,RICHARD AVE & ADDISON DR,-83.080106,39.892893,1,003,1,1,37,6,am_peak+early+evening+midday+owl+pm_peak,False,,False,186.36824804418194,262.63427092999933,9,RICADDIS,0.31594585021140315,2,19.2642236584203,0.0,1.0,1.0,straight_line,
STRTHISW,STRINGTOWN RD & THISTLEWOOD DR,-83.043398,39.878896,1,003,1,1,37,6,am_peak+early+evening+midday+owl+pm_peak,False,,False,423.05629537224564,1202.6623259159187,1,PKWCTRS,2.9720906091368122,0,0.0,0.0,0.0,0.0,straight_line,catchment not reconstructable
STRPARW,STRINGTOWN RD & PARKMEAD DR,-83.063056,39.878951,1,003,1,1,37,6,am_peak+early+evening+midday+owl+pm_peak,False,,False,481.2834430802667,504.75973911761434,2,STRPARE,1.055312405589074,1,67.6492393111293,0.0,1.0,1.0,straight_line,
3RDEDGW1,W 3RD AVE & EDGEHILL RD,-83.030274,39.984522,1,003,1,1,37,6,am_peak+early+evening+midday+owl+pm_peak,False,,False,399.57320694212956,138.7237729436829,8,EDG3RDS,1.1736427673345375,2,65.6388897297542,0.0,0.5,0.810883140053523,straight_line,
3RDNORW,W 3RD AVE & NORTON AVE,-83.031896,39.984587,1,003,1,1,37,6,am_peak+early+evening+midday+owl+pm_peak,False,,False,138.7237729436829,259.1232193284775,6,3RDPARE1,1.2651191884617712,2,65.6388897297542,0.0,0.5,0.810883140053523,straight_line,
3RDOXLW,W 3RD AVE & OXLEY RD,-83.034925,39.984719,1,003,1,1,37,6,am_peak+early+evening+midday+owl+pm_peak,False,,False,259.1232193284775,326.167691062088,6,3RDOXLE,0.2752360881020274,0,0.0,0.0,0.0,0.0,straight_line,catchment not reconstructable
3RDMEAW,W 3RD AVE & MEADOW RD,-83.038736,39.984907,1,003,1,1,37,6,am_peak+early+evening+midday+owl+pm_peak,False,,False,326.167691062088,288.9105477499367,6,3RDNWBE,0.2562490523260007,2,10.305481349185328,0.0,1.0,1.0,straight_line,
NORTHONW,NORTHWEST BLVD & THORNWOOD PL,-83.040816,39.986959,1,003,1,1,37,6,am_peak+early+evening+midday+owl+pm_peak,False,,False,288.9105477499367,216.13498157789775,12,NORTHOSE,0.32736795426305376,2,14.228590726432035,0.0,1.0,1.0,straight_line,
NOR5THN,NORTHWEST BLVD & W 5TH AVE,-83.040685,39.988903,1,003,1,1,37,6,am_peak+early+evening+midday+owl+pm_peak,False,,False,216.13498157789775,265.69287279547564,12,NOR5THS,0.32978935962745315,0,0.0,0.0,0.0,0.0,straight_line,catchment not reconstructable
COLDUDLW,COLUMBUS ST & DUDLEY AVE,-83.089298,39.88195,1,003,1,1,37,6,am_peak+early+evening+midday+owl+pm_peak,False,,False,348.40579140374604,290.4598562256145,6,COLDULE,0.408539014884248,2,22.923840614807137,0.0,1.0,1.0,straight_line,
COLBROW,COLUMBUS ST & BROADWAY,-83.092173,39.883342,1,003,1,1,37,6,am_peak+early+evening+midday+owl+pm_peak,False,,False,290.4598562256145,249.50517822223827,5,COLBROE,0.2676366949073517,2,22.923840614807137,0.0,1.0,1.0,straight_line,
5THHIGHW,W 5TH AVE & N HIGH ST,-83.005959,39.98719,1,005,2,1,37,6,am_peak+early+evening+midday+owl+pm_peak,False,,False,437.3737526597108,185.23433753578095,9,5THHIGHE,0.2878740025924383,2,20.054700920999892,0.0,1.0,1.0,straight_line,
5THDENW,W 5TH AVE & DENNISON AVE,-83.008126,39.987259,1,005,2,1,37,6,am_peak+early+evening+midday+owl+pm_peak,False,,False,185.23433753578095,254.3170828858592,10,5THDENE,0.4484007621187149,1,13.116067171690451,0.0,1.0,1.0,straight_line,
5THHIGW,W 5TH AVE & HIGHLAND ST,-83.011101,39.987357,1,005,2,1,37,6,am_peak+early+evening+midday+owl+pm_peak,False,,False,254.3170828858592,203.551476335916,10,5THHIGE,0.15962030264224686,1,7.846218754493375,0.0,1.0,1.0,straight_line,
5THNEIW,W 5TH AVE & NEIL AVE,-83.013482,39.987438,1,005,2,1,37,6,am_peak+early+evening+midday+owl+pm_peak,False,,False,203.551476335916,251.43538782533727,11,5THNEIE,0.1288224040742761,2,28.0765812893998,0.0,1.0,1.0,straight_line,
WHI17TW,E WHITTIER ST & S 17TH ST,-82.979148,39.944033,1,005,2,1,37,6,am_peak+early+evening+midday+owl+pm_peak,False,,False,170.1073291235419,308.51658271490624,9,WHI18TE,0.9969626896187019,2,6.5873105214963035,0.0,0.6666666666666666,0.7653061224489794,straight_line,
WHIPARW,E WHITTIER ST & PARSONS AVE,-82.98275,39.944219,1,005,2,1,37,6,am_peak+early+evening+midday+owl+pm_peak,False,,False,308.51658271490624,273.60101797533844,10,PARWHIS,0.36696828384161717,2,8.724526824026215,0.0,0.5,0.7315436241610739,straight_line,
5THTISW,W 5TH AVE & TISDALE,-83.021208,39.987729,1,005,2,1,37,6,am_peak+early+evening+midday+owl+pm_peak,False,,False,222.24851876783453,448.80653478663777,5,5THPERE,2.3146266623037555,0,0.0,0.0,0.0,0.0,straight_line,catchment not reconstructable
5THEDGW,W 5TH AVE & EDGEHILL RD,-83.029454,39.988094,1,005,2,1,37,6,am_peak+early+evening+midday+owl+pm_peak,False,,False,256.6403115985896,231.06161765465845,10,EDG5TH,0.7464493487426069,1,53.225469013690024,0.0,1.0,1.0,straight_line,
5THHESW,W 5TH AVE & HESS ST,-83.032154,39.988226,1,005,2,1,37,6,am_peak+early+evening+midday+owl+pm_peak,False,,False,231.06161765465845,264.2450651290245,9,5THHOLE,1.5078218092891278,2,78.72567996579355,0.0,0.5,0.3239122350316111,straight_line,
5THKENW,W 5TH AVE & KENNY RD,-83.035242,39.988374,1,005,2,1,37,6,am_peak+early+evening+midday+owl+pm_peak,False,,False,264.2450651290245,213.07226362270504,7,5THEASE,0.6127732962909532,1,25.500210952103515,0.0,0.5,0.8710000000000001,straight_line,
5THDOTW,W 5TH AVE & DOTEN AVE,-83.037731,39.988505,1,005,2,1,37,6,am_peak+early+evening+midday+owl+pm_peak,False,,False,213.07226362270504,240.34447910405413,12,5THDOTE,0.4105719188465553,1,3.776724698991214,0.0,1.0,1.0,straight_line,
5THNORTW,W 5TH AVE & NORTHWEST BLVD,-83.040539,39.988648,1,005,2,1,37,6,am_peak+early+evening+midday+owl+pm_peak,False,,False,240.34447910405413,318.0049467350209,12,NOR5THN,0.38671474283607965,1,3.776724698991214,0.0,0.0,0.0,straight_line,
STRHOVW,STRINGTOWN RD & HOOVER RD,-83.06819,39.881192,1,003,1,1,37,6,am_peak+early+evening+midday+owl+pm_peak,False,,False,504.75973911761434,326.784101186211,3,STRHOVE,0.5046649703490349,1,67.6492393111293,0.0,0.0,0.0,straight_line,
COLLEIW,COLUMBUS ST & LEITHART DR,-83.072005,39.881346,1,003,1,1,37,6,am_peak+early+evening+midday+owl+pm_peak,False,,False,326.784101186211,416.91479247519635,3,COLKNAPE,0.9302247266791583,2,12.374384801862686,0.0,1.0,1.0,straight_line,
COLSECW,COLUMBUS ST & SECURITY DR,-83.076878,39.881418,1,003,1,1,37,6,am_peak+early+evening+midday+owl+pm_peak,False,,False,416.91479247519635,341.2842949950475,3,COLBOKPE,0.5124575551020263,3,22.679866151048014,0.0,1.0,1.0,straight_line,
COLRICW,COLUMBUS ST & RICHARD AVE,-83.080865,39.881532,1,003,1,1,37,6,am_peak+early+evening+midday+owl+pm_peak,False,,False,341.2842949950475,374.5645085109147,4,COLRICE,0.3763599042806007,3,22.679866151048014,0.0,0.6666666666666666,0.7762478485370052,straight_line,
COLHAUGW,COLUMBUS ST & HAUGHN RD,-83.085239,39.88169,1,003,1,1,37,6,am_peak+early+evening+midday+owl+pm_peak,False,,False,374.5645085109147,348.40579140374604,5,COLHAUGE,0.45363268083154706,2,16.102314608102077,0.0,1.0,1.0,straight_line,
BUCKRDBN,BUCKEYE PKWY & ROAD B,-83.039735,39.876336,1,003,1,1,37,6,am_peak+early+evening+midday+owl+pm_peak,False,,False,524.6133507574806,423.05629537224564,0,,,0,0.0,0.0,0.0,0.0,straight_line,no walking alternative within 5 min; catchment not reconstructable
PARGROS,PARSONS AVE & GROVEPORT RD,-82.984944,39.918665,1,008,1,1,37,6,am_peak+early+evening+midday+owl+pm_peak,False,,False,595.737630171403,724.7901404558986,1,PARGROVN,0.22793173362418512,0,0.0,0.0,0.0,0.0,straight_line,catchment not reconstructable
PARDERS,PARSONS AVE & DERING AVE,-82.985413,39.912147,1,008,1,1,37,6,am_peak+early+evening+midday+owl+pm_peak,False,,False,724.7901404558986,287.29043397539425,3,PARDERN,0.16149580299696503,1,2.781308886853995,0.0,1.0,1.0,straight_line,
PARCORS,PARSONS AVE & CORR RD,-82.985633,39.909565,1,008,1,1,37,6,am_peak+early+evening+midday+owl+pm_peak,False,,False,287.29043397539425,377.3821723006808,5,PARCORN,0.8655908214694901,1,2.781308886853995,0.0,1.0,1.0,straight_line,
PARALCS,PARSONS AVE & E ALCOTT RD,-82.985872,39.906171,1,008,1,1,37,6,am_peak+early+evening+midday+owl+pm_peak,False,,False,377.3821723006808,371.15086755464216,5,PARALCN,0.21035360773285255,1,2.488539530343048,0.0,1.0,1.0,straight_line,
PARZIES,PARSONS AVE & ZIEGLER AVE,-82.986129,39.902834,1,008,1,1,37,6,am_peak+early+evening+midday+owl+pm_peak,False,,False,371.15086755464216,627.013855899315,3,PARZIEN,0.15619408759359735,0,0.0,0.0,0.0,0.0,straight_line,catchment not reconstructable
PARHILS,PARSONS AVE & HILOCK AVE,-82.986573,39.897197,1,008,1,1,37,6,am_peak+early+evening+midday+owl+pm_peak,False,,False,627.013855899315,400.320761901499,2,PARHILN,0.22469866597572902,0,0.0,0.0,0.0,0.0,straight_line,catchment not reconstructable
TRAWILE,TRABUE RD & N WILSON RD,-83.106677,39.987665,1,005,2,1,37,6,am_peak+early+evening+midday+owl+pm_peak,False,,False,302.793694747402,449.0694730676063,3,WILTRAS,1.273835503142498,0,0.0,0.0,0.0,0.0,straight_line,catchment not reconstructable
TRABENE,TRABUE RD & BENDELOW DR,-83.10189,39.989338,1,005,2,1,37,6,am_peak+early+evening+midday+owl+pm_peak,False,,False,449.0694730676063,878.54187078003,1,TRABENW,0.24297591010163155,1,24.358410461710797,0.0,1.0,1.0,straight_line,
PARASHS1,PARSONS AVE & ASHWOOD RD,-82.987322,39.887771,1,008,1,1,37,6,am_peak+early+evening+midday+owl+pm_peak,False,,False,356.2082548584388,364.5314142477537,4,PARASHN,0.23917210559604968,2,25.31479035964656,0.0,1.0,1.0,straight_line,
PARHARS1,PARSONS AVE & HARLAND DR,-82.987624,39.884496,1,008,1,1,37,6,am_peak+early+evening+midday+owl+pm_peak,False,,False,364.5314142477537,230.61435677074874,7,PARHARN,0.3143192282581272,1,6.753213156852507,0.0,1.0,1.0,straight_line,
PARINDS,PARSONS AVE & INDIAN MOUND PARK,-82.987745,39.882421,1,008,1,1,37,6,am_peak+early+evening+midday+owl+pm_peak,False,,False,230.61435677074874,131.9279335486224,6,PAROBEN,0.4578417662030875,1,6.753213156852507,0.0,1.0,1.0,straight_line,
OBE433W,OPPOSITE 433 OBETZ RD,-82.989047,39.881784,1,008,1,1,37,6,am_peak+early+evening+midday+owl+pm_peak,False,,False,131.9279335486224,240.03854493234047,7,OBE433E,0.1332329896458965,1,13.116067171690435,0.0,1.0,1.0,straight_line,
OBE300W,300 OBETZ RD,-82.99185,39.881888,1,008,1,1,37,6,am_peak+early+evening+midday+owl+pm_peak,False,,False,240.03854493234047,190.0897868311161,7,OBE301E,0.6326310447321661,1,13.116067171690435,0.0,1.0,1.0,straight_line,
OBEBETAW,OBETZ RD & BETH ANN DR,-82.99407,39.881966,1,008,1,1,37,6,am_peak+early+evening+midday+owl+pm_peak,False,,False,190.0897868311161,366.12934703599,5,OBEBETE,0.11337682019765286,1,13.116067171690435,0.0,1.0,1.0,straight_line,
PARINNS,PARSONS AVE & E INNIS AVE,-82.98442,39.925969,1,008,1,1,37,6,am_peak+early+evening+midday+owl+pm_peak,False,,False,409.7700011398744,216.45101382498993,3,PARINNN,0.21303785192811103,2,11.50583571088021,0.0,1.0,1.0,straight_line,
PARBARS,PARSONS AVE & E BARTHMAN AVE,-82.984572,39.924023,1,008,1,1,37,6,am_peak+early+evening+midday+owl+pm_peak,False,,False,216.45101382498993,595.737630171403,3,PARMARN,0.7060206694565283,1,6.558033585845209,0.0,0.0,0.0,straight_line,
PARRUMS,PARSONS AVE & RUMSEY RD,-82.986856,39.893598,1,008,1,1,37,6,am_peak+early+evening+midday+owl+pm_peak,False,,False,400.320761901499,291.9825536468642,3,PARRUMN,0.23198362010916243,0,0.0,0.0,0.0,0.0,straight_line,catchment not reconstructable
PARWILS1,PARSONS AVE & WILLIAMS RD,-82.987083,39.890974,1,008,1,1,37,6,am_peak+early+evening+midday+owl+pm_peak,False,,False,291.9825536468642,356.2082548584388,5,PARWILN,0.9093223739155141,1,18.561577202794055,0.0,1.0,1.0,straight_line,
5TH220W,2200 W 5TH AVE,-83.065633,39.989707,1,005,2,1,37,6,am_peak+early+evening+midday+owl+pm_peak,False,,False,155.6851770668781,360.1878356887537,3,5TH2200E,0.5246242401727037,0,0.0,0.0,0.0,0.0,straight_line,catchment not reconstructable
5THLAKW,W 5TH AVE & LAKE SHORE DR,-83.069502,39.988416,1,005,2,1,37,6,am_peak+early+evening+midday+owl+pm_peak,False,,False,360.1878356887537,298.0473612949089,5,5THLAKE,0.7163397725315136,2,39.54338108607863,0.0,1.0,1.0,straight_line,
OBESOUW,OBETZ RD & SOUTHPOINT BLVD,-82.998342,39.882172,1,008,1,1,37,6,am_peak+early+evening+midday+owl+pm_peak,False,,False,366.12934703599,195.48417321944285,5,OBESOUE,0.23378167704127786,1,13.116067171690435,0.0,1.0,1.0,straight_line,
HIGBOBN,S HIGH ST & BOB EVANS,-83.000223,39.883172,1,008,1,1,37,6,am_peak+early+evening+midday+owl+pm_peak,False,,False,195.48417321944285,448.83081293612645,3,OBESOUE,2.3846418749576426,0,0.0,0.0,0.0,0.0,straight_line,catchment not reconstructable
HARLITTN,HARRISBURG PIKE & LITTLE AVE,-83.050414,39.930452,1,003,1,1,37,6,am_peak+early+evening+midday+owl+pm_peak,False,,False,360.0735272335342,295.1248490008691,5,HARZETS,0.9565353641491656,0,0.0,0.0,0.0,0.0,straight_line,catchment not reconstructable
HARHOPN,HARRISBURG PIKE & HOPKINS AVE,-83.047905,39.932278,1,003,1,1,37,6,am_peak+early+evening+midday+owl+pm_peak,False,,False,295.1248490008691,158.41220545206153,7,HAREAKS1,1.240329548711154,1,1.7858930747167756,0.0,1.0,1.0,straight_line,
5THRUN1E,W 5TH AVE & SEAPORT DR,-83.073311,39.985711,1,005,2,1,37,6,am_peak+early+evening+midday+owl+pm_peak,False,,False,739.1896639804721,114.26579330112868,4,5THSEAPW,0.5311215076072864,1,20.68903452677363,0.0,1.0,1.0,straight_line,
5THRUN2E,W 5TH AVE & RUNAWAY BAY DR,-83.072553,39.986559,1,005,2,1,37,6,am_peak+early+evening+midday+owl+pm_peak,False,,False,114.26579330112868,278.2288130366445,5,5THRUNW,0.6103081969353841,2,39.54338108607863,0.0,1.0,1.0,straight_line,
5THLAKE,W 5TH AVE & LAKE SHORE DR,-83.069877,39.987988,1,005,2,1,37,6,am_peak+early+evening+midday+owl+pm_peak,False,,False,278.2288130366445,439.70145862249245,4,5THLAKW,0.7163397725315136,2,39.54338108607863,0.0,1.0,1.0,straight_line,
REFWINE,REFUGEE RD & WINCHESTER PIKE,-82.914602,39.917303,1,005,2,1,37,6,am_peak+early+evening+midday+owl+pm_peak,False,,False,2040.5500022206388,503.90119729722363,1,REFWINW,1.254114693925532,0,0.0,0.0,0.0,0.0,straight_line,catchment not reconstructable
REFSCHE,REFUGEE RD & SCHWARTZ RD,-82.90872,39.917011,1,005,2,1,37,6,am_peak+early+evening+midday+owl+pm_peak,False,,False,503.90119729722363,472.2181284196385,2,REFSCHW,0.33983307606671076,0,0.0,0.0,0.0,0.0,straight_line,catchment not reconstructable
REFWEYE,REFUGEE RD & WEYBURN RD,-82.903211,39.916702,1,005,2,1,37,6,am_peak+early+evening+midday+owl+pm_peak,False,,False,472.2181284196385,505.2140965887108,1,REFWEYW,1.1416945576113668,1,18.795792688002795,0.0,1.0,1.0,straight_line,
HAR800N,800 HARRISBURG PIKE,-83.038653,39.941841,1,003,1,1,37,6,am_peak+early+evening+midday+owl+pm_peak,False,,False,270.85156028099647,350.14715355703896,10,HAR771S,0.2519025399622445,0,0.0,0.0,0.0,0.0,straight_line,catchment not reconstructable
HARBRON,HARRISBURG PIKE & BROWN RD,-83.036521,39.944534,1,003,1,1,37,6,am_peak+early+evening+midday+owl+pm_peak,False,,False,350.14715355703896,232.73593007681288,12,HARMOUS,0.27032330239810776,0,0.0,0.0,0.0,0.0,straight_line,catchment not reconstructable
MOUHARE,W MOUND ST & HARRISBURG PIKE,-83.034542,39.945974,1,003,1,1,37,6,am_peak+early+evening+midday+owl+pm_peak,False,,False,232.73593007681288,545.5307130777023,7,MOUPRIW,2.0868509869532517,0,0.0,0.0,0.0,0.0,straight_line,catchment not reconstructable
MOUGLENE,W MOUND ST & GLENWOOD AVE,-83.028537,39.947641,1,003,1,1,37,6,am_peak+early+evening+midday+owl+pm_peak,False,,False,545.5307130777023,573.7032914883104,3,MOUYALW,0.734813648409416,0,0.0,0.0,0.0,0.0,straight_line,catchment not reconstructable
HARFRAN,HARRISBURG PIKE & FRANK RD,-83.060869,39.921581,1,003,1,1,37,6,am_peak+early+evening+midday+owl+pm_peak,False,,False,342.3428527436096,289.9265742319443,5,HARCLIS,1.5753677437442022,0,0.0,0.0,0.0,0.0,straight_line,catchment not reconstructable
167HARN,1670 HARRISBURG PIKE,-83.059022,39.923771,1,003,1,1,37,6,am_peak+early+evening+midday+owl+pm_peak,False,,False,289.9265742319443,366.3909947448172,4,HAR165S,0.23878394286916835,1,7.768146926090456,0.0,1.0,1.0,straight_line,
HAROCTN,HARRISBURG PIKE & OCTOBER RIDGE DR,-83.056794,39.92659,1,003,1,1,37,6,am_peak+early+evening+midday+owl+pm_peak,False,,False,366.3909947448172,334.4235585198269,4,HAR151S,0.39271790112792054,1,7.768146926090456,0.0,1.0,1.0,straight_line,
HAR144N,1440 HARRISBURG PIKE,-83.053838,39.928563,1,003,1,1,37,6,am_peak+early+evening+midday+owl+pm_peak,False,,False,334.4235585198269,360.0735272335342,5,HAR142S,1.0146886599289022,1,7.768146926090456,0.0,1.0,1.0,straight_line,
5THHOLE,W 5TH AVE & HOLLY AVE,-83.033565,39.988178,1,005,2,1,37,6,am_peak+early+evening+midday+owl+pm_peak,False,,False,191.81310558408592,409.4154773311089,8,5THHESW,1.5078218092891278,1,25.500210952103515,0.0,0.5,0.3239122350316111,straight_line,
5THOLEE,W 5TH AVE & OLENTANGY RIVER RD,-83.02586,39.987793,1,005,2,1,37,6,am_peak+early+evening+midday+owl+pm_peak,False,,False,250.02712926507073,582.0570517936717,7,5THOLEW,0.6669260431901886,0,0.0,0.0,0.0,0.0,straight_line,catchment not reconstructable
5THPERE,W 5TH AVE & PERRY ST,-83.019052,39.987553,1,005,2,1,37,6,am_peak+early+evening+midday+owl+pm_peak,False,,False,582.0570517936717,189.58117623619373,4,5THPERW,0.4845575941292045,1,13.321005721248092,0.0,0.5,0.39703315881326373,straight_line,
5THMICE,W 5TH AVE & MICHIGAN AVE,-83.016835,39.987468,1,005,2,1,37,6,am_peak+early+evening+midday+owl+pm_peak,False,,False,189.58117623619373,285.32322472956406,10,5THMICW,0.45105149474877904,2,33.55136825615452,0.0,1.0,1.0,straight_line,
5THNEIE,W 5TH AVE & NEIL AVE,-83.013498,39.987346,1,005,2,1,37,6,am_peak+early+evening+midday+owl+pm_peak,False,,False,285.32322472956406,205.2154549784102,11,5THNEIW,0.1288224040742761,2,28.0765812893998,0.0,1.0,1.0,straight_line,
HARROSN,HARRISBURG PIKE & ROSEMONT AVE,-83.043291,39.935934,1,003,1,1,37,6,am_peak+early+evening+midday+owl+pm_peak,False,,False,169.40065233627627,150.0528545007121,5,HARROSS,0.29324982361213403,2,6.909356813658345,0.0,1.0,1.0,straight_line,
HARRANN,HARRISBURG PIKE & RANSBURG AVE,-83.04234,39.93707,1,003,1,1,37,6,am_peak+early+evening+midday+owl+pm_peak,False,,False,150.0528545007121,345.52290613115645,7,HARRANS,0.5774695853729326,1,5.123463738941569,0.0,1.0,1.0,straight_line,
HARGARN,HARRISBURG PIKE & GARLING AVE,-83.040259,39.939738,1,003,1,1,37,6,am_peak+early+evening+midday+owl+pm_peak,False,,False,345.52290613115645,270.85156028099647,5,HARGARS,0.21172227897060178,1,5.123463738941569,0.0,1.0,1.0,straight_line,
PARFRES,PARSONS AVE & FREBIS AVE,-82.983737,39.935221,1,008,1,1,37,6,am_peak+early+evening+midday+owl+pm_peak,False,,False,185.76628213485478,185.2656212173641,10,PARFREN,0.23370609005110476,2,5.152740674592664,0.0,1.0,1.0,straight_line,
PARSHES,PARSONS AVE & SHELDON AVE,-82.98388,39.933556,1,008,1,1,37,6,am_peak+early+evening+midday+owl+pm_peak,False,,False,185.2656212173641,206.79756566679393,10,PARJENN,0.21767323657641313,3,12.647636201272915,0.0,1.0,1.0,straight_line,
PARSOUS,PARSONS AVE & SOUTHWOOD AVE,-82.984007,39.931696,1,008,1,1,37,6,am_peak+early+evening+midday+owl+pm_peak,False,,False,206.79756566679393,227.0674534909905,6,PARMARN1,0.9202486837042299,2,10.598250705696287,0.0,0.6666666666666666,0.6464285714285716,straight_line,
PARWELS,PARSONS AVE & E WELCH AVE,-82.984154,39.929654,1,008,1,1,37,6,am_peak+early+evening+midday+owl+pm_peak,False,,False,227.0674534909905,409.7700011398744,3,PARMORN,0.18021528594034436,3,15.546052830731288,0.0,0.3333333333333333,0.06779661016949147,straight_line,
5THDOTE,W 5TH AVE & DOTEN AVE,-83.038092,39.988403,1,005,2,1,37,6,am_peak+early+evening+midday+owl+pm_peak,False,,False,260.5446444647889,195.6267411334878,12,5THDOTW,0.4105719188465553,1,3.776724698991214,0.0,1.0,1.0,straight_line,
5THEASE,W 5TH AVE & EASTVIEW AVE,-83.035806,39.988292,1,005,2,1,37,6,am_peak+early+evening+midday+owl+pm_peak,False,,False,195.6267411334878,191.81310558408592,7,5THKENW,0.6127732962909532,2,29.27693565109473,0.0,0.5,0.8710000000000001,straight_line,
WHITFAIE,E WHITTIER ST & FAIRWOOD AVE,-82.954548,39.942914,1,005,2,1,37,6,am_peak+early+evening+midday+owl+pm_peak,False,,False,79.47121770930907,433.1632924229214,5,WHISEYW1,0.6052103280352661,2,4.040217119851066,0.0,1.0,1.0,straight_line,
EDG3RDS,EDGHILL RD & W 3RD AVE,-83.029283,39.984888,1,022,1,1,37,6,am_peak+early+evening+midday+owl+pm_peak,False,,False,428.52418614089765,341.898609924581,7,3RDEDGW1,1.1736427673345375,1,53.225469013690024,0.0,0.5,0.810883140053523,straight_line,
CHAFONTE,CHATTERTON RD & FONTAINE RD,-82.852365,39.913855,1,005,2,1,37,6,am_peak+early+evening+midday+owl+pm_peak,False,,False,339.7783640679822,459.31515199049505,3,CHATFONW,0.775397811151413,3,38.6748319950961,0.0,1.0,1.0,straight_line,
CHATFALE,CHATTERTON RD & FALCON BRIDGE DR,-82.847007,39.913551,1,005,2,1,37,6,am_peak+early+evening+midday+owl+pm_peak,False,,False,459.31515199049505,305.5836289406624,3,CHATFALW,0.6921618129624733,2,31.13114157566404,0.0,1.0,1.0,straight_line,
CHATBONE,CHATTERTON RD & BONUS DR,-82.843441,39.913363,1,005,2,1,37,6,am_peak+early+evening+midday+owl+pm_peak,False,,False,305.5836289406624,479.5009396110346,3,CHATFXW,0.5228920124568581,1,22.523722494242204,0.0,1.0,1.0,straight_line,
WHISTUE,E WHITTIER ST & STUDER AVE,-82.965247,39.943202,1,005,2,1,37,6,am_peak+early+evening+midday+owl+pm_peak,False,,False,233.17562381293558,248.29176522847635,6,WHILINW,0.9850724381806936,2,2.5470934016452373,0.0,1.0,1.0,straight_line,
WHIMILE,E WHITTIER ST & MILLER AVE,-82.962342,39.943167,1,005,2,1,37,6,am_peak+early+evening+midday+owl+pm_peak,False,,False,248.29176522847635,174.27231542958552,7,WHILOCW,1.1745419258930403,2,8.988019244886068,0.0,0.25,0.3248730964467005,straight_line,
WHIKELE,E WHITTIER ST & KELTON AVE,-82.960307,39.943066,1,005,2,1,37,6,am_peak+early+evening+midday+owl+pm_peak,False,,False,174.27231542958552,204.60003148184245,5,WHIELLW,0.7550938999532029,2,8.988019244886068,0.0,1.0,1.0,straight_line,
WHIBERE,E WHITTIER ST & BERKELEY RD,-82.957913,39.943049,1,005,2,1,37,6,am_peak+early+evening+midday+owl+pm_peak,False,,False,204.60003148184245,208.50037685724158,8,WHILILW,1.439262672319932,2,7.114295363216008,0.0,0.6666666666666666,0.6549865229110512,straight_line,
WHISEYE,E WHITTIER ST & SEYMOUR AVE,-82.955476,39.94296,1,005,2,1,37,6,am_peak+early+evening+midday+owl+pm_peak,False,,False,208.50037685724158,79.47121770930907,5,WHISEYW1,0.45862098444620847,1,1.8737238816700597,0.0,0.5,0.463768115942029,straight_line,
REFBRIE,REFUGEE RD & BRICE RD,-82.832572,39.912709,1,005,2,1,37,6,am_peak+early+evening+midday+owl+pm_peak,False,,False,452.56975920856956,490.22226591443336,1,REFBRIW,0.3501713162405521,1,4.383175508906747,0.0,1.0,1.0,straight_line,
REFCTNVE,REFUGEE RD & COUNTRY VIEW DR,-82.827073,39.911458,1,005,2,1,37,6,am_peak+early+evening+midday+owl+pm_peak,False,,False,490.22226591443336,316.7745498808974,4,REFSTIRW,0.4339251613466074,2,13.049148461630772,0.0,1.0,1.0,straight_line,
REFGENE,REFUGEE RD & GENDER RD,-82.823523,39.910641,1,005,2,1,37,6,am_peak+early+evening+midday+owl+pm_peak,False,,False,316.7745498808974,155.9212627885362,7,GENREFS,0.9068355210555913,3,25.931000148112435,0.0,1.0,1.0,straight_line,
REFTENE,REFUGEE RD & TENNYSON BLVD,-82.874011,39.915086,1,005,2,1,37,6,am_peak+early+evening+midday+owl+pm_peak,False,,False,380.221607049769,857.767851068648,3,REFTENW,0.4398912896230449,2,49.185251893839066,0.0,1.0,1.0,straight_line,
REFNOEE,REFUGEE RD & NOE BIXBY RD,-82.863978,39.915145,1,005,2,1,37,6,am_peak+early+evening+midday+owl+pm_peak,False,,False,857.767851068648,127.30288690617101,4,REFNOEW,0.2865102313043197,1,6.011530787024775,0.0,1.0,1.0,straight_line,
CHANOEE,CHATTERTON RD & NOE BIXBY RD,-82.862535,39.915428,1,005,2,1,37,6,am_peak+early+evening+midday+owl+pm_peak,False,,False,127.30288690617101,313.5502113732443,5,CHANOEW,0.8585276661162797,2,9.963917099922558,0.0,1.0,1.0,straight_line,
CHARENE,CHATTERTON RD & RENFRO RD,-82.85888,39.915194,1,005,2,1,37,6,am_peak+early+evening+midday+owl+pm_peak,False,,False,313.5502113732443,240.08467265620044,5,CHARENW1,0.858696786461034,2,9.963917099922558,0.0,1.0,1.0,straight_line,
CHAFLEE,CHATTERTON RD & FLEET RD,-82.856282,39.914373,1,005,2,1,37,6,am_peak+early+evening+midday+owl+pm_peak,False,,False,240.08467265620044,339.7783640679822,5,CHAFLEW,0.45058189008514027,2,30.067412913674264,0.0,1.0,1.0,straight_line,
5THASHE,W 5TH AVE & ASHLAND AVE,-83.050354,39.989003,1,005,2,1,37,6,am_peak+early+evening+midday+owl+pm_peak,False,,False,213.72297569205458,232.82454772672764,7,5THASHW,0.2557368195995201,1,11.915712809995547,0.0,1.0,1.0,straight_line,
5THFAIE,W 5TH AVE & FAIRVIEW AVE,-83.047632,39.988888,1,005,2,1,37,6,am_peak+early+evening+midday+owl+pm_peak,False,,False,232.82454772672764,247.65244841092,10,5THFAIW,0.17458775734187587,2,21.811317060065562,0.0,1.0,1.0,straight_line,
5THGRANE,W 5TH AVE & GRANDVIEW AVE,-83.044738,39.988748,1,005,2,1,37,6,am_peak+early+evening+midday+owl+pm_peak,False,,False,247.65244841092,308.3542299867437,12,GRA5THS,0.5162668391584694,2,20.347470277510837,0.0,1.0,1.0,straight_line,
TRAHAGE,TRABUE RD & N HAGUE AVE,-83.092504,39.992576,1,005,2,1,37,6,am_peak+early+evening+midday+owl+pm_peak,False,,False,878.54187078003,565.7472560553394,1,TRAMAPW,0.24734958699498993,0,0.0,0.0,0.0,0.0,straight_line,catchment not reconstructable
TRAMCKE,TRABUE RD & MCKINLEY AVE,-83.08642,39.994592,1,005,2,1,37,6,am_peak+early+evening+midday+owl+pm_peak,False,,False,565.7472560553394,254.6596250773169,3,TRAMCKW,0.23819073224039636,0,0.0,0.0,0.0,0.0,straight_line,catchment not reconstructable
MCK3265S,3265 MCKINLEY AVE,-83.0837,39.993652,1,005,2,1,37,6,am_peak+early+evening+midday+owl+pm_peak,False,,False,254.6596250773169,520.4918940793618,3,MCK3235N,1.2133133802687657,0,0.0,0.0,0.0,0.0,straight_line,catchment not reconstructable
MCKQUAS,MCKINLEY AVE & QUARRY LAKE DR,-83.080024,39.989913,1,005,2,1,37,6,am_peak+early+evening+midday+owl+pm_peak,False,,False,520.4918940793618,739.1896639804721,1,MCKQUAN,0.3781159716068779,1,18.854346559305004,0.0,1.0,1.0,straight_line,
CHAJOSE,CHATTERTON RD & JOSHSTOCK DR,-82.837848,39.913041,1,005,2,1,37,6,am_peak+early+evening+midday+owl+pm_peak,False,,False,479.5009396110346,452.56975920856956,1,CHAJOSW,0.6332866386257603,1,22.523722494242204,0.0,1.0,1.0,straight_line,
LOCREFN,LOCKBOURNE RD & REFUGEE RD,-82.96559,39.919341,1,004,2,1,37,6,am_peak+early+evening+midday+owl+pm_peak,False,,False,222.27518700805916,416.01108781970066,4,LOCBUCS,0.6253868127225022,0,0.0,0.0,0.0,0.0,straight_line,catchment not reconstructable
LOCMARN,LOCKBOURNE RD & MARION RD,-82.965236,39.923078,1,004,2,1,37,6,am_peak+early+evening+midday+owl+pm_peak,False,,False,416.01108781970066,229.70758907169017,3,LOCMARS2,1.2820528625448826,1,5.3869561598014215,0.0,1.0,1.0,straight_line,
LOCINNN,LOCKBOURNE RD & E INNIS AVE,-82.96512,39.925145,1,004,2,1,37,6,am_peak+early+evening+midday+owl+pm_peak,False,,False,229.70758907169017,245.59917835884835,5,LOCREES,1.1357934151567632,1,5.3869561598014215,0.0,1.0,1.0,straight_line,
LOCSMIN,LOCKBOURNE RD & SMITH RD,-82.964946,39.927353,1,004,2,1,37,6,am_peak+early+evening+midday+owl+pm_peak,False,,False,245.59917835884835,361.83099218948377,5,LOCSMIS,0.1588947575890207,3,11.535112646531307,0.0,1.0,1.0,straight_line,
LOCLOCN1,LOCKBOURNE RD & LOCKHURST RD,-82.96467,39.930605,1,004,2,1,37,6,am_peak+early+evening+midday+owl+pm_peak,False,,False,361.83099218948377,212.90850833169722,5,LOCMARS,0.2399210626454577,2,6.148156486729883,0.0,1.0,1.0,straight_line,
LOCMOLN,LOCKBOURNE RD & MOLER RD,-82.964517,39.932519,1,004,2,1,37,6,am_peak+early+evening+midday+owl+pm_peak,False,,False,212.90850833169722,269.7242831164515,7,LOCSHES,0.7963450436132505,2,6.148156486729883,0.0,0.5,0.6809523809523811,straight_line,
FREOHIW,FREBIS AVE & S OHIO AVE,-82.972771,39.935026,1,004,2,1,37,6,am_peak+early+evening+midday+owl+pm_peak,False,,False,256.13468441766776,213.7360555004414,7,FREOHIE1,0.2461833331215762,2,13.124432010447872,0.0,1.0,1.0,straight_line,
HIGBROAS,N HIGH ST & BROADMEADOWS BLVD,-83.019019,40.073273,1,102,1,1,36,6,am_peak+early+evening+midday+owl+pm_peak,False,,False,393.0241433504991,217.72920198415025,7,HIGMEAN,0.2658254558394855,0,0.0,0.0,0.0,0.0,straight_line,catchment not reconstructable
POLSTAE,POLARIS PKWY & N STATE ST,-82.924445,40.147197,1,102,1,1,36,6,am_peak+early+evening+midday+owl+pm_peak,False,,False,369.86905765487023,353.65230076375843,4,STAPOLN,1.5012924297160395,0,0.0,0.0,0.0,0.0,straight_line,catchment not reconstructable
POLPOLW,POLARIS PKWY & POLARIS WOODS BLVD,-82.928531,40.147757,1,102,1,1,36,6,am_peak+early+evening+midday+owl+pm_peak,False,,False,353.65230076375843,1103.579940949393,2,POLPOLE,0.6133709611793766,1,42.627218307993914,0.0,0.0,0.0,straight_line,
POLCLEW,POLARIS PKWY & CLEVELAND AVE,-82.947593,40.14597,1,102,1,1,36,6,am_peak+early+evening+midday+owl+pm_peak,False,,False,538.58990880661,1022.124358454074,3,POLCLEE,1.5117669367577966,0,0.0,0.0,0.0,0.0,straight_line,catchment not reconstructable
POLOLDW,POLARIS PKWY & OLD WORTHINGTON RD,-82.959588,40.145863,1,102,1,1,36,6,am_peak+early+evening+midday+owl+pm_peak,False,,False,1022.124358454074,619.8678774388708,1,POLOLDE,1.3896087133970156,0,0.0,0.0,0.0,0.0,straight_line,catchment not reconstructable
POLORIW,POLARIS PKWY & ORION PL,-82.965848,40.143019,1,102,1,1,36,6,am_peak+early+evening+midday+owl+pm_peak,False,,False,619.8678774388708,1004.7269055181308,1,POLORIE,0.8692696764956542,1,299.327390096789,0.0,1.0,1.0,straight_line,
POLLYRW,POLARIS PKWY & LYRA DR,-82.977506,40.141664,1,102,1,1,36,6,am_peak+early+evening+midday+owl+pm_peak,False,,False,1004.7269055181308,333.60705382083745,2,POL148E,2.5071235076442875,0,0.0,0.0,0.0,0.0,straight_line,catchment not reconstructable
1374POLW,1374 POLARIS PARKWAY,-82.981415,40.141498,1,102,1,1,36,6,am_peak+early+evening+midday+owl+pm_peak,False,,False,333.60705382083745,363.37780655316186,4,POL148E,1.8776052636084075,1,57.449712586205024,0.0,1.0,1.0,straight_line,
POLMAEW2,POLARIS PKWY & POLARIS MALL 2,-82.985656,40.14184,1,102,1,1,36,6,am_peak+early+evening+midday+owl+pm_peak,False,,False,363.37780655316186,534.2905639852661,2,POL131E,1.5593427541385592,1,57.449712586205024,0.0,1.0,1.0,straight_line,
SAN868S,8685 SANCUS BLVD,-82.991617,40.140348,1,102,1,1,36,6,am_peak+early+evening+midday+owl+pm_peak,False,,False,534.2905639852661,340.9548407810065,3,SAN866N,0.356925050788881,1,57.449712586205024,0.0,1.0,1.0,straight_line,
SAN8491S,8491 SANCUS BLVD,-82.99184,40.137282,1,102,1,1,36,6,am_peak+early+evening+midday+owl+pm_peak,False,,False,340.9548407810065,268.05301532483264,5,SAN832N,0.3781922299585462,1,10.773912319602843,0.0,0.5,0.13848469643753178,straight_line,
SANLAZS,SANCUS BLVD & LAZELLE RD,-82.991974,40.13487,1,102,1,1,36,6,am_peak+early+evening+midday+owl+pm_peak,False,,False,268.05301532483264,375.8873777556565,5,SANLAZN,0.8431747976805308,1,10.773912319602843,0.0,1.0,1.0,straight_line,
SANBROS,SANCUS BLVD & BROCKWELL DR,-82.990929,40.131581,1,102,1,1,36,6,am_peak+early+evening+midday+owl+pm_peak,False,,False,375.8873777556565,580.9566124699368,2,SANBRON,0.42473441723627625,3,37.47447763340119,0.0,1.0,1.0,straight_line,
SANPARS,SANCUS BLVD & PARK RD,-82.993998,40.126909,1,102,1,1,36,6,am_peak+early+evening+midday+owl+pm_peak,False,,False,580.9566124699368,417.63519000389874,2,SANPARN,0.8786977743378925,4,62.301319065529505,0.0,1.0,1.0,straight_line,
SANWHIS,SANCUS BLVD & WHITE WATER BLVD,-82.995128,40.123249,1,102,1,1,36,6,am_peak+early+evening+midday+owl+pm_peak,False,,False,417.63519000389874,484.05931041569,1,SANMASN,0.5743116262790811,3,87.65514533937753,0.0,1.0,1.0,straight_line,
WORSANW,WORTHINGTON WOODS & SANCUS BLVD,-82.995991,40.11894,1,102,1,1,36,6,am_peak+early+evening+midday+owl+pm_peak,False,,False,484.05931041569,435.01174714432625,2,SANWORN,0.9261214077533684,1,52.05439158764638,0.0,1.0,1.0,straight_line,
WORALTW,WORTHINGTON WOODS & ALTA VIEW BLVD,-83.001086,40.119163,1,102,1,1,36,6,am_peak+early+evening+midday+owl+pm_peak,False,,False,435.01174714432625,577.4419899046225,1,WORALTE,1.3758027995800655,1,77.05689463368083,0.0,1.0,1.0,straight_line,
HUNTPARK,HUNTINGTON PARK DR & HORIZON DR,-83.007416,40.117311,1,102,1,1,36,6,am_peak+early+evening+midday+owl+pm_peak,False,,False,577.4419899046225,323.8302614900183,4,CRORIDN,1.4541261006213202,1,77.05689463368083,0.0,1.0,1.0,straight_line,
HIGSTAFS,HIGH ST & STAFFORD AVE,-83.018028,40.091234,1,102,1,1,36,6,am_peak+early+evening+midday+owl+pm_peak,False,,False,157.14801840025126,233.6295625203985,5,HIGSTAFN,0.7016557185979478,1,17.605197304858283,0.0,1.0,1.0,straight_line,
HIG161S,N HIGH ST & STATE ROUTE 161,-83.018152,40.089132,1,102,1,1,36,6,am_peak+early+evening+midday+owl+pm_peak,False,,False,233.6295625203985,235.2476822921624,6,HIG161N,0.7799308195261322,2,30.16500269917792,0.0,1.0,1.0,straight_line,
HIGNEWS,HIGH ST & NEW ENGLAND AVE,-83.018292,40.087016,1,102,1,1,36,6,am_peak+early+evening+midday+owl+pm_peak,False,,False,235.2476822921624,270.785254915725,5,HIGNEWN,0.642212342259368,1,12.559805394319635,0.0,1.0,1.0,straight_line,
HIGSOUS,N HIGH ST & W SOUTH ST,-83.018444,40.08458,1,102,1,1,36,6,am_peak+early+evening+midday+owl+pm_peak,False,,False,270.785254915725,472.2601255347902,3,HIGSOUN,0.5833396576156022,1,12.559805394319635,0.0,0.5,0.7513134851138357,straight_line,
HUTCHHC,HUTCHINSON AVE & HIGH CROSS BLVD,-83.012421,40.113795,1,102,1,1,36,6,am_peak+early+evening+midday+owl+pm_peak,False,,False,532.3598563272135,219.77027074933284,4,HUTHIGE,1.0430752625447297,0,0.0,0.0,0.0,0.0,straight_line,catchment not reconstructable
44HUTCH,44 HUTCHINSON AVE,-83.014725,40.114683,1,102,1,1,36,6,am_peak+early+evening+midday+owl+pm_peak,False,,False,219.77027074933284,423.7415607201972,4,VAN741S,0.47165264010900126,0,0.0,0.0,0.0,0.0,straight_line,catchment not reconstructable
CAMVANW,E CAMPUS VIEW BLVD & VANTAGE DR,-83.013357,40.118352,1,102,1,1,36,6,am_peak+early+evening+midday+owl+pm_peak,False,,False,423.7415607201972,1475.4588864126126,2,VANREDS,3.161374552219321,0,0.0,0.0,0.0,0.0,straight_line,catchment not reconstructable
HIGSOUTS,N HIGH ST & W SOUTHINGTON AVE,-83.018664,40.08033,1,102,1,1,36,6,am_peak+early+evening+midday+owl+pm_peak,False,,False,472.2601255347902,391.1151172938273,3,HIGSOUTN,0.24534073079902985,3,44.78395256762454,0.0,1.0,1.0,straight_line,
HIGSELS,N HIGH ST & W SELBY BLVD,-83.018838,40.07681,1,102,1,1,36,6,am_peak+early+evening+midday+owl+pm_peak,False,,False,391.1151172938273,393.0241433504991,5,HIGSELN,0.4275430412952209,1,21.137947540090387,0.0,1.0,1.0,straight_line,
346HUTCH,346 HUTCHINSON AVE,-83.006251,40.114535,1,102,1,1,36,6,am_peak+early+evening+midday+owl+pm_peak,False,,False,323.8302614900183,532.3598563272135,3,HUN733N,0.23977394178764402,1,77.05689463368083,0.0,1.0,1.0,straight_line,
HIGCARS,N HIGH ST & CAREN AVE,-83.01717,40.10539,1,102,1,1,36,6,am_peak+early+evening+midday+owl+pm_peak,False,,False,1475.4588864126126,253.1729650723571,3,HIGHIGHN,0.29626526747086934,1,68.78128082297184,0.0,1.0,1.0,straight_line,
HIGHALS,N HIGH ST & HALLIGAN AVE,-83.017265,40.103111,1,102,1,1,36,6,am_peak+early+evening+midday+owl+pm_peak,False,,False,253.1729650723571,479.5072764812145,3,HIGHALN,0.6528148701817644,1,19.32277752972249,0.0,0.3333333333333333,0.04483695652173941,straight_line,
HIGLARS,N HIGH ST & LARRIMER AVE,-83.017525,40.098797,1,102,1,1,36,6,am_peak+early+evening+midday+owl+pm_peak,False,,False,479.5072764812145,374.4363329160552,3,HIGLARN,0.37684099132262655,1,5.308884331398502,0.0,1.0,1.0,straight_line,
HIGDERN,S HIGH ST & DERING AVE,-82.995228,39.912717,1,008,1,1,36,6,am_peak+early+evening+midday+owl+pm_peak,False,,False,210.84563249098866,770.4458335821885,3,HIGDERS,0.320803412542236,0,0.0,0.0,0.0,0.0,straight_line,catchment not reconstructable
HIG205N,2050 S HIGH ST,-82.995293,39.919656,1,008,1,1,36,6,am_peak+early+evening+midday+owl+pm_peak,False,,False,770.4458335821885,345.8371184554201,3,HIG210S,0.3896799896411344,0,0.0,0.0,0.0,0.0,straight_line,catchment not reconstructable
HIG210S,2101 S HIGH ST,-82.995504,39.919427,1,008,1,1,36,6,am_peak+early+evening+midday+owl+pm_peak,False,,False,399.3819021403799,756.2143806302513,3,HIG205N,0.3896799896411344,0,0.0,0.0,0.0,0.0,straight_line,catchment not reconstructable
HIGDERS,S HIGH ST & DERING AVE,-82.995498,39.912616,1,008,1,1,36,6,am_peak+early+evening+midday+owl+pm_peak,False,,False,756.2143806302513,226.39080959790815,3,HIGDERN,0.320803412542236,0,0.0,0.0,0.0,0.0,straight_line,catchment not reconstructable
HIGDELS,S HIGH ST & DELRAY RD,-82.995482,39.910577,1,008,1,1,36,6,am_peak+early+evening+midday+owl+pm_peak,False,,False,226.39080959790815,350.40563432654835,5,HIGDELN,0.42215613854039696,2,10.4518660274408,0.0,0.5,0.2661064425770308,straight_line,
HIGCASS,S HIGH ST & W CASTLE RD,-82.995475,39.907421,1,008,1,1,36,6,am_peak+early+evening+midday+owl+pm_peak,False,,False,350.40563432654835,193.76352178459538,6,HIGCASN,0.2665842951376311,3,12.940405557783848,0.0,1.0,1.0,straight_line,
HIGWHIS,S HIGH ST & W WHITTIER ST,-82.997269,39.944226,1,008,1,1,36,6,am_peak+early+evening+midday+owl+pm_peak,False,,False,337.58637656276045,242.00397631603775,8,HIGWHIN,0.24950200693829377,1,16.863514935030544,0.0,0.5,0.6025104602510457,straight_line,
HIGSTES,S HIGH ST & STEWART AVE,-82.996853,39.94207,1,008,1,1,36,6,am_peak+early+evening+midday+owl+pm_peak,False,,False,242.00397631603775,318.7216935173443,7,HIGSTEN,0.44413056485607755,0,0.0,0.0,0.0,0.0,straight_line,catchment not reconstructable
HIGGRES,S HIGH ST & GREENLAWN AVE,-82.996301,39.939231,1,008,1,1,36,6,am_peak+early+evening+midday+owl+pm_peak,False,,False,318.7216935173443,422.5302813914003,4,HIGMITN,1.0412518472094072,1,15.721714444637866,0.0,0.5,0.5933701657458563,straight_line,
HIGMOLS,S HIGH ST & E MOLER ST,-82.996158,39.935427,1,008,1,1,36,6,am_peak+early+evening+midday+owl+pm_peak,False,,False,422.5302813914003,226.7371581816225,6,HIGMOLN,0.5503653888708826,2,21.723486253112277,0.0,1.0,1.0,straight_line,
JENHIGE,E JENKINS AVE & S HIGH ST,-82.995568,39.933436,1,008,1,1,36,6,am_peak+early+evening+midday+owl+pm_peak,False,,False,226.7371581816225,237.52055911840148,7,HIGSOUWN,0.9538740905142259,2,21.723486253112277,0.0,0.5,0.2762803234501345,straight_line,
4THJENS,S 4TH ST & E JENKINS AVE,-82.992812,39.933162,1,008,1,1,36,6,am_peak+early+evening+midday+owl+pm_peak,False,,False,237.52055911840148,224.75469956065456,7,4THSOUN,1.361322998393654,3,31.267767275369156,0.0,1.0,1.0,straight_line,
HOSHIGE,HOSACK ST & S HIGH ST,-82.994783,39.922746,1,008,1,1,36,6,am_peak+early+evening+midday+owl+pm_peak,False,,False,345.8371184554201,391.40335107895925,5,HIGHOSS,0.8971795674343896,1,6.558033585845209,0.0,0.0,0.0,straight_line,
4THINNN,S 4TH ST & E INNIS AVE,-82.993229,39.926062,1,008,1,1,36,6,am_peak+early+evening+midday+owl+pm_peak,False,,False,391.40335107895925,159.89397613922714,5,4THREES,1.5672320196488583,2,11.50583571088021,0.0,1.0,1.0,straight_line,
4THWOON,S 4TH ST & E WOODROW AVE,-82.993106,39.927499,1,008,1,1,36,6,am_peak+early+evening+midday+owl+pm_peak,False,,False,159.89397613922714,306.24053046314083,4,4THWOOS,0.3354401925724645,2,11.50583571088021,0.0,1.0,1.0,straight_line,
4THWELN,S 4TH ST & E WELCH AVE,-82.992908,39.930253,1,008,1,1,36,6,am_peak+early+evening+midday+owl+pm_peak,False,,False,306.24053046314083,214.55747125788733,6,4THMARS,1.2337664947191151,2,10.949573933509411,0.0,0.3333333333333333,0.2928571428571427,straight_line,
4THSOUN,S 4TH ST & SOUTHWOOD AVE,-82.992758,39.932182,1,008,1,1,36,6,am_peak+early+evening+midday+owl+pm_peak,False,,False,214.55747125788733,268.8549370059188,5,4THJENS,1.361322998393654,3,31.267767275369156,0.0,1.0,1.0,straight_line,
HIGSOUWN,S HIGH ST & SOUTHWOOD AVE,-82.995808,39.932774,1,008,1,1,36,6,am_peak+early+evening+midday+owl+pm_peak,False,,False,268.8549370059188,256.38558472440695,7,JENHIGE,0.9538740905142259,1,6.00177180847441,0.0,0.5,0.2762803234501345,straight_line,
HIGWILN1,S HIGH ST & WILLIAMS RD,-82.996262,39.892198,1,008,1,1,36,6,am_peak+early+evening+midday+owl+pm_peak,False,,False,331.8985732676711,274.5915452029992,5,HIGWILS,0.40817645612703196,1,18.561577202794055,0.0,1.0,1.0,straight_line,
HIGRUMN,S HIGH ST & RUMSEY RD,-82.995306,39.894559,1,008,1,1,36,6,am_peak+early+evening+midday+owl+pm_peak,False,,False,274.5915452029992,311.54288035205894,5,HIGRUMS,0.5334787339322438,0,0.0,0.0,0.0,0.0,straight_line,catchment not reconstructable
SHI3050N,3050 S HIGH ST,-82.995169,39.897363,1,008,1,1,36,6,am_peak+early+evening+midday+owl+pm_peak,False,,False,311.54288035205894,465.1022550479157,4,SHI3085S,0.2754952221970005,0,0.0,0.0,0.0,0.0,straight_line,catchment not reconstructable
HIGSOUGN,S HIGH ST & SOUTHGATE DR,-82.995196,39.901552,1,008,1,1,36,6,am_peak+early+evening+midday+owl+pm_peak,False,,False,465.1022550479157,263.70044004762417,3,2997SHIS,2.382587189297796,1,7.670557140586807,0.0,0.0,0.0,straight_line,
HIGSCHVN,S HIGH ST & SCHRYVER RD,-82.995221,39.903927,1,008,1,1,36,6,am_peak+early+evening+midday+owl+pm_peak,False,,False,263.70044004762417,218.72553269567607,6,HIGSCHVS,0.38479208863704145,2,10.159096670929856,0.0,1.0,1.0,straight_line,
HIGALCN,S HIGH ST & E ALCOTT RD,-82.995219,39.905897,1,008,1,1,36,6,am_peak+early+evening+midday+owl+pm_peak,False,,False,218.72553269567607,173.20652596244688,5,HIGALCS,0.4345478217027475,2,10.159096670929856,0.0,1.0,1.0,straight_line,
HIGCASN,S HIGH ST & E CASTLE RD,-82.99523,39.907457,1,008,1,1,36,6,am_peak+early+evening+midday+owl+pm_peak,False,,False,173.20652596244688,373.1670733268944,6,HIGCASS,0.2665842951376311,3,12.940405557783848,0.0,1.0,1.0,straight_line,
HIGDELN,S HIGH ST & DELRAY RD,-82.995241,39.910818,1,008,1,1,36,6,am_peak+early+evening+midday+owl+pm_peak,False,,False,373.1670733268944,210.84563249098866,5,HIGDELS,0.42215613854039696,1,2.781308886853995,0.0,0.5,0.2661064425770308,straight_line,
HIGALCS,S HIGH ST & W ALCOTT RD,-82.995507,39.905676,1,008,1,1,36,6,am_peak+early+evening+midday+owl+pm_peak,False,,False,193.76352178459538,216.19138118014172,5,HIGALCN,0.4345478217027475,2,10.159096670929856,0.0,1.0,1.0,straight_line,
HIGSCHVS,S HIGH ST & SCHRYVER RD,-82.995473,39.903729,1,008,1,1,36,6,am_peak+early+evening+midday+owl+pm_peak,False,,False,216.19138118014172,431.1287937517839,4,HIGSCHVN,0.38479208863704145,2,10.159096670929856,0.0,1.0,1.0,straight_line,
2997SHIS,2997 S HIGH ST,-82.995445,39.899846,1,008,1,1,36,6,am_peak+early+evening+midday+owl+pm_peak,False,,False,431.1287937517839,269.69776393984415,3,HIGSOUGN,2.382587189297796,0,0.0,0.0,0.0,0.0,straight_line,catchment not reconstructable
SHI3085S,3085 S HIGH ST,-82.995417,39.897417,1,008,1,1,36,6,am_peak+early+evening+midday+owl+pm_peak,False,,False,269.69776393984415,348.3398755105048,4,SHI3050N,0.2754952221970005,0,0.0,0.0,0.0,0.0,straight_line,catchment not reconstructable
HIGRUMS,S HIGH ST & RUMSEY RD,-82.995656,39.894285,1,008,1,1,36,6,am_peak+early+evening+midday+owl+pm_peak,False,,False,348.3398755105048,258.3702869512148,5,HIGRUMN,0.5334787339322438,0,0.0,0.0,0.0,0.0,straight_line,catchment not reconstructable
HIGWILS,S HIGH ST & WILLIAMS RD,-82.99661,39.892077,1,008,1,1,36,6,am_peak+early+evening+midday+owl+pm_peak,False,,False,258.3702869512148,332.8749474641657,5,HIGWILN1,0.40817645612703196,1,18.561577202794055,0.0,1.0,1.0,straight_line,
HIGHIGS,S HIGH ST & HIGHVIEW BLVD,-82.997895,39.889247,1,008,1,1,36,6,am_peak+early+evening+midday+owl+pm_peak,False,,False,332.8749474641657,252.46612197191126,6,HIGHIGN,0.4425636790694674,1,18.561577202794055,0.0,1.0,1.0,straight_line,
HIGHIGN,S HIGH ST & HIGHVIEW BLVD,-82.997512,39.889368,1,008,1,1,36,6,am_peak+early+evening+midday+owl+pm_peak,False,,False,277.1570433828784,331.8985732676711,6,HIGHIGS,0.4425636790694674,1,18.561577202794055,0.0,1.0,1.0,straight_line,
4THMARS,S 4TH ST & E MARKISON AVE,-82.992962,39.931141,1,008,1,1,36,6,am_peak+early+evening+midday+owl+pm_peak,False,,False,224.75469956065456,380.66076840641665,6,4THWELN,1.2337664947191151,2,15.546052830731288,0.0,0.3333333333333333,0.2928571428571427,straight_line,
4THWOOS,S 4TH ST & E WOODROW AVE,-82.993236,39.927719,1,008,1,1,36,6,am_peak+early+evening+midday+owl+pm_peak,False,,False,380.66076840641665,308.4402291016567,5,4THWOON,0.3354401925724645,2,11.50583571088021,0.0,1.0,1.0,straight_line,
4THREES,S 4TH ST & REEB AVE,-82.993453,39.924946,1,008,1,1,36,6,am_peak+early+evening+midday+owl+pm_peak,False,,False,308.4402291016567,278.20439632717506,5,4THINNN,1.5672320196488583,2,11.50583571088021,0.0,1.0,1.0,straight_line,
HIGHOSS,S HIGH ST & HOSACK ST,-82.995541,39.923024,1,008,1,1,36,6,am_peak+early+evening+midday+owl+pm_peak,False,,False,278.20439632717506,399.3819021403799,5,HOSHIGE,0.8971795674343896,0,0.0,0.0,0.0,0.0,straight_line,catchment not reconstructable
HIGMOLN,S HIGH ST & E MOLER ST,-82.995904,39.935082,1,008,1,1,36,6,am_peak+early+evening+midday+owl+pm_peak,False,,False,256.38558472440695,178.43309579734316,6,HIGMOLS,0.5503653888708826,2,21.723486253112277,0.0,1.0,1.0,straight_line,
HIGHANN,S HIGH ST & HANFORD ST,-82.995926,39.936689,1,008,1,1,36,6,am_peak+early+evening+midday+owl+pm_peak,False,,False,178.43309579734316,202.47852145680037,5,HIGMOLS,1.7689298801557676,1,15.721714444637866,0.0,0.5,0.7237196765498655,straight_line,
HIGMITN,S HIGH ST & E MITHOFF ST,-82.996027,39.938511,1,008,1,1,36,6,am_peak+early+evening+midday+owl+pm_peak,False,,False,202.47852145680037,371.501393181057,5,HIGGRES,1.0412518472094072,2,26.49562676424073,0.0,0.5,0.5933701657458563,straight_line,
HIGSTEN,S HIGH ST & STEWART AVE,-82.996578,39.94183,1,008,1,1,36,6,am_peak+early+evening+midday+owl+pm_peak,False,,False,371.501393181057,273.2356205021845,8,HIGSTES,0.44413056485607755,0,0.0,0.0,0.0,0.0,straight_line,catchment not reconstructable
HIGWORS,N HIGH ST & WORTHINGTON GALENA RD,-83.017747,40.095429,1,102,1,1,36,6,am_peak+early+evening+midday+owl+pm_peak,False,,False,374.4363329160552,309.2566434114209,5,HIGWORN,1.2983115129787626,1,5.308884331398502,0.0,1.0,1.0,straight_line,
HIGNORTS,N HIGH ST & W NORTH ST,-83.017948,40.092648,1,102,1,1,36,6,am_peak+early+evening+midday+owl+pm_peak,False,,False,309.2566434114209,157.14801840025126,5,HIGNORN3,0.30062400264164735,2,22.914081636256785,0.0,1.0,1.0,straight_line,
PARHARN,PARSONS AVE & HARLAND DR,-82.987464,39.884686,1,008,1,1,35,6,am_peak+early+evening+midday+owl+pm_peak,False,,False,285.6391681045186,357.2963875209857,7,PARHARS1,0.3143192282581272,1,6.753213156852507,0.0,1.0,1.0,straight_line,
PARASHN,PARSONS AVE & ASHWOOD RD,-82.987168,39.887896,1,008,1,1,35,6,am_peak+early+evening+midday+owl+pm_peak,False,,False,357.2963875209857,413.34940947904494,4,PARASHS1,0.23917210559604968,2,25.31479035964656,0.0,1.0,1.0,straight_line,
OBE301E,301 OBETZ RD,-82.992436,39.881825,1,008,1,1,35,6,am_peak+early+evening+midday+owl+pm_peak,False,,False,137.63056806195527,290.28459115460976,5,OBE300W,0.6326310447321661,1,13.116067171690435,0.0,1.0,1.0,straight_line,
OBE433E,433 OBETZ RD,-82.989047,39.881688,1,008,1,1,35,6,am_peak+early+evening+midday+owl+pm_peak,False,,False,290.28459115460976,133.7399289219667,7,OBE433W,0.1332329896458965,1,13.116067171690435,0.0,1.0,1.0,straight_line,
OBESOUE,OBETZ RD & SOUTHPOINT BLVD,-82.998514,39.882068,1,008,1,1,35,6,am_peak+early+evening+midday+owl+pm_peak,False,,False,387.19707183425476,382.9642855667303,5,OBESOUW,0.23378167704127786,1,13.116067171690435,0.0,1.0,1.0,straight_line,
CASBAYS,N CASSADY AVE & BAYLOR AVE,-82.929234,40.013369,1,007,1,1,35,6,am_peak+early+evening+midday+owl+pm_peak,False,,False,379.5005101490521,155.90876037820507,6,CASBAYN,0.7435637250029338,1,97.85522972021863,0.0,1.0,1.0,straight_line,
CASHUDS,N CASSADY AVE & E HUDSON ST,-82.929337,40.011967,1,007,1,1,35,6,am_peak+early+evening+midday+owl+pm_peak,False,,False,155.90876037820507,176.6956767251385,5,CASHUDN,0.626222832010268,1,97.85522972021863,0.0,1.0,1.0,straight_line,
PARFREN,PARSONS AVE & FREBIS AVE,-82.983561,39.935321,1,008,1,1,35,6,am_peak+early+evening+midday+owl+pm_peak,False,,False,204.29962675072932,227.67062475891635,9,PARFRES,0.23370609005110476,2,5.152740674592664,0.0,1.0,1.0,straight_line,
PARWILN,PARSONS AVE & WILLIAMS RD,-82.986895,39.891613,1,008,1,1,35,6,am_peak+early+evening+midday+owl+pm_peak,False,,False,413.34940947904494,235.1999879282878,3,PARWILS1,0.9093223739155141,1,18.561577202794055,0.0,1.0,1.0,straight_line,
PARMARN1,PARSONS AVE & E MARKISON AVE,-82.983873,39.931041,1,008,1,1,35,6,am_peak+early+evening+midday+owl+pm_peak,False,,False,156.85801840695547,271.64931206600727,5,PARSOUS,0.9202486837042299,3,17.223203001601142,0.0,0.6666666666666666,0.6464285714285716,straight_line,
PARJENN,PARSONS AVE & E JENKINS AVE,-82.983699,39.933484,1,008,1,1,35,6,am_peak+early+evening+midday+owl+pm_peak,False,,False,271.64931206600727,204.29962675072932,10,PARSHES,0.21767323657641313,3,12.647636201272915,0.0,1.0,1.0,straight_line,
PARHILN,PARSONS AVE & HILOCK AVE,-82.986441,39.897323,1,008,1,1,35,6,am_peak+early+evening+midday+owl+pm_peak,False,,False,399.9575554742553,606.7023995893925,2,PARHILS,0.22469866597572902,0,0.0,0.0,0.0,0.0,straight_line,catchment not reconstructable
PARRUMN,PARSONS AVE & RUMSEY AVE,-82.986718,39.893727,1,008,1,1,35,6,am_peak+early+evening+midday+owl+pm_peak,False,,False,235.1999879282878,399.9575554742553,5,PARRUMS,0.23198362010916243,0,0.0,0.0,0.0,0.0,straight_line,catchment not reconstructable
OBEBETE,OBETZ RD & BETH ANN DR,-82.994043,39.881887,1,008,1,1,35,6,am_peak+early+evening+midday+owl+pm_peak,False,,False,382.9642855667303,137.63056806195527,5,OBEBETAW,0.11337682019765286,1,13.116067171690435,0.0,1.0,1.0,straight_line,
PAROBEN,PARSONS AVE & OBETZ RD,-82.987585,39.882115,1,008,1,1,35,6,am_peak+early+evening+midday+owl+pm_peak,False,,False,133.7399289219667,285.6391681045186,6,PARINDS,0.4578417662030875,1,6.753213156852507,0.0,1.0,1.0,straight_line,
CAS1884S,1884 N CASSADY AVE,-82.929452,40.010378,1,007,1,1,35,6,am_peak+early+evening+midday+owl+pm_peak,False,,False,176.6956767251385,1038.9053444416024,5,CASCUMN,0.8788167218575744,1,97.85522972021863,0.0,0.0,0.0,straight_line,
PARALCN,PARSONS AVE & E ALCOTT RD,-82.985757,39.906048,1,008,1,1,35,6,am_peak+early+evening+midday+owl+pm_peak,False,,False,363.78052889986105,322.15798712391023,5,PARALCS,0.21035360773285255,1,2.488539530343048,0.0,1.0,1.0,straight_line,
PARMORN,PARSONS AVE & E MORRILL AVE,-82.983988,39.929631,1,008,1,1,35,6,am_peak+early+evening+midday+owl+pm_peak,False,,False,405.08063611847786,156.85801840695547,3,PARWELS,0.18021528594034436,1,1.0539696834394086,0.0,0.3333333333333333,0.06779661016949147,straight_line,
PARDERN,PARSONS AVE & DERING AVE,-82.985282,39.912205,1,008,1,1,35,6,am_peak+early+evening+midday+owl+pm_peak,False,,False,362.6486922872871,706.069656444778,3,PARDERS,0.16149580299696503,1,2.781308886853995,0.0,1.0,1.0,straight_line,
PARCORN,PARSONS AVE & CORR RD,-82.985545,39.908945,1,008,1,1,35,6,am_peak+early+evening+midday+owl+pm_peak,False,,False,322.15798712391023,362.6486922872871,5,PARCORS,0.8655908214694901,1,2.781308886853995,0.0,1.0,1.0,straight_line,
PARZIEN,PARSONS AVE & ZIEGLER AVE,-82.986003,39.902777,1,008,1,1,35,6,am_peak+early+evening+midday+owl+pm_peak,False,,False,606.7023995893925,363.78052889986105,3,PARZIES,0.15619408759359735,0,0.0,0.0,0.0,0.0,straight_line,catchment not reconstructable
PARGROVN,PARSONS AVE & GROVEPORT RD,-82.984788,39.918553,1,008,1,1,35,6,am_peak+early+evening+midday+owl+pm_peak,False,,False,706.069656444778,552.2779482548441,1,PARGROS,0.22793173362418512,0,0.0,0.0,0.0,0.0,straight_line,catchment not reconstructable
BROOUTW,E BROAD ST & OUTERBELT ST,-82.830916,39.980959,1,010,2,1,35,6,am_peak+early+evening+midday+owl+pm_peak,False,,False,313.1042270781871,534.7051971740009,4,BROOUTE,0.3378904631064956,1,24.358410461710807,0.0,1.0,1.0,straight_line,
BROEASW,E BROAD ST & EASTPOINTE RIDGE DR,-82.818169,39.982399,1,010,2,1,35,6,am_peak+early+evening+midday+owl+pm_peak,False,,False,262.73240866695215,249.58311080395774,4,BROBLAE,1.1096555545307247,0,0.0,0.0,0.0,0.0,straight_line,catchment not reconstructable
BROBROW1,E BROAD ST & BROAD POINTE PL,-82.82106,39.982071,1,010,2,1,35,6,am_peak+early+evening+midday+owl+pm_peak,False,,False,249.58311080395774,537.6848412055216,3,BROBROAE,1.2712728567497629,0,0.0,0.0,0.0,0.0,straight_line,catchment not reconstructable
BROBANW,E BROAD ST & BANNOCKBURN BLVD,-82.806504,39.983655,1,010,2,1,35,6,am_peak+early+evening+midday+owl+pm_peak,False,,False,510.33406039402354,743.2517399372545,1,BROREN,0.6609964363738161,1,38.1771240890275,0.0,1.0,1.0,straight_line,
BROSCEIW,E BROAD ST & SCENIC DR,-82.800588,39.984302,1,010,2,1,35,6,am_peak+early+evening+midday+owl+pm_peak,False,,False,764.9942693219954,510.33406039402354,1,BROSCEIE,0.42434293332351175,1,26.232134343380835,0.0,1.0,1.0,straight_line,
BROBRICW,E BROAD ST & BRICE RD,-82.827289,39.981369,1,010,2,1,35,6,am_peak+early+evening+midday+owl+pm_peak,False,,False,537.6848412055216,313.1042270781871,3,BROBRICE,0.9161601514147035,1,24.358410461710807,0.0,1.0,1.0,straight_line,
BROREYW,E BROAD ST & REYNOLDSBURG NEW ALBANY,-82.815126,39.982746,1,010,2,1,35,6,am_peak+early+evening+midday+owl+pm_peak,False,,False,743.2517399372545,262.73240866695215,3,BROLANE1,2.074449940653811,1,13.935821369921069,0.0,1.0,1.0,straight_line,
PARINNN,PARSONS AVE & E INNIS AVE,-82.984222,39.925987,1,008,1,1,35,6,am_peak+early+evening+midday+owl+pm_peak,False,,False,274.58210970720717,405.08063611847786,3,PARINNS,0.21303785192811103,2,11.50583571088021,0.0,1.0,1.0,straight_line,
PARMARN,PARSONS AVE & MARION RD,-82.984465,39.923521,1,008,1,1,35,6,am_peak+early+evening+midday+owl+pm_peak,False,,False,552.2779482548441,274.58210970720717,3,PARBARS,0.7060206694565283,0,0.0,0.0,0.0,0.0,straight_line,catchment not reconstructable
CASDEMN,N CASSADY AVE & DEMONYE DR,-82.930074,39.998007,1,007,2,1,35,6,am_peak+early+evening+midday+owl+pm_peak,False,,False,1800.3383075043598,334.331539250961,3,CASDEMS,0.5769834004626763,0,0.0,0.0,0.0,0.0,straight_line,catchment not reconstructable
CASDEMS,N CASSADY AVE & DEMONYE DR,-82.930278,39.998392,1,007,1,1,35,6,am_peak+early+evening+midday+owl+pm_peak,False,,False,293.7365834757083,1781.1492915926774,3,CASDEMN,0.5769834004626763,0,0.0,0.0,0.0,0.0,straight_line,catchment not reconstructable
CAS150S,1500 N CASSADY AVE,-82.930098,40.001034,1,007,1,1,35,6,am_peak+early+evening+midday+owl+pm_peak,False,,False,1038.9053444416024,293.7365834757083,3,CAS150N,0.2214469734910561,0,0.0,0.0,0.0,0.0,straight_line,catchment not reconstructable
CASAGLS,N CASSADY AVE & AGLER RD,-82.928788,40.020302,1,007,1,1,35,6,am_peak+early+evening+midday+owl+pm_peak,False,,False,114.10567462937327,391.194918210637,5,AGLENCAS,1.4263209328671658,1,12.335348887661238,0.0,1.0,1.0,straight_line,
AGLENCAS,AGLER RD & N CASSADY AVE,-82.928016,40.021141,1,007,1,1,35,6,am_peak+early+evening+midday+owl+pm_peak,False,,False,273.18288919893934,114.10567462937327,4,CASAGLS,1.4263209328671658,1,12.335348887661238,0.0,1.0,1.0,straight_line,
AGL343W,3433 AGLER RD,-82.919051,40.020696,1,007,1,1,35,6,am_peak+early+evening+midday+owl+pm_peak,False,,False,395.2838755202817,243.03460729155307,3,AGL343E,0.13033950734969502,2,25.968641922520984,0.0,0.5,0.5097493036211699,straight_line,
CAS150N,1500 N CASSADY AVE,-82.929892,40.001015,1,007,2,1,35,6,am_peak+early+evening+midday+owl+pm_peak,False,,False,334.331539250961,970.630046176808,3,CAS150S,0.2214469734910561,0,0.0,0.0,0.0,0.0,straight_line,catchment not reconstructable
CASCASS,N CASSADY AVE & CASSADY VILLAGE TRL,-82.929017,40.016783,1,007,1,1,35,6,am_peak+early+evening+midday+owl+pm_peak,False,,False,391.194918210637,379.5005101490521,4,CASCASN,0.13072899514637448,0,0.0,0.0,0.0,0.0,straight_line,catchment not reconstructable
CASHUDN,N CASSADY AVE & E HUDSON ST,-82.929248,40.011521,1,007,2,1,35,6,am_peak+early+evening+midday+owl+pm_peak,False,,False,197.1226061800911,263.79189132501944,5,CASHUDS,0.626222832010268,1,97.85522972021863,0.0,1.0,1.0,straight_line,
AGLASPE,AGLER RD & ASHPOINT ST,-82.913729,40.020344,1,007,2,1,35,6,am_peak+early+evening+midday+owl+pm_peak,False,,False,451.91342348542196,239.40668016398132,3,AGLASPW,0.7775812761342087,1,5.357679224150327,0.0,0.5,0.4597989949748744,straight_line,
AGL343E,3433 AGLER RD,-82.919012,40.020607,1,007,2,1,35,6,am_peak+early+evening+midday+owl+pm_peak,False,,False,429.4136404497679,451.91342348542196,3,AGL343W,0.13033950734969502,1,5.357679224150327,0.0,0.5,0.5097493036211699,straight_line,
318AGL,3158 AGLER RD,-82.924035,40.020818,1,007,2,1,35,6,am_peak+early+evening+midday+owl+pm_peak,False,,False,227.54402519532442,429.4136404497679,4,AGLEGATW,0.8659237178118733,2,17.693028111811564,0.0,1.0,1.0,straight_line,
BROMCNE,E BROAD ST & MCNAUGHTEN RD,-82.83477,39.980289,1,010,2,1,35,6,am_peak+early+evening+midday+owl+pm_peak,False,,False,709.9347065181084,336.40133953366,6,MCNBROS,1.8295513565254722,0,0.0,0.0,0.0,0.0,straight_line,catchment not reconstructable
BROMIEE,E BROAD ST & MEIJER DR,-82.785803,39.985721,1,010,2,1,35,6,am_peak+early+evening+midday+owl+pm_peak,False,,False,406.19757277890346,409.87820335954035,2,BROMIEW,1.1463062626269707,0,0.0,0.0,0.0,0.0,straight_line,catchment not reconstructable
BROSCEIE,E BROAD ST & SCENIC DR,-82.800284,39.984105,1,010,2,1,35,6,am_peak+early+evening+midday+owl+pm_peak,False,,False,487.676027859922,843.4715592132675,1,BROSCEIW,0.42434293332351175,1,26.232134343380835,0.0,1.0,1.0,straight_line,
BROWAGE,E BROAD ST & WAGGONER RD,-82.790511,39.985201,1,010,2,1,35,6,am_peak+early+evening+midday+owl+pm_peak,False,,False,843.4715592132675,406.19757277890346,2,BROWAGW,1.3168529433033735,0,0.0,0.0,0.0,0.0,straight_line,catchment not reconstructable
BROLIME,E BROAD ST & THE LIMITED,-82.777791,39.986616,1,010,2,1,35,6,am_peak+early+evening+midday+owl+pm_peak,False,,False,281.5364669264264,547.8964765885374,3,BRO8400W,2.0099197446423895,1,28.105858225050934,0.0,0.0,0.0,straight_line,
EBROCEDE,E BROAD ST & CEDAR CLIFF,-82.781055,39.98626,1,010,2,1,35,6,am_peak+early+evening+midday+owl+pm_peak,False,,False,409.87820335954035,281.5364669264264,2,EBROCEDW,1.4241665110940336,1,28.105858225050934,0.0,1.0,1.0,straight_line,
BRO8400W,8400 E BROAD ST,-82.775998,39.987058,1,010,2,1,35,6,am_peak+early+evening+midday+owl+pm_peak,False,,False,429.82386980314845,550.7924968516444,1,BROLIME,2.0099197446423895,0,0.0,0.0,0.0,0.0,straight_line,catchment not reconstructable
EBROCEDW,E BROAD ST & CEDAR CLIFF,-82.782383,39.986358,1,010,2,1,35,6,am_peak+early+evening+midday+owl+pm_peak,False,,False,550.7924968516444,386.68444844688446,4,EBROCEDE,1.4241665110940336,1,28.105858225050934,0.0,1.0,1.0,straight_line,
BROREN,E BROAD ST & REYNOLDS CROSSING DR,-82.805934,39.983469,1,010,2,1,35,6,am_peak+early+evening+midday+owl+pm_peak,False,,False,625.5049484650967,487.676027859922,1,BROBANW,0.6609964363738161,1,38.1771240890275,0.0,1.0,1.0,straight_line,
BROMIEW,E BROAD ST & MEIJER DR,-82.786863,39.985853,1,010,2,1,35,6,am_peak+early+evening+midday+owl+pm_peak,False,,False,386.68444844688446,419.7659918987956,3,BROMIEE,1.1463062626269707,0,0.0,0.0,0.0,0.0,straight_line,catchment not reconstructable
BROBRICE,E BROAD ST & N BRICE RD,-82.826453,39.98122,1,010,2,1,35,6,am_peak+early+evening+midday+owl+pm_peak,False,,False,381.43088262671125,567.1759554953188,3,BROBRICW,0.9161601514147035,1,24.358410461710807,0.0,1.0,1.0,straight_line,
BROOUTE,E BROAD ST & OUTERBELT ST,-82.830871,39.980718,1,010,2,1,35,6,am_peak+early+evening+midday+owl+pm_peak,False,,False,336.40133953366,381.43088262671125,4,BROOUTW,0.3378904631064956,1,24.358410461710807,0.0,1.0,1.0,straight_line,
AGLASPW,AGLER RD & ASHPOINT ST,-82.914427,40.020505,1,007,1,1,35,6,am_peak+early+evening+midday+owl+pm_peak,False,,False,427.0295710485704,395.2838755202817,5,AGLASPE,0.7775812761342087,2,11.652220389135683,0.0,0.5,0.4597989949748744,straight_line,
AGLEGATW,AGLER RD & GATEWOOD RD,-82.924824,40.020964,1,007,1,1,35,6,am_peak+early+evening+midday+owl+pm_peak,False,,False,250.6579303459133,273.18288919893934,5,318AGL,0.8659237178118733,2,17.693028111811564,0.0,1.0,1.0,straight_line,
BROWAGW,E BROAD ST & WAGGONER RD,-82.791732,39.985336,1,010,2,1,35,6,am_peak+early+evening+midday+owl+pm_peak,False,,False,419.7659918987956,764.9942693219954,1,BROWAGE,1.3168529433033735,0,0.0,0.0,0.0,0.0,straight_line,catchment not reconstructable
BROLANE1,E BROAD ST & LANCASTER AVE,-82.813185,39.982676,1,010,2,1,35,6,am_peak+early+evening+midday+owl+pm_peak,False,,False,341.01735815648516,625.5049484650967,2,BROREYW,2.074449940653811,1,13.935821369921069,0.0,1.0,1.0,straight_line,
BROBLAE,E BROAD ST & BLACKLICK XING,-82.817143,39.982271,1,010,2,1,35,6,am_peak+early+evening+midday+owl+pm_peak,False,,False,236.49446614535248,341.01735815648516,5,BROEASW,1.1096555545307247,0,0.0,0.0,0.0,0.0,straight_line,catchment not reconstructable
BROBROAE,E BROAD ST & BROAD POINTE PL,-82.81988,39.981948,1,010,2,1,35,6,am_peak+early+evening+midday+owl+pm_peak,False,,False,567.1759554953188,236.49446614535248,3,BROBROW1,1.2712728567497629,0,0.0,0.0,0.0,0.0,straight_line,catchment not reconstructable
AGLCORW,AGLER RD & CORBAN COMMONS DR,-82.921893,40.020827,1,007,1,1,35,6,am_peak+early+evening+midday+owl+pm_peak,False,,False,243.03460729155307,250.6579303459133,4,318AGL,2.285603466927582,3,38.30399081018222,0.0,0.6666666666666666,0.7392592592592594,straight_line,
CASBAYN,N CASSADY AVE & BAYLOR AVE,-82.929095,40.013894,1,007,2,1,35,6,am_peak+early+evening+midday+owl+pm_peak,False,,False,263.79189132501944,325.9240080568698,6,CASBAYS,0.7435637250029338,1,97.85522972021863,0.0,1.0,1.0,straight_line,
AGLPENE,AGLER RD & PENDLETON PL,-82.926693,40.020973,1,007,2,1,35,6,am_peak+early+evening+midday+owl+pm_peak,False,,False,497.74418883508054,227.54402519532442,4,AGLENCAS,1.4307976214035283,2,17.693028111811564,0.0,0.5,0.6332665330661325,straight_line,
CASCUMN,CASSADY AVE & CUMBERLAND WOODS DR,-82.929369,40.009748,1,007,2,1,35,6,am_peak+early+evening+midday+owl+pm_peak,False,,False,970.630046176808,197.1226061800911,3,CAS1884S,0.8788167218575744,0,0.0,0.0,0.0,0.0,straight_line,catchment not reconstructable
CASCASN,N CASSADY AVE & CASSADY VILLAGE TRL,-82.928908,40.016826,1,007,2,1,35,6,am_peak+early+evening+midday+owl+pm_peak,False,,False,325.9240080568698,497.74418883508054,4,CASCASS,0.13072899514637448,0,0.0,0.0,0.0,0.0,straight_line,catchment not reconstructable
5THNORE,E 5TH AVE & NORTHVIEW AVE,-82.93382,39.985162,1,007,2,1,34,6,am_peak+early+evening+midday+owl+pm_peak,False,,False,671.9217758602929,230.38818138854776,3,5THNORW,0.19834440080280216,1,8.373203596213079,0.0,1.0,1.0,straight_line,
5THNORW,E 5TH AVE & NORTHVIEW AVE,-82.933799,39.985304,1,007,1,1,34,6,am_peak+early+evening+midday+owl+pm_peak,False,,False,214.79587802882088,674.3457820211652,3,5THNORE,0.19834440080280216,1,8.373203596213079,0.0,1.0,1.0,straight_line,
5THCASE,E 5TH AVE & N CASSADY AVE,-82.93113,39.985007,1,007,2,1,34,6,am_peak+early+evening+midday+owl+pm_peak,False,,False,230.38818138854776,396.2950227977803,5,5THCASW,0.2731870616292672,2,14.267626640633475,0.0,1.0,1.0,straight_line,
5TH370E,3706 E 5TH AVE,-82.899689,39.985617,1,007,2,1,34,6,am_peak+early+evening+midday+owl+pm_peak,False,,False,427.4514379793138,482.8014806782133,2,5TH3925W,0.5247740437007792,0,0.0,0.0,0.0,0.0,straight_line,catchment not reconstructable
5TH7THE,E 5TH AVE & E 7TH AVE,-82.904657,39.98515,1,007,2,1,34,6,am_peak+early+evening+midday+owl+pm_peak,False,,False,350.1911137797273,427.4514379793138,4,5TH7THW,0.3799234062150719,0,0.0,0.0,0.0,0.0,straight_line,catchment not reconstructable
5THJAME,E 5TH AVE & N JAMES RD,-82.90864,39.984401,1,007,2,1,34,6,am_peak+early+evening+midday+owl+pm_peak,False,,False,355.1645655264553,350.1911137797273,5,5THJAMW,0.71521564889546,0,0.0,0.0,0.0,0.0,straight_line,catchment not reconstructable
5THKRUE,E 5TH AVE & KRUMM AVE,-82.917804,39.984583,1,007,2,1,34,6,am_peak+early+evening+midday+owl+pm_peak,False,,False,180.0210598521957,454.5787016571534,5,5THKRUW,0.2990988612283033,1,14.521360082942994,0.0,1.0,1.0,straight_line,
5THSTEE,E 5TH AVE & STERLING AVE,-82.91991,39.98465,1,007,2,1,34,6,am_peak+early+evening+midday+owl+pm_peak,False,,False,351.9296175326973,180.0210598521957,5,5THSTERW,0.7687308506644518,1,14.521360082942994,0.0,0.0,0.0,straight_line,
5THHAMSW,E 5TH AVE & N HAMILTON RD,-82.869345,39.989618,1,007,1,1,34,6,am_peak+early+evening+midday+owl+pm_peak,False,,False,537.1124886065043,518.1831166508198,1,HAM5THN,0.6393910785730472,1,205.93396536979859,0.0,1.0,1.0,straight_line,
5TH470E,4700 E 5TH AVE,-82.879007,39.986874,1,007,2,1,34,6,am_peak+early+evening+midday+owl+pm_peak,False,,False,558.6438026446233,452.8326042680103,1,5TH470W,0.34479448766700727,0,0.0,0.0,0.0,0.0,straight_line,catchment not reconstructable
5TH4569E,4569 E 5TH AVE,-82.873715,39.98662,1,007,2,1,34,6,am_peak+early+evening+midday+owl+pm_peak,False,,False,452.8326042680103,548.653462643031,1,5TH480W,0.70581153699289,0,0.0,0.0,0.0,0.0,straight_line,catchment not reconstructable
5THALTE,E 5TH AVE & ALTON AVE,-82.926493,39.984877,1,007,2,1,34,6,am_peak+early+evening+midday+owl+pm_peak,False,,False,396.2950227977803,210.87240703417547,4,5THALTW,0.2586359982083012,1,5.894423044420396,0.0,1.0,1.0,straight_line,
5TH470W,4700 E 5TH AVE,-82.879152,39.987096,1,007,1,1,34,6,am_peak+early+evening+midday+owl+pm_peak,False,,False,417.3690725054897,663.229659309598,1,5TH470E,0.34479448766700727,0,0.0,0.0,0.0,0.0,straight_line,catchment not reconstructable
5THYEAW,E 5TH AVE & N YEARLING RD,-82.886901,39.98749,1,007,1,1,34,6,am_peak+early+evening+midday+owl+pm_peak,False,,False,663.229659309598,214.99765047165832,3,5THYEAE,1.518584018497115,0,0.0,0.0,0.0,0.0,straight_line,catchment not reconstructable
5THRARE,E 5TH AVE & RARIG AVE,-82.924026,39.9848,1,007,2,1,34,6,am_peak+early+evening+midday+owl+pm_peak,False,,False,210.87240703417547,351.9296175326973,5,5THRARW,0.5633267449701335,2,14.238349704982383,0.0,1.0,1.0,straight_line,
5THYEAE,E 5TH AVE & N YEARLING RD,-82.885536,39.987182,1,007,2,1,34,6,am_peak+early+evening+midday+owl+pm_peak,False,,False,342.0393403684924,558.6438026446233,3,5THYEAW,1.518584018497115,0,0.0,0.0,0.0,0.0,straight_line,catchment not reconstructable
3995TH,3990 E FIFTH AVE,-82.894103,39.986285,1,007,2,1,34,6,am_peak+early+evening+midday+owl+pm_peak,False,,False,482.8014806782133,402.0012341560296,1,4015TH,1.4252009806451165,0,0.0,0.0,0.0,0.0,straight_line,catchment not reconstructable
5TH480W,4800 E 5TH AVE,-82.874272,39.986894,1,007,1,1,34,6,am_peak+early+evening+midday+owl+pm_peak,False,,False,518.1831166508198,417.3690725054897,1,5TH4569E,0.70581153699289,0,0.0,0.0,0.0,0.0,straight_line,catchment not reconstructable
5TH4301W,4301 E 5TH AVE,-82.889418,39.987453,1,007,1,1,34,6,am_peak+early+evening+midday+owl+pm_peak,False,,False,214.99765047165832,530.0956241998408,3,5TH430E,0.40491939736280286,0,0.0,0.0,0.0,0.0,straight_line,catchment not reconstructable
5THALTW,E 5TH AVE & ALTON AVE,-82.926675,39.985,1,007,1,1,34,6,am_peak+early+evening+midday+owl+pm_peak,False,,False,269.91237444990145,394.6378031569315,5,5THALTE,0.2586359982083012,1,5.894423044420396,0.0,1.0,1.0,straight_line,
5THJAMW,E 5TH AVE & N JAMES RD,-82.908171,39.984769,1,007,1,1,34,6,am_peak+early+evening+midday+owl+pm_peak,False,,False,291.63331352121145,373.1294477402279,5,5THJAME,0.71521564889546,0,0.0,0.0,0.0,0.0,straight_line,catchment not reconstructable
5TH7THW,E 5TH AVE & E 7TH AVE,-82.90485,39.98538,1,007,1,1,34,6,am_peak+early+evening+midday+owl+pm_peak,False,,False,407.24869330800544,291.63331352121145,3,5TH7THE,0.3799234062150719,0,0.0,0.0,0.0,0.0,straight_line,catchment not reconstructable
5THSTERW,E 5TH AVE & STERLING AVE,-82.920606,39.984792,1,007,1,1,34,6,am_peak+early+evening+midday+owl+pm_peak,False,,False,257.61575854711623,248.947070481509,5,5THSTEE,0.7687308506644518,0,0.0,0.0,0.0,0.0,straight_line,catchment not reconstructable
5THCASW,E 5TH AVE & N CASSADY AVE,-82.931291,39.98516,1,007,1,1,34,6,am_peak+early+evening+midday+owl+pm_peak,False,,False,394.6378031569315,214.79587802882088,4,5THCASE,0.2731870616292672,2,14.267626640633475,0.0,1.0,1.0,straight_line,
5TH430E,4301 E 5TH AVE,-82.889541,39.987177,1,007,2,1,34,6,am_peak+early+evening+midday+owl+pm_peak,False,,False,402.0012341560296,342.0393403684924,3,5TH4301W,0.40491939736280286,0,0.0,0.0,0.0,0.0,straight_line,catchment not reconstructable
5THRARW,E 5TH AVE & RARIG AVE,-82.923517,39.984907,1,007,1,1,34,6,am_peak+early+evening+midday+owl+pm_peak,False,,False,248.947070481509,269.91237444990145,5,5THRARE,0.5633267449701335,2,14.238349704982383,0.0,1.0,1.0,straight_line,
4015TH,4018 E FIFTH AVE,-82.895438,39.98629,1,007,1,1,34,6,am_peak+early+evening+midday+owl+pm_peak,False,,False,530.0956241998408,402.9366206309407,2,3995TH,1.4252009806451165,0,0.0,0.0,0.0,0.0,straight_line,catchment not reconstructable
5THKRUW,E 5TH AVE & KRUMM AVE,-82.917591,39.984723,1,007,1,1,34,6,am_peak+early+evening+midday+owl+pm_peak,False,,False,412.0777655638462,257.61575854711623,5,5THKRUE,0.2990988612283033,1,14.521360082942994,0.0,1.0,1.0,straight_line,
5TH3925W,3925 E 5TH AVE,-82.900114,39.985807,1,007,1,1,34,6,am_peak+early+evening+midday+owl+pm_peak,False,,False,402.9366206309407,407.24869330800544,2,5TH370E,0.5247740437007792,0,0.0,0.0,0.0,0.0,straight_line,catchment not reconstructable
BRICHAS,BRICE RD & CHANNINGWAY BLVD,-82.83037,39.938095,2,025+051,2,1,27,6,am_peak+early+evening+midday+owl+pm_peak,False,,True,134.90145837196013,1243.0407906754058,4,BRIEASN,1.0414183221485511,2,28.340073710259688,0.0,0.5,0.39834710743801605,straight_line,transfer point (2 routes)
MET485E,485 METRO PL S,-83.129031,40.093365,2,033+073,3,2,22,6,am_peak+early+evening+midday+owl+pm_peak,False,,True,263.42835341501103,501.9643948130946,2,METS495E,3.292854417687638,0,0.0,0.0,0.0,0.0,straight_line,transfer point (2 routes); catchment not reconstructable
MORTAYSE,MORRISON RD & TAYLOR RD,-82.860728,40.002687,1,025,1,1,22,6,am_peak+early+evening+midday+owl+pm_peak,False,,False,708.8095403861436,446.468929367317,1,MORTAYNW,0.42653417736202914,0,0.0,0.0,0.0,0.0,straight_line,catchment not reconstructable
MCNOLDS,MCNAUGHTEN RD & OLDE ORCHARD DR,-82.837752,39.963875,1,025,1,1,22,6,am_peak+early+evening+midday+owl+pm_peak,False,,False,278.11206037494287,427.4965730007011,3,MCNOLDN,0.6075939761618192,0,0.0,0.0,0.0,0.0,straight_line,catchment not reconstructable
BRIROSLS,BRICE RD & ROSELAWN AVE,-82.829579,39.946336,1,025,1,1,22,6,am_peak+early+evening+midday+owl+pm_peak,False,,False,360.57758050983955,237.93291607533155,4,BRIROSLN,0.23093848453484817,1,15.036634150402245,0.0,1.0,1.0,straight_line,
BRIASTS,BRICE RD & ASTOR AVE,-82.829789,39.944199,1,025,1,1,22,6,am_peak+early+evening+midday+owl+pm_peak,False,,False,237.93291607533155,205.75830473554026,7,BRICENN,0.7083513847104411,1,15.036634150402245,0.0,1.0,1.0,straight_line,
TAYWESS,TAYLOR STATION RD & WESTBOURNE AVE,-82.843286,39.98427,1,025,1,1,22,6,am_peak+early+evening+midday+owl+pm_peak,False,,False,217.20994622013094,560.3333588977976,3,TAYWESBN,0.9339611545095098,0,0.0,0.0,0.0,0.0,straight_line,catchment not reconstructable
TAYGAHS,TAYLOR STATION RD & GAHANNA PKWY,-82.841417,39.990574,1,025,1,1,22,6,am_peak+early+evening+midday+owl+pm_peak,False,,False,227.88659877055497,504.4664869400579,5,TAYGAHN,0.16328144657048044,0,0.0,0.0,0.0,0.0,straight_line,catchment not reconstructable
GENGEOS,GENDER RD & GEORGES CREEK DR,-82.826222,39.877602,1,025,1,1,22,6,am_peak+early+evening+midday+owl+pm_peak,False,,False,480.1019591526921,283.540191790267,3,GENPFEN,1.9448577231977058,2,45.65250165860702,0.0,1.0,1.0,straight_line,
TAYBELS,TAYLOR STATION RD & BELLTOWNE BLVD,-82.843115,39.986222,1,025,1,1,22,6,am_peak+early+evening+midday+owl+pm_peak,False,,False,504.4664869400579,217.20994622013094,3,TAYOPPN,1.2141127042457966,0,0.0,0.0,0.0,0.0,straight_line,catchment not reconstructable
BRI132S,1324 BRICE RD,-82.828933,39.953337,1,025,1,1,22,6,am_peak+early+evening+midday+owl+pm_peak,False,,False,242.1148742372533,418.65035938039796,5,BRICMN,0.3854497941897026,1,9.468997473439765,0.0,1.0,1.0,straight_line,
METUMETW,METRO PL N & UPPER METRO PL,-83.128721,40.095976,2,033+073,3,2,22,6,am_peak+early+evening+midday+owl+pm_peak,False,,True,425.33957110153904,287.3578935899194,4,METCRPW,3.5919736698739926,0,0.0,0.0,0.0,0.0,straight_line,transfer point (2 routes); catchment not reconstructable
METS495E,495 METRO PL S,-83.132103,40.093614,2,033+073,3,2,22,6,am_peak+early+evening+midday+owl+pm_peak,False,,True,186.61015731108512,263.42835341501103,4,METS565S,2.332626966388564,0,0.0,0.0,0.0,0.0,straight_line,transfer point (2 routes); catchment not reconstructable
GENNOTS,GENDER RD & NOTTINGHILL TRAIL DR,-82.825872,39.881918,1,025,1,1,22,6,am_peak+early+evening+midday+owl+pm_peak,False,,False,1140.161644230053,480.1019591526921,2,GENNOTN,0.5049476293253582,2,45.65250165860702,0.0,1.0,1.0,straight_line,
BRIRYGS,BRICE RD & RYGATE DR,-82.829287,39.949576,1,025,1,1,22,6,am_peak+early+evening+midday+owl+pm_peak,False,,False,418.65035938039796,360.57758050983955,4,BRIRYGN,1.143609143709544,1,9.468997473439765,0.0,1.0,1.0,straight_line,
GENSHAS,GENDER RD & SHANNON RD,-82.824947,39.892163,1,025,1,1,22,6,am_peak+early+evening+midday+owl+pm_peak,False,,False,1044.3579869498153,1140.161644230053,1,GENSHAN,0.2538168279488625,0,0.0,0.0,0.0,0.0,straight_line,catchment not reconstructable
GENABBS,GENDER RD & ABBIE TRAILS DR,-82.825107,39.901569,1,025,1,1,22,6,am_peak+early+evening+midday+owl+pm_peak,False,,False,692.9171881439422,1044.3579869498153,1,GENABBN,0.9990193229808686,1,31.228731361167704,0.0,1.0,1.0,straight_line,
GENUPPS,GENDER RD & UPPERRIDGE DR,-82.82462,39.907799,1,025,1,1,22,6,am_peak+early+evening+midday+owl+pm_peak,False,,False,299.11641355661556,692.9171881439422,6,GENUPRN,0.9025729895984378,1,8.665972952724026,0.0,0.5,0.5183887915936952,straight_line,
GENREFS,GENDER RD & REFUGEE RD,-82.824347,39.910485,1,025,1,1,22,6,am_peak+early+evening+midday+owl+pm_peak,False,,False,1079.3041556296978,299.11641355661556,7,REFGENW,0.7474527257676856,3,25.931000148112435,0.0,1.0,1.0,straight_line,
GENCENS,GENDER RD & CENTENIAL DR,-82.825897,39.920133,1,025,1,1,22,6,am_peak+early+evening+midday+owl+pm_peak,False,,False,445.18025205422373,1079.3041556296978,1,GENCENN,0.240308913503298,0,0.0,0.0,0.0,0.0,straight_line,catchment not reconstructable
GENBRIS,GENDER RD & BRICE RD,-82.829444,39.923069,1,025,1,1,22,6,am_peak+early+evening+midday+owl+pm_peak,False,,False,463.19902233443275,445.18025205422373,2,GENBRIN,0.2305065325218402,0,0.0,0.0,0.0,0.0,straight_line,catchment not reconstructable
BRILIVS1,BRICE RD & LIVINGSTON AVE,-82.829971,39.942351,1,025,1,1,22,6,am_peak+early+evening+midday+owl+pm_peak,False,,False,205.75830473554026,473.74047237136995,7,BRILIVN,0.3825588280525532,0,0.0,0.0,0.0,0.0,straight_line,catchment not reconstructable
MCNSISS,MCNAUGHTEN RD & GANSE LN,-82.836495,39.977612,1,025,1,1,22,6,am_peak+early+evening+midday+owl+pm_peak,False,,False,236.14954000859012,504.8722455240257,4,MCNGANN,0.19782891842652225,0,0.0,0.0,0.0,0.0,straight_line,catchment not reconstructable
STYWENS,STYGLER RD & WENDLER BLVD,-82.890595,40.046863,1,025,1,1,22,6,am_peak+early+evening+midday+owl+pm_peak,False,,False,1302.7496715300033,347.5575294077774,2,STYRIDN,4.253506114866461,1,912.2693148881053,912.2693148881053,0.0,0.0,straight_line,only access for 912 daily trips
STYFORS,STYGLER RD & FORESTWOOD DR,-82.888701,40.041292,1,025,1,1,22,6,am_peak+early+evening+midday+owl+pm_peak,False,,False,338.1718727172763,366.4652152824368,4,STYFORN,0.17928554212029038,1,30.91644404755599,0.0,1.0,1.0,straight_line,
STYWOOS,STYGLER RD & WOODMARK RUN,-82.88903,40.038001,1,025,1,1,22,6,am_peak+early+evening+midday+owl+pm_peak,False,,False,366.4652152824368,584.4307381564197,3,STYWOON,0.6622062770582569,2,82.91228176390015,0.0,1.0,1.0,straight_line,
STYMCCS,STYGLER RD & MCCUTCHEON RD,-82.88949,40.032749,1,025,1,1,22,6,am_peak+early+evening+midday+owl+pm_peak,False,,False,584.4307381564197,344.0832818477568,3,STYMCCN,0.22820661531114186,1,7.455859612478779,0.0,1.0,1.0,straight_line,
STYSANS,STYGLER RD & SANDBURR DR,-82.888227,40.044316,1,025,1,1,22,6,am_peak+early+evening+midday+owl+pm_peak,False,,False,347.5575294077774,338.1718727172763,4,STYRIDN,0.11241436972921519,0,0.0,0.0,0.0,0.0,straight_line,catchment not reconstructable
GENWINS,GENDER RD & WINCHESTER PIKE,-82.827581,39.863625,1,025,1,1,22,6,am_peak+early+evening+midday+owl+pm_peak,False,,False,566.8168995538383,1292.3768062188462,1,CANWIPR,4.870693829937234,0,0.0,0.0,0.0,0.0,straight_line,catchment not reconstructable
6340PREN,6340 PRENTISS SCHOOL DR,-82.829555,39.852084,1,025,1,1,22,6,am_peak+early+evening+midday+owl+pm_peak,False,,False,1292.3768062188462,978.3876830315826,0,,,0,0.0,0.0,0.0,0.0,straight_line,no walking alternative within 5 min; catchment not reconstructable
SCITECS,SCIENCE BLVD & TECH CENTER DR,-82.843331,39.999221,1,025,1,1,22,6,am_peak+early+evening+midday+owl+pm_peak,False,,False,798.4657874220048,287.7257274866062,3,SCITECN,0.29195181641126194,0,0.0,0.0,0.0,0.0,straight_line,catchment not reconstructable
791SCIS,791 SCIENCE BLVD,-82.843448,39.996631,1,025,1,1,22,6,am_peak+early+evening+midday+owl+pm_peak,False,,False,287.7257274866062,450.6946711507673,3,790SCIN,0.2922550168278668,0,0.0,0.0,0.0,0.0,straight_line,catchment not reconstructable
CLASCIE,CLAYCRAFT RD & SCIENCE BLVD,-82.844134,39.992606,1,025,1,1,22,6,am_peak+early+evening+midday+owl+pm_peak,False,,False,450.6946711507673,313.13864037274215,5,CLASCIW,0.22204791854874326,0,0.0,0.0,0.0,0.0,straight_line,catchment not reconstructable
MORWATSE,MORRISON RD & WATERBURY CT,-82.86495,40.008184,1,025,1,1,22,6,am_peak+early+evening+midday+owl+pm_peak,False,,False,186.48898941697837,708.8095403861436,4,MORHEMN,0.7904598565353985,1,47.25297414086688,0.0,1.0,1.0,straight_line,
STYCHAS,N STYGLER RD & CHAPELFIELD RD,-82.890037,40.026446,1,025,1,1,22,6,am_peak+early+evening+midday+owl+pm_peak,False,,False,357.2717074666478,448.5485083065694,4,NSTCHAN,0.5157176591613948,3,18.458410858118743,0.0,1.0,1.0,straight_line,
US6OLDE,US 62 & OLD RIDENOUR RD,-82.883914,40.018755,1,025,1,1,22,6,am_peak+early+evening+midday+owl+pm_peak,False,,False,593.1745992603194,506.4968632983814,1,US6OLDW,1.4838573226841507,2,134.47314786485686,128.35008589439934,0.0,0.0,straight_line,only access for 128 daily trips
STYDUNS,N STYGLER RD & DUNCHURCH RD,-82.890388,40.022415,1,025,1,1,22,6,am_peak+early+evening+midday+owl+pm_peak,False,,False,448.5485083065694,240.28281006263833,4,NSTDUNN,0.7514297349014804,3,15.753779659874759,0.0,1.0,1.0,straight_line,
STYAGLS,N STYGLER RD & AGLER RD,-82.890583,40.020256,1,025,1,1,22,6,am_peak+early+evening+midday+owl+pm_peak,False,,False,240.28281006263833,593.1745992603194,4,NSTAGLN,0.8279205400120837,2,10.87429038469231,0.0,1.0,1.0,straight_line,
MORHAME,MORRISON RD & N HAMILTON RD,-82.866393,40.009445,1,025,1,1,22,6,am_peak+early+evening+midday+owl+pm_peak,False,,False,471.05445130149974,186.48898941697837,4,HAMROCSS,1.152220592423795,1,47.25297414086688,0.0,0.0,0.0,straight_line,
GRALINE,GRANVILLE ST & LINCOLN CIR,-82.872284,40.018413,1,025,1,1,22,6,am_peak+early+evening+midday+owl+pm_peak,False,,False,487.36592491292635,487.8432986352052,1,GRALINW,0.7274493891667757,1,23.187333035667017,0.0,1.0,1.0,straight_line,
GRASHIE,GRAVILLE ST & S HIGH ST,-82.877981,40.018701,1,025,1,1,22,6,am_peak+early+evening+midday+owl+pm_peak,False,,False,506.4968632983814,487.36592491292635,2,GRASHIW,0.30660218436201114,1,23.187333035667017,0.0,1.0,1.0,straight_line,
MCNEFFS,MCNAUGHTEN RD & EFFINGHAM RD,-82.838043,39.960031,1,025,1,1,22,6,am_peak+early+evening+midday+owl+pm_peak,False,,False,427.4965730007011,605.7611616071015,2,MCNCHEN,1.2572535049251787,0,0.0,0.0,0.0,0.0,straight_line,catchment not reconstructable
HERCOLWB,HERITAGE CLUB DR & COLONIAL DR,-83.162651,40.025156,2,032+071,2,2,22,6,am_peak+early+evening+midday+owl+pm_peak,False,,True,308.99775652710883,362.6417836623064,5,MAISCIN,3.573581548475608,1,36.849903006177875,0.0,0.5,0.6961651917404131,straight_line,transfer point (2 routes)
METCRPW,METRO PL N & CROWN PLAZA,-83.132086,40.096114,2,033+073,3,2,22,6,am_peak+early+evening+midday+owl+pm_peak,False,,True,287.3578935899194,146.9266298801462,3,METS565S,1.8365828735018273,0,0.0,0.0,0.0,0.0,straight_line,transfer point (2 routes); catchment not reconstructable
CLATAYE,CLAYCRAFT RD & TAYLOR STATION RD,-82.84047,39.992493,1,025,1,1,22,6,am_peak+early+evening+midday+owl+pm_peak,False,,False,313.13864037274215,227.88659877055497,5,CLATAYW,0.1432656385985912,0,0.0,0.0,0.0,0.0,straight_line,catchment not reconstructable
STYGAMS,N STYGLER RD & GAMEWOOD DR,-82.889763,40.029657,1,025,1,1,22,6,am_peak+early+evening+midday+owl+pm_peak,False,,False,344.0832818477568,357.2717074666478,5,NSTMCCN,0.1851476889529502,2,12.335348887661226,0.0,1.0,1.0,straight_line,
TECAEPE,TECHCENTER DR & AEP,-82.852658,39.999738,1,025,1,1,22,6,am_peak+early+evening+midday+owl+pm_peak,False,,False,342.1495282983945,798.4657874220048,3,TECAEPW,0.25735674855379387,0,0.0,0.0,0.0,0.0,straight_line,catchment not reconstructable
GENLEMS,GENDER RD & LEHMAN RD,-82.826988,39.86871,1,025,1,1,22,6,am_peak+early+evening+midday+owl+pm_peak,False,,False,705.842928131002,566.8168995538383,1,GENLEHN,0.9372210723858905,1,48.13128221039973,0.0,1.0,1.0,straight_line,
5275GENS,5275 GENDER RD,-82.826466,39.875055,1,025,1,1,22,6,am_peak+early+evening+midday+owl+pm_peak,False,,False,283.540191790267,705.842928131002,2,GENGENN,1.0041184990028182,1,19.94735215694586,0.0,1.0,1.0,straight_line,
MCNWHI1,MCNAUGHTEN RD & WHITMAN RD,-82.836833,39.973072,1,025,1,1,22,6,am_peak+early+evening+midday+owl+pm_peak,False,,False,504.8722455240257,389.15051792853245,3,MCNKNIN,0.34476751755761265,0,0.0,0.0,0.0,0.0,straight_line,catchment not reconstructable
MCNWHIS,MCNAUGHTEN RD & WHITNEY WOODS CT,-82.837143,39.969575,1,025,1,1,22,6,am_peak+early+evening+midday+owl+pm_peak,False,,False,389.15051792853245,356.8961785454103,4,MCNBILLN,0.16356470639751558,1,55.21630063796461,0.0,1.0,1.0,straight_line,
MCNWINS,MCNAUGHTEN RD & WINDING RIDGE DR,-82.837527,39.966374,1,025,1,1,22,6,am_peak+early+evening+midday+owl+pm_peak,False,,False,356.8961785454103,278.11206037494287,5,MCNBASN,0.672426282406503,1,55.21630063796461,0.0,1.0,1.0,straight_line,
TECMORE,TECHCENTER DR & MORRISON RD,-82.85662,40.000199,1,025,1,1,22,6,am_peak+early+evening+midday+owl+pm_peak,False,,False,446.468929367317,342.1495282983945,3,TECMORW,0.20480944084816827,0,0.0,0.0,0.0,0.0,straight_line,catchment not reconstructable
MCNBROS,MCNAUGHTEN RD & E BROAD ST,-82.836325,39.979735,1,025,1,1,22,6,am_peak+early+evening+midday+owl+pm_peak,False,,False,570.0758968720673,236.14954000859012,4,BROMCNW,1.109603675260574,0,0.0,0.0,0.0,0.0,straight_line,catchment not reconstructable
HILCABS,HILLIARD ROME RD & CABOT COVE DR,-83.153188,39.99825,2,021+071,2,1,21,6,am_peak+early+evening+midday+owl+pm_peak,False,,True,564.146762249405,420.4774837944134,1,HILCOVN,0.5961556375386597,3,100.66246960722111,0.0,1.0,1.0,straight_line,transfer point (2 routes)
HILNIKS,HILLIARD ROME RD & NIKE DR,-83.152592,39.994491,2,021+071,2,1,21,6,am_peak+early+evening+midday+owl+pm_peak,False,,True,420.4774837944134,274.42165952049885,3,HILNIKN,0.3510455211152438,2,78.2558548555833,0.0,0.6666666666666666,0.8824252355591969,straight_line,transfer point (2 routes)
FRABALN,FRANTZ RD & BALLYMEAD BLVD,-83.121245,40.072757,2,021+072,2,2,21,6,am_peak+early+evening+midday+owl+pm_peak,False,,True,404.946831086335,314.19917301308527,3,FRABRES,2.713126612217251,2,20.431397493043942,0.0,1.0,1.0,straight_line,transfer point (2 routes)
FRANORNW,FRANTZ RD & NORTHBRIDGE PLAZA,-83.118358,40.069862,2,021+072,2,2,21,6,am_peak+early+evening+midday+owl+pm_peak,False,,True,528.2122615202434,404.946831086335,2,FRAKEAS,1.2085719656605498,2,20.431397493043942,0.0,1.0,1.0,straight_line,transfer point (2 routes)
HAY316W,3166 HAYDEN RD,-83.102236,40.068195,2,021+072,2,2,21,6,am_peak+early+evening+midday+owl+pm_peak,False,,True,377.79882116122536,888.3523479635745,3,HAY311E,0.25948315890575585,2,31.209213404066965,0.0,1.0,1.0,straight_line,transfer point (2 routes)
DUBHAYN,DUBLIN RD & HAYDEN RUN RD,-83.112647,40.068024,2,021+072,2,2,21,6,am_peak+early+evening+midday+owl+pm_peak,False,,True,888.3523479635745,528.2122615202434,1,FRAMCGSE,4.549747568536124,0,0.0,0.0,0.0,0.0,straight_line,transfer point (2 routes); catchment not reconstructable
HAYDONW,HAYDEN RD & DONNYLANE BLVD,-83.098091,40.066997,2,021+072,2,2,21,6,am_peak+early+evening+midday+owl+pm_peak,False,,True,419.2146610759635,377.79882116122536,3,HAY3011E,0.4409183060124146,2,31.209213404066965,0.0,1.0,1.0,straight_line,transfer point (2 routes)
FRABRES,FRANTZ RD & BRELSFORD LN,-83.122063,40.074608,2,021+072,2,2,21,6,am_peak+early+evening+midday+owl+pm_peak,False,,True,320.61144015030055,556.707823015547,4,FRABREN,1.2660526948217796,2,20.431397493043942,0.0,1.0,1.0,straight_line,transfer point (2 routes)
FRAKEAS,FRANTZ RD & KEATING DR,-83.119476,40.070005,2,021+072,2,2,21,6,am_peak+early+evening+midday+owl+pm_peak,False,,True,556.707823015547,262.33425126012185,3,FRANORNW,1.2085719656605498,2,20.431397493043942,0.0,1.0,1.0,straight_line,transfer point (2 routes)
FRAMCGSE,FRANTZ RD & MCGRATH DR,-83.116485,40.069456,2,021+072,2,2,21,6,am_peak+early+evening+midday+owl+pm_peak,False,,True,262.33425126012185,1236.5666097113285,3,FRANORNW,2.0752259612274093,1,7.924290582896294,0.0,0.5,0.43191489361702134,straight_line,transfer point (2 routes)
FRABREN,FRANTZ RD & BRELSFORD LN,-83.12204,40.07552,2,021+072,2,2,21,6,am_peak+early+evening+midday+owl+pm_peak,False,,True,314.19917301308527,255.59952753546492,4,FRABRES,1.2660526948217796,2,20.431397493043942,0.0,1.0,1.0,straight_line,transfer point (2 routes)
HILROBS,HILLIARD ROME RD & ROBERTS RD,-83.153981,40.003294,2,021+071,2,1,21,6,am_peak+early+evening+midday+owl+pm_peak,False,,True,531.3492915731678,564.146762249405,1,HILROBN,1.2686046608341854,0,0.0,0.0,0.0,0.0,straight_line,transfer point (2 routes); catchment not reconstructable
HILWHIS,HILLIARD ROME & WHISPERING OAK BLVD,-83.153748,40.008076,2,021+071,2,1,21,6,am_peak+early+evening+midday+owl+pm_peak,False,,True,607.3883378110048,531.3492915731678,1,HILWHIN,0.560388237340458,1,73.77787784075845,0.0,1.0,1.0,straight_line,transfer point (2 routes)
HILLTANS,HILLIARD ROME RD & TANGLEWOOD PARK BLVD,-83.1522,39.992038,2,021+071,2,1,21,6,am_peak+early+evening+midday+owl+pm_peak,False,,True,274.42165952049885,326.8760317702843,5,HILLTANN,1.408818752059069,2,78.2558548555833,0.0,0.5,0.5148560817084494,straight_line,transfer point (2 routes)
MAILUTS,MAIN ST & LUTHER LN,-83.160275,40.022587,2,021+071,2,1,21,6,am_peak+early+evening+midday+owl+pm_peak,False,,True,566.8325232888385,684.2289552465754,3,MAILUTN,0.2674966082627141,1,12.062097488251009,0.0,1.0,1.0,straight_line,transfer point (2 routes)
HILTINS,HILLIARD ROME RD & TINAPPLE RD,-83.157115,40.016924,2,021+071,2,1,21,6,am_peak+early+evening+midday+owl+pm_peak,False,,True,684.2289552465754,489.490562102454,1,HILTINAN,0.27988589191786606,0,0.0,0.0,0.0,0.0,straight_line,transfer point (2 routes); catchment not reconstructable
HILHYDS,HILLIARD ROME RD & HYDE PARK DR,-83.153439,40.013541,2,021+071,2,1,21,6,am_peak+early+evening+midday+owl+pm_peak,False,,True,489.490562102454,607.3883378110048,1,HILSPRN,0.2844077901978374,0,0.0,0.0,0.0,0.0,straight_line,transfer point (2 routes); catchment not reconstructable
HAY3011E,3011 HAYDEN RD,-83.098064,40.06668,2,021+072,2,2,21,6,am_peak+early+evening+midday+owl+pm_peak,False,,True,376.4154463876095,434.6053562406149,3,HAYDONW,0.4409183060124146,2,31.209213404066965,0.0,1.0,1.0,straight_line,transfer point (2 routes)
HILWHIN,HILLIARD ROME & WHISPERING OAK BLVD,-83.153484,40.008425,2,021+071,2,1,21,6,am_peak+early+evening+midday+owl+pm_peak,False,,True,471.2114762232457,576.9336431215759,1,HILWHIS,0.560388237340458,1,73.77787784075845,0.0,1.0,1.0,straight_line,transfer point (2 routes)
HAY311E,3111 HAYDEN RD,-83.102108,40.068036,2,021+072,2,2,21,6,am_peak+early+evening+midday+owl+pm_peak,False,,True,1236.5666097113285,376.4154463876095,3,HAY316W,0.25948315890575585,2,31.209213404066965,0.0,1.0,1.0,straight_line,transfer point (2 routes)
181WBRE,181 W BRIDGE ST,-83.117455,40.099178,2,033+073,2,2,21,6,am_peak+early+evening+midday+owl+pm_peak,False,,True,245.96084005916904,346.44465367073883,5,80WBRIW,0.6756363347724144,1,204.23590310203562,0.0,1.0,1.0,straight_line,transfer point (2 routes)
RIDMOUW,RIDGECLIFF RD & MOUNTVIEW RD,-83.072355,40.023126,2,032+075,2,2,21,6,am_peak+early+evening+midday+owl+pm_peak,False,,True,199.66943307411503,242.26432345850185,5,MOURIDS,0.39328606644822167,2,27.051888541611486,0.0,1.0,1.0,straight_line,transfer point (2 routes)
RIDREDW,RIDGECLIFF RD & REDDING RD,-83.070021,40.023008,2,032+075,2,2,21,6,am_peak+early+evening+midday+owl+pm_peak,False,,True,299.60403830617435,199.66943307411503,7,RIDREDE,0.925792293839675,3,16.102314608102077,0.0,1.0,1.0,straight_line,transfer point (2 routes)
NOTKIOE,NOTTINGHAM RD & KIOKA AVE,-83.083855,40.025622,2,032+075,2,2,21,6,am_peak+early+evening+midday+owl+pm_peak,False,,True,570.009395327595,338.1745511334214,3,NOTKIOW,0.18599823932494802,3,23.273769702827384,0.0,1.0,1.0,straight_line,transfer point (2 routes)
RIDTREW,RIDGECLIFF RD & TREMONT RD,-83.060272,40.022546,2,032+075,2,2,21,6,am_peak+early+evening+midday+owl+pm_peak,False,,True,210.92027062522007,263.40604697944036,8,RIDTREE,0.13698905368212125,1,6.997187620611629,0.0,0.5,0.32297297297297256,straight_line,transfer point (2 routes)
RIDCOLW,RIDGECLIFF RD & COLCHESTER RD,-83.066518,40.022841,2,032+075,2,2,21,6,am_peak+early+evening+midday+owl+pm_peak,False,,True,270.7878699704297,299.60403830617435,5,RIDCOLE,0.27348093744247726,2,10.598250705696275,0.0,1.0,1.0,straight_line,transfer point (2 routes)
NOTSUNE,NOTTINGHAM RD & SUNSET DR,-83.090524,40.025883,2,032+075,2,2,21,6,am_peak+early+evening+midday+owl+pm_peak,True,075,True,1131.1968481993797,570.009395327595,3,NOTSUNW,0.2328002183756736,1,15.067862881763418,0.0,1.0,1.0,straight_line,terminal; transfer point (2 routes)
HILROBN,HILLIARD ROME & ROBERTS RD,-83.153716,40.004185,2,021+071,2,1,21,6,am_peak+early+evening+midday+owl+pm_peak,False,,True,619.125906651303,471.2114762232457,1,HILROBS,1.2686046608341854,0,0.0,0.0,0.0,0.0,straight_line,transfer point (2 routes); catchment not reconstructable
HILNIKN,HILLIARD ROME RD & NIKE DR,-83.152319,39.994632,2,021+071,2,1,21,6,am_peak+early+evening+midday+owl+pm_peak,False,,True,396.4384780116657,448.32533485547856,3,HILNIKS,0.3510455211152438,3,100.66246960722111,0.0,0.6666666666666666,0.8824252355591969,straight_line,transfer point (2 routes)
HILTINAN,HILLIARD ROME RD & TINAPPLE RD,-83.156968,40.017091,2,021+071,2,1,21,6,am_peak+early+evening+midday+owl+pm_peak,False,,True,502.8582529020666,671.7805759356673,1,HILTINS,0.27988589191786606,0,0.0,0.0,0.0,0.0,straight_line,transfer point (2 routes); catchment not reconstructable
HILCOVN,HILLIARD ROME RD & CABOT COVE DR,-83.152954,39.99864,2,021+071,2,1,21,6,am_peak+early+evening+midday+owl+pm_peak,False,,True,448.32533485547856,619.125906651303,1,HILCABS,0.5961556375386597,3,100.66246960722111,0.0,1.0,1.0,straight_line,transfer point (2 routes)
HILSPRN,HILLIARD ROME RD & SPRINGDALE BLVD,-83.153191,40.013616,2,021+071,2,1,21,6,am_peak+early+evening+midday+owl+pm_peak,False,,True,576.9336431215759,502.8582529020666,1,HILHYDS,0.2844077901978374,0,0.0,0.0,0.0,0.0,straight_line,transfer point (2 routes); catchment not reconstructable
NOTRAME,NOTTINGHAM RD & RAMSGATE RD,-83.076381,40.025297,2,032+075,2,2,21,6,am_peak+early+evening+midday+owl+pm_peak,False,,True,300.835031128839,309.2004138832566,6,NOTRAMW,0.24739800661802208,3,13.709970723469766,0.0,1.0,1.0,straight_line,transfer point (2 routes)
RIDSOME,RIDGECLIFF RD & SOMERFORD RD,-83.062997,40.022587,2,032+075,2,2,21,6,am_peak+early+evening+midday+owl+pm_peak,False,,True,281.69311280881954,238.41269688445954,9,RIDSOMW,0.41007297507764495,1,6.997187620611629,0.0,1.0,1.0,straight_line,transfer point (2 routes)
RIDREDE,RIDGECLIFF RD & REDDING RD,-83.069169,40.022882,2,032+075,2,2,21,6,am_peak+early+evening+midday+owl+pm_peak,False,,True,303.4223711115584,246.1930147393526,6,RIDREDW,0.925792293839675,3,16.102314608102077,0.0,1.0,1.0,straight_line,transfer point (2 routes)
RIDCOLE,RIDGECLIFF RD & COLCHESTER RD,-83.06629,40.022751,2,032+075,2,2,21,6,am_peak+early+evening+midday+owl+pm_peak,False,,True,246.1930147393526,281.69311280881954,5,RIDCOLW,0.27348093744247726,2,10.598250705696275,0.0,1.0,1.0,straight_line,transfer point (2 routes)
RIDTREE,RIDGECLIFF RD & TREMONT RD,-83.060209,40.02246,2,032+075,2,2,21,6,am_peak+early+evening+midday+owl+pm_peak,False,,True,238.41269688445954,98.92012463214623,8,RIDTREW,0.13698905368212125,2,21.664932381810093,0.0,0.5,0.32297297297297256,straight_line,transfer point (2 routes)
NOTDORE,NOTTINGHAM RD & DORCHESTER RD,-83.0799,40.025445,2,032+075,2,2,21,6,am_peak+early+evening+midday+owl+pm_peak,False,,True,338.1745511334214,300.835031128839,5,NOTDORW,0.3859589970368984,2,8.205906821063966,0.0,1.0,1.0,straight_line,transfer point (2 routes)
NOTMOUE,NOTTINGHAM RD & MOUNTVIEW RD,-83.072764,40.025147,2,032+075,2,2,21,6,am_peak+early+evening+midday+owl+pm_peak,False,,True,309.2004138832566,211.9384921251407,7,NOTMOUW,0.2982283290869482,2,9.427173279652488,0.0,0.6666666666666666,0.7155555555555555,straight_line,transfer point (2 routes)
RIDSOMW,RIDGECLIFF RD & SOMERFORD RD,-83.063351,40.022702,2,032+075,2,2,21,6,am_peak+early+evening+midday+owl+pm_peak,False,,True,263.40604697944036,270.7878699704297,9,RIDSOME,0.41007297507764495,1,6.997187620611629,0.0,1.0,1.0,straight_line,transfer point (2 routes)
NOTRAMW,NOTTINGHAM RD & RAMSGATE RD,-83.076578,40.025391,2,032+075,2,2,21,6,am_peak+early+evening+midday+owl+pm_peak,False,,True,304.97624742143273,312.9561811571069,5,NOTRAME,0.24739800661802208,3,13.709970723469766,0.0,1.0,1.0,straight_line,transfer point (2 routes)
NOTMOUW,NOTTINGHAM RD & MOUNTVIEW RD,-83.07301,40.025249,2,032+075,2,2,21,6,am_peak+early+evening+midday+owl+pm_peak,False,,True,242.26432345850185,304.97624742143273,6,NOTMOUE,0.2982283290869482,3,13.709970723469766,0.0,0.6666666666666666,0.7155555555555555,straight_line,transfer point (2 routes)
NOTKIOW,NOTTINGHAM RD & KIOKA AVE,-83.08394,40.025739,2,032+075,2,2,21,6,am_peak+early+evening+midday+owl+pm_peak,False,,True,316.6771605163735,550.8082705928739,3,NOTKIOE,0.18599823932494802,3,23.273769702827384,0.0,1.0,1.0,straight_line,transfer point (2 routes)
NOTDORW,NOTTINGHAM RD & S DORCHESTER RD,-83.080239,40.025542,2,032+075,2,2,21,6,am_peak+early+evening+midday+owl+pm_peak,False,,True,312.9561811571069,316.6771605163735,5,NOTDORE,0.3859589970368984,2,8.205906821063966,0.0,1.0,1.0,straight_line,transfer point (2 routes)
BRIHIGE,E BRIDGE ST & N HIGH ST,-83.113417,40.099523,2,033+073,2,2,21,6,am_peak+early+evening+midday+owl+pm_peak,False,,True,346.44465367073883,575.7501110258279,3,BRINHIW,0.2519649004994928,0,0.0,0.0,0.0,0.0,straight_line,transfer point (2 routes); catchment not reconstructable
FRA161S,FRANTZ RD & W BRIDGE ST,-83.124878,40.098418,2,033+073,2,2,21,6,am_peak+early+evening+midday+owl+pm_peak,False,,True,364.70414284712075,425.33957110153904,3,FRA161N,0.3261751490609997,0,0.0,0.0,0.0,0.0,straight_line,transfer point (2 routes); catchment not reconstructable
BRICORE,W BRIDGE ST & CORBIN MILL DR,-83.120338,40.099107,2,033+073,2,2,21,6,am_peak+early+evening+midday+owl+pm_peak,False,,True,369.1000308397322,245.96084005916904,5,BRISHAW,0.5301988022956212,1,204.23590310203562,0.0,1.0,1.0,straight_line,transfer point (2 routes)
FRA161N,FRANTZ RD & W BRIDGE ST,-83.124572,40.098416,2,033+073,2,2,21,6,am_peak+early+evening+midday+owl+pm_peak,False,,True,677.5932526518516,369.1000308397322,3,FRA161S,0.3261751490609997,0,0.0,0.0,0.0,0.0,straight_line,transfer point (2 routes); catchment not reconstructable
NOTSUNW,NOTTINGHAM RD & SUNSET DR,-83.090383,40.026011,2,032+075,2,2,21,6,am_peak+early+evening+midday+owl+pm_peak,True,075,True,550.8082705928739,1150.5283823166324,3,NOTSUNE,0.2328002183756736,1,15.067862881763418,0.0,1.0,1.0,straight_line,terminal; transfer point (2 routes)
BRINHIW,E BRIDGE ST & N HIGH ST,-83.113582,40.099653,2,033+073,2,2,21,6,am_peak+early+evening+midday+owl+pm_peak,False,,True,583.6699047516053,281.7594679268015,3,BRIHIGE,0.2519649004994928,0,0.0,0.0,0.0,0.0,straight_line,transfer point (2 routes); catchment not reconstructable
80WBRIW,80 W BRIDGE ST,-83.116863,40.099352,2,033+073,2,2,21,6,am_peak+early+evening+midday+owl+pm_peak,False,,True,281.7594679268015,332.41886537606416,5,181WBRE,0.6756363347724144,1,204.23590310203562,0.0,1.0,1.0,straight_line,transfer point (2 routes)
BRISHAW,W BRIDGE ST & SHAWAN FALLS DR,-83.120761,40.099308,2,033+073,2,2,21,6,am_peak+early+evening+midday+owl+pm_peak,False,,True,332.41886537606416,364.70414284712075,5,BRICORE,0.5301988022956212,1,204.23590310203562,0.0,1.0,1.0,straight_line,transfer point (2 routes)
CLATAYW,CLAYCRAFT RD & TAYLOR STATION RD,-82.840461,39.992596,1,025,1,1,21,6,am_peak+early+evening+midday+owl+pm_peak,False,,False,241.8868827882372,314.2225302654777,5,CLATAYE,0.1432656385985912,0,0.0,0.0,0.0,0.0,straight_line,catchment not reconstructable
STYWOON,STYGLER RD & WOODMARK RUN,-82.888909,40.037533,1,025,1,1,21,6,am_peak+early+evening+midday+owl+pm_peak,False,,False,520.18564935019,425.5278790164632,1,STYWOOS,0.6622062770582569,2,82.91228176390015,0.0,1.0,1.0,straight_line,
790SCIN,790 SCIENCE BLVD,-82.843247,39.996488,1,025,1,1,21,6,am_peak+early+evening+midday+owl+pm_peak,False,,False,420.1155547953776,319.2447843333754,3,791SCIS,0.2922550168278668,0,0.0,0.0,0.0,0.0,straight_line,catchment not reconstructable
GRALINW,GRANVILLE ST & LINCOLN CIR,-82.872886,40.018659,1,025,1,1,21,6,am_peak+early+evening+midday+owl+pm_peak,False,,False,468.10281590978144,448.70719036395036,1,GRALINE,0.7274493891667757,1,23.187333035667017,0.0,1.0,1.0,straight_line,
TAYWESBN,TAYLOR STATION RD & WESTBOURNE AVE,-82.843115,39.98361,1,025,1,1,21,6,am_peak+early+evening+midday+owl+pm_peak,False,,False,409.19636332090346,194.17091440681887,4,TAYWESS,0.9339611545095098,0,0.0,0.0,0.0,0.0,straight_line,catchment not reconstructable
BRICENN,BRICE RD & CENTURY CITY S,-82.829543,39.944673,1,025,1,1,21,6,am_peak+early+evening+midday+owl+pm_peak,False,,False,235.07704685898582,193.4230584603389,7,BRIASTS,0.7083513847104411,1,15.036634150402245,0.0,1.0,1.0,straight_line,
GRASHIW,GRANVILLE ST & S HIGH ST,-82.878134,40.018888,1,025,1,1,21,6,am_peak+early+evening+midday+owl+pm_peak,False,,False,448.70719036395036,376.4010395920118,2,GRASHIE,0.30660218436201114,1,23.187333035667017,0.0,1.0,1.0,straight_line,
MCNKNIN,MCNAUGHTEN RD & KNIVERS EDGE WAY,-82.836669,39.973286,1,025,1,1,21,6,am_peak+early+evening+midday+owl+pm_peak,False,,False,408.7558556725245,486.63590052980373,1,MCNWHI1,0.34476751755761265,0,0.0,0.0,0.0,0.0,straight_line,catchment not reconstructable
CLASCIW,CLAYCRAFT RD & SCIENCE BLVD,-82.844134,39.992766,1,025,1,1,21,6,am_peak+early+evening+midday+owl+pm_peak,False,,False,314.2225302654777,420.1155547953776,5,CLASCIE,0.22204791854874326,0,0.0,0.0,0.0,0.0,straight_line,catchment not reconstructable
TAYBRON1,TAYLOR STATION RD & E BROAD ST,-82.843356,39.979929,1,025,1,1,21,6,am_peak+early+evening+midday+owl+pm_peak,False,,False,534.7302585272886,409.19636332090346,2,BROTAYE,1.056509853817726,0,0.0,0.0,0.0,0.0,straight_line,catchment not reconstructable
MCNGANN,MCNAUGHTEN RD & GANSE,-82.836321,39.977661,1,025,1,1,21,6,am_peak+early+evening+midday+owl+pm_peak,False,,False,486.63590052980373,296.20666516717466,4,MCNSISS,0.19782891842652225,0,0.0,0.0,0.0,0.0,straight_line,catchment not reconstructable
STYRIDN,STYGLER RD & RIDENOUR RD,-82.888227,40.044397,1,025,1,1,21,6,am_peak+early+evening+midday+owl+pm_peak,False,,False,338.7898028194444,1381.4418690220389,4,STYSANS,0.11241436972921519,0,0.0,0.0,0.0,0.0,straight_line,catchment not reconstructable
BRIRYGN,BRICE RD & RYGATE DR,-82.82901,39.950372,1,025,1,1,21,6,am_peak+early+evening+midday+owl+pm_peak,False,,False,440.93265649195547,302.7182208192365,3,BRIRYGS,1.143609143709544,1,9.468997473439765,0.0,1.0,1.0,straight_line,
BRIROSLN,BRICE RD & ROSELAWN AVE,-82.829386,39.946411,1,025,1,1,21,6,am_peak+early+evening+midday+owl+pm_peak,False,,False,193.4230584603389,440.93265649195547,4,BRIROSLS,0.23093848453484817,1,15.036634150402245,0.0,1.0,1.0,straight_line,
BRILIVN,BRICE RD & LIVINGSTON AVE,-82.829739,39.942561,1,025,1,1,21,6,am_peak+early+evening+midday+owl+pm_peak,False,,False,417.60347187244105,235.07704685898582,5,BRILIVS1,0.3825588280525532,1,15.036634150402245,0.0,0.0,0.0,straight_line,
GENPFEN,GENDER RD & PFEIFER ASH DR,-82.825936,39.878986,1,025,1,1,21,6,am_peak+early+evening+midday+owl+pm_peak,False,,False,360.17391699484455,361.1089227731449,4,GENGEOS,1.9448577231977058,2,45.65250165860702,0.0,1.0,1.0,straight_line,
GRASHAW,GRANVILLE ST & N HAMILTON RD,-82.867412,40.018409,1,025,1,1,21,6,am_peak+early+evening+midday+owl+pm_peak,False,,False,568.2942828389428,468.10281590978144,2,HAMHAVN1,1.3559376767398839,1,23.187333035667017,0.0,1.0,1.0,straight_line,
MCNBILLN,MCNAUGHTEN RD & BILLINGTON DR,-82.836998,39.969613,1,025,1,1,21,6,am_peak+early+evening+midday+owl+pm_peak,False,,False,310.93826047057195,408.7558556725245,4,MCNWHIS,0.16356470639751558,1,55.21630063796461,0.0,1.0,1.0,straight_line,
MORHEMN,MORRISON RD & HEMSTON DR,-82.864895,40.008752,1,025,1,1,21,6,am_peak+early+evening+midday+owl+pm_peak,False,,False,727.796450589519,308.6546686732078,4,MORWATSE,0.7904598565353985,1,47.25297414086688,0.0,1.0,1.0,straight_line,
MORTAYNW,MORRISON RD & TAYLOR RD,-82.860864,40.002976,1,025,1,1,21,6,am_peak+early+evening+midday+owl+pm_peak,False,,False,460.1998146783579,727.796450589519,1,MORTAYSE,0.42653417736202914,1,47.25297414086688,0.0,0.0,0.0,straight_line,
STYMCCN,STYGLER RD & MCCUTCHEON RD,-82.889331,40.032859,1,025,1,1,21,6,am_peak+early+evening+midday+owl+pm_peak,False,,False,349.6449609134758,520.18564935019,3,STYMCCS,0.22820661531114186,1,7.455859612478779,0.0,1.0,1.0,straight_line,
TECMORW,TECHCENTER DR & MORRISON RD,-82.856797,40.000256,1,025,1,1,21,6,am_peak+early+evening+midday+owl+pm_peak,False,,False,350.0622957880616,460.1998146783579,3,TECMORE,0.20480944084816827,0,0.0,0.0,0.0,0.0,straight_line,catchment not reconstructable
TECAEPW,TECHCENTER DR & AEP,-82.852721,39.999917,1,025,1,1,21,6,am_peak+early+evening+midday+owl+pm_peak,False,,False,821.4252323426924,350.0622957880616,3,TECAEPE,0.25735674855379387,0,0.0,0.0,0.0,0.0,straight_line,catchment not reconstructable
SCITECN,SCIENCE BLVD & TECH CENTER DR,-82.843128,39.999362,1,025,1,1,21,6,am_peak+early+evening+midday+owl+pm_peak,False,,False,319.2447843333754,821.4252323426924,3,SCITECS,0.29195181641126194,0,0.0,0.0,0.0,0.0,straight_line,catchment not reconstructable
NSTCHAN,N STYGLER RD & CHAPELFIELD RD,-82.889871,40.026795,1,025,1,1,21,6,am_peak+early+evening+midday+owl+pm_peak,False,,False,428.93679574256544,325.19453448383047,3,STYCHAS,0.5157176591613948,3,18.458410858118743,0.0,1.0,1.0,straight_line,
NSTMCCN,N STYGLER RD & MCCUTCHEON RD,-82.889608,40.029717,1,025,1,1,21,6,am_peak+early+evening+midday+owl+pm_peak,False,,False,325.19453448383047,349.6449609134758,5,STYGAMS,0.1851476889529502,2,12.335348887661226,0.0,1.0,1.0,straight_line,
NSTAGLN,N STYGLER RD & AGLER RD,-82.890431,40.019671,1,025,1,1,21,6,am_peak+early+evening+midday+owl+pm_peak,False,,False,678.2961761867845,363.4979350165716,4,STYAGLS,0.8279205400120837,2,10.87429038469231,0.0,1.0,1.0,straight_line,
NSTDUNN,N STYGLER RD & DUNNCHURCH RD,-82.890221,40.022941,1,025,1,1,21,6,am_peak+early+evening+midday+owl+pm_peak,False,,False,363.4979350165716,428.93679574256544,4,STYDUNS,0.7514297349014804,3,15.753779659874759,0.0,1.0,1.0,straight_line,
TAYOPPN,TAYLOR STATION RD & BELLTOWNE BLVD,-82.842963,39.985355,1,025,1,1,21,6,am_peak+early+evening+midday+owl+pm_peak,False,,False,194.17091440681887,590.1693455236054,3,TAYBELS,1.2141127042457966,0,0.0,0.0,0.0,0.0,straight_line,catchment not reconstructable
TAYGAHN,TAYLOR STATION RD & GAHANNA PKWY,-82.841287,39.990512,1,025,1,1,21,6,am_peak+early+evening+midday+owl+pm_peak,False,,False,590.1693455236054,241.8868827882372,5,TAYGAHS,0.16328144657048044,0,0.0,0.0,0.0,0.0,straight_line,catchment not reconstructable
US6OLDW,US 62 & OLD RIDENOUR RD,-82.882543,40.018934,1,025,1,1,21,6,am_peak+early+evening+midday+owl+pm_peak,False,,False,376.4010395920118,678.2961761867845,3,US6OLDE,1.4838573226841507,0,0.0,0.0,0.0,0.0,straight_line,catchment not reconstructable
GENLEHN,GENDER RD & LEHMAN RD,-82.826716,39.869352,1,025,1,1,21,6,am_peak+early+evening+midday+owl+pm_peak,False,,False,996.8730376979767,711.4830232836396,1,GENLEMS,0.9372210723858905,1,48.13128221039973,0.0,1.0,1.0,straight_line,
MCNBASN,MCNAUGHTEN & BASKERVILLE DR,-82.837284,39.966821,1,025,1,1,21,6,am_peak+early+evening+midday+owl+pm_peak,False,,False,374.488774113817,310.93826047057195,5,MCNWINS,0.672426282406503,1,55.21630063796461,0.0,1.0,1.0,straight_line,
GENNOTN,GENDER RD & NOTTINGHILL TRAIL DR,-82.825629,39.88223,1,025,1,1,21,6,am_peak+early+evening+midday+owl+pm_peak,False,,False,361.1089227731449,1108.9872350428489,2,GENNOTS,0.5049476293253582,2,45.65250165860702,0.0,1.0,1.0,straight_line,
GENGENN,GENDER RD & GENDER PARK BLVD,-82.826196,39.875748,1,025,1,1,21,6,am_peak+early+evening+midday+owl+pm_peak,False,,False,711.4830232836396,360.17391699484455,3,5275GENS,1.0041184990028182,1,19.94735215694586,0.0,1.0,1.0,straight_line,
GENABBN,GENDER RD & ABBIE TRAILS DR,-82.824854,39.902262,1,025,1,1,21,6,am_peak+early+evening+midday+owl+pm_peak,False,,False,1117.8296064037988,682.557705332128,1,GENABBS,0.9990193229808686,1,31.228731361167704,0.0,1.0,1.0,straight_line,
GENSHAN,GENDER RD & SHANNON RD,-82.824713,39.892194,1,025,1,1,21,6,am_peak+early+evening+midday+owl+pm_peak,False,,False,1108.9872350428489,1117.8296064037988,1,GENSHAS,0.2538168279488625,0,0.0,0.0,0.0,0.0,straight_line,catchment not reconstructable
GENBRIN,GENDER RD & BRICE RD,-82.829279,39.923176,1,025,1,1,21,6,am_peak+early+evening+midday+owl+pm_peak,False,,False,436.27296356166295,290.30782695288775,2,GENBRIS,0.2305065325218402,0,0.0,0.0,0.0,0.0,straight_line,catchment not reconstructable
GENCENN,GENDER RD & CENTENIAL DR,-82.825811,39.920293,1,025,1,1,21,6,am_peak+early+evening+midday+owl+pm_peak,False,,False,1327.5255083667832,436.27296356166295,1,GENCENS,0.240308913503298,0,0.0,0.0,0.0,0.0,straight_line,catchment not reconstructable
STYFORN,STYGLER RD & FORESTWOOD DR,-82.888555,40.041356,1,025,1,1,21,6,am_peak+early+evening+midday+owl+pm_peak,False,,False,425.5278790164632,338.7898028194444,4,STYFORS,0.17928554212029038,1,30.91644404755599,0.0,1.0,1.0,straight_line,
BRIEASN,BRICE RD & EASTGREEN BLVD,-82.830066,39.938808,1,025,1,1,21,6,am_peak+early+evening+midday+owl+pm_peak,False,,False,1148.9430102002925,417.60347187244105,7,EASOFFE,1.038829427017447,1,11.28918638706211,0.0,1.0,1.0,straight_line,
BRICMN,BRICE RD & MAIN ST,-82.828763,39.953092,1,025,1,1,21,6,am_peak+early+evening+midday+owl+pm_peak,False,,False,302.7182208192365,213.75109594312465,6,BRI132S,0.3854497941897026,1,9.468997473439765,0.0,1.0,1.0,straight_line,
MCNOLDN,MCNAUGHTEN RD & OLDE ORCHARD DR,-82.837587,39.963456,1,025,1,1,21,6,am_peak+early+evening+midday+owl+pm_peak,False,,False,481.7087020160605,374.488774113817,4,MCNOLDS,0.6075939761618192,0,0.0,0.0,0.0,0.0,straight_line,catchment not reconstructable
MCNCHEN,MCNAUGHTEN & CHERRY HILL DR,-82.837966,39.959127,1,025,1,1,21,6,am_peak+early+evening+midday+owl+pm_peak,False,,False,478.55371098174083,481.7087020160605,1,MCNEFFS,1.2572535049251787,0,0.0,0.0,0.0,0.0,straight_line,catchment not reconstructable
DUBSHAW,W DUBLIN GRANVILLE RD &  SHAMROCKBLVD,-83.101115,40.099424,1,033,1,1,20,6,am_peak+early+evening+midday+owl+pm_peak,False,,False,513.9285336132878,480.01786218466805,1,DUBSHAE,1.0581946760497252,1,114.35571065317556,0.0,0.5,0.7783977680350731,straight_line,
OAKKARW,OAKLAND PARK AVE & KARL RD,-82.97793,40.032023,1,032,1,1,20,6,am_peak+early+evening+midday+owl+pm_peak,False,,False,220.27790038996324,503.4982503908238,11,OAKHAME,0.26064346354173445,1,5.738279387614558,0.0,1.0,1.0,straight_line,
OAKEISW,OAKLAND PARK AVE & EISENHOWER RD,-82.993404,40.032759,1,032,1,1,20,6,am_peak+early+evening+midday+owl+pm_peak,False,,False,364.77011777758406,172.8742148090366,6,OAKEISE,0.23697000753322328,1,7.992603432748848,0.0,1.0,1.0,straight_line,
EISBROS,EISENHOWER RD & E NORTH BROADWAY,-82.993675,40.031216,1,032,1,1,20,6,am_peak+early+evening+midday+owl+pm_peak,False,,False,172.8742148090366,659.4661876059754,4,EISNORN,0.18988983633788123,0,0.0,0.0,0.0,0.0,straight_line,catchment not reconstructable
NORINDW,E NORTH BROADWAY ST & INDIANOLA AVE,-83.001399,40.031367,1,032,1,1,20,6,am_peak+early+evening+midday+owl+pm_peak,False,,False,659.4661876059754,216.40664537674172,10,NORINDE,0.14170877645211416,2,16.951345741983825,0.0,0.5,0.393782383419689,straight_line,
NOR366W,366 E NORTH BROADWAY,-83.003934,40.031405,1,032,1,1,20,6,am_peak+early+evening+midday+owl+pm_peak,False,,False,216.40664537674172,385.4082961596188,10,NOR411E,0.3739632534309859,1,6.6751413284495875,0.0,1.0,1.0,straight_line,
INNUSPW,INNIS RD & US POSTAL SERVICE,-82.95529,40.037171,1,032,1,1,20,6,am_peak+early+evening+midday+owl+pm_peak,False,,False,352.5456898792872,295.52379221428413,4,INNWESE,0.20429525020172518,1,6.997187620611629,0.0,1.0,1.0,straight_line,
NOR162W,162 E NORTH BROADWAY,-83.011217,40.031542,1,032,1,1,20,6,am_peak+early+evening+midday+owl+pm_peak,False,,False,236.39304399586243,466.09959998557946,5,NOR169E,0.5357981260468763,3,19.147115915815927,0.0,1.0,1.0,straight_line,
MCCMCCE,MCCUTCHEON RD & MCCUTCHEON PL,-82.927861,40.034021,1,032,1,1,20,6,am_peak+early+evening+midday+owl+pm_peak,False,,False,1757.0501451389366,480.1116271959349,1,MCCMCCW,0.6820737288511852,1,34.5077481540903,0.0,1.0,1.0,straight_line,
MCCOAKE,MCCUTCHEON RD & OAK SPRING ST,-82.922245,40.03377,1,032,1,1,20,6,am_peak+early+evening+midday+owl+pm_peak,False,,False,480.1116271959349,1044.728792644339,1,MCCOAKW,1.8117787400896588,1,34.5077481540903,0.0,0.0,0.0,straight_line,
INNWESE,INNIS RD & WESTERVILLE RD,-82.955345,40.03703,1,032,1,1,20,6,am_peak+early+evening+midday+owl+pm_peak,False,,False,250.15137631354818,619.9391057367545,4,INNUSPW,0.20429525020172518,1,6.997187620611629,0.0,1.0,1.0,straight_line,
FISSMIW,FISHINGER BLVD & SMILEY RD,-83.11051,40.027595,1,032,1,1,20,6,am_peak+early+evening+midday+owl+pm_peak,False,,False,606.0280805239662,330.9151751558223,3,FISSMIE,1.8622761112467785,1,42.08071550917347,0.0,1.0,1.0,straight_line,
FISMILN,FISHINGER BLVD & MILL RUN DR,-83.114102,40.026474,1,032,1,1,20,6,am_peak+early+evening+midday+owl+pm_peak,False,,False,330.9151751558223,426.51295754652506,3,FISMILE,0.426751327639977,1,42.08071550917347,0.0,1.0,1.0,straight_line,
FIS365N,3650 FISHINGER BLVD,-83.116476,40.029854,1,032,1,1,20,6,am_peak+early+evening+midday+owl+pm_peak,False,,False,426.51295754652506,203.15860639436147,3,FIS369S,1.4142335053396495,1,42.08071550917347,0.0,1.0,1.0,straight_line,
FISRIDN,FISHINGER BLVD & RIDGE MILL DR,-83.115909,40.031631,1,032,1,1,20,6,am_peak+early+evening+midday+owl+pm_peak,False,,False,203.15860639436147,1387.0515040882299,3,FISPARS,0.557301434422942,0,0.0,0.0,0.0,0.0,straight_line,catchment not reconstructable
DUBDUBE,W DUBLIN GRANVILLE RD & DUBLIN CENTER DR,-83.094448,40.098398,1,033,1,1,20,6,am_peak+early+evening+midday+owl+pm_peak,False,,False,496.09854323619976,330.0173106755155,6,DUBDUBW,0.9967641235916942,0,0.0,0.0,0.0,0.0,straight_line,catchment not reconstructable
OAKMAIE,OAKLAND PARK AVE & MAIZE RD,-82.989801,40.032487,1,032,1,1,20,6,am_peak+early+evening+midday+owl+pm_peak,False,,False,295.6445638392232,155.9493526877009,10,OAKMAIW,0.7145527940284466,2,10.891020062207222,0.0,0.5,0.2661290322580645,straight_line,
OAKHAME,OAKLAND PARK AVE & HAMILTON AVE,-82.977741,40.031904,1,032,1,1,20,6,am_peak+early+evening+midday+owl+pm_peak,False,,False,552.5529298524045,216.77188646314266,10,OAKKARW,0.26064346354173445,1,5.738279387614558,0.0,1.0,1.0,straight_line,
FISMTHE,FISHINGER RD & MT HOLYOKE RD,-83.051942,40.024043,1,032,1,1,20,6,am_peak+early+evening+midday+owl+pm_peak,False,,False,543.6127220179026,414.2114055047026,2,FISCHAW,1.6793441271100282,2,20.00869430783387,0.0,1.0,1.0,straight_line,
OAKNORE,OAKLAND PARK AVE & NORWOOD ST,-82.972153,40.031629,1,032,1,1,20,6,am_peak+early+evening+midday+owl+pm_peak,False,,False,261.14125117805145,304.6101672823381,5,OAKNORW,0.33533449584999886,2,10.481142963091896,0.0,1.0,1.0,straight_line,
OAKOAKE,OAKLAND PARK AVE & OAKLAWN ST,-82.968592,40.031446,1,032,1,1,20,6,am_peak+early+evening+midday+owl+pm_peak,False,,False,304.6101672823381,735.0488285235014,4,OAKOAKW,0.5603643638979964,1,6.089602615427694,0.0,1.0,1.0,straight_line,
INNDERE,INNIS RD & DERBYSHIRE DR,-82.958274,40.037116,1,032,1,1,20,6,am_peak+early+evening+midday+owl+pm_peak,False,,False,395.09011670815846,250.15137631354818,4,INNDERW,0.5735240292548304,1,6.997187620611629,0.0,1.0,1.0,straight_line,
NOR169E,169 E NORTH BROADWAY,-83.010733,40.031439,1,032,1,1,20,6,am_peak+early+evening+midday+owl+pm_peak,False,,False,534.4876905498683,185.51926364184658,3,NOR162W,0.5357981260468763,3,19.147115915815927,0.0,1.0,1.0,straight_line,
INNWESW,INNIS RD & WESTERVILLE RD,-82.951162,40.037291,1,032,1,1,20,6,am_peak+early+evening+midday+owl+pm_peak,False,,False,330.16757000659726,352.5456898792872,4,INNBOYE,3.311642626509191,2,25.529487887754563,0.0,1.0,1.0,straight_line,
INNKOHW,INNIS RD & KOHR BLVD,-82.947301,40.037103,1,032,1,1,20,6,am_peak+early+evening+midday+owl+pm_peak,False,,False,1639.4971455700277,330.16757000659726,2,INNBOYE,0.8445157994311009,2,25.529487887754563,0.0,1.0,1.0,straight_line,
MCCMCCW,MCCUTCHEON RD & MCCUTCHEON PL,-82.928481,40.034141,1,032,1,1,20,6,am_peak+early+evening+midday+owl+pm_peak,False,,False,677.3596862882291,1639.4971455700277,3,MCCMCCE,0.6820737288511852,1,34.5077481540903,0.0,1.0,1.0,straight_line,
OAKONTE,OAKLAND PARK AVE & ONTARIO ST,-82.975206,40.031784,1,032,1,1,20,6,am_peak+early+evening+midday+owl+pm_peak,False,,False,216.77188646314266,261.14125117805145,7,OAKOPPW,0.2264930487316735,2,10.12981973527876,0.0,1.0,1.0,straight_line,
OAKNORW,OAKLAND PARK AVE & NORWOOD ST,-82.971864,40.031724,1,032,1,1,20,6,am_peak+early+evening+midday+owl+pm_peak,False,,False,322.89966564752166,298.51862989073516,5,OAKNORE,0.33533449584999886,2,10.481142963091896,0.0,1.0,1.0,straight_line,
OAKOAKW,OAKLAND PARK AVE & OAKLAWN ST,-82.968087,40.031557,1,032,1,1,20,6,am_peak+early+evening+midday+owl+pm_peak,False,,False,335.06063998076553,322.89966564752166,5,OAKOAKE,0.5603643638979964,1,6.089602615427694,0.0,1.0,1.0,straight_line,
INNDERW,INNIS RD & DERBYSHIRE DR,-82.958748,40.037311,1,032,1,1,20,6,am_peak+early+evening+midday+owl+pm_peak,False,,False,295.52379221428413,415.2412796131256,4,INNDERE,0.5735240292548304,1,6.997187620611629,0.0,1.0,1.0,straight_line,
DUBDUBW,W DUBLIN GRANVILLE RD & DUBLIN CENTER DR,-83.095128,40.098891,1,033,1,1,20,6,am_peak+early+evening+midday+owl+pm_peak,False,,False,316.6302886413398,513.9285336132878,4,DUBDUBE,0.9967641235916942,1,114.35571065317556,0.0,0.0,0.0,straight_line,
FISSTAE,FISHINGER RD & N STAR RD,-83.047111,40.023693,1,032,1,1,20,6,am_peak+early+evening+midday+owl+pm_peak,False,,False,414.2114055047026,236.55364802411117,6,FIS1247W,1.220068026597508,1,7.829489076978463,0.0,0.0,0.0,straight_line,
FISEASE,FISHINGER RD & EASTON PL,-83.044368,40.02339,1,032,1,1,20,6,am_peak+early+evening+midday+owl+pm_peak,False,,False,236.55364802411117,298.4077160752347,5,FISKENW,0.7421694508653854,1,15.61436568058383,0.0,1.0,1.0,straight_line,
DUBDALW,W DUBLIN GRANVILLE RD & DALE DR,-83.106737,40.099646,1,033,1,1,20,6,am_peak+early+evening+midday+owl+pm_peak,False,,False,480.01786218466805,583.6699047516053,2,DUBDALE,0.3105475741024348,0,0.0,0.0,0.0,0.0,straight_line,catchment not reconstructable
NOROLEE,W NORTH BROADWAY & OLENTANGY RIVER RD,-83.029712,40.030896,1,032,1,1,20,6,am_peak+early+evening+midday+owl+pm_peak,False,,False,455.5514466820071,290.2533028931197,4,WNBYOHPW,2.1362733123282864,1,37.76724698991219,0.0,0.0,0.0,straight_line,
WNBYOHPE,W NORTH BROADWAY & OHIO HEALTH PARKWAY,-83.026486,40.031723,1,032,1,1,20,6,am_peak+early+evening+midday+owl+pm_peak,False,,False,290.2533028931197,432.0958469470231,4,WNBYOHPW,1.6825859913305437,0,0.0,0.0,0.0,0.0,straight_line,catchment not reconstructable
FISSMIE,FISHINGER BLVD & SMILEY RD,-83.10877,40.0277,1,032,1,1,20,6,am_peak+early+evening+midday+owl+pm_peak,False,,False,463.3351817828304,461.6145789966108,1,FISSMIW,1.8622761112467785,1,42.08071550917347,0.0,1.0,1.0,straight_line,
FISDUBE,FISHINGER RD & DUBLIN RD,-83.103411,40.028258,1,032,1,1,20,6,am_peak+early+evening+midday+owl+pm_peak,False,,False,461.6145789966108,1131.1968481993797,1,FISDUBW,0.24217942211529583,1,16.5121917072174,0.0,1.0,1.0,straight_line,
CEMBRIE,CEMETERY RD & BRITTON PKWY,-83.130612,40.032417,1,032,1,1,20,6,am_peak+early+evening+midday+owl+pm_peak,False,,False,526.7075484847153,1239.5512730992289,3,BRICEMN,1.0884467597585756,0,0.0,0.0,0.0,0.0,straight_line,catchment not reconstructable
FISPARS,FISHINGER BLVD & PARK MILL RUN DR,-83.116165,40.031281,1,032,1,1,20,6,am_peak+early+evening+midday+owl+pm_peak,False,,False,1239.5512730992289,268.11206421115,3,FISRIDN,0.557301434422942,0,0.0,0.0,0.0,0.0,straight_line,catchment not reconstructable
FIS369S,3693 FISHINGER BLVD,-83.117203,40.029002,1,032,1,1,20,6,am_peak+early+evening+midday+owl+pm_peak,False,,False,268.11206421115,419.8573051509132,4,FIS365N,1.4142335053396495,1,42.08071550917347,0.0,1.0,1.0,straight_line,
FISMILE,FISHINGER BLVD & MILL RUN DR,-83.113852,40.026234,1,032,1,1,20,6,am_peak+early+evening+midday+owl+pm_peak,False,,False,419.8573051509132,463.3351817828304,2,FISMILN,0.426751327639977,1,42.08071550917347,0.0,1.0,1.0,straight_line,
SAWHARS,SAWMILL RD & HARD RD,-83.090595,40.118362,2,033+074,2,2,20,6,am_peak+early+evening+midday+owl+pm_peak,True,074,True,355.6518984869916,447.9598267255402,3,SAWHARN,0.7603273566013947,1,9.807773443116725,0.0,0.5,0.7648401826484019,straight_line,terminal; transfer point (2 routes)
SAWSUMS,SAWMILL RD & SUMMER DR,-83.090339,40.121559,2,033+074,2,2,20,6,am_peak+early+evening+midday+owl+pm_peak,False,,True,174.44014819990002,355.6518984869916,4,SAWSUMN,1.7902748302054214,1,3.4463135680717167,0.0,1.0,1.0,straight_line,transfer point (2 routes)
MCCOAKW,MCCUTCHEON RD & OAK SPRING ST,-82.920552,40.033873,1,032,1,1,20,6,am_peak+early+evening+midday+owl+pm_peak,False,,False,879.360864489585,677.3596862882291,1,MCCOAKE,1.8117787400896588,1,14.209072769331286,0.0,0.0,0.0,straight_line,
KENOBEN,KENNY RD & OBERLIN DR,-83.045016,40.026031,1,032,1,1,20,6,am_peak+early+evening+midday+owl+pm_peak,False,,False,298.4077160752347,303.059539725429,9,KENMANS,1.0392921340123678,0,0.0,0.0,0.0,0.0,straight_line,catchment not reconstructable
NORMILW,W NORTH BROADWAY & MILTON AVE,-83.020862,40.031758,1,032,1,1,20,6,am_peak+early+evening+midday+owl+pm_peak,False,,False,357.4710966191491,614.5317172101597,3,NORMILE,0.6275746782333033,2,23.919256426944376,0.0,1.0,1.0,straight_line,
WNBYOHPW,W NORTH BROADWAY & OHIO HEALTH PARKWAY,-83.028062,40.031768,1,032,1,1,20,6,am_peak+early+evening+midday+owl+pm_peak,False,,False,614.5317172101597,693.2983691527412,4,WNBYOHPE,1.6825859913305437,0,0.0,0.0,0.0,0.0,straight_line,catchment not reconstructable
KENLONS,KENNY RD & LONDON DR,-83.046962,40.02795,1,032,1,1,20,6,am_peak+early+evening+midday+owl+pm_peak,False,,False,109.27437158166967,188.50713606201163,7,NORCLEW,1.3659296447708709,2,22.36757883743637,0.0,1.0,1.0,straight_line,
KENMANS,KENNY RD & MANSION WAY,-83.045728,40.026542,1,032,1,1,20,6,am_peak+early+evening+midday+owl+pm_peak,False,,False,188.50713606201163,375.69008948772597,9,KENOBEN,1.0392921340123678,1,12.179205230855406,0.0,0.0,0.0,straight_line,
FISKENW,FISHINGER RD & KENNY RD,-83.0437,40.023539,1,032,1,1,20,6,am_peak+early+evening+midday+owl+pm_peak,False,,False,375.69008948772597,194.13902779518355,5,FISEASE,0.7421694508653854,1,15.61436568058383,0.0,1.0,1.0,straight_line,
OAKOPPW,OAKLAND PARK AVE & ONTARIO ST,-82.975354,40.031901,1,032,1,1,20,6,am_peak+early+evening+midday+owl+pm_peak,False,,False,298.51862989073516,220.27790038996324,8,OAKONTE,0.2264930487316735,2,10.12981973527876,0.0,1.0,1.0,straight_line,
FIS1247W,1247 FISHINGER RD,-83.045968,40.023669,1,032,1,1,20,6,am_peak+early+evening+midday+owl+pm_peak,False,,False,194.13902779518355,379.60844326297325,6,FISSTAE,1.220068026597508,1,15.61436568058383,0.0,0.0,0.0,straight_line,
NORHIGW,W NORTH BROADWAY & N HIGH ST,-83.016675,40.03168,1,032,1,1,20,6,am_peak+early+evening+midday+owl+pm_peak,False,,False,466.09959998557946,357.4710966191491,7,NORHIGE,0.3968056629006042,1,12.091374423902115,0.0,1.0,1.0,straight_line,
FISCHAW,FISHINGER RD & CHAUCER DR,-83.050373,40.024138,1,032,1,1,20,6,am_peak+early+evening+midday+owl+pm_peak,False,,False,379.60844326297325,339.1302129869382,4,FISMTHE,1.6793441271100282,2,20.00869430783387,0.0,1.0,1.0,straight_line,
FISPEMW,FISHINGER RD & PEMBERTON DR,-83.054341,40.024289,1,032,1,1,20,6,am_peak+early+evening+midday+owl+pm_peak,False,,False,339.1302129869382,542.015642241735,3,FISMTHE,2.58245806693379,1,7.829489076978463,0.0,0.5,0.35999999999999965,straight_line,
NORCALW,NORTH BROADWAY & CALUMET ST,-83.008448,40.031496,1,032,1,1,20,6,am_peak+early+evening+midday+owl+pm_peak,False,,False,385.4082961596188,236.39304399586243,5,NORCALE,0.17897057285099843,2,14.316421533385304,0.0,1.0,1.0,straight_line,
FISDUBW,FISHINGER RD & DUBLIN RD,-83.103492,40.028421,1,032,1,1,20,6,am_peak+early+evening+midday+owl+pm_peak,False,,False,1150.5283823166324,606.0280805239662,1,FISDUBE,0.24217942211529583,1,16.5121917072174,0.0,1.0,1.0,straight_line,
NORMILE,W NORTH BROADWAY & MILTON AVE,-83.021425,40.031627,1,032,1,1,20,6,am_peak+early+evening+midday+owl+pm_peak,False,,False,432.0958469470231,378.3367214896187,2,NORMILW,0.6275746782333033,2,23.919256426944376,0.0,1.0,1.0,straight_line,
NORHIGE,W NORTH BROADWAY & N HIGH ST,-83.016994,40.031533,1,032,1,1,20,6,am_peak+early+evening+midday+owl+pm_peak,False,,False,378.3367214896187,534.4876905498683,8,NORHIGW,0.3968056629006042,1,12.091374423902115,0.0,1.0,1.0,straight_line,
DUBSHAE,W DUBLIN GRANVILLE RD & SHAMROCK BLVD,-83.100178,40.099172,1,033,1,1,20,6,am_peak+early+evening+midday+owl+pm_peak,False,,False,553.9650963909035,496.09854323619976,1,DUBSHAW,1.0581946760497252,2,244.5795204292449,130.22380977606934,0.5,0.7783977680350731,straight_line,only access for 130 daily trips
NORCALE,NORTH BROADWAY & CALUMET ST,-83.00856,40.0314,1,032,1,1,20,6,am_peak+early+evening+midday+owl+pm_peak,False,,False,185.51926364184658,367.1595739746132,5,NORCALW,0.17897057285099843,2,14.316421533385304,0.0,1.0,1.0,straight_line,
NOR411E,411 E NORTH BROADWAY,-83.00426,40.031306,1,032,1,1,20,6,am_peak+early+evening+midday+owl+pm_peak,False,,False,367.1595739746132,243.72081386852162,10,NOR366W,0.3739632534309859,1,6.6751413284495875,0.0,1.0,1.0,straight_line,
NORINDE,E N BROADWAY & INDIANOLA AVE,-83.001405,40.031265,1,032,1,1,20,6,am_peak+early+evening+midday+owl+pm_peak,False,,False,243.72081386852162,672.5412062070008,10,NORINDW,0.14170877645211416,1,6.6751413284495875,0.0,0.5,0.393782383419689,straight_line,
INNBOYE,INNIS RD & BOYLESTON BLVD,-82.948081,40.036999,1,032,1,1,20,6,am_peak+early+evening+midday+owl+pm_peak,False,,False,619.9391057367545,1757.0501451389366,2,INNKOHW,0.8445157994311009,2,25.529487887754563,0.0,1.0,1.0,straight_line,
DUBDALE,W DUBLIN GRANVILLE RD & DALE DR,-83.106666,40.099429,1,033,1,1,20,6,am_peak+early+evening+midday+owl+pm_peak,False,,False,575.7501110258279,553.9650963909035,2,DUBDALW,0.3105475741024348,0,0.0,0.0,0.0,0.0,straight_line,catchment not reconstructable
OAKEISE,OAKLAND PARK AVE & EISENHOWER RD,-82.99326,40.032629,1,032,1,1,20,6,am_peak+early+evening+midday+owl+pm_peak,False,,False,166.88744153240245,295.6445638392232,6,OAKEISW,0.23697000753322328,1,7.992603432748848,0.0,1.0,1.0,straight_line,
DUBSAWW,W DUBLIN GRANVILLE RD & SAWMILL,-83.092007,40.097346,1,033,1,1,20,6,am_peak+early+evening+midday+owl+pm_peak,False,,False,597.7897792728666,316.6302886413398,6,SAWDUBS,1.4772193676950203,0,0.0,0.0,0.0,0.0,straight_line,catchment not reconstructable
EISNORN,EISENHOWER RD & E NORTH BROADWAY,-82.993527,40.03114,1,032,1,1,20,6,am_peak+early+evening+midday+owl+pm_peak,False,,False,672.5412062070008,166.88744153240245,4,EISBROS,0.18988983633788123,0,0.0,0.0,0.0,0.0,straight_line,catchment not reconstructable
GRATOWS,S GRANT AVE & E TOWN ST,-82.990396,39.959324,1,011,1,1,19,6,am_peak+early+evening+midday+owl+pm_peak,False,,False,333.160096019579,114.89352267254155,8,TOWGRAE,0.9643877824961192,2,44.32528057575736,0.0,0.5,0.1974900924702774,straight_line,
RICGRAW,E RICH ST & S GRANT AVE,-82.991263,39.958533,1,011,1,1,19,6,am_peak+early+evening+midday+owl+pm_peak,False,,False,114.89352267254155,225.06232408144592,9,GRATOWS,1.4361690334067692,1,35.57147681608005,0.0,0.5,0.8025099075297226,straight_line,
SAWSNOS,SAWMILL RD & SNOUFFER RD,-83.091362,40.104232,1,033,1,1,19,6,am_peak+early+evening+midday+owl+pm_peak,False,,False,1122.4136861215256,315.1491222640454,3,SAWSNON,0.4205323405338053,1,114.35571065317556,0.0,0.0,0.0,straight_line,
TOWCYPE,W TOWN ST & S CYPRESS AVE,-83.028324,39.955274,1,009,1,1,19,6,am_peak+early+evening+midday+owl+pm_peak,False,,False,228.32689868272695,260.01532359708125,8,TOWDAKW,0.49008016282470546,1,2.4299856590408586,0.0,1.0,1.0,straight_line,
TAYMTVS,TAYLOR AVE  & MT VERNON AVE,-82.961249,39.974317,1,011,1,1,19,6,am_peak+early+evening+midday+owl+pm_peak,False,,False,368.1431910852434,379.3020437816572,11,TAYGREN,0.22774033435495739,1,5.123463738941569,0.0,0.5,0.5319148936170214,straight_line,
RIC5THW,E RICH ST & S 5TH ST,-82.99387,39.958243,1,011,1,1,19,6,am_peak+early+evening+midday+owl+pm_peak,False,,False,225.06232408144592,365.99084276682544,12,4THTOWN,1.9387376786476556,1,35.57147681608005,0.0,0.0,0.0,straight_line,
LONHAME1,E LONG ST & HAMILTON AVE,-82.981165,39.967165,1,011,1,1,19,6,am_peak+early+evening+midday+owl+pm_peak,False,,False,287.73731933202293,212.07236563211436,11,LONHAMW,0.2962263905602716,1,9.280788601397022,0.0,1.0,1.0,straight_line,
LONTALE,E LONG ST & TALMADGE AVE,-82.978705,39.967421,1,011,1,1,19,6,am_peak+early+evening+midday+owl+pm_peak,False,,False,212.07236563211436,166.0314878358032,12,LONMONW,0.2541737518669392,1,9.280788601397022,0.0,1.0,1.0,straight_line,
LON17TE,E LONG ST & N 17TH ST,-82.976788,39.967667,1,011,1,1,19,6,am_peak+early+evening+midday+owl+pm_peak,False,,False,166.0314878358032,259.38725182013536,11,LON18TW,1.1984194162721278,1,9.280788601397022,0.0,0.5,0.5023771790808242,straight_line,
LON20TE,E LONG ST & N 20TH ST,-82.973786,39.968017,1,011,1,1,19,6,am_peak+early+evening+midday+owl+pm_peak,False,,False,259.38725182013536,317.4094675903529,10,LON20TW,0.5333657005809,1,9.192957794443734,0.0,1.0,1.0,straight_line,
AGLWOOE,AGLER RD & WOODLAND AVE,-82.950142,40.026849,1,009,1,1,19,6,am_peak+early+evening+midday+owl+pm_peak,False,,False,143.53291037938624,442.69826325512685,5,AGLWOOW,0.43831725113189607,2,31.501982760577924,0.0,1.0,1.0,straight_line,
161KARE,STATE RTE 161 & KARL RD,-82.974761,40.086991,2,035+043,2,1,19,5,am_peak+early+evening+midday+pm_peak,False,,True,499.11305403414786,482.2838516674535,9,161KARW,1.1856356256366385,2,14.87268331075611,0.0,1.0,1.0,straight_line,transfer point (2 routes)
161TAME1,STATE RTE 161 AND TAMARACK BLVD,-82.969115,40.086743,2,035+043,2,1,19,5,am_peak+early+evening+midday+pm_peak,False,,True,482.2838516674535,424.70207357467905,2,161SHAW,1.1440880813611216,3,23.615612780048714,0.0,1.0,1.0,straight_line,transfer point (2 routes)
BRYKELW,BRYDEN RD & KELTON AVE,-82.958355,39.960332,1,011,1,1,19,6,am_peak+early+evening+midday+owl+pm_peak,False,,False,309.84509900049767,162.9568188725859,10,BRYKELE,0.6294092916201011,3,16.834237999379454,0.0,0.75,0.8394160583941606,straight_line,
161MAPE1,STATE RTE 161 AND MAPLE CANYON AVE,-82.959684,40.086345,2,035+043,2,1,19,5,am_peak+early+evening+midday+pm_peak,False,,True,380.8002044950036,318.9572059980157,4,161MAPW1,1.4586433606296807,3,44.89827203064311,0.0,0.2,0.1879432624113475,straight_line,transfer point (2 routes)
BRYMORW,BRYDEN RD & MORRISON AVE,-82.95473,39.960251,1,011,1,1,19,6,am_peak+early+evening+midday+owl+pm_peak,False,,False,193.02389805556794,309.84509900049767,7,BRYMORE,0.4710184907678879,3,10.598250705696275,0.0,1.0,1.0,straight_line,
BRYFAIW,BRYDEN RD & FAIRWOOD AVE,-82.952472,39.960194,1,011,1,1,19,6,am_peak+early+evening+midday+owl+pm_peak,False,,False,221.11068033523844,193.02389805556794,8,BRYFAIE,0.4495399392689377,3,10.598250705696275,0.0,1.0,1.0,straight_line,
BRYRHOW,BRYDEN RD & RHOADS AVE,-82.949885,39.96014,1,011,1,1,19,6,am_peak+early+evening+midday+owl+pm_peak,False,,False,487.52470761307995,221.11068033523844,7,BRYRHOE,1.1940637552338613,2,7.37778778407586,0.0,0.5,0.638888888888889,straight_line,
NORGRES1,NORTON RD & GREEN ST,-83.139855,39.950785,1,009,1,1,19,6,am_peak+early+evening+midday+owl+pm_peak,False,,False,459.6713733868356,195.86732535858658,5,NORPALN,1.4843104229142294,1,5.211294545894853,0.0,1.0,1.0,straight_line,
NORPALS,NORTON RD & PALMETTO ST,-83.140428,39.949077,1,009,1,1,19,6,am_peak+early+evening+midday+owl+pm_peak,False,,False,195.86732535858658,335.91662769245596,6,NORPALN,1.0370428310909068,1,5.211294545894853,0.0,1.0,1.0,straight_line,
NOROWES,NORTON RD & OWEN ST,-83.141311,39.946129,1,009,1,1,19,6,am_peak+early+evening+midday+owl+pm_peak,False,,False,335.91662769245596,262.78114150196257,6,NOROWEN,0.33175736693712554,1,5.211294545894853,0.0,1.0,1.0,straight_line,
NORSULS,NORTON RD & SULLIVANT AVE,-83.141997,39.943822,1,009,1,1,19,6,am_peak+early+evening+midday+owl+pm_peak,False,,False,262.78114150196257,447.22069315652357,7,SULNORW,0.4640435124988471,1,9.16368085879264,0.0,1.0,1.0,straight_line,
NORFLOS,NORTON RD & FLORAL CIR S,-83.143177,39.939898,1,009,1,1,19,6,am_peak+early+evening+midday+owl+pm_peak,False,,False,447.22069315652357,414.82337448787615,3,NORBRAN,0.33601685331162323,2,15.341114281173617,0.0,1.0,1.0,straight_line,
CENRICN,S CENTRAL AVE & W RICH ST,-83.037222,39.953529,1,009,1,1,19,6,am_peak+early+evening+midday+owl+pm_peak,False,,False,368.543775128239,134.0735269890425,10,CENRICS,0.8293161310191822,1,1.932277752972249,0.0,1.0,1.0,straight_line,
CLIHOLE,CLIME RD & HOLLY HILL DR,-83.10282,39.930099,1,009,1,1,19,6,am_peak+early+evening+midday+owl+pm_peak,False,,False,342.9321607576983,508.8225171976829,3,CLIHOLW,0.23794027470012766,1,3.8411339574236223,0.0,1.0,1.0,straight_line,
JOY5THN,JOYCE AVE & E 5TH AVE,-82.966739,39.986072,1,011,1,1,19,6,am_peak+early+evening+midday+owl+pm_peak,False,,False,397.5534546261278,745.3882953379685,7,JOY5THS,0.6024197699928692,0,0.0,0.0,0.0,0.0,straight_line,catchment not reconstructable
LEOCHAW,LEONARD AVE & N CHAMPION AVE,-82.968013,39.978836,1,011,1,1,19,6,am_peak+early+evening+midday+owl+pm_peak,False,,False,392.34868103514253,415.9050896270653,6,LEOCHAE,0.297677461448436,0,0.0,0.0,0.0,0.0,straight_line,catchment not reconstructable
BREMARN,BRENTNELL AVE & MARCIA DR,-82.947921,40.01467,1,009,1,1,19,6,am_peak+early+evening+midday+owl+pm_peak,False,,False,282.82469285866915,192.7979405633961,9,BREMARS,0.8027121962416264,1,2.3714317877386693,0.0,1.0,1.0,straight_line,
AGLCLUE,AGLER RD & CLUB HOUSE DR,-82.940093,40.026541,1,009,1,1,19,6,am_peak+early+evening+midday+owl+pm_peak,False,,False,415.7686220912365,595.691759157355,1,AGLCLUW,0.6346405784951429,0,0.0,0.0,0.0,0.0,straight_line,catchment not reconstructable
AGLBRIE,AGLER RD & BRIDGEWALK ST,-82.944962,40.026649,1,009,1,1,19,6,am_peak+early+evening+midday+owl+pm_peak,False,,False,442.69826325512685,415.7686220912365,1,AGLBRIWW,0.19832134221131173,0,0.0,0.0,0.0,0.0,straight_line,catchment not reconstructable
MAICARBS,MAIZE RD & CARBONE DR,-82.98808,40.05193,1,011,1,1,19,6,am_peak+early+evening+midday+owl+pm_peak,False,,False,292.7008156568168,446.47045923972564,3,MAIHILN,1.4845654499016405,1,14.833647396554658,0.0,1.0,1.0,straight_line,
GEOLONE,GEORGESVILLE SERVICE RD & LONE EAGLE ST,-83.138087,39.917038,1,009,1,1,19,6,am_peak+early+evening+midday+owl+pm_peak,False,,False,486.8355760756494,325.28821621314745,3,GEOLONW,1.1010705431967356,0,0.0,0.0,0.0,0.0,straight_line,catchment not reconstructable
MOUHAGE1,W MOUND ST & S HAGUE AVE,-83.073276,39.939938,1,009,1,1,19,6,am_peak+early+evening+midday+owl+pm_peak,False,,False,372.13884410962976,180.83491731769163,5,HAGMOUS,0.7725695874590692,4,14.140759919478732,0.0,0.75,0.7267080745341615,straight_line,
MOURACE,W MOUND ST & RACINE AVE,-83.071178,39.939727,1,009,1,1,19,6,am_peak+early+evening+midday+owl+pm_peak,False,,False,180.83491731769163,379.6279597384469,5,MOUWARW,0.32627243401311695,3,12.032820552599915,0.0,0.75,0.8138613861386138,straight_line,
MAIGARS,MAIZE RD & GARDEN RD,-82.987886,40.054562,1,011,1,1,19,6,am_peak+early+evening+midday+owl+pm_peak,False,,False,236.4770038956214,292.7008156568168,4,MAIGARN,0.18080824399854417,1,14.833647396554658,0.0,1.0,1.0,straight_line,
MAISHAS1,MAIZE RD & SHANLEY DR,-82.987743,40.056689,1,011,1,1,19,6,am_peak+early+evening+midday+owl+pm_peak,False,,False,355.5520209151901,236.4770038956214,5,MAISHAN,0.2091979779439638,2,18.210253974980912,0.0,1.0,1.0,straight_line,
MAIMORS,MAIZE RD & MORSE RD,-82.987462,40.059884,1,011,1,1,19,6,am_peak+early+evening+midday+owl+pm_peak,False,,False,482.83933378569304,355.5520209151901,8,MAIMORN1,0.18692675934774233,1,6.88007987800725,0.0,1.0,1.0,straight_line,
SAWFEDN,SAWMILL RD & FEDERATED BLVD,-83.09105,40.102295,1,033,1,1,19,6,am_peak+early+evening+midday+owl+pm_peak,False,,False,263.4975046312226,220.2840590267647,5,SAWVILLS,1.3090203535216325,0,0.0,0.0,0.0,0.0,straight_line,catchment not reconstructable
ALUINTS,ALUM CREEK DR & INTEGRITY DR N,-82.94242,39.936902,1,011,1,1,19,6,am_peak+early+evening+midday+owl+pm_peak,False,,False,430.37255493443877,410.4506553446578,2,ALUINTN,0.25285379156418364,0,0.0,0.0,0.0,0.0,straight_line,catchment not reconstructable
TOWLESW,E TOWN ST & LESTER DR,-82.98345,39.960755,1,011,1,1,19,6,am_peak+early+evening+midday+owl+pm_peak,False,,False,154.39350672906357,284.98393732114437,10,TOWLESE,0.26599365877212733,1,79.83820352053432,0.0,0.5,0.9011896893588887,straight_line,
ALU102S,1025 ALUM CREEK DR,-82.9451,39.946639,1,011,1,1,19,6,am_peak+early+evening+midday+owl+pm_peak,False,,False,248.5519778377489,674.970597334237,6,ALU102N,0.3176412919670255,0,0.0,0.0,0.0,0.0,straight_line,catchment not reconstructable
BRYCHAW,BRYDEN RD & S CHAMPION AVE,-82.96904,39.960508,1,011,1,1,19,6,am_peak+early+evening+midday+owl+pm_peak,False,,False,241.41805020399283,168.5377591708187,12,BRYCHAE,0.18828436900642595,1,11.066681676113808,0.0,1.0,1.0,straight_line,
BRYWILW,BRYDEN RD & WILSON AVE,-82.966215,39.960462,1,011,1,1,19,6,am_peak+early+evening+midday+owl+pm_peak,False,,False,252.78113479426995,241.41805020399283,12,BRYWILE,0.4590459455944932,1,6.265264229334262,0.0,1.0,1.0,straight_line,
SAWSBS,SAWMILL RD & BRIGHT RD,-83.090732,40.114329,1,033,1,1,19,6,am_peak+early+evening+midday+owl+pm_peak,False,,False,447.9598267255402,1122.4136861215256,2,SAWSBN,0.6011784708098211,1,24.779998335086578,0.0,1.0,1.0,straight_line,
CLIBIGE,CLIME RD & BIG RUN PARK ACCESS RD,-83.110696,39.93182,1,009,1,1,19,6,am_peak+early+evening+midday+owl+pm_peak,False,,False,373.4663332438996,356.92858147113304,4,CLIBIGW,0.22570478089615706,0,0.0,0.0,0.0,0.0,straight_line,catchment not reconstructable
CLISAVE,CLIME RD & SAVANNAH DR,-83.106669,39.93097,1,009,1,1,19,6,am_peak+early+evening+midday+owl+pm_peak,False,,False,356.92858147113304,342.9321607576983,5,CLISAVW,0.28746382469510146,1,3.8411339574236223,0.0,1.0,1.0,straight_line,
SAWSNON,SAWMILL RD & SNOUFFER RD,-83.090972,40.104278,1,033,1,1,19,6,am_peak+early+evening+midday+owl+pm_peak,False,,False,220.2840590267647,1074.2317985622283,3,SAWSNOS,0.4205323405338053,0,0.0,0.0,0.0,0.0,straight_line,catchment not reconstructable
SAWSBN,SAWMILL RD & SAWBURY BLVD,-83.090471,40.113945,1,033,1,1,19,6,am_peak+early+evening+midday+owl+pm_peak,False,,False,1074.2317985622283,433.1527248085596,1,SAWSBS,0.6011784708098211,1,24.779998335086578,0.0,1.0,1.0,straight_line,
HARSAWE,HARD RD & SAWMILL RD,-83.089644,40.117794,1,033,1,1,19,6,am_peak+early+evening+midday+owl+pm_peak,False,,False,433.1527248085596,465.4769557717675,3,SAWHARS,1.2839002427225217,2,34.587771778203305,0.0,0.5,0.3877314814814813,straight_line,
HARHEAE,HARD RD & HEATHERMOOR DR,-83.084186,40.11767,1,033,1,1,19,6,am_peak+early+evening+midday+owl+pm_peak,False,,False,465.4769557717675,331.46083325882745,2,STAHARN,4.143260415735343,3,38.03408534627502,0.0,0.6666666666666666,0.8934850051706308,straight_line,
STAHARN,STANDBURN RD & HARD RD,-83.080365,40.118223,1,033,1,1,19,6,am_peak+early+evening+midday+owl+pm_peak,False,,False,331.46083325882745,416.5587474288978,1,HARHEAE,4.143260415735343,2,34.587771778203305,0.0,0.6666666666666666,0.8934850051706308,straight_line,
SUMSUTW,SUMMER DR & SUTTER PKWY,-83.08325,40.121251,1,033,1,1,19,6,am_peak+early+evening+midday+owl+pm_peak,False,,False,416.5587474288978,202.9555103185911,1,SUMSAWW,2.536943878982389,2,13.254087011188442,0.0,1.0,1.0,straight_line,
SUMSAWW,SUMMER DR & SAWMILL COMMONS LN,-83.085531,40.120727,1,033,1,1,19,6,am_peak+early+evening+midday+owl+pm_peak,False,,False,202.9555103185911,251.6378266887637,3,SUMSUTW,2.536943878982389,2,13.254087011188442,0.0,1.0,1.0,straight_line,
BRYALTW,BRYDEN RD & LOEFFLER AVE,-82.963257,39.960415,1,011,1,1,19,6,am_peak+early+evening+midday+owl+pm_peak,False,,False,255.96666554441816,252.78113479426995,10,BRYOPPE,0.4054544741360089,1,6.265264229334262,0.0,1.0,1.0,straight_line,
BRYMILW,BRYDEN RD & MILLER AVE,-82.960262,39.960358,1,011,1,1,19,6,am_peak+early+evening+midday+owl+pm_peak,False,,False,162.9568188725859,255.96666554441816,9,BRYMILE,0.17657146246017025,1,6.265264229334262,0.0,1.0,1.0,straight_line,
ALUALUS,ALUM CREEK DR & ALUM INDUSTRIAL DR N,-82.943602,39.94067,1,011,1,1,19,6,am_peak+early+evening+midday+owl+pm_peak,False,,False,674.970597334237,430.37255493443877,1,ALUALUN,0.2380405412559982,0,0.0,0.0,0.0,0.0,straight_line,catchment not reconstructable
JOY23RN,JOYCE AVE & E 23RD AVE,-82.963679,40.005507,1,011,1,1,19,6,am_peak+early+evening+midday+owl+pm_peak,False,,False,232.76970444627577,277.1184468183154,5,JOY23RS,0.32928359802418067,1,2.020108559925533,0.0,1.0,1.0,straight_line,
SULEVGE,SULLIVANT AVE & EVERGREEN TERRACE,-83.132803,39.94187,1,021,1,1,19,6,am_peak+early+evening+midday+owl+pm_peak,False,,False,508.1501089519696,555.4243768287112,1,SULEVGW,0.9950619525319567,3,27.959473546795422,0.0,1.0,1.0,straight_line,
SULCOUE,SULLIVANT AVE & COUNTRYBROOK DR E,-83.115931,39.938925,1,021,1,1,19,6,am_peak+early+evening+midday+owl+pm_peak,False,,False,213.49453387338443,461.41076352610605,4,SULCOUW1,0.3386857755708975,2,18.3440913951002,0.0,1.0,1.0,straight_line,
SULINDE,SULLIVANT AVE & INDUSTRIAL MILE RD,-83.118362,39.939367,1,021,1,1,19,6,am_peak+early+evening+midday+owl+pm_peak,False,,False,709.7264288887409,213.49453387338443,3,SULINDW,0.9916198591576733,2,18.3440913951002,0.0,1.0,1.0,straight_line,
SULMURE,SULLIVANT AVE & S MURRAY HILL RD,-83.126464,39.940768,1,021,1,1,19,6,am_peak+early+evening+midday+owl+pm_peak,False,,False,555.4243768287112,709.7264288887409,1,SULMURW,0.4664955687514345,2,21.782040124414443,0.0,1.0,1.0,straight_line,
HILFEDN,HILLIARD ROME RD & FEDER RD,-83.149808,39.972759,1,021,1,1,19,6,am_peak+early+evening+midday+owl+pm_peak,False,,False,733.9914745399487,1000.5331541446619,1,HILFEDS,0.7531204778801567,1,28.69139693807279,0.0,1.0,1.0,straight_line,
HILSUMN,HILLIARD ROME RD & SUMMERLIN WAY,-83.146874,39.966546,1,021,1,1,19,6,am_peak+early+evening+midday+owl+pm_peak,False,,False,378.63331052527315,733.9914745399487,3,HILSUMS,0.25141424432548065,0,0.0,0.0,0.0,0.0,straight_line,catchment not reconstructable
HILMANN,HILLIARD ROME RD & MANOR PARK DR,-83.146518,39.963147,1,021,1,1,19,6,am_peak+early+evening+midday+owl+pm_peak,False,,False,521.1604299679325,378.63331052527315,3,HILMANS,0.22749070488904843,0,0.0,0.0,0.0,0.0,straight_line,catchment not reconstructable
300HLRON,300 HILLIARD-ROME RD,-83.14559,39.958508,1,021,1,1,19,6,am_peak+early+evening+midday+owl+pm_peak,False,,False,371.6351682029413,521.1604299679325,3,HILGLES,0.6511112347921421,2,29.39404339369906,0.0,1.0,1.0,straight_line,
NORLINN,NORTON RD & LINDBERGH BLVD,-83.144047,39.928632,1,009,1,1,19,6,am_peak+early+evening+midday+owl+pm_peak,False,,False,196.32101159035938,218.7869783460768,5,NORLINS,0.20611032146920683,1,7.065500470464183,0.0,1.0,1.0,straight_line,
JOY178S,1782 JOYCE AVE,-82.964365,40.003756,1,011,1,1,19,6,am_peak+early+evening+midday+owl+pm_peak,False,,False,179.27450741277156,407.9775408114341,4,JOY177N,0.4035381725983509,1,1.5224006538569235,0.0,1.0,1.0,straight_line,
SULNORE,SULLIVANT AVE & NORTON RD,-83.141208,39.943373,1,021,1,1,19,6,am_peak+early+evening+midday+owl+pm_peak,False,,False,508.26494170267057,229.40095725599852,7,NORSULN,0.722768544820455,1,6.177433422380978,0.0,0.5,0.40267175572519076,straight_line,
SULWESE1,SULLIVANT AVE & WESTWOODS BLVD,-83.14699,39.944444,1,021,1,1,19,6,am_peak+early+evening+midday+owl+pm_peak,False,,False,264.48935015499046,508.26494170267057,4,SULWESW1,0.24358994258874417,2,21.518547703554617,0.0,1.0,1.0,straight_line,
TOWWASW,E TOWN ST & S WASHINGTON AVE,-82.986752,39.960392,1,011,1,1,19,6,am_peak+early+evening+midday+owl+pm_peak,False,,False,284.98393732114437,333.160096019579,9,TOWWASE,0.2649556411019854,2,88.59200728021163,0.0,1.0,1.0,straight_line,
WESRUSS,WESTWOODS BLVD & RUSTLING WAY LN,-83.147125,39.948303,1,021,1,1,19,6,am_peak+early+evening+midday+owl+pm_peak,False,,False,216.6339004391975,166.63201519104783,7,WESRUSN,0.26632946632945487,1,12.354866844761977,0.0,1.0,1.0,straight_line,
WESWPRS,WESTWOODS BLVD & WESTWOODS PARK & RIDE,-83.146962,39.95025,1,021,1,1,19,6,am_peak+early+evening+midday+owl+pm_peak,False,,False,542.4699548385905,216.6339004391975,7,WESWPRN,0.16263808925837037,1,12.354866844761977,0.0,1.0,1.0,straight_line,
HILBEAS,HILLIARD ROME RD & BEACON HILL RD,-83.145821,39.955056,1,021,1,1,19,6,am_peak+early+evening+midday+owl+pm_peak,False,,False,424.98238890318606,542.4699548385905,2,HILBEAN,0.28748385544749666,2,29.39404339369906,0.0,1.0,1.0,straight_line,
BRYFAIE,BRYDEN RD & FAIRWOOD AVE,-82.952864,39.960076,1,011,1,1,19,6,am_peak+early+evening+midday+owl+pm_peak,False,,False,194.90654191277162,348.6474843901536,8,BRYFAIW,0.4495399392689377,3,10.598250705696275,0.0,1.0,1.0,straight_line,
NORAPPN,NORTON RD & APPLEBY DR,-83.144022,39.926864,1,009,1,1,19,6,am_peak+early+evening+midday+owl+pm_peak,False,,False,558.2921987624701,196.32101159035938,3,NORBAYS,1.214813795165289,1,7.065500470464183,0.0,1.0,1.0,straight_line,
NOROWEN,NORTON RD & OWEN ST,-83.141017,39.946206,1,009,1,1,19,6,am_peak+early+evening+midday+owl+pm_peak,False,,False,334.89848588433017,400.8181141480199,6,NOROWES,0.33175736693712554,1,5.211294545894853,0.0,1.0,1.0,straight_line,
NORSULN,NORTON RD & SULLIVANT AVE,-83.141869,39.943262,1,009,1,1,19,6,am_peak+early+evening+midday+owl+pm_peak,False,,False,373.95157909350644,334.89848588433017,9,SULNORE,0.722768544820455,2,15.341114281173617,0.0,0.5,0.40267175572519076,straight_line,
NORBRAN,NORTON RD & BRANDENBERRY DR,-83.142884,39.939986,1,009,1,1,19,6,am_peak+early+evening+midday+owl+pm_peak,False,,False,354.9164599773906,373.95157909350644,3,NORFLOS,0.33601685331162323,2,15.341114281173617,0.0,1.0,1.0,straight_line,
NORWESN1,NORTON RD & WESLIEGH RUN DR,-83.143821,39.936872,1,009,1,1,19,6,am_peak+early+evening+midday+owl+pm_peak,False,,False,358.66831545877517,354.9164599773906,4,NORCLAS,0.9779396930957283,3,46.71623032059679,0.0,0.6666666666666666,0.7146763901549683,straight_line,
NORWESN,NORTON RD & WESTBURY DR,-83.144773,39.933726,1,009,1,1,19,6,am_peak+early+evening+midday+owl+pm_peak,False,,False,350.43596858574125,358.66831545877517,5,NORCHES,0.6787171909624479,2,37.552549461804155,0.0,1.0,1.0,straight_line,
NORHALN,NORTON RD & HALL RD,-83.144237,39.930597,1,009,1,1,19,6,am_peak+early+evening+midday+owl+pm_peak,False,,False,218.7869783460768,350.43596858574125,5,NORHALS,0.4602293668135178,2,23.7728717486889,0.0,1.0,1.0,straight_line,
SULINAW,SULLIVANT AVE & INAH AVE,-83.138551,39.943031,1,021,1,1,19,6,am_peak+early+evening+midday+owl+pm_peak,False,,False,428.812292969087,340.0622760488643,5,SULINAE,0.11823721515947341,2,11.38872796827583,0.0,0.5,0.5424164524421594,straight_line,
JOY26TS,JOYCE AVE & E 26TH AVE,-82.963127,40.007754,1,011,1,1,19,6,am_peak+early+evening+midday+owl+pm_peak,False,,False,292.10707854763865,277.03029397339657,5,JOY26TN,0.3296407392528805,2,9.983435057023286,0.0,1.0,1.0,straight_line,
JOYBLAS,JOYCE AVE & E BLAKE AVE,-82.962338,40.010314,1,011,1,1,19,6,am_peak+early+evening+midday+owl+pm_peak,False,,False,343.64941891271417,292.10707854763865,5,JOYBLAN,0.2542394883512617,2,9.983435057023286,0.0,1.0,1.0,straight_line,
WESMIDS,WESTWOODS BLVD &  MID DAY DR,-83.14681,39.946822,1,021,1,1,19,6,am_peak+early+evening+midday+owl+pm_peak,False,,False,166.63201519104783,264.48935015499046,7,WESMIDN,0.38859911651904105,1,12.354866844761977,0.0,1.0,1.0,straight_line,
152LEOW,1527 LEONARD AVE,-82.96345,39.979242,1,011,1,1,19,6,am_peak+early+evening+midday+owl+pm_peak,False,,False,275.5482611031664,392.34868103514253,5,LEOTAYE,0.6199534039169757,0,0.0,0.0,0.0,0.0,straight_line,catchment not reconstructable
MAIMORN1,MAIZE RD & MORSE RD,-82.987302,40.059829,1,011,1,1,19,6,am_peak+early+evening+midday+owl+pm_peak,False,,False,348.59719835516546,169.27233178010547,8,MAIMORS,0.18692675934774233,1,6.88007987800725,0.0,1.0,1.0,straight_line,
MAISHAN,MAIZE RD & SHANLEY DR,-82.987547,40.056695,1,011,1,1,19,6,am_peak+early+evening+midday+owl+pm_peak,False,,False,231.69235609912587,348.59719835516546,5,MAISHAS1,0.2091979779439638,2,18.210253974980912,0.0,1.0,1.0,straight_line,
MAIGARN,MAIZE RD & GARDEN RD,-82.98773,40.054613,1,011,1,1,19,6,am_peak+early+evening+midday+owl+pm_peak,False,,False,417.3774727870016,231.69235609912587,4,MAIGARS,0.18080824399854417,1,14.833647396554658,0.0,1.0,1.0,straight_line,
MAIHILN,MAIZE RD & HILLSDALE DR,-82.988031,40.050861,1,011,1,1,19,6,am_peak+early+evening+midday+owl+pm_peak,False,,False,383.3744522149637,417.3774727870016,3,MAICARBS,1.4845654499016405,1,14.833647396554658,0.0,1.0,1.0,straight_line,
ALUPAYN,ALUM CREEK DR & PAYNE AVE,-82.944259,39.954995,1,011,1,1,19,6,am_peak+early+evening+midday+owl+pm_peak,False,,False,909.3908215626287,289.3066211558826,5,MAIALUE,3.124492917036176,1,16.541468642868516,0.0,0.0,0.0,straight_line,
MAINORN,MAIZE RD & NORRIS DR,-82.988547,40.044437,1,011,1,1,19,6,am_peak+early+evening+midday+owl+pm_peak,False,,False,316.0235174734704,331.247466469558,5,MAINORS,0.1623373649156416,1,8.168265046655417,0.0,0.0,0.0,straight_line,
TRA510E,5101 TRABUE RD,-83.134877,39.982437,1,005,1,1,19,6,am_peak+early+evening+midday+owl+pm_peak,False,,False,598.8797432535212,1125.7712973288562,1,TRA511W,0.13258298631349522,1,288.6705855197909,0.0,1.0,1.0,straight_line,
RENATLE,RENNER RD & ATLAS ST,-83.14187,39.982048,1,005,1,1,19,6,am_peak+early+evening+midday+owl+pm_peak,False,,False,397.33400881865106,598.8797432535212,3,RENATLW,0.19924739847980757,0,0.0,0.0,0.0,0.0,straight_line,catchment not reconstructable
RENRTAE,RENNER RD & RENTRA DR,-83.1465,39.981703,1,005,1,1,19,6,am_peak+early+evening+midday+owl+pm_peak,False,,False,298.6580163933025,397.33400881865106,6,RENRTAW,0.1731773062912664,0,0.0,0.0,0.0,0.0,straight_line,catchment not reconstructable
RENHILE,RENNER RD & HILLIARD ROME RD,-83.149922,39.981151,1,005,1,1,19,6,am_peak+early+evening+midday+owl+pm_peak,False,,False,412.8385122054352,298.6580163933025,5,RENHILW,0.3978084458823181,0,0.0,0.0,0.0,0.0,straight_line,catchment not reconstructable
RENHILW,RENNER RD & HILLIARD ROME RD,-83.150221,39.981322,1,005,1,1,19,6,am_peak+early+evening+midday+owl+pm_peak,False,,False,319.8502568417653,382.99599844512136,6,RENHILE,0.3978084458823181,0,0.0,0.0,0.0,0.0,straight_line,catchment not reconstructable
RENRTAW,RENNER RD & RENTRA DR,-83.146534,39.981825,1,005,1,1,19,6,am_peak+early+evening+midday+owl+pm_peak,False,,False,407.67440991673266,319.8502568417653,6,RENRTAE,0.1731773062912664,0,0.0,0.0,0.0,0.0,straight_line,catchment not reconstructable
161SHAW,STATE RTE 161 AND SHARON WOODS BLVD,-82.970083,40.087099,2,035+043,2,1,19,5,am_peak+early+evening+midday+pm_peak,False,,True,423.3699276827683,486.16697199111763,2,161TAME1,1.1440880813611216,3,23.615612780048714,0.0,1.0,1.0,straight_line,transfer point (2 routes)
ALUINTN,ALUM CREEK DR & INTEGRITY DR N,-82.942187,39.936934,1,011,1,1,19,6,am_peak+early+evening+midday+owl+pm_peak,False,,False,669.967209644505,434.94988844052926,2,ALUINTS,0.25285379156418364,0,0.0,0.0,0.0,0.0,straight_line,catchment not reconstructable
JOY177N,1770 JOYCE AVE,-82.964313,40.003468,1,011,1,1,19,6,am_peak+early+evening+midday+owl+pm_peak,False,,False,347.27302232206114,232.76970444627577,5,JOY178S,0.4035381725983509,1,1.5224006538569235,0.0,1.0,1.0,straight_line,
JOY17TN,JOYCE AVE & E 17TH AVE,-82.965248,40.000424,1,011,1,1,19,6,am_peak+early+evening+midday+owl+pm_peak,False,,False,584.4062942802105,347.27302232206114,3,JOY17TS,0.40966902270901306,1,1.5224006538569235,0.0,1.0,1.0,straight_line,
JOY12TN,JOYCE AVE & E 12TH AVE,-82.96596,39.995189,1,011,1,1,19,6,am_peak+early+evening+midday+owl+pm_peak,False,,False,269.04292910171824,584.4062942802105,3,JOYWINS,0.9792908399249469,0,0.0,0.0,0.0,0.0,straight_line,catchment not reconstructable
RENATLW,RENNER RD & ATLAS ST,-83.141783,39.982175,1,005,1,1,19,6,am_peak+early+evening+midday+owl+pm_peak,False,,False,590.110343548363,407.67440991673266,1,RENATLE,0.19924739847980757,0,0.0,0.0,0.0,0.0,straight_line,catchment not reconstructable
161BEEE1,STATE RTE 161 AND BEECHCROFT,-82.964142,40.08654,2,035+043,2,1,19,5,am_peak+early+evening+midday+pm_peak,False,,True,424.70207357467905,380.8002044950036,3,161BEEW1,1.1494809038156923,3,27.731113448716897,0.0,1.0,1.0,straight_line,transfer point (2 routes)
161MAPW1,STATE RTE 161 AND MAPLE CANYON AVE,-82.960989,40.086661,2,035+043,2,1,19,5,am_peak+early+evening+midday+pm_peak,False,,True,334.37852797782745,353.70662348730275,4,161MAPE1,1.4586433606296807,3,27.731113448716897,0.0,0.2,0.1879432624113475,straight_line,transfer point (2 routes)
161SPRW1,STATE RTE 161 AND SPRING RUN DR,-82.957088,40.086358,2,035+043,2,1,19,5,am_peak+early+evening+midday+pm_peak,False,,True,439.7975798166234,334.37852797782745,3,161PARE1,1.3463121429901843,3,44.89827203064311,0.0,1.0,1.0,straight_line,transfer point (2 routes)
161CLEW,STATE RTE 161 AND CLEVELAND AVE,-82.952093,40.085373,2,035+043,2,1,19,5,am_peak+early+evening+midday+pm_peak,False,,True,338.0812205539947,439.7975798166234,12,CLE161NN,1.5490754136685014,1,17.829653811516685,0.0,0.0,0.0,straight_line,transfer point (2 routes)
GEOSULN,GEORGESVILLE RD & SULLIVANT AVE,-83.111854,39.941649,1,021,1,1,19,6,am_peak+early+evening+midday+owl+pm_peak,False,,False,461.41076352610605,360.93471144150243,6,SULGEOE,1.2004107057611062,2,17.106095258996756,0.0,0.5,0.5740740740740742,straight_line,
TUTBRAE,TUTTLE CROSSING & BRADENTON AVE,-83.129244,40.07639,1,021,1,1,19,6,am_peak+early+evening+midday+owl+pm_peak,False,,False,906.7463009660207,473.3563586028077,1,TUTBLAW,2.4950757398714036,0,0.0,0.0,0.0,0.0,straight_line,catchment not reconstructable
BRIHIRN,BRITTON PKWY & HIRTH RD,-83.138923,40.073014,1,021,1,1,19,6,am_peak+early+evening+midday+owl+pm_peak,False,,False,192.76905141754818,906.7463009660207,5,BRIHIRS,0.24949816365358277,0,0.0,0.0,0.0,0.0,straight_line,catchment not reconstructable
GEOSULS,GEORGESVILLE RD & SULLIVANT AVE,-83.112293,39.940569,1,021,1,1,19,6,am_peak+early+evening+midday+owl+pm_peak,False,,False,300.98196924473876,371.15465585462164,6,GEOSULN,1.5706126892341579,2,17.106095258996756,0.0,1.0,1.0,straight_line,
ALU102N,1025 ALUM CREEK DR,-82.944918,39.94682,1,011,1,1,19,6,am_peak+early+evening+midday+owl+pm_peak,False,,False,687.5365978498912,909.3908215626287,6,ALU102S,0.3176412919670255,1,2.107939366878817,0.0,0.0,0.0,straight_line,
ALUALUN,ALUM CREEK DR & ALUM INDUSTRIAL DR N,-82.943398,39.940739,1,011,1,1,19,6,am_peak+early+evening+midday+owl+pm_peak,False,,False,434.94988844052926,687.5365978498912,1,ALUALUS,0.2380405412559982,0,0.0,0.0,0.0,0.0,straight_line,catchment not reconstructable
161BEEW1,STATE RTE 161 AND BEECHCROFT RD,-82.965127,40.086877,2,035+043,2,1,19,5,am_peak+early+evening+midday+pm_peak,False,,True,353.70662348730275,423.3699276827683,3,161BEEE1,1.1494809038156923,3,27.731113448716897,0.0,1.0,1.0,straight_line,transfer point (2 routes)
MAIURAN,MAIZE RD & URANA AVE,-82.989258,40.035588,1,011,1,1,19,6,am_peak+early+evening+midday+owl+pm_peak,False,,False,336.3555501233553,393.8480479867266,7,MAIURAS,0.5615982077102731,2,23.52889728492978,0.0,1.0,1.0,straight_line,
JOYBLAN,JOYCE AVE & E BLAKE AVE,-82.962158,40.010434,1,011,1,1,19,6,am_peak+early+evening+midday+owl+pm_peak,False,,False,285.123067048993,343.18304561937117,5,JOYBLAS,0.2542394883512617,2,9.983435057023286,0.0,1.0,1.0,straight_line,
JOY26TN,JOYCE AVE & E 26TH AVE,-82.962927,40.007935,1,011,1,1,19,6,am_peak+early+evening+midday+owl+pm_peak,False,,False,277.1184468183154,285.123067048993,5,JOY26TS,0.3296407392528805,2,9.983435057023286,0.0,1.0,1.0,straight_line,
JOYDEWN,JOYCE AVE & DEWEY AVE,-82.966166,39.992771,1,011,1,1,19,6,am_peak+early+evening+midday+owl+pm_peak,False,,False,745.3882953379685,269.04292910171824,3,JOYDEWS,0.133244852724023,0,0.0,0.0,0.0,0.0,straight_line,catchment not reconstructable
HILLTANN,HILLIARD ROME RD & TANGLEWOOD PARK BLVD,-83.151725,39.991091,1,021,1,1,19,6,am_peak+early+evening+midday+owl+pm_peak,False,,False,389.9867271545851,396.4384780116657,7,HILLTANS,1.408818752059069,1,43.29082884941874,0.0,0.5,0.5148560817084494,straight_line,
177HILLN,1770 HILLIARD ROME RD,-83.151127,39.987609,1,021,1,1,19,6,am_peak+early+evening+midday+owl+pm_peak,False,,False,278.4204109322954,389.9867271545851,5,178HILLS,1.1513097234629053,1,6.821526006705061,0.0,1.0,1.0,straight_line,
MOUEDWE,W MOUND ST & EDWIN ST,-83.043037,39.943718,1,009,1,1,19,6,am_peak+early+evening+midday+owl+pm_peak,False,,False,223.08794291908364,208.48163018888545,5,MOUTOWW,1.087976841288055,2,4.537925025919676,0.0,0.5,0.432258064516129,straight_line,
MOULARE,W MOUND ST & LARCOMB AVE,-83.045507,39.943068,1,009,1,1,19,6,am_peak+early+evening+midday+owl+pm_peak,False,,False,182.67188336103084,223.08794291908364,4,MOUWOOW,0.9314838506758163,1,1.9615546886233437,0.0,0.5,0.432258064516129,straight_line,
MOUCLAE1,W MOUND ST & CLARK AVE,-83.047534,39.942546,1,009,1,1,19,6,am_peak+early+evening+midday+owl+pm_peak,False,,False,340.6609267144116,182.67188336103084,5,MOUWOOW,1.3729264157248893,3,7.436341655378049,0.0,0.6666666666666666,0.610236220472441,straight_line,
MOUBUTE,W MOUND ST & BUTLER AVE,-83.053783,39.940849,1,009,1,1,19,6,am_peak+early+evening+midday+owl+pm_peak,False,,False,216.08965340642763,225.67079730203992,5,MOUBELW,1.6308404396513132,3,6.570580843981393,0.0,0.3333333333333333,0.41509433962264153,straight_line,
MOUCLAE,W MOUND ST & CLARENDON AVE,-83.056173,39.940214,1,009,1,1,19,6,am_peak+early+evening+midday+owl+pm_peak,False,,False,212.4615283918603,216.08965340642763,5,MOUCLAW,0.15492747944707813,3,6.570580843981393,0.0,1.0,1.0,straight_line,
MOUHIGE,W MOUND ST & S HIGHLAND AVE,-83.058523,39.93959,1,009,1,1,19,6,am_peak+early+evening+midday+owl+pm_peak,False,,False,395.5706049254152,212.4615283918603,4,MOUHIGW2,0.19059907952674074,2,3.9942105066850604,0.0,0.6666666666666666,0.4787644787644787,straight_line,
MOUWAYE,W MOUND ST & S WAYNE AVE,-83.062885,39.938399,1,009,1,1,19,6,am_peak+early+evening+midday+owl+pm_peak,False,,False,344.4441997450097,395.5706049254152,5,MOUWAYW,0.24061125511532744,3,6.746242457887961,0.0,1.0,1.0,straight_line,
MAIDUNS,MAIZE RD & DUNEDIN,-82.989582,40.033292,1,011,1,1,19,6,am_peak+early+evening+midday+owl+pm_peak,False,,False,212.71771762979066,169.4904641716181,8,OAKMAIW,1.1209308790086496,2,10.891020062207222,0.0,0.5,0.2661290322580645,straight_line,
TOWYALE,W TOWN ST & S YALE AVE,-83.030966,39.954966,1,009,1,1,19,6,am_peak+early+evening+midday+owl+pm_peak,False,,False,241.114294271354,228.32689868272695,9,TOWYALW,0.6076167454031994,1,2.4299856590408586,0.0,0.5,0.6102941176470589,straight_line,
TOWPRIE,W TOWN ST & S PRINCETON AVE,-83.033754,39.954631,1,009,1,1,19,6,am_peak+early+evening+midday+owl+pm_peak,False,,False,200.29246424140908,241.114294271354,8,TOWPRIW,0.5583280017374843,3,7.612003269284617,0.0,0.6666666666666666,0.4576923076923076,straight_line,
TOWBREE,W TOWN ST & BREHL AVE,-83.036069,39.954348,1,009,1,1,19,6,am_peak+early+evening+midday+owl+pm_peak,False,,False,134.0735269890425,200.29246424140908,7,TOWBREW,0.6017912672622521,2,3.483955342480267,0.0,1.0,1.0,straight_line,
HAGVANN,HAGUE AVE & VANDERBERG AVE,-83.074575,39.936739,1,009,1,1,19,6,am_peak+early+evening+midday+owl+pm_peak,False,,False,241.38752739299588,372.13884410962976,5,HAGVANS,0.19171740971710477,3,10.978850869160507,0.0,1.0,1.0,straight_line,
CENSULN,S CENTRAL AVE & SULLIVANT AVE,-83.036552,39.95025,1,009,1,1,19,6,am_peak+early+evening+midday+owl+pm_peak,False,,False,268.0001030997107,368.543775128239,10,CENSULS,0.2737707050513886,1,4.12804792680435,0.0,1.0,1.0,straight_line,
CENTHON,S CENTRAL AVE & THOMAS,-83.036053,39.947867,1,009,1,1,19,6,am_peak+early+evening+midday+owl+pm_peak,False,,False,322.3359605227934,268.0001030997107,12,CENUNIS,0.1725136631945772,0,0.0,0.0,0.0,0.0,straight_line,catchment not reconstructable
MOUCENE,W MOUND ST & CENTRAL POINT,-83.0375,39.945186,1,009,1,1,19,6,am_peak+early+evening+midday+owl+pm_peak,False,,False,292.01510803409474,322.3359605227934,11,MOUCENWF,0.24969427036338523,1,2.576370337296332,0.0,1.0,1.0,straight_line,
MOURYAE,W MOUND ST & RYAN AVE,-83.040738,39.944346,1,009,1,1,19,6,am_peak+early+evening+midday+owl+pm_peak,False,,False,208.48163018888545,292.01510803409474,10,MOURYAW,0.5032112907902828,2,4.537925025919676,0.0,1.0,1.0,straight_line,
TRARASE,TRABUE RD & RASPBERRY RUN DR,-83.109939,39.986597,1,005,1,1,19,6,am_peak+early+evening+midday+owl+pm_peak,False,,False,286.09916221132727,302.793694747402,5,TRAWILW,2.206359525452271,1,17.144573517281067,0.0,0.0,0.0,straight_line,
TRAARLE,TRABUE RD & ARLINGATE LN,-83.113156,39.985879,1,005,1,1,19,6,am_peak+early+evening+midday+owl+pm_peak,False,,False,768.6166904757174,286.09916221132727,2,TRAARLW,0.24732102344973309,0,0.0,0.0,0.0,0.0,straight_line,catchment not reconstructable
161PARE1,STATE RTE 161 AND PARKVILLE ST,-82.955995,40.085872,2,035+043,2,1,19,5,am_peak+early+evening+midday+pm_peak,False,,True,318.9572059980157,440.6302304722421,3,161SPRW1,1.3463121429901843,3,44.89827203064311,0.0,1.0,1.0,straight_line,transfer point (2 routes)
MOUWREE,W MOUND ST & WREXHAM AVE,-83.051291,39.941521,1,009,1,1,19,6,am_peak+early+evening+midday+owl+pm_peak,False,,False,225.67079730203992,340.6609267144116,4,MOUBELW,1.2116764185153008,2,5.4747869667547056,0.0,0.5,0.4705882352941176,straight_line,
SAWBANS,SAWMILL RD & BANKER DR,-83.091491,40.099806,1,033,1,1,19,6,am_peak+early+evening+midday+owl+pm_peak,False,,False,176.4499121241769,388.6807858050022,7,SAWSAWN,0.4697192891215489,0,0.0,0.0,0.0,0.0,straight_line,catchment not reconstructable
SAWVILLS,SAWMILL RD & VILLAGE PKWY,-83.091413,40.101394,1,033,1,1,19,6,am_peak+early+evening+midday+owl+pm_peak,False,,False,315.1491222640454,176.4499121241769,5,SAWFEDN,1.3090203535216325,0,0.0,0.0,0.0,0.0,straight_line,catchment not reconstructable
MOURICE,W MOUND ST & S RICHARDSON AVE,-83.066815,39.939086,1,009,1,1,19,6,am_peak+early+evening+midday+owl+pm_peak,False,,False,379.6279597384469,344.4441997450097,5,MOURICW,0.21241581120983227,1,2.7520319512029,0.0,1.0,1.0,straight_line,
MAIURAS,MAIZE RD & URANA AVE,-82.989424,40.035204,1,011,1,1,19,6,am_peak+early+evening+midday+owl+pm_peak,False,,False,403.3717031659914,212.71771762979066,5,MAIURAN,0.5615982077102731,2,23.52889728492978,0.0,1.0,1.0,straight_line,
MAIZEBS,MAIZE RD & ZEBULON AVE,-82.989131,40.03883,1,011,1,1,19,6,am_peak+early+evening+midday+owl+pm_peak,False,,False,362.2597043227043,403.3717031659914,4,MAIMOON,0.44324081522651737,3,31.697162331585197,0.0,1.0,1.0,straight_line,
MAIBLES,MAIZE RD & BLENHEIM RD,-82.98888,40.042087,1,011,1,1,19,6,am_peak+early+evening+midday+owl+pm_peak,False,,False,267.4513370892633,362.2597043227043,5,MAINORTN,0.6967758247445034,2,23.70455889883635,0.0,1.0,1.0,straight_line,
BRYRHOE,BRYDEN RD & RHOADS AVE,-82.948785,39.959986,1,011,1,1,19,6,am_peak+early+evening+midday+owl+pm_peak,False,,False,348.6474843901536,374.6879604798561,7,BRYRHOW,1.1940637552338613,1,4.713586639826244,0.0,0.5,0.638888888888889,straight_line,
GEOKRIE,GEORGESVILLE SERVICE RD & KRIEGER ST,-83.134707,39.918383,1,009,1,1,19,6,am_peak+early+evening+midday+owl+pm_peak,False,,False,325.28821621314745,460.33387965524463,2,GEOKRIW,0.9298064045997622,0,0.0,0.0,0.0,0.0,straight_line,catchment not reconstructable
GEONORE,GEORGESVILLE RD & NORTON RD,-83.143467,39.915602,1,009,1,1,19,6,am_peak+early+evening+midday+owl+pm_peak,False,,False,404.0836748400347,486.8355760756494,2,GEONORW,0.7762307808322761,1,32.32173695880853,0.0,1.0,1.0,straight_line,
NORCHAS,NORTON RD & CHANWICK DR,-83.144114,39.919207,1,009,1,1,19,6,am_peak+early+evening+midday+owl+pm_peak,False,,False,293.5804394273688,404.0836748400347,3,NORBRON1,0.25326843951020106,0,0.0,0.0,0.0,0.0,straight_line,catchment not reconstructable
NORKENS,NORTON RD & KENDRICK DR,-83.144134,39.921851,1,009,1,1,19,6,am_peak+early+evening+midday+owl+pm_peak,False,,False,460.4830009486955,293.5804394273688,3,NORKENN,0.16270412455640762,0,0.0,0.0,0.0,0.0,straight_line,catchment not reconstructable
NORBAYS,NORTON RD & BAYTREE DR,-83.144187,39.925998,1,009,1,1,19,6,am_peak+early+evening+midday+owl+pm_peak,False,,False,280.3637091960328,460.4830009486955,3,NORAPPN,1.214813795165289,1,7.065500470464183,0.0,1.0,1.0,straight_line,
NORLINS,NORTON RD & LINDBERGH BLVD,-83.144178,39.928523,1,009,1,1,19,6,am_peak+early+evening+midday+owl+pm_peak,False,,False,253.83780568583322,280.3637091960328,5,NORLINN,0.20611032146920683,1,7.065500470464183,0.0,1.0,1.0,straight_line,
NORHALS,NORTON RD & HALL RD,-83.14459,39.930787,1,009,1,1,19,6,am_peak+early+evening+midday+owl+pm_peak,False,,False,279.82316447386506,253.83780568583322,5,NORHALN,0.4602293668135178,2,23.7728717486889,0.0,1.0,1.0,straight_line,
NORCHES,NORTON RD & CHESTERVIEW DR,-83.145042,39.933283,1,009,1,1,19,6,am_peak+early+evening+midday+owl+pm_peak,False,,False,336.85522086135796,279.82316447386506,4,NORWESN,0.6787171909624479,2,37.552549461804155,0.0,1.0,1.0,straight_line,
TAYLONN,TAYLOR AVE & E LONG ST,-82.961492,39.969108,1,011,1,1,19,6,am_peak+early+evening+midday+owl+pm_peak,False,,False,400.57497558723634,254.89224235275185,8,TAYLONS,0.5470252641108455,2,10.80318925525394,0.0,0.5,0.8075880758807588,straight_line,
SULWESW1,SULLIVANT AVE & WESTWOODS BLVD,-83.147124,39.944586,1,021,1,1,19,6,am_peak+early+evening+midday+owl+pm_peak,False,,False,412.70246284809195,276.56553149178313,3,SULWESE1,0.24358994258874417,2,21.518547703554617,0.0,1.0,1.0,straight_line,
MAIMOON,MAIZE RD & MOON RD,-82.988985,40.039129,1,011,1,1,19,6,am_peak+early+evening+midday+owl+pm_peak,False,,False,393.8480479867266,274.53432325816607,4,MAIZEBS,0.44324081522651737,3,31.697162331585197,0.0,1.0,1.0,straight_line,
CLIGEON,CLIME RD & GEORGESVILLE RD,-83.114932,39.932644,1,009,1,1,19,6,am_peak+early+evening+midday+owl+pm_peak,False,,False,184.82621393969447,373.4663332438996,6,GEOCLIS,1.0215566172827772,1,11.610396195348425,0.0,1.0,1.0,straight_line,
GEO106N,1060 GEORGESVILLE RD,-83.115842,39.931134,1,009,1,1,19,6,am_peak+early+evening+midday+owl+pm_peak,False,,False,183.72576180546383,184.82621393969447,4,GEOCLIS,1.6524542436101821,1,11.610396195348425,0.0,1.0,1.0,straight_line,
GEOHALN,GEORGESVILLE RD & HALL RD,-83.11639,39.929534,1,009,1,1,19,6,am_peak+early+evening+midday+owl+pm_peak,False,,False,270.6473417953058,183.72576180546383,7,GEOHALS,0.47107076215510774,0,0.0,0.0,0.0,0.0,straight_line,catchment not reconstructable
GEOPARN,GEORGESVILLE & PARKWICK DR,-83.116769,39.927114,1,009,1,1,19,6,am_peak+early+evening+midday+owl+pm_peak,False,,False,227.56851767630627,270.6473417953058,4,GEOPARS,0.4077205110657938,0,0.0,0.0,0.0,0.0,straight_line,catchment not reconstructable
GEOBOLE,GEORGESVILLE SERVICE RD & BOLTONFIELD ST,-83.129502,39.919444,1,009,1,1,19,6,am_peak+early+evening+midday+owl+pm_peak,False,,False,460.33387965524463,1317.083763139554,2,GEOBOLW,1.017389421243481,0,0.0,0.0,0.0,0.0,straight_line,catchment not reconstructable
HILWESN,HILLIARD ROME RD & WESTCHESTER WOODS BLVD,-83.150732,39.98512,1,021,1,1,19,6,am_peak+early+evening+midday+owl+pm_peak,False,,False,374.39905179268,278.4204109322954,7,HILWESS,0.3174975123820002,0,0.0,0.0,0.0,0.0,straight_line,catchment not reconstructable
MAICOON,MAIZE RD & E COOKE RD,-82.988293,40.047414,1,011,1,1,19,6,am_peak+early+evening+midday+owl+pm_peak,False,,False,331.247466469558,383.3744522149637,4,MAICOOS,0.7097408971931507,1,14.833647396554658,0.0,1.0,1.0,straight_line,
TAYMARS,TAYLOR AVE & MARYLAND AVE,-82.961018,39.977628,1,011,1,1,19,6,am_peak+early+evening+midday+owl+pm_peak,False,,False,228.69274667337666,368.1431910852434,7,TAYMARN,0.34788143499683544,0,0.0,0.0,0.0,0.0,straight_line,catchment not reconstructable
LEOTAYE,LEONARD AVE & OSU CAREPOINT EAST,-82.962904,39.97909,1,011,1,1,19,6,am_peak+early+evening+midday+owl+pm_peak,False,,False,417.04034000824754,228.69274667337666,3,152LEOW,0.6199534039169757,0,0.0,0.0,0.0,0.0,straight_line,catchment not reconstructable
LEOCHAE,LEONARD AVE & N CHAMPION AVE,-82.967765,39.978738,1,011,1,1,19,6,am_peak+early+evening+midday+owl+pm_peak,False,,False,569.4118942426496,417.04034000824754,6,LEOCHAW,0.297677461448436,0,0.0,0.0,0.0,0.0,straight_line,catchment not reconstructable
TAYMARN,TAYLOR AVE & MARYLAND AVE,-82.960807,39.977819,1,011,1,1,19,6,am_peak+early+evening+midday+owl+pm_peak,False,,False,387.3204437153978,275.5482611031664,5,TAYMARS,0.34788143499683544,0,0.0,0.0,0.0,0.0,straight_line,catchment not reconstructable
TAYGREN,TAYLOR AVE & GREENWAY AVE,-82.961037,39.974335,1,011,1,1,19,6,am_peak+early+evening+midday+owl+pm_peak,False,,False,326.754803328397,387.3204437153978,11,TAYMTVS,0.22774033435495739,2,9.63211182921015,0.0,0.5,0.5319148936170214,straight_line,
TAYCLIN,TAYLOR AVE & CLIFTON AVE,-82.961281,39.971398,1,011,1,1,19,6,am_peak+early+evening+midday+owl+pm_peak,False,,False,254.89224235275185,326.754803328397,11,TAYCLIS,0.7136565727281492,1,5.123463738941569,0.0,1.0,1.0,straight_line,
MAINORTN,MAIZE RD & NORTHRIDGE RD,-82.98875,40.041595,1,011,1,1,19,6,am_peak+early+evening+midday+owl+pm_peak,False,,False,274.53432325816607,316.0235174734704,5,MAIBLES,0.6967758247445034,2,23.70455889883635,0.0,1.0,1.0,straight_line,
SULNORW,SULLIVANT AVE & NORTON RD,-83.14242,39.943746,1,021,1,1,19,6,am_peak+early+evening+midday+owl+pm_peak,False,,False,340.0622760488643,412.70246284809195,8,NORSULS,0.4640435124988471,1,9.16368085879264,0.0,1.0,1.0,straight_line,
LONHAMW,E LONG ST & HAMILTON AVE,-82.981386,39.967294,1,011,1,1,19,6,am_peak+early+evening+midday+owl+pm_peak,False,,False,226.79693167121124,193.9016213664551,10,LONHAME1,0.2962263905602716,1,9.280788601397022,0.0,1.0,1.0,straight_line,
LONCHAE,E LONG ST & GOVERNOR PL,-82.968587,39.968593,1,011,1,1,19,6,am_peak+early+evening+midday+owl+pm_peak,False,,False,131.31671729999687,208.70644430320849,12,CHALONN,0.7680490523166046,2,12.618359265621812,0.0,0.5,0.2714617169373549,straight_line,
LONOHIE,E LONG ST & N OHIO AVE,-82.970108,39.968422,1,011,1,1,19,6,am_peak+early+evening+midday+owl+pm_peak,False,,False,317.4094675903529,131.31671729999687,12,OHILONS1,0.5050219023094543,1,9.192957794443734,0.0,1.0,1.0,straight_line,
NORBRON1,NORTON RD & BRODIE DR,-83.143901,39.919287,1,009,1,1,19,6,am_peak+early+evening+midday+owl+pm_peak,False,,False,468.45273789995974,283.11396608039405,3,NORCHAS,0.25326843951020106,0,0.0,0.0,0.0,0.0,straight_line,catchment not reconstructable
GEONORW,GEORGESVILLE RD & NORTON RD,-83.143695,39.915071,1,009,1,1,19,6,am_peak+early+evening+midday+owl+pm_peak,False,,False,439.21692737704717,468.45273789995974,1,GEONORE,0.7762307808322761,1,32.32173695880853,0.0,1.0,1.0,straight_line,
GEOLONW,GEORGESVILLE SERVICE RD & LONE EAGLE ST,-83.139059,39.916775,1,009,1,1,19,6,am_peak+early+evening+midday+owl+pm_peak,False,,False,342.89900585883976,439.21692737704717,3,GEOLONE,1.1010705431967356,0,0.0,0.0,0.0,0.0,straight_line,catchment not reconstructable
GEOKRIW,GEORGESVILLE SERVICE RD & KRIEGER ST,-83.13557,39.918298,1,009,1,1,19,6,am_peak+early+evening+midday+owl+pm_peak,False,,False,542.8163589242054,342.89900585883976,3,GEOKRIE,0.9298064045997622,0,0.0,0.0,0.0,0.0,straight_line,catchment not reconstructable
GEOBOLW,GEORGESVILLE FRONTAGE RD & BOLTONFIELD ST,-83.1297,39.920161,1,009,1,1,19,6,am_peak+early+evening+midday+owl+pm_peak,False,,False,221.38204252945044,542.8163589242054,2,GEOBOLE,1.017389421243481,0,0.0,0.0,0.0,0.0,straight_line,catchment not reconstructable
LONMONW,E LONG ST & N MONROE AVE,-82.978761,39.967599,1,011,1,1,19,6,am_peak+early+evening+midday+owl+pm_peak,False,,False,262.6485733298702,226.79693167121124,12,LONTALE,0.2541737518669392,1,9.280788601397022,0.0,1.0,1.0,straight_line,
LON18TW,E LONG ST & N 18TH ST,-82.975715,39.96792,1,011,1,1,19,6,am_peak+early+evening+midday+owl+pm_peak,False,,False,205.09740174305836,262.6485733298702,8,LON17TE,1.1984194162721278,2,18.473746395840756,0.0,0.5,0.5023771790808242,straight_line,
CLIMCCE,CLIME RD & MCCARLEY DR,-83.094989,39.9283,1,009,1,1,19,6,am_peak+early+evening+midday+owl+pm_peak,False,,False,190.78984051694417,410.46264175298074,4,CLIMCCW,0.4609835039460222,1,3.1033551790160363,0.0,1.0,1.0,straight_line,
LONOHIW,E LONG ST & N OHIO AVE,-82.969626,39.968634,1,011,1,1,19,6,am_peak+early+evening+midday+owl+pm_peak,False,,False,286.45587081657,321.08948945760966,12,LONOHIE,0.5928677962983858,2,12.618359265621812,0.0,0.5,0.7285382830626449,straight_line,
LONWINW,E LONG ST & WINNER AVE,-82.966304,39.968985,1,011,1,1,19,6,am_peak+early+evening+midday+owl+pm_peak,False,,False,404.6595863546927,286.45587081657,11,LONWINE,0.21157892878080267,1,3.425401471178078,0.0,0.5,0.622340425531915,straight_line,
TAYLONS,TAYLOR AVE & E LONG ST,-82.961613,39.969491,1,011,1,1,19,6,am_peak+early+evening+midday+owl+pm_peak,False,,False,157.46155037704722,404.6595863546927,7,TAYLONN,0.5470252641108455,1,8.724526824026219,0.0,0.5,0.8075880758807588,straight_line,
TAYCLIS,TAYLOR AVE & CLIFTON AVE,-82.961471,39.970905,1,011,1,1,19,6,am_peak+early+evening+midday+owl+pm_peak,False,,False,379.3020437816572,157.46155037704722,9,TAYCLIN,0.7136565727281492,1,5.123463738941569,0.0,1.0,1.0,straight_line,
BRYCHAE,BRYDEN RD & S CHAMPION AVE,-82.968978,39.960381,1,011,1,1,19,6,am_peak+early+evening+midday+owl+pm_peak,False,,False,263.07353850665174,202.03103396603413,12,BRYCHAW,0.18828436900642595,1,11.066681676113808,0.0,1.0,1.0,straight_line,
BRY22NE,BRYDEN RD & S 22ND ST,-82.972056,39.960444,1,011,1,1,19,6,am_peak+early+evening+midday+owl+pm_peak,False,,False,304.7500011660995,263.07353850665174,12,BRYOHIW,1.1239256004417115,2,15.604606702033482,0.0,1.0,1.0,straight_line,
BRY18TE,BRYDEN RD & S 18TH ST,-82.975622,39.960505,1,011,1,1,19,6,am_peak+early+evening+midday+owl+pm_peak,False,,False,260.92976227613514,304.7500011660995,8,BRY19TW,0.6548463476989694,1,3.2790167929226044,0.0,1.0,1.0,straight_line,
BRYMONE,BRYDEN RD & S MONROE AVE,-82.978675,39.960565,1,011,1,1,19,6,am_peak+early+evening+midday+owl+pm_peak,False,,False,233.82140363828088,260.92976227613514,9,BRYMONW,0.22178837937006196,1,7.3192339127736705,0.0,1.0,1.0,straight_line,
BRYPARE,BRYDEN RD & PARSONS AVE,-82.981411,39.960613,1,011,1,1,19,6,am_peak+early+evening+midday+owl+pm_peak,False,,False,187.02971769020212,233.82140363828088,8,BRYPARW,0.3065013887275757,1,7.3192339127736705,0.0,1.0,1.0,straight_line,
TOWLESE,E TOWN ST & LESTER DR,-82.9836,39.960602,1,011,1,1,19,6,am_peak+early+evening+midday+owl+pm_peak,False,,False,254.8535319684662,187.02971769020212,8,TOWLESW,0.26599365877212733,2,88.59200728021163,0.0,0.5,0.9011896893588887,straight_line,
TOWWASE,E TOWN ST & S WASHINGTON AVE,-82.986553,39.960278,1,011,1,1,19,6,am_peak+early+evening+midday+owl+pm_peak,False,,False,286.98023622729596,254.8535319684662,8,TOWWASW,0.2649556411019854,2,88.59200728021163,0.0,1.0,1.0,straight_line,
LON20TW,E LONG ST & N 20TH ST,-82.97334,39.96819,1,011,1,1,19,6,am_peak+early+evening+midday+owl+pm_peak,False,,False,321.08948945760966,205.09740174305836,10,LON20TE,0.5333657005809,1,9.192957794443734,0.0,1.0,1.0,straight_line,
HAGBRIS,HAGUE AVE & BRIGGS RD,-83.076353,39.931075,1,009,1,1,19,6,am_peak+early+evening+midday+owl+pm_peak,False,,False,364.08627793444634,417.1711200873037,3,HAGBRIN,0.27536529352347133,2,23.421548520875774,0.0,1.0,1.0,straight_line,
CLIBIGW,CLIME RD & BIG RUN PARK ACCESS RD,-83.110746,39.931978,1,009,1,1,19,6,am_peak+early+evening+midday+owl+pm_peak,False,,False,349.92991756713667,433.11685975306364,4,CLIBIGE,0.22570478089615706,0,0.0,0.0,0.0,0.0,straight_line,catchment not reconstructable
CLISAVW,CLIME RD & SAVANNAH DR,-83.106795,39.931153,1,009,1,1,19,6,am_peak+early+evening+midday+owl+pm_peak,False,,False,348.2330448229884,349.92991756713667,5,CLISAVE,0.28746382469510146,1,3.8411339574236223,0.0,1.0,1.0,straight_line,
CLIHOLW,CLIME RD & HOLLY HILL DR,-83.102889,39.930262,1,009,1,1,19,6,am_peak+early+evening+midday+owl+pm_peak,False,,False,485.3929471432648,348.2330448229884,3,CLIHOLE,0.23794027470012766,1,3.8411339574236223,0.0,1.0,1.0,straight_line,
CLIWEDW,CLIME RD & WEDGEWOOD DR,-83.097519,39.928841,1,009,1,1,19,6,am_peak+early+evening+midday+owl+pm_peak,False,,False,256.80463997422885,485.3929471432648,3,CLIWEDE,0.45808747510970893,2,6.944489136439659,0.0,0.5,0.5638297872340425,straight_line,
CLIMCCW,CLIME RD & MCCARLEY DR,-83.094573,39.928388,1,009,1,1,19,6,am_peak+early+evening+midday+owl+pm_peak,False,,False,351.5306070333066,256.80463997422885,5,CLIMCCE,0.4609835039460222,1,3.1033551790160363,0.0,1.0,1.0,straight_line,
DEMCLIS,DEMOREST RD & CLIME RD,-83.090461,39.928349,1,009,1,1,19,6,am_peak+early+evening+midday+owl+pm_peak,False,,False,565.0079852750586,351.5306070333066,3,DEMSHON,0.8492469625635353,1,3.1033551790160363,0.0,1.0,1.0,straight_line,
TOWDAKW,W TOWN ST & DAKOTA AVE,-83.027924,39.955447,1,009,1,1,19,6,am_peak+early+evening+midday+owl+pm_peak,False,,False,199.70712599658737,312.0877317705525,8,TOWCYPE,0.49008016282470546,1,2.4299856590408586,0.0,1.0,1.0,straight_line,
TOWHAWW,W TOWN ST & HAWKES AVE,-83.025618,39.95574,1,009,1,1,19,6,am_peak+early+evening+midday+owl+pm_peak,False,,False,363.73046854571106,199.70712599658737,11,TOWHAWE,0.3465713881245821,2,9.13440392314154,0.0,1.0,1.0,straight_line,
SAIBUCS,SAINT CLAIR AVE & BUCKINGHAM ST,-82.98082,39.972664,1,009,1,1,19,6,am_peak+early+evening+midday+owl+pm_peak,False,,False,254.17962067937557,457.794358769656,6,SAIBUCN,0.2335502028621607,1,2.869139693807279,0.0,1.0,1.0,straight_line,
JOY17TS,JOYCE AVE & E 17TH AVE,-82.965464,40.00018,1,011,1,1,19,6,am_peak+early+evening+midday+owl+pm_peak,False,,False,407.9775408114341,478.3589359195602,2,JOY17TN,0.40966902270901306,1,1.5224006538569235,0.0,1.0,1.0,straight_line,
GEOCLIS,GEORGESVILLE RD & CLIME RD,-83.115793,39.932324,1,009,1,1,19,6,am_peak+early+evening+midday+owl+pm_peak,False,,False,433.11685975306364,341.5766266319365,4,CLIGEON,1.0215566172827772,1,11.610396195348425,0.0,1.0,1.0,straight_line,
NORPALN,NORTON RD & PALMETTO ST,-83.139927,39.949717,1,009,1,1,19,6,am_peak+early+evening+midday+owl+pm_peak,False,,False,400.8181141480199,239.53948650863995,4,NORPALS,1.0370428310909068,1,5.211294545894853,0.0,1.0,1.0,straight_line,
143GEOW,1443 GEORGESVILLE RD,-83.127196,39.920669,1,009,1,1,19,6,am_peak+early+evening+midday+owl+pm_peak,False,,False,1084.7172490391742,221.38204252945044,2,GEOBOLW,2.7672755316181306,0,0.0,0.0,0.0,0.0,straight_line,catchment not reconstructable
GEOPARS,GEORGESVILLE RD & PARKWICK DR,-83.117089,39.927274,1,009,1,1,19,6,am_peak+early+evening+midday+owl+pm_peak,False,,False,230.89879877267154,194.97933050368556,4,GEOPARN,0.4077205110657938,0,0.0,0.0,0.0,0.0,straight_line,catchment not reconstructable
SAI2NDS,SAINT CLAIR AVE & E 2ND AVE,-82.980153,39.981545,1,009,1,1,19,6,am_peak+early+evening+midday+owl+pm_peak,False,,False,310.2088543811654,733.5150465397875,3,SAIOPPN,0.5784480103776836,0,0.0,0.0,0.0,0.0,straight_line,catchment not reconstructable
SAIGIBS,SAINT CLAIR AVE & GIBBARD AVE,-82.979937,39.984334,1,009,1,1,19,6,am_peak+early+evening+midday+owl+pm_peak,False,,False,651.833390595119,310.2088543811654,7,SAI4THN,0.15456718388459334,2,17.03917654893715,0.0,1.0,1.0,straight_line,
5THBASW,E 5TH AVE & BASSETT AVE,-82.963363,39.985492,1,009,1,1,19,6,am_peak+early+evening+midday+owl+pm_peak,False,,False,283.0665280263177,357.65991912770653,8,5THBASE,0.5863897763676726,0,0.0,0.0,0.0,0.0,straight_line,catchment not reconstructable
MAINORS,MAIZE RD & NORRIS DR,-82.988682,40.044491,1,011,1,1,19,6,am_peak+early+evening+midday+owl+pm_peak,False,,False,381.0822449388017,267.4513370892633,5,MAINORN,0.1623373649156416,0,0.0,0.0,0.0,0.0,straight_line,catchment not reconstructable
JOY5THS,JOYCE AVE & 5TH AVE,-82.966833,39.9865,1,011,1,1,19,6,am_peak+early+evening+midday+owl+pm_peak,False,,False,699.0212815430718,296.4729165752404,6,JOY5THN,0.6024197699928692,0,0.0,0.0,0.0,0.0,straight_line,catchment not reconstructable
JOYDEWS,JOYCE AVE & DEWEY AVE,-82.96629,39.992782,1,011,1,1,19,6,am_peak+early+evening+midday+owl+pm_peak,False,,False,346.1674112226526,699.0212815430718,3,JOYDEWN,0.133244852724023,0,0.0,0.0,0.0,0.0,straight_line,catchment not reconstructable
JOYWINS,JOYCE AVE & WINDSOR AVE,-82.966022,39.995893,1,011,1,1,19,6,am_peak+early+evening+midday+owl+pm_peak,False,,False,478.3589359195602,346.1674112226526,3,JOY12TN,0.9792908399249469,0,0.0,0.0,0.0,0.0,straight_line,catchment not reconstructable
5THTAYW,E 5TH AVE & TAYLOR AVE,-82.960053,39.985362,1,009,1,1,19,6,am_peak+early+evening+midday+owl+pm_peak,False,,False,147.03945646573624,283.0665280263177,5,5THTAYE,0.6054494698804836,0,0.0,0.0,0.0,0.0,straight_line,catchment not reconstructable
BRIALLS,BRITTON PKWY & ALL SEASONS DR,-83.131276,40.035808,1,021,1,1,19,6,am_peak+early+evening+midday+owl+pm_peak,False,,False,707.1200087912441,377.8410221959514,4,BRIALLN,1.820333209337178,0,0.0,0.0,0.0,0.0,straight_line,catchment not reconstructable
BRIANSS,BRITTON PKWY & ANSON DR,-83.131366,40.042176,1,021,1,1,19,6,am_peak+early+evening+midday+owl+pm_peak,False,,False,939.1379541568792,707.1200087912441,1,BRIANSN,0.4668018882394895,0,0.0,0.0,0.0,0.0,straight_line,catchment not reconstructable
SULINAE,SULLIVANT AVE & INAH AVE,-83.138581,39.942949,1,021,1,1,19,6,am_peak+early+evening+midday+owl+pm_peak,False,,False,229.40095725599852,508.1501089519696,5,SULINAW,0.11823721515947341,1,6.177433422380978,0.0,0.5,0.5424164524421594,straight_line,
BRIHAYN,BRITTON PKWY & HAYDEN RUN RD,-83.137859,40.062972,1,021,1,1,19,6,am_peak+early+evening+midday+owl+pm_peak,False,,False,500.69124686692993,469.2547406469271,1,BRIHAYS,0.33125796906480864,1,37.708693118609986,0.0,1.0,1.0,straight_line,
BRICARN,BRITTON PKWY & CARRINGTON WAY,-83.136347,40.058615,1,021,1,1,19,6,am_peak+early+evening+midday+owl+pm_peak,False,,False,348.965092155339,500.69124686692993,2,BRICARS,1.4034509856108295,0,0.0,0.0,0.0,0.0,straight_line,catchment not reconstructable
BRIFARN,BRITTON PKWY & BRITTON FARMS DR,-83.13542,40.055554,1,021,1,1,19,6,am_peak+early+evening+midday+owl+pm_peak,False,,False,577.1681582105966,348.965092155339,3,BRIFARS,1.0762784087801025,1,45.78912735831215,0.0,1.0,1.0,straight_line,
BRIDAVN,BRITTON PKWY & DAVIDSON RD,-83.133911,40.050487,1,021,1,1,19,6,am_peak+early+evening+midday+owl+pm_peak,False,,False,972.4213301119073,577.1681582105966,1,BRIDAVS,0.32539905460322494,0,0.0,0.0,0.0,0.0,straight_line,catchment not reconstructable
BRIANSN,BRITTON PKWY & ANSON DR,-83.130975,40.042025,1,021,1,1,19,6,am_peak+early+evening+midday+owl+pm_peak,False,,False,546.6345378736155,972.4213301119073,1,BRIANSS,0.4668018882394895,0,0.0,0.0,0.0,0.0,straight_line,catchment not reconstructable
BRIALLN,BRITTON PKWY & ALL SEASONS DR,-83.130998,40.037102,1,021,1,1,19,6,am_peak+early+evening+midday+owl+pm_peak,False,,False,451.7038018359143,546.6345378736155,1,BRIALLS,1.820333209337178,0,0.0,0.0,0.0,0.0,straight_line,catchment not reconstructable
JOY23RS,JOYCE AVE & E 23RD AVE,-82.96388,40.005327,1,011,1,1,19,6,am_peak+early+evening+midday+owl+pm_peak,False,,False,277.03029397339657,179.27450741277156,5,JOY23RN,0.32928359802418067,1,2.020108559925533,0.0,1.0,1.0,straight_line,
TOWGRAE,E TOWN ST & S GRANT AVE,-82.989874,39.959891,1,011,1,1,19,6,am_peak+early+evening+midday+owl+pm_peak,False,,False,485.213417942992,286.98023622729596,9,GRATOWS,0.9643877824961192,1,8.753803759677313,0.0,0.5,0.1974900924702774,straight_line,
HILBEAN,HILLIARD ROME RD & BEACON HILL RD,-83.145589,39.955161,1,021,1,1,19,6,am_peak+early+evening+midday+owl+pm_peak,False,,False,553.5671404068646,371.6351682029413,2,HILBEAS,0.28748385544749666,2,29.39404339369906,0.0,1.0,1.0,straight_line,
WESWPRN,WESTWOODS BLVD & WESTWOODS PARK & RIDE,-83.146811,39.950265,1,021,1,1,19,6,am_peak+early+evening+midday+owl+pm_peak,False,,False,198.58479222505812,553.5671404068646,7,WESWPRS,0.16263808925837037,1,12.354866844761977,0.0,1.0,1.0,straight_line,
WESRUSN,WESTWOODS BLVD & RUSTLING WAY LN,-83.14705,39.948486,1,021,1,1,19,6,am_peak+early+evening+midday+owl+pm_peak,False,,False,165.18607053656277,198.58479222505812,7,WESRUSS,0.26632946632945487,1,12.354866844761977,0.0,1.0,1.0,straight_line,
BRIPKYN,5780 BRITTON PKWY,-83.137535,40.071644,1,021,1,1,19,6,am_peak+early+evening+midday+owl+pm_peak,False,,False,494.0582043062908,192.76905141754818,4,BRIPKYS,0.8150131014777513,0,0.0,0.0,0.0,0.0,straight_line,catchment not reconstructable
555BRPKN,5550 BRITTON PKWY,-83.137685,40.067196,1,021,1,1,19,6,am_peak+early+evening+midday+owl+pm_peak,False,,False,469.2547406469271,494.0582043062908,1,BRITUTS,1.4399789548692217,1,37.708693118609986,0.0,1.0,1.0,straight_line,
TRA511W,5110 TRABUE RD,-83.13489,39.982532,1,005,1,1,19,6,am_peak+early+evening+midday+owl+pm_peak,False,,False,979.1781489518602,590.110343548363,1,TRA510E,0.13258298631349522,1,288.6705855197909,0.0,1.0,1.0,straight_line,
TRAWESW,TRABUE RD & WESTBELT DR,-83.12371,39.984482,1,005,1,1,19,6,am_peak+early+evening+midday+owl+pm_peak,False,,False,191.10000044169018,979.1781489518602,2,TRA465E,1.834824341155851,0,0.0,0.0,0.0,0.0,straight_line,catchment not reconstructable
TRADIVDW,TRABUE RD & DIVIDEND DR,-83.121509,39.984791,1,005,1,1,19,6,am_peak+early+evening+midday+owl+pm_peak,False,,False,736.9093978105803,191.10000044169018,2,TRA465E,0.5923228237948417,0,0.0,0.0,0.0,0.0,straight_line,catchment not reconstructable
TRAARLW,TRABUE RD & ARLINGATE LN,-83.113033,39.98603,1,005,1,1,19,6,am_peak+early+evening+midday+owl+pm_peak,False,,False,443.9877607640167,736.9093978105803,2,TRAARLE,0.24732102344973309,0,0.0,0.0,0.0,0.0,straight_line,catchment not reconstructable
TRAWILW,TRABUE RD & N WILSON RD,-83.108139,39.987378,1,005,1,1,19,6,am_peak+early+evening+midday+owl+pm_peak,False,,False,588.6804963537289,443.9877607640167,3,WILTRAS,1.2627652600929402,0,0.0,0.0,0.0,0.0,straight_line,catchment not reconstructable
TRA465E,4659 TRABUE RD,-83.121997,39.984588,1,005,1,1,19,6,am_peak+early+evening+midday+owl+pm_peak,False,,False,1125.7712973288562,768.6166904757174,2,TRADIVDW,0.5923228237948417,0,0.0,0.0,0.0,0.0,straight_line,catchment not reconstructable
NORCLAS,NORTON RD & CLAIRBROOK AVE,-83.14427,39.936258,1,009,1,1,19,6,am_peak+early+evening+midday+owl+pm_peak,False,,False,414.82337448787615,336.85522086135796,3,NORWESN1,0.9779396930957283,2,37.552549461804155,0.0,0.6666666666666666,0.7146763901549683,straight_line,
HOLMAIS,HOLTZMAN AVE & E MAIN ST,-82.945765,39.957539,1,011,1,1,19,6,am_peak+early+evening+midday+owl+pm_peak,False,,False,374.6879604798561,1011.7021965229881,8,MAIHOLW,0.43901096909826176,0,0.0,0.0,0.0,0.0,straight_line,catchment not reconstructable
TUTFRAE,TUTTLE CROSSING BLVD & FRANTZ RD,-83.123789,40.077173,1,021,1,1,19,6,am_peak+early+evening+midday+owl+pm_peak,False,,False,473.3563586028077,320.61144015030055,5,TUTFRAW,0.3534311149855988,0,0.0,0.0,0.0,0.0,straight_line,catchment not reconstructable
SULEVGW,SULLIVANT AVE & EVERGREEN TERRACE,-83.133674,39.942124,1,021,1,1,19,6,am_peak+early+evening+midday+owl+pm_peak,False,,False,598.9319649721614,428.812292969087,1,SULEVGE,0.9950619525319567,3,27.959473546795422,0.0,1.0,1.0,straight_line,
SULMURW,SULLIVANT AVE & S MURRAY HILL RD,-83.126836,39.940944,1,021,1,1,19,6,am_peak+early+evening+midday+owl+pm_peak,False,,False,666.455283603275,598.9319649721614,1,SULMURE,0.4664955687514345,2,21.782040124414443,0.0,1.0,1.0,straight_line,
SULINDW,SULLIVANT AVE & INDUSTRIAL MILE RD,-83.119231,39.939618,1,021,1,1,19,6,am_peak+early+evening+midday+owl+pm_peak,False,,False,267.6803224874498,666.455283603275,3,SULINDE,0.9916198591576733,2,18.3440913951002,0.0,1.0,1.0,straight_line,
SULCOUW1,SULLIVANT AVE & COUNTRYBROOK E DR,-83.116179,39.939077,1,021,1,1,19,6,am_peak+early+evening+midday+owl+pm_peak,False,,False,371.15465585462164,267.6803224874498,4,SULCOUE,0.3386857755708975,2,18.3440913951002,0.0,1.0,1.0,straight_line,
HILRENN,HILLIARD ROME RD & RENNER RD,-83.150586,39.98175,1,021,1,1,19,6,am_peak+early+evening+midday+owl+pm_peak,False,,False,1000.5331541446619,374.39905179268,8,HILRENS,0.5155093386610777,0,0.0,0.0,0.0,0.0,straight_line,catchment not reconstructable
TUTFRAW,TUTTLE CROSSING BLVD & FRANTZ RD,-83.123726,40.077423,1,021,1,1,19,6,am_peak+early+evening+midday+owl+pm_peak,False,,False,255.59952753546492,679.7577412670835,5,TUTFRAE,0.3534311149855988,0,0.0,0.0,0.0,0.0,straight_line,catchment not reconstructable
WESMIDN,WESTWOODS BLVD & MID DAY DR,-83.146585,39.947042,1,021,1,1,19,6,am_peak+early+evening+midday+owl+pm_peak,False,,False,276.56553149178313,165.18607053656277,7,WESMIDS,0.38859911651904105,1,12.354866844761977,0.0,1.0,1.0,straight_line,
HILGLES,HILLIARD ROME RD & GLENCHESTER DR,-83.145958,39.958882,1,021,1,1,19,6,am_peak+early+evening+midday+owl+pm_peak,False,,False,478.0396927301786,424.98238890318606,1,300HLRON,0.6511112347921421,2,29.39404339369906,0.0,1.0,1.0,straight_line,
BRIDAVS,BRITTON PKWY & DAVIDSON RD,-83.134164,40.050356,1,021,1,1,19,6,am_peak+early+evening+midday+owl+pm_peak,False,,False,502.0620384533959,939.1379541568792,1,BRIDAVN,0.32539905460322494,0,0.0,0.0,0.0,0.0,straight_line,catchment not reconstructable
178HILLS,1785 HILLIARD ROME RD,-83.151565,39.988367,1,021,1,1,19,6,am_peak+early+evening+midday+owl+pm_peak,False,,False,411.20588768425034,380.1395074181576,6,177HILLN,1.1513097234629053,1,6.821526006705061,0.0,1.0,1.0,straight_line,
BRICARS,BRITTON RD & CARRINGTON WAY,-83.136261,40.057606,1,021,1,1,19,6,am_peak+early+evening+midday+owl+pm_peak,False,,False,622.778218742313,322.6570591471293,3,BRICARN,1.4034509856108295,0,0.0,0.0,0.0,0.0,straight_line,catchment not reconstructable
BRIHAYS,BRITTON PKWY & HAYDEN RUN RD,-83.138163,40.063021,1,021,1,1,19,6,am_peak+early+evening+midday+owl+pm_peak,False,,False,578.797372963225,622.778218742313,1,BRIHAYN,0.33125796906480864,1,37.708693118609986,0.0,1.0,1.0,straight_line,
BRITUTS,BRITTON PKWY & TUTTLES BROOK DR,-83.137307,40.068192,1,021,1,1,19,6,am_peak+early+evening+midday+owl+pm_peak,False,,False,318.615394800015,578.797372963225,3,555BRPKN,1.4399789548692217,1,37.708693118609986,0.0,1.0,1.0,straight_line,
BRIPKYS,5780 BRITTON PKWY,-83.137515,40.071057,1,021,1,1,19,6,am_peak+early+evening+midday+owl+pm_peak,False,,False,234.81278740439566,318.615394800015,4,BRIPKYN,0.8150131014777513,0,0.0,0.0,0.0,0.0,straight_line,catchment not reconstructable
BRIHIRS,BRITTON PKWY & HIRTH RD,-83.138991,40.072842,1,021,1,1,19,6,am_peak+early+evening+midday+owl+pm_peak,False,,False,745.4114067729561,234.81278740439566,5,BRIHIRN,0.24949816365358277,0,0.0,0.0,0.0,0.0,straight_line,catchment not reconstructable
BRICEMN,BRITTON PKWY & CEMETERY RD,-83.131235,40.033038,1,021,1,1,19,6,am_peak+early+evening+midday+owl+pm_peak,False,,False,486.7104422003323,451.7038018359143,3,CEMBRIE,1.0884467597585756,0,0.0,0.0,0.0,0.0,straight_line,catchment not reconstructable
HILMANS,HILLIARD ROME RD & MANOR PARK DR,-83.146731,39.963146,1,021,1,1,19,6,am_peak+early+evening+midday+owl+pm_peak,False,,False,373.5311035589005,478.0396927301786,3,HILMANN,0.22749070488904843,0,0.0,0.0,0.0,0.0,straight_line,catchment not reconstructable
HILSUMS,HILLIARD ROME RD & SUMMERLIN WAY,-83.147101,39.966498,1,021,1,1,19,6,am_peak+early+evening+midday+owl+pm_peak,False,,False,685.556517300507,373.5311035589005,3,HILSUMN,0.25141424432548065,0,0.0,0.0,0.0,0.0,straight_line,catchment not reconstructable
HILFEDS,HILLIARD ROME RD & FEDER RD,-83.150034,39.972245,1,021,1,1,19,6,am_peak+early+evening+midday+owl+pm_peak,False,,False,1035.4988401973574,685.556517300507,1,HILFEDN,0.7531204778801567,1,28.69139693807279,0.0,1.0,1.0,straight_line,
HILRENS,HILLIARD ROME RD & RENNER RD,-83.150986,39.981542,1,021,1,1,19,6,am_peak+early+evening+midday+owl+pm_peak,False,,False,381.1921188812871,1035.4988401973574,8,HILRENN,0.5155093386610777,0,0.0,0.0,0.0,0.0,straight_line,catchment not reconstructable
HILWESS,HILLIARD ROME RD & WESTCHESTER WOODS BLVD,-83.150962,39.984975,1,021,1,1,19,6,am_peak+early+evening+midday+owl+pm_peak,False,,False,380.1395074181576,381.1921188812871,7,HILWESN,0.3174975123820002,1,6.821526006705061,0.0,0.0,0.0,straight_line,
BRIFARS,BRITTON PKWY & BRITTON FARMS DR,-83.135386,40.054779,1,021,1,1,19,6,am_peak+early+evening+midday+owl+pm_peak,False,,False,322.6570591471293,502.0620384533959,2,BRIFARN,1.0762784087801025,1,45.78912735831215,0.0,1.0,1.0,straight_line,
PER272N,2722 PERDUE AVE,-82.951933,40.024233,1,009,1,1,19,6,am_peak+early+evening+midday+owl+pm_peak,False,,False,262.64132425372435,247.3432996459151,7,PER271S,0.15521598840396128,1,6.6751413284495875,0.0,1.0,1.0,straight_line,
PERDENN,PERDUE AVE & DENUNE AVE,-82.952101,40.021871,1,009,1,1,19,6,am_peak+early+evening+midday+owl+pm_peak,False,,False,185.78825078029112,262.64132425372435,5,PERDENS,0.5354599426055371,1,6.6751413284495875,0.0,1.0,1.0,straight_line,
PERABEN,PERDUE AVE & ABERDEEN AVE,-82.952216,40.0202,1,009,1,1,19,6,am_peak+early+evening+midday+owl+pm_peak,False,,False,313.453125772613,185.78825078029112,5,PERMINS,0.9947033270647916,2,7.612003269284617,0.0,1.0,1.0,straight_line,
EARPERW,EARL AVE & PERDUE AVE,-82.952322,40.017378,1,009,1,1,19,6,am_peak+early+evening+midday+owl+pm_peak,False,,False,184.70474731587353,313.453125772613,6,EARPERE,0.4305540341968828,2,3.308293728573699,0.0,1.0,1.0,straight_line,
MYRWOOW,MYRTLE AVE & WOODLAND AVE,-82.950499,40.016482,1,009,1,1,19,6,am_peak+early+evening+midday+owl+pm_peak,False,,False,195.49289197243087,184.70474731587353,8,MYRWOOE,0.14407905683897157,2,3.308293728573699,0.0,1.0,1.0,straight_line,
MYRBREW,MYRTLE AVE & BRENTNELL AVE,-82.948212,40.016392,1,009,1,1,19,6,am_peak+early+evening+midday+owl+pm_peak,False,,False,192.7979405633961,195.49289197243087,7,BREMYRS,0.6219187857050734,2,3.308293728573699,0.0,1.0,1.0,straight_line,
BREWOON,BRENTNELL AVE & WOODWARD AVE,-82.94982,39.99193,1,009,1,1,19,6,am_peak+early+evening+midday+owl+pm_peak,False,,False,396.43787488886375,242.49963001846706,4,BREWOOS,0.18978894696115398,2,13.994375241223258,0.0,1.0,1.0,straight_line,
SAWDUBN,SAWMILL RD & DUBLIN-GRANVILLE RD,-83.091369,40.095902,1,033,1,1,19,6,am_peak+early+evening+midday+owl+pm_peak,False,,False,436.9520591037947,447.0567801641851,3,SAWDUBS,0.6632138830897919,0,0.0,0.0,0.0,0.0,straight_line,catchment not reconstructable
SAWSAWN,SAWMILL RD & SAWMILL PLACE BLVD,-83.091077,40.099922,1,033,1,1,19,6,am_peak+early+evening+midday+owl+pm_peak,False,,False,447.0567801641851,263.4975046312226,6,SAWBANS,0.4697192891215489,0,0.0,0.0,0.0,0.0,straight_line,catchment not reconstructable
BRE125S,1257 BRENTNELL AVE,-82.949808,39.994008,1,009,1,1,19,6,am_peak+early+evening+midday+owl+pm_peak,False,,False,405.53097323961276,220.14194195815938,4,BRE1257N,0.20680330460953913,1,7.202126170169292,0.0,1.0,1.0,straight_line,
GEOHALS,GEORGESVILLE RD & HALL RD,-83.116749,39.929337,1,009,1,1,19,6,am_peak+early+evening+midday+owl+pm_peak,False,,False,341.5766266319365,230.89879877267154,7,GEOHALN,0.47107076215510774,0,0.0,0.0,0.0,0.0,straight_line,catchment not reconstructable
BREHOLS,BRENTNELL AVE & HOLT AVE,-82.94933,40.000232,1,009,1,1,19,6,am_peak+early+evening+midday+owl+pm_peak,False,,False,419.6111919619297,286.7540526614047,2,BREHOLN,0.41603262996406015,2,13.994375241223258,0.0,1.0,1.0,straight_line,
BREARGS,BRENTNELL AVE & ARGYLE DR,-82.94886,40.003994,1,009,1,1,19,6,am_peak+early+evening+midday+owl+pm_peak,False,,False,284.9763931652349,419.6111919619297,3,BREARGN,0.19747796320883615,2,15.36453582969449,0.0,1.0,1.0,straight_line,
BREDELS,BRENTNELL AVE & DELAVAN DR,-82.948056,40.009822,1,009,1,1,19,6,am_peak+early+evening+midday+owl+pm_peak,False,,False,231.81595508626592,366.6060925486034,6,BREDELN,0.775586388448967,1,8.572286758640523,0.0,0.0,0.0,straight_line,
BREMOCS,BRENTNELL AVE & MOCK RD,-82.94782,40.011902,1,009,1,1,19,6,am_peak+early+evening+midday+owl+pm_peak,False,,False,252.42398301521715,231.81595508626592,8,BREDAWN,0.3546159848397969,0,0.0,0.0,0.0,0.0,straight_line,catchment not reconstructable
BREMARS,BRENTNELL AVE & MARCIA DR,-82.948253,40.014151,1,009,1,1,19,6,am_peak+early+evening+midday+owl+pm_peak,False,,False,209.71587282737627,252.42398301521715,9,BREMARN,0.8027121962416264,1,2.3714317877386693,0.0,1.0,1.0,straight_line,
PERDENS,PERDUE AVE & DENUNE AVE,-82.952219,40.022246,1,009,1,1,19,6,am_peak+early+evening+midday+owl+pm_peak,False,,False,221.93967023330785,305.2656372802785,5,PERDENN,0.5354599426055371,1,6.6751413284495875,0.0,1.0,1.0,straight_line,
5THPKWW,E 5TH AVE & PARKWOOD AVE,-82.958336,39.985265,1,009,1,1,19,6,am_peak+early+evening+midday+owl+pm_peak,False,,False,752.4493034472004,147.03945646573624,4,5THTAYW,1.837993205821703,0,0.0,0.0,0.0,0.0,straight_line,catchment not reconstructable
BRELEOS,BRENTNELL AVE & LEONARD AVE,-82.950267,39.987986,1,009,1,1,19,6,am_peak+early+evening+midday+owl+pm_peak,False,,False,449.6218061862248,752.4493034472004,1,BRELEON,0.5506631079243952,2,10.100542799627664,0.0,1.0,1.0,straight_line,
BREWOOS,BRENTNELL AVE & WOODWARD AVE,-82.949944,39.992028,1,009,1,1,19,6,am_peak+early+evening+midday+owl+pm_peak,False,,False,220.14194195815938,449.6218061862248,3,BREWOON,0.18978894696115398,2,13.994375241223258,0.0,1.0,1.0,straight_line,
BREMIDN,BRENTNELL AVE & MIDDLEHURST DR,-82.948201,40.006181,1,009,1,1,19,6,am_peak+early+evening+midday+owl+pm_peak,False,,False,243.896973374527,464.6432399105894,3,BREMIDS,0.49350390961774393,2,26.548325248412674,0.0,1.0,1.0,straight_line,
BREARGN,BRENTNELL AVE & ARGYLE DR,-82.948677,40.004015,1,009,1,1,19,6,am_peak+early+evening+midday+owl+pm_peak,False,,False,452.28518330486617,243.896973374527,3,BREARGS,0.19747796320883615,2,15.36453582969449,0.0,1.0,1.0,straight_line,
BREORIS,BRENTNELL AVE & ORIOLE PL,-82.949484,39.997652,1,009,1,1,19,6,am_peak+early+evening+midday+owl+pm_peak,False,,False,286.7540526614047,405.53097323961276,4,BRELISN,1.6338568217942577,1,7.202126170169292,0.0,1.0,1.0,straight_line,
BRYPARW,BRYDEN RD & PARSONS AVE,-82.981643,39.960743,1,011,1,1,19,6,am_peak+early+evening+midday+owl+pm_peak,False,,False,242.46368949646356,154.39350672906357,8,BRYPARE,0.3065013887275757,1,7.3192339127736705,0.0,1.0,1.0,straight_line,
BRYMONW,BRYDEN RD & S MONROE AVE,-82.978806,39.960689,1,011,1,1,19,6,am_peak+early+evening+midday+owl+pm_peak,False,,False,322.78003777835227,242.46368949646356,10,BRYMONE,0.22178837937006196,1,7.3192339127736705,0.0,1.0,1.0,straight_line,
BRY19TW,BRYDEN RD & S 19TH ST,-82.975029,39.960625,1,011,1,1,19,6,am_peak+early+evening+midday+owl+pm_peak,False,,False,343.31903775414423,322.78003777835227,9,BRY18TE,0.6548463476989694,1,3.2790167929226044,0.0,1.0,1.0,straight_line,
BRYOHIW,BRYDEN RD & S OHIO AVE,-82.971012,39.960546,1,011,1,1,19,6,am_peak+early+evening+midday+owl+pm_peak,False,,False,168.5377591708187,343.31903775414423,12,OHIBRYS,0.43696127507360494,2,15.604606702033482,0.0,1.0,1.0,straight_line,
LONWINE,E LONG ST & WINNER AVE,-82.966171,39.968872,1,011,1,1,19,6,am_peak+early+evening+midday+owl+pm_peak,False,,False,208.70644430320849,400.57497558723634,12,LONWINW,0.21157892878080267,2,5.5040639024058,0.0,0.5,0.622340425531915,straight_line,
TOWDAVE,W TOWN ST & S DAVIS AVE,-83.021125,39.95613,1,009,1,1,19,6,am_peak+early+evening+midday+owl+pm_peak,False,,False,362.4169962229892,454.3367515909828,10,TOWDAVW,0.31852485615041665,1,6.704418264100682,0.0,1.0,1.0,straight_line,
TOWHAWE,W TOWN ST & HAWKES AVE,-83.025319,39.955643,1,009,1,1,19,6,am_peak+early+evening+midday+owl+pm_peak,False,,False,260.01532359708125,362.4169962229892,10,TOWHAWW,0.3465713881245821,2,9.13440392314154,0.0,1.0,1.0,straight_line,
BRELEON,BRENTNELL AVE & LEONARD AVE,-82.950123,39.988367,1,009,1,1,19,6,am_peak+early+evening+midday+owl+pm_peak,False,,False,651.3794501184651,396.43787488886375,2,BRELEOS,0.5506631079243952,2,10.100542799627664,0.0,1.0,1.0,straight_line,
5THLEONE,E 5TH AVE & LEONARD AVE,-82.956345,39.984974,1,009,1,1,19,6,am_peak+early+evening+midday+owl+pm_peak,False,,False,361.4933702200449,651.3794501184651,3,5THPKWW,2.1636088670629983,0,0.0,0.0,0.0,0.0,straight_line,catchment not reconstructable
5THTAYE,E 5TH AVE & TAYLOR AVE,-82.960569,39.985181,1,009,1,1,19,6,am_peak+early+evening+midday+owl+pm_peak,False,,False,197.90463109883672,361.4933702200449,5,5THTAYW,0.6054494698804836,0,0.0,0.0,0.0,0.0,straight_line,catchment not reconstructable
PERAGLN,PERDUE AVE & AGLER RD,-82.951744,40.026456,1,009,1,1,19,6,am_peak+early+evening+midday+owl+pm_peak,False,,False,247.3432996459151,143.53291037938624,5,PERAGLS,0.3627420508817699,1,24.826841432128337,0.0,1.0,1.0,straight_line,
SAI4THN,SAINT CLAIR AVE & GIBBARD AVE,-82.979804,39.984378,1,009,1,1,19,6,am_peak+early+evening+midday+owl+pm_peak,False,,False,360.8566201797348,188.91812335845034,7,SAIGIBS,0.15456718388459334,2,17.03917654893715,0.0,1.0,1.0,straight_line,
SAIOPPN,SAINT CLAIR AVE & E 2ND AVE,-82.980063,39.981134,1,009,1,1,19,6,am_peak+early+evening+midday+owl+pm_peak,False,,False,612.3522036104387,360.8566201797348,3,SAI2NDS,0.5784480103776836,0,0.0,0.0,0.0,0.0,straight_line,catchment not reconstructable
SAIOLDN,SAINT CLAIR AVE & LEONARD AVE,-82.980455,39.975627,1,009,1,1,19,6,am_peak+early+evening+midday+owl+pm_peak,False,,False,313.63064165275205,612.3522036104387,3,SAIOLDS,0.964741655136147,1,4.859971318081717,0.0,0.5,0.6287878787878788,straight_line,
HAGROSN,HAGUE AVE & ROSEDALE AVE,-83.075195,39.934618,1,009,1,1,19,6,am_peak+early+evening+midday+owl+pm_peak,False,,False,388.0599881128205,241.38752739299588,4,HAGROSS,0.5347569301666575,3,10.978850869160507,0.0,1.0,1.0,straight_line,
HAGBRIN,HAGUE AVE & BRIGGS RD,-83.076155,39.931202,1,009,1,1,19,6,am_peak+early+evening+midday+owl+pm_peak,False,,False,361.7526653517668,388.0599881128205,4,HAGBRIS,0.27536529352347133,2,23.421548520875774,0.0,1.0,1.0,straight_line,
BRIBINE,BRIGGS RD & BINNS BLVD,-83.080369,39.931503,1,009,1,1,19,6,am_peak+early+evening+midday+owl+pm_peak,False,,False,400.16794504056804,361.7526653517668,3,BRIBINW,0.9194942410633324,2,23.421548520875774,0.0,0.6666666666666666,0.8028673835125449,straight_line,
BRIBIRE,BRIGGS RD & S BRINKER AVE,-83.084858,39.932526,1,009,1,1,19,6,am_peak+early+evening+midday+owl+pm_peak,False,,False,446.8602601537859,400.16794504056804,2,BRIBRIW,1.0131949435599792,1,5.152740674592664,0.0,1.0,1.0,straight_line,
DEMBRGN,DEMOREST RD & BRIGGS RD,-83.089996,39.933269,1,009,1,1,19,6,am_peak+early+evening+midday+owl+pm_peak,False,,False,481.07821797287596,446.8602601537859,2,DEMBRIS1,0.27911101832282836,3,17.50760751935462,0.0,1.0,1.0,straight_line,
DEMSHON,DEMOREST RD SHOPPING CENTER,-83.09026,39.928941,1,009,1,1,19,6,am_peak+early+evening+midday+owl+pm_peak,False,,False,410.46264175298074,481.07821797287596,2,DEMCLIS,0.8492469625635353,1,3.1033551790160363,0.0,1.0,1.0,straight_line,
TUTBLAW,TUTTLE CROSSING BLVD & BLAZER PKWY,-83.131584,40.076404,1,021,1,1,19,6,am_peak+early+evening+midday+owl+pm_peak,False,,False,679.7577412670835,745.4114067729561,1,TUTBRAE,2.4950757398714036,0,0.0,0.0,0.0,0.0,straight_line,catchment not reconstructable
CLIWEDE,CLIME RD & WEDGEWOOD DR,-83.097176,39.928643,1,009,1,1,19,6,am_peak+early+evening+midday+owl+pm_peak,False,,False,508.8225171976829,190.78984051694417,3,CLIWEDW,0.45808747510970893,1,3.1033551790160363,0.0,0.5,0.5638297872340425,straight_line,
5THBASE,E 5TH AVE & BASSETT AVE,-82.962882,39.985288,1,009,1,1,19,6,am_peak+early+evening+midday+owl+pm_peak,False,,False,420.62653170947846,197.90463109883672,7,5THBASW,0.5863897763676726,0,0.0,0.0,0.0,0.0,straight_line,catchment not reconstructable
HAGVANS,HAGUE AVE & VANDERBERG AVE,-83.074736,39.936678,1,009,1,1,19,6,am_peak+early+evening+midday+owl+pm_peak,False,,False,338.48444051430783,273.1949775910154,5,HAGVANN,0.19171740971710477,3,10.978850869160507,0.0,1.0,1.0,straight_line,
HAGMOUS,S HAGUE AVE & W MOUND ST,-83.073901,39.939658,1,009,1,1,19,6,am_peak+early+evening+midday+owl+pm_peak,False,,False,257.93161506553196,338.48444051430783,5,MOUHAGE1,0.7725695874590692,3,10.276204413534234,0.0,0.75,0.7267080745341615,straight_line,
BREMYRS,BRENTNELL AVE & MYRTLE AVE,-82.947889,40.016019,1,009,1,1,19,6,am_peak+early+evening+midday+owl+pm_peak,False,,False,218.94127280215747,209.71587282737627,6,MYRBREW,0.6219187857050734,2,3.308293728573699,0.0,1.0,1.0,straight_line,
MYRWOOE,MYRTLE AVE & WOODLAND AVE,-82.950403,40.016409,1,009,1,1,19,6,am_peak+early+evening+midday+owl+pm_peak,False,,False,161.59898144574225,218.94127280215747,8,MYRWOOW,0.14407905683897157,2,3.308293728573699,0.0,1.0,1.0,straight_line,
EARPERE,EARL AVE & PERDUE AVE,-82.951974,40.017221,1,009,1,1,19,6,am_peak+early+evening+midday+owl+pm_peak,False,,False,256.01756871669755,161.59898144574225,7,EARPERW,0.4305540341968828,2,3.308293728573699,0.0,1.0,1.0,straight_line,
PERMINS,PERDUE AVE & MINNESOTA AVE,-82.952422,40.019501,1,009,1,1,19,6,am_peak+early+evening+midday+owl+pm_peak,False,,False,305.2656372802785,256.01756871669755,7,PERABEN,0.9947033270647916,2,7.612003269284617,0.0,1.0,1.0,straight_line,
BRIBINW,BRIGGS RD & BINNS BLVD,-83.081144,39.931791,1,009,1,1,19,6,am_peak+early+evening+midday+owl+pm_peak,False,,False,417.1711200873037,406.93936340147906,2,BRIBINE,0.9194942410633324,3,28.574289195468438,0.0,0.6666666666666666,0.8028673835125449,straight_line,
NORKENN,NORTON RD & KENDRICK DR,-83.143983,39.921836,1,009,1,1,19,6,am_peak+early+evening+midday+owl+pm_peak,False,,False,283.11396608039405,558.2921987624701,3,NORKENS,0.16270412455640762,0,0.0,0.0,0.0,0.0,straight_line,catchment not reconstructable
BRYMORE,BRYDEN RD & MORRISON AVE,-82.955144,39.960134,1,011,1,1,19,6,am_peak+early+evening+midday+owl+pm_peak,False,,False,226.2004327403076,194.90654191277162,8,BRYMORW,0.4710184907678879,3,10.598250705696275,0.0,1.0,1.0,straight_line,
BRYKELE,BRYDEN RD & KELTON AVE,-82.95779,39.960203,1,011,1,1,19,6,am_peak+early+evening+midday+owl+pm_peak,False,,False,208.07161486262763,226.2004327403076,9,BRYKELW,0.6294092916201011,4,20.05470092099987,0.0,0.75,0.8394160583941606,straight_line,
BREHOLN,BRENTNELL AVE & HOLT AVE,-82.949169,39.999959,1,009,1,1,19,6,am_peak+early+evening+midday+owl+pm_peak,False,,False,387.57578094270986,452.28518330486617,3,BREHOLS,0.41603262996406015,2,13.994375241223258,0.0,1.0,1.0,straight_line,
BRYOPPE,BRYDEN RD & KENDALL PL,-82.962921,39.960279,1,011,1,1,19,6,am_peak+early+evening+midday+owl+pm_peak,False,,False,315.5955250092536,230.39689679126892,10,BRYALTW,0.4054544741360089,1,6.265264229334262,0.0,1.0,1.0,straight_line,
BRYWILE,BRYDEN RD & WILSON AVE,-82.966614,39.960339,1,011,1,1,19,6,am_peak+early+evening+midday+owl+pm_peak,False,,False,202.03103396603413,315.5955250092536,12,BRYWILW,0.4590459455944932,1,6.265264229334262,0.0,1.0,1.0,straight_line,
MAICOOS,MAIZE RD & E COOKE RD,-82.988413,40.047917,1,011,1,1,19,6,am_peak+early+evening+midday+owl+pm_peak,False,,False,446.47045923972564,381.0822449388017,4,MAICOON,0.7097408971931507,1,14.833647396554658,0.0,1.0,1.0,straight_line,
DEMBRIS1,DEMOREST RD & BRIGGS RD,-83.090149,39.933432,1,009,1,1,19,6,am_peak+early+evening+midday+owl+pm_peak,False,,False,385.9245609054832,565.0079852750586,2,DEMBRGN,0.27911101832282836,3,17.50760751935462,0.0,1.0,1.0,straight_line,
MOUCLAW,MOUND ST & CLARENDON AVE,-83.05624,39.940313,1,009,1,1,19,6,am_peak+early+evening+midday+owl+pm_peak,False,,False,347.58777891443543,220.69513555836892,5,MOUCLAE,0.15492747944707813,3,6.570580843981393,0.0,1.0,1.0,straight_line,
PER271S,2717 PERDUE AVE,-82.952078,40.024242,1,009,1,1,19,6,am_peak+early+evening+midday+owl+pm_peak,False,,False,271.1473122767786,221.93967023330785,7,PER272N,0.15521598840396128,1,6.6751413284495875,0.0,1.0,1.0,straight_line,
PERAGLS,PERDUE AVE & AGLER RD,-82.951917,40.026681,1,009,1,1,19,6,am_peak+early+evening+midday+owl+pm_peak,False,,False,187.28865229337623,271.1473122767786,5,PERAGLN,0.3627420508817699,1,24.826841432128337,0.0,1.0,1.0,straight_line,
AGLWOOW,AGLER RD & WOODLAND AVE,-82.949749,40.026941,1,009,1,1,19,6,am_peak+early+evening+midday+owl+pm_peak,False,,False,421.1196624464339,187.28865229337623,5,AGLWOOE,0.43831725113189607,2,31.501982760577924,0.0,1.0,1.0,straight_line,
AGLBRIWW,AGLER RD & BRIDGEWALK ST,-82.944822,40.026743,1,009,1,1,19,6,am_peak+early+evening+midday+owl+pm_peak,False,,False,451.5635726729763,421.1196624464339,1,AGLBRIE,0.19832134221131173,0,0.0,0.0,0.0,0.0,straight_line,catchment not reconstructable
AGLCLUW,AGLER RD & CLUB HOUSE DR,-82.939532,40.026693,1,009,1,1,19,6,am_peak+early+evening+midday+owl+pm_peak,False,,False,517.3040236701727,451.5635726729763,1,AGLCLUE,0.6346405784951429,0,0.0,0.0,0.0,0.0,straight_line,catchment not reconstructable
BRIBRIW,BRIGGS RD & S BRINKER AVE,-83.085693,39.932872,1,009,1,1,19,6,am_peak+early+evening+midday+owl+pm_peak,False,,False,406.93936340147906,385.9245609054832,3,BRIBIRE,1.0131949435599792,1,5.152740674592664,0.0,1.0,1.0,straight_line,
BRYMILE,BRYDEN RD & MILLER AVE,-82.960225,39.960234,1,011,1,1,19,6,am_peak+early+evening+midday+owl+pm_peak,False,,False,230.39689679126892,208.07161486262763,9,BRYMILW,0.17657146246017025,1,6.265264229334262,0.0,1.0,1.0,straight_line,
BRELISN,BRENTNELL AVE & LISA DR,-82.949452,39.996475,1,009,1,1,19,6,am_peak+early+evening+midday+owl+pm_peak,False,,False,263.117499340217,387.57578094270986,4,BREORIS,1.6338568217942577,1,7.202126170169292,0.0,1.0,1.0,straight_line,
BRE1257N,1257 BRENTNELL AVE,-82.949668,39.994111,1,009,1,1,19,6,am_peak+early+evening+midday+owl+pm_peak,False,,False,242.49963001846706,263.117499340217,5,BRE125S,0.20680330460953913,1,7.202126170169292,0.0,1.0,1.0,straight_line,
BREMIDS,BRENTNELL AVE & MIDDLEHURST DR,-82.948313,40.006526,1,009,1,1,19,6,am_peak+early+evening+midday+owl+pm_peak,False,,False,366.6060925486034,284.9763931652349,4,BREMIDN,0.49350390961774393,2,26.548325248412674,0.0,1.0,1.0,straight_line,
SAIBUCN,SAINT CLAIR AVE & BUCKINGHAM ST,-82.980709,39.972809,1,009,1,1,19,6,am_peak+early+evening+midday+owl+pm_peak,False,,False,455.8775251552084,313.63064165275205,6,SAIBUCS,0.2335502028621607,1,2.869139693807279,0.0,1.0,1.0,straight_line,
BREDAWN,BRENTNELL AVE & DAWNLIGHT AVE,-82.94767,40.01213,1,009,1,1,19,6,am_peak+early+evening+midday+owl+pm_peak,False,,False,197.42565586867278,282.82469285866915,8,BREMOCS,0.3546159848397969,0,0.0,0.0,0.0,0.0,straight_line,catchment not reconstructable
BREDELN,BRENTNELL AVE & DELAVAN DR,-82.947846,40.010357,1,009,1,1,19,6,am_peak+early+evening+midday+owl+pm_peak,False,,False,464.6432399105894,197.42565586867278,6,BREDELS,0.775586388448967,0,0.0,0.0,0.0,0.0,straight_line,catchment not reconstructable
MOUTOWW,W MOUND ST & TOWNSEND AVE,-83.04404,39.943582,1,009,1,1,19,6,am_peak+early+evening+midday+owl+pm_peak,False,,False,332.08427352201863,210.5291369845504,6,MOUEDWE,1.087976841288055,1,1.9615546886233437,0.0,0.5,0.432258064516129,straight_line,
MOURYAW,W MOUND ST & RYAN AVE,-83.040376,39.944578,1,009,1,1,19,6,am_peak+early+evening+midday+owl+pm_peak,False,,False,249.19065904308906,332.08427352201863,10,MOURYAE,0.5032112907902828,2,4.537925025919676,0.0,1.0,1.0,straight_line,
MOUCENWF,W MOUND ST & CENTRAL POINT,-83.037631,39.945335,1,009,1,1,19,6,am_peak+early+evening+midday+owl+pm_peak,False,,False,302.13269488827905,249.19065904308906,10,MOUCENE,0.24969427036338523,1,2.576370337296332,0.0,1.0,1.0,straight_line,
CENUNIS,S CENTRAL AVE & UNION AVE,-83.036205,39.947825,1,009,1,1,19,6,am_peak+early+evening+midday+owl+pm_peak,False,,False,253.67044862532703,302.13269488827905,12,CENTHON,0.1725136631945772,0,0.0,0.0,0.0,0.0,straight_line,catchment not reconstructable
CENRICS,S CENTRAL AVE & W RICH ST,-83.037255,39.952932,1,009,1,1,19,6,am_peak+early+evening+midday+owl+pm_peak,False,,False,172.4433602252576,320.4226856696722,11,CENRICN,0.8293161310191822,1,1.932277752972249,0.0,1.0,1.0,straight_line,
HAGROSS,HAGUE AVE & ROSEDALE AVE,-83.075423,39.934275,1,009,1,1,19,6,am_peak+early+evening+midday+owl+pm_peak,False,,False,273.1949775910154,364.08627793444634,5,HAGROSN,0.5347569301666575,3,10.978850869160507,0.0,1.0,1.0,straight_line,
TOWPRIW,W TOWN ST & S PRINCETON AVE,-83.034272,39.954685,1,009,1,1,19,6,am_peak+early+evening+midday+owl+pm_peak,False,,False,236.8909593050578,203.56693502746296,8,TOWPRIE,0.5583280017374843,2,3.483955342480267,0.0,0.6666666666666666,0.4576923076923076,straight_line,
TOWYALW,W TOWN ST & S YALE AVE,-83.031532,39.95501,1,009,1,1,19,6,am_peak+early+evening+midday+owl+pm_peak,False,,False,312.0877317705525,236.8909593050578,9,TOWYALE,0.6076167454031994,2,3.9816632485488768,0.0,0.5,0.6102941176470589,straight_line,
MOUWARW,W MOUND ST & S WARREN AVE,-83.070889,39.939803,1,009,1,1,19,6,am_peak+early+evening+midday+owl+pm_peak,False,,False,345.1326347747088,257.93161506553196,5,MOURACE,0.32627243401311695,4,14.784852503802814,0.0,0.75,0.8138613861386138,straight_line,
MOURICW,W MOUND ST & S RICHARDSON AVE,-83.066924,39.939214,1,009,1,1,19,6,am_peak+early+evening+midday+owl+pm_peak,False,,False,341.0609968718745,345.1326347747088,5,MOURICE,0.21241581120983227,1,2.7520319512029,0.0,1.0,1.0,straight_line,
MOUWAYW,W MOUND ST & S WAYNE AVE,-83.063034,39.938529,1,009,1,1,19,6,am_peak+early+evening+midday+owl+pm_peak,False,,False,392.8363081685784,341.0609968718745,4,MOUWAYE,0.24061125511532744,3,6.746242457887961,0.0,1.0,1.0,straight_line,
MOUHIGW2,W MOUND ST & S HIGHLAND AVE,-83.058678,39.939658,1,009,1,1,19,6,am_peak+early+evening+midday+owl+pm_peak,False,,False,220.69513555836892,392.8363081685784,5,MOUHIGE,0.19059907952674074,3,7.946596819582842,0.0,0.6666666666666666,0.4787644787644787,straight_line,
SAIOLDS,SAINT CLAIR AVE & LEONARD AVE,-82.98066,39.97495,1,009,1,1,19,6,am_peak+early+evening+midday+owl+pm_peak,False,,False,733.5150465397875,254.17962067937557,3,SAIOLDN,0.964741655136147,2,7.729111011888996,0.0,0.5,0.6287878787878788,straight_line,
MOUBELW,W MOUND ST & BELVIDERE AVE,-83.052404,39.941353,1,009,1,1,19,6,am_peak+early+evening+midday+owl+pm_peak,False,,False,196.0128377832831,347.58777891443543,5,MOUWREE,1.2116764185153008,1,2.576370337296332,0.0,0.5,0.4705882352941176,straight_line,
MOUHILW,W MOUND ST & HILLTONIA AVE,-83.050241,39.94194,1,009,1,1,19,6,am_peak+early+evening+midday+owl+pm_peak,False,,False,349.9106355597174,196.0128377832831,5,MOUWREE,1.2634995540024352,2,5.4747869667547056,0.0,1.0,1.0,straight_line,
MOUWOOW,W MOUND ST & WOODBURY AVE,-83.046368,39.942962,1,009,1,1,19,6,am_peak+early+evening+midday+owl+pm_peak,False,,False,210.5291369845504,349.9106355597174,5,MOULARE,0.9314838506758163,2,4.537925025919676,0.0,0.5,0.432258064516129,straight_line,
CENSULS,S CENTRAL AVE & SULLIVANT AVE,-83.036682,39.95008,1,009,1,1,19,6,am_peak+early+evening+midday+owl+pm_peak,False,,False,320.4226856696722,253.67044862532703,9,CENSULN,0.2737707050513886,1,4.12804792680435,0.0,1.0,1.0,straight_line,
TOWBREW,W TOWN ST & BREHL AVE,-83.036627,39.954408,1,009,1,1,19,6,am_peak+early+evening+midday+owl+pm_peak,False,,False,203.56693502746296,172.4433602252576,6,TOWBREE,0.6017912672622521,2,3.483955342480267,0.0,1.0,1.0,straight_line,
WILBRON1,N WILSON RD & W BROAD ST,-83.094393,39.954629,1,005,1,1,18,6,am_peak+early+evening+midday+owl+pm_peak,False,,False,445.39381736859997,821.4146305396418,5,BROWILRE,1.1092795523985512,2,109.76899073450335,0.0,1.0,1.0,straight_line,
WILVALN,N WILSON RD & VALLEYVIEW DR,-83.092519,39.961885,1,005,1,1,18,6,am_peak+early+evening+midday+owl+pm_peak,False,,False,821.4146305396418,518.1485838688142,1,WILVALS,0.6050294813649402,0,0.0,0.0,0.0,0.0,straight_line,catchment not reconstructable
WILFISN,N WILSON RD & FISHER RD,-83.094681,39.966245,1,005,1,1,18,6,am_peak+early+evening+midday+owl+pm_peak,False,,False,518.1485838688142,549.2020110933172,1,WILFISS,1.92203629276147,0,0.0,0.0,0.0,0.0,straight_line,catchment not reconstructable
WILLINN,N WILSON RD & LINDENDALE DR,-83.097358,39.970742,1,005,1,1,18,6,am_peak+early+evening+midday+owl+pm_peak,False,,False,549.2020110933172,1053.2469570426358,2,WILFERS,0.3421160258437759,1,22.0162556096232,0.0,1.0,1.0,straight_line,
WILTWIN1,N WILSON RD & TWIN CREEKS DR,-83.102493,39.979366,1,005,1,1,18,6,am_peak+early+evening+midday+owl+pm_peak,False,,False,1053.2469570426358,379.16804416279734,3,WILTWIS1,0.35766685478517574,2,63.519239588615115,0.0,1.0,1.0,straight_line,
WILGRIN1,N WILSON RD & GRIMES DR,-83.104335,39.982473,1,005,1,1,18,6,am_peak+early+evening+midday+owl+pm_peak,False,,False,379.16804416279734,610.2080722173264,3,WILGRIS1,0.3089858658117716,2,41.502983978991864,0.0,1.0,1.0,straight_line,
WILFISS,N WILSON RD & FISHER RD,-83.095652,39.967411,1,005,1,1,18,6,am_peak+early+evening+midday+owl+pm_peak,False,,False,415.20832480339146,702.7451412247103,2,WILFISN,1.92203629276147,0,0.0,0.0,0.0,0.0,straight_line,catchment not reconstructable
WILTWIS1,N WILSON RD & TWIN CREEKS DR,-83.102615,39.979126,1,005,1,1,18,6,am_peak+early+evening+midday+owl+pm_peak,False,,False,385.5911763206718,1015.1049667470513,3,WILTWIN1,0.35766685478517574,2,63.519239588615115,0.0,1.0,1.0,straight_line,
WILSOLS,WILSON RD & SOLDANO BLVD,-83.093994,39.956758,1,005,1,1,18,6,am_peak+early+evening+midday+owl+pm_peak,False,,False,535.7842786558234,462.9295948183652,3,WILBRON1,2.9854435372620824,1,100.01001218413845,0.0,0.5,0.9598587026332688,straight_line,
WILVALS,N WILSON RD & VALLEYVIEW DR,-83.092753,39.961488,1,005,1,1,18,6,am_peak+early+evening+midday+owl+pm_peak,False,,False,702.7451412247103,535.7842786558234,1,WILVALN,0.6050294813649402,0,0.0,0.0,0.0,0.0,straight_line,catchment not reconstructable
WILGRIS1,N WILSON RD & GRIMES DR,-83.10449,39.982285,1,005,1,1,18,6,am_peak+early+evening+midday+owl+pm_peak,False,,False,555.4172716881818,385.5911763206718,3,WILGRIN1,0.3089858658117716,2,41.502983978991864,0.0,1.0,1.0,straight_line,
WILFERS,N WILSON RD & FERRELL PL,-83.097664,39.970815,1,005,1,1,18,6,am_peak+early+evening+midday+owl+pm_peak,False,,False,1015.1049667470513,415.20832480339146,1,WILLINN,0.3421160258437759,1,22.0162556096232,0.0,1.0,1.0,straight_line,
DALDUBN,DUBLIN DALE DR PARK & RIDE,-83.107152,40.101557,2,073+141,6,2,18,4,am_peak+evening+midday+pm_peak,True,073,True,579.9858096107483,587.6231566280729,2,DUBDALW,2.689008098782656,0,0.0,0.0,0.0,0.0,straight_line,terminal; transfer point (2 routes); catchment not reconstructable
MORSTEW1,MORSE RD & STELZER RD,-82.911645,40.057808,1,035,1,1,18,5,am_peak+early+evening+midday+pm_peak,False,,False,218.44229586656536,277.8229125610647,12,STEMORS1,1.6666884641498587,0,0.0,0.0,0.0,0.0,straight_line,catchment not reconstructable
WESVALN,WESTERVILLE RD & VALLEY PARK AVE,-82.93206,40.06596,1,035,1,1,18,5,am_peak+early+evening+midday+pm_peak,False,,False,499.30308480434815,472.7180282923112,1,WESVALS1,0.9720887583385943,2,80.04314207009293,0.0,1.0,1.0,straight_line,
161FORE,STATE ROUTE 161 & FOREST HILLS BLVD,-82.944773,40.084097,1,035,1,1,18,5,am_peak+early+evening+midday+pm_peak,False,,False,96.79321104160681,283.53269519260624,6,161FORW,0.13359705484116366,3,35.91304106534283,0.0,1.0,1.0,straight_line,
NORCLEE1,NORTHLAND PLAZA DR & CLEVELAND AVE,-82.950817,40.081765,1,035,1,1,18,5,am_peak+early+evening+midday+pm_peak,False,,False,91.04347124867977,304.11284133086514,9,NORCLEW1,0.35029239698833603,0,0.0,0.0,0.0,0.0,straight_line,catchment not reconstructable
161NOAKE,STATE ROUTE 161 & OAK KNOLL DR,-82.941571,40.08341,1,035,1,1,18,5,am_peak+early+evening+midday+pm_peak,False,,False,283.53269519260624,370.25018604907456,7,161NORW,1.4608997002104869,2,12.550046415769254,0.0,1.0,1.0,straight_line,
FORNORN,FOREST HILLS BLVD &  NORTHLAND PLAZA DR,-82.945519,40.08344,1,035,1,1,18,5,am_peak+early+evening+midday+pm_peak,False,,False,235.6773364802366,96.79321104160681,6,FORNORS,0.3951046021256236,1,5.796833258916747,0.0,1.0,1.0,straight_line,
NORSERE,NORTHLAND PLAZA DR & S SERVICE RD,-82.948265,40.083678,1,035,1,1,18,5,am_peak+early+evening+midday+pm_peak,False,,False,304.11284133086514,235.6773364802366,12,NORSERW,0.7144137257615897,0,0.0,0.0,0.0,0.0,straight_line,catchment not reconstructable
ODGVALE,OLD DUBLIN-GRANVILLE RD & VALLEY LN,-82.932061,40.081032,1,035,1,1,18,5,am_peak+early+evening+midday+pm_peak,False,,False,482.8397052455514,267.084276808014,3,ODGVALW,0.23857386905333783,1,8.470793381716728,0.0,1.0,1.0,straight_line,
WILTRAS,N WILSON RD & TRABUE RD,-83.107189,39.986836,1,005,1,1,18,6,am_peak+early+evening+midday+owl+pm_peak,False,,False,545.6138784523519,555.4172716881818,3,TRAWILW,1.2627652600929402,0,0.0,0.0,0.0,0.0,straight_line,catchment not reconstructable
WESWALS,WESTERVILLE RD & WALLINGFORD AVE,-82.935192,40.062004,1,035,1,1,18,5,am_peak+early+evening+midday+pm_peak,False,,False,437.6031009084602,395.1746800703205,3,WESWALN1,0.2811845163322748,1,44.32528057575739,0.0,1.0,1.0,straight_line,
WESVALS1,WESTERVILLE RD & VALLEY PARK AVE,-82.932656,40.06543,1,035,1,1,18,5,am_peak+early+evening+midday+pm_peak,False,,False,485.2778505197376,437.6031009084602,1,WESVALN,0.9720887583385943,2,80.04314207009293,0.0,1.0,1.0,straight_line,
WESFRES1,WESTERVILLE RD & FRENCHPARK DR,-82.929866,40.069239,1,035,1,1,18,5,am_peak+early+evening+midday+pm_peak,False,,False,466.55566164519087,485.2778505197376,1,WESFREN,0.8218243898511652,1,35.71786149433553,0.0,1.0,1.0,straight_line,
WESJONS,WESTERVILLE RD & JONATHAN NOBLE WAY,-82.928758,40.073354,1,035,1,1,18,5,am_peak+early+evening+midday+pm_peak,False,,False,419.1732292046136,466.55566164519087,1,WESJONN,0.2388737541449677,1,35.71786149433553,0.0,1.0,1.0,straight_line,
WESMINS,WESTERVILLE RD & MINERVA LAKE RD,-82.92869,40.077129,1,035,1,1,18,5,am_peak+early+evening+midday+pm_peak,False,,False,391.2175292905626,419.1732292046136,2,WESJOHN,1.004056460353256,0,0.0,0.0,0.0,0.0,straight_line,catchment not reconstructable
ODGWESE,OLD DUBLIN-GRANVILLE & WESTERVILLE RD,-82.92897,40.080646,1,035,1,1,18,5,am_peak+early+evening+midday+pm_peak,False,,False,267.084276808014,391.2175292905626,5,ODGWESTW,0.42287882137493843,1,8.470793381716728,0.0,1.0,1.0,straight_line,
161PONE,STATE RTE 161 N SVC RD & PONDEROSA,-82.937417,40.082441,1,035,1,1,18,5,am_peak+early+evening+midday+pm_peak,False,,False,370.25018604907456,482.8397052455514,3,161PONW,0.19360781015103473,4,34.7224456821983,0.0,1.0,1.0,straight_line,
MORMORE1,MORSE RD & MORSE CROSSING,-82.917598,40.057769,1,035,1,1,18,5,am_peak+early+evening+midday+pm_peak,False,,False,390.9595416168735,631.3350778281417,6,MORMOXW,1.7500958144059982,0,0.0,0.0,0.0,0.0,straight_line,catchment not reconstructable
161FORW,STATE ROUTE 161 & FOREST HILLS BLVD,-82.9448,40.084191,1,035,1,1,18,5,am_peak+early+evening+midday+pm_peak,False,,False,405.5820171733526,134.59809398409607,6,161FORE,0.13359705484116366,3,35.91304106534283,0.0,1.0,1.0,straight_line,
WESFREN,WESTERVILLE RD & FRENCHPARK DR,-82.929332,40.069666,1,035,1,1,18,5,am_peak+early+evening+midday+pm_peak,False,,False,472.7180282923112,421.6800570804598,1,WESFRES1,0.8218243898511652,1,35.71786149433553,0.0,1.0,1.0,straight_line,
WESJONN,WESTERVILLE RD & JONATHAN NOBLE WAY,-82.928549,40.073416,1,035,1,1,18,5,am_peak+early+evening+midday+pm_peak,False,,False,421.6800570804598,489.41933221546014,1,WESJONS,0.2388737541449677,1,35.71786149433553,0.0,1.0,1.0,straight_line,
WESJOHN,WESTERVILLE RD & JOHNNY APPLESEED CT,-82.928424,40.077823,1,035,1,1,18,5,am_peak+early+evening+midday+pm_peak,False,,False,489.41933221546014,338.63389061755356,3,WESMINS,1.004056460353256,0,0.0,0.0,0.0,0.0,straight_line,catchment not reconstructable
ODGWESTW,OLD DUBLIN-GRANVILLE & WESTERVILLE RD,-82.929316,40.080795,1,035,1,1,18,5,am_peak+early+evening+midday+pm_peak,False,,False,338.63389061755356,230.26841228235833,4,ODGWESE,0.42287882137493843,1,8.470793381716728,0.0,1.0,1.0,straight_line,
ODGVALW,OLD DUBLIN-GRANVILLE RD & VALLEY LN,-82.931967,40.081188,1,035,1,1,18,5,am_peak+early+evening+midday+pm_peak,False,,False,230.26841228235833,497.78783119278233,3,ODGVALE,0.23857386905333783,1,8.470793381716728,0.0,1.0,1.0,straight_line,
161PONW,SR 161 SVC RD & PONDEROSA,-82.937527,40.082552,1,035,1,1,18,5,am_peak+early+evening+midday+pm_peak,False,,False,497.78783119278233,241.00539553515804,3,161PONE,0.19360781015103473,4,34.7224456821983,0.0,1.0,1.0,straight_line,
161NORW,STATE ROUTE 161 & NORTHERN WOODS LN,-82.940261,40.083101,1,035,1,1,18,5,am_peak+early+evening+midday+pm_peak,False,,False,241.00539553515804,405.5820171733526,3,161NOAKE,1.4608997002104869,2,12.550046415769254,0.0,1.0,1.0,straight_line,
WESWALN1,WESTERVILLE RD & WALLINGFORD AVE,-82.934933,40.062042,1,035,1,1,18,5,am_peak+early+evening+midday+pm_peak,False,,False,369.5189166369946,499.30308480434815,2,WESWALS,0.2811845163322748,1,44.32528057575739,0.0,1.0,1.0,straight_line,
FORNORS,FOREST HILLS BLVD & NORTHLAND PLAZA DR,-82.945795,40.08325,1,035,1,1,18,5,am_peak+early+evening+midday+pm_peak,False,,False,134.59809398409607,264.06507006559247,6,FORNORN,0.3951046021256236,1,5.796833258916747,0.0,1.0,1.0,straight_line,
NORSERW,NORTHLAND PLAZA DR & S SERVICE RD,-82.948878,40.08347,1,035,1,1,18,5,am_peak+early+evening+midday+pm_peak,False,,False,264.06507006559247,250.63810922677078,12,NORSERE,0.7144137257615897,0,0.0,0.0,0.0,0.0,straight_line,catchment not reconstructable
NORCLEW1,NORTHLAND PLAZA DR & CLEVELAND AVE,-82.951046,40.081946,1,035,1,1,18,5,am_peak+early+evening+midday+pm_peak,False,,False,250.63810922677078,63.020626187079266,10,NORCLEE1,0.35029239698833603,0,0.0,0.0,0.0,0.0,straight_line,catchment not reconstructable
MOREASW,MORSE RD & EASTON LOOP,-82.914895,40.057965,1,035,1,1,18,5,am_peak+early+evening+midday+pm_peak,False,,False,277.8229125610647,364.7656372111554,6,MORMORE1,2.8954089360556616,0,0.0,0.0,0.0,0.0,straight_line,catchment not reconstructable
MORWESW1,MORSE RD & WESTERVILLE RD,-82.93635,40.058897,1,035,1,1,18,5,am_peak+early+evening+midday+pm_peak,False,,False,374.2261949350119,369.5189166369946,6,MORWESE,0.510504060031191,1,21.875726318497968,0.0,1.0,1.0,straight_line,
NORTER1,SPRING ST TERMINAL BAY 1,-83.002432,39.96596,2,004+051,3,2,13,4,am_peak+evening+owl+pm_peak,True,051,True,238.89215605144264,150.2665620419101,12,NORTER2,0.11176664062795834,1,457.4228426127038,0.0,1.0,1.0,straight_line,terminal; transfer point (2 routes)
SPRMARW,W SPRING ST & MARCONI BLVD,-83.004621,39.965979,3,071+073+141,4,1,11,3,am_peak+midday+pm_peak,False,,True,169.37344467571467,9969.447119136248,12,FROLAFS,1.646966608446419,0,0.0,0.0,0.0,0.0,straight_line,transfer point (3 routes); catchment not reconstructable
COLUMBN,COLUMBUS ZOO,-83.113657,40.154474,1,141,2,2,10,4,am_peak+evening+midday+pm_peak,True,141,False,5901.839804012259,5901.839804012259,0,,,0,0.0,0.0,0.0,0.0,straight_line,terminal; no walking alternative within 5 min; catchment not reconstructable
STAHIGW,E STATE ST & S HIGH ST,-82.999338,39.960323,1,141,2,2,10,4,am_peak+evening+midday+pm_peak,True,141,False,226.09662363448282,175.5304860552736,12,HIGSTANN,0.9942752799096726,0,0.0,0.0,0.0,0.0,straight_line,terminal; catchment not reconstructable
NORTER3,SPRING ST TERMINAL BAY 3,-83.002408,39.9658,2,007+061,4,2,9,4,am_peak+evening+owl+pm_peak,True,061,True,221.36924715940285,134.43908459269775,12,NORTER2,0.11176664043573492,1,457.4228426127038,0.0,1.0,1.0,straight_line,terminal; transfer point (2 routes)
RIVNOTN,RIVERSIDE DR & NOTTINGHAM RD,-83.09106,40.02633,2,073+141,2,1,8,3,am_peak+midday+pm_peak,False,,True,9969.447119136248,8464.918987897347,3,RIVNOTS,0.3579484957901822,1,15.067862881763418,0.0,1.0,1.0,straight_line,transfer point (2 routes)
SOUTER9,COTA TRANSIT TERMINAL BAY 9,-82.998817,39.956477,1,073,4,2,8,2,am_peak+pm_peak,True,073,False,274.2095633724711,400.4440594387249,13,SOUTER7,0.2660395031930686,1,251.4303233716012,0.0,1.0,1.0,straight_line,terminal
SOUTER6,COTA TRANSIT TERMINAL BAY 6,-82.999038,39.956939,3,042+043+046,8,2,8,2,am_peak+pm_peak,True,042+043+046,True,149.34973071837473,331.36199268712676,12,SOUTER3,0.14983123097937148,1,251.4303233716012,0.0,1.0,1.0,straight_line,terminal; transfer point (3 routes)
RIVNOTS,RIVERSIDE DR & NOTTINGHAM RD,-83.091392,40.026293,2,073+141,2,1,8,4,am_peak+evening+midday+pm_peak,False,,True,8464.428133392114,10273.178495005805,3,RIVNOTN,0.3579484957901822,1,15.067862881763418,0.0,1.0,1.0,straight_line,transfer point (2 routes)
NORTER4,SPRING ST TERMINAL BAY 4,-83.002384,39.96571,1,010,2,1,7,2,evening+owl,False,,False,188.4823764216836,432.33270759294874,12,NORTER5,0.11176663960036906,1,457.4228426127038,0.0,1.0,1.0,straight_line,
NORTER5,SPRING ST TERMINAL BAY 5,-83.002372,39.96563,1,052,2,2,6,2,am_peak+pm_peak,True,052,False,415.6017983979648,369.9795685391741,12,NORTER4,0.11176663960036906,1,457.4228426127038,0.0,1.0,1.0,straight_line,terminal
SOUTER3,COTA TRANSIT TERMINAL BAY 3,-82.998928,39.957006,2,071+075,4,2,6,2,am_peak+pm_peak,True,071+075,True,229.32253858543072,370.0592399572103,12,SOUTER6,0.14983123097937148,1,251.4303233716012,0.0,1.0,1.0,straight_line,terminal; transfer point (2 routes)
SOUTER8,COTA TRANSIT TERMINAL BAY 8,-82.998988,39.956723,1,045,4,2,6,2,am_peak+pm_peak,True,045,False,172.27157723263468,355.65409111031505,12,SOUTER7,0.16662737638995737,1,251.4303233716012,0.0,1.0,1.0,straight_line,terminal
SOUTER7,COTA TRANSIT TERMINAL BAY 7,-82.99885,39.956667,2,072+074,4,2,6,2,am_peak+pm_peak,True,072+074,True,257.1100331705375,388.31449789597434,12,SOUTER8,0.16662737638995737,1,251.4303233716012,0.0,1.0,1.0,straight_line,terminal; transfer point (2 routes)
EFULGRAE,E FULTON ST & S GRANT AVE,-82.990908,39.954333,1,051,1,1,5,2,am_peak+pm_peak,False,,False,261.72335152414485,13919.103723849337,10,MOU5THW1,2.503058619135743,1,14.755575568151754,0.0,0.5,0.29319371727748733,straight_line,
EFUL4THE,E FULTON ST & S 4TH ST,-82.993938,39.953988,1,051,1,1,5,2,am_peak+pm_peak,False,,False,360.1595693649549,261.72335152414485,10,LIVMOHW,1.9902974575972334,1,14.755575568151754,0.0,1.0,1.0,straight_line,
VINPARW,VINE ST & N PARK ST,-83.005171,39.971546,3,072+074+075,3,1,4,1,pm_peak,False,,True,551.8431011342047,1225.2305523242178,9,VINFROE,0.10702895416129651,1,16.83423799937946,0.0,1.0,1.0,straight_line,transfer point (3 routes)
GRORIDS,GROVE CITY PARK AND RIDE,-83.063987,39.878393,1,061,2,2,4,2,am_peak+pm_peak,True,061,False,559.4774983593572,9587.896931864478,2,STRPARE,0.7310070622823275,1,67.6492393111293,0.0,1.0,1.0,straight_line,terminal
VINFROE,VINE ST & N FRONT ST,-83.005188,39.97147,3,072+074+075,3,1,4,1,am_peak,False,,True,1191.7786181199076,283.9839450287584,8,VINPARW,0.10702895416129651,1,16.83423799937946,0.0,1.0,1.0,straight_line,transfer point (3 routes)
WESP&RW,WESTERVILLE PARK AND RIDE,-82.943967,40.125778,1,043,4,2,4,2,am_peak+pm_peak,True,043,False,383.08753559136494,410.8627294641615,1,CLEMAINN,4.788594194892061,0,0.0,0.0,0.0,0.0,straight_line,terminal; catchment not reconstructable
SOUTER4,COTA TRANSIT TERMINAL BAY 4,-82.999079,39.957151,2,041+044,4,2,4,2,am_peak+pm_peak,True,041+044,True,127.77262625151396,307.7079855261412,12,SOUTER3,0.25789032116291144,1,251.4303233716012,0.0,1.0,1.0,straight_line,terminal; transfer point (2 routes)
5054PARW,5054 PARKCENTER AVE,-83.125792,40.079194,1,072,1,1,2,1,pm_peak,True,072,False,518.503150272376,,3,5139PARE,0.8270614330183246,0,0.0,0.0,0.0,0.0,straight_line,terminal; catchment not reconstructable
FROSYCS,S FRONT ST & SYCAMORE ST,-82.999913,39.94858,1,061,1,1,2,2,am_peak+pm_peak,False,,False,693.7727469340333,9198.620238910074,7,FROSYCN,0.9133277599192005,2,59.46145630737334,0.0,0.5,0.7163958641063516,straight_line,
FROSYCN,S FRONT ST & W SYCAMORE ST,-82.999864,39.949237,1,061,1,1,2,2,am_peak+pm_peak,False,,False,9587.896931864478,686.5449440222806,6,FROSYCS,0.9133277599192005,1,42.597941372342795,0.0,0.5,0.7163958641063516,straight_line,
AGL540W,540 AGLER RD,-82.896671,40.01968,1,046,2,2,2,2,am_peak+pm_peak,False,,False,335.33727096332814,293.5166397934115,2,AGLLINCW,3.668957997417644,2,21.497635606660953,0.0,1.0,1.0,straight_line,
SAWBETS,SAWMILL RD & BETHEL RD,-83.093366,40.06596,1,072,1,1,2,1,pm_peak,False,,False,270.64813326969477,419.2146610759635,4,SAWBETN,0.3427723480822781,2,17.53688445500574,0.0,1.0,1.0,straight_line,
TANWECS,TANGLEWOOD PARK BLVD & WESTCHESTER,-83.155115,39.985444,1,071,1,1,2,1,am_peak,False,,False,569.5211267958654,358.78077135578604,4,TANWECN,0.7039810232370493,1,6.821526006705061,0.0,1.0,1.0,straight_line,
TANSTES,TANGLEWOOD PARK BLVD & STEFFI DR,-83.155513,39.990564,1,071,1,1,2,1,am_peak,False,,False,326.8760317702843,569.5211267958654,3,TANSTEN,0.418417183543405,3,90.85469616410435,0.0,1.0,1.0,straight_line,
AGLGAHW,AGLER RD & GAHANNA PARK AND RIDE,-82.892748,40.019522,1,046,2,2,2,2,am_peak+pm_peak,True,046,False,9993.518256028483,335.33727096332814,4,NSTAGLN,2.480949407494985,1,4.751228414234794,0.0,0.5,0.43692307692307697,straight_line,terminal
5139PARE,5139 PARKCENTER AVE,-83.125038,40.079054,1,072,1,1,2,1,am_peak,True,072,False,,555.0710984799905,3,5054PARW,0.8270614330183246,0,0.0,0.0,0.0,0.0,straight_line,terminal; catchment not reconstructable
TANSTEN,TANGLEWOOD PARK BLVD & STEFFI DR,-83.155463,39.990265,1,071,1,1,2,1,pm_peak,False,,False,489.8643621425726,554.2765210819731,4,TANSTES,0.418417183543405,3,90.85469616410435,0.0,1.0,1.0,straight_line,
TANWECN,TANGLEWOOD PARK BLVD & WESTCHESTER,-83.154787,39.985884,1,071,1,1,2,1,pm_peak,False,,False,404.8239723281457,489.8643621425726,5,TANWECS,0.7039810232370493,1,6.821526006705061,0.0,1.0,1.0,straight_line,
AGLLINCW,AGLER RD & LINCOLNSHIRE RD,-82.900104,40.019829,1,046,2,2,2,2,am_peak+pm_peak,True,046,False,293.5166397934115,9430.632709708038,1,AGL540W,3.668957997417644,2,21.497635606660953,0.0,1.0,1.0,straight_line,terminal
SCHOPPW,90 W SCHROCK RD,-82.928151,40.10993,1,043,1,1,1,1,pm_peak,False,,False,191.84229803789415,713.9303451462509,3,SCH99BE,0.515461709813057,0,0.0,0.0,0.0,0.0,straight_line,catchment not reconstructable
STAWALS,S STATE ST & W WALNUT ST,-82.930036,40.121327,1,043,1,1,1,1,pm_peak,False,,False,634.9614054053263,389.58596805498655,2,STAWALN,0.8897491368157651,1,6.230131906552948,0.0,0.0,0.0,straight_line,
MAISTAE,W MAIN ST & N STATE ST,-82.932978,40.126581,1,043,1,1,1,1,pm_peak,False,,False,940.83742359561,634.9614054053263,1,MAISTAW,0.17513238313166082,2,133.1515033411787,0.0,1.0,1.0,straight_line,
CLECOPS,S CLEVELAND AVE & COPELAND MILL RD,-82.949121,40.113446,1,043,1,1,1,1,am_peak,False,,False,362.0673067267312,16469.948168982122,8,500CLEN,1.6696888760902429,0,0.0,0.0,0.0,0.0,straight_line,catchment not reconstructable
CLESCHN,S CLEVELAND AVE & SCHROCK RD,-82.948981,40.111202,1,043,1,1,1,1,pm_peak,False,,False,16398.159349212405,379.01936563692266,6,SCHCLEE,1.4084601017237859,0,0.0,0.0,0.0,0.0,straight_line,catchment not reconstructable
MAISTAW,W MAIN ST & N STATE ST,-82.932843,40.126509,1,043,1,1,1,1,am_peak,False,,False,557.5606745201734,951.5777734863065,1,MAISTAE,0.17513238313166082,2,133.1515033411787,0.0,1.0,1.0,straight_line,
STAWALN,S STATE ST & E WALNUT ST,-82.93005,40.121968,1,043,1,1,1,1,am_peak,False,,False,470.64345730300965,557.5606745201734,1,STAWALS,0.8897491368157651,0,0.0,0.0,0.0,0.0,straight_line,catchment not reconstructable
STAHIAN,S STATE ST & HIAWATHA AVE,-82.928534,40.117892,1,043,1,1,1,1,am_peak,False,,False,474.07893952717194,470.64345730300965,1,STAHIAS,0.2682422944638287,2,17.433439282371843,0.0,1.0,1.0,straight_line,
STACHEN,S STATE ST & CHERRINGTON RD,-82.926981,40.113792,1,043,1,1,1,1,am_peak,False,,False,432.53392681064855,474.07893952717194,2,STACHES,0.7136549463571294,2,17.433439282371843,0.0,1.0,1.0,straight_line,
SCHCOOE,W SCHROCK RD & COOPER RD,-82.942214,40.110468,1,043,1,1,1,1,am_peak,False,,False,479.0955966596999,483.36001092037037,4,SCHCOOW,1.0824769418263709,1,58.43676355958493,0.0,1.0,1.0,straight_line,
STASCHN,S STATE ST & E SCHROCK RD,-82.925579,40.110048,1,043,1,1,1,1,am_peak,False,,False,258.17015007203753,432.53392681064855,3,STASCHS,0.6581387363285789,1,16.863514935030537,0.0,1.0,1.0,straight_line,
SCH99BE,99 W SCHROCK RD,-82.928585,40.109766,1,043,1,1,1,1,am_peak,False,,False,681.1370697167886,258.17015007203753,3,SCHOPPW,0.515461709813057,0,0.0,0.0,0.0,0.0,straight_line,catchment not reconstructable
SCHPARE,W SCHROCK RD & PARK MEADOW RD,-82.936557,40.110175,1,043,1,1,1,1,am_peak,False,,False,483.36001092037037,681.1370697167886,1,SCHPARW,0.22517012383955254,2,69.64007093540383,0.0,1.0,1.0,straight_line,
KARACRS,KARL RD & RED ROBIN RD,-82.9771,40.064987,1,042,1,1,1,1,am_peak,False,,False,388.07303343301777,384.1703981094508,8,KARREDN,0.18776097028711522,3,21.74300421021301,0.0,1.0,1.0,straight_line,
KAR161S,KARL RD & STATE ROUTE 161,-82.975345,40.087858,1,042,1,1,1,1,am_peak,False,,False,288.75627638485736,218.83924761732098,8,KAR161N,0.2781276588546023,1,5.767556323265652,0.0,1.0,1.0,straight_line,
KAR603S,6035 KARL RD,-82.975467,40.090457,1,042,1,1,1,1,am_peak,False,,False,273.37970538199784,288.75627638485736,7,KAR602N,0.29391135451007433,1,5.767556323265652,0.0,1.0,1.0,straight_line,
KARPATS,KARL RD & PATIO AVE,-82.977407,40.061535,1,042,1,1,1,1,am_peak,False,,False,384.1703981094508,132.28775826535488,8,KARMORN,0.45160117683357404,0,0.0,0.0,0.0,0.0,straight_line,catchment not reconstructable
SHAATBUN,SHARON WOODS BLVD & ATTERBURY AVE,-82.962808,40.105992,1,042,1,1,1,1,am_peak,False,,False,249.1452659950843,334.08906507063375,3,SCHSHAE,1.6598150785303676,2,37.76724698991218,0.0,0.0,0.0,straight_line,
SHABRON,SHARON WOODS BLVD & BROOKHURST AVE,-82.963109,40.10376,1,042,1,1,1,1,am_peak,False,,False,418.6195826245365,249.1452659950843,3,SHAATBUN,3.1143158249385534,2,37.76724698991218,0.0,1.0,1.0,straight_line,
SHACARN,SHARON WOODS BLVD & CARDINGTON AVE,-82.962101,40.10007,1,042,1,1,1,1,am_peak,False,,False,316.4199965036358,418.6195826245365,3,SHAHEAS,1.9047877321852458,1,8.256095853608702,0.0,0.5,0.42727272727272697,straight_line,
SCHHICW,SCHROCK RD & HICKORY CREEK LN,-82.966461,40.107081,1,042,1,1,1,1,am_peak,False,,False,334.08906507063375,823.8121920178495,3,SCHSKYE,3.105912586957296,2,15.458222023777994,0.0,0.6666666666666666,0.6490384615384616,straight_line,
KARALPS,KARL RD & ALPINE DR,-82.975567,40.092918,1,042,1,1,1,1,am_peak,False,,False,427.6148809734387,273.37970538199784,4,KARALPN,0.13708113599842486,4,29.03296118733556,0.0,1.0,1.0,straight_line,
KARBARS,KARL RD & BARNES DR E,-82.974764,40.103286,1,042,1,1,1,1,am_peak,False,,False,823.8121920178495,500.9499393744988,2,KARBARN,0.423967580037482,3,41.690356367158856,0.0,1.0,1.0,straight_line,
KARCRAS,KARL RD & CRANWOOD DR,-82.975523,40.098812,1,042,1,1,1,1,am_peak,False,,False,500.9499393744988,231.96886491154203,3,KARCRAN,0.9667147505486329,4,82.40481487928116,61.59867260990321,0.75,0.6695979899497486,straight_line,only access for 62 daily trips
KAR634S,6347 KARL RD,-82.975999,40.096755,1,042,1,1,1,1,am_peak,False,,False,231.96886491154203,427.6148809734387,3,KAR629N,1.3770832838193674,2,12.257277059258307,0.0,0.6666666666666666,0.6254980079681275,straight_line,
SHAJEWN,SHARON WOODS BLVD & JEWETT DR,-82.963005,40.097306,1,042,1,1,1,1,am_peak,False,,False,250.1565879380538,316.4199965036358,4,SHAMEAS,0.7684570478110131,2,24.18274884780421,0.0,0.5,0.5802469135802469,straight_line,
SCHKARE,SCHROCK RD & KARL RD,-82.974095,40.105158,1,042,1,1,1,1,pm_peak,False,,False,182.0778146459779,437.71808400406024,2,KARBARN,2.275972683074724,3,40.81204829762602,0.0,0.5,0.6206896551724139,straight_line,
SHASKYN,SHARON WOODS BLVD & SKYWAE DR,-82.964766,40.095504,1,042,1,1,1,1,am_peak,True,042,False,,250.1565879380538,3,SHASKYS,0.8568594619539048,2,24.00708723389764,0.0,1.0,1.0,straight_line,terminal
SHASKYS,SHARON WOODS BLVD & SKYWAE DR,-82.965475,40.095213,1,042,1,1,1,1,pm_peak,True,042,False,367.731531136608,,3,SHASKYN,0.8568594619539048,2,24.00708723389764,0.0,1.0,1.0,straight_line,terminal
SCHSHAE,SCHROCK RD & SHARON WOODS BLVD,-82.963318,40.107122,1,042,1,1,1,1,pm_peak,False,,False,507.24395563426117,639.0195968707721,3,SHAATBUN,1.6598150785303676,1,7.202126170169292,0.0,0.0,0.0,straight_line,
SCHSKYE,SCHROCK RD & SKYWAE DR,-82.96915,40.106218,1,042,1,1,1,1,pm_peak,False,,False,437.71808400406024,507.24395563426117,1,SCHHICW,3.105912586957296,3,24.007087233897643,0.0,0.6666666666666666,0.6490384615384616,straight_line,
SHAMEAS,SHARON WOODS BLVD & MEANDER DR,-82.962864,40.097849,1,042,1,1,1,1,pm_peak,False,,False,394.665726248658,367.731531136608,5,SHAJEWN,0.7684570478110131,1,8.256095853608702,0.0,0.5,0.5802469135802469,straight_line,
SHAHEAS,SHARON WOODS BLVD & HEARTHSTONE AVE,-82.962562,40.101396,1,042,1,1,1,1,pm_peak,False,,False,639.0195968707721,394.665726248658,3,SHACARN,1.9047877321852458,2,37.76724698991218,0.0,0.5,0.42727272727272697,straight_line,
SMOGARN,SMOKY ROW RD & GARDENSTONE DR,-83.066484,40.114582,1,074,1,1,1,1,pm_peak,False,,False,277.18771690849036,359.9141191895873,5,SMOSBS,0.21002169332392634,2,22.367578837436348,0.0,1.0,1.0,straight_line,
SMOWATN,SMOKY ROW RD & WATERTOWER DR,-83.06586,40.112132,1,074,1,1,1,1,pm_peak,False,,False,383.40663287808593,277.18771690849036,5,SMOBILS,0.6981918036415761,2,22.367578837436348,0.0,1.0,1.0,straight_line,
SMOQUEN,SMOKY ROW RD & QUEENSBRIDGE DR,-83.065046,40.108736,1,074,1,1,1,1,pm_peak,False,,False,239.90204712992812,383.40663287808593,5,SMOQUES,0.22959155283259597,2,20.903732054881623,0.0,1.0,1.0,straight_line,
SMOSTPRN,SMOKY ROW & ST PETERS PARK AND RIDE,-83.064559,40.106608,1,074,1,1,1,1,pm_peak,False,,False,410.6969386987134,239.90204712992812,3,SMOSTPS,0.42596123796068275,2,20.903732054881623,0.0,1.0,1.0,straight_line,
SNOOPPW,SNOUFFER RD & DONAHUE CT,-83.061404,40.103813,1,074,1,1,1,1,pm_peak,False,,False,312.8961652190437,410.6969386987134,3,SNODONE,0.3152843931521445,2,19.08856204451375,0.0,1.0,1.0,straight_line,
SNOBRIW,SNOUFFER RD & BRIDE WATER BLVD,-83.057736,40.103725,1,074,1,1,1,1,pm_peak,False,,False,746.2000241651698,312.8961652190437,3,SNOSNOE,0.14269050022241608,2,19.08856204451375,0.0,1.0,1.0,straight_line,
SNOLAUW,SNOUFFER RD & LAUREN PL,-83.048989,40.103503,1,074,1,1,1,1,pm_peak,False,,False,467.0543203219736,746.2000241651698,1,SNOHICE,0.15430343904421748,1,54.923531281453634,0.0,1.0,1.0,straight_line,
LINLOCN,LINWORTH RD & LOCH NESS AVE,-83.047468,40.099462,1,074,1,1,1,1,pm_peak,False,,False,346.59340460181204,467.0543203219736,3,LINCOLS,1.0758256273270195,1,35.190876652615835,0.0,1.0,1.0,straight_line,
LINWODMN,LINWORTH RD & WOODMAN DR,-83.048727,40.096494,1,074,1,1,1,1,pm_peak,False,,False,571.245696848923,346.59340460181204,3,LINWODMS,0.12982989492605548,1,35.190876652615835,0.0,1.0,1.0,straight_line,
LINLINN,LINWORTH RD & STATE ROUTE 161,-83.049666,40.0914,1,074,1,1,1,1,pm_peak,False,,False,167.5943800959442,571.245696848923,2,LIN161N,2.094929751199303,0,0.0,0.0,0.0,0.0,straight_line,catchment not reconstructable
LIN161N,LINWORTH RD & STATE ROUTE 161,-83.049447,40.0899,1,074,1,1,1,1,pm_peak,False,,False,722.1545299903273,167.5943800959442,2,LIN161S,0.16311126160721126,0,0.0,0.0,0.0,0.0,straight_line,catchment not reconstructable
LINSEDN,LINWORTH RD & SEDGWICK RD,-83.049701,40.083399,1,074,1,1,1,1,pm_peak,False,,False,651.8844655033473,722.1545299903273,1,LINSEDS,0.22241438819621456,0,0.0,0.0,0.0,0.0,straight_line,catchment not reconstructable
LINROCN,LINWORTH RD & ROCKY RILL RD,-83.047443,40.07779,1,074,1,1,1,1,pm_peak,False,,False,359.67532319286505,651.8844655033473,2,LINROCS,0.13704208311388144,2,77.75954108930753,0.0,1.0,1.0,straight_line,
LINMEENW,LINWORTH RD & MEEKLYNN DR,-83.044871,40.075223,1,074,1,1,1,1,pm_peak,False,,False,871.2535863659282,359.67532319286505,3,LINMEES,0.6325114059634988,1,8.900188437932783,0.0,1.0,1.0,straight_line,
LINSHANW,LINWORTH RD & SHARON HILL DR,-83.040525,40.068122,1,074,1,1,1,1,pm_peak,False,,False,792.4368099190589,871.2535863659282,1,LINSHAS,0.6055904640717626,1,8.900188437932783,0.0,1.0,1.0,straight_line,
OLERIDN,OLENTANGY RIVER RD & BETHEL RD,-83.03647,40.061701,1,074,1,1,1,1,pm_peak,False,,False,417.2820891983322,792.4368099190589,2,OLEBETS1,0.27822541507751686,1,23.128779164364857,0.0,1.0,1.0,straight_line,
OLEOLDEN,OLENTANGY RIVER RD & OLDE TOWNE AVE,-83.034474,40.05827,1,074,1,1,1,1,pm_peak,False,,False,9948.72801819797,417.2820891983322,1,OLEOLDES,0.5263988138455795,2,27.52031951202906,0.0,1.0,1.0,straight_line,
EMETUTS,EMERALD PKWY & TUTTLE CROSSING BLVD,-83.140615,40.076146,1,073,1,1,1,1,pm_peak,False,,False,442.76644002510875,17142.36748520801,3,EMESTEN,0.272743324651461,0,0.0,0.0,0.0,0.0,straight_line,catchment not reconstructable
EMEGLES,EMERALD PKWY & GLENDON CT,-83.141779,40.080032,1,073,1,1,1,1,pm_peak,False,,False,481.4591658165746,442.76644002510875,1,EMEGLEN,0.3271435895377457,1,146.56033986937848,0.0,1.0,1.0,straight_line,
EMEWOES,EMERALD PKWY & WOERNER TEMPLE RD,-83.143457,40.084172,1,073,1,1,1,1,pm_peak,False,,False,1078.4046416119193,481.4591658165746,1,WOEEMEE,0.7839333396335147,1,146.56033986937848,0.0,1.0,1.0,straight_line,
RINBLAW,RINGS RD & BLAZER PKWY,-83.130813,40.084153,1,073,1,1,1,1,pm_peak,False,,False,593.2355608092215,1078.4046416119193,1,BLARINN1,0.5570965075854878,0,0.0,0.0,0.0,0.0,straight_line,catchment not reconstructable
PBLAZACW,PAUL BLAZER PKWY & ASHLAND CHEMICAL,-83.132032,40.089413,1,073,1,1,1,1,pm_peak,False,,False,515.7478268603304,593.2355608092215,2,PBLAZACE,0.34790951670466813,0,0.0,0.0,0.0,0.0,straight_line,catchment not reconstructable
BLA505W1,5050 BLAZER PKWY,-83.126155,40.088318,1,073,1,1,1,1,pm_peak,False,,False,304.28168020201485,515.7478268603304,3,BLA505E,0.2176652389792634,0,0.0,0.0,0.0,0.0,straight_line,catchment not reconstructable
FRA602S,6025 FRANTZ RD,-83.124311,40.090664,1,073,1,1,1,1,pm_peak,False,,False,501.9643948130946,304.28168020201485,3,FRAMONN,0.43687985657552914,0,0.0,0.0,0.0,0.0,straight_line,catchment not reconstructable
FRAMONN,FRANTZ RD & MONTEREY DR,-83.12395,40.090515,1,073,1,1,1,1,am_peak,False,,False,312.8646991952721,730.221761013696,3,FRA602S,0.43687985657552914,0,0.0,0.0,0.0,0.0,straight_line,catchment not reconstructable
BLA505E,5050 BLAZER PKWY,-83.12603,40.088194,1,073,1,1,1,1,am_peak,False,,False,426.22076906353396,312.8646991952721,3,BLA505W1,0.2176652389792634,0,0.0,0.0,0.0,0.0,straight_line,catchment not reconstructable
BLA515E,5151 BLAZER PKWY,-83.130609,40.089732,1,073,1,1,1,1,am_peak,False,,False,144.98080937767145,426.22076906353396,2,PBLAZACW,1.5802606905612329,0,0.0,0.0,0.0,0.0,straight_line,catchment not reconstructable
PBLAZACE,PAUL G BLAZER & ASHLAND CHEMICAL,-83.132149,40.089179,1,073,1,1,1,1,am_peak,False,,False,548.4156468488302,144.98080937767145,2,PBLAZACW,0.34790951670466813,0,0.0,0.0,0.0,0.0,straight_line,catchment not reconstructable
WOEEMEE,WOERNER TEMPLE RD & EMERALD PKWY,-83.142797,40.084421,1,073,1,1,1,1,am_peak,False,,False,491.6188648212051,1055.2848713418648,1,EMEWOES,0.7839333396335147,1,146.56033986937848,0.0,1.0,1.0,straight_line,
BLARINN1,BLAZER PKWY & RINGS RD,-83.130424,40.084421,1,073,1,1,1,1,am_peak,False,,False,1055.2848713418648,548.4156468488302,1,RINBLAW,0.5570965075854878,0,0.0,0.0,0.0,0.0,straight_line,catchment not reconstructable
EMEGLEN,EMERALD PKWY & GLENDON CT,-83.141489,40.080109,1,073,1,1,1,1,am_peak,False,,False,445.4647206867058,491.6188648212051,1,EMEGLES,0.3271435895377457,1,146.56033986937848,0.0,1.0,1.0,straight_line,
EMESTEN,EMERALD PKWY & STERLING COMMERCE,-83.140366,40.076191,1,073,1,1,1,1,am_peak,False,,False,16853.253249258054,445.4647206867058,3,EMETUTS,0.272743324651461,0,0.0,0.0,0.0,0.0,straight_line,catchment not reconstructable
STACHES,S STATE ST & CHERRINGTON RD,-82.927392,40.114198,1,043,1,1,1,1,pm_peak,False,,False,433.4070645420208,437.94170942714845,1,STACHEN,0.7136549463571294,2,17.433439282371843,0.0,1.0,1.0,straight_line,
STAHIAS,S STATE ST & HIAWATHA AVE,-82.928772,40.117955,1,043,1,1,1,1,pm_peak,False,,False,389.58596805498655,433.4070645420208,2,STAHIAN,0.2682422944638287,2,17.433439282371843,0.0,1.0,1.0,straight_line,
SCHPARW,W SCHROCK RD & PARK MEADOW RD,-82.936509,40.110333,1,043,1,1,1,1,pm_peak,False,,False,713.9303451462509,569.376860307736,1,SCHPARE,0.22517012383955254,2,69.64007093540383,0.0,1.0,1.0,straight_line,
SCHCOOW,W SCHROCK RD & COOPER RD,-82.943167,40.110738,1,043,1,1,1,1,pm_peak,False,,False,569.376860307736,254.6248465161052,5,COPSCHS,0.6967706987316087,1,58.43676355958493,0.0,1.0,1.0,straight_line,
STASCHS,S STATE ST & E SCHROCK RD,-82.925987,40.110404,1,043,1,1,1,1,pm_peak,False,,False,437.94170942714845,191.84229803789415,4,STASCHN,0.6581387363285789,1,16.863514935030537,0.0,1.0,1.0,straight_line,
KAR629N,6292 KARL RD,-82.975972,40.095763,1,042,1,1,1,1,pm_peak,False,,False,314.49628695384627,412.73035447574597,4,KAR634S,1.3770832838193674,3,23.265404864069907,0.0,0.6666666666666666,0.6254980079681275,straight_line,
KAR602N,6024 KARL RD,-82.975393,40.090253,1,042,1,1,1,1,pm_peak,False,,False,251.88724099904857,300.48850894608574,7,KAR603S,0.29391135451007433,1,5.767556323265652,0.0,1.0,1.0,straight_line,
KARALPN,KARL RD & ALPINE DR,-82.97545,40.092959,1,042,1,1,1,1,pm_peak,False,,False,300.48850894608574,314.49628695384627,4,KARALPS,0.13708113599842486,4,29.03296118733556,0.0,1.0,1.0,straight_line,
SUMROSE,SUMMIT VIEW RD & ROSCOE PL,-83.080139,40.132672,1,074,1,1,1,1,am_peak,False,,False,570.2573428712243,830.7171631760766,1,SUMSHIW,1.3553421628071916,3,101.29819735278765,0.0,1.0,1.0,straight_line,
SMOHAMS,SMOKY ROW RD & HAMROCK DR,-83.070503,40.131546,1,074,1,1,1,1,am_peak,False,,False,830.7171631760766,322.1622676386498,3,SMOHAMN,0.43080013362132313,3,60.193379698650716,0.0,1.0,1.0,straight_line,
SMOSTOS,SMOKY ROW RD & STOWBRIDGE RD,-83.069914,40.12868,1,074,1,1,1,1,am_peak,False,,False,322.1622676386498,397.7170928112017,5,SMOSTON,0.3287934754216849,1,8.31464972491089,0.0,1.0,1.0,straight_line,
SMOOLDS,SMOKY ROW RD & OLDE SAWMILL BLVD,-83.069115,40.125151,1,074,1,1,1,1,am_peak,False,,False,397.7170928112017,228.8641359474221,4,SMOPLAN,1.1655502996416636,3,52.11294545894859,0.0,0.3333333333333333,0.19887955182072808,straight_line,
SMOSWAS,SMOKY ROW RD & SWANSFORD DR,-83.068628,40.123124,1,074,1,1,1,1,am_peak,False,,False,228.8641359474221,382.99399519169947,5,SMOSWAN,0.3243167976808843,2,43.7982957340377,0.0,1.0,1.0,straight_line,
KARCRAN,KARL RD & CRANWOOD DR,-82.975069,40.099415,1,042,1,1,1,1,pm_peak,False,,False,412.73035447574597,462.495445608162,2,KARCRAS,0.9667147505486329,3,20.806142269377954,0.0,0.75,0.6695979899497486,straight_line,
KARBARN,KARL RD & BARNES DR E,-82.974602,40.103565,1,042,1,1,1,1,pm_peak,False,,False,462.495445608162,182.0778146459779,2,KARBARS,0.423967580037482,3,41.690356367158856,0.0,1.0,1.0,straight_line,
SUMGOLE,SUMMIT VIEW RD & COPPERVIEW DR,-83.086825,40.132871,1,074,1,1,1,1,am_peak,False,,False,306.19934419938085,570.2573428712243,3,SUMCOPW,0.2980081150920161,1,19.556993014931273,0.0,1.0,1.0,straight_line,
KARREDN,KARL RD & RED ROBIN RD,-82.976924,40.064983,1,042,1,1,1,1,pm_peak,False,,False,414.91299827438525,355.1075510004012,8,KARACRS,0.18776097028711522,3,21.74300421021301,0.0,1.0,1.0,straight_line,
KAR161N,KARL RD & STATE ROUTE 161,-82.975151,40.087992,1,042,1,1,1,1,pm_peak,False,,False,397.6175918366088,251.88724099904857,8,KAR161S,0.2781276588546023,1,5.767556323265652,0.0,1.0,1.0,straight_line,
SAWSUMN,SAWMILL RD & SUMMER DR,-83.090024,40.122826,1,074,1,1,1,1,am_peak,False,,False,444.1313148824704,920.8883534826716,2,SAWSUMS,1.7902748302054214,1,3.4463135680717167,0.0,1.0,1.0,straight_line,
SAWCOPN,SAWMILL RD & COPPERHILL DR,-83.089593,40.131113,1,074,1,1,1,1,am_peak,False,,False,920.8883534826716,306.19934419938085,3,SAWCOPS,0.30677743654264183,0,0.0,0.0,0.0,0.0,straight_line,catchment not reconstructable
SAWCOPS,SAWMILL RD & COPPERHILL DR,-83.089853,40.131208,1,074,1,1,1,1,pm_peak,False,,False,307.95758920134097,1072.1868891487193,3,SAWCOPN,0.30677743654264183,0,0.0,0.0,0.0,0.0,straight_line,catchment not reconstructable
SAWHARN,SAWMILL RD & HARD RD,-83.090222,40.118829,1,074,1,1,1,1,am_peak,True,074,False,,444.1313148824704,4,SAWHARS,0.7603273566013947,2,13.254087011188442,0.0,0.5,0.7648401826484019,straight_line,terminal
SUMSHIW,SUMMIT VIEW RD & SHILLINGTON DR,-83.081399,40.132807,1,074,1,1,1,1,pm_peak,False,,False,959.7061477002316,483.60174439758,1,SUMROSE,1.3553421628071916,3,101.29819735278765,0.0,1.0,1.0,straight_line,
SUMCOPW,SUMMIT VIEW RD & COPPERVIEW DR,-83.087069,40.132976,1,074,1,1,1,1,pm_peak,False,,False,483.60174439758,307.95758920134097,3,SUMGOLE,0.2980081150920161,1,19.556993014931273,0.0,1.0,1.0,straight_line,
SMOPLAN,SMOKY ROW RD & PLAINS BLVD,-83.069186,40.125989,1,074,1,1,1,1,pm_peak,False,,False,296.410628247678,328.9076915185437,5,SMOOLDS,1.1655502996416636,1,8.31464972491089,0.0,0.3333333333333333,0.19887955182072808,straight_line,
SMOSWAN,SMOKY ROW RD & SWANSFORD DR,-83.068605,40.123357,1,074,1,1,1,1,pm_peak,False,,False,328.2026432001078,296.410628247678,4,SMOSWAS,0.3243167976808843,2,43.7982957340377,0.0,1.0,1.0,straight_line,
SMOSUTN,SMOKY ROW RD & SUTTER PKWY,-83.067887,40.120453,1,074,1,1,1,1,pm_peak,False,,False,302.8612826398516,328.2026432001078,5,SMOSUTS,1.0119497850035108,2,43.7982957340377,0.0,0.5,0.3846153846153845,straight_line,
SMOHARN,SMOKY ROW RD & HARD RD,-83.067226,40.117773,1,074,1,1,1,1,pm_peak,False,,False,359.9141191895873,302.8612826398516,5,SMOHARS,1.161714798477899,3,35.24943052391802,0.0,0.6666666666666666,0.6345514950166111,straight_line,
SMOSTON,SMOKY ROW RD & STOWBRIDGE RD,-83.069835,40.128909,1,074,1,1,1,1,pm_peak,False,,False,328.9076915185437,265.36668574321806,4,SMOSTOS,0.3287934754216849,1,8.31464972491089,0.0,1.0,1.0,straight_line,
SMOHAMN,SMOKY ROW RD & HAMROCK DR,-83.070318,40.13127,1,074,1,1,1,1,pm_peak,False,,False,265.36668574321806,959.7061477002316,3,SMOHAMS,0.43080013362132313,3,60.193379698650716,0.0,1.0,1.0,straight_line,
CAMCROW,E CAMPUS VIEW BLVD & CROSSWOODS DR,-83.010068,40.118581,1,041,1,1,1,1,am_peak,False,,False,380.9856723264273,16816.6258262367,3,HUNTPARK,3.3304890759050068,1,77.05689463368083,0.0,1.0,1.0,straight_line,
KARMORN,KARL RD & MORSE RD,-82.977198,40.061252,1,042,1,1,1,1,pm_peak,False,,False,502.3699963390619,414.91299827438525,7,KARPATS,0.45160117683357404,0,0.0,0.0,0.0,0.0,straight_line,catchment not reconstructable
1STOAKW,W 1ST AVE & OAKLAND AVE,-83.049023,39.982084,1,075,1,1,1,1,pm_peak,False,,False,362.30576632856156,217.679678694492,5,1STFAIE,1.0608221964727882,1,16.160868479404307,0.0,1.0,1.0,straight_line,
OLEOLDES,OLENTANGY RIVER RD & OLDE TOWNE AVE,-83.034743,40.058588,1,074,1,1,1,1,am_peak,False,,False,360.11809202851083,9996.482838461046,3,OLEOLDEN,0.5263988138455795,2,27.52031951202906,0.0,1.0,1.0,straight_line,
OLEBETS1,OLENTANGY RIVER RD & BETHEL RD,-83.036564,40.061514,1,074,1,1,1,1,am_peak,False,,False,759.5710147671688,360.11809202851083,2,OLERIDN,0.27822541507751686,1,23.128779164364857,0.0,1.0,1.0,straight_line,
LINSHAS,LINWORTH RD & SHARON HILL DR,-83.040338,40.06771,1,074,1,1,1,1,am_peak,False,,False,868.8998585154025,759.5710147671688,1,LINSHANW,0.6055904640717626,1,8.900188437932783,0.0,1.0,1.0,straight_line,
LINMEES,LINWORTH RD & MEEKLYNN DR,-83.044599,40.074818,1,074,1,1,1,1,am_peak,False,,False,416.91426267912146,868.8998585154025,1,LINMEENW,0.6325114059634988,1,8.900188437932783,0.0,1.0,1.0,straight_line,
LINROCS,LINWORTH RD & ROCKY RILL RD,-83.047571,40.077799,1,074,1,1,1,1,am_peak,False,,False,634.0221128299452,416.91426267912146,2,LINROCN,0.13704208311388144,2,77.75954108930753,0.0,1.0,1.0,straight_line,
LINSEDS,LINWORTH RD & SEDGWICK RD,-83.049781,40.083251,1,074,1,1,1,1,am_peak,False,,False,736.3183427807303,634.0221128299452,1,LINSEDN,0.22241438819621456,0,0.0,0.0,0.0,0.0,straight_line,catchment not reconstructable
LIN161S,LINWORTH RD & STATE ROUTE 161,-83.049598,40.089881,1,074,1,1,1,1,am_peak,False,,False,744.7276498389438,736.3183427807303,2,LIN161N,0.16311126160721126,0,0.0,0.0,0.0,0.0,straight_line,catchment not reconstructable
LINWODMS,LINWORTH RD & WOODMAN DR,-83.048812,40.096561,1,074,1,1,1,1,am_peak,False,,False,256.1126412823763,744.7276498389438,3,LINWODMN,0.12982989492605548,1,35.190876652615835,0.0,1.0,1.0,straight_line,
LINCOLS,LINWORTH RD & COLLINS DR,-83.047873,40.098752,1,074,1,1,1,1,am_peak,False,,False,524.3482627294618,256.1126412823763,3,LINLOCN,1.0758256273270195,1,35.190876652615835,0.0,1.0,1.0,straight_line,
SNOHICE,SNOUFFER RD & HICKORY GROVE CT,-83.04901,40.103393,1,074,1,1,1,1,am_peak,False,,False,746.5757114460799,524.3482627294618,1,SNOLAUW,0.15430343904421748,1,54.923531281453634,0.0,1.0,1.0,straight_line,
SNOSNOE,SNOUFFER RD & SNOUFFER PL,-83.057761,40.103624,1,074,1,1,1,1,am_peak,False,,False,333.17030774530593,746.5757114460799,3,SNOBRIW,0.14269050022241608,2,19.08856204451375,0.0,1.0,1.0,straight_line,
SNODONE,SNOUFFER RD & DONAHUE CT,-83.061667,40.103709,1,074,1,1,1,1,am_peak,False,,False,439.3563712842287,333.17030774530593,3,SNOOPPW,0.3152843931521445,2,19.08856204451375,0.0,1.0,1.0,straight_line,
SMOSTPS,SMOKY ROW & ST PETERS PARK AND RIDE,-83.064765,40.106871,1,074,1,1,1,1,am_peak,False,,False,192.7450022248295,439.3563712842287,3,SMOSTPRN,0.42596123796068275,2,20.903732054881623,0.0,1.0,1.0,straight_line,
SMOQUES,SMOKY ROW RD & QUEENSBRIDGE DR,-83.065131,40.108584,1,074,1,1,1,1,am_peak,False,,False,344.9283008821318,192.7450022248295,5,SMOQUEN,0.22959155283259597,2,20.903732054881623,0.0,1.0,1.0,straight_line,
SMOBILS,SMOKY ROW RD & BILLINGSLEY RD,-83.065919,40.111631,1,074,1,1,1,1,am_peak,False,,False,317.89962096676385,344.9283008821318,5,SMOWATN,0.6981918036415761,2,22.367578837436348,0.0,1.0,1.0,straight_line,
SMOSBS,SMOKY ROW RD & SAWBURY BLVD,-83.066578,40.114449,1,074,1,1,1,1,am_peak,False,,False,281.69866822850935,317.89962096676385,5,SMOGARN,0.21002169332392634,2,22.367578837436348,0.0,1.0,1.0,straight_line,
SMOHARS,SMOKY ROW RD & HARD RD,-83.067231,40.116936,1,074,1,1,1,1,am_peak,False,,False,314.33603993145505,281.69866822850935,5,SMOHARN,1.161714798477899,2,22.367578837436348,0.0,0.6666666666666666,0.6345514950166111,straight_line,
SMOSUTS,SMOKY ROW RD & SUTTER PKWY,-83.067871,40.119724,1,074,1,1,1,1,am_peak,False,,False,382.99399519169947,314.33603993145505,4,SMOSUTN,1.0119497850035108,1,12.881851686481674,0.0,0.5,0.3846153846153845,straight_line,
TRELANN,TREMONT RD & W LANE AVE,-83.070117,40.007735,1,075,1,1,1,1,pm_peak,False,,False,730.6697882267671,250.27679925851243,4,TRELANS,0.25122199088524555,2,12.15411071458302,0.0,1.0,1.0,straight_line,
TRENORN,TREMONT RD & NORTHAM RD,-83.068879,40.012098,1,075,1,1,1,1,pm_peak,False,,False,248.66338178636576,362.8479764482096,5,TRENORS,0.25844196534664476,3,17.980220909150862,0.0,0.6666666666666666,0.6649831649831651,straight_line,
TREWILN,TREMONT RD & WILSHIRE DR,-83.069814,40.009977,1,075,1,1,1,1,pm_peak,False,,False,250.27679925851243,248.66338178636576,5,TREONAS,0.5520201655129855,2,12.15411071458302,0.0,1.0,1.0,straight_line,
1STELMW,W 1ST AVE & ELMWOOD AVE,-83.051568,39.982187,1,075,1,1,1,1,pm_peak,False,,False,217.679678694492,209.00735077308553,6,1STASHE,1.078933691718334,2,25.910088051218846,0.0,1.0,1.0,straight_line,
1STGLEW,W 1ST AVE & GLENN AVE,-83.054012,39.98228,1,075,1,1,1,1,pm_peak,False,,False,209.00735077308553,222.2728211841153,7,1STWESE,1.0015387652967898,2,25.910088051218846,0.0,1.0,1.0,straight_line,
ARLCAMN,ARLINGTON AVE & CAMBRIDGE BLVD,-83.060315,39.993056,1,075,1,1,1,1,pm_peak,False,,False,205.85365911289864,374.26313333675523,5,ARLCAMS,0.6138018516126802,1,11.330174096973654,0.0,1.0,1.0,straight_line,
ARLEDGN,ARLINGTON AVE & EDGEMONT RD,-83.060571,39.996421,1,075,1,1,1,1,pm_peak,False,,False,374.26313333675523,308.13610278302804,4,ARLWALS,1.7878470989557875,1,66.75141328449588,66.75141328449588,0.0,0.0,straight_line,only access for 67 daily trips
1STLINW,W 1ST AVE & LINCOLN RD,-83.05661,39.982395,1,075,1,1,1,1,pm_peak,False,,False,222.2728211841153,181.10062552479235,7,1STWYAE,1.0943390215635598,2,36.039907786497594,0.0,1.0,1.0,straight_line,
CAM132N,1320 CAMBRIDGE BLVD,-83.057995,39.98363,1,075,1,1,1,1,pm_peak,False,,False,181.10062552479235,237.91879254152266,7,CAM1STS,1.5956254470036113,2,36.039907786497594,0.0,1.0,1.0,straight_line,
3RDCAMW,W 3RD AVE & CAMBRIDGE BLVD,-83.058261,39.985763,1,075,1,1,1,1,pm_peak,False,,False,237.91879254152266,158.37071308626196,7,3RDCAME,0.1846187499612348,1,26.29068821468306,0.0,1.0,1.0,straight_line,
ARLCARN,ARLINGTON AVE & CARDIGAN AVE,-83.059826,39.986528,1,075,1,1,1,1,pm_peak,False,,False,158.37071308626196,308.25035966236453,10,ARLCARS,0.5771304582826029,1,26.29068821468306,0.0,1.0,1.0,straight_line,
ARL5THN,ARLINGTON AVE & W 5TH AVE,-83.060025,39.9893,1,075,1,1,1,1,pm_peak,False,,False,308.25035966236453,211.9197957247028,12,ARL5THS,0.19878002523242289,0,0.0,0.0,0.0,0.0,straight_line,catchment not reconstructable
ARLCHEN,ARLINGTON AVE & W CHELSEA RD,-83.060178,39.991205,1,075,1,1,1,1,pm_peak,False,,False,211.9197957247028,205.85365911289864,10,ARLCHES,0.3507676182903026,1,11.330174096973654,0.0,1.0,1.0,straight_line,
TREONAS,TREMONT RD & ONANDAGA DR,-83.06999,40.009603,1,075,1,1,1,1,am_peak,False,,False,277.846889160357,226.26585290573894,5,TREWILN,0.5520201655129855,2,12.15411071458302,0.0,1.0,1.0,straight_line,
TRENORS,TREMONT RD & NORTHAM RD,-83.069091,40.012008,1,075,1,1,1,1,am_peak,False,,False,178.3559783031172,277.846889160357,5,TRENORN,0.25844196534664476,2,12.15411071458302,0.0,0.6666666666666666,0.6649831649831651,straight_line,
TREZOLN,TREMONT RD & ZOLLINGER RD,-83.062979,40.0188,1,075,1,1,1,1,pm_peak,False,,False,176.40930397215408,268.1324579806136,6,TREZOLS,0.5956228399587327,2,9.427173279652488,0.0,0.3333333333333333,0.24179829890643956,straight_line,
MOURIDS,MOUNTVIEW RD & RIDGECLIFF RD,-83.072693,40.023239,1,075,1,1,1,1,am_peak,False,,False,211.9384921251407,303.4223711115584,6,RIDMOUW,0.39328606644822167,2,27.051888541611486,0.0,1.0,1.0,straight_line,
TRELANS1,TREMONT RD & LANGHAM RD,-83.061948,40.02025,1,075,1,1,1,1,am_peak,False,,False,286.79318759085976,137.57507281334438,12,TRELANGN,1.1010997234704303,1,14.667744761198465,0.0,1.0,1.0,straight_line,
TREZOLS,TREMONT RD & ZOLLINGER RD,-83.062832,40.019214,1,075,1,1,1,1,am_peak,False,,False,137.57507281334438,226.05957024975365,8,TREZOLN,0.5956228399587327,2,20.493854955766306,0.0,0.3333333333333333,0.24179829890643956,straight_line,
TREINCS,TREMONT RD & INCHCLIFF RD,-83.064297,40.017518,1,075,1,1,1,1,am_peak,False,,False,226.05957024975365,557.7182654527938,6,TREINCN,0.18443709631910338,2,9.427173279652488,0.0,1.0,1.0,straight_line,
2100TRS,2100 TREMONT CENTER,-83.067937,40.013347,1,075,1,1,1,1,am_peak,False,,False,557.7182654527938,178.3559783031172,3,TRENORN,2.003916769947912,3,17.980220909150862,0.0,1.0,1.0,straight_line,
TREINCN,TREMONT RD & INCHCLIFF RD,-83.064131,40.017481,1,075,1,1,1,1,pm_peak,False,,False,359.34067417908545,176.40930397215408,6,TREINCS,0.18443709631910338,2,9.427173279652488,0.0,1.0,1.0,straight_line,
TREFARN,TREMONT RD & FARLEIGH RD,-83.066479,40.014795,1,075,1,1,1,1,pm_peak,False,,False,362.8479764482096,359.34067417908545,5,2100TRS,2.5416312452811076,3,16.863514935030537,0.0,0.5,0.6317991631799164,straight_line,
ARLMALN,ARLINGTON AVE & N MALLWAY DR,-83.061655,39.999068,1,075,1,1,1,1,pm_peak,False,,False,308.13610278302804,278.1416304211199,5,ARLGUIS,1.5808136004575273,1,4.684309704175149,0.0,1.0,1.0,straight_line,
ARLTEWN,ARLINGTON AVE & TEWKSBURY RD,-83.063527,40.001118,1,075,1,1,1,1,pm_peak,False,,False,278.1416304211199,195.91561659438375,5,ARLTEWS,0.400158340001368,3,20.8100458607981,0.0,1.0,1.0,straight_line,
ARLWICN,ARLINGTON AVE & WICKFORD RD,-83.065091,40.002409,1,075,1,1,1,1,pm_peak,False,,False,195.91561659438375,730.6697882267671,4,ARLWESSW,1.11131048147316,3,20.8100458607981,0.0,1.0,1.0,straight_line,
ARLWESSW,ARLINGTON AVE & WESTOVER RD,-83.066107,40.002584,1,075,1,1,1,1,am_peak,False,,False,373.64399295314206,241.93870248491595,4,ARLWICN,1.11131048147316,3,20.8100458607981,0.0,1.0,1.0,straight_line,
ARLTRES,ARLINGTON AVE & TREMONT RD,-83.069104,40.005036,1,075,1,1,1,1,am_peak,False,,False,297.42609221847584,373.64399295314206,3,TRELANS,3.717826152730948,2,16.12573615662295,0.0,0.0,0.0,straight_line,
TRELANS,TREMONT RD & W LANE AVE,-83.070222,40.007573,1,075,1,1,1,1,am_peak,False,,False,226.26585290573894,297.42609221847584,4,TRELANN,0.25122199088524555,2,12.15411071458302,0.0,1.0,1.0,straight_line,
ARLGUIS,ARLINGTON AVE & GUILFORD RD,-83.06262,39.999932,1,075,1,1,1,1,am_peak,False,,False,182.17002299331023,287.19081373886524,5,ARLMALN,1.5808136004575273,1,4.684309704175149,0.0,1.0,1.0,straight_line,
ARLTEWS,ARLINGTON AVE & TEWKSBURY RD,-83.063838,40.001279,1,075,1,1,1,1,am_peak,False,,False,241.93870248491595,182.17002299331023,5,ARLTEWN,0.400158340001368,3,20.8100458607981,0.0,1.0,1.0,straight_line,
ARLWALS,ARLINGTON AVE & WALTHAM RD,-83.060996,39.997667,1,075,1,1,1,1,am_peak,False,,False,287.19081373886524,467.1416030442908,3,ARLEDGN,1.7878470989557875,0,0.0,0.0,0.0,0.0,straight_line,catchment not reconstructable
ARLCAMS,ARLINGTON AVE & CAMBRIDGE BLVD,-83.060487,39.993478,1,075,1,1,1,1,am_peak,False,,False,467.1416030442908,228.3964319548063,4,ARLCAMN,0.6138018516126802,1,11.330174096973654,0.0,1.0,1.0,straight_line,
ARLCARS,ARLINGTON AVE & CARDIGAN AVE,-83.06001,39.986919,1,075,1,1,1,1,am_peak,False,,False,256.23979742751976,207.062152147631,9,ARLCARN,0.5771304582826029,1,26.29068821468306,0.0,1.0,1.0,straight_line,
3RDCAME,W 3RD AVE & CAMBRIDGE BLVD,-83.058258,39.98563,1,075,1,1,1,1,am_peak,False,,False,207.062152147631,347.75267335842017,6,3RDCAMW,0.1846187499612348,1,26.29068821468306,0.0,1.0,1.0,straight_line,
ARLCHES,ARLINGTON AVE & W CHELSEA RD,-83.060342,39.991424,1,075,1,1,1,1,am_peak,False,,False,228.3964319548063,244.76388089432655,10,ARLCHEN,0.3507676182903026,1,11.330174096973654,0.0,1.0,1.0,straight_line,
ARL5THS,ARLINGTON AVE & W 5TH AVE,-83.060182,39.989223,1,075,1,1,1,1,am_peak,False,,False,244.76388089432655,256.23979742751976,11,ARL5THN,0.19878002523242289,0,0.0,0.0,0.0,0.0,straight_line,catchment not reconstructable
1STWYAE,W 1ST AVE & WYANDOTTE RD,-83.055608,39.982229,1,075,1,1,1,1,am_peak,False,,False,228.1400698990538,214.81013516411477,6,1STLINW,1.0943390215635598,2,36.039907786497594,0.0,1.0,1.0,straight_line,
CAM1STS,CAMBRIDGE BLVD & W 1ST AVE,-83.058256,39.982498,1,075,1,1,1,1,am_peak,False,,False,347.75267335842017,228.1400698990538,6,CAM132N,1.5956254470036113,2,36.039907786497594,0.0,1.0,1.0,straight_line,
1STWESE,W 1ST AVE & WESTWOOD AVE,-83.053097,39.982121,1,075,1,1,1,1,am_peak,False,,False,214.81013516411477,214.99967777260179,6,1STGLEW,1.0015387652967898,2,25.910088051218846,0.0,1.0,1.0,straight_line,
1STASHE,W 1ST AVE & ASHLAND AVE,-83.050584,39.98201,1,075,1,1,1,1,am_peak,False,,False,214.99967777260179,216.08965056817397,5,1STELMW,1.078933691718334,2,25.910088051218846,0.0,1.0,1.0,straight_line,
NORWILLS,NORTHWEST BLVD & WILLIAMS AVE,-83.030165,39.97799,1,075,1,1,1,1,am_peak,False,,False,230.63749419182923,164.73535343774554,10,NORWILLN,0.41716150408752933,2,39.43603232202457,0.0,0.5,0.8589458054936896,straight_line,
1STFAIE,W 1ST AVE & FAIRVIEW AVE,-83.048058,39.981902,1,075,1,1,1,1,am_peak,False,,False,216.08965056817397,381.97824084980175,5,1STOAKW,1.0608221964727882,1,16.160868479404307,0.0,1.0,1.0,straight_line,
NORGOOS,NORTHWEST BLVD & GOODALE BLVD,-83.029253,39.975217,1,075,1,1,1,1,am_peak,False,,False,155.56307967766583,295.0359224965861,8,NORGOON,0.7089129184071794,1,33.87341454831658,0.0,1.0,1.0,straight_line,
NORBURSE,NORTHWEST BLVD & BURR AVE,-83.02946,39.976609,1,075,1,1,1,1,am_peak,False,,False,164.73535343774554,155.56307967766583,9,NORBURNW,0.44044045503200807,1,33.87341454831658,0.0,1.0,1.0,straight_line,
