pattern_id,route_id,direction_id,seq,from_stop,to_stop,metres,run_time_sec,distance_basis,n_trips
efc18da3b0,001,0,0,RIVHOSW,OLE3440S,693.5979239842758,185.0,straight_line,37
efc18da3b0,001,0,1,OLE3440S,OLEUNIS,233.49853827435481,46.0,straight_line,37
efc18da3b0,001,0,2,OLEUNIS,OLERIVS1,333.553546907362,69.0,straight_line,37
efc18da3b0,001,0,3,OLERIVS1,OLEHARS2,412.8077450783187,62.0,straight_line,37
efc18da3b0,001,0,4,OLEHARS2,OLE2825S,240.35454348141164,36.0,straight_line,37
efc18da3b0,001,0,5,OLE2825S,OLEACKS,336.81475087449894,51.0,straight_line,37
efc18da3b0,001,0,6,OLEACKS,OLEARGS,481.0009601695389,73.0,straight_line,37
efc18da3b0,001,0,7,OLEARGS,LANOLEE,564.4300653910697,91.0,straight_line,37
efc18da3b0,001,0,8,LANOLEE,LANTUTE,483.2461200897135,71.0,straight_line,37
efc18da3b0,001,0,9,LANTUTE,LANNEIE,215.4625258858709,36.0,straight_line,37
efc18da3b0,001,0,10,LANNEIE,HIGLANS,461.46021907175697,112.0,straight_line,37
efc18da3b0,001,0,11,HIGLANS,HIG18TS,308.9309238454354,69.0,straight_line,37
efc18da3b0,001,0,12,HIG18TS,HIG15TS,302.4819071829012,68.0,straight_line,37
efc18da3b0,001,0,13,HIG15TS,HIG13TS,235.93424940356624,53.0,straight_line,37
efc18da3b0,001,0,14,HIG13TS,HIGCHIS,247.19899526363827,58.0,straight_line,37
efc18da3b0,001,0,15,HIGCHIS,HIG10TS,246.67802592736882,71.0,straight_line,37
efc18da3b0,001,0,16,HIG10TS,NHIGMCMS,311.2582801890763,90.0,straight_line,37
efc18da3b0,001,0,17,NHIGMCMS,HIGCLAS,221.60960914828175,64.0,straight_line,37
efc18da3b0,001,0,18,HIGCLAS,HIG5THS,250.15888255621456,75.0,straight_line,37
efc18da3b0,001,0,19,HIG5THS,HIG4THS,206.97645163414873,41.0,straight_line,37
efc18da3b0,001,0,20,HIG4THS,NHIW2S,324.0458707137797,65.0,straight_line,37
efc18da3b0,001,0,21,NHIW2S,HIGHUBS,402.91948016078567,81.0,straight_line,37
efc18da3b0,001,0,22,HIGHUBS,HIGRUSS,362.01365404689494,73.0,straight_line,37
efc18da3b0,001,0,23,HIGRUSS,HIGSWANS,235.46148714648928,48.0,straight_line,37
efc18da3b0,001,0,24,HIGSWANS,HIGOHIS,326.54755710034055,65.0,straight_line,37
efc18da3b0,001,0,25,HIGOHIS,HIGNATS,221.8000568659215,47.0,straight_line,37
efc18da3b0,001,0,26,HIGNATS,HIGLONS,343.0784148730788,120.0,straight_line,37
efc18da3b0,001,0,27,HIGLONS,HIGBROS,265.02505756658604,120.0,straight_line,37
efc18da3b0,001,0,28,HIGBROS,HIGSTAS,281.8874662425369,91.0,straight_line,37
efc18da3b0,001,0,29,HIGSTAS,HIGTOWS,245.88871887580058,79.0,straight_line,37
efc18da3b0,001,0,30,HIGTOWS,HIGMAIS2,282.44288521377075,91.0,straight_line,37
efc18da3b0,001,0,31,HIGMAIS2,EFULSHIE,258.76695608374206,99.0,straight_line,37
efc18da3b0,001,0,32,EFULSHIE,LIV4THE,451.745193834392,114.0,straight_line,37
efc18da3b0,001,0,33,LIV4THE,LIVGRANE,367.8264437921325,77.0,straight_line,37
efc18da3b0,001,0,34,LIVGRANE,LIVPARE,511.0596759876178,109.0,straight_line,37
efc18da3b0,001,0,35,LIVPARE,LIVANNE,201.0043878474475,33.0,straight_line,37
efc18da3b0,001,0,36,LIVANNE,LIV18TE,213.6124976513432,35.0,straight_line,37
efc18da3b0,001,0,37,LIV18TE,LIVCARE,217.2242400172156,35.0,straight_line,37
efc18da3b0,001,0,38,LIVCARE,LIV22NE,292.9635919290065,47.0,straight_line,37
efc18da3b0,001,0,39,LIV22NE,LIVCHAE,175.26559112746156,30.0,straight_line,37
efc18da3b0,001,0,40,LIVCHAE,LIVWILE,249.07302327191974,41.0,straight_line,37
efc18da3b0,001,0,41,LIVWILE,LIVSTUE,294.2704542790114,48.0,straight_line,37
efc18da3b0,001,0,42,LIVSTUE,LIVKELE,432.69683070621323,71.0,straight_line,37
efc18da3b0,001,0,43,LIVKELE,LIVBERE,198.9810510017225,32.0,straight_line,37
efc18da3b0,001,0,44,LIVBERE,LIVBULE,433.2901814416738,71.0,straight_line,37
efc18da3b0,001,0,45,LIVBULE,LIVRHOE,175.18861471612638,28.0,straight_line,37
efc18da3b0,001,0,46,LIVRHOE,LIVMEME,235.824977460728,38.0,straight_line,37
efc18da3b0,001,0,47,LIVMEME,LIVMAYE,482.65827699099407,79.0,straight_line,37
efc18da3b0,001,0,48,LIVMAYE,LIVCOLE,405.9817161684661,72.0,straight_line,37
efc18da3b0,001,0,49,LIVCOLE,LIVCASE,302.9805101544012,39.0,straight_line,37
efc18da3b0,001,0,50,LIVCASE,LIVROOE,436.56638211237845,56.0,straight_line,37
efc18da3b0,001,0,51,LIVROOE,LIVCHEE,193.0063871581874,24.0,straight_line,37
efc18da3b0,001,0,52,LIVCHEE,ELIVKENE,163.12896894404494,21.0,straight_line,37
efc18da3b0,001,0,53,ELIVKENE,LIVWELE,335.20995505271145,43.0,straight_line,37
efc18da3b0,001,0,54,LIVWELE,LIVJAME,424.97003877995417,57.0,straight_line,37
efc18da3b0,001,0,55,LIVJAME,LIVZETE,394.9494543794107,65.0,straight_line,37
efc18da3b0,001,0,56,LIVZETE,LIVBARE,349.8222254424531,57.0,straight_line,37
efc18da3b0,001,0,57,LIVBARE,LIVCUNE,357.0160380210947,59.0,straight_line,37
efc18da3b0,001,0,58,LIVCUNE,LIVCOUE,469.0487476985031,77.0,straight_line,37
efc18da3b0,001,0,59,LIVCOUE,LIVBEEE,197.66391533540107,32.0,straight_line,37
efc18da3b0,001,0,60,LIVBEEE,LIVVILE,208.1429842992454,34.0,straight_line,37
efc18da3b0,001,0,61,LIVVILE,LIVYEAE,327.29387937921496,54.0,straight_line,37
efc18da3b0,001,0,62,LIVYEAE,LIVBURE,384.03096246190506,63.0,straight_line,37
efc18da3b0,001,0,63,LIVBURE,LIVGRAE,314.36093974718085,52.0,straight_line,37
efc18da3b0,001,0,64,LIVGRAE,LIVHAME,251.17224894524264,47.0,straight_line,37
efc18da3b0,001,0,65,LIVHAME,LIVSHAE,439.313014090018,46.0,straight_line,37
efc18da3b0,001,0,66,LIVSHAE,LIVLATE,392.0251424364967,41.0,straight_line,37
efc18da3b0,001,0,67,LIVLATE,LIVNOEE,1183.9178803248537,125.0,straight_line,37
efc18da3b0,001,0,68,LIVNOEE,LIVLONE,253.19412198744894,28.0,straight_line,37
efc18da3b0,001,0,69,LIVLONE,LIVBAIE,539.4098023171294,88.0,straight_line,37
efc18da3b0,001,0,70,LIVBAIE,LIVQUAE,227.74439896115862,37.0,straight_line,37
efc18da3b0,001,0,71,LIVQUAE,LIVWALE,303.9376959219422,50.0,straight_line,37
efc18da3b0,001,0,72,LIVWALE,LIVSARE,210.74010572049664,34.0,straight_line,37
efc18da3b0,001,0,73,LIVSARE,LIVBRIE,435.32892025720514,70.0,straight_line,37
efc18da3b0,001,0,74,LIVBRIE,EASOFFE,418.5807319162357,87.0,straight_line,37
efc18da3b0,001,0,75,EASOFFE,REYRIDSW,193.34363697473222,54.0,straight_line,37
b2630f86a8,001,0,0,PICBETS,2425BET,260.4961706553416,69.0,straight_line,38
b2630f86a8,001,0,1,2425BET,BETWOOE,283.6256286341692,58.0,straight_line,38
b2630f86a8,001,0,2,BETWOOE,BETHEDE,282.6390272727366,57.0,straight_line,38
b2630f86a8,001,0,3,BETHEDE,BETDIEE,266.0606362851271,56.0,straight_line,38
b2630f86a8,001,0,4,BETDIEE,BETOLGE,335.78163320206676,37.0,straight_line,38
b2630f86a8,001,0,5,BETOLGE,BETREEE,375.6400939017867,41.0,straight_line,38
b2630f86a8,001,0,6,BETREEE,BETPORE,360.8595676079992,40.0,straight_line,38
b2630f86a8,001,0,7,BETPORE,GODBETS,437.5459474134287,57.0,straight_line,38
b2630f86a8,001,0,8,GODBETS,GODLANSE,339.00111374281283,39.0,straight_line,38
b2630f86a8,001,0,9,GODLANSE,GODCHEE,214.66098524433113,26.0,straight_line,38
b2630f86a8,001,0,10,GODCHEE,KENWEYS,426.6755228020854,63.0,straight_line,38
b2630f86a8,001,0,11,KENWEYS,KENMERS,292.0422762605341,38.0,straight_line,38
b2630f86a8,001,0,12,KENMERS,KENFOLS,393.1207385360315,50.0,straight_line,38
b2630f86a8,001,0,13,KENFOLS,KENWINS,439.2736059568417,57.0,straight_line,38
b2630f86a8,001,0,14,KENWINS,KENPARS,366.89370790394764,47.0,straight_line,38
b2630f86a8,001,0,15,KENPARS,KENMCCS,326.4893826827645,45.0,straight_line,38
b2630f86a8,001,0,16,KENMCCS,KENMILS,407.086997979206,39.0,straight_line,38
b2630f86a8,001,0,17,KENMILS,KENRUES,646.5547707916912,64.0,straight_line,38
b2630f86a8,001,0,18,KENRUES,NORCLEE,411.41423022748813,45.0,straight_line,38
b2630f86a8,001,0,19,NORCLEE,NORSHAE,265.15879712199234,25.0,straight_line,38
b2630f86a8,001,0,20,NORSHAE,NORENTE,675.1281251824494,67.0,straight_line,38
b2630f86a8,001,0,21,NORENTE,OLE3440S,456.2734564181708,121.0,straight_line,38
b2630f86a8,001,0,22,OLE3440S,OLEUNIS,233.49853827435481,48.0,straight_line,38
b2630f86a8,001,0,23,OLEUNIS,OLERIVS1,333.553546907362,71.0,straight_line,38
b2630f86a8,001,0,24,OLERIVS1,OLEHARS2,412.8077450783187,62.0,straight_line,38
b2630f86a8,001,0,25,OLEHARS2,OLE2825S,240.35454348141164,36.0,straight_line,38
b2630f86a8,001,0,26,OLE2825S,OLEACKS,336.81475087449894,51.0,straight_line,38
b2630f86a8,001,0,27,OLEACKS,OLEARGS,481.0009601695389,73.0,straight_line,38
b2630f86a8,001,0,28,OLEARGS,LANOLEE,564.4300653910697,91.0,straight_line,38
b2630f86a8,001,0,29,LANOLEE,LANTUTE,483.2461200897135,71.0,straight_line,38
b2630f86a8,001,0,30,LANTUTE,LANNEIE,215.4625258858709,36.0,straight_line,38
b2630f86a8,001,0,31,LANNEIE,HIGLANS,461.46021907175697,112.0,straight_line,38
b2630f86a8,001,0,32,HIGLANS,HIG18TS,308.9309238454354,69.0,straight_line,38
b2630f86a8,001,0,33,HIG18TS,HIG15TS,302.4819071829012,68.0,straight_line,38
b2630f86a8,001,0,34,HIG15TS,HIG13TS,235.93424940356624,53.0,straight_line,38
b2630f86a8,001,0,35,HIG13TS,HIGCHIS,247.19899526363827,58.0,straight_line,38
b2630f86a8,001,0,36,HIGCHIS,HIG10TS,246.67802592736882,71.0,straight_line,38
b2630f86a8,001,0,37,HIG10TS,NHIGMCMS,311.2582801890763,90.0,straight_line,38
b2630f86a8,001,0,38,NHIGMCMS,HIGCLAS,221.60960914828175,64.0,straight_line,38
b2630f86a8,001,0,39,HIGCLAS,HIG5THS,250.15888255621456,75.0,straight_line,38
b2630f86a8,001,0,40,HIG5THS,HIG4THS,206.97645163414873,38.0,straight_line,38
b2630f86a8,001,0,41,HIG4THS,NHIW2S,324.0458707137797,60.0,straight_line,38
b2630f86a8,001,0,42,NHIW2S,HIGHUBS,402.91948016078567,75.0,straight_line,38
b2630f86a8,001,0,43,HIGHUBS,HIGRUSS,362.01365404689494,67.5,straight_line,38
b2630f86a8,001,0,44,HIGRUSS,HIGSWANS,235.46148714648928,44.5,straight_line,38
b2630f86a8,001,0,45,HIGSWANS,HIGOHIS,326.54755710034055,60.5,straight_line,38
b2630f86a8,001,0,46,HIGOHIS,HIGNATS,221.8000568659215,44.5,straight_line,38
b2630f86a8,001,0,47,HIGNATS,HIGLONS,343.0784148730788,120.0,straight_line,38
b2630f86a8,001,0,48,HIGLONS,HIGBROS,265.02505756658604,120.0,straight_line,38
b2630f86a8,001,0,49,HIGBROS,HIGSTAS,281.8874662425369,91.0,straight_line,38
b2630f86a8,001,0,50,HIGSTAS,HIGTOWS,245.88871887580058,79.0,straight_line,38
b2630f86a8,001,0,51,HIGTOWS,HIGMAIS2,282.44288521377075,91.0,straight_line,38
b2630f86a8,001,0,52,HIGMAIS2,EFULSHIE,258.76695608374206,99.0,straight_line,38
b2630f86a8,001,0,53,EFULSHIE,LIV4THE,451.745193834392,114.0,straight_line,38
b2630f86a8,001,0,54,LIV4THE,LIVGRANE,367.8264437921325,77.0,straight_line,38
b2630f86a8,001,0,55,LIVGRANE,LIVPARE,511.0596759876178,109.0,straight_line,38
b2630f86a8,001,0,56,LIVPARE,LIVANNE,201.0043878474475,33.0,straight_line,38
b2630f86a8,001,0,57,LIVANNE,LIV18TE,213.6124976513432,35.0,straight_line,38
b2630f86a8,001,0,58,LIV18TE,LIVCARE,217.2242400172156,35.0,straight_line,38
b2630f86a8,001,0,59,LIVCARE,LIV22NE,292.9635919290065,47.0,straight_line,38
b2630f86a8,001,0,60,LIV22NE,LIVCHAE,175.26559112746156,30.0,straight_line,38
b2630f86a8,001,0,61,LIVCHAE,LIVWILE,249.07302327191974,43.5,straight_line,38
b2630f86a8,001,0,62,LIVWILE,LIVSTUE,294.2704542790114,51.0,straight_line,38
b2630f86a8,001,0,63,LIVSTUE,LIVKELE,432.69683070621323,75.5,straight_line,38
b2630f86a8,001,0,64,LIVKELE,LIVBERE,198.9810510017225,34.0,straight_line,38
b2630f86a8,001,0,65,LIVBERE,LIVBULE,433.2901814416738,75.5,straight_line,38
b2630f86a8,001,0,66,LIVBULE,LIVRHOE,175.18861471612638,30.0,straight_line,38
b2630f86a8,001,0,67,LIVRHOE,LIVMEME,235.824977460728,40.5,straight_line,38
b2630f86a8,001,0,68,LIVMEME,LIVMAYE,482.65827699099407,84.0,straight_line,38
b2630f86a8,001,0,69,LIVMAYE,LIVCOLE,405.9817161684661,76.0,straight_line,38
b2630f86a8,001,0,70,LIVCOLE,LIVCASE,302.9805101544012,39.0,straight_line,38
b2630f86a8,001,0,71,LIVCASE,LIVROOE,436.56638211237845,56.0,straight_line,38
b2630f86a8,001,0,72,LIVROOE,LIVCHEE,193.0063871581874,24.0,straight_line,38
b2630f86a8,001,0,73,LIVCHEE,ELIVKENE,163.12896894404494,21.0,straight_line,38
b2630f86a8,001,0,74,ELIVKENE,LIVWELE,335.20995505271145,43.0,straight_line,38
b2630f86a8,001,0,75,LIVWELE,LIVJAME,424.97003877995417,57.0,straight_line,38
b2630f86a8,001,0,76,LIVJAME,LIVZETE,394.9494543794107,61.5,straight_line,38
b2630f86a8,001,0,77,LIVZETE,LIVBARE,349.8222254424531,54.0,straight_line,38
b2630f86a8,001,0,78,LIVBARE,LIVCUNE,357.0160380210947,55.5,straight_line,38
b2630f86a8,001,0,79,LIVCUNE,LIVCOUE,469.0487476985031,73.0,straight_line,38
b2630f86a8,001,0,80,LIVCOUE,LIVBEEE,197.66391533540107,30.5,straight_line,38
b2630f86a8,001,0,81,LIVBEEE,LIVVILE,208.1429842992454,32.0,straight_line,38
b2630f86a8,001,0,82,LIVVILE,LIVYEAE,327.29387937921496,51.0,straight_line,38
b2630f86a8,001,0,83,LIVYEAE,LIVBURE,384.03096246190506,59.5,straight_line,38
b2630f86a8,001,0,84,LIVBURE,LIVGRAE,314.36093974718085,49.0,straight_line,38
b2630f86a8,001,0,85,LIVGRAE,LIVHAME,251.17224894524264,44.0,straight_line,38
b2630f86a8,001,0,86,LIVHAME,LIVSHAE,439.313014090018,46.0,straight_line,38
b2630f86a8,001,0,87,LIVSHAE,LIVLATE,392.0251424364967,41.0,straight_line,38
b2630f86a8,001,0,88,LIVLATE,LIVNOEE,1183.9178803248537,125.0,straight_line,38
b2630f86a8,001,0,89,LIVNOEE,LIVLONE,253.19412198744894,28.0,straight_line,38
b2630f86a8,001,0,90,LIVLONE,LIVBAIE,539.4098023171294,88.0,straight_line,38
b2630f86a8,001,0,91,LIVBAIE,LIVQUAE,227.74439896115862,37.0,straight_line,38
b2630f86a8,001,0,92,LIVQUAE,LIVWALE,303.9376959219422,50.0,straight_line,38
b2630f86a8,001,0,93,LIVWALE,LIVSARE,210.74010572049664,34.0,straight_line,38
b2630f86a8,001,0,94,LIVSARE,LIVBRIE,435.32892025720514,70.0,straight_line,38
b2630f86a8,001,0,95,LIVBRIE,EASOFFE,418.5807319162357,87.0,straight_line,38
b2630f86a8,001,0,96,EASOFFE,REYRIDSW,193.34363697473222,54.0,straight_line,38
596ac23d12,001,1,0,REYRIDSW,EASOFFW,147.8540649259547,38.0,straight_line,36
596ac23d12,001,1,1,EASOFFW,LIVBRIW,437.6449601394933,98.0,straight_line,36
596ac23d12,001,1,2,LIVBRIW,LIVSARW,450.69642911823905,76.0,straight_line,36
596ac23d12,001,1,3,LIVSARW,LIVMCNW,196.12064824343176,33.0,straight_line,36
596ac23d12,001,1,4,LIVMCNW,LIVQUAW,233.86156125753186,39.0,straight_line,36
596ac23d12,001,1,5,LIVQUAW,LIVBAIW,304.1851512524137,51.0,straight_line,36
596ac23d12,001,1,6,LIVBAIW,LIVLONW,480.25287105563456,85.0,straight_line,36
596ac23d12,001,1,7,LIVLONW,LIVNOEW,298.9750318774485,39.0,straight_line,36
596ac23d12,001,1,8,LIVNOEW,LIVCOUNW,1310.746189887195,171.0,straight_line,36
596ac23d12,001,1,9,LIVCOUNW,LIVSHAW,202.77566038801982,26.0,straight_line,36
596ac23d12,001,1,10,LIVSHAW,4450HAW,473.9541533583846,64.0,straight_line,36
596ac23d12,001,1,11,4450HAW,LIVHAMW,297.9967761445358,43.0,straight_line,36
596ac23d12,001,1,12,LIVHAMW,LIVWESW,291.63408326038126,43.0,straight_line,36
596ac23d12,001,1,13,LIVWESW,LIVYEAW,315.6874360085554,46.0,straight_line,36
596ac23d12,001,1,14,LIVYEAW,LIVELDW,375.1738285581634,55.0,straight_line,36
596ac23d12,001,1,15,LIVELDW,LIVBEEW,292.39072464975663,43.0,straight_line,36
596ac23d12,001,1,16,LIVBEEW,LIVCOURW,240.48758477197515,35.0,straight_line,36
596ac23d12,001,1,17,LIVCOURW,LIVRANW,361.63729472524403,53.0,straight_line,36
596ac23d12,001,1,18,LIVRANW,LIVBARW,350.5658361444178,51.0,straight_line,36
596ac23d12,001,1,19,LIVBARW,LIVHAMW1,499.9288348904365,73.0,straight_line,36
596ac23d12,001,1,20,LIVHAMW1,LIVJAMW,226.47432061079277,38.0,straight_line,36
596ac23d12,001,1,21,LIVJAMW,ELIVEASW,455.70155443299024,42.0,straight_line,36
596ac23d12,001,1,22,ELIVEASW,ELIVKENW,386.7729602069587,36.0,straight_line,36
596ac23d12,001,1,23,ELIVKENW,LIVCHEW,165.59094336932682,15.0,straight_line,36
596ac23d12,001,1,24,LIVCHEW,ELIVSROW,204.2716613924614,19.0,straight_line,36
596ac23d12,001,1,25,ELIVSROW,ELIVSCAW,395.9391297541877,37.0,straight_line,36
596ac23d12,001,1,26,ELIVSCAW,LIVCOLW,309.16166275794285,31.0,straight_line,36
596ac23d12,001,1,27,LIVCOLW,LIVMAYW,352.50322576106583,59.0,straight_line,36
596ac23d12,001,1,28,LIVMAYW,LIVALUW,420.6982958108918,70.0,straight_line,36
596ac23d12,001,1,29,LIVALUW,LIVRHOW,255.05168778768225,42.0,straight_line,36
596ac23d12,001,1,30,LIVRHOW,LIVBULW,234.1148390424039,39.0,straight_line,36
596ac23d12,001,1,31,LIVBULW,LIVFAIW,150.3944901187724,25.0,straight_line,36
596ac23d12,001,1,32,LIVFAIW,LIVLILW,349.24495684467314,58.0,straight_line,36
596ac23d12,001,1,33,LIVLILW,LIVKELW,195.9820660422911,32.0,straight_line,36
596ac23d12,001,1,34,LIVKELW,LIVLOCW,263.0223700891726,44.0,straight_line,36
596ac23d12,001,1,35,LIVLOCW,LIVWILW,427.0675654574367,71.0,straight_line,36
596ac23d12,001,1,36,LIVWILW,LIVCHAW,218.68105263945432,40.0,straight_line,36
596ac23d12,001,1,37,LIVCHAW,LIVOHIW,125.55931186060751,19.0,straight_line,36
596ac23d12,001,1,38,LIVOHIW,LIVCARW,260.6198470878373,40.0,straight_line,36
596ac23d12,001,1,39,LIVCARW,LIV18TW,241.35744328690038,38.0,straight_line,36
596ac23d12,001,1,40,LIV18TW,LIVANNW,281.52003724478635,44.0,straight_line,36
596ac23d12,001,1,41,LIVANNW,LIVPARW,238.08694014928062,39.0,straight_line,36
596ac23d12,001,1,42,LIVPARW,LIVGRANW,543.2783793352281,136.0,straight_line,36
596ac23d12,001,1,43,LIVGRANW,LIVMOHW,301.5224987346215,75.0,straight_line,36
596ac23d12,001,1,44,LIVMOHW,EMOS3RDW,379.9094383637895,124.0,straight_line,36
596ac23d12,001,1,45,EMOS3RDW,MOUHIGW1,246.194072314837,61.0,straight_line,36
596ac23d12,001,1,46,MOUHIGW1,HIGRICN,272.2635578707627,77.0,straight_line,36
596ac23d12,001,1,47,HIGRICN,HIGSTANN,282.2951690108452,71.0,straight_line,36
596ac23d12,001,1,48,HIGSTANN,HIGBRONN,207.70624946057768,56.0,straight_line,36
596ac23d12,001,1,49,HIGBRONN,HIGLONN2,308.06077485788353,60.0,straight_line,36
596ac23d12,001,1,50,HIGLONN2,HIGNATN,429.8031474798347,120.0,straight_line,36
596ac23d12,001,1,51,HIGNATN,HIGOHIN,181.52866437529056,34.0,straight_line,36
596ac23d12,001,1,52,HIGOHIN,HIGSPRUN,323.07090329400836,62.0,straight_line,36
596ac23d12,001,1,53,HIGSPRUN,HIGRUSN,345.68628573655946,66.0,straight_line,36
596ac23d12,001,1,54,HIGRUSN,NHIGWARN,227.5837156540942,43.0,straight_line,36
596ac23d12,001,1,55,NHIGWARN,NHI1STN,320.90440619406326,61.0,straight_line,36
596ac23d12,001,1,56,NHI1STN,HIG2NDN,300.4552645904362,57.0,straight_line,36
596ac23d12,001,1,57,HIG2NDN,HIG5THN,486.7775917989423,97.0,straight_line,36
596ac23d12,001,1,58,HIG5THN,HIG6THN,163.38161121053093,51.0,straight_line,36
596ac23d12,001,1,59,HIG6THN,HIGEUCN,230.23762495109602,71.0,straight_line,36
596ac23d12,001,1,60,HIGEUCN,HIG9THN,227.6430605871185,70.0,straight_line,36
596ac23d12,001,1,61,HIG9THN,HIGCHIN,344.0650232068346,108.0,straight_line,36
596ac23d12,001,1,62,HIGCHIN,HIG13TN,158.79938682563994,44.0,straight_line,36
596ac23d12,001,1,63,HIG13TN,HIG15TN,213.54001598325718,60.0,straight_line,36
596ac23d12,001,1,64,HIG15TN,HIGWOON,441.7713105112007,124.0,straight_line,36
596ac23d12,001,1,65,HIGWOON,LANHIGW,321.65043760486003,105.0,straight_line,36
596ac23d12,001,1,66,LANHIGW,LANNEIW,307.0456714299998,87.0,straight_line,36
596ac23d12,001,1,67,LANNEIW,LANTUTW,231.69921701147527,29.0,straight_line,36
596ac23d12,001,1,68,LANTUTW,OLELANN,544.0546685044411,80.0,straight_line,36
596ac23d12,001,1,69,OLELANN,220OLEN,280.17612774403807,35.0,straight_line,36
596ac23d12,001,1,70,220OLEN,OLEARGN,305.7242251745188,39.0,straight_line,36
596ac23d12,001,1,71,OLEARGN,OLEBURN,223.1167770275102,28.0,straight_line,36
596ac23d12,001,1,72,OLEBURN,OLEDODN,286.37194549314603,36.0,straight_line,36
596ac23d12,001,1,73,OLEDODN,OLE2825N,174.8069015461419,22.0,straight_line,36
596ac23d12,001,1,74,OLE2825N,OLERIVN,677.6700363868015,91.0,straight_line,36
596ac23d12,001,1,75,OLERIVN,OLE3230N,162.44891261661323,26.0,straight_line,36
596ac23d12,001,1,76,OLE3230N,OLE3420N,395.4720430547642,66.0,straight_line,36
596ac23d12,001,1,77,OLE3420N,RIVHOSW,734.1425495452694,208.0,straight_line,36
3eacc477a6,001,1,0,REYRIDSW,EASOFFW,147.8540649259547,38.0,straight_line,38
3eacc477a6,001,1,1,EASOFFW,LIVBRIW,437.6449601394933,98.0,straight_line,38
3eacc477a6,001,1,2,LIVBRIW,LIVSARW,450.69642911823905,76.0,straight_line,38
3eacc477a6,001,1,3,LIVSARW,LIVMCNW,196.12064824343176,33.0,straight_line,38
3eacc477a6,001,1,4,LIVMCNW,LIVQUAW,233.86156125753186,39.0,straight_line,38
3eacc477a6,001,1,5,LIVQUAW,LIVBAIW,304.1851512524137,51.0,straight_line,38
3eacc477a6,001,1,6,LIVBAIW,LIVLONW,480.25287105563456,85.0,straight_line,38
3eacc477a6,001,1,7,LIVLONW,LIVNOEW,298.9750318774485,39.0,straight_line,38
3eacc477a6,001,1,8,LIVNOEW,LIVCOUNW,1310.746189887195,171.0,straight_line,38
3eacc477a6,001,1,9,LIVCOUNW,LIVSHAW,202.77566038801982,26.0,straight_line,38
3eacc477a6,001,1,10,LIVSHAW,4450HAW,473.9541533583846,64.0,straight_line,38
3eacc477a6,001,1,11,4450HAW,LIVHAMW,297.9967761445358,43.0,straight_line,38
3eacc477a6,001,1,12,LIVHAMW,LIVWESW,291.63408326038126,43.0,straight_line,38
3eacc477a6,001,1,13,LIVWESW,LIVYEAW,315.6874360085554,46.0,straight_line,38
3eacc477a6,001,1,14,LIVYEAW,LIVELDW,375.1738285581634,55.0,straight_line,38
3eacc477a6,001,1,15,LIVELDW,LIVBEEW,292.39072464975663,43.0,straight_line,38
3eacc477a6,001,1,16,LIVBEEW,LIVCOURW,240.48758477197515,35.0,straight_line,38
3eacc477a6,001,1,17,LIVCOURW,LIVRANW,361.63729472524403,53.0,straight_line,38
3eacc477a6,001,1,18,LIVRANW,LIVBARW,350.5658361444178,51.0,straight_line,38
3eacc477a6,001,1,19,LIVBARW,LIVHAMW1,499.9288348904365,73.0,straight_line,38
3eacc477a6,001,1,20,LIVHAMW1,LIVJAMW,226.47432061079277,38.0,straight_line,38
3eacc477a6,001,1,21,LIVJAMW,ELIVEASW,455.70155443299024,42.0,straight_line,38
3eacc477a6,001,1,22,ELIVEASW,ELIVKENW,386.7729602069587,36.0,straight_line,38
3eacc477a6,001,1,23,ELIVKENW,LIVCHEW,165.59094336932682,15.0,straight_line,38
3eacc477a6,001,1,24,LIVCHEW,ELIVSROW,204.2716613924614,19.0,straight_line,38
3eacc477a6,001,1,25,ELIVSROW,ELIVSCAW,395.9391297541877,37.0,straight_line,38
3eacc477a6,001,1,26,ELIVSCAW,LIVCOLW,309.16166275794285,31.0,straight_line,38
3eacc477a6,001,1,27,LIVCOLW,LIVMAYW,352.50322576106583,59.0,straight_line,38
3eacc477a6,001,1,28,LIVMAYW,LIVALUW,420.6982958108918,70.0,straight_line,38
3eacc477a6,001,1,29,LIVALUW,LIVRHOW,255.05168778768225,42.0,straight_line,38
3eacc477a6,001,1,30,LIVRHOW,LIVBULW,234.1148390424039,39.0,straight_line,38
3eacc477a6,001,1,31,LIVBULW,LIVFAIW,150.3944901187724,25.0,straight_line,38
3eacc477a6,001,1,32,LIVFAIW,LIVLILW,349.24495684467314,58.0,straight_line,38
3eacc477a6,001,1,33,LIVLILW,LIVKELW,195.9820660422911,32.0,straight_line,38
3eacc477a6,001,1,34,LIVKELW,LIVLOCW,263.0223700891726,44.0,straight_line,38
3eacc477a6,001,1,35,LIVLOCW,LIVWILW,427.0675654574367,71.0,straight_line,38
3eacc477a6,001,1,36,LIVWILW,LIVCHAW,218.68105263945432,40.0,straight_line,38
3eacc477a6,001,1,37,LIVCHAW,LIVOHIW,125.55931186060751,19.0,straight_line,38
3eacc477a6,001,1,38,LIVOHIW,LIVCARW,260.6198470878373,40.0,straight_line,38
3eacc477a6,001,1,39,LIVCARW,LIV18TW,241.35744328690038,38.0,straight_line,38
3eacc477a6,001,1,40,LIV18TW,LIVANNW,281.52003724478635,44.0,straight_line,38
3eacc477a6,001,1,41,LIVANNW,LIVPARW,238.08694014928062,39.0,straight_line,38
3eacc477a6,001,1,42,LIVPARW,LIVGRANW,543.2783793352281,136.0,straight_line,38
3eacc477a6,001,1,43,LIVGRANW,LIVMOHW,301.5224987346215,75.0,straight_line,38
3eacc477a6,001,1,44,LIVMOHW,EMOS3RDW,379.9094383637895,124.0,straight_line,38
3eacc477a6,001,1,45,EMOS3RDW,MOUHIGW1,246.194072314837,61.0,straight_line,38
3eacc477a6,001,1,46,MOUHIGW1,HIGRICN,272.2635578707627,77.0,straight_line,38
3eacc477a6,001,1,47,HIGRICN,HIGSTANN,282.2951690108452,71.0,straight_line,38
3eacc477a6,001,1,48,HIGSTANN,HIGBRONN,207.70624946057768,56.0,straight_line,38
3eacc477a6,001,1,49,HIGBRONN,HIGLONN2,308.06077485788353,60.0,straight_line,38
3eacc477a6,001,1,50,HIGLONN2,HIGNATN,429.8031474798347,120.0,straight_line,38
3eacc477a6,001,1,51,HIGNATN,HIGOHIN,181.52866437529056,34.0,straight_line,38
3eacc477a6,001,1,52,HIGOHIN,HIGSPRUN,323.07090329400836,62.0,straight_line,38
3eacc477a6,001,1,53,HIGSPRUN,HIGRUSN,345.68628573655946,66.0,straight_line,38
3eacc477a6,001,1,54,HIGRUSN,NHIGWARN,227.5837156540942,43.0,straight_line,38
3eacc477a6,001,1,55,NHIGWARN,NHI1STN,320.90440619406326,61.0,straight_line,38
3eacc477a6,001,1,56,NHI1STN,HIG2NDN,300.4552645904362,57.0,straight_line,38
3eacc477a6,001,1,57,HIG2NDN,HIG5THN,486.7775917989423,97.0,straight_line,38
3eacc477a6,001,1,58,HIG5THN,HIG6THN,163.38161121053093,51.0,straight_line,38
3eacc477a6,001,1,59,HIG6THN,HIGEUCN,230.23762495109602,71.0,straight_line,38
3eacc477a6,001,1,60,HIGEUCN,HIG9THN,227.6430605871185,70.0,straight_line,38
3eacc477a6,001,1,61,HIG9THN,HIGCHIN,344.0650232068346,108.0,straight_line,38
3eacc477a6,001,1,62,HIGCHIN,HIG13TN,158.79938682563994,44.0,straight_line,38
3eacc477a6,001,1,63,HIG13TN,HIG15TN,213.54001598325718,60.0,straight_line,38
3eacc477a6,001,1,64,HIG15TN,HIGWOON,441.7713105112007,124.0,straight_line,38
3eacc477a6,001,1,65,HIGWOON,LANHIGW,321.65043760486003,105.0,straight_line,38
3eacc477a6,001,1,66,LANHIGW,LANNEIW,307.0456714299998,87.0,straight_line,38
3eacc477a6,001,1,67,LANNEIW,LANTUTW,231.69921701147527,29.0,straight_line,38
3eacc477a6,001,1,68,LANTUTW,OLELANN,544.0546685044411,80.0,straight_line,38
3eacc477a6,001,1,69,OLELANN,220OLEN,280.17612774403807,35.0,straight_line,38
3eacc477a6,001,1,70,220OLEN,OLEARGN,305.7242251745188,39.0,straight_line,38
3eacc477a6,001,1,71,OLEARGN,OLEBURN,223.1167770275102,28.0,straight_line,38
3eacc477a6,001,1,72,OLEBURN,OLEDODN,286.37194549314603,36.0,straight_line,38
3eacc477a6,001,1,73,OLEDODN,OLE2825N,174.8069015461419,22.0,straight_line,38
3eacc477a6,001,1,74,OLE2825N,OLERIVN,677.6700363868015,91.0,straight_line,38
3eacc477a6,001,1,75,OLERIVN,OLE3230N,162.44891261661323,37.0,straight_line,38
3eacc477a6,001,1,76,OLE3230N,OLE3420N,395.4720430547642,92.0,straight_line,38
3eacc477a6,001,1,77,OLE3420N,NOREXIW,587.2075682258267,171.0,straight_line,38
3eacc477a6,001,1,78,NOREXIW,NORSHAW,558.264920238452,55.0,straight_line,38
3eacc477a6,001,1,79,NORSHAW,NORCLEW,352.8955922725388,34.0,straight_line,38
3eacc477a6,001,1,80,NORCLEW,KENKENBN,323.78425459003654,38.0,straight_line,38
3eacc477a6,001,1,81,KENKENBN,KENTREN,248.04792873503578,24.0,straight_line,38
3eacc477a6,001,1,82,KENTREN,KENMILN,429.17204283074113,43.0,straight_line,38
3eacc477a6,001,1,83,KENMILN,KENHIGN,433.9199991533108,46.0,straight_line,38
3eacc477a6,001,1,84,KENHIGN,KENPARN,326.80180680425457,34.0,straight_line,38
3eacc477a6,001,1,85,KENPARN,KENWINN,404.01588118628075,42.0,straight_line,38
3eacc477a6,001,1,86,KENWINN,KENFOLN,346.5994660950657,36.0,straight_line,38
3eacc477a6,001,1,87,KENFOLN,KENMERN,462.2591873115194,48.0,straight_line,38
3eacc477a6,001,1,88,KENMERN,KENWEYN,253.4698286729175,26.0,straight_line,38
3eacc477a6,001,1,89,KENWEYN,GODCHEW,440.2461698665178,54.0,straight_line,38
3eacc477a6,001,1,90,GODCHEW,GODCAMN,389.9242469799383,42.0,straight_line,38
3eacc477a6,001,1,91,GODCAMN,BETGODW,296.93606493419696,35.0,straight_line,38
3eacc477a6,001,1,92,BETGODW,BETPORW,430.8624055261099,45.0,straight_line,38
3eacc477a6,001,1,93,BETPORW,BETREEW,410.47239592342135,43.0,straight_line,38
3eacc477a6,001,1,94,BETREEW,BETMCKW,340.4449611964028,35.0,straight_line,38
3eacc477a6,001,1,95,BETMCKW,BETDIEW,358.1000865372873,40.0,straight_line,38
3eacc477a6,001,1,96,BETDIEW,BETBETW,229.08293126062082,31.0,straight_line,38
3eacc477a6,001,1,97,BETBETW,BETCOAW,298.70507094893355,41.0,straight_line,38
3eacc477a6,001,1,98,BETCOAW,BETPICW,459.67969592698614,63.0,straight_line,38
3eacc477a6,001,1,99,BETPICW,BETGRYSW,278.67148817075565,38.0,straight_line,38
3eacc477a6,001,1,100,BETGRYSW,SAWBETN,259.5041347453893,51.0,straight_line,38
3eacc477a6,001,1,101,SAWBETN,RESSAWE,249.46232653980923,50.0,straight_line,38
3eacc477a6,001,1,102,RESSAWE,PICBETS,468.96486790970044,86.0,straight_line,38
0f9e2b4fc2,002,0,0,WESHIGW,HIG521S,120.28095799489635,60.0,straight_line,37
0f9e2b4fc2,002,0,1,HIG521S,HIGFENS,137.42389151968723,20.0,straight_line,37
0f9e2b4fc2,002,0,2,HIGFENS,HIGGRA2S,336.56589941760006,49.0,straight_line,37
0f9e2b4fc2,002,0,3,HIGGRA2S,HIGMORS,207.98791519318095,30.0,straight_line,37
0f9e2b4fc2,002,0,4,HIGMORS,HIGJEFS,131.0444123921225,21.0,straight_line,37
0f9e2b4fc2,002,0,5,HIGJEFS,HIGBEES,320.7004622567199,52.0,straight_line,37
0f9e2b4fc2,002,0,6,HIGBEES,HIGSHES,290.10265400236915,47.0,straight_line,37
0f9e2b4fc2,002,0,7,HIGSHES,HIGHENS,497.52808273946084,81.0,straight_line,37
0f9e2b4fc2,002,0,8,HIGHENS,HIGCOOS,240.9977265722494,43.0,straight_line,37
0f9e2b4fc2,002,0,9,HIGCOOS,HIGWESS,290.7004886017714,52.0,straight_line,37
0f9e2b4fc2,002,0,10,HIGWESS,HIGBLES,313.7160861023577,56.0,straight_line,37
0f9e2b4fc2,002,0,11,HIGBLES,HIGCHAS,227.69863359160033,40.0,straight_line,37
0f9e2b4fc2,002,0,12,HIGCHAS,HIGAMAS,203.5764547066664,36.0,straight_line,37
0f9e2b4fc2,002,0,13,HIGAMAS,HIGERIS,252.6002495209116,45.0,straight_line,37
0f9e2b4fc2,002,0,14,HIGERIS,HIGNORMS,209.63311244855808,37.0,straight_line,37
0f9e2b4fc2,002,0,15,HIGNORMS,HIGKENS,377.0584519412494,67.0,straight_line,37
0f9e2b4fc2,002,0,16,HIGKENS,HIGNORS,231.22801788634422,44.0,straight_line,37
0f9e2b4fc2,002,0,17,HIGNORS,HIGLAKS,402.94770088265824,63.0,straight_line,37
0f9e2b4fc2,002,0,18,HIGLAKS,HIGWEBS,226.71805104660106,35.0,straight_line,37
0f9e2b4fc2,002,0,19,HIGWEBS,HIGCRES,306.8225361927644,48.0,straight_line,37
0f9e2b4fc2,002,0,20,HIGCRES,HIGOLES,313.73056696698467,49.0,straight_line,37
0f9e2b4fc2,002,0,21,HIGOLES,HIGDODS,402.6477025139149,63.0,straight_line,37
0f9e2b4fc2,002,0,22,HIGDODS,HIGHUDS,248.3643430358158,42.0,straight_line,37
0f9e2b4fc2,002,0,23,HIGHUDS,HIGMAYS,305.27923440332364,62.0,straight_line,37
0f9e2b4fc2,002,0,24,HIGMAYS,HIGOAKS,241.79560314137177,49.0,straight_line,37
0f9e2b4fc2,002,0,25,HIGOAKS,HIGNORWS,167.924178887345,34.0,straight_line,37
0f9e2b4fc2,002,0,26,HIGNORWS,HIGLANS,237.36117080957334,48.0,straight_line,37
0f9e2b4fc2,002,0,27,HIGLANS,HIG18TS,308.9309238454354,63.0,straight_line,37
0f9e2b4fc2,002,0,28,HIG18TS,HIG15TS,302.4819071829012,62.0,straight_line,37
0f9e2b4fc2,002,0,29,HIG15TS,HIG13TS,235.93424940356624,48.0,straight_line,37
0f9e2b4fc2,002,0,30,HIG13TS,HIGCHIS,247.19899526363827,54.0,straight_line,37
0f9e2b4fc2,002,0,31,HIGCHIS,HIG10TS,246.67802592736882,71.0,straight_line,37
0f9e2b4fc2,002,0,32,HIG10TS,NHIGMCMS,311.2582801890763,90.0,straight_line,37
0f9e2b4fc2,002,0,33,NHIGMCMS,HIGCLAS,221.60960914828175,64.0,straight_line,37
0f9e2b4fc2,002,0,34,HIGCLAS,HIG5THS,250.15888255621456,75.0,straight_line,37
0f9e2b4fc2,002,0,35,HIG5THS,HIG4THS,206.97645163414873,35.0,straight_line,37
0f9e2b4fc2,002,0,36,HIG4THS,NHIW2S,324.0458707137797,55.0,straight_line,37
0f9e2b4fc2,002,0,37,NHIW2S,HIGHUBS,402.91948016078567,69.0,straight_line,37
0f9e2b4fc2,002,0,38,HIGHUBS,HIGRUSS,362.01365404689494,62.0,straight_line,37
0f9e2b4fc2,002,0,39,HIGRUSS,HIGSWANS,235.46148714648928,41.0,straight_line,37
0f9e2b4fc2,002,0,40,HIGSWANS,HIGOHIS,326.54755710034055,56.0,straight_line,37
0f9e2b4fc2,002,0,41,HIGOHIS,HIGNATS,221.8000568659215,42.0,straight_line,37
0f9e2b4fc2,002,0,42,HIGNATS,HIGLONS,343.0784148730788,60.0,straight_line,37
0f9e2b4fc2,002,0,43,HIGLONS,HIGBROS,265.02505756658604,120.0,straight_line,37
0f9e2b4fc2,002,0,44,HIGBROS,HIGSTAS,281.8874662425369,101.0,straight_line,37
0f9e2b4fc2,002,0,45,HIGSTAS,HIGTOWS,245.88871887580058,88.0,straight_line,37
0f9e2b4fc2,002,0,46,HIGTOWS,MAIHIGE,247.1855977116789,111.0,straight_line,37
0f9e2b4fc2,002,0,47,MAIHIGE,MAI4THE,329.30011852947473,98.0,straight_line,37
0f9e2b4fc2,002,0,48,MAI4THE,MAI5THE,198.15325708277922,59.0,straight_line,37
0f9e2b4fc2,002,0,49,MAI5THE,MAIGRANE,275.7958854142203,83.0,straight_line,37
0f9e2b4fc2,002,0,50,MAIGRANE,MAIWASE,260.49496696649425,40.0,straight_line,37
0f9e2b4fc2,002,0,51,MAIWASE,MAIALLE,559.0377576233402,86.0,straight_line,37
0f9e2b4fc2,002,0,52,MAIALLE,EMAIN18E,267.10400641787845,41.0,straight_line,37
0f9e2b4fc2,002,0,53,EMAIN18E,MAIGILE,242.52372008190528,37.0,straight_line,37
0f9e2b4fc2,002,0,54,MAIGILE,MAIOHIE,221.6208115174525,36.0,straight_line,37
0f9e2b4fc2,002,0,55,MAIOHIE,MAICHAE,174.79120882246394,25.0,straight_line,37
0f9e2b4fc2,002,0,56,MAICHAE,MAIWILE,171.52130476300283,25.0,straight_line,37
0f9e2b4fc2,002,0,57,MAIWILE,MAIKIME,276.5788311248828,40.0,straight_line,37
0f9e2b4fc2,002,0,58,MAIKIME,MAIMILLE,245.97788190572973,36.0,straight_line,37
0f9e2b4fc2,002,0,59,MAIMILLE,MAIKELTE,169.52209805877683,24.0,straight_line,37
0f9e2b4fc2,002,0,60,MAIKELTE,MAISEYE,367.39387016696526,54.0,straight_line,37
0f9e2b4fc2,002,0,61,MAISEYE,MAIBULE,281.76829459883714,41.0,straight_line,37
0f9e2b4fc2,002,0,62,MAIBULE,MAIRHOE,202.15583721954388,29.0,straight_line,37
0f9e2b4fc2,002,0,63,MAIRHOE,MAIALUE,422.4403559850967,62.0,straight_line,37
0f9e2b4fc2,002,0,64,MAIALUE,MAIPARE,174.52891337884458,25.0,straight_line,37
0f9e2b4fc2,002,0,65,MAIPARE,MAIDREE,354.77191335641976,59.0,straight_line,37
0f9e2b4fc2,002,0,66,MAIDREE,MAIEUCE,365.76129227307376,67.0,straight_line,37
0f9e2b4fc2,002,0,67,MAIEUCE,MAIMONE,243.80780958154307,45.0,straight_line,37
0f9e2b4fc2,002,0,68,MAIMONE,MAIROOE,270.14991999403156,50.0,straight_line,37
0f9e2b4fc2,002,0,69,MAIROOE,MAIBROE,398.4129604066069,74.0,straight_line,37
0f9e2b4fc2,002,0,70,MAIBROE,MAIENFE,213.01208413743703,40.0,straight_line,37
0f9e2b4fc2,002,0,71,MAIENFE,MAIBROE1,244.0984199383492,44.0,straight_line,37
0f9e2b4fc2,002,0,72,MAIBROE1,MAIJAME,199.05212529497683,40.0,straight_line,37
0f9e2b4fc2,002,0,73,MAIJAME,MAIWEYE,560.4906008700087,103.0,straight_line,37
0f9e2b4fc2,002,0,74,MAIWEYE,MAIBARE,263.5663216058483,48.0,straight_line,37
0f9e2b4fc2,002,0,75,MAIBARE,MAIMAPE,200.02764784367582,36.0,straight_line,37
0f9e2b4fc2,002,0,76,MAIMAPE,MAICOLWE,194.91666614756397,35.0,straight_line,37
0f9e2b4fc2,002,0,77,MAICOLWE,MAIROBE1,353.72343187001786,65.0,straight_line,37
0f9e2b4fc2,002,0,78,MAIROBE1,MAILAME,392.39316737543004,72.0,straight_line,37
0f9e2b4fc2,002,0,79,MAILAME,MAIKARE,273.05036938809513,50.0,straight_line,37
0f9e2b4fc2,002,0,80,MAIKARE,MAIYEAE,201.2766958870814,37.0,straight_line,37
0f9e2b4fc2,002,0,81,MAIYEAE,MAIWESE1,355.31012422379746,65.0,straight_line,37
0f9e2b4fc2,002,0,82,MAIWESE1,MAIBERE,210.9986816076196,38.0,straight_line,37
0f9e2b4fc2,002,0,83,MAIBERE,MAIHAME,246.5835329036202,51.0,straight_line,37
0f9e2b4fc2,002,0,84,MAIHAME,GRTEASW,324.5384158753839,120.0,straight_line,37
cd72fb2750,002,0,0,WESHIGW,HIG521S,120.28095799489635,60.0,straight_line,38
cd72fb2750,002,0,1,HIG521S,HIGFENS,137.42389151968723,20.0,straight_line,38
cd72fb2750,002,0,2,HIGFENS,HIGGRA2S,336.56589941760006,49.0,straight_line,38
cd72fb2750,002,0,3,HIGGRA2S,HIGMORS,207.98791519318095,30.0,straight_line,38
cd72fb2750,002,0,4,HIGMORS,HIGJEFS,131.0444123921225,21.0,straight_line,38
cd72fb2750,002,0,5,HIGJEFS,HIGBEES,320.7004622567199,52.0,straight_line,38
cd72fb2750,002,0,6,HIGBEES,HIGSHES,290.10265400236915,47.0,straight_line,38
cd72fb2750,002,0,7,HIGSHES,HIGHENS,497.52808273946084,81.0,straight_line,38
cd72fb2750,002,0,8,HIGHENS,HIGCOOS,240.9977265722494,43.0,straight_line,38
cd72fb2750,002,0,9,HIGCOOS,HIGWESS,290.7004886017714,52.0,straight_line,38
cd72fb2750,002,0,10,HIGWESS,HIGBLES,313.7160861023577,56.0,straight_line,38
cd72fb2750,002,0,11,HIGBLES,HIGCHAS,227.69863359160033,40.0,straight_line,38
cd72fb2750,002,0,12,HIGCHAS,HIGAMAS,203.5764547066664,36.0,straight_line,38
cd72fb2750,002,0,13,HIGAMAS,HIGERIS,252.6002495209116,45.0,straight_line,38
cd72fb2750,002,0,14,HIGERIS,HIGNORMS,209.63311244855808,37.0,straight_line,38
cd72fb2750,002,0,15,HIGNORMS,HIGKENS,377.0584519412494,67.0,straight_line,38
cd72fb2750,002,0,16,HIGKENS,HIGNORS,231.22801788634422,44.0,straight_line,38
cd72fb2750,002,0,17,HIGNORS,HIGLAKS,402.94770088265824,63.0,straight_line,38
cd72fb2750,002,0,18,HIGLAKS,HIGWEBS,226.71805104660106,35.0,straight_line,38
cd72fb2750,002,0,19,HIGWEBS,HIGCRES,306.8225361927644,48.0,straight_line,38
cd72fb2750,002,0,20,HIGCRES,HIGOLES,313.73056696698467,49.0,straight_line,38
cd72fb2750,002,0,21,HIGOLES,HIGDODS,402.6477025139149,63.0,straight_line,38
cd72fb2750,002,0,22,HIGDODS,HIGHUDS,248.3643430358158,42.0,straight_line,38
cd72fb2750,002,0,23,HIGHUDS,HIGMAYS,305.27923440332364,62.0,straight_line,38
cd72fb2750,002,0,24,HIGMAYS,HIGOAKS,241.79560314137177,49.0,straight_line,38
cd72fb2750,002,0,25,HIGOAKS,HIGNORWS,167.924178887345,34.0,straight_line,38
cd72fb2750,002,0,26,HIGNORWS,HIGLANS,237.36117080957334,48.0,straight_line,38
cd72fb2750,002,0,27,HIGLANS,HIG18TS,308.9309238454354,63.0,straight_line,38
cd72fb2750,002,0,28,HIG18TS,HIG15TS,302.4819071829012,62.0,straight_line,38
cd72fb2750,002,0,29,HIG15TS,HIG13TS,235.93424940356624,48.0,straight_line,38
cd72fb2750,002,0,30,HIG13TS,HIGCHIS,247.19899526363827,54.0,straight_line,38
cd72fb2750,002,0,31,HIGCHIS,HIG10TS,246.67802592736882,71.0,straight_line,38
cd72fb2750,002,0,32,HIG10TS,NHIGMCMS,311.2582801890763,90.0,straight_line,38
cd72fb2750,002,0,33,NHIGMCMS,HIGCLAS,221.60960914828175,64.0,straight_line,38
cd72fb2750,002,0,34,HIGCLAS,HIG5THS,250.15888255621456,75.0,straight_line,38
cd72fb2750,002,0,35,HIG5THS,HIG4THS,206.97645163414873,35.0,straight_line,38
cd72fb2750,002,0,36,HIG4THS,NHIW2S,324.0458707137797,55.0,straight_line,38
cd72fb2750,002,0,37,NHIW2S,HIGHUBS,402.91948016078567,69.0,straight_line,38
cd72fb2750,002,0,38,HIGHUBS,HIGRUSS,362.01365404689494,62.0,straight_line,38
cd72fb2750,002,0,39,HIGRUSS,HIGSWANS,235.46148714648928,41.0,straight_line,38
cd72fb2750,002,0,40,HIGSWANS,HIGOHIS,326.54755710034055,56.0,straight_line,38
cd72fb2750,002,0,41,HIGOHIS,HIGNATS,221.8000568659215,42.0,straight_line,38
cd72fb2750,002,0,42,HIGNATS,HIGLONS,343.0784148730788,60.0,straight_line,38
cd72fb2750,002,0,43,HIGLONS,HIGBROS,265.02505756658604,120.0,straight_line,38
cd72fb2750,002,0,44,HIGBROS,HIGSTAS,281.8874662425369,101.0,straight_line,38
cd72fb2750,002,0,45,HIGSTAS,HIGTOWS,245.88871887580058,88.0,straight_line,38
cd72fb2750,002,0,46,HIGTOWS,MAIHIGE,247.1855977116789,111.0,straight_line,38
cd72fb2750,002,0,47,MAIHIGE,MAI4THE,329.30011852947473,98.0,straight_line,38
cd72fb2750,002,0,48,MAI4THE,MAI5THE,198.15325708277922,59.0,straight_line,38
cd72fb2750,002,0,49,MAI5THE,MAIGRANE,275.7958854142203,83.0,straight_line,38
cd72fb2750,002,0,50,MAIGRANE,MAIWASE,260.49496696649425,40.0,straight_line,38
cd72fb2750,002,0,51,MAIWASE,MAIALLE,559.0377576233402,86.0,straight_line,38
cd72fb2750,002,0,52,MAIALLE,EMAIN18E,267.10400641787845,41.0,straight_line,38
cd72fb2750,002,0,53,EMAIN18E,MAIGILE,242.52372008190528,37.0,straight_line,38
cd72fb2750,002,0,54,MAIGILE,MAIOHIE,221.6208115174525,36.0,straight_line,38
cd72fb2750,002,0,55,MAIOHIE,MAICHAE,174.79120882246394,25.0,straight_line,38
cd72fb2750,002,0,56,MAICHAE,MAIWILE,171.52130476300283,25.0,straight_line,38
cd72fb2750,002,0,57,MAIWILE,MAIKIME,276.5788311248828,40.0,straight_line,38
cd72fb2750,002,0,58,MAIKIME,MAIMILLE,245.97788190572973,36.0,straight_line,38
cd72fb2750,002,0,59,MAIMILLE,MAIKELTE,169.52209805877683,24.0,straight_line,38
cd72fb2750,002,0,60,MAIKELTE,MAISEYE,367.39387016696526,54.0,straight_line,38
cd72fb2750,002,0,61,MAISEYE,MAIBULE,281.76829459883714,41.0,straight_line,38
cd72fb2750,002,0,62,MAIBULE,MAIRHOE,202.15583721954388,29.0,straight_line,38
cd72fb2750,002,0,63,MAIRHOE,MAIALUE,422.4403559850967,62.0,straight_line,38
cd72fb2750,002,0,64,MAIALUE,MAIPARE,174.52891337884458,25.0,straight_line,38
cd72fb2750,002,0,65,MAIPARE,MAIDREE,354.77191335641976,59.0,straight_line,38
cd72fb2750,002,0,66,MAIDREE,MAIEUCE,365.76129227307376,67.0,straight_line,38
cd72fb2750,002,0,67,MAIEUCE,MAIMONE,243.80780958154307,45.0,straight_line,38
cd72fb2750,002,0,68,MAIMONE,MAIROOE,270.14991999403156,50.0,straight_line,38
cd72fb2750,002,0,69,MAIROOE,MAIBROE,398.4129604066069,74.0,straight_line,38
cd72fb2750,002,0,70,MAIBROE,MAIENFE,213.01208413743703,40.0,straight_line,38
cd72fb2750,002,0,71,MAIENFE,MAIBROE1,244.0984199383492,44.0,straight_line,38
cd72fb2750,002,0,72,MAIBROE1,MAIJAME,199.05212529497683,40.0,straight_line,38
cd72fb2750,002,0,73,MAIJAME,MAIWEYE,560.4906008700087,103.0,straight_line,38
cd72fb2750,002,0,74,MAIWEYE,MAIBARE,263.5663216058483,48.0,straight_line,38
cd72fb2750,002,0,75,MAIBARE,MAIMAPE,200.02764784367582,36.0,straight_line,38
cd72fb2750,002,0,76,MAIMAPE,MAICOLWE,194.91666614756397,35.0,straight_line,38
cd72fb2750,002,0,77,MAICOLWE,MAIROBE1,353.72343187001786,65.0,straight_line,38
cd72fb2750,002,0,78,MAIROBE1,MAILAME,392.39316737543004,72.0,straight_line,38
cd72fb2750,002,0,79,MAILAME,MAIKARE,273.05036938809513,50.0,straight_line,38
cd72fb2750,002,0,80,MAIKARE,MAIYEAE,201.2766958870814,37.0,straight_line,38
cd72fb2750,002,0,81,MAIYEAE,MAIWESE1,355.31012422379746,65.0,straight_line,38
cd72fb2750,002,0,82,MAIWESE1,MAIBERE,210.9986816076196,38.0,straight_line,38
cd72fb2750,002,0,83,MAIBERE,MAIHAME,246.5835329036202,51.0,straight_line,38
cd72fb2750,002,0,84,MAIHAME,MAISHAE,540.3481048788674,65.0,straight_line,38
cd72fb2750,002,0,85,MAISHAE,MAICOUE,286.60506507396104,34.0,straight_line,38
cd72fb2750,002,0,86,MAICOUE,MAIMANE,498.52524256365814,60.0,straight_line,38
cd72fb2750,002,0,87,MAIMANE,MAIFOUNE,163.3263914762991,21.0,straight_line,38
cd72fb2750,002,0,88,MAIFOUNE,MAIHEAE,431.57563467236986,57.0,straight_line,38
cd72fb2750,002,0,89,MAIHEAE,MAINOEE,235.7008878572146,31.0,straight_line,38
cd72fb2750,002,0,90,MAINOEE,MAIMCNE,1201.1615845303834,158.0,straight_line,38
cd72fb2750,002,0,91,MAIMCNE,MAIVALE,195.3140941533005,25.0,straight_line,38
cd72fb2750,002,0,92,MAIVALE,MAIIDLE,381.6720698099797,50.0,straight_line,38
cd72fb2750,002,0,93,MAIIDLE,MAIBRICE,277.2922731916936,39.0,straight_line,38
cd72fb2750,002,0,94,MAIBRICE,MAI652E,371.9034116179721,51.0,straight_line,38
cd72fb2750,002,0,95,MAI652E,MAIROSEE,410.7473679931829,56.0,straight_line,38
cd72fb2750,002,0,96,MAIROSEE,MAIHENE,338.9411836874097,46.0,straight_line,38
cd72fb2750,002,0,97,MAIHENE,MAIBRIE,281.51617095454367,38.0,straight_line,38
cd72fb2750,002,0,98,MAIBRIE,MAIHAFE,443.9952860974357,61.0,straight_line,38
cd72fb2750,002,0,99,MAIHAFE,MAIJACE,500.42249212544186,69.0,straight_line,38
cd72fb2750,002,0,100,MAIJACE,MAIGRAHE,406.9861119173296,56.0,straight_line,38
cd72fb2750,002,0,101,MAIGRAHE,MAIESTE,323.6923071823455,44.0,straight_line,38
cd72fb2750,002,0,102,MAIESTE,MAIOAKE1,397.4252187775584,59.0,straight_line,38
0cab1295d1,002,1,0,MAIOAKE1,HANMAIN,712.6303721677768,105.0,straight_line,38
0cab1295d1,002,1,1,HANMAIN,GOLHILW,306.24132122513123,51.0,straight_line,38
0cab1295d1,002,1,2,GOLHILW,CARMAIS,240.2699591928975,43.0,straight_line,38
0cab1295d1,002,1,3,CARMAIS,MAIOAKW,291.6775801275439,43.0,straight_line,38
0cab1295d1,002,1,4,MAIOAKW,MAIESTW,303.76690478099107,40.0,straight_line,38
0cab1295d1,002,1,5,MAIESTW,MAIWAGW,439.9522035432215,58.0,straight_line,38
0cab1295d1,002,1,6,MAIWAGW,MAIJACW,375.1670018399717,49.0,straight_line,38
0cab1295d1,002,1,7,MAIJACW,MAIHAFW,500.8483606806068,66.0,straight_line,38
0cab1295d1,002,1,8,MAIHAFW,MAIBRIW,386.2437787344752,51.0,straight_line,38
0cab1295d1,002,1,9,MAIBRIW,MAIHENW,317.97738245923495,42.0,straight_line,38
0cab1295d1,002,1,10,MAIHENW,MAIROSEW,418.51068693548285,55.0,straight_line,38
0cab1295d1,002,1,11,MAIROSEW,MAI650W,274.170809608905,36.0,straight_line,38
0cab1295d1,002,1,12,MAI650W,MAIBRICW,590.3376956196701,81.0,straight_line,38
0cab1295d1,002,1,13,MAIBRICW,MAIMAIW,463.44373799558304,53.0,straight_line,38
0cab1295d1,002,1,14,MAIMAIW,MAIMCNW,173.78909250326143,20.0,straight_line,38
0cab1295d1,002,1,15,MAIMCNW,MAINOEW,1272.2410084656258,147.0,straight_line,38
0cab1295d1,002,1,16,MAINOEW,MAIHEAW,245.26412000106345,28.0,straight_line,38
0cab1295d1,002,1,17,MAIHEAW,MAIFOUW,442.37666601641934,52.0,straight_line,38
0cab1295d1,002,1,18,MAIFOUW,MAIMANW,160.89418949893832,34.0,straight_line,38
0cab1295d1,002,1,19,MAIMANW,MAICOUW,497.85894389266923,106.0,straight_line,38
0cab1295d1,002,1,20,MAICOUW,MAISHAW,286.7508814028922,61.0,straight_line,38
0cab1295d1,002,1,21,MAISHAW,MAIHAMW,457.70752101115164,99.0,straight_line,38
0cab1295d1,002,1,22,MAIHAMW,MAIBERW,292.0678529574884,48.0,straight_line,38
0cab1295d1,002,1,23,MAIBERW,MAIWESW,187.19709890579784,31.0,straight_line,38
0cab1295d1,002,1,24,MAIWESW,MAIYEAW,343.0654716729253,56.0,straight_line,38
0cab1295d1,002,1,25,MAIYEAW,MAIKARW,250.99499906076372,41.0,straight_line,38
0cab1295d1,002,1,26,MAIKARW,MAILAMW,273.43012014348784,45.0,straight_line,38
0cab1295d1,002,1,27,MAILAMW,MAIROBW,352.681149467972,58.0,straight_line,38
0cab1295d1,002,1,28,MAIROBW,MAICOLWW,403.4317199379705,67.0,straight_line,38
0cab1295d1,002,1,29,MAICOLWW,MAIMAPW,205.29217541903472,34.0,straight_line,38
0cab1295d1,002,1,30,MAIMAPW,MAIRUBW,222.47980919445385,36.0,straight_line,38
0cab1295d1,002,1,31,MAIRUBW,MAIWEYW,220.5860032120405,36.0,straight_line,38
0cab1295d1,002,1,32,MAIWEYW,MAIJAMW,493.97494085354026,88.0,straight_line,38
0cab1295d1,002,1,33,MAIJAMW,MAIEASW,350.07385679141487,52.0,straight_line,38
0cab1295d1,002,1,34,MAIEASW,MAICHEW,208.71646507451942,31.0,straight_line,38
0cab1295d1,002,1,35,MAICHEW,MAIKENW,235.9330415098372,35.0,straight_line,38
0cab1295d1,002,1,36,MAIKENW,MAIROOW,302.29838567724727,45.0,straight_line,38
0cab1295d1,002,1,37,MAIROOW,MAIREMW,246.23242555723235,36.0,straight_line,38
0cab1295d1,002,1,38,MAIREMW,MAICASW1,313.38168761767287,46.0,straight_line,38
0cab1295d1,002,1,39,MAICASW1,MAIDREW,350.67437464453286,55.0,straight_line,38
0cab1295d1,002,1,40,MAIDREW,MAIPARKW,355.49735784669787,61.0,straight_line,38
0cab1295d1,002,1,41,MAIPARKW,MAIHOLW,282.62417014354554,48.0,straight_line,38
0cab1295d1,002,1,42,MAIHOLW,MAIRHOW,318.1602614621362,54.0,straight_line,38
0cab1295d1,002,1,43,MAIRHOW,MAIFAIW,294.29062426100063,50.0,straight_line,38
0cab1295d1,002,1,44,MAIFAIW,MAIKELTW,484.5346850612912,83.0,straight_line,38
0cab1295d1,002,1,45,MAIKELTW,MAIMILLW,200.142396283335,34.0,straight_line,38
0cab1295d1,002,1,46,MAIMILLW,MAIKENW1,314.53610735186203,53.0,straight_line,38
0cab1295d1,002,1,47,MAIKENW1,MAIWILW,194.0355738846797,33.0,straight_line,38
0cab1295d1,002,1,48,MAIWILW,MAICHAW,234.1639418887758,40.0,straight_line,38
0cab1295d1,002,1,49,MAICHAW,MAIOHIW,115.8352341263321,24.0,straight_line,38
0cab1295d1,002,1,50,MAIOHIW,MAICARW,329.586522290437,60.0,straight_line,38
0cab1295d1,002,1,51,MAICARW,MAIMONW,402.6462801865898,73.0,straight_line,38
0cab1295d1,002,1,52,MAIMONW,MAIPARSW,202.5795847653088,37.0,straight_line,38
0cab1295d1,002,1,53,MAIPARSW,MAIWASW,355.6421421586807,65.0,straight_line,38
0cab1295d1,002,1,54,MAIWASW,GRAMOUS,388.29303936824556,84.0,straight_line,38
0cab1295d1,002,1,55,GRAMOUS,MOU5THW1,241.54837170068822,56.0,straight_line,38
0cab1295d1,002,1,56,MOU5THW1,EMO4THW,143.22957127482394,26.0,straight_line,38
0cab1295d1,002,1,57,EMO4THW,MOUHIGW1,413.780200673273,79.0,straight_line,38
0cab1295d1,002,1,58,MOUHIGW1,HIGRICN,272.2635578707627,91.0,straight_line,38
0cab1295d1,002,1,59,HIGRICN,HIGSTANN,282.2951690108452,85.0,straight_line,38
0cab1295d1,002,1,60,HIGSTANN,HIGBRONN,207.70624946057768,64.0,straight_line,38
0cab1295d1,002,1,61,HIGBRONN,HIGLONN2,308.06077485788353,60.0,straight_line,38
0cab1295d1,002,1,62,HIGLONN2,HIGNATN,429.8031474798347,120.0,straight_line,38
0cab1295d1,002,1,63,HIGNATN,HIGOHIN,181.52866437529056,34.0,straight_line,38
0cab1295d1,002,1,64,HIGOHIN,HIGSPRUN,323.07090329400836,62.0,straight_line,38
0cab1295d1,002,1,65,HIGSPRUN,HIGRUSN,345.68628573655946,66.0,straight_line,38
0cab1295d1,002,1,66,HIGRUSN,NHIGWARN,227.5837156540942,43.0,straight_line,38
0cab1295d1,002,1,67,NHIGWARN,NHI1STN,320.90440619406326,61.0,straight_line,38
0cab1295d1,002,1,68,NHI1STN,HIG2NDN,300.4552645904362,57.0,straight_line,38
0cab1295d1,002,1,69,HIG2NDN,HIG5THN,486.7775917989423,97.0,straight_line,38
0cab1295d1,002,1,70,HIG5THN,HIG6THN,163.38161121053093,51.0,straight_line,38
0cab1295d1,002,1,71,HIG6THN,HIGEUCN,230.23762495109602,71.0,straight_line,38
0cab1295d1,002,1,72,HIGEUCN,HIG9THN,227.6430605871185,70.0,straight_line,38
0cab1295d1,002,1,73,HIG9THN,HIGCHIN,344.0650232068346,108.0,straight_line,38
0cab1295d1,002,1,74,HIGCHIN,HIG13TN,158.79938682563994,37.0,straight_line,38
0cab1295d1,002,1,75,HIG13TN,HIG15TN,213.54001598325718,50.0,straight_line,38
0cab1295d1,002,1,76,HIG15TN,HIGWOON,441.7713105112007,104.0,straight_line,38
0cab1295d1,002,1,77,HIGWOON,HIGLANN,314.53586722373444,74.0,straight_line,38
0cab1295d1,002,1,78,HIGLANN,HIGNORN,159.90474748272402,37.0,straight_line,38
0cab1295d1,002,1,79,HIGNORN,HIGPATN,239.87262775171268,56.0,straight_line,38
0cab1295d1,002,1,80,HIGPATN,HIGBLAN,197.83903822338627,47.0,straight_line,38
0cab1295d1,002,1,81,HIGBLAN,HIGHUDN,295.35014128360217,75.0,straight_line,38
0cab1295d1,002,1,82,HIGHUDN,HIGDODN,259.49879442925766,46.0,straight_line,38
0cab1295d1,002,1,83,HIGDODN,HIGOLEN,332.50354008281107,59.0,straight_line,38
0cab1295d1,002,1,84,HIGOLEN,HIGKELN,236.01200270528892,42.0,straight_line,38
0cab1295d1,002,1,85,HIGKELN,HIGWEBN,311.4181035135134,56.0,straight_line,38
0cab1295d1,002,1,86,HIGWEBN,HIGPACN,248.55827819873107,44.0,straight_line,38
0cab1295d1,002,1,87,HIGPACN,HIGCOMN,223.40048467287926,40.0,straight_line,38
0cab1295d1,002,1,88,HIGCOMN,HIGNORN1,385.97780310248373,73.0,straight_line,38
0cab1295d1,002,1,89,HIGNORN1,HIGTORN,356.84559029705923,46.0,straight_line,38
0cab1295d1,002,1,90,HIGTORN,HIGGLENN,274.44319158501895,35.0,straight_line,38
0cab1295d1,002,1,91,HIGGLENN,HIGFALN,204.04603753067371,26.0,straight_line,38
0cab1295d1,002,1,92,HIGFALN,HIGACTN,202.03236944187802,26.0,straight_line,38
0cab1295d1,002,1,93,HIGACTN,HIGGLEN,426.16960520883777,55.0,straight_line,38
0cab1295d1,002,1,94,HIGGLEN,HIGINDN,322.9335808601325,41.0,straight_line,38
0cab1295d1,002,1,95,HIGINDN,HIGCOON,284.0198366023373,37.0,straight_line,38
0cab1295d1,002,1,96,HIGCOON,HIGSCHN,247.15402035278697,34.0,straight_line,38
0cab1295d1,002,1,97,HIGSCHN,HIGWEIN,317.2787875586482,47.0,straight_line,38
0cab1295d1,002,1,98,HIGWEIN,HIGBEAN,248.54227317946925,36.0,straight_line,38
0cab1295d1,002,1,99,HIGBEAN,HIGROYN1,372.8645998062959,55.0,straight_line,38
0cab1295d1,002,1,100,HIGROYN1,HIGMORN,274.9638422783355,42.0,straight_line,38
0cab1295d1,002,1,101,HIGMORN,HIGFITN,334.67968640640026,34.0,straight_line,38
0cab1295d1,002,1,102,HIGFITN,HIG522N,249.35573574394232,26.0,straight_line,38
0cab1295d1,002,1,103,HIG522N,WESHIGW,160.15428728464448,60.0,straight_line,38
d4427f3ecf,002,1,0,GRTEASW,MAIHAMW,262.09333500691633,120.0,straight_line,37
d4427f3ecf,002,1,1,MAIHAMW,MAIBERW,292.0678529574884,48.0,straight_line,37
d4427f3ecf,002,1,2,MAIBERW,MAIWESW,187.19709890579784,31.0,straight_line,37
d4427f3ecf,002,1,3,MAIWESW,MAIYEAW,343.0654716729253,56.0,straight_line,37
d4427f3ecf,002,1,4,MAIYEAW,MAIKARW,250.99499906076372,41.0,straight_line,37
d4427f3ecf,002,1,5,MAIKARW,MAILAMW,273.43012014348784,45.0,straight_line,37
d4427f3ecf,002,1,6,MAILAMW,MAIROBW,352.681149467972,58.0,straight_line,37
d4427f3ecf,002,1,7,MAIROBW,MAICOLWW,403.4317199379705,67.0,straight_line,37
d4427f3ecf,002,1,8,MAICOLWW,MAIMAPW,205.29217541903472,34.0,straight_line,37
d4427f3ecf,002,1,9,MAIMAPW,MAIRUBW,222.47980919445385,36.0,straight_line,37
d4427f3ecf,002,1,10,MAIRUBW,MAIWEYW,220.5860032120405,36.0,straight_line,37
d4427f3ecf,002,1,11,MAIWEYW,MAIJAMW,493.97494085354026,88.0,straight_line,37
d4427f3ecf,002,1,12,MAIJAMW,MAIEASW,350.07385679141487,52.0,straight_line,37
d4427f3ecf,002,1,13,MAIEASW,MAICHEW,208.71646507451942,31.0,straight_line,37
d4427f3ecf,002,1,14,MAICHEW,MAIKENW,235.9330415098372,35.0,straight_line,37
d4427f3ecf,002,1,15,MAIKENW,MAIROOW,302.29838567724727,45.0,straight_line,37
d4427f3ecf,002,1,16,MAIROOW,MAIREMW,246.23242555723235,36.0,straight_line,37
d4427f3ecf,002,1,17,MAIREMW,MAICASW1,313.38168761767287,46.0,straight_line,37
d4427f3ecf,002,1,18,MAICASW1,MAIDREW,350.67437464453286,55.0,straight_line,37
d4427f3ecf,002,1,19,MAIDREW,MAIPARKW,355.49735784669787,61.0,straight_line,37
d4427f3ecf,002,1,20,MAIPARKW,MAIHOLW,282.62417014354554,48.0,straight_line,37
d4427f3ecf,002,1,21,MAIHOLW,MAIRHOW,318.1602614621362,54.0,straight_line,37
d4427f3ecf,002,1,22,MAIRHOW,MAIFAIW,294.29062426100063,50.0,straight_line,37
d4427f3ecf,002,1,23,MAIFAIW,MAIKELTW,484.5346850612912,83.0,straight_line,37
d4427f3ecf,002,1,24,MAIKELTW,MAIMILLW,200.142396283335,34.0,straight_line,37
d4427f3ecf,002,1,25,MAIMILLW,MAIKENW1,314.53610735186203,53.0,straight_line,37
d4427f3ecf,002,1,26,MAIKENW1,MAIWILW,194.0355738846797,33.0,straight_line,37
d4427f3ecf,002,1,27,MAIWILW,MAICHAW,234.1639418887758,40.0,straight_line,37
d4427f3ecf,002,1,28,MAICHAW,MAIOHIW,115.8352341263321,24.0,straight_line,37
d4427f3ecf,002,1,29,MAIOHIW,MAICARW,329.586522290437,60.0,straight_line,37
d4427f3ecf,002,1,30,MAICARW,MAIMONW,402.6462801865898,73.0,straight_line,37
d4427f3ecf,002,1,31,MAIMONW,MAIPARSW,202.5795847653088,37.0,straight_line,37
d4427f3ecf,002,1,32,MAIPARSW,MAIWASW,355.6421421586807,65.0,straight_line,37
d4427f3ecf,002,1,33,MAIWASW,GRAMOUS,388.29303936824556,84.0,straight_line,37
d4427f3ecf,002,1,34,GRAMOUS,MOU5THW1,241.54837170068822,56.0,straight_line,37
d4427f3ecf,002,1,35,MOU5THW1,EMO4THW,143.22957127482394,26.0,straight_line,37
d4427f3ecf,002,1,36,EMO4THW,MOUHIGW1,413.780200673273,79.0,straight_line,37
d4427f3ecf,002,1,37,MOUHIGW1,HIGRICN,272.2635578707627,91.0,straight_line,37
d4427f3ecf,002,1,38,HIGRICN,HIGSTANN,282.2951690108452,85.0,straight_line,37
d4427f3ecf,002,1,39,HIGSTANN,HIGBRONN,207.70624946057768,64.0,straight_line,37
d4427f3ecf,002,1,40,HIGBRONN,HIGLONN2,308.06077485788353,60.0,straight_line,37
d4427f3ecf,002,1,41,HIGLONN2,HIGNATN,429.8031474798347,120.0,straight_line,37
d4427f3ecf,002,1,42,HIGNATN,HIGOHIN,181.52866437529056,34.0,straight_line,37
d4427f3ecf,002,1,43,HIGOHIN,HIGSPRUN,323.07090329400836,62.0,straight_line,37
d4427f3ecf,002,1,44,HIGSPRUN,HIGRUSN,345.68628573655946,66.0,straight_line,37
d4427f3ecf,002,1,45,HIGRUSN,NHIGWARN,227.5837156540942,43.0,straight_line,37
d4427f3ecf,002,1,46,NHIGWARN,NHI1STN,320.90440619406326,61.0,straight_line,37
d4427f3ecf,002,1,47,NHI1STN,HIG2NDN,300.4552645904362,57.0,straight_line,37
d4427f3ecf,002,1,48,HIG2NDN,HIG5THN,486.7775917989423,97.0,straight_line,37
d4427f3ecf,002,1,49,HIG5THN,HIG6THN,163.38161121053093,51.0,straight_line,37
d4427f3ecf,002,1,50,HIG6THN,HIGEUCN,230.23762495109602,71.0,straight_line,37
d4427f3ecf,002,1,51,HIGEUCN,HIG9THN,227.6430605871185,70.0,straight_line,37
d4427f3ecf,002,1,52,HIG9THN,HIGCHIN,344.0650232068346,108.0,straight_line,37
d4427f3ecf,002,1,53,HIGCHIN,HIG13TN,158.79938682563994,37.0,straight_line,37
d4427f3ecf,002,1,54,HIG13TN,HIG15TN,213.54001598325718,50.0,straight_line,37
d4427f3ecf,002,1,55,HIG15TN,HIGWOON,441.7713105112007,104.0,straight_line,37
d4427f3ecf,002,1,56,HIGWOON,HIGLANN,314.53586722373444,74.0,straight_line,37
d4427f3ecf,002,1,57,HIGLANN,HIGNORN,159.90474748272402,37.0,straight_line,37
d4427f3ecf,002,1,58,HIGNORN,HIGPATN,239.87262775171268,56.0,straight_line,37
d4427f3ecf,002,1,59,HIGPATN,HIGBLAN,197.83903822338627,47.0,straight_line,37
d4427f3ecf,002,1,60,HIGBLAN,HIGHUDN,295.35014128360217,75.0,straight_line,37
d4427f3ecf,002,1,61,HIGHUDN,HIGDODN,259.49879442925766,46.0,straight_line,37
d4427f3ecf,002,1,62,HIGDODN,HIGOLEN,332.50354008281107,59.0,straight_line,37
d4427f3ecf,002,1,63,HIGOLEN,HIGKELN,236.01200270528892,42.0,straight_line,37
d4427f3ecf,002,1,64,HIGKELN,HIGWEBN,311.4181035135134,56.0,straight_line,37
d4427f3ecf,002,1,65,HIGWEBN,HIGPACN,248.55827819873107,44.0,straight_line,37
d4427f3ecf,002,1,66,HIGPACN,HIGCOMN,223.40048467287926,40.0,straight_line,37
d4427f3ecf,002,1,67,HIGCOMN,HIGNORN1,385.97780310248373,73.0,straight_line,37
d4427f3ecf,002,1,68,HIGNORN1,HIGTORN,356.84559029705923,46.0,straight_line,37
d4427f3ecf,002,1,69,HIGTORN,HIGGLENN,274.44319158501895,35.0,straight_line,37
d4427f3ecf,002,1,70,HIGGLENN,HIGFALN,204.04603753067371,26.0,straight_line,37
d4427f3ecf,002,1,71,HIGFALN,HIGACTN,202.03236944187802,26.0,straight_line,37
d4427f3ecf,002,1,72,HIGACTN,HIGGLEN,426.16960520883777,55.0,straight_line,37
d4427f3ecf,002,1,73,HIGGLEN,HIGINDN,322.9335808601325,41.0,straight_line,37
d4427f3ecf,002,1,74,HIGINDN,HIGCOON,284.0198366023373,37.0,straight_line,37
d4427f3ecf,002,1,75,HIGCOON,HIGSCHN,247.15402035278697,34.0,straight_line,37
d4427f3ecf,002,1,76,HIGSCHN,HIGWEIN,317.2787875586482,47.0,straight_line,37
d4427f3ecf,002,1,77,HIGWEIN,HIGBEAN,248.54227317946925,36.0,straight_line,37
d4427f3ecf,002,1,78,HIGBEAN,HIGROYN1,372.8645998062959,55.0,straight_line,37
d4427f3ecf,002,1,79,HIGROYN1,HIGMORN,274.9638422783355,42.0,straight_line,37
d4427f3ecf,002,1,80,HIGMORN,HIGFITN,334.67968640640026,34.0,straight_line,37
d4427f3ecf,002,1,81,HIGFITN,HIG522N,249.35573574394232,26.0,straight_line,37
d4427f3ecf,002,1,82,HIG522N,WESHIGW,160.15428728464448,60.0,straight_line,37
5c776364aa,003,0,0,NORKINS1,NORZOLS,296.7482772199105,35.0,straight_line,39
5c776364aa,003,0,1,NORZOLS,NORRIDS,425.61232345117077,50.0,straight_line,39
5c776364aa,003,0,2,NORRIDS,NORNORTS,295.19640037111577,34.0,straight_line,39
5c776364aa,003,0,3,NORNORTS,NORWILSS,246.7459949621969,29.0,straight_line,39
5c776364aa,003,0,4,NORWILSS,NORLANSE,319.3124723467793,37.0,straight_line,39
5c776364aa,003,0,5,NORLANSE,NORSUFSE,341.1963405481504,40.0,straight_line,39
5c776364aa,003,0,6,NORSUFSE,NORGUISE,297.17570504664445,35.0,straight_line,39
5c776364aa,003,0,7,NORGUISE,NORBARSE,210.78498367012514,25.0,straight_line,39
5c776364aa,003,0,8,NORBARSE,NORGLESE,262.36662871496856,31.0,straight_line,39
5c776364aa,003,0,9,NORGLESE,NORSTASE,356.55750835369713,41.0,straight_line,39
5c776364aa,003,0,10,NORSTASE,NORNORSE,208.54240658712106,24.0,straight_line,39
5c776364aa,003,0,11,NORNORSE,NORKINSE,173.4547037326682,20.0,straight_line,39
5c776364aa,003,0,12,NORKINSE,NORCHASE,324.3436939724676,38.0,straight_line,39
5c776364aa,003,0,13,NORCHASE,NORKINGS,269.156121748086,41.0,straight_line,39
5c776364aa,003,0,14,NORKINGS,NOR5THS,259.9714380891548,43.0,straight_line,39
5c776364aa,003,0,15,NOR5THS,NORTHOSE,224.95320344211873,37.0,straight_line,39
5c776364aa,003,0,16,NORTHOSE,3RDNWBE,312.42549058851137,57.0,straight_line,39
5c776364aa,003,0,17,3RDNWBE,3RDOXLE,330.0717175685997,54.0,straight_line,39
5c776364aa,003,0,18,3RDOXLE,3RDPARE1,138.4450155997332,22.0,straight_line,39
5c776364aa,003,0,19,3RDPARE1,BOBEDGS,316.89844177643903,63.0,straight_line,39
5c776364aa,003,0,20,BOBEDGS,BOBBELS,323.16859283156515,54.0,straight_line,39
5c776364aa,003,0,21,BOBBELS,GOOYARE,796.1549040881665,150.0,straight_line,39
5c776364aa,003,0,22,GOOYARE,GOOOPPE,628.8039580158868,125.0,straight_line,39
5c776364aa,003,0,23,GOOOPPE,NEIVINS,854.9707584050504,189.0,straight_line,39
5c776364aa,003,0,24,NEIVINS,NATMCCBE,327.1052320172287,95.0,straight_line,39
5c776364aa,003,0,25,NATMCCBE,FRONATS,343.8269584008735,79.0,straight_line,39
5c776364aa,003,0,26,FRONATS,FROLAFS,324.4477296981063,66.0,straight_line,39
5c776364aa,003,0,27,FROLAFS,LONHIGE,165.89934089232668,46.0,straight_line,39
5c776364aa,003,0,28,LONHIGE,3RDGAYS,268.6448578498834,108.0,straight_line,39
5c776364aa,003,0,29,3RDGAYS,3RDBROS1,245.9780345774098,72.0,straight_line,39
5c776364aa,003,0,30,3RDBROS1,3RDTOWS,382.51623651951496,88.0,straight_line,39
5c776364aa,003,0,31,3RDTOWS,3RDMAIS,318.02150396531835,73.0,straight_line,39
5c776364aa,003,0,32,3RDMAIS,MOUHIGW3,260.3634879003122,79.0,straight_line,39
5c776364aa,003,0,33,MOUHIGW3,FROMOUN,137.7278273667782,40.0,straight_line,39
5c776364aa,003,0,34,FROMOUN,MAILUDW,105.76416742998525,25.0,straight_line,39
5c776364aa,003,0,35,MAILUDW,RICLUCW,749.9072921058936,146.0,straight_line,39
5c776364aa,003,0,36,RICLUCW,RICMCDW,178.43169110987728,33.0,straight_line,39
5c776364aa,003,0,37,RICMCDW,RICGRUW,284.13957431498085,56.0,straight_line,39
5c776364aa,003,0,38,RICGRUW,TOWDAVW,455.9649911006904,141.0,straight_line,39
5c776364aa,003,0,39,TOWDAVW,SOURICS,142.2595563231163,48.0,straight_line,39
5c776364aa,003,0,40,SOURICS,SOUSULS,245.05092777917724,62.0,straight_line,39
5c776364aa,003,0,41,SOUSULS,SOUMOUS,228.08065245383798,57.0,straight_line,39
5c776364aa,003,0,42,SOUMOUS,WMONSOUW,131.63146941751643,47.0,straight_line,39
5c776364aa,003,0,43,WMONSOUW,MOUDAKW,391.58925870689785,97.0,straight_line,39
5c776364aa,003,0,44,MOUDAKW,MOUYALW,302.8834642107019,75.0,straight_line,39
5c776364aa,003,0,45,MOUYALW,MOUPRIW,323.5547717976902,81.0,straight_line,39
5c776364aa,003,0,46,MOUPRIW,HARMOUS,408.177783230769,112.0,straight_line,39
5c776364aa,003,0,47,HARMOUS,HARHUMSW,190.35161506770177,23.0,straight_line,39
5c776364aa,003,0,48,HARHUMSW,HAR771S,169.31783418019504,20.0,straight_line,39
5c776364aa,003,0,49,HAR771S,HARGARS,251.04404283854328,30.0,straight_line,39
5c776364aa,003,0,50,HARGARS,HARRANS,307.8937678522506,37.0,straight_line,39
5c776364aa,003,0,51,HARRANS,HARROSS,209.41321465267495,25.0,straight_line,39
5c776364aa,003,0,52,HARROSS,HARLAUS,196.1347990172342,23.0,straight_line,39
5c776364aa,003,0,53,HARLAUS,HAR111S,193.69195925347842,23.0,straight_line,39
5c776364aa,003,0,54,HAR111S,HAREAKS1,254.91026874230872,30.0,straight_line,39
5c776364aa,003,0,55,HAREAKS1,HARZETS,268.7974729308591,32.0,straight_line,39
5c776364aa,003,0,56,HARZETS,HAR142S,205.67013640587933,24.0,straight_line,39
5c776364aa,003,0,57,HAR142S,HAR151S,445.85499698266665,54.0,straight_line,39
5c776364aa,003,0,58,HAR151S,HAR165S,350.1859149292847,42.0,straight_line,39
5c776364aa,003,0,59,HAR165S,HARCLIS,404.1710867319256,57.0,straight_line,39
5c776364aa,003,0,60,HARCLIS,HAR187S,112.85568602976747,12.0,straight_line,39
5c776364aa,003,0,61,HAR187S,HARALKS,574.9840702172024,61.0,straight_line,39
5c776364aa,003,0,62,HARALKS,HARREDS,197.737711430312,21.0,straight_line,39
5c776364aa,003,0,63,HARREDS,HARBLUS,405.8398503493469,43.0,straight_line,39
5c776364aa,003,0,64,HARBLUS,HARHYDS,278.09207383883813,29.0,straight_line,39
5c776364aa,003,0,65,HARHYDS,HARCENPS,427.49266380784627,45.0,straight_line,39
5c776364aa,003,0,66,HARCENPS,BROHOMS,573.1964217128216,60.0,straight_line,39
5c776364aa,003,0,67,BROHOMS,BRO1STS,240.69368146186147,25.0,straight_line,39
5c776364aa,003,0,68,BRO1STS,BROCENS,237.91122140304176,25.0,straight_line,39
5c776364aa,003,0,69,BROCENS,PARBROE,262.73589015982617,39.0,straight_line,39
5c776364aa,003,0,70,PARBROE,RICPARS1,198.86716046746366,30.0,straight_line,39
5c776364aa,003,0,71,RICPARS1,RICADDIS,262.64166671090743,34.0,straight_line,39
5c776364aa,003,0,72,RICADDIS,RICSOUS,190.07593830224326,25.0,straight_line,39
5c776364aa,003,0,73,RICSOUS,SOUSHEW,208.5157752518326,31.0,straight_line,39
5c776364aa,003,0,74,SOUSHEW,SOUBROW,188.77997352786707,25.0,straight_line,39
5c776364aa,003,0,75,SOUBROW,BROROSS,439.7084818340764,67.0,straight_line,39
5c776364aa,003,0,76,BROROSS,BROBURS,301.6431958132352,39.0,straight_line,39
5c776364aa,003,0,77,BROBURS,COLBROE,296.33527754463415,49.0,straight_line,39
5c776364aa,003,0,78,COLBROE,COLDULE,242.57390975369597,28.0,straight_line,39
5c776364aa,003,0,79,COLDULE,COLHAUGE,348.8997268447052,41.0,straight_line,39
5c776364aa,003,0,80,COLHAUGE,COLRICE,381.124558874045,45.0,straight_line,39
5c776364aa,003,0,81,COLRICE,COLBOKPE,329.2969240125647,39.0,straight_line,39
5c776364aa,003,0,82,COLBOKPE,COLKNAPE,526.5878732764165,62.0,straight_line,39
5c776364aa,003,0,83,COLKNAPE,STRHOVE,221.74233220338598,26.0,straight_line,39
5c776364aa,003,0,84,STRHOVE,STRPARE,453.06179892814714,59.0,straight_line,39
5c776364aa,003,0,85,STRPARE,STRRAXE,564.9554767596842,77.0,straight_line,39
5c776364aa,003,0,86,STRRAXE,PKWCTRS,1016.5440265537604,163.0,straight_line,39
1e55e630c8,003,1,0,PKWCTRS,BUCKRDBN,524.6133507574806,213.0,straight_line,37
1e55e630c8,003,1,1,BUCKRDBN,STRTHISW,423.05629537224564,119.0,straight_line,37
1e55e630c8,003,1,2,STRTHISW,STRHARW,1202.6623259159187,233.0,straight_line,37
1e55e630c8,003,1,3,STRHARW,STRPARW,481.2834430802667,95.0,straight_line,37
1e55e630c8,003,1,4,STRPARW,STRHOVW,504.75973911761434,59.0,straight_line,37
1e55e630c8,003,1,5,STRHOVW,COLLEIW,326.784101186211,37.0,straight_line,37
1e55e630c8,003,1,6,COLLEIW,COLSECW,416.91479247519635,47.0,straight_line,37
1e55e630c8,003,1,7,COLSECW,COLRICW,341.2842949950475,39.0,straight_line,37
1e55e630c8,003,1,8,COLRICW,COLHAUGW,374.5645085109147,42.0,straight_line,37
1e55e630c8,003,1,9,COLHAUGW,COLDUDLW,348.40579140374604,40.0,straight_line,37
1e55e630c8,003,1,10,COLDUDLW,COLBROW,290.4598562256145,36.0,straight_line,37
1e55e630c8,003,1,11,COLBROW,BROLOZN,249.50517822223827,36.0,straight_line,37
1e55e630c8,003,1,12,BROLOZN,BROCDRGN,409.6133579303728,54.0,straight_line,37
1e55e630c8,003,1,13,BROCDRGN,SOUBROE,348.0388009385408,54.0,straight_line,37
1e55e630c8,003,1,14,SOUBROE,SOUSHEE,180.51047316350093,23.0,straight_line,37
1e55e630c8,003,1,15,SOUSHEE,RICSOUNF,265.3489048241813,39.0,straight_line,37
1e55e630c8,003,1,16,RICSOUNF,RICADDN,186.36824804418194,26.0,straight_line,37
1e55e630c8,003,1,17,RICADDN,RICPARN,262.63427092999933,34.0,straight_line,37
1e55e630c8,003,1,18,RICPARN,PARBROW,215.60478336422986,34.0,straight_line,37
1e55e630c8,003,1,19,PARBROW,BROCENN,282.7518771098888,37.0,straight_line,37
1e55e630c8,003,1,20,BROCENN,BRO3136,284.0952222525506,29.0,straight_line,37
1e55e630c8,003,1,21,BRO3136,HARCENPN,753.7487936881142,77.0,straight_line,37
1e55e630c8,003,1,22,HARCENPN,HARHYDN,418.7120148321841,43.0,straight_line,37
1e55e630c8,003,1,23,HARHYDN,HARBLUN,275.2013690236181,28.0,straight_line,37
1e55e630c8,003,1,24,HARBLUN,HARREDN,460.30620084235767,47.0,straight_line,37
1e55e630c8,003,1,25,HARREDN,HARBIGN,274.73665829652964,28.0,straight_line,37
1e55e630c8,003,1,26,HARBIGN,HAR196N,324.57547388117615,33.0,straight_line,37
1e55e630c8,003,1,27,HAR196N,HARFRAN,342.3428527436096,38.0,straight_line,37
1e55e630c8,003,1,28,HARFRAN,167HARN,289.9265742319443,31.0,straight_line,37
1e55e630c8,003,1,29,167HARN,HAROCTN,366.3909947448172,39.0,straight_line,37
1e55e630c8,003,1,30,HAROCTN,HAR144N,334.4235585198269,36.0,straight_line,37
1e55e630c8,003,1,31,HAR144N,HARLITTN,360.0735272335342,38.0,straight_line,37
1e55e630c8,003,1,32,HARLITTN,HARHOPN,295.1248490008691,31.0,straight_line,37
1e55e630c8,003,1,33,HARHOPN,HARBELN,158.41220545206153,17.0,straight_line,37
1e55e630c8,003,1,34,HARBELN,HARLAUN,238.18603343415177,25.0,straight_line,37
1e55e630c8,003,1,35,HARLAUN,HARROSN,169.40065233627627,18.0,straight_line,37
1e55e630c8,003,1,36,HARROSN,HARRANN,150.0528545007121,16.0,straight_line,37
1e55e630c8,003,1,37,HARRANN,HARGARN,345.52290613115645,37.0,straight_line,37
1e55e630c8,003,1,38,HARGARN,HAR800N,270.85156028099647,29.0,straight_line,37
1e55e630c8,003,1,39,HAR800N,HARBRON,350.14715355703896,43.0,straight_line,37
1e55e630c8,003,1,40,HARBRON,MOUHARE,232.73593007681288,73.0,straight_line,37
1e55e630c8,003,1,41,MOUHARE,MOUGLENE,545.5307130777023,149.0,straight_line,37
1e55e630c8,003,1,42,MOUGLENE,MOUMOUE,573.7032914883104,158.0,straight_line,37
1e55e630c8,003,1,43,MOUMOUE,SOUMOUN,134.02519829176353,45.0,straight_line,37
1e55e630c8,003,1,44,SOUMOUN,DAVCAMN,194.06991162251833,72.0,straight_line,37
1e55e630c8,003,1,45,DAVCAMN,DAVSULN,232.7372347463187,65.0,straight_line,37
1e55e630c8,003,1,46,DAVSULN,RICGREE,163.24104741375956,63.0,straight_line,37
1e55e630c8,003,1,47,RICGREE,RICGRUE,335.4549637981631,95.0,straight_line,37
1e55e630c8,003,1,48,RICGRUE,RICMCDE,259.7058291515533,51.0,straight_line,37
1e55e630c8,003,1,49,RICMCDE,RICSTAE,340.8280256961324,67.0,straight_line,37
1e55e630c8,003,1,50,RICSTAE,MAILUDE,575.9735830936467,116.0,straight_line,37
1e55e630c8,003,1,51,MAILUDE,MAIHIGE,324.2982041852764,66.0,straight_line,37
1e55e630c8,003,1,52,MAIHIGE,4THTOWN,404.42562142538014,149.0,straight_line,37
1e55e630c8,003,1,53,4THTOWN,4THCAPN,335.0045585540857,91.0,straight_line,37
1e55e630c8,003,1,54,4THCAPN,4THATHN,208.32618662764156,48.0,straight_line,37
1e55e630c8,003,1,55,4THATHN,SPR4THW,349.8977143086563,92.0,straight_line,37
1e55e630c8,003,1,56,SPR4THW,SPRFROW,425.16473021552673,100.0,straight_line,37
1e55e630c8,003,1,57,SPRFROW,FROSPRN,83.4089957146686,21.0,straight_line,37
1e55e630c8,003,1,58,FROSPRN,NATMCCBW,394.5125296522267,87.0,straight_line,37
1e55e630c8,003,1,59,NATMCCBW,NEIBRON,189.44301429660766,48.0,straight_line,37
1e55e630c8,003,1,60,NEIBRON,GOO582W,1006.2809924771968,188.0,straight_line,37
1e55e630c8,003,1,61,GOO582W,GOOYARW,451.4632181670764,76.0,straight_line,37
1e55e630c8,003,1,62,GOOYARW,GOO868W,227.18312486027085,30.0,straight_line,37
1e55e630c8,003,1,63,GOO868W,BOBBURN,281.78536949713214,46.0,straight_line,37
1e55e630c8,003,1,64,BOBBURN,BOBBELN,478.58576873834005,66.0,straight_line,37
1e55e630c8,003,1,65,BOBBELN,3RDEDGW1,399.57320694212956,63.0,straight_line,37
1e55e630c8,003,1,66,3RDEDGW1,3RDNORW,138.7237729436829,18.0,straight_line,37
1e55e630c8,003,1,67,3RDNORW,3RDOXLW,259.1232193284775,35.0,straight_line,37
1e55e630c8,003,1,68,3RDOXLW,3RDMEAW,326.167691062088,44.0,straight_line,37
1e55e630c8,003,1,69,3RDMEAW,NORTHONW,288.9105477499367,46.0,straight_line,37
1e55e630c8,003,1,70,NORTHONW,NOR5THN,216.13498157789775,30.0,straight_line,37
1e55e630c8,003,1,71,NOR5THN,NORKINN,265.69287279547564,42.0,straight_line,37
1e55e630c8,003,1,72,NORKINN,NORCHAWF,376.50366321004014,42.0,straight_line,37
1e55e630c8,003,1,73,NORCHAWF,NORINDNW,180.84813060756593,19.0,straight_line,37
1e55e630c8,003,1,74,NORINDNW,NORNORN,166.67799055459204,17.0,straight_line,37
1e55e630c8,003,1,75,NORNORN,NORNORNW,258.02888350497466,27.0,straight_line,37
1e55e630c8,003,1,76,NORNORNW,NORGLENW,362.25441113250525,38.0,straight_line,37
1e55e630c8,003,1,77,NORGLENW,NORBARNW,169.7551946226229,18.0,straight_line,37
1e55e630c8,003,1,78,NORBARNW,NORGUINW,235.08591455207883,25.0,straight_line,37
1e55e630c8,003,1,79,NORGUINW,NORBRANW,225.73329660867458,24.0,straight_line,37
1e55e630c8,003,1,80,NORBRANW,NORLANNN,438.612120864716,51.0,straight_line,37
1e55e630c8,003,1,81,NORLANNN,NORWILSN,279.91456090332355,30.0,straight_line,37
1e55e630c8,003,1,82,NORWILSN,NORNORTN,238.61071756926634,25.0,straight_line,37
1e55e630c8,003,1,83,NORNORTN,NORRIDN,299.61857991584566,32.0,straight_line,37
1e55e630c8,003,1,84,NORRIDN,ZOLNORW3,500.0776055298072,56.0,straight_line,37
1e55e630c8,003,1,85,ZOLNORW3,ZOLTREW,329.10648613658265,34.0,straight_line,37
1e55e630c8,003,1,86,ZOLTREW,TRELANGN,200.65700805986523,42.0,straight_line,37
1e55e630c8,003,1,87,TRELANGN,TRERIDN1,293.8738760812252,36.0,straight_line,37
1e55e630c8,003,1,88,TRERIDN1,TREKEYN,148.04937336410234,18.0,straight_line,37
1e55e630c8,003,1,89,TREKEYN,NORKINS1,342.63398564453485,66.0,straight_line,37
b2073924b5,003,1,0,MOUMOUE,SOUMOUN,134.02519829176353,56.0,straight_line,3
b2073924b5,003,1,1,SOUMOUN,DAVCAMN,194.06991162251833,90.0,straight_line,3
b2073924b5,003,1,2,DAVCAMN,DAVSULN,232.7372347463187,80.0,straight_line,3
b2073924b5,003,1,3,DAVSULN,RICGREE,163.24104741375956,78.0,straight_line,3
b2073924b5,003,1,4,RICGREE,RICGRUE,335.4549637981631,116.0,straight_line,3
b2073924b5,003,1,5,RICGRUE,RICMCDE,259.7058291515533,51.0,straight_line,3
b2073924b5,003,1,6,RICMCDE,RICSTAE,340.8280256961324,67.0,straight_line,3
b2073924b5,003,1,7,RICSTAE,MAILUDE,575.9735830936467,116.0,straight_line,3
b2073924b5,003,1,8,MAILUDE,MAIHIGE,324.2982041852764,66.0,straight_line,3
b2073924b5,003,1,9,MAIHIGE,4THTOWN,404.42562142538014,74.0,straight_line,3
b2073924b5,003,1,10,4THTOWN,4THCAPN,335.0045585540857,46.0,straight_line,3
b2073924b5,003,1,11,4THCAPN,4THATHN,208.32618662764156,61.0,straight_line,3
b2073924b5,003,1,12,4THATHN,SPR4THW,349.8977143086563,116.0,straight_line,3
b2073924b5,003,1,13,SPR4THW,SPRFROW,425.16473021552673,123.0,straight_line,3
109beef39c,004,0,0,THIMALUW,ALUWILN,421.60799632890473,34.0,straight_line,3
109beef39c,004,0,1,ALUWILN,ALUWHWN,234.01598493298016,17.0,straight_line,3
109beef39c,004,0,2,ALUWHWN,ALUPROMN,335.21846378140935,25.0,straight_line,3
109beef39c,004,0,3,ALUPROMN,ALUNEWWN,382.339316677599,28.0,straight_line,3
109beef39c,004,0,4,ALUNEWWN,WATALUW,871.6217674755129,76.0,straight_line,3
109beef39c,004,0,5,WATALUW,2056WATS,730.9710597082048,77.0,straight_line,3
109beef39c,004,0,6,2056WATS,WATNEWW,237.43330278673608,32.0,straight_line,3
109beef39c,004,0,7,WATNEWW,180WATW,464.2536057040409,45.0,straight_line,3
109beef39c,004,0,8,180WATW,WEIWATS,619.6046042090504,63.0,straight_line,3
109beef39c,004,0,9,WEIWATS,WEIHOUS,202.01414593285304,23.0,straight_line,3
109beef39c,004,0,10,WEIHOUS,WEISOUW,241.72587873044088,36.0,straight_line,3
109beef39c,004,0,11,WEISOUW,VENSOUW,283.37959885439415,47.0,straight_line,3
109beef39c,004,0,12,VENSOUW,VENFAIW,395.72841377085973,58.0,straight_line,3
109beef39c,004,0,13,VENFAIW,FAISOUN,271.6771520663246,43.0,straight_line,3
109beef39c,004,0,14,FAISOUN,FAIWATN,374.90044611138404,56.0,straight_line,3
109beef39c,004,0,15,FAIWATN,FAIFABN,438.0220749733488,55.0,straight_line,3
109beef39c,004,0,16,FAIFABN,KOEFAIW,407.35668978128075,54.0,straight_line,3
109beef39c,004,0,17,KOEFAIW,KOEEDSW1,289.50373860020744,35.0,straight_line,3
109beef39c,004,0,18,KOEEDSW1,KOE113W,462.9041306344002,57.0,straight_line,3
109beef39c,004,0,19,KOE113W,LOC245N,93.66499574561247,14.0,straight_line,3
109beef39c,004,0,20,LOC245N,LOC230N,421.41871753709177,53.0,straight_line,3
109beef39c,004,0,21,LOC230N,LOCREFN,222.27518700805916,32.0,straight_line,3
109beef39c,004,0,22,LOCREFN,LOCMARN,416.01108781970066,54.0,straight_line,3
109beef39c,004,0,23,LOCMARN,LOCINNN,229.70758907169017,30.0,straight_line,3
109beef39c,004,0,24,LOCINNN,LOCSMIN,245.59917835884835,32.0,straight_line,3
109beef39c,004,0,25,LOCSMIN,LOCLOCN1,361.83099218948377,47.0,straight_line,3
109beef39c,004,0,26,LOCLOCN1,LOCMOLN,212.90850833169722,28.0,straight_line,3
109beef39c,004,0,27,LOCMOLN,FRESTUW,269.7242831164515,49.0,straight_line,3
109beef39c,004,0,28,FRESTUW,FREOAKW,334.55107761789003,51.0,straight_line,3
109beef39c,004,0,29,FREOAKW,FREOHIW,256.13468441766776,39.0,straight_line,3
109beef39c,004,0,30,FREOHIW,FREGILW,213.7360555004414,33.0,straight_line,3
109beef39c,004,0,31,FREGILW,FRE18TW,278.3043035348047,43.0,straight_line,3
109beef39c,004,0,32,FRE18TW,FREANNW,244.23524805713544,37.0,straight_line,3
109beef39c,004,0,33,FREANNW,FREPARW,172.0197556347385,26.0,straight_line,3
109beef39c,004,0,34,FREPARW,PARGATN,204.30407386005837,36.0,straight_line,3
109beef39c,004,0,35,PARGATN,PARTHUN,230.95219997684546,36.0,straight_line,3
109beef39c,004,0,36,PARTHUN,PARSTEN,264.45080752839857,41.0,straight_line,3
109beef39c,004,0,37,PARSTEN,PARWHIN,313.29119678242193,49.0,straight_line,3
109beef39c,004,0,38,PARWHIN,PARSYCN,545.6509295779194,85.0,straight_line,3
109beef39c,004,0,39,PARSYCN,LIVPARW,314.83426062328175,64.0,straight_line,3
109beef39c,004,0,40,LIVPARW,LIVGRANW,543.2783793352281,99.0,straight_line,3
109beef39c,004,0,41,LIVGRANW,LIVMOHW,301.5224987346215,54.0,straight_line,3
109beef39c,004,0,42,LIVMOHW,EMOS3RDW,379.9094383637895,91.0,straight_line,3
109beef39c,004,0,43,EMOS3RDW,MOUHIGW3,299.06629863414616,56.0,straight_line,3
109beef39c,004,0,44,MOUHIGW3,FROMOUN,137.7278273667782,43.0,straight_line,3
109beef39c,004,0,45,FROMOUN,FROTOWN,395.6264210904635,81.0,straight_line,3
109beef39c,004,0,46,FROTOWN,FROGAYN,553.8594765705346,116.0,straight_line,3
109beef39c,004,0,47,FROGAYN,NORTER1,238.89215605144264,180.0,straight_line,3
109beef39c,004,0,48,NORTER1,LONHIGE,150.2665620419101,60.0,straight_line,3
109beef39c,004,0,49,LONHIGE,4THSPRN,437.61102221189844,67.0,straight_line,3
109beef39c,004,0,50,4THSPRN,4THLINN,1133.7544246156801,150.0,straight_line,3
109beef39c,004,0,51,4THLINN,4TH803N,296.8166114303419,38.0,straight_line,3
109beef39c,004,0,52,4TH803N,4TH2NDN,358.6329858262961,46.0,straight_line,3
109beef39c,004,0,53,4TH2NDN,4THDETN,210.79368246733196,27.0,straight_line,3
109beef39c,004,0,54,4THDETN,4TH5THN,343.544434112751,45.0,straight_line,3
109beef39c,004,0,55,4TH5THN,4TH7THN1,235.1866337726284,30.0,straight_line,3
109beef39c,004,0,56,4TH7THN1,4TH9THN,380.2644498781256,49.0,straight_line,3
109beef39c,004,0,57,4TH9THN,4THCHIN,179.84738826384515,28.0,straight_line,3
109beef39c,004,0,58,4THCHIN,4TH15TN,527.2083064623274,66.0,straight_line,3
109beef39c,004,0,59,4TH15TN,4TH18TN,302.12304975948973,37.0,straight_line,3
109beef39c,004,0,60,4TH18TN,4THLANN,369.12904251531586,46.0,straight_line,3
109beef39c,004,0,61,4THLANN,4THALDN,338.45094177424363,42.0,straight_line,3
109beef39c,004,0,62,4THALDN,4THMAYN,297.0659517846138,37.0,straight_line,3
109beef39c,004,0,63,4THMAYN,4THCLIN,237.98475963868077,29.0,straight_line,3
109beef39c,004,0,64,4THCLIN,HUDSUMW,314.0804860559183,52.0,straight_line,3
109beef39c,004,0,65,HUDSUMW,INDARCN,265.04398863638465,51.0,straight_line,3
109beef39c,004,0,66,INDARCN,INDPARN,288.64475558927785,56.0,straight_line,3
109beef39c,004,0,67,INDPARN,INDTULN,305.9796645200044,59.0,straight_line,3
109beef39c,004,0,68,INDTULN,INDWEBN,187.74466068840275,36.0,straight_line,3
109beef39c,004,0,69,INDWEBN,INDCOMN,403.1673155230855,78.0,straight_line,3
109beef39c,004,0,70,INDCOMN,INDCLIN,215.04548908824074,41.0,straight_line,3
109beef39c,004,0,71,INDCLIN,INDNORN,194.1766806424838,37.0,straight_line,3
109beef39c,004,0,72,INDNORN,INDPIEN,344.3879527366336,67.0,straight_line,3
109beef39c,004,0,73,INDPIEN,INDTORN,220.18887890376783,46.0,straight_line,3
109beef39c,004,0,74,INDTORN,INDFALN,242.81109857723635,21.0,straight_line,3
109beef39c,004,0,75,INDFALN,INDNORTN,340.45047298667004,30.0,straight_line,3
109beef39c,004,0,76,INDNORTN,INDGLEN,238.32910724100492,21.0,straight_line,3
109beef39c,004,0,77,INDGLEN,INDCOON,575.5196024456449,51.0,straight_line,3
109beef39c,004,0,78,INDCOON,INDSCHN1,302.948451046675,27.0,straight_line,3
109beef39c,004,0,79,INDSCHN1,INDWEIN,257.9636103448376,23.0,straight_line,3
109beef39c,004,0,80,INDWEIN,INDBEAN,324.89338565660813,29.0,straight_line,3
109beef39c,004,0,81,INDBEAN,INDJEFN,379.62267616471917,38.0,straight_line,3
109beef39c,004,0,82,INDJEFN,487SINN,559.0332686338966,72.0,straight_line,3
109beef39c,004,0,83,487SINN,SINFREN,545.6975193819599,54.0,straight_line,3
109beef39c,004,0,84,SINFREN,SINSTRN,254.31609698233072,25.0,straight_line,3
109beef39c,004,0,85,SINSTRN,SINLINN,222.17968316402494,22.0,straight_line,3
109beef39c,004,0,86,SINLINN,SINSHON,711.8198346327704,71.0,straight_line,3
109beef39c,004,0,87,SINSHON,SINDUBN,756.0263840713901,75.0,straight_line,3
109beef39c,004,0,88,SINDUBN,BOASHAS,468.4878827288816,101.0,straight_line,3
21bda6faf0,004,0,0,THIMALUW,ALUWILN,421.60799632890473,34.0,straight_line,34
21bda6faf0,004,0,1,ALUWILN,ALUWHWN,234.01598493298016,17.0,straight_line,34
21bda6faf0,004,0,2,ALUWHWN,ALUPROMN,335.21846378140935,25.0,straight_line,34
21bda6faf0,004,0,3,ALUPROMN,ALUNEWWN,382.339316677599,28.0,straight_line,34
21bda6faf0,004,0,4,ALUNEWWN,WATALUW,871.6217674755129,76.0,straight_line,34
21bda6faf0,004,0,5,WATALUW,2056WATS,730.9710597082048,96.0,straight_line,34
21bda6faf0,004,0,6,2056WATS,WATNEWW,237.43330278673608,40.0,straight_line,34
21bda6faf0,004,0,7,WATNEWW,180WATW,464.2536057040409,57.0,straight_line,34
21bda6faf0,004,0,8,180WATW,WEIWATS,619.6046042090504,79.0,straight_line,34
21bda6faf0,004,0,9,WEIWATS,WEIHOUS,202.01414593285304,28.0,straight_line,34
21bda6faf0,004,0,10,WEIHOUS,WEISOUW,241.72587873044088,36.0,straight_line,34
21bda6faf0,004,0,11,WEISOUW,VENSOUW,283.37959885439415,47.0,straight_line,34
21bda6faf0,004,0,12,VENSOUW,VENFAIW,395.72841377085973,58.0,straight_line,34
21bda6faf0,004,0,13,VENFAIW,FAISOUN,271.6771520663246,43.0,straight_line,34
21bda6faf0,004,0,14,FAISOUN,FAIWATN,374.90044611138404,56.0,straight_line,34
21bda6faf0,004,0,15,FAIWATN,FAIFABN,438.0220749733488,55.0,straight_line,34
21bda6faf0,004,0,16,FAIFABN,KOEFAIW,407.35668978128075,54.0,straight_line,34
21bda6faf0,004,0,17,KOEFAIW,KOEEDSW1,289.50373860020744,35.0,straight_line,34
21bda6faf0,004,0,18,KOEEDSW1,KOE113W,462.9041306344002,57.0,straight_line,34
21bda6faf0,004,0,19,KOE113W,LOC245N,93.66499574561247,14.0,straight_line,34
21bda6faf0,004,0,20,LOC245N,LOC230N,421.41871753709177,53.0,straight_line,34
21bda6faf0,004,0,21,LOC230N,LOCREFN,222.27518700805916,32.0,straight_line,34
21bda6faf0,004,0,22,LOCREFN,LOCMARN,416.01108781970066,68.0,straight_line,34
21bda6faf0,004,0,23,LOCMARN,LOCINNN,229.70758907169017,37.0,straight_line,34
21bda6faf0,004,0,24,LOCINNN,LOCSMIN,245.59917835884835,40.0,straight_line,34
21bda6faf0,004,0,25,LOCSMIN,LOCLOCN1,361.83099218948377,59.0,straight_line,34
21bda6faf0,004,0,26,LOCLOCN1,LOCMOLN,212.90850833169722,35.0,straight_line,34
21bda6faf0,004,0,27,LOCMOLN,FRESTUW,269.7242831164515,61.0,straight_line,34
21bda6faf0,004,0,28,FRESTUW,FREOAKW,334.55107761789003,51.0,straight_line,34
21bda6faf0,004,0,29,FREOAKW,FREOHIW,256.13468441766776,39.0,straight_line,34
21bda6faf0,004,0,30,FREOHIW,FREGILW,213.7360555004414,33.0,straight_line,34
21bda6faf0,004,0,31,FREGILW,FRE18TW,278.3043035348047,43.0,straight_line,34
21bda6faf0,004,0,32,FRE18TW,FREANNW,244.23524805713544,37.0,straight_line,34
21bda6faf0,004,0,33,FREANNW,FREPARW,172.0197556347385,26.0,straight_line,34
21bda6faf0,004,0,34,FREPARW,PARGATN,204.30407386005837,36.0,straight_line,34
21bda6faf0,004,0,35,PARGATN,PARTHUN,230.95219997684546,36.0,straight_line,34
21bda6faf0,004,0,36,PARTHUN,PARSTEN,264.45080752839857,41.0,straight_line,34
21bda6faf0,004,0,37,PARSTEN,PARWHIN,313.29119678242193,49.0,straight_line,34
21bda6faf0,004,0,38,PARWHIN,PARSYCN,545.6509295779194,85.0,straight_line,34
21bda6faf0,004,0,39,PARSYCN,LIVPARW,314.83426062328175,64.0,straight_line,34
21bda6faf0,004,0,40,LIVPARW,LIVGRANW,543.2783793352281,119.0,straight_line,34
21bda6faf0,004,0,41,LIVGRANW,LIVMOHW,301.5224987346215,65.0,straight_line,34
21bda6faf0,004,0,42,LIVMOHW,EMOS3RDW,379.9094383637895,109.0,straight_line,34
21bda6faf0,004,0,43,EMOS3RDW,MOUHIGW3,299.06629863414616,67.0,straight_line,34
21bda6faf0,004,0,44,MOUHIGW3,FROMOUN,137.7278273667782,43.0,straight_line,34
21bda6faf0,004,0,45,FROMOUN,FROTOWN,395.6264210904635,81.0,straight_line,34
21bda6faf0,004,0,46,FROTOWN,FROGAYN,553.8594765705346,116.0,straight_line,34
21bda6faf0,004,0,47,FROGAYN,LONHIGE,149.83528316756443,180.0,straight_line,34
21bda6faf0,004,0,48,LONHIGE,4THSPRN,437.61102221189844,76.0,straight_line,34
21bda6faf0,004,0,49,4THSPRN,4THLINN,1133.7544246156801,169.0,straight_line,34
21bda6faf0,004,0,50,4THLINN,4TH803N,296.8166114303419,43.0,straight_line,34
21bda6faf0,004,0,51,4TH803N,4TH2NDN,358.6329858262961,52.0,straight_line,34
21bda6faf0,004,0,52,4TH2NDN,4THDETN,210.79368246733196,30.0,straight_line,34
21bda6faf0,004,0,53,4THDETN,4TH5THN,343.544434112751,50.0,straight_line,34
21bda6faf0,004,0,54,4TH5THN,4TH7THN1,235.1866337726284,34.0,straight_line,34
21bda6faf0,004,0,55,4TH7THN1,4TH9THN,380.2644498781256,55.0,straight_line,34
21bda6faf0,004,0,56,4TH9THN,4THCHIN,179.84738826384515,31.0,straight_line,34
21bda6faf0,004,0,57,4THCHIN,4TH15TN,527.2083064623274,66.0,straight_line,34
21bda6faf0,004,0,58,4TH15TN,4TH18TN,302.12304975948973,37.0,straight_line,34
21bda6faf0,004,0,59,4TH18TN,4THLANN,369.12904251531586,46.0,straight_line,34
21bda6faf0,004,0,60,4THLANN,4THALDN,338.45094177424363,42.0,straight_line,34
21bda6faf0,004,0,61,4THALDN,4THMAYN,297.0659517846138,37.0,straight_line,34
21bda6faf0,004,0,62,4THMAYN,4THCLIN,237.98475963868077,29.0,straight_line,34
21bda6faf0,004,0,63,4THCLIN,HUDSUMW,314.0804860559183,52.0,straight_line,34
21bda6faf0,004,0,64,HUDSUMW,INDARCN,265.04398863638465,51.0,straight_line,34
21bda6faf0,004,0,65,INDARCN,INDPARN,288.64475558927785,56.0,straight_line,34
21bda6faf0,004,0,66,INDPARN,INDTULN,305.9796645200044,59.0,straight_line,34
21bda6faf0,004,0,67,INDTULN,INDWEBN,187.74466068840275,36.0,straight_line,34
21bda6faf0,004,0,68,INDWEBN,INDCOMN,403.1673155230855,78.0,straight_line,34
21bda6faf0,004,0,69,INDCOMN,INDCLIN,215.04548908824074,41.0,straight_line,34
21bda6faf0,004,0,70,INDCLIN,INDNORN,194.1766806424838,37.0,straight_line,34
21bda6faf0,004,0,71,INDNORN,INDPIEN,344.3879527366336,67.0,straight_line,34
21bda6faf0,004,0,72,INDPIEN,INDTORN,220.18887890376783,46.0,straight_line,34
21bda6faf0,004,0,73,INDTORN,INDFALN,242.81109857723635,21.0,straight_line,34
21bda6faf0,004,0,74,INDFALN,INDNORTN,340.45047298667004,30.0,straight_line,34
21bda6faf0,004,0,75,INDNORTN,INDGLEN,238.32910724100492,21.0,straight_line,34
21bda6faf0,004,0,76,INDGLEN,INDCOON,575.5196024456449,51.0,straight_line,34
21bda6faf0,004,0,77,INDCOON,INDSCHN1,302.948451046675,27.0,straight_line,34
21bda6faf0,004,0,78,INDSCHN1,INDWEIN,257.9636103448376,23.0,straight_line,34
21bda6faf0,004,0,79,INDWEIN,INDBEAN,324.89338565660813,29.0,straight_line,34
21bda6faf0,004,0,80,INDBEAN,INDJEFN,379.62267616471917,38.0,straight_line,34
21bda6faf0,004,0,81,INDJEFN,487SINN,559.0332686338966,72.0,straight_line,34
21bda6faf0,004,0,82,487SINN,SINFREN,545.6975193819599,54.0,straight_line,34
21bda6faf0,004,0,83,SINFREN,SINSTRN,254.31609698233072,25.0,straight_line,34
21bda6faf0,004,0,84,SINSTRN,SINLINN,222.17968316402494,22.0,straight_line,34
21bda6faf0,004,0,85,SINLINN,SINSHON,711.8198346327704,71.0,straight_line,34
21bda6faf0,004,0,86,SINSHON,SINDUBN,756.0263840713901,75.0,straight_line,34
21bda6faf0,004,0,87,SINDUBN,BOASHAS,468.4878827288816,101.0,straight_line,34
12e6445779,004,1,0,BOASHAS,SINDUBS,494.72583890597434,109.0,straight_line,38
12e6445779,004,1,1,SINDUBS,SINSHOS,707.9410705379025,96.0,straight_line,38
12e6445779,004,1,2,SINSHOS,SINLINS,750.9504436614229,101.0,straight_line,38
12e6445779,004,1,3,SINLINS,SINSTRS,188.6866160965303,25.0,straight_line,38
12e6445779,004,1,4,SINSTRS,SINFRES,263.26291446530473,35.0,straight_line,38
12e6445779,004,1,5,SINFRES,487SINS,544.7510326817753,73.0,straight_line,38
12e6445779,004,1,6,487SINS,INDJEFS,547.5423740918029,101.0,straight_line,38
12e6445779,004,1,7,INDJEFS,INDBEAS,400.07889209513894,36.0,straight_line,38
12e6445779,004,1,8,INDBEAS,INDWEIS,253.9009496948327,22.0,straight_line,38
12e6445779,004,1,9,INDWEIS,INDSCHS,297.66128140117485,26.0,straight_line,38
12e6445779,004,1,10,INDSCHS,INDCOOS,408.1260778441706,36.0,straight_line,38
12e6445779,004,1,11,INDCOOS,INDGLES,427.979128754486,38.0,straight_line,38
12e6445779,004,1,12,INDGLES,INDNORTS,246.2626396661656,22.0,straight_line,38
12e6445779,004,1,13,INDNORTS,INDFALS,390.0817406411715,34.0,straight_line,38
12e6445779,004,1,14,INDFALS,INDTORS,241.4849227628239,26.0,straight_line,38
12e6445779,004,1,15,INDTORS,INDOAKS,367.8714702787573,52.0,straight_line,38
12e6445779,004,1,16,INDOAKS,INDNORS,235.43713951376083,33.0,straight_line,38
12e6445779,004,1,17,INDNORS,INDWALS,147.65696054488288,21.0,straight_line,38
12e6445779,004,1,18,INDWALS,INDMIDS,266.35393496292335,38.0,straight_line,38
12e6445779,004,1,19,INDMIDS,INDMELS,212.1808584373291,30.0,straight_line,38
12e6445779,004,1,20,INDMELS,INDTIBS,189.4778095863602,27.0,straight_line,38
12e6445779,004,1,21,INDTIBS,INDCRES,181.23213828431554,25.0,straight_line,38
12e6445779,004,1,22,INDCRES,INDOLES,185.5743173844939,26.0,straight_line,38
12e6445779,004,1,23,INDOLES,INDARCS,313.0976107620912,48.0,straight_line,38
12e6445779,004,1,24,INDARCS,HUDSUME,299.0356739223472,51.0,straight_line,38
12e6445779,004,1,25,HUDSUME,SUMETOMS,137.05058427805025,25.0,straight_line,38
12e6445779,004,1,26,SUMETOMS,SUMMAYS,339.25501245102146,46.0,straight_line,38
12e6445779,004,1,27,SUMMAYS,SUMALDS,341.9216774084479,46.0,straight_line,38
12e6445779,004,1,28,SUMALDS,SUMLANS,265.9397879108335,36.0,straight_line,38
12e6445779,004,1,29,SUMLANS,SUM18TS,324.4986008982499,44.0,straight_line,38
12e6445779,004,1,30,SUM18TS,SUM15TS,340.59886500906384,46.0,straight_line,38
12e6445779,004,1,31,SUM15TS,SUMCHIS,470.3096206199219,66.0,straight_line,38
12e6445779,004,1,32,SUMCHIS,SUM9THS,393.63494439582075,50.0,straight_line,38
12e6445779,004,1,33,SUM9THS,SUM7THS,208.5697263192428,26.0,straight_line,38
12e6445779,004,1,34,SUM7THS,SUM5THS,366.3467527673625,47.0,straight_line,38
12e6445779,004,1,35,SUM5THS,SUM3RDS,361.2391208790142,46.0,straight_line,38
12e6445779,004,1,36,SUM3RDS,SUM2NDS,116.01895469072501,15.0,straight_line,38
12e6445779,004,1,37,SUM2NDS,SUMWARS,357.1429226701394,46.0,straight_line,38
12e6445779,004,1,38,SUMWARS,SPRHIGW,1410.9054172737199,207.0,straight_line,38
12e6445779,004,1,39,SPRHIGW,FROLONS,229.8440456953016,43.0,straight_line,38
12e6445779,004,1,40,FROLONS,FROBROS,384.6036873908584,240.0,straight_line,38
12e6445779,004,1,41,FROBROS,FROTOWS,318.1009566693305,66.0,straight_line,38
12e6445779,004,1,42,FROTOWS,HIGMAIS2,401.3346338289921,109.0,straight_line,38
12e6445779,004,1,43,HIGMAIS2,EFULSHIE,258.76695608374206,65.0,straight_line,38
12e6445779,004,1,44,EFULSHIE,LIV4THE,451.745193834392,114.0,straight_line,38
12e6445779,004,1,45,LIV4THE,LIVGRANE,367.8264437921325,77.0,straight_line,38
12e6445779,004,1,46,LIVGRANE,LIVPARE,511.0596759876178,109.0,straight_line,38
12e6445779,004,1,47,LIVPARE,PARELSS,303.2442663602561,52.0,straight_line,38
12e6445779,004,1,48,PARELSS,PARCOLS,330.29146735906636,51.0,straight_line,38
12e6445779,004,1,49,PARCOLS,PARWHIS,226.62907640761486,35.0,straight_line,38
12e6445779,004,1,50,PARWHIS,PARZIMS,232.67851502886998,36.0,straight_line,38
12e6445779,004,1,51,PARZIMS,PARTHUS,318.19181595824557,50.0,straight_line,38
12e6445779,004,1,52,PARTHUS,PARGATS,280.95729437634947,44.0,straight_line,38
12e6445779,004,1,53,PARGATS,FRBPARE,183.73800427046848,36.0,straight_line,38
12e6445779,004,1,54,FRBPARE,FREANNE,122.50947253822474,18.0,straight_line,38
12e6445779,004,1,55,FREANNE,FRE18TE,239.67329314382928,37.0,straight_line,38
12e6445779,004,1,56,FRE18TE,FREGILE,308.09461666092955,47.0,straight_line,38
12e6445779,004,1,57,FREGILE,FREOHIE1,167.52563440064876,25.0,straight_line,38
12e6445779,004,1,58,FREOHIE1,FREOAKE,201.2613063663638,31.0,straight_line,38
12e6445779,004,1,59,FREOAKE,FRESTUE,462.4004655047538,78.0,straight_line,38
12e6445779,004,1,60,FRESTUE,LOCSHES,172.74984575489873,31.0,straight_line,38
12e6445779,004,1,61,LOCSHES,LOCMARS,262.15572665728695,34.0,straight_line,38
12e6445779,004,1,62,LOCMARS,LOCSMIS,380.20841610649484,50.0,straight_line,38
12e6445779,004,1,63,LOCSMIS,LOCREES,330.84321861767955,43.0,straight_line,38
12e6445779,004,1,64,LOCREES,LOCMARS2,240.99440392954088,31.0,straight_line,38
12e6445779,004,1,65,LOCMARS2,LOCBUCS,363.48117058221663,51.0,straight_line,38
12e6445779,004,1,66,LOCBUCS,LOC234S,241.75242991375254,25.0,straight_line,38
12e6445779,004,1,67,LOC234S,LOC244S,270.30259394466196,28.0,straight_line,38
12e6445779,004,1,68,LOC244S,KOEACRE,207.07418343254753,26.0,straight_line,38
12e6445779,004,1,69,KOEACRE,KOEEDSLE,416.7013584028305,43.0,straight_line,38
12e6445779,004,1,70,KOEEDSLE,KOEFAIE,288.22082430948234,29.0,straight_line,38
12e6445779,004,1,71,KOEFAIE,FAIFABS,357.6319299817806,41.0,straight_line,38
12e6445779,004,1,72,FAIFABS,FAIWATS,435.23462079861264,48.0,straight_line,38
12e6445779,004,1,73,FAIWATS,FAISOUS,396.66110879523046,56.0,straight_line,38
12e6445779,004,1,74,FAISOUS,VENFAIE,312.36994155123665,49.0,straight_line,38
12e6445779,004,1,75,VENFAIE,VENSOUE,378.53904125967574,55.0,straight_line,38
12e6445779,004,1,76,VENSOUE,FAIWEIN,277.81026263196406,40.0,straight_line,38
12e6445779,004,1,77,FAIWEIN,WEIHOUN,258.2276575747416,40.0,straight_line,38
12e6445779,004,1,78,WEIHOUN,WEIWATN,231.015907488605,23.0,straight_line,38
12e6445779,004,1,79,WEIWATN,180WATE,633.4435351999806,64.0,straight_line,38
12e6445779,004,1,80,180WATE,WATNEWE,509.1936017871605,50.0,straight_line,38
12e6445779,004,1,81,WATNEWE,2197WATE,309.62987479700104,40.0,straight_line,38
12e6445779,004,1,82,2197WATE,WATALUE,616.6504935829429,63.0,straight_line,38
12e6445779,004,1,83,WATALUE,ALUNEWWS,875.4924035453598,82.0,straight_line,38
12e6445779,004,1,84,ALUNEWWS,ALUCRKWS,294.7129859688428,24.0,straight_line,38
12e6445779,004,1,85,ALUCRKWS,ALUWHWS,365.432499727092,30.0,straight_line,38
12e6445779,004,1,86,ALUWHWS,WILARIE,394.3666101351726,42.0,straight_line,38
12e6445779,004,1,87,WILARIE,MILWILLS,121.52714142429129,14.0,straight_line,38
12e6445779,004,1,88,MILWILLS,MILMILS,197.76935591187433,16.0,straight_line,38
12e6445779,004,1,89,MILMILS,THIBMILW,146.4650438226261,14.0,straight_line,38
12e6445779,004,1,90,THIBMILW,THIMALUW,174.57158745478702,18.0,straight_line,38
5082236b57,005,0,0,GTCREFS,GENPRIW,455.4650064647962,73.0,straight_line,18
5082236b57,005,0,1,GENPRIW,GENUPRN,300.32152231023446,60.0,straight_line,18
5082236b57,005,0,2,GENUPRN,REFGENW,289.0210035474486,44.0,straight_line,18
5082236b57,005,0,3,REFGENW,REFSTIRW,231.41595561270367,33.0,straight_line,18
5082236b57,005,0,4,REFSTIRW,REFBRIW,458.77316795167815,65.0,straight_line,18
5082236b57,005,0,5,REFBRIW,CHAJOSW,523.4677168134925,72.0,straight_line,18
5082236b57,005,0,6,CHAJOSW,CHATFXW,469.58535447446263,65.0,straight_line,18
5082236b57,005,0,7,CHATFXW,CHATFALW,319.8405742072843,44.0,straight_line,18
5082236b57,005,0,8,CHATFALW,CHATFONW,465.84944639138104,64.0,straight_line,18
5082236b57,005,0,9,CHATFONW,CHAFLEW,244.7246736440196,34.0,straight_line,18
5082236b57,005,0,10,CHAFLEW,CHARENW1,339.90217113649373,47.0,straight_line,18
5082236b57,005,0,11,CHARENW1,CHANOEW,189.20868215460732,26.0,straight_line,18
5082236b57,005,0,12,CHANOEW,REFNOEW,200.17983107028064,33.0,straight_line,18
5082236b57,005,0,13,REFNOEW,REFTENW,815.5222728785365,150.0,straight_line,18
5082236b57,005,0,14,REFTENW,REFCITW1,258.5669228650702,47.0,straight_line,18
5082236b57,005,0,15,REFCITW1,HAMREFN,332.46108665827916,71.0,straight_line,18
5082236b57,005,0,16,HAMREFN,EASHAMN,278.12115589090934,92.0,straight_line,18
5082236b57,005,0,17,EASHAMN,HAMREFS,289.1474185407921,50.0,straight_line,18
5082236b57,005,0,18,HAMREFS,REFEASW,562.5766779987026,66.0,straight_line,18
5082236b57,005,0,19,REFEASW,REFOLCW,534.1340474004793,57.0,straight_line,18
5082236b57,005,0,20,REFOLCW,REFCOUW,328.6254440837555,35.0,straight_line,18
5082236b57,005,0,21,REFCOUW,REFWEYW,585.579657378407,63.0,straight_line,18
5082236b57,005,0,22,REFWEYW,REFSCHW,402.89617026783765,43.0,straight_line,18
5082236b57,005,0,23,REFSCHW,REFWINW,385.49675681206134,46.0,straight_line,18
5082236b57,005,0,24,REFWINW,ALUWINN,2107.693880178961,300.0,straight_line,18
5082236b57,005,0,25,ALUWINN,ALUCORN,319.2659953133417,50.0,straight_line,18
5082236b57,005,0,26,ALUCORN,ALU1900N,330.19682594803095,52.0,straight_line,18
5082236b57,005,0,27,ALU1900N,ALUFRAN,263.1128814431927,41.0,straight_line,18
5082236b57,005,0,28,ALUFRAN,FREALUW,195.95145775407588,37.0,straight_line,18
5082236b57,005,0,29,FREALUW,FREFREW,352.1183867948277,61.0,straight_line,18
5082236b57,005,0,30,FREFREW,FRETHEW,398.7276813306062,69.0,straight_line,18
5082236b57,005,0,31,FRETHEW,FREFAIW,230.80195191617338,40.0,straight_line,18
5082236b57,005,0,32,FREFAIW,FAIGATN,268.8026190500483,52.0,straight_line,18
5082236b57,005,0,33,FAIGATN,FAIDESN,311.6404538012249,55.0,straight_line,18
5082236b57,005,0,34,FAIDESN,FAIWHIN,342.3065353449139,60.0,straight_line,18
5082236b57,005,0,35,FAIWHIN,WHISEYW1,99.453261204068,23.0,straight_line,18
5082236b57,005,0,36,WHISEYW1,WHILILW,357.1851133249409,60.0,straight_line,18
5082236b57,005,0,37,WHILILW,WHIELLW,148.5279120766741,24.0,straight_line,18
5082236b57,005,0,38,WHIELLW,WHILOCW,208.61800184093136,35.0,straight_line,18
5082236b57,005,0,39,WHILOCW,WHILINW,232.44854129187044,39.0,straight_line,18
5082236b57,005,0,40,WHILINW,WHIOAKW,290.7382818874831,48.0,straight_line,18
5082236b57,005,0,41,WHIOAKW,WHIOHIW,188.66347037198005,34.0,straight_line,18
5082236b57,005,0,42,WHIOHIW,WHIGILW,227.4120687135255,41.0,straight_line,18
5082236b57,005,0,43,WHIGILW,WHIHEYW,236.73574321393716,42.0,straight_line,18
5082236b57,005,0,44,WHIHEYW,WHI17TW,170.1073291235419,30.0,straight_line,18
5082236b57,005,0,45,WHI17TW,WHIPARW,308.51658271490624,55.0,straight_line,18
5082236b57,005,0,46,WHIPARW,WHIBEEW,273.60101797533844,49.0,straight_line,18
5082236b57,005,0,47,WHIBEEW,WHIEBNW,210.553893917812,37.0,straight_line,18
5082236b57,005,0,48,WHIEBNW,WHI5THW,238.0965283883536,46.0,straight_line,18
5082236b57,005,0,49,WHI5THW,WHI3RDW,256.2517116025477,51.0,straight_line,18
5082236b57,005,0,50,WHI3RDW,HIGWHIN,246.893131395652,60.0,straight_line,18
5082236b57,005,0,51,HIGWHIN,HIGCOLN,201.8457297781687,40.0,straight_line,18
5082236b57,005,0,52,HIGCOLN,HIGSYCN,307.91249651670057,62.0,straight_line,18
5082236b57,005,0,53,HIGSYCN,HIGHOSN,242.83265754178112,49.0,straight_line,18
5082236b57,005,0,54,HIGHOSN,HIGMOUN,471.56526614191745,98.0,straight_line,18
5082236b57,005,0,55,HIGMOUN,HIGRICN,240.16855024209988,78.0,straight_line,18
5082236b57,005,0,56,HIGRICN,HIGSTANN,282.2951690108452,92.0,straight_line,18
5082236b57,005,0,57,HIGSTANN,HIGBRONN,207.70624946057768,70.0,straight_line,18
5082236b57,005,0,58,HIGBRONN,HIGLONN2,308.06077485788353,60.0,straight_line,18
5082236b57,005,0,59,HIGLONN2,HIGNATN,429.8031474798347,120.0,straight_line,18
5082236b57,005,0,60,HIGNATN,HIGOHIN,181.52866437529056,35.0,straight_line,18
5082236b57,005,0,61,HIGOHIN,HIGSPRUN,323.07090329400836,62.0,straight_line,18
5082236b57,005,0,62,HIGSPRUN,HIGRUSN,345.68628573655946,67.0,straight_line,18
5082236b57,005,0,63,HIGRUSN,NHIGWARN,227.5837156540942,44.0,straight_line,18
5082236b57,005,0,64,NHIGWARN,NHI1STN,320.90440619406326,62.0,straight_line,18
5082236b57,005,0,65,NHI1STN,HIG2NDN,300.4552645904362,58.0,straight_line,18
5082236b57,005,0,66,HIG2NDN,5THHIGHW,437.3737526597108,92.0,straight_line,18
5082236b57,005,0,67,5THHIGHW,5THDENW,185.23433753578095,25.0,straight_line,18
5082236b57,005,0,68,5THDENW,5THHIGW,254.3170828858592,34.0,straight_line,18
5082236b57,005,0,69,5THHIGW,5THNEIW,203.551476335916,27.0,straight_line,18
5082236b57,005,0,70,5THNEIW,5THMICW,251.43538782533727,34.0,straight_line,18
5082236b57,005,0,71,5THMICW,5THPERW,186.95962269963877,25.0,straight_line,18
5082236b57,005,0,72,5THPERW,5THTISW,222.24851876783453,30.0,straight_line,18
5082236b57,005,0,73,5THTISW,5THOLEW,448.80653478663777,65.0,straight_line,18
5082236b57,005,0,74,5THOLEW,5THEDGW,256.6403115985896,40.0,straight_line,18
5082236b57,005,0,75,5THEDGW,5THHESW,231.06161765465845,36.0,straight_line,18
5082236b57,005,0,76,5THHESW,5THKENW,264.2450651290245,41.0,straight_line,18
5082236b57,005,0,77,5THKENW,5THDOTW,213.07226362270504,33.0,straight_line,18
5082236b57,005,0,78,5THDOTW,5THNORTW,240.34447910405413,37.0,straight_line,18
5082236b57,005,0,79,5THNORTW,5THGRANW,318.0049467350209,53.0,straight_line,18
5082236b57,005,0,80,5THGRANW,5THFAIW,281.14308606979074,37.0,straight_line,18
5082236b57,005,0,81,5THFAIW,5THASHW,225.80516057668726,30.0,straight_line,18
5082236b57,005,0,82,5THASHW,5THWESW,214.229144151885,28.0,straight_line,18
5082236b57,005,0,83,5THWESW,5THWYAW,252.20036352173202,33.0,straight_line,18
5082236b57,005,0,84,5THWYAW,5THCAMW,206.60871229849815,27.0,straight_line,18
5082236b57,005,0,85,5THCAMW,5THARLW,164.3882186191265,25.0,straight_line,18
5082236b57,005,0,86,5THARLW,5THLOCW,328.42984907768044,38.0,straight_line,18
5082236b57,005,0,87,5THLOCW,5TH220W,155.6851770668781,18.0,straight_line,18
5082236b57,005,0,88,5TH220W,5THLAKW,360.1878356887537,44.0,straight_line,18
5082236b57,005,0,89,5THLAKW,5THRUNW,298.0473612949089,36.0,straight_line,18
5082236b57,005,0,90,5THRUNW,5THSEAPW,193.39894293135217,24.0,straight_line,18
5082236b57,005,0,91,5THSEAPW,MCKQUAN,740.667102245801,103.0,straight_line,18
5082236b57,005,0,92,MCKQUAN,MCK3235N,400.9572919301373,48.0,straight_line,18
5082236b57,005,0,93,MCK3235N,TRAMCKW,364.6068751612728,49.0,straight_line,18
5082236b57,005,0,94,TRAMCKW,TRAMAPW,575.7309156354714,62.0,straight_line,18
5082236b57,005,0,95,TRAMAPW,TRABENW,855.7511949677587,92.0,straight_line,18
5082236b57,005,0,96,TRABENW,WILTRAS,545.6138784523519,65.0,straight_line,18
5082236b57,005,0,97,WILTRAS,WILGRIS1,555.4172716881818,60.0,straight_line,18
5082236b57,005,0,98,WILGRIS1,WILTWIS1,385.5911763206718,42.0,straight_line,18
5082236b57,005,0,99,WILTWIS1,WILFERS,1015.1049667470513,111.0,straight_line,18
5082236b57,005,0,100,WILFERS,WILFISS,415.20832480339146,48.0,straight_line,18
5082236b57,005,0,101,WILFISS,WILVALS,702.7451412247103,88.0,straight_line,18
5082236b57,005,0,102,WILVALS,WILSOLS,535.7842786558234,67.0,straight_line,18
5082236b57,005,0,103,WILSOLS,BROCONEW,462.9295948183652,73.0,straight_line,18
5082236b57,005,0,104,BROCONEW,BROVIOW,192.36193967461574,23.0,straight_line,18
5082236b57,005,0,105,BROVIOW,BROPHIW,803.7579925469389,98.0,straight_line,18
5082236b57,005,0,106,BROPHIW,BRO4158W,205.49152260316944,25.0,straight_line,18
5082236b57,005,0,107,BRO4158W,BRO425W,258.0574497583784,31.0,straight_line,18
5082236b57,005,0,108,BRO425W,BROOLDW,788.6453030320463,96.0,straight_line,18
5082236b57,005,0,109,BROOLDW,BROMURW,289.5628404602674,35.0,straight_line,18
5082236b57,005,0,110,BROMURW,NMURBEAN,341.2573327659821,64.0,straight_line,18
9c7b628b15,005,0,0,GTCREFS,GENPRIW,455.4650064647962,73.0,straight_line,19
9c7b628b15,005,0,1,GENPRIW,GENUPRN,300.32152231023446,60.0,straight_line,19
9c7b628b15,005,0,2,GENUPRN,REFGENW,289.0210035474486,44.0,straight_line,19
9c7b628b15,005,0,3,REFGENW,REFSTIRW,231.41595561270367,33.0,straight_line,19
9c7b628b15,005,0,4,REFSTIRW,REFBRIW,458.77316795167815,65.0,straight_line,19
9c7b628b15,005,0,5,REFBRIW,CHAJOSW,523.4677168134925,72.0,straight_line,19
9c7b628b15,005,0,6,CHAJOSW,CHATFXW,469.58535447446263,65.0,straight_line,19
9c7b628b15,005,0,7,CHATFXW,CHATFALW,319.8405742072843,44.0,straight_line,19
9c7b628b15,005,0,8,CHATFALW,CHATFONW,465.84944639138104,64.0,straight_line,19
9c7b628b15,005,0,9,CHATFONW,CHAFLEW,244.7246736440196,34.0,straight_line,19
9c7b628b15,005,0,10,CHAFLEW,CHARENW1,339.90217113649373,47.0,straight_line,19
9c7b628b15,005,0,11,CHARENW1,CHANOEW,189.20868215460732,26.0,straight_line,19
9c7b628b15,005,0,12,CHANOEW,REFNOEW,200.17983107028064,33.0,straight_line,19
9c7b628b15,005,0,13,REFNOEW,REFTENW,815.5222728785365,150.0,straight_line,19
9c7b628b15,005,0,14,REFTENW,REFCITW1,258.5669228650702,47.0,straight_line,19
9c7b628b15,005,0,15,REFCITW1,HAMREFN,332.46108665827916,71.0,straight_line,19
9c7b628b15,005,0,16,HAMREFN,EASHAMN,278.12115589090934,92.0,straight_line,19
9c7b628b15,005,0,17,EASHAMN,HAMREFS,289.1474185407921,50.0,straight_line,19
9c7b628b15,005,0,18,HAMREFS,REFEASW,562.5766779987026,66.0,straight_line,19
9c7b628b15,005,0,19,REFEASW,REFOLCW,534.1340474004793,57.0,straight_line,19
9c7b628b15,005,0,20,REFOLCW,REFCOUW,328.6254440837555,35.0,straight_line,19
9c7b628b15,005,0,21,REFCOUW,REFWEYW,585.579657378407,63.0,straight_line,19
9c7b628b15,005,0,22,REFWEYW,REFSCHW,402.89617026783765,43.0,straight_line,19
9c7b628b15,005,0,23,REFSCHW,REFWINW,385.49675681206134,46.0,straight_line,19
9c7b628b15,005,0,24,REFWINW,ALUWINN,2107.693880178961,300.0,straight_line,19
9c7b628b15,005,0,25,ALUWINN,ALUCORN,319.2659953133417,50.0,straight_line,19
9c7b628b15,005,0,26,ALUCORN,ALU1900N,330.19682594803095,52.0,straight_line,19
9c7b628b15,005,0,27,ALU1900N,ALUFRAN,263.1128814431927,41.0,straight_line,19
9c7b628b15,005,0,28,ALUFRAN,FREALUW,195.95145775407588,37.0,straight_line,19
9c7b628b15,005,0,29,FREALUW,FREFREW,352.1183867948277,61.0,straight_line,19
9c7b628b15,005,0,30,FREFREW,FRETHEW,398.7276813306062,69.0,straight_line,19
9c7b628b15,005,0,31,FRETHEW,FREFAIW,230.80195191617338,40.0,straight_line,19
9c7b628b15,005,0,32,FREFAIW,FAIGATN,268.8026190500483,52.0,straight_line,19
9c7b628b15,005,0,33,FAIGATN,FAIDESN,311.6404538012249,55.0,straight_line,19
9c7b628b15,005,0,34,FAIDESN,FAIWHIN,342.3065353449139,60.0,straight_line,19
9c7b628b15,005,0,35,FAIWHIN,WHISEYW1,99.453261204068,23.0,straight_line,19
9c7b628b15,005,0,36,WHISEYW1,WHILILW,357.1851133249409,60.0,straight_line,19
9c7b628b15,005,0,37,WHILILW,WHIELLW,148.5279120766741,24.0,straight_line,19
9c7b628b15,005,0,38,WHIELLW,WHILOCW,208.61800184093136,35.0,straight_line,19
9c7b628b15,005,0,39,WHILOCW,WHILINW,232.44854129187044,39.0,straight_line,19
9c7b628b15,005,0,40,WHILINW,WHIOAKW,290.7382818874831,48.0,straight_line,19
9c7b628b15,005,0,41,WHIOAKW,WHIOHIW,188.66347037198005,34.0,straight_line,19
9c7b628b15,005,0,42,WHIOHIW,WHIGILW,227.4120687135255,32.0,straight_line,19
9c7b628b15,005,0,43,WHIGILW,WHIHEYW,236.73574321393716,34.0,straight_line,19
9c7b628b15,005,0,44,WHIHEYW,WHI17TW,170.1073291235419,24.0,straight_line,19
9c7b628b15,005,0,45,WHI17TW,WHIPARW,308.51658271490624,44.0,straight_line,19
9c7b628b15,005,0,46,WHIPARW,WHIBEEW,273.60101797533844,39.0,straight_line,19
9c7b628b15,005,0,47,WHIBEEW,WHIEBNW,210.553893917812,30.0,straight_line,19
9c7b628b15,005,0,48,WHIEBNW,WHI5THW,238.0965283883536,37.0,straight_line,19
9c7b628b15,005,0,49,WHI5THW,WHI3RDW,256.2517116025477,51.0,straight_line,19
9c7b628b15,005,0,50,WHI3RDW,HIGWHIN,246.893131395652,60.0,straight_line,19
9c7b628b15,005,0,51,HIGWHIN,HIGCOLN,201.8457297781687,40.0,straight_line,19
9c7b628b15,005,0,52,HIGCOLN,HIGSYCN,307.91249651670057,62.0,straight_line,19
9c7b628b15,005,0,53,HIGSYCN,HIGHOSN,242.83265754178112,49.0,straight_line,19
9c7b628b15,005,0,54,HIGHOSN,HIGMOUN,471.56526614191745,98.0,straight_line,19
9c7b628b15,005,0,55,HIGMOUN,HIGRICN,240.16855024209988,78.0,straight_line,19
9c7b628b15,005,0,56,HIGRICN,HIGSTANN,282.2951690108452,92.0,straight_line,19
9c7b628b15,005,0,57,HIGSTANN,HIGBRONN,207.70624946057768,70.0,straight_line,19
9c7b628b15,005,0,58,HIGBRONN,HIGLONN2,308.06077485788353,60.0,straight_line,19
9c7b628b15,005,0,59,HIGLONN2,HIGNATN,429.8031474798347,120.0,straight_line,19
9c7b628b15,005,0,60,HIGNATN,HIGOHIN,181.52866437529056,35.0,straight_line,19
9c7b628b15,005,0,61,HIGOHIN,HIGSPRUN,323.07090329400836,62.0,straight_line,19
9c7b628b15,005,0,62,HIGSPRUN,HIGRUSN,345.68628573655946,67.0,straight_line,19
9c7b628b15,005,0,63,HIGRUSN,NHIGWARN,227.5837156540942,44.0,straight_line,19
9c7b628b15,005,0,64,NHIGWARN,NHI1STN,320.90440619406326,62.0,straight_line,19
9c7b628b15,005,0,65,NHI1STN,HIG2NDN,300.4552645904362,58.0,straight_line,19
9c7b628b15,005,0,66,HIG2NDN,5THHIGHW,437.3737526597108,92.0,straight_line,19
9c7b628b15,005,0,67,5THHIGHW,5THDENW,185.23433753578095,25.0,straight_line,19
9c7b628b15,005,0,68,5THDENW,5THHIGW,254.3170828858592,34.0,straight_line,19
9c7b628b15,005,0,69,5THHIGW,5THNEIW,203.551476335916,27.0,straight_line,19
9c7b628b15,005,0,70,5THNEIW,5THMICW,251.43538782533727,34.0,straight_line,19
9c7b628b15,005,0,71,5THMICW,5THPERW,186.95962269963877,25.0,straight_line,19
9c7b628b15,005,0,72,5THPERW,5THTISW,222.24851876783453,30.0,straight_line,19
9c7b628b15,005,0,73,5THTISW,5THOLEW,448.80653478663777,65.0,straight_line,19
9c7b628b15,005,0,74,5THOLEW,5THEDGW,256.6403115985896,40.0,straight_line,19
9c7b628b15,005,0,75,5THEDGW,5THHESW,231.06161765465845,36.0,straight_line,19
9c7b628b15,005,0,76,5THHESW,5THKENW,264.2450651290245,41.0,straight_line,19
9c7b628b15,005,0,77,5THKENW,5THDOTW,213.07226362270504,33.0,straight_line,19
9c7b628b15,005,0,78,5THDOTW,5THNORTW,240.34447910405413,37.0,straight_line,19
9c7b628b15,005,0,79,5THNORTW,5THGRANW,318.0049467350209,53.0,straight_line,19
9c7b628b15,005,0,80,5THGRANW,5THFAIW,281.14308606979074,37.0,straight_line,19
9c7b628b15,005,0,81,5THFAIW,5THASHW,225.80516057668726,30.0,straight_line,19
9c7b628b15,005,0,82,5THASHW,5THWESW,214.229144151885,28.0,straight_line,19
9c7b628b15,005,0,83,5THWESW,5THWYAW,252.20036352173202,33.0,straight_line,19
9c7b628b15,005,0,84,5THWYAW,5THCAMW,206.60871229849815,27.0,straight_line,19
9c7b628b15,005,0,85,5THCAMW,5THARLW,164.3882186191265,25.0,straight_line,19
9c7b628b15,005,0,86,5THARLW,5THLOCW,328.42984907768044,38.0,straight_line,19
9c7b628b15,005,0,87,5THLOCW,5TH220W,155.6851770668781,18.0,straight_line,19
9c7b628b15,005,0,88,5TH220W,5THLAKW,360.1878356887537,44.0,straight_line,19
9c7b628b15,005,0,89,5THLAKW,5THRUNW,298.0473612949089,36.0,straight_line,19
9c7b628b15,005,0,90,5THRUNW,5THSEAPW,193.39894293135217,24.0,straight_line,19
9c7b628b15,005,0,91,5THSEAPW,MCKQUAN,740.667102245801,103.0,straight_line,19
9c7b628b15,005,0,92,MCKQUAN,MCK3235N,400.9572919301373,48.0,straight_line,19
9c7b628b15,005,0,93,MCK3235N,TRAMCKW,364.6068751612728,49.0,straight_line,19
9c7b628b15,005,0,94,TRAMCKW,TRAMAPW,575.7309156354714,61.0,straight_line,19
9c7b628b15,005,0,95,TRAMAPW,TRABENW,855.7511949677587,90.0,straight_line,19
9c7b628b15,005,0,96,TRABENW,TRAWILW,588.6804963537289,62.0,straight_line,19
9c7b628b15,005,0,97,TRAWILW,TRAARLW,443.9877607640167,47.0,straight_line,19
9c7b628b15,005,0,98,TRAARLW,TRADIVDW,736.9093978105803,77.0,straight_line,19
9c7b628b15,005,0,99,TRADIVDW,TRAWESW,191.10000044169018,23.0,straight_line,19
9c7b628b15,005,0,100,TRAWESW,TRA511W,979.1781489518602,148.0,straight_line,19
9c7b628b15,005,0,101,TRA511W,RENATLW,590.110343548363,91.0,straight_line,19
9c7b628b15,005,0,102,RENATLW,RENRTAW,407.67440991673266,61.0,straight_line,19
9c7b628b15,005,0,103,RENRTAW,RENHILW,319.8502568417653,48.0,straight_line,19
9c7b628b15,005,0,104,RENHILW,RENRPRE,382.99599844512136,72.0,straight_line,19
e3a1415bb9,005,1,0,RENRPRE,RENHILE,412.8385122054352,75.0,straight_line,19
e3a1415bb9,005,1,1,RENHILE,RENRTAE,298.6580163933025,27.0,straight_line,19
e3a1415bb9,005,1,2,RENRTAE,RENATLE,397.33400881865106,37.0,straight_line,19
e3a1415bb9,005,1,3,RENATLE,TRA510E,598.8797432535212,55.0,straight_line,19
e3a1415bb9,005,1,4,TRA510E,TRA465E,1125.7712973288562,106.0,straight_line,19
e3a1415bb9,005,1,5,TRA465E,TRAARLE,768.6166904757174,99.0,straight_line,19
e3a1415bb9,005,1,6,TRAARLE,TRARASE,286.09916221132727,36.0,straight_line,19
e3a1415bb9,005,1,7,TRARASE,TRAWILE,302.793694747402,39.0,straight_line,19
e3a1415bb9,005,1,8,TRAWILE,TRABENE,449.0694730676063,58.0,straight_line,19
e3a1415bb9,005,1,9,TRABENE,TRAHAGE,878.54187078003,113.0,straight_line,19
e3a1415bb9,005,1,10,TRAHAGE,TRAMCKE,565.7472560553394,75.0,straight_line,19
e3a1415bb9,005,1,11,TRAMCKE,MCK3265S,254.6596250773169,34.0,straight_line,19
e3a1415bb9,005,1,12,MCK3265S,MCKQUAS,520.4918940793618,63.0,straight_line,19
e3a1415bb9,005,1,13,MCKQUAS,5THRUN1E,739.1896639804721,106.0,straight_line,19
e3a1415bb9,005,1,14,5THRUN1E,5THRUN2E,114.26579330112868,13.0,straight_line,19
e3a1415bb9,005,1,15,5THRUN2E,5THLAKE,278.2288130366445,36.0,straight_line,19
e3a1415bb9,005,1,16,5THLAKE,5TH2200E,439.70145862249245,56.0,straight_line,19
e3a1415bb9,005,1,17,5TH2200E,5THARLE,409.97088499558305,52.0,straight_line,19
e3a1415bb9,005,1,18,5THARLE,5THCAME,209.57785578354878,28.0,straight_line,19
e3a1415bb9,005,1,19,5THCAME,5THWYAE,207.7920718068822,28.0,straight_line,19
e3a1415bb9,005,1,20,5THWYAE,5THWESE,225.70991264247235,30.0,straight_line,19
e3a1415bb9,005,1,21,5THWESE,5THASHE,213.72297569205458,28.0,straight_line,19
e3a1415bb9,005,1,22,5THASHE,5THFAIE,232.82454772672764,31.0,straight_line,19
e3a1415bb9,005,1,23,5THFAIE,5THGRANE,247.65244841092,35.0,straight_line,19
e3a1415bb9,005,1,24,5THGRANE,5THNORTE,308.3542299867437,57.0,straight_line,19
e3a1415bb9,005,1,25,5THNORTE,5THDOTE,260.5446444647889,48.0,straight_line,19
e3a1415bb9,005,1,26,5THDOTE,5THEASE,195.6267411334878,36.0,straight_line,19
e3a1415bb9,005,1,27,5THEASE,5THHOLE,191.81310558408592,35.0,straight_line,19
e3a1415bb9,005,1,28,5THHOLE,5THEDGE,409.4154773311089,75.0,straight_line,19
e3a1415bb9,005,1,29,5THEDGE,5THOLEE,250.02712926507073,49.0,straight_line,19
e3a1415bb9,005,1,30,5THOLEE,5THPERE,582.0570517936717,81.0,straight_line,19
e3a1415bb9,005,1,31,5THPERE,5THMICE,189.58117623619373,26.0,straight_line,19
e3a1415bb9,005,1,32,5THMICE,5THNEIE,285.32322472956406,39.0,straight_line,19
e3a1415bb9,005,1,33,5THNEIE,5THHIGE,205.2154549784102,28.0,straight_line,19
e3a1415bb9,005,1,34,5THHIGE,5THDENE,220.61208124051691,30.0,straight_line,19
e3a1415bb9,005,1,35,5THDENE,5THHIGHE,236.60283550993466,36.0,straight_line,19
e3a1415bb9,005,1,36,5THHIGHE,HIG4THS,246.2903970462461,52.0,straight_line,19
e3a1415bb9,005,1,37,HIG4THS,NHIW2S,324.0458707137797,63.0,straight_line,19
e3a1415bb9,005,1,38,NHIW2S,HIGHUBS,402.91948016078567,78.0,straight_line,19
e3a1415bb9,005,1,39,HIGHUBS,HIGRUSS,362.01365404689494,71.0,straight_line,19
e3a1415bb9,005,1,40,HIGRUSS,HIGSWANS,235.46148714648928,46.0,straight_line,19
e3a1415bb9,005,1,41,HIGSWANS,HIGOHIS,326.54755710034055,64.0,straight_line,19
e3a1415bb9,005,1,42,HIGOHIS,HIGNATS,221.8000568659215,46.0,straight_line,19
e3a1415bb9,005,1,43,HIGNATS,HIGLONS,343.0784148730788,60.0,straight_line,19
e3a1415bb9,005,1,44,HIGLONS,HIGBROS,265.02505756658604,120.0,straight_line,19
e3a1415bb9,005,1,45,HIGBROS,HIGSTAS,281.8874662425369,104.0,straight_line,19
e3a1415bb9,005,1,46,HIGSTAS,HIGTOWS,245.88871887580058,90.0,straight_line,19
e3a1415bb9,005,1,47,HIGTOWS,HIGMAIS2,282.44288521377075,105.0,straight_line,19
e3a1415bb9,005,1,48,HIGMAIS2,HIGMOUS,160.15745473882203,61.0,straight_line,19
e3a1415bb9,005,1,49,HIGMOUS,HIGBLENS,266.72750780172623,46.0,straight_line,19
e3a1415bb9,005,1,50,HIGBLENS,HIGSYCS,339.34322007791053,59.0,straight_line,19
e3a1415bb9,005,1,51,HIGSYCS,HIGFRANS,169.69522206803435,29.0,straight_line,19
e3a1415bb9,005,1,52,HIGFRANS,WHIPEAE,393.1638041069958,78.0,straight_line,19
e3a1415bb9,005,1,53,WHIPEAE,WHI3RDE,147.40984137516762,24.0,straight_line,19
e3a1415bb9,005,1,54,WHI3RDE,WHIJAEE,361.74943082798035,64.0,straight_line,19
e3a1415bb9,005,1,55,WHIJAEE,WHIBRUE,240.3839455290809,33.0,straight_line,19
e3a1415bb9,005,1,56,WHIBRUE,WHIPARE,365.46481923633127,50.0,straight_line,19
e3a1415bb9,005,1,57,WHIPARE,WHIANNE,269.5717680520275,37.0,straight_line,19
e3a1415bb9,005,1,58,WHIANNE,WHI18TE,163.7459562392128,22.0,straight_line,19
e3a1415bb9,005,1,59,WHI18TE,WHIOPPE,215.95096108080864,30.0,straight_line,19
e3a1415bb9,005,1,60,WHIOPPE,WHI22NE,199.3032264759093,27.0,straight_line,19
e3a1415bb9,005,1,61,WHI22NE,WHICHAE,268.4615914270406,41.0,straight_line,19
e3a1415bb9,005,1,62,WHICHAE,WHIWILE,195.76846192647383,37.0,straight_line,19
e3a1415bb9,005,1,63,WHIWILE,WHISTUE,233.17562381293558,44.0,straight_line,19
e3a1415bb9,005,1,64,WHISTUE,WHIMILE,248.29176522847635,47.0,straight_line,19
e3a1415bb9,005,1,65,WHIMILE,WHIKELE,174.27231542958552,33.0,straight_line,19
e3a1415bb9,005,1,66,WHIKELE,WHIBERE,204.60003148184245,38.0,straight_line,19
e3a1415bb9,005,1,67,WHIBERE,WHISEYE,208.50037685724158,41.0,straight_line,19
e3a1415bb9,005,1,68,WHISEYE,WHITFAIE,79.47121770930907,10.0,straight_line,19
e3a1415bb9,005,1,69,WHITFAIE,FAIDESS,433.1632924229214,63.0,straight_line,19
e3a1415bb9,005,1,70,FAIDESS,FAIGATS,315.393044401599,42.0,straight_line,19
e3a1415bb9,005,1,71,FAIGATS,FREFAIE1,235.56688699346435,34.0,straight_line,19
e3a1415bb9,005,1,72,FREFAIE1,FRETHEE,207.80220179839654,27.0,straight_line,19
e3a1415bb9,005,1,73,FRETHEE,FREFREE,446.70998154649584,60.0,straight_line,19
e3a1415bb9,005,1,74,FREFREE,ALUFRES,406.41919366078787,64.0,straight_line,19
e3a1415bb9,005,1,75,ALUFRES,ALU1900S,324.3607028209474,38.0,straight_line,19
e3a1415bb9,005,1,76,ALU1900S,ALUCORS,321.4764983784706,38.0,straight_line,19
e3a1415bb9,005,1,77,ALUCORS,ALUWINS,360.85687630767205,44.0,straight_line,19
e3a1415bb9,005,1,78,ALUWINS,REFWINE,2040.5500022206388,240.0,straight_line,19
e3a1415bb9,005,1,79,REFWINE,REFSCHE,503.90119729722363,61.0,straight_line,19
e3a1415bb9,005,1,80,REFSCHE,REFWEYE,472.2181284196385,57.0,straight_line,19
e3a1415bb9,005,1,81,REFWEYE,REFCOUE,505.2140965887108,61.0,straight_line,19
e3a1415bb9,005,1,82,REFCOUE,REFOLDE,380.5479402162802,46.0,straight_line,19
e3a1415bb9,005,1,83,REFOLDE,REFEASE,423.1832196692933,51.0,straight_line,19
e3a1415bb9,005,1,84,REFEASE,HAMREFN,639.7406500556312,82.0,straight_line,19
e3a1415bb9,005,1,85,HAMREFN,EASHAMN,278.12115589090934,62.0,straight_line,19
e3a1415bb9,005,1,86,EASHAMN,REFCITE,403.9900833934899,107.0,straight_line,19
e3a1415bb9,005,1,87,REFCITE,REFTENE,380.221607049769,58.0,straight_line,19
e3a1415bb9,005,1,88,REFTENE,REFNOEE,857.767851068648,135.0,straight_line,19
e3a1415bb9,005,1,89,REFNOEE,CHANOEE,127.30288690617101,12.0,straight_line,19
e3a1415bb9,005,1,90,CHANOEE,CHARENE,313.5502113732443,30.0,straight_line,19
e3a1415bb9,005,1,91,CHARENE,CHAFLEE,240.08467265620044,23.0,straight_line,19
e3a1415bb9,005,1,92,CHAFLEE,CHAFONTE,339.7783640679822,32.0,straight_line,19
e3a1415bb9,005,1,93,CHAFONTE,CHATFALE,459.31515199049505,43.0,straight_line,19
e3a1415bb9,005,1,94,CHATFALE,CHATBONE,305.5836289406624,29.0,straight_line,19
e3a1415bb9,005,1,95,CHATBONE,CHAJOSE,479.5009396110346,45.0,straight_line,19
e3a1415bb9,005,1,96,CHAJOSE,REFBRIE,452.56975920856956,43.0,straight_line,19
e3a1415bb9,005,1,97,REFBRIE,REFCTNVE,490.22226591443336,49.0,straight_line,19
e3a1415bb9,005,1,98,REFCTNVE,REFGENE,316.7745498808974,29.0,straight_line,19
e3a1415bb9,005,1,99,REFGENE,GTCREFS,155.9212627885362,25.0,straight_line,19
633111494b,005,1,0,NMURBEAN,BROWESTE,1277.7390070175961,236.0,straight_line,18
633111494b,005,1,1,BROWESTE,BROGEOE,460.97873779890756,61.0,straight_line,18
633111494b,005,1,2,BROGEOE,BRO386E,852.947739107793,114.0,straight_line,18
633111494b,005,1,3,BRO386E,WILBRON1,445.39381736859997,64.0,straight_line,18
633111494b,005,1,4,WILBRON1,WILVALN,821.4146305396418,112.0,straight_line,18
633111494b,005,1,5,WILVALN,WILFISN,518.1485838688142,73.0,straight_line,18
633111494b,005,1,6,WILFISN,WILLINN,549.2020110933172,56.0,straight_line,18
633111494b,005,1,7,WILLINN,WILTWIN1,1053.2469570426358,113.0,straight_line,18
633111494b,005,1,8,WILTWIN1,WILGRIN1,379.16804416279734,40.0,straight_line,18
633111494b,005,1,9,WILGRIN1,TRAWILE,610.2080722173264,72.0,straight_line,18
633111494b,005,1,10,TRAWILE,TRABENE,449.0694730676063,46.0,straight_line,18
633111494b,005,1,11,TRABENE,TRAHAGE,878.54187078003,91.0,straight_line,18
633111494b,005,1,12,TRAHAGE,TRAMCKE,565.7472560553394,62.0,straight_line,18
633111494b,005,1,13,TRAMCKE,MCK3265S,254.6596250773169,34.0,straight_line,18
633111494b,005,1,14,MCK3265S,MCKQUAS,520.4918940793618,63.0,straight_line,18
633111494b,005,1,15,MCKQUAS,5THRUN1E,739.1896639804721,106.0,straight_line,18
633111494b,005,1,16,5THRUN1E,5THRUN2E,114.26579330112868,13.0,straight_line,18
633111494b,005,1,17,5THRUN2E,5THLAKE,278.2288130366445,36.0,straight_line,18
633111494b,005,1,18,5THLAKE,5TH2200E,439.70145862249245,56.0,straight_line,18
633111494b,005,1,19,5TH2200E,5THARLE,409.97088499558305,52.0,straight_line,18
633111494b,005,1,20,5THARLE,5THCAME,209.57785578354878,28.0,straight_line,18
633111494b,005,1,21,5THCAME,5THWYAE,207.7920718068822,28.0,straight_line,18
633111494b,005,1,22,5THWYAE,5THWESE,225.70991264247235,30.0,straight_line,18
633111494b,005,1,23,5THWESE,5THASHE,213.72297569205458,28.0,straight_line,18
633111494b,005,1,24,5THASHE,5THFAIE,232.82454772672764,31.0,straight_line,18
633111494b,005,1,25,5THFAIE,5THGRANE,247.65244841092,35.0,straight_line,18
633111494b,005,1,26,5THGRANE,5THNORTE,308.3542299867437,57.0,straight_line,18
633111494b,005,1,27,5THNORTE,5THDOTE,260.5446444647889,48.0,straight_line,18
633111494b,005,1,28,5THDOTE,5THEASE,195.6267411334878,36.0,straight_line,18
633111494b,005,1,29,5THEASE,5THHOLE,191.81310558408592,35.0,straight_line,18
633111494b,005,1,30,5THHOLE,5THEDGE,409.4154773311089,75.0,straight_line,18
633111494b,005,1,31,5THEDGE,5THOLEE,250.02712926507073,49.0,straight_line,18
633111494b,005,1,32,5THOLEE,5THPERE,582.0570517936717,81.0,straight_line,18
633111494b,005,1,33,5THPERE,5THMICE,189.58117623619373,26.0,straight_line,18
633111494b,005,1,34,5THMICE,5THNEIE,285.32322472956406,39.0,straight_line,18
633111494b,005,1,35,5THNEIE,5THHIGE,205.2154549784102,28.0,straight_line,18
633111494b,005,1,36,5THHIGE,5THDENE,220.61208124051691,30.0,straight_line,18
633111494b,005,1,37,5THDENE,5THHIGHE,236.60283550993466,36.0,straight_line,18
633111494b,005,1,38,5THHIGHE,HIG4THS,246.2903970462461,52.0,straight_line,18
633111494b,005,1,39,HIG4THS,NHIW2S,324.0458707137797,63.0,straight_line,18
633111494b,005,1,40,NHIW2S,HIGHUBS,402.91948016078567,78.0,straight_line,18
633111494b,005,1,41,HIGHUBS,HIGRUSS,362.01365404689494,71.0,straight_line,18
633111494b,005,1,42,HIGRUSS,HIGSWANS,235.46148714648928,46.0,straight_line,18
633111494b,005,1,43,HIGSWANS,HIGOHIS,326.54755710034055,64.0,straight_line,18
633111494b,005,1,44,HIGOHIS,HIGNATS,221.8000568659215,46.0,straight_line,18
633111494b,005,1,45,HIGNATS,HIGLONS,343.0784148730788,60.0,straight_line,18
633111494b,005,1,46,HIGLONS,HIGBROS,265.02505756658604,120.0,straight_line,18
633111494b,005,1,47,HIGBROS,HIGSTAS,281.8874662425369,104.0,straight_line,18
633111494b,005,1,48,HIGSTAS,HIGTOWS,245.88871887580058,90.0,straight_line,18
633111494b,005,1,49,HIGTOWS,HIGMAIS2,282.44288521377075,105.0,straight_line,18
633111494b,005,1,50,HIGMAIS2,HIGMOUS,160.15745473882203,61.0,straight_line,18
633111494b,005,1,51,HIGMOUS,HIGBLENS,266.72750780172623,46.0,straight_line,18
633111494b,005,1,52,HIGBLENS,HIGSYCS,339.34322007791053,59.0,straight_line,18
633111494b,005,1,53,HIGSYCS,HIGFRANS,169.69522206803435,29.0,straight_line,18
633111494b,005,1,54,HIGFRANS,WHIPEAE,393.1638041069958,78.0,straight_line,18
633111494b,005,1,55,WHIPEAE,WHI3RDE,147.40984137516762,24.0,straight_line,18
633111494b,005,1,56,WHI3RDE,WHIJAEE,361.74943082798035,64.0,straight_line,18
633111494b,005,1,57,WHIJAEE,WHIBRUE,240.3839455290809,33.0,straight_line,18
633111494b,005,1,58,WHIBRUE,WHIPARE,365.46481923633127,50.0,straight_line,18
633111494b,005,1,59,WHIPARE,WHIANNE,269.5717680520275,37.0,straight_line,18
633111494b,005,1,60,WHIANNE,WHI18TE,163.7459562392128,22.0,straight_line,18
633111494b,005,1,61,WHI18TE,WHIOPPE,215.95096108080864,30.0,straight_line,18
633111494b,005,1,62,WHIOPPE,WHI22NE,199.3032264759093,27.0,straight_line,18
633111494b,005,1,63,WHI22NE,WHICHAE,268.4615914270406,41.0,straight_line,18
633111494b,005,1,64,WHICHAE,WHIWILE,195.76846192647383,37.0,straight_line,18
633111494b,005,1,65,WHIWILE,WHISTUE,233.17562381293558,44.0,straight_line,18
633111494b,005,1,66,WHISTUE,WHIMILE,248.29176522847635,47.0,straight_line,18
633111494b,005,1,67,WHIMILE,WHIKELE,174.27231542958552,33.0,straight_line,18
633111494b,005,1,68,WHIKELE,WHIBERE,204.60003148184245,38.0,straight_line,18
633111494b,005,1,69,WHIBERE,WHISEYE,208.50037685724158,41.0,straight_line,18
633111494b,005,1,70,WHISEYE,WHITFAIE,79.47121770930907,10.0,straight_line,18
633111494b,005,1,71,WHITFAIE,FAIDESS,433.1632924229214,63.0,straight_line,18
633111494b,005,1,72,FAIDESS,FAIGATS,315.393044401599,42.0,straight_line,18
633111494b,005,1,73,FAIGATS,FREFAIE1,235.56688699346435,34.0,straight_line,18
633111494b,005,1,74,FREFAIE1,FRETHEE,207.80220179839654,27.0,straight_line,18
633111494b,005,1,75,FRETHEE,FREFREE,446.70998154649584,60.0,straight_line,18
633111494b,005,1,76,FREFREE,ALUFRES,406.41919366078787,64.0,straight_line,18
633111494b,005,1,77,ALUFRES,ALU1900S,324.3607028209474,38.0,straight_line,18
633111494b,005,1,78,ALU1900S,ALUCORS,321.4764983784706,38.0,straight_line,18
633111494b,005,1,79,ALUCORS,ALUWINS,360.85687630767205,44.0,straight_line,18
633111494b,005,1,80,ALUWINS,REFWINE,2040.5500022206388,240.0,straight_line,18
633111494b,005,1,81,REFWINE,REFSCHE,503.90119729722363,61.0,straight_line,18
633111494b,005,1,82,REFSCHE,REFWEYE,472.2181284196385,57.0,straight_line,18
633111494b,005,1,83,REFWEYE,REFCOUE,505.2140965887108,61.0,straight_line,18
633111494b,005,1,84,REFCOUE,REFOLDE,380.5479402162802,46.0,straight_line,18
633111494b,005,1,85,REFOLDE,REFEASE,423.1832196692933,51.0,straight_line,18
633111494b,005,1,86,REFEASE,HAMREFN,639.7406500556312,82.0,straight_line,18
633111494b,005,1,87,HAMREFN,EASHAMN,278.12115589090934,62.0,straight_line,18
633111494b,005,1,88,EASHAMN,REFCITE,403.9900833934899,107.0,straight_line,18
633111494b,005,1,89,REFCITE,REFTENE,380.221607049769,58.0,straight_line,18
633111494b,005,1,90,REFTENE,REFNOEE,857.767851068648,135.0,straight_line,18
633111494b,005,1,91,REFNOEE,CHANOEE,127.30288690617101,12.0,straight_line,18
633111494b,005,1,92,CHANOEE,CHARENE,313.5502113732443,30.0,straight_line,18
633111494b,005,1,93,CHARENE,CHAFLEE,240.08467265620044,23.0,straight_line,18
633111494b,005,1,94,CHAFLEE,CHAFONTE,339.7783640679822,32.0,straight_line,18
633111494b,005,1,95,CHAFONTE,CHATFALE,459.31515199049505,43.0,straight_line,18
633111494b,005,1,96,CHATFALE,CHATBONE,305.5836289406624,29.0,straight_line,18
633111494b,005,1,97,CHATBONE,CHAJOSE,479.5009396110346,45.0,straight_line,18
633111494b,005,1,98,CHAJOSE,REFBRIE,452.56975920856956,43.0,straight_line,18
633111494b,005,1,99,REFBRIE,REFCTNVE,490.22226591443336,49.0,straight_line,18
633111494b,005,1,100,REFCTNVE,REFGENE,316.7745498808974,29.0,straight_line,18
633111494b,005,1,101,REFGENE,GTCREFS,155.9212627885362,25.0,straight_line,18
0952ddfd10,006,0,0,NORTER2,LONHIGE,142.2919756761686,120.0,straight_line,67
0952ddfd10,006,0,1,LONHIGE,3RDGAYS,268.6448578498834,144.0,straight_line,67
0952ddfd10,006,0,2,3RDGAYS,3RDBROS1,245.9780345774098,96.0,straight_line,67
0952ddfd10,006,0,3,3RDBROS1,3RDTOWS,382.51623651951496,88.0,straight_line,67
0952ddfd10,006,0,4,3RDTOWS,3RDMAIS,318.02150396531835,73.0,straight_line,67
0952ddfd10,006,0,5,3RDMAIS,MOUHIGW3,260.3634879003122,79.0,straight_line,67
0952ddfd10,006,0,6,MOUHIGW3,FROMOUN,137.7278273667782,120.0,straight_line,67
0952ddfd10,006,0,7,FROMOUN,MAILUDW,105.76416742998525,26.0,straight_line,67
0952ddfd10,006,0,8,MAILUDW,RICLUCW,749.9072921058936,152.0,straight_line,67
0952ddfd10,006,0,9,RICLUCW,RICMCDW,178.43169110987728,35.0,straight_line,67
0952ddfd10,006,0,10,RICMCDW,RICGRUW,284.13957431498085,55.0,straight_line,67
0952ddfd10,006,0,11,RICGRUW,TOWDAVW,455.9649911006904,111.0,straight_line,67
0952ddfd10,006,0,12,TOWDAVW,SOURICS,142.2595563231163,41.0,straight_line,67
0952ddfd10,006,0,13,SOURICS,SULMARTW,233.55690481962023,51.0,straight_line,67
0952ddfd10,006,0,14,SULMARTW,SULAVOW,228.54579882501957,36.0,straight_line,67
0952ddfd10,006,0,15,SULAVOW,SULGLEW,293.80345864709324,47.0,straight_line,67
0952ddfd10,006,0,16,SULGLEW,SULYALW,196.26681548894086,31.0,straight_line,67
0952ddfd10,006,0,17,SULYALW,SULPRIW,219.1639524295336,35.0,straight_line,67
0952ddfd10,006,0,18,SULPRIW,SULCENW,238.01471195944018,40.0,straight_line,67
0952ddfd10,006,0,19,SULCENW,SULRYAW,490.58855140779434,61.0,straight_line,67
0952ddfd10,006,0,20,SULRYAW,SULLARW,427.44812775905325,53.0,straight_line,67
0952ddfd10,006,0,21,SULLARW,SULNASW,292.20590796089726,36.0,straight_line,67
0952ddfd10,006,0,22,SULNASW,SULWREW,313.65493543581056,39.0,straight_line,67
0952ddfd10,006,0,23,SULWREW,SULWHIW,199.99249562018053,25.0,straight_line,67
0952ddfd10,006,0,24,SULWHIW,SULCLAW,275.285248204711,34.0,straight_line,67
0952ddfd10,006,0,25,SULCLAW,SULWHEW1,189.6760580499752,23.0,straight_line,67
0952ddfd10,006,0,26,SULWHEW1,SULWAYW,195.43346192228302,29.0,straight_line,67
0952ddfd10,006,0,27,SULWAYW,SULTERW,247.71116716580966,32.0,straight_line,67
0952ddfd10,006,0,28,SULTERW,SULBURW,219.40420677801416,28.0,straight_line,67
0952ddfd10,006,0,29,SULBURW,SULWARW,206.65514165093586,26.0,straight_line,67
0952ddfd10,006,0,30,SULWARW,SULHAGW,206.66220301641647,27.0,straight_line,67
0952ddfd10,006,0,31,SULHAGW,SULCHEW,180.81005885072275,23.0,straight_line,67
0952ddfd10,006,0,32,SULCHEW,SULBINW,197.17943891504123,25.0,straight_line,67
0952ddfd10,006,0,33,SULBINW,SULWESW,352.88464299495524,46.0,straight_line,67
0952ddfd10,006,0,34,SULWESW,SULSOUW,471.6255347912288,61.0,straight_line,67
0952ddfd10,006,0,35,SULSOUW,SULDEMW,214.31344854093103,32.0,straight_line,67
0952ddfd10,006,0,36,SULDEMW,SULWILW,337.5347943155966,45.0,straight_line,67
0952ddfd10,006,0,37,SULWILW,SULWEDW,352.2614541402605,48.0,straight_line,67
0952ddfd10,006,0,38,SULWEDW,SUL385W,235.9362352797805,32.0,straight_line,67
0952ddfd10,006,0,39,SUL385W,SULEXCW,214.8191213588061,29.0,straight_line,67
0952ddfd10,006,0,40,SULEXCW,SULATLW,320.7985606195627,43.0,straight_line,67
0952ddfd10,006,0,41,SULATLW,SULGEOW,303.84121486300137,43.0,straight_line,67
0952ddfd10,006,0,42,SULGEOW,GEODELN,333.4218663031263,41.0,straight_line,67
0952ddfd10,006,0,43,GEODELN,GEOCASN,316.3387357341286,28.0,straight_line,67
0952ddfd10,006,0,44,GEOCASN,BRO4158W,621.186284069708,68.0,straight_line,67
0952ddfd10,006,0,45,BRO4158W,BRO425W,258.0574497583784,22.0,straight_line,67
0952ddfd10,006,0,46,BRO425W,BROOLDW,788.6453030320463,70.0,straight_line,67
0952ddfd10,006,0,47,BROOLDW,BROMURW,289.5628404602674,25.0,straight_line,67
0952ddfd10,006,0,48,BROMURW,NMURBEAN,341.2573327659821,46.0,straight_line,67
c6fe40c9ee,006,1,0,NMURBEAN,BROWESTE,1277.7390070175961,237.0,straight_line,67
c6fe40c9ee,006,1,1,BROWESTE,GEOBROS,370.6239207626761,73.0,straight_line,67
c6fe40c9ee,006,1,2,GEOBROS,GEOSHOS,367.09344584325663,50.0,straight_line,67
c6fe40c9ee,006,1,3,GEOSHOS,GEOLINS,252.80398624592775,35.0,straight_line,67
c6fe40c9ee,006,1,4,GEOLINS,GEOINDS,336.1579980821303,46.0,straight_line,67
c6fe40c9ee,006,1,5,GEOINDS,SULGEOE,191.82421565889862,39.0,straight_line,67
c6fe40c9ee,006,1,6,SULGEOE,SULATLE,275.810433408937,42.0,straight_line,67
c6fe40c9ee,006,1,7,SULATLE,SULHOLE,497.8287596467764,76.0,straight_line,67
c6fe40c9ee,006,1,8,SULHOLE,SULWEDE,425.235020167399,65.0,straight_line,67
c6fe40c9ee,006,1,9,SULWEDE,SULKINE,259.50568591287976,40.0,straight_line,67
c6fe40c9ee,006,1,10,SULKINE,SULDERE,233.14710900314955,35.0,straight_line,67
c6fe40c9ee,006,1,11,SULDERE,SULDEXE,257.13679438755275,42.0,straight_line,67
c6fe40c9ee,006,1,12,SULDEXE,SULSYLE,142.7745732648459,21.0,straight_line,67
c6fe40c9ee,006,1,13,SULSYLE,SULBRIE,238.7756147264177,35.0,straight_line,67
c6fe40c9ee,006,1,14,SULBRIE,SULBINE,444.36623415086063,65.0,straight_line,67
c6fe40c9ee,006,1,15,SULBINE,SULCHEE,242.81883407679118,35.0,straight_line,67
c6fe40c9ee,006,1,16,SULCHEE,SULHAGE,238.4719782458853,35.0,straight_line,67
c6fe40c9ee,006,1,17,SULHAGE,SULOGDE,238.09850300352713,34.0,straight_line,67
c6fe40c9ee,006,1,18,SULOGDE,SULRICE,276.2867899781902,40.0,straight_line,67
c6fe40c9ee,006,1,19,SULRICE,SULEURE,214.08120102155664,35.0,straight_line,67
c6fe40c9ee,006,1,20,SULEURE,SULWHEE,302.3594053898005,38.0,straight_line,67
c6fe40c9ee,006,1,21,SULWHEE,SULCLAE,247.07049667073588,31.0,straight_line,67
c6fe40c9ee,006,1,22,SULCLAE,SULBELE,345.8852538619547,43.0,straight_line,67
c6fe40c9ee,006,1,23,SULBELE,SULHILE,217.37592266900683,27.0,straight_line,67
c6fe40c9ee,006,1,24,SULHILE,SULCOLE,167.31240742383855,21.0,straight_line,67
c6fe40c9ee,006,1,25,SULCOLE,SULLARE,239.66820638966286,30.0,straight_line,67
c6fe40c9ee,006,1,26,SULLARE,SULHELE,266.5570455672816,33.0,straight_line,67
c6fe40c9ee,006,1,27,SULHELE,SULRYAE,241.89319999346355,30.0,straight_line,67
c6fe40c9ee,006,1,28,SULRYAE,SULGUIE,347.25957231682105,47.0,straight_line,67
c6fe40c9ee,006,1,29,SULGUIE,SULDANE,253.09742141488124,38.0,straight_line,67
c6fe40c9ee,006,1,30,SULDANE,SULWESE,215.09895607143105,32.0,straight_line,67
c6fe40c9ee,006,1,31,SULWESE,SULGLEE,248.36530610251447,37.0,straight_line,67
c6fe40c9ee,006,1,32,SULGLEE,SULHAWE,406.3057314074829,61.0,straight_line,67
c6fe40c9ee,006,1,33,SULHAWE,SULSOUE,237.1509101744348,36.0,straight_line,67
c6fe40c9ee,006,1,34,SULSOUE,DAVSULN,149.69754526927176,26.0,straight_line,67
c6fe40c9ee,006,1,35,DAVSULN,RICGREE,163.24104741375956,35.0,straight_line,67
c6fe40c9ee,006,1,36,RICGREE,RICGRUE,335.4549637981631,51.0,straight_line,67
c6fe40c9ee,006,1,37,RICGRUE,RICMCDE,259.7058291515533,44.0,straight_line,67
c6fe40c9ee,006,1,38,RICMCDE,RICSTAE,340.8280256961324,43.0,straight_line,67
c6fe40c9ee,006,1,39,RICSTAE,MAILUDE,575.9735830936467,77.0,straight_line,67
c6fe40c9ee,006,1,40,MAILUDE,MAIHIGE,324.2982041852764,120.0,straight_line,67
c6fe40c9ee,006,1,41,MAIHIGE,4THTOWN,404.42562142538014,111.0,straight_line,67
c6fe40c9ee,006,1,42,4THTOWN,4THCAPN,335.0045585540857,69.0,straight_line,67
c6fe40c9ee,006,1,43,4THCAPN,4THATHN,208.32618662764156,59.0,straight_line,67
c6fe40c9ee,006,1,44,4THATHN,SPR4THW,349.8977143086563,113.0,straight_line,67
c6fe40c9ee,006,1,45,SPR4THW,NORTER2,411.9926697100627,128.0,straight_line,67
2bec5d3f57,007,0,0,EMO4THW,MOUHIGW3,466.6461869793925,180.0,straight_line,32
2bec5d3f57,007,0,1,MOUHIGW3,FROMOUN,137.7278273667782,43.0,straight_line,32
2bec5d3f57,007,0,2,FROMOUN,FROTOWN,395.6264210904635,81.0,straight_line,32
2bec5d3f57,007,0,3,FROTOWN,FROGAYN,553.8594765705346,116.0,straight_line,32
2bec5d3f57,007,0,4,FROGAYN,LONHIGE,149.83528316756443,180.0,straight_line,32
2bec5d3f57,007,0,5,LONHIGE,LON4THE,388.18288077539466,100.0,straight_line,32
2bec5d3f57,007,0,6,LON4THE,LONNORE,265.351721777002,68.0,straight_line,32
2bec5d3f57,007,0,7,LONNORE,LONCLEE,272.4519615061542,72.0,straight_line,32
2bec5d3f57,007,0,8,LONCLEE,LONWASE,300.50141058211676,47.0,straight_line,32
2bec5d3f57,007,0,9,LONWASE,LONJEFE,241.0229462563206,38.0,straight_line,32
2bec5d3f57,007,0,10,LONJEFE,MARHAME,333.18160492635906,73.0,straight_line,32
2bec5d3f57,007,0,11,MARHAME,MOUGARE,299.58558381852936,56.0,straight_line,32
2bec5d3f57,007,0,12,MOUGARE,MOU18TE,323.3658217438079,51.0,straight_line,32
2bec5d3f57,007,0,13,MOU18TE,MOU20TE,198.88524923364898,35.0,straight_line,32
2bec5d3f57,007,0,14,MOU20TE,MOU22NE,207.4517558097669,25.0,straight_line,32
2bec5d3f57,007,0,15,MOU22NE,MOUCHAE,255.5997164568465,31.0,straight_line,32
2bec5d3f57,007,0,16,MOUCHAE,MOUBURE,423.80348923797607,52.0,straight_line,32
2bec5d3f57,007,0,17,MOUBURE,MOUTAYE,180.63741665754858,22.0,straight_line,32
2bec5d3f57,007,0,18,MOUTAYE,GREPARE,220.46351625807426,27.0,straight_line,32
2bec5d3f57,007,0,19,GREPARE,GRECENE,276.1416306415216,34.0,straight_line,32
2bec5d3f57,007,0,20,GRECENE,GRESURE,291.2758002133095,39.0,straight_line,32
2bec5d3f57,007,0,21,GRESURE,NELCLIN,334.0280681701396,53.0,straight_line,32
2bec5d3f57,007,0,22,NELCLIN,NELOPPN1,255.41325866645076,32.0,straight_line,32
2bec5d3f57,007,0,23,NELOPPN1,NELMARN,322.43774374886027,40.0,straight_line,32
2bec5d3f57,007,0,24,NELMARN,500NNELN,221.1218487871068,28.0,straight_line,32
2bec5d3f57,007,0,25,500NNELN,NELAVAN,467.5336685115852,59.0,straight_line,32
2bec5d3f57,007,0,26,NELAVAN,NELOPPN,244.45333497747296,38.0,straight_line,32
2bec5d3f57,007,0,27,NELOPPN,5THNORE,671.9217758602929,107.0,straight_line,32
2bec5d3f57,007,0,28,5THNORE,5THCASE,230.38818138854776,30.0,straight_line,32
2bec5d3f57,007,0,29,5THCASE,5THALTE,396.2950227977803,53.0,straight_line,32
2bec5d3f57,007,0,30,5THALTE,5THRARE,210.87240703417547,28.0,straight_line,32
2bec5d3f57,007,0,31,5THRARE,5THSTEE,351.9296175326973,47.0,straight_line,32
2bec5d3f57,007,0,32,5THSTEE,5THKRUE,180.0210598521957,24.0,straight_line,32
2bec5d3f57,007,0,33,5THKRUE,OSB5THN,454.5787016571534,68.0,straight_line,32
2bec5d3f57,007,0,34,OSB5THN,STE6THS,173.08160915324055,44.0,straight_line,32
2bec5d3f57,007,0,35,STE6THS,JAMALLS,687.7922550600896,94.0,straight_line,32
2bec5d3f57,007,0,36,JAMALLS,JAMRUHS,209.5042778889779,29.0,straight_line,32
2bec5d3f57,007,0,37,JAMRUHS,RUHKELW,63.228789912894634,16.0,straight_line,32
2bec5d3f57,007,0,38,RUHKELW,RUHVIRW,366.631759497744,56.0,straight_line,32
2bec5d3f57,007,0,39,RUHVIRW,RUHCHEW,160.44486303172394,24.0,straight_line,32
2bec5d3f57,007,0,40,RUHCHEW,RUHGOUW,203.9472830795131,31.0,straight_line,32
2bec5d3f57,007,0,41,RUHGOUW,GOUALLN,232.82553588121158,40.0,straight_line,32
2bec5d3f57,007,0,42,GOUALLN,ALLOPPE,234.94578858220754,46.0,straight_line,32
2bec5d3f57,007,0,43,ALLOPPE,324ALLE,189.58824165805026,29.0,straight_line,32
2bec5d3f57,007,0,44,324ALLE,VACLINIC,620.0879330236926,134.0,straight_line,32
2bec5d3f57,007,0,45,VACLINIC,STEJAMN,242.35715411256464,27.0,straight_line,32
2bec5d3f57,007,0,46,STEJAMN,7THSTEE,665.925812924447,72.0,straight_line,32
2bec5d3f57,007,0,47,7THSTEE,OSB5THS,175.1860359430395,25.0,straight_line,32
2bec5d3f57,007,0,48,OSB5THS,5THJAME,355.1645655264553,36.0,straight_line,32
2bec5d3f57,007,0,49,5THJAME,5TH7THE,350.1911137797273,34.0,straight_line,32
2bec5d3f57,007,0,50,5TH7THE,5TH370E,427.4514379793138,41.0,straight_line,32
2bec5d3f57,007,0,51,5TH370E,3995TH,482.8014806782133,47.0,straight_line,32
2bec5d3f57,007,0,52,3995TH,5TH430E,402.0012341560296,39.0,straight_line,32
2bec5d3f57,007,0,53,5TH430E,5THYEAE,342.0393403684924,39.0,straight_line,32
2bec5d3f57,007,0,54,5THYEAE,5TH470E,558.6438026446233,44.0,straight_line,32
2bec5d3f57,007,0,55,5TH470E,5TH4569E,452.8326042680103,35.0,straight_line,32
2bec5d3f57,007,0,56,5TH4569E,HAM5THN,548.653462643031,53.0,straight_line,32
2bec5d3f57,007,0,57,HAM5THN,PORGRON,1699.8973903467445,468.0,straight_line,32
2bec5d3f57,007,0,58,PORGRON,INTSAWW,646.6455176835184,60.0,straight_line,32
e7c4c07611,007,0,0,EMO4THW,MOUHIGW3,466.6461869793925,120.0,straight_line,3
e7c4c07611,007,0,1,MOUHIGW3,FROMOUN,137.7278273667782,32.0,straight_line,3
e7c4c07611,007,0,2,FROMOUN,FROTOWN,395.6264210904635,61.0,straight_line,3
e7c4c07611,007,0,3,FROTOWN,FROGAYN,553.8594765705346,87.0,straight_line,3
e7c4c07611,007,0,4,FROGAYN,NORTER3,221.36924715940285,180.0,straight_line,3
e7c4c07611,007,0,5,NORTER3,LONHIGE,134.43908459269775,180.0,straight_line,3
e7c4c07611,007,0,6,LONHIGE,LON4THE,388.18288077539466,75.0,straight_line,3
e7c4c07611,007,0,7,LON4THE,LONNORE,265.351721777002,51.0,straight_line,3
e7c4c07611,007,0,8,LONNORE,LONCLEE,272.4519615061542,54.0,straight_line,3
e7c4c07611,007,0,9,LONCLEE,LONWASE,300.50141058211676,47.0,straight_line,3
e7c4c07611,007,0,10,LONWASE,LONJEFE,241.0229462563206,38.0,straight_line,3
e7c4c07611,007,0,11,LONJEFE,MARHAME,333.18160492635906,73.0,straight_line,3
e7c4c07611,007,0,12,MARHAME,MOUGARE,299.58558381852936,56.0,straight_line,3
e7c4c07611,007,0,13,MOUGARE,MOU18TE,323.3658217438079,51.0,straight_line,3
e7c4c07611,007,0,14,MOU18TE,MOU20TE,198.88524923364898,35.0,straight_line,3
e7c4c07611,007,0,15,MOU20TE,MOU22NE,207.4517558097669,25.0,straight_line,3
e7c4c07611,007,0,16,MOU22NE,MOUCHAE,255.5997164568465,31.0,straight_line,3
e7c4c07611,007,0,17,MOUCHAE,MOUBURE,423.80348923797607,52.0,straight_line,3
e7c4c07611,007,0,18,MOUBURE,MOUTAYE,180.63741665754858,22.0,straight_line,3
e7c4c07611,007,0,19,MOUTAYE,GREPARE,220.46351625807426,27.0,straight_line,3
e7c4c07611,007,0,20,GREPARE,GRECENE,276.1416306415216,34.0,straight_line,3
e7c4c07611,007,0,21,GRECENE,GRESURE,291.2758002133095,39.0,straight_line,3
e7c4c07611,007,0,22,GRESURE,NELCLIN,334.0280681701396,53.0,straight_line,3
e7c4c07611,007,0,23,NELCLIN,NELOPPN1,255.41325866645076,32.0,straight_line,3
e7c4c07611,007,0,24,NELOPPN1,NELMARN,322.43774374886027,40.0,straight_line,3
e7c4c07611,007,0,25,NELMARN,500NNELN,221.1218487871068,28.0,straight_line,3
e7c4c07611,007,0,26,500NNELN,NELAVAN,467.5336685115852,59.0,straight_line,3
e7c4c07611,007,0,27,NELAVAN,NELOPPN,244.45333497747296,38.0,straight_line,3
e7c4c07611,007,0,28,NELOPPN,CASDEMN,1800.3383075043598,240.0,straight_line,3
e7c4c07611,007,0,29,CASDEMN,CAS150N,334.331539250961,29.0,straight_line,3
e7c4c07611,007,0,30,CAS150N,CASCUMN,970.630046176808,86.0,straight_line,3
e7c4c07611,007,0,31,CASCUMN,CASHUDN,197.1226061800911,17.0,straight_line,3
e7c4c07611,007,0,32,CASHUDN,CASBAYN,263.79189132501944,23.0,straight_line,3
e7c4c07611,007,0,33,CASBAYN,CASCASN,325.9240080568698,28.0,straight_line,3
e7c4c07611,007,0,34,CASCASN,AGLPENE,497.74418883508054,57.0,straight_line,3
e7c4c07611,007,0,35,AGLPENE,318AGL,227.54402519532442,19.0,straight_line,3
e7c4c07611,007,0,36,318AGL,AGL343E,429.4136404497679,41.0,straight_line,3
e7c4c07611,007,0,37,AGL343E,AGLASPE,451.91342348542196,37.0,straight_line,3
e7c4c07611,007,0,38,AGLASPE,STEAGLN,239.40668016398132,24.0,straight_line,3
e7c4c07611,007,0,39,STEAGLN,STELIFN,277.44289195847523,23.0,straight_line,3
e7c4c07611,007,0,40,STELIFN,STECODN,193.29563598444133,16.0,straight_line,3
e7c4c07611,007,0,41,STECODN,STEMIDN,524.7393377392012,43.0,straight_line,3
e7c4c07611,007,0,42,STEMIDN,STEMCCN,424.2781065838389,37.0,straight_line,3
e7c4c07611,007,0,43,STEMCCN,STEESPN,407.2596123507556,30.0,straight_line,3
e7c4c07611,007,0,44,STEESPN,STEMONN,161.23741267340426,12.0,straight_line,3
e7c4c07611,007,0,45,STEMONN,MORSTEW,389.5869242768206,32.0,straight_line,3
e7c4c07611,007,0,46,MORSTEW,MOR340W,581.6595698377636,44.0,straight_line,3
e7c4c07611,007,0,47,MOR340W,MOR342N,438.0550550530282,34.0,straight_line,3
e7c4c07611,007,0,48,MOR342N,EASMORE,228.54556448714243,28.0,straight_line,3
e7c4c07611,007,0,49,EASMORE,EASEASPE,298.4900768869669,34.0,straight_line,3
e7c4c07611,007,0,50,EASEASPE,EASCHAE,239.16461971655528,27.0,straight_line,3
e7c4c07611,007,0,51,EASCHAE,STECOLN,586.6410851677321,92.0,straight_line,3
e7c4c07611,007,0,52,STECOLN,STEWORN,350.47466587829314,41.0,straight_line,3
e7c4c07611,007,0,53,STEWORN,STEMORN1,355.69257897205944,43.0,straight_line,3
e7c4c07611,007,0,54,STEMORN1,STE418N,135.79176818496163,16.0,straight_line,3
e7c4c07611,007,0,55,STE418N,EASTER9,148.56975502858964,47.0,straight_line,3
759a15c3bb,007,0,0,EMO4THW,MOUHIGW3,466.6461869793925,180.0,straight_line,32
759a15c3bb,007,0,1,MOUHIGW3,FROMOUN,137.7278273667782,43.0,straight_line,32
759a15c3bb,007,0,2,FROMOUN,FROTOWN,395.6264210904635,81.0,straight_line,32
759a15c3bb,007,0,3,FROTOWN,FROGAYN,553.8594765705346,116.0,straight_line,32
759a15c3bb,007,0,4,FROGAYN,LONHIGE,149.83528316756443,180.0,straight_line,32
759a15c3bb,007,0,5,LONHIGE,LON4THE,388.18288077539466,100.0,straight_line,32
759a15c3bb,007,0,6,LON4THE,LONNORE,265.351721777002,68.0,straight_line,32
759a15c3bb,007,0,7,LONNORE,LONCLEE,272.4519615061542,72.0,straight_line,32
759a15c3bb,007,0,8,LONCLEE,LONWASE,300.50141058211676,47.0,straight_line,32
759a15c3bb,007,0,9,LONWASE,LONJEFE,241.0229462563206,38.0,straight_line,32
759a15c3bb,007,0,10,LONJEFE,MARHAME,333.18160492635906,73.0,straight_line,32
759a15c3bb,007,0,11,MARHAME,MOUGARE,299.58558381852936,56.0,straight_line,32
759a15c3bb,007,0,12,MOUGARE,MOU18TE,323.3658217438079,51.0,straight_line,32
759a15c3bb,007,0,13,MOU18TE,MOU20TE,198.88524923364898,35.0,straight_line,32
759a15c3bb,007,0,14,MOU20TE,MOU22NE,207.4517558097669,25.0,straight_line,32
759a15c3bb,007,0,15,MOU22NE,MOUCHAE,255.5997164568465,31.0,straight_line,32
759a15c3bb,007,0,16,MOUCHAE,MOUBURE,423.80348923797607,52.0,straight_line,32
759a15c3bb,007,0,17,MOUBURE,MOUTAYE,180.63741665754858,22.0,straight_line,32
759a15c3bb,007,0,18,MOUTAYE,GREPARE,220.46351625807426,27.0,straight_line,32
759a15c3bb,007,0,19,GREPARE,GRECENE,276.1416306415216,34.0,straight_line,32
759a15c3bb,007,0,20,GRECENE,GRESURE,291.2758002133095,39.0,straight_line,32
759a15c3bb,007,0,21,GRESURE,NELCLIN,334.0280681701396,53.0,straight_line,32
759a15c3bb,007,0,22,NELCLIN,NELOPPN1,255.41325866645076,32.0,straight_line,32
759a15c3bb,007,0,23,NELOPPN1,NELMARN,322.43774374886027,40.0,straight_line,32
759a15c3bb,007,0,24,NELMARN,500NNELN,221.1218487871068,28.0,straight_line,32
759a15c3bb,007,0,25,500NNELN,NELAVAN,467.5336685115852,59.0,straight_line,32
759a15c3bb,007,0,26,NELAVAN,NELOPPN,244.45333497747296,38.0,straight_line,32
759a15c3bb,007,0,27,NELOPPN,CASDEMN,1800.3383075043598,300.0,straight_line,32
759a15c3bb,007,0,28,CASDEMN,CAS150N,334.331539250961,29.0,straight_line,32
759a15c3bb,007,0,29,CAS150N,CASCUMN,970.630046176808,86.0,straight_line,32
759a15c3bb,007,0,30,CASCUMN,CASHUDN,197.1226061800911,17.0,straight_line,32
759a15c3bb,007,0,31,CASHUDN,CASBAYN,263.79189132501944,23.0,straight_line,32
759a15c3bb,007,0,32,CASBAYN,CASCASN,325.9240080568698,28.0,straight_line,32
759a15c3bb,007,0,33,CASCASN,AGLPENE,497.74418883508054,57.0,straight_line,32
759a15c3bb,007,0,34,AGLPENE,318AGL,227.54402519532442,19.0,straight_line,32
759a15c3bb,007,0,35,318AGL,AGL343E,429.4136404497679,41.0,straight_line,32
759a15c3bb,007,0,36,AGL343E,AGLASPE,451.91342348542196,49.0,straight_line,32
759a15c3bb,007,0,37,AGLASPE,STEAGLN,239.40668016398132,32.0,straight_line,32
759a15c3bb,007,0,38,STEAGLN,STELIFN,277.44289195847523,30.0,straight_line,32
759a15c3bb,007,0,39,STELIFN,STECODN,193.29563598444133,21.0,straight_line,32
759a15c3bb,007,0,40,STECODN,STEMIDN,524.7393377392012,58.0,straight_line,32
759a15c3bb,007,0,41,STEMIDN,STEMCCN,424.2781065838389,50.0,straight_line,32
759a15c3bb,007,0,42,STEMCCN,STEESPN,407.2596123507556,41.0,straight_line,32
759a15c3bb,007,0,43,STEESPN,STEMONN,161.23741267340426,16.0,straight_line,32
759a15c3bb,007,0,44,STEMONN,MORSTEW,389.5869242768206,43.0,straight_line,32
759a15c3bb,007,0,45,MORSTEW,MOR340W,581.6595698377636,59.0,straight_line,32
759a15c3bb,007,0,46,MOR340W,MOR342N,438.0550550530282,45.0,straight_line,32
759a15c3bb,007,0,47,MOR342N,EASMORE,228.54556448714243,36.0,straight_line,32
759a15c3bb,007,0,48,EASMORE,EASEASPE,298.4900768869669,48.0,straight_line,32
759a15c3bb,007,0,49,EASEASPE,EASCHAE,239.16461971655528,38.0,straight_line,32
759a15c3bb,007,0,50,EASCHAE,STECOLN,586.6410851677321,129.0,straight_line,32
759a15c3bb,007,0,51,STECOLN,STEWORN,350.47466587829314,58.0,straight_line,32
759a15c3bb,007,0,52,STEWORN,STEMORN1,355.69257897205944,60.0,straight_line,32
759a15c3bb,007,0,53,STEMORN1,STE418N,135.79176818496163,22.0,straight_line,32
759a15c3bb,007,0,54,STE418N,EASTER9,148.56975502858964,65.0,straight_line,32
e8baacec0a,007,0,0,EMO4THW,MOUHIGW3,466.6461869793925,120.0,straight_line,2
e8baacec0a,007,0,1,MOUHIGW3,FROMOUN,137.7278273667782,32.0,straight_line,2
e8baacec0a,007,0,2,FROMOUN,FROTOWN,395.6264210904635,61.0,straight_line,2
e8baacec0a,007,0,3,FROTOWN,FROGAYN,553.8594765705346,87.0,straight_line,2
e8baacec0a,007,0,4,FROGAYN,NORTER3,221.36924715940285,180.0,straight_line,2
e8baacec0a,007,0,5,NORTER3,LONHIGE,134.43908459269775,180.0,straight_line,2
e8baacec0a,007,0,6,LONHIGE,LON4THE,388.18288077539466,75.0,straight_line,2
e8baacec0a,007,0,7,LON4THE,LONNORE,265.351721777002,51.0,straight_line,2
e8baacec0a,007,0,8,LONNORE,LONCLEE,272.4519615061542,54.0,straight_line,2
e8baacec0a,007,0,9,LONCLEE,LONWASE,300.50141058211676,47.0,straight_line,2
e8baacec0a,007,0,10,LONWASE,LONJEFE,241.0229462563206,38.0,straight_line,2
e8baacec0a,007,0,11,LONJEFE,MARHAME,333.18160492635906,73.0,straight_line,2
e8baacec0a,007,0,12,MARHAME,MOUGARE,299.58558381852936,56.0,straight_line,2
e8baacec0a,007,0,13,MOUGARE,MOU18TE,323.3658217438079,51.0,straight_line,2
e8baacec0a,007,0,14,MOU18TE,MOU20TE,198.88524923364898,35.0,straight_line,2
e8baacec0a,007,0,15,MOU20TE,MOU22NE,207.4517558097669,25.0,straight_line,2
e8baacec0a,007,0,16,MOU22NE,MOUCHAE,255.5997164568465,31.0,straight_line,2
e8baacec0a,007,0,17,MOUCHAE,MOUBURE,423.80348923797607,52.0,straight_line,2
e8baacec0a,007,0,18,MOUBURE,MOUTAYE,180.63741665754858,22.0,straight_line,2
e8baacec0a,007,0,19,MOUTAYE,GREPARE,220.46351625807426,27.0,straight_line,2
e8baacec0a,007,0,20,GREPARE,GRECENE,276.1416306415216,34.0,straight_line,2
e8baacec0a,007,0,21,GRECENE,GRESURE,291.2758002133095,39.0,straight_line,2
e8baacec0a,007,0,22,GRESURE,NELCLIN,334.0280681701396,53.0,straight_line,2
e8baacec0a,007,0,23,NELCLIN,NELOPPN1,255.41325866645076,32.0,straight_line,2
e8baacec0a,007,0,24,NELOPPN1,NELMARN,322.43774374886027,40.0,straight_line,2
e8baacec0a,007,0,25,NELMARN,500NNELN,221.1218487871068,28.0,straight_line,2
e8baacec0a,007,0,26,500NNELN,NELAVAN,467.5336685115852,59.0,straight_line,2
e8baacec0a,007,0,27,NELAVAN,NELOPPN,244.45333497747296,38.0,straight_line,2
e8baacec0a,007,0,28,NELOPPN,5THNORE,671.9217758602929,95.0,straight_line,2
e8baacec0a,007,0,29,5THNORE,5THCASE,230.38818138854776,27.0,straight_line,2
e8baacec0a,007,0,30,5THCASE,5THALTE,396.2950227977803,47.0,straight_line,2
e8baacec0a,007,0,31,5THALTE,5THRARE,210.87240703417547,25.0,straight_line,2
e8baacec0a,007,0,32,5THRARE,5THSTEE,351.9296175326973,42.0,straight_line,2
e8baacec0a,007,0,33,5THSTEE,5THKRUE,180.0210598521957,21.0,straight_line,2
e8baacec0a,007,0,34,5THKRUE,OSB5THN,454.5787016571534,60.0,straight_line,2
e8baacec0a,007,0,35,OSB5THN,STE6THS,173.08160915324055,39.0,straight_line,2
e8baacec0a,007,0,36,STE6THS,JAMALLS,687.7922550600896,83.0,straight_line,2
e8baacec0a,007,0,37,JAMALLS,JAMRUHS,209.5042778889779,25.0,straight_line,2
e8baacec0a,007,0,38,JAMRUHS,RUHKELW,63.228789912894634,16.0,straight_line,2
e8baacec0a,007,0,39,RUHKELW,RUHVIRW,366.631759497744,46.0,straight_line,2
e8baacec0a,007,0,40,RUHVIRW,RUHCHEW,160.44486303172394,20.0,straight_line,2
e8baacec0a,007,0,41,RUHCHEW,RUHGOUW,203.9472830795131,26.0,straight_line,2
e8baacec0a,007,0,42,RUHGOUW,GOUALLN,232.82553588121158,34.0,straight_line,2
e8baacec0a,007,0,43,GOUALLN,ALLOPPE,234.94578858220754,38.0,straight_line,2
e8baacec0a,007,0,44,ALLOPPE,324ALLE,189.58824165805026,24.0,straight_line,2
e8baacec0a,007,0,45,324ALLE,VACLINIC,620.0879330236926,112.0,straight_line,2
e8baacec0a,007,0,46,VACLINIC,STEJAMN,242.35715411256464,23.0,straight_line,2
e8baacec0a,007,0,47,STEJAMN,7THSTEE,665.925812924447,60.0,straight_line,2
e8baacec0a,007,0,48,7THSTEE,OSB5THS,175.1860359430395,21.0,straight_line,2
e8baacec0a,007,0,49,OSB5THS,5THJAME,355.1645655264553,30.0,straight_line,2
e8baacec0a,007,0,50,5THJAME,5TH7THE,350.1911137797273,28.0,straight_line,2
e8baacec0a,007,0,51,5TH7THE,5TH370E,427.4514379793138,34.0,straight_line,2
e8baacec0a,007,0,52,5TH370E,3995TH,482.8014806782133,39.0,straight_line,2
e8baacec0a,007,0,53,3995TH,5TH430E,402.0012341560296,33.0,straight_line,2
e8baacec0a,007,0,54,5TH430E,5THYEAE,342.0393403684924,32.0,straight_line,2
e8baacec0a,007,0,55,5THYEAE,5TH470E,558.6438026446233,44.0,straight_line,2
e8baacec0a,007,0,56,5TH470E,5TH4569E,452.8326042680103,35.0,straight_line,2
e8baacec0a,007,0,57,5TH4569E,HAM5THN,548.653462643031,52.0,straight_line,2
e8baacec0a,007,0,58,HAM5THN,PORGRON,1699.8973903467445,469.0,straight_line,2
e8baacec0a,007,0,59,PORGRON,INTSAWW,646.6455176835184,120.0,straight_line,2
af7e38331c,007,1,0,EASTER9,STELSAMS,171.2813840520312,81.0,straight_line,35
af7e38331c,007,1,1,STELSAMS,STEMORS1,298.083975338958,44.0,straight_line,35
af7e38331c,007,1,2,STEMORS1,STEWORS,322.99883866566626,48.0,straight_line,35
af7e38331c,007,1,3,STEWORS,STEALSS,160.84025967195603,24.0,straight_line,35
af7e38331c,007,1,4,STEALSS,EASEASW,520.0131902680868,99.0,straight_line,35
af7e38331c,007,1,5,EASEASW,EASEASPW,418.70593504274115,61.0,straight_line,35
af7e38331c,007,1,6,EASEASPW,MOREASS,355.8012100545311,63.0,straight_line,35
af7e38331c,007,1,7,MOREASS,MOR342S,215.90881783635533,23.0,straight_line,35
af7e38331c,007,1,8,MOR342S,MORHARS,435.1155889627367,46.0,straight_line,35
af7e38331c,007,1,9,MORHARS,MORSTEE,574.9060650854325,61.0,straight_line,35
af7e38331c,007,1,10,MORSTEE,STEMONS,203.38008181473006,30.0,straight_line,35
af7e38331c,007,1,11,STEMONS,STEESPS,450.3625717070175,48.0,straight_line,35
af7e38331c,007,1,12,STEESPS,STEMCCS,277.7627948651242,32.0,straight_line,35
af7e38331c,007,1,13,STEMCCS,STEGOVS,513.320751413676,56.0,straight_line,35
af7e38331c,007,1,14,STEGOVS,STEOPPS,447.3596057435941,49.0,straight_line,35
af7e38331c,007,1,15,STEOPPS,STELIFS,209.07758184860134,23.0,straight_line,35
af7e38331c,007,1,16,STELIFS,AGLASPW,427.0295710485704,67.0,straight_line,35
af7e38331c,007,1,17,AGLASPW,AGL343W,395.2838755202817,45.0,straight_line,35
af7e38331c,007,1,18,AGL343W,AGLCORW,243.03460729155307,25.0,straight_line,35
af7e38331c,007,1,19,AGLCORW,AGLEGATW,250.6579303459133,26.0,straight_line,35
af7e38331c,007,1,20,AGLEGATW,AGLENCAS,273.18288919893934,28.0,straight_line,35
af7e38331c,007,1,21,AGLENCAS,CASAGLS,114.10567462937327,16.0,straight_line,35
af7e38331c,007,1,22,CASAGLS,CASCASS,391.194918210637,42.0,straight_line,35
af7e38331c,007,1,23,CASCASS,CASBAYS,379.5005101490521,40.0,straight_line,35
af7e38331c,007,1,24,CASBAYS,CASHUDS,155.90876037820507,16.0,straight_line,35
af7e38331c,007,1,25,CASHUDS,CAS1884S,176.6956767251385,19.0,straight_line,35
af7e38331c,007,1,26,CAS1884S,CAS150S,1038.9053444416024,111.0,straight_line,35
af7e38331c,007,1,27,CAS150S,CASDEMS,293.7365834757083,37.0,straight_line,35
af7e38331c,007,1,28,CASDEMS,NELMARGS,1781.1492915926774,360.0,straight_line,35
af7e38331c,007,1,29,NELMARGS,NELAVAS,362.4481535837009,50.0,straight_line,35
af7e38331c,007,1,30,NELAVAS,NELOPPS,327.8679853968688,45.0,straight_line,35
af7e38331c,007,1,31,NELOPPS,NELMARYS,215.53228160569319,29.0,straight_line,35
af7e38331c,007,1,32,NELMARYS,NELMILS,406.6062952993463,56.0,straight_line,35
af7e38331c,007,1,33,NELMILS,GRESHEW,347.4110883455176,54.0,straight_line,35
af7e38331c,007,1,34,GRESHEW,GREGREW,302.5726157377858,44.0,straight_line,35
af7e38331c,007,1,35,GREGREW,GREWOOWA,301.509019202404,41.0,straight_line,35
af7e38331c,007,1,36,GREWOOWA,GREELDW,198.23241236478768,26.0,straight_line,35
af7e38331c,007,1,37,GREELDW,MOUTAYW,283.9228040235019,38.0,straight_line,35
af7e38331c,007,1,38,MOUTAYW,MOUGRAHW,214.7481697406072,29.0,straight_line,35
af7e38331c,007,1,39,MOUGRAHW,MOUCHAW,386.25922360707096,52.0,straight_line,35
af7e38331c,007,1,40,MOUCHAW,MOU22NW,242.7548412916649,33.0,straight_line,35
af7e38331c,007,1,41,MOU22NW,MOUMIAW,281.5352621263908,43.0,straight_line,35
af7e38331c,007,1,42,MOUMIAW,MOUMONW,317.8737406269416,49.0,straight_line,35
af7e38331c,007,1,43,MOUMONW,MARSTCW,221.2834811736736,34.0,straight_line,35
af7e38331c,007,1,44,MARSTCW,SPRHAMW,287.2008384542019,52.0,straight_line,35
af7e38331c,007,1,45,SPRHAMW,SPRMOUW,442.3682412723561,68.0,straight_line,35
af7e38331c,007,1,46,SPRMOUW,SPRCLEW,235.59856859125537,37.0,straight_line,35
af7e38331c,007,1,47,SPRCLEW,SPRGRAW,165.4855168630948,40.0,straight_line,35
af7e38331c,007,1,48,SPRGRAW,SPRNEIW,208.63161317503528,49.0,straight_line,35
af7e38331c,007,1,49,SPRNEIW,SPR4THW,263.1887109147321,64.0,straight_line,35
af7e38331c,007,1,50,SPR4THW,SPRHIGW,295.47742412548655,70.0,straight_line,35
af7e38331c,007,1,51,SPRHIGW,FROLONS,229.8440456953016,77.0,straight_line,35
af7e38331c,007,1,52,FROLONS,FROBROS,384.6036873908584,180.0,straight_line,35
af7e38331c,007,1,53,FROBROS,FROTOWS,318.1009566693305,88.0,straight_line,35
af7e38331c,007,1,54,FROTOWS,MAIHIGE,402.4113714306379,152.0,straight_line,35
af7e38331c,007,1,55,MAIHIGE,MAI4THE,329.30011852947473,138.0,straight_line,35
af7e38331c,007,1,56,MAI4THE,EMO4THW,133.41676119982554,162.0,straight_line,35
57f9e52b44,007,1,0,INTSAWW,PORGRON,646.6455176835184,300.0,straight_line,34
57f9e52b44,007,1,1,PORGRON,INTSAWW,646.6455176835184,56.0,straight_line,34
57f9e52b44,007,1,2,INTSAWW,HAMSAWS,2091.0402525788268,234.0,straight_line,34
57f9e52b44,007,1,3,HAMSAWS,5THHAMSW,537.1124886065043,45.0,straight_line,34
57f9e52b44,007,1,4,5THHAMSW,5TH480W,518.1831166508198,54.0,straight_line,34
57f9e52b44,007,1,5,5TH480W,5TH470W,417.3690725054897,34.0,straight_line,34
57f9e52b44,007,1,6,5TH470W,5THYEAW,663.229659309598,57.0,straight_line,34
57f9e52b44,007,1,7,5THYEAW,5TH4301W,214.99765047165832,21.0,straight_line,34
57f9e52b44,007,1,8,5TH4301W,4015TH,530.0956241998408,52.0,straight_line,34
57f9e52b44,007,1,9,4015TH,5TH3925W,402.9366206309407,39.0,straight_line,34
57f9e52b44,007,1,10,5TH3925W,5TH7THW,407.24869330800544,40.0,straight_line,34
57f9e52b44,007,1,11,5TH7THW,5THJAMW,291.63331352121145,28.0,straight_line,34
57f9e52b44,007,1,12,5THJAMW,OSB5THN,373.1294477402279,45.0,straight_line,34
57f9e52b44,007,1,13,OSB5THN,STE6THS,173.08160915324055,32.0,straight_line,34
57f9e52b44,007,1,14,STE6THS,JAMALLS,687.7922550600896,69.0,straight_line,34
57f9e52b44,007,1,15,JAMALLS,JAMRUHS,209.5042778889779,21.0,straight_line,34
57f9e52b44,007,1,16,JAMRUHS,RUHKELW,63.228789912894634,13.0,straight_line,34
57f9e52b44,007,1,17,RUHKELW,RUHVIRW,366.631759497744,56.0,straight_line,34
57f9e52b44,007,1,18,RUHVIRW,RUHCHEW,160.44486303172394,24.0,straight_line,34
57f9e52b44,007,1,19,RUHCHEW,RUHGOUW,203.9472830795131,31.0,straight_line,34
57f9e52b44,007,1,20,RUHGOUW,GOUALLN,232.82553588121158,40.0,straight_line,34
57f9e52b44,007,1,21,GOUALLN,ALLOPPE,234.94578858220754,46.0,straight_line,34
57f9e52b44,007,1,22,ALLOPPE,324ALLE,189.58824165805026,29.0,straight_line,34
57f9e52b44,007,1,23,324ALLE,VACLINIC,620.0879330236926,134.0,straight_line,34
57f9e52b44,007,1,24,VACLINIC,STEJAMN,242.35715411256464,30.0,straight_line,34
57f9e52b44,007,1,25,STEJAMN,7THSTEE,665.925812924447,80.0,straight_line,34
57f9e52b44,007,1,26,7THSTEE,OSB5THS,175.1860359430395,28.0,straight_line,34
57f9e52b44,007,1,27,OSB5THS,5THKRUW,412.0777655638462,49.0,straight_line,34
57f9e52b44,007,1,28,5THKRUW,5THSTERW,257.61575854711623,27.0,straight_line,34
57f9e52b44,007,1,29,5THSTERW,5THRARW,248.947070481509,26.0,straight_line,34
57f9e52b44,007,1,30,5THRARW,5THALTW,269.91237444990145,29.0,straight_line,34
57f9e52b44,007,1,31,5THALTW,5THCASW,394.6378031569315,42.0,straight_line,34
57f9e52b44,007,1,32,5THCASW,5THNORW,214.79587802882088,23.0,straight_line,34
57f9e52b44,007,1,33,5THNORW,NELMARGS,674.3457820211652,86.0,straight_line,34
57f9e52b44,007,1,34,NELMARGS,NELAVAS,362.4481535837009,50.0,straight_line,34
57f9e52b44,007,1,35,NELAVAS,NELOPPS,327.8679853968688,45.0,straight_line,34
57f9e52b44,007,1,36,NELOPPS,NELMARYS,215.53228160569319,29.0,straight_line,34
57f9e52b44,007,1,37,NELMARYS,NELMILS,406.6062952993463,56.0,straight_line,34
57f9e52b44,007,1,38,NELMILS,GRESHEW,347.4110883455176,54.0,straight_line,34
57f9e52b44,007,1,39,GRESHEW,GREGREW,302.5726157377858,44.0,straight_line,34
57f9e52b44,007,1,40,GREGREW,GREWOOWA,301.509019202404,41.0,straight_line,34
57f9e52b44,007,1,41,GREWOOWA,GREELDW,198.23241236478768,26.0,straight_line,34
57f9e52b44,007,1,42,GREELDW,MOUTAYW,283.9228040235019,38.0,straight_line,34
57f9e52b44,007,1,43,MOUTAYW,MOUGRAHW,214.7481697406072,29.0,straight_line,34
57f9e52b44,007,1,44,MOUGRAHW,MOUCHAW,386.25922360707096,52.0,straight_line,34
57f9e52b44,007,1,45,MOUCHAW,MOU22NW,242.7548412916649,33.0,straight_line,34
57f9e52b44,007,1,46,MOU22NW,MOUMIAW,281.5352621263908,43.0,straight_line,34
57f9e52b44,007,1,47,MOUMIAW,MOUMONW,317.8737406269416,49.0,straight_line,34
57f9e52b44,007,1,48,MOUMONW,MARSTCW,221.2834811736736,34.0,straight_line,34
57f9e52b44,007,1,49,MARSTCW,SPRHAMW,287.2008384542019,52.0,straight_line,34
57f9e52b44,007,1,50,SPRHAMW,SPRMOUW,442.3682412723561,68.0,straight_line,34
57f9e52b44,007,1,51,SPRMOUW,SPRCLEW,235.59856859125537,37.0,straight_line,34
57f9e52b44,007,1,52,SPRCLEW,SPRGRAW,165.4855168630948,40.0,straight_line,34
57f9e52b44,007,1,53,SPRGRAW,SPRNEIW,208.63161317503528,49.0,straight_line,34
57f9e52b44,007,1,54,SPRNEIW,SPR4THW,263.1887109147321,64.0,straight_line,34
57f9e52b44,007,1,55,SPR4THW,SPRHIGW,295.47742412548655,70.0,straight_line,34
57f9e52b44,007,1,56,SPRHIGW,FROLONS,229.8440456953016,77.0,straight_line,34
57f9e52b44,007,1,57,FROLONS,FROBROS,384.6036873908584,180.0,straight_line,34
57f9e52b44,007,1,58,FROBROS,FROTOWS,318.1009566693305,88.0,straight_line,34
57f9e52b44,007,1,59,FROTOWS,MAIHIGE,402.4113714306379,152.0,straight_line,34
57f9e52b44,007,1,60,MAIHIGE,MAI4THE,329.30011852947473,138.0,straight_line,34
57f9e52b44,007,1,61,MAI4THE,EMO4THW,133.41676119982554,162.0,straight_line,34
e2efca4b2a,008,0,0,BOASHAN,161SATE,968.6249089667048,216.0,straight_line,37
e2efca4b2a,008,0,1,161SATE,KAR161S1,459.97196237181333,84.0,straight_line,37
e2efca4b2a,008,0,2,KAR161S1,KARHEMS,158.15128165812934,20.0,straight_line,37
e2efca4b2a,008,0,3,KARHEMS,KARCOLS,382.4101834914457,48.0,straight_line,37
e2efca4b2a,008,0,4,KARCOLS,KARSANS,417.8543524329146,52.0,straight_line,37
e2efca4b2a,008,0,5,KARSANS,KARPENS,578.7439682077355,73.0,straight_line,37
e2efca4b2a,008,0,6,KARPENS,KARNORMS,399.76010373697164,50.0,straight_line,37
e2efca4b2a,008,0,7,KARNORMS,REDKARE,378.6286481596792,55.0,straight_line,37
e2efca4b2a,008,0,8,REDKARE,REDROCE,257.90474262896123,31.0,straight_line,37
e2efca4b2a,008,0,9,REDROCE,REDTAME,224.6740079732399,31.0,straight_line,37
e2efca4b2a,008,0,10,REDTAME,TAM464S,285.971385421137,44.0,straight_line,37
e2efca4b2a,008,0,11,TAM464S,MORTAMW,210.37770017466966,36.0,straight_line,37
e2efca4b2a,008,0,12,MORTAMW,KARMORS,517.0168450234385,75.0,straight_line,37
e2efca4b2a,008,0,13,KARMORS,KARNORS,294.1832092017998,40.0,straight_line,37
e2efca4b2a,008,0,14,KARNORS,KARSHAS,291.13084414065287,40.0,straight_line,37
e2efca4b2a,008,0,15,KARSHAS,NORVILS,327.6039074140883,44.0,straight_line,37
e2efca4b2a,008,0,16,NORVILS,KARCOOKS,407.49026516762177,55.0,straight_line,37
e2efca4b2a,008,0,17,KARCOOKS,KARCOOS1,268.4564557148185,36.0,straight_line,37
e2efca4b2a,008,0,18,KARCOOS1,KARELMS,352.7478394734538,50.0,straight_line,37
e2efca4b2a,008,0,19,KARELMS,KARACTS,372.0357756412553,45.0,straight_line,37
e2efca4b2a,008,0,20,KARACTS,KARCARS,255.93847714760133,31.0,straight_line,37
e2efca4b2a,008,0,21,KARCARS,KARURAS,263.05699011070396,32.0,straight_line,37
e2efca4b2a,008,0,22,KARURAS,KAROAKS,257.30738613906766,31.0,straight_line,37
e2efca4b2a,008,0,23,KAROAKS,MCGOAKS,232.13155418252427,41.0,straight_line,37
e2efca4b2a,008,0,24,MCGOAKS,MCGNORS,159.33884443757742,24.0,straight_line,37
e2efca4b2a,008,0,25,MCGNORS,MCGWELS,250.06086992808932,38.0,straight_line,37
e2efca4b2a,008,0,26,MCGWELS,MCGCOMS,234.0917211519161,35.0,straight_line,37
e2efca4b2a,008,0,27,MCGCOMS,MCGWEBS,228.61887881004316,35.0,straight_line,37
e2efca4b2a,008,0,28,MCGWEBS,MCGABES,230.53240229228,35.0,straight_line,37
e2efca4b2a,008,0,29,MCGABES,MCGGENS,265.7099232529275,40.0,straight_line,37
e2efca4b2a,008,0,30,MCGGENS,MCGBRIS,271.146511598245,41.0,straight_line,37
e2efca4b2a,008,0,31,MCGBRIS,MCGHUDS,313.6375923640905,52.0,straight_line,37
e2efca4b2a,008,0,32,MCGHUDS,MCGCLIS,177.06067027843235,29.0,straight_line,37
e2efca4b2a,008,0,33,MCGCLIS,MCGDUXS,315.0843837560429,52.0,straight_line,37
e2efca4b2a,008,0,34,MCGDUXS,HAMDUXS,210.81787194268264,43.0,straight_line,37
e2efca4b2a,008,0,35,HAMDUXS,HAM24TS,278.50336455017776,45.0,straight_line,37
e2efca4b2a,008,0,36,HAM24TS,HAM21SS,263.53987469978443,43.0,straight_line,37
e2efca4b2a,008,0,37,HAM21SS,HAM18TS,229.6235369343345,37.0,straight_line,37
e2efca4b2a,008,0,38,HAM18TS,17THAME,168.93585779011283,31.0,straight_line,37
e2efca4b2a,008,0,39,17THAME,CLE17TS,291.62581683606953,64.0,straight_line,37
e2efca4b2a,008,0,40,CLE17TS,CLE15TS,116.17370967157301,19.0,straight_line,37
e2efca4b2a,008,0,41,CLE15TS,CLE13TS,286.68942279041494,47.0,straight_line,37
e2efca4b2a,008,0,42,CLE13TS,CLECHIS,217.4085183357446,35.0,straight_line,37
e2efca4b2a,008,0,43,CLECHIS,CLE11TS,180.43834715190823,35.0,straight_line,37
e2efca4b2a,008,0,44,CLE11TS,11TJEFW,150.50051476813198,31.0,straight_line,37
e2efca4b2a,008,0,45,11TJEFW,11TESSW,370.7492292831992,70.0,straight_line,37
e2efca4b2a,008,0,46,11TESSW,11TDAUW,453.2787081981228,86.0,straight_line,37
e2efca4b2a,008,0,47,11TDAUW,11TGRAW,217.35147631335263,41.0,straight_line,37
e2efca4b2a,008,0,48,11TGRAW,11T4THW,345.13811938424664,65.0,straight_line,37
e2efca4b2a,008,0,49,11T4THW,11TINDW,317.2329282662804,60.0,straight_line,37
e2efca4b2a,008,0,50,11TINDW,11THIGW,284.06056425751666,54.0,straight_line,37
e2efca4b2a,008,0,51,11THIGW,12THIGW,288.20792353496216,73.0,straight_line,37
e2efca4b2a,008,0,52,12THIGW,W11WORTW,333.7685691686744,115.0,straight_line,37
e2efca4b2a,008,0,53,W11WORTW,NEILW10S,244.71609209189504,69.0,straight_line,37
e2efca4b2a,008,0,54,NEILW10S,NEI8THS,261.1906963636384,56.0,straight_line,37
e2efca4b2a,008,0,55,NEI8THS,NEI7THS,309.52728873996114,55.0,straight_line,37
e2efca4b2a,008,0,56,NEI7THS,NEI5THS,228.23686630809354,40.0,straight_line,37
e2efca4b2a,008,0,57,NEI5THS,NEI4THS,198.93997842198573,35.0,straight_line,37
e2efca4b2a,008,0,58,NEI4THS,NEI2NDS,398.5895617040654,71.0,straight_line,37
e2efca4b2a,008,0,59,NEI2NDS,NEIWILS,301.20432898256627,53.0,straight_line,37
e2efca4b2a,008,0,60,NEIWILS,NEICOLS,388.4367187021933,69.0,straight_line,37
e2efca4b2a,008,0,61,NEICOLS,NEIGOOS,181.16553074500777,37.0,straight_line,37
e2efca4b2a,008,0,62,NEIGOOS,NEISPRUS,202.21649811637243,59.0,straight_line,37
e2efca4b2a,008,0,63,NEISPRUS,NEIVINS,223.6253261976515,67.0,straight_line,37
e2efca4b2a,008,0,64,NEIVINS,NATMCCBE,327.1052320172287,138.0,straight_line,37
e2efca4b2a,008,0,65,NATMCCBE,FRONATS,343.8269584008735,115.0,straight_line,37
e2efca4b2a,008,0,66,FRONATS,FROLAFS,324.4477296981063,95.0,straight_line,37
e2efca4b2a,008,0,67,FROLAFS,LONHIGE,165.89934089232668,66.0,straight_line,37
e2efca4b2a,008,0,68,LONHIGE,3RDGAYS,268.6448578498834,144.0,straight_line,37
e2efca4b2a,008,0,69,3RDGAYS,3RDBROS1,245.9780345774098,96.0,straight_line,37
e2efca4b2a,008,0,70,3RDBROS1,3RDTOWS,382.51623651951496,93.0,straight_line,37
e2efca4b2a,008,0,71,3RDTOWS,HIGMAIS2,390.23277930134185,131.0,straight_line,37
e2efca4b2a,008,0,72,HIGMAIS2,EFULSHIE,258.76695608374206,76.0,straight_line,37
e2efca4b2a,008,0,73,EFULSHIE,LIV4THE,451.745193834392,114.0,straight_line,37
e2efca4b2a,008,0,74,LIV4THE,LIVGRANE,367.8264437921325,77.0,straight_line,37
e2efca4b2a,008,0,75,LIVGRANE,LIVPARE,511.0596759876178,109.0,straight_line,37
e2efca4b2a,008,0,76,LIVPARE,PARELSS,303.2442663602561,52.0,straight_line,37
e2efca4b2a,008,0,77,PARELSS,PARCOLS,330.29146735906636,51.0,straight_line,37
e2efca4b2a,008,0,78,PARCOLS,PARWHIS,226.62907640761486,35.0,straight_line,37
e2efca4b2a,008,0,79,PARWHIS,PARZIMS,232.67851502886998,36.0,straight_line,37
e2efca4b2a,008,0,80,PARZIMS,PARTHUS,318.19181595824557,50.0,straight_line,37
e2efca4b2a,008,0,81,PARTHUS,PARGATS,280.95729437634947,44.0,straight_line,37
e2efca4b2a,008,0,82,PARGATS,PARFRES,185.76628213485478,32.0,straight_line,37
e2efca4b2a,008,0,83,PARFRES,PARSHES,185.2656212173641,24.0,straight_line,37
e2efca4b2a,008,0,84,PARSHES,PARSOUS,206.79756566679393,26.0,straight_line,37
e2efca4b2a,008,0,85,PARSOUS,PARWELS,227.0674534909905,29.0,straight_line,37
e2efca4b2a,008,0,86,PARWELS,PARINNS,409.7700011398744,53.0,straight_line,37
e2efca4b2a,008,0,87,PARINNS,PARBARS,216.45101382498993,28.0,straight_line,37
e2efca4b2a,008,0,88,PARBARS,PARGROS,595.737630171403,80.0,straight_line,37
e2efca4b2a,008,0,89,PARGROS,PARDERS,724.7901404558986,56.0,straight_line,37
e2efca4b2a,008,0,90,PARDERS,PARCORS,287.29043397539425,22.0,straight_line,37
e2efca4b2a,008,0,91,PARCORS,PARALCS,377.3821723006808,29.0,straight_line,37
e2efca4b2a,008,0,92,PARALCS,PARZIES,371.15086755464216,28.0,straight_line,37
e2efca4b2a,008,0,93,PARZIES,PARHILS,627.013855899315,48.0,straight_line,37
e2efca4b2a,008,0,94,PARHILS,PARRUMS,400.320761901499,31.0,straight_line,37
e2efca4b2a,008,0,95,PARRUMS,PARWILS1,291.9825536468642,26.0,straight_line,37
e2efca4b2a,008,0,96,PARWILS1,PARASHS1,356.2082548584388,51.0,straight_line,37
e2efca4b2a,008,0,97,PARASHS1,PARHARS1,364.5314142477537,52.0,straight_line,37
e2efca4b2a,008,0,98,PARHARS1,PARINDS,230.61435677074874,33.0,straight_line,37
e2efca4b2a,008,0,99,PARINDS,OBE433W,131.9279335486224,26.0,straight_line,37
e2efca4b2a,008,0,100,OBE433W,OBE300W,240.03854493234047,33.0,straight_line,37
e2efca4b2a,008,0,101,OBE300W,OBEBETAW,190.0897868311161,26.0,straight_line,37
e2efca4b2a,008,0,102,OBEBETAW,OBESOUW,366.12934703599,51.0,straight_line,37
e2efca4b2a,008,0,103,OBESOUW,HIGBOBN,195.48417321944285,44.0,straight_line,37
e2efca4b2a,008,0,104,HIGBOBN,HIG365N,448.83081293612645,64.0,straight_line,37
e2efca4b2a,008,0,105,HIG365N,GREWALS,304.49135874023426,76.0,straight_line,37
e2efca4b2a,008,0,106,GREWALS,GREKROS,161.74800589252237,23.0,straight_line,37
e2efca4b2a,008,0,107,GREKROS,GRERIDE,305.3620985095854,61.0,straight_line,37
cfbef97c82,008,0,0,BOASHAN,161SATE,968.6249089667048,237.5,straight_line,36
cfbef97c82,008,0,1,161SATE,KAR161S1,459.97196237181333,92.5,straight_line,36
cfbef97c82,008,0,2,KAR161S1,KARHEMS,158.15128165812934,20.0,straight_line,36
cfbef97c82,008,0,3,KARHEMS,KARCOLS,382.4101834914457,48.0,straight_line,36
cfbef97c82,008,0,4,KARCOLS,KARSANS,417.8543524329146,52.0,straight_line,36
cfbef97c82,008,0,5,KARSANS,KARPENS,578.7439682077355,73.0,straight_line,36
cfbef97c82,008,0,6,KARPENS,KARNORMS,399.76010373697164,50.0,straight_line,36
cfbef97c82,008,0,7,KARNORMS,REDKARE,378.6286481596792,55.0,straight_line,36
cfbef97c82,008,0,8,REDKARE,REDROCE,257.90474262896123,31.0,straight_line,36
cfbef97c82,008,0,9,REDROCE,REDTAME,224.6740079732399,31.0,straight_line,36
cfbef97c82,008,0,10,REDTAME,TAM464S,285.971385421137,44.0,straight_line,36
cfbef97c82,008,0,11,TAM464S,MORTAMW,210.37770017466966,36.0,straight_line,36
cfbef97c82,008,0,12,MORTAMW,KARMORS,517.0168450234385,75.0,straight_line,36
cfbef97c82,008,0,13,KARMORS,KARNORS,294.1832092017998,40.0,straight_line,36
cfbef97c82,008,0,14,KARNORS,KARSHAS,291.13084414065287,40.0,straight_line,36
cfbef97c82,008,0,15,KARSHAS,NORVILS,327.6039074140883,44.0,straight_line,36
cfbef97c82,008,0,16,NORVILS,KARCOOKS,407.49026516762177,55.0,straight_line,36
cfbef97c82,008,0,17,KARCOOKS,KARCOOS1,268.4564557148185,36.0,straight_line,36
cfbef97c82,008,0,18,KARCOOS1,KARELMS,352.7478394734538,50.0,straight_line,36
cfbef97c82,008,0,19,KARELMS,KARACTS,372.0357756412553,45.0,straight_line,36
cfbef97c82,008,0,20,KARACTS,KARCARS,255.93847714760133,31.0,straight_line,36
cfbef97c82,008,0,21,KARCARS,KARURAS,263.05699011070396,32.0,straight_line,36
cfbef97c82,008,0,22,KARURAS,KAROAKS,257.30738613906766,31.0,straight_line,36
cfbef97c82,008,0,23,KAROAKS,MCGOAKS,232.13155418252427,41.0,straight_line,36
cfbef97c82,008,0,24,MCGOAKS,MCGNORS,159.33884443757742,24.0,straight_line,36
cfbef97c82,008,0,25,MCGNORS,MCGWELS,250.06086992808932,38.0,straight_line,36
cfbef97c82,008,0,26,MCGWELS,MCGCOMS,234.0917211519161,35.0,straight_line,36
cfbef97c82,008,0,27,MCGCOMS,MCGWEBS,228.61887881004316,35.0,straight_line,36
cfbef97c82,008,0,28,MCGWEBS,MCGABES,230.53240229228,35.0,straight_line,36
cfbef97c82,008,0,29,MCGABES,MCGGENS,265.7099232529275,40.0,straight_line,36
cfbef97c82,008,0,30,MCGGENS,MCGBRIS,271.146511598245,41.0,straight_line,36
cfbef97c82,008,0,31,MCGBRIS,MCGHUDS,313.6375923640905,52.0,straight_line,36
cfbef97c82,008,0,32,MCGHUDS,MCGCLIS,177.06067027843235,29.0,straight_line,36
cfbef97c82,008,0,33,MCGCLIS,MCGDUXS,315.0843837560429,52.0,straight_line,36
cfbef97c82,008,0,34,MCGDUXS,HAMDUXS,210.81787194268264,43.0,straight_line,36
cfbef97c82,008,0,35,HAMDUXS,HAM24TS,278.50336455017776,45.0,straight_line,36
cfbef97c82,008,0,36,HAM24TS,HAM21SS,263.53987469978443,43.0,straight_line,36
cfbef97c82,008,0,37,HAM21SS,HAM18TS,229.6235369343345,37.0,straight_line,36
cfbef97c82,008,0,38,HAM18TS,17THAME,168.93585779011283,31.0,straight_line,36
cfbef97c82,008,0,39,17THAME,CLE17TS,291.62581683606953,64.0,straight_line,36
cfbef97c82,008,0,40,CLE17TS,CLE15TS,116.17370967157301,19.0,straight_line,36
cfbef97c82,008,0,41,CLE15TS,CLE13TS,286.68942279041494,47.0,straight_line,36
cfbef97c82,008,0,42,CLE13TS,CLECHIS,217.4085183357446,35.0,straight_line,36
cfbef97c82,008,0,43,CLECHIS,CLE11TS,180.43834715190823,35.0,straight_line,36
cfbef97c82,008,0,44,CLE11TS,11TJEFW,150.50051476813198,31.0,straight_line,36
cfbef97c82,008,0,45,11TJEFW,11TESSW,370.7492292831992,70.0,straight_line,36
cfbef97c82,008,0,46,11TESSW,11TDAUW,453.2787081981228,86.0,straight_line,36
cfbef97c82,008,0,47,11TDAUW,11TGRAW,217.35147631335263,41.0,straight_line,36
cfbef97c82,008,0,48,11TGRAW,11T4THW,345.13811938424664,65.0,straight_line,36
cfbef97c82,008,0,49,11T4THW,11TINDW,317.2329282662804,60.0,straight_line,36
cfbef97c82,008,0,50,11TINDW,11THIGW,284.06056425751666,54.0,straight_line,36
cfbef97c82,008,0,51,11THIGW,12THIGW,288.20792353496216,73.0,straight_line,36
cfbef97c82,008,0,52,12THIGW,W11WORTW,333.7685691686744,115.0,straight_line,36
cfbef97c82,008,0,53,W11WORTW,NEILW10S,244.71609209189504,69.0,straight_line,36
cfbef97c82,008,0,54,NEILW10S,NEI8THS,261.1906963636384,56.0,straight_line,36
cfbef97c82,008,0,55,NEI8THS,NEI7THS,309.52728873996114,55.0,straight_line,36
cfbef97c82,008,0,56,NEI7THS,NEI5THS,228.23686630809354,40.0,straight_line,36
cfbef97c82,008,0,57,NEI5THS,NEI4THS,198.93997842198573,35.0,straight_line,36
cfbef97c82,008,0,58,NEI4THS,NEI2NDS,398.5895617040654,71.0,straight_line,36
cfbef97c82,008,0,59,NEI2NDS,NEIWILS,301.20432898256627,53.0,straight_line,36
cfbef97c82,008,0,60,NEIWILS,NEICOLS,388.4367187021933,69.0,straight_line,36
cfbef97c82,008,0,61,NEICOLS,NEIGOOS,181.16553074500777,37.0,straight_line,36
cfbef97c82,008,0,62,NEIGOOS,NEISPRUS,202.21649811637243,59.0,straight_line,36
cfbef97c82,008,0,63,NEISPRUS,NEIVINS,223.6253261976515,67.0,straight_line,36
cfbef97c82,008,0,64,NEIVINS,NATMCCBE,327.1052320172287,138.0,straight_line,36
cfbef97c82,008,0,65,NATMCCBE,FRONATS,343.8269584008735,115.0,straight_line,36
cfbef97c82,008,0,66,FRONATS,FROLAFS,324.4477296981063,95.0,straight_line,36
cfbef97c82,008,0,67,FROLAFS,LONHIGE,165.89934089232668,66.0,straight_line,36
cfbef97c82,008,0,68,LONHIGE,3RDGAYS,268.6448578498834,144.0,straight_line,36
cfbef97c82,008,0,69,3RDGAYS,3RDBROS1,245.9780345774098,96.0,straight_line,36
cfbef97c82,008,0,70,3RDBROS1,3RDTOWS,382.51623651951496,106.0,straight_line,36
cfbef97c82,008,0,71,3RDTOWS,HIGMAIS2,390.23277930134185,149.0,straight_line,36
cfbef97c82,008,0,72,HIGMAIS2,HIGMOUS,160.15745473882203,45.0,straight_line,36
cfbef97c82,008,0,73,HIGMOUS,HIGBLENS,266.72750780172623,47.0,straight_line,36
cfbef97c82,008,0,74,HIGBLENS,HIGSYCS,339.34322007791053,60.0,straight_line,36
cfbef97c82,008,0,75,HIGSYCS,HIGFRANS,169.69522206803435,30.0,straight_line,36
cfbef97c82,008,0,76,HIGFRANS,HIGWHIS,337.58637656276045,60.0,straight_line,36
cfbef97c82,008,0,77,HIGWHIS,HIGSTES,242.00397631603775,43.0,straight_line,36
cfbef97c82,008,0,78,HIGSTES,HIGGRES,318.7216935173443,60.0,straight_line,36
cfbef97c82,008,0,79,HIGGRES,HIGMOLS,422.5302813914003,114.0,straight_line,36
cfbef97c82,008,0,80,HIGMOLS,JENHIGE,226.7371581816225,66.0,straight_line,36
cfbef97c82,008,0,81,JENHIGE,4THJENS,237.52055911840148,49.0,straight_line,36
cfbef97c82,008,0,82,4THJENS,4THMARS,224.75469956065456,43.0,straight_line,36
cfbef97c82,008,0,83,4THMARS,4THWOOS,380.66076840641665,73.0,straight_line,36
cfbef97c82,008,0,84,4THWOOS,4THREES,308.4402291016567,58.0,straight_line,36
cfbef97c82,008,0,85,4THREES,HIGHOSS,278.20439632717506,77.0,straight_line,36
cfbef97c82,008,0,86,HIGHOSS,HIG210S,399.3819021403799,56.0,straight_line,36
cfbef97c82,008,0,87,HIG210S,HIGDERS,756.2143806302513,106.0,straight_line,36
cfbef97c82,008,0,88,HIGDERS,HIGDELS,226.39080959790815,31.0,straight_line,36
cfbef97c82,008,0,89,HIGDELS,HIGCASS,350.40563432654835,49.0,straight_line,36
cfbef97c82,008,0,90,HIGCASS,HIGALCS,193.76352178459538,27.0,straight_line,36
cfbef97c82,008,0,91,HIGALCS,HIGSCHVS,216.19138118014172,30.0,straight_line,36
cfbef97c82,008,0,92,HIGSCHVS,2997SHIS,431.1287937517839,60.0,straight_line,36
cfbef97c82,008,0,93,2997SHIS,SHI3085S,269.69776393984415,37.0,straight_line,36
cfbef97c82,008,0,94,SHI3085S,HIGRUMS,348.3398755105048,49.0,straight_line,36
cfbef97c82,008,0,95,HIGRUMS,HIGWILS,258.3702869512148,36.0,straight_line,36
cfbef97c82,008,0,96,HIGWILS,HIGHIGS,332.8749474641657,46.0,straight_line,36
cfbef97c82,008,0,97,HIGHIGS,GREWALS,252.46612197191126,48.0,straight_line,36
cfbef97c82,008,0,98,GREWALS,GREKROS,161.74800589252237,22.0,straight_line,36
cfbef97c82,008,0,99,GREKROS,GRERIDE,305.3620985095854,63.0,straight_line,36
a2986c3fc2,008,1,0,GRERIDE,HIG365N,295.52547807329125,51.0,straight_line,36
a2986c3fc2,008,1,1,HIG365N,HIGHIGN,277.1570433828784,29.0,straight_line,36
a2986c3fc2,008,1,2,HIGHIGN,HIGWILN1,331.8985732676711,34.0,straight_line,36
a2986c3fc2,008,1,3,HIGWILN1,HIGRUMN,274.5915452029992,28.0,straight_line,36
a2986c3fc2,008,1,4,HIGRUMN,SHI3050N,311.54288035205894,32.0,straight_line,36
a2986c3fc2,008,1,5,SHI3050N,HIGSOUGN,465.1022550479157,48.0,straight_line,36
a2986c3fc2,008,1,6,HIGSOUGN,HIGSCHVN,263.70044004762417,27.0,straight_line,36
a2986c3fc2,008,1,7,HIGSCHVN,HIGALCN,218.72553269567607,23.0,straight_line,36
a2986c3fc2,008,1,8,HIGALCN,HIGCASN,173.20652596244688,18.0,straight_line,36
a2986c3fc2,008,1,9,HIGCASN,HIGDELN,373.1670733268944,39.0,straight_line,36
a2986c3fc2,008,1,10,HIGDELN,HIGDERN,210.84563249098866,22.0,straight_line,36
a2986c3fc2,008,1,11,HIGDERN,HIG205N,770.4458335821885,80.0,straight_line,36
a2986c3fc2,008,1,12,HIG205N,HOSHIGE,345.8371184554201,49.0,straight_line,36
a2986c3fc2,008,1,13,HOSHIGE,4THINNN,391.40335107895925,116.0,straight_line,36
a2986c3fc2,008,1,14,4THINNN,4THWOON,159.89397613922714,39.0,straight_line,36
a2986c3fc2,008,1,15,4THWOON,4THWELN,306.24053046314083,75.0,straight_line,36
a2986c3fc2,008,1,16,4THWELN,4THSOUN,214.55747125788733,52.0,straight_line,36
a2986c3fc2,008,1,17,4THSOUN,HIGSOUWN,268.8549370059188,78.0,straight_line,36
a2986c3fc2,008,1,18,HIGSOUWN,HIGMOLN,256.38558472440695,72.0,straight_line,36
a2986c3fc2,008,1,19,HIGMOLN,HIGHANN,178.43309579734316,50.0,straight_line,36
a2986c3fc2,008,1,20,HIGHANN,HIGMITN,202.47852145680037,58.0,straight_line,36
a2986c3fc2,008,1,21,HIGMITN,HIGSTEN,371.501393181057,59.0,straight_line,36
a2986c3fc2,008,1,22,HIGSTEN,HIGWHIN,273.2356205021845,43.0,straight_line,36
a2986c3fc2,008,1,23,HIGWHIN,HIGCOLN,201.8457297781687,32.0,straight_line,36
a2986c3fc2,008,1,24,HIGCOLN,HIGSYCN,307.91249651670057,49.0,straight_line,36
a2986c3fc2,008,1,25,HIGSYCN,HIGHOSN,242.83265754178112,38.0,straight_line,36
a2986c3fc2,008,1,26,HIGHOSN,HIGMOUN,471.56526614191745,79.0,straight_line,36
a2986c3fc2,008,1,27,HIGMOUN,MAIHIGE,124.24492011061918,56.0,straight_line,36
a2986c3fc2,008,1,28,MAIHIGE,4THTOWN,404.42562142538014,151.0,straight_line,36
a2986c3fc2,008,1,29,4THTOWN,4THCAPN,335.0045585540857,93.0,straight_line,36
a2986c3fc2,008,1,30,4THCAPN,4THATHN,208.32618662764156,60.5,straight_line,36
a2986c3fc2,008,1,31,4THATHN,SPR4THW,349.8977143086563,115.5,straight_line,36
a2986c3fc2,008,1,32,SPR4THW,SPRFROW,425.16473021552673,124.0,straight_line,36
a2986c3fc2,008,1,33,SPRFROW,FROSPRN,83.4089957146686,26.0,straight_line,36
a2986c3fc2,008,1,34,FROSPRN,NATMCCBW,394.5125296522267,108.0,straight_line,36
a2986c3fc2,008,1,35,NATMCCBW,NEIBRON,189.44301429660766,60.0,straight_line,36
a2986c3fc2,008,1,36,NEIBRON,NEISPRUN,416.98779288176337,85.0,straight_line,36
a2986c3fc2,008,1,37,NEISPRUN,NEICOLN,380.4511692994051,81.0,straight_line,36
a2986c3fc2,008,1,38,NEICOLN,NEIHUBN,238.74155919957786,35.0,straight_line,36
a2986c3fc2,008,1,39,NEIHUBN,NEI1STN,221.23873506412372,32.0,straight_line,36
a2986c3fc2,008,1,40,NEI1STN,NEI3RDN,367.4571278635784,54.0,straight_line,36
a2986c3fc2,008,1,41,NEI3RDN,NEI4THN,204.13647793085295,30.0,straight_line,36
a2986c3fc2,008,1,42,NEI4THN,NEI5THN,201.2337007597462,29.0,straight_line,36
a2986c3fc2,008,1,43,NEI5THN,NEIKINN,389.4397900047996,57.0,straight_line,36
a2986c3fc2,008,1,44,NEIKINN,NEI8THN,189.43851376986626,27.0,straight_line,36
a2986c3fc2,008,1,45,NEI8THN,NEI10TN,221.6379709139884,36.0,straight_line,36
a2986c3fc2,008,1,46,NEI10TN,W11WORTE,218.1790493888832,116.0,straight_line,36
a2986c3fc2,008,1,47,W11WORTE,W12COLLE,316.22533146437775,167.0,straight_line,36
a2986c3fc2,008,1,48,W12COLLE,HIGCHIS,173.21956569330885,77.0,straight_line,36
a2986c3fc2,008,1,49,HIGCHIS,11THIGE,188.7580386634482,49.0,straight_line,36
a2986c3fc2,008,1,50,11THIGE,11TINDE,291.6553417042652,64.0,straight_line,36
a2986c3fc2,008,1,51,11TINDE,11T4THE,265.97217082355803,58.0,straight_line,36
a2986c3fc2,008,1,52,11T4THE,11TGRAE,339.13879349163284,74.0,straight_line,36
a2986c3fc2,008,1,53,11TGRAE,11TDAUE,216.33262840210742,47.0,straight_line,36
a2986c3fc2,008,1,54,11TDAUE,11TESSE,500.0975102248638,110.0,straight_line,36
a2986c3fc2,008,1,55,11TESSE,11TJEFE,343.24900859906035,78.0,straight_line,36
a2986c3fc2,008,1,56,11TJEFE,CLECHIN,363.9140731395014,66.0,straight_line,36
a2986c3fc2,008,1,57,CLECHIN,CLEWINN,217.99086105909234,37.0,straight_line,36
a2986c3fc2,008,1,58,CLEWINN,CLE15TN,179.04249176003106,30.0,straight_line,36
a2986c3fc2,008,1,59,CLE15TN,17TCLEW,223.39409565986992,45.0,straight_line,36
a2986c3fc2,008,1,60,17TCLEW,HAM17TN,321.8551520001181,60.0,straight_line,36
a2986c3fc2,008,1,61,HAM17TN,HAM20TN,325.25535020494175,56.0,straight_line,36
a2986c3fc2,008,1,62,HAM20TN,HAM24TN,311.2186514925226,53.0,straight_line,36
a2986c3fc2,008,1,63,HAM24TN,HAMDUXN,271.64938273143406,46.0,straight_line,36
a2986c3fc2,008,1,64,HAMDUXN,HAMCLIN,327.9905301546793,56.0,straight_line,36
a2986c3fc2,008,1,65,HAMCLIN,MCGHUDN,365.2628436063252,91.0,straight_line,36
a2986c3fc2,008,1,66,MCGHUDN,MCGBRIN,238.63636459577816,30.0,straight_line,36
a2986c3fc2,008,1,67,MCGBRIN,MCGOPPN,300.13068845839484,38.0,straight_line,36
a2986c3fc2,008,1,68,MCGOPPN,MCGABEN,186.42519116267405,23.0,straight_line,36
a2986c3fc2,008,1,69,MCGABEN,MCGWEBN,219.73382488158126,27.0,straight_line,36
a2986c3fc2,008,1,70,MCGWEBN,MCGDELN,277.16268202175644,35.0,straight_line,36
a2986c3fc2,008,1,71,MCGDELN,MCGWELN,199.67500433568992,25.0,straight_line,36
a2986c3fc2,008,1,72,MCGWELN,MCGNORN,285.79897796282194,36.0,straight_line,36
a2986c3fc2,008,1,73,MCGNORN,MCGOAKN,180.77783024628212,26.0,straight_line,36
a2986c3fc2,008,1,74,MCGOAKN,KAROAKN,214.98648225282176,35.0,straight_line,36
a2986c3fc2,008,1,75,KAROAKN,KARHUYN,359.665807866472,46.0,straight_line,36
a2986c3fc2,008,1,76,KARHUYN,KARPAUN,244.72114490321505,31.0,straight_line,36
a2986c3fc2,008,1,77,KARPAUN,KARACTN,214.8254126340532,28.0,straight_line,36
a2986c3fc2,008,1,78,KARACTN,KARELMN,286.8905005465709,40.0,straight_line,36
a2986c3fc2,008,1,79,KARELMN,KARCOON,350.9330696696567,60.0,straight_line,36
a2986c3fc2,008,1,80,KARCOON,KARSTON,324.43919782621623,55.0,straight_line,36
a2986c3fc2,008,1,81,KARSTON,KARFERN1,324.3270068310896,55.0,straight_line,36
a2986c3fc2,008,1,82,KARFERN1,KARSHAN,500.06624900228684,85.0,straight_line,36
a2986c3fc2,008,1,83,KARSHAN,KARNORN,219.80405479394844,37.0,straight_line,36
a2986c3fc2,008,1,84,KARNORN,MORKARE1,294.3683528876071,71.0,straight_line,36
a2986c3fc2,008,1,85,MORKARE1,TAM463N,519.2224247548604,115.0,straight_line,36
a2986c3fc2,008,1,86,TAM463N,REDTAMW,302.225158766657,62.0,straight_line,36
a2986c3fc2,008,1,87,REDTAMW,REDROCW,239.86112652962723,26.0,straight_line,36
a2986c3fc2,008,1,88,REDROCW,REDSONW,241.81073138374282,26.0,straight_line,36
a2986c3fc2,008,1,89,REDSONW,KARNORMN,326.41412635348695,44.0,straight_line,36
a2986c3fc2,008,1,90,KARNORMN,KARPENN,385.22360906407175,43.0,straight_line,36
a2986c3fc2,008,1,91,KARPENN,KARSANN,637.5042174696057,71.0,straight_line,36
a2986c3fc2,008,1,92,KARSANN,KARCOLN,402.9496040153285,45.0,straight_line,36
a2986c3fc2,008,1,93,KARCOLN,KARHEMN,380.8162126096511,45.0,straight_line,36
a2986c3fc2,008,1,94,KARHEMN,161KARW,326.4376427390898,47.0,straight_line,36
a2986c3fc2,008,1,95,161KARW,161AMBW,497.76509285900744,64.0,straight_line,36
a2986c3fc2,008,1,96,161AMBW,BOASHAN,878.4951863293796,129.0,straight_line,36
4f79e2646c,008,1,0,GRERIDE,OBESOUE,387.19707183425476,80.0,straight_line,35
4f79e2646c,008,1,1,OBESOUE,OBEBETE,382.9642855667303,52.0,straight_line,35
4f79e2646c,008,1,2,OBEBETE,OBE301E,137.63056806195527,18.0,straight_line,35
4f79e2646c,008,1,3,OBE301E,OBE433E,290.28459115460976,39.0,straight_line,35
4f79e2646c,008,1,4,OBE433E,PAROBEN,133.7399289219667,21.0,straight_line,35
4f79e2646c,008,1,5,PAROBEN,PARHARN,285.6391681045186,39.0,straight_line,35
4f79e2646c,008,1,6,PARHARN,PARASHN,357.2963875209857,49.0,straight_line,35
4f79e2646c,008,1,7,PARASHN,PARWILN,413.34940947904494,62.0,straight_line,35
4f79e2646c,008,1,8,PARWILN,PARRUMN,235.1999879282878,18.0,straight_line,35
4f79e2646c,008,1,9,PARRUMN,PARHILN,399.9575554742553,32.0,straight_line,35
4f79e2646c,008,1,10,PARHILN,PARZIEN,606.7023995893925,48.0,straight_line,35
4f79e2646c,008,1,11,PARZIEN,PARALCN,363.78052889986105,29.0,straight_line,35
4f79e2646c,008,1,12,PARALCN,PARCORN,322.15798712391023,25.0,straight_line,35
4f79e2646c,008,1,13,PARCORN,PARDERN,362.6486922872871,29.0,straight_line,35
4f79e2646c,008,1,14,PARDERN,PARGROVN,706.069656444778,59.0,straight_line,35
4f79e2646c,008,1,15,PARGROVN,PARMARN,552.2779482548441,88.0,straight_line,35
4f79e2646c,008,1,16,PARMARN,PARINNN,274.58210970720717,44.0,straight_line,35
4f79e2646c,008,1,17,PARINNN,PARMORN,405.08063611847786,65.0,straight_line,35
4f79e2646c,008,1,18,PARMORN,PARMARN1,156.85801840695547,25.0,straight_line,35
4f79e2646c,008,1,19,PARMARN1,PARJENN,271.64931206600727,43.0,straight_line,35
4f79e2646c,008,1,20,PARJENN,PARFREN,204.29962675072932,35.0,straight_line,35
4f79e2646c,008,1,21,PARFREN,PARGATN,227.67062475891635,49.0,straight_line,35
4f79e2646c,008,1,22,PARGATN,PARTHUN,230.95219997684546,50.0,straight_line,35
4f79e2646c,008,1,23,PARTHUN,PARSTEN,264.45080752839857,57.0,straight_line,35
4f79e2646c,008,1,24,PARSTEN,PARWHIN,313.29119678242193,67.0,straight_line,35
4f79e2646c,008,1,25,PARWHIN,PARSYCN,545.6509295779194,117.0,straight_line,35
4f79e2646c,008,1,26,PARSYCN,LIVPARW,314.83426062328175,80.0,straight_line,35
4f79e2646c,008,1,27,LIVPARW,LIVGRANW,543.2783793352281,130.0,straight_line,35
4f79e2646c,008,1,28,LIVGRANW,LIVMOHW,301.5224987346215,72.0,straight_line,35
4f79e2646c,008,1,29,LIVMOHW,EMOS3RDW,379.9094383637895,119.0,straight_line,35
4f79e2646c,008,1,30,EMOS3RDW,MOUHIGW1,246.194072314837,58.0,straight_line,35
4f79e2646c,008,1,31,MOUHIGW1,MAIHIGE,146.28423555184168,64.0,straight_line,35
4f79e2646c,008,1,32,MAIHIGE,4THTOWN,404.42562142538014,133.0,straight_line,35
4f79e2646c,008,1,33,4THTOWN,4THCAPN,335.0045585540857,84.0,straight_line,35
4f79e2646c,008,1,34,4THCAPN,4THATHN,208.32618662764156,73.0,straight_line,35
4f79e2646c,008,1,35,4THATHN,SPR4THW,349.8977143086563,139.0,straight_line,35
4f79e2646c,008,1,36,SPR4THW,SPRFROW,425.16473021552673,148.0,straight_line,35
4f79e2646c,008,1,37,SPRFROW,FROSPRN,83.4089957146686,26.0,straight_line,35
4f79e2646c,008,1,38,FROSPRN,NATMCCBW,394.5125296522267,108.0,straight_line,35
4f79e2646c,008,1,39,NATMCCBW,NEIBRON,189.44301429660766,60.0,straight_line,35
4f79e2646c,008,1,40,NEIBRON,NEISPRUN,416.98779288176337,85.0,straight_line,35
4f79e2646c,008,1,41,NEISPRUN,NEICOLN,380.4511692994051,81.0,straight_line,35
4f79e2646c,008,1,42,NEICOLN,NEIHUBN,238.74155919957786,35.0,straight_line,35
4f79e2646c,008,1,43,NEIHUBN,NEI1STN,221.23873506412372,32.0,straight_line,35
4f79e2646c,008,1,44,NEI1STN,NEI3RDN,367.4571278635784,54.0,straight_line,35
4f79e2646c,008,1,45,NEI3RDN,NEI4THN,204.13647793085295,30.0,straight_line,35
4f79e2646c,008,1,46,NEI4THN,NEI5THN,201.2337007597462,29.0,straight_line,35
4f79e2646c,008,1,47,NEI5THN,NEIKINN,389.4397900047996,57.0,straight_line,35
4f79e2646c,008,1,48,NEIKINN,NEI8THN,189.43851376986626,27.0,straight_line,35
4f79e2646c,008,1,49,NEI8THN,NEI10TN,221.6379709139884,36.0,straight_line,35
4f79e2646c,008,1,50,NEI10TN,W11WORTE,218.1790493888832,116.0,straight_line,35
4f79e2646c,008,1,51,W11WORTE,W12COLLE,316.22533146437775,167.0,straight_line,35
4f79e2646c,008,1,52,W12COLLE,HIGCHIS,173.21956569330885,77.0,straight_line,35
4f79e2646c,008,1,53,HIGCHIS,11THIGE,188.7580386634482,49.0,straight_line,35
4f79e2646c,008,1,54,11THIGE,11TINDE,291.6553417042652,64.0,straight_line,35
4f79e2646c,008,1,55,11TINDE,11T4THE,265.97217082355803,58.0,straight_line,35
4f79e2646c,008,1,56,11T4THE,11TGRAE,339.13879349163284,74.0,straight_line,35
4f79e2646c,008,1,57,11TGRAE,11TDAUE,216.33262840210742,47.0,straight_line,35
4f79e2646c,008,1,58,11TDAUE,11TESSE,500.0975102248638,110.0,straight_line,35
4f79e2646c,008,1,59,11TESSE,11TJEFE,343.24900859906035,78.0,straight_line,35
4f79e2646c,008,1,60,11TJEFE,CLECHIN,363.9140731395014,66.0,straight_line,35
4f79e2646c,008,1,61,CLECHIN,CLEWINN,217.99086105909234,37.0,straight_line,35
4f79e2646c,008,1,62,CLEWINN,CLE15TN,179.04249176003106,30.0,straight_line,35
4f79e2646c,008,1,63,CLE15TN,17TCLEW,223.39409565986992,45.0,straight_line,35
4f79e2646c,008,1,64,17TCLEW,HAM17TN,321.8551520001181,60.0,straight_line,35
4f79e2646c,008,1,65,HAM17TN,HAM20TN,325.25535020494175,56.0,straight_line,35
4f79e2646c,008,1,66,HAM20TN,HAM24TN,311.2186514925226,53.0,straight_line,35
4f79e2646c,008,1,67,HAM24TN,HAMDUXN,271.64938273143406,46.0,straight_line,35
4f79e2646c,008,1,68,HAMDUXN,HAMCLIN,327.9905301546793,56.0,straight_line,35
4f79e2646c,008,1,69,HAMCLIN,MCGHUDN,365.2628436063252,91.0,straight_line,35
4f79e2646c,008,1,70,MCGHUDN,MCGBRIN,238.63636459577816,30.0,straight_line,35
4f79e2646c,008,1,71,MCGBRIN,MCGOPPN,300.13068845839484,38.0,straight_line,35
4f79e2646c,008,1,72,MCGOPPN,MCGABEN,186.42519116267405,23.0,straight_line,35
4f79e2646c,008,1,73,MCGABEN,MCGWEBN,219.73382488158126,27.0,straight_line,35
4f79e2646c,008,1,74,MCGWEBN,MCGDELN,277.16268202175644,35.0,straight_line,35
4f79e2646c,008,1,75,MCGDELN,MCGWELN,199.67500433568992,25.0,straight_line,35
4f79e2646c,008,1,76,MCGWELN,MCGNORN,285.79897796282194,36.0,straight_line,35
4f79e2646c,008,1,77,MCGNORN,MCGOAKN,180.77783024628212,26.0,straight_line,35
4f79e2646c,008,1,78,MCGOAKN,KAROAKN,214.98648225282176,35.0,straight_line,35
4f79e2646c,008,1,79,KAROAKN,KARHUYN,359.665807866472,46.0,straight_line,35
4f79e2646c,008,1,80,KARHUYN,KARPAUN,244.72114490321505,31.0,straight_line,35
4f79e2646c,008,1,81,KARPAUN,KARACTN,214.8254126340532,28.0,straight_line,35
4f79e2646c,008,1,82,KARACTN,KARELMN,286.8905005465709,40.0,straight_line,35
4f79e2646c,008,1,83,KARELMN,KARCOON,350.9330696696567,53.0,straight_line,35
4f79e2646c,008,1,84,KARCOON,KARSTON,324.43919782621623,49.0,straight_line,35
4f79e2646c,008,1,85,KARSTON,KARFERN1,324.3270068310896,49.0,straight_line,35
4f79e2646c,008,1,86,KARFERN1,KARSHAN,500.06624900228684,76.0,straight_line,35
4f79e2646c,008,1,87,KARSHAN,KARNORN,219.80405479394844,33.0,straight_line,35
4f79e2646c,008,1,88,KARNORN,MORKARE1,294.3683528876071,63.0,straight_line,35
4f79e2646c,008,1,89,MORKARE1,TAM463N,519.2224247548604,102.0,straight_line,35
4f79e2646c,008,1,90,TAM463N,REDTAMW,302.225158766657,55.0,straight_line,35
4f79e2646c,008,1,91,REDTAMW,REDROCW,239.86112652962723,26.0,straight_line,35
4f79e2646c,008,1,92,REDROCW,REDSONW,241.81073138374282,26.0,straight_line,35
4f79e2646c,008,1,93,REDSONW,KARNORMN,326.41412635348695,44.0,straight_line,35
4f79e2646c,008,1,94,KARNORMN,KARPENN,385.22360906407175,43.0,straight_line,35
4f79e2646c,008,1,95,KARPENN,KARSANN,637.5042174696057,71.0,straight_line,35
4f79e2646c,008,1,96,KARSANN,KARCOLN,402.9496040153285,45.0,straight_line,35
4f79e2646c,008,1,97,KARCOLN,KARHEMN,380.8162126096511,45.0,straight_line,35
4f79e2646c,008,1,98,KARHEMN,161KARW,326.4376427390898,47.0,straight_line,35
4f79e2646c,008,1,99,161KARW,161AMBW,497.76509285900744,64.0,straight_line,35
4f79e2646c,008,1,100,161AMBW,BOASHAN,878.4951863293796,129.0,straight_line,35
1b5b5aaddb,009,0,0,WESRIDW,BROWESWE,202.8600921605945,38.0,straight_line,19
1b5b5aaddb,009,0,1,BROWESWE,NORGRES1,459.6713733868356,79.0,straight_line,19
1b5b5aaddb,009,0,2,NORGRES1,NORPALS,195.86732535858658,26.0,straight_line,19
1b5b5aaddb,009,0,3,NORPALS,NOROWES,335.91662769245596,44.0,straight_line,19
1b5b5aaddb,009,0,4,NOROWES,NORSULS,262.78114150196257,34.0,straight_line,19
1b5b5aaddb,009,0,5,NORSULS,NORFLOS,447.22069315652357,59.0,straight_line,19
1b5b5aaddb,009,0,6,NORFLOS,NORCLAS,414.82337448787615,55.0,straight_line,19
1b5b5aaddb,009,0,7,NORCLAS,NORCHES,336.85522086135796,44.0,straight_line,19
1b5b5aaddb,009,0,8,NORCHES,NORHALS,279.82316447386506,41.0,straight_line,19
1b5b5aaddb,009,0,9,NORHALS,NORLINS,253.83780568583322,30.0,straight_line,19
1b5b5aaddb,009,0,10,NORLINS,NORBAYS,280.3637091960328,32.0,straight_line,19
1b5b5aaddb,009,0,11,NORBAYS,NORKENS,460.4830009486955,53.0,straight_line,19
1b5b5aaddb,009,0,12,NORKENS,NORCHAS,293.5804394273688,34.0,straight_line,19
1b5b5aaddb,009,0,13,NORCHAS,GEONORE,404.0836748400347,51.0,straight_line,19
1b5b5aaddb,009,0,14,GEONORE,GEOLONE,486.8355760756494,59.0,straight_line,19
1b5b5aaddb,009,0,15,GEOLONE,GEOKRIE,325.28821621314745,41.0,straight_line,19
1b5b5aaddb,009,0,16,GEOKRIE,GEOBOLE,460.33387965524463,78.0,straight_line,19
1b5b5aaddb,009,0,17,GEOBOLE,GEOWALW,1317.083763139554,295.0,straight_line,19
1b5b5aaddb,009,0,18,GEOWALW,GEOPARN,227.56851767630627,106.0,straight_line,19
1b5b5aaddb,009,0,19,GEOPARN,GEOHALN,270.6473417953058,46.0,straight_line,19
1b5b5aaddb,009,0,20,GEOHALN,GEO106N,183.72576180546383,31.0,straight_line,19
1b5b5aaddb,009,0,21,GEO106N,CLIGEON,184.82621393969447,44.0,straight_line,19
1b5b5aaddb,009,0,22,CLIGEON,CLIBIGE,373.4663332438996,39.0,straight_line,19
1b5b5aaddb,009,0,23,CLIBIGE,CLISAVE,356.92858147113304,38.0,straight_line,19
1b5b5aaddb,009,0,24,CLISAVE,CLIHOLE,342.9321607576983,36.0,straight_line,19
1b5b5aaddb,009,0,25,CLIHOLE,CLIWEDE,508.8225171976829,54.0,straight_line,19
1b5b5aaddb,009,0,26,CLIWEDE,CLIMCCE,190.78984051694417,20.0,straight_line,19
1b5b5aaddb,009,0,27,CLIMCCE,DEMSHON,410.46264175298074,58.0,straight_line,19
1b5b5aaddb,009,0,28,DEMSHON,DEMBRGN,481.07821797287596,55.0,straight_line,19
1b5b5aaddb,009,0,29,DEMBRGN,BRIBIRE,446.8602601537859,57.0,straight_line,19
1b5b5aaddb,009,0,30,BRIBIRE,BRIBINE,400.16794504056804,43.0,straight_line,19
1b5b5aaddb,009,0,31,BRIBINE,HAGBRIN,361.7526653517668,42.0,straight_line,19
1b5b5aaddb,009,0,32,HAGBRIN,HAGROSN,388.0599881128205,43.0,straight_line,19
1b5b5aaddb,009,0,33,HAGROSN,HAGVANN,241.38752739299588,26.0,straight_line,19
1b5b5aaddb,009,0,34,HAGVANN,MOUHAGE1,372.13884410962976,46.0,straight_line,19
1b5b5aaddb,009,0,35,MOUHAGE1,MOURACE,180.83491731769163,19.0,straight_line,19
1b5b5aaddb,009,0,36,MOURACE,MOURICE,379.6279597384469,41.0,straight_line,19
1b5b5aaddb,009,0,37,MOURICE,MOUWAYE,344.4441997450097,43.0,straight_line,19
1b5b5aaddb,009,0,38,MOUWAYE,MOUHIGE,395.5706049254152,52.0,straight_line,19
1b5b5aaddb,009,0,39,MOUHIGE,MOUCLAE,212.4615283918603,27.0,straight_line,19
1b5b5aaddb,009,0,40,MOUCLAE,MOUBUTE,216.08965340642763,28.0,straight_line,19
1b5b5aaddb,009,0,41,MOUBUTE,MOUWREE,225.67079730203992,29.0,straight_line,19
1b5b5aaddb,009,0,42,MOUWREE,MOUCLAE1,340.6609267144116,44.0,straight_line,19
1b5b5aaddb,009,0,43,MOUCLAE1,MOULARE,182.67188336103084,23.0,straight_line,19
1b5b5aaddb,009,0,44,MOULARE,MOUEDWE,223.08794291908364,29.0,straight_line,19
1b5b5aaddb,009,0,45,MOUEDWE,MOURYAE,208.48163018888545,27.0,straight_line,19
1b5b5aaddb,009,0,46,MOURYAE,MOUCENE,292.01510803409474,41.0,straight_line,19
1b5b5aaddb,009,0,47,MOUCENE,CENTHON,322.3359605227934,55.0,straight_line,19
1b5b5aaddb,009,0,48,CENTHON,CENSULN,268.0001030997107,38.0,straight_line,19
1b5b5aaddb,009,0,49,CENSULN,CENRICN,368.543775128239,53.0,straight_line,19
1b5b5aaddb,009,0,50,CENRICN,TOWBREE,134.0735269890425,28.0,straight_line,19
1b5b5aaddb,009,0,51,TOWBREE,TOWPRIE,200.29246424140908,28.0,straight_line,19
1b5b5aaddb,009,0,52,TOWPRIE,TOWYALE,241.114294271354,34.0,straight_line,19
1b5b5aaddb,009,0,53,TOWYALE,TOWCYPE,228.32689868272695,32.0,straight_line,19
1b5b5aaddb,009,0,54,TOWCYPE,TOWHAWE,260.01532359708125,36.0,straight_line,19
1b5b5aaddb,009,0,55,TOWHAWE,TOWDAVE,362.4169962229892,56.0,straight_line,19
1b5b5aaddb,009,0,56,TOWDAVE,RICGRUE,454.3367515909828,111.0,straight_line,19
1b5b5aaddb,009,0,57,RICGRUE,RICMCDE,259.7058291515533,51.0,straight_line,19
1b5b5aaddb,009,0,58,RICMCDE,RICSTAE,340.8280256961324,67.0,straight_line,19
1b5b5aaddb,009,0,59,RICSTAE,MAILUDE,575.9735830936467,116.0,straight_line,19
1b5b5aaddb,009,0,60,MAILUDE,FROTOWN,350.3182285999154,82.0,straight_line,19
1b5b5aaddb,009,0,61,FROTOWN,FROGAYN,553.8594765705346,113.0,straight_line,19
1b5b5aaddb,009,0,62,FROGAYN,LONHIGE,149.83528316756443,120.0,straight_line,19
1b5b5aaddb,009,0,63,LONHIGE,LON4THE,388.18288077539466,113.0,straight_line,19
1b5b5aaddb,009,0,64,LON4THE,LONNORE,265.351721777002,78.0,straight_line,19
1b5b5aaddb,009,0,65,LONNORE,LONCLEE,272.4519615061542,79.0,straight_line,19
1b5b5aaddb,009,0,66,LONCLEE,LONWASE,300.50141058211676,90.0,straight_line,19
1b5b5aaddb,009,0,67,LONWASE,LONJEFE,241.0229462563206,40.0,straight_line,19
1b5b5aaddb,009,0,68,LONJEFE,MARHAME,333.18160492635906,78.0,straight_line,19
1b5b5aaddb,009,0,69,MARHAME,SAIBUCN,455.8775251552084,82.0,straight_line,19
1b5b5aaddb,009,0,70,SAIBUCN,SAIOLDN,313.63064165275205,53.0,straight_line,19
1b5b5aaddb,009,0,71,SAIOLDN,SAIOPPN,612.3522036104387,107.0,straight_line,19
1b5b5aaddb,009,0,72,SAIOPPN,SAI4THN,360.8566201797348,34.0,straight_line,19
1b5b5aaddb,009,0,73,SAI4THN,5THSAIE,188.91812335845034,24.0,straight_line,19
1b5b5aaddb,009,0,74,5THSAIE,5TH20TE,618.6723790727006,58.0,straight_line,19
1b5b5aaddb,009,0,75,5TH20TE,5TH23RE,334.2942608309316,31.0,straight_line,19
1b5b5aaddb,009,0,76,5TH23RE,5THBASE,420.62653170947846,39.0,straight_line,19
1b5b5aaddb,009,0,77,5THBASE,5THTAYE,197.90463109883672,18.0,straight_line,19
1b5b5aaddb,009,0,78,5THTAYE,5THLEONE,361.4933702200449,36.0,straight_line,19
1b5b5aaddb,009,0,79,5THLEONE,BRELEON,651.3794501184651,84.0,straight_line,19
1b5b5aaddb,009,0,80,BRELEON,BREWOON,396.43787488886375,49.0,straight_line,19
1b5b5aaddb,009,0,81,BREWOON,BRE1257N,242.49963001846706,30.0,straight_line,19
1b5b5aaddb,009,0,82,BRE1257N,BRELISN,263.117499340217,33.0,straight_line,19
1b5b5aaddb,009,0,83,BRELISN,BREHOLN,387.57578094270986,48.0,straight_line,19
1b5b5aaddb,009,0,84,BREHOLN,BREARGN,452.28518330486617,59.0,straight_line,19
1b5b5aaddb,009,0,85,BREARGN,BREMIDN,243.896973374527,30.0,straight_line,19
1b5b5aaddb,009,0,86,BREMIDN,BREDELN,464.6432399105894,58.0,straight_line,19
1b5b5aaddb,009,0,87,BREDELN,BREDAWN,197.42565586867278,29.0,straight_line,19
1b5b5aaddb,009,0,88,BREDAWN,BREMARN,282.82469285866915,31.0,straight_line,19
1b5b5aaddb,009,0,89,BREMARN,MYRBREW,192.7979405633961,23.0,straight_line,19
1b5b5aaddb,009,0,90,MYRBREW,MYRWOOW,195.49289197243087,20.0,straight_line,19
1b5b5aaddb,009,0,91,MYRWOOW,EARPERW,184.70474731587353,26.0,straight_line,19
1b5b5aaddb,009,0,92,EARPERW,PERABEN,313.453125772613,35.0,straight_line,19
1b5b5aaddb,009,0,93,PERABEN,PERDENN,185.78825078029112,20.0,straight_line,19
1b5b5aaddb,009,0,94,PERDENN,PER272N,262.64132425372435,28.0,straight_line,19
1b5b5aaddb,009,0,95,PER272N,PERAGLN,247.3432996459151,26.0,straight_line,19
1b5b5aaddb,009,0,96,PERAGLN,AGLWOOE,143.53291037938624,21.0,straight_line,19
1b5b5aaddb,009,0,97,AGLWOOE,AGLBRIE,442.69826325512685,47.0,straight_line,19
1b5b5aaddb,009,0,98,AGLBRIE,AGLCLUE,415.7686220912365,44.0,straight_line,19
1b5b5aaddb,009,0,99,AGLCLUE,SUNCASN,595.691759157355,66.0,straight_line,19
1b5b5aaddb,009,0,100,SUNCASN,SUNMCUN,789.6761125361134,93.0,straight_line,19
1b5b5aaddb,009,0,101,SUNMCUN,SUNPATN,926.3551817087263,108.0,straight_line,19
1b5b5aaddb,009,0,102,SUNPATN,EASSUNE,808.8548331003373,103.0,straight_line,19
1b5b5aaddb,009,0,103,EASSUNE,EASMORE,805.1383217360998,92.0,straight_line,19
1b5b5aaddb,009,0,104,EASMORE,EASEASPE,298.4900768869669,34.0,straight_line,19
1b5b5aaddb,009,0,105,EASEASPE,EASCHAE,239.16461971655528,27.0,straight_line,19
1b5b5aaddb,009,0,106,EASCHAE,STECOLN,586.6410851677321,91.0,straight_line,19
1b5b5aaddb,009,0,107,STECOLN,STEWORN,350.47466587829314,41.0,straight_line,19
1b5b5aaddb,009,0,108,STEWORN,STEMORN1,355.69257897205944,42.0,straight_line,19
1b5b5aaddb,009,0,109,STEMORN1,STE418N,135.79176818496163,15.0,straight_line,19
1b5b5aaddb,009,0,110,STE418N,EASTER8,148.56975502858964,47.0,straight_line,19
48eca21c4b,009,1,0,EASTER8,STELSAMS,171.2813840520312,68.0,straight_line,19
48eca21c4b,009,1,1,STELSAMS,STEMORS1,298.083975338958,37.0,straight_line,19
48eca21c4b,009,1,2,STEMORS1,STEWORS,322.99883866566626,40.0,straight_line,19
48eca21c4b,009,1,3,STEWORS,STEALSS,160.84025967195603,20.0,straight_line,19
48eca21c4b,009,1,4,STEALSS,EASEASW,520.0131902680868,83.0,straight_line,19
48eca21c4b,009,1,5,EASEASW,EASEASPW,418.70593504274115,51.0,straight_line,19
48eca21c4b,009,1,6,EASEASPW,EASMORW,428.1296376530579,52.0,straight_line,19
48eca21c4b,009,1,7,EASMORW,EASSUNW,591.5637157507437,73.0,straight_line,19
48eca21c4b,009,1,8,EASSUNW,SUNPATS,856.7372805986682,119.0,straight_line,19
48eca21c4b,009,1,9,SUNPATS,SUNINNS,883.3402854810669,117.0,straight_line,19
48eca21c4b,009,1,10,SUNINNS,SUNAGLS,820.6660105304429,100.0,straight_line,19
48eca21c4b,009,1,11,SUNAGLS,AGLCLUW,517.3040236701727,65.0,straight_line,19
48eca21c4b,009,1,12,AGLCLUW,AGLBRIWW,451.5635726729763,54.0,straight_line,19
48eca21c4b,009,1,13,AGLBRIWW,AGLWOOW,421.1196624464339,50.0,straight_line,19
48eca21c4b,009,1,14,AGLWOOW,PERAGLS,187.28865229337623,24.0,straight_line,19
48eca21c4b,009,1,15,PERAGLS,PER271S,271.1473122767786,33.0,straight_line,19
48eca21c4b,009,1,16,PER271S,PERDENS,221.93967023330785,26.0,straight_line,19
48eca21c4b,009,1,17,PERDENS,PERMINS,305.2656372802785,37.0,straight_line,19
48eca21c4b,009,1,18,PERMINS,EARPERE,256.01756871669755,34.0,straight_line,19
48eca21c4b,009,1,19,EARPERE,MYRWOOE,161.59898144574225,26.0,straight_line,19
48eca21c4b,009,1,20,MYRWOOE,BREMYRS,218.94127280215747,30.0,straight_line,19
48eca21c4b,009,1,21,BREMYRS,BREMARS,209.71587282737627,25.0,straight_line,19
48eca21c4b,009,1,22,BREMARS,BREMOCS,252.42398301521715,36.0,straight_line,19
48eca21c4b,009,1,23,BREMOCS,BREDELS,231.81595508626592,32.0,straight_line,19
48eca21c4b,009,1,24,BREDELS,BREMIDS,366.6060925486034,50.0,straight_line,19
48eca21c4b,009,1,25,BREMIDS,BREARGS,284.9763931652349,39.0,straight_line,19
48eca21c4b,009,1,26,BREARGS,BREHOLS,419.6111919619297,59.0,straight_line,19
48eca21c4b,009,1,27,BREHOLS,BREORIS,286.7540526614047,39.0,straight_line,19
48eca21c4b,009,1,28,BREORIS,BRE125S,405.53097323961276,55.0,straight_line,19
48eca21c4b,009,1,29,BRE125S,BREWOOS,220.14194195815938,30.0,straight_line,19
48eca21c4b,009,1,30,BREWOOS,BRELEOS,449.6218061862248,61.0,straight_line,19
48eca21c4b,009,1,31,BRELEOS,5THPKWW,752.4493034472004,115.0,straight_line,19
48eca21c4b,009,1,32,5THPKWW,5THTAYW,147.03945646573624,15.0,straight_line,19
48eca21c4b,009,1,33,5THTAYW,5THBASW,283.0665280263177,28.0,straight_line,19
48eca21c4b,009,1,34,5THBASW,5THJOYW,357.65991912770653,36.0,straight_line,19
48eca21c4b,009,1,35,5THJOYW,5TH20TW,429.483554946838,43.0,straight_line,19
48eca21c4b,009,1,36,5TH20TW,SAIGIBS,651.833390595119,82.0,straight_line,19
48eca21c4b,009,1,37,SAIGIBS,SAI2NDS,310.2088543811654,36.0,straight_line,19
48eca21c4b,009,1,38,SAI2NDS,SAIOLDS,733.5150465397875,133.0,straight_line,19
48eca21c4b,009,1,39,SAIOLDS,SAIBUCS,254.17962067937557,46.0,straight_line,19
48eca21c4b,009,1,40,SAIBUCS,SPRHAMW,457.794358769656,101.0,straight_line,19
48eca21c4b,009,1,41,SPRHAMW,SPRMOUW,442.3682412723561,80.0,straight_line,19
48eca21c4b,009,1,42,SPRMOUW,SPRCLEW,235.59856859125537,66.0,straight_line,19
48eca21c4b,009,1,43,SPRCLEW,SPRGRAW,165.4855168630948,47.0,straight_line,19
48eca21c4b,009,1,44,SPRGRAW,SPRNEIW,208.63161317503528,58.0,straight_line,19
48eca21c4b,009,1,45,SPRNEIW,SPR4THW,263.1887109147321,75.0,straight_line,19
48eca21c4b,009,1,46,SPR4THW,SPRHIGW,295.47742412548655,83.0,straight_line,19
48eca21c4b,009,1,47,SPRHIGW,FROLONS,229.8440456953016,91.0,straight_line,19
48eca21c4b,009,1,48,FROLONS,FROBROS,384.6036873908584,240.0,straight_line,19
48eca21c4b,009,1,49,FROBROS,FROTOWS,318.1009566693305,54.0,straight_line,19
48eca21c4b,009,1,50,FROTOWS,MAILUDW,309.47876206832007,63.0,straight_line,19
48eca21c4b,009,1,51,MAILUDW,RICLUCW,749.9072921058936,129.0,straight_line,19
48eca21c4b,009,1,52,RICLUCW,RICMCDW,178.43169110987728,29.0,straight_line,19
48eca21c4b,009,1,53,RICMCDW,RICGRUW,284.13957431498085,47.0,straight_line,19
48eca21c4b,009,1,54,RICGRUW,TOWDAVW,455.9649911006904,98.0,straight_line,19
48eca21c4b,009,1,55,TOWDAVW,TOWHAWW,363.73046854571106,69.0,straight_line,19
48eca21c4b,009,1,56,TOWHAWW,TOWDAKW,199.70712599658737,38.0,straight_line,19
48eca21c4b,009,1,57,TOWDAKW,TOWYALW,312.0877317705525,59.0,straight_line,19
48eca21c4b,009,1,58,TOWYALW,TOWPRIW,236.8909593050578,45.0,straight_line,19
48eca21c4b,009,1,59,TOWPRIW,TOWBREW,203.56693502746296,38.0,straight_line,19
48eca21c4b,009,1,60,TOWBREW,CENRICS,172.4433602252576,42.0,straight_line,19
48eca21c4b,009,1,61,CENRICS,CENSULS,320.4226856696722,62.0,straight_line,19
48eca21c4b,009,1,62,CENSULS,CENUNIS,253.67044862532703,49.0,straight_line,19
48eca21c4b,009,1,63,CENUNIS,MOUCENWF,302.13269488827905,78.0,straight_line,19
48eca21c4b,009,1,64,MOUCENWF,MOURYAW,249.19065904308906,32.0,straight_line,19
48eca21c4b,009,1,65,MOURYAW,MOUTOWW,332.08427352201863,43.0,straight_line,19
48eca21c4b,009,1,66,MOUTOWW,MOUWOOW,210.5291369845504,27.0,straight_line,19
48eca21c4b,009,1,67,MOUWOOW,MOUHILW,349.9106355597174,45.0,straight_line,19
48eca21c4b,009,1,68,MOUHILW,MOUBELW,196.0128377832831,25.0,straight_line,19
48eca21c4b,009,1,69,MOUBELW,MOUCLAW,347.58777891443543,45.0,straight_line,19
48eca21c4b,009,1,70,MOUCLAW,MOUHIGW2,220.69513555836892,28.0,straight_line,19
48eca21c4b,009,1,71,MOUHIGW2,MOUWAYW,392.8363081685784,55.0,straight_line,19
48eca21c4b,009,1,72,MOUWAYW,MOURICW,341.0609968718745,44.0,straight_line,19
48eca21c4b,009,1,73,MOURICW,MOUWARW,345.1326347747088,44.0,straight_line,19
48eca21c4b,009,1,74,MOUWARW,HAGMOUS,257.93161506553196,37.0,straight_line,19
48eca21c4b,009,1,75,HAGMOUS,HAGVANS,338.48444051430783,44.0,straight_line,19
48eca21c4b,009,1,76,HAGVANS,HAGROSS,273.1949775910154,35.0,straight_line,19
48eca21c4b,009,1,77,HAGROSS,HAGBRIS,364.08627793444634,47.0,straight_line,19
48eca21c4b,009,1,78,HAGBRIS,BRIBINW,417.1711200873037,57.0,straight_line,19
48eca21c4b,009,1,79,BRIBINW,BRIBRIW,406.93936340147906,52.0,straight_line,19
48eca21c4b,009,1,80,BRIBRIW,DEMBRIS1,385.9245609054832,60.0,straight_line,19
48eca21c4b,009,1,81,DEMBRIS1,DEMCLIS,565.0079852750586,46.0,straight_line,19
48eca21c4b,009,1,82,DEMCLIS,CLIMCCW,351.5306070333066,36.0,straight_line,19
48eca21c4b,009,1,83,CLIMCCW,CLIWEDW,256.80463997422885,20.0,straight_line,19
48eca21c4b,009,1,84,CLIWEDW,CLIHOLW,485.3929471432648,39.0,straight_line,19
48eca21c4b,009,1,85,CLIHOLW,CLISAVW,348.2330448229884,28.0,straight_line,19
48eca21c4b,009,1,86,CLISAVW,CLIBIGW,349.92991756713667,28.0,straight_line,19
48eca21c4b,009,1,87,CLIBIGW,GEOCLIS,433.11685975306364,43.0,straight_line,19
48eca21c4b,009,1,88,GEOCLIS,GEOHALS,341.5766266319365,52.0,straight_line,19
48eca21c4b,009,1,89,GEOHALS,GEOPARS,230.89879877267154,35.0,straight_line,19
48eca21c4b,009,1,90,GEOPARS,GEOWALW,194.97933050368556,63.0,straight_line,19
48eca21c4b,009,1,91,GEOWALW,143GEOW,1084.7172490391742,262.0,straight_line,19
48eca21c4b,009,1,92,143GEOW,GEOBOLW,221.38204252945044,34.0,straight_line,19
48eca21c4b,009,1,93,GEOBOLW,GEOKRIW,542.8163589242054,94.0,straight_line,19
48eca21c4b,009,1,94,GEOKRIW,GEOLONW,342.89900585883976,40.0,straight_line,19
48eca21c4b,009,1,95,GEOLONW,GEONORW,439.21692737704717,53.0,straight_line,19
48eca21c4b,009,1,96,GEONORW,NORBRON1,468.45273789995974,59.0,straight_line,19
48eca21c4b,009,1,97,NORBRON1,NORKENN,283.11396608039405,33.0,straight_line,19
48eca21c4b,009,1,98,NORKENN,NORAPPN,558.2921987624701,65.0,straight_line,19
48eca21c4b,009,1,99,NORAPPN,NORLINN,196.32101159035938,23.0,straight_line,19
48eca21c4b,009,1,100,NORLINN,NORHALN,218.7869783460768,27.0,straight_line,19
48eca21c4b,009,1,101,NORHALN,NORWESN,350.43596858574125,40.0,straight_line,19
48eca21c4b,009,1,102,NORWESN,NORWESN1,358.66831545877517,40.0,straight_line,19
48eca21c4b,009,1,103,NORWESN1,NORBRAN,354.9164599773906,40.0,straight_line,19
48eca21c4b,009,1,104,NORBRAN,NORSULN,373.95157909350644,42.0,straight_line,19
48eca21c4b,009,1,105,NORSULN,NOROWEN,334.89848588433017,38.0,straight_line,19
48eca21c4b,009,1,106,NOROWEN,NORPALN,400.8181141480199,45.0,straight_line,19
48eca21c4b,009,1,107,NORPALN,BROBUEW,239.53948650863995,38.0,straight_line,19
48eca21c4b,009,1,108,BROBUEW,WESRIDW,585.0461165944008,77.0,straight_line,19
699d0880db,010,0,0,WESRIDW,BROWESWE,202.8600921605945,49.0,straight_line,33
699d0880db,010,0,1,BROWESWE,BRONORE,532.9200735415491,87.0,straight_line,33
699d0880db,010,0,2,BRONORE,BROGLAE,334.26929948936265,54.0,straight_line,33
699d0880db,010,0,3,BROGLAE,BRO476E,654.3286645097425,108.0,straight_line,33
699d0880db,010,0,4,BRO476E,BROOLDE,292.7626192197426,48.0,straight_line,33
699d0880db,010,0,5,BROOLDE,BROWESTE,789.0948372936626,134.0,straight_line,33
699d0880db,010,0,6,BROWESTE,BROGEOE,460.97873779890756,72.0,straight_line,33
699d0880db,010,0,7,BROGEOE,BRO386E,852.947739107793,134.0,straight_line,33
699d0880db,010,0,8,BRO386E,BROBROLE,162.5007676832947,25.0,straight_line,33
699d0880db,010,0,9,BROBROLE,BROWILRE,294.1397038683171,46.0,straight_line,33
699d0880db,010,0,10,BROWILRE,BROSOUTE,521.3341621805721,83.0,straight_line,33
699d0880db,010,0,11,BROSOUTE,BROALGE,229.99345574186006,35.0,straight_line,33
699d0880db,010,0,12,BROALGE,BROWESGE,239.95707259608173,36.0,straight_line,33
699d0880db,010,0,13,BROWESGE,BROROYE,393.5427143729598,59.0,straight_line,33
699d0880db,010,0,14,BROROYE,BROHAGE,313.51742594148976,50.0,straight_line,33
699d0880db,010,0,15,BROHAGE,BROWARE,253.30288889977237,43.0,straight_line,33
699d0880db,010,0,16,BROWARE,BROBURE,216.06936186742712,37.0,straight_line,33
699d0880db,010,0,17,BROBURE,BROWAYE,390.87740261882425,67.0,straight_line,33
699d0880db,010,0,18,BROWAYE,BROHIGE,305.14563954065636,52.0,straight_line,33
699d0880db,010,0,19,BROHIGE,BROWHIE,317.24386523970276,54.0,straight_line,33
699d0880db,010,0,20,BROWHIE,BROLECE,330.28748070006435,57.0,straight_line,33
699d0880db,010,0,21,BROLECE,BROENTE,478.10058503623804,82.0,straight_line,33
699d0880db,010,0,22,BROENTE,BROSTEE,536.0617091416251,92.0,straight_line,33
699d0880db,010,0,23,BROSTEE,BROCENE,312.3521758632778,56.0,straight_line,33
699d0880db,010,0,24,BROCENE,BROWESPE,413.6842706666328,67.0,straight_line,33
699d0880db,010,0,25,BROWESPE,BROGLEE,285.7075757597365,46.0,straight_line,33
699d0880db,010,0,26,BROGLEE,BROHAWE,362.5020665317598,59.0,straight_line,33
699d0880db,010,0,27,BROHAWE,BRODAVE,398.9800461506025,68.0,straight_line,33
699d0880db,010,0,28,BRODAVE,BROSKIE,346.11635131896287,52.0,straight_line,33
699d0880db,010,0,29,BROSKIE,BROMAYE,211.60734765780748,32.0,straight_line,33
699d0880db,010,0,30,BROMAYE,BROBELE,520.366564158417,79.0,straight_line,33
699d0880db,010,0,31,BROBELE,BROFROE,494.84327196696535,77.0,straight_line,33
699d0880db,010,0,32,BROFROE,BROHIGE1,213.0646638396674,60.0,straight_line,33
699d0880db,010,0,33,BROHIGE1,BRO3RDE,234.53707683237306,86.0,straight_line,33
699d0880db,010,0,34,BRO3RDE,BRO4THE,88.93520527352904,34.0,straight_line,33
699d0880db,010,0,35,BRO4THE,BRO5THE,169.66467048614558,31.0,straight_line,33
699d0880db,010,0,36,BRO5THE,BROGRAE,268.3444717183264,49.0,straight_line,33
699d0880db,010,0,37,BROGRAE,BROWASAE,342.5804891877301,64.0,straight_line,33
699d0880db,010,0,38,BROWASAE,BROJEFE,221.4003542118783,41.0,straight_line,33
699d0880db,010,0,39,BROJEFE,BROPARSE,332.1046479664169,61.0,straight_line,33
699d0880db,010,0,40,BROPARSE,BRODOUE,268.130728375401,50.0,straight_line,33
699d0880db,010,0,41,BRODOUE,BROHOFE,340.69542756011134,63.0,straight_line,33
699d0880db,010,0,42,BROHOFE,BROOHIE,305.93802012377296,61.0,straight_line,33
699d0880db,010,0,43,BROOHIE,BROCHAE,118.18161302917409,19.0,straight_line,33
699d0880db,010,0,44,BROCHAE,BROWILAE,289.4747447941043,47.0,straight_line,33
699d0880db,010,0,45,BROWILAE,BROLATE,243.9458198274597,39.0,straight_line,33
699d0880db,010,0,46,BROLATE,BROFRA1E,235.65130025201424,38.0,straight_line,33
699d0880db,010,0,47,BROFRA1E,BROWOOE,196.9181249057626,32.0,straight_line,33
699d0880db,010,0,48,BROWOOE,BROFRA2E,292.16201015731843,47.0,straight_line,33
699d0880db,010,0,49,BROFRA2E,BROMONE,222.86387494920808,36.0,straight_line,33
699d0880db,010,0,50,BROMONE,BRONELE,242.26022262303385,42.0,straight_line,33
699d0880db,010,0,51,BRONELE,BROPARE,344.7165723186791,45.0,straight_line,33
699d0880db,010,0,52,BROPARE,BROPARKE,354.7231634246491,46.0,straight_line,33
699d0880db,010,0,53,BROPARKE,BRODREE,414.8315561993251,54.0,straight_line,33
699d0880db,010,0,54,BRODREE,BROCASAE,330.8320517596006,43.0,straight_line,33
699d0880db,010,0,55,BROCASAE,BROCASIE,209.48713939012097,27.0,straight_line,33
699d0880db,010,0,56,BROCASIE,BROSTANE,226.63191650013707,30.0,straight_line,33
699d0880db,010,0,57,BROSTANE,BROMERE,268.27544678668363,35.0,straight_line,33
699d0880db,010,0,58,BROMERE,BROBRODE,170.02921833025098,22.0,straight_line,33
699d0880db,010,0,59,BROBRODE,BROHARDE,278.09659390618947,36.0,straight_line,33
699d0880db,010,0,60,BROHARDE,BROKELE,318.7713079393709,42.0,straight_line,33
699d0880db,010,0,61,BROKELE,BROJAME,256.518212109386,40.0,straight_line,33
699d0880db,010,0,62,BROJAME,BROHAMPE,224.34778137550555,57.0,straight_line,33
699d0880db,010,0,63,BROHAMPE,BRONAPE,324.3646479602059,82.0,straight_line,33
699d0880db,010,0,64,BRONAPE,BRO367E,177.7167042117601,45.0,straight_line,33
699d0880db,010,0,65,BRO367E,BROMAPE,120.5137626250207,43.0,straight_line,33
699d0880db,010,0,66,BROMAPE,BROCOLE,277.46727096598846,58.0,straight_line,33
699d0880db,010,0,67,BROCOLE,BROROBE,270.1574821371935,68.0,straight_line,33
699d0880db,010,0,68,BROROBE,BROBEETE,125.88718646649009,32.0,straight_line,33
699d0880db,010,0,69,BROBEETE,BROBEEWE,258.16195830458764,65.0,straight_line,33
699d0880db,010,0,70,BROBEEWE,BRO4251E,318.22062839182377,81.0,straight_line,33
699d0880db,010,0,71,BRO4251E,BROYEAE,260.96785417735333,69.0,straight_line,33
699d0880db,010,0,72,BROYEAE,BROSANE,223.9424629561725,44.0,straight_line,33
699d0880db,010,0,73,BROSANE,BROHOLE,284.7916586495522,56.0,straight_line,33
699d0880db,010,0,74,BROHOLE,BROHAMIE,404.1195904138582,80.0,straight_line,33
699d0880db,010,0,75,BROHAMIE,BROCARE,1212.4264075351311,121.0,straight_line,33
699d0880db,010,0,76,BROCARE,BROMTCS,1304.2543496752955,179.0,straight_line,33
fb8cd8123b,010,0,0,WESRIDW,BROWESWE,202.8600921605945,49.0,straight_line,32
fb8cd8123b,010,0,1,BROWESWE,BRONORE,532.9200735415491,87.0,straight_line,32
fb8cd8123b,010,0,2,BRONORE,BROGLAE,334.26929948936265,54.0,straight_line,32
fb8cd8123b,010,0,3,BROGLAE,BRO476E,654.3286645097425,108.0,straight_line,32
fb8cd8123b,010,0,4,BRO476E,BROOLDE,292.7626192197426,48.0,straight_line,32
fb8cd8123b,010,0,5,BROOLDE,BROWESTE,789.0948372936626,134.0,straight_line,32
fb8cd8123b,010,0,6,BROWESTE,BROGEOE,460.97873779890756,72.0,straight_line,32
fb8cd8123b,010,0,7,BROGEOE,BRO386E,852.947739107793,134.0,straight_line,32
fb8cd8123b,010,0,8,BRO386E,BROBROLE,162.5007676832947,25.0,straight_line,32
fb8cd8123b,010,0,9,BROBROLE,BROWILRE,294.1397038683171,46.0,straight_line,32
fb8cd8123b,010,0,10,BROWILRE,BROSOUTE,521.3341621805721,83.0,straight_line,32
fb8cd8123b,010,0,11,BROSOUTE,BROALGE,229.99345574186006,35.0,straight_line,32
fb8cd8123b,010,0,12,BROALGE,BROWESGE,239.95707259608173,36.0,straight_line,32
fb8cd8123b,010,0,13,BROWESGE,BROROYE,393.5427143729598,59.0,straight_line,32
fb8cd8123b,010,0,14,BROROYE,BROHAGE,313.51742594148976,50.0,straight_line,32
fb8cd8123b,010,0,15,BROHAGE,BROWARE,253.30288889977237,43.0,straight_line,32
fb8cd8123b,010,0,16,BROWARE,BROBURE,216.06936186742712,37.0,straight_line,32
fb8cd8123b,010,0,17,BROBURE,BROWAYE,390.87740261882425,67.0,straight_line,32
fb8cd8123b,010,0,18,BROWAYE,BROHIGE,305.14563954065636,52.0,straight_line,32
fb8cd8123b,010,0,19,BROHIGE,BROWHIE,317.24386523970276,54.0,straight_line,32
fb8cd8123b,010,0,20,BROWHIE,BROLECE,330.28748070006435,57.0,straight_line,32
fb8cd8123b,010,0,21,BROLECE,BROENTE,478.10058503623804,82.0,straight_line,32
fb8cd8123b,010,0,22,BROENTE,BROSTEE,536.0617091416251,92.0,straight_line,32
fb8cd8123b,010,0,23,BROSTEE,BROCENE,312.3521758632778,56.0,straight_line,32
fb8cd8123b,010,0,24,BROCENE,BROWESPE,413.6842706666328,67.0,straight_line,32
fb8cd8123b,010,0,25,BROWESPE,BROGLEE,285.7075757597365,46.0,straight_line,32
fb8cd8123b,010,0,26,BROGLEE,BROHAWE,362.5020665317598,59.0,straight_line,32
fb8cd8123b,010,0,27,BROHAWE,BRODAVE,398.9800461506025,68.0,straight_line,32
fb8cd8123b,010,0,28,BRODAVE,BROSKIE,346.11635131896287,52.0,straight_line,32
fb8cd8123b,010,0,29,BROSKIE,BROMAYE,211.60734765780748,32.0,straight_line,32
fb8cd8123b,010,0,30,BROMAYE,BROBELE,520.366564158417,79.0,straight_line,32
fb8cd8123b,010,0,31,BROBELE,BROFROE,494.84327196696535,77.0,straight_line,32
fb8cd8123b,010,0,32,BROFROE,BROHIGE1,213.0646638396674,60.0,straight_line,32
fb8cd8123b,010,0,33,BROHIGE1,BRO3RDE,234.53707683237306,86.0,straight_line,32
fb8cd8123b,010,0,34,BRO3RDE,BRO4THE,88.93520527352904,34.0,straight_line,32
fb8cd8123b,010,0,35,BRO4THE,BRO5THE,169.66467048614558,31.0,straight_line,32
fb8cd8123b,010,0,36,BRO5THE,BROGRAE,268.3444717183264,49.0,straight_line,32
fb8cd8123b,010,0,37,BROGRAE,BROWASAE,342.5804891877301,64.0,straight_line,32
fb8cd8123b,010,0,38,BROWASAE,BROJEFE,221.4003542118783,41.0,straight_line,32
fb8cd8123b,010,0,39,BROJEFE,BROPARSE,332.1046479664169,61.0,straight_line,32
fb8cd8123b,010,0,40,BROPARSE,BRODOUE,268.130728375401,50.0,straight_line,32
fb8cd8123b,010,0,41,BRODOUE,BROHOFE,340.69542756011134,63.0,straight_line,32
fb8cd8123b,010,0,42,BROHOFE,BROOHIE,305.93802012377296,61.0,straight_line,32
fb8cd8123b,010,0,43,BROOHIE,BROCHAE,118.18161302917409,19.0,straight_line,32
fb8cd8123b,010,0,44,BROCHAE,BROWILAE,289.4747447941043,47.0,straight_line,32
fb8cd8123b,010,0,45,BROWILAE,BROLATE,243.9458198274597,39.0,straight_line,32
fb8cd8123b,010,0,46,BROLATE,BROFRA1E,235.65130025201424,38.0,straight_line,32
fb8cd8123b,010,0,47,BROFRA1E,BROWOOE,196.9181249057626,32.0,straight_line,32
fb8cd8123b,010,0,48,BROWOOE,BROFRA2E,292.16201015731843,47.0,straight_line,32
fb8cd8123b,010,0,49,BROFRA2E,BROMONE,222.86387494920808,36.0,straight_line,32
fb8cd8123b,010,0,50,BROMONE,BRONELE,242.26022262303385,42.0,straight_line,32
fb8cd8123b,010,0,51,BRONELE,BROPARE,344.7165723186791,45.0,straight_line,32
fb8cd8123b,010,0,52,BROPARE,BROPARKE,354.7231634246491,46.0,straight_line,32
fb8cd8123b,010,0,53,BROPARKE,BRODREE,414.8315561993251,54.0,straight_line,32
fb8cd8123b,010,0,54,BRODREE,BROCASAE,330.8320517596006,43.0,straight_line,32
fb8cd8123b,010,0,55,BROCASAE,BROCASIE,209.48713939012097,27.0,straight_line,32
fb8cd8123b,010,0,56,BROCASIE,BROSTANE,226.63191650013707,30.0,straight_line,32
fb8cd8123b,010,0,57,BROSTANE,BROMERE,268.27544678668363,35.0,straight_line,32
fb8cd8123b,010,0,58,BROMERE,BROBRODE,170.02921833025098,22.0,straight_line,32
fb8cd8123b,010,0,59,BROBRODE,BROHARDE,278.09659390618947,36.0,straight_line,32
fb8cd8123b,010,0,60,BROHARDE,BROKELE,318.7713079393709,42.0,straight_line,32
fb8cd8123b,010,0,61,BROKELE,BROJAME,256.518212109386,40.0,straight_line,32
fb8cd8123b,010,0,62,BROJAME,BROHAMPE,224.34778137550555,57.0,straight_line,32
fb8cd8123b,010,0,63,BROHAMPE,BRONAPE,324.3646479602059,82.0,straight_line,32
fb8cd8123b,010,0,64,BRONAPE,BRO367E,177.7167042117601,45.0,straight_line,32
fb8cd8123b,010,0,65,BRO367E,BROMAPE,120.5137626250207,43.0,straight_line,32
fb8cd8123b,010,0,66,BROMAPE,BROCOLE,277.46727096598846,58.0,straight_line,32
fb8cd8123b,010,0,67,BROCOLE,BROROBE,270.1574821371935,68.0,straight_line,32
fb8cd8123b,010,0,68,BROROBE,BROBEETE,125.88718646649009,32.0,straight_line,32
fb8cd8123b,010,0,69,BROBEETE,BROBEEWE,258.16195830458764,65.0,straight_line,32
fb8cd8123b,010,0,70,BROBEEWE,BRO4251E,318.22062839182377,81.0,straight_line,32
fb8cd8123b,010,0,71,BRO4251E,BROYEAE,260.96785417735333,69.0,straight_line,32
fb8cd8123b,010,0,72,BROYEAE,BROSANE,223.9424629561725,44.0,straight_line,32
fb8cd8123b,010,0,73,BROSANE,BROHOLE,284.7916586495522,56.0,straight_line,32
fb8cd8123b,010,0,74,BROHOLE,BROHAMIE,404.1195904138582,80.0,straight_line,32
fb8cd8123b,010,0,75,BROHAMIE,BROCARE,1212.4264075351311,107.0,straight_line,32
fb8cd8123b,010,0,76,BROCARE,BROTAYE,1495.3023320936627,133.0,straight_line,32
fb8cd8123b,010,0,77,BROTAYE,BROMCNE,709.9347065181084,99.0,straight_line,32
fb8cd8123b,010,0,78,BROMCNE,BROOUTE,336.40133953366,47.0,straight_line,32
fb8cd8123b,010,0,79,BROOUTE,BROBRICE,381.43088262671125,53.0,straight_line,32
fb8cd8123b,010,0,80,BROBRICE,BROBROAE,567.1759554953188,79.0,straight_line,32
fb8cd8123b,010,0,81,BROBROAE,BROBLAE,236.49446614535248,32.0,straight_line,32
fb8cd8123b,010,0,82,BROBLAE,BROLANE1,341.01735815648516,50.0,straight_line,32
fb8cd8123b,010,0,83,BROLANE1,BROREN,625.5049484650967,58.0,straight_line,32
fb8cd8123b,010,0,84,BROREN,BROSCEIE,487.676027859922,45.0,straight_line,32
fb8cd8123b,010,0,85,BROSCEIE,BROWAGE,843.4715592132675,79.0,straight_line,32
fb8cd8123b,010,0,86,BROWAGE,BROMIEE,406.19757277890346,38.0,straight_line,32
fb8cd8123b,010,0,87,BROMIEE,EBROCEDE,409.87820335954035,38.0,straight_line,32
fb8cd8123b,010,0,88,EBROCEDE,BROLIME,281.5364669264264,26.0,straight_line,32
fb8cd8123b,010,0,89,BROLIME,BROLTDE,547.8964765885374,76.0,straight_line,32
a02223346e,010,0,0,WESRIDW,BROWESWE,202.8600921605945,49.0,straight_line,3
a02223346e,010,0,1,BROWESWE,BRONORE,532.9200735415491,87.0,straight_line,3
a02223346e,010,0,2,BRONORE,BROGLAE,334.26929948936265,54.0,straight_line,3
a02223346e,010,0,3,BROGLAE,BRO476E,654.3286645097425,108.0,straight_line,3
a02223346e,010,0,4,BRO476E,BROOLDE,292.7626192197426,48.0,straight_line,3
a02223346e,010,0,5,BROOLDE,BROWESTE,789.0948372936626,134.0,straight_line,3
a02223346e,010,0,6,BROWESTE,BROGEOE,460.97873779890756,72.0,straight_line,3
a02223346e,010,0,7,BROGEOE,BRO386E,852.947739107793,134.0,straight_line,3
a02223346e,010,0,8,BRO386E,BROBROLE,162.5007676832947,25.0,straight_line,3
a02223346e,010,0,9,BROBROLE,BROWILRE,294.1397038683171,46.0,straight_line,3
a02223346e,010,0,10,BROWILRE,BROSOUTE,521.3341621805721,83.0,straight_line,3
a02223346e,010,0,11,BROSOUTE,BROALGE,229.99345574186006,35.0,straight_line,3
a02223346e,010,0,12,BROALGE,BROWESGE,239.95707259608173,36.0,straight_line,3
a02223346e,010,0,13,BROWESGE,BROROYE,393.5427143729598,59.0,straight_line,3
a02223346e,010,0,14,BROROYE,BROHAGE,313.51742594148976,50.0,straight_line,3
a02223346e,010,0,15,BROHAGE,BROWARE,253.30288889977237,38.0,straight_line,3
a02223346e,010,0,16,BROWARE,BROBURE,216.06936186742712,33.0,straight_line,3
a02223346e,010,0,17,BROBURE,BROWAYE,390.87740261882425,59.0,straight_line,3
a02223346e,010,0,18,BROWAYE,BROHIGE,305.14563954065636,46.0,straight_line,3
a02223346e,010,0,19,BROHIGE,BROWHIE,317.24386523970276,48.0,straight_line,3
a02223346e,010,0,20,BROWHIE,BROLECE,330.28748070006435,50.0,straight_line,3
a02223346e,010,0,21,BROLECE,BROENTE,478.10058503623804,72.0,straight_line,3
a02223346e,010,0,22,BROENTE,BROSTEE,536.0617091416251,81.0,straight_line,3
a02223346e,010,0,23,BROSTEE,BROCENE,312.3521758632778,53.0,straight_line,3
a02223346e,010,0,24,BROCENE,BROWESPE,413.6842706666328,50.0,straight_line,3
a02223346e,010,0,25,BROWESPE,BROGLEE,285.7075757597365,35.0,straight_line,3
a02223346e,010,0,26,BROGLEE,BROHAWE,362.5020665317598,44.0,straight_line,3
a02223346e,010,0,27,BROHAWE,BRODAVE,398.9800461506025,51.0,straight_line,3
a02223346e,010,0,28,BRODAVE,BROSKIE,346.11635131896287,39.0,straight_line,3
a02223346e,010,0,29,BROSKIE,BROMAYE,211.60734765780748,24.0,straight_line,3
a02223346e,010,0,30,BROMAYE,BROBELE,520.366564158417,59.0,straight_line,3
a02223346e,010,0,31,BROBELE,BROFROE,494.84327196696535,58.0,straight_line,3
a02223346e,010,0,32,BROFROE,HIGLONN2,317.84808166127186,96.0,straight_line,3
a02223346e,010,0,33,HIGLONN2,NORTER4,188.4823764216836,84.0,straight_line,3
a02223346e,010,0,34,NORTER4,BROHIGE1,432.33270759294874,180.0,straight_line,3
a02223346e,010,0,35,BROHIGE1,BRO3RDE,234.53707683237306,130.0,straight_line,3
a02223346e,010,0,36,BRO3RDE,BRO4THE,88.93520527352904,50.0,straight_line,3
a02223346e,010,0,37,BRO4THE,BRO5THE,169.66467048614558,27.0,straight_line,3
a02223346e,010,0,38,BRO5THE,BROGRAE,268.3444717183264,42.0,straight_line,3
a02223346e,010,0,39,BROGRAE,BROWASAE,342.5804891877301,54.0,straight_line,3
a02223346e,010,0,40,BROWASAE,BROJEFE,221.4003542118783,35.0,straight_line,3
a02223346e,010,0,41,BROJEFE,BROPARSE,332.1046479664169,53.0,straight_line,3
a02223346e,010,0,42,BROPARSE,BRODOUE,268.130728375401,43.0,straight_line,3
a02223346e,010,0,43,BRODOUE,BROHOFE,340.69542756011134,54.0,straight_line,3
a02223346e,010,0,44,BROHOFE,BROOHIE,305.93802012377296,52.0,straight_line,3
a02223346e,010,0,45,BROOHIE,BROCHAE,118.18161302917409,15.0,straight_line,3
a02223346e,010,0,46,BROCHAE,BROWILAE,289.4747447941043,37.0,straight_line,3
a02223346e,010,0,47,BROWILAE,BROLATE,243.9458198274597,31.0,straight_line,3
a02223346e,010,0,48,BROLATE,BROFRA1E,235.65130025201424,30.0,straight_line,3
a02223346e,010,0,49,BROFRA1E,BROWOOE,196.9181249057626,25.0,straight_line,3
a02223346e,010,0,50,BROWOOE,BROFRA2E,292.16201015731843,37.0,straight_line,3
a02223346e,010,0,51,BROFRA2E,BROMONE,222.86387494920808,29.0,straight_line,3
a02223346e,010,0,52,BROMONE,BRONELE,242.26022262303385,36.0,straight_line,3
a02223346e,010,0,53,BRONELE,BROPARE,344.7165723186791,39.0,straight_line,3
a02223346e,010,0,54,BROPARE,BROPARKE,354.7231634246491,40.0,straight_line,3
a02223346e,010,0,55,BROPARKE,BRODREE,414.8315561993251,46.0,straight_line,3
a02223346e,010,0,56,BRODREE,BROCASAE,330.8320517596006,37.0,straight_line,3
a02223346e,010,0,57,BROCASAE,BROCASIE,209.48713939012097,23.0,straight_line,3
a02223346e,010,0,58,BROCASIE,BROSTANE,226.63191650013707,25.0,straight_line,3
a02223346e,010,0,59,BROSTANE,BROMERE,268.27544678668363,30.0,straight_line,3
a02223346e,010,0,60,BROMERE,BROBRODE,170.02921833025098,19.0,straight_line,3
a02223346e,010,0,61,BROBRODE,BROHARDE,278.09659390618947,31.0,straight_line,3
a02223346e,010,0,62,BROHARDE,BROKELE,318.7713079393709,36.0,straight_line,3
a02223346e,010,0,63,BROKELE,BROJAME,256.518212109386,34.0,straight_line,3
a02223346e,010,0,64,BROJAME,BROHAMPE,224.34778137550555,39.0,straight_line,3
a02223346e,010,0,65,BROHAMPE,BRONAPE,324.3646479602059,57.0,straight_line,3
a02223346e,010,0,66,BRONAPE,BRO367E,177.7167042117601,31.0,straight_line,3
a02223346e,010,0,67,BRO367E,BROMAPE,120.5137626250207,30.0,straight_line,3
a02223346e,010,0,68,BROMAPE,BROCOLE,277.46727096598846,40.0,straight_line,3
a02223346e,010,0,69,BROCOLE,BROROBE,270.1574821371935,48.0,straight_line,3
a02223346e,010,0,70,BROROBE,BROBEETE,125.88718646649009,22.0,straight_line,3
a02223346e,010,0,71,BROBEETE,BROBEEWE,258.16195830458764,45.0,straight_line,3
a02223346e,010,0,72,BROBEEWE,BRO4251E,318.22062839182377,56.0,straight_line,3
a02223346e,010,0,73,BRO4251E,BROYEAE,260.96785417735333,52.0,straight_line,3
a02223346e,010,0,74,BROYEAE,BROSANE,223.9424629561725,44.0,straight_line,3
a02223346e,010,0,75,BROSANE,BROHOLE,284.7916586495522,56.0,straight_line,3
a02223346e,010,0,76,BROHOLE,BROHAMIE,404.1195904138582,80.0,straight_line,3
a02223346e,010,0,77,BROHAMIE,BROCARE,1212.4264075351311,107.0,straight_line,3
a02223346e,010,0,78,BROCARE,BROTAYE,1495.3023320936627,133.0,straight_line,3
a02223346e,010,0,79,BROTAYE,BROMCNE,709.9347065181084,82.0,straight_line,3
a02223346e,010,0,80,BROMCNE,BROOUTE,336.40133953366,39.0,straight_line,3
a02223346e,010,0,81,BROOUTE,BROBRICE,381.43088262671125,44.0,straight_line,3
a02223346e,010,0,82,BROBRICE,BROBROAE,567.1759554953188,66.0,straight_line,3
a02223346e,010,0,83,BROBROAE,BROBLAE,236.49446614535248,27.0,straight_line,3
a02223346e,010,0,84,BROBLAE,BROLANE1,341.01735815648516,42.0,straight_line,3
a02223346e,010,0,85,BROLANE1,BROREN,625.5049484650967,58.0,straight_line,3
a02223346e,010,0,86,BROREN,BROSCEIE,487.676027859922,45.0,straight_line,3
a02223346e,010,0,87,BROSCEIE,BROWAGE,843.4715592132675,79.0,straight_line,3
a02223346e,010,0,88,BROWAGE,BROMIEE,406.19757277890346,38.0,straight_line,3
a02223346e,010,0,89,BROMIEE,EBROCEDE,409.87820335954035,38.0,straight_line,3
a02223346e,010,0,90,EBROCEDE,BROLIME,281.5364669264264,26.0,straight_line,3
a02223346e,010,0,91,BROLIME,BROLTDE,547.8964765885374,76.0,straight_line,3
38e29e26d5,010,0,0,WESRIDW,BROWESWE,202.8600921605945,49.0,straight_line,4
38e29e26d5,010,0,1,BROWESWE,BRONORE,532.9200735415491,87.0,straight_line,4
38e29e26d5,010,0,2,BRONORE,BROGLAE,334.26929948936265,54.0,straight_line,4
38e29e26d5,010,0,3,BROGLAE,BRO476E,654.3286645097425,108.0,straight_line,4
38e29e26d5,010,0,4,BRO476E,BROOLDE,292.7626192197426,48.0,straight_line,4
38e29e26d5,010,0,5,BROOLDE,BROWESTE,789.0948372936626,134.0,straight_line,4
38e29e26d5,010,0,6,BROWESTE,BROGEOE,460.97873779890756,72.0,straight_line,4
38e29e26d5,010,0,7,BROGEOE,BRO386E,852.947739107793,134.0,straight_line,4
38e29e26d5,010,0,8,BRO386E,BROBROLE,162.5007676832947,25.0,straight_line,4
38e29e26d5,010,0,9,BROBROLE,BROWILRE,294.1397038683171,46.0,straight_line,4
38e29e26d5,010,0,10,BROWILRE,BROSOUTE,521.3341621805721,83.0,straight_line,4
38e29e26d5,010,0,11,BROSOUTE,BROALGE,229.99345574186006,35.0,straight_line,4
38e29e26d5,010,0,12,BROALGE,BROWESGE,239.95707259608173,36.0,straight_line,4
38e29e26d5,010,0,13,BROWESGE,BROROYE,393.5427143729598,59.0,straight_line,4
38e29e26d5,010,0,14,BROROYE,BROHAGE,313.51742594148976,50.0,straight_line,4
38e29e26d5,010,0,15,BROHAGE,BROWARE,253.30288889977237,40.5,straight_line,4
38e29e26d5,010,0,16,BROWARE,BROBURE,216.06936186742712,35.0,straight_line,4
38e29e26d5,010,0,17,BROBURE,BROWAYE,390.87740261882425,63.0,straight_line,4
38e29e26d5,010,0,18,BROWAYE,BROHIGE,305.14563954065636,49.0,straight_line,4
38e29e26d5,010,0,19,BROHIGE,BROWHIE,317.24386523970276,51.0,straight_line,4
38e29e26d5,010,0,20,BROWHIE,BROLECE,330.28748070006435,53.5,straight_line,4
38e29e26d5,010,0,21,BROLECE,BROENTE,478.10058503623804,77.0,straight_line,4
38e29e26d5,010,0,22,BROENTE,BROSTEE,536.0617091416251,86.5,straight_line,4
38e29e26d5,010,0,23,BROSTEE,BROCENE,312.3521758632778,54.5,straight_line,4
38e29e26d5,010,0,24,BROCENE,BROWESPE,413.6842706666328,58.5,straight_line,4
38e29e26d5,010,0,25,BROWESPE,BROGLEE,285.7075757597365,40.5,straight_line,4
38e29e26d5,010,0,26,BROGLEE,BROHAWE,362.5020665317598,51.5,straight_line,4
38e29e26d5,010,0,27,BROHAWE,BRODAVE,398.9800461506025,59.5,straight_line,4
38e29e26d5,010,0,28,BRODAVE,BROSKIE,346.11635131896287,39.0,straight_line,4
38e29e26d5,010,0,29,BROSKIE,BROMAYE,211.60734765780748,24.0,straight_line,4
38e29e26d5,010,0,30,BROMAYE,BROBELE,520.366564158417,59.0,straight_line,4
38e29e26d5,010,0,31,BROBELE,BROFROE,494.84327196696535,58.0,straight_line,4
38e29e26d5,010,0,32,BROFROE,HIGLONN2,317.84808166127186,96.0,straight_line,4
38e29e26d5,010,0,33,HIGLONN2,NORTER4,188.4823764216836,84.0,straight_line,4
38e29e26d5,010,0,34,NORTER4,BROHIGE1,432.33270759294874,180.0,straight_line,4
38e29e26d5,010,0,35,BROHIGE1,BRO3RDE,234.53707683237306,130.0,straight_line,4
38e29e26d5,010,0,36,BRO3RDE,BRO4THE,88.93520527352904,50.0,straight_line,4
38e29e26d5,010,0,37,BRO4THE,BRO5THE,169.66467048614558,27.0,straight_line,4
38e29e26d5,010,0,38,BRO5THE,BROGRAE,268.3444717183264,42.0,straight_line,4
38e29e26d5,010,0,39,BROGRAE,BROWASAE,342.5804891877301,54.0,straight_line,4
38e29e26d5,010,0,40,BROWASAE,BROJEFE,221.4003542118783,35.0,straight_line,4
38e29e26d5,010,0,41,BROJEFE,BROPARSE,332.1046479664169,53.0,straight_line,4
38e29e26d5,010,0,42,BROPARSE,BRODOUE,268.130728375401,43.0,straight_line,4
38e29e26d5,010,0,43,BRODOUE,BROHOFE,340.69542756011134,54.0,straight_line,4
38e29e26d5,010,0,44,BROHOFE,BROOHIE,305.93802012377296,52.0,straight_line,4
38e29e26d5,010,0,45,BROOHIE,BROCHAE,118.18161302917409,15.0,straight_line,4
38e29e26d5,010,0,46,BROCHAE,BROWILAE,289.4747447941043,37.0,straight_line,4
38e29e26d5,010,0,47,BROWILAE,BROLATE,243.9458198274597,31.0,straight_line,4
38e29e26d5,010,0,48,BROLATE,BROFRA1E,235.65130025201424,30.0,straight_line,4
38e29e26d5,010,0,49,BROFRA1E,BROWOOE,196.9181249057626,25.0,straight_line,4
38e29e26d5,010,0,50,BROWOOE,BROFRA2E,292.16201015731843,37.0,straight_line,4
38e29e26d5,010,0,51,BROFRA2E,BROMONE,222.86387494920808,29.0,straight_line,4
38e29e26d5,010,0,52,BROMONE,BRONELE,242.26022262303385,36.0,straight_line,4
38e29e26d5,010,0,53,BRONELE,BROPARE,344.7165723186791,39.0,straight_line,4
38e29e26d5,010,0,54,BROPARE,BROPARKE,354.7231634246491,40.0,straight_line,4
38e29e26d5,010,0,55,BROPARKE,BRODREE,414.8315561993251,46.0,straight_line,4
38e29e26d5,010,0,56,BRODREE,BROCASAE,330.8320517596006,37.0,straight_line,4
38e29e26d5,010,0,57,BROCASAE,BROCASIE,209.48713939012097,23.0,straight_line,4
38e29e26d5,010,0,58,BROCASIE,BROSTANE,226.63191650013707,25.0,straight_line,4
38e29e26d5,010,0,59,BROSTANE,BROMERE,268.27544678668363,30.0,straight_line,4
38e29e26d5,010,0,60,BROMERE,BROBRODE,170.02921833025098,19.0,straight_line,4
38e29e26d5,010,0,61,BROBRODE,BROHARDE,278.09659390618947,31.0,straight_line,4
38e29e26d5,010,0,62,BROHARDE,BROKELE,318.7713079393709,36.0,straight_line,4
38e29e26d5,010,0,63,BROKELE,BROJAME,256.518212109386,34.0,straight_line,4
38e29e26d5,010,0,64,BROJAME,BROHAMPE,224.34778137550555,39.0,straight_line,4
38e29e26d5,010,0,65,BROHAMPE,BRONAPE,324.3646479602059,57.0,straight_line,4
38e29e26d5,010,0,66,BRONAPE,BRO367E,177.7167042117601,31.0,straight_line,4
38e29e26d5,010,0,67,BRO367E,BROMAPE,120.5137626250207,30.0,straight_line,4
38e29e26d5,010,0,68,BROMAPE,BROCOLE,277.46727096598846,40.0,straight_line,4
38e29e26d5,010,0,69,BROCOLE,BROROBE,270.1574821371935,48.0,straight_line,4
38e29e26d5,010,0,70,BROROBE,BROBEETE,125.88718646649009,22.0,straight_line,4
38e29e26d5,010,0,71,BROBEETE,BROBEEWE,258.16195830458764,45.0,straight_line,4
38e29e26d5,010,0,72,BROBEEWE,BRO4251E,318.22062839182377,56.0,straight_line,4
38e29e26d5,010,0,73,BRO4251E,BROYEAE,260.96785417735333,52.0,straight_line,4
38e29e26d5,010,0,74,BROYEAE,BROSANE,223.9424629561725,44.0,straight_line,4
38e29e26d5,010,0,75,BROSANE,BROHOLE,284.7916586495522,56.0,straight_line,4
38e29e26d5,010,0,76,BROHOLE,BROHAMIE,404.1195904138582,80.0,straight_line,4
38e29e26d5,010,0,77,BROHAMIE,BROCARE,1212.4264075351311,121.0,straight_line,4
38e29e26d5,010,0,78,BROCARE,BROMTCS,1304.2543496752955,179.0,straight_line,4
e6014d7a5c,010,1,0,BROLTDE,BRO8400W,429.82386980314845,89.0,straight_line,32
e6014d7a5c,010,1,1,BRO8400W,EBROCEDW,550.7924968516444,63.0,straight_line,32
e6014d7a5c,010,1,2,EBROCEDW,BROMIEW,386.68444844688446,44.0,straight_line,32
e6014d7a5c,010,1,3,BROMIEW,BROWAGW,419.7659918987956,48.0,straight_line,32
e6014d7a5c,010,1,4,BROWAGW,BROSCEIW,764.9942693219954,88.0,straight_line,32
e6014d7a5c,010,1,5,BROSCEIW,BROBANW,510.33406039402354,59.0,straight_line,32
e6014d7a5c,010,1,6,BROBANW,BROREYW,743.2517399372545,89.0,straight_line,32
e6014d7a5c,010,1,7,BROREYW,BROEASW,262.73240866695215,23.0,straight_line,32
e6014d7a5c,010,1,8,BROEASW,BROBROW1,249.58311080395774,22.0,straight_line,32
e6014d7a5c,010,1,9,BROBROW1,BROBRICW,537.6848412055216,49.0,straight_line,32
e6014d7a5c,010,1,10,BROBRICW,BROOUTW,313.1042270781871,28.0,straight_line,32
e6014d7a5c,010,1,11,BROOUTW,BROMCNW,534.7051971740009,48.0,straight_line,32
e6014d7a5c,010,1,12,BROMCNW,BROCARW,1993.1240604983666,182.0,straight_line,32
e6014d7a5c,010,1,13,BROCARW,BROHAMW,1363.5549263849762,128.0,straight_line,32
e6014d7a5c,010,1,14,BROHAMW,BROFAIW,150.39957792621354,32.0,straight_line,32
e6014d7a5c,010,1,15,BROFAIW,BROSCHOW,220.53857638797854,47.0,straight_line,32
e6014d7a5c,010,1,16,BROSCHOW,BROPARLW,229.94475220031532,49.0,straight_line,32
e6014d7a5c,010,1,17,BROPARLW,BROYEAW,232.9210220436141,52.0,straight_line,32
e6014d7a5c,010,1,18,BROYEAW,BRO424W,212.23531582966496,50.0,straight_line,32
e6014d7a5c,010,1,19,BRO424W,BROBEEWW,280.9334728989139,66.0,straight_line,32
e6014d7a5c,010,1,20,BROBEEWW,BROBEETW,214.0450298737504,50.0,straight_line,32
e6014d7a5c,010,1,21,BROBEETW,BROROBW,246.34608691571628,58.0,straight_line,32
e6014d7a5c,010,1,22,BROROBW,EBRCOLW,251.61133710843242,59.0,straight_line,32
e6014d7a5c,010,1,23,EBRCOLW,BROMAPW,262.9150078590046,62.0,straight_line,32
e6014d7a5c,010,1,24,BROMAPW,BROWEYW,334.8488568931684,79.0,straight_line,32
e6014d7a5c,010,1,25,BROWEYW,BROHAMPW,240.6138619252086,56.0,straight_line,32
e6014d7a5c,010,1,26,BROHAMPW,BROASHW,173.39585922586176,40.0,straight_line,32
e6014d7a5c,010,1,27,BROASHW,BROLOWW,320.48438969524454,80.0,straight_line,32
e6014d7a5c,010,1,28,BROLOWW,BROHARDW,355.9104344882652,47.0,straight_line,32
e6014d7a5c,010,1,29,BROHARDW,BROBRODW,214.72459218103293,29.0,straight_line,32
e6014d7a5c,010,1,30,BROBRODW,BROMERW,257.8264985077798,34.0,straight_line,32
e6014d7a5c,010,1,31,BROMERW,BROSTANW,276.11259748244925,37.0,straight_line,32
e6014d7a5c,010,1,32,BROSTANW,BROCASIW,225.51444237697646,30.0,straight_line,32
e6014d7a5c,010,1,33,BROCASIW,BROCASAW,240.69730719201863,32.0,straight_line,32
e6014d7a5c,010,1,34,BROCASAW,BRODREW,428.09849489204487,57.0,straight_line,32
e6014d7a5c,010,1,35,BRODREW,BROPARVW,291.9829467335893,39.0,straight_line,32
e6014d7a5c,010,1,36,BROPARVW,BROMEAW,324.38519599362104,43.0,straight_line,32
e6014d7a5c,010,1,37,BROMEAW,BRONELFW,505.6192040635234,72.0,straight_line,32
e6014d7a5c,010,1,38,BRONELFW,BROBRUNW,211.9600794703792,37.0,straight_line,32
e6014d7a5c,010,1,39,BROBRUNW,BROWOOW,360.2965203256541,64.0,straight_line,32
e6014d7a5c,010,1,40,BROWOOW,BROPARWW,204.00946983870034,36.0,straight_line,32
e6014d7a5c,010,1,41,BROPARWW,BROWINW,469.3086823005179,83.0,straight_line,32
e6014d7a5c,010,1,42,BROWINW,BROGOVW,291.635487791711,52.0,straight_line,32
e6014d7a5c,010,1,43,BROGOVW,BROOHIW,142.72099079844304,28.0,straight_line,32
e6014d7a5c,010,1,44,BROOHIW,BRO20TW,290.2822215634738,48.0,straight_line,32
e6014d7a5c,010,1,45,BRO20TW,BRO17TW,305.53415310925584,50.0,straight_line,32
e6014d7a5c,010,1,46,BRO17TW,BROHAMIW,283.4740391598559,46.0,straight_line,32
e6014d7a5c,010,1,47,BROHAMIW,BROJEFW,280.27035001910957,46.0,straight_line,32
e6014d7a5c,010,1,48,BROJEFW,BROWASAW,286.64267660025837,47.0,straight_line,32
e6014d7a5c,010,1,49,BROWASAW,BROGRAW,347.3670475651918,57.0,straight_line,32
e6014d7a5c,010,1,50,BROGRAW,BRO5THW,217.08332223255908,36.0,straight_line,32
e6014d7a5c,010,1,51,BRO5THW,BRO4THW,158.57192380588572,30.0,straight_line,32
e6014d7a5c,010,1,52,BRO4THW,BRO3RDW,146.71187463323454,55.0,straight_line,32
e6014d7a5c,010,1,53,BRO3RDW,BROHIGHW,174.44278622186116,65.0,straight_line,32
e6014d7a5c,010,1,54,BROHIGHW,BROMARW,342.8549401180613,180.0,straight_line,32
e6014d7a5c,010,1,55,BROMARW,BROBELW,515.925365643856,79.0,straight_line,32
e6014d7a5c,010,1,56,BROBELW,WBRMAYW,463.56078826594063,71.0,straight_line,32
e6014d7a5c,010,1,57,WBRMAYW,BROSKIW,150.56699713012407,23.0,straight_line,32
e6014d7a5c,010,1,58,BROSKIW,BRODAVW,424.6338388668923,67.0,straight_line,32
e6014d7a5c,010,1,59,BRODAVW,BROHARTW,237.88791254180944,48.0,straight_line,32
e6014d7a5c,010,1,60,BROHARTW,BRORODW,260.99446875157145,53.0,straight_line,32
e6014d7a5c,010,1,61,BRORODW,BROYALW,384.9322447396882,78.0,straight_line,32
e6014d7a5c,010,1,62,BROYALW,BROCHIW,191.749524412116,39.0,straight_line,32
e6014d7a5c,010,1,63,BROCHIW,BROCENW,395.96714508165695,82.0,straight_line,32
e6014d7a5c,010,1,64,BROCENW,BROSTEW,242.06768458501435,37.0,straight_line,32
e6014d7a5c,010,1,65,BROSTEW,BROENTW,783.9976716287953,122.0,straight_line,32
e6014d7a5c,010,1,66,BROENTW,BROLECW,269.86535602998276,42.0,straight_line,32
e6014d7a5c,010,1,67,BROLECW,BROMIDLW,363.94758418598286,56.0,straight_line,32
e6014d7a5c,010,1,68,BROMIDLW,BROHIGW,242.60762503708085,37.0,straight_line,32
e6014d7a5c,010,1,69,BROHIGW,BROOAKW,183.23617380303114,28.0,straight_line,32
e6014d7a5c,010,1,70,BROOAKW,BROEURW,253.46780291544403,39.0,straight_line,32
e6014d7a5c,010,1,71,BROEURW,BROOGDW,449.2563474920614,70.0,straight_line,32
e6014d7a5c,010,1,72,BROOGDW,BROHAGW,285.2801371676816,49.0,straight_line,32
e6014d7a5c,010,1,73,BROHAGW,BROHALW,421.10533536175745,67.0,straight_line,32
e6014d7a5c,010,1,74,BROHALW,BROWESW,214.6911634560162,34.0,straight_line,32
e6014d7a5c,010,1,75,BROWESW,BROBRIW,217.30041631189164,35.0,straight_line,32
e6014d7a5c,010,1,76,BROBRIW,BROSYLW,262.7596616394316,44.0,straight_line,32
e6014d7a5c,010,1,77,BROSYLW,BRO344W,449.19293944197426,68.0,straight_line,32
e6014d7a5c,010,1,78,BRO344W,BROCONEW,462.6608259259964,70.0,straight_line,32
e6014d7a5c,010,1,79,BROCONEW,BROVIOW,192.36193967461574,29.0,straight_line,32
e6014d7a5c,010,1,80,BROVIOW,BROPHIW,803.7579925469389,121.0,straight_line,32
e6014d7a5c,010,1,81,BROPHIW,BRO4158W,205.49152260316944,31.0,straight_line,32
e6014d7a5c,010,1,82,BRO4158W,BRO425W,258.0574497583784,41.0,straight_line,32
e6014d7a5c,010,1,83,BRO425W,BROOLDW,788.6453030320463,116.0,straight_line,32
e6014d7a5c,010,1,84,BROOLDW,BROMURW,289.5628404602674,42.0,straight_line,32
e6014d7a5c,010,1,85,BROMURW,BROSTUW,734.4141862304275,107.0,straight_line,32
e6014d7a5c,010,1,86,BROSTUW,BROBUEW,385.352192275458,56.0,straight_line,32
e6014d7a5c,010,1,87,BROBUEW,WESRIDW,585.0461165944008,99.0,straight_line,32
d52b049186,010,1,0,BROMTCS,BROCARW,1293.5413792304348,313.0,straight_line,32
d52b049186,010,1,1,BROCARW,BROHAMW,1363.5549263849762,167.0,straight_line,32
d52b049186,010,1,2,BROHAMW,BROFAIW,150.39957792621354,32.0,straight_line,32
d52b049186,010,1,3,BROFAIW,BROSCHOW,220.53857638797854,47.0,straight_line,32
d52b049186,010,1,4,BROSCHOW,BROPARLW,229.94475220031532,49.0,straight_line,32
d52b049186,010,1,5,BROPARLW,BROYEAW,232.9210220436141,52.0,straight_line,32
d52b049186,010,1,6,BROYEAW,BRO424W,212.23531582966496,50.0,straight_line,32
d52b049186,010,1,7,BRO424W,BROBEEWW,280.9334728989139,66.0,straight_line,32
d52b049186,010,1,8,BROBEEWW,BROBEETW,214.0450298737504,50.0,straight_line,32
d52b049186,010,1,9,BROBEETW,BROROBW,246.34608691571628,58.0,straight_line,32
d52b049186,010,1,10,BROROBW,EBRCOLW,251.61133710843242,59.0,straight_line,32
d52b049186,010,1,11,EBRCOLW,BROMAPW,262.9150078590046,62.0,straight_line,32
d52b049186,010,1,12,BROMAPW,BROWEYW,334.8488568931684,79.0,straight_line,32
d52b049186,010,1,13,BROWEYW,BROHAMPW,240.6138619252086,56.0,straight_line,32
d52b049186,010,1,14,BROHAMPW,BROASHW,173.39585922586176,40.0,straight_line,32
d52b049186,010,1,15,BROASHW,BROLOWW,320.48438969524454,80.0,straight_line,32
d52b049186,010,1,16,BROLOWW,BROHARDW,355.9104344882652,47.0,straight_line,32
d52b049186,010,1,17,BROHARDW,BROBRODW,214.72459218103293,29.0,straight_line,32
d52b049186,010,1,18,BROBRODW,BROMERW,257.8264985077798,34.0,straight_line,32
d52b049186,010,1,19,BROMERW,BROSTANW,276.11259748244925,37.0,straight_line,32
d52b049186,010,1,20,BROSTANW,BROCASIW,225.51444237697646,30.0,straight_line,32
d52b049186,010,1,21,BROCASIW,BROCASAW,240.69730719201863,32.0,straight_line,32
d52b049186,010,1,22,BROCASAW,BRODREW,428.09849489204487,57.0,straight_line,32
d52b049186,010,1,23,BRODREW,BROPARVW,291.9829467335893,39.0,straight_line,32
d52b049186,010,1,24,BROPARVW,BROMEAW,324.38519599362104,43.0,straight_line,32
d52b049186,010,1,25,BROMEAW,BRONELFW,505.6192040635234,72.0,straight_line,32
d52b049186,010,1,26,BRONELFW,BROBRUNW,211.9600794703792,37.0,straight_line,32
d52b049186,010,1,27,BROBRUNW,BROWOOW,360.2965203256541,64.0,straight_line,32
d52b049186,010,1,28,BROWOOW,BROPARWW,204.00946983870034,36.0,straight_line,32
d52b049186,010,1,29,BROPARWW,BROWINW,469.3086823005179,83.0,straight_line,32
d52b049186,010,1,30,BROWINW,BROGOVW,291.635487791711,52.0,straight_line,32
d52b049186,010,1,31,BROGOVW,BROOHIW,142.72099079844304,28.0,straight_line,32
d52b049186,010,1,32,BROOHIW,BRO20TW,290.2822215634738,56.0,straight_line,32
d52b049186,010,1,33,BRO20TW,BRO17TW,305.53415310925584,59.0,straight_line,32
d52b049186,010,1,34,BRO17TW,BROHAMIW,283.4740391598559,54.0,straight_line,32
d52b049186,010,1,35,BROHAMIW,BROJEFW,280.27035001910957,54.0,straight_line,32
d52b049186,010,1,36,BROJEFW,BROWASAW,286.64267660025837,55.0,straight_line,32
d52b049186,010,1,37,BROWASAW,BROGRAW,347.3670475651918,67.0,straight_line,32
d52b049186,010,1,38,BROGRAW,BRO5THW,217.08332223255908,42.0,straight_line,32
d52b049186,010,1,39,BRO5THW,BRO4THW,158.57192380588572,33.0,straight_line,32
d52b049186,010,1,40,BRO4THW,BRO3RDW,146.71187463323454,55.0,straight_line,32
d52b049186,010,1,41,BRO3RDW,BROHIGHW,174.44278622186116,65.0,straight_line,32
d52b049186,010,1,42,BROHIGHW,BROMARW,342.8549401180613,180.0,straight_line,32
d52b049186,010,1,43,BROMARW,BROBELW,515.925365643856,79.0,straight_line,32
d52b049186,010,1,44,BROBELW,WBRMAYW,463.56078826594063,71.0,straight_line,32
d52b049186,010,1,45,WBRMAYW,BROSKIW,150.56699713012407,23.0,straight_line,32
d52b049186,010,1,46,BROSKIW,BRODAVW,424.6338388668923,67.0,straight_line,32
d52b049186,010,1,47,BRODAVW,BROHARTW,237.88791254180944,48.0,straight_line,32
d52b049186,010,1,48,BROHARTW,BRORODW,260.99446875157145,53.0,straight_line,32
d52b049186,010,1,49,BRORODW,BROYALW,384.9322447396882,78.0,straight_line,32
d52b049186,010,1,50,BROYALW,BROCHIW,191.749524412116,39.0,straight_line,32
d52b049186,010,1,51,BROCHIW,BROCENW,395.96714508165695,82.0,straight_line,32
d52b049186,010,1,52,BROCENW,BROSTEW,242.06768458501435,37.0,straight_line,32
d52b049186,010,1,53,BROSTEW,BROENTW,783.9976716287953,122.0,straight_line,32
d52b049186,010,1,54,BROENTW,BROLECW,269.86535602998276,42.0,straight_line,32
d52b049186,010,1,55,BROLECW,BROMIDLW,363.94758418598286,56.0,straight_line,32
d52b049186,010,1,56,BROMIDLW,BROHIGW,242.60762503708085,37.0,straight_line,32
d52b049186,010,1,57,BROHIGW,BROOAKW,183.23617380303114,28.0,straight_line,32
d52b049186,010,1,58,BROOAKW,BROEURW,253.46780291544403,39.0,straight_line,32
d52b049186,010,1,59,BROEURW,BROOGDW,449.2563474920614,70.0,straight_line,32
d52b049186,010,1,60,BROOGDW,BROHAGW,285.2801371676816,49.0,straight_line,32
d52b049186,010,1,61,BROHAGW,BROHALW,421.10533536175745,67.0,straight_line,32
d52b049186,010,1,62,BROHALW,BROWESW,214.6911634560162,34.0,straight_line,32
d52b049186,010,1,63,BROWESW,BROBRIW,217.30041631189164,35.0,straight_line,32
d52b049186,010,1,64,BROBRIW,BROSYLW,262.7596616394316,44.0,straight_line,32
d52b049186,010,1,65,BROSYLW,BRO344W,449.19293944197426,68.0,straight_line,32
d52b049186,010,1,66,BRO344W,BROCONEW,462.6608259259964,70.0,straight_line,32
d52b049186,010,1,67,BROCONEW,BROVIOW,192.36193967461574,29.0,straight_line,32
d52b049186,010,1,68,BROVIOW,BROPHIW,803.7579925469389,121.0,straight_line,32
d52b049186,010,1,69,BROPHIW,BRO4158W,205.49152260316944,31.0,straight_line,32
d52b049186,010,1,70,BRO4158W,BRO425W,258.0574497583784,41.0,straight_line,32
d52b049186,010,1,71,BRO425W,BROOLDW,788.6453030320463,116.0,straight_line,32
d52b049186,010,1,72,BROOLDW,BROMURW,289.5628404602674,42.0,straight_line,32
d52b049186,010,1,73,BROMURW,BROSTUW,734.4141862304275,107.0,straight_line,32
d52b049186,010,1,74,BROSTUW,BROBUEW,385.352192275458,56.0,straight_line,32
d52b049186,010,1,75,BROBUEW,WESRIDW,585.0461165944008,99.0,straight_line,32
be9fae3052,010,1,0,BROLTDE,BRO8400W,429.82386980314845,78.0,straight_line,3
be9fae3052,010,1,1,BRO8400W,EBROCEDW,550.7924968516444,55.0,straight_line,3
be9fae3052,010,1,2,EBROCEDW,BROMIEW,386.68444844688446,39.0,straight_line,3
be9fae3052,010,1,3,BROMIEW,BROWAGW,419.7659918987956,42.0,straight_line,3
be9fae3052,010,1,4,BROWAGW,BROSCEIW,764.9942693219954,77.0,straight_line,3
be9fae3052,010,1,5,BROSCEIW,BROBANW,510.33406039402354,51.0,straight_line,3
be9fae3052,010,1,6,BROBANW,BROREYW,743.2517399372545,78.0,straight_line,3
be9fae3052,010,1,7,BROREYW,BROEASW,262.73240866695215,23.0,straight_line,3
be9fae3052,010,1,8,BROEASW,BROBROW1,249.58311080395774,22.0,straight_line,3
be9fae3052,010,1,9,BROBROW1,BROBRICW,537.6848412055216,49.0,straight_line,3
be9fae3052,010,1,10,BROBRICW,BROOUTW,313.1042270781871,28.0,straight_line,3
be9fae3052,010,1,11,BROOUTW,BROMCNW,534.7051971740009,48.0,straight_line,3
be9fae3052,010,1,12,BROMCNW,BROCARW,1993.1240604983666,182.0,straight_line,3
be9fae3052,010,1,13,BROCARW,BROHAMW,1363.5549263849762,128.0,straight_line,3
be9fae3052,010,1,14,BROHAMW,BROFAIW,150.39957792621354,32.0,straight_line,3
be9fae3052,010,1,15,BROFAIW,BROSCHOW,220.53857638797854,47.0,straight_line,3
be9fae3052,010,1,16,BROSCHOW,BROPARLW,229.94475220031532,49.0,straight_line,3
be9fae3052,010,1,17,BROPARLW,BROYEAW,232.9210220436141,52.0,straight_line,3
be9fae3052,010,1,18,BROYEAW,BRO424W,212.23531582966496,45.0,straight_line,3
be9fae3052,010,1,19,BRO424W,BROBEEWW,280.9334728989139,59.0,straight_line,3
be9fae3052,010,1,20,BROBEEWW,BROBEETW,214.0450298737504,45.0,straight_line,3
be9fae3052,010,1,21,BROBEETW,BROROBW,246.34608691571628,52.0,straight_line,3
be9fae3052,010,1,22,BROROBW,EBRCOLW,251.61133710843242,53.0,straight_line,3
be9fae3052,010,1,23,EBRCOLW,BROMAPW,262.9150078590046,55.0,straight_line,3
be9fae3052,010,1,24,BROMAPW,BROWEYW,334.8488568931684,71.0,straight_line,3
be9fae3052,010,1,25,BROWEYW,BROHAMPW,240.6138619252086,51.0,straight_line,3
be9fae3052,010,1,26,BROHAMPW,BROASHW,173.39585922586176,36.0,straight_line,3
be9fae3052,010,1,27,BROASHW,BROLOWW,320.48438969524454,73.0,straight_line,3
be9fae3052,010,1,28,BROLOWW,BROHARDW,355.9104344882652,41.0,straight_line,3
be9fae3052,010,1,29,BROHARDW,BROBRODW,214.72459218103293,25.0,straight_line,3
be9fae3052,010,1,30,BROBRODW,BROMERW,257.8264985077798,29.0,straight_line,3
be9fae3052,010,1,31,BROMERW,BROSTANW,276.11259748244925,31.0,straight_line,3
be9fae3052,010,1,32,BROSTANW,BROCASIW,225.51444237697646,25.0,straight_line,3
be9fae3052,010,1,33,BROCASIW,BROCASAW,240.69730719201863,27.0,straight_line,3
be9fae3052,010,1,34,BROCASAW,BRODREW,428.09849489204487,49.0,straight_line,3
be9fae3052,010,1,35,BRODREW,BROPARVW,291.9829467335893,33.0,straight_line,3
be9fae3052,010,1,36,BROPARVW,BROMEAW,324.38519599362104,37.0,straight_line,3
be9fae3052,010,1,37,BROMEAW,BRONELFW,505.6192040635234,63.0,straight_line,3
be9fae3052,010,1,38,BRONELFW,BROBRUNW,211.9600794703792,30.0,straight_line,3
be9fae3052,010,1,39,BROBRUNW,BROWOOW,360.2965203256541,51.0,straight_line,3
be9fae3052,010,1,40,BROWOOW,BROPARWW,204.00946983870034,29.0,straight_line,3
be9fae3052,010,1,41,BROPARWW,BROWINW,469.3086823005179,67.0,straight_line,3
be9fae3052,010,1,42,BROWINW,BROGOVW,291.635487791711,41.0,straight_line,3
be9fae3052,010,1,43,BROGOVW,BROOHIW,142.72099079844304,22.0,straight_line,3
be9fae3052,010,1,44,BROOHIW,BRO20TW,290.2822215634738,48.0,straight_line,3
be9fae3052,010,1,45,BRO20TW,BRO17TW,305.53415310925584,50.0,straight_line,3
be9fae3052,010,1,46,BRO17TW,BROHAMIW,283.4740391598559,46.0,straight_line,3
be9fae3052,010,1,47,BROHAMIW,BROJEFW,280.27035001910957,46.0,straight_line,3
be9fae3052,010,1,48,BROJEFW,BROWASAW,286.64267660025837,47.0,straight_line,3
be9fae3052,010,1,49,BROWASAW,BROGRAW,347.3670475651918,57.0,straight_line,3
be9fae3052,010,1,50,BROGRAW,BRO5THW,217.08332223255908,36.0,straight_line,3
be9fae3052,010,1,51,BRO5THW,BRO4THW,158.57192380588572,30.0,straight_line,3
be9fae3052,010,1,52,BRO4THW,BRO3RDW,146.71187463323454,55.0,straight_line,3
be9fae3052,010,1,53,BRO3RDW,BROHIGHW,174.44278622186116,65.0,straight_line,3
be9fae3052,010,1,54,BROHIGHW,HIGLONN2,248.30197374500483,73.0,straight_line,3
be9fae3052,010,1,55,HIGLONN2,FROLONS,191.54439898744232,107.0,straight_line,3
be9fae3052,010,1,56,FROLONS,BROMARW,326.18004736643996,240.0,straight_line,3
be9fae3052,010,1,57,BROMARW,BROBELW,515.925365643856,59.0,straight_line,3
be9fae3052,010,1,58,BROBELW,WBRMAYW,463.56078826594063,53.0,straight_line,3
be9fae3052,010,1,59,WBRMAYW,BROSKIW,150.56699713012407,17.0,straight_line,3
be9fae3052,010,1,60,BROSKIW,BRODAVW,424.6338388668923,51.0,straight_line,3
be9fae3052,010,1,61,BRODAVW,BROHARTW,237.88791254180944,38.0,straight_line,3
be9fae3052,010,1,62,BROHARTW,BRORODW,260.99446875157145,42.0,straight_line,3
be9fae3052,010,1,63,BRORODW,BROYALW,384.9322447396882,62.0,straight_line,3
be9fae3052,010,1,64,BROYALW,BROCHIW,191.749524412116,31.0,straight_line,3
be9fae3052,010,1,65,BROCHIW,BROCENW,395.96714508165695,67.0,straight_line,3
be9fae3052,010,1,66,BROCENW,BROSTEW,242.06768458501435,33.0,straight_line,3
be9fae3052,010,1,67,BROSTEW,BROENTW,783.9976716287953,107.0,straight_line,3
be9fae3052,010,1,68,BROENTW,BROLECW,269.86535602998276,36.0,straight_line,3
be9fae3052,010,1,69,BROLECW,BROMIDLW,363.94758418598286,49.0,straight_line,3
be9fae3052,010,1,70,BROMIDLW,BROHIGW,242.60762503708085,33.0,straight_line,3
be9fae3052,010,1,71,BROHIGW,BROOAKW,183.23617380303114,25.0,straight_line,3
be9fae3052,010,1,72,BROOAKW,BROEURW,253.46780291544403,34.0,straight_line,3
be9fae3052,010,1,73,BROEURW,BROOGDW,449.2563474920614,61.0,straight_line,3
be9fae3052,010,1,74,BROOGDW,BROHAGW,285.2801371676816,42.0,straight_line,3
be9fae3052,010,1,75,BROHAGW,BROHALW,421.10533536175745,45.0,straight_line,3
be9fae3052,010,1,76,BROHALW,BROWESW,214.6911634560162,23.0,straight_line,3
be9fae3052,010,1,77,BROWESW,BROBRIW,217.30041631189164,23.0,straight_line,3
be9fae3052,010,1,78,BROBRIW,BROSYLW,262.7596616394316,29.0,straight_line,3
be9fae3052,010,1,79,BROSYLW,BRO344W,449.19293944197426,68.0,straight_line,3
be9fae3052,010,1,80,BRO344W,BROCONEW,462.6608259259964,70.0,straight_line,3
be9fae3052,010,1,81,BROCONEW,BROVIOW,192.36193967461574,29.0,straight_line,3
be9fae3052,010,1,82,BROVIOW,BROPHIW,803.7579925469389,121.0,straight_line,3
be9fae3052,010,1,83,BROPHIW,BRO4158W,205.49152260316944,31.0,straight_line,3
be9fae3052,010,1,84,BRO4158W,BRO425W,258.0574497583784,41.0,straight_line,3
be9fae3052,010,1,85,BRO425W,BROOLDW,788.6453030320463,82.0,straight_line,3
be9fae3052,010,1,86,BROOLDW,BROMURW,289.5628404602674,30.0,straight_line,3
be9fae3052,010,1,87,BROMURW,BROSTUW,734.4141862304275,77.0,straight_line,3
be9fae3052,010,1,88,BROSTUW,BROBUEW,385.352192275458,40.0,straight_line,3
be9fae3052,010,1,89,BROBUEW,WESRIDW,585.0461165944008,71.0,straight_line,3
7e144e9ee0,010,1,0,BROMTCS,BROCARW,1293.5413792304348,117.0,straight_line,4
7e144e9ee0,010,1,1,BROCARW,BROHAMW,1363.5549263849762,63.0,straight_line,4
7e144e9ee0,010,1,2,BROHAMW,BROFAIW,150.39957792621354,32.0,straight_line,4
7e144e9ee0,010,1,3,BROFAIW,BROSCHOW,220.53857638797854,47.0,straight_line,4
7e144e9ee0,010,1,4,BROSCHOW,BROPARLW,229.94475220031532,49.0,straight_line,4
7e144e9ee0,010,1,5,BROPARLW,BROYEAW,232.9210220436141,52.0,straight_line,4
7e144e9ee0,010,1,6,BROYEAW,BRO424W,212.23531582966496,40.0,straight_line,4
7e144e9ee0,010,1,7,BRO424W,BROBEEWW,280.9334728989139,53.0,straight_line,4
7e144e9ee0,010,1,8,BROBEEWW,BROBEETW,214.0450298737504,40.0,straight_line,4
7e144e9ee0,010,1,9,BROBEETW,BROROBW,246.34608691571628,46.0,straight_line,4
7e144e9ee0,010,1,10,BROROBW,EBRCOLW,251.61133710843242,47.0,straight_line,4
7e144e9ee0,010,1,11,EBRCOLW,BROMAPW,262.9150078590046,49.0,straight_line,4
7e144e9ee0,010,1,12,BROMAPW,BROWEYW,334.8488568931684,63.0,straight_line,4
7e144e9ee0,010,1,13,BROWEYW,BROHAMPW,240.6138619252086,45.0,straight_line,4
7e144e9ee0,010,1,14,BROHAMPW,BROASHW,173.39585922586176,32.0,straight_line,4
7e144e9ee0,010,1,15,BROASHW,BROLOWW,320.48438969524454,65.0,straight_line,4
7e144e9ee0,010,1,16,BROLOWW,BROHARDW,355.9104344882652,44.0,straight_line,4
7e144e9ee0,010,1,17,BROHARDW,BROBRODW,214.72459218103293,27.0,straight_line,4
7e144e9ee0,010,1,18,BROBRODW,BROMERW,257.8264985077798,31.5,straight_line,4
7e144e9ee0,010,1,19,BROMERW,BROSTANW,276.11259748244925,34.0,straight_line,4
7e144e9ee0,010,1,20,BROSTANW,BROCASIW,225.51444237697646,27.5,straight_line,4
7e144e9ee0,010,1,21,BROCASIW,BROCASAW,240.69730719201863,29.5,straight_line,4
7e144e9ee0,010,1,22,BROCASAW,BRODREW,428.09849489204487,53.0,straight_line,4
7e144e9ee0,010,1,23,BRODREW,BROPARVW,291.9829467335893,36.0,straight_line,4
7e144e9ee0,010,1,24,BROPARVW,BROMEAW,324.38519599362104,40.0,straight_line,4
7e144e9ee0,010,1,25,BROMEAW,BRONELFW,505.6192040635234,67.5,straight_line,4
7e144e9ee0,010,1,26,BRONELFW,BROBRUNW,211.9600794703792,30.0,straight_line,4
7e144e9ee0,010,1,27,BROBRUNW,BROWOOW,360.2965203256541,51.0,straight_line,4
7e144e9ee0,010,1,28,BROWOOW,BROPARWW,204.00946983870034,29.0,straight_line,4
7e144e9ee0,010,1,29,BROPARWW,BROWINW,469.3086823005179,67.0,straight_line,4
7e144e9ee0,010,1,30,BROWINW,BROGOVW,291.635487791711,41.0,straight_line,4
7e144e9ee0,010,1,31,BROGOVW,BROOHIW,142.72099079844304,22.0,straight_line,4
7e144e9ee0,010,1,32,BROOHIW,BRO20TW,290.2822215634738,48.0,straight_line,4
7e144e9ee0,010,1,33,BRO20TW,BRO17TW,305.53415310925584,50.0,straight_line,4
7e144e9ee0,010,1,34,BRO17TW,BROHAMIW,283.4740391598559,46.0,straight_line,4
7e144e9ee0,010,1,35,BROHAMIW,BROJEFW,280.27035001910957,46.0,straight_line,4
7e144e9ee0,010,1,36,BROJEFW,BROWASAW,286.64267660025837,47.0,straight_line,4
7e144e9ee0,010,1,37,BROWASAW,BROGRAW,347.3670475651918,57.0,straight_line,4
7e144e9ee0,010,1,38,BROGRAW,BRO5THW,217.08332223255908,36.0,straight_line,4
7e144e9ee0,010,1,39,BRO5THW,BRO4THW,158.57192380588572,30.0,straight_line,4
7e144e9ee0,010,1,40,BRO4THW,BRO3RDW,146.71187463323454,55.0,straight_line,4
7e144e9ee0,010,1,41,BRO3RDW,BROHIGHW,174.44278622186116,65.0,straight_line,4
7e144e9ee0,010,1,42,BROHIGHW,HIGLONN2,248.30197374500483,48.0,straight_line,4
7e144e9ee0,010,1,43,HIGLONN2,FROLONS,191.54439898744232,72.0,straight_line,4
7e144e9ee0,010,1,44,FROLONS,BROMARW,326.18004736643996,240.0,straight_line,4
7e144e9ee0,010,1,45,BROMARW,BROBELW,515.925365643856,99.0,straight_line,4
7e144e9ee0,010,1,46,BROBELW,WBRMAYW,463.56078826594063,89.0,straight_line,4
7e144e9ee0,010,1,47,WBRMAYW,BROSKIW,150.56699713012407,28.0,straight_line,4
7e144e9ee0,010,1,48,BROSKIW,BRODAVW,424.6338388668923,84.0,straight_line,4
7e144e9ee0,010,1,49,BRODAVW,BROHARTW,237.88791254180944,29.0,straight_line,4
7e144e9ee0,010,1,50,BROHARTW,BRORODW,260.99446875157145,31.0,straight_line,4
7e144e9ee0,010,1,51,BRORODW,BROYALW,384.9322447396882,47.0,straight_line,4
7e144e9ee0,010,1,52,BROYALW,BROCHIW,191.749524412116,23.0,straight_line,4
7e144e9ee0,010,1,53,BROCHIW,BROCENW,395.96714508165695,50.0,straight_line,4
7e144e9ee0,010,1,54,BROCENW,BROSTEW,242.06768458501435,33.0,straight_line,4
7e144e9ee0,010,1,55,BROSTEW,BROENTW,783.9976716287953,107.0,straight_line,4
7e144e9ee0,010,1,56,BROENTW,BROLECW,269.86535602998276,36.0,straight_line,4
7e144e9ee0,010,1,57,BROLECW,BROMIDLW,363.94758418598286,49.0,straight_line,4
7e144e9ee0,010,1,58,BROMIDLW,BROHIGW,242.60762503708085,33.0,straight_line,4
7e144e9ee0,010,1,59,BROHIGW,BROOAKW,183.23617380303114,25.0,straight_line,4
7e144e9ee0,010,1,60,BROOAKW,BROEURW,253.46780291544403,34.0,straight_line,4
7e144e9ee0,010,1,61,BROEURW,BROOGDW,449.2563474920614,61.0,straight_line,4
7e144e9ee0,010,1,62,BROOGDW,BROHAGW,285.2801371676816,42.0,straight_line,4
7e144e9ee0,010,1,63,BROHAGW,BROHALW,421.10533536175745,45.0,straight_line,4
7e144e9ee0,010,1,64,BROHALW,BROWESW,214.6911634560162,23.0,straight_line,4
7e144e9ee0,010,1,65,BROWESW,BROBRIW,217.30041631189164,23.0,straight_line,4
7e144e9ee0,010,1,66,BROBRIW,BROSYLW,262.7596616394316,29.0,straight_line,4
7e144e9ee0,010,1,67,BROSYLW,BRO344W,449.19293944197426,68.0,straight_line,4
7e144e9ee0,010,1,68,BRO344W,BROCONEW,462.6608259259964,70.0,straight_line,4
7e144e9ee0,010,1,69,BROCONEW,BROVIOW,192.36193967461574,29.0,straight_line,4
7e144e9ee0,010,1,70,BROVIOW,BROPHIW,803.7579925469389,121.0,straight_line,4
7e144e9ee0,010,1,71,BROPHIW,BRO4158W,205.49152260316944,31.0,straight_line,4
7e144e9ee0,010,1,72,BRO4158W,BRO425W,258.0574497583784,41.0,straight_line,4
7e144e9ee0,010,1,73,BRO425W,BROOLDW,788.6453030320463,82.0,straight_line,4
7e144e9ee0,010,1,74,BROOLDW,BROMURW,289.5628404602674,30.0,straight_line,4
7e144e9ee0,010,1,75,BROMURW,BROSTUW,734.4141862304275,77.0,straight_line,4
7e144e9ee0,010,1,76,BROSTUW,BROBUEW,385.352192275458,40.0,straight_line,4
7e144e9ee0,010,1,77,BROBUEW,WESRIDW,585.0461165944008,71.0,straight_line,4
90fbcac835,011,0,0,WESHIGW,HIG521S,120.28095799489635,60.0,straight_line,19
90fbcac835,011,0,1,HIG521S,HIGFENS,137.42389151968723,18.0,straight_line,19
90fbcac835,011,0,2,HIGFENS,HIGGRA2S,336.56589941760006,45.0,straight_line,19
90fbcac835,011,0,3,HIGGRA2S,MORHIGE,261.3574469003349,40.0,straight_line,19
90fbcac835,011,0,4,MORHIGE,MORFOSE,406.98997447536465,53.0,straight_line,19
90fbcac835,011,0,5,MORFOSE,MORELKE,232.7877382321337,30.0,straight_line,19
90fbcac835,011,0,6,MORELKE,MORSHAE,285.97869576181074,37.0,straight_line,19
90fbcac835,011,0,7,MORSHAE,MORCOLE,409.795829501391,54.0,straight_line,19
90fbcac835,011,0,8,MORCOLE,MORINDE,211.0962255093434,27.0,straight_line,19
90fbcac835,011,0,9,MORINDE,MORSANE,676.8728408850263,89.0,straight_line,19
90fbcac835,011,0,10,MORSANE,MAIMORS,482.83933378569304,81.0,straight_line,19
90fbcac835,011,0,11,MAIMORS,MAISHAS1,355.5520209151901,47.0,straight_line,19
90fbcac835,011,0,12,MAISHAS1,MAIGARS,236.4770038956214,31.0,straight_line,19
90fbcac835,011,0,13,MAIGARS,MAICARBS,292.7008156568168,39.0,straight_line,19
90fbcac835,011,0,14,MAICARBS,MAICOOS,446.47045923972564,69.0,straight_line,19
90fbcac835,011,0,15,MAICOOS,MAINORS,381.0822449388017,52.0,straight_line,19
90fbcac835,011,0,16,MAINORS,MAIBLES,267.4513370892633,37.0,straight_line,19
90fbcac835,011,0,17,MAIBLES,MAIZEBS,362.2597043227043,50.0,straight_line,19
90fbcac835,011,0,18,MAIZEBS,MAIURAS,403.3717031659914,56.0,straight_line,19
90fbcac835,011,0,19,MAIURAS,MAIDUNS,212.71771762979066,29.0,straight_line,19
90fbcac835,011,0,20,MAIDUNS,OAKOSCE,169.4904641716181,29.0,straight_line,19
90fbcac835,011,0,21,OAKOSCE,OAKATWE,322.8521241479719,44.0,straight_line,19
90fbcac835,011,0,22,OAKATWE,MCGOAKS,310.301855425396,52.0,straight_line,19
90fbcac835,011,0,23,MCGOAKS,MCGNORS,159.33884443757742,22.0,straight_line,19
90fbcac835,011,0,24,MCGNORS,MCGWELS,250.06086992808932,34.0,straight_line,19
90fbcac835,011,0,25,MCGWELS,MCGCOMS,234.0917211519161,32.0,straight_line,19
90fbcac835,011,0,26,MCGCOMS,MCGWEBS,228.61887881004316,31.0,straight_line,19
90fbcac835,011,0,27,MCGWEBS,MCGABES,230.53240229228,32.0,straight_line,19
90fbcac835,011,0,28,MCGABES,MCGGENS,265.7099232529275,36.0,straight_line,19
90fbcac835,011,0,29,MCGGENS,MCGBRIS,271.146511598245,37.0,straight_line,19
90fbcac835,011,0,30,MCGBRIS,HUDONTE,545.2550724676545,98.0,straight_line,19
90fbcac835,011,0,31,HUDONTE,HUDDREE,374.5957764064626,51.0,straight_line,19
90fbcac835,011,0,32,HUDDREE,HUDCLEE,361.66540717364023,58.0,straight_line,19
90fbcac835,011,0,33,HUDCLEE,HUDJOYE,450.79602654788863,52.0,straight_line,19
90fbcac835,011,0,34,HUDJOYE,JOYBLAS,343.64941891271417,52.0,straight_line,19
90fbcac835,011,0,35,JOYBLAS,JOY26TS,292.10707854763865,34.0,straight_line,19
90fbcac835,011,0,36,JOY26TS,JOY23RS,277.03029397339657,32.0,straight_line,19
90fbcac835,011,0,37,JOY23RS,JOY178S,179.27450741277156,21.0,straight_line,19
90fbcac835,011,0,38,JOY178S,JOY17TS,407.9775408114341,47.0,straight_line,19
90fbcac835,011,0,39,JOY17TS,JOYWINS,478.3589359195602,56.0,straight_line,19
90fbcac835,011,0,40,JOYWINS,JOYDEWS,346.1674112226526,40.0,straight_line,19
90fbcac835,011,0,41,JOYDEWS,JOY5THS,699.0212815430718,86.0,straight_line,19
90fbcac835,011,0,42,JOY5THS,JOYGIBS,296.4729165752404,54.0,straight_line,19
90fbcac835,011,0,43,JOYGIBS,LEOCHAE,569.4118942426496,110.0,straight_line,19
90fbcac835,011,0,44,LEOCHAE,LEOTAYE,417.04034000824754,76.0,straight_line,19
90fbcac835,011,0,45,LEOTAYE,TAYMARS,228.69274667337666,42.0,straight_line,19
90fbcac835,011,0,46,TAYMARS,TAYMTVS,368.1431910852434,48.0,straight_line,19
90fbcac835,011,0,47,TAYMTVS,TAYCLIS,379.3020437816572,49.0,straight_line,19
90fbcac835,011,0,48,TAYCLIS,TAYLONS,157.46155037704722,20.0,straight_line,19
90fbcac835,011,0,49,TAYLONS,LONWINW,404.6595863546927,61.0,straight_line,19
90fbcac835,011,0,50,LONWINW,LONOHIW,286.45587081657,36.0,straight_line,19
90fbcac835,011,0,51,LONOHIW,LON20TW,321.08948945760966,44.0,straight_line,19
90fbcac835,011,0,52,LON20TW,LON18TW,205.09740174305836,38.0,straight_line,19
90fbcac835,011,0,53,LON18TW,LONMONW,262.6485733298702,49.0,straight_line,19
90fbcac835,011,0,54,LONMONW,LONHAMW,226.79693167121124,42.0,straight_line,19
90fbcac835,011,0,55,LONHAMW,SPRHAMW,193.9016213664551,48.0,straight_line,19
90fbcac835,011,0,56,SPRHAMW,SPRMOUW,442.3682412723561,83.0,straight_line,19
90fbcac835,011,0,57,SPRMOUW,SPRCLEW,235.59856859125537,43.0,straight_line,19
90fbcac835,011,0,58,SPRCLEW,SPRGRAW,165.4855168630948,31.0,straight_line,19
90fbcac835,011,0,59,SPRGRAW,SPRNEIW,208.63161317503528,38.0,straight_line,19
90fbcac835,011,0,60,SPRNEIW,SPR4THW,263.1887109147321,49.0,straight_line,19
90fbcac835,011,0,61,SPR4THW,SPRHIGW,295.47742412548655,55.0,straight_line,19
90fbcac835,011,0,62,SPRHIGW,FROLONS,229.8440456953016,64.0,straight_line,19
90fbcac835,011,0,63,FROLONS,FROBROS,384.6036873908584,240.0,straight_line,19
90fbcac835,011,0,64,FROBROS,FROTOWS,318.1009566693305,88.0,straight_line,19
90fbcac835,011,0,65,FROTOWS,MAIHIGE,402.4113714306379,152.0,straight_line,19
90fbcac835,011,0,66,MAIHIGE,4THTOWN,404.42562142538014,102.0,straight_line,19
90fbcac835,011,0,67,4THTOWN,TOWGRAE,485.213417942992,97.0,straight_line,19
90fbcac835,011,0,68,TOWGRAE,TOWWASE,286.98023622729596,52.0,straight_line,19
90fbcac835,011,0,69,TOWWASE,TOWLESE,254.8535319684662,46.0,straight_line,19
90fbcac835,011,0,70,TOWLESE,BRYPARE,187.02971769020212,34.0,straight_line,19
90fbcac835,011,0,71,BRYPARE,BRYMONE,233.82140363828088,42.0,straight_line,19
90fbcac835,011,0,72,BRYMONE,BRY18TE,260.92976227613514,47.0,straight_line,19
90fbcac835,011,0,73,BRY18TE,BRY22NE,304.7500011660995,60.0,straight_line,19
90fbcac835,011,0,74,BRY22NE,BRYCHAE,263.07353850665174,43.0,straight_line,19
90fbcac835,011,0,75,BRYCHAE,BRYWILE,202.03103396603413,33.0,straight_line,19
90fbcac835,011,0,76,BRYWILE,BRYOPPE,315.5955250092536,52.0,straight_line,19
90fbcac835,011,0,77,BRYOPPE,BRYMILE,230.39689679126892,38.0,straight_line,19
90fbcac835,011,0,78,BRYMILE,BRYKELE,208.07161486262763,34.0,straight_line,19
90fbcac835,011,0,79,BRYKELE,BRYMORE,226.2004327403076,37.0,straight_line,19
90fbcac835,011,0,80,BRYMORE,BRYFAIE,194.90654191277162,32.0,straight_line,19
90fbcac835,011,0,81,BRYFAIE,BRYRHOE,348.6474843901536,57.0,straight_line,19
90fbcac835,011,0,82,BRYRHOE,HOLMAIS,374.6879604798561,94.0,straight_line,19
90fbcac835,011,0,83,HOLMAIS,LIVMEME,1011.7021965229881,136.0,straight_line,19
90fbcac835,011,0,84,LIVMEME,ALU102S,248.5519778377489,37.0,straight_line,19
90fbcac835,011,0,85,ALU102S,ALUALUS,674.970597334237,76.0,straight_line,19
90fbcac835,011,0,86,ALUALUS,ALUINTS,430.37255493443877,49.0,straight_line,19
90fbcac835,011,0,87,ALUINTS,ALUFRES,410.4506553446578,46.0,straight_line,19
90fbcac835,011,0,88,ALUFRES,ALU1900S,324.3607028209474,36.0,straight_line,19
90fbcac835,011,0,89,ALU1900S,ALU1755N,242.45695206498334,40.0,straight_line,19
dedb0077b9,011,1,0,ALU1755N,ALUINTN,669.967209644505,100.0,straight_line,19
dedb0077b9,011,1,1,ALUINTN,ALUALUN,434.94988844052926,58.0,straight_line,19
dedb0077b9,011,1,2,ALUALUN,ALU102N,687.5365978498912,92.0,straight_line,19
dedb0077b9,011,1,3,ALU102N,ALUPAYN,909.3908215626287,128.0,straight_line,19
dedb0077b9,011,1,4,ALUPAYN,MAIHOLW,289.3066211558826,42.0,straight_line,19
dedb0077b9,011,1,5,MAIHOLW,BRYRHOW,487.52470761307995,99.0,straight_line,19
dedb0077b9,011,1,6,BRYRHOW,BRYFAIW,221.11068033523844,31.0,straight_line,19
dedb0077b9,011,1,7,BRYFAIW,BRYMORW,193.02389805556794,27.0,straight_line,19
dedb0077b9,011,1,8,BRYMORW,BRYKELW,309.84509900049767,44.0,straight_line,19
dedb0077b9,011,1,9,BRYKELW,BRYMILW,162.9568188725859,23.0,straight_line,19
dedb0077b9,011,1,10,BRYMILW,BRYALTW,255.96666554441816,36.0,straight_line,19
dedb0077b9,011,1,11,BRYALTW,BRYWILW,252.78113479426995,36.0,straight_line,19
dedb0077b9,011,1,12,BRYWILW,BRYCHAW,241.41805020399283,34.0,straight_line,19
dedb0077b9,011,1,13,BRYCHAW,BRYOHIW,168.5377591708187,30.0,straight_line,19
dedb0077b9,011,1,14,BRYOHIW,BRY19TW,343.31903775414423,62.0,straight_line,19
dedb0077b9,011,1,15,BRY19TW,BRYMONW,322.78003777835227,58.0,straight_line,19
dedb0077b9,011,1,16,BRYMONW,BRYPARW,242.46368949646356,44.0,straight_line,19
dedb0077b9,011,1,17,BRYPARW,TOWLESW,154.39350672906357,27.0,straight_line,19
dedb0077b9,011,1,18,TOWLESW,TOWWASW,284.98393732114437,51.0,straight_line,19
dedb0077b9,011,1,19,TOWWASW,GRATOWS,333.160096019579,69.0,straight_line,19
dedb0077b9,011,1,20,GRATOWS,RICGRAW,114.89352267254155,32.0,straight_line,19
dedb0077b9,011,1,21,RICGRAW,RIC5THW,225.06232408144592,40.0,straight_line,19
dedb0077b9,011,1,22,RIC5THW,3RDMAIS,365.99084276682544,91.0,straight_line,19
dedb0077b9,011,1,23,3RDMAIS,MOUHIGW3,260.3634879003122,66.0,straight_line,19
dedb0077b9,011,1,24,MOUHIGW3,FROMOUN,137.7278273667782,43.0,straight_line,19
dedb0077b9,011,1,25,FROMOUN,FROTOWN,395.6264210904635,81.0,straight_line,19
dedb0077b9,011,1,26,FROTOWN,FROGAYN,553.8594765705346,116.0,straight_line,19
dedb0077b9,011,1,27,FROGAYN,LONHIGE,149.83528316756443,120.0,straight_line,19
dedb0077b9,011,1,28,LONHIGE,LON4THE,388.18288077539466,58.0,straight_line,19
dedb0077b9,011,1,29,LON4THE,LONNORE,265.351721777002,40.0,straight_line,19
dedb0077b9,011,1,30,LONNORE,LONCLEE,272.4519615061542,40.0,straight_line,19
dedb0077b9,011,1,31,LONCLEE,LONWASE,300.50141058211676,45.0,straight_line,19
dedb0077b9,011,1,32,LONWASE,LONJEFE,241.0229462563206,36.0,straight_line,19
dedb0077b9,011,1,33,LONJEFE,LONHAME1,287.73731933202293,43.0,straight_line,19
dedb0077b9,011,1,34,LONHAME1,LONTALE,212.07236563211436,31.0,straight_line,19
dedb0077b9,011,1,35,LONTALE,LON17TE,166.0314878358032,24.0,straight_line,19
dedb0077b9,011,1,36,LON17TE,LON20TE,259.38725182013536,43.0,straight_line,19
dedb0077b9,011,1,37,LON20TE,LONOHIE,317.4094675903529,47.0,straight_line,19
dedb0077b9,011,1,38,LONOHIE,LONCHAE,131.31671729999687,19.0,straight_line,19
dedb0077b9,011,1,39,LONCHAE,LONWINE,208.70644430320849,30.0,straight_line,19
dedb0077b9,011,1,40,LONWINE,TAYLONN,400.57497558723634,62.0,straight_line,19
dedb0077b9,011,1,41,TAYLONN,TAYCLIN,254.89224235275185,38.0,straight_line,19
dedb0077b9,011,1,42,TAYCLIN,TAYGREN,326.754803328397,49.0,straight_line,19
dedb0077b9,011,1,43,TAYGREN,TAYMARN,387.3204437153978,58.0,straight_line,19
dedb0077b9,011,1,44,TAYMARN,152LEOW,275.5482611031664,57.0,straight_line,19
dedb0077b9,011,1,45,152LEOW,LEOCHAW,392.34868103514253,37.0,straight_line,19
dedb0077b9,011,1,46,LEOCHAW,JOYBLIN,415.9050896270653,43.0,straight_line,19
dedb0077b9,011,1,47,JOYBLIN,JOY5THN,397.5534546261278,40.0,straight_line,19
dedb0077b9,011,1,48,JOY5THN,JOYDEWN,745.3882953379685,98.0,straight_line,19
dedb0077b9,011,1,49,JOYDEWN,JOY12TN,269.04292910171824,35.0,straight_line,19
dedb0077b9,011,1,50,JOY12TN,JOY17TN,584.4062942802105,77.0,straight_line,19
dedb0077b9,011,1,51,JOY17TN,JOY177N,347.27302232206114,45.0,straight_line,19
dedb0077b9,011,1,52,JOY177N,JOY23RN,232.76970444627577,30.0,straight_line,19
dedb0077b9,011,1,53,JOY23RN,JOY26TN,277.1184468183154,36.0,straight_line,19
dedb0077b9,011,1,54,JOY26TN,JOYBLAN,285.123067048993,37.0,straight_line,19
dedb0077b9,011,1,55,JOYBLAN,HUDJOYW,343.18304561937117,55.0,straight_line,19
dedb0077b9,011,1,56,HUDJOYW,HUDCLEW,482.48870609828583,67.0,straight_line,19
dedb0077b9,011,1,57,HUDCLEW,HUDDREW,424.3459326313865,54.0,straight_line,19
dedb0077b9,011,1,58,HUDDREW,HUDONTW,394.7430295350436,50.0,straight_line,19
dedb0077b9,011,1,59,HUDONTW,MCGHUDN,338.2396689207016,50.0,straight_line,19
dedb0077b9,011,1,60,MCGHUDN,MCGBRIN,238.63636459577816,31.0,straight_line,19
dedb0077b9,011,1,61,MCGBRIN,MCGOPPN,300.13068845839484,38.0,straight_line,19
dedb0077b9,011,1,62,MCGOPPN,MCGABEN,186.42519116267405,24.0,straight_line,19
dedb0077b9,011,1,63,MCGABEN,MCGWEBN,219.73382488158126,28.0,straight_line,19
dedb0077b9,011,1,64,MCGWEBN,MCGDELN,277.16268202175644,36.0,straight_line,19
dedb0077b9,011,1,65,MCGDELN,MCGWELN,199.67500433568992,25.0,straight_line,19
dedb0077b9,011,1,66,MCGWELN,MCGNORN,285.79897796282194,37.0,straight_line,19
dedb0077b9,011,1,67,MCGNORN,MCGOAKN,180.77783024628212,23.0,straight_line,19
dedb0077b9,011,1,68,MCGOAKN,OAKATWW,288.2075540170904,41.0,straight_line,19
dedb0077b9,011,1,69,OAKATWW,OAKHIAW,190.69466397119956,24.0,straight_line,19
dedb0077b9,011,1,70,OAKHIAW,OAKMAIW,264.2769247708684,33.0,straight_line,19
dedb0077b9,011,1,71,OAKMAIW,MAIURAN,336.3555501233553,48.0,straight_line,19
dedb0077b9,011,1,72,MAIURAN,MAIMOON,393.8480479867266,51.0,straight_line,19
dedb0077b9,011,1,73,MAIMOON,MAINORTN,274.53432325816607,35.0,straight_line,19
dedb0077b9,011,1,74,MAINORTN,MAINORN,316.0235174734704,41.0,straight_line,19
dedb0077b9,011,1,75,MAINORN,MAICOON,331.247466469558,51.0,straight_line,19
dedb0077b9,011,1,76,MAICOON,MAIHILN,383.3744522149637,46.0,straight_line,19
dedb0077b9,011,1,77,MAIHILN,MAIGARN,417.3774727870016,51.0,straight_line,19
dedb0077b9,011,1,78,MAIGARN,MAISHAN,231.69235609912587,28.0,straight_line,19
dedb0077b9,011,1,79,MAISHAN,MAIMORN1,348.59719835516546,42.0,straight_line,19
dedb0077b9,011,1,80,MAIMORN1,MORMAIW,169.27233178010547,22.0,straight_line,19
dedb0077b9,011,1,81,MORMAIW,MORKINW,220.10043994933935,26.0,straight_line,19
dedb0077b9,011,1,82,MORKINW,MORSANW,224.53602234842825,27.0,straight_line,19
dedb0077b9,011,1,83,MORSANW,MORINDW,668.8427743682304,79.0,straight_line,19
dedb0077b9,011,1,84,MORINDW,MORCOLW,220.71553414927354,26.0,straight_line,19
dedb0077b9,011,1,85,MORCOLW,MORBEEW,238.0436118733669,28.0,straight_line,19
dedb0077b9,011,1,86,MORBEEW,MORELKW,405.39564318501374,48.0,straight_line,19
dedb0077b9,011,1,87,MORELKW,MORFOSW,284.86889274442893,34.0,straight_line,19
dedb0077b9,011,1,88,MORFOSW,MORBEECW,183.37699830274218,22.0,straight_line,19
dedb0077b9,011,1,89,MORBEECW,HIGMORN,274.3060241003652,44.0,straight_line,19
dedb0077b9,011,1,90,HIGMORN,HIGFITN,334.67968640640026,40.0,straight_line,19
dedb0077b9,011,1,91,HIGFITN,HIG522N,249.35573574394232,37.0,straight_line,19
dedb0077b9,011,1,92,HIG522N,WESHIGW,160.15428728464448,60.0,straight_line,19
92b62e45d6,012,0,0,1333FIES,FIEMOBDS,184.32220421245748,25.0,straight_line,41
92b62e45d6,012,0,1,FIEMOBDS,FIE5THS,174.9385892848845,24.0,straight_line,41
92b62e45d6,012,0,2,FIE5THS,5TH6THW,398.61197072675657,60.0,straight_line,41
92b62e45d6,012,0,3,5TH6THW,5TH4THW,279.01512674862255,38.0,straight_line,41
92b62e45d6,012,0,4,5TH4THW,SUM5THS,183.20145494186568,33.0,straight_line,41
92b62e45d6,012,0,5,SUM5THS,SUM3RDS,361.2391208790142,52.0,straight_line,41
92b62e45d6,012,0,6,SUM3RDS,SUM2NDS,116.01895469072501,17.0,straight_line,41
92b62e45d6,012,0,7,SUM2NDS,SUMWARS,357.1429226701394,52.0,straight_line,41
92b62e45d6,012,0,8,SUMWARS,HIGLONS,1548.8551316990504,259.0,straight_line,41
92b62e45d6,012,0,9,HIGLONS,HIGBROS,265.02505756658604,40.0,straight_line,41
92b62e45d6,012,0,10,HIGBROS,BROMARW,241.9097012711176,120.0,straight_line,41
92b62e45d6,012,0,11,BROMARW,BROBELW,515.925365643856,59.0,straight_line,41
92b62e45d6,012,0,12,BROBELW,WBRMAYW,463.56078826594063,53.0,straight_line,41
92b62e45d6,012,0,13,WBRMAYW,BROSKIW,150.56699713012407,17.0,straight_line,41
92b62e45d6,012,0,14,BROSKIW,BRODAVW,424.6338388668923,51.0,straight_line,41
92b62e45d6,012,0,15,BRODAVW,SOUSCON,201.9263831402713,23.0,straight_line,41
92b62e45d6,012,0,16,SOUSCON,MCK856W,222.56718549260398,23.0,straight_line,41
92b62e45d6,012,0,17,MCK856W,MCKCYPW,420.90393017763637,35.0,straight_line,41
92b62e45d6,012,0,18,MCKCYPW,MCKYALW,327.79835943340214,27.0,straight_line,41
92b62e45d6,012,0,19,MCKYALW,MCK132W,343.3352206538671,29.0,straight_line,41
92b62e45d6,012,0,20,MCK132W,MCKCENW,172.4825393793414,14.0,straight_line,41
92b62e45d6,012,0,21,MCKCENW,MCKMCKW,197.86979379548438,17.0,straight_line,41
92b62e45d6,012,0,22,MCKMCKW,MCKTRAW,61.154171833456196,12.0,straight_line,41
fe1f6e7653,012,1,0,MCKTRAW,MCK1600W,279.956752088513,120.0,straight_line,41
fe1f6e7653,012,1,1,MCK1600W,MCKPARK,358.1592246128405,120.0,straight_line,41
fe1f6e7653,012,1,2,MCKPARK,MCKCENE,159.43546856187257,19.0,straight_line,41
fe1f6e7653,012,1,3,MCKCENE,MCK133E,151.69506454959142,17.0,straight_line,41
fe1f6e7653,012,1,4,MCK133E,MCKYALE,355.97801907719685,42.0,straight_line,41
fe1f6e7653,012,1,5,MCKYALE,MCKCYPE,321.097774405624,38.0,straight_line,41
fe1f6e7653,012,1,6,MCKCYPE,MCK851E,392.3178105597523,46.0,straight_line,41
fe1f6e7653,012,1,7,MCK851E,SOUSCOS,274.98065046124077,43.0,straight_line,41
fe1f6e7653,012,1,8,SOUSCOS,BRODAVE,203.0704652883128,35.0,straight_line,41
fe1f6e7653,012,1,9,BRODAVE,BROSKIE,346.11635131896287,46.0,straight_line,41
fe1f6e7653,012,1,10,BROSKIE,BROMAYE,211.60734765780748,28.0,straight_line,41
fe1f6e7653,012,1,11,BROMAYE,BROBELE,520.366564158417,69.0,straight_line,41
fe1f6e7653,012,1,12,BROBELE,FROGAYN,569.7884213048638,97.0,straight_line,41
fe1f6e7653,012,1,13,FROGAYN,LONHIGE,149.83528316756443,120.0,straight_line,41
fe1f6e7653,012,1,14,LONHIGE,4THSPRN,437.61102221189844,87.0,straight_line,41
fe1f6e7653,012,1,15,4THSPRN,4THLINN,1133.7544246156801,193.0,straight_line,41
fe1f6e7653,012,1,16,4THLINN,4TH803N,296.8166114303419,49.0,straight_line,41
fe1f6e7653,012,1,17,4TH803N,4TH2NDN,358.6329858262961,60.0,straight_line,41
fe1f6e7653,012,1,18,4TH2NDN,4THDETN,210.79368246733196,35.0,straight_line,41
fe1f6e7653,012,1,19,4THDETN,5TH4THE,259.4206227754578,56.0,straight_line,41
fe1f6e7653,012,1,20,5TH4THE,5THGRAE,227.58934859363308,25.0,straight_line,41
fe1f6e7653,012,1,21,5THGRAE,FIE5THN,351.7249330512359,40.0,straight_line,41
fe1f6e7653,012,1,22,FIE5THN,FIE1330N,250.35213694446813,25.0,straight_line,41
fe1f6e7653,012,1,23,FIE1330N,1333FIEN,141.34914541249725,14.0,straight_line,41
fe1f6e7653,012,1,24,1333FIEN,1333FIES,57.42885833353747,16.0,straight_line,41
b9602c72c5,021,0,0,NMURBEAN,BROWESTE,1277.7390070175961,161.0,straight_line,19
b9602c72c5,021,0,1,BROWESTE,GEOBROS,370.6239207626761,49.0,straight_line,19
b9602c72c5,021,0,2,GEOBROS,GEOSHOS,367.09344584325663,34.0,straight_line,19
b9602c72c5,021,0,3,GEOSHOS,GEOLINS,252.80398624592775,23.0,straight_line,19
b9602c72c5,021,0,4,GEOLINS,GEOINDS,336.1579980821303,33.0,straight_line,19
b9602c72c5,021,0,5,GEOINDS,GEOSULS,300.98196924473876,35.0,straight_line,19
b9602c72c5,021,0,6,GEOSULS,SULCOUW1,371.15465585462164,63.0,straight_line,19
b9602c72c5,021,0,7,SULCOUW1,SULINDW,267.6803224874498,30.0,straight_line,19
b9602c72c5,021,0,8,SULINDW,SULMURW,666.455283603275,75.0,straight_line,19
b9602c72c5,021,0,9,SULMURW,SULEVGW,598.9319649721614,67.0,straight_line,19
b9602c72c5,021,0,10,SULEVGW,SULINAW,428.812292969087,48.0,straight_line,19
b9602c72c5,021,0,11,SULINAW,SULNORW,340.0622760488643,42.0,straight_line,19
b9602c72c5,021,0,12,SULNORW,SULWESW1,412.70246284809195,67.0,straight_line,19
b9602c72c5,021,0,13,SULWESW1,WESMIDN,276.56553149178313,50.0,straight_line,19
b9602c72c5,021,0,14,WESMIDN,WESRUSN,165.18607053656277,27.0,straight_line,19
b9602c72c5,021,0,15,WESRUSN,WESWPRN,198.58479222505812,36.0,straight_line,19
b9602c72c5,021,0,16,WESWPRN,HILBEAN,553.5671404068646,73.0,straight_line,19
b9602c72c5,021,0,17,HILBEAN,300HLRON,371.6351682029413,51.0,straight_line,19
b9602c72c5,021,0,18,300HLRON,HILMANN,521.1604299679325,70.0,straight_line,19
b9602c72c5,021,0,19,HILMANN,HILSUMN,378.63331052527315,50.0,straight_line,19
b9602c72c5,021,0,20,HILSUMN,HILFEDN,733.9914745399487,100.0,straight_line,19
b9602c72c5,021,0,21,HILFEDN,HILRENN,1000.5331541446619,136.0,straight_line,19
b9602c72c5,021,0,22,HILRENN,HILWESN,374.39905179268,44.0,straight_line,19
b9602c72c5,021,0,23,HILWESN,177HILLN,278.4204109322954,33.0,straight_line,19
b9602c72c5,021,0,24,177HILLN,HILLTANN,389.9867271545851,46.0,straight_line,19
b9602c72c5,021,0,25,HILLTANN,HILNIKN,396.4384780116657,47.0,straight_line,19
b9602c72c5,021,0,26,HILNIKN,HILCOVN,448.32533485547856,53.0,straight_line,19
b9602c72c5,021,0,27,HILCOVN,HILROBN,619.125906651303,77.0,straight_line,19
b9602c72c5,021,0,28,HILROBN,HILWHIN,471.2114762232457,40.0,straight_line,19
b9602c72c5,021,0,29,HILWHIN,HILSPRN,576.9336431215759,49.0,straight_line,19
b9602c72c5,021,0,30,HILSPRN,HILTINAN,502.8582529020666,45.0,straight_line,19
b9602c72c5,021,0,31,HILTINAN,MAILUTN,671.7805759356673,61.0,straight_line,19
b9602c72c5,021,0,32,MAILUTN,MAISCIN,516.7403360280682,45.0,straight_line,19
b9602c72c5,021,0,33,MAISCIN,CEMLUXE,545.5510394365864,95.0,straight_line,19
b9602c72c5,021,0,34,CEMLUXE,CEMNORE,281.07675496712875,34.0,straight_line,19
b9602c72c5,021,0,35,CEMNORE,CEMWBE,294.78937882851056,36.0,straight_line,19
b9602c72c5,021,0,36,CEMWBE,CEMOUTE,487.5417167936311,59.0,straight_line,19
b9602c72c5,021,0,37,CEMOUTE,CEMLEAE,317.43120116776754,38.0,straight_line,19
b9602c72c5,021,0,38,CEMLEAE,CEMBROE,237.43417303936903,29.0,straight_line,19
b9602c72c5,021,0,39,CEMBROE,BRICEMN,486.7104422003323,69.0,straight_line,19
b9602c72c5,021,0,40,BRICEMN,BRIALLN,451.7038018359143,42.0,straight_line,19
b9602c72c5,021,0,41,BRIALLN,BRIANSN,546.6345378736155,51.0,straight_line,19
b9602c72c5,021,0,42,BRIANSN,BRIDAVN,972.4213301119073,91.0,straight_line,19
b9602c72c5,021,0,43,BRIDAVN,BRIFARN,577.1681582105966,56.0,straight_line,19
b9602c72c5,021,0,44,BRIFARN,BRICARN,348.965092155339,67.0,straight_line,19
b9602c72c5,021,0,45,BRICARN,BRIHAYN,500.69124686692993,98.0,straight_line,19
b9602c72c5,021,0,46,BRIHAYN,555BRPKN,469.2547406469271,99.0,straight_line,19
b9602c72c5,021,0,47,555BRPKN,BRIPKYN,494.0582043062908,98.0,straight_line,19
b9602c72c5,021,0,48,BRIPKYN,BRIHIRN,192.76905141754818,37.0,straight_line,19
b9602c72c5,021,0,49,BRIHIRN,TUTBRAE,906.7463009660207,228.0,straight_line,19
b9602c72c5,021,0,50,TUTBRAE,TUTFRAE,473.3563586028077,93.0,straight_line,19
b9602c72c5,021,0,51,TUTFRAE,FRABRES,320.61144015030055,49.0,straight_line,19
b9602c72c5,021,0,52,FRABRES,FRAKEAS,556.707823015547,67.0,straight_line,19
b9602c72c5,021,0,53,FRAKEAS,FRAMCGSE,262.33425126012185,30.0,straight_line,19
b9602c72c5,021,0,54,FRAMCGSE,HAY311E,1236.5666097113285,158.0,straight_line,19
b9602c72c5,021,0,55,HAY311E,HAY3011E,376.4154463876095,49.0,straight_line,19
b9602c72c5,021,0,56,HAY3011E,SAWBETN,434.6053562406149,70.0,straight_line,19
b9602c72c5,021,0,57,SAWBETN,RESSAWE,249.46232653980923,43.0,straight_line,19
b9602c72c5,021,0,58,RESSAWE,PICBETS,468.96486790970044,74.0,straight_line,19
caee3d22b4,021,1,0,PICBETS,BETGRYSW,336.75537063131804,58.0,straight_line,19
caee3d22b4,021,1,1,BETGRYSW,HAYDONW,699.8625322335986,98.0,straight_line,19
caee3d22b4,021,1,2,HAYDONW,HAY316W,377.79882116122536,51.0,straight_line,19
caee3d22b4,021,1,3,HAY316W,DUBHAYN,888.3523479635745,121.0,straight_line,19
caee3d22b4,021,1,4,DUBHAYN,FRANORNW,528.2122615202434,71.0,straight_line,19
caee3d22b4,021,1,5,FRANORNW,FRABALN,404.946831086335,57.0,straight_line,19
caee3d22b4,021,1,6,FRABALN,FRABREN,314.19917301308527,41.0,straight_line,19
caee3d22b4,021,1,7,FRABREN,TUTFRAW,255.59952753546492,43.0,straight_line,19
caee3d22b4,021,1,8,TUTFRAW,TUTBLAW,679.7577412670835,190.0,straight_line,19
caee3d22b4,021,1,9,TUTBLAW,BRIHIRS,745.4114067729561,290.0,straight_line,19
caee3d22b4,021,1,10,BRIHIRS,BRIPKYS,234.81278740439566,27.0,straight_line,19
caee3d22b4,021,1,11,BRIPKYS,BRITUTS,318.615394800015,36.0,straight_line,19
caee3d22b4,021,1,12,BRITUTS,BRIHAYS,578.797372963225,69.0,straight_line,19
caee3d22b4,021,1,13,BRIHAYS,BRICARS,622.778218742313,70.0,straight_line,19
caee3d22b4,021,1,14,BRICARS,BRIFARS,322.6570591471293,38.0,straight_line,19
caee3d22b4,021,1,15,BRIFARS,BRIDAVS,502.0620384533959,57.0,straight_line,19
caee3d22b4,021,1,16,BRIDAVS,BRIANSS,939.1379541568792,109.0,straight_line,19
caee3d22b4,021,1,17,BRIANSS,BRIALLS,707.1200087912441,82.0,straight_line,19
caee3d22b4,021,1,18,BRIALLS,CEMBRIW,377.8410221959514,52.0,straight_line,19
caee3d22b4,021,1,19,CEMBRIW,CEMBROW,399.168530166617,51.0,straight_line,19
caee3d22b4,021,1,20,CEMBROW,CEMLEAW,322.38658000930167,41.0,straight_line,19
caee3d22b4,021,1,21,CEMLEAW,CEMOUTW,346.66891940812206,44.0,straight_line,19
caee3d22b4,021,1,22,CEMOUTW,CEMBERLW,319.55179099856275,40.0,straight_line,19
caee3d22b4,021,1,23,CEMBERLW,CEMNORW,481.9293968171052,61.0,straight_line,19
caee3d22b4,021,1,24,CEMNORW,CEMFRAW,277.65126985230063,35.0,straight_line,19
caee3d22b4,021,1,25,CEMFRAW,MAISCIS,440.52671006325124,88.0,straight_line,19
caee3d22b4,021,1,26,MAISCIS,MAILUTS,566.8325232888385,57.0,straight_line,19
caee3d22b4,021,1,27,MAILUTS,HILTINS,684.2289552465754,72.0,straight_line,19
caee3d22b4,021,1,28,HILTINS,HILHYDS,489.490562102454,55.0,straight_line,19
caee3d22b4,021,1,29,HILHYDS,HILWHIS,607.3883378110048,61.0,straight_line,19
caee3d22b4,021,1,30,HILWHIS,HILROBS,531.3492915731678,55.0,straight_line,19
caee3d22b4,021,1,31,HILROBS,HILCABS,564.146762249405,83.0,straight_line,19
caee3d22b4,021,1,32,HILCABS,HILNIKS,420.4774837944134,61.0,straight_line,19
caee3d22b4,021,1,33,HILNIKS,HILLTANS,274.42165952049885,40.0,straight_line,19
caee3d22b4,021,1,34,HILLTANS,178HILLS,411.20588768425034,60.0,straight_line,19
caee3d22b4,021,1,35,178HILLS,HILWESS,380.1395074181576,56.0,straight_line,19
caee3d22b4,021,1,36,HILWESS,HILRENS,381.1921188812871,60.0,straight_line,19
caee3d22b4,021,1,37,HILRENS,HILFEDS,1035.4988401973574,121.0,straight_line,19
caee3d22b4,021,1,38,HILFEDS,HILSUMS,685.556517300507,81.0,straight_line,19
caee3d22b4,021,1,39,HILSUMS,HILMANS,373.5311035589005,43.0,straight_line,19
caee3d22b4,021,1,40,HILMANS,HILGLES,478.0396927301786,56.0,straight_line,19
caee3d22b4,021,1,41,HILGLES,HILBEAS,424.98238890318606,52.0,straight_line,19
caee3d22b4,021,1,42,HILBEAS,WESWPRS,542.4699548385905,67.0,straight_line,19
caee3d22b4,021,1,43,WESWPRS,WESRUSS,216.6339004391975,32.0,straight_line,19
caee3d22b4,021,1,44,WESRUSS,WESMIDS,166.63201519104783,27.0,straight_line,19
caee3d22b4,021,1,45,WESMIDS,SULWESE1,264.48935015499046,44.0,straight_line,19
caee3d22b4,021,1,46,SULWESE1,SULNORE,508.26494170267057,77.0,straight_line,19
caee3d22b4,021,1,47,SULNORE,SULINAE,229.40095725599852,25.0,straight_line,19
caee3d22b4,021,1,48,SULINAE,SULEVGE,508.1501089519696,56.0,straight_line,19
caee3d22b4,021,1,49,SULEVGE,SULMURE,555.4243768287112,61.0,straight_line,19
caee3d22b4,021,1,50,SULMURE,SULINDE,709.7264288887409,78.0,straight_line,19
caee3d22b4,021,1,51,SULINDE,SULCOUE,213.49453387338443,23.0,straight_line,19
caee3d22b4,021,1,52,SULCOUE,GEOSULN,461.41076352610605,73.0,straight_line,19
caee3d22b4,021,1,53,GEOSULN,GEODELN,360.93471144150243,44.0,straight_line,19
caee3d22b4,021,1,54,GEODELN,GEOCASN,316.3387357341286,39.0,straight_line,19
caee3d22b4,021,1,55,GEOCASN,BRO4158W,621.186284069708,95.0,straight_line,19
caee3d22b4,021,1,56,BRO4158W,BRO425W,258.0574497583784,31.0,straight_line,19
caee3d22b4,021,1,57,BRO425W,BROOLDW,788.6453030320463,97.0,straight_line,19
caee3d22b4,021,1,58,BROOLDW,BROMURW,289.5628404602674,35.0,straight_line,19
caee3d22b4,021,1,59,BROMURW,NMURBEAN,341.2573327659821,63.0,straight_line,19
ff7e01b0b9,022,0,0,RAIBALS,GOOYARW,142.69819672877333,34.0,straight_line,37
ff7e01b0b9,022,0,1,GOOYARW,GOO868W,227.18312486027085,40.0,straight_line,37
ff7e01b0b9,022,0,2,GOO868W,BOBBURN,281.78536949713214,61.0,straight_line,37
ff7e01b0b9,022,0,3,BOBBURN,BOBBELN,478.58576873834005,87.0,straight_line,37
ff7e01b0b9,022,0,4,BOBBELN,EDG3RDS,428.52418614089765,79.0,straight_line,37
ff7e01b0b9,022,0,5,EDG3RDS,5THEDGE,341.898609924581,70.0,straight_line,37
ff7e01b0b9,022,0,6,5THEDGE,KINOLEE1,582.1961812917123,156.0,straight_line,37
ff7e01b0b9,022,0,7,KINOLEE1,MEDCCE,404.89675641496314,98.0,straight_line,37
ff7e01b0b9,022,0,8,MEDCCE,MEDC9THN,151.7605566868209,35.0,straight_line,37
ff7e01b0b9,022,0,9,MEDC9THN,NEI10TN,282.70341046230067,113.0,straight_line,37
ff7e01b0b9,022,0,10,NEI10TN,W11WORTE,218.1790493888832,98.0,straight_line,37
ff7e01b0b9,022,0,11,W11WORTE,W12COLLE,316.22533146437775,142.0,straight_line,37
ff7e01b0b9,022,0,12,W12COLLE,HIGCHIS,173.21956569330885,67.0,straight_line,37
ff7e01b0b9,022,0,13,HIGCHIS,11THIGE,188.7580386634482,42.0,straight_line,37
ff7e01b0b9,022,0,14,11THIGE,11TINDE,291.6553417042652,55.0,straight_line,37
ff7e01b0b9,022,0,15,11TINDE,11T4THE,265.97217082355803,50.0,straight_line,37
ff7e01b0b9,022,0,16,11T4THE,11TGRAE,339.13879349163284,64.0,straight_line,37
ff7e01b0b9,022,0,17,11TGRAE,11TDAUE,216.33262840210742,40.0,straight_line,37
ff7e01b0b9,022,0,18,11TDAUE,1333FIES,447.23545289491,109.0,straight_line,37
ff7e01b0b9,022,0,19,1333FIES,FIEMOBDS,184.32220421245748,27.0,straight_line,37
ff7e01b0b9,022,0,20,FIEMOBDS,FIE5THS,174.9385892848845,25.0,straight_line,37
ff7e01b0b9,022,0,21,FIE5THS,5THCLEE,355.95679132058245,55.0,straight_line,37
ff7e01b0b9,022,0,22,5THCLEE,5THWALE1,399.36920422406064,58.0,straight_line,37
ff7e01b0b9,022,0,23,5THWALE1,5THSAIE,376.9610616897566,54.0,straight_line,37
ff7e01b0b9,022,0,24,5THSAIE,5TH20TE,618.6723790727006,89.0,straight_line,37
ff7e01b0b9,022,0,25,5TH20TE,5TH23RE,334.2942608309316,52.0,straight_line,37
ff7e01b0b9,022,0,26,5TH23RE,JOYGIBS,197.45899431145085,53.0,straight_line,37
ff7e01b0b9,022,0,27,JOYGIBS,CHALEOS,642.8612897231026,126.0,straight_line,37
ff7e01b0b9,022,0,28,CHALEOS,CHATORS,261.3425036752838,51.0,straight_line,37
ff7e01b0b9,022,0,29,CHATORS,CHAMTVS,379.6761156853946,74.0,straight_line,37
ff7e01b0b9,022,0,30,CHAMTVS,CHAHAW,178.4133060972767,34.0,straight_line,37
ff7e01b0b9,022,0,31,CHAHAW,OHILONS1,335.5701560264557,80.0,straight_line,37
ff7e01b0b9,022,0,32,OHILONS1,OHIBROS,299.60230518502215,62.0,straight_line,37
ff7e01b0b9,022,0,33,OHIBROS,OHIOAKS,332.8931889377626,69.0,straight_line,37
ff7e01b0b9,022,0,34,OHIOAKS,OHIBRYS,180.30800197401584,37.0,straight_line,37
ff7e01b0b9,022,0,35,OHIBRYS,OHIMAIS,349.0566693102995,73.0,straight_line,37
ff7e01b0b9,022,0,36,OHIMAIS,OHIFULS,311.44920505741715,65.0,straight_line,37
ff7e01b0b9,022,0,37,OHIFULS,OHIMOOS,198.31770539498356,41.0,straight_line,37
ff7e01b0b9,022,0,38,OHIMOOS,OHILIVS,338.72799780534586,75.0,straight_line,37
ff7e01b0b9,022,0,39,OHILIVS,OHISYCS,164.44160280038844,25.0,straight_line,37
ff7e01b0b9,022,0,40,OHISYCS,OHICOLS,242.76428256964547,38.0,straight_line,37
ff7e01b0b9,022,0,41,OHICOLS,OHIWHIS,286.1263446955355,44.0,straight_line,37
ff7e01b0b9,022,0,42,OHIWHIS,OHISTES,299.882218262038,47.0,straight_line,37
ff7e01b0b9,022,0,43,OHISTES,OHITHUS,289.8894702179533,45.0,straight_line,37
ff7e01b0b9,022,0,44,OHITHUS,FREOAKE,429.08770996951,87.0,straight_line,37
ff7e01b0b9,022,0,45,FREOAKE,FRESTUE,462.4004655047538,74.0,straight_line,37
ff7e01b0b9,022,0,46,FRESTUE,FREELLE,305.0729666590419,36.0,straight_line,37
ff7e01b0b9,022,0,47,FREELLE,FREBERE,277.6095443091504,32.0,straight_line,37
ff7e01b0b9,022,0,48,FREBERE,FREFAIE1,321.12488811524514,38.0,straight_line,37
ff7e01b0b9,022,0,49,FREFAIE1,FRETHEE,207.80220179839654,24.0,straight_line,37
ff7e01b0b9,022,0,50,FRETHEE,FREFREE,446.70998154649584,53.0,straight_line,37
ff7e01b0b9,022,0,51,FREFREE,ALUFRES,406.41919366078787,54.0,straight_line,37
ff7e01b0b9,022,0,52,ALUFRES,ALU1900S,324.3607028209474,38.0,straight_line,37
ff7e01b0b9,022,0,53,ALU1900S,ALUCORS,321.4764983784706,38.0,straight_line,37
ff7e01b0b9,022,0,54,ALUCORS,ALUWINS,360.85687630767205,47.0,straight_line,37
ff7e01b0b9,022,0,55,ALUWINS,ALULAWNS,1386.3022582306419,117.0,straight_line,37
ff7e01b0b9,022,0,56,ALULAWNS,ALUKOBLS,367.06278950900503,31.0,straight_line,37
ff7e01b0b9,022,0,57,ALUKOBLS,ALUGLENS,231.33311119946572,19.0,straight_line,37
ff7e01b0b9,022,0,58,ALUGLENS,ALUWATS,286.3927604718629,24.0,straight_line,37
ff7e01b0b9,022,0,59,ALUWATS,ALUNEWWS,911.5506796696878,75.0,straight_line,37
ff7e01b0b9,022,0,60,ALUNEWWS,ALUCRKWS,294.7129859688428,24.0,straight_line,37
ff7e01b0b9,022,0,61,ALUCRKWS,ALUWHWS,365.432499727092,30.0,straight_line,37
ff7e01b0b9,022,0,62,ALUWHWS,ALUWILS,450.58086769016097,40.0,straight_line,37
ff7e01b0b9,022,0,63,ALUWILS,ALUTHIS,269.52025071892047,27.0,straight_line,37
ff7e01b0b9,022,0,64,ALUTHIS,ALULINS,958.438399411067,98.0,straight_line,37
ff7e01b0b9,022,0,65,ALULINS,ALUCGROS,1102.2647962648323,115.0,straight_line,37
ff7e01b0b9,022,0,66,ALUCGROS,TOYALUE,1726.0434293472722,154.0,straight_line,37
ff7e01b0b9,022,0,67,TOYALUE,GATTOYS,596.016695943533,52.0,straight_line,37
ff7e01b0b9,022,0,68,GATTOYS,GATAMAS,314.58052761190237,34.0,straight_line,37
ff7e01b0b9,022,0,69,GATAMAS,AMAZONS,304.331497116273,20.0,straight_line,37
ff7e01b0b9,022,0,70,AMAZONS,PORROHS,647.6976775469351,52.0,straight_line,37
ff7e01b0b9,022,0,71,PORROHS,PORSPIS,509.6665960136005,30.0,straight_line,37
ff7e01b0b9,022,0,72,PORSPIS,PORLONS,741.9574245081415,44.0,straight_line,37
ff7e01b0b9,022,0,73,PORLONS,ALUWLONS,773.2877252478279,53.0,straight_line,37
ff7e01b0b9,022,0,74,ALUWLONS,MCAR1,958.323494977719,101.0,straight_line,37
0cbb527998,022,0,0,1333FIES,FIEMOBDS,184.32220421245748,27.0,straight_line,5
0cbb527998,022,0,1,FIEMOBDS,FIE5THS,174.9385892848845,25.0,straight_line,5
0cbb527998,022,0,2,FIE5THS,5THCLEE,355.95679132058245,55.0,straight_line,5
0cbb527998,022,0,3,5THCLEE,5THWALE1,399.36920422406064,58.0,straight_line,5
0cbb527998,022,0,4,5THWALE1,5THSAIE,376.9610616897566,54.0,straight_line,5
0cbb527998,022,0,5,5THSAIE,5TH20TE,618.6723790727006,89.0,straight_line,5
0cbb527998,022,0,6,5TH20TE,5TH23RE,334.2942608309316,52.0,straight_line,5
0cbb527998,022,0,7,5TH23RE,JOYGIBS,197.45899431145085,46.0,straight_line,5
0cbb527998,022,0,8,JOYGIBS,CHALEOS,642.8612897231026,110.0,straight_line,5
0cbb527998,022,0,9,CHALEOS,CHATORS,261.3425036752838,44.0,straight_line,5
0cbb527998,022,0,10,CHATORS,CHAMTVS,379.6761156853946,65.0,straight_line,5
0cbb527998,022,0,11,CHAMTVS,CHAHAW,178.4133060972767,30.0,straight_line,5
0cbb527998,022,0,12,CHAHAW,OHILONS1,335.5701560264557,70.0,straight_line,5
0cbb527998,022,0,13,OHILONS1,OHIBROS,299.60230518502215,55.0,straight_line,5
0cbb527998,022,0,14,OHIBROS,OHIOAKS,332.8931889377626,58.0,straight_line,5
0cbb527998,022,0,15,OHIOAKS,OHIBRYS,180.30800197401584,31.0,straight_line,5
0cbb527998,022,0,16,OHIBRYS,OHIMAIS,349.0566693102995,61.0,straight_line,5
0cbb527998,022,0,17,OHIMAIS,OHIFULS,311.44920505741715,54.0,straight_line,5
0cbb527998,022,0,18,OHIFULS,OHIMOOS,198.31770539498356,34.0,straight_line,5
0cbb527998,022,0,19,OHIMOOS,OHILIVS,338.72799780534586,62.0,straight_line,5
0cbb527998,022,0,20,OHILIVS,OHISYCS,164.44160280038844,25.0,straight_line,5
0cbb527998,022,0,21,OHISYCS,OHICOLS,242.76428256964547,38.0,straight_line,5
0cbb527998,022,0,22,OHICOLS,OHIWHIS,286.1263446955355,44.0,straight_line,5
0cbb527998,022,0,23,OHIWHIS,OHISTES,299.882218262038,47.0,straight_line,5
0cbb527998,022,0,24,OHISTES,OHITHUS,289.8894702179533,45.0,straight_line,5
0cbb527998,022,0,25,OHITHUS,FREOAKE,429.08770996951,87.0,straight_line,5
0cbb527998,022,0,26,FREOAKE,FRESTUE,462.4004655047538,74.0,straight_line,5
0cbb527998,022,0,27,FRESTUE,FREELLE,305.0729666590419,30.0,straight_line,5
0cbb527998,022,0,28,FREELLE,FREBERE,277.6095443091504,27.0,straight_line,5
0cbb527998,022,0,29,FREBERE,FREFAIE1,321.12488811524514,31.0,straight_line,5
0cbb527998,022,0,30,FREFAIE1,FRETHEE,207.80220179839654,20.0,straight_line,5
0cbb527998,022,0,31,FRETHEE,FREFREE,446.70998154649584,44.0,straight_line,5
0cbb527998,022,0,32,FREFREE,ALUFRES,406.41919366078787,45.0,straight_line,5
0cbb527998,022,0,33,ALUFRES,ALU1900S,324.3607028209474,32.0,straight_line,5
0cbb527998,022,0,34,ALU1900S,ALUCORS,321.4764983784706,31.0,straight_line,5
0cbb527998,022,0,35,ALUCORS,ALUWINS,360.85687630767205,40.0,straight_line,5
0cbb527998,022,0,36,ALUWINS,ALULAWNS,1386.3022582306419,97.0,straight_line,5
0cbb527998,022,0,37,ALULAWNS,ALUKOBLS,367.06278950900503,26.0,straight_line,5
0cbb527998,022,0,38,ALUKOBLS,ALUGLENS,231.33311119946572,16.0,straight_line,5
0cbb527998,022,0,39,ALUGLENS,ALUWATS,286.3927604718629,20.0,straight_line,5
0cbb527998,022,0,40,ALUWATS,ALUNEWWS,911.5506796696878,62.0,straight_line,5
0cbb527998,022,0,41,ALUNEWWS,ALUCRKWS,294.7129859688428,20.0,straight_line,5
0cbb527998,022,0,42,ALUCRKWS,ALUWHWS,365.432499727092,25.0,straight_line,5
0cbb527998,022,0,43,ALUWHWS,ALUWILS,450.58086769016097,34.0,straight_line,5
0cbb527998,022,0,44,ALUWILS,ALUTHIS,269.52025071892047,27.0,straight_line,5
0cbb527998,022,0,45,ALUTHIS,ALULINS,958.438399411067,98.0,straight_line,5
0cbb527998,022,0,46,ALULINS,ALUCGROS,1102.2647962648323,115.0,straight_line,5
0cbb527998,022,0,47,ALUCGROS,TOYALUE,1726.0434293472722,192.0,straight_line,5
0cbb527998,022,0,48,TOYALUE,GATTOYS,596.016695943533,66.0,straight_line,5
0cbb527998,022,0,49,GATTOYS,GATAMAS,314.58052761190237,42.0,straight_line,5
0cbb527998,022,0,50,GATAMAS,AMAZONS,304.331497116273,20.0,straight_line,5
0cbb527998,022,0,51,AMAZONS,PORROHS,647.6976775469351,52.0,straight_line,5
0cbb527998,022,0,52,PORROHS,PORSPIS,509.6665960136005,30.0,straight_line,5
0cbb527998,022,0,53,PORSPIS,PORLONS,741.9574245081415,44.0,straight_line,5
0cbb527998,022,0,54,PORLONS,ALUWLONS,773.2877252478279,53.0,straight_line,5
0cbb527998,022,0,55,ALUWLONS,MCAR1,958.323494977719,101.0,straight_line,5
4593bea7da,022,0,0,OHIBROS,OHIOAKS,332.8931889377626,69.0,straight_line,13
4593bea7da,022,0,1,OHIOAKS,OHIBRYS,180.30800197401584,37.0,straight_line,13
4593bea7da,022,0,2,OHIBRYS,OHIMAIS,349.0566693102995,73.0,straight_line,13
4593bea7da,022,0,3,OHIMAIS,OHIFULS,311.44920505741715,65.0,straight_line,13
4593bea7da,022,0,4,OHIFULS,OHIMOOS,198.31770539498356,41.0,straight_line,13
4593bea7da,022,0,5,OHIMOOS,OHILIVS,338.72799780534586,75.0,straight_line,13
4593bea7da,022,0,6,OHILIVS,OHISYCS,164.44160280038844,25.0,straight_line,13
4593bea7da,022,0,7,OHISYCS,OHICOLS,242.76428256964547,38.0,straight_line,13
4593bea7da,022,0,8,OHICOLS,OHIWHIS,286.1263446955355,44.0,straight_line,13
4593bea7da,022,0,9,OHIWHIS,OHISTES,299.882218262038,47.0,straight_line,13
4593bea7da,022,0,10,OHISTES,OHITHUS,289.8894702179533,45.0,straight_line,13
4593bea7da,022,0,11,OHITHUS,FREOAKE,429.08770996951,87.0,straight_line,13
4593bea7da,022,0,12,FREOAKE,FRESTUE,462.4004655047538,74.0,straight_line,13
4593bea7da,022,0,13,FRESTUE,FREELLE,305.0729666590419,36.0,straight_line,13
4593bea7da,022,0,14,FREELLE,FREBERE,277.6095443091504,32.0,straight_line,13
4593bea7da,022,0,15,FREBERE,FREFAIE1,321.12488811524514,38.0,straight_line,13
4593bea7da,022,0,16,FREFAIE1,FRETHEE,207.80220179839654,24.0,straight_line,13
4593bea7da,022,0,17,FRETHEE,FREFREE,446.70998154649584,53.0,straight_line,13
4593bea7da,022,0,18,FREFREE,ALUFRES,406.41919366078787,54.0,straight_line,13
4593bea7da,022,0,19,ALUFRES,ALU1900S,324.3607028209474,38.0,straight_line,13
4593bea7da,022,0,20,ALU1900S,ALUCORS,321.4764983784706,38.0,straight_line,13
4593bea7da,022,0,21,ALUCORS,ALUWINS,360.85687630767205,47.0,straight_line,13
4593bea7da,022,0,22,ALUWINS,ALULAWNS,1386.3022582306419,117.0,straight_line,13
4593bea7da,022,0,23,ALULAWNS,ALUKOBLS,367.06278950900503,31.0,straight_line,13
4593bea7da,022,0,24,ALUKOBLS,ALUGLENS,231.33311119946572,19.0,straight_line,13
4593bea7da,022,0,25,ALUGLENS,ALUWATS,286.3927604718629,24.0,straight_line,13
4593bea7da,022,0,26,ALUWATS,ALUNEWWS,911.5506796696878,75.0,straight_line,13
4593bea7da,022,0,27,ALUNEWWS,ALUCRKWS,294.7129859688428,24.0,straight_line,13
4593bea7da,022,0,28,ALUCRKWS,ALUWHWS,365.432499727092,30.0,straight_line,13
4593bea7da,022,0,29,ALUWHWS,ALUWILS,450.58086769016097,40.0,straight_line,13
4593bea7da,022,0,30,ALUWILS,ALUTHIS,269.52025071892047,27.0,straight_line,13
4593bea7da,022,0,31,ALUTHIS,ALULINS,958.438399411067,98.0,straight_line,13
4593bea7da,022,0,32,ALULINS,ALUCGROS,1102.2647962648323,115.0,straight_line,13
4593bea7da,022,0,33,ALUCGROS,TOYALUE,1726.0434293472722,192.0,straight_line,13
4593bea7da,022,0,34,TOYALUE,GATTOYS,596.016695943533,66.0,straight_line,13
4593bea7da,022,0,35,GATTOYS,GATAMAS,314.58052761190237,42.0,straight_line,13
4593bea7da,022,0,36,GATAMAS,AMAZONS,304.331497116273,24.0,straight_line,13
4593bea7da,022,0,37,AMAZONS,PORROHS,647.6976775469351,63.0,straight_line,13
4593bea7da,022,0,38,PORROHS,PORSPIS,509.6665960136005,36.0,straight_line,13
4593bea7da,022,0,39,PORSPIS,PORLONS,741.9574245081415,53.0,straight_line,13
4593bea7da,022,0,40,PORLONS,ALUWLONS,773.2877252478279,64.0,straight_line,13
4593bea7da,022,0,41,ALUWLONS,MCAR1,958.323494977719,120.0,straight_line,13
9c0a3b7cc3,022,1,0,MCAR1,ALUWLONN,990.2711229785381,111.0,straight_line,38
9c0a3b7cc3,022,1,1,ALUWLONN,SPIALU1E,791.5351386885309,97.0,straight_line,38
9c0a3b7cc3,022,1,2,SPIALU1E,PORSPIN,484.56490311702896,49.0,straight_line,38
9c0a3b7cc3,022,1,3,PORSPIN,PORROHN,472.82894743925414,44.0,straight_line,38
9c0a3b7cc3,022,1,4,PORROHN,AMAZONN,660.1776334956478,84.0,straight_line,38
9c0a3b7cc3,022,1,5,AMAZONN,GATAMAN,330.08606103074226,35.0,straight_line,38
9c0a3b7cc3,022,1,6,GATAMAN,TOYGATW,396.24700277812553,72.0,straight_line,38
9c0a3b7cc3,022,1,7,TOYGATW,TOYALUW,547.0490974048229,82.0,straight_line,38
9c0a3b7cc3,022,1,8,TOYALUW,ALUGRON,1650.6601183087812,266.0,straight_line,38
9c0a3b7cc3,022,1,9,ALUGRON,ALULINN,1257.9812625085187,147.0,straight_line,38
9c0a3b7cc3,022,1,10,ALULINN,ALUTHIN,843.3350118998919,99.0,straight_line,38
9c0a3b7cc3,022,1,11,ALUTHIN,ALUWILN,450.9330743729676,54.0,straight_line,38
9c0a3b7cc3,022,1,12,ALUWILN,ALUWHWN,234.01598493298016,20.0,straight_line,38
9c0a3b7cc3,022,1,13,ALUWHWN,ALUPROMN,335.21846378140935,29.0,straight_line,38
9c0a3b7cc3,022,1,14,ALUPROMN,ALUNEWWN,382.339316677599,33.0,straight_line,38
9c0a3b7cc3,022,1,15,ALUNEWWN,ALUWATN,913.9207309132662,79.0,straight_line,38
9c0a3b7cc3,022,1,16,ALUWATN,ALUGLNAN,285.5894559923948,24.0,straight_line,38
9c0a3b7cc3,022,1,17,ALUGLNAN,ALUKOBLN,233.2752239087412,20.0,straight_line,38
9c0a3b7cc3,022,1,18,ALUKOBLN,ALULAWNN,353.4791082727224,30.0,straight_line,38
9c0a3b7cc3,022,1,19,ALULAWNN,ALUWINN,1385.1751789611928,125.0,straight_line,38
9c0a3b7cc3,022,1,20,ALUWINN,ALUCORN,319.2659953133417,37.0,straight_line,38
9c0a3b7cc3,022,1,21,ALUCORN,ALU1900N,330.19682594803095,38.0,straight_line,38
9c0a3b7cc3,022,1,22,ALU1900N,ALUFRAN,263.1128814431927,31.0,straight_line,38
9c0a3b7cc3,022,1,23,ALUFRAN,FREALUW,195.95145775407588,27.0,straight_line,38
9c0a3b7cc3,022,1,24,FREALUW,FREFREW,352.1183867948277,40.0,straight_line,38
9c0a3b7cc3,022,1,25,FREFREW,FRETHEW,398.7276813306062,46.0,straight_line,38
9c0a3b7cc3,022,1,26,FRETHEW,FREFAIW,230.80195191617338,26.0,straight_line,38
9c0a3b7cc3,022,1,27,FREFAIW,FREBERW,333.8972034532205,38.0,straight_line,38
9c0a3b7cc3,022,1,28,FREBERW,FREELLW,272.47690693807857,31.0,straight_line,38
9c0a3b7cc3,022,1,29,FREELLW,FRESTUW,350.0674416114705,40.0,straight_line,38
9c0a3b7cc3,022,1,30,FRESTUW,FREOAKW,334.55107761789003,55.0,straight_line,38
9c0a3b7cc3,022,1,31,FREOAKW,CHAMITN,317.50869259113085,71.0,straight_line,38
9c0a3b7cc3,022,1,32,CHAMITN,CHASTEN,349.53299493660296,59.0,straight_line,38
9c0a3b7cc3,022,1,33,CHASTEN,CHAWHIN,273.21450020510883,46.0,straight_line,38
9c0a3b7cc3,022,1,34,CHAWHIN,CHAKOSN,244.8466168695496,41.0,straight_line,38
9c0a3b7cc3,022,1,35,CHAKOSN,CHAFORN,218.8036414457657,37.0,straight_line,38
9c0a3b7cc3,022,1,36,CHAFORN,CHALIVN,288.04974366032064,51.0,straight_line,38
9c0a3b7cc3,022,1,37,CHALIVN,CHANEWN,146.38804590204157,28.0,straight_line,38
9c0a3b7cc3,022,1,38,CHANEWN,CHAFULN,474.71599694318064,92.0,straight_line,38
9c0a3b7cc3,022,1,39,CHAFULN,CHAMAIN,229.54430972420624,44.0,straight_line,38
9c0a3b7cc3,022,1,40,CHAMAIN,CHABRYN,345.6470164818699,67.0,straight_line,38
9c0a3b7cc3,022,1,41,CHABRYN,CHAOAKN,240.50475058972248,46.0,straight_line,38
9c0a3b7cc3,022,1,42,CHAOAKN,GOVBRON,403.92862229741894,83.0,straight_line,38
9c0a3b7cc3,022,1,43,GOVBRON,CHALONN,287.3133333560586,47.0,straight_line,38
9c0a3b7cc3,022,1,44,CHALONN,CHAHAWN,149.17967515321507,24.0,straight_line,38
9c0a3b7cc3,022,1,45,CHAHAWN,CHAMTVN,262.391950891738,43.0,straight_line,38
9c0a3b7cc3,022,1,46,CHAMTVN,CHATORN,347.52907133957336,57.0,straight_line,38
9c0a3b7cc3,022,1,47,CHATORN,CHAMARN,259.69137474504447,42.0,straight_line,38
9c0a3b7cc3,022,1,48,CHAMARN,JOYBLIN,481.3298746067912,79.0,straight_line,38
9c0a3b7cc3,022,1,49,JOYBLIN,5THJOYW,354.6396763438028,68.0,straight_line,38
9c0a3b7cc3,022,1,50,5THJOYW,5TH20TW,429.483554946838,50.0,straight_line,38
9c0a3b7cc3,022,1,51,5TH20TW,5THSAIW,633.9706960427525,74.0,straight_line,38
9c0a3b7cc3,022,1,52,5THSAIW,5THWALW1,251.4223077761676,29.0,straight_line,38
9c0a3b7cc3,022,1,53,5THWALW1,5THCLEW,442.22497768507156,51.0,straight_line,38
9c0a3b7cc3,022,1,54,5THCLEW,5THFIEW,318.79294466401836,37.0,straight_line,38
9c0a3b7cc3,022,1,55,5THFIEW,FIE5THN,61.67239616296537,9.0,straight_line,38
9c0a3b7cc3,022,1,56,FIE5THN,FIE1330N,250.35213694446813,29.0,straight_line,38
9c0a3b7cc3,022,1,57,FIE1330N,1333FIEN,141.34914541249725,21.0,straight_line,38
9c0a3b7cc3,022,1,58,1333FIEN,11TDAUW,413.04116266580394,98.5,straight_line,38
9c0a3b7cc3,022,1,59,11TDAUW,11TGRAW,217.35147631335263,41.0,straight_line,38
9c0a3b7cc3,022,1,60,11TGRAW,11T4THW,345.13811938424664,65.0,straight_line,38
9c0a3b7cc3,022,1,61,11T4THW,11TINDW,317.2329282662804,60.0,straight_line,38
9c0a3b7cc3,022,1,62,11TINDW,11THIGW,284.06056425751666,53.5,straight_line,38
9c0a3b7cc3,022,1,63,11THIGW,12THIGW,288.20792353496216,72.0,straight_line,38
9c0a3b7cc3,022,1,64,12THIGW,W11WORTW,333.7685691686744,131.0,straight_line,38
9c0a3b7cc3,022,1,65,W11WORTW,NEILW10S,244.71609209189504,79.0,straight_line,38
9c0a3b7cc3,022,1,66,NEILW10S,9THMEDCW,225.3454631535506,90.0,straight_line,38
9c0a3b7cc3,022,1,67,9THMEDCW,MEDCCW,190.3841118879775,41.0,straight_line,38
9c0a3b7cc3,022,1,68,MEDCCW,5THOLEW,840.6353493574105,208.0,straight_line,38
9c0a3b7cc3,022,1,69,5THOLEW,EDG5TH,241.3716711229211,48.0,straight_line,38
9c0a3b7cc3,022,1,70,EDG5TH,BOBEDGS,419.7029993144208,72.0,straight_line,38
9c0a3b7cc3,022,1,71,BOBEDGS,BOBBELS,323.16859283156515,55.0,straight_line,38
9c0a3b7cc3,022,1,72,BOBBELS,RAIBALS,757.9446289017575,176.0,straight_line,38
7604d2e5d4,022,1,0,MCAR1,ALUWLONN,990.2711229785381,79.0,straight_line,14
7604d2e5d4,022,1,1,ALUWLONN,SPIALU1E,791.5351386885309,69.0,straight_line,14
7604d2e5d4,022,1,2,SPIALU1E,PORSPIN,484.56490311702896,35.0,straight_line,14
7604d2e5d4,022,1,3,PORSPIN,PORROHN,472.82894743925414,32.0,straight_line,14
7604d2e5d4,022,1,4,PORROHN,AMAZONN,660.1776334956478,60.0,straight_line,14
7604d2e5d4,022,1,5,AMAZONN,GATAMAN,330.08606103074226,25.0,straight_line,14
7604d2e5d4,022,1,6,GATAMAN,TOYGATW,396.24700277812553,61.0,straight_line,14
7604d2e5d4,022,1,7,TOYGATW,TOYALUW,547.0490974048229,70.0,straight_line,14
7604d2e5d4,022,1,8,TOYALUW,ALUGRON,1650.6601183087812,229.0,straight_line,14
7604d2e5d4,022,1,9,ALUGRON,ALULINN,1257.9812625085187,147.0,straight_line,14
7604d2e5d4,022,1,10,ALULINN,ALUTHIN,843.3350118998919,99.0,straight_line,14
7604d2e5d4,022,1,11,ALUTHIN,ALUWILN,450.9330743729676,54.0,straight_line,14
7604d2e5d4,022,1,12,ALUWILN,ALUWHWN,234.01598493298016,20.0,straight_line,14
7604d2e5d4,022,1,13,ALUWHWN,ALUPROMN,335.21846378140935,29.0,straight_line,14
7604d2e5d4,022,1,14,ALUPROMN,ALUNEWWN,382.339316677599,33.0,straight_line,14
7604d2e5d4,022,1,15,ALUNEWWN,ALUWATN,913.9207309132662,79.0,straight_line,14
7604d2e5d4,022,1,16,ALUWATN,ALUGLNAN,285.5894559923948,24.0,straight_line,14
7604d2e5d4,022,1,17,ALUGLNAN,ALUKOBLN,233.2752239087412,20.0,straight_line,14
7604d2e5d4,022,1,18,ALUKOBLN,ALULAWNN,353.4791082727224,30.0,straight_line,14
7604d2e5d4,022,1,19,ALULAWNN,ALUWINN,1385.1751789611928,125.0,straight_line,14
7604d2e5d4,022,1,20,ALUWINN,ALUCORN,319.2659953133417,37.0,straight_line,14
7604d2e5d4,022,1,21,ALUCORN,ALU1900N,330.19682594803095,38.0,straight_line,14
7604d2e5d4,022,1,22,ALU1900N,ALUFRAN,263.1128814431927,31.0,straight_line,14
7604d2e5d4,022,1,23,ALUFRAN,FREALUW,195.95145775407588,27.0,straight_line,14
7604d2e5d4,022,1,24,FREALUW,FREFREW,352.1183867948277,40.0,straight_line,14
7604d2e5d4,022,1,25,FREFREW,FRETHEW,398.7276813306062,46.0,straight_line,14
7604d2e5d4,022,1,26,FRETHEW,FREFAIW,230.80195191617338,26.0,straight_line,14
7604d2e5d4,022,1,27,FREFAIW,FREBERW,333.8972034532205,38.0,straight_line,14
7604d2e5d4,022,1,28,FREBERW,FREELLW,272.47690693807857,31.0,straight_line,14
7604d2e5d4,022,1,29,FREELLW,FRESTUW,350.0674416114705,40.0,straight_line,14
7604d2e5d4,022,1,30,FRESTUW,FREOAKW,334.55107761789003,55.0,straight_line,14
7604d2e5d4,022,1,31,FREOAKW,CHAMITN,317.50869259113085,71.0,straight_line,14
7604d2e5d4,022,1,32,CHAMITN,CHASTEN,349.53299493660296,59.0,straight_line,14
7604d2e5d4,022,1,33,CHASTEN,CHAWHIN,273.21450020510883,46.0,straight_line,14
7604d2e5d4,022,1,34,CHAWHIN,CHAKOSN,244.8466168695496,41.0,straight_line,14
7604d2e5d4,022,1,35,CHAKOSN,CHAFORN,218.8036414457657,37.0,straight_line,14
7604d2e5d4,022,1,36,CHAFORN,CHALIVN,288.04974366032064,51.0,straight_line,14
7604d2e5d4,022,1,37,CHALIVN,CHANEWN,146.38804590204157,28.0,straight_line,14
7604d2e5d4,022,1,38,CHANEWN,CHAFULN,474.71599694318064,92.0,straight_line,14
7604d2e5d4,022,1,39,CHAFULN,CHAMAIN,229.54430972420624,44.0,straight_line,14
7604d2e5d4,022,1,40,CHAMAIN,CHABRYN,345.6470164818699,67.0,straight_line,14
7604d2e5d4,022,1,41,CHABRYN,CHAOAKN,240.50475058972248,46.0,straight_line,14
7604d2e5d4,022,1,42,CHAOAKN,GOVBRON,403.92862229741894,83.0,straight_line,14
7604d2e5d4,022,1,43,GOVBRON,CHALONN,287.3133333560586,82.0,straight_line,14
7604d2e5d4,022,1,44,CHALONN,OHILONS1,192.1143527794836,131.0,straight_line,14
7604d2e5d4,022,1,45,OHILONS1,OHIBROS,299.60230518502215,87.0,straight_line,14
9c132d86e0,023,0,0,EASTER1,STELSAMS,171.2813840520312,81.0,straight_line,73
9c132d86e0,023,0,1,STELSAMS,STEMORS1,298.083975338958,44.0,straight_line,73
9c132d86e0,023,0,2,STEMORS1,STEWORS,322.99883866566626,48.0,straight_line,73
9c132d86e0,023,0,3,STEWORS,STEALSS,160.84025967195603,24.0,straight_line,73
9c132d86e0,023,0,4,STEALSS,EASEASW,520.0131902680868,99.0,straight_line,73
9c132d86e0,023,0,5,EASEASW,EASEASPW,418.70593504274115,61.0,straight_line,73
9c132d86e0,023,0,6,EASEASPW,MOREASS,355.8012100545311,63.0,straight_line,73
9c132d86e0,023,0,7,MOREASS,MOR342S,215.90881783635533,17.0,straight_line,73
9c132d86e0,023,0,8,MOR342S,MORHARS,435.1155889627367,34.0,straight_line,73
9c132d86e0,023,0,9,MORHARS,MORSTEE,574.9060650854325,46.0,straight_line,73
9c132d86e0,023,0,10,MORSTEE,STEMONS,203.38008181473006,22.0,straight_line,73
9c132d86e0,023,0,11,STEMONS,STEESPS,450.3625717070175,36.0,straight_line,73
9c132d86e0,023,0,12,STEESPS,STEMCCS,277.7627948651242,25.0,straight_line,73
9c132d86e0,023,0,13,STEMCCS,STEGOVS,513.320751413676,49.0,straight_line,73
9c132d86e0,023,0,14,STEGOVS,STEOPPS,447.3596057435941,43.0,straight_line,73
9c132d86e0,023,0,15,STEOPPS,STELIFS,209.07758184860134,20.0,straight_line,73
9c132d86e0,023,0,16,STELIFS,STEAGLS2,447.89758165893386,43.0,straight_line,73
9c132d86e0,023,0,17,STEAGLS2,STECITGS,709.6129098385462,68.0,straight_line,73
9c132d86e0,023,0,18,STECITGS,STEOLES,489.4848437480695,47.0,straight_line,73
9c132d86e0,023,0,19,STEOLES,STEJOHTS,277.8492956121187,30.0,straight_line,73
9c132d86e0,023,0,20,STEJOHTS,STE11TS,1807.5346659364934,183.0,straight_line,73
9c132d86e0,023,0,21,STE11TS,STE6THS,453.1675079602011,46.0,straight_line,73
9c132d86e0,023,0,22,STE6THS,JAMALLS,687.7922550600896,71.0,straight_line,73
9c132d86e0,023,0,23,JAMALLS,JAMRUHS,209.5042778889779,28.0,straight_line,73
9c132d86e0,023,0,24,JAMRUHS,JAMANNS,357.9499512734906,47.0,straight_line,73
9c132d86e0,023,0,25,JAMANNS,JAMBROS,333.1613446297556,45.0,straight_line,73
9c132d86e0,023,0,26,JAMBROS,JAMELBS,435.8707105699461,47.0,straight_line,73
9c132d86e0,023,0,27,JAMELBS,JAMDALS,445.6694182009588,48.0,straight_line,73
9c132d86e0,023,0,28,JAMDALS,JAMFAIS,306.6739984416494,33.0,straight_line,73
9c132d86e0,023,0,29,JAMFAIS,JAMMAIS,456.9866210383832,52.0,straight_line,73
9c132d86e0,023,0,30,JAMMAIS,JAMMOUS,333.6957201194303,68.0,straight_line,73
9c132d86e0,023,0,31,JAMMOUS,JAMASTS,219.61758773829533,44.0,straight_line,73
9c132d86e0,023,0,32,JAMASTS,JAMBROS1,378.1821953150405,77.0,straight_line,73
9c132d86e0,023,0,33,JAMBROS1,LIVJAME,203.93428021199182,51.0,straight_line,73
9c132d86e0,023,0,34,LIVJAME,LIVZETE,394.9494543794107,44.0,straight_line,73
9c132d86e0,023,0,35,LIVZETE,LIVBARE,349.8222254424531,39.0,straight_line,73
9c132d86e0,023,0,36,LIVBARE,LIVCUNE,357.0160380210947,40.0,straight_line,73
9c132d86e0,023,0,37,LIVCUNE,COULIVS,425.60089205526856,58.0,straight_line,73
9c132d86e0,023,0,38,COULIVS,COUKIRS,429.4429838359442,49.0,straight_line,73
9c132d86e0,023,0,39,COUKIRS,COUROSS,298.7592807425791,34.0,straight_line,73
9c132d86e0,023,0,40,COUROSS,COUDESS,229.73731007717564,26.0,straight_line,73
9c132d86e0,023,0,41,COUDESS,COUGROS,604.0321591109241,70.0,straight_line,73
9c132d86e0,023,0,42,COUGROS,COURIVS,236.22985438030113,27.0,straight_line,73
9c132d86e0,023,0,43,COURIVS,COUPETS,164.8295822288286,18.0,straight_line,73
9c132d86e0,023,0,44,COUPETS,COUOAKS,287.72140202562395,32.0,straight_line,73
9c132d86e0,023,0,45,COUOAKS,COUCLAS,266.35917291308266,30.0,straight_line,73
9c132d86e0,023,0,46,COUCLAS,KIMCOUE,204.05934840461757,24.0,straight_line,73
9c132d86e0,023,0,47,KIMCOUE,KIMBURE,310.0271673383918,34.0,straight_line,73
9c132d86e0,023,0,48,KIMBURE,KIMBERE,295.41190354964226,33.0,straight_line,73
9c132d86e0,023,0,49,KIMBERE,KIMMERE,393.604508645828,45.0,straight_line,73
9c132d86e0,023,0,50,KIMMERE,KIMKIME,230.91118671589768,26.0,straight_line,73
9c132d86e0,023,0,51,KIMKIME,MACKIME,264.10308244653186,35.0,straight_line,73
9c132d86e0,023,0,52,MACKIME,HAMMACS,286.92174721887665,36.0,straight_line,73
9c132d86e0,023,0,53,HAMMACS,EASHAMN,528.0696801535213,80.0,straight_line,73
9a2f2429ea,023,1,0,EASHAMN,HAMEASN,288.73344112482044,52.0,straight_line,73
9a2f2429ea,023,1,1,HAMEASN,MACHAMW,291.5534092461608,49.0,straight_line,73
9a2f2429ea,023,1,2,MACHAMW,MACKIMEW,241.61604579975088,35.0,straight_line,73
9a2f2429ea,023,1,3,MACKIMEW,KIMKIMW,265.44437596332773,46.0,straight_line,73
9a2f2429ea,023,1,4,KIMKIMW,KIMSEVW,239.95387358782887,34.0,straight_line,73
9a2f2429ea,023,1,5,KIMSEVW,KIMPETW,356.06882601646635,52.0,straight_line,73
9a2f2429ea,023,1,6,KIMPETW,KIMCANW,287.3309015024211,42.0,straight_line,73
9a2f2429ea,023,1,7,KIMCANW,COUKIMNN,382.26341798843123,60.0,straight_line,73
9a2f2429ea,023,1,8,COUKIMNN,COUCLAN,226.98846121917487,34.0,straight_line,73
9a2f2429ea,023,1,9,COUCLAN,COUOAKN,195.19140773178447,29.0,straight_line,73
9a2f2429ea,023,1,10,COUOAKN,COUPETN,239.51801197833876,35.0,straight_line,73
9a2f2429ea,023,1,11,COUPETN,COURIVN,191.77792550576456,28.0,straight_line,73
9a2f2429ea,023,1,12,COURIVN,COUGRON,253.12606372814903,44.0,straight_line,73
9a2f2429ea,023,1,13,COUGRON,COUDESN,643.8208071488222,98.0,straight_line,73
9a2f2429ea,023,1,14,COUDESN,COUROSN,116.03110736342705,17.0,straight_line,73
9a2f2429ea,023,1,15,COUROSN,COUKIRN,407.21227389425525,62.0,straight_line,73
9a2f2429ea,023,1,16,COUKIRN,COULIVN1,281.09596332113256,42.0,straight_line,73
9a2f2429ea,023,1,17,COULIVN1,LIVCOURW,230.8678291578498,42.0,straight_line,73
9a2f2429ea,023,1,18,LIVCOURW,LIVRANW,361.63729472524403,54.0,straight_line,73
9a2f2429ea,023,1,19,LIVRANW,LIVBARW,350.5658361444178,52.0,straight_line,73
9a2f2429ea,023,1,20,LIVBARW,LIVHAMW1,499.9288348904365,75.0,straight_line,73
9a2f2429ea,023,1,21,LIVHAMW1,LIVJAMW,226.47432061079277,38.0,straight_line,73
9a2f2429ea,023,1,22,LIVJAMW,SJAMBRON,200.845422385792,67.0,straight_line,73
9a2f2429ea,023,1,23,SJAMBRON,JAMASTN,325.49513066099075,79.0,straight_line,73
9a2f2429ea,023,1,24,JAMASTN,JAMMOUN,337.14740295996785,82.0,straight_line,73
9a2f2429ea,023,1,25,JAMMOUN,JAMMAIN,289.47567930951453,72.0,straight_line,73
9a2f2429ea,023,1,26,JAMMAIN,JAMFAIN,487.5477339336408,71.0,straight_line,73
9a2f2429ea,023,1,27,JAMFAIN,JAMDALN,295.5334568860927,43.0,straight_line,73
9a2f2429ea,023,1,28,JAMDALN,JAMELBN,443.89702247206,65.0,straight_line,73
9a2f2429ea,023,1,29,JAMELBN,JAMBRON,406.426420516804,61.0,straight_line,73
9a2f2429ea,023,1,30,JAMBRON,40JAMEN,145.34542416152686,18.0,straight_line,73
9a2f2429ea,023,1,31,40JAMEN,JAMANAN,230.16104603999338,29.0,straight_line,73
9a2f2429ea,023,1,32,JAMANAN,JAMRUHN,205.46523570813426,26.0,straight_line,73
9a2f2429ea,023,1,33,JAMRUHN,STEJAMN,357.01167228882645,47.0,straight_line,73
9a2f2429ea,023,1,34,STEJAMN,STE750N,764.222226328886,62.0,straight_line,73
9a2f2429ea,023,1,35,STE750N,STEOPPN,325.73807554852414,26.0,straight_line,73
9a2f2429ea,023,1,36,STEOPPN,STEJOHTN,1868.0609437367784,152.0,straight_line,73
9a2f2429ea,023,1,37,STEJOHTN,STEOLEN,190.1950678157128,18.0,straight_line,73
9a2f2429ea,023,1,38,STEOLEN,STECITGN,518.2118451406944,51.0,straight_line,73
9a2f2429ea,023,1,39,STECITGN,STEAGLN,886.6421294410176,88.0,straight_line,73
9a2f2429ea,023,1,40,STEAGLN,STELIFN,277.44289195847523,27.0,straight_line,73
9a2f2429ea,023,1,41,STELIFN,STECODN,193.29563598444133,19.0,straight_line,73
9a2f2429ea,023,1,42,STECODN,STEMIDN,524.7393377392012,52.0,straight_line,73
9a2f2429ea,023,1,43,STEMIDN,STEMCCN,424.2781065838389,45.0,straight_line,73
9a2f2429ea,023,1,44,STEMCCN,STEESPN,407.2596123507556,41.0,straight_line,73
9a2f2429ea,023,1,45,STEESPN,STEMONN,161.23741267340426,16.0,straight_line,73
9a2f2429ea,023,1,46,STEMONN,MORSTEW,389.5869242768206,43.0,straight_line,73
9a2f2429ea,023,1,47,MORSTEW,MOR340W,581.6595698377636,59.0,straight_line,73
9a2f2429ea,023,1,48,MOR340W,MOR342N,438.0550550530282,45.0,straight_line,73
9a2f2429ea,023,1,49,MOR342N,EASMORE,228.54556448714243,36.0,straight_line,73
9a2f2429ea,023,1,50,EASMORE,EASEASPE,298.4900768869669,42.0,straight_line,73
9a2f2429ea,023,1,51,EASEASPE,EASCHAE,239.16461971655528,34.0,straight_line,73
9a2f2429ea,023,1,52,EASCHAE,STECOLN,586.6410851677321,114.0,straight_line,73
9a2f2429ea,023,1,53,STECOLN,STEWORN,350.47466587829314,51.0,straight_line,73
9a2f2429ea,023,1,54,STEWORN,STEMORN1,355.69257897205944,53.0,straight_line,73
9a2f2429ea,023,1,55,STEMORN1,STE418N,135.79176818496163,19.0,straight_line,73
9a2f2429ea,023,1,56,STE418N,EASTER1,148.56975502858964,47.0,straight_line,73
1824d2ddfc,024,0,0,EASTER3,STELSAMS,171.2813840520312,90.0,straight_line,38
1824d2ddfc,024,0,1,STELSAMS,MORAPPE1,1055.5478742122407,205.0,straight_line,38
1824d2ddfc,024,0,2,MORAPPE1,MORSTYE1,746.7533890612802,122.0,straight_line,38
1824d2ddfc,024,0,3,MORSTYE1,MORCHEE1,370.54354882132355,63.0,straight_line,38
1824d2ddfc,024,0,4,MORCHEE1,MORGREE,612.1981145038778,85.0,straight_line,38
1824d2ddfc,024,0,5,MORGREE,MORSHEE,375.6061217721968,52.0,straight_line,38
1824d2ddfc,024,0,6,MORSHEE,MORSTONE,573.1996330460842,80.0,straight_line,38
1824d2ddfc,024,0,7,MORSTONE,HAMCHEN,339.5797652932926,57.0,straight_line,38
1824d2ddfc,024,0,8,HAMCHEN,HAMMEIN,415.38480596251554,59.0,straight_line,38
1824d2ddfc,024,0,9,HAMMEIN,MEIHAM2S,101.08026607282764,27.0,straight_line,38
1824d2ddfc,024,0,10,MEIHAM2S,HAMBROS1,236.68404964507812,49.0,straight_line,38
1824d2ddfc,024,0,11,HAMBROS1,HAMSTOS,611.3866745290604,83.0,straight_line,38
1824d2ddfc,024,0,12,HAMSTOS,HAMVISS,432.341008649433,59.0,straight_line,38
1824d2ddfc,024,0,13,HAMVISS,HAMBEES,329.15726672995163,45.0,straight_line,38
1824d2ddfc,024,0,14,HAMBEES,HAM971S,354.6624837705987,48.0,straight_line,38
1824d2ddfc,024,0,15,HAM971S,HAMJONS,536.8448192378495,76.0,straight_line,38
1824d2ddfc,024,0,16,HAMJONS,HAM559S,565.7355967619923,60.0,straight_line,38
1824d2ddfc,024,0,17,HAM559S,HAMWORS,733.319662106156,78.0,straight_line,38
1824d2ddfc,024,0,18,HAMWORS,HAMGRAS1,937.8628861890439,102.0,straight_line,38
1824d2ddfc,024,0,19,HAMGRAS1,HAMROCS,398.235208850633,45.0,straight_line,38
1824d2ddfc,024,0,20,HAMROCS,HAMROCSS,430.5977265107271,49.0,straight_line,38
1824d2ddfc,024,0,21,HAMROCSS,HAMSWAS,1257.7154819897987,146.0,straight_line,38
1824d2ddfc,024,0,22,HAMSWAS,HAMSAWS,450.58979209751385,50.0,straight_line,38
1824d2ddfc,024,0,23,HAMSAWS,HAMWOOS,1205.2548896774053,136.0,straight_line,38
1824d2ddfc,024,0,24,HAMWOOS,HAMPOTS,412.1852500336252,46.0,straight_line,38
1824d2ddfc,024,0,25,HAMPOTS,HAMBROS2,587.0567291011646,68.0,straight_line,38
1824d2ddfc,024,0,26,HAMBROS2,HAMFAIS,209.44195965620693,34.0,straight_line,38
1824d2ddfc,024,0,27,HAMFAIS,HAMSANS,285.02930619174964,46.0,straight_line,38
1824d2ddfc,024,0,28,HAMSANS,HAMSAIS,169.89250274414843,27.0,straight_line,38
1824d2ddfc,024,0,29,HAMSAIS,HAMBROS,171.96758500828668,28.0,straight_line,38
1824d2ddfc,024,0,30,HAMBROS,HAMETNS,352.92400101084684,57.0,straight_line,38
1824d2ddfc,024,0,31,HAMETNS,HAMRICS,313.2304494927995,50.0,straight_line,38
1824d2ddfc,024,0,32,HAMRICS,HAMLANS,242.65417357112113,39.0,straight_line,38
1824d2ddfc,024,0,33,HAMLANS,HAMWRIS,178.9220394453497,29.0,straight_line,38
1824d2ddfc,024,0,34,HAMWRIS,HAMMAIS,273.1399037410423,50.0,straight_line,38
1824d2ddfc,024,0,35,HAMMAIS,HAMMOUS,474.992758108827,63.0,straight_line,38
1824d2ddfc,024,0,36,HAMMOUS,AMEHAMS,471.1318434533241,63.0,straight_line,38
1824d2ddfc,024,0,37,AMEHAMS,HAMLIVS,390.74094805386795,54.0,straight_line,38
1824d2ddfc,024,0,38,HAMLIVS,HAMDUNS,232.77582080452012,42.0,straight_line,38
1824d2ddfc,024,0,39,HAMDUNS,HAMGROS,1315.9159726014423,242.0,straight_line,38
1824d2ddfc,024,0,40,HAMGROS,HAMKIMS,415.2893877545327,76.0,straight_line,38
1824d2ddfc,024,0,41,HAMKIMS,HAMMACS,322.3956336758021,59.0,straight_line,38
1824d2ddfc,024,0,42,HAMMACS,EASHAMN,528.0696801535213,121.0,straight_line,38
1824d2ddfc,024,0,43,EASHAMN,HAMREFS,289.1474185407921,60.0,straight_line,38
1824d2ddfc,024,0,44,HAMREFS,HAMEASS,328.1239626817043,43.0,straight_line,38
1824d2ddfc,024,0,45,HAMEASS,HAMHOTS,735.6702593462472,96.0,straight_line,38
1824d2ddfc,024,0,46,HAMHOTS,HAMHARS,281.3253772883765,36.0,straight_line,38
1824d2ddfc,024,0,47,HAMHARS,HAMWINS,515.9226516358424,67.0,straight_line,38
1824d2ddfc,024,0,48,HAMWINS,HAMBAYS,505.63675722539125,66.0,straight_line,38
1824d2ddfc,024,0,49,HAMBAYS,HAMPROS,133.57217297846293,17.0,straight_line,38
1824d2ddfc,024,0,50,HAMPROS,HAMDIRS,1165.9741925457954,155.0,straight_line,38
1824d2ddfc,024,0,51,HAMDIRS,HAMFIRS,479.46267029035886,35.0,straight_line,38
1824d2ddfc,024,0,52,HAMFIRS,HAMHOMS,406.9951943808866,30.0,straight_line,38
1824d2ddfc,024,0,53,HAMHOMS,GREGROS,2675.0923622890823,235.0,straight_line,38
1824d2ddfc,024,0,54,GREGROS,GRE590S,733.2877542825058,50.0,straight_line,38
1824d2ddfc,024,0,55,GRE590S,GRESALS,392.5773223124078,27.0,straight_line,38
1824d2ddfc,024,0,56,GRESALS,COMGRES,453.0838623657103,34.0,straight_line,38
1824d2ddfc,024,0,57,COMGRES,COMROHS,513.5006019133422,34.0,straight_line,38
1824d2ddfc,024,0,58,COMROHS,PORROHS,996.0005839895374,72.0,straight_line,38
1824d2ddfc,024,0,59,PORROHS,PORSPIS,509.6665960136005,34.0,straight_line,38
1824d2ddfc,024,0,60,PORSPIS,PORLONS,741.9574245081415,50.0,straight_line,38
1824d2ddfc,024,0,61,PORLONS,ALUWLONS,773.2877252478279,60.0,straight_line,38
1824d2ddfc,024,0,62,ALUWLONS,MCAR3,959.7631946343457,119.0,straight_line,38
4549641815,024,1,0,MCAR3,ALUWLONN,994.1288094732251,96.0,straight_line,38
4549641815,024,1,1,ALUWLONN,SPIALU1E,791.5351386885309,86.0,straight_line,38
4549641815,024,1,2,SPIALU1E,PORSPIN,484.56490311702896,43.0,straight_line,38
4549641815,024,1,3,PORSPIN,PORROHN,472.82894743925414,39.0,straight_line,38
4549641815,024,1,4,PORROHN,COMROHN,996.0255292960636,91.0,straight_line,38
4549641815,024,1,5,COMROHN,COMGREN,531.6841488178346,44.0,straight_line,38
4549641815,024,1,6,COMGREN,GRESALN,446.22659200390655,41.0,straight_line,38
4549641815,024,1,7,GRESALN,GRE592N,355.4354228047172,29.0,straight_line,38
4549641815,024,1,8,GRE592N,GREGRON,778.1270625575195,71.0,straight_line,38
4549641815,024,1,9,GREGRON,HAMHOMN,2752.3662300784017,233.0,straight_line,38
4549641815,024,1,10,HAMHOMN,HAMFIRN,404.2903908921576,29.0,straight_line,38
4549641815,024,1,11,HAMFIRN,HAMDIRN,511.59352605755305,38.0,straight_line,38
4549641815,024,1,12,HAMDIRN,HAMPRON,1073.5084684781618,142.0,straight_line,38
4549641815,024,1,13,HAMPRON,HAMBAYN,242.80121428643614,32.0,straight_line,38
4549641815,024,1,14,HAMBAYN,HAMWINN,523.0049575583787,69.0,straight_line,38
4549641815,024,1,15,HAMWINN,HAMHARN,363.70183403008764,48.0,straight_line,38
4549641815,024,1,16,HAMHARN,HAMREIN,336.0830343634753,44.0,straight_line,38
4549641815,024,1,17,HAMREIN,HAMEASN1,804.6339624129382,106.0,straight_line,38
4549641815,024,1,18,HAMEASN1,HAMREFN,228.0917734888569,30.0,straight_line,38
4549641815,024,1,19,HAMREFN,EASHAMN,278.12115589090934,69.0,straight_line,38
4549641815,024,1,20,EASHAMN,HAMEASN,288.73344112482044,59.0,straight_line,38
4549641815,024,1,21,HAMEASN,HAMKINN,567.9363286414579,94.0,straight_line,38
4549641815,024,1,22,HAMKINN,HAMGRON,490.01797818855715,81.0,straight_line,38
4549641815,024,1,23,HAMGRON,HAMDUNN,1189.495350379394,197.0,straight_line,38
4549641815,024,1,24,HAMDUNN,HAMARAN,279.9425127026863,49.0,straight_line,38
4549641815,024,1,25,HAMARAN,1411HAN,252.51946505965913,35.0,straight_line,38
4549641815,024,1,26,1411HAN,HAMMELN,336.1968744474491,47.0,straight_line,38
4549641815,024,1,27,HAMMELN,HAMSIMN,265.0946992357468,37.0,straight_line,38
4549641815,024,1,28,HAMSIMN,HAMMAIN,424.05942743114355,61.0,straight_line,38
4549641815,024,1,29,HAMMAIN,HAMWRIN,275.5744325990017,48.0,straight_line,38
4549641815,024,1,30,HAMWRIN,HAMLANN,256.99474855490206,44.0,straight_line,38
4549641815,024,1,31,HAMLANN,HAMKAEN,309.36248277471066,54.0,straight_line,38
4549641815,024,1,32,HAMKAEN,HAMETNN,165.77652466792875,28.0,straight_line,38
4549641815,024,1,33,HAMETNN,HAMBROHN,381.1220983653435,66.0,straight_line,38
4549641815,024,1,34,HAMBROHN,HAMSHAN,217.81873593712518,37.0,straight_line,38
4549641815,024,1,35,HAMSHAN,HAMSANN,98.03819722068671,17.0,straight_line,38
4549641815,024,1,36,HAMSANN,HAMFAIN,363.9146949384824,64.0,straight_line,38
4549641815,024,1,37,HAMFAIN,HAMBRON,335.02210270079627,62.0,straight_line,38
4549641815,024,1,38,HAMBRON,HAMPOTN,519.5876179907843,51.0,straight_line,38
4549641815,024,1,39,HAMPOTN,HAMWOON,334.3384014448958,31.0,straight_line,38
4549641815,024,1,40,HAMWOON,HAM5THN,683.4354727371865,64.0,straight_line,38
4549641815,024,1,41,HAM5THN,HAMAIRN,634.1279848434831,60.0,straight_line,38
4549641815,024,1,42,HAMAIRN,HAMTECN,338.504630344737,34.0,straight_line,38
4549641815,024,1,43,HAMTECN,298HAMN,1385.5453361214552,219.0,straight_line,38
4549641815,024,1,44,298HAMN,HAMROCN1,258.48248276916485,40.0,straight_line,38
4549641815,024,1,45,HAMROCN1,HAMHAVN1,624.9960885919256,101.0,straight_line,38
4549641815,024,1,46,HAMHAVN1,HAMWORN,730.247764693745,64.0,straight_line,38
4549641815,024,1,47,HAMWORN,HAM500N,669.7769780507466,58.0,straight_line,38
4549641815,024,1,48,HAM500N,HAMJOHN,641.0968312642068,58.0,straight_line,38
4549641815,024,1,49,HAMJOHN,HAM920N,578.5329668136108,77.0,straight_line,38
4549641815,024,1,50,HAM920N,HAMBEEN,459.7377267044395,61.0,straight_line,38
4549641815,024,1,51,HAMBEEN,HAMSHAN1,296.7140263765937,39.0,straight_line,38
4549641815,024,1,52,HAMSHAN1,HAMSTON,264.5993461215786,35.0,straight_line,38
4549641815,024,1,53,HAMSTON,HAMCHEN,504.68935542480773,67.0,straight_line,38
4549641815,024,1,54,HAMCHEN,HAMMEIN,415.38480596251554,55.0,straight_line,38
4549641815,024,1,55,HAMMEIN,MEIHAM2S,101.08026607282764,26.0,straight_line,38
4549641815,024,1,56,MEIHAM2S,HAMBROS1,236.68404964507812,42.0,straight_line,38
4549641815,024,1,57,HAMBROS1,MORKOHW,333.3460100342189,57.0,straight_line,38
4549641815,024,1,58,MORKOHW,MORSLEW,698.8603364732966,80.0,straight_line,38
4549641815,024,1,59,MORSLEW,MORKENW,392.23276319552474,44.0,straight_line,38
4549641815,024,1,60,MORKENW,MORCHEW,652.9454603802101,77.0,straight_line,38
4549641815,024,1,61,MORCHEW,MORSTYW,342.25777212424987,40.0,straight_line,38
4549641815,024,1,62,MORSTYW,MORAPPW,637.8217447856638,75.0,straight_line,38
4549641815,024,1,63,MORAPPW,STEMORN1,1038.3888620096157,132.0,straight_line,38
4549641815,024,1,64,STEMORN1,STE418N,135.79176818496163,16.0,straight_line,38
4549641815,024,1,65,STE418N,EASTER3,148.56975502858964,37.0,straight_line,38
c9483262c2,025,0,0,CANWIPR,GENLEHN,996.8730376979767,70.0,straight_line,21
c9483262c2,025,0,1,GENLEHN,GENGENN,711.4830232836396,47.0,straight_line,21
c9483262c2,025,0,2,GENGENN,GENPFEN,360.17391699484455,23.0,straight_line,21
c9483262c2,025,0,3,GENPFEN,GENNOTN,361.1089227731449,23.0,straight_line,21
c9483262c2,025,0,4,GENNOTN,GENSHAN,1108.9872350428489,73.0,straight_line,21
c9483262c2,025,0,5,GENSHAN,GENABBN,1117.8296064037988,74.0,straight_line,21
c9483262c2,025,0,6,GENABBN,GENUPRN,682.557705332128,50.0,straight_line,21
c9483262c2,025,0,7,GENUPRN,GENCENN,1327.5255083667832,180.0,straight_line,21
c9483262c2,025,0,8,GENCENN,GENBRIN,436.27296356166295,56.0,straight_line,21
c9483262c2,025,0,9,GENBRIN,CHANBRIW,290.30782695288775,44.0,straight_line,21
c9483262c2,025,0,10,CHANBRIW,CHANMEIW,282.5694158061594,36.0,straight_line,21
c9483262c2,025,0,11,CHANMEIW,CHANCHAW,411.02766813249303,53.0,straight_line,21
c9483262c2,025,0,12,CHANCHAW,PARCCHAN,400.32753030039424,64.0,straight_line,21
c9483262c2,025,0,13,PARCCHAN,PACRALSN,341.35233827321605,47.0,straight_line,21
c9483262c2,025,0,14,PACRALSN,5677ALE,308.7327409804761,49.0,straight_line,21
c9483262c2,025,0,15,5677ALE,SCAALSE,365.76010850652375,65.0,straight_line,21
c9483262c2,025,0,16,SCAALSE,BRIEASN,1148.9430102002925,241.0,straight_line,21
c9483262c2,025,0,17,BRIEASN,BRILIVN,417.60347187244105,65.0,straight_line,21
c9483262c2,025,0,18,BRILIVN,BRICENN,235.07704685898582,40.0,straight_line,21
c9483262c2,025,0,19,BRICENN,BRIROSLN,193.4230584603389,33.0,straight_line,21
c9483262c2,025,0,20,BRIROSLN,BRIRYGN,440.93265649195547,76.0,straight_line,21
c9483262c2,025,0,21,BRIRYGN,BRICMN,302.7182208192365,52.0,straight_line,21
c9483262c2,025,0,22,BRICMN,MAIBRICW,213.75109594312465,47.0,straight_line,21
c9483262c2,025,0,23,MAIBRICW,MAIMAIW,463.44373799558304,79.0,straight_line,21
c9483262c2,025,0,24,MAIMAIW,MAIMCNW,173.78909250326143,33.0,straight_line,21
c9483262c2,025,0,25,MAIMCNW,MCNCHEN,478.55371098174083,69.0,straight_line,21
c9483262c2,025,0,26,MCNCHEN,MCNOLDN,481.7087020160605,55.0,straight_line,21
c9483262c2,025,0,27,MCNOLDN,MCNBASN,374.488774113817,42.0,straight_line,21
c9483262c2,025,0,28,MCNBASN,MCNBILLN,310.93826047057195,35.0,straight_line,21
c9483262c2,025,0,29,MCNBILLN,MCNKNIN,408.7558556725245,47.0,straight_line,21
c9483262c2,025,0,30,MCNKNIN,MCNGANN,486.63590052980373,53.0,straight_line,21
c9483262c2,025,0,31,MCNGANN,BROMCNW,296.20666516717466,45.0,straight_line,21
c9483262c2,025,0,32,BROMCNW,TAYBRON1,534.7302585272886,74.0,straight_line,21
c9483262c2,025,0,33,TAYBRON1,TAYWESBN,409.19636332090346,47.0,straight_line,21
c9483262c2,025,0,34,TAYWESBN,TAYOPPN,194.17091440681887,22.0,straight_line,21
c9483262c2,025,0,35,TAYOPPN,TAYGAHN,590.1693455236054,68.0,straight_line,21
c9483262c2,025,0,36,TAYGAHN,CLATAYW,241.8868827882372,36.0,straight_line,21
c9483262c2,025,0,37,CLATAYW,CLASCIW,314.2225302654777,36.0,straight_line,21
c9483262c2,025,0,38,CLASCIW,790SCIN,420.1155547953776,51.0,straight_line,21
c9483262c2,025,0,39,790SCIN,SCITECN,319.2447843333754,40.0,straight_line,21
c9483262c2,025,0,40,SCITECN,TECAEPW,821.4252323426924,98.0,straight_line,21
c9483262c2,025,0,41,TECAEPW,TECMORW,350.0622957880616,41.0,straight_line,21
c9483262c2,025,0,42,TECMORW,MORTAYNW,460.1998146783579,57.0,straight_line,21
c9483262c2,025,0,43,MORTAYNW,MORHEMN,727.796450589519,87.0,straight_line,21
c9483262c2,025,0,44,MORHEMN,298HAMN,308.6546686732078,45.0,straight_line,21
c9483262c2,025,0,45,298HAMN,HAMROCN1,258.48248276916485,32.0,straight_line,21
c9483262c2,025,0,46,HAMROCN1,GRASHAW,568.2942828389428,84.0,straight_line,21
c9483262c2,025,0,47,GRASHAW,GRALINW,468.10281590978144,61.0,straight_line,21
c9483262c2,025,0,48,GRALINW,GRASHIW,448.70719036395036,58.0,straight_line,21
c9483262c2,025,0,49,GRASHIW,US6OLDW,376.4010395920118,49.0,straight_line,21
c9483262c2,025,0,50,US6OLDW,NSTAGLN,678.2961761867845,108.0,straight_line,21
c9483262c2,025,0,51,NSTAGLN,NSTDUNN,363.4979350165716,34.0,straight_line,21
c9483262c2,025,0,52,NSTDUNN,NSTCHAN,428.93679574256544,42.0,straight_line,21
c9483262c2,025,0,53,NSTCHAN,NSTMCCN,325.19453448383047,30.0,straight_line,21
c9483262c2,025,0,54,NSTMCCN,STYMCCN,349.6449609134758,32.0,straight_line,21
c9483262c2,025,0,55,STYMCCN,STYWOON,520.18564935019,48.0,straight_line,21
c9483262c2,025,0,56,STYWOON,STYFORN,425.5278790164632,39.0,straight_line,21
c9483262c2,025,0,57,STYFORN,STYRIDN,338.7898028194444,31.0,straight_line,21
c9483262c2,025,0,58,STYRIDN,MORSTYW,1381.4418690220389,139.0,straight_line,21
c9483262c2,025,0,59,MORSTYW,MORAPPW,637.8217447856638,58.0,straight_line,21
c9483262c2,025,0,60,MORAPPW,STEMORN1,1038.3888620096157,103.0,straight_line,21
c9483262c2,025,0,61,STEMORN1,STE418N,135.79176818496163,12.0,straight_line,21
c9483262c2,025,0,62,STE418N,EASTER4,148.56975502858964,32.0,straight_line,21
b41ab650e6,025,1,0,EASTER4,STELSAMS,171.2813840520312,49.0,straight_line,22
b41ab650e6,025,1,1,STELSAMS,MORAPPE1,1055.5478742122407,111.0,straight_line,22
b41ab650e6,025,1,2,MORAPPE1,STYWENS,1302.7496715300033,163.0,straight_line,22
b41ab650e6,025,1,3,STYWENS,STYSANS,347.5575294077774,32.0,straight_line,22
b41ab650e6,025,1,4,STYSANS,STYFORS,338.1718727172763,30.0,straight_line,22
b41ab650e6,025,1,5,STYFORS,STYWOOS,366.4652152824368,33.0,straight_line,22
b41ab650e6,025,1,6,STYWOOS,STYMCCS,584.4307381564197,52.0,straight_line,22
b41ab650e6,025,1,7,STYMCCS,STYGAMS,344.0832818477568,31.0,straight_line,22
b41ab650e6,025,1,8,STYGAMS,STYCHAS,357.2717074666478,32.0,straight_line,22
b41ab650e6,025,1,9,STYCHAS,STYDUNS,448.5485083065694,40.0,straight_line,22
b41ab650e6,025,1,10,STYDUNS,STYAGLS,240.28281006263833,27.0,straight_line,22
b41ab650e6,025,1,11,STYAGLS,US6OLDE,593.1745992603194,117.0,straight_line,22
b41ab650e6,025,1,12,US6OLDE,GRASHIE,506.4968632983814,83.0,straight_line,22
b41ab650e6,025,1,13,GRASHIE,GRALINE,487.36592491292635,66.0,straight_line,22
b41ab650e6,025,1,14,GRALINE,HAMGRAS1,487.8432986352052,92.0,straight_line,22
b41ab650e6,025,1,15,HAMGRAS1,HAMROCS,398.235208850633,62.0,straight_line,22
b41ab650e6,025,1,16,HAMROCS,MORHAME,471.05445130149974,54.0,straight_line,22
b41ab650e6,025,1,17,MORHAME,MORWATSE,186.48898941697837,23.0,straight_line,22
b41ab650e6,025,1,18,MORWATSE,MORTAYSE,708.8095403861436,76.0,straight_line,22
b41ab650e6,025,1,19,MORTAYSE,TECMORE,446.468929367317,49.5,straight_line,22
b41ab650e6,025,1,20,TECMORE,TECAEPE,342.1495282983945,33.5,straight_line,22
b41ab650e6,025,1,21,TECAEPE,SCITECS,798.4657874220048,94.0,straight_line,22
b41ab650e6,025,1,22,SCITECS,791SCIS,287.7257274866062,40.0,straight_line,22
b41ab650e6,025,1,23,791SCIS,CLASCIE,450.6946711507673,60.0,straight_line,22
b41ab650e6,025,1,24,CLASCIE,CLATAYE,313.13864037274215,41.0,straight_line,22
b41ab650e6,025,1,25,CLATAYE,TAYGAHS,227.88659877055497,42.0,straight_line,22
b41ab650e6,025,1,26,TAYGAHS,TAYBELS,504.4664869400579,65.0,straight_line,22
b41ab650e6,025,1,27,TAYBELS,TAYWESS,217.20994622013094,29.0,straight_line,22
b41ab650e6,025,1,28,TAYWESS,BROTAYE,560.3333588977976,83.0,straight_line,22
b41ab650e6,025,1,29,BROTAYE,MCNBROS,570.0758968720673,55.0,straight_line,22
b41ab650e6,025,1,30,MCNBROS,MCNSISS,236.14954000859012,20.0,straight_line,22
b41ab650e6,025,1,31,MCNSISS,MCNWHI1,504.8722455240257,45.0,straight_line,22
b41ab650e6,025,1,32,MCNWHI1,MCNWHIS,389.15051792853245,31.0,straight_line,22
b41ab650e6,025,1,33,MCNWHIS,MCNWINS,356.8961785454103,30.0,straight_line,22
b41ab650e6,025,1,34,MCNWINS,MCNOLDS,278.11206037494287,23.0,straight_line,22
b41ab650e6,025,1,35,MCNOLDS,MCNEFFS,427.4965730007011,36.0,straight_line,22
b41ab650e6,025,1,36,MCNEFFS,MAIMCNE,605.7611616071015,60.0,straight_line,22
b41ab650e6,025,1,37,MAIMCNE,MAIVALE,195.3140941533005,26.0,straight_line,22
b41ab650e6,025,1,38,MAIVALE,MAIIDLE,381.6720698099797,51.0,straight_line,22
b41ab650e6,025,1,39,MAIIDLE,BRI132S,242.1148742372533,51.0,straight_line,22
b41ab650e6,025,1,40,BRI132S,BRIRYGS,418.65035938039796,57.0,straight_line,22
b41ab650e6,025,1,41,BRIRYGS,BRIROSLS,360.57758050983955,49.0,straight_line,22
b41ab650e6,025,1,42,BRIROSLS,BRIASTS,237.93291607533155,32.0,straight_line,22
b41ab650e6,025,1,43,BRIASTS,BRILIVS1,205.75830473554026,34.0,straight_line,22
b41ab650e6,025,1,44,BRILIVS1,BRICHAS,473.74047237136995,45.0,straight_line,22
b41ab650e6,025,1,45,BRICHAS,BRISCAS,1243.0407906754058,125.0,straight_line,22
b41ab650e6,025,1,46,BRISCAS,CHANBRIW,275.6408435075297,35.0,straight_line,22
b41ab650e6,025,1,47,CHANBRIW,CHANMEIW,282.5694158061594,28.0,straight_line,22
b41ab650e6,025,1,48,CHANMEIW,CHANCHAW,411.02766813249303,40.0,straight_line,22
b41ab650e6,025,1,49,CHANCHAW,PARCCHAN,400.32753030039424,49.0,straight_line,22
b41ab650e6,025,1,50,PARCCHAN,PACRALSN,341.35233827321605,38.0,straight_line,22
b41ab650e6,025,1,51,PACRALSN,5677ALE,308.7327409804761,36.0,straight_line,22
b41ab650e6,025,1,52,5677ALE,SCAALSE,365.76010850652375,48.0,straight_line,22
b41ab650e6,025,1,53,SCAALSE,BRISCAS,336.85969105079505,43.0,straight_line,22
b41ab650e6,025,1,54,BRISCAS,GENBRIS,463.19902233443275,53.0,straight_line,22
b41ab650e6,025,1,55,GENBRIS,GENCENS,445.18025205422373,49.0,straight_line,22
b41ab650e6,025,1,56,GENCENS,GENREFS,1079.3041556296978,131.0,straight_line,22
b41ab650e6,025,1,57,GENREFS,GENUPPS,299.11641355661556,20.0,straight_line,22
b41ab650e6,025,1,58,GENUPPS,GENABBS,692.9171881439422,47.0,straight_line,22
b41ab650e6,025,1,59,GENABBS,GENSHAS,1044.3579869498153,72.0,straight_line,22
b41ab650e6,025,1,60,GENSHAS,GENNOTS,1140.161644230053,78.0,straight_line,22
b41ab650e6,025,1,61,GENNOTS,GENGEOS,480.1019591526921,33.0,straight_line,22
b41ab650e6,025,1,62,GENGEOS,5275GENS,283.540191790267,19.0,straight_line,22
b41ab650e6,025,1,63,5275GENS,GENLEMS,705.842928131002,48.0,straight_line,22
b41ab650e6,025,1,64,GENLEMS,GENWINS,566.8168995538383,43.0,straight_line,22
b41ab650e6,025,1,65,GENWINS,6340PREN,1292.3768062188462,180.0,straight_line,22
b41ab650e6,025,1,66,6340PREN,CANWIPR,978.3876830315826,240.0,straight_line,22
79e27fc742,031,0,0,EASTER7,STELSAMS,171.2813840520312,80.0,straight_line,39
79e27fc742,031,0,1,STELSAMS,STEMORS1,298.083975338958,44.0,straight_line,39
79e27fc742,031,0,2,STEMORS1,STEWORS,322.99883866566626,48.0,straight_line,39
79e27fc742,031,0,3,STEWORS,STEALSS,160.84025967195603,24.0,straight_line,39
79e27fc742,031,0,4,STEALSS,EASEASW,520.0131902680868,98.0,straight_line,39
79e27fc742,031,0,5,EASEASW,EASEASPW,418.70593504274115,61.0,straight_line,39
79e27fc742,031,0,6,EASEASPW,EASMORW,428.1296376530579,65.0,straight_line,39
79e27fc742,031,0,7,EASMORW,EASSUNW,591.5637157507437,57.0,straight_line,39
79e27fc742,031,0,8,EASSUNW,SUNPATS,856.7372805986682,93.0,straight_line,39
79e27fc742,031,0,9,SUNPATS,SUNINNS,883.3402854810669,90.0,straight_line,39
79e27fc742,031,0,10,SUNINNS,SUNAGLS,820.6660105304429,69.0,straight_line,39
79e27fc742,031,0,11,SUNAGLS,SUNSUNS,1520.0859287588776,127.0,straight_line,39
79e27fc742,031,0,12,SUNSUNS,MOC2501W,787.8474130462068,104.0,straight_line,39
79e27fc742,031,0,13,MOC2501W,MOCBREW1,369.9801838972334,58.0,straight_line,39
79e27fc742,031,0,14,MOCBREW1,MOCWOOW,523.8002207025894,82.0,straight_line,39
79e27fc742,031,0,15,MOCWOOW,MOCPARW,220.34759415708388,34.0,straight_line,39
79e27fc742,031,0,16,MOCPARW,HUDDELW,301.9654253280861,64.0,straight_line,39
79e27fc742,031,0,17,HUDDELW,HUDJOYW,268.46506364674906,42.0,straight_line,39
79e27fc742,031,0,18,HUDJOYW,HUDCLEW,482.48870609828583,80.0,straight_line,39
79e27fc742,031,0,19,HUDCLEW,HUDDREW,424.3459326313865,63.0,straight_line,39
79e27fc742,031,0,20,HUDDREW,HUDONTW,394.7430295350436,59.0,straight_line,39
79e27fc742,031,0,21,HUDONTW,HUDMCGW,382.6841597172197,58.0,straight_line,39
79e27fc742,031,0,22,HUDMCGW,HUDOGRW,193.3406570100721,36.0,straight_line,39
79e27fc742,031,0,23,HUDOGRW,HUDHIAW,191.16170874673074,35.0,straight_line,39
79e27fc742,031,0,24,HUDHIAW,HUDPONW,279.0673687535314,51.0,straight_line,39
79e27fc742,031,0,25,HUDPONW,HUDHOMW,236.57062043807505,44.0,straight_line,39
79e27fc742,031,0,26,HUDHOMW,HUDSILW,291.6596487081679,54.0,straight_line,39
79e27fc742,031,0,27,HUDSILW,HUDSUMW,391.0685672483493,72.0,straight_line,39
79e27fc742,031,0,28,HUDSUMW,HUDDAYW,332.2169315499167,62.0,straight_line,39
79e27fc742,031,0,29,HUDDAYW,HUDADAW,259.00810180494767,48.0,straight_line,39
79e27fc742,031,0,30,HUDADAW,HIGHUDS,358.34513520986565,78.0,straight_line,39
79e27fc742,031,0,31,HIGHUDS,HIGMAYS,305.27923440332364,58.0,straight_line,39
79e27fc742,031,0,32,HIGMAYS,HIGOAKS,241.79560314137177,46.0,straight_line,39
79e27fc742,031,0,33,HIGOAKS,HIGNORWS,167.924178887345,32.0,straight_line,39
79e27fc742,031,0,34,HIGNORWS,HIGLANS,237.36117080957334,45.0,straight_line,39
79e27fc742,031,0,35,HIGLANS,HIG18TS,308.9309238454354,59.0,straight_line,39
79e27fc742,031,0,36,HIG18TS,HIG15TS,302.4819071829012,60.0,straight_line,39
79e27fc742,031,0,37,HIG15TS,HIG13TS,235.93424940356624,52.0,straight_line,39
79e27fc742,031,0,38,HIG13TS,12THIGW,145.09824516859982,52.0,straight_line,39
79e27fc742,031,0,39,12THIGW,W11WORTW,333.7685691686744,121.0,straight_line,39
79e27fc742,031,0,40,W11WORTW,NEILW10S,244.71609209189504,75.0,straight_line,39
79e27fc742,031,0,41,NEILW10S,9THMEDCW,225.3454631535506,68.0,straight_line,39
79e27fc742,031,0,42,9THMEDCW,MEDCCW,190.3841118879775,44.0,straight_line,39
79e27fc742,031,0,43,MEDCCW,KINOLEW,699.7529652360989,160.0,straight_line,39
79e27fc742,031,0,44,KINOLEW,KINOPPW1,297.0176185494559,54.0,straight_line,39
79e27fc742,031,0,45,KINOPPW1,KENKINN2,439.3890481338374,94.0,straight_line,39
79e27fc742,031,0,46,KENKINN2,KENSTELN,381.00230108532946,53.0,straight_line,39
79e27fc742,031,0,47,KENSTELN,KENKINN1,316.8587939285073,51.0,straight_line,39
79e27fc742,031,0,48,KENKINN1,KIN1218W,485.9551920927713,67.0,straight_line,39
79e27fc742,031,0,49,KIN1218W,NOSTARS,637.4559565368891,113.0,straight_line,39
79e27fc742,031,0,50,NOSTARS,NORTRES1,368.90919338823244,52.0,straight_line,39
79e27fc742,031,0,51,NORTRES1,KINSTAE,261.3602550401601,42.0,straight_line,39
79e27fc742,031,0,52,KINSTAE,GRAKINGS,339.04942003076053,52.0,straight_line,39
79e27fc742,031,0,53,GRAKINGS,GRA5THS,322.0513134153563,50.0,straight_line,39
79e27fc742,031,0,54,GRA5THS,GRA3RDS,350.0885213910018,54.0,straight_line,39
79e27fc742,031,0,55,GRA3RDS,1STGLEE,406.44612265233576,77.0,straight_line,39
79e27fc742,031,0,56,1STGLEE,1STAVOE,125.88487646039178,19.0,straight_line,39
79e27fc742,031,0,57,1STAVOE,1STVIRE,396.68935181642365,62.0,straight_line,39
79e27fc742,031,0,58,1STVIRE,1STOXLE,314.42618705570015,49.0,straight_line,39
79e27fc742,031,0,59,1STOXLE,NOR1STSE,207.76009018251685,37.0,straight_line,39
79e27fc742,031,0,60,NOR1STSE,RAIBALS,822.7274197548105,182.0,straight_line,39
9eff693be7,031,1,0,RAIBALS,GOOYARW,142.69819672877333,27.0,straight_line,39
9eff693be7,031,1,1,GOOYARW,GOO868W,227.18312486027085,32.0,straight_line,39
9eff693be7,031,1,2,GOO868W,NORGOON,173.71308746495595,31.0,straight_line,39
9eff693be7,031,1,3,NORGOON,NORBURNW,186.65573751402533,27.0,straight_line,39
9eff693be7,031,1,4,NORBURNW,NORWILLN,174.96607109456016,25.0,straight_line,39
9eff693be7,031,1,5,NORWILLN,1STNORW,306.80059450778793,48.0,straight_line,39
9eff693be7,031,1,6,1STNORW,1STOXLW,187.8333352254694,28.0,straight_line,39
9eff693be7,031,1,7,1STOXLW,1STVIRW,314.46358063026736,48.0,straight_line,39
9eff693be7,031,1,8,1STVIRW,1STAVOW,350.0454770302379,49.0,straight_line,39
9eff693be7,031,1,9,1STAVOW,1STGRAW,259.5823218444844,37.0,straight_line,39
9eff693be7,031,1,10,1STGRAW,GRA3RDN,380.46049117134277,59.0,straight_line,39
9eff693be7,031,1,11,GRA3RDN,GRA5THN,420.6126974236883,69.0,straight_line,39
9eff693be7,031,1,12,GRA5THN,GRAKINGN,249.67186229144045,35.0,straight_line,39
9eff693be7,031,1,13,GRAKINGN,KINSTAW,394.84703099434887,58.0,straight_line,39
9eff693be7,031,1,14,KINSTAW,NORCHAN,271.8756342917052,42.0,straight_line,39
9eff693be7,031,1,15,NORCHAN,NOSTARN,365.6667302636052,52.0,straight_line,39
9eff693be7,031,1,16,NOSTARN,KIN1197E,691.1107542939119,112.0,straight_line,39
9eff693be7,031,1,17,KIN1197E,KENKINS1,474.2377677167074,74.0,straight_line,39
9eff693be7,031,1,18,KENKINS1,KENSTELS,257.59566954232224,36.0,straight_line,39
9eff693be7,031,1,19,KENSTELS,KINKENE1,432.1053514304887,71.0,straight_line,39
9eff693be7,031,1,20,KINKENE1,KINDELE,373.8564984643959,63.0,straight_line,39
9eff693be7,031,1,21,KINDELE,KINOLEE,280.57183970680273,47.0,straight_line,39
9eff693be7,031,1,22,KINOLEE,KINOLEE1,352.2616995932794,59.0,straight_line,39
9eff693be7,031,1,23,KINOLEE1,MEDCCE,404.89675641496314,91.0,straight_line,39
9eff693be7,031,1,24,MEDCCE,MEDC9THN,151.7605566868209,28.0,straight_line,39
9eff693be7,031,1,25,MEDC9THN,NEI10TN,282.70341046230067,72.0,straight_line,39
9eff693be7,031,1,26,NEI10TN,W11WORTE,218.1790493888832,97.0,straight_line,39
9eff693be7,031,1,27,W11WORTE,W12COLLE,316.22533146437775,140.0,straight_line,39
9eff693be7,031,1,28,W12COLLE,HIG13TN,163.00967426745584,62.0,straight_line,39
9eff693be7,031,1,29,HIG13TN,HIG15TN,213.54001598325718,61.0,straight_line,39
9eff693be7,031,1,30,HIG15TN,HIGWOON,441.7713105112007,96.0,straight_line,39
9eff693be7,031,1,31,HIGWOON,HIGLANN,314.53586722373444,68.0,straight_line,39
9eff693be7,031,1,32,HIGLANN,HIGNORN,159.90474748272402,34.0,straight_line,39
9eff693be7,031,1,33,HIGNORN,HIGPATN,239.87262775171268,52.0,straight_line,39
9eff693be7,031,1,34,HIGPATN,HIGBLAN,197.83903822338627,43.0,straight_line,39
9eff693be7,031,1,35,HIGBLAN,HIGHUDN,295.35014128360217,67.0,straight_line,39
9eff693be7,031,1,36,HIGHUDN,HUDADAE,388.3901517854696,67.0,straight_line,39
9eff693be7,031,1,37,HUDADAE,HUDDAYE,193.60693687547968,31.0,straight_line,39
9eff693be7,031,1,38,HUDDAYE,HUDSUME,314.53063260597514,49.0,straight_line,39
9eff693be7,031,1,39,HUDSUME,HUDSILE,389.2385361245617,61.0,straight_line,39
9eff693be7,031,1,40,HUDSILE,HUDAUDE,426.4583954637698,67.0,straight_line,39
9eff693be7,031,1,41,HUDAUDE,HUDPONE,250.26846932210253,39.0,straight_line,39
9eff693be7,031,1,42,HUDPONE,HUDATWE,208.23888522851283,32.0,straight_line,39
9eff693be7,031,1,43,HUDATWE,HUDGRAE,176.41426780652222,27.0,straight_line,39
9eff693be7,031,1,44,HUDGRAE,HUDMCGE,281.95202003706055,47.0,straight_line,39
9eff693be7,031,1,45,HUDMCGE,HUDONTE,371.83037430146163,60.0,straight_line,39
9eff693be7,031,1,46,HUDONTE,HUDDREE,374.5957764064626,60.0,straight_line,39
9eff693be7,031,1,47,HUDDREE,HUDCLEE,361.66540717364023,60.0,straight_line,39
9eff693be7,031,1,48,HUDCLEE,HUDJOYE,450.79602654788863,48.0,straight_line,39
9eff693be7,031,1,49,HUDJOYE,HUDFIOE,408.68443804668954,43.0,straight_line,39
9eff693be7,031,1,50,HUDFIOE,PARMOCS,144.69439403681596,23.0,straight_line,39
9eff693be7,031,1,51,PARMOCS,MOCWOOE,265.85037417426486,30.0,straight_line,39
9eff693be7,031,1,52,MOCWOOE,MOC2315E,539.9824605245109,58.0,straight_line,39
9eff693be7,031,1,53,MOC2315E,MOC250E,337.5052301835264,38.0,straight_line,39
9eff693be7,031,1,54,MOC250E,SUNSUNN,825.3850742353682,126.0,straight_line,39
9eff693be7,031,1,55,SUNSUNN,SUNCASN,1522.1131617638157,153.0,straight_line,39
9eff693be7,031,1,56,SUNCASN,SUNMCUN,789.6761125361134,81.0,straight_line,39
9eff693be7,031,1,57,SUNMCUN,SUNPATN,926.3551817087263,64.0,straight_line,39
9eff693be7,031,1,58,SUNPATN,EASSUNE,808.8548331003373,61.0,straight_line,39
9eff693be7,031,1,59,EASSUNE,EASMORE,805.1383217360998,55.0,straight_line,39
9eff693be7,031,1,60,EASMORE,EASEASPE,298.4900768869669,49.0,straight_line,39
9eff693be7,031,1,61,EASEASPE,EASCHAE,239.16461971655528,39.0,straight_line,39
9eff693be7,031,1,62,EASCHAE,STECOLN,586.6410851677321,133.0,straight_line,39
9eff693be7,031,1,63,STECOLN,STEWORN,350.47466587829314,60.0,straight_line,39
9eff693be7,031,1,64,STEWORN,STEMORN1,355.69257897205944,62.0,straight_line,39
9eff693be7,031,1,65,STEMORN1,STE418N,135.79176818496163,23.0,straight_line,39
9eff693be7,031,1,66,STE418N,EASTER7,148.56975502858964,54.0,straight_line,39
90b6541919,032,0,0,HERMAIE,MAILUTN,97.88350926444741,15.0,straight_line,20
90b6541919,032,0,1,MAILUTN,MAISCIN,516.7403360280682,70.0,straight_line,20
90b6541919,032,0,2,MAISCIN,CEMLUXE,545.5510394365864,105.0,straight_line,20
90b6541919,032,0,3,CEMLUXE,CEMNORE,281.07675496712875,37.0,straight_line,20
90b6541919,032,0,4,CEMNORE,CEMWBE,294.78937882851056,39.0,straight_line,20
90b6541919,032,0,5,CEMWBE,CEMOUTE,487.5417167936311,65.0,straight_line,20
90b6541919,032,0,6,CEMOUTE,CEMLEAE,317.43120116776754,42.0,straight_line,20
90b6541919,032,0,7,CEMLEAE,CEMBROE,237.43417303936903,32.0,straight_line,20
90b6541919,032,0,8,CEMBROE,CEMBRIE,526.7075484847153,75.0,straight_line,20
90b6541919,032,0,9,CEMBRIE,FISPARS,1239.5512730992289,147.0,straight_line,20
90b6541919,032,0,10,FISPARS,FIS369S,268.11206421115,28.0,straight_line,20
90b6541919,032,0,11,FIS369S,FISMILE,419.8573051509132,47.0,straight_line,20
90b6541919,032,0,12,FISMILE,FISSMIE,463.3351817828304,49.0,straight_line,20
90b6541919,032,0,13,FISSMIE,FISDUBE,461.6145789966108,48.0,straight_line,20
90b6541919,032,0,14,FISDUBE,NOTSUNE,1131.1968481993797,161.0,straight_line,20
90b6541919,032,0,15,NOTSUNE,NOTKIOE,570.009395327595,92.0,straight_line,20
90b6541919,032,0,16,NOTKIOE,NOTDORE,338.1745511334214,55.0,straight_line,20
90b6541919,032,0,17,NOTDORE,NOTRAME,300.835031128839,49.0,straight_line,20
90b6541919,032,0,18,NOTRAME,NOTMOUE,309.2004138832566,50.0,straight_line,20
90b6541919,032,0,19,NOTMOUE,RIDREDE,396.7643877473708,90.0,straight_line,20
90b6541919,032,0,20,RIDREDE,RIDCOLE,246.1930147393526,40.0,straight_line,20
90b6541919,032,0,21,RIDCOLE,RIDSOME,281.69311280881954,45.0,straight_line,20
90b6541919,032,0,22,RIDSOME,RIDTREE,238.41269688445954,38.0,straight_line,20
90b6541919,032,0,23,RIDTREE,TRERIDN1,98.92012463214623,21.0,straight_line,20
90b6541919,032,0,24,TRERIDN1,TREKEYN,148.04937336410234,18.0,straight_line,20
90b6541919,032,0,25,TREKEYN,FISMTHE,543.6127220179026,80.0,straight_line,20
90b6541919,032,0,26,FISMTHE,FISSTAE,414.2114055047026,51.0,straight_line,20
90b6541919,032,0,27,FISSTAE,FISEASE,236.55364802411117,31.0,straight_line,20
90b6541919,032,0,28,FISEASE,KENOBEN,298.4077160752347,60.0,straight_line,20
90b6541919,032,0,29,KENOBEN,NORCLEE,303.059539725429,61.0,straight_line,20
90b6541919,032,0,30,NORCLEE,NORSHAE,265.15879712199234,33.0,straight_line,20
90b6541919,032,0,31,NORSHAE,NORENTE,675.1281251824494,86.0,straight_line,20
90b6541919,032,0,32,NORENTE,NOROLEE,455.5514466820071,70.0,straight_line,20
90b6541919,032,0,33,NOROLEE,WNBYOHPE,290.2533028931197,45.0,straight_line,20
90b6541919,032,0,34,WNBYOHPE,NORMILE,432.0958469470231,66.0,straight_line,20
90b6541919,032,0,35,NORMILE,NORHIGE,378.3367214896187,59.0,straight_line,20
90b6541919,032,0,36,NORHIGE,NOR169E,534.4876905498683,72.0,straight_line,20
90b6541919,032,0,37,NOR169E,NORCALE,185.51926364184658,24.0,straight_line,20
90b6541919,032,0,38,NORCALE,NOR411E,367.1595739746132,49.0,straight_line,20
90b6541919,032,0,39,NOR411E,NORINDE,243.72081386852162,35.0,straight_line,20
90b6541919,032,0,40,NORINDE,EISNORN,672.5412062070008,93.0,straight_line,20
90b6541919,032,0,41,EISNORN,OAKEISE,166.88744153240245,27.0,straight_line,20
90b6541919,032,0,42,OAKEISE,OAKMAIE,295.6445638392232,39.0,straight_line,20
90b6541919,032,0,43,OAKMAIE,OAKOSCE,155.9493526877009,21.0,straight_line,20
90b6541919,032,0,44,OAKOSCE,OAKATWE,322.8521241479719,43.0,straight_line,20
90b6541919,032,0,45,OAKATWE,OAKHAME,552.5529298524045,77.0,straight_line,20
90b6541919,032,0,46,OAKHAME,OAKONTE,216.77188646314266,37.0,straight_line,20
90b6541919,032,0,47,OAKONTE,OAKNORE,261.14125117805145,44.0,straight_line,20
90b6541919,032,0,48,OAKNORE,OAKOAKE,304.6101672823381,51.0,straight_line,20
90b6541919,032,0,49,OAKOAKE,CLEHUYN,735.0488285235014,168.0,straight_line,20
90b6541919,032,0,50,CLEHUYN,INNDERE,395.09011670815846,43.0,straight_line,20
90b6541919,032,0,51,INNDERE,INNWESE,250.15137631354818,22.0,straight_line,20
90b6541919,032,0,52,INNWESE,INNBOYE,619.9391057367545,55.0,straight_line,20
90b6541919,032,0,53,INNBOYE,MCCMCCE,1757.0501451389366,163.0,straight_line,20
90b6541919,032,0,54,MCCMCCE,MCCOAKE,480.1116271959349,40.0,straight_line,20
90b6541919,032,0,55,MCCOAKE,STEMCCN,1044.728792644339,97.0,straight_line,20
90b6541919,032,0,56,STEMCCN,STEESPN,407.2596123507556,30.0,straight_line,20
90b6541919,032,0,57,STEESPN,STEMONN,161.23741267340426,12.0,straight_line,20
90b6541919,032,0,58,STEMONN,MORSTEW,389.5869242768206,32.0,straight_line,20
90b6541919,032,0,59,MORSTEW,MOR340W,581.6595698377636,44.0,straight_line,20
90b6541919,032,0,60,MOR340W,MOR342N,438.0550550530282,34.0,straight_line,20
90b6541919,032,0,61,MOR342N,EASMORE,228.54556448714243,28.0,straight_line,20
90b6541919,032,0,62,EASMORE,EASEASPE,298.4900768869669,49.0,straight_line,20
90b6541919,032,0,63,EASEASPE,EASCHAE,239.16461971655528,39.0,straight_line,20
90b6541919,032,0,64,EASCHAE,STECOLN,586.6410851677321,133.0,straight_line,20
90b6541919,032,0,65,STECOLN,STEWORN,350.47466587829314,60.0,straight_line,20
90b6541919,032,0,66,STEWORN,STEMORN1,355.69257897205944,62.0,straight_line,20
90b6541919,032,0,67,STEMORN1,STE418N,135.79176818496163,23.0,straight_line,20
90b6541919,032,0,68,STE418N,EASTER6,148.56975502858964,54.0,straight_line,20
4da209aa13,032,1,0,EASTER6,STELSAMS,171.2813840520312,92.0,straight_line,20
4da209aa13,032,1,1,STELSAMS,STEMORS1,298.083975338958,51.0,straight_line,20
4da209aa13,032,1,2,STEMORS1,STEWORS,322.99883866566626,55.0,straight_line,20
4da209aa13,032,1,3,STEWORS,STEALSS,160.84025967195603,27.0,straight_line,20
4da209aa13,032,1,4,STEALSS,EASEASW,520.0131902680868,113.0,straight_line,20
4da209aa13,032,1,5,EASEASW,EASEASPW,418.70593504274115,70.0,straight_line,20
4da209aa13,032,1,6,EASEASPW,MOREASS,355.8012100545311,72.0,straight_line,20
4da209aa13,032,1,7,MOREASS,MOR342S,215.90881783635533,17.0,straight_line,20
4da209aa13,032,1,8,MOR342S,MORHARS,435.1155889627367,34.0,straight_line,20
4da209aa13,032,1,9,MORHARS,MORSTEE,574.9060650854325,46.0,straight_line,20
4da209aa13,032,1,10,MORSTEE,STEMONS,203.38008181473006,22.0,straight_line,20
4da209aa13,032,1,11,STEMONS,STEESPS,450.3625717070175,36.0,straight_line,20
4da209aa13,032,1,12,STEESPS,STEMCCS,277.7627948651242,25.0,straight_line,20
4da209aa13,032,1,13,STEMCCS,MCCOAKW,879.360864489585,94.0,straight_line,20
4da209aa13,032,1,14,MCCOAKW,MCCMCCW,677.3596862882291,63.0,straight_line,20
4da209aa13,032,1,15,MCCMCCW,INNKOHW,1639.4971455700277,173.0,straight_line,20
4da209aa13,032,1,16,INNKOHW,INNWESW,330.16757000659726,33.0,straight_line,20
4da209aa13,032,1,17,INNWESW,INNUSPW,352.5456898792872,35.0,straight_line,20
4da209aa13,032,1,18,INNUSPW,INNDERW,295.52379221428413,29.0,straight_line,20
4da209aa13,032,1,19,INNDERW,CLEHUYS,415.2412796131256,53.0,straight_line,20
4da209aa13,032,1,20,CLEHUYS,CLEOAKS,501.95950812006237,53.0,straight_line,20
4da209aa13,032,1,21,CLEOAKS,OAKOAKW,335.06063998076553,38.0,straight_line,20
4da209aa13,032,1,22,OAKOAKW,OAKNORW,322.89966564752166,33.0,straight_line,20
4da209aa13,032,1,23,OAKNORW,OAKOPPW,298.51862989073516,31.0,straight_line,20
4da209aa13,032,1,24,OAKOPPW,OAKKARW,220.27790038996324,25.0,straight_line,20
4da209aa13,032,1,25,OAKKARW,OAKATWW,503.4982503908238,68.0,straight_line,20
4da209aa13,032,1,26,OAKATWW,OAKHIAW,190.69466397119956,25.0,straight_line,20
4da209aa13,032,1,27,OAKHIAW,OAKMAIW,264.2769247708684,36.0,straight_line,20
4da209aa13,032,1,28,OAKMAIW,OAKEISW,364.77011777758406,49.0,straight_line,20
4da209aa13,032,1,29,OAKEISW,EISBROS,172.8742148090366,24.0,straight_line,20
4da209aa13,032,1,30,EISBROS,NORINDW,659.4661876059754,98.0,straight_line,20
4da209aa13,032,1,31,NORINDW,NOR366W,216.40664537674172,29.0,straight_line,20
4da209aa13,032,1,32,NOR366W,NORCALW,385.4082961596188,53.0,straight_line,20
4da209aa13,032,1,33,NORCALW,NOR162W,236.39304399586243,32.0,straight_line,20
4da209aa13,032,1,34,NOR162W,NORHIGW,466.09959998557946,66.0,straight_line,20
4da209aa13,032,1,35,NORHIGW,NORMILW,357.4710966191491,38.0,straight_line,20
4da209aa13,032,1,36,NORMILW,WNBYOHPW,614.5317172101597,65.0,straight_line,20
4da209aa13,032,1,37,WNBYOHPW,NOREXIW,693.2983691527412,77.0,straight_line,20
4da209aa13,032,1,38,NOREXIW,NORSHAW,558.264920238452,56.0,straight_line,20
4da209aa13,032,1,39,NORSHAW,NORCLEW,352.8955922725388,35.0,straight_line,20
4da209aa13,032,1,40,NORCLEW,KENLONS,109.27437158166967,16.0,straight_line,20
4da209aa13,032,1,41,KENLONS,KENMANS,188.50713606201163,19.0,straight_line,20
4da209aa13,032,1,42,KENMANS,FISKENW,375.69008948772597,54.0,straight_line,20
4da209aa13,032,1,43,FISKENW,FIS1247W,194.13902779518355,21.0,straight_line,20
4da209aa13,032,1,44,FIS1247W,FISCHAW,379.60844326297325,41.0,straight_line,20
4da209aa13,032,1,45,FISCHAW,FISPEMW,339.1302129869382,37.0,straight_line,20
4da209aa13,032,1,46,FISPEMW,RIDTREW,542.015642241735,81.0,straight_line,20
4da209aa13,032,1,47,RIDTREW,RIDSOMW,263.40604697944036,33.0,straight_line,20
4da209aa13,032,1,48,RIDSOMW,RIDCOLW,270.7878699704297,34.0,straight_line,20
4da209aa13,032,1,49,RIDCOLW,RIDREDW,299.60403830617435,38.0,straight_line,20
4da209aa13,032,1,50,RIDREDW,RIDMOUW,199.66943307411503,25.0,straight_line,20
4da209aa13,032,1,51,RIDMOUW,NOTMOUW,242.26432345850185,38.0,straight_line,20
4da209aa13,032,1,52,NOTMOUW,NOTRAMW,304.97624742143273,38.0,straight_line,20
4da209aa13,032,1,53,NOTRAMW,NOTDORW,312.9561811571069,39.0,straight_line,20
4da209aa13,032,1,54,NOTDORW,NOTKIOW,316.6771605163735,40.0,straight_line,20
4da209aa13,032,1,55,NOTKIOW,NOTSUNW,550.8082705928739,75.0,straight_line,20
4da209aa13,032,1,56,NOTSUNW,FISDUBW,1150.5283823166324,174.0,straight_line,20
4da209aa13,032,1,57,FISDUBW,FISSMIW,606.0280805239662,69.0,straight_line,20
4da209aa13,032,1,58,FISSMIW,FISMILN,330.9151751558223,38.0,straight_line,20
4da209aa13,032,1,59,FISMILN,FIS365N,426.51295754652506,62.0,straight_line,20
4da209aa13,032,1,60,FIS365N,FISRIDN,203.15860639436147,23.0,straight_line,20
4da209aa13,032,1,61,FISRIDN,CEMBRIW,1387.0515040882299,174.0,straight_line,20
4da209aa13,032,1,62,CEMBRIW,CEMBROW,399.168530166617,50.0,straight_line,20
4da209aa13,032,1,63,CEMBROW,CEMLEAW,322.38658000930167,40.0,straight_line,20
4da209aa13,032,1,64,CEMLEAW,CEMOUTW,346.66891940812206,44.0,straight_line,20
4da209aa13,032,1,65,CEMOUTW,CEMBERLW,319.55179099856275,40.0,straight_line,20
4da209aa13,032,1,66,CEMBERLW,CEMNORW,481.9293968171052,61.0,straight_line,20
4da209aa13,032,1,67,CEMNORW,CEMFRAW,277.65126985230063,35.0,straight_line,20
4da209aa13,032,1,68,CEMFRAW,MAISCIS,440.52671006325124,84.0,straight_line,20
4da209aa13,032,1,69,MAISCIS,HERCOLWB,308.99775652710883,59.0,straight_line,20
4da209aa13,032,1,70,HERCOLWB,HERMAIE,362.6417836623064,67.0,straight_line,20
a71b58b931,033,0,0,WESHIGW,HIG521S,120.28095799489635,60.0,straight_line,19
a71b58b931,033,0,1,HIG521S,HIGFENS,137.42389151968723,36.0,straight_line,19
a71b58b931,033,0,2,HIGFENS,HIGGRA2S,336.56589941760006,88.0,straight_line,19
a71b58b931,033,0,3,HIGGRA2S,HIGMORS,207.98791519318095,56.0,straight_line,19
a71b58b931,033,0,4,HIGMORS,HIGJEFS,131.0444123921225,25.0,straight_line,19
a71b58b931,033,0,5,HIGJEFS,HIGBEES,320.7004622567199,61.0,straight_line,19
a71b58b931,033,0,6,HIGBEES,HIGSHES,290.10265400236915,56.0,straight_line,19
a71b58b931,033,0,7,HIGSHES,HIGHENS,497.52808273946084,98.0,straight_line,19
a71b58b931,033,0,8,HIGHENS,HENZELW,361.1919098736384,56.0,straight_line,19
a71b58b931,033,0,9,HENZELW,HENOLEBW,276.1503453537407,39.0,straight_line,19
a71b58b931,033,0,10,HENOLEBW,HENOLEW,586.4134001566422,85.0,straight_line,19
a71b58b931,033,0,11,HENOLEW,HENLAUW,296.3557048166244,26.0,straight_line,19
a71b58b931,033,0,12,HENLAUW,HENKNIW,351.442143907915,31.0,straight_line,19
a71b58b931,033,0,13,HENKNIW,HENKENW,692.7799013826939,63.0,straight_line,19
a71b58b931,033,0,14,HENKENW,HENWINW,627.2497975742781,54.0,straight_line,19
a71b58b931,033,0,15,HENWINW,HENLARW,457.1027789714635,39.0,straight_line,19
a71b58b931,033,0,16,HENLARW,HENREEW,294.53444619021883,27.0,straight_line,19
a71b58b931,033,0,17,HENREEW,HENGETW1,580.0873534488765,72.0,straight_line,19
a71b58b931,033,0,18,HENGETW1,HENDIEW1,252.39529911930876,31.0,straight_line,19
a71b58b931,033,0,19,HENDIEW1,DIEWENN,87.64441618483785,13.0,straight_line,19
a71b58b931,033,0,20,DIEWENN,DIEPKRN,296.65278896531237,37.0,straight_line,19
a71b58b931,033,0,21,DIEPKRN,BETDIEW,419.06705450773524,57.0,straight_line,19
a71b58b931,033,0,22,BETDIEW,BETBETW,229.08293126062082,28.0,straight_line,19
a71b58b931,033,0,23,BETBETW,BETCOAW,298.70507094893355,36.0,straight_line,19
a71b58b931,033,0,24,BETCOAW,PICGARN,446.8544026862689,74.0,straight_line,19
a71b58b931,033,0,25,PICGARN,RESSAWW,478.60924737123463,72.0,straight_line,19
a71b58b931,033,0,26,RESSAWW,SAWWESN,582.951397962391,91.0,straight_line,19
a71b58b931,033,0,27,SAWWESN,SAWKAYN,778.3655702428284,101.0,straight_line,19
a71b58b931,033,0,28,SAWKAYN,SAWCRAN,628.4914089406586,81.0,straight_line,19
a71b58b931,033,0,29,SAWCRAN,SAWMTULN,344.1338210672554,44.0,straight_line,19
a71b58b931,033,0,30,SAWMTULN,620SAWN,336.821409790927,43.0,straight_line,19
a71b58b931,033,0,31,620SAWN,SAWDUBN,436.9520591037947,60.0,straight_line,19
a71b58b931,033,0,32,SAWDUBN,SAWSAWN,447.0567801641851,68.0,straight_line,19
a71b58b931,033,0,33,SAWSAWN,SAWFEDN,263.4975046312226,40.0,straight_line,19
a71b58b931,033,0,34,SAWFEDN,SAWSNON,220.2840590267647,33.0,straight_line,19
a71b58b931,033,0,35,SAWSNON,SAWSBN,1074.2317985622283,165.0,straight_line,19
a71b58b931,033,0,36,SAWSBN,HARSAWE,433.1527248085596,77.0,straight_line,19
a71b58b931,033,0,37,HARSAWE,HARHEAE,465.4769557717675,70.0,straight_line,19
a71b58b931,033,0,38,HARHEAE,STAHARN,331.46083325882745,57.0,straight_line,19
a71b58b931,033,0,39,STAHARN,SUMSUTW,416.5587474288978,74.0,straight_line,19
a71b58b931,033,0,40,SUMSUTW,SUMSAWW,202.9555103185911,30.0,straight_line,19
a71b58b931,033,0,41,SUMSAWW,SUM2555W,251.6378266887637,46.0,straight_line,19
0396755be0,033,0,0,WESHIGW,HIG521S,120.28095799489635,60.0,straight_line,20
0396755be0,033,0,1,HIG521S,HIGFENS,137.42389151968723,36.0,straight_line,20
0396755be0,033,0,2,HIGFENS,HIGGRA2S,336.56589941760006,88.0,straight_line,20
0396755be0,033,0,3,HIGGRA2S,HIGMORS,207.98791519318095,56.0,straight_line,20
0396755be0,033,0,4,HIGMORS,HIGJEFS,131.0444123921225,25.0,straight_line,20
0396755be0,033,0,5,HIGJEFS,HIGBEES,320.7004622567199,61.0,straight_line,20
0396755be0,033,0,6,HIGBEES,HIGSHES,290.10265400236915,56.0,straight_line,20
0396755be0,033,0,7,HIGSHES,HIGHENS,497.52808273946084,98.0,straight_line,20
0396755be0,033,0,8,HIGHENS,HENZELW,361.1919098736384,56.0,straight_line,20
0396755be0,033,0,9,HENZELW,HENOLEBW,276.1503453537407,39.0,straight_line,20
0396755be0,033,0,10,HENOLEBW,HENOLEW,586.4134001566422,85.0,straight_line,20
0396755be0,033,0,11,HENOLEW,HENLAUW,296.3557048166244,26.0,straight_line,20
0396755be0,033,0,12,HENLAUW,HENKNIW,351.442143907915,31.0,straight_line,20
0396755be0,033,0,13,HENKNIW,HENKENW,692.7799013826939,63.0,straight_line,20
0396755be0,033,0,14,HENKENW,HENWINW,627.2497975742781,54.0,straight_line,20
0396755be0,033,0,15,HENWINW,HENLARW,457.1027789714635,39.0,straight_line,20
0396755be0,033,0,16,HENLARW,HENREEW,294.53444619021883,27.0,straight_line,20
0396755be0,033,0,17,HENREEW,HENGETW1,580.0873534488765,72.0,straight_line,20
0396755be0,033,0,18,HENGETW1,HENDIEW1,252.39529911930876,31.0,straight_line,20
0396755be0,033,0,19,HENDIEW1,DIEWENN,87.64441618483785,13.0,straight_line,20
0396755be0,033,0,20,DIEWENN,DIEPKRN,296.65278896531237,37.0,straight_line,20
0396755be0,033,0,21,DIEPKRN,BETDIEW,419.06705450773524,57.0,straight_line,20
0396755be0,033,0,22,BETDIEW,BETBETW,229.08293126062082,28.0,straight_line,20
0396755be0,033,0,23,BETBETW,BETCOAW,298.70507094893355,36.0,straight_line,20
0396755be0,033,0,24,BETCOAW,PICGARN,446.8544026862689,74.0,straight_line,20
0396755be0,033,0,25,PICGARN,RESSAWW,478.60924737123463,72.0,straight_line,20
0396755be0,033,0,26,RESSAWW,SAWWESN,582.951397962391,97.0,straight_line,20
0396755be0,033,0,27,SAWWESN,SAWKAYN,778.3655702428284,107.0,straight_line,20
0396755be0,033,0,28,SAWKAYN,SAWCRAN,628.4914089406586,86.0,straight_line,20
0396755be0,033,0,29,SAWCRAN,SAWMTULN,344.1338210672554,47.0,straight_line,20
0396755be0,033,0,30,SAWMTULN,620SAWN,336.821409790927,46.0,straight_line,20
0396755be0,033,0,31,620SAWN,DUBSAWW,597.7897792728666,97.0,straight_line,20
0396755be0,033,0,32,DUBSAWW,DUBDUBW,316.6302886413398,37.0,straight_line,20
0396755be0,033,0,33,DUBDUBW,DUBSHAW,513.9285336132878,77.0,straight_line,20
0396755be0,033,0,34,DUBSHAW,DUBDALW,480.01786218466805,72.0,straight_line,20
0396755be0,033,0,35,DUBDALW,BRINHIW,583.6699047516053,90.0,straight_line,20
0396755be0,033,0,36,BRINHIW,80WBRIW,281.7594679268015,42.0,straight_line,20
0396755be0,033,0,37,80WBRIW,BRISHAW,332.41886537606416,50.0,straight_line,20
0396755be0,033,0,38,BRISHAW,FRA161S,364.70414284712075,65.0,straight_line,20
0396755be0,033,0,39,FRA161S,METUMETW,425.33957110153904,97.0,straight_line,20
0396755be0,033,0,40,METUMETW,METCRPW,287.3578935899194,43.0,straight_line,20
0396755be0,033,0,41,METCRPW,METS565S,146.9266298801462,27.0,straight_line,20
43ecd89ef0,033,1,0,SUM2555W,SAWSUMS,174.44014819990002,38.0,straight_line,19
43ecd89ef0,033,1,1,SAWSUMS,SAWHARS,355.6518984869916,55.0,straight_line,19
43ecd89ef0,033,1,2,SAWHARS,SAWSBS,447.9598267255402,70.0,straight_line,19
43ecd89ef0,033,1,3,SAWSBS,SAWSNOS,1122.4136861215256,176.0,straight_line,19
43ecd89ef0,033,1,4,SAWSNOS,SAWVILLS,315.1491222640454,49.0,straight_line,19
43ecd89ef0,033,1,5,SAWVILLS,SAWBANS,176.4499121241769,28.0,straight_line,19
43ecd89ef0,033,1,6,SAWBANS,SAWDUBS,388.6807858050022,64.0,straight_line,19
43ecd89ef0,033,1,7,SAWDUBS,617SAWS,499.6091192622523,63.0,straight_line,19
43ecd89ef0,033,1,8,617SAWS,SAWMKRIS,395.97751963024984,50.0,straight_line,19
43ecd89ef0,033,1,9,SAWMKRIS,SAWCRAS,382.3230437445039,48.0,straight_line,19
43ecd89ef0,033,1,10,SAWCRAS,SAWKAYS,563.2481835528229,72.0,straight_line,19
43ecd89ef0,033,1,11,SAWKAYS,SAWWESS,643.569632861593,82.0,straight_line,19
43ecd89ef0,033,1,12,SAWWESS,RESSAWE,684.8060985404738,105.0,straight_line,19
43ecd89ef0,033,1,13,RESSAWE,PICBETS,468.96486790970044,0.0,straight_line,19
43ecd89ef0,033,1,14,PICBETS,2425BET,260.4961706553416,58.0,straight_line,19
43ecd89ef0,033,1,15,2425BET,BETWOOE,283.6256286341692,48.0,straight_line,19
43ecd89ef0,033,1,16,BETWOOE,BETHEDE,282.6390272727366,48.0,straight_line,19
43ecd89ef0,033,1,17,BETHEDE,DIEBETS,214.83483927083455,48.0,straight_line,19
43ecd89ef0,033,1,18,DIEBETS,DIEBURGS,288.77774209574335,50.0,straight_line,19
43ecd89ef0,033,1,19,DIEBURGS,DIEWENS,329.107132344985,57.0,straight_line,19
43ecd89ef0,033,1,20,DIEWENS,HENDIEE,126.33570426274376,22.0,straight_line,19
43ecd89ef0,033,1,21,HENDIEE,HENGETE,277.45353726140075,47.0,straight_line,19
43ecd89ef0,033,1,22,HENGETE,HENREEE,558.465634744763,102.0,straight_line,19
43ecd89ef0,033,1,23,HENREEE,HENLARE,384.48316186233825,49.0,straight_line,19
43ecd89ef0,033,1,24,HENLARE,HENWINE,372.63314700255637,47.0,straight_line,19
43ecd89ef0,033,1,25,HENWINE,HENKENE,642.5415722725929,84.0,straight_line,19
43ecd89ef0,033,1,26,HENKENE,HENKNIE,674.7567831334928,84.0,straight_line,19
43ecd89ef0,033,1,27,HENKNIE,HENLAUE,402.9701598977072,49.0,straight_line,19
43ecd89ef0,033,1,28,HENLAUE,HENOLEE,371.2897524575835,47.0,straight_line,19
43ecd89ef0,033,1,29,HENOLEE,HENOLEBE,483.4712441659742,71.0,straight_line,19
43ecd89ef0,033,1,30,HENOLEBE,HENZELE,222.24929834939093,32.0,straight_line,19
43ecd89ef0,033,1,31,HENZELE,HIGSCHN,429.22486742464775,77.0,straight_line,19
43ecd89ef0,033,1,32,HIGSCHN,HIGWEIN,317.2787875586482,48.0,straight_line,19
43ecd89ef0,033,1,33,HIGWEIN,HIGBEAN,248.54227317946925,38.0,straight_line,19
43ecd89ef0,033,1,34,HIGBEAN,HIGROYN1,372.8645998062959,56.0,straight_line,19
43ecd89ef0,033,1,35,HIGROYN1,HIGMORN,274.9638422783355,42.0,straight_line,19
43ecd89ef0,033,1,36,HIGMORN,HIGFITN,334.67968640640026,51.0,straight_line,19
43ecd89ef0,033,1,37,HIGFITN,HIG522N,249.35573574394232,37.0,straight_line,19
43ecd89ef0,033,1,38,HIG522N,HIGKANN,259.12239237274326,39.0,straight_line,19
43ecd89ef0,033,1,39,HIGKANN,BROMHIGW,268.4119832624525,53.0,straight_line,19
43ecd89ef0,033,1,40,BROMHIGW,BRO200W,352.30937795422085,57.0,straight_line,19
43ecd89ef0,033,1,41,BRO200W,HIGBROMS,296.53099798235587,59.0,straight_line,19
43ecd89ef0,033,1,42,HIGBROMS,209HIGE,244.35785636544765,37.0,straight_line,19
43ecd89ef0,033,1,43,209HIGE,BROMHIGE,389.0104637051065,59.0,straight_line,19
43ecd89ef0,033,1,44,BROMHIGE,HIGKANS,213.61731970008478,46.0,straight_line,19
43ecd89ef0,033,1,45,HIGKANS,WESHIGW,153.5097516913514,38.0,straight_line,19
52c8c39c3a,033,1,0,METS565S,METS495E,186.61015731108512,26.0,straight_line,20
52c8c39c3a,033,1,1,METS495E,MET485E,263.42835341501103,35.0,straight_line,20
52c8c39c3a,033,1,2,MET485E,FRA161N,677.5932526518516,122.0,straight_line,20
52c8c39c3a,033,1,3,FRA161N,BRICORE,369.1000308397322,59.0,straight_line,20
52c8c39c3a,033,1,4,BRICORE,181WBRE,245.96084005916904,33.0,straight_line,20
52c8c39c3a,033,1,5,181WBRE,BRIHIGE,346.44465367073883,47.0,straight_line,20
52c8c39c3a,033,1,6,BRIHIGE,DUBDALE,575.7501110258279,79.0,straight_line,20
52c8c39c3a,033,1,7,DUBDALE,DUBSHAE,553.9650963909035,75.0,straight_line,20
52c8c39c3a,033,1,8,DUBSHAE,DUBDUBE,496.09854323619976,68.0,straight_line,20
52c8c39c3a,033,1,9,DUBDUBE,SAWDUBS,330.0173106755155,56.0,straight_line,20
52c8c39c3a,033,1,10,SAWDUBS,617SAWS,499.6091192622523,63.0,straight_line,20
52c8c39c3a,033,1,11,617SAWS,SAWMKRIS,395.97751963024984,50.0,straight_line,20
52c8c39c3a,033,1,12,SAWMKRIS,SAWCRAS,382.3230437445039,48.0,straight_line,20
52c8c39c3a,033,1,13,SAWCRAS,SAWKAYS,563.2481835528229,72.0,straight_line,20
52c8c39c3a,033,1,14,SAWKAYS,SAWWESS,643.569632861593,82.0,straight_line,20
52c8c39c3a,033,1,15,SAWWESS,RESSAWE,684.8060985404738,105.0,straight_line,20
52c8c39c3a,033,1,16,RESSAWE,PICBETS,468.96486790970044,0.0,straight_line,20
52c8c39c3a,033,1,17,PICBETS,2425BET,260.4961706553416,58.0,straight_line,20
52c8c39c3a,033,1,18,2425BET,BETWOOE,283.6256286341692,48.0,straight_line,20
52c8c39c3a,033,1,19,BETWOOE,BETHEDE,282.6390272727366,48.0,straight_line,20
52c8c39c3a,033,1,20,BETHEDE,DIEBETS,214.83483927083455,48.0,straight_line,20
52c8c39c3a,033,1,21,DIEBETS,DIEBURGS,288.77774209574335,50.0,straight_line,20
52c8c39c3a,033,1,22,DIEBURGS,DIEWENS,329.107132344985,57.0,straight_line,20
52c8c39c3a,033,1,23,DIEWENS,HENDIEE,126.33570426274376,22.0,straight_line,20
52c8c39c3a,033,1,24,HENDIEE,HENGETE,277.45353726140075,47.0,straight_line,20
52c8c39c3a,033,1,25,HENGETE,HENREEE,558.465634744763,102.0,straight_line,20
52c8c39c3a,033,1,26,HENREEE,HENLARE,384.48316186233825,49.0,straight_line,20
52c8c39c3a,033,1,27,HENLARE,HENWINE,372.63314700255637,47.0,straight_line,20
52c8c39c3a,033,1,28,HENWINE,HENKENE,642.5415722725929,84.0,straight_line,20
52c8c39c3a,033,1,29,HENKENE,HENKNIE,674.7567831334928,84.0,straight_line,20
52c8c39c3a,033,1,30,HENKNIE,HENLAUE,402.9701598977072,49.0,straight_line,20
52c8c39c3a,033,1,31,HENLAUE,HENOLEE,371.2897524575835,47.0,straight_line,20
52c8c39c3a,033,1,32,HENOLEE,HENOLEBE,483.4712441659742,82.5,straight_line,20
52c8c39c3a,033,1,33,HENOLEBE,HENZELE,222.24929834939093,37.5,straight_line,20
52c8c39c3a,033,1,34,HENZELE,HIGSCHN,429.22486742464775,90.0,straight_line,20
52c8c39c3a,033,1,35,HIGSCHN,HIGWEIN,317.2787875586482,48.0,straight_line,20
52c8c39c3a,033,1,36,HIGWEIN,HIGBEAN,248.54227317946925,38.0,straight_line,20
52c8c39c3a,033,1,37,HIGBEAN,HIGROYN1,372.8645998062959,56.0,straight_line,20
52c8c39c3a,033,1,38,HIGROYN1,HIGMORN,274.9638422783355,42.0,straight_line,20
52c8c39c3a,033,1,39,HIGMORN,HIGFITN,334.67968640640026,51.0,straight_line,20
52c8c39c3a,033,1,40,HIGFITN,HIG522N,249.35573574394232,37.0,straight_line,20
52c8c39c3a,033,1,41,HIG522N,HIGKANN,259.12239237274326,39.0,straight_line,20
52c8c39c3a,033,1,42,HIGKANN,BROMHIGW,268.4119832624525,53.0,straight_line,20
52c8c39c3a,033,1,43,BROMHIGW,BRO200W,352.30937795422085,57.0,straight_line,20
52c8c39c3a,033,1,44,BRO200W,HIGBROMS,296.53099798235587,59.0,straight_line,20
52c8c39c3a,033,1,45,HIGBROMS,209HIGE,244.35785636544765,37.0,straight_line,20
52c8c39c3a,033,1,46,209HIGE,BROMHIGE,389.0104637051065,59.0,straight_line,20
52c8c39c3a,033,1,47,BROMHIGE,HIGKANS,213.61731970008478,46.0,straight_line,20
52c8c39c3a,033,1,48,HIGKANS,WESHIGW,153.5097516913514,38.0,straight_line,20
c0c687c0e0,034,0,0,WESHIGW,HIG521S,120.28095799489635,60.0,straight_line,77
c0c687c0e0,034,0,1,HIG521S,HIGFENS,137.42389151968723,32.0,straight_line,77
c0c687c0e0,034,0,2,HIGFENS,HIGGRA2S,336.56589941760006,77.0,straight_line,77
c0c687c0e0,034,0,3,HIGGRA2S,MORHIGE,261.3574469003349,71.0,straight_line,77
c0c687c0e0,034,0,4,MORHIGE,MORFOSE,406.98997447536465,53.0,straight_line,77
c0c687c0e0,034,0,5,MORFOSE,MORELKE,232.7877382321337,30.0,straight_line,77
c0c687c0e0,034,0,6,MORELKE,MORSHAE,285.97869576181074,37.0,straight_line,77
c0c687c0e0,034,0,7,MORSHAE,MORCOLE,409.795829501391,54.0,straight_line,77
c0c687c0e0,034,0,8,MORCOLE,MORINDE,211.0962255093434,27.0,straight_line,77
c0c687c0e0,034,0,9,MORINDE,MORSANE,676.8728408850263,89.0,straight_line,77
c0c687c0e0,034,0,10,MORSANE,MORMAIE,519.1574099193084,68.0,straight_line,77
c0c687c0e0,034,0,11,MORMAIE,MORALME,316.74726305677666,41.0,straight_line,77
c0c687c0e0,034,0,12,MORALME,MORKARE1,569.3649290399883,81.0,straight_line,77
c0c687c0e0,034,0,13,MORKARE1,MOR177E,240.86552744761934,41.0,straight_line,77
c0c687c0e0,034,0,14,MOR177E,MORTAME,274.97464768688997,47.0,straight_line,77
c0c687c0e0,034,0,15,MORTAME,MORHEATE,300.2726663489249,52.0,straight_line,77
c0c687c0e0,034,0,16,MORHEATE,MORWALE,473.5564915825109,82.0,straight_line,77
c0c687c0e0,034,0,17,MORWALE,MORMALE,355.5877709902879,62.0,straight_line,77
c0c687c0e0,034,0,18,MORMALE,MORCLEE,420.09986235567794,76.0,straight_line,77
c0c687c0e0,034,0,19,MORCLEE,MORGOLE,222.62835119440342,26.0,straight_line,77
c0c687c0e0,034,0,20,MORGOLE,MORCHEE,400.85301539232734,47.0,straight_line,77
c0c687c0e0,034,0,21,MORCHEE,MOR2975E,327.7932055268798,38.0,straight_line,77
c0c687c0e0,034,0,22,MOR2975E,MORWESE,377.3166460349567,44.0,straight_line,77
c0c687c0e0,034,0,23,MORWESE,MORCHAE,317.87151878337494,37.0,straight_line,77
c0c687c0e0,034,0,24,MORCHAE,MORTRIE,565.7700299516558,66.0,straight_line,77
c0c687c0e0,034,0,25,MORTRIE,MORSUNBE,356.87017269959273,42.0,straight_line,77
c0c687c0e0,034,0,26,MORSUNBE,MORMORS,349.44659267718123,60.0,straight_line,77
c0c687c0e0,034,0,27,MORMORS,MOR415S,163.616483328121,29.0,straight_line,77
c0c687c0e0,034,0,28,MOR415S,MORGRAS,489.0134610210805,89.0,straight_line,77
c0c687c0e0,034,0,29,MORGRAS,EASMORE,291.91564047671983,62.0,straight_line,77
c0c687c0e0,034,0,30,EASMORE,EASEASPE,298.4900768869669,49.0,straight_line,77
c0c687c0e0,034,0,31,EASEASPE,EASCHAE,239.16461971655528,39.0,straight_line,77
c0c687c0e0,034,0,32,EASCHAE,STECOLN,586.6410851677321,133.0,straight_line,77
c0c687c0e0,034,0,33,STECOLN,STEWORN,350.47466587829314,60.0,straight_line,77
c0c687c0e0,034,0,34,STEWORN,STEMORN1,355.69257897205944,62.0,straight_line,77
c0c687c0e0,034,0,35,STEMORN1,STE418N,135.79176818496163,23.0,straight_line,77
c0c687c0e0,034,0,36,STE418N,EASTER2,148.56975502858964,54.0,straight_line,77
c0c687c0e0,034,0,37,EASTER2,STELSAMS,171.2813840520312,90.0,straight_line,77
c0c687c0e0,034,0,38,STELSAMS,MORAPPE1,1055.5478742122407,205.0,straight_line,77
c0c687c0e0,034,0,39,MORAPPE1,MORSTYE1,746.7533890612802,122.0,straight_line,77
c0c687c0e0,034,0,40,MORSTYE1,MORCHEE1,370.54354882132355,63.0,straight_line,77
c0c687c0e0,034,0,41,MORCHEE1,MORGREE,612.1981145038778,85.0,straight_line,77
c0c687c0e0,034,0,42,MORGREE,MORSHEE,375.6061217721968,52.0,straight_line,77
c0c687c0e0,034,0,43,MORSHEE,MORSTONE,573.1996330460842,80.0,straight_line,77
c0c687c0e0,034,0,44,MORSTONE,HAMCHEN,339.5797652932926,57.0,straight_line,77
c0c687c0e0,034,0,45,HAMCHEN,HAMMEIN,415.38480596251554,59.0,straight_line,77
c0c687c0e0,034,0,46,HAMMEIN,MEIHAM2S,101.08026607282764,27.0,straight_line,77
86316b90dd,034,1,0,MEIHAM2S,HAMBROS1,236.68404964507812,42.0,straight_line,77
86316b90dd,034,1,1,HAMBROS1,MORKOHW,333.3460100342189,57.0,straight_line,77
86316b90dd,034,1,2,MORKOHW,MORSLEW,698.8603364732966,80.0,straight_line,77
86316b90dd,034,1,3,MORSLEW,MORKENW,392.23276319552474,45.0,straight_line,77
86316b90dd,034,1,4,MORKENW,MORCHEW,652.9454603802101,76.0,straight_line,77
86316b90dd,034,1,5,MORCHEW,MORSTYW,342.25777212424987,40.0,straight_line,77
86316b90dd,034,1,6,MORSTYW,MORAPPW,637.8217447856638,75.0,straight_line,77
86316b90dd,034,1,7,MORAPPW,STEMORN1,1038.3888620096157,132.0,straight_line,77
86316b90dd,034,1,8,STEMORN1,STE418N,135.79176818496163,16.0,straight_line,77
86316b90dd,034,1,9,STE418N,EASTER2,148.56975502858964,37.0,straight_line,77
86316b90dd,034,1,10,EASTER2,STELSAMS,171.2813840520312,92.0,straight_line,77
86316b90dd,034,1,11,STELSAMS,STEMORS1,298.083975338958,50.0,straight_line,77
86316b90dd,034,1,12,STEMORS1,STEWORS,322.99883866566626,55.0,straight_line,77
86316b90dd,034,1,13,STEWORS,STEALSS,160.84025967195603,27.0,straight_line,77
86316b90dd,034,1,14,STEALSS,EASEASW,520.0131902680868,112.0,straight_line,77
86316b90dd,034,1,15,EASEASW,EASEASPW,418.70593504274115,69.0,straight_line,77
86316b90dd,034,1,16,EASEASPW,MOREASN1,353.1674086918451,75.0,straight_line,77
86316b90dd,034,1,17,MOREASN1,MORGRAMN,239.9629305794645,54.0,straight_line,77
86316b90dd,034,1,18,MORGRAMN,MORSETN,397.73717307597644,91.0,straight_line,77
86316b90dd,034,1,19,MORSETN,MORMOXW,351.7916701175442,95.0,straight_line,77
86316b90dd,034,1,20,MORMOXW,MORTRIW,648.0976272585638,89.0,straight_line,77
86316b90dd,034,1,21,MORTRIW,MORDUNW,446.332160323776,61.0,straight_line,77
86316b90dd,034,1,22,MORDUNW,MORWESW,619.5004205916622,85.0,straight_line,77
86316b90dd,034,1,23,MORWESW,MOROPPW,445.2203022841996,61.0,straight_line,77
86316b90dd,034,1,24,MOROPPW,MOR2700W,216.66270156342824,29.0,straight_line,77
86316b90dd,034,1,25,MOR2700W,MOR2560W,368.8394674352457,50.0,straight_line,77
86316b90dd,034,1,26,MOR2560W,MORCLEW,299.0488697677524,45.0,straight_line,77
86316b90dd,034,1,27,MORCLEW,MORMALW,290.5318949951487,51.0,straight_line,77
86316b90dd,034,1,28,MORMALW,MORNORW,399.21356581879326,70.0,straight_line,77
86316b90dd,034,1,29,MORNORW,MORHEAW,448.63775607387197,79.0,straight_line,77
86316b90dd,034,1,30,MORHEAW,MORTAMW,290.04356076503734,51.0,straight_line,77
86316b90dd,034,1,31,MORTAMW,MOR170W,274.89237806248565,48.0,straight_line,77
86316b90dd,034,1,32,MOR170W,MORKARW1,333.9124902894446,61.0,straight_line,77
86316b90dd,034,1,33,MORKARW1,MORALMW,396.14711945516905,46.0,straight_line,77
86316b90dd,034,1,34,MORALMW,MORMAIW,383.5403503815646,44.0,straight_line,77
86316b90dd,034,1,35,MORMAIW,MORKINW,220.10043994933935,25.0,straight_line,77
86316b90dd,034,1,36,MORKINW,MORSANW,224.53602234842825,26.0,straight_line,77
86316b90dd,034,1,37,MORSANW,MORINDW,668.8427743682304,77.0,straight_line,77
86316b90dd,034,1,38,MORINDW,MORCOLW,220.71553414927354,25.0,straight_line,77
86316b90dd,034,1,39,MORCOLW,MORBEEW,238.0436118733669,27.0,straight_line,77
86316b90dd,034,1,40,MORBEEW,MORELKW,405.39564318501374,47.0,straight_line,77
86316b90dd,034,1,41,MORELKW,MORFOSW,284.86889274442893,33.0,straight_line,77
86316b90dd,034,1,42,MORFOSW,MORBEECW,183.37699830274218,21.0,straight_line,77
86316b90dd,034,1,43,MORBEECW,HIGMORN,274.3060241003652,49.0,straight_line,77
86316b90dd,034,1,44,HIGMORN,HIGFITN,334.67968640640026,34.0,straight_line,77
86316b90dd,034,1,45,HIGFITN,HIG522N,249.35573574394232,26.0,straight_line,77
86316b90dd,034,1,46,HIG522N,WESHIGW,160.15428728464448,60.0,straight_line,77
4dcb73fb57,035,0,0,BOASHAN,161SATE,968.6249089667048,226.0,straight_line,18
4dcb73fb57,035,0,1,161SATE,161KARE,499.11305403414786,74.0,straight_line,18
4dcb73fb57,035,0,2,161KARE,161TAME1,482.2838516674535,60.0,straight_line,18
4dcb73fb57,035,0,3,161TAME1,161BEEE1,424.70207357467905,53.0,straight_line,18
4dcb73fb57,035,0,4,161BEEE1,161MAPE1,380.8002044950036,47.0,straight_line,18
4dcb73fb57,035,0,5,161MAPE1,161PARE1,318.9572059980157,40.0,straight_line,18
4dcb73fb57,035,0,6,161PARE1,CLE161SF,440.6302304722421,63.0,straight_line,18
4dcb73fb57,035,0,7,CLE161SF,NORTRA2,216.37060561497134,97.0,straight_line,18
4dcb73fb57,035,0,8,NORTRA2,NORCLEE1,91.04347124867977,74.0,straight_line,18
4dcb73fb57,035,0,9,NORCLEE1,NORSERE,304.11284133086514,73.0,straight_line,18
4dcb73fb57,035,0,10,NORSERE,FORNORN,235.6773364802366,60.0,straight_line,18
4dcb73fb57,035,0,11,FORNORN,161FORE,96.79321104160681,33.0,straight_line,18
4dcb73fb57,035,0,12,161FORE,161NOAKE,283.53269519260624,44.0,straight_line,18
4dcb73fb57,035,0,13,161NOAKE,161PONE,370.25018604907456,57.0,straight_line,18
4dcb73fb57,035,0,14,161PONE,ODGVALE,482.8397052455514,86.0,straight_line,18
4dcb73fb57,035,0,15,ODGVALE,ODGWESE,267.084276808014,41.0,straight_line,18
4dcb73fb57,035,0,16,ODGWESE,WESMINS,391.2175292905626,72.0,straight_line,18
4dcb73fb57,035,0,17,WESMINS,WESJONS,419.1732292046136,44.0,straight_line,18
4dcb73fb57,035,0,18,WESJONS,WESFRES1,466.55566164519087,50.0,straight_line,18
4dcb73fb57,035,0,19,WESFRES1,WESVALS1,485.2778505197376,50.0,straight_line,18
4dcb73fb57,035,0,20,WESVALS1,WESWALS,437.6031009084602,45.0,straight_line,18
4dcb73fb57,035,0,21,WESWALS,MORWESE,395.1746800703205,51.0,straight_line,18
4dcb73fb57,035,0,22,MORWESE,MORCHAE,317.87151878337494,35.0,straight_line,18
4dcb73fb57,035,0,23,MORCHAE,MORTRIE,565.7700299516558,62.0,straight_line,18
4dcb73fb57,035,0,24,MORTRIE,MORSUNBE,356.87017269959273,39.0,straight_line,18
4dcb73fb57,035,0,25,MORSUNBE,MORMORE1,390.9595416168735,44.0,straight_line,18
4dcb73fb57,035,0,26,MORMORE1,STEMORN1,631.3350778281417,185.0,straight_line,18
4dcb73fb57,035,0,27,STEMORN1,STE418N,135.79176818496163,35.0,straight_line,18
4dcb73fb57,035,0,28,STE418N,EASTER5,148.56975502858964,80.0,straight_line,18
4dcb73fb57,035,0,29,EASTER5,FORFORE,10867.631547947556,720.0,straight_line,18
bba12fb810,035,1,0,FORFORE,EASTER5,10867.631547947556,1200.0,straight_line,18
bba12fb810,035,1,1,EASTER5,STELSAMS,171.2813840520312,88.0,straight_line,18
bba12fb810,035,1,2,STELSAMS,MORSTEW1,218.44229586656536,49.0,straight_line,18
bba12fb810,035,1,3,MORSTEW1,MOREASW,277.8229125610647,44.0,straight_line,18
bba12fb810,035,1,4,MOREASW,MORMOXW,364.7656372111554,59.0,straight_line,18
bba12fb810,035,1,5,MORMOXW,MORTRIW,648.0976272585638,59.0,straight_line,18
bba12fb810,035,1,6,MORTRIW,MORDUNW,446.332160323776,41.0,straight_line,18
bba12fb810,035,1,7,MORDUNW,MORWESW1,374.2261949350119,34.0,straight_line,18
bba12fb810,035,1,8,MORWESW1,WESWALN1,369.5189166369946,47.0,straight_line,18
bba12fb810,035,1,9,WESWALN1,WESVALN,499.30308480434815,46.0,straight_line,18
bba12fb810,035,1,10,WESVALN,WESFREN,472.7180282923112,44.0,straight_line,18
bba12fb810,035,1,11,WESFREN,WESJONN,421.6800570804598,39.0,straight_line,18
bba12fb810,035,1,12,WESJONN,WESJOHN,489.41933221546014,50.0,straight_line,18
bba12fb810,035,1,13,WESJOHN,ODGWESTW,338.63389061755356,77.0,straight_line,18
bba12fb810,035,1,14,ODGWESTW,ODGVALW,230.26841228235833,45.0,straight_line,18
bba12fb810,035,1,15,ODGVALW,161PONW,497.78783119278233,109.0,straight_line,18
bba12fb810,035,1,16,161PONW,161NORW,241.00539553515804,47.0,straight_line,18
bba12fb810,035,1,17,161NORW,161FORW,405.5820171733526,82.0,straight_line,18
bba12fb810,035,1,18,161FORW,FORNORS,134.59809398409607,50.0,straight_line,18
bba12fb810,035,1,19,FORNORS,NORSERW,264.06507006559247,97.0,straight_line,18
bba12fb810,035,1,20,NORSERW,NORCLEW1,250.63810922677078,94.0,straight_line,18
bba12fb810,035,1,21,NORCLEW1,NORTRA2,63.020626187079266,59.0,straight_line,18
bba12fb810,035,1,22,NORTRA2,161CLEW,338.0812205539947,115.0,straight_line,18
bba12fb810,035,1,23,161CLEW,161SPRW1,439.7975798166234,65.0,straight_line,18
bba12fb810,035,1,24,161SPRW1,161MAPW1,334.37852797782745,49.0,straight_line,18
bba12fb810,035,1,25,161MAPW1,161BEEW1,353.70662348730275,52.0,straight_line,18
bba12fb810,035,1,26,161BEEW1,161SHAW,423.3699276827683,63.0,straight_line,18
bba12fb810,035,1,27,161SHAW,161KARW,486.16697199111763,76.0,straight_line,18
bba12fb810,035,1,28,161KARW,161AMBW,497.76509285900744,60.0,straight_line,18
bba12fb810,035,1,29,161AMBW,BOASHAN,878.4951863293796,120.0,straight_line,18
9bd4344c6d,041,0,0,SOUTER4,HIGSTANN,307.7079855261412,75.0,straight_line,1
9bd4344c6d,041,0,1,HIGSTANN,HIGBRONN,207.70624946057768,45.0,straight_line,1
9bd4344c6d,041,0,2,HIGBRONN,HIGLONN2,308.06077485788353,60.0,straight_line,1
9bd4344c6d,041,0,3,HIGLONN2,LON4THE,353.46876175609697,29.0,straight_line,1
9bd4344c6d,041,0,4,LON4THE,LONWASE,838.2445031799201,57.0,straight_line,1
9bd4344c6d,041,0,5,LONWASE,VANREDS,16794.62911502979,1504.0,straight_line,1
9bd4344c6d,041,0,6,VANREDS,VAN741S,214.90781894001736,14.0,straight_line,1
9bd4344c6d,041,0,7,VAN741S,HUTHIGE,287.4358556345037,21.0,straight_line,1
9bd4344c6d,041,0,8,HUTHIGE,HUN733N,454.0378333405032,32.0,straight_line,1
9bd4344c6d,041,0,9,HUN733N,CRORIDN,286.2529349727646,23.0,straight_line,1
1f877ba7fb,041,1,0,CRORIDN,CAMCROW,380.9856723264273,27.0,straight_line,1
1f877ba7fb,041,1,1,CAMCROW,SPRMOUW,16816.6258262367,1387.0,straight_line,1
1f877ba7fb,041,1,2,SPRMOUW,SPRNEIW,608.9964527349699,39.0,straight_line,1
1f877ba7fb,041,1,3,SPRNEIW,SPR4THW,263.1887109147321,17.0,straight_line,1
1f877ba7fb,041,1,4,SPR4THW,HIGLONS,354.8184447382697,30.0,straight_line,1
1f877ba7fb,041,1,5,HIGLONS,HIGBROS,265.02505756658604,60.0,straight_line,1
1f877ba7fb,041,1,6,HIGBROS,HIGSTAS,281.8874662425369,75.0,straight_line,1
1f877ba7fb,041,1,7,HIGSTAS,HIGTOWS,245.88871887580058,65.0,straight_line,1
1f877ba7fb,041,1,8,HIGTOWS,SOUTER4,127.77262625151396,100.0,straight_line,1
69276ccaaf,042,0,0,SOUTER6,HIGSTANN,331.36199268712676,77.0,straight_line,1
69276ccaaf,042,0,1,HIGSTANN,HIGBRONN,207.70624946057768,43.0,straight_line,1
69276ccaaf,042,0,2,HIGBRONN,HIGLONN2,308.06077485788353,120.0,straight_line,1
69276ccaaf,042,0,3,HIGLONN2,LON4THE,353.46876175609697,36.0,straight_line,1
69276ccaaf,042,0,4,LON4THE,LONWASE,838.2445031799201,72.0,straight_line,1
69276ccaaf,042,0,5,LONWASE,MORSANE,10535.036865651862,1028.0,straight_line,1
69276ccaaf,042,0,6,MORSANE,MORMAIE,519.1574099193084,45.0,straight_line,1
69276ccaaf,042,0,7,MORMAIE,MORALME,316.74726305677666,27.0,straight_line,1
69276ccaaf,042,0,8,MORALME,KARMORN,502.3699963390619,52.0,straight_line,1
69276ccaaf,042,0,9,KARMORN,KARREDN,414.91299827438525,58.0,straight_line,1
69276ccaaf,042,0,10,KARREDN,KARNORMN,355.1075510004012,50.0,straight_line,1
69276ccaaf,042,0,11,KARNORMN,KARPENN,385.22360906407175,54.0,straight_line,1
69276ccaaf,042,0,12,KARPENN,KARSANN,637.5042174696057,89.0,straight_line,1
69276ccaaf,042,0,13,KARSANN,KARCOLN,402.9496040153285,56.0,straight_line,1
69276ccaaf,042,0,14,KARCOLN,KARHEMN,380.8162126096511,53.0,straight_line,1
69276ccaaf,042,0,15,KARHEMN,KAR161N,397.6175918366088,60.0,straight_line,1
69276ccaaf,042,0,16,KAR161N,KAR602N,251.88724099904857,31.0,straight_line,1
69276ccaaf,042,0,17,KAR602N,KARALPN,300.48850894608574,37.0,straight_line,1
69276ccaaf,042,0,18,KARALPN,KAR629N,314.49628695384627,40.0,straight_line,1
69276ccaaf,042,0,19,KAR629N,KARCRAN,412.73035447574597,51.0,straight_line,1
69276ccaaf,042,0,20,KARCRAN,KARBARN,462.495445608162,56.0,straight_line,1
69276ccaaf,042,0,21,KARBARN,SCHKARE,182.0778146459779,28.0,straight_line,1
69276ccaaf,042,0,22,SCHKARE,SCHSKYE,437.71808400406024,52.0,straight_line,1
69276ccaaf,042,0,23,SCHSKYE,SCHSHAE,507.24395563426117,62.0,straight_line,1
69276ccaaf,042,0,24,SCHSHAE,SHAHEAS,639.0195968707721,82.0,straight_line,1
69276ccaaf,042,0,25,SHAHEAS,SHAMEAS,394.665726248658,50.0,straight_line,1
69276ccaaf,042,0,26,SHAMEAS,SHASKYS,367.731531136608,51.0,straight_line,1
090a7d3a2d,042,1,0,SHASKYN,SHAJEWN,250.1565879380538,24.0,straight_line,1
090a7d3a2d,042,1,1,SHAJEWN,SHACARN,316.4199965036358,30.0,straight_line,1
090a7d3a2d,042,1,2,SHACARN,SHABRON,418.6195826245365,40.0,straight_line,1
090a7d3a2d,042,1,3,SHABRON,SHAATBUN,249.1452659950843,24.0,straight_line,1
090a7d3a2d,042,1,4,SHAATBUN,SCHHICW,334.08906507063375,40.0,straight_line,1
090a7d3a2d,042,1,5,SCHHICW,KARBARS,823.8121920178495,90.0,straight_line,1
090a7d3a2d,042,1,6,KARBARS,KARCRAS,500.9499393744988,49.0,straight_line,1
090a7d3a2d,042,1,7,KARCRAS,KAR634S,231.96886491154203,22.0,straight_line,1
090a7d3a2d,042,1,8,KAR634S,KARALPS,427.6148809734387,42.0,straight_line,1
090a7d3a2d,042,1,9,KARALPS,KAR603S,273.37970538199784,27.0,straight_line,1
090a7d3a2d,042,1,10,KAR603S,KAR161S,288.75627638485736,32.0,straight_line,1
090a7d3a2d,042,1,11,KAR161S,KAR161S1,218.83924761732098,26.0,straight_line,1
090a7d3a2d,042,1,12,KAR161S1,KARHEMS,158.15128165812934,19.0,straight_line,1
090a7d3a2d,042,1,13,KARHEMS,KARCOLS,382.4101834914457,47.0,straight_line,1
090a7d3a2d,042,1,14,KARCOLS,KARSANS,417.8543524329146,51.0,straight_line,1
090a7d3a2d,042,1,15,KARSANS,KARPENS,578.7439682077355,71.0,straight_line,1
090a7d3a2d,042,1,16,KARPENS,KARNORMS,399.76010373697164,49.0,straight_line,1
090a7d3a2d,042,1,17,KARNORMS,KARACRS,388.07303343301777,47.0,straight_line,1
090a7d3a2d,042,1,18,KARACRS,KARPATS,384.1703981094508,50.0,straight_line,1
090a7d3a2d,042,1,19,KARPATS,MORKARW1,132.28775826535488,19.0,straight_line,1
090a7d3a2d,042,1,20,MORKARW1,MORALMW,396.14711945516905,36.0,straight_line,1
090a7d3a2d,042,1,21,MORALMW,MORMAIW,383.5403503815646,34.0,straight_line,1
090a7d3a2d,042,1,22,MORMAIW,MORKINW,220.10043994933935,19.0,straight_line,1
090a7d3a2d,042,1,23,MORKINW,MORSANW,224.53602234842825,20.0,straight_line,1
090a7d3a2d,042,1,24,MORSANW,SPRMOUW,10383.816019516176,1128.0,straight_line,1
090a7d3a2d,042,1,25,SPRMOUW,SPRNEIW,608.9964527349699,55.0,straight_line,1
090a7d3a2d,042,1,26,SPRNEIW,SPR4THW,263.1887109147321,24.0,straight_line,1
090a7d3a2d,042,1,27,SPR4THW,HIGLONS,354.8184447382697,45.0,straight_line,1
090a7d3a2d,042,1,28,HIGLONS,HIGBROS,265.02505756658604,120.0,straight_line,1
090a7d3a2d,042,1,29,HIGBROS,HIGSTAS,281.8874662425369,77.0,straight_line,1
090a7d3a2d,042,1,30,HIGSTAS,HIGTOWS,245.88871887580058,67.0,straight_line,1
090a7d3a2d,042,1,31,HIGTOWS,SOUTER6,149.34973071837473,96.0,straight_line,1
82b9acacb1,043,0,0,SOUTER6,HIGSTANN,331.36199268712676,154.0,straight_line,1
82b9acacb1,043,0,1,HIGSTANN,HIGBRONN,207.70624946057768,86.0,straight_line,1
82b9acacb1,043,0,2,HIGBRONN,HIGLONN2,308.06077485788353,60.0,straight_line,1
82b9acacb1,043,0,3,HIGLONN2,LON4THE,353.46876175609697,24.0,straight_line,1
82b9acacb1,043,0,4,LON4THE,LONWASE,838.2445031799201,47.0,straight_line,1
82b9acacb1,043,0,5,LONWASE,161SATE,13421.550221941758,859.0,straight_line,1
82b9acacb1,043,0,6,161SATE,161KARE,499.11305403414786,30.0,straight_line,1
82b9acacb1,043,0,7,161KARE,161TAME1,482.2838516674535,45.0,straight_line,1
82b9acacb1,043,0,8,161TAME1,161BEEE1,424.70207357467905,39.0,straight_line,1
82b9acacb1,043,0,9,161BEEE1,161MAPE1,380.8002044950036,35.0,straight_line,1
82b9acacb1,043,0,10,161MAPE1,161PARE1,318.9572059980157,30.0,straight_line,1
82b9acacb1,043,0,11,161PARE1,CLE161SF,440.6302304722421,47.0,straight_line,1
82b9acacb1,043,0,12,CLE161SF,NORTRA2,216.37060561497134,44.0,straight_line,1
82b9acacb1,043,0,13,NORTRA2,CLE161NF,441.0777746604646,120.0,straight_line,1
82b9acacb1,043,0,14,CLE161NF,CLEFUJN,276.0318628774643,26.0,straight_line,1
82b9acacb1,043,0,15,CLEFUJN,CLEBLEN1,499.315661533023,47.0,straight_line,1
82b9acacb1,043,0,16,CLEBLEN1,CLEBELLN,305.39782818285937,29.0,straight_line,1
82b9acacb1,043,0,17,CLEBELLN,CLEHOMN,219.68703062601662,20.0,straight_line,1
82b9acacb1,043,0,18,CLEHOMN,CLECOMN,329.49240433674817,31.0,straight_line,1
82b9acacb1,043,0,19,CLECOMN,SCHCLEE,1095.852043729882,113.0,straight_line,1
82b9acacb1,043,0,20,SCHCLEE,SCHCOOE,479.0955966596999,45.0,straight_line,1
82b9acacb1,043,0,21,SCHCOOE,SCHPARE,483.36001092037037,49.0,straight_line,1
82b9acacb1,043,0,22,SCHPARE,SCH99BE,681.1370697167886,69.0,straight_line,1
82b9acacb1,043,0,23,SCH99BE,STASCHN,258.17015007203753,29.0,straight_line,1
82b9acacb1,043,0,24,STASCHN,STACHEN,432.53392681064855,44.0,straight_line,1
82b9acacb1,043,0,25,STACHEN,STAHIAN,474.07893952717194,48.0,straight_line,1
82b9acacb1,043,0,26,STAHIAN,STAWALN,470.64345730300965,50.0,straight_line,1
82b9acacb1,043,0,27,STAWALN,MAISTAW,557.5606745201734,89.0,straight_line,1
82b9acacb1,043,0,28,MAISTAW,WESP&RW,951.5777734863065,151.0,straight_line,1
ebddfa6e68,043,0,0,SOUTER6,HIGSTANN,331.36199268712676,154.0,straight_line,1
ebddfa6e68,043,0,1,HIGSTANN,HIGBRONN,207.70624946057768,86.0,straight_line,1
ebddfa6e68,043,0,2,HIGBRONN,HIGLONN2,308.06077485788353,60.0,straight_line,1
ebddfa6e68,043,0,3,HIGLONN2,LON4THE,353.46876175609697,34.0,straight_line,1
ebddfa6e68,043,0,4,LON4THE,LONWASE,838.2445031799201,68.0,straight_line,1
ebddfa6e68,043,0,5,LONWASE,CLESCHN,16398.159349212405,1698.0,straight_line,1
ebddfa6e68,043,0,6,CLESCHN,500CLEN,379.01936563692266,59.0,straight_line,1
ebddfa6e68,043,0,7,500CLEN,CLE340N,173.30114651526765,27.0,straight_line,1
ebddfa6e68,043,0,8,CLE340N,CLECOON,493.8237386522806,76.0,straight_line,1
ebddfa6e68,043,0,9,CLECOON,CLEMAINN,415.74971132945484,64.0,straight_line,1
ebddfa6e68,043,0,10,CLEMAINN,WESP&RW,383.08753559136494,74.0,straight_line,1
ec113556c2,043,1,0,WESP&RW,CLEMAIS1,410.8627294641615,51.0,straight_line,1
ec113556c2,043,1,1,CLEMAIS1,CLEOLDS,484.0404105561355,52.0,straight_line,1
ec113556c2,043,1,2,CLEOLDS,CLE340S1,354.31870326018355,37.0,straight_line,1
ec113556c2,043,1,3,CLE340S1,CLECOPS,362.0673067267312,40.0,straight_line,1
ec113556c2,043,1,4,CLECOPS,SPRMOUW,16469.948168982122,1409.0,straight_line,1
ec113556c2,043,1,5,SPRMOUW,SPRNEIW,608.9964527349699,41.0,straight_line,1
ec113556c2,043,1,6,SPRNEIW,SPR4THW,263.1887109147321,18.0,straight_line,1
ec113556c2,043,1,7,SPR4THW,HIGLONS,354.8184447382697,32.0,straight_line,1
ec113556c2,043,1,8,HIGLONS,HIGBROS,265.02505756658604,60.0,straight_line,1
ec113556c2,043,1,9,HIGBROS,HIGSTAS,281.8874662425369,96.0,straight_line,1
ec113556c2,043,1,10,HIGSTAS,HIGTOWS,245.88871887580058,83.0,straight_line,1
ec113556c2,043,1,11,HIGTOWS,SOUTER6,149.34973071837473,121.0,straight_line,1
7bae3c9324,043,1,0,WESP&RW,MAISTAE,940.83742359561,178.0,straight_line,1
7bae3c9324,043,1,1,MAISTAE,STAWALS,634.9614054053263,122.0,straight_line,1
7bae3c9324,043,1,2,STAWALS,STAHIAS,389.58596805498655,41.0,straight_line,1
7bae3c9324,043,1,3,STAHIAS,STACHES,433.4070645420208,46.0,straight_line,1
7bae3c9324,043,1,4,STACHES,STASCHS,437.94170942714845,46.0,straight_line,1
7bae3c9324,043,1,5,STASCHS,SCHOPPW,191.84229803789415,31.0,straight_line,1
7bae3c9324,043,1,6,SCHOPPW,SCHPARW,713.9303451462509,76.0,straight_line,1
7bae3c9324,043,1,7,SCHPARW,SCHCOOW,569.376860307736,98.0,straight_line,1
7bae3c9324,043,1,8,SCHCOOW,SCHLAUW,254.6248465161052,43.0,straight_line,1
7bae3c9324,043,1,9,SCHLAUW,CLECOMS,1289.9184436298856,257.0,straight_line,1
7bae3c9324,043,1,10,CLECOMS,CLEHOMS,161.06413507340085,29.0,straight_line,1
7bae3c9324,043,1,11,CLEHOMS,CLEDEES,218.46280160041601,38.0,straight_line,1
7bae3c9324,043,1,12,CLEDEES,CLEBLES1,347.672102360809,61.0,straight_line,1
7bae3c9324,043,1,13,CLEBLES1,CLEFUJS,580.2634940421752,102.0,straight_line,1
7bae3c9324,043,1,14,CLEFUJS,CLE161SF,410.3521891683952,72.0,straight_line,1
7bae3c9324,043,1,15,CLE161SF,NORTRA2,216.37060561497134,80.0,straight_line,1
7bae3c9324,043,1,16,NORTRA2,161CLEW,338.0812205539947,120.0,straight_line,1
7bae3c9324,043,1,17,161CLEW,161SPRW1,439.7975798166234,51.0,straight_line,1
7bae3c9324,043,1,18,161SPRW1,161MAPW1,334.37852797782745,39.0,straight_line,1
7bae3c9324,043,1,19,161MAPW1,161BEEW1,353.70662348730275,41.0,straight_line,1
7bae3c9324,043,1,20,161BEEW1,161SHAW,423.3699276827683,49.0,straight_line,1
7bae3c9324,043,1,21,161SHAW,161KARW,486.16697199111763,60.0,straight_line,1
7bae3c9324,043,1,22,161KARW,161AMBW,497.76509285900744,28.0,straight_line,1
7bae3c9324,043,1,23,161AMBW,SPRMOUW,13276.829353788009,856.0,straight_line,1
7bae3c9324,043,1,24,SPRMOUW,SPRNEIW,608.9964527349699,34.0,straight_line,1
7bae3c9324,043,1,25,SPRNEIW,SPR4THW,263.1887109147321,15.0,straight_line,1
7bae3c9324,043,1,26,SPR4THW,HIGLONS,354.8184447382697,27.0,straight_line,1
7bae3c9324,043,1,27,HIGLONS,HIGBROS,265.02505756658604,60.0,straight_line,1
7bae3c9324,043,1,28,HIGBROS,HIGSTAS,281.8874662425369,96.0,straight_line,1
7bae3c9324,043,1,29,HIGSTAS,HIGTOWS,245.88871887580058,83.0,straight_line,1
7bae3c9324,043,1,30,HIGTOWS,SOUTER6,149.34973071837473,121.0,straight_line,1
fc06cd9603,044,0,0,SOUTER4,HIGSTANN,307.7079855261412,75.0,straight_line,1
fc06cd9603,044,0,1,HIGSTANN,HIGBRONN,207.70624946057768,45.0,straight_line,1
fc06cd9603,044,0,2,HIGBRONN,HIGLONN2,308.06077485788353,120.0,straight_line,1
fc06cd9603,044,0,3,HIGLONN2,LON4THE,353.46876175609697,28.0,straight_line,1
fc06cd9603,044,0,4,LON4THE,LONWASE,838.2445031799201,56.0,straight_line,1
fc06cd9603,044,0,5,LONWASE,STEMORN1,12142.9775053628,1084.0,straight_line,1
fc06cd9603,044,0,6,STEMORN1,STE418N,135.79176818496163,9.0,straight_line,1
fc06cd9603,044,0,7,STE418N,EASTER4,148.56975502858964,23.0,straight_line,1
09e22db61a,044,1,0,EASTER4,STELSAMS,171.2813840520312,51.0,straight_line,1
09e22db61a,044,1,1,STELSAMS,SPRMOUW,12106.970168250586,1446.0,straight_line,1
09e22db61a,044,1,2,SPRMOUW,SPRNEIW,608.9964527349699,56.0,straight_line,1
09e22db61a,044,1,3,SPRNEIW,SPR4THW,263.1887109147321,24.0,straight_line,1
09e22db61a,044,1,4,SPR4THW,HIGLONS,354.8184447382697,43.0,straight_line,1
09e22db61a,044,1,5,HIGLONS,HIGBROS,265.02505756658604,120.0,straight_line,1
09e22db61a,044,1,6,HIGBROS,HIGSTAS,281.8874662425369,56.0,straight_line,1
09e22db61a,044,1,7,HIGSTAS,HIGTOWS,245.88871887580058,49.0,straight_line,1
09e22db61a,044,1,8,HIGTOWS,SOUTER4,127.77262625151396,75.0,straight_line,1
e4e49ea4b5,045,0,0,SOUTER8,HIGSTANN,355.65409111031505,78.0,straight_line,1
e4e49ea4b5,045,0,1,HIGSTANN,HIGBRONN,207.70624946057768,42.0,straight_line,1
e4e49ea4b5,045,0,2,HIGBRONN,HIGLONN2,308.06077485788353,60.0,straight_line,1
e4e49ea4b5,045,0,3,HIGLONN2,LON4THE,353.46876175609697,24.0,straight_line,1
e4e49ea4b5,045,0,4,LON4THE,LONWASE,838.2445031799201,49.0,straight_line,1
e4e49ea4b5,045,0,5,LONWASE,EASTER5,12409.704183537182,947.0,straight_line,1
e4e49ea4b5,045,0,6,EASTER5,FORFORE,10867.631547947556,720.0,straight_line,1
cc3eda527b,045,0,0,SOUTER8,HIGSTANN,355.65409111031505,118.0,straight_line,2
cc3eda527b,045,0,1,HIGSTANN,HIGBRONN,207.70624946057768,62.0,straight_line,2
cc3eda527b,045,0,2,HIGBRONN,HIGLONN2,308.06077485788353,60.0,straight_line,2
cc3eda527b,045,0,3,HIGLONN2,LON4THE,353.46876175609697,25.0,straight_line,2
cc3eda527b,045,0,4,LON4THE,LONWASE,838.2445031799201,50.0,straight_line,2
cc3eda527b,045,0,5,LONWASE,FORFORE,21912.067618722496,1725.0,straight_line,2
080e74a683,045,1,0,FORFORE,SPRMOUW,21825.860364764416,1606.0,straight_line,2
080e74a683,045,1,1,SPRMOUW,SPRNEIW,608.9964527349699,33.0,straight_line,2
080e74a683,045,1,2,SPRNEIW,SPR4THW,263.1887109147321,14.0,straight_line,2
080e74a683,045,1,3,SPR4THW,HIGLONS,354.8184447382697,27.0,straight_line,2
080e74a683,045,1,4,HIGLONS,HIGBROS,265.02505756658604,60.0,straight_line,2
080e74a683,045,1,5,HIGBROS,HIGSTAS,281.8874662425369,79.0,straight_line,2
080e74a683,045,1,6,HIGSTAS,HIGTOWS,245.88871887580058,69.0,straight_line,2
080e74a683,045,1,7,HIGTOWS,SOUTER8,172.27157723263468,92.0,straight_line,2
c98b3a5702,045,1,0,FORFORE,EASTER5,10867.631547947556,1140.0,straight_line,1
c98b3a5702,045,1,1,EASTER5,SPRMOUW,12276.816838045896,998.0,straight_line,1
c98b3a5702,045,1,2,SPRMOUW,SPRNEIW,608.9964527349699,37.0,straight_line,1
c98b3a5702,045,1,3,SPRNEIW,SPR4THW,263.1887109147321,16.0,straight_line,1
c98b3a5702,045,1,4,SPR4THW,HIGLONS,354.8184447382697,29.0,straight_line,1
c98b3a5702,045,1,5,HIGLONS,HIGBROS,265.02505756658604,60.0,straight_line,1
c98b3a5702,045,1,6,HIGBROS,HIGSTAS,281.8874662425369,79.0,straight_line,1
c98b3a5702,045,1,7,HIGSTAS,HIGTOWS,245.88871887580058,69.0,straight_line,1
c98b3a5702,045,1,8,HIGTOWS,SOUTER8,172.27157723263468,92.0,straight_line,1
eba2494836,046,0,0,SOUTER6,HIGSTANN,331.36199268712676,115.0,straight_line,1
eba2494836,046,0,1,HIGSTANN,HIGBRONN,207.70624946057768,65.0,straight_line,1
eba2494836,046,0,2,HIGBRONN,HIGLONN2,308.06077485788353,60.0,straight_line,1
eba2494836,046,0,3,HIGLONN2,LON4THE,353.46876175609697,31.0,straight_line,1
eba2494836,046,0,4,LON4THE,LONWASE,838.2445031799201,62.0,straight_line,1
eba2494836,046,0,5,LONWASE,AGLGAHW,9993.518256028483,867.0,straight_line,1
eba2494836,046,0,6,AGLGAHW,AGL540W,335.33727096332814,32.0,straight_line,1
eba2494836,046,0,7,AGL540W,AGLLINCW,293.5166397934115,28.0,straight_line,1
e3c4feb740,046,1,0,AGLGAHW,AGL540W,335.33727096332814,22.0,straight_line,1
e3c4feb740,046,1,1,AGL540W,AGLLINCW,293.5166397934115,19.0,straight_line,1
e3c4feb740,046,1,2,AGLLINCW,SPRMOUW,9430.632709708038,827.0,straight_line,1
e3c4feb740,046,1,3,SPRMOUW,SPRNEIW,608.9964527349699,41.0,straight_line,1
e3c4feb740,046,1,4,SPRNEIW,SPR4THW,263.1887109147321,17.0,straight_line,1
e3c4feb740,046,1,5,SPR4THW,HIGLONS,354.8184447382697,34.0,straight_line,1
e3c4feb740,046,1,6,HIGLONS,HIGBROS,265.02505756658604,60.0,straight_line,1
e3c4feb740,046,1,7,HIGBROS,HIGSTAS,281.8874662425369,77.0,straight_line,1
e3c4feb740,046,1,8,HIGSTAS,HIGTOWS,245.88871887580058,67.0,straight_line,1
e3c4feb740,046,1,9,HIGTOWS,SOUTER6,149.34973071837473,96.0,straight_line,1
487016de97,051,0,0,NORTER1,3RDGAYS,390.93067817530437,166.0,straight_line,5
487016de97,051,0,1,3RDGAYS,3RDBROS1,245.9780345774098,74.0,straight_line,5
487016de97,051,0,2,3RDBROS1,3RDTOWS,382.51623651951496,93.0,straight_line,5
487016de97,051,0,3,3RDTOWS,HIGMAIS2,390.23277930134185,131.0,straight_line,5
487016de97,051,0,4,HIGMAIS2,EFULSHIE,258.76695608374206,76.0,straight_line,5
487016de97,051,0,5,EFULSHIE,EFUL4THE,360.1595693649549,27.0,straight_line,5
487016de97,051,0,6,EFUL4THE,EFULGRAE,261.72335152414485,19.0,straight_line,5
487016de97,051,0,7,EFULGRAE,EASOFFE,13919.103723849337,1249.0,straight_line,5
487016de97,051,0,8,EASOFFE,REYRIDSW,193.34363697473222,25.0,straight_line,5
aec0c2881d,051,1,0,REYRIDSW,EASOFFW,147.8540649259547,17.0,straight_line,5
aec0c2881d,051,1,1,EASOFFW,BRICHAS,134.90145837196013,12.0,straight_line,5
aec0c2881d,051,1,2,BRICHAS,MOU5THW1,13990.275340427454,1226.0,straight_line,5
aec0c2881d,051,1,3,MOU5THW1,EMO4THW,143.22957127482394,11.0,straight_line,5
aec0c2881d,051,1,4,EMO4THW,MOUHIGW1,413.780200673273,31.0,straight_line,5
aec0c2881d,051,1,5,MOUHIGW1,MAIHIGE,146.28423555184168,23.0,straight_line,5
aec0c2881d,051,1,6,MAIHIGE,4THTOWN,404.42562142538014,111.0,straight_line,5
aec0c2881d,051,1,7,4THTOWN,4THCAPN,335.0045585540857,69.0,straight_line,5
aec0c2881d,051,1,8,4THCAPN,4THATHN,208.32618662764156,48.0,straight_line,5
aec0c2881d,051,1,9,4THATHN,SPR4THW,349.8977143086563,91.0,straight_line,5
aec0c2881d,051,1,10,SPR4THW,NORTER1,410.95545870296615,101.0,straight_line,5
10bd21e92d,052,0,0,CANWIPR,HIGMOUN,18176.17786066993,1560.0,straight_line,3
10bd21e92d,052,0,1,HIGMOUN,MAIHIGE,124.24492011061918,60.0,straight_line,3
10bd21e92d,052,0,2,MAIHIGE,4THTOWN,404.42562142538014,111.0,straight_line,3
10bd21e92d,052,0,3,4THTOWN,4THCAPN,335.0045585540857,69.0,straight_line,3
10bd21e92d,052,0,4,4THCAPN,4THATHN,208.32618662764156,34.0,straight_line,3
10bd21e92d,052,0,5,4THATHN,SPR4THW,349.8977143086563,66.0,straight_line,3
10bd21e92d,052,0,6,SPR4THW,NORTER5,415.6017983979648,80.0,straight_line,3
6f34f5aab3,052,1,0,NORTER5,3RDGAYS,369.9795685391741,121.0,straight_line,3
6f34f5aab3,052,1,1,3RDGAYS,3RDBROS1,245.9780345774098,59.0,straight_line,3
6f34f5aab3,052,1,2,3RDBROS1,3RDTOWS,382.51623651951496,106.0,straight_line,3
6f34f5aab3,052,1,3,3RDTOWS,HIGMAIS2,390.23277930134185,149.0,straight_line,3
6f34f5aab3,052,1,4,HIGMAIS2,HIGMOUS,160.15745473882203,45.0,straight_line,3
6f34f5aab3,052,1,5,HIGMOUS,CANWIPR,18114.85114579819,1560.0,straight_line,3
5c1c4ababc,061,0,0,NORTER3,3RDGAYS,380.8563395673551,164.5,straight_line,2
5c1c4ababc,061,0,1,3RDGAYS,3RDBROS1,245.9780345774098,75.5,straight_line,2
5c1c4ababc,061,0,2,3RDBROS1,3RDTOWS,382.51623651951496,133.0,straight_line,2
5c1c4ababc,061,0,3,3RDTOWS,3RDMAIS,318.02150396531835,110.5,straight_line,2
5c1c4ababc,061,0,4,3RDMAIS,MOUHIGW3,260.3634879003122,116.5,straight_line,2
5c1c4ababc,061,0,5,MOUHIGW3,FROSYCS,693.7727469340333,77.0,straight_line,2
5c1c4ababc,061,0,6,FROSYCS,STRHARW,9198.620238910074,1017.5,straight_line,2
5c1c4ababc,061,0,7,STRHARW,GRORIDS,559.4774983593572,75.5,straight_line,2
367045d070,061,1,0,GRORIDS,FROSYCN,9587.896931864478,1102.5,straight_line,2
367045d070,061,1,1,FROSYCN,FROMOUN,686.5449440222806,67.5,straight_line,2
367045d070,061,1,2,FROMOUN,MAIHIGE,234.15819194508165,61.5,straight_line,2
367045d070,061,1,3,MAIHIGE,4THTOWN,404.42562142538014,110.5,straight_line,2
367045d070,061,1,4,4THTOWN,4THCAPN,335.0045585540857,68.0,straight_line,2
367045d070,061,1,5,4THCAPN,4THATHN,208.32618662764156,47.0,straight_line,2
367045d070,061,1,6,4THATHN,SPR4THW,349.8977143086563,89.5,straight_line,2
367045d070,061,1,7,SPR4THW,NORTER3,413.2207924585576,103.5,straight_line,2
601d51c8fc,071,0,0,SOUTER3,4THTOWN,370.0592399572103,198.0,straight_line,2
601d51c8fc,071,0,1,4THTOWN,4THCAPN,335.0045585540857,102.0,straight_line,2
601d51c8fc,071,0,2,4THCAPN,4THATHN,208.32618662764156,61.0,straight_line,2
601d51c8fc,071,0,3,4THATHN,SPR4THW,349.8977143086563,116.0,straight_line,2
601d51c8fc,071,0,4,SPR4THW,SPRFROW,425.16473021552673,123.0,straight_line,2
601d51c8fc,071,0,5,SPRFROW,SPRMARW,169.37344467571467,14.0,straight_line,2
601d51c8fc,071,0,6,SPRMARW,RENRPRE,12933.70440884969,1186.0,straight_line,2
601d51c8fc,071,0,7,RENRPRE,TANWECN,404.8239723281457,58.0,straight_line,2
601d51c8fc,071,0,8,TANWECN,TANSTEN,489.8643621425726,59.0,straight_line,2
601d51c8fc,071,0,9,TANSTEN,HILNIKN,554.2765210819731,85.0,straight_line,2
601d51c8fc,071,0,10,HILNIKN,HILCOVN,448.32533485547856,52.0,straight_line,2
601d51c8fc,071,0,11,HILCOVN,HILROBN,619.125906651303,72.0,straight_line,2
601d51c8fc,071,0,12,HILROBN,HILWHIN,471.2114762232457,55.0,straight_line,2
601d51c8fc,071,0,13,HILWHIN,HILSPRN,576.9336431215759,67.0,straight_line,2
601d51c8fc,071,0,14,HILSPRN,HILTINAN,502.8582529020666,62.0,straight_line,2
601d51c8fc,071,0,15,HILTINAN,MAILUTN,671.7805759356673,85.0,straight_line,2
601d51c8fc,071,0,16,MAILUTN,MAISCIN,516.7403360280682,65.0,straight_line,2
601d51c8fc,071,0,17,MAISCIN,MAISCIS,48.928216513376434,120.0,straight_line,2
601d51c8fc,071,0,18,MAISCIS,HERCOLWB,308.99775652710883,74.0,straight_line,2
601d51c8fc,071,0,19,HERCOLWB,HERMAIE,362.6417836623064,46.0,straight_line,2
569a897fec,071,1,0,HERMAIE,MAILUTN,97.88350926444741,21.0,straight_line,2
569a897fec,071,1,1,MAILUTN,MAISCIN,516.7403360280682,99.0,straight_line,2
569a897fec,071,1,2,MAISCIN,MAISCIS,48.928216513376434,120.0,straight_line,2
569a897fec,071,1,3,MAISCIS,MAILUTS,566.8325232888385,106.0,straight_line,2
569a897fec,071,1,4,MAILUTS,HILTINS,684.2289552465754,82.0,straight_line,2
569a897fec,071,1,5,HILTINS,HILHYDS,489.490562102454,63.0,straight_line,2
569a897fec,071,1,6,HILHYDS,HILWHIS,607.3883378110048,69.0,straight_line,2
569a897fec,071,1,7,HILWHIS,HILROBS,531.3492915731678,60.0,straight_line,2
569a897fec,071,1,8,HILROBS,HILCABS,564.146762249405,64.0,straight_line,2
569a897fec,071,1,9,HILCABS,HILNIKS,420.4774837944134,48.0,straight_line,2
569a897fec,071,1,10,HILNIKS,HILLTANS,274.42165952049885,31.0,straight_line,2
569a897fec,071,1,11,HILLTANS,TANSTES,326.8760317702843,46.0,straight_line,2
569a897fec,071,1,12,TANSTES,TANWECS,569.5211267958654,67.0,straight_line,2
569a897fec,071,1,13,TANWECS,RENRPRE,358.78077135578604,84.0,straight_line,2
569a897fec,071,1,14,RENRPRE,LONHIGE,13217.586376342162,960.0,straight_line,2
569a897fec,071,1,15,LONHIGE,3RDGAYS,268.6448578498834,108.0,straight_line,2
569a897fec,071,1,16,3RDGAYS,3RDBROS1,245.9780345774098,72.0,straight_line,2
569a897fec,071,1,17,3RDBROS1,3RDTOWS,382.51623651951496,97.0,straight_line,2
569a897fec,071,1,18,3RDTOWS,SOUTER3,229.32253858543072,83.0,straight_line,2
532f02b797,072,0,0,SOUTER7,4THTOWN,388.31449789597434,116.0,straight_line,2
532f02b797,072,0,1,4THTOWN,4THCAPN,335.0045585540857,64.0,straight_line,2
532f02b797,072,0,2,4THCAPN,4THATHN,208.32618662764156,48.0,straight_line,2
532f02b797,072,0,3,4THATHN,SPR4THW,349.8977143086563,92.0,straight_line,2
532f02b797,072,0,4,SPR4THW,SPRFROW,425.16473021552673,100.0,straight_line,2
532f02b797,072,0,5,SPRFROW,FROSPRN,83.4089957146686,14.0,straight_line,2
532f02b797,072,0,6,FROSPRN,VINPARW,551.8431011342047,65.0,straight_line,2
532f02b797,072,0,7,VINPARW,NOREXIW,6946.1596343551755,898.0,straight_line,2
532f02b797,072,0,8,NOREXIW,NORSHAW,558.264920238452,62.0,straight_line,2
532f02b797,072,0,9,NORSHAW,NORCLEW,352.8955922725388,41.0,straight_line,2
532f02b797,072,0,10,NORCLEW,KENKENBN,323.78425459003654,48.0,straight_line,2
532f02b797,072,0,11,KENKENBN,KENHIGN,1075.7190616378819,142.0,straight_line,2
532f02b797,072,0,12,KENHIGN,KENWINN,730.810822424089,92.0,straight_line,2
532f02b797,072,0,13,KENWINN,KENFOLN,346.5994660950657,44.0,straight_line,2
532f02b797,072,0,14,KENFOLN,KENMERN,462.2591873115194,58.0,straight_line,2
532f02b797,072,0,15,KENMERN,KENWEYN,253.4698286729175,32.0,straight_line,2
532f02b797,072,0,16,KENWEYN,GODCHEW,440.2461698665178,64.0,straight_line,2
532f02b797,072,0,17,GODCHEW,GODCAMN,389.9242469799383,36.0,straight_line,2
532f02b797,072,0,18,GODCAMN,BETGODW,296.93606493419696,30.0,straight_line,2
532f02b797,072,0,19,BETGODW,BETPORW,430.8624055261099,39.0,straight_line,2
532f02b797,072,0,20,BETPORW,BETREEW,410.47239592342135,37.0,straight_line,2
532f02b797,072,0,21,BETREEW,BETMCKW,340.4449611964028,30.0,straight_line,2
532f02b797,072,0,22,BETMCKW,BETDIEW,358.1000865372873,32.0,straight_line,2
532f02b797,072,0,23,BETDIEW,BETBETW,229.08293126062082,20.0,straight_line,2
532f02b797,072,0,24,BETBETW,BETCOAW,298.70507094893355,27.0,straight_line,2
532f02b797,072,0,25,BETCOAW,PICGARN,446.8544026862689,54.0,straight_line,2
532f02b797,072,0,26,PICGARN,RESSAWW,478.60924737123463,55.0,straight_line,2
532f02b797,072,0,27,RESSAWW,SAWBETS,270.64813326969477,46.0,straight_line,2
532f02b797,072,0,28,SAWBETS,HAYDONW,419.2146610759635,81.0,straight_line,2
532f02b797,072,0,29,HAYDONW,HAY316W,377.79882116122536,53.0,straight_line,2
532f02b797,072,0,30,HAY316W,DUBHAYN,888.3523479635745,76.0,straight_line,2
532f02b797,072,0,31,DUBHAYN,FRANORNW,528.2122615202434,44.0,straight_line,2
532f02b797,072,0,32,FRANORNW,FRABALN,404.946831086335,36.0,straight_line,2
532f02b797,072,0,33,FRABALN,FRABREN,314.19917301308527,25.0,straight_line,2
532f02b797,072,0,34,FRABREN,5054PARW,518.503150272376,59.0,straight_line,2
d14a84ae4a,072,1,0,5139PARE,FRABRES,555.0710984799905,103.0,straight_line,2
d14a84ae4a,072,1,1,FRABRES,FRAKEAS,556.707823015547,83.0,straight_line,2
d14a84ae4a,072,1,2,FRAKEAS,FRAMCGSE,262.33425126012185,37.0,straight_line,2
d14a84ae4a,072,1,3,FRAMCGSE,HAY311E,1236.5666097113285,197.0,straight_line,2
d14a84ae4a,072,1,4,HAY311E,HAY3011E,376.4154463876095,90.0,straight_line,2
d14a84ae4a,072,1,5,HAY3011E,SAWBETN,434.6053562406149,130.0,straight_line,2
d14a84ae4a,072,1,6,SAWBETN,RESSAWE,249.46232653980923,80.0,straight_line,2
d14a84ae4a,072,1,7,RESSAWE,PICBETS,468.96486790970044,91.0,straight_line,2
d14a84ae4a,072,1,8,PICBETS,2425BET,260.4961706553416,51.0,straight_line,2
d14a84ae4a,072,1,9,2425BET,BETWOOE,283.6256286341692,43.0,straight_line,2
d14a84ae4a,072,1,10,BETWOOE,BETHEDE,282.6390272727366,42.0,straight_line,2
d14a84ae4a,072,1,11,BETHEDE,BETDIEE,266.0606362851271,40.0,straight_line,2
d14a84ae4a,072,1,12,BETDIEE,BETOLGE,335.78163320206676,50.0,straight_line,2
d14a84ae4a,072,1,13,BETOLGE,BETREEE,375.6400939017867,57.0,straight_line,2
d14a84ae4a,072,1,14,BETREEE,BETPORE,360.8595676079992,54.0,straight_line,2
d14a84ae4a,072,1,15,BETPORE,GODBETS,437.5459474134287,78.0,straight_line,2
d14a84ae4a,072,1,16,GODBETS,GODCHEE,550.4021801673332,87.0,straight_line,2
d14a84ae4a,072,1,17,GODCHEE,KENWEYS,426.6755228020854,75.0,straight_line,2
d14a84ae4a,072,1,18,KENWEYS,KENMERS,292.0422762605341,52.0,straight_line,2
d14a84ae4a,072,1,19,KENMERS,KENFOLS,393.1207385360315,45.0,straight_line,2
d14a84ae4a,072,1,20,KENFOLS,KENWINS,439.2736059568417,51.0,straight_line,2
d14a84ae4a,072,1,21,KENWINS,KENMCCS,693.382800062098,81.0,straight_line,2
d14a84ae4a,072,1,22,KENMCCS,KENRUES,1046.915215404785,126.0,straight_line,2
d14a84ae4a,072,1,23,KENRUES,NORCLEE,411.41423022748813,57.0,straight_line,2
d14a84ae4a,072,1,24,NORCLEE,NORSHAE,265.15879712199234,16.0,straight_line,2
d14a84ae4a,072,1,25,NORSHAE,VINFROE,7140.012349244724,524.0,straight_line,2
d14a84ae4a,072,1,26,VINFROE,FRONATS,361.31980094671457,25.0,straight_line,2
d14a84ae4a,072,1,27,FRONATS,FROLAFS,324.4477296981063,20.0,straight_line,2
d14a84ae4a,072,1,28,FROLAFS,LONHIGE,165.89934089232668,15.0,straight_line,2
d14a84ae4a,072,1,29,LONHIGE,3RDGAYS,268.6448578498834,72.0,straight_line,2
d14a84ae4a,072,1,30,3RDGAYS,3RDBROS1,245.9780345774098,48.0,straight_line,2
d14a84ae4a,072,1,31,3RDBROS1,3RDTOWS,382.51623651951496,92.0,straight_line,2
d14a84ae4a,072,1,32,3RDTOWS,SOUTER7,257.1100331705375,88.0,straight_line,2
e606c495fc,073,0,0,SOUTER9,4THTOWN,400.4440594387249,115.0,straight_line,3
e606c495fc,073,0,1,4THTOWN,4THCAPN,335.0045585540857,65.0,straight_line,3
e606c495fc,073,0,2,4THCAPN,4THATHN,208.32618662764156,48.0,straight_line,3
e606c495fc,073,0,3,4THATHN,SPR4THW,349.8977143086563,92.0,straight_line,3
e606c495fc,073,0,4,SPR4THW,SPRFROW,425.16473021552673,100.0,straight_line,3
e606c495fc,073,0,5,SPRFROW,SPRMARW,169.37344467571467,60.0,straight_line,3
e606c495fc,073,0,6,SPRMARW,RIVNOTN,9969.447119136248,780.0,straight_line,3
e606c495fc,073,0,7,RIVNOTN,DALDUBN,8464.918987897347,720.0,straight_line,3
c9370c8ee1,073,0,0,SOUTER9,4THTOWN,400.4440594387249,115.0,straight_line,1
c9370c8ee1,073,0,1,4THTOWN,4THCAPN,335.0045585540857,65.0,straight_line,1
c9370c8ee1,073,0,2,4THCAPN,4THATHN,208.32618662764156,48.0,straight_line,1
c9370c8ee1,073,0,3,4THATHN,SPR4THW,349.8977143086563,92.0,straight_line,1
c9370c8ee1,073,0,4,SPR4THW,SPRFROW,425.16473021552673,100.0,straight_line,1
c9370c8ee1,073,0,5,SPRFROW,SPRMARW,169.37344467571467,60.0,straight_line,1
c9370c8ee1,073,0,6,SPRMARW,EMESTEN,16853.253249258054,1166.0,straight_line,1
c9370c8ee1,073,0,7,EMESTEN,EMEGLEN,445.4647206867058,25.0,straight_line,1
c9370c8ee1,073,0,8,EMEGLEN,WOEEMEE,491.6188648212051,32.0,straight_line,1
c9370c8ee1,073,0,9,WOEEMEE,BLARINN1,1055.2848713418648,62.0,straight_line,1
c9370c8ee1,073,0,10,BLARINN1,PBLAZACE,548.4156468488302,35.0,straight_line,1
c9370c8ee1,073,0,11,PBLAZACE,BLA515E,144.98080937767145,17.0,straight_line,1
c9370c8ee1,073,0,12,BLA515E,BLA505E,426.22076906353396,40.0,straight_line,1
c9370c8ee1,073,0,13,BLA505E,FRAMONN,312.8646991952721,40.0,straight_line,1
c9370c8ee1,073,0,14,FRAMONN,METUMETW,730.221761013696,83.0,straight_line,1
c9370c8ee1,073,0,15,METUMETW,METCRPW,287.3578935899194,38.0,straight_line,1
c9370c8ee1,073,0,16,METCRPW,METS565S,146.9266298801462,19.0,straight_line,1
c9370c8ee1,073,0,17,METS565S,METS495E,186.61015731108512,26.0,straight_line,1
c9370c8ee1,073,0,18,METS495E,MET485E,263.42835341501103,34.0,straight_line,1
c9370c8ee1,073,0,19,MET485E,FRA161N,677.5932526518516,120.0,straight_line,1
c9370c8ee1,073,0,20,FRA161N,BRICORE,369.1000308397322,58.0,straight_line,1
c9370c8ee1,073,0,21,BRICORE,181WBRE,245.96084005916904,32.0,straight_line,1
c9370c8ee1,073,0,22,181WBRE,BRIHIGE,346.44465367073883,46.0,straight_line,1
c9370c8ee1,073,0,23,BRIHIGE,DALDUBN,579.9858096107483,107.0,straight_line,1
8b831858d6,073,1,0,DALDUBN,RIVNOTS,8464.428133392114,780.0,straight_line,3
8b831858d6,073,1,1,RIVNOTS,LONHIGE,10273.178495005805,960.0,straight_line,3
8b831858d6,073,1,2,LONHIGE,3RDGAYS,268.6448578498834,180.0,straight_line,3
8b831858d6,073,1,3,3RDGAYS,3RDBROS1,245.9780345774098,120.0,straight_line,3
8b831858d6,073,1,4,3RDBROS1,3RDTOWS,382.51623651951496,119.0,straight_line,3
8b831858d6,073,1,5,3RDTOWS,SOUTER9,274.2095633724711,121.0,straight_line,3
a778749e4a,073,1,0,DALDUBN,BRINHIW,587.6231566280729,109.0,straight_line,1
a778749e4a,073,1,1,BRINHIW,80WBRIW,281.7594679268015,31.0,straight_line,1
a778749e4a,073,1,2,80WBRIW,BRISHAW,332.41886537606416,37.0,straight_line,1
a778749e4a,073,1,3,BRISHAW,FRA161S,364.70414284712075,48.0,straight_line,1
a778749e4a,073,1,4,FRA161S,METUMETW,425.33957110153904,75.0,straight_line,1
a778749e4a,073,1,5,METUMETW,METCRPW,287.3578935899194,33.0,straight_line,1
a778749e4a,073,1,6,METCRPW,METS565S,146.9266298801462,16.0,straight_line,1
a778749e4a,073,1,7,METS565S,METS495E,186.61015731108512,22.0,straight_line,1
a778749e4a,073,1,8,METS495E,MET485E,263.42835341501103,29.0,straight_line,1
a778749e4a,073,1,9,MET485E,FRA602S,501.9643948130946,80.0,straight_line,1
a778749e4a,073,1,10,FRA602S,BLA505W1,304.28168020201485,53.0,straight_line,1
a778749e4a,073,1,11,BLA505W1,PBLAZACW,515.7478268603304,67.0,straight_line,1
a778749e4a,073,1,12,PBLAZACW,RINBLAW,593.2355608092215,41.0,straight_line,1
a778749e4a,073,1,13,RINBLAW,EMEWOES,1078.4046416119193,67.0,straight_line,1
a778749e4a,073,1,14,EMEWOES,EMEGLES,481.4591658165746,29.0,straight_line,1
a778749e4a,073,1,15,EMEGLES,EMETUTS,442.76644002510875,27.0,straight_line,1
a778749e4a,073,1,16,EMETUTS,LONHIGE,17142.36748520801,1276.0,straight_line,1
a778749e4a,073,1,17,LONHIGE,3RDGAYS,268.6448578498834,72.0,straight_line,1
a778749e4a,073,1,18,3RDGAYS,3RDBROS1,245.9780345774098,48.0,straight_line,1
a778749e4a,073,1,19,3RDBROS1,3RDTOWS,382.51623651951496,59.0,straight_line,1
a778749e4a,073,1,20,3RDTOWS,SOUTER9,274.2095633724711,61.0,straight_line,1
e80b7b91fe,074,0,0,SOUTER7,4THTOWN,388.31449789597434,194.0,straight_line,1
e80b7b91fe,074,0,1,4THTOWN,4THCAPN,335.0045585540857,106.0,straight_line,1
e80b7b91fe,074,0,2,4THCAPN,4THATHN,208.32618662764156,61.0,straight_line,1
e80b7b91fe,074,0,3,4THATHN,SPR4THW,349.8977143086563,116.0,straight_line,1
e80b7b91fe,074,0,4,SPR4THW,SPRFROW,425.16473021552673,123.0,straight_line,1
e80b7b91fe,074,0,5,SPRFROW,FROSPRN,83.4089957146686,10.0,straight_line,1
e80b7b91fe,074,0,6,FROSPRN,VINPARW,551.8431011342047,46.0,straight_line,1
e80b7b91fe,074,0,7,VINPARW,OLEOLDEN,9948.72801819797,928.0,straight_line,1
e80b7b91fe,074,0,8,OLEOLDEN,OLERIDN,417.2820891983322,36.0,straight_line,1
e80b7b91fe,074,0,9,OLERIDN,LINSHANW,792.4368099190589,133.0,straight_line,1
e80b7b91fe,074,0,10,LINSHANW,LINMEENW,871.2535863659282,146.0,straight_line,1
e80b7b91fe,074,0,11,LINMEENW,LINROCN,359.67532319286505,60.0,straight_line,1
e80b7b91fe,074,0,12,LINROCN,LINSEDN,651.8844655033473,109.0,straight_line,1
e80b7b91fe,074,0,13,LINSEDN,LIN161N,722.1545299903273,121.0,straight_line,1
e80b7b91fe,074,0,14,LIN161N,LINLINN,167.5943800959442,31.0,straight_line,1
e80b7b91fe,074,0,15,LINLINN,LINWODMN,571.245696848923,41.0,straight_line,1
e80b7b91fe,074,0,16,LINWODMN,LINLOCN,346.59340460181204,25.0,straight_line,1
e80b7b91fe,074,0,17,LINLOCN,SNOLAUW,467.0543203219736,54.0,straight_line,1
e80b7b91fe,074,0,18,SNOLAUW,SNOBRIW,746.2000241651698,93.0,straight_line,1
e80b7b91fe,074,0,19,SNOBRIW,SNOOPPW,312.8961652190437,39.0,straight_line,1
e80b7b91fe,074,0,20,SNOOPPW,SMOSTPRN,410.6969386987134,66.0,straight_line,1
e80b7b91fe,074,0,21,SMOSTPRN,SMOQUEN,239.90204712992812,30.0,straight_line,1
e80b7b91fe,074,0,22,SMOQUEN,SMOWATN,383.40663287808593,48.0,straight_line,1
e80b7b91fe,074,0,23,SMOWATN,SMOGARN,277.18771690849036,35.0,straight_line,1
e80b7b91fe,074,0,24,SMOGARN,SMOHARN,359.9141191895873,49.0,straight_line,1
e80b7b91fe,074,0,25,SMOHARN,SMOSUTN,302.8612826398516,33.0,straight_line,1
e80b7b91fe,074,0,26,SMOSUTN,SMOSWAN,328.2026432001078,36.0,straight_line,1
e80b7b91fe,074,0,27,SMOSWAN,SMOPLAN,296.410628247678,33.0,straight_line,1
e80b7b91fe,074,0,28,SMOPLAN,SMOSTON,328.9076915185437,36.0,straight_line,1
e80b7b91fe,074,0,29,SMOSTON,SMOHAMN,265.36668574321806,29.0,straight_line,1
e80b7b91fe,074,0,30,SMOHAMN,SUMSHIW,959.7061477002316,115.0,straight_line,1
e80b7b91fe,074,0,31,SUMSHIW,SUMCOPW,483.60174439758,53.0,straight_line,1
e80b7b91fe,074,0,32,SUMCOPW,SAWCOPS,307.95758920134097,46.0,straight_line,1
e80b7b91fe,074,0,33,SAWCOPS,SAWSUMS,1072.1868891487193,119.0,straight_line,1
e80b7b91fe,074,0,34,SAWSUMS,SAWHARS,355.6518984869916,40.0,straight_line,1
205755eaca,074,1,0,SAWHARN,SAWSUMN,444.1313148824704,54.0,straight_line,1
205755eaca,074,1,1,SAWSUMN,SAWCOPN,920.8883534826716,112.0,straight_line,1
205755eaca,074,1,2,SAWCOPN,SUMGOLE,306.19934419938085,54.0,straight_line,1
205755eaca,074,1,3,SUMGOLE,SUMROSE,570.2573428712243,68.0,straight_line,1
205755eaca,074,1,4,SUMROSE,SMOHAMS,830.7171631760766,109.0,straight_line,1
205755eaca,074,1,5,SMOHAMS,SMOSTOS,322.1622676386498,39.0,straight_line,1
205755eaca,074,1,6,SMOSTOS,SMOOLDS,397.7170928112017,48.0,straight_line,1
205755eaca,074,1,7,SMOOLDS,SMOSWAS,228.8641359474221,28.0,straight_line,1
205755eaca,074,1,8,SMOSWAS,SMOSUTS,382.99399519169947,46.0,straight_line,1
205755eaca,074,1,9,SMOSUTS,SMOHARS,314.33603993145505,42.0,straight_line,1
205755eaca,074,1,10,SMOHARS,SMOSBS,281.69866822850935,37.0,straight_line,1
205755eaca,074,1,11,SMOSBS,SMOBILS,317.89962096676385,41.0,straight_line,1
205755eaca,074,1,12,SMOBILS,SMOQUES,344.9283008821318,45.0,straight_line,1
205755eaca,074,1,13,SMOQUES,SMOSTPS,192.7450022248295,25.0,straight_line,1
205755eaca,074,1,14,SMOSTPS,SNODONE,439.3563712842287,70.0,straight_line,1
205755eaca,074,1,15,SNODONE,SNOSNOE,333.17030774530593,43.0,straight_line,1
205755eaca,074,1,16,SNOSNOE,SNOHICE,746.5757114460799,99.0,straight_line,1
205755eaca,074,1,17,SNOHICE,LINCOLS,524.3482627294618,108.0,straight_line,1
205755eaca,074,1,18,LINCOLS,LINWODMS,256.1126412823763,33.0,straight_line,1
205755eaca,074,1,19,LINWODMS,LIN161S,744.7276498389438,99.0,straight_line,1
205755eaca,074,1,20,LIN161S,LINSEDS,736.3183427807303,64.0,straight_line,1
205755eaca,074,1,21,LINSEDS,LINROCS,634.0221128299452,55.0,straight_line,1
205755eaca,074,1,22,LINROCS,LINMEES,416.91426267912146,36.0,straight_line,1
205755eaca,074,1,23,LINMEES,LINSHAS,868.8998585154025,76.0,straight_line,1
205755eaca,074,1,24,LINSHAS,OLEBETS1,759.5710147671688,69.0,straight_line,1
205755eaca,074,1,25,OLEBETS1,OLEOLDES,360.11809202851083,28.0,straight_line,1
205755eaca,074,1,26,OLEOLDES,VINFROE,9996.482838461046,917.0,straight_line,1
205755eaca,074,1,27,VINFROE,FRONATS,361.31980094671457,31.0,straight_line,1
205755eaca,074,1,28,FRONATS,FROLAFS,324.4477296981063,25.0,straight_line,1
205755eaca,074,1,29,FROLAFS,LONHIGE,165.89934089232668,19.0,straight_line,1
205755eaca,074,1,30,LONHIGE,3RDGAYS,268.6448578498834,144.0,straight_line,1
205755eaca,074,1,31,3RDGAYS,3RDBROS1,245.9780345774098,96.0,straight_line,1
205755eaca,074,1,32,3RDBROS1,3RDTOWS,382.51623651951496,153.0,straight_line,1
205755eaca,074,1,33,3RDTOWS,SOUTER7,257.1100331705375,147.0,straight_line,1
4e18359fce,075,0,0,SOUTER3,4THTOWN,370.0592399572103,159.0,straight_line,1
4e18359fce,075,0,1,4THTOWN,4THCAPN,335.0045585540857,81.0,straight_line,1
4e18359fce,075,0,2,4THCAPN,4THATHN,208.32618662764156,73.0,straight_line,1
4e18359fce,075,0,3,4THATHN,SPR4THW,349.8977143086563,139.0,straight_line,1
4e18359fce,075,0,4,SPR4THW,SPRFROW,425.16473021552673,148.0,straight_line,1
4e18359fce,075,0,5,SPRFROW,FROSPRN,83.4089957146686,16.0,straight_line,1
4e18359fce,075,0,6,FROSPRN,VINPARW,551.8431011342047,73.0,straight_line,1
4e18359fce,075,0,7,VINPARW,GOO582W,1225.2305523242178,157.0,straight_line,1
4e18359fce,075,0,8,GOO582W,GOOYARW,451.4632181670764,56.0,straight_line,1
4e18359fce,075,0,9,GOOYARW,GOO868W,227.18312486027085,28.0,straight_line,1
4e18359fce,075,0,10,GOO868W,NORGOON,173.71308746495595,26.0,straight_line,1
4e18359fce,075,0,11,NORGOON,NORBURNW,186.65573751402533,23.0,straight_line,1
4e18359fce,075,0,12,NORBURNW,NORWILLN,174.96607109456016,21.0,straight_line,1
4e18359fce,075,0,13,NORWILLN,1STNORW,306.80059450778793,41.0,straight_line,1
4e18359fce,075,0,14,1STNORW,1STOXLW,187.8333352254694,24.0,straight_line,1
4e18359fce,075,0,15,1STOXLW,1STVIRW,314.46358063026736,41.0,straight_line,1
4e18359fce,075,0,16,1STVIRW,1STAVOW,350.0454770302379,41.0,straight_line,1
4e18359fce,075,0,17,1STAVOW,1STGRAW,259.5823218444844,32.0,straight_line,1
4e18359fce,075,0,18,1STGRAW,1STOAKW,362.30576632856156,45.0,straight_line,1
4e18359fce,075,0,19,1STOAKW,1STELMW,217.679678694492,27.0,straight_line,1
4e18359fce,075,0,20,1STELMW,1STGLEW,209.00735077308553,25.0,straight_line,1
4e18359fce,075,0,21,1STGLEW,1STLINW,222.2728211841153,27.0,straight_line,1
4e18359fce,075,0,22,1STLINW,CAM132N,181.10062552479235,33.0,straight_line,1
4e18359fce,075,0,23,CAM132N,3RDCAMW,237.91879254152266,32.0,straight_line,1
4e18359fce,075,0,24,3RDCAMW,ARLCARN,158.37071308626196,27.0,straight_line,1
4e18359fce,075,0,25,ARLCARN,ARL5THN,308.25035966236453,38.0,straight_line,1
4e18359fce,075,0,26,ARL5THN,ARLCHEN,211.9197957247028,26.0,straight_line,1
4e18359fce,075,0,27,ARLCHEN,ARLCAMN,205.85365911289864,26.0,straight_line,1
4e18359fce,075,0,28,ARLCAMN,ARLEDGN,374.26313333675523,49.0,straight_line,1
4e18359fce,075,0,29,ARLEDGN,ARLMALN,308.13610278302804,39.0,straight_line,1
4e18359fce,075,0,30,ARLMALN,ARLTEWN,278.1416304211199,35.0,straight_line,1
4e18359fce,075,0,31,ARLTEWN,ARLWICN,195.91561659438375,24.0,straight_line,1
4e18359fce,075,0,32,ARLWICN,TRELANN,730.6697882267671,98.0,straight_line,1
4e18359fce,075,0,33,TRELANN,TREWILN,250.27679925851243,31.0,straight_line,1
4e18359fce,075,0,34,TREWILN,TRENORN,248.66338178636576,32.0,straight_line,1
4e18359fce,075,0,35,TRENORN,TREFARN,362.8479764482096,45.0,straight_line,1
4e18359fce,075,0,36,TREFARN,TREINCN,359.34067417908545,45.0,straight_line,1
4e18359fce,075,0,37,TREINCN,TREZOLN,176.40930397215408,22.0,straight_line,1
4e18359fce,075,0,38,TREZOLN,TRELANGN,268.1324579806136,33.0,straight_line,1
4e18359fce,075,0,39,TRELANGN,RIDTREW,210.92027062522007,32.0,straight_line,1
4e18359fce,075,0,40,RIDTREW,RIDSOMW,263.40604697944036,32.0,straight_line,1
4e18359fce,075,0,41,RIDSOMW,RIDCOLW,270.7878699704297,33.0,straight_line,1
4e18359fce,075,0,42,RIDCOLW,RIDREDW,299.60403830617435,37.0,straight_line,1
4e18359fce,075,0,43,RIDREDW,RIDMOUW,199.66943307411503,24.0,straight_line,1
4e18359fce,075,0,44,RIDMOUW,NOTMOUW,242.26432345850185,37.0,straight_line,1
4e18359fce,075,0,45,NOTMOUW,NOTRAMW,304.97624742143273,37.0,straight_line,1
4e18359fce,075,0,46,NOTRAMW,NOTDORW,312.9561811571069,38.0,straight_line,1
4e18359fce,075,0,47,NOTDORW,NOTKIOW,316.6771605163735,39.0,straight_line,1
4e18359fce,075,0,48,NOTKIOW,NOTSUNW,550.8082705928739,93.0,straight_line,1
62142e5498,075,1,0,NOTSUNE,NOTKIOE,570.009395327595,52.0,straight_line,1
62142e5498,075,1,1,NOTKIOE,NOTDORE,338.1745511334214,31.0,straight_line,1
62142e5498,075,1,2,NOTDORE,NOTRAME,300.835031128839,27.0,straight_line,1
62142e5498,075,1,3,NOTRAME,NOTMOUE,309.2004138832566,28.0,straight_line,1
62142e5498,075,1,4,NOTMOUE,MOURIDS,211.9384921251407,22.0,straight_line,1
62142e5498,075,1,5,MOURIDS,RIDREDE,303.4223711115584,29.0,straight_line,1
62142e5498,075,1,6,RIDREDE,RIDCOLE,246.1930147393526,22.0,straight_line,1
62142e5498,075,1,7,RIDCOLE,RIDSOME,281.69311280881954,29.0,straight_line,1
62142e5498,075,1,8,RIDSOME,RIDTREE,238.41269688445954,38.0,straight_line,1
62142e5498,075,1,9,RIDTREE,TRELANS1,286.79318759085976,55.0,straight_line,1
62142e5498,075,1,10,TRELANS1,TREZOLS,137.57507281334438,22.0,straight_line,1
62142e5498,075,1,11,TREZOLS,TREINCS,226.05957024975365,37.0,straight_line,1
62142e5498,075,1,12,TREINCS,2100TRS,557.7182654527938,91.0,straight_line,1
62142e5498,075,1,13,2100TRS,TRENORS,178.3559783031172,29.0,straight_line,1
62142e5498,075,1,14,TRENORS,TREONAS,277.846889160357,47.0,straight_line,1
62142e5498,075,1,15,TREONAS,TRELANS,226.26585290573894,41.0,straight_line,1
62142e5498,075,1,16,TRELANS,ARLTRES,297.42609221847584,45.0,straight_line,1
62142e5498,075,1,17,ARLTRES,ARLWESSW,373.64399295314206,57.0,straight_line,1
62142e5498,075,1,18,ARLWESSW,ARLTEWS,241.93870248491595,38.0,straight_line,1
62142e5498,075,1,19,ARLTEWS,ARLGUIS,182.17002299331023,27.0,straight_line,1
62142e5498,075,1,20,ARLGUIS,ARLWALS,287.19081373886524,44.0,straight_line,1
62142e5498,075,1,21,ARLWALS,ARLCAMS,467.1416030442908,74.0,straight_line,1
62142e5498,075,1,22,ARLCAMS,ARLCHES,228.3964319548063,34.0,straight_line,1
62142e5498,075,1,23,ARLCHES,ARL5THS,244.76388089432655,41.0,straight_line,1
62142e5498,075,1,24,ARL5THS,ARLCARS,256.23979742751976,40.0,straight_line,1
62142e5498,075,1,25,ARLCARS,3RDCAME,207.062152147631,41.0,straight_line,1
62142e5498,075,1,26,3RDCAME,CAM1STS,347.75267335842017,61.0,straight_line,1
62142e5498,075,1,27,CAM1STS,1STWYAE,228.1400698990538,35.0,straight_line,1
62142e5498,075,1,28,1STWYAE,1STWESE,214.81013516411477,33.0,straight_line,1
62142e5498,075,1,29,1STWESE,1STASHE,214.99967777260179,33.0,straight_line,1
62142e5498,075,1,30,1STASHE,1STFAIE,216.08965056817397,33.0,straight_line,1
62142e5498,075,1,31,1STFAIE,1STGLEE,381.97824084980175,59.0,straight_line,1
62142e5498,075,1,32,1STGLEE,1STAVOE,125.88487646039178,25.0,straight_line,1
62142e5498,075,1,33,1STAVOE,1STVIRE,396.68935181642365,78.0,straight_line,1
62142e5498,075,1,34,1STVIRE,1STOXLE,314.42618705570015,62.0,straight_line,1
62142e5498,075,1,35,1STOXLE,NOR1STSE,207.76009018251685,47.0,straight_line,1
62142e5498,075,1,36,NOR1STSE,NORWILLS,230.63749419182923,45.0,straight_line,1
62142e5498,075,1,37,NORWILLS,NORBURSE,164.73535343774554,33.0,straight_line,1
62142e5498,075,1,38,NORBURSE,NORGOOS,155.56307967766583,35.0,straight_line,1
62142e5498,075,1,39,NORGOOS,GOOYARE,295.0359224965861,53.0,straight_line,1
62142e5498,075,1,40,GOOYARE,GOOOPPE,628.8039580158868,92.0,straight_line,1
62142e5498,075,1,41,GOOOPPE,VINFROE,1191.7786181199076,182.0,straight_line,1
62142e5498,075,1,42,VINFROE,HIGOHIS,283.9839450287584,58.0,straight_line,1
62142e5498,075,1,43,HIGOHIS,HIGNATS,221.8000568659215,35.0,straight_line,1
62142e5498,075,1,44,HIGNATS,3RDGAYS,530.1299251326188,223.0,straight_line,1
62142e5498,075,1,45,3RDGAYS,3RDBROS1,245.9780345774098,77.0,straight_line,1
62142e5498,075,1,46,3RDBROS1,3RDTOWS,382.51623651951496,97.0,straight_line,1
62142e5498,075,1,47,3RDTOWS,SOUTER3,229.32253858543072,83.0,straight_line,1
0dc1981497,101,0,0,EMO4THW,MOUHIGW1,413.780200673273,120.0,straight_line,36
0dc1981497,101,0,1,MOUHIGW1,HIGRICN,272.2635578707627,68.0,straight_line,36
0dc1981497,101,0,2,HIGRICN,HIGBRONN,489.9254981624881,112.0,straight_line,36
0dc1981497,101,0,3,HIGBRONN,HIGLONN2,308.06077485788353,60.0,straight_line,36
0dc1981497,101,0,4,HIGLONN2,HIGNATN,429.8031474798347,96.0,straight_line,36
0dc1981497,101,0,5,HIGNATN,NAG5THE1,469.8525863911811,131.0,straight_line,36
0dc1981497,101,0,6,NAG5THE1,CLEMOUN,507.8467863820018,133.0,straight_line,36
0dc1981497,101,0,7,CLEMOUN,CLEFORN,787.4351919381064,98.0,straight_line,36
0dc1981497,101,0,8,CLEFORN,CLE2NDN,632.9541015162096,79.0,straight_line,36
0dc1981497,101,0,9,CLE2NDN,CLE4THN1,299.1717619084559,37.0,straight_line,36
0dc1981497,101,0,10,CLE4THN1,CLE11TN,1121.4096106915695,146.0,straight_line,36
0dc1981497,101,0,11,CLE11TN,CLE17TN,981.5528937247245,111.0,straight_line,36
0dc1981497,101,0,12,CLE17TN,CLE24THN,718.3130638464021,81.0,straight_line,36
0dc1981497,101,0,13,CLE24THN,CLEHUDN,952.958859568575,108.0,straight_line,36
0dc1981497,101,0,14,CLEHUDN,CLEGENN,613.0150206980222,88.0,straight_line,36
0dc1981497,101,0,15,CLEGENN,CLEWEBN,430.5923229239245,62.0,straight_line,36
0dc1981497,101,0,16,CLEWEBN,CLEOAKN,846.962792300699,121.0,straight_line,36
0dc1981497,101,0,17,CLEOAKN,CLEHUYN,597.6213890826605,89.0,straight_line,36
0dc1981497,101,0,18,CLEHUYN,CLENORN,529.5873491647998,63.5,straight_line,36
0dc1981497,101,0,19,CLENORN,CLECOON1,563.5363990303072,68.5,straight_line,36
0dc1981497,101,0,20,CLECOON1,CLELEHN,791.8402472169065,97.0,straight_line,36
0dc1981497,101,0,21,CLELEHN,CLEMORN,824.6721290206169,101.0,straight_line,36
0dc1981497,101,0,22,CLEMORN,CLENORWN,832.6036128552719,92.0,straight_line,36
0dc1981497,101,0,23,CLENORWN,CLEWALN,703.3679205178341,78.0,straight_line,36
0dc1981497,101,0,24,CLEWALN,NORTRA1,1023.1383691225313,130.0,straight_line,36
7dad59c90d,101,0,0,EMO4THW,MOUHIGW1,413.780200673273,120.0,straight_line,38
7dad59c90d,101,0,1,MOUHIGW1,HIGRICN,272.2635578707627,68.0,straight_line,38
7dad59c90d,101,0,2,HIGRICN,HIGBRONN,489.9254981624881,112.0,straight_line,38
7dad59c90d,101,0,3,HIGBRONN,HIGLONN2,308.06077485788353,60.0,straight_line,38
7dad59c90d,101,0,4,HIGLONN2,HIGNATN,429.8031474798347,96.0,straight_line,38
7dad59c90d,101,0,5,HIGNATN,NAG5THE1,469.8525863911811,131.0,straight_line,38
7dad59c90d,101,0,6,NAG5THE1,CLEMOUN,507.8467863820018,133.0,straight_line,38
7dad59c90d,101,0,7,CLEMOUN,CLEFORN,787.4351919381064,98.0,straight_line,38
7dad59c90d,101,0,8,CLEFORN,CLE2NDN,632.9541015162096,79.0,straight_line,38
7dad59c90d,101,0,9,CLE2NDN,CLE4THN1,299.1717619084559,37.0,straight_line,38
7dad59c90d,101,0,10,CLE4THN1,CLE11TN,1121.4096106915695,146.0,straight_line,38
7dad59c90d,101,0,11,CLE11TN,CLE17TN,981.5528937247245,111.0,straight_line,38
7dad59c90d,101,0,12,CLE17TN,CLE24THN,718.3130638464021,81.0,straight_line,38
7dad59c90d,101,0,13,CLE24THN,CLEHUDN,952.958859568575,108.0,straight_line,38
7dad59c90d,101,0,14,CLEHUDN,CLEGENN,613.0150206980222,88.0,straight_line,38
7dad59c90d,101,0,15,CLEGENN,CLEWEBN,430.5923229239245,62.0,straight_line,38
7dad59c90d,101,0,16,CLEWEBN,CLEOAKN,846.962792300699,121.0,straight_line,38
7dad59c90d,101,0,17,CLEOAKN,CLEHUYN,597.6213890826605,89.0,straight_line,38
7dad59c90d,101,0,18,CLEHUYN,CLENORN,529.5873491647998,58.0,straight_line,38
7dad59c90d,101,0,19,CLENORN,CLECOON1,563.5363990303072,62.0,straight_line,38
7dad59c90d,101,0,20,CLECOON1,CLELEHN,791.8402472169065,88.0,straight_line,38
7dad59c90d,101,0,21,CLELEHN,CLEMORN,824.6721290206169,92.0,straight_line,38
7dad59c90d,101,0,22,CLEMORN,CLENORWN,832.6036128552719,90.0,straight_line,38
7dad59c90d,101,0,23,CLENORWN,CLEWALN,703.3679205178341,76.0,straight_line,38
7dad59c90d,101,0,24,CLEWALN,NORTRA4,1094.2424678937127,134.0,straight_line,38
7dad59c90d,101,0,25,NORTRA4,CLE161NN,218.8611059077564,87.0,straight_line,38
7dad59c90d,101,0,26,CLE161NN,CLE161NF,179.44727425516086,26.0,straight_line,38
7dad59c90d,101,0,27,CLE161NF,CLEFUJN,276.0318628774643,41.0,straight_line,38
7dad59c90d,101,0,28,CLEFUJN,CLEBLEN1,499.315661533023,75.0,straight_line,38
7dad59c90d,101,0,29,CLEBLEN1,CLEBELLN,305.39782818285937,46.0,straight_line,38
7dad59c90d,101,0,30,CLEBELLN,CLEHOMN,219.68703062601662,33.0,straight_line,38
7dad59c90d,101,0,31,CLEHOMN,CLECOMN,329.49240433674817,52.0,straight_line,38
7dad59c90d,101,0,32,CLECOMN,SCHCLEE,1095.852043729882,154.0,straight_line,38
7dad59c90d,101,0,33,SCHCLEE,COOSCHN,434.027639901689,64.0,straight_line,38
7dad59c90d,101,0,34,COOSCHN,SAICLEN,469.79130997676964,82.0,straight_line,38
7dad59c90d,101,0,35,SAICLEN,500CLEN,162.6424305443893,20.0,straight_line,38
7dad59c90d,101,0,36,500CLEN,CLE340N,173.30114651526765,17.0,straight_line,38
7dad59c90d,101,0,37,CLE340N,CLECOON,493.8237386522806,49.0,straight_line,38
7dad59c90d,101,0,38,CLECOON,CLEMAINN,415.74971132945484,41.0,straight_line,38
7dad59c90d,101,0,39,CLEMAINN,CLECTLRN,1377.4001671188526,136.0,straight_line,38
7dad59c90d,101,0,40,CLECTLRN,CLEWESTN,415.9924310463337,41.0,straight_line,38
7dad59c90d,101,0,41,CLEWESTN,CLEALTN,419.360218501411,41.0,straight_line,38
7dad59c90d,101,0,42,CLEALTN,POLCLEE,147.99669822578613,19.0,straight_line,38
7dad59c90d,101,0,43,POLCLEE,POLAFRE1,360.2704407961429,35.0,straight_line,38
7dad59c90d,101,0,44,POLAFRE1,AFRPOLN,298.2935343648048,32.0,straight_line,38
7dad59c90d,101,0,45,AFRPOLN,OHIAFRE,276.53973368048514,49.0,straight_line,38
367fce3c7b,101,1,0,OHIAFRE,POLAFRW1,494.32015364964775,64.0,straight_line,39
367fce3c7b,101,1,1,POLAFRW1,CLEWESS,572.2208792616716,83.0,straight_line,39
367fce3c7b,101,1,2,CLEWESS,NCLEWESS,311.80343651697945,34.0,straight_line,39
367fce3c7b,101,1,3,NCLEWESS,CLECTLRS,340.85783092941256,38.0,straight_line,39
367fce3c7b,101,1,4,CLECTLRS,CLEMAIS1,1468.5976375702937,164.0,straight_line,39
367fce3c7b,101,1,5,CLEMAIS1,CLEOLDS,484.0404105561355,54.0,straight_line,39
367fce3c7b,101,1,6,CLEOLDS,CLE340S1,354.31870326018355,39.0,straight_line,39
367fce3c7b,101,1,7,CLE340S1,SAISVCOP,450.8212542631525,64.0,straight_line,39
367fce3c7b,101,1,8,SAISVCOP,COPSCHS,397.0893037659905,79.0,straight_line,39
367fce3c7b,101,1,9,COPSCHS,SCHLAUW,275.4525984845118,53.0,straight_line,39
367fce3c7b,101,1,10,SCHLAUW,CLECOMS,1289.9184436298856,228.0,straight_line,39
367fce3c7b,101,1,11,CLECOMS,CLEHOMS,161.06413507340085,22.0,straight_line,39
367fce3c7b,101,1,12,CLEHOMS,CLEDEES,218.46280160041601,29.0,straight_line,39
367fce3c7b,101,1,13,CLEDEES,CLEBLES1,347.672102360809,46.0,straight_line,39
367fce3c7b,101,1,14,CLEBLES1,CLEFUJS,580.2634940421752,78.0,straight_line,39
367fce3c7b,101,1,15,CLEFUJS,CLE161SF,410.3521891683952,55.0,straight_line,39
367fce3c7b,101,1,16,CLE161SF,NORTRA5,156.67225422365345,70.0,straight_line,39
367fce3c7b,101,1,17,NORTRA5,CLEWALS,1213.99235352424,229.0,straight_line,39
367fce3c7b,101,1,18,CLEWALS,CLETAYS,623.1345269570726,105.0,straight_line,39
367fce3c7b,101,1,19,CLETAYS,CLEMORS,848.9947465006214,146.0,straight_line,39
367fce3c7b,101,1,20,CLEMORS,CLELEHS,718.7302580754449,78.0,straight_line,39
367fce3c7b,101,1,21,CLELEHS,CLECOOS,1034.8965535593907,117.0,straight_line,39
367fce3c7b,101,1,22,CLECOOS,CLEELMS,401.5917629193136,43.0,straight_line,39
367fce3c7b,101,1,23,CLEELMS,CLEHUYS,554.1557912758822,62.0,straight_line,39
367fce3c7b,101,1,24,CLEHUYS,CLEOAKS,501.95950812006237,70.0,straight_line,39
367fce3c7b,101,1,25,CLEOAKS,CLEWEBS,953.9467613774234,134.0,straight_line,39
367fce3c7b,101,1,26,CLEWEBS,CLEGENS,415.5682402555016,58.0,straight_line,39
367fce3c7b,101,1,27,CLEGENS,CLEHUDS,678.611170262629,98.0,straight_line,39
367fce3c7b,101,1,28,CLEHUDS,CLE24TS,852.2209445569957,123.0,straight_line,39
367fce3c7b,101,1,29,CLE24TS,CLE17TS,824.7699355779457,119.0,straight_line,39
367fce3c7b,101,1,30,CLE17TS,CLE11TS,797.4782940894574,118.0,straight_line,39
367fce3c7b,101,1,31,CLE11TS,CLE5THS1,1104.6945664171724,135.0,straight_line,39
367fce3c7b,101,1,32,CLE5THS1,CLE2NDS,529.9217987587665,65.0,straight_line,39
367fce3c7b,101,1,33,CLE2NDS,CLEFORS,525.2539577403218,64.0,straight_line,39
367fce3c7b,101,1,34,CLEFORS,CLEMOUS,756.3165305910437,96.0,straight_line,39
367fce3c7b,101,1,35,CLEMOUS,NATCONW,698.2784454088587,153.0,straight_line,39
367fce3c7b,101,1,36,NATCONW,HIGNATS,294.5753132579625,75.0,straight_line,39
367fce3c7b,101,1,37,HIGNATS,HIGLONS,343.0784148730788,72.0,straight_line,39
367fce3c7b,101,1,38,HIGLONS,HIGBROS,265.02505756658604,60.0,straight_line,39
367fce3c7b,101,1,39,HIGBROS,HIGSTAS,281.8874662425369,81.0,straight_line,39
367fce3c7b,101,1,40,HIGSTAS,HIGTOWS,245.88871887580058,70.0,straight_line,39
367fce3c7b,101,1,41,HIGTOWS,MAIHIGE,247.1855977116789,89.0,straight_line,39
367fce3c7b,101,1,42,MAIHIGE,EMO4THW,377.69802654586135,120.0,straight_line,39
f19ceffadd,101,1,0,NORTRA1,CLEWALS,1126.5505500616825,236.0,straight_line,36
f19ceffadd,101,1,1,CLEWALS,CLETAYS,623.1345269570726,103.0,straight_line,36
f19ceffadd,101,1,2,CLETAYS,CLEMORS,848.9947465006214,141.0,straight_line,36
f19ceffadd,101,1,3,CLEMORS,CLELEHS,718.7302580754449,78.0,straight_line,36
f19ceffadd,101,1,4,CLELEHS,CLECOOS,1034.8965535593907,117.0,straight_line,36
f19ceffadd,101,1,5,CLECOOS,CLEELMS,401.5917629193136,43.0,straight_line,36
f19ceffadd,101,1,6,CLEELMS,CLEHUYS,554.1557912758822,62.0,straight_line,36
f19ceffadd,101,1,7,CLEHUYS,CLEOAKS,501.95950812006237,70.0,straight_line,36
f19ceffadd,101,1,8,CLEOAKS,CLEWEBS,953.9467613774234,134.0,straight_line,36
f19ceffadd,101,1,9,CLEWEBS,CLEGENS,415.5682402555016,58.0,straight_line,36
f19ceffadd,101,1,10,CLEGENS,CLEHUDS,678.611170262629,98.0,straight_line,36
f19ceffadd,101,1,11,CLEHUDS,CLE24TS,852.2209445569957,123.0,straight_line,36
f19ceffadd,101,1,12,CLE24TS,CLE17TS,824.7699355779457,119.0,straight_line,36
f19ceffadd,101,1,13,CLE17TS,CLE11TS,797.4782940894574,118.0,straight_line,36
f19ceffadd,101,1,14,CLE11TS,CLE5THS1,1104.6945664171724,135.0,straight_line,36
f19ceffadd,101,1,15,CLE5THS1,CLE2NDS,529.9217987587665,65.0,straight_line,36
f19ceffadd,101,1,16,CLE2NDS,CLEFORS,525.2539577403218,64.0,straight_line,36
f19ceffadd,101,1,17,CLEFORS,CLEMOUS,756.3165305910437,96.0,straight_line,36
f19ceffadd,101,1,18,CLEMOUS,NATCONW,698.2784454088587,153.0,straight_line,36
f19ceffadd,101,1,19,NATCONW,HIGNATS,294.5753132579625,75.0,straight_line,36
f19ceffadd,101,1,20,HIGNATS,HIGLONS,343.0784148730788,72.0,straight_line,36
f19ceffadd,101,1,21,HIGLONS,HIGBROS,265.02505756658604,60.0,straight_line,36
f19ceffadd,101,1,22,HIGBROS,HIGSTAS,281.8874662425369,81.0,straight_line,36
f19ceffadd,101,1,23,HIGSTAS,HIGTOWS,245.88871887580058,70.0,straight_line,36
f19ceffadd,101,1,24,HIGTOWS,MAIHIGE,247.1855977116789,89.0,straight_line,36
f19ceffadd,101,1,25,MAIHIGE,EMO4THW,377.69802654586135,120.0,straight_line,36
55ed8d7aef,102,0,0,MOU5THW1,EMO4THW,143.22957127482394,10.0,straight_line,38
55ed8d7aef,102,0,1,EMO4THW,EMOS3RDW,167.59122301648196,31.0,straight_line,38
55ed8d7aef,102,0,2,EMOS3RDW,MOUHIGW1,246.194072314837,46.0,straight_line,38
55ed8d7aef,102,0,3,MOUHIGW1,HIGRICN,272.2635578707627,57.0,straight_line,38
55ed8d7aef,102,0,4,HIGRICN,HIGSTANN,282.2951690108452,53.0,straight_line,38
55ed8d7aef,102,0,5,HIGSTANN,HIGBRONN,207.70624946057768,43.0,straight_line,38
55ed8d7aef,102,0,6,HIGBRONN,HIGLONN2,308.06077485788353,120.0,straight_line,38
55ed8d7aef,102,0,7,HIGLONN2,HIGNATN,429.8031474798347,120.0,straight_line,38
55ed8d7aef,102,0,8,HIGNATN,HIGSPRUN,504.5973419323327,97.0,straight_line,38
55ed8d7aef,102,0,9,HIGSPRUN,HIG5THN,1681.3846548907252,323.0,straight_line,38
55ed8d7aef,102,0,10,HIG5THN,HIGCHIN,965.3165454618513,194.0,straight_line,38
55ed8d7aef,102,0,11,HIGCHIN,HIGWOON,814.0949512257798,163.0,straight_line,38
55ed8d7aef,102,0,12,HIGWOON,HIGHUDN,1207.1878895716231,243.0,straight_line,38
55ed8d7aef,102,0,13,HIGHUDN,HIGOLEN,591.9918547773622,71.0,straight_line,38
55ed8d7aef,102,0,14,HIGOLEN,HIGNORN1,1405.355737380928,169.0,straight_line,38
55ed8d7aef,102,0,15,HIGNORN1,HIGACTN,1037.364628906088,123.0,straight_line,38
55ed8d7aef,102,0,16,HIGACTN,HIGSCHN,1272.3712673833747,152.0,straight_line,38
55ed8d7aef,102,0,17,HIGSCHN,HIGROYN1,938.6839630026797,111.0,straight_line,38
55ed8d7aef,102,0,18,HIGROYN1,HIGMORN,274.9638422783355,34.0,straight_line,38
55ed8d7aef,102,0,19,HIGMORN,HIGFITN,334.67968640640026,40.0,straight_line,38
55ed8d7aef,102,0,20,HIGFITN,HIG522N,249.35573574394232,30.0,straight_line,38
55ed8d7aef,102,0,21,HIG522N,HIGKANN,259.12239237274326,31.0,straight_line,38
55ed8d7aef,102,0,22,HIGKANN,HIGMEAN,272.4662014617996,32.0,straight_line,38
55ed8d7aef,102,0,23,HIGMEAN,HIGSELN,409.9147925252249,49.0,straight_line,38
55ed8d7aef,102,0,24,HIGSELN,HIGSOUTN,369.3728130640226,44.0,straight_line,38
55ed8d7aef,102,0,25,HIGSOUTN,HIGSOUN,421.3797955488106,51.0,straight_line,38
55ed8d7aef,102,0,26,HIGSOUN,HIGNEWN,265.1622143144748,32.0,straight_line,38
55ed8d7aef,102,0,27,HIGNEWN,HIG161N,223.55275520759818,27.0,straight_line,38
55ed8d7aef,102,0,28,HIG161N,HIGSTAFN,240.06298874894475,29.0,straight_line,38
55ed8d7aef,102,0,29,HIGSTAFN,HIGNORN3,228.8260115254721,27.0,straight_line,38
55ed8d7aef,102,0,30,HIGNORN3,HIGWORN,393.5321825795389,47.0,straight_line,38
55ed8d7aef,102,0,31,HIGWORN,HIGLARN,297.32516385110694,41.0,straight_line,38
55ed8d7aef,102,0,32,HIGLARN,HIGHALN,503.56012634566764,60.0,straight_line,38
55ed8d7aef,102,0,33,HIGHALN,HIGHIGHN,214.41411015330223,25.0,straight_line,38
55ed8d7aef,102,0,34,HIGHIGHN,VANREDS,1215.6334199273238,182.0,straight_line,38
55ed8d7aef,102,0,35,VANREDS,VAN741S,214.90781894001736,25.0,straight_line,38
55ed8d7aef,102,0,36,VAN741S,HUTHIGE,287.4358556345037,36.0,straight_line,38
55ed8d7aef,102,0,37,HUTHIGE,HUN733N,454.0378333405032,55.0,straight_line,38
55ed8d7aef,102,0,38,HUN733N,CRORIDN,286.2529349727646,37.0,straight_line,38
55ed8d7aef,102,0,39,CRORIDN,WORALTE,581.1411717413239,105.0,straight_line,38
55ed8d7aef,102,0,40,WORALTE,SANWORN,386.87465292725756,46.0,straight_line,38
55ed8d7aef,102,0,41,SANWORN,SANMASN,466.4471248941299,51.0,straight_line,38
55ed8d7aef,102,0,42,SANMASN,SANPARN,448.02066040618234,49.0,straight_line,38
55ed8d7aef,102,0,43,SANPARN,SANBRON,544.0608974029537,59.0,straight_line,38
55ed8d7aef,102,0,44,SANBRON,SANLAZN,412.71355925679046,45.0,straight_line,38
55ed8d7aef,102,0,45,SANLAZN,SAN832N,225.3264447304261,24.0,straight_line,38
55ed8d7aef,102,0,46,SAN832N,SAN866N,335.11784297312755,41.0,straight_line,38
55ed8d7aef,102,0,47,SAN866N,POL131E,593.8365723816477,76.0,straight_line,38
55ed8d7aef,102,0,48,POL131E,POL148E,400.2944941773621,38.0,straight_line,38
55ed8d7aef,102,0,49,POL148E,POLORIE,1272.1238695073723,126.0,straight_line,38
55ed8d7aef,102,0,50,POLORIE,POLOLDE,632.3466456678552,58.0,straight_line,38
55ed8d7aef,102,0,51,POLOLDE,POLCLEE,1028.3657963010191,89.0,straight_line,38
55ed8d7aef,102,0,52,POLCLEE,POLAFRE1,360.2704407961429,33.0,straight_line,38
55ed8d7aef,102,0,53,POLAFRE1,POLPOLE,1140.8830600002698,126.0,straight_line,38
55ed8d7aef,102,0,54,POLPOLE,STAPOLN,484.54042008595184,59.0,straight_line,38
55ed8d7aef,102,0,55,STAPOLN,MEIPOLN,315.0846909794397,55.0,straight_line,38
e5f5c1e70a,102,1,0,MEIPOLN,POLSTAE,369.86905765487023,84.0,straight_line,36
e5f5c1e70a,102,1,1,POLSTAE,POLPOLW,353.65230076375843,37.0,straight_line,36
e5f5c1e70a,102,1,2,POLPOLW,POLAFRW1,1103.579940949393,119.0,straight_line,36
e5f5c1e70a,102,1,3,POLAFRW1,POLCLEW,538.58990880661,59.0,straight_line,36
e5f5c1e70a,102,1,4,POLCLEW,POLOLDW,1022.124358454074,111.0,straight_line,36
e5f5c1e70a,102,1,5,POLOLDW,POLORIW,619.8678774388708,70.0,straight_line,36
e5f5c1e70a,102,1,6,POLORIW,POLLYRW,1004.7269055181308,125.0,straight_line,36
e5f5c1e70a,102,1,7,POLLYRW,1374POLW,333.60705382083745,41.0,straight_line,36
e5f5c1e70a,102,1,8,1374POLW,POLMAEW2,363.37780655316186,45.0,straight_line,36
e5f5c1e70a,102,1,9,POLMAEW2,SAN868S,534.2905639852661,89.0,straight_line,36
e5f5c1e70a,102,1,10,SAN868S,SAN8491S,340.9548407810065,44.0,straight_line,36
e5f5c1e70a,102,1,11,SAN8491S,SANLAZS,268.05301532483264,34.0,straight_line,36
e5f5c1e70a,102,1,12,SANLAZS,SANBROS,375.8873777556565,50.0,straight_line,36
e5f5c1e70a,102,1,13,SANBROS,SANPARS,580.9566124699368,77.0,straight_line,36
e5f5c1e70a,102,1,14,SANPARS,SANWHIS,417.63519000389874,55.0,straight_line,36
e5f5c1e70a,102,1,15,SANWHIS,WORSANW,484.05931041569,69.0,straight_line,36
e5f5c1e70a,102,1,16,WORSANW,WORALTW,435.01174714432625,55.0,straight_line,36
e5f5c1e70a,102,1,17,WORALTW,HUNTPARK,577.4419899046225,128.0,straight_line,36
e5f5c1e70a,102,1,18,HUNTPARK,346HUTCH,323.8302614900183,51.0,straight_line,36
e5f5c1e70a,102,1,19,346HUTCH,HUTCHHC,532.3598563272135,72.0,straight_line,36
e5f5c1e70a,102,1,20,HUTCHHC,44HUTCH,219.77027074933284,34.0,straight_line,36
e5f5c1e70a,102,1,21,44HUTCH,CAMVANW,423.7415607201972,86.0,straight_line,36
e5f5c1e70a,102,1,22,CAMVANW,HIGCARS,1475.4588864126126,221.0,straight_line,36
e5f5c1e70a,102,1,23,HIGCARS,HIGHALS,253.1729650723571,33.0,straight_line,36
e5f5c1e70a,102,1,24,HIGHALS,HIGLARS,479.5072764812145,71.0,straight_line,36
e5f5c1e70a,102,1,25,HIGLARS,HIGWORS,374.4363329160552,56.0,straight_line,36
e5f5c1e70a,102,1,26,HIGWORS,HIGNORTS,309.2566434114209,46.0,straight_line,36
e5f5c1e70a,102,1,27,HIGNORTS,HIGSTAFS,157.14801840025126,23.0,straight_line,36
e5f5c1e70a,102,1,28,HIGSTAFS,HIG161S,233.6295625203985,34.0,straight_line,36
e5f5c1e70a,102,1,29,HIG161S,HIGNEWS,235.2476822921624,34.0,straight_line,36
e5f5c1e70a,102,1,30,HIGNEWS,HIGSOUS,270.785254915725,40.0,straight_line,36
e5f5c1e70a,102,1,31,HIGSOUS,HIGSOUTS,472.2601255347902,70.0,straight_line,36
e5f5c1e70a,102,1,32,HIGSOUTS,HIGSELS,391.1151172938273,58.0,straight_line,36
e5f5c1e70a,102,1,33,HIGSELS,HIGBROAS,393.0241433504991,59.0,straight_line,36
e5f5c1e70a,102,1,34,HIGBROAS,HIGKANS,217.72920198415025,32.0,straight_line,36
e5f5c1e70a,102,1,35,HIGKANS,HIG521S,264.88540107701454,39.0,straight_line,36
e5f5c1e70a,102,1,36,HIG521S,HIGFENS,137.42389151968723,20.0,straight_line,36
e5f5c1e70a,102,1,37,HIGFENS,HIGGRA2S,336.56589941760006,50.0,straight_line,36
e5f5c1e70a,102,1,38,HIGGRA2S,HIGMORS,207.98791519318095,39.0,straight_line,36
e5f5c1e70a,102,1,39,HIGMORS,HIGJEFS,131.0444123921225,17.0,straight_line,36
e5f5c1e70a,102,1,40,HIGJEFS,HIGHENS,1108.326672911686,148.0,straight_line,36
e5f5c1e70a,102,1,41,HIGHENS,HIGCHAS,1067.9785724110332,143.0,straight_line,36
e5f5c1e70a,102,1,42,HIGCHAS,HIGNORS,1274.086261353578,172.0,straight_line,36
e5f5c1e70a,102,1,43,HIGNORS,HIGOLES,1250.2045317447964,157.0,straight_line,36
e5f5c1e70a,102,1,44,HIGOLES,HIGHUDS,650.9849672937684,83.0,straight_line,36
e5f5c1e70a,102,1,45,HIGHUDS,HIG18TS,1260.835395371538,221.0,straight_line,36
e5f5c1e70a,102,1,46,HIG18TS,HIGCHIS,785.517645667439,137.0,straight_line,36
e5f5c1e70a,102,1,47,HIGCHIS,HIG5THS,1029.5749511877839,182.0,straight_line,36
e5f5c1e70a,102,1,48,HIG5THS,HIGSWANS,1531.4159564278395,265.0,straight_line,36
e5f5c1e70a,102,1,49,HIGSWANS,HIGNATS,548.3373201280386,95.0,straight_line,36
e5f5c1e70a,102,1,50,HIGNATS,HIGLONS,343.0784148730788,60.0,straight_line,36
e5f5c1e70a,102,1,51,HIGLONS,HIGBROS,265.02505756658604,120.0,straight_line,36
e5f5c1e70a,102,1,52,HIGBROS,HIGSTAS,281.8874662425369,64.0,straight_line,36
e5f5c1e70a,102,1,53,HIGSTAS,HIGTOWS,245.88871887580058,56.0,straight_line,36
e5f5c1e70a,102,1,54,HIGTOWS,MAIHIGE,247.1855977116789,76.0,straight_line,36
e5f5c1e70a,102,1,55,MAIHIGE,MAI4THE,329.30011852947473,81.0,straight_line,36
e5f5c1e70a,102,1,56,MAI4THE,MAI5THE,198.15325708277922,49.0,straight_line,36
e5f5c1e70a,102,1,57,MAI5THE,GRAMOUS,219.89255957075972,76.0,straight_line,36
e5f5c1e70a,102,1,58,GRAMOUS,MOU5THW1,241.54837170068822,78.0,straight_line,36
fb3bf4f3d5,141,0,0,STAHIGW,HIGBRONN,175.5304860552736,60.0,straight_line,5
fb3bf4f3d5,141,0,1,HIGBRONN,HIGLONN2,308.06077485788353,117.0,straight_line,5
fb3bf4f3d5,141,0,2,HIGLONN2,SPRFROW,245.59068476078934,123.0,straight_line,5
fb3bf4f3d5,141,0,3,SPRFROW,SPRMARW,169.37344467571467,12.0,straight_line,5
fb3bf4f3d5,141,0,4,SPRMARW,RIVNOTN,9969.447119136248,828.0,straight_line,5
fb3bf4f3d5,141,0,5,RIVNOTN,DALDUBN,8464.918987897347,720.0,straight_line,5
fb3bf4f3d5,141,0,6,DALDUBN,COLUMBN,5901.839804012259,780.0,straight_line,5
44b877152e,141,1,0,COLUMBN,DALDUBN,5901.839804012259,600.0,straight_line,5
44b877152e,141,1,1,DALDUBN,RIVNOTS,8464.428133392114,780.0,straight_line,5
44b877152e,141,1,2,RIVNOTS,LONHIGE,10273.178495005805,1054.0,straight_line,5
44b877152e,141,1,3,LONHIGE,3RDGAYS,268.6448578498834,33.0,straight_line,5
44b877152e,141,1,4,3RDGAYS,3RDBROS1,245.9780345774098,22.0,straight_line,5
44b877152e,141,1,5,3RDBROS1,STAHIGW,226.09662363448282,31.0,straight_line,5
