stop_id,stop_name,lon,lat,n_routes,routes,n_patterns,n_directions,daily_trips,n_periods,periods,is_terminal,terminal_of,is_transfer_point,prev_spacing_m,next_spacing_m,n_walk_neighbours,nearest_stop_id,nearest_walk_min,n_zones_in_catchment,catchment_flow,unique_flow,zone_overlap_with_nearest,flow_overlap_with_nearest,distance_basis,protected
MAIHIGE,E MAIN ST & S HIGH ST,-82.998467,39.956175,11,002+003+006+007+008+011+051+052+061+101+102,16,2,462,6,am_peak+early+evening+midday+owl+pm_peak,False,,True,204.70000000000078,326.5999999999991,14,SOUTER9,0.5616193235610955,0,0.0,0.0,0.0,0.0,shape_dist_traveled,transfer point (11 routes); catchment not reconstructable
WESHIGW,WESTVIEW TURNAROUND,-83.019601,40.069979,4,002+011+033+034,12,2,420,6,am_peak+early+evening+midday+owl+pm_peak,True,002+011+033+034,True,249.89999999999668,157.9,9,HIGKANN,1.495788999225916,1,27.684270351675174,0.0,0.0,0.0,shape_dist_traveled,terminal; transfer point (4 routes)
STELSAMS,STELZER RD AT SAMS CLUB,-82.910445,40.059546,10,007+009+023+024+025+031+032+034+035+044,11,2,419,6,am_peak+early+evening+midday+owl+pm_peak,False,,True,549.7999999999994,302.5,12,STE418N,0.3325006684617515,0,0.0,0.0,0.0,0.0,shape_dist_traveled,transfer point (10 routes); catchment not reconstructable
STE418N,4180 STELZER RD,-82.910153,40.05963,10,007+009+023+024+025+031+032+034+035+044,12,2,418,6,am_peak+early+evening+midday+owl+pm_peak,False,,True,137.2999999999962,301.1999999999979,12,STELSAMS,0.3325006684617515,0,0.0,0.0,0.0,0.0,shape_dist_traveled,transfer point (10 routes); catchment not reconstructable
STEMORN1,STELZER RD & MORSE RD,-82.910245,40.058409,10,007+009+023+024+025+031+032+034+035+044,12,2,418,6,am_peak+early+evening+midday+owl+pm_peak,False,,True,368.5999999999972,137.2999999999962,12,STELSAMS,1.5923292684698505,0,0.0,0.0,0.0,0.0,shape_dist_traveled,transfer point (10 routes); catchment not reconstructable
EMO4THW,E MOUND ST & S 4TH ST,-82.994144,39.955465,5,002+007+051+101+102,14,2,405,6,am_peak+early+evening+midday+owl+pm_peak,True,007+101,True,54.6,165.8,12,MAI4THE,1.6677095149978194,1,14.755575568151754,0.0,0.0,0.0,shape_dist_traveled,terminal; transfer point (5 routes)
LONHIGE,W LONG ST & N HIGH ST,-83.001482,39.964821,13,003+004+006+007+008+009+011+012+071+072+073+074+141,19,2,378,6,am_peak+early+evening+midday+owl+pm_peak,False,,True,174.59999999999985,369.70000000000005,13,HIGLONS,0.4877499197952363,0,0.0,0.0,0.0,0.0,shape_dist_traveled,transfer point (13 routes); catchment not reconstructable
HIGLONS,N HIGH ST & W LONG ST,-83.001318,39.965149,12,001+002+005+012+041+042+043+044+045+046+101+102,18,2,348,6,am_peak+early+evening+midday+owl+pm_peak,False,,True,346.4999999999989,265.59999999999917,14,LONHIGE,0.4877499197952363,0,0.0,0.0,0.0,0.0,shape_dist_traveled,transfer point (12 routes); catchment not reconstructable
HIGBROS,N HIGH ST & W BROAD ST,-83.000898,39.962784,12,001+002+005+012+041+042+043+044+045+046+101+102,18,2,348,6,am_peak+early+evening+midday+owl+pm_peak,False,,True,265.59999999999917,284.6999999999973,13,BROHIGE1,1.1024029160382816,0,0.0,0.0,0.0,0.0,shape_dist_traveled,transfer point (12 routes); catchment not reconstructable
HIGLONN2,N HIGH ST & E LONG ST,-83.000956,39.964416,13,001+002+005+010+041+042+043+044+045+046+101+102+141,22,2,326,6,am_peak+early+evening+midday+owl+pm_peak,False,,True,308.09999999999957,319.20000000000005,13,LONHIGE,0.7946595909163194,0,0.0,0.0,0.0,0.0,shape_dist_traveled,transfer point (13 routes); catchment not reconstructable
SPR4THW,E SPRING ST & N 4TH ST,-82.997738,39.966769,20,003+006+007+008+009+011+041+042+043+044+045+046+051+052+061+071+072+073+074+075,26,2,314,6,am_peak+early+evening+midday+owl+pm_peak,False,,True,263.5000000000005,291.8999999999983,12,4THSPRN,0.9697091969660739,0,0.0,0.0,0.0,0.0,shape_dist_traveled,transfer point (20 routes); catchment not reconstructable
HIGBRONN,S HIGH ST & E BROAD ST,-83.000405,39.961674,12,001+002+005+041+042+043+044+045+046+101+102+141,18,2,312,6,am_peak+early+evening+midday+owl+pm_peak,False,,True,210.99999999999852,308.09999999999957,13,BROHIGE1,0.755600440083664,0,0.0,0.0,0.0,0.0,shape_dist_traveled,transfer point (12 routes); catchment not reconstructable
HIGSTAS,S HIGH ST & W STATE ST,-83.000377,39.960277,11,001+002+005+041+042+043+044+045+046+101+102,17,2,307,6,am_peak+early+evening+midday+owl+pm_peak,False,,True,284.6999999999973,247.09999999999965,13,HIGSTANN,0.7356035278378192,0,0.0,0.0,0.0,0.0,shape_dist_traveled,transfer point (11 routes); catchment not reconstructable
HIGTOWS,S HIGH ST & W TOWN ST,-82.999949,39.958087,11,001+002+005+041+042+043+044+045+046+101+102,17,2,307,6,am_peak+early+evening+midday+owl+pm_peak,False,,True,247.09999999999965,285.80000000000183,14,HIGRICN,1.1490307880758353,1,251.4303233716012,0.0,1.0,1.0,shape_dist_traveled,transfer point (11 routes)
MOUHIGW1,E MOUND ST & S HIGH ST,-82.998932,39.954907,6,001+002+008+051+101+102,9,2,301,6,am_peak+early+evening+midday+owl+pm_peak,False,,True,244.1999999999993,267.50000000000006,12,HIGMOUN,0.4199504103467751,0,0.0,0.0,0.0,0.0,shape_dist_traveled,transfer point (6 routes); catchment not reconstructable
HIGNATS,N HIGH ST & W NATIONWIDE BLVD,-83.001929,39.968203,6,001+002+005+075+101+102,10,2,299,6,am_peak+early+evening+midday+owl+pm_peak,False,,True,223.29999999999828,346.4999999999989,12,HIGNATN,0.274904904011692,0,0.0,0.0,0.0,0.0,shape_dist_traveled,transfer point (6 routes); catchment not reconstructable
HIGNATN,N HIGH ST & E NATIONWIDE BLVD,-83.001678,39.968247,5,001+002+005+101+102,9,2,298,6,am_peak+early+evening+midday+owl+pm_peak,False,,True,434.1999999999988,182.90000000000006,13,HIGNATS,0.274904904011692,0,0.0,0.0,0.0,0.0,shape_dist_traveled,transfer point (5 routes); catchment not reconstructable
HIGRICN,S HIGH ST & E RICH ST,-82.999592,39.957306,5,001+002+005+101+102,9,2,298,6,am_peak+early+evening+midday+owl+pm_peak,False,,True,242.90000000000234,284.29999999999825,13,SOUTER4,0.5886242700883986,1,251.4303233716012,0.0,1.0,1.0,shape_dist_traveled,transfer point (5 routes)
EASHAMN,EASTLAND NB LOT & S HAMILTON RD,-82.880701,39.918508,3,005+023+024,8,2,296,6,am_peak+early+evening+midday+owl+pm_peak,True,023,True,495.7999999999956,359.59999999999997,3,HAMREFN,3.4765144486363666,0,0.0,0.0,0.0,0.0,shape_dist_traveled,terminal; transfer point (3 routes); catchment not reconstructable
HIGCHIS,N HIGH ST & CHITTENDEN AVE,-83.007426,39.995886,5,001+002+008+022+102,8,2,294,6,am_peak+early+evening+midday+owl+pm_peak,False,,True,237.8,221.69999999999845,11,HIGCHIN,0.632299677843017,3,3.6596169563868353,0.0,0.75,0.8223684210526317,shape_dist_traveled,transfer point (5 routes)
STEMORS1,STELZER RD & MORSE RD,-82.910674,40.056867,6,007+009+023+031+032+034,6,2,263,6,am_peak+early+evening+midday+owl+pm_peak,False,,True,302.5,328.2999999999996,7,MORSTEW1,1.6666884641498587,0,0.0,0.0,0.0,0.0,shape_dist_traveled,transfer point (6 routes); catchment not reconstructable
EASEASPE,EASTON WAY & EASTON SQUARE PL,-82.915598,40.047968,6,007+009+023+031+032+034,7,2,263,6,am_peak+early+evening+midday+owl+pm_peak,False,,True,295.19999999999766,236.2000000000002,5,EASEASPW,0.6989338451809379,0,0.0,0.0,0.0,0.0,shape_dist_traveled,transfer point (6 routes); catchment not reconstructable
EASCHAE,EASTON WAY & CHAGRIN DR,-82.912797,40.047889,6,007+009+023+031+032+034,7,2,263,6,am_peak+early+evening+midday+owl+pm_peak,False,,True,236.2000000000002,791.1000000000001,3,EASEASW,1.801125394721862,0,0.0,0.0,0.0,0.0,shape_dist_traveled,transfer point (6 routes); catchment not reconstructable
EASEASW,EASTON WAY & EASTON LOOP E,-82.911197,40.048304,6,007+009+023+031+032+034,6,2,263,6,am_peak+early+evening+midday+owl+pm_peak,False,,True,673.6,416.5000000000001,2,EASCHAE,1.801125394721862,0,0.0,0.0,0.0,0.0,shape_dist_traveled,transfer point (6 routes); catchment not reconstructable
STEWORN,STELZER RD & WORTH AVE,-82.909875,40.055218,6,007+009+023+031+032+034,7,2,263,6,am_peak+early+evening+midday+owl+pm_peak,False,,True,355.3999999999995,368.5999999999972,6,STEWORS,1.6001765919502513,0,0.0,0.0,0.0,0.0,shape_dist_traveled,transfer point (6 routes); catchment not reconstructable
STECOLN,STELZER RD & COLLIERY AVE,-82.908778,40.052176,6,007+009+023+031+032+034,7,2,263,6,am_peak+early+evening+midday+owl+pm_peak,False,,True,791.1000000000001,355.3999999999995,3,STEALSS,0.7792210064799678,0,0.0,0.0,0.0,0.0,shape_dist_traveled,transfer point (6 routes); catchment not reconstructable
EASEASPW,EASTON WAY & EASTON SQUARE PL,-82.916104,40.048288,6,007+009+023+031+032+034,6,2,263,6,am_peak+early+evening+midday+owl+pm_peak,False,,True,416.5000000000001,409.9999999999997,6,EASEASPE,0.6989338451809379,0,0.0,0.0,0.0,0.0,shape_dist_traveled,transfer point (6 routes); catchment not reconstructable
EASMORE,EASTON WAY & MORSE CROSSING,-82.919053,40.048389,6,007+009+023+031+032+034,7,2,263,6,am_peak+early+evening+midday+owl+pm_peak,False,,True,341.7999999999992,295.19999999999766,9,MOREASS,1.3443985897662754,0,0.0,0.0,0.0,0.0,shape_dist_traveled,transfer point (6 routes); catchment not reconstructable
STEALSS,STELZER RD & ALSTON ST,-82.909066,40.052692,6,007+009+023+031+032+034,6,2,263,6,am_peak+early+evening+midday+owl+pm_peak,False,,True,164.60000000000008,673.6,3,STECOLN,0.7792210064799678,0,0.0,0.0,0.0,0.0,shape_dist_traveled,transfer point (6 routes); catchment not reconstructable
STEWORS,STELZER RD & WORTH AVE,-82.909493,40.054103,6,007+009+023+031+032+034,6,2,263,6,am_peak+early+evening+midday+owl+pm_peak,False,,True,328.2999999999996,164.60000000000008,4,STEWORN,1.6001765919502513,0,0.0,0.0,0.0,0.0,shape_dist_traveled,transfer point (6 routes); catchment not reconstructable
HIGFITN,N HIGH ST & FITZ HENRY BLVD,-83.019176,40.066354,5,002+011+033+034+102,7,2,248,6,am_peak+early+evening+midday+owl+pm_peak,False,,True,337.4999999999986,251.19999999999897,6,HIGFENS,1.8633265966342418,2,40.39046042425029,0.0,0.5,0.5765853658536585,shape_dist_traveled,transfer point (5 routes)
HIGMORN,N HIGH ST & MORSE RD,-83.019328,40.063342,5,002+011+033+034+102,7,2,248,6,am_peak+early+evening+midday+owl+pm_peak,False,,True,278.1999999999982,337.4999999999986,7,HIGMORS,0.8132455555263339,1,12.706190072575115,0.0,0.0,0.0,shape_dist_traveled,transfer point (5 routes)
HIG522N,5220 N HIGH ST,-83.019059,40.068598,5,002+011+033+034+102,7,2,248,6,am_peak+early+evening+midday+owl+pm_peak,False,,True,251.19999999999897,259.70000000000226,6,HIG521S,0.5033564349424504,1,27.684270351675174,0.0,1.0,1.0,shape_dist_traveled,transfer point (5 routes)
HIGFENS,N HIGH ST & FENWAY RD,-83.019303,40.067693,5,002+011+033+034+102,7,2,246,6,am_peak+early+evening+midday+owl+pm_peak,False,,True,140.10000000000034,338.3,6,HIG522N,1.2827147830869507,1,27.684270351675174,0.0,1.0,1.0,shape_dist_traveled,transfer point (5 routes)
HIGGRA2S,N HIGH ST & GRACELAND BLVD 2,-83.019455,40.064664,5,002+011+033+034+102,7,2,246,6,am_peak+early+evening+midday+owl+pm_peak,False,,True,338.3,210.39999999999992,7,HIGMORN,1.8397951300972608,1,12.706190072575115,0.0,1.0,1.0,shape_dist_traveled,transfer point (5 routes)
HIG521S,5211 N HIGH ST,-83.019249,40.06893,5,002+011+033+034+102,7,2,246,6,am_peak+early+evening+midday+owl+pm_peak,False,,True,157.9,140.10000000000034,6,HIG522N,0.5033564349424504,1,27.684270351675174,0.0,1.0,1.0,shape_dist_traveled,transfer point (5 routes)
MOUHIGW3,W MOUND ST & S HIGH ST,-82.999541,39.954822,6,003+004+006+007+011+061,10,2,233,6,am_peak+early+evening+midday+owl+pm_peak,False,,True,296.90000000000083,210.19999999999862,12,MOUHIGW1,0.6610727997633206,0,0.0,0.0,0.0,0.0,shape_dist_traveled,transfer point (6 routes); catchment not reconstructable
FROMOUN,S FRONT ST & W MOUND ST,-83.000994,39.955359,6,003+004+006+007+011+061,10,2,233,6,am_peak+early+evening+midday+owl+pm_peak,False,,True,210.19999999999862,131.49999999999994,12,MAILUDW,1.3220520928748156,0,0.0,0.0,0.0,0.0,shape_dist_traveled,transfer point (6 routes); catchment not reconstructable
HIGSTANN,S HIGH ST & E STATE ST,-83.000011,39.959828,10,001+002+005+041+042+043+044+045+046+102,15,2,233,6,am_peak+early+evening+midday+owl+pm_peak,False,,True,284.29999999999825,210.99999999999852,12,HIGSTAS,0.7356035278378192,0,0.0,0.0,0.0,0.0,shape_dist_traveled,transfer point (10 routes); catchment not reconstructable
HIGMAIS2,S HIGH ST & W MAIN ST,-82.999488,39.955568,6,001+004+005+008+051+052,9,2,231,6,am_peak+early+evening+midday+owl+pm_peak,False,,True,285.80000000000183,161.10000000000002,13,HIGMOUN,0.6752994639452641,0,0.0,0.0,0.0,0.0,shape_dist_traveled,transfer point (6 routes); catchment not reconstructable
MEIHAM2S,MEIJER HAMILTON RD & CHESTNUT HILL,-82.862242,40.059547,2,024+034,4,2,230,6,am_peak+early+evening+midday+owl+pm_peak,True,034,True,172.79999999999873,366.8,3,HAMMEIN,1.2635033259103454,1,52.932699657179256,0.0,1.0,1.0,shape_dist_traveled,terminal; transfer point (2 routes)
HIGWOON,N HIGH ST & W WOODRUFF AVE,-83.008638,40.003558,4,001+002+031+102,6,2,226,6,am_peak+early+evening+midday+owl+pm_peak,False,,True,445.9,317.2999999999995,5,HIG18TS,0.9293575002440478,4,469.5434939722568,0.0,0.6,0.014067849361967,shape_dist_traveled,transfer point (4 routes)
HIG18TS,N HIGH ST & W 18TH AVE,-83.008715,40.002891,4,001+002+031+102,6,2,225,6,am_peak+early+evening+midday+owl+pm_peak,False,,True,311.3999999999999,305.4999999999985,6,HIGWOON,0.9293575002440478,4,7.407064719726955,0.0,0.6,0.014067849361967,shape_dist_traveled,transfer point (4 routes)
HIGSPRUN,N HIGH ST & SPRUCE ST,-83.002575,39.972739,4,001+002+005+102,7,2,224,6,am_peak+early+evening+midday+owl+pm_peak,False,,True,326.29999999999984,347.999999999999,7,HIGSWANS,0.5678025058715694,0,0.0,0.0,0.0,0.0,shape_dist_traveled,transfer point (4 routes); catchment not reconstructable
HIGSWANS,N HIGH ST & SWAN ST,-83.002846,39.973091,4,001+002+005+102,7,2,223,6,am_peak+early+evening+midday+owl+pm_peak,False,,True,239.90000000000043,329.20000000000016,7,HIGSPRUN,0.5678025058715694,1,45.34997332354556,0.0,0.0,0.0,shape_dist_traveled,transfer point (4 routes)
4THTOWN,S 4TH ST & E TOWN ST,-82.995424,39.958965,12,003+006+008+011+051+052+061+071+072+073+074+075,15,2,217,6,am_peak+early+evening+midday+owl+pm_peak,False,,True,553.0999999999988,337.4999999999986,12,RIC5THW,1.9387376786476556,0,0.0,0.0,0.0,0.0,shape_dist_traveled,transfer point (12 routes); catchment not reconstructable
NMURBEAN,N MURRAY HILL RD & BEACON HILL RD,-83.129376,39.955218,3,005+006+021,6,2,208,6,am_peak+early+evening+midday+owl+pm_peak,True,005+006+021,True,473.7999999999971,1735.6000000000001,2,BROMURW,4.2657166595747755,4,95.47794254535,52.23005320155291,0.4,0.6386344712739386,shape_dist_traveled,terminal; only access for 52 daily trips; transfer point (3 routes)
3RDBROS1,S 3RD ST & E BROAD ST,-82.997987,39.962074,12,003+006+008+051+052+061+071+072+073+074+075+141,14,2,204,6,am_peak+early+evening+midday+owl+pm_peak,False,,True,246.1999999999982,332.00000000000074,12,BRO3RDE,0.7487426825597889,0,0.0,0.0,0.0,0.0,shape_dist_traveled,transfer point (12 routes); catchment not reconstructable
3RDGAYS,N 3RD ST & E GAY ST,-82.998422,39.964264,12,003+006+008+051+052+061+071+072+073+074+075+141,14,2,204,6,am_peak+early+evening+midday+owl+pm_peak,False,,True,369.70000000000005,246.1999999999982,12,LON4THE,2.1051189231129794,0,0.0,0.0,0.0,0.0,shape_dist_traveled,transfer point (12 routes); catchment not reconstructable
3RDTOWS,S 3RD ST & E TOWN ST,-82.997331,39.958666,11,003+006+008+051+052+061+071+072+073+074+075,13,2,199,6,am_peak+early+evening+midday+owl+pm_peak,False,,True,385.7999999999997,321.2999999999999,13,4THTOWN,2.0785573271394004,0,0.0,0.0,0.0,0.0,shape_dist_traveled,transfer point (11 routes); catchment not reconstructable
4THATHN,N 4TH ST & E GAY ST,-82.996336,39.963808,11,003+006+008+051+052+061+071+072+073+074+075,14,2,198,6,am_peak+early+evening+midday+owl+pm_peak,False,,True,209.79999999999956,399.0999999999971,12,BRO4THW,1.3731267584681333,0,0.0,0.0,0.0,0.0,shape_dist_traveled,transfer point (11 routes); catchment not reconstructable
4THCAPN,S 4TH ST & E CAPITAL ST,-82.995987,39.961951,11,003+006+008+051+052+061+071+072+073+074+075,14,2,198,6,am_peak+early+evening+midday+owl+pm_peak,False,,True,337.4999999999986,209.79999999999956,12,BRO4THE,0.9858851082492779,0,0.0,0.0,0.0,0.0,shape_dist_traveled,transfer point (11 routes); catchment not reconstructable
HIG15TS,N HIGH ST & E 15TH AVE,-83.008171,40.000199,3,001+002+031,5,1,189,6,am_peak+early+evening+midday+owl+pm_peak,False,,True,305.4999999999985,237.49999999999983,7,HIG15TN,0.8651050610064566,2,3.9231093772466874,0.0,0.6666666666666666,0.7836257309941522,shape_dist_traveled,transfer point (3 routes)
HIG13TS,N HIGH ST & E 13TH AVE,-83.007766,39.998097,3,001+002+031,5,1,189,6,am_peak+early+evening+midday+owl+pm_peak,False,,True,237.49999999999983,236.80000000000234,8,HIG13TN,0.5930678473203327,4,5.679725516312368,0.0,0.6,0.37662337662337664,shape_dist_traveled,transfer point (3 routes)
HIGLANS,N HIGH ST & W LANE AVE,-83.009257,40.005642,3,001+002+031,5,1,189,6,am_peak+early+evening+midday+owl+pm_peak,False,,True,240.2999999999995,311.3999999999999,6,HIGLANN,0.9938271638213557,6,473.1445570573414,0.0,0.8571428571428571,0.9964239472223936,shape_dist_traveled,transfer point (3 routes)
HIG15TN,N HIGH ST & E 15TH AVE,-83.007855,39.999625,3,001+002+031,5,1,188,6,am_peak+early+evening+midday+owl+pm_peak,False,,True,215.29999999999916,445.9,7,HIG15TS,0.8651050610064566,3,5.006355996337191,0.0,0.6666666666666666,0.7836257309941522,shape_dist_traveled,transfer point (3 routes)
HIGOHIS,N HIGH ST & OHIO CENTER WAY,-83.002319,39.970178,4,001+002+005+075,7,2,188,6,am_peak+early+evening+midday+owl+pm_peak,False,,True,329.20000000000016,223.29999999999828,10,HIGOHIN,0.5494757012109421,0,0.0,0.0,0.0,0.0,shape_dist_traveled,transfer point (4 routes); catchment not reconstructable
HIG13TN,N HIGH ST & E 13TH AVE,-83.007502,39.997721,3,001+002+031,5,1,188,6,am_peak+early+evening+midday+owl+pm_peak,False,,True,160.79999999999828,215.29999999999916,9,HIG13TS,0.5930678473203327,4,3.6303400207357406,0.0,0.6,0.37662337662337664,shape_dist_traveled,transfer point (3 routes)
HIG4THS,N HIGH ST & W 4TH AVE,-83.005178,39.984884,3,001+002+005,6,2,187,6,am_peak+early+evening+midday+owl+pm_peak,False,,True,209.39999999999958,326.40000000000134,10,HIG2NDN,2.1599191304011183,1,15.224006538569263,0.0,0.5,0.3303684879288439,shape_dist_traveled,transfer point (3 routes)
NHIW2S,N HIGH ST & W 2ND AVE,-83.004613,39.981998,3,001+002+005,6,2,187,6,am_peak+early+evening+midday+owl+pm_peak,False,,True,326.40000000000134,405.1999999999989,5,NHI1STN,1.8688125791398336,3,91.43187003836866,0.0,0.75,0.7598540145985399,shape_dist_traveled,transfer point (3 routes)
HIGHUBS,N HIGH ST & W HUBBARD AVE,-83.003898,39.978411,3,001+002+005,6,2,187,6,am_peak+early+evening+midday+owl+pm_peak,False,,True,405.1999999999989,365.199999999998,5,NHIGWARN,0.8651043165896111,3,91.43187003836866,0.0,1.0,1.0,shape_dist_traveled,transfer point (3 routes)
HIGRUSS,N HIGH ST & W RUSSELL ST,-83.003257,39.975188,3,001+002+005,6,2,187,6,am_peak+early+evening+midday+owl+pm_peak,False,,True,365.199999999998,239.90000000000043,5,HIGRUSN,0.8764443674320608,1,45.34997332354556,0.0,1.0,1.0,shape_dist_traveled,transfer point (3 routes)
HIG5THN,N HIGH ST & E 5TH AVE,-83.005538,39.98771,3,001+002+102,5,2,187,6,am_peak+early+evening+midday+owl+pm_peak,False,,True,490.6000000000006,166.29999999999967,12,5THHIGHW,0.8502055648095782,3,22.13336335222761,0.0,0.6666666666666666,0.9060846560846564,shape_dist_traveled,transfer point (3 routes)
HIGCHIN,N HIGH ST & CHITTENDEN AVE,-83.007206,39.996309,3,001+002+102,5,2,187,6,am_peak+early+evening+midday+owl+pm_peak,False,,True,346.899999999998,160.79999999999828,11,HIGCHIS,0.632299677843017,4,4.450094218966392,0.0,0.75,0.8223684210526317,shape_dist_traveled,transfer point (3 routes)
HIGOHIN,N HIGH ST & OHIO CENTER WAY,-83.002009,39.969862,3,001+002+005,6,2,186,6,am_peak+early+evening+midday+owl+pm_peak,False,,True,182.90000000000006,326.29999999999984,11,HIGOHIS,0.5494757012109421,0,0.0,0.0,0.0,0.0,shape_dist_traveled,transfer point (3 routes); catchment not reconstructable
HIGRUSN,N HIGH ST & E RUSSELL ST,-83.003184,39.975817,3,001+002+005,6,2,186,6,am_peak+early+evening+midday+owl+pm_peak,False,,True,347.999999999999,229.39999999999827,5,HIGRUSS,0.8764443674320608,1,45.34997332354556,0.0,1.0,1.0,shape_dist_traveled,transfer point (3 routes)
HIG5THS,N HIGH ST & W 5TH AVE,-83.005542,39.986727,3,001+002+102,5,2,186,6,am_peak+early+evening+midday+owl+pm_peak,False,,True,251.59999999999982,209.39999999999958,10,5THHIGHE,0.5107065748221518,2,20.054700920999892,0.0,1.0,1.0,shape_dist_traveled,transfer point (3 routes)
HIG2NDN,N HIGH ST & E 2ND AVE,-83.004678,39.983376,3,001+002+005,6,2,186,6,am_peak+early+evening+midday+owl+pm_peak,False,,True,303.2000000000004,462.80000000000143,6,NHIW2S,1.9137492918031662,2,46.081896714823095,0.0,0.6666666666666666,0.5040025616394501,shape_dist_traveled,transfer point (3 routes)
NHI1STN,N HIGH ST & E 1ST AVE,-83.004138,39.980702,3,001+002+005,6,2,186,6,am_peak+early+evening+midday+owl+pm_peak,False,,True,323.90000000000185,303.2000000000004,7,NHIW2S,1.8688125791398336,4,120.32820552599914,0.0,0.75,0.7598540145985399,shape_dist_traveled,transfer point (3 routes)
NHIGWARN,N HIGH ST & WARREN ST,-83.003553,39.977847,3,001+002+005,6,2,186,6,am_peak+early+evening+midday+owl+pm_peak,False,,True,229.39999999999827,323.90000000000185,5,HIGHUBS,0.8651043165896111,3,91.43187003836866,0.0,1.0,1.0,shape_dist_traveled,transfer point (3 routes)
FROGAYN,N FRONT ST & W GAY ST,-83.002651,39.963815,5,004+007+009+011+012,9,2,185,6,am_peak+early+evening+midday+owl+pm_peak,False,,True,559.5999999999997,234.49999999999704,13,FROLONS,1.6368676798998287,0,0.0,0.0,0.0,0.0,shape_dist_traveled,transfer point (5 routes); catchment not reconstructable
EMOS3RDW,E MOUND ST & S 3RD ST,-82.996085,39.955248,4,001+004+008+102,6,2,184,6,am_peak+early+evening+midday+owl+pm_peak,False,,True,165.8,244.1999999999993,12,3RDMAIS,1.1070381873179471,0,0.0,0.0,0.0,0.0,shape_dist_traveled,transfer point (4 routes); catchment not reconstructable
WESRIDW,WESTWOODS PARK AND RIDE,-83.147391,39.950698,2,009+010,10,2,181,6,am_peak+early+evening+midday+owl+pm_peak,True,009+010,True,650.7000000000005,296.70000000000005,5,WESWPRS,0.7724220741206811,0,0.0,0.0,0.0,0.0,shape_dist_traveled,terminal; transfer point (2 routes); catchment not reconstructable
BOASHAN,BOARDWALK ST & SHAPTER AVE,-82.991793,40.088748,2,008+035,6,2,180,6,am_peak+early+evening+midday+owl+pm_peak,True,008+035,True,971.7000000000055,1515.7,1,BOASHAS,0.97695671106793,2,899.1532477164171,875.9659146807502,0.5,0.050279329608938696,shape_dist_traveled,terminal; only access for 876 daily trips; transfer point (2 routes)
MAI4THE,E MAIN ST & S 4TH ST,-82.994653,39.956601,3,002+007+102,5,2,180,6,am_peak+early+evening+midday+owl+pm_peak,False,,True,326.5999999999991,196.29999999999905,12,EMO4THW,1.6677095149978194,1,35.57147681608005,0.0,0.0,0.0,shape_dist_traveled,transfer point (3 routes)
BROWESTE,W BROAD ST & WESTLAND MALL,-83.11477,39.952754,4,005+006+010+021,7,2,176,6,am_peak+early+evening+midday+owl+pm_peak,False,,True,783.7,455.89999999999975,3,BRO425W,0.49407587974564293,0,0.0,0.0,0.0,0.0,shape_dist_traveled,transfer point (4 routes); catchment not reconstructable
BRO4158W,4158 W BROAD ST,-83.112013,39.953219,4,005+006+010+021,7,2,175,6,am_peak+early+evening+midday+owl+pm_peak,False,,True,205.39999999999736,255.49999999999784,5,GEOBROS,2.459576078543528,0,0.0,0.0,0.0,0.0,shape_dist_traveled,transfer point (4 routes); catchment not reconstructable
BROMURW,W BROAD ST & N MURRAY HILL RD,-83.127619,39.952458,4,005+006+010+021,7,2,175,6,am_peak+early+evening+midday+owl+pm_peak,False,,True,286.6999999999997,473.7999999999971,4,BRO476E,0.3992480186194682,3,55.602756188559056,0.0,0.6666666666666666,0.3609406952965232,shape_dist_traveled,transfer point (4 routes)
BRO425W,4250 W BROAD ST,-83.115025,39.953051,4,005+006+010+021,7,2,175,6,am_peak+early+evening+midday+owl+pm_peak,False,,True,255.49999999999784,781.6000000000009,2,BROWESTE,0.49407587974564293,0,0.0,0.0,0.0,0.0,shape_dist_traveled,transfer point (4 routes); catchment not reconstructable
BROOLDW,W BROAD ST & OLD VILLAGE RD,-83.124237,39.95262,4,005+006+010+021,7,2,175,6,am_peak+early+evening+midday+owl+pm_peak,False,,True,781.6000000000009,286.6999999999997,3,BROOLDE,0.4634624682658317,2,19.00658662469067,0.0,1.0,1.0,shape_dist_traveled,transfer point (4 routes)
REYRIDSW,REYNOLDSBURG PARK & RIDE,-82.82751,39.939288,2,001+051,6,2,159,6,am_peak+early+evening+midday+owl+pm_peak,True,001+051,True,308.6999999999982,223.5,6,EASOFFW,1.8481758115744338,1,11.28918638706211,0.0,1.0,1.0,shape_dist_traveled,terminal; transfer point (2 routes)
PICBETS,PICKFORDE DR & BETHEL RD,-83.086591,40.065877,4,001+021+033+072,7,2,155,6,am_peak+early+evening+midday+owl+pm_peak,True,001+021,True,597.299999999997,336.39999999999935,4,PICGARN,0.8065649379755744,3,17.976038489772147,0.0,0.6666666666666666,0.7508143322475572,shape_dist_traveled,terminal; transfer point (4 routes)
EFULSHIE,E FULTON ST & S HIGH ST,-82.998104,39.953495,4,001+004+008+051,5,2,155,6,am_peak+early+evening+midday+owl+pm_peak,False,,True,307.8000000000003,355.19999999999993,12,HIGMOUS,1.4618795034841265,1,42.597941372342795,0.0,1.0,1.0,shape_dist_traveled,transfer point (4 routes)
MOU5THW1,E MOUND ST & S 5TH ST,-82.992488,39.955665,3,002+051+102,5,2,154,6,am_peak+early+evening+midday+owl+pm_peak,True,102,True,304.09999999999826,54.6,12,MAI5THE,1.6751859480117965,2,50.327052384231806,0.0,0.5,0.7068062827225127,shape_dist_traveled,terminal; transfer point (3 routes)
EASTER2,EASTON TERMINAL BAY 2,-82.909141,40.060719,1,034,2,2,154,6,am_peak+early+evening+midday+owl+pm_peak,False,,False,301.1999999999997,549.7999999999994,12,EASTER1,0.0,0,0.0,0.0,0.0,0.0,shape_dist_traveled,catchment not reconstructable
HAMCHEN,N HAMILTON RD & CHESTNUT HILL DR,-82.863442,40.056198,2,024+034,3,2,153,6,am_peak+early+evening+midday+owl+pm_peak,False,,True,405.8000000000002,419.5999999999991,4,HAMBROS1,2.1051665829157313,0,0.0,0.0,0.0,0.0,shape_dist_traveled,transfer point (2 routes); catchment not reconstructable
RAIBALS,RAIL ST AND BALDWIN DR,-83.023818,39.9755,2,022+031,4,2,153,6,am_peak+early+evening+midday+owl+pm_peak,True,022+031,True,1020.900000000001,188.70000000000002,4,GOOYARW,1.7837274591096666,0,0.0,0.0,0.0,0.0,shape_dist_traveled,terminal; transfer point (2 routes); catchment not reconstructable
HAMMEIN,HAMILTON RD & MEIJERS ENTRANCE,-82.863312,40.059938,2,024+034,3,2,153,6,am_peak+early+evening+midday+owl+pm_peak,False,,True,419.5999999999991,172.79999999999873,2,MEIHAM2S,1.2635033259103454,1,52.932699657179256,0.0,1.0,1.0,shape_dist_traveled,transfer point (2 routes)
HAMBROS1,N HAMILTON RD & BROADVIEW RD,-82.863643,40.057707,2,024+034,3,2,153,6,am_peak+early+evening+midday+owl+pm_peak,False,,True,366.8,495.8999999999989,4,HAMCHEN,2.1051665829157313,0,0.0,0.0,0.0,0.0,shape_dist_traveled,transfer point (2 routes); catchment not reconstructable
HIGROYN1,N HIGH ST & E ROYAL FOREST BLVD,-83.019471,40.060868,3,002+033+102,5,2,152,6,am_peak+early+evening+midday+owl+pm_peak,False,,True,375.2999999999993,278.1999999999982,7,HIGJEFS,1.0489938310634708,2,12.852574750830566,0.0,1.0,1.0,shape_dist_traveled,transfer point (3 routes)
HIGHUDN,N HIGH ST & E HUDSON ST,-83.01119,40.014252,3,002+031+102,4,2,152,6,am_peak+early+evening+midday+owl+pm_peak,False,,True,297.7999999999987,262.2999999999997,7,HIGHUDS,0.278651783182745,3,9.485727150954677,0.0,1.0,1.0,shape_dist_traveled,transfer point (3 routes)
HIGSCHN,N HIGH ST & E SCHREYER PL,-83.019955,40.052422,3,002+033+102,5,2,152,6,am_peak+early+evening+midday+owl+pm_peak,False,,True,249.39999999999785,320.2999999999996,5,HIGHENS,1.1167240551134026,1,4.977079060686096,0.0,1.0,1.0,shape_dist_traveled,transfer point (3 routes)
FROLONS,N FRONT ST & W LONG ST,-83.00309,39.964945,5,004+007+009+010+011,7,2,152,6,am_peak+early+evening+midday+owl+pm_peak,False,,True,308.49999999999864,386.099999999999,12,FROLAFS,0.8012900816495805,1,457.4228426127038,0.0,1.0,1.0,shape_dist_traveled,transfer point (5 routes)
LIV4THE,E LIVINGSTON AVE & MACON ALY,-82.992956,39.952569,3,001+004+008,4,2,150,6,am_peak+early+evening+midday+owl+pm_peak,False,,True,538.999999999998,364.59999999999934,8,LIVMOHW,0.2505346914674581,1,14.755575568151754,0.0,1.0,1.0,shape_dist_traveled,transfer point (3 routes)
LIVGRANE,E LIVINGSTON AVE & S GRANT AVE,-82.988659,39.952372,3,001+004+008,4,2,150,6,am_peak+early+evening+midday+owl+pm_peak,False,,True,364.59999999999934,506.9999999999979,4,LIVGRANW,1.0353423926092848,2,24.563349011268485,0.0,0.5,0.6007151370679382,shape_dist_traveled,transfer point (3 routes)
NEILW10S,NEIL AVE & W 10TH AVE,-83.014624,39.994626,3,008+022+031,4,2,150,6,am_peak+early+evening+midday+owl+pm_peak,False,,True,327.30000000000103,264.10000000000264,7,NEI10TN,0.5702068734125698,2,1.4052929112525447,0.0,1.0,1.0,shape_dist_traveled,transfer point (3 routes)
12THIGW,W 12TH AVE & N HIGH ST,-83.008556,39.99694,3,008+022+031,4,2,150,6,am_peak+early+evening+midday+owl+pm_peak,False,,True,236.80000000000234,544.8999999999984,12,W12COLLE,0.5242868155882057,3,2.5470934016452373,0.0,0.5,0.6666666666666666,shape_dist_traveled,transfer point (3 routes)
LIVPARE,E LIVINGSTON AVE & PARSONS AVE,-82.982688,39.952108,3,001+004+008,4,2,150,6,am_peak+early+evening+midday+owl+pm_peak,False,,True,506.9999999999979,201.5999999999991,5,LIVPARW,0.6596176720515465,1,9.807773443116732,0.0,1.0,1.0,shape_dist_traveled,transfer point (3 routes)
HIGJEFS,N HIGH ST & E JEFFREY PL,-83.019629,40.061614,3,002+033+102,5,2,150,6,am_peak+early+evening+midday+owl+pm_peak,False,,True,134.1,323.40000000000003,7,HIGROYN1,1.0489938310634708,2,12.852574750830566,0.0,1.0,1.0,shape_dist_traveled,transfer point (3 routes)
HIGHENS,N HIGH ST & W HENDERSON RD,-83.020212,40.051642,3,002+033+102,5,2,150,6,am_peak+early+evening+midday+owl+pm_peak,False,,True,501.50000000000006,243.39999999999984,5,HIGSCHN,1.1167240551134026,1,4.977079060686096,0.0,1.0,1.0,shape_dist_traveled,transfer point (3 routes)
W11WORTW,W 11TH AVE & WORTHINGTON ST,-83.012029,39.995561,3,008+022+031,4,2,150,6,am_peak+early+evening+midday+owl+pm_peak,False,,True,544.8999999999984,327.30000000000103,7,W11WORTE,0.30938193978550993,4,3.513232278131362,0.0,0.8,0.7692307692307693,shape_dist_traveled,transfer point (3 routes)
HIGMORS,N HIGH ST & MORSE RD,-83.019598,40.062794,3,002+033+102,5,2,150,6,am_peak+early+evening+midday+owl+pm_peak,False,,True,210.39999999999992,134.1,7,HIGMORN,0.8132455555263339,1,6.909356813658345,0.0,0.0,0.0,shape_dist_traveled,transfer point (3 routes)
HIG10TS,N HIGH ST & W 10TH AVE,-83.006903,39.993701,2,001+002,4,1,150,6,am_peak+early+evening+midday+owl+pm_peak,False,,True,248.90000000000077,314.4999999999998,11,HIG9THN,0.7119494348327443,4,35.161599716964744,0.0,0.8,0.9441823899371072,shape_dist_traveled,transfer point (2 routes)
NHIGMCMS,N HIGH ST & MCMILLEN AVE,-83.006368,39.990928,2,001+002,4,1,150,6,am_peak+early+evening+midday+owl+pm_peak,False,,True,314.4999999999998,223.1999999999985,7,HIGEUCN,0.42940953754549244,3,4.362263412013108,0.0,0.75,0.12344656172328076,shape_dist_traveled,transfer point (2 routes)
HIGCLAS,N HIGH ST & CLARK PL,-83.005951,39.988958,2,001+002,4,1,150,6,am_peak+early+evening+midday+owl+pm_peak,False,,True,223.1999999999985,251.59999999999982,10,HIG6THN,0.3231322009023329,2,15.194729602918173,0.0,0.6666666666666666,0.9251336898395724,shape_dist_traveled,transfer point (2 routes)
HIGHUDS,N HIGH ST & W HUDSON ST,-83.011303,40.014071,3,002+031+102,4,2,150,6,am_peak+early+evening+midday+owl+pm_peak,False,,True,251.00000000000034,306.99999999999864,6,HIGHUDN,0.278651783182745,3,9.485727150954677,0.0,1.0,1.0,shape_dist_traveled,transfer point (3 routes)
MORTAMW,MORSE RD & TAMARACK BLVD,-82.971491,40.060476,2,008+034,3,2,150,6,am_peak+early+evening+midday+owl+pm_peak,False,,True,272.29999999999956,273.3999999999987,7,MORTAME,1.2624144431216693,2,16.687853321124017,0.0,1.0,1.0,shape_dist_traveled,transfer point (2 routes)
HIGEUCN,N HIGH ST & EUCLID AVE,-83.006221,39.991216,2,001+002,4,1,149,6,am_peak+early+evening+midday+owl+pm_peak,False,,True,232.19999999999885,228.79999999999967,9,NHIGMCMS,0.42940953754549244,4,35.3372613308713,0.0,0.75,0.12344656172328076,shape_dist_traveled,transfer point (2 routes)
HIG9THN,N HIGH ST & E 9TH AVE,-83.006595,39.993246,2,001+002,4,1,149,6,am_peak+early+evening+midday+owl+pm_peak,False,,True,228.79999999999967,346.899999999998,9,HIG10TS,0.7119494348327443,5,37.24026214819246,0.0,0.8,0.9441823899371072,shape_dist_traveled,transfer point (2 routes)
HIG6THN,N HIGH ST & E 6TH AVE,-83.005815,39.989166,2,001+002,4,1,149,6,am_peak+early+evening+midday+owl+pm_peak,False,,True,166.29999999999967,232.19999999999885,10,HIGCLAS,0.3231322009023329,3,16.42436090026415,0.0,0.6666666666666666,0.9251336898395724,shape_dist_traveled,transfer point (2 routes)
LIVCUNE,E LIVINGSTON AVE & CUNARD RD,-82.90189,39.946052,2,001+023,3,1,148,6,am_peak+early+evening+midday+owl+pm_peak,False,,True,353.9999999999992,464.2999999999979,4,LIVRANW,0.2509115762011113,2,9.339342472699204,0.0,1.0,1.0,shape_dist_traveled,transfer point (2 routes)
MORKARE1,MORSE RD & KARL RD,-82.9764,40.060366,2,008+034,3,2,148,6,am_peak+early+evening+midday+owl+pm_peak,False,,True,424.8000000000012,237.40000000000006,8,KARMORS,1.2802666512161882,0,0.0,0.0,0.0,0.0,shape_dist_traveled,transfer point (2 routes); catchment not reconstructable
CLE11TS,CLEVELAND AVE & E 11TH AVE,-82.981588,39.993932,2,008+101,4,2,148,6,am_peak+early+evening+midday+owl+pm_peak,False,,True,181.6999999999993,165.30000000000024,6,CLE11TN,0.7929768445424972,3,12.77310878263474,0.0,1.0,1.0,shape_dist_traveled,transfer point (2 routes)
CLE17TS,CLEVELAND AVE & E 17TH AVE,-82.976175,39.999785,2,008+101,4,2,148,6,am_peak+early+evening+midday+owl+pm_peak,False,,True,394.50000000000074,117.30000000000018,8,17TCLEW,0.879237512906332,2,4.537925025919676,0.0,0.6666666666666666,0.748792270531401,shape_dist_traveled,transfer point (2 routes)
LIVJAME,E LIVINGSTON AVE & S JAMES RD,-82.914753,39.946728,2,001+023,3,1,148,6,am_peak+early+evening+midday+owl+pm_peak,False,,True,246.59999999999906,390.10000000000036,5,LIVJAMW,0.34893314529278274,2,12.589082329970713,0.0,1.0,1.0,shape_dist_traveled,transfer point (2 routes)
LIVZETE,E LIVINGSTON AVE & ZETTLER RD,-82.91014,39.946509,2,001+023,3,1,148,6,am_peak+early+evening+midday+owl+pm_peak,False,,True,390.10000000000036,346.0000000000001,5,LIVHAMW1,1.8891322417817284,3,19.38133140102468,0.0,1.0,1.0,shape_dist_traveled,transfer point (2 routes)
LIVBARE,E LIVINGSTON AVE & BARNETT RD,-82.906055,39.946304,2,001+023,3,1,148,6,am_peak+early+evening+midday+owl+pm_peak,False,,True,346.0000000000001,353.9999999999992,4,LIVBARW,0.2198598474155454,2,12.237759102157577,0.0,1.0,1.0,shape_dist_traveled,transfer point (2 routes)
NEI10TN,NEIL AVE & W 10TH AVE,-83.014328,39.994284,3,008+022+031,4,2,147,6,am_peak+early+evening+midday+owl+pm_peak,False,,True,222.50000000000014,358.9000000000002,7,NEILW10S,0.5702068734125698,2,1.4052929112525447,0.0,1.0,1.0,shape_dist_traveled,transfer point (3 routes)
LIVHAMW1,E LIVINGSTON AVE & S HAMPTON RD,-82.911877,39.946765,2,001+023,3,1,147,6,am_peak+early+evening+midday+owl+pm_peak,False,,True,495.49999999999983,224.59999999999968,5,LIVZETE,1.8891322417817284,3,19.38133140102468,0.0,1.0,1.0,shape_dist_traveled,transfer point (2 routes)
LIVBARW,E LIVINGSTON AVE & BARNETT RD,-82.90604,39.946462,2,001+023,3,1,147,6,am_peak+early+evening+midday+owl+pm_peak,False,,True,346.89999999999975,495.49999999999983,4,LIVBARE,0.2198598474155454,2,12.237759102157577,0.0,1.0,1.0,shape_dist_traveled,transfer point (2 routes)
LIVRANW,E LIVINGSTON AVE & RAND AVE,-82.901949,39.946227,2,001+023,3,1,147,6,am_peak+early+evening+midday+owl+pm_peak,False,,True,359.09999999999974,346.89999999999975,4,LIVCUNE,0.2509115762011113,2,9.339342472699204,0.0,1.0,1.0,shape_dist_traveled,transfer point (2 routes)
LIVCOURW,E LIVINGSTON AVE & COURTRIGHT RD,-82.897727,39.946004,2,001+023,3,1,147,6,am_peak+early+evening+midday+owl+pm_peak,False,,True,238.6999999999997,359.09999999999974,7,LIVCOUE,1.441853575173031,4,18.29808478193418,0.0,0.75,0.74373795761079,shape_dist_traveled,transfer point (2 routes)
LIVJAMW,E LIVINGSTON AVE & S JAMES RD,-82.914521,39.946905,2,001+023,3,1,147,6,am_peak+early+evening+midday+owl+pm_peak,False,,True,224.59999999999968,277.5999999999996,5,LIVJAME,0.34893314529278274,2,12.589082329970713,0.0,1.0,1.0,shape_dist_traveled,transfer point (2 routes)
W11WORTE,W 11TH AVE & WORTHINGTON ST,-83.012218,39.995392,3,008+022+031,4,2,147,6,am_peak+early+evening+midday+owl+pm_peak,False,,True,358.9000000000002,516.8999999999996,7,W11WORTW,0.30938193978550993,5,4.56720196157077,0.0,0.8,0.7692307692307693,shape_dist_traveled,transfer point (3 routes)
W12COLLE,W 12TH AVE & COLLEGE RD S,-83.00903,39.996841,3,008+022+031,4,2,147,6,am_peak+early+evening+midday+owl+pm_peak,False,,True,516.8999999999996,231.39999999999895,12,12THIGW,0.5242868155882057,3,1.844446946018965,0.0,0.5,0.6666666666666666,shape_dist_traveled,transfer point (3 routes)
LIVGRANW,E LIVINGSTON AVE & S GRANT AVE,-82.989591,39.952577,3,001+004+008,5,2,146,6,am_peak+early+evening+midday+owl+pm_peak,False,,True,538.9999999999997,298.5000000000007,4,LIVGRANE,1.0353423926092848,1,14.755575568151754,0.0,0.5,0.6007151370679382,shape_dist_traveled,transfer point (3 routes)
LIVMOHW,E LIVINGSTON AVE & MOHAWK ST,-82.993116,39.952701,3,001+004+008,5,2,146,6,am_peak+early+evening+midday+owl+pm_peak,False,,True,298.5000000000007,494.5000000000004,8,LIV4THE,0.2505346914674581,1,14.755575568151754,0.0,1.0,1.0,shape_dist_traveled,transfer point (3 routes)
EASTER1,EASTON TERMINAL BAY 1,-82.909141,40.060719,1,023,2,2,146,6,am_peak+early+evening+midday+owl+pm_peak,True,023,False,301.20000000000147,549.8,12,EASTER2,0.0,0,0.0,0.0,0.0,0.0,shape_dist_traveled,terminal; catchment not reconstructable
LIVPARW,E LIVINGSTON AVE & PARSONS AVE,-82.983242,39.952318,3,001+004+008,5,2,146,6,am_peak+early+evening+midday+owl+pm_peak,False,,True,233.29999999999984,538.9999999999997,5,LIVPARE,0.6596176720515465,1,9.807773443116732,0.0,1.0,1.0,shape_dist_traveled,transfer point (3 routes)
FROBROS,S FRONT ST & W BROAD ST,-83.002434,39.961518,4,004+007+009+011,5,2,145,6,am_peak+early+evening+midday+owl+pm_peak,False,,True,386.099999999999,321.3999999999988,12,BROFROE,0.5483362445297759,0,0.0,0.0,0.0,0.0,shape_dist_traveled,transfer point (4 routes); catchment not reconstructable
SPRHIGW,E SPRING ST & N HIGH ST,-83.001161,39.966388,4,004+007+009+011,5,2,145,6,am_peak+early+evening+midday+owl+pm_peak,False,,True,291.8999999999983,308.49999999999864,12,NORTER1,1.4815987096610204,0,0.0,0.0,0.0,0.0,shape_dist_traveled,transfer point (4 routes); catchment not reconstructable
FROTOWS,S FRONT ST & W TOWN ST,-83.001862,39.958687,4,004+007+009+011,5,2,145,6,am_peak+early+evening+midday+owl+pm_peak,False,,True,321.3999999999988,372.49999999999875,12,FROTOWN,0.31601347476755137,0,0.0,0.0,0.0,0.0,shape_dist_traveled,transfer point (4 routes); catchment not reconstructable
GRERIDE,GREAT SOUTHERN PARK AND RIDE,-83.000895,39.885034,1,008,4,2,144,6,am_peak+early+evening+midday+owl+pm_peak,True,008,False,399.4,499.40000000000003,5,HIGBOBN,2.6822001808215923,0,0.0,0.0,0.0,0.0,shape_dist_traveled,terminal; catchment not reconstructable
FROTOWN,S FRONT ST & W TOWN ST,-83.001705,39.95888,4,004+007+009+011,8,2,144,6,am_peak+early+evening+midday+owl+pm_peak,False,,True,398.1999999999999,559.5999999999997,12,FROTOWS,0.31601347476755137,0,0.0,0.0,0.0,0.0,shape_dist_traveled,transfer point (4 routes); catchment not reconstructable
JAMALLS,N JAMES RD & ALLEGHENY AVE,-82.913206,39.979685,2,007+023,4,2,141,6,am_peak+early+evening+midday+owl+pm_peak,False,,True,692.9999999999997,213.89999999999887,6,STEJAMN,0.7655946921737737,0,0.0,0.0,0.0,0.0,shape_dist_traveled,transfer point (2 routes); catchment not reconstructable
STEJAMN,STELZER RD & N JAMES RD,-82.913087,39.980229,2,007+023,4,2,141,6,am_peak+early+evening+midday+owl+pm_peak,False,,True,280.7999999999993,736.699999999999,6,JAMALLS,0.7655946921737737,0,0.0,0.0,0.0,0.0,shape_dist_traveled,transfer point (2 routes); catchment not reconstructable
STE6THS,STELZER RD & E 6TH AVE,-82.914304,39.985822,2,007+023,4,2,141,6,am_peak+early+evening+midday+owl+pm_peak,False,,True,330.59999999999866,692.9999999999997,6,7THSTEE,0.8632382722787068,1,14.521360082942994,0.0,1.0,1.0,shape_dist_traveled,transfer point (2 routes)
JAMRUHS,N JAMES RD & RUHL AVE,-82.913127,39.977799,2,007+023,4,2,141,6,am_peak+early+evening+midday+owl+pm_peak,False,,True,213.89999999999887,88.59999999999957,7,RUHKELW,0.7903598739111829,0,0.0,0.0,0.0,0.0,shape_dist_traveled,transfer point (2 routes); catchment not reconstructable
MORAPPE1,MORSE RD & APPIAN WAY,-82.898574,40.056867,3,024+025+034,3,2,137,6,am_peak+early+evening+midday+owl+pm_peak,False,,True,1245.3,738.6999999999997,1,MORAPPW,0.516727999898469,0,0.0,0.0,0.0,0.0,shape_dist_traveled,transfer point (3 routes); catchment not reconstructable
MORAPPW,MORSE RD & APPIAN WAY,-82.898194,40.057098,3,024+025+034,3,2,136,6,am_peak+early+evening+midday+owl+pm_peak,False,,True,632.5000000000002,1118.2000000000003,1,MORAPPE1,0.516727999898469,0,0.0,0.0,0.0,0.0,shape_dist_traveled,transfer point (3 routes); catchment not reconstructable
MORSTYW,MORSE RD & N STYGLER RD,-82.890737,40.056689,3,024+025+034,3,2,136,6,am_peak+early+evening+midday+owl+pm_peak,False,,True,338.89999999999975,632.5000000000002,2,MORSTYE1,1.0185910321927005,0,0.0,0.0,0.0,0.0,shape_dist_traveled,transfer point (3 routes); catchment not reconstructable
NORTER2,SPRING ST TERMINAL BAY 2,-83.00242,39.96588,1,006,2,2,134,6,am_peak+early+evening+midday+owl+pm_peak,True,006,False,448.19999999999993,183.79999999999998,12,NORTER3,0.11176664043573492,1,457.4228426127038,0.0,1.0,1.0,shape_dist_traveled,terminal
MOR340W,3400 MORSE CROSSING,-82.916873,40.043197,3,007+023+032,4,2,128,6,am_peak+early+evening+midday+owl+pm_peak,False,,True,591.899999999999,455.5000000000007,1,MORHARS,0.22833726904278082,1,470.39838049327,0.0,1.0,1.0,shape_dist_traveled,transfer point (3 routes)
MORSTEE,MORSE CROSSING & STELZER RD,-82.910297,40.04227,3,007+023+032,3,2,128,6,am_peak+early+evening+midday+owl+pm_peak,False,,True,575.6999999999999,285.4000000000001,3,MORSTEW,0.35310175820488054,0,0.0,0.0,0.0,0.0,shape_dist_traveled,transfer point (3 routes); catchment not reconstructable
MORSTEW,MORSE CROSSING & STELZER RD,-82.91012,40.042485,3,007+023+032,4,2,128,6,am_peak+early+evening+midday+owl+pm_peak,False,,True,436.7999999999981,591.899999999999,3,MORSTEE,0.35310175820488054,0,0.0,0.0,0.0,0.0,shape_dist_traveled,transfer point (3 routes); catchment not reconstructable
STEMCCS,STELZER RD & MCCUTCHEON RD,-82.910249,40.033954,3,007+023+032,3,2,128,6,am_peak+early+evening+midday+owl+pm_peak,False,,True,280.8000000000002,517.5000000000001,2,STEMCCN,0.27126419471792795,0,0.0,0.0,0.0,0.0,shape_dist_traveled,transfer point (3 routes); catchment not reconstructable
STEESPN,STELZER RD & EASTON SQUARE PL,-82.909651,40.037557,3,007+023+032,4,2,128,6,am_peak+early+evening+midday+owl+pm_peak,False,,True,410.0000000000001,163.39999999999932,3,STEESPS,1.5846988251061538,0,0.0,0.0,0.0,0.0,shape_dist_traveled,transfer point (3 routes); catchment not reconstructable
STEESPS,STELZER RD & EASTON SQUARE PL,-82.91001,40.036449,3,007+023+032,3,2,128,6,am_peak+early+evening+midday+owl+pm_peak,False,,True,454.0999999999995,280.8000000000002,4,STEESPN,1.5846988251061538,0,0.0,0.0,0.0,0.0,shape_dist_traveled,transfer point (3 routes); catchment not reconstructable
STEMCCN,STELZER RD & MCCUTCHEON RD,-82.910005,40.033899,3,007+023+032,4,2,128,6,am_peak+early+evening+midday+owl+pm_peak,False,,True,429.2000000000016,410.0000000000001,2,STEMCCS,0.27126419471792795,0,0.0,0.0,0.0,0.0,shape_dist_traveled,transfer point (3 routes); catchment not reconstructable
STEMONN,STELZER RD & MONTCLAIR DR,-82.909525,40.039006,3,007+023+032,4,2,128,6,am_peak+early+evening+midday+owl+pm_peak,False,,True,163.39999999999932,436.7999999999981,5,STEESPN,2.0154676584175535,0,0.0,0.0,0.0,0.0,shape_dist_traveled,transfer point (3 routes); catchment not reconstructable
STEMONS,STELZER RD & MONTCLAIR DR,-82.909693,40.040498,3,007+023+032,3,2,128,6,am_peak+early+evening+midday+owl+pm_peak,False,,True,285.4000000000001,454.0999999999995,4,STEMONN,2.0783990443517415,0,0.0,0.0,0.0,0.0,shape_dist_traveled,transfer point (3 routes); catchment not reconstructable
MOR342N,3425 MORSE CROSSING,-82.919834,40.04642,3,007+023+032,4,2,128,6,am_peak+early+evening+midday+owl+pm_peak,False,,True,455.5000000000007,341.7999999999992,6,MOR342S,0.3407658169697217,1,470.39838049327,0.0,1.0,1.0,shape_dist_traveled,transfer point (3 routes)
MOREASS,MORSE CROSSING & EASTON WAY,-82.920269,40.048134,3,007+023+032,3,2,128,6,am_peak+early+evening+midday+owl+pm_peak,False,,True,409.9999999999997,216.20000000000016,9,EASMORW,1.3416123507757995,1,470.39838049327,0.0,0.0,0.0,shape_dist_traveled,transfer point (3 routes)
MORHARS,MORSE CROSSING & R E HARRINGTON,-82.916958,40.043046,3,007+023+032,3,2,128,6,am_peak+early+evening+midday+owl+pm_peak,False,,True,436.5000000000001,575.6999999999999,1,MOR340W,0.22833726904278082,1,470.39838049327,0.0,1.0,1.0,shape_dist_traveled,transfer point (3 routes)
MOR342S,3425 MORSE CROSSING,-82.919981,40.046202,3,007+023+032,3,2,128,6,am_peak+early+evening+midday+owl+pm_peak,False,,True,216.20000000000016,436.5000000000001,5,MOR342N,0.3407658169697217,1,470.39838049327,0.0,1.0,1.0,shape_dist_traveled,transfer point (3 routes)
3RDMAIS,S 3RD ST & E MAIN ST,-82.996791,39.955832,4,003+006+011+061,4,2,127,6,am_peak+early+evening+midday+owl+pm_peak,False,,True,321.2999999999999,334.9999999999991,12,EMOS3RDW,1.1070381873179471,0,0.0,0.0,0.0,0.0,shape_dist_traveled,transfer point (4 routes); catchment not reconstructable
MAILUDE,W MAIN ST & S LUDLOW ST,-83.002222,39.95575,3,003+006+009,4,2,126,6,am_peak+early+evening+midday+owl+pm_peak,False,,True,584.6,321.2999999999999,12,MAILUDW,0.3086916378395826,0,0.0,0.0,0.0,0.0,shape_dist_traveled,transfer point (3 routes); catchment not reconstructable
SPRFROW,W SPRING ST & N FRONT ST,-83.002659,39.966198,8,003+008+071+072+073+074+075+141,11,2,126,6,am_peak+early+evening+midday+owl+pm_peak,True,003,True,319.20000000000005,132.09999999999945,12,NORTER1,0.40972158244957074,1,457.4228426127038,0.0,1.0,1.0,shape_dist_traveled,terminal; transfer point (8 routes)
RICGRUE,W RICH ST & S SKIDMORE ST,-83.015862,39.955547,3,003+006+009,4,2,126,6,am_peak+early+evening+midday+owl+pm_peak,False,,True,332.09999999999997,257.1000000000001,4,RICGRUW,0.30064408162831613,1,15.106898795964876,0.0,1.0,1.0,shape_dist_traveled,transfer point (3 routes)
RICSTAE,W RICH ST & STARLING ST,-83.008915,39.956367,3,003+006+009,4,2,126,6,am_peak+early+evening+midday+owl+pm_peak,False,,True,337.5999999999983,584.6,3,RICLUCW,1.9895424039126606,0,0.0,0.0,0.0,0.0,shape_dist_traveled,transfer point (3 routes); catchment not reconstructable
RICMCDE,W RICH ST & MCDOWELL ST,-83.012859,39.955908,3,003+006+009,4,2,126,6,am_peak+early+evening+midday+owl+pm_peak,False,,True,257.1000000000001,337.5999999999983,5,RICMCDW,0.18707879763158602,1,15.106898795964876,0.0,1.0,1.0,shape_dist_traveled,transfer point (3 routes)
RICMCDW,W RICH ST & MCDOWELL ST,-83.01284,39.956042,3,003+006+009,3,2,125,6,am_peak+early+evening+midday+owl+pm_peak,False,,True,177.09999999999937,281.2999999999999,5,RICMCDE,0.18707879763158602,1,15.106898795964876,0.0,1.0,1.0,shape_dist_traveled,transfer point (3 routes)
RICLUCW,W RICH ST & LUCAS ST,-83.010774,39.956276,3,003+006+009,3,2,125,6,am_peak+early+evening+midday+owl+pm_peak,False,,True,764.5999999999997,177.09999999999937,3,RICSTAE,1.9895424039126606,0,0.0,0.0,0.0,0.0,shape_dist_traveled,transfer point (3 routes); catchment not reconstructable
RICGRUW,W RICH ST & S SKIDMORE ST,-83.016122,39.95563,3,003+006+009,3,2,125,6,am_peak+early+evening+midday+owl+pm_peak,False,,True,281.2999999999999,562.8999999999991,4,RICGRUE,0.30064408162831613,1,15.106898795964876,0.0,1.0,1.0,shape_dist_traveled,transfer point (3 routes)
TOWDAVW,W TOWN ST & S DAVIS AVE,-83.021405,39.956209,3,003+006+009,3,2,125,6,am_peak+early+evening+midday+owl+pm_peak,False,,True,562.8999999999991,194.39999999999992,11,TOWDAVE,0.31852485615041665,1,6.704418264100682,0.0,1.0,1.0,shape_dist_traveled,transfer point (3 routes)
MAILUDW,W MAIN ST & S LUDLOW ST,-83.002011,39.955902,3,003+006+009,3,2,125,6,am_peak+early+evening+midday+owl+pm_peak,False,,True,131.49999999999994,764.5999999999997,12,MAILUDE,0.3086916378395826,0,0.0,0.0,0.0,0.0,shape_dist_traveled,transfer point (3 routes); catchment not reconstructable
1333FIES,1333 FIELDS AVE,-82.991795,39.990166,2,012+022,4,2,124,6,am_peak+early+evening+midday+owl+pm_peak,True,012+022,True,141.0,185.39999999999958,6,1333FIEN,0.7178607291692184,0,0.0,0.0,0.0,0.0,shape_dist_traveled,terminal; transfer point (2 routes); catchment not reconstructable
LONWASE,E LONG ST & N WASHINGTON AVE,-82.987289,39.966475,9,007+009+011+041+042+043+044+045+046,14,2,116,6,am_peak+early+evening+midday+owl+pm_peak,False,,True,298.59999999999997,238.5999999999999,8,SPRMOUW,2.2983392953924726,1,61.65722648120522,0.0,0.0,0.0,shape_dist_traveled,transfer point (9 routes)
SPRMOUW,E SPRING ST & MOUNT VERNON AVE,-82.987697,39.968101,9,007+009+011+041+042+043+044+045+046,12,2,116,6,am_peak+early+evening+midday+owl+pm_peak,False,,True,439.6000000000022,232.29999999999862,6,LONWASE,2.2983392953924726,1,9.192957794443734,0.0,0.0,0.0,shape_dist_traveled,transfer point (9 routes)
LON4THE,E LONG ST & N 4TH ST,-82.996981,39.965299,9,007+009+011+041+042+043+044+045+046,14,2,116,6,am_peak+early+evening+midday+owl+pm_peak,False,,True,383.9999999999999,263.70000000000005,12,4THSPRN,1.7356145632979882,0,0.0,0.0,0.0,0.0,shape_dist_traveled,transfer point (9 routes); catchment not reconstructable
SPRNEIW,E SPRING ST & NEILSTON ST,-82.994666,39.966947,9,007+009+011+041+042+043+044+045+046,12,2,116,6,am_peak+early+evening+midday+owl+pm_peak,False,,True,205.39999999999736,263.5000000000005,9,LONNORE,1.887947884898131,1,9.192957794443734,0.0,0.0,0.0,shape_dist_traveled,transfer point (9 routes)
FRONATS,N FRONT ST & NATIONWIDE BLVD,-83.003763,39.968406,4,003+008+072+074,5,2,115,6,am_peak+early+evening+midday+owl+pm_peak,False,,True,394.50000000000074,327.099999999998,12,HIGNATS,1.9786419598331837,0,0.0,0.0,0.0,0.0,shape_dist_traveled,transfer point (4 routes); catchment not reconstructable
MORSLEW,MORSE RD & SLEAFORD AVE,-82.874511,40.055859,2,024+034,2,1,115,6,am_peak+early+evening+midday+owl+pm_peak,False,,True,692.2999999999995,388.8,3,MORSHEE,0.6566465789475312,2,42.5101105653895,0.0,1.0,1.0,shape_dist_traveled,transfer point (2 routes)
FROLAFS,N FRONT ST & W LAFAYETTE ST,-83.003201,39.965516,4,003+008+072+074,5,2,115,6,am_peak+early+evening+midday+owl+pm_peak,False,,True,327.099999999998,214.80000000000032,12,FROLONS,0.8012900816495805,1,457.4228426127038,0.0,1.0,1.0,shape_dist_traveled,transfer point (4 routes)
MORCHEW,MORSE RD & CHERRY BOTTOM RD,-82.886733,40.056499,2,024+034,2,1,115,6,am_peak+early+evening+midday+owl+pm_peak,False,,True,647.3999999999976,338.89999999999975,3,MORCHEE1,1.3717479884862984,1,31.853305988391014,0.0,1.0,1.0,shape_dist_traveled,transfer point (2 routes)
MORKENW,MORSE RD & KENSINGWOOD DR,-82.8791,40.056072,2,024+034,2,1,115,6,am_peak+early+evening+midday+owl+pm_peak,False,,True,388.8,647.3999999999976,2,MORGREE,0.8567749340390153,2,42.5101105653895,0.0,1.0,1.0,shape_dist_traveled,transfer point (2 routes)
MORKOHW,MORSE RD & KOHLS ENTRANCE,-82.866331,40.055528,2,024+034,2,1,115,6,am_peak+early+evening+midday+owl+pm_peak,False,,True,495.8999999999989,692.2999999999995,3,MORSTONE,1.0265922482009002,0,0.0,0.0,0.0,0.0,shape_dist_traveled,transfer point (2 routes); catchment not reconstructable
MORSTYE1,MORSE RD & N STYGLER RD,-82.889839,40.056439,2,024+034,2,1,115,6,am_peak+early+evening+midday+owl+pm_peak,False,,True,738.6999999999997,367.9999999999985,3,MORSTYW,1.0185910321927005,0,0.0,0.0,0.0,0.0,shape_dist_traveled,transfer point (2 routes); catchment not reconstructable
MORGREE,MORSE RD & GREENCROFT RD,-82.878345,40.055861,2,024+034,2,1,115,6,am_peak+early+evening+midday+owl+pm_peak,False,,True,606.300000000001,372.70000000000005,3,MORKENW,0.8567749340390153,2,42.5101105653895,0.0,1.0,1.0,shape_dist_traveled,transfer point (2 routes)
MORSHEE,MORSE RD & SHEFFIELD DR,-82.87395,40.055664,2,024+034,2,1,115,6,am_peak+early+evening+midday+owl+pm_peak,False,,True,372.70000000000005,568.0999999999976,2,MORSLEW,0.6566465789475312,2,42.5101105653895,0.0,1.0,1.0,shape_dist_traveled,transfer point (2 routes)
MORSTONE,MORSE RD & STONERIDGE DR,-82.867248,40.055303,2,024+034,2,1,115,6,am_peak+early+evening+midday+owl+pm_peak,False,,True,568.0999999999976,405.8000000000002,2,MORKOHW,1.0265922482009002,0,0.0,0.0,0.0,0.0,shape_dist_traveled,transfer point (2 routes); catchment not reconstructable
MORCHEE1,MORSE RD & CHERRY BOTTOM RD,-82.885507,40.0562,2,024+034,2,1,115,6,am_peak+early+evening+midday+owl+pm_peak,False,,True,367.9999999999985,606.300000000001,2,MORCHEW,1.3717479884862984,1,31.853305988391014,0.0,1.0,1.0,shape_dist_traveled,transfer point (2 routes)
HIGNORWS,N HIGH ST & W NORTHWOOD AVE,-83.009653,40.007758,2,002+031,3,1,114,6,am_peak+early+evening+midday+owl+pm_peak,False,,True,170.09999999999968,240.2999999999995,6,HIGNORN,0.18106870448735007,7,472.96889544343486,0.0,1.0,1.0,shape_dist_traveled,transfer point (2 routes)
HIGBEAN,N HIGH ST & E BEAUMONT RD,-83.019661,40.057513,2,002+033,4,1,114,6,am_peak+early+evening+midday+owl+pm_peak,False,,True,251.29999999999876,375.2999999999993,4,HIGBEES,1.6911462751198314,2,13.672328949061217,0.0,1.0,1.0,shape_dist_traveled,transfer point (2 routes)
HIGSHES,N HIGH ST & SHEFFIELD RD,-83.019938,40.056118,2,002+033,4,1,114,6,am_peak+early+evening+midday+owl+pm_peak,False,,True,293.2999999999999,501.50000000000006,3,HIGWEIN,1.176733813639595,2,13.672328949061217,0.0,1.0,1.0,shape_dist_traveled,transfer point (2 routes)
HIGBEES,N HIGH ST & W BEECHWOLD BLVD,-83.019781,40.058728,2,002+033,4,1,114,6,am_peak+early+evening+midday+owl+pm_peak,False,,True,323.40000000000003,293.2999999999999,5,HIGBEAN,1.6911462751198314,2,13.672328949061217,0.0,1.0,1.0,shape_dist_traveled,transfer point (2 routes)
HIGOAKS,N HIGH ST & W OAKLAND AVE,-83.010039,40.009241,2,002+031,3,1,114,6,am_peak+early+evening+midday+owl+pm_peak,False,,True,243.59999999999982,170.09999999999968,7,HIGPATN,0.9132275957836693,7,12.794020879528375,0.0,0.5714285714285714,0.5926773455377575,shape_dist_traveled,transfer point (2 routes)
HIGMAYS,N HIGH ST & W MAYNARD AVE,-83.010557,40.011382,2,002+031,3,1,114,6,am_peak+early+evening+midday+owl+pm_peak,False,,True,306.99999999999864,243.59999999999982,5,HIGBLAN,0.3721395318378858,4,9.895604250070004,0.0,1.0,1.0,shape_dist_traveled,transfer point (2 routes)
GOOYARW,GOODALE BLVD & YARD ST,-83.024355,39.974283,4,003+022+031+075,4,2,114,6,am_peak+early+evening+midday+owl+pm_peak,False,,True,188.70000000000002,224.2999999999995,4,RAIBALS,1.7837274591096666,0,0.0,0.0,0.0,0.0,shape_dist_traveled,transfer point (4 routes); catchment not reconstructable
HIGNORN,N HIGH ST & E NORTHWOOD AVE,-83.009486,40.007781,2,002+031,3,1,114,6,am_peak+early+evening+midday+owl+pm_peak,False,,True,160.6000000000023,241.1999999999992,6,HIGNORWS,0.18106870448735007,7,472.96889544343486,0.0,1.0,1.0,shape_dist_traveled,transfer point (2 routes)
GOO868W,868 W GOODALE BLVD,-83.027011,39.974388,4,003+022+031+075,4,2,114,6,am_peak+early+evening+midday+owl+pm_peak,False,,True,224.2999999999995,214.29999999999973,8,GOOYARE,1.038281061667242,0,0.0,0.0,0.0,0.0,shape_dist_traveled,transfer point (4 routes); catchment not reconstructable
HIGWEIN,N HIGH ST & E WEISHEIMER RD,-83.019798,40.055277,2,002+033,4,1,114,6,am_peak+early+evening+midday+owl+pm_peak,False,,True,320.2999999999996,251.29999999999876,4,HIGSHES,1.176733813639595,2,13.672328949061217,0.0,1.0,1.0,shape_dist_traveled,transfer point (2 routes)
HIGBLAN,N HIGH ST & E BLAKE AVE,-83.010496,40.011646,2,002+031,3,1,114,6,am_peak+early+evening+midday+owl+pm_peak,False,,True,199.89999999999952,297.7999999999987,5,HIGMAYS,0.3721395318378858,4,9.895604250070004,0.0,1.0,1.0,shape_dist_traveled,transfer point (2 routes)
HIGPATN,N HIGH ST & PATTERSON AVE,-83.01004,40.009899,2,002+031,3,1,114,6,am_peak+early+evening+midday+owl+pm_peak,False,,True,241.1999999999992,199.89999999999952,6,HIGOAKS,0.9132275957836693,4,7.582726333633523,0.0,0.5714285714285714,0.5926773455377575,shape_dist_traveled,transfer point (2 routes)
HIGLANN,N HIGH ST & E LANE AVE,-83.009206,40.006357,2,002+031,3,1,114,6,am_peak+early+evening+midday+owl+pm_peak,False,,True,317.2999999999995,160.6000000000023,8,HIGLANS,0.9938271638213557,7,474.8426193251049,0.0,0.8571428571428571,0.9964239472223936,shape_dist_traveled,transfer point (2 routes)
BROBELE,W BROAD ST & BELLE ST,-83.008387,39.961197,2,010+012,5,2,113,6,am_peak+early+evening+midday+owl+pm_peak,False,,True,515.7999999999987,491.1000000000012,1,BROBELW,1.1969324308171845,0,0.0,0.0,0.0,0.0,shape_dist_traveled,transfer point (2 routes); catchment not reconstructable
BROMAYE,W BROAD ST & S MAY AVE,-83.014396,39.960433,2,010+012,5,2,113,6,am_peak+early+evening+midday+owl+pm_peak,False,,True,209.79999999999998,515.7999999999987,3,WBRMAYW,0.5206497190673252,1,15.106898795964876,0.0,1.0,1.0,shape_dist_traveled,transfer point (2 routes)
BRODAVE,W BROAD ST & S DAVIS AVE,-83.020843,39.959646,2,010+012,5,2,113,6,am_peak+early+evening+midday+owl+pm_peak,False,,True,269.2999999999999,343.09999999999974,9,BRODAVW,0.7255892962342643,0,0.0,0.0,0.0,0.0,shape_dist_traveled,transfer point (2 routes); catchment not reconstructable
HIGNORN1,N HIGH ST & E NORTH BROADWAY,-83.015816,40.031886,2,002+102,3,2,113,6,am_peak+early+evening+midday+owl+pm_peak,False,,True,388.60000000000025,359.7999999999999,7,NORHIGW,0.9600199827826416,3,26.40779595728742,0.0,0.3333333333333333,0.4578713968957873,shape_dist_traveled,transfer point (2 routes)
BROSKIE,W BROAD ST & S SKIDMORE ST,-83.016842,39.960134,2,010+012,5,2,113,6,am_peak+early+evening+midday+owl+pm_peak,False,,True,343.09999999999974,209.79999999999998,4,BROSKIW,0.3965122950533836,1,15.106898795964876,0.0,1.0,1.0,shape_dist_traveled,transfer point (2 routes)
HIGACTN,N HIGH ST & ACTON RD,-83.01828,40.041035,2,002+102,3,2,113,6,am_peak+early+evening+midday+owl+pm_peak,False,,True,202.9999999999994,430.3999999999988,5,HIGAMAS,1.031210264104732,1,7.37778778407586,0.0,0.5,0.3841463414634145,shape_dist_traveled,transfer point (2 routes)
HIGOLEN,N HIGH ST & OLENTANGY ST,-83.012545,40.019481,2,002+102,3,2,113,6,am_peak+early+evening+midday+owl+pm_peak,False,,True,334.699999999998,239.2000000000003,5,HIGOLES,0.5750843209274654,3,25.28690756378837,0.0,0.6666666666666666,0.791237113402062,shape_dist_traveled,transfer point (2 routes)
FROSPRN,N FRONT ST & W SPRING ST,-83.003236,39.966804,5,003+008+072+074+075,6,2,112,6,am_peak+early+evening+midday+owl+pm_peak,False,,True,132.09999999999945,539.3999999999987,12,SPRFROW,1.0426124464333575,0,0.0,0.0,0.0,0.0,shape_dist_traveled,transfer point (5 routes); catchment not reconstructable
HAMREFN,S HAMILTON RD & REFUGEE RD,-82.880457,39.91601,2,005+024,5,2,112,6,am_peak+early+evening+midday+owl+pm_peak,False,,True,230.49999999999926,495.7999999999956,6,HAMREFS,0.3537040368340235,0,0.0,0.0,0.0,0.0,shape_dist_traveled,transfer point (2 routes); catchment not reconstructable
BROMARW,W BROAD ST & MARCONI BLVD,-83.003554,39.962029,2,010+012,5,2,112,6,am_peak+early+evening+midday+owl+pm_peak,False,,True,310.10000000000025,511.9999999999987,12,BROFROE,0.9772339156501729,0,0.0,0.0,0.0,0.0,shape_dist_traveled,transfer point (2 routes); catchment not reconstructable
BROBELW,W BROAD ST & BELLE ST,-83.009506,39.961245,2,010+012,5,2,112,6,am_peak+early+evening+midday+owl+pm_peak,False,,True,511.9999999999987,459.19999999999914,1,BROBELE,1.1969324308171845,0,0.0,0.0,0.0,0.0,shape_dist_traveled,transfer point (2 routes); catchment not reconstructable
BROSKIW,W BROAD ST & N SKIDMORE ST,-83.016599,39.96035,2,010+012,5,2,112,6,am_peak+early+evening+midday+owl+pm_peak,False,,True,148.99999999999915,421.0999999999991,4,BROSKIE,0.3965122950533836,1,15.106898795964876,0.0,1.0,1.0,shape_dist_traveled,transfer point (2 routes)
WBRMAYW,W BROAD ST & N MAY AVE,-83.014857,39.960555,2,010+012,5,2,112,6,am_peak+early+evening+midday+owl+pm_peak,False,,True,459.19999999999914,148.99999999999915,3,BROMAYE,0.5206497190673252,1,15.106898795964876,0.0,1.0,1.0,shape_dist_traveled,transfer point (2 routes)
NEIVINS,NEIL AVE & VINE ST,-83.009675,39.970775,2,003+008,3,1,112,6,am_peak+early+evening+midday+owl+pm_peak,False,,True,231.19999999999763,470.5999999999992,7,NEIBRON,2.2953422645300607,1,16.83423799937946,0.0,1.0,1.0,shape_dist_traveled,transfer point (2 routes)
NATMCCBE,NATIONWIDE BLVD & MCCONNELL BLVD,-83.00778,39.968215,2,003+008,3,1,112,6,am_peak+early+evening+midday+owl+pm_peak,False,,True,470.5999999999992,394.50000000000074,5,NATMCCBW,0.5347364111547896,1,16.83423799937946,0.0,1.0,1.0,shape_dist_traveled,transfer point (2 routes)
BRODAVW,W BROAD ST & N DAVIS AVE,-83.021508,39.959753,2,010+012,5,2,112,6,am_peak+early+evening+midday+owl+pm_peak,False,,True,421.0999999999991,236.10000000000042,6,BRODAVE,0.7255892962342643,0,0.0,0.0,0.0,0.0,shape_dist_traveled,transfer point (2 routes); catchment not reconstructable
ALU1900S,1900 ALUM CREEK DR,-82.940611,39.930596,3,005+011+022,6,2,111,6,am_peak+early+evening+midday+owl+pm_peak,False,,True,324.1999999999976,320.4999999999991,6,ALU1900N,0.549846760491473,1,129.44309149203974,0.0,1.0,1.0,shape_dist_traveled,transfer point (3 routes)
HAMEASN,S HAMILTON RD & EASTLAND DR,-82.87997,39.921047,2,023+024,2,1,111,6,am_peak+early+evening+midday+owl+pm_peak,False,,True,359.59999999999997,338.6000000000001,3,HAMMACS,3.0437156168662507,0,0.0,0.0,0.0,0.0,shape_dist_traveled,transfer point (2 routes); catchment not reconstructable
HIGCHAS,N HIGH ST & CHATHAM RD,-83.018763,40.042088,2,002+102,3,2,111,6,am_peak+early+evening+midday+owl+pm_peak,False,,True,229.29999999999984,204.20000000000016,5,HIGACTN,1.5496164322748038,1,7.37778778407586,0.0,1.0,1.0,shape_dist_traveled,transfer point (2 routes)
GRAMOUS,S GRANT AVE & E MOUND ST,-82.989847,39.956441,2,002+102,3,1,111,6,am_peak+early+evening+midday+owl+pm_peak,False,,True,303.7000000000028,304.09999999999826,11,MAIGRANE,1.3215012164466353,1,35.57147681608005,0.0,0.5,0.8025099075297226,shape_dist_traveled,transfer point (2 routes)
11TINDW,E 11TH AVE & INDIANOLA AVE,-83.003264,39.994664,2,008+022,3,2,111,6,am_peak+early+evening+midday+owl+pm_peak,False,,True,314.7999999999982,281.7000000000007,12,11TINDE,0.8596576845492372,2,35.24943052391802,0.0,0.6666666666666666,0.8945022288261514,shape_dist_traveled,transfer point (2 routes)
ALUFRES,ALUM CREEK DR & FREBIS AVE,-82.942316,39.933206,3,005+011+022,6,2,111,6,am_peak+early+evening+midday+owl+pm_peak,False,,True,410.0000000000001,324.1999999999976,5,FREALUW,1.2360208212238484,0,0.0,0.0,0.0,0.0,shape_dist_traveled,transfer point (3 routes); catchment not reconstructable
MAI5THE,E MAIN ST & S 5TH ST,-82.99236,39.956868,2,002+102,3,2,111,6,am_peak+early+evening+midday+owl+pm_peak,False,,True,196.29999999999905,274.20000000000044,12,MOU5THW1,1.6751859480117965,1,35.57147681608005,0.0,0.5,0.7068062827225127,shape_dist_traveled,transfer point (2 routes)
11TDAUW,E 11TH AVE & DAUGHERTY AVE,-82.992978,39.994235,2,008+022,3,2,111,6,am_peak+early+evening+midday+owl+pm_peak,False,,True,449.0999999999996,216.30000000000038,3,11TDAUE,0.20725224507130252,0,0.0,0.0,0.0,0.0,shape_dist_traveled,transfer point (2 routes); catchment not reconstructable
11TGRAW,E 11TH AVE & N GRANT AVE,-82.995521,39.994316,2,008+022,3,2,111,6,am_peak+early+evening+midday+owl+pm_peak,False,,True,216.30000000000038,341.3999999999984,7,11TGRAE,0.2129817336398224,2,18.56157720279403,0.0,1.0,1.0,shape_dist_traveled,transfer point (2 routes)
11T4THW,E 11TH AVE & N 4TH ST,-82.999557,39.994479,2,008+022,3,2,111,6,am_peak+early+evening+midday+owl+pm_peak,False,,True,341.3999999999984,314.7999999999982,9,11T4THE,0.25491274258363444,4,26.993334670309302,0.0,1.0,1.0,shape_dist_traveled,transfer point (2 routes)
HIGOLES,N HIGH ST & OLENTANGY ST,-83.012876,40.019808,2,002+102,3,2,111,6,am_peak+early+evening+midday+owl+pm_peak,False,,True,316.7999999999997,406.09999999999945,4,HIGOLEN,0.5750843209274654,2,20.544043988311028,0.0,0.6666666666666666,0.791237113402062,shape_dist_traveled,transfer point (2 routes)
HAMMACS,S HAMILTON RD & MACSWAY AVE,-82.880064,39.923239,2,023+024,2,1,111,6,am_peak+early+evening+midday+owl+pm_peak,False,,True,324.7999999999997,651.0999999999996,6,MACHAMW,0.781821318773219,1,35.44461009492533,0.0,1.0,1.0,shape_dist_traveled,transfer point (2 routes)
11THIGW,E 11TH AVE & N HIGH ST,-83.006583,39.994834,2,008+022,3,2,111,6,am_peak+early+evening+midday+owl+pm_peak,False,,True,281.7000000000007,360.2999999999987,11,11THIGE,0.775283220861292,4,35.48364600912679,0.0,1.0,1.0,shape_dist_traveled,transfer point (2 routes)
HIGNORS,N HIGH ST & W NORTH BROADWAY ST,-83.015789,40.030843,2,002+102,3,2,111,6,am_peak+early+evening+midday+owl+pm_peak,False,,True,233.3999999999996,407.8999999999997,6,HIGNORN1,1.4478566267954143,3,30.059048074916806,0.0,0.5,0.4760031471282455,shape_dist_traveled,transfer point (2 routes)
11TDAUE,E 11TH AVE & DAUGHERTY AVE,-82.992878,39.994107,2,008+022,3,2,108,6,am_peak+early+evening+midday+owl+pm_peak,False,,True,214.3000000000006,496.29999999999797,4,11TDAUW,0.20725224507130252,0,0.0,0.0,0.0,0.0,shape_dist_traveled,transfer point (2 routes); catchment not reconstructable
STEOPPS,STELZER RD & CODET RD,-82.911038,40.025323,2,007+023,2,2,108,6,am_peak+early+evening+midday+owl+pm_peak,False,,True,451.9000000000002,211.40000000000026,3,STECODN,0.274583672556922,2,18.395674567437837,0.0,1.0,1.0,shape_dist_traveled,transfer point (2 routes)
STEMIDN,STELZER RD & MIDDLEMORE DR,-82.910405,40.03009,2,007+023,3,2,108,6,am_peak+early+evening+midday+owl+pm_peak,False,,True,528.9999999999982,429.2000000000016,1,STEGOVS,1.0881797665830268,3,32.60474733676912,0.0,1.0,1.0,shape_dist_traveled,transfer point (2 routes)
STEGOVS,STELZER RD & GOVERNORS CLUB BLVD,-82.910723,40.029345,2,007+023,2,2,108,6,am_peak+early+evening+midday+owl+pm_peak,False,,True,517.5000000000001,451.9000000000002,1,STEMIDN,1.0881797665830268,3,32.60474733676912,0.0,1.0,1.0,shape_dist_traveled,transfer point (2 routes)
11T4THE,E 11TH AVE & N 4TH ST,-82.999374,39.994361,2,008+022,3,2,108,6,am_peak+early+evening+midday+owl+pm_peak,False,,True,263.60000000000025,336.3999999999976,9,11T4THW,0.25491274258363444,4,26.993334670309302,0.0,1.0,1.0,shape_dist_traveled,transfer point (2 routes)
STELIFS,STELZER RD & LIFESTYLE BLVD,-82.9112,40.023444,2,007+023,2,2,108,6,am_peak+early+evening+midday+owl+pm_peak,False,,True,211.40000000000026,452.09999999999974,4,STELIFN,0.383122610650815,2,18.395674567437837,0.0,1.0,1.0,shape_dist_traveled,transfer point (2 routes)
11TGRAE,E 11TH AVE & N GRANT AVE,-82.995409,39.994189,2,008+022,3,2,108,6,am_peak+early+evening+midday+owl+pm_peak,False,,True,336.3999999999976,214.3000000000006,7,11TGRAW,0.2129817336398224,2,18.56157720279403,0.0,1.0,1.0,shape_dist_traveled,transfer point (2 routes)
11TINDE,E 11TH AVE & INDIANOLA AVE,-83.002482,39.994516,2,008+022,3,2,108,6,am_peak+early+evening+midday+owl+pm_peak,False,,True,288.6999999999986,263.60000000000025,11,11TINDW,0.8596576845492372,3,39.40675538637347,0.0,0.6666666666666666,0.8945022288261514,shape_dist_traveled,transfer point (2 routes)
11THIGE,E 11TH AVE & N HIGH ST,-83.005892,39.994662,2,008+022,3,2,108,6,am_peak+early+evening+midday+owl+pm_peak,False,,True,221.69999999999845,288.6999999999986,12,11THIGW,0.775283220861292,4,35.48364600912679,0.0,1.0,1.0,shape_dist_traveled,transfer point (2 routes)
NATMCCBW,NATIONWIDE BLVD & MCCONNELL BLVD,-83.007352,39.968415,2,003+008,3,1,108,6,am_peak+early+evening+midday+owl+pm_peak,False,,True,539.3999999999987,300.39999999999975,8,NATMCCBE,0.5347364111547896,1,16.83423799937946,0.0,1.0,1.0,shape_dist_traveled,transfer point (2 routes)
NEIBRON,NEIL AVE & BROADBELT LN,-83.00936,39.969139,2,003+008,3,1,108,6,am_peak+early+evening+midday+owl+pm_peak,False,,True,300.39999999999975,422.49999999999943,3,NATMCCBE,2.1192685187120124,1,16.83423799937946,0.0,1.0,1.0,shape_dist_traveled,transfer point (2 routes)
STEAGLN,STELZER RD & AGLER RD,-82.911123,40.021141,2,007+023,3,2,108,6,am_peak+early+evening+midday+owl+pm_peak,False,,True,291.599999999999,280.6999999999995,5,STEAGLS2,2.430933164731449,1,6.294541164985357,0.0,0.0,0.0,shape_dist_traveled,transfer point (2 routes)
STELIFN,STELZER RD & LIFESTYLE BLVD,-82.910942,40.023636,2,007+023,3,2,108,6,am_peak+early+evening+midday+owl+pm_peak,False,,True,280.6999999999995,195.29999999999959,4,STELIFS,0.383122610650815,2,18.395674567437837,0.0,1.0,1.0,shape_dist_traveled,transfer point (2 routes)
STECODN,STELZER RD & CODET RD,-82.910789,40.025373,2,007+023,3,2,108,6,am_peak+early+evening+midday+owl+pm_peak,False,,True,195.29999999999959,528.9999999999982,3,STEOPPS,0.274583672556922,2,18.395674567437837,0.0,1.0,1.0,shape_dist_traveled,transfer point (2 routes)
RICGREE,W RICH ST & S GREEN ST,-83.019747,39.955112,2,003+006,3,1,107,6,am_peak+early+evening+midday+owl+pm_peak,False,,True,229.49999999999804,332.09999999999997,10,TOWDAVE,2.040195437645096,1,6.704418264100682,0.0,1.0,1.0,shape_dist_traveled,transfer point (2 routes)
SPRHAMW,E SPRING ST & HAMILTON AVE,-82.982593,39.968773,3,007+009+011,4,2,107,6,am_peak+early+evening+midday+owl+pm_peak,False,,True,257.6999999999998,439.6000000000022,8,MARHAME,1.1172917008560552,0,0.0,0.0,0.0,0.0,shape_dist_traveled,transfer point (3 routes); catchment not reconstructable
SPRGRAW,E SPRING ST & N GRANT AVE,-82.99225,39.967221,3,007+009+011,4,2,107,6,am_peak+early+evening+midday+owl+pm_peak,False,,True,165.59999999999775,205.39999999999736,7,SPRCLEW,2.068568960788685,2,70.85018427564896,0.0,1.0,1.0,shape_dist_traveled,transfer point (3 routes)
MCAR1,MOBILITY CENTER AT RICKENBACKER BAY 1,-82.945304,39.830121,1,022,5,2,107,6,am_peak+early+evening+midday+owl+pm_peak,True,022,False,1672.4999999999995,1187.5,1,MCAR3,0.27389836790130956,1,178.1208765012597,0.0,1.0,1.0,shape_dist_traveled,terminal
DAVSULN,S DAVIS AVE & SULLIVANT AVE,-83.020406,39.953732,2,003+006,3,1,107,6,am_peak+early+evening+midday+owl+pm_peak,False,,True,172.0999999999986,229.49999999999804,10,SOUSULS,1.8088836457376183,1,1.844446946018965,0.0,1.0,1.0,shape_dist_traveled,transfer point (2 routes)
SPRCLEW,E SPRING ST & CLEVELAND AVE,-82.990364,39.967561,3,007+009+011,4,2,107,6,am_peak+early+evening+midday+owl+pm_peak,False,,True,232.29999999999862,165.59999999999775,8,SPRGRAW,2.068568960788685,2,70.85018427564896,0.0,1.0,1.0,shape_dist_traveled,transfer point (3 routes)
LONCLEE,E LONG ST & CLEVELAND AVE,-82.990768,39.966076,3,007+009+011,6,2,107,6,am_peak+early+evening+midday+owl+pm_peak,False,,True,270.09999999999934,298.59999999999997,11,SPRCLEW,2.105649206661865,2,70.85018427564896,0.0,1.0,1.0,shape_dist_traveled,transfer point (3 routes)
LONJEFE,E LONG ST & JEFFERSON AVE,-82.984498,39.966792,3,007+009+011,6,2,107,6,am_peak+early+evening+midday+owl+pm_peak,False,,True,238.5999999999999,285.80000000000007,9,LONWASE,3.012786828204008,0,0.0,0.0,0.0,0.0,shape_dist_traveled,transfer point (3 routes); catchment not reconstructable
LONNORE,E LONG ST & NORMANDY AVE,-82.993922,39.965713,3,007+009+011,6,2,107,6,am_peak+early+evening+midday+owl+pm_peak,False,,True,263.70000000000005,270.09999999999934,12,SPRNEIW,1.887947884898131,1,61.65722648120522,0.0,0.0,0.0,shape_dist_traveled,transfer point (3 routes)
SOURICS,S SOUDER AVE & W RICH ST,-83.022098,39.955044,2,003+006,2,1,106,6,am_peak+early+evening+midday+owl+pm_peak,False,,True,194.39999999999992,247.09999999999965,10,TOWDAVW,1.7782444540389537,1,6.704418264100682,0.0,1.0,1.0,shape_dist_traveled,transfer point (2 routes)
INTSAWW,INTERNATIONAL GATEWAY & SAWYER RD,-82.892622,39.998723,1,007,3,2,102,6,am_peak+early+evening+midday+owl+pm_peak,True,007,False,662.4000000000017,2813.6000000000004,0,,,0,0.0,0.0,0.0,0.0,shape_dist_traveled,terminal; no walking alternative within 5 min; catchment not reconstructable
RESSAWE,RESLER DR & SAWMILL RD,-83.091437,40.067871,4,001+021+033+072,5,2,98,6,am_peak+early+evening+midday+owl+pm_peak,False,,True,365.5999999999997,597.299999999997,4,RESSAWW,0.24007132230774628,2,13.496667335154662,0.0,0.5,0.232104121475054,shape_dist_traveled,transfer point (4 routes)
MORSANW,MORSE RD & SANDY LANE RD,-82.992932,40.061537,3,011+034+042,3,1,97,6,am_peak+early+evening+midday+owl+pm_peak,False,,True,227.39999999999938,660.0999999999999,2,MORSANE,0.39449323857525515,2,34.93909500601644,0.0,1.0,1.0,shape_dist_traveled,transfer point (3 routes)
MORMAIW,MORSE RD & MAIZE RD,-82.987728,40.061318,3,011+034+042,3,1,97,6,am_peak+early+evening+midday+owl+pm_peak,False,,True,187.40000000000023,217.39999999999958,5,MORMAIE,1.1263247265008185,2,34.93909500601644,0.0,0.5,0.7182254196642689,shape_dist_traveled,transfer point (3 routes)
MORKINW,MORSE RD & KINGSHILL DR,-82.990304,40.061427,3,011+034+042,3,1,97,6,am_peak+early+evening+midday+owl+pm_peak,False,,True,217.39999999999958,227.39999999999938,6,MORSANE,2.7021957818102065,2,34.93909500601644,0.0,1.0,1.0,shape_dist_traveled,transfer point (3 routes)
MORSANE,MORSE RD & SANDY LANE RD,-82.992829,40.061264,3,011+034+042,3,1,97,6,am_peak+early+evening+midday+owl+pm_peak,False,,True,671.1,515.0999999999999,2,MORSANW,0.39449323857525515,2,34.93909500601644,0.0,1.0,1.0,shape_dist_traveled,transfer point (3 routes)
MORELKW,MORSE RD & ELKS DR,-83.010881,40.062156,2,011+034,2,1,96,6,am_peak+early+evening+midday+owl+pm_peak,False,,True,402.79999999999916,281.40000000000146,4,MORELKE,0.5398511431967841,2,18.649408009747336,0.0,0.6666666666666666,0.7338709677419358,shape_dist_traveled,transfer point (2 routes)
MORBEECW,MORSE RD & BEECHMONT DR,-83.016361,40.06239,2,011+034,2,1,96,6,am_peak+early+evening+midday+owl+pm_peak,False,,True,182.2999999999979,363.59999999999815,8,MORFOSW,2.2922124787842773,3,25.41238014515021,0.0,1.0,1.0,shape_dist_traveled,transfer point (2 routes)
MORFOSW,MORSE RD & FOSTER ST,-83.014214,40.062311,2,011+034,2,1,96,6,am_peak+early+evening+midday+owl+pm_peak,False,,True,281.40000000000146,182.2999999999979,5,MORFOSE,0.2596473066199324,3,25.41238014515021,0.0,1.0,1.0,shape_dist_traveled,transfer point (2 routes)
MORFOSE,MORSE RD & FOSTER ST,-83.01409,40.06215,2,011+034,2,1,96,6,am_peak+early+evening+midday+owl+pm_peak,False,,True,403.90000000000003,230.29999999999995,4,MORFOSW,0.2596473066199324,3,25.41238014515021,0.0,1.0,1.0,shape_dist_traveled,transfer point (2 routes)
MORBEEW,MORSE RD & BEECH HILL AVE,-83.006136,40.06196,2,011+034,2,1,96,6,am_peak+early+evening+midday+owl+pm_peak,False,,True,235.29999999999873,402.79999999999916,3,MORSHAE,2.008722475525278,1,11.0666816761138,0.0,1.0,1.0,shape_dist_traveled,transfer point (2 routes)
MORINDE,MORSE RD & INDIANOLA AVE,-83.00075,40.061612,2,011+034,2,1,96,6,am_peak+early+evening+midday+owl+pm_peak,False,,True,209.20000000000005,671.1,5,MORINDW,0.2931727710333352,0,0.0,0.0,0.0,0.0,shape_dist_traveled,transfer point (2 routes); catchment not reconstructable
MORHIGE,MORSE RD & N HIGH ST,-83.018853,40.062356,2,011+034,2,1,96,6,am_peak+early+evening+midday+owl+pm_peak,False,,True,302.5,403.90000000000003,7,HIGMORS,1.0003673313629218,2,12.852574750830566,0.0,0.5,0.5375854214123007,shape_dist_traveled,transfer point (2 routes)
MORINDW,MORSE RD & INDIANOLA AVE,-83.000763,40.061823,2,011+034,2,1,96,6,am_peak+early+evening+midday+owl+pm_peak,False,,True,660.0999999999999,217.19999999999828,6,MORINDE,0.2931727710333352,0,0.0,0.0,0.0,0.0,shape_dist_traveled,transfer point (2 routes); catchment not reconstructable
MORELKE,MORSE RD & ELKS DR,-83.011365,40.062042,2,011+034,2,1,96,6,am_peak+early+evening+midday+owl+pm_peak,False,,True,230.29999999999995,283.6000000000001,4,MORELKW,0.5398511431967841,3,25.41238014515021,0.0,0.6666666666666666,0.7338709677419358,shape_dist_traveled,transfer point (2 routes)
MORCOLE,MORSE RD & COLERAIN AVE,-83.003222,40.061695,2,011+034,2,1,96,6,am_peak+early+evening+midday+owl+pm_peak,False,,True,406.6000000000001,209.20000000000005,6,MORCOLW,0.24547263121428498,1,11.0666816761138,0.0,1.0,1.0,shape_dist_traveled,transfer point (2 routes)
MORSHAE,MORSE RD & SHARON AVE,-83.008018,40.0619,2,011+034,2,1,96,6,am_peak+early+evening+midday+owl+pm_peak,False,,True,283.6000000000001,406.6000000000001,4,MORBEEW,2.008722475525278,1,11.0666816761138,0.0,1.0,1.0,shape_dist_traveled,transfer point (2 routes)
MORCOLW,MORSE RD & COLERAIN AVE,-83.00335,40.061842,2,011+034,2,1,96,6,am_peak+early+evening+midday+owl+pm_peak,False,,True,217.19999999999828,235.29999999999873,7,MORCOLE,0.24547263121428498,1,11.0666816761138,0.0,1.0,1.0,shape_dist_traveled,transfer point (2 routes)
MORTRIE,MORSE RD & TRINDEL WAY,-82.92635,40.058135,2,034+035,2,1,95,6,am_peak+early+evening+midday+owl+pm_peak,False,,True,562.2000000000007,353.8999999999994,2,MORTRIW,0.585189095351734,0,0.0,0.0,0.0,0.0,shape_dist_traveled,transfer point (2 routes); catchment not reconstructable
MORSUNBE,MORSE RD & SUNBURY RD,-82.922176,40.057925,2,034+035,2,1,95,6,am_peak+early+evening+midday+owl+pm_peak,False,,True,353.8999999999994,387.5000000000011,5,MORMOXW,3.226741838116994,0,0.0,0.0,0.0,0.0,shape_dist_traveled,transfer point (2 routes); catchment not reconstructable
MORCHAE,MORSE RD & CHATEAU MORSE DR,-82.932964,40.058505,2,034+035,2,1,95,6,am_peak+early+evening+midday+owl+pm_peak,False,,True,314.6999999999993,562.2000000000007,3,MORDUNW,1.0788755475681457,1,21.875726318497968,0.0,1.0,1.0,shape_dist_traveled,transfer point (2 routes)
MORWESE,MORSE RD & WESTERVILLE RD,-82.936686,40.058635,2,034+035,2,1,95,6,am_peak+early+evening+midday+owl+pm_peak,False,,True,374.6999999999998,314.6999999999993,5,MORWESW1,0.510504060031191,1,21.875726318497968,0.0,1.0,1.0,shape_dist_traveled,transfer point (2 routes)
MORMOXW,MORSE RD & MORSE CROSSING,-82.919164,40.058146,2,034+035,2,1,95,6,am_peak+early+evening+midday+owl+pm_peak,False,,True,361.5999999999992,641.9999999999994,6,MORMORE1,1.7500958144059982,0,0.0,0.0,0.0,0.0,shape_dist_traveled,transfer point (2 routes); catchment not reconstructable
CLEOAKS,CLEVELAND AVE & OAKLAND PARK AVE,-82.964162,40.031499,2,032+101,3,1,95,6,am_peak+early+evening+midday+owl+pm_peak,False,,True,504.6999999999997,367.9999999999985,3,CLEOAKN,0.6976782216435553,1,6.089602615427694,0.0,0.5,0.5621621621621623,shape_dist_traveled,transfer point (2 routes)
CLEHUYS,CLEVELAND AVE & HUY RD,-82.96329,40.03597,2,032+101,3,1,95,6,am_peak+early+evening+midday+owl+pm_peak,False,,True,491.1999999999992,504.6999999999997,1,CLEHUYN,0.738875987483624,2,35.922800043893176,0.0,1.0,1.0,shape_dist_traveled,transfer point (2 routes)
MORTRIW,MORSE RD & TRINDEL WAY,-82.926752,40.058422,2,034+035,2,1,95,6,am_peak+early+evening+midday+owl+pm_peak,False,,True,641.9999999999994,443.10000000000116,2,MORTRIE,0.585189095351734,0,0.0,0.0,0.0,0.0,shape_dist_traveled,transfer point (2 routes); catchment not reconstructable
MORDUNW,MORSE RD & DUNBRIDGE ST,-82.931974,40.058665,2,034+035,2,1,95,6,am_peak+early+evening+midday+owl+pm_peak,False,,True,443.10000000000116,371.80000000000035,2,MORCHAE,1.0788755475681457,1,21.875726318497968,0.0,1.0,1.0,shape_dist_traveled,transfer point (2 routes)
LIVMEME,E LIVINGSTON AVE & MEMORY LN N,-82.94679,39.948461,2,001+011,3,1,94,6,am_peak+early+evening+midday+owl+pm_peak,False,,True,233.6999999999989,332.3999999999998,5,LIVALUW,0.92341042649344,1,2.107939366878817,0.0,1.0,1.0,shape_dist_traveled,transfer point (2 routes)
MAIHOLW,E MAIN ST & HOLTZMAN AVE,-82.945368,39.957457,2,002+011,3,1,94,6,am_peak+early+evening+midday+owl+pm_peak,False,,True,280.0999999999991,315.20000000000084,7,HOLMAIS,0.43901096909826176,0,0.0,0.0,0.0,0.0,shape_dist_traveled,transfer point (2 routes); catchment not reconstructable
CLEHUYN,CLEVELAND AVE & HUY RD,-82.962792,40.03634,2,032+101,3,1,94,6,am_peak+early+evening+midday+owl+pm_peak,False,,True,609.6000000000004,480.50000000000284,3,CLEHUYS,0.738875987483624,2,35.922800043893176,0.0,1.0,1.0,shape_dist_traveled,transfer point (2 routes)
ALUWHWS,ALUM CREEK DR & WHIMSWILLOW DR,-82.930027,39.892166,2,004+022,4,2,93,6,am_peak+early+evening+midday+owl+pm_peak,False,,True,368.80000000000024,454.8000000000005,5,ALUWHWN,0.5471841304044803,1,8.607419081421838,0.0,1.0,1.0,shape_dist_traveled,transfer point (2 routes)
FREOAKE,FREBIS AVE & OAKWOOD AVE,-82.970626,39.93483,2,004+022,4,2,93,6,am_peak+early+evening+midday+owl+pm_peak,False,,True,199.50000000000045,457.7999999999989,6,FREOAKW,0.9095437255378437,2,10.686081512649558,0.0,1.0,1.0,shape_dist_traveled,transfer point (2 routes)
FRESTUE,FREBIS AVE & STUDER AVE,-82.965227,39.934564,2,004+022,4,2,93,6,am_peak+early+evening+midday+owl+pm_peak,False,,True,457.7999999999989,237.70000000000024,6,FRESTUW,0.7194656876882919,0,0.0,0.0,0.0,0.0,shape_dist_traveled,transfer point (2 routes); catchment not reconstructable
ALUCRKWS,ALUM CREEK DR & CREEKWAY DR,-82.92976,39.895451,2,004+022,4,2,93,6,am_peak+early+evening+midday+owl+pm_peak,False,,True,297.49999999999943,368.80000000000024,4,ALUPROMN,0.8970456277620746,1,8.607419081421838,0.0,1.0,1.0,shape_dist_traveled,transfer point (2 routes)
ALUNEWWS,ALUM CREEK DR & NEW WORLD DR,-82.929539,39.8981,2,004+022,4,2,93,6,am_peak+early+evening+midday+owl+pm_peak,False,,True,915.9999999999986,297.49999999999943,3,ALUNEWWN,0.3846712005909933,2,29.335489522396873,0.0,1.0,1.0,shape_dist_traveled,transfer point (2 routes)
PORSPIS,PORT RD & SPIEGEL DR,-82.924759,39.837186,2,022+024,4,1,93,6,am_peak+early+evening+midday+owl+pm_peak,False,,True,515.2,749.0999999999985,1,PORSPIN,0.3993919233221519,0,0.0,0.0,0.0,0.0,shape_dist_traveled,transfer point (2 routes); catchment not reconstructable
ALUWLONS,ALUM CREEK DR & LONDON-GROVEPORT RD SB,-82.934131,39.829576,2,022+024,4,1,93,6,am_peak+early+evening+midday+owl+pm_peak,False,,True,906.799999999997,1672.4999999999995,1,ALUWLONN,1.4174830392347963,0,0.0,0.0,0.0,0.0,shape_dist_traveled,transfer point (2 routes); catchment not reconstructable
PORLONS,PORT RD & LONDON GROVEPORT RD,-82.925179,39.830511,2,022+024,4,1,93,6,am_peak+early+evening+midday+owl+pm_peak,False,,True,749.0999999999985,906.799999999997,0,,,0,0.0,0.0,0.0,0.0,shape_dist_traveled,no walking alternative within 5 min; transfer point (2 routes); catchment not reconstructable
PORROHS,PORT RD & ROHR RD,-82.924559,39.841774,2,022+024,4,1,93,6,am_peak+early+evening+midday+owl+pm_peak,False,,True,891.8999999999996,515.2,1,PORROHN,0.24705422582342326,0,0.0,0.0,0.0,0.0,shape_dist_traveled,transfer point (2 routes); catchment not reconstructable
FREFAIE1,FREBIS AVE & FAIRWOOD AVE,-82.954673,39.934063,2,005+022,5,2,92,6,am_peak+early+evening+midday+owl+pm_peak,False,,True,254.50000000000017,205.2999999999976,7,FREFAIW,0.15214732148226467,1,3.396124535526983,0.0,0.5,0.6666666666666666,shape_dist_traveled,transfer point (2 routes)
ALUWINS,ALUM CREEK DR & WINSLOW DR,-82.935865,39.925655,2,005+022,5,2,92,6,am_peak+early+evening+midday+owl+pm_peak,False,,True,362.0000000000019,1422.3999999999996,3,ALUWINN,0.2794996703728616,1,25.295272402545805,0.0,1.0,1.0,shape_dist_traveled,transfer point (2 routes)
FREFREE,FREBIS AVE & FREBIS LN,-82.947032,39.933674,2,005+022,5,2,92,6,am_peak+early+evening+midday+owl+pm_peak,False,,True,445.89999999999816,451.20000000000005,2,FREFREW,0.4121560059130472,0,0.0,0.0,0.0,0.0,shape_dist_traveled,transfer point (2 routes); catchment not reconstructable
161SATE,STATE RTE 161 & SATINWOOD DR,-82.980604,40.087248,3,008+035+043,4,1,92,6,am_peak+early+evening+midday+owl+pm_peak,False,,True,1515.7,495.1999999999999,1,161AMBW,1.1648068374520038,2,45.4085271948479,0.0,0.3333333333333333,0.3831891223733005,shape_dist_traveled,transfer point (3 routes)
ALUCORS,ALUM CREEK DR & CORVAIR BLVD,-82.938412,39.928247,2,005+022,5,2,92,6,am_peak+early+evening+midday+owl+pm_peak,False,,True,320.4999999999991,362.0000000000019,5,ALUCORN,0.6780338634902281,0,0.0,0.0,0.0,0.0,shape_dist_traveled,transfer point (2 routes); catchment not reconstructable
MCGWELS,MCGUFFEY RD & WELDON AVE,-82.981074,40.027795,2,008+011,3,1,92,6,am_peak+early+evening+midday+owl+pm_peak,False,,True,252.80000000000058,235.79999999999933,5,MCGWELN,0.36410134989390863,2,7.260680041471481,0.0,1.0,1.0,shape_dist_traveled,transfer point (2 routes)
MCGBRIS,MCGUFFEY RD & BRIARWOOD AVE,-82.981556,40.016732,2,008+011,3,1,92,6,am_peak+early+evening+midday+owl+pm_peak,False,,True,272.99999999999966,317.9999999999996,9,MCGBRIN,0.2839650379469779,3,6.206710358032073,0.0,0.6666666666666666,0.6132075471698113,shape_dist_traveled,transfer point (2 routes)
MCGABES,MCGUFFEY RD & ABERDEEN AVE,-82.98162,40.021567,2,008+011,3,1,92,6,am_peak+early+evening+midday+owl+pm_peak,False,,True,232.40000000000015,268.1000000000005,5,MCGABEN,0.41818128712494407,3,13.145344107341511,0.0,1.0,1.0,shape_dist_traveled,transfer point (2 routes)
MCGNORS,MCGUFFEY RD & E NORTH BROADWAY,-82.98084,40.03004,2,008+011,3,1,92,6,am_peak+early+evening+midday+owl+pm_peak,False,,True,160.49999999999898,252.80000000000058,11,MCGNORN,0.18657827060582277,3,12.062097488251009,0.0,0.6666666666666666,0.7597087378640776,shape_dist_traveled,transfer point (2 routes)
MCGGENS,MCGUFFEY RD & GENESSEE AVE,-82.981586,40.019174,2,008+011,3,1,92,6,am_peak+early+evening+midday+owl+pm_peak,False,,True,268.1000000000005,272.99999999999966,5,MCGOPPN,0.6199372196016337,3,10.949573933509411,0.0,1.0,1.0,shape_dist_traveled,transfer point (2 routes)
FRETHEE,FREBIS AVE & THELMA B KEE,-82.952247,39.93394,2,005+022,5,2,92,6,am_peak+early+evening+midday+owl+pm_peak,False,,True,205.2999999999976,445.89999999999816,5,FRETHEW,0.29893466651609,2,5.094186803290475,0.0,0.5,0.3333333333333333,shape_dist_traveled,transfer point (2 routes)
MCGOAKS,MCGUFFEY RD & OAKLAND PARK AVE,-82.980699,40.031471,2,008+011,3,1,92,6,am_peak+early+evening+midday+owl+pm_peak,False,,True,312.00000000000114,160.49999999999898,9,MCGOAKN,0.4132199838234201,1,8.31464972491089,0.0,1.0,1.0,shape_dist_traveled,transfer point (2 routes)
MCGWEBS,MCGUFFEY RD & E WEBER RD,-82.981524,40.023642,2,008+011,3,1,92,6,am_peak+early+evening+midday+owl+pm_peak,False,,True,230.70000000000056,232.40000000000015,5,MCGWEBN,0.5416406153677225,3,9.427173279652488,0.0,1.0,1.0,shape_dist_traveled,transfer point (2 routes)
MCGCOMS,MCGUFFEY RD & E COMO AVE,-82.981287,40.025693,2,008+011,3,1,92,6,am_peak+early+evening+midday+owl+pm_peak,False,,True,235.79999999999933,230.70000000000056,5,MCGDELN,0.17889816141946535,2,7.260680041471481,0.0,1.0,1.0,shape_dist_traveled,transfer point (2 routes)
BROWESWE,W BROAD ST & WESTWOOD BLVD,-83.145181,39.951365,2,009+010,5,1,91,6,am_peak+early+evening+midday+owl+pm_peak,False,,True,296.70000000000005,526.9999999999999,6,WESWPRN,2.315727802301367,0,0.0,0.0,0.0,0.0,shape_dist_traveled,transfer point (2 routes); catchment not reconstructable
MCGWEBN,MCGUFFEY RD & E WEBER RD,-82.981388,40.023266,2,008+011,3,1,90,6,am_peak+early+evening+midday+owl+pm_peak,False,,True,222.3000000000006,279.799999999998,5,MCGWEBS,0.5416406153677225,3,9.427173279652488,0.0,1.0,1.0,shape_dist_traveled,transfer point (2 routes)
MCGDELN,MCGUFFEY RD & DELNO AVE,-82.98114,40.025755,2,008+011,3,1,90,6,am_peak+early+evening+midday+owl+pm_peak,False,,True,279.799999999998,200.7000000000012,5,MCGCOMS,0.17889816141946535,2,7.260680041471481,0.0,1.0,1.0,shape_dist_traveled,transfer point (2 routes)
PORSPIN,PORT RD & SPIEGEL DR,-82.924559,39.837429,2,022+024,3,1,90,6,am_peak+early+evening+midday+owl+pm_peak,False,,True,522.8999999999999,478.20000000000016,1,PORSPIS,0.3993919233221519,0,0.0,0.0,0.0,0.0,shape_dist_traveled,transfer point (2 routes); catchment not reconstructable
ALUWLONN,ALUM CREEK DR & LONDON-GROVEPORT RD NB,-82.933749,39.830554,2,022+024,3,1,90,6,am_peak+early+evening+midday+owl+pm_peak,False,,True,1166.4,1035.4999999999998,1,ALUWLONS,1.4174830392347963,0,0.0,0.0,0.0,0.0,shape_dist_traveled,transfer point (2 routes); catchment not reconstructable
BRO386E,3865 W BROAD ST,-83.099435,39.953612,2,005+010,5,2,90,6,am_peak+early+evening+midday+owl+pm_peak,False,,True,846.2,160.29999999999944,3,BROVIOW,0.8944316763799384,1,100.01001218413845,0.0,1.0,1.0,shape_dist_traveled,transfer point (2 routes)
SPIALU1E,SPIEGEL DR & ALUM CREEK DR,-82.930208,39.83714,2,022+024,3,1,90,6,am_peak+early+evening+midday+owl+pm_peak,False,,True,1035.4999999999998,522.8999999999999,0,,,0,0.0,0.0,0.0,0.0,shape_dist_traveled,no walking alternative within 5 min; transfer point (2 routes); catchment not reconstructable
161KARW,STATE RTE 161 & KARL RD,-82.975775,40.087342,3,008+035+043,4,1,90,6,am_peak+early+evening+midday+owl+pm_peak,False,,True,358.4999999999994,493.80000000000024,8,KAR161S,0.8502831827788674,2,14.87268331075611,0.0,0.5,0.3877952755905509,shape_dist_traveled,transfer point (3 routes)
MCGWELN,MCGUFFEY RD & WELDON AVE,-82.980959,40.027548,2,008+011,3,1,90,6,am_peak+early+evening+midday+owl+pm_peak,False,,True,200.7000000000012,288.79999999999836,5,MCGWELS,0.36410134989390863,2,7.260680041471481,0.0,1.0,1.0,shape_dist_traveled,transfer point (2 routes)
MCGHUDN,MCGUFFEY RD & E HUDSON ST,-82.981369,40.014757,2,008+011,3,1,90,6,am_peak+early+evening+midday+owl+pm_peak,False,,True,387.7000000000024,240.99999999999966,11,HUDMCGW,0.8154423466573751,2,3.7474477633401193,0.0,0.25,0.12416851441241686,shape_dist_traveled,transfer point (2 routes)
161AMBW,STATE RTE 161 & AMBLESIDE DR,-82.981603,40.087588,3,008+035+043,4,1,90,6,am_peak+early+evening+midday+owl+pm_peak,False,,True,493.80000000000024,971.7000000000055,1,161SATE,1.1648068374520038,2,47.31152801216904,0.0,0.3333333333333333,0.3831891223733005,shape_dist_traveled,transfer point (3 routes)
MCGOAKN,MCGUFFEY RD & OAKLAND PARK AVE,-82.980525,40.031737,2,008+011,3,1,90,6,am_peak+early+evening+midday+owl+pm_peak,False,,True,182.5999999999972,275.90000000000003,10,MCGOAKS,0.4132199838234201,1,8.31464972491089,0.0,1.0,1.0,shape_dist_traveled,transfer point (2 routes)
PORROHN,PORT RD & ROHR RD,-82.924359,39.841685,2,022+024,3,1,90,6,am_peak+early+evening+midday+owl+pm_peak,False,,True,478.20000000000016,900.9999999999998,1,PORROHS,0.24705422582342326,0,0.0,0.0,0.0,0.0,shape_dist_traveled,transfer point (2 routes); catchment not reconstructable
BROBUEW,W BROAD ST & BUENA VISTA AVE,-83.140694,39.951792,2,009+010,5,1,90,6,am_peak+early+evening+midday+owl+pm_peak,False,,True,343.20000000000306,650.7000000000005,6,NORGRES1,1.6603112920865182,0,0.0,0.0,0.0,0.0,shape_dist_traveled,transfer point (2 routes); catchment not reconstructable
MCGNORN,MCGUFFEY RD & E NORTH BROADWAY,-82.980694,40.030114,2,008+011,3,1,90,6,am_peak+early+evening+midday+owl+pm_peak,False,,True,288.79999999999836,182.5999999999972,11,MCGNORS,0.18657827060582277,2,9.163680858792635,0.0,0.6666666666666666,0.7597087378640776,shape_dist_traveled,transfer point (2 routes)
MCGABEN,MCGUFFEY RD & ABERDEEN AVE,-82.981472,40.021288,2,008+011,3,1,90,6,am_peak+early+evening+midday+owl+pm_peak,False,,True,189.00000000000006,222.3000000000006,5,MCGABES,0.41818128712494407,3,13.145344107341511,0.0,1.0,1.0,shape_dist_traveled,transfer point (2 routes)
MCGBRIN,MCGUFFEY RD & BRIARWOOD AVE,-82.981416,40.016906,2,008+011,3,1,90,6,am_peak+early+evening+midday+owl+pm_peak,False,,True,240.99999999999966,301.9999999999996,9,MCGBRIS,0.2839650379469779,2,3.8060016346423087,0.0,0.6666666666666666,0.6132075471698113,shape_dist_traveled,transfer point (2 routes)
BROGEOE,W BROAD ST & GEORGESVILLE RD,-83.109385,39.953001,2,005+010,5,2,90,6,am_peak+early+evening+midday+owl+pm_peak,False,,True,455.89999999999975,846.2,3,BROPHIW,0.5389289860059087,0,0.0,0.0,0.0,0.0,shape_dist_traveled,transfer point (2 routes); catchment not reconstructable
MCGOPPN,MCGUFFEY RD & GENESSEE AVE,-82.981454,40.019609,2,008+011,3,1,90,6,am_peak+early+evening+midday+owl+pm_peak,False,,True,301.9999999999996,189.00000000000006,5,MCGGENS,0.6199372196016337,3,10.949573933509411,0.0,1.0,1.0,shape_dist_traveled,transfer point (2 routes)
FREOAKW,FREBIS AVE & OAKWOOD AVE,-82.969779,39.934896,2,004+022,4,2,89,6,am_peak+early+evening+midday+owl+pm_peak,False,,True,331.60000000000167,253.59999999999872,6,FREOAKE,0.9095437255378437,2,10.686081512649558,0.0,1.0,1.0,shape_dist_traveled,transfer point (2 routes)
FRESTUW,FREBIS AVE & STUDER AVE,-82.965872,39.934713,2,004+022,4,2,89,6,am_peak+early+evening+midday+owl+pm_peak,False,,True,347.6999999999997,331.60000000000167,6,FRESTUE,0.7194656876882919,1,6.499479714543019,0.0,0.0,0.0,shape_dist_traveled,transfer point (2 routes)
ALUWHWN,ALUM CREEK DR & WHIMSWILLOW DR,-82.929799,39.891813,2,004+022,4,2,89,6,am_peak+early+evening+midday+owl+pm_peak,False,,True,236.4,338.7999999999991,5,ALUWHWS,0.5471841304044803,1,8.607419081421838,0.0,1.0,1.0,shape_dist_traveled,transfer point (2 routes)
ALUWILN,ALUM CREEK DR & WILLIAMS RD,-82.929983,39.88971,2,004+022,4,2,89,6,am_peak+early+evening+midday+owl+pm_peak,False,,True,454.8999999999985,236.4,6,WILARIE,1.928638561537786,1,8.607419081421838,0.0,0.0,0.0,shape_dist_traveled,transfer point (2 routes)
ALUNEWWN,ALUM CREEK DR & NEW WORLD DR,-82.929247,39.898262,2,004+022,4,2,89,6,am_peak+early+evening+midday+owl+pm_peak,False,,True,384.6999999999998,923.0,3,ALUNEWWS,0.3846712005909933,2,29.335489522396873,0.0,1.0,1.0,shape_dist_traveled,transfer point (2 routes)
ALUCORN,ALUM CREEK DR & CORVAIR BLVD,-82.93786,39.928006,2,005+022,4,2,89,6,am_peak+early+evening+midday+owl+pm_peak,False,,True,321.29999999999905,331.8999999999992,5,ALUCORS,0.6780338634902281,0,0.0,0.0,0.0,0.0,shape_dist_traveled,transfer point (2 routes); catchment not reconstructable
FREALUW,FREBIS AVE & ALUM CREEK DR,-82.943233,39.933749,2,005+022,4,2,89,6,am_peak+early+evening+midday+owl+pm_peak,False,,True,230.50000000000102,349.2999999999995,7,ALUFRES,1.2360208212238484,0,0.0,0.0,0.0,0.0,shape_dist_traveled,transfer point (2 routes); catchment not reconstructable
FREFREW,FREBIS AVE & FREBIS LN,-82.947351,39.933841,2,005+022,4,2,89,6,am_peak+early+evening+midday+owl+pm_peak,False,,True,349.2999999999995,394.80000000000007,3,FREFREE,0.4121560059130472,0,0.0,0.0,0.0,0.0,shape_dist_traveled,transfer point (2 routes); catchment not reconstructable
FRETHEW,FREBIS AVE & THELMA B KEE,-82.952008,39.934052,2,005+022,4,2,89,6,am_peak+early+evening+midday+owl+pm_peak,False,,True,394.80000000000007,229.40000000000003,6,FRETHEE,0.29893466651609,1,1.6980622677634916,0.0,0.5,0.3333333333333333,shape_dist_traveled,transfer point (2 routes)
FREFAIW,FREBIS AVE & FAIRWOOD AVE,-82.954704,39.93417,2,005+022,4,2,89,6,am_peak+early+evening+midday+owl+pm_peak,False,,True,229.40000000000003,297.5999999999992,7,FREFAIE1,0.15214732148226467,2,5.094186803290475,0.0,0.5,0.6666666666666666,shape_dist_traveled,transfer point (2 routes)
ALUWINN,ALUM CREEK DR & WINSLOW DR,-82.935613,39.925709,2,005+022,4,2,89,6,am_peak+early+evening+midday+owl+pm_peak,False,,True,1420.8999999999996,321.29999999999905,3,ALUWINS,0.2794996703728616,1,25.295272402545805,0.0,1.0,1.0,shape_dist_traveled,transfer point (2 routes)
BROVIOW,W BROAD ST & VIOTIS DR,-83.100228,39.953819,2,005+010,5,2,89,6,am_peak+early+evening+midday+owl+pm_peak,False,,True,190.3999999999968,795.9999999999993,3,BRO386E,0.8944316763799384,1,100.01001218413845,0.0,1.0,1.0,shape_dist_traveled,transfer point (2 routes)
ALUPROMN,ALUM CREEK DR & PROCLAMATION WAY,-82.929546,39.894826,2,004+022,4,2,89,6,am_peak+early+evening+midday+owl+pm_peak,False,,True,338.7999999999991,384.6999999999998,5,ALUCRKWS,0.8970456277620746,1,8.607419081421838,0.0,1.0,1.0,shape_dist_traveled,transfer point (2 routes)
ALU1900N,1900 ALUM CREEK DR,-82.940173,39.930388,2,005+022,4,2,89,6,am_peak+early+evening+midday+owl+pm_peak,False,,True,331.8999999999992,264.6999999999995,6,ALU1900S,0.549846760491473,1,129.44309149203974,0.0,1.0,1.0,shape_dist_traveled,transfer point (2 routes)
ALUFRAN,ALUM CREEK DR & INTEGRITY DR S,-82.941667,39.93246,2,005+022,4,2,89,6,am_peak+early+evening+midday+owl+pm_peak,False,,True,264.6999999999995,230.50000000000102,5,ALUFRES,1.2460689790593642,0,0.0,0.0,0.0,0.0,shape_dist_traveled,transfer point (2 routes); catchment not reconstructable
BROPHIW,W BROAD ST & PHILLIPI RD,-83.109614,39.953347,2,005+010,5,2,89,6,am_peak+early+evening+midday+owl+pm_peak,False,,True,795.9999999999993,205.39999999999736,3,BROGEOE,0.5389289860059087,0,0.0,0.0,0.0,0.0,shape_dist_traveled,transfer point (2 routes); catchment not reconstructable
BROCONEW,W BROAD ST & BROADLAWN AVE,-83.097982,39.953936,2,005+010,5,2,89,6,am_peak+early+evening+midday+owl+pm_peak,False,,True,458.80000000000007,190.3999999999968,5,BROBROLE,0.5748977043735353,1,100.01001218413845,0.0,1.0,1.0,shape_dist_traveled,transfer point (2 routes)
MARHAME,MARTIN LUTHER KING & HAMILTON AVE,-82.981547,39.968754,2,007+009,5,1,88,6,am_peak+early+evening+midday+owl+pm_peak,False,,True,460.2999999999997,351.7999999999999,8,SPRHAMW,1.1172917008560552,1,9.280788601397022,0.0,0.0,0.0,shape_dist_traveled,transfer point (2 routes)
GEOINDS,GEORGESVILLE RD & INDUSTRIAL MILE,-83.111848,39.943258,2,006+021,2,2,86,6,am_peak+early+evening+midday+owl+pm_peak,False,,True,336.7,270.2999999999998,7,GEOSULN,2.23317273083664,2,15.774412928809815,0.0,0.3333333333333333,0.3137789904502045,shape_dist_traveled,transfer point (2 routes)
GEODELN,GEORGESVILLE RD & INDUSTRIAL MILE,-83.111356,39.944877,2,006+021,2,2,86,6,am_peak+early+evening+midday+owl+pm_peak,False,,True,364.59999999999934,318.69999999999976,6,GEOLINS,1.9237080753787617,2,15.774412928809815,0.0,0.5,0.4562647754137116,shape_dist_traveled,transfer point (2 routes)
GEOBROS,GEORGESVILLE RD & W BROAD ST,-83.110608,39.951815,2,006+021,2,2,86,6,am_peak+early+evening+midday+owl+pm_peak,False,,True,536.5,369.29999999999995,5,BROGEOE,2.101463797646056,0,0.0,0.0,0.0,0.0,shape_dist_traveled,transfer point (2 routes); catchment not reconstructable
GEOLINS,GEORGESVILLE RD & LINCOLN PARK CT,-83.111369,39.946263,2,006+021,2,2,86,6,am_peak+early+evening+midday+owl+pm_peak,False,,True,256.1,336.7,4,GEODELN,1.9237080753787617,1,9.040717729058038,0.0,0.5,0.4562647754137116,shape_dist_traveled,transfer point (2 routes)
GEOCASN,GEORGESVILLE RD & CASINO SERVICE RD,-83.110838,39.947698,2,006+021,2,2,86,6,am_peak+early+evening+midday+owl+pm_peak,False,,True,318.69999999999976,762.0000000000005,3,GEOSHOS,1.166368860626465,1,9.040717729058038,0.0,1.0,1.0,shape_dist_traveled,transfer point (2 routes)
GEOSHOS,GEORGESVILLE RD & SHOPPERS LN,-83.111032,39.948525,2,006+021,2,2,86,6,am_peak+early+evening+midday+owl+pm_peak,False,,True,369.29999999999995,256.1,3,GEOCASN,1.166368860626465,1,9.040717729058038,0.0,1.0,1.0,shape_dist_traveled,transfer point (2 routes)
FIEMOBDS,FIELDS AVE & MOBILITY DR,-82.991904,39.988508,2,012+022,3,1,83,6,am_peak+early+evening+midday+owl+pm_peak,False,,True,185.39999999999958,176.89999999999984,8,FIE1330N,1.2445015967084123,0,0.0,0.0,0.0,0.0,shape_dist_traveled,transfer point (2 routes); catchment not reconstructable
FIE5THS,FIELDS AVE & E 5TH AVE,-82.992105,39.98694,2,012+022,3,1,83,6,am_peak+early+evening+midday+owl+pm_peak,False,,True,176.89999999999984,381.20000000000005,11,FIE5THN,0.31938608920062445,1,8.31464972491089,0.0,0.0,0.0,shape_dist_traveled,transfer point (2 routes)
MCKTRAW,MCKINLEY AVE & MCK TRANSPORTATION,-83.04135,39.964411,1,012,2,2,82,4,am_peak+evening+midday+pm_peak,True,012,False,87.30000000000082,434.90000000000003,7,MCKMCKW,0.7644271479182024,0,0.0,0.0,0.0,0.0,shape_dist_traveled,terminal; catchment not reconstructable
EASOFFE,EASTGREEN BLVD & OFFICEVIEW PL,-82.829364,39.93829,2,001+051,3,1,80,6,am_peak+early+evening+midday+owl+pm_peak,False,,True,528.5000000000011,308.6999999999982,4,EASOFFW,0.5833609695056498,1,11.28918638706211,0.0,1.0,1.0,shape_dist_traveled,transfer point (2 routes)
BETDIEW,BETHEL RD & DIERKER RD,-83.075515,40.064417,3,001+033+072,4,2,79,6,am_peak+early+evening+midday+owl+pm_peak,False,,True,355.3999999999995,227.2999999999996,6,DIEBETS,1.0494124383608006,3,26.35509747311546,0.0,0.4,0.27900287631831244,shape_dist_traveled,transfer point (3 routes)
SUM3RDS,SUMMIT ST & E 3RD AVE,-83.001442,39.983305,2,004+012,2,2,79,6,am_peak+early+evening+midday+owl+pm_peak,False,,True,364.0000000000008,117.19999999999997,8,SUM2NDS,1.4502369336340624,2,59.75422566388431,0.0,1.0,1.0,shape_dist_traveled,transfer point (2 routes)
SUM5THS,SUMMIT ST & E 5TH AVE,-83.002091,39.98652,2,004+012,2,2,79,6,am_peak+early+evening+midday+owl+pm_peak,False,,True,226.5999999999999,364.0000000000008,11,5TH4THW,2.290018186773321,1,6.93863374930944,0.0,1.0,1.0,shape_dist_traveled,transfer point (2 routes)
BETCOAW,BETHEL RD & COACHMAN RD,-83.081696,40.064618,3,001+033+072,4,2,79,6,am_peak+early+evening+midday+owl+pm_peak,False,,True,296.2999999999951,454.5999999999992,4,BETWOOE,1.0215952848007486,3,30.254785301841284,0.0,1.0,1.0,shape_dist_traveled,transfer point (3 routes)
EASOFFW,EASTGREEN BLVD & OFFICEVIEW PL,-82.828864,39.938459,2,001+051,3,1,79,6,am_peak+early+evening+midday+owl+pm_peak,False,,True,223.5,156.4,4,EASOFFE,0.5833609695056498,1,11.28918638706211,0.0,1.0,1.0,shape_dist_traveled,transfer point (2 routes)
BETHEDE,BETHEL RD & HEDGEROW RD,-83.077471,40.064292,3,001+033+072,4,2,79,6,am_peak+early+evening+midday+owl+pm_peak,False,,True,280.29999999999865,263.29999999999995,7,BETBETW,0.8277674612255863,3,24.867829142039852,0.0,1.0,1.0,shape_dist_traveled,transfer point (3 routes)
BETBETW,BETHEL RD & BETHEL PARK DR,-83.078198,40.064501,3,001+033+072,4,2,79,6,am_peak+early+evening+midday+owl+pm_peak,False,,True,227.2999999999996,296.2999999999951,6,BETHEDE,0.8277674612255863,3,24.867829142039852,0.0,1.0,1.0,shape_dist_traveled,transfer point (3 routes)
SUM2NDS,SUMMIT ST & E 2ND AVE,-83.001246,39.982271,2,004+012,2,2,79,6,am_peak+early+evening+midday+owl+pm_peak,False,,True,117.19999999999997,359.89999999999986,7,SUM3RDS,1.4502369336340624,2,59.75422566388431,0.0,1.0,1.0,shape_dist_traveled,transfer point (2 routes)
SUMWARS,SUMMIT ST & WARREN ST,-83.000634,39.979089,2,004+012,2,2,79,6,am_peak+early+evening+midday+owl+pm_peak,False,,True,359.89999999999986,1617.1999999999987,6,4TH803N,2.7935486435013077,3,105.10419898742988,0.0,0.3333333333333333,0.274930362116992,shape_dist_traveled,transfer point (2 routes)
FIE5THN,FIELDS AVE & E 5TH AVE,-82.991977,39.987148,2,012+022,2,1,79,6,am_peak+early+evening+midday+owl+pm_peak,False,,True,82.30000000000004,253.2000000000014,11,FIE5THS,0.31938608920062445,0,0.0,0.0,0.0,0.0,shape_dist_traveled,transfer point (2 routes); catchment not reconstructable
FIE1330N,1330 FIELDS AVE,-82.991733,39.989395,2,012+022,2,1,79,6,am_peak+early+evening+midday+owl+pm_peak,False,,True,253.2000000000014,142.09999999999923,6,1333FIES,1.072092313287369,0,0.0,0.0,0.0,0.0,shape_dist_traveled,transfer point (2 routes); catchment not reconstructable
1333FIEN,1333 FIELDS AVE,-82.991618,39.990665,2,012+022,2,1,79,6,am_peak+early+evening+midday+owl+pm_peak,False,,True,142.09999999999923,141.0,5,1333FIES,0.7178607291692184,0,0.0,0.0,0.0,0.0,shape_dist_traveled,transfer point (2 routes); catchment not reconstructable
2425BET,2425 BETHEL RD,-83.084102,40.064518,3,001+033+072,4,2,79,6,am_peak+early+evening+midday+owl+pm_peak,False,,True,336.39999999999935,281.39999999999964,5,BETCOAW,2.5695212606804505,2,14.843406375105015,0.0,0.6666666666666666,0.6064593301435405,shape_dist_traveled,transfer point (3 routes)
BETWOOE,BETHEL RD & WOOD RUN BLVD,-83.080781,40.0644,3,001+033+072,4,2,79,6,am_peak+early+evening+midday+owl+pm_peak,False,,True,281.39999999999964,280.29999999999865,4,BETCOAW,1.0215952848007486,3,30.254785301841284,0.0,1.0,1.0,shape_dist_traveled,transfer point (3 routes)
MORMAIE,MORSE RD & MAIZE RD,-82.986753,40.061006,2,034+042,2,1,78,6,am_peak+early+evening+midday+owl+pm_peak,False,,True,515.0999999999999,314.0999999999998,6,MORMAIW,1.1263247265008185,1,28.059015128009186,0.0,0.5,0.7182254196642689,shape_dist_traveled,transfer point (2 routes)
MORALME,MORSE RD & ALMONT DR,-82.983053,40.06077,2,034+042,2,1,78,6,am_peak+early+evening+midday+owl+pm_peak,False,,True,314.0999999999998,555.6000000000001,5,MORALMW,0.4503367832316913,1,11.33017409697366,0.0,1.0,1.0,shape_dist_traveled,transfer point (2 routes)
4TH2NDN,N 4TH ST & E 2ND AVE,-82.998665,39.98259,2,004+012,3,2,78,6,am_peak+early+evening+midday+owl+pm_peak,False,,True,362.40000000000094,212.59999999999835,4,4THDETN,2.6349210308416495,1,28.89633548763048,0.0,1.0,1.0,shape_dist_traveled,transfer point (2 routes)
4THLINN,N 4TH ST & LINCOLN ST,-82.997995,39.976722,2,004+012,3,2,78,6,am_peak+early+evening+midday+owl+pm_peak,False,,True,1167.6000000000001,298.29999999999933,2,4TH803N,3.7102076428792734,1,28.89633548763048,0.0,1.0,1.0,shape_dist_traveled,transfer point (2 routes)
4TH803N,803 N 4TH ST,-82.998048,39.979395,2,004+012,3,2,78,6,am_peak+early+evening+midday+owl+pm_peak,False,,True,298.29999999999933,362.40000000000094,3,SUMWARS,2.7935486435013077,1,28.89633548763048,0.0,0.3333333333333333,0.274930362116992,shape_dist_traveled,transfer point (2 routes)
MORALMW,MORSE RD & ALMONT DR,-82.983245,40.061059,2,034+042,2,1,78,6,am_peak+early+evening+midday+owl+pm_peak,False,,True,393.2000000000002,380.39999999999986,6,MORALME,0.4503367832316913,1,11.33017409697366,0.0,1.0,1.0,shape_dist_traveled,transfer point (2 routes)
MORKARW1,MORSE RD & KARL RD,-82.978615,40.060788,2,034+042,2,1,78,6,am_peak+early+evening+midday+owl+pm_peak,False,,True,213.60000000000045,393.2000000000002,8,KARMORS,1.5548042361792027,1,11.33017409697366,0.0,1.0,1.0,shape_dist_traveled,transfer point (2 routes)
4THDETN,N 4TH ST & DETROIT AVE,-82.999027,39.984468,2,004+012,3,2,78,6,am_peak+early+evening+midday+owl+pm_peak,False,,True,212.59999999999835,329.20000000000016,9,4TH2NDN,2.6349210308416495,1,28.89633548763048,0.0,1.0,1.0,shape_dist_traveled,transfer point (2 routes)
4THSPRN,N 4TH ST & E SPRING ST,-82.996877,39.966547,2,004+012,3,2,78,6,am_peak+early+evening+midday+owl+pm_peak,False,,True,525.5999999999972,1167.6000000000001,9,SPR4THW,0.9697091969660739,0,0.0,0.0,0.0,0.0,shape_dist_traveled,transfer point (2 routes); catchment not reconstructable
EASTER7,EASTON TERMINAL BAY 7,-82.909141,40.060719,1,031,2,2,78,6,am_peak+early+evening+midday+owl+pm_peak,True,031,False,301.20000000000147,549.8,12,EASTER1,0.0,0,0.0,0.0,0.0,0.0,shape_dist_traveled,terminal; catchment not reconstructable
MOR2975E,2975 MORSE RD,-82.941099,40.058859,1,034,1,1,77,6,am_peak+early+evening+midday+owl+pm_peak,False,,False,324.50000000000045,374.6999999999998,4,MORWESW,2.0204065619239793,0,0.0,0.0,0.0,0.0,shape_dist_traveled,catchment not reconstructable
MORCLEE,MORSE RD & CLEVELAND AVE,-82.952229,40.059373,1,034,1,1,77,6,am_peak+early+evening+midday+owl+pm_peak,False,,False,416.29999999999967,219.60000000000068,5,CLEMORN,0.8199174903072193,2,8.958742309234973,0.0,1.0,1.0,shape_dist_traveled,
MORCHEE,MORSE RD & CHESFORD RD,-82.944934,40.059039,1,034,1,1,77,6,am_peak+early+evening+midday+owl+pm_peak,False,,False,397.99999999999966,324.50000000000045,3,MOROPPW,0.5937370445863696,1,20.259639470557545,0.0,1.0,1.0,shape_dist_traveled,
MORWALE,MORSE RD & WALFORD ST,-82.961301,40.059834,1,034,1,1,77,6,am_peak+early+evening+midday+owl+pm_peak,False,,False,468.90000000000055,353.79999999999967,3,MORNORW,1.710156699673328,2,24.399398171622334,0.0,0.6666666666666666,0.5626822157434396,shape_dist_traveled,
MORMORS,MORSE CROSSING & MORSE RD,-82.918465,40.056593,1,034,1,1,77,6,am_peak+early+evening+midday+owl+pm_peak,False,,False,477.5000000000009,165.30000000000024,6,MORMORE1,1.8758204699733672,0,0.0,0.0,0.0,0.0,shape_dist_traveled,catchment not reconstructable
MOR415S,4155 MORSE CROSSING,-82.91858,40.055122,1,034,1,1,77,6,am_peak+early+evening+midday+owl+pm_peak,False,,False,165.30000000000024,500.99999999999943,5,MORSETN,0.3224141344841046,0,0.0,0.0,0.0,0.0,shape_dist_traveled,catchment not reconstructable
MORGOLE,MORSE RD & GOLDENGATE SQ N,-82.949625,40.059243,1,034,1,1,77,6,am_peak+early+evening+midday+owl+pm_peak,False,,False,219.60000000000068,397.99999999999966,5,MOR2560W,1.8223632328063886,2,24.680456753872843,0.0,0.5,0.30382293762575424,shape_dist_traveled,
MORTAME,MORSE RD & TAMARACK BLVD,-82.970357,40.060215,1,034,1,1,77,6,am_peak+early+evening+midday+owl+pm_peak,False,,False,272.3000000000004,298.1999999999996,7,MORTAMW,1.2624144431216693,2,16.687853321124017,0.0,1.0,1.0,shape_dist_traveled,
MOR177E,MORSE RD & NORTHLAND RIDGE BLVD,-82.973579,40.060279,1,034,1,1,77,6,am_peak+early+evening+midday+owl+pm_peak,False,,False,237.40000000000006,272.3000000000004,11,MOR170W,1.2787139860386711,1,13.174621042992653,0.0,0.0,0.0,shape_dist_traveled,
MOREASN1,MORSE CROSSING & EASTON WAY,-82.919927,40.049507,1,034,1,1,77,6,am_peak+early+evening+midday+owl+pm_peak,False,,False,428.89999999999964,242.30000000000106,8,EASMORW,1.4859634231949437,0,0.0,0.0,0.0,0.0,shape_dist_traveled,catchment not reconstructable
MORGRAS,MORSE CROSSING & EASTON MARKET,-82.920136,40.050883,1,034,1,1,77,6,am_peak+early+evening+midday+owl+pm_peak,False,,False,500.99999999999943,346.89999999999975,5,MORGRAMN,1.1359650952805664,0,0.0,0.0,0.0,0.0,shape_dist_traveled,catchment not reconstructable
MORHEATE,MORSE RD & HEATON RD,-82.96684,40.060111,1,034,1,1,77,6,am_peak+early+evening+midday+owl+pm_peak,False,,False,298.1999999999996,468.90000000000055,4,MORHEAW,1.3923717180248067,3,35.65930762303337,18.971454301909354,0.6666666666666666,0.8755760368663597,shape_dist_traveled,only access for 19 daily trips
HUDSUME,E HUDSON ST & SUMMIT ST,-83.000867,40.015091,2,004+031,2,1,77,6,am_peak+early+evening+midday+owl+pm_peak,False,,True,312.8000000000011,192.20000000000147,8,HUDSUMW,0.4519321203534152,3,15.25328347422033,0.0,0.6666666666666666,0.7351247600767755,shape_dist_traveled,transfer point (2 routes)
OHIAFRE,OHIOHEALTH & AFRICA RD,-82.935922,40.147692,1,101,2,2,77,6,am_peak+early+evening+midday+owl+pm_peak,True,101,False,457.2000000000003,585.0999999999999,1,AFRPOLN,3.4567466710060644,1,82.56095853608693,0.0,1.0,1.0,shape_dist_traveled,terminal
MORMALE,MORSE RD & MALIN ST,-82.95714,40.059649,1,034,1,1,77,6,am_peak+early+evening+midday+owl+pm_peak,False,,False,353.79999999999967,416.29999999999967,5,MORMALW,1.1939644033264933,2,24.399398171622334,0.0,1.0,1.0,shape_dist_traveled,
MOR170W,1700 MORSE RD,-82.97471,40.060585,1,034,1,1,77,6,am_peak+early+evening+midday+owl+pm_peak,False,,False,273.3999999999987,330.7000000000002,12,MOR177E,1.2787139860386711,0,0.0,0.0,0.0,0.0,shape_dist_traveled,catchment not reconstructable
MORHEAW,MORSE RD & HEATON RD,-82.968093,40.060393,1,034,1,1,77,6,am_peak+early+evening+midday+owl+pm_peak,False,,False,444.70000000000095,287.20000000000033,5,MORHEATE,1.3923717180248067,2,16.687853321124017,0.0,0.6666666666666666,0.8755760368663597,shape_dist_traveled,
MORGRAMN,MORSE CROSSING & GRAMERCY ST,-82.91983,40.051667,1,034,1,1,77,6,am_peak+early+evening+midday+owl+pm_peak,False,,False,242.30000000000106,406.7999999999987,7,MORGRAS,1.1359650952805664,0,0.0,0.0,0.0,0.0,shape_dist_traveled,catchment not reconstructable
MOROPPW,MORSE RD & CHESFORD RD,-82.944432,40.059224,1,034,1,1,77,6,am_peak+early+evening+midday+owl+pm_peak,False,,False,440.7999999999994,215.29999999999916,3,MORCHEE,0.5937370445863696,1,20.259639470557545,0.0,1.0,1.0,shape_dist_traveled,
MOR2700W,2700 MORSE RD,-82.946967,40.059341,1,034,1,1,77,6,am_peak+early+evening+midday+owl+pm_peak,False,,False,215.29999999999916,365.09999999999997,4,MORCHEE,2.2082068278759936,2,24.680456753872843,0.0,0.5,0.6961770623742457,shape_dist_traveled,
MORCLEW,MORSE RD & CLEVELAND AVE,-82.954772,40.059804,1,034,1,1,77,6,am_peak+early+evening+midday+owl+pm_peak,False,,False,296.90000000000083,287.79999999999893,6,CLEMORS,2.2093693988044945,3,28.82021545493763,0.0,0.6666666666666666,0.41917808219178043,shape_dist_traveled,
MEDCCW,MEDICAL CENTER DR & OLD CANNON DR,-83.018683,39.992582,2,022+031,2,2,77,6,am_peak+early+evening+midday+owl+pm_peak,False,,True,239.80000000000246,859.9999999999994,4,MEDCCE,0.26650678885683926,1,1.0246927477883139,0.0,1.0,1.0,shape_dist_traveled,transfer point (2 routes)
9THMEDCW,W 9TH AVE & MEDICAL CTR DR,-83.016716,39.993389,2,022+031,2,2,77,6,am_peak+early+evening+midday+owl+pm_peak,False,,True,368.1999999999981,239.80000000000246,7,MEDC9THN,0.7107982471087987,3,2.4299856590408586,0.0,0.3333333333333333,0.42168674698795183,shape_dist_traveled,transfer point (2 routes)
HIGKANN,N HIGH ST & E KANAWHA AVE,-83.018941,40.07093,2,033+102,3,2,77,6,am_peak+early+evening+midday+owl+pm_peak,False,,True,262.2,274.3000000000002,9,HIGKANS,0.5709225205200028,0,0.0,0.0,0.0,0.0,shape_dist_traveled,transfer point (2 routes); catchment not reconstructable
MOR2560W,2560 MORSE RD,-82.95128,40.05957,1,034,1,1,77,6,am_peak+early+evening+midday+owl+pm_peak,False,,False,365.09999999999997,296.90000000000083,6,MORCLEE,1.0483268807399058,1,4.420817283315297,0.0,0.5,0.4934640522875818,shape_dist_traveled,
MORMALW,MORSE RD & MALIN ST,-82.958169,40.059988,1,034,1,1,77,6,am_peak+early+evening+midday+owl+pm_peak,False,,False,287.79999999999893,394.80000000000007,4,MORMALE,1.1939644033264933,2,24.399398171622334,0.0,1.0,1.0,shape_dist_traveled,
MORNORW,MORSE RD & NORTHTOWNE BLVD,-82.962842,40.060175,1,034,1,1,77,6,am_peak+early+evening+midday+owl+pm_peak,False,,False,394.80000000000007,444.70000000000095,3,MORWALE,1.710156699673328,3,37.574019214614985,0.0,0.6666666666666666,0.5626822157434396,shape_dist_traveled,
BOBEDGS,BOBCAT AVE & EDGEHILL RD,-83.029498,39.983806,2,003+022,2,2,77,6,am_peak+early+evening+midday+owl+pm_peak,False,,True,380.70000000000005,327.2000000000004,6,3RDEDGW1,1.293786709287183,1,12.413420716064168,0.0,0.5,0.18911685994647695,shape_dist_traveled,transfer point (2 routes)
MORWESW,MORSE RD & WESTERVILLE RD,-82.939219,40.059039,1,034,1,1,77,6,am_peak+early+evening+midday+owl+pm_peak,False,,False,615.2000000000015,440.7999999999994,3,MOR2975E,2.0204065619239793,1,21.875726318497968,0.0,0.0,0.0,shape_dist_traveled,
BOBBELS,BOBCAT AVE & 1ST AVE,-83.029243,39.980902,2,003+022,2,2,77,6,am_peak+early+evening+midday+owl+pm_peak,False,,True,327.2000000000004,885.9999999999992,6,BOBBELN,0.207265227611264,1,12.413420716064168,0.0,1.0,1.0,shape_dist_traveled,transfer point (2 routes)
MORSETN,MORSE CROSSING & SETON ST,-82.918293,40.055049,1,034,1,1,77,6,am_peak+early+evening+midday+owl+pm_peak,False,,False,406.7999999999987,415.6000000000013,5,MOR415S,0.3224141344841046,0,0.0,0.0,0.0,0.0,shape_dist_traveled,catchment not reconstructable
EASTER3,EASTON TERMINAL BAY 3,-82.909141,40.060719,1,024,2,2,76,6,am_peak+early+evening+midday+owl+pm_peak,True,024,False,301.20000000000147,549.8,12,EASTER1,0.0,0,0.0,0.0,0.0,0.0,shape_dist_traveled,terminal; catchment not reconstructable
MCAR3,MOBILITY CENTER AT RICKENBACKER BAY 3,-82.945334,39.829925,1,024,2,2,76,6,am_peak+early+evening+midday+owl+pm_peak,True,024,False,1693.6999999999998,1166.4,1,MCAR1,0.27389836790130956,1,178.1208765012597,0.0,1.0,1.0,shape_dist_traveled,terminal
NORKINS1,NORTHWEST BLVD & GIANT EAGLE,-83.057386,40.021089,1,003,2,2,76,6,am_peak+early+evening+midday+owl+pm_peak,True,003,False,532.8000000000018,299.5,7,ZOLNORW3,3.1467114686139483,2,22.49723383817693,0.0,1.0,1.0,shape_dist_traveled,terminal
PKWCTRS,PARKWAY CENTRE DR & STRINGTOWN RD,-83.045635,39.877625,1,003,2,2,76,6,am_peak+early+evening+midday+owl+pm_peak,True,003,False,1158.4000000000003,1095.8000000000002,1,STRTHISW,2.9720906091368122,0,0.0,0.0,0.0,0.0,shape_dist_traveled,terminal; catchment not reconstructable
MEDC9THN,MEDICAL CENTER DR & W 9TH AVE,-83.01724,39.993073,2,022+031,2,2,76,6,am_peak+early+evening+midday+owl+pm_peak,False,,True,169.20000000000002,410.6999999999998,7,9THMEDCW,0.7107982471087987,1,1.0246927477883139,0.0,0.3333333333333333,0.42168674698795183,shape_dist_traveled,transfer point (2 routes)
MAIOAKE1,E MAIN ST & OAK VALLEY RD,-82.787234,39.955517,1,002,2,2,76,6,am_peak+early+evening+midday+owl+pm_peak,True,002,False,397.4000000000011,791.6999999999999,4,MAIOAKW,0.39232808797064495,0,0.0,0.0,0.0,0.0,shape_dist_traveled,terminal; catchment not reconstructable
KINOLEE1,KING AVE & OLENTANGY TRAIL,-83.022976,39.990692,2,022+031,2,2,76,6,am_peak+early+evening+midday+owl+pm_peak,False,,True,348.7999999999998,537.9000000000001,3,KINOLEW,3.8863097864032476,0,0.0,0.0,0.0,0.0,shape_dist_traveled,transfer point (2 routes); catchment not reconstructable
MEDCCE,MEDICAL CENTER DR & OLD CANNON DR,-83.018794,39.99241,2,022+031,2,2,76,6,am_peak+early+evening+midday+owl+pm_peak,False,,True,537.9000000000001,169.20000000000002,4,MEDCCW,0.26650678885683926,1,1.0246927477883139,0.0,1.0,1.0,shape_dist_traveled,transfer point (2 routes)
HUDSUMW,E HUDSON ST & SUMMIT ST,-83.00046,40.015181,2,004+031,3,1,76,6,am_peak+early+evening+midday+owl+pm_peak,False,,True,387.3999999999995,330.89999999999975,9,HUDSUME,0.4519321203534152,2,11.213066354369264,0.0,0.6666666666666666,0.7351247600767755,shape_dist_traveled,transfer point (2 routes)
HIGMOUS,S HIGH ST & W MOUND ST,-82.999181,39.954145,3,005+008+052,4,2,76,6,am_peak+early+evening+midday+owl+pm_peak,False,,True,161.10000000000002,268.5999999999993,12,MOUHIGW3,1.0152185312578506,1,42.597941372342795,0.0,0.0,0.0,shape_dist_traveled,transfer point (3 routes)
POLAFRE1,POLARIS PKWY & AFRICA RD,-82.94205,40.14553,2,101+102,2,1,76,6,am_peak+early+evening+midday+owl+pm_peak,False,,True,356.4000000000007,329.9999999999983,3,POLAFRW1,1.0293442843396958,1,82.56095853608693,0.0,1.0,1.0,shape_dist_traveled,transfer point (2 routes)
HIGMOUN,S HIGH ST & E MOUND ST,-82.999117,39.955174,3,005+008+052,4,2,76,6,am_peak+early+evening+midday+owl+pm_peak,False,,True,474.69999999999857,204.70000000000078,12,MOUHIGW1,0.4199504103467751,0,0.0,0.0,0.0,0.0,shape_dist_traveled,transfer point (3 routes); catchment not reconstructable
POLCLEE,POLARIS PKWY & CLEVELAND AVE,-82.946278,40.14556,2,101+102,2,1,76,6,am_peak+early+evening+midday+owl+pm_peak,False,,True,196.3000000000008,356.4000000000007,4,POLCLEW,1.5117669367577966,0,0.0,0.0,0.0,0.0,shape_dist_traveled,transfer point (2 routes); catchment not reconstructable
LIVWALE,E LIVINGSTON AVE & WALNUT HILL BLVD,-82.837842,39.942442,1,001,2,1,75,6,am_peak+early+evening+midday+owl+pm_peak,False,,False,302.5999999999982,210.799999999999,5,LIVMCNW,0.31962842506524436,1,17.05088732319758,0.0,0.5,0.39139784946236594,shape_dist_traveled,
LIVSARE,E LIVINGSTON AVE & SARANAC DR,-82.835386,39.942271,1,001,2,1,75,6,am_peak+early+evening+midday+owl+pm_peak,False,,False,210.799999999999,429.199999999998,3,LIVSARW,0.47599392856948947,1,17.05088732319758,0.0,1.0,1.0,shape_dist_traveled,
LIVBRIE,E LIVINGSTON AVE & BRICE RD,-82.830305,39.94199,1,001,2,1,75,6,am_peak+early+evening+midday+owl+pm_peak,False,,False,429.199999999998,528.5000000000011,7,LIVBRIW,0.34742921981373776,0,0.0,0.0,0.0,0.0,shape_dist_traveled,catchment not reconstructable
LIV18TE,E LIVINGSTON AVE & S 18TH ST,-82.978123,39.950844,1,001,2,1,75,6,am_peak+early+evening+midday+owl+pm_peak,False,,False,213.40000000000003,216.69999999999945,6,LIV18TW,0.6836579914523181,1,6.499479714543019,0.0,1.0,1.0,shape_dist_traveled,
LIVANNE,E LIVINGSTON AVE & ANN ST,-82.980461,39.951525,1,001,2,1,75,6,am_peak+early+evening+midday+owl+pm_peak,False,,False,201.5999999999991,213.40000000000003,7,LIVANNW,0.3426816107300017,2,16.30725315765975,0.0,0.5,0.6014362657091565,shape_dist_traveled,
LIVKELE,E LIVINGSTON AVE & KELTON AVE,-82.958973,39.949071,1,001,2,1,75,6,am_peak+early+evening+midday+owl+pm_peak,False,,False,428.9999999999985,197.40000000000003,4,LIVKELW,0.8854123895643088,4,12.074644746387193,0.0,0.75,0.8395989974937343,shape_dist_traveled,
LIVSTUE,E LIVINGSTON AVE & STUDER AVE,-82.964026,39.949323,1,001,2,1,75,6,am_peak+early+evening+midday+owl+pm_peak,False,,False,291.599999999999,428.9999999999985,4,LIVLOCW,1.2675247946411095,2,4.420817283315297,0.0,0.3333333333333333,0.40501792114695334,shape_dist_traveled,
LIVBERE,E LIVINGSTON AVE & BERKLEY RD,-82.956648,39.948972,1,001,2,1,75,6,am_peak+early+evening+midday+owl+pm_peak,False,,False,197.40000000000003,429.9999999999997,4,LIVLILW,0.9221208273872277,2,5.018903254473374,0.0,1.0,1.0,shape_dist_traveled,
LIVWILE,E LIVINGSTON AVE & WILSON AVE,-82.967463,39.949488,1,001,2,1,75,6,am_peak+early+evening+midday+owl+pm_peak,False,,False,246.50000000000105,291.599999999999,11,LIVWILW,0.4416184413398937,2,4.420817283315297,0.0,0.5,0.7483443708609272,shape_dist_traveled,
LIV22NE,E LIVINGSTON AVE & S 22ND ST,-82.972419,39.949728,1,001,2,1,75,6,am_peak+early+evening+midday+owl+pm_peak,False,,False,290.9000000000006,172.39999999999966,12,LIVOHIW,0.6270244846303447,2,13.87726749861888,0.0,1.0,1.0,shape_dist_traveled,
LIVCARE,E LIVINGSTON AVE & CARPENTER ST,-82.975829,39.950001,1,001,2,1,75,6,am_peak+early+evening+midday+owl+pm_peak,False,,False,216.69999999999945,290.9000000000006,7,LIVCARW,0.9997060545187587,1,6.499479714543019,0.0,1.0,1.0,shape_dist_traveled,
NATCONW,NATIONWIDE BLVD & CONVENTION CENTER,-82.998717,39.969168,1,101,2,1,75,6,am_peak+early+evening+midday+owl+pm_peak,False,,False,756.4000000000011,372.29999999999916,8,NAG5THE1,2.7475663711798317,0,0.0,0.0,0.0,0.0,shape_dist_traveled,catchment not reconstructable
LIVCOUE,E LIVINGSTON AVE & COURTRIGHT RD,-82.896414,39.945763,1,001,2,1,75,6,am_peak+early+evening+midday+owl+pm_peak,False,,False,464.2999999999979,195.49999999999912,5,COULIVS,1.2365976061643194,3,14.404252340338584,0.0,0.25,0.35838150289017334,shape_dist_traveled,
MAICASW1,E MAIN ST & S CASSADY AVE,-82.933802,39.95716,1,002,2,1,75,6,am_peak+early+evening+midday+owl+pm_peak,False,,False,310.4999999999993,348.2000000000003,5,MAIEUCE,0.34816375687647155,3,28.172776935110548,0.0,1.0,1.0,shape_dist_traveled,
MAIDREW,E MAIN ST & S DREXEL AVE,-82.937905,39.957238,1,002,2,1,75,6,am_peak+early+evening+midday+owl+pm_peak,False,,False,348.2000000000003,352.40000000000026,5,MAIDREE,0.2136185651710872,2,26.646193861874913,0.0,1.0,1.0,shape_dist_traveled,
MAIPARKW,E MAIN ST & S PARKVIEW AVE,-82.942062,39.957373,1,002,2,1,75,6,am_peak+early+evening+midday+owl+pm_peak,False,,False,352.40000000000026,280.0999999999991,7,MAIPARE,0.2565118937232729,2,26.646193861874913,0.0,1.0,1.0,shape_dist_traveled,
MAIRHOW,E MAIN ST & RHOADS AVE,-82.949091,39.957513,1,002,2,1,75,6,am_peak+early+evening+midday+owl+pm_peak,False,,False,315.20000000000084,291.10000000000014,7,MAIRHOE,0.26083679872499277,0,0.0,0.0,0.0,0.0,shape_dist_traveled,catchment not reconstructable
MAIFAIW,E MAIN ST & FAIRWOOD AVE,-82.952534,39.957587,1,002,2,1,75,6,am_peak+early+evening+midday+owl+pm_peak,False,,False,291.10000000000014,480.19999999999993,9,MAIBULE,1.3104726045129313,2,12.676913136924009,0.0,0.5,0.2540415704387988,shape_dist_traveled,
HIGGLEN,N HIGH ST & GLENMONT AVE,-83.019296,40.044793,1,002,2,1,75,6,am_peak+early+evening+midday+owl+pm_peak,False,,False,430.3999999999988,325.59999999999786,4,HIGBLES,0.9674107571843651,2,17.478330583703546,0.0,0.5,0.4221105527638186,shape_dist_traveled,
HIGTORN,N HIGH ST & E TORRENCE RD,-83.016671,40.035032,1,002,2,1,75,6,am_peak+early+evening+midday+owl+pm_peak,False,,False,359.7999999999999,277.4999999999999,7,HIGNORMS,1.7309953527316904,3,37.24611753532269,0.0,1.0,1.0,shape_dist_traveled,
LIVBULE,E LIVINGSTON AVE & BULEN AVE,-82.951589,39.948709,1,001,2,1,75,6,am_peak+early+evening+midday+owl+pm_peak,False,,False,429.9999999999997,173.4000000000009,4,LIVBULW,0.19304758598750488,3,7.419611977863138,0.0,1.0,1.0,shape_dist_traveled,
HIGGLENN,N HIGH ST & GLENCOE RD,-83.017313,40.037454,1,002,2,1,75,6,am_peak+early+evening+midday+owl+pm_peak,False,,False,277.4999999999999,205.40000000000092,5,HIGERIS,0.9331270440224003,3,35.92865543102342,0.0,1.0,1.0,shape_dist_traveled,
HIGINDN,N HIGH ST & INDIAN SPRINGS DR,-83.02007,40.04764,1,002,2,1,75,6,am_peak+early+evening+midday+owl+pm_peak,False,,False,325.59999999999786,290.3999999999982,5,HIGWESS,1.078628153843527,1,10.100542799627684,0.0,1.0,1.0,shape_dist_traveled,
HIGCOON,N HIGH ST & E COOKE RD,-83.020077,40.050198,1,002,2,1,75,6,am_peak+early+evening+midday+owl+pm_peak,False,,False,290.3999999999982,249.39999999999785,5,HIGCOOS,1.0385402355644473,2,15.07762186031378,0.0,1.0,1.0,shape_dist_traveled,
MAIOHIW,E MAIN ST & S OHIO AVE,-82.97059,39.957941,1,002,2,1,75,6,am_peak+early+evening+midday+owl+pm_peak,False,,False,113.99999999999899,327.1999999999977,12,MAIOHIE,0.5593660616760867,1,4.537925025919676,0.0,0.5,0.5805243445692884,shape_dist_traveled,
MAICHEW,E MAIN ST & S CHESTERFIELD RD,-82.92096,39.956833,1,002,2,1,75,6,am_peak+early+evening+midday+owl+pm_peak,False,,False,207.19999999999982,234.19999999999953,5,MAIENFE,0.6553854500929206,2,12.120651359553198,0.0,1.0,1.0,shape_dist_traveled,
MAIKENW,E MAIN ST & KENWICK RD,-82.92372,39.956899,1,002,2,1,75,6,am_peak+early+evening+midday+owl+pm_peak,False,,False,234.19999999999953,299.4000000000003,5,MAIBROE,0.9316431664565771,4,30.188703075657344,0.0,0.5,0.4339622641509434,shape_dist_traveled,
MAIROOW,E MAIN ST & S ROOSEVELT AVE,-82.927256,39.956992,1,002,2,1,75,6,am_peak+early+evening+midday+owl+pm_peak,False,,False,299.4000000000003,244.1999999999993,5,MAIROOE,0.36477156198434035,2,18.068051716104147,0.0,1.0,1.0,shape_dist_traveled,
MAIREMW,E MAIN ST & S REMINGTON RD,-82.930136,39.957072,1,002,2,1,75,6,am_peak+early+evening+midday+owl+pm_peak,False,,False,244.1999999999993,310.4999999999993,5,MAIMONE,0.6346514949062432,2,18.068051716104147,0.0,1.0,1.0,shape_dist_traveled,
MAIWILW,E MAIN ST & WILSON AVE,-82.966495,39.957862,1,002,2,1,75,6,am_peak+early+evening+midday+owl+pm_peak,False,,False,193.0999999999976,232.10000000000264,12,MAIWILE,0.6001137386644296,0,0.0,0.0,0.0,0.0,shape_dist_traveled,catchment not reconstructable
MAICHAW,E MAIN ST & S CHAMPION AVE,-82.969235,39.957907,1,002,2,1,75,6,am_peak+early+evening+midday+owl+pm_peak,False,,False,232.10000000000264,113.99999999999899,12,MAICHAE,0.3145712835563131,1,4.537925025919676,0.0,0.0,0.0,shape_dist_traveled,
HIGDODN,N HIGH ST & E DODRIDGE ST,-83.011804,40.016541,1,002,2,1,75,6,am_peak+early+evening+midday+owl+pm_peak,False,,False,262.2999999999997,334.699999999998,5,HIGDODS,0.3894773775966027,3,20.87445511923053,0.0,0.6666666666666666,0.4264036418816385,shape_dist_traveled,
HIGKELN,N HIGH ST & E KELSO RD,-83.013096,40.021564,1,002,2,1,75,6,am_peak+early+evening+midday+owl+pm_peak,False,,False,239.2000000000003,314.1999999999996,4,HIGCRES,1.5083466762774775,2,20.544043988311028,0.0,0.5,0.5348432055749129,shape_dist_traveled,
MAIHAMW,E MAIN ST & S HAMILTON RD,-82.87647,39.955576,1,002,2,1,75,6,am_peak+early+evening+midday+owl+pm_peak,False,,False,339.1,289.299999999999,8,HAMMAIS,0.5582948320690658,0,0.0,0.0,0.0,0.0,shape_dist_traveled,catchment not reconstructable
MAIKELTW,E MAIN ST & KELTON AVE,-82.958203,39.957701,1,002,2,1,75,6,am_peak+early+evening+midday+owl+pm_peak,False,,False,480.19999999999993,199.09999999999962,9,MAIKELTE,0.7875561304412008,1,9.456450215303594,0.0,1.0,1.0,shape_dist_traveled,
MAIMILLW,E MAIN ST & MILLER AVE,-82.960545,39.957736,1,002,2,1,75,6,am_peak+early+evening+midday+owl+pm_peak,False,,False,199.09999999999962,311.2999999999993,11,MAIMILLE,0.43490667053969323,1,9.456450215303594,0.0,1.0,1.0,shape_dist_traveled,
MAIKENW1,E MAIN ST & KENDALL PL,-82.964225,39.957811,1,002,2,1,75,6,am_peak+early+evening+midday+owl+pm_peak,False,,False,311.2999999999993,193.0999999999976,9,MAIKIME,0.5199819447250034,1,6.265264229334262,0.0,1.0,1.0,shape_dist_traveled,
MAIWESW,E MAIN ST & WESTPHAL AVE,-82.882077,39.955698,1,002,2,1,75,6,am_peak+early+evening+midday+owl+pm_peak,False,,False,186.20000000000005,339.49999999999926,5,MAIWESE1,0.5136100110803172,2,5.972494872823315,0.0,1.0,1.0,shape_dist_traveled,
MAIBERW,E MAIN ST & BERNHARD RD,-82.879887,39.955649,1,002,2,1,75,6,am_peak+early+evening+midday+owl+pm_peak,False,,False,289.299999999999,186.20000000000005,9,MAIBERE,0.2845683442206923,2,5.972494872823315,0.0,1.0,1.0,shape_dist_traveled,
MAIYEAW,E MAIN ST & S YEARLING RD,-82.886087,39.955855,1,002,2,1,75,6,am_peak+early+evening+midday+owl+pm_peak,False,,False,339.49999999999926,249.29999999999984,5,MAIYEAE,0.6708538275253513,3,11.418004903926928,0.0,1.0,1.0,shape_dist_traveled,
HIGFALN,N HIGH ST & FALLIS RD,-83.017795,40.039254,1,002,2,1,75,6,am_peak+early+evening+midday+owl+pm_peak,False,,False,205.40000000000092,202.9999999999994,6,HIGAMAS,1.5318064600345271,3,35.92865543102342,0.0,0.6666666666666666,0.6475814412635733,shape_dist_traveled,
CLEFORS,CLEVELAND AVE & FORT HAYES,-82.990072,39.976497,1,101,2,1,75,6,am_peak+early+evening+midday+owl+pm_peak,False,,False,528.8000000000004,764.6999999999978,1,CLEFORN,0.3359059683956763,0,0.0,0.0,0.0,0.0,shape_dist_traveled,catchment not reconstructable
CLEMOUS,CLEVELAND AVE & MOUNT VERNON AVE,-82.990572,39.969696,1,101,2,1,75,6,am_peak+early+evening+midday+owl+pm_peak,False,,False,764.6999999999978,756.4000000000011,4,CLEMOUN,0.30286725517317115,1,9.192957794443734,0.0,1.0,1.0,shape_dist_traveled,
CLE5THS1,CLEVELAND AVE & E 5TH AVE,-82.989371,39.985985,1,101,2,1,75,6,am_peak+early+evening+midday+owl+pm_peak,False,,False,1109.0,535.0999999999999,7,CLE4THN1,1.3758976027297325,1,8.31464972491089,0.0,1.0,1.0,shape_dist_traveled,
CLE2NDS,CLEVELAND AVE & 2ND AVE,-82.989677,39.981218,1,101,2,1,75,6,am_peak+early+evening+midday+owl+pm_peak,False,,False,535.0999999999999,528.8000000000004,1,CLE2NDN,1.5585049059174123,1,8.31464972491089,0.0,1.0,1.0,shape_dist_traveled,
MAIDREE,E MAIN ST & S DREXEL AVE,-82.937831,39.957095,1,002,2,1,75,6,am_peak+early+evening+midday+owl+pm_peak,False,,False,352.2999999999996,361.29999999999995,5,MAIDREW,0.2136185651710872,2,26.646193861874913,0.0,1.0,1.0,shape_dist_traveled,
MAIKIME,E MAIN ST & KIMBALL PL,-82.963786,39.957649,1,002,2,1,75,6,am_peak+early+evening+midday+owl+pm_peak,False,,False,274.20000000000044,245.19999999999874,9,MAIKENW1,0.5199819447250034,1,6.265264229334262,0.0,1.0,1.0,shape_dist_traveled,
MAIKELTE,E MAIN ST & KELTON AVE,-82.958924,39.957582,1,002,2,1,75,6,am_peak+early+evening+midday+owl+pm_peak,False,,False,167.10000000000136,364.2000000000003,8,MAIKELTW,0.7875561304412008,1,9.456450215303594,0.0,1.0,1.0,shape_dist_traveled,
MAISEYE,E MAIN ST & SEYMOUR AVE,-82.954627,39.95746,1,002,2,1,75,6,am_peak+early+evening+midday+owl+pm_peak,False,,False,364.2000000000003,280.09999999999735,8,MAIFAIW,2.2423105922339874,3,15.341114281173624,0.0,0.6666666666666666,0.8263358778625957,shape_dist_traveled,
MAIBULE,E MAIN ST & BULEN AVE,-82.95133,39.957405,1,002,2,1,75,6,am_peak+early+evening+midday+owl+pm_peak,False,,False,280.09999999999735,200.1000000000026,8,MAIFAIW,1.3104726045129313,1,3.220462921620415,0.0,0.5,0.2540415704387988,shape_dist_traveled,
MAILAMW,E MAIN ST & LAMBY LN,-82.892222,39.955992,1,002,2,1,75,6,am_peak+early+evening+midday+owl+pm_peak,False,,False,271.2000000000001,349.4999999999997,5,MAILAME,0.21788934020113154,1,5.445510031103611,0.0,1.0,1.0,shape_dist_traveled,
MAIROBW,E MAIN ST & ROBINWOOD AVE,-82.896346,39.956127,1,002,2,1,75,6,am_peak+early+evening+midday+owl+pm_peak,False,,False,349.4999999999997,399.2999999999984,4,MAIROBE1,0.5416481908075456,2,16.141350522303533,0.0,1.0,1.0,shape_dist_traveled,
MAICOLWW,E MAIN ST & COLLINGWOOD AVE,-82.901064,39.956271,1,002,2,1,75,6,am_peak+early+evening+midday+owl+pm_peak,False,,False,399.2999999999984,204.29999999999993,5,MAICOLWE,0.3043650807787011,1,10.695840491199924,0.0,1.0,1.0,shape_dist_traveled,
MAIEASW,E MAIN ST & EASTMOOR BLVD,-82.918519,39.956761,1,002,2,1,75,6,am_peak+early+evening+midday+owl+pm_peak,False,,False,346.29999999999984,207.19999999999982,9,MAIBROE1,1.081975657270179,2,12.120651359553198,0.0,1.0,1.0,shape_dist_traveled,
HIGPACN,N HIGH ST & E PACEMONT RD,-83.014398,40.026507,1,002,2,1,75,6,am_peak+early+evening+midday+owl+pm_peak,False,,False,249.7000000000007,226.19999999999862,4,HIGLAKS,1.1833878192735692,3,25.073604175473243,0.0,0.5,0.5550935550935552,shape_dist_traveled,
HIGCOMN,N HIGH ST & E COMO AVE,-83.014924,40.028478,1,002,2,1,75,6,am_peak+early+evening+midday+owl+pm_peak,False,,False,226.19999999999862,388.60000000000025,7,HIGLAKS,1.6550700437273775,4,34.889742457347424,0.0,0.75,0.6374012291483756,shape_dist_traveled,
MAIBERE,E MAIN ST & BERNHARD RD,-82.880052,39.955488,1,002,2,1,75,6,am_peak+early+evening+midday+owl+pm_peak,False,,False,209.20000000000272,244.29999999999907,8,MAIBERW,0.2845683442206923,2,5.972494872823315,0.0,1.0,1.0,shape_dist_traveled,
MAIMAPW,E MAIN ST & MAPLEWOOD AVE,-82.903466,39.956316,1,002,2,1,75,6,am_peak+early+evening+midday+owl+pm_peak,False,,False,204.29999999999993,220.20000000000016,5,MAIMAPE,0.3303206592658806,1,10.695840491199924,0.0,1.0,1.0,shape_dist_traveled,
MAIRUBW,E MAIN ST & RUBY AVE,-82.906068,39.956392,1,002,2,1,75,6,am_peak+early+evening+midday+owl+pm_peak,False,,False,220.20000000000016,218.19999999999996,5,MAIBARE,0.585502912309036,2,8.2560958536087,0.0,1.0,1.0,shape_dist_traveled,
MAIWEYW,E MAIN ST & S WEYANT AVE,-82.908647,39.956483,1,002,2,1,75,6,am_peak+early+evening+midday+owl+pm_peak,False,,False,218.19999999999996,490.49999999999903,3,MAIWEYE,0.2276252635171236,2,8.2560958536087,0.0,1.0,1.0,shape_dist_traveled,
MAIJAMW,E MAIN ST & S JAMES RD,-82.914425,39.956636,1,002,2,1,75,6,am_peak+early+evening+midday+owl+pm_peak,False,,False,490.49999999999903,346.29999999999984,7,JAMMAIS,0.5333387289079955,2,8.2560958536087,0.0,0.5,0.24113475177304963,shape_dist_traveled,
MAILAME,E MAIN ST & LAMBY LN,-82.892223,39.955835,1,002,2,1,75,6,am_peak+early+evening+midday+owl+pm_peak,False,,False,388.3999999999972,271.30000000000007,5,MAILAMW,0.21788934020113154,1,5.445510031103611,0.0,1.0,1.0,shape_dist_traveled,
MAIROBE1,E MAIN ST & ROBINWOOD AVE,-82.896812,39.955973,1,002,2,1,75,6,am_peak+early+evening+midday+owl+pm_peak,False,,False,351.4000000000017,388.3999999999972,5,MAIROBW,0.5416481908075456,2,16.141350522303533,0.0,1.0,1.0,shape_dist_traveled,
HIGWEBN,N HIGH ST & E WEBER RD,-83.013839,40.02431,1,002,2,1,75,6,am_peak+early+evening+midday+owl+pm_peak,False,,False,314.1999999999996,249.7000000000007,5,HIGWEBS,1.4443126324529119,4,37.72124037674617,0.0,1.0,1.0,shape_dist_traveled,
MAICOLWE,E MAIN ST & COLLINGWOOD AVE,-82.90095,39.95607,1,002,2,1,75,6,am_peak+early+evening+midday+owl+pm_peak,False,,False,193.20000000000093,351.4000000000017,6,MAICOLWW,0.3043650807787011,1,10.695840491199924,0.0,1.0,1.0,shape_dist_traveled,
MAIBARE,E MAIN ST & BARNETT RD,-82.905568,39.956219,1,002,2,1,75,6,am_peak+early+evening+midday+owl+pm_peak,False,,False,261.29999999999853,198.19999999999993,7,MAIRUBW,0.585502912309036,2,8.2560958536087,0.0,1.0,1.0,shape_dist_traveled,
MAIMAPE,E MAIN ST & MAPLEWOOD AVE,-82.903228,39.956164,1,002,2,1,75,6,am_peak+early+evening+midday+owl+pm_peak,False,,False,198.19999999999993,193.20000000000093,5,MAIMAPW,0.3303206592658806,1,10.695840491199924,0.0,1.0,1.0,shape_dist_traveled,
MAIHAME,E MAIN ST & S HAMILTON RD,-82.877168,39.955406,1,002,2,1,75,6,am_peak+early+evening+midday+owl+pm_peak,False,,False,244.29999999999907,462.7999999999979,8,HAMMAIN,0.48932858622431336,0,0.0,0.0,0.0,0.0,shape_dist_traveled,catchment not reconstructable
EMAIN18E,E MAIN ST & E 18TH ST,-82.976504,39.957907,1,002,2,1,75,6,am_peak+early+evening+midday+owl+pm_peak,False,,False,265.10000000000036,240.19999999999976,8,MAICARW,2.2037816520699884,1,3.2790167929226044,0.0,1.0,1.0,shape_dist_traveled,
MAICARW,E MAIN ST & CARPENTER ST,-82.974446,39.958022,1,002,2,1,75,6,am_peak+early+evening+midday+owl+pm_peak,False,,False,327.1999999999977,399.20000000000044,8,MAIGILE,0.8707073841122801,1,3.2790167929226044,0.0,0.5,0.4194756554307116,shape_dist_traveled,
MAIMONW,E MAIN ST & S MONROE AVE,-82.979157,39.958114,1,002,2,1,75,6,am_peak+early+evening+midday+owl+pm_peak,False,,False,399.20000000000044,200.09999999999906,7,MAIALLE,0.5412609235164794,1,3.2790167929226044,0.0,1.0,1.0,shape_dist_traveled,
MAIPARSW,E MAIN ST & PARSONS AVE,-82.981527,39.958166,1,002,2,1,75,6,am_peak+early+evening+midday+owl+pm_peak,False,,False,200.09999999999906,351.8999999999988,9,MAIALLE,2.04491383094551,0,0.0,0.0,0.0,0.0,shape_dist_traveled,catchment not reconstructable
MAIWASW,E MAIN ST & S WASHINGTON AVE,-82.985663,39.957806,1,002,2,1,75,6,am_peak+early+evening+midday+owl+pm_peak,False,,False,351.8999999999988,457.00000000000074,8,MAIWASE,0.6092159735275227,1,8.753803759677313,0.0,1.0,1.0,shape_dist_traveled,
MAIKARE,E MAIN ST & KARL ST,-82.889029,39.955754,1,002,2,1,75,6,am_peak+early+evening+midday+owl+pm_peak,False,,False,271.30000000000007,199.20000000000115,5,MAIKARW,0.20407824276552705,1,5.445510031103611,0.0,1.0,1.0,shape_dist_traveled,
MAIYEAE,E MAIN ST & S YEARLING RD,-82.886675,39.955685,1,002,2,1,75,6,am_peak+early+evening+midday+owl+pm_peak,False,,False,199.20000000000115,352.49999999999915,5,MAIYEAW,0.6708538275253513,3,11.418004903926928,0.0,1.0,1.0,shape_dist_traveled,
MAIWESE1,E MAIN ST & WESTPHAL AVE,-82.88252,39.955554,1,002,2,1,75,6,am_peak+early+evening+midday+owl+pm_peak,False,,False,352.49999999999915,209.20000000000272,5,MAIWESW,0.5136100110803172,2,5.972494872823315,0.0,1.0,1.0,shape_dist_traveled,
HIGKANS,N HIGH ST & W KANAWHA AVE,-83.019133,40.071314,2,033+102,3,1,75,6,am_peak+early+evening+midday+owl+pm_peak,False,,True,219.20000000000073,249.89999999999668,8,HIGKANN,0.5709225205200028,0,0.0,0.0,0.0,0.0,shape_dist_traveled,transfer point (2 routes); catchment not reconstructable
MAIBROE1,E MAIN ST & BROOKSIDE DR,-82.917533,39.956582,1,002,2,1,75,6,am_peak+early+evening+midday+owl+pm_peak,False,,False,239.2000000000003,197.1999999999987,9,MAIEASW,1.081975657270179,2,12.120651359553198,0.0,1.0,1.0,shape_dist_traveled,
MAIWASE,E MAIN ST & S WASHINGTON AVE,-82.986152,39.95758,1,002,2,1,75,6,am_peak+early+evening+midday+owl+pm_peak,False,,False,257.6999999999998,557.3999999999994,5,MAIWASW,0.6092159735275227,1,8.753803759677313,0.0,1.0,1.0,shape_dist_traveled,
MAIMONE,E MAIN ST & MONTROSE AVE,-82.9307,39.956928,1,002,2,1,75,6,am_peak+early+evening+midday+owl+pm_peak,False,,False,242.30000000000018,268.39999999999975,5,MAIREMW,0.6346514949062432,2,18.068051716104147,0.0,1.0,1.0,shape_dist_traveled,
MAIROOE,E MAIN ST & S ROOSEVELT AVE,-82.92754,39.956846,1,002,2,1,75,6,am_peak+early+evening+midday+owl+pm_peak,False,,False,268.39999999999975,394.6000000000005,5,MAIROOW,0.36477156198434035,2,18.068051716104147,0.0,1.0,1.0,shape_dist_traveled,
MAIJAME,E MAIN ST & S JAMES RD,-82.915205,39.956514,1,002,2,1,75,6,am_peak+early+evening+midday+owl+pm_peak,False,,False,197.1999999999987,555.6000000000018,7,JAMMAIS,0.5311448380230938,1,4.1866017981065395,0.0,0.0,0.0,shape_dist_traveled,
MAIRHOE,E MAIN ST & RHOADS AVE,-82.948965,39.957352,1,002,2,1,75,6,am_peak+early+evening+midday+owl+pm_peak,False,,False,200.1000000000026,417.29999999999734,7,MAIRHOW,0.26083679872499277,0,0.0,0.0,0.0,0.0,shape_dist_traveled,catchment not reconstructable
MAIALUE,E MAIN ST & ALUM CREEK DR,-82.944023,39.957239,1,002,2,1,75,6,am_peak+early+evening+midday+owl+pm_peak,False,,False,417.29999999999734,174.1000000000028,5,MAIHOLW,1.4680056437985687,1,10.104725219006399,0.0,0.0,0.0,shape_dist_traveled,
MAIPARE,E MAIN ST & S PARKVIEW AVE,-82.941981,39.957199,1,002,2,1,75,6,am_peak+early+evening+midday+owl+pm_peak,False,,False,174.1000000000028,352.2999999999996,7,MAIPARKW,0.2565118937232729,2,26.646193861874913,0.0,1.0,1.0,shape_dist_traveled,
MAIBROE,E MAIN ST & S BROADLEIGH RD,-82.92288,39.956718,1,002,2,1,75,6,am_peak+early+evening+midday+owl+pm_peak,False,,False,394.6000000000005,214.19999999999817,6,MAIKENW,0.9316431664565771,2,12.120651359553198,0.0,0.5,0.4339622641509434,shape_dist_traveled,
THIMALUW,THIMBLEBERRY RD & ALUM CREEK DR,-82.930055,39.885913,1,004,3,2,75,6,am_peak+early+evening+midday+owl+pm_peak,True,004,False,173.4000000000009,462.0,6,ALUTHIN,0.4450641850266561,1,8.783080695328405,0.0,1.0,1.0,shape_dist_traveled,terminal
MAIGRANE,E MAIN ST & S GRANT AVE,-82.989168,39.957237,1,002,2,1,75,6,am_peak+early+evening+midday+owl+pm_peak,False,,False,274.20000000000044,257.6999999999998,9,GRAMOUS,1.3215012164466353,2,44.32528057575736,0.0,0.5,0.8025099075297226,shape_dist_traveled,
MAIALLE,E MAIN ST & ALLEN AVE,-82.979629,39.957972,1,002,2,1,75,6,am_peak+early+evening+midday+owl+pm_peak,False,,False,557.3999999999994,265.10000000000036,7,MAIMONW,0.5412609235164794,1,3.2790167929226044,0.0,1.0,1.0,shape_dist_traveled,
MAIOHIE,E MAIN ST & S OHIO AVE,-82.971074,39.957787,1,002,2,1,75,6,am_peak+early+evening+midday+owl+pm_peak,False,,False,220.10000000000042,173.0999999999998,12,OHIMAIS,0.281069283348385,2,7.81694181884228,0.0,0.5,0.5805243445692884,shape_dist_traveled,
MAIGILE,E MAIN ST & GILBERT ST,-82.973667,39.957837,1,002,2,1,75,6,am_peak+early+evening+midday+owl+pm_peak,False,,False,240.19999999999976,220.10000000000042,12,MAICARW,0.8707073841122801,2,7.81694181884228,0.0,0.5,0.4194756554307116,shape_dist_traveled,
MAICHAE,E MAIN ST & S CHAMPION AVE,-82.969029,39.957745,1,002,2,1,75,6,am_peak+early+evening+midday+owl+pm_peak,False,,False,173.0999999999998,169.10000000000025,12,MAICHAW,0.3145712835563131,0,0.0,0.0,0.0,0.0,shape_dist_traveled,catchment not reconstructable
MAIWILE,E MAIN ST & WILSON AVE,-82.967022,39.957712,1,002,2,1,75,6,am_peak+early+evening+midday+owl+pm_peak,False,,False,169.10000000000025,274.20000000000044,12,MAIWILW,0.6001137386644296,0,0.0,0.0,0.0,0.0,shape_dist_traveled,catchment not reconstructable
MAIENFE,E MAIN ST & ENFIELD RD,-82.920388,39.956662,1,002,2,1,75,6,am_peak+early+evening+midday+owl+pm_peak,False,,False,214.19999999999817,239.2000000000003,5,MAICHEW,0.6553854500929206,2,12.120651359553198,0.0,1.0,1.0,shape_dist_traveled,
MAIEUCE,E MAIN ST & EUCLAIRE AVE,-82.933552,39.956999,1,002,2,1,75,6,am_peak+early+evening+midday+owl+pm_peak,False,,False,361.29999999999995,242.30000000000018,5,MAICASW1,0.34816375687647155,3,28.172776935110548,0.0,1.0,1.0,shape_dist_traveled,
HIGWEBS,N HIGH ST & W WEBER RD,-83.014298,40.025289,1,002,2,1,75,6,am_peak+early+evening+midday+owl+pm_peak,False,,False,227.19999999999985,309.1000000000008,5,HIGWEBN,1.4443126324529119,4,37.72124037674617,0.0,1.0,1.0,shape_dist_traveled,
HIGCRES,N HIGH ST & CRESTVIEW RD,-83.013608,40.022577,1,002,2,1,75,6,am_peak+early+evening+midday+owl+pm_peak,False,,False,309.1000000000008,316.7999999999997,5,HIGKELN,1.5083466762774775,4,37.72124037674617,0.0,0.5,0.5348432055749129,shape_dist_traveled,
HIGNORMS,N HIGH ST & NORTHMOOR PL,-83.017181,40.036216,1,002,2,1,75,6,am_peak+early+evening+midday+owl+pm_peak,False,,False,211.00000000000028,380.4000000000003,5,HIGGLENN,1.7239720429399736,3,37.24611753532269,0.0,0.5,0.5809160305343514,shape_dist_traveled,
HIGKENS,N HIGH ST & W KENWORTH RD,-83.016321,40.032885,1,002,2,1,75,6,am_peak+early+evening+midday+owl+pm_peak,False,,False,380.4000000000003,233.3999999999996,6,HIGNORN1,1.487504405338109,2,20.78662431227724,0.0,0.6666666666666666,0.787139689578714,shape_dist_traveled,
HIGLAKS,N HIGH ST & W LAKEVIEW AVE,-83.014846,40.027287,1,002,2,1,75,6,am_peak+early+evening+midday+owl+pm_peak,False,,False,407.8999999999997,227.19999999999985,4,HIGPACN,1.1833878192735692,3,22.798368033445314,0.0,0.5,0.5550935550935552,shape_dist_traveled,
HIGWESS,N HIGH ST & WESTWOOD RD,-83.020049,40.046863,1,002,2,1,75,6,am_peak+early+evening+midday+owl+pm_peak,False,,False,294.20000000000005,316.2000000000003,5,HIGINDN,1.078628153843527,1,10.100542799627684,0.0,1.0,1.0,shape_dist_traveled,
MAIWEYE,E MAIN ST & S WEYANT AVE,-82.90865,39.956319,1,002,2,1,75,6,am_peak+early+evening+midday+owl+pm_peak,False,,False,555.6000000000018,261.29999999999853,3,MAIWEYW,0.2276252635171236,2,8.2560958536087,0.0,1.0,1.0,shape_dist_traveled,
HIGBLES,N HIGH ST & BLENHEIM RD,-83.019305,40.044096,1,002,2,1,75,6,am_peak+early+evening+midday+owl+pm_peak,False,,False,316.2000000000003,229.29999999999984,5,HIGGLEN,0.9674107571843651,1,7.37778778407586,0.0,0.5,0.4221105527638186,shape_dist_traveled,
HIGAMAS,N HIGH ST & AMAZON PL,-83.018283,40.040292,1,002,2,1,75,6,am_peak+early+evening+midday+owl+pm_peak,False,,False,204.20000000000016,256.39999999999975,5,HIGACTN,1.031210264104732,2,19.20566978711812,0.0,0.5,0.3841463414634145,shape_dist_traveled,
MAIKARW,E MAIN ST & KARL ST,-82.889024,39.955901,1,002,2,1,75,6,am_peak+early+evening+midday+owl+pm_peak,False,,False,249.29999999999984,271.2000000000001,5,MAIKARE,0.20407824276552705,1,5.445510031103611,0.0,1.0,1.0,shape_dist_traveled,
LIVBEEE,E LIVINGSTON AVE & BEECHWOOD RD,-82.894107,39.945634,1,001,2,1,75,6,am_peak+early+evening+midday+owl+pm_peak,False,,False,195.49999999999912,207.49999999999957,7,LIVBEEW,0.9182638043702014,2,8.958742309234973,0.0,1.0,1.0,shape_dist_traveled,
LIVVILE,E LIVINGSTON AVE & VILARDO LN,-82.891678,39.945495,1,001,2,1,75,6,am_peak+early+evening+midday+owl+pm_peak,False,,False,207.49999999999957,324.09999999999786,5,LIVELDW,0.2724116009011237,2,8.412239510414539,0.0,1.0,1.0,shape_dist_traveled,
LIVYEAE,E LIVINGSTON AVE & S YEARLING RD,-82.887858,39.945282,1,001,2,1,75,6,am_peak+early+evening+midday+owl+pm_peak,False,,False,324.09999999999786,380.1000000000023,5,LIVYEAW,0.8036185292192719,3,13.85774954151815,0.0,1.0,1.0,shape_dist_traveled,
LIVBURE,E LIVINGSTON AVE & BURLINGTON AVE,-82.883376,39.94503,1,001,2,1,75,6,am_peak+early+evening+midday+owl+pm_peak,False,,False,380.1000000000023,311.80000000000166,5,LIVWESW,0.21283807255843148,3,13.682087927611581,0.0,0.75,0.7392290249433108,shape_dist_traveled,
LIVCHAE,E LIVINGSTON AVE & S CHAMPION AVE,-82.970372,39.949629,1,001,2,1,75,6,am_peak+early+evening+midday+owl+pm_peak,False,,False,172.39999999999966,246.50000000000105,12,LIVCHAW,0.19874975368757547,0,0.0,0.0,0.0,0.0,shape_dist_traveled,catchment not reconstructable
LIVWELE,E LIVINGSTON AVE & WELLESLEY RD,-82.919709,39.947045,1,001,2,1,75,6,am_peak+early+evening+midday+owl+pm_peak,False,,False,331.900000000001,424.0999999999992,5,ELIVEASW,0.23182459864912625,2,17.605197304858272,0.0,1.0,1.0,shape_dist_traveled,
LIVHAME,E LIVINGSTON AVE & S HAMILTON RD,-82.876777,39.944646,1,001,2,1,75,6,am_peak+early+evening+midday+owl+pm_peak,False,,False,248.899999999999,436.0999999999997,9,4450HAW,0.3125240766157803,2,10.949573933509411,0.0,1.0,1.0,shape_dist_traveled,
LIVSHAE,E LIVINGSTON AVE & SHADY LANE RD,-82.87165,39.944356,1,001,2,1,75,6,am_peak+early+evening+midday+owl+pm_peak,False,,False,436.0999999999997,389.10000000000264,3,LIVSHAW,0.672364382789321,3,20.493854955766277,0.0,1.0,1.0,shape_dist_traveled,
LIVLATE,E LIVINGSTON AVE & LATTIMER DR,-82.867075,39.944096,1,001,2,1,75,6,am_peak+early+evening+midday+owl+pm_peak,False,,False,389.10000000000264,1170.3999999999971,3,LIVCOUNW,1.7385333028026597,2,30.857890176253797,21.31360915399693,0.5,0.641732283464567,shape_dist_traveled,only access for 21 daily trips
LIVNOEE,E LIVINGSTON AVE & NOE BIXBY RD,-82.853257,39.943327,1,001,2,1,75,6,am_peak+early+evening+midday+owl+pm_peak,False,,False,1170.3999999999971,250.69999999999837,3,LIVNOEW,0.27494112504881013,2,12.374384801862686,0.0,1.0,1.0,shape_dist_traveled,
LIVLONE,E LIVINGSTON AVE & LONSDALE RD,-82.850303,39.943151,1,001,2,1,75,6,am_peak+early+evening+midday+owl+pm_peak,False,,False,250.69999999999837,535.3999999999992,3,LIVLONW,0.4994769871000114,2,12.374384801862686,0.0,0.5,0.5355191256830601,shape_dist_traveled,
LIVBAIE,E LIVINGSTON AVE & BAIRSFORD DR,-82.843992,39.943061,1,001,2,1,75,6,am_peak+early+evening+midday+owl+pm_peak,False,,False,535.3999999999992,226.30000000000194,3,LIVBAIW,0.34406913149936375,1,22.406614751637807,0.0,1.0,1.0,shape_dist_traveled,
LIVQUAE,E LIVINGSTON AVE & QUARRY RIDGE DR,-82.841329,39.942981,1,001,2,1,75,6,am_peak+early+evening+midday+owl+pm_peak,False,,False,226.30000000000194,302.5999999999982,5,LIVQUAW,0.6765812608951587,1,22.406614751637807,0.0,0.0,0.0,shape_dist_traveled,
PARELSS,PARSONS AVE & ELSMERE ST,-82.982642,39.949377,2,004+008,2,2,75,6,am_peak+early+evening+midday+owl+pm_peak,False,,True,338.4999999999998,330.6000000000005,6,PARSYCN,0.29552895452367706,1,9.807773443116732,0.0,1.0,1.0,shape_dist_traveled,transfer point (2 routes)
PARCOLS,PARSONS AVE & COLUMBUS ST,-82.982884,39.946408,2,004+008,2,2,75,6,am_peak+early+evening+midday+owl+pm_peak,False,,True,330.6000000000005,228.4000000000006,8,PARWHIN,2.4573116508052726,1,9.807773443116732,0.0,0.0,0.0,shape_dist_traveled,transfer point (2 routes)
OLE3440S,3440 OLENTANGY RIVER RD,-83.029307,40.028876,1,001,2,1,75,6,am_peak+early+evening+midday+owl+pm_peak,False,,False,594.0999999999992,235.30000000000007,5,OLE3420N,0.5071331135545012,2,40.37707668223834,0.0,1.0,1.0,shape_dist_traveled,
OLEUNIS,OLENTANGY RIVER RD & UNION CEMETERY,-83.027842,40.0271,1,001,2,1,75,6,am_peak+early+evening+midday+owl+pm_peak,False,,False,235.30000000000007,340.6,5,OLE3230N,2.4033382262520293,3,43.7966227662862,0.0,1.0,1.0,shape_dist_traveled,
OLERIVS1,OLENTANGY RIVER RD & RIVERVIEW DR,-83.026214,40.024369,1,001,2,1,75,6,am_peak+early+evening+midday+owl+pm_peak,False,,False,340.6,416.69999999999874,3,OLERIVN,0.29470551092066877,4,49.79253918763039,0.0,0.75,0.918419375398343,shape_dist_traveled,
OLEHARS2,OLENTANGY RIVER RD & HARLEY DR,-83.024923,40.020786,1,001,2,1,75,6,am_peak+early+evening+midday+owl+pm_peak,False,,False,416.69999999999874,241.40000000000006,2,OLE2825S,3.0044317935176457,3,12.025292197718205,0.0,0.3333333333333333,0.4587813620071684,shape_dist_traveled,
MAIMILLE,E MAIN ST & MILLER AVE,-82.960908,39.957594,1,002,2,1,75,6,am_peak+early+evening+midday+owl+pm_peak,False,,False,245.19999999999874,167.10000000000136,11,MAIMILLW,0.43490667053969323,1,9.456450215303594,0.0,1.0,1.0,shape_dist_traveled,
BOASHAS,BOARDWALK ST & SHAPTER AVE,-82.992044,40.088071,1,004,3,2,75,6,am_peak+early+evening+midday+owl+pm_peak,True,004,False,991.9000000000011,813.5,1,BOASHAN,0.97695671106793,1,23.187333035666988,0.0,0.5,0.050279329608938696,shape_dist_traveled,terminal
5THOLEW,W 5TH AVE & OLENTANGY RIVER RD,-83.026456,39.987937,2,005+022,3,2,75,6,am_peak+early+evening+midday+owl+pm_peak,False,,True,445.0999999999965,254.80000000000302,6,5THOLEE,0.6669260431901886,0,0.0,0.0,0.0,0.0,shape_dist_traveled,transfer point (2 routes); catchment not reconstructable
HIGDODS,N HIGH ST & W DODRIDGE ST,-83.01187,40.016265,1,002,2,1,75,6,am_peak+early+evening+midday+owl+pm_peak,False,,False,406.09999999999945,251.00000000000034,4,HIGDODN,0.3894773775966027,2,8.226818917957605,0.0,0.6666666666666666,0.4264036418816385,shape_dist_traveled,
OLEARGS,OLENTANGY RIVER RD & ARGYLL ST,-83.022315,40.011496,1,001,2,1,75,6,am_peak+early+evening+midday+owl+pm_peak,False,,False,489.39999999999986,611.8000000000001,3,OLEARGN,1.4034012545271506,0,0.0,0.0,0.0,0.0,shape_dist_traveled,catchment not reconstructable
LIVCHEE,E LIVINGSTON AVE & CHELSEA AVE,-82.925527,39.947352,1,001,2,1,75,6,am_peak+early+evening+midday+owl+pm_peak,False,,False,191.39999999999802,161.39999999999688,5,LIVCHEW,0.848475411739663,2,13.887026477169247,0.0,1.0,1.0,shape_dist_traveled,
LIVROOE,E LIVINGSTON AVE & S ROOSEVELT AVE,-82.927781,39.947463,1,001,2,1,75,6,am_peak+early+evening+midday+owl+pm_peak,False,,False,433.19999999999936,191.39999999999802,5,ELIVSROW,0.9911440978327549,2,7.094777406115278,0.0,0.6666666666666666,0.3478260869565214,shape_dist_traveled,
LIVCASE,E LIVINGSTON AVE & S CASSINGHAM RD,-82.932876,39.947752,1,001,2,1,75,6,am_peak+early+evening+midday+owl+pm_peak,False,,False,299.7000000000014,433.19999999999936,4,ELIVSCAW,0.5089386659088158,3,25.363585252398384,0.0,1.0,1.0,shape_dist_traveled,
ELIVKENE,E LIVINGSTON AVE & KENWICK RD,-82.923623,39.947246,1,001,2,1,75,6,am_peak+early+evening+midday+owl+pm_peak,False,,False,161.39999999999688,331.900000000001,6,ELIVKENW,0.8278651268881376,3,20.679275548223213,0.0,1.0,1.0,shape_dist_traveled,
CLEHUDS,CLEVELAND AVE & E HUDSON ST,-82.967664,40.013397,1,101,2,1,75,6,am_peak+early+evening+midday+owl+pm_peak,False,,False,696.8999999999994,857.899999999999,4,HUDCLEE,0.29321992387942364,2,4.947802125035001,0.0,1.0,1.0,shape_dist_traveled,
CLE24TS,CLEVELAND AVE & E 24TH AVE,-82.971931,40.006458,1,101,2,1,75,6,am_peak+early+evening+midday+owl+pm_peak,False,,False,857.899999999999,829.3999999999996,1,CLE24THN,0.2869104946702123,3,10.14933769237949,0.0,1.0,1.0,shape_dist_traveled,
LIVRHOE,E LIVINGSTON AVE & RHOADS AVE,-82.949543,39.948609,1,001,2,1,75,6,am_peak+early+evening+midday+owl+pm_peak,False,,False,173.4000000000009,233.6999999999989,6,LIVRHOW,0.6796763602993972,2,4.274432605059824,0.0,1.0,1.0,shape_dist_traveled,
LANNEIE,W LANE AVE & NEIL AVE,-83.014622,40.006144,1,001,2,1,75,6,am_peak+early+evening+midday+owl+pm_peak,False,,False,213.4999999999998,498.99999999999966,4,LANNEIW,0.7368219075663796,3,466.3523079862875,0.0,1.0,1.0,shape_dist_traveled,
LANTUTE,W LANE AVE & TUTTLE PARK PL,-83.017143,40.00623,1,001,2,1,75,6,am_peak+early+evening+midday+owl+pm_peak,False,,False,478.79999999999967,213.4999999999998,3,LANTUTW,0.5852477541225042,1,2.2543240451342905,0.0,1.0,1.0,shape_dist_traveled,
LANOLEE,W LANE AVE & OLENTANGY RIVER RD,-83.022797,40.006426,1,001,2,1,75,6,am_peak+early+evening+midday+owl+pm_peak,False,,False,611.8000000000001,478.79999999999967,2,OLELANN,1.1605660599584133,1,2.2543240451342905,0.0,1.0,1.0,shape_dist_traveled,
HIGERIS,N HIGH ST & ERIE RD,-83.017678,40.038065,1,002,2,1,75,6,am_peak+early+evening+midday+owl+pm_peak,False,,False,256.39999999999975,211.00000000000028,6,HIGGLENN,0.9331270440224003,3,35.92865543102342,0.0,1.0,1.0,shape_dist_traveled,
HIGCOOS,N HIGH ST & W COOKE RD,-83.020318,40.049473,1,002,2,1,75,6,am_peak+early+evening+midday+owl+pm_peak,False,,False,243.39999999999984,294.20000000000005,5,HIGCOON,1.0385402355644473,2,15.07762186031378,0.0,1.0,1.0,shape_dist_traveled,
CLEGENS,CLEVELAND AVE & GENESSEE AVE,-82.965114,40.019186,1,101,2,1,75,6,am_peak+early+evening+midday+owl+pm_peak,False,,False,419.9999999999982,696.8999999999994,1,CLEGENN,0.5748796593080059,4,20.81590124792832,0.0,0.75,0.8399122807017545,shape_dist_traveled,
LIVGRAE,E LIVINGSTON AVE & GRATTAN RD,-82.879707,39.944825,1,001,2,1,75,6,am_peak+early+evening+midday+owl+pm_peak,False,,False,311.80000000000166,248.899999999999,10,LIVHAMW,0.4598531357192786,2,5.9432179371722205,0.0,1.0,1.0,shape_dist_traveled,
CLEWEBS,CLEVELAND AVE & E WEBER RD,-82.964819,40.022922,1,101,2,1,75,6,am_peak+early+evening+midday+owl+pm_peak,False,,False,963.2000000000005,419.9999999999982,2,CLEWEBN,0.7400063355540197,3,21.31360915399693,0.0,1.0,1.0,shape_dist_traveled,
CLEELMS,CLEVELAND AVE & NORTHERN LIGHTS PARK & RIDE,-82.961229,40.040703,1,101,2,1,75,6,am_peak+early+evening+midday+owl+pm_peak,False,,False,402.4000000000001,561.1999999999995,1,CLENORN,0.45507330951972735,2,19.000731237560448,0.0,1.0,1.0,shape_dist_traveled,
CLELEHS,CLEVELAND AVE & LEHNER RD,-82.953707,40.052277,1,101,2,1,75,6,am_peak+early+evening+midday+owl+pm_peak,False,,False,725.3999999999987,1081.4000000000003,1,CLELEHN,0.8618965027832868,2,20.230362534906426,0.0,0.5,0.47202797202797214,shape_dist_traveled,
CLEMORS,CLEVELAND AVE & MORSE RD,-82.953231,40.05874,1,101,2,1,75,6,am_peak+early+evening+midday+owl+pm_peak,False,,False,856.6000000000003,725.3999999999987,6,CLEMORN,0.6001214429194067,2,8.958742309234973,0.0,1.0,1.0,shape_dist_traveled,
CLETAYS,CLEVELAND AVE & TAYMOUTH RD,-82.952576,40.06637,1,101,2,1,75,6,am_peak+early+evening+midday+owl+pm_peak,False,,False,628.0999999999999,856.6000000000003,1,CLENORWN,0.4189758267814911,1,17.64423321905973,0.0,1.0,1.0,shape_dist_traveled,
CLEWALS,CLEVELAND AVE & WALLCREST BLVD,-82.952178,40.071974,1,101,2,1,75,6,am_peak+early+evening+midday+owl+pm_peak,False,,False,1365.6000000000006,628.0999999999999,1,CLEWALN,1.346621814820805,2,45.515875958901866,0.0,0.5,0.5129310344827586,shape_dist_traveled,
PARGATS,PARSONS AVE & E GATES ST,-82.983627,39.936892,2,004+008,2,2,75,6,am_peak+early+evening+midday+owl+pm_peak,False,,True,283.59999999999985,187.40000000000023,11,PARGATN,0.7022648411412831,2,4.56720196157077,0.0,0.6666666666666666,0.639344262295082,shape_dist_traveled,transfer point (2 routes)
PARWHIS,PARSONS AVE & E WHITTIER ST,-82.983032,39.94437,2,004+008,2,2,75,6,am_peak+early+evening+midday+owl+pm_peak,False,,True,228.4000000000006,234.49999999999704,10,WHIPARW,0.36696828384161717,1,6.382371971938641,0.0,0.5,0.7315436241610739,shape_dist_traveled,transfer point (2 routes)
POLAFRW1,POLARIS PKWY & AFRICA RD,-82.941272,40.14597,2,101+102,2,1,75,6,am_peak+early+evening+midday+owl+pm_peak,False,,True,585.0999999999999,537.1999999999999,2,POLAFRE1,1.0293442843396958,1,82.56095853608693,0.0,1.0,1.0,shape_dist_traveled,transfer point (2 routes)
HAMREFS,S HAMILTON RD & REFUGEE RD,-82.880758,39.915904,2,005+024,3,1,75,6,am_peak+early+evening+midday+owl+pm_peak,False,,True,462.79999999999967,331.8000000000012,6,HAMREFN,0.3537040368340235,0,0.0,0.0,0.0,0.0,shape_dist_traveled,transfer point (2 routes); catchment not reconstructable
PARTHUS,PARSONS AVE & THURMAN AVE,-82.983431,39.939418,2,004+008,2,2,75,6,am_peak+early+evening+midday+owl+pm_peak,False,,True,321.50000000000034,283.59999999999985,5,PARTHUN,0.21352927048357295,3,15.341114281173633,0.0,1.0,1.0,shape_dist_traveled,transfer point (2 routes)
PARZIMS,PARSONS AVE & ZIMPFER ST,-82.983193,39.942278,2,004+008,2,2,75,6,am_peak+early+evening+midday+owl+pm_peak,False,,True,234.49999999999704,321.50000000000034,10,PARSTEN,0.6557780564261868,2,7.846218754493375,0.0,0.5,0.1865671641791045,shape_dist_traveled,transfer point (2 routes)
LIVMAYE,E LIVINGSTON AVE & MAYFIELD PL,-82.941157,39.948142,1,001,2,1,75,6,am_peak+early+evening+midday+owl+pm_peak,False,,False,477.9999999999998,402.89999999999895,4,LIVMAYW,0.2612859246835077,1,16.541468642868516,0.0,1.0,1.0,shape_dist_traveled,
OLE2825S,2825 OLENTANGY RIVER RD,-83.024152,40.018704,1,001,2,1,75,6,am_peak+early+evening+midday+owl+pm_peak,False,,False,241.40000000000006,341.40000000000015,4,OLE2825N,0.5655709787116578,1,5.995916421344191,0.0,1.0,1.0,shape_dist_traveled,
OLEACKS,OLENTANGY RIVER RD & ACKERMAN RD,-83.023051,40.015791,1,001,2,1,75,6,am_peak+early+evening+midday+owl+pm_peak,False,,False,341.40000000000015,489.39999999999986,5,OLEDODN,1.6356723720967168,0,0.0,0.0,0.0,0.0,shape_dist_traveled,catchment not reconstructable
CLECOOS,CLEVELAND AVE & E COOKE RD,-82.959185,40.043961,1,101,2,1,75,6,am_peak+early+evening+midday+owl+pm_peak,False,,False,1081.4000000000003,402.4000000000001,2,CLECOON1,2.500866179029137,1,12.00354361694882,0.0,1.0,1.0,shape_dist_traveled,
LIVCOLE,E LIVINGSTON AVE & COLLEGE AVE,-82.936415,39.947918,1,001,2,1,75,6,am_peak+early+evening+midday+owl+pm_peak,False,,False,402.89999999999895,299.7000000000014,4,LIVCOLW,0.5811608449064274,2,22.289507009033443,0.0,0.6666666666666666,0.4659735349716446,shape_dist_traveled,
KAR161S1,KARL RD & STATE ROUTE 161,-82.975508,40.085891,2,008+042,3,2,74,6,am_peak+early+evening+midday+owl+pm_peak,False,,True,220.20000000000016,160.2999999999999,6,161KARE,1.7218733876471066,2,17.403047034886434,0.0,0.3333333333333333,0.41137566137566167,shape_dist_traveled,transfer point (2 routes)
5THEDGE,W 5TH AVE & EDGEHILL RD,-83.028781,39.987943,2,005+022,3,2,74,6,am_peak+early+evening+midday+owl+pm_peak,False,,True,385.69999999999993,248.79999999999924,10,EDG5TH,0.7048005384403458,1,53.225469013690024,0.0,1.0,1.0,shape_dist_traveled,transfer point (2 routes)
KARNORMS,KARL RD & NORMA RD,-82.976852,40.068477,2,008+042,3,2,74,6,am_peak+early+evening+midday+owl+pm_peak,False,,True,402.80000000000007,391.79999999999995,7,KARNORMN,0.4650731869554764,2,23.46058443507723,0.0,1.0,1.0,shape_dist_traveled,transfer point (2 routes)
BOBBURN,BOBCAT AVE & BURR AVE,-83.027615,39.976883,2,003+022,2,2,74,6,am_peak+early+evening+midday+owl+pm_peak,False,,True,336.4,481.7999999999998,9,NORBURNW,1.7305914112455327,1,33.87341454831658,0.0,1.0,1.0,shape_dist_traveled,transfer point (2 routes)
KARSANS,KARL RD & SANDALWOOD PL,-82.976122,40.077272,2,008+042,3,2,74,6,am_peak+early+evening+midday+owl+pm_peak,False,,True,418.80000000000007,584.0000000000001,1,KARSANN,0.2632930601230569,2,17.2343561199444,0.0,1.0,1.0,shape_dist_traveled,transfer point (2 routes)
KARPENS,KARL RD & PENWORTH DR,-82.976531,40.072069,2,008+042,3,2,74,6,am_peak+early+evening+midday+owl+pm_peak,False,,True,584.0000000000001,402.80000000000007,2,KARPENN,0.6178334140975619,2,17.2343561199444,0.0,1.0,1.0,shape_dist_traveled,transfer point (2 routes)
GRTEASW,GREAT EASTERN WESTBOUND,-82.873491,39.956139,1,002,2,2,74,6,am_peak+early+evening+midday+owl+pm_peak,True,002,False,462.7999999999979,339.1,8,MAISHAW,2.742541045224323,1,14.46280621164079,0.0,1.0,1.0,shape_dist_traveled,terminal
CLEWALN,CLEVELAND AVE & WALLCREST BLVD,-82.951805,40.072901,1,101,2,1,74,6,am_peak+early+evening+midday+owl+pm_peak,False,,False,710.3999999999999,1162.9999999999984,1,CLEWALS,1.346621814820805,1,27.871642739842137,0.0,0.5,0.5129310344827586,shape_dist_traveled,
ELIVKENW,E LIVINGSTON AVE & KENWICK RD,-82.924355,39.947442,1,001,2,1,74,6,am_peak+early+evening+midday+owl+pm_peak,False,,False,382.9999999999991,164.5000000000003,7,ELIVKENE,0.8278651268881376,3,20.679275548223213,0.0,1.0,1.0,shape_dist_traveled,
LIVCHEW,E LIVINGSTON AVE & CHELSEA AVE,-82.92629,39.947522,1,001,2,1,74,6,am_peak+early+evening+midday+owl+pm_peak,False,,False,164.5000000000003,202.50000000000057,5,LIVCHEE,0.848475411739663,2,13.887026477169247,0.0,1.0,1.0,shape_dist_traveled,
ELIVEASW,E LIVINGSTON AVE & EASTMOOR BLVD,-82.919842,39.947177,1,001,2,1,74,6,am_peak+early+evening+midday+owl+pm_peak,False,,False,452.2000000000013,382.9999999999991,4,LIVWELE,0.23182459864912625,2,17.605197304858272,0.0,1.0,1.0,shape_dist_traveled,
MEIPOLN,MEIJERS & POLARIS WOODS BLVD,-82.923944,40.150506,1,102,2,2,74,6,am_peak+early+evening+midday+owl+pm_peak,True,102,False,483.4999999999994,782.9000000000001,2,STAPOLN,3.9385586372429957,1,42.627218307993914,0.0,0.0,0.0,shape_dist_traveled,terminal
KARCOLS,KARL RD & COLUMBUS LIBRARY,-82.975836,40.081029,2,008+042,3,2,74,6,am_peak+early+evening+midday+owl+pm_peak,False,,True,388.50000000000006,418.80000000000007,3,KARCOLN,0.2448652541526172,2,17.403047034886434,0.0,1.0,1.0,shape_dist_traveled,transfer point (2 routes)
BOBBELN,BOBCAT AVE & 1ST AVE,-83.029143,39.98103,2,003+022,2,2,74,6,am_peak+early+evening+midday+owl+pm_peak,False,,True,481.7999999999998,436.0999999999999,7,BOBBELS,0.207265227611264,1,12.413420716064168,0.0,1.0,1.0,shape_dist_traveled,transfer point (2 routes)
KARHEMS,KARL RD & HEMPWOOD DR,-82.97559,40.084468,2,008+042,3,2,74,6,am_peak+early+evening+midday+owl+pm_peak,False,,True,160.2999999999999,388.50000000000006,8,KARHEMN,0.21401941362821608,2,17.403047034886434,0.0,1.0,1.0,shape_dist_traveled,transfer point (2 routes)
LIVMAYW,E LIVINGSTON AVE & MAYFIELD PL,-82.941022,39.948299,1,001,2,1,74,6,am_peak+early+evening+midday+owl+pm_peak,False,,False,349.8000000000001,415.9000000000006,5,LIVMAYE,0.2612859246835077,1,16.541468642868516,0.0,1.0,1.0,shape_dist_traveled,
LIVCOUNW,E LIVINGSTON AVE & COUNTRY CLUB RD,-82.868669,39.944349,1,001,2,1,74,6,am_peak+early+evening+midday+owl+pm_peak,False,,False,1296.8000000000002,201.50000000000023,3,LIVLATE,1.7385333028026597,1,9.544281022256866,0.0,0.5,0.641732283464567,shape_dist_traveled,
LIVNOEW,E LIVINGSTON AVE & NOE BIXBY RD,-82.85337,39.943505,1,001,2,1,74,6,am_peak+early+evening+midday+owl+pm_peak,False,,False,296.8999999999999,1296.8000000000002,3,LIVNOEE,0.27494112504881013,2,12.374384801862686,0.0,1.0,1.0,shape_dist_traveled,
4450HAW,E LIVINGSTON & SOUTH HAMILTON RD,-82.876566,39.944802,1,001,2,1,74,6,am_peak+early+evening+midday+owl+pm_peak,False,,False,469.2999999999996,294.99999999999994,8,LIVHAME,0.3125240766157803,2,10.949573933509411,0.0,1.0,1.0,shape_dist_traveled,
LIVSHAW,E LIVINGSTON AVE & SHADY LANE RD,-82.871037,39.944466,1,001,2,1,74,6,am_peak+early+evening+midday+owl+pm_peak,False,,False,201.50000000000023,469.2999999999996,3,LIVSHAE,0.672364382789321,3,20.493854955766277,0.0,1.0,1.0,shape_dist_traveled,
LIVQUAW,E LIVINGSTON AVE & QUARRY RIDGE DR,-82.840707,39.943073,1,001,2,1,74,6,am_peak+early+evening+midday+owl+pm_peak,False,,False,232.6999999999999,300.1,5,LIVQUAE,0.6765812608951587,1,66.2829823140784,0.0,0.0,0.0,shape_dist_traveled,
LIVMCNW,E LIVINGSTON AVE & MCNAUGHTEN RD,-82.838035,39.942618,1,001,2,1,74,6,am_peak+early+evening+midday+owl+pm_peak,False,,False,194.90000000000006,232.6999999999999,5,LIVWALE,0.31962842506524436,2,83.33386963727597,0.0,0.5,0.39139784946236594,shape_dist_traveled,
LIVSARW,E LIVINGSTON AVE & SARANAC DR,-82.835748,39.942471,1,001,2,1,74,6,am_peak+early+evening+midday+owl+pm_peak,False,,False,447.19999999999993,194.90000000000006,3,LIVSARE,0.47599392856948947,1,17.05088732319758,0.0,1.0,1.0,shape_dist_traveled,
LIVBRIW,E LIVINGSTON AVE & BRICE RD,-82.830486,39.942198,1,001,2,1,74,6,am_peak+early+evening+midday+owl+pm_peak,False,,False,571.6999999999999,447.19999999999993,6,LIVBRIE,0.34742921981373776,0,0.0,0.0,0.0,0.0,shape_dist_traveled,catchment not reconstructable
LIVWESW,E LIVINGSTON AVE & WESTPHAL AVE,-82.883448,39.945173,1,001,2,1,74,6,am_peak+early+evening+midday+owl+pm_peak,False,,False,289.8000000000005,312.9999999999997,5,LIVBURE,0.21283807255843148,4,17.04893552748747,0.0,0.75,0.7392290249433108,shape_dist_traveled,
LIVHAMW,E LIVINGSTON AVE & S HAMILTON RD,-82.88004,39.945035,1,001,2,1,74,6,am_peak+early+evening+midday+owl+pm_peak,False,,False,294.99999999999994,289.8000000000005,9,LIVGRAE,0.4598531357192786,2,5.9432179371722205,0.0,1.0,1.0,shape_dist_traveled,
LIVLONW,E LIVINGSTON AVE & LONSDALE RD,-82.849881,39.943306,1,001,2,1,74,6,am_peak+early+evening+midday+owl+pm_peak,False,,False,477.30000000000007,296.8999999999999,3,LIVLONE,0.4994769871000114,1,5.738279387614558,0.0,0.5,0.5355191256830601,shape_dist_traveled,
LIVBAIW,E LIVINGSTON AVE & BAIRSFORD DR,-82.844263,39.943195,1,001,2,1,74,6,am_peak+early+evening+midday+owl+pm_peak,False,,False,300.1,477.30000000000007,3,LIVBAIE,0.34406913149936375,1,22.406614751637807,0.0,1.0,1.0,shape_dist_traveled,
LIV18TW,E LIVINGSTON AVE & S 18TH ST,-82.977483,39.950838,1,001,2,1,74,6,am_peak+early+evening+midday+owl+pm_peak,False,,False,245.3000000000003,279.6000000000003,5,LIV18TE,0.6836579914523181,1,6.499479714543019,0.0,1.0,1.0,shape_dist_traveled,
LIVLOCW,E LIVINGSTON AVE & LOCKBOURNE RD,-82.962842,39.949384,1,001,2,1,74,6,am_peak+early+evening+midday+owl+pm_peak,False,,False,260.60000000000014,423.89999999999975,4,LIVSTUE,1.2675247946411095,2,7.055741491913818,0.0,0.3333333333333333,0.40501792114695334,shape_dist_traveled,
LIVKELW,E LIVINGSTON AVE & KELTON AVE,-82.959769,39.949249,1,001,2,1,74,6,am_peak+early+evening+midday+owl+pm_peak,False,,False,194.49999999999966,260.60000000000014,5,LIVKELE,0.8854123895643088,3,10.200920864717133,0.0,0.75,0.8395989974937343,shape_dist_traveled,
LIVLILW,E LIVINGSTON AVE & LILLEY AVE,-82.957479,39.949152,1,001,2,1,74,6,am_peak+early+evening+midday+owl+pm_peak,False,,False,345.79999999999876,194.49999999999966,4,LIVBERE,0.9221208273872277,2,5.018903254473374,0.0,1.0,1.0,shape_dist_traveled,
LIVOHIW,E LIVINGSTON AVE & S OHIO AVE,-82.971849,39.949836,1,001,2,1,74,6,am_peak+early+evening+midday+owl+pm_peak,False,,False,124.29999999999986,258.8000000000008,12,OHILIVS,0.3971286648296429,2,13.87726749861888,0.0,0.5,0.5316455696202531,shape_dist_traveled,
LIVWILW,E LIVINGSTON AVE & WILSON AVE,-82.967829,39.949636,1,001,2,1,74,6,am_peak+early+evening+midday+owl+pm_peak,False,,False,423.89999999999975,216.40000000000015,11,LIVWILE,0.4416184413398937,1,3.308293728573699,0.0,0.5,0.7483443708609272,shape_dist_traveled,
LIVCHAW,E LIVINGSTON AVE & S CHAMPION AVE,-82.970382,39.949772,1,001,2,1,74,6,am_peak+early+evening+midday+owl+pm_peak,False,,False,216.40000000000015,124.29999999999986,12,LIVCHAE,0.19874975368757547,1,7.37778778407586,0.0,0.0,0.0,shape_dist_traveled,
220OLEN,2200 OLENTANGY RIVER RD,-83.022343,40.009734,1,001,2,1,74,6,am_peak+early+evening+midday+owl+pm_peak,False,,False,282.700000000002,307.699999999997,4,OLEARGS,2.4456435844955644,1,2.2543240451342905,0.0,0.0,0.0,shape_dist_traveled,
LIVCARW,E LIVINGSTON AVE & CARPENTER ST,-82.974894,39.949969,1,001,2,1,74,6,am_peak+early+evening+midday+owl+pm_peak,False,,False,258.8000000000008,245.3000000000003,9,LIVCARE,0.9997060545187587,1,6.499479714543019,0.0,1.0,1.0,shape_dist_traveled,
LIVFAIW,E LIVINGSTON AVE & FAIRWOOD AVE,-82.953402,39.948932,1,001,2,1,74,6,am_peak+early+evening+midday+owl+pm_peak,False,,False,149.3000000000002,345.79999999999876,6,LIVBULW,1.8799311264846552,3,7.419611977863138,0.0,1.0,1.0,shape_dist_traveled,
LANNEIW,W LANE AVE & NEIL AVE,-83.013959,40.006292,1,001,2,1,74,6,am_peak+early+evening+midday+owl+pm_peak,False,,False,304.5000000000009,229.5999999999978,4,LANNEIE,0.7368219075663796,3,466.3523079862875,0.0,1.0,1.0,shape_dist_traveled,
LANTUTW,W LANE AVE & TUTTLE PARK PL,-83.016666,40.006438,1,001,2,1,74,6,am_peak+early+evening+midday+owl+pm_peak,False,,False,229.5999999999978,635.4000000000007,3,LANTUTE,0.5852477541225042,1,2.2543240451342905,0.0,1.0,1.0,shape_dist_traveled,
OLELANN,OLENTANGY RIVER RD & W LANE AVE,-83.022949,40.007254,1,001,2,1,74,6,am_peak+early+evening+midday+owl+pm_peak,False,,False,635.4000000000007,282.700000000002,2,LANOLEE,1.1605660599584133,1,2.2543240451342905,0.0,1.0,1.0,shape_dist_traveled,
CLE11TN,CLEVELAND AVE & E 11TH AVE,-82.981875,39.993405,1,101,2,1,74,6,am_peak+early+evening+midday+owl+pm_peak,False,,False,1155.2999999999995,988.4000000000004,5,CLE11TS,0.7929768445424972,3,12.77310878263474,0.0,1.0,1.0,shape_dist_traveled,
OLE3230N,3230 OLENTANGY RIVER RD,-83.026451,40.025738,1,001,2,1,74,6,am_peak+early+evening+midday+owl+pm_peak,False,,False,161.10000000000113,396.99999999999847,4,OLERIVS1,1.9167819393518748,3,43.7966227662862,0.0,0.75,0.918419375398343,shape_dist_traveled,
OLE3420N,3420 OLENTANGY RIVER RD,-83.028846,40.028787,1,001,2,1,74,6,am_peak+early+evening+midday+owl+pm_peak,False,,False,396.99999999999847,734.0000000000018,6,OLE3440S,0.5071331135545012,2,40.37707668223834,0.0,1.0,1.0,shape_dist_traveled,
LIVBULW,E LIVINGSTON AVE & BULEN AVE,-82.951646,39.948841,1,001,2,1,74,6,am_peak+early+evening+midday+owl+pm_peak,False,,False,231.60000000000025,149.3000000000002,4,LIVBULE,0.19304758598750488,3,7.419611977863138,0.0,1.0,1.0,shape_dist_traveled,
CLE4THN1,CLEVELAND AVE & E 5TH AVE,-82.989168,39.985006,1,101,2,1,74,6,am_peak+early+evening+midday+owl+pm_peak,False,,False,302.7000000000006,1155.2999999999995,7,CLE5THS1,1.3758976027297325,1,8.31464972491089,0.0,1.0,1.0,shape_dist_traveled,
CLEMOUN,CLEVELAND AVE & MOUNT VERNON AVE,-82.990366,39.969546,1,101,2,1,74,6,am_peak+early+evening+midday+owl+pm_peak,False,,False,591.0000000000002,794.6999999999997,5,CLEMOUS,0.30286725517317115,1,9.192957794443734,0.0,1.0,1.0,shape_dist_traveled,
CLEFORN,CLEVELAND AVE & FORT HAYES,-82.989805,39.976625,1,101,2,1,74,6,am_peak+early+evening+midday+owl+pm_peak,False,,False,794.6999999999997,637.9999999999999,1,CLEFORS,0.3359059683956763,0,0.0,0.0,0.0,0.0,shape_dist_traveled,catchment not reconstructable
CLE2NDN,CLEVELAND AVE & E 2ND AVE,-82.989371,39.982316,1,101,2,1,74,6,am_peak+early+evening+midday+owl+pm_peak,False,,False,637.9999999999999,302.7000000000006,2,CLE2NDS,1.5585049059174123,1,8.31464972491089,0.0,1.0,1.0,shape_dist_traveled,
CLEGENN,CLEVELAND AVE & GENESSEE AVE,-82.964843,40.019544,1,101,2,1,74,6,am_peak+early+evening+midday+owl+pm_peak,False,,False,623.5,434.99999999999875,2,CLEGENS,0.5748796593080059,3,18.67868494539841,0.0,0.75,0.8399122807017545,shape_dist_traveled,
CLEHUDN,CLEVELAND AVE & E HUDSON ST,-82.966873,40.014248,1,101,2,1,74,6,am_peak+early+evening+midday+owl+pm_peak,False,,False,959.0000000000006,623.5,4,HUDCLEE,1.2151082974659366,2,4.947802125035001,0.0,1.0,1.0,shape_dist_traveled,
CLE24THN,CLEVELAND AVE & E 24TH AVE,-82.971667,40.006497,1,101,2,1,74,6,am_peak+early+evening+midday+owl+pm_peak,False,,False,721.4999999999998,959.0000000000006,1,CLE24TS,0.2869104946702123,3,10.14933769237949,0.0,1.0,1.0,shape_dist_traveled,
LANHIGW,W LANE AVE & N HIGH ST,-83.010369,40.006131,1,001,2,1,74,6,am_peak+early+evening+midday+owl+pm_peak,False,,False,377.09999999999866,304.5000000000009,9,HIGLANN,1.2802707502090387,6,471.7099872104378,0.0,0.8571428571428571,0.9934027991861398,shape_dist_traveled,
NAG5THE1,E NAGHTEN ST & N 5TH ST,-82.996212,39.968716,1,101,2,1,74,6,am_peak+early+evening+midday+owl+pm_peak,False,,False,587.6999999999999,591.0000000000002,7,NATCONW,2.7475663711798317,1,9.192957794443734,0.0,0.0,0.0,shape_dist_traveled,
CLENORN,CLEVELAND AVE & NORTHERN LIGHTS,-82.960865,40.040874,1,101,2,1,74,6,am_peak+early+evening+midday+owl+pm_peak,False,,False,533.6999999999996,576.2,2,CLEELMS,0.45507330951972735,2,19.000731237560448,0.0,1.0,1.0,shape_dist_traveled,
CLEOAKN,CLEVELAND AVE & OAKLAND PARK AVE,-82.96393,40.031029,1,101,2,1,74,6,am_peak+early+evening+midday+owl+pm_peak,False,,False,855.0000000000005,609.6000000000004,2,CLEOAKS,0.6976782216435553,2,18.737238816700597,0.0,0.5,0.5621621621621623,shape_dist_traveled,
CLEWEBN,CLEVELAND AVE & E WEBER RD,-82.964558,40.023416,1,101,2,1,74,6,am_peak+early+evening+midday+owl+pm_peak,False,,False,434.99999999999875,855.0000000000005,1,CLEWEBS,0.7400063355540197,3,21.31360915399693,0.0,1.0,1.0,shape_dist_traveled,
CLE17TN,CLEVELAND AVE & E 17TH AVE,-82.975333,40.000674,1,101,2,1,74,6,am_peak+early+evening+midday+owl+pm_peak,False,,False,988.4000000000004,721.4999999999998,6,17TCLEW,0.9106383607653511,2,2.8105858225050895,0.0,0.6666666666666666,0.46376811594202894,shape_dist_traveled,
LIVRHOW,E LIVINGSTON AVE & RHOADS AVE,-82.948914,39.948683,1,001,2,1,74,6,am_peak+early+evening+midday+owl+pm_peak,False,,False,253.70000000000027,231.60000000000025,8,LIVRHOE,0.6796763602993972,2,4.274432605059824,0.0,1.0,1.0,shape_dist_traveled,
LIVANNW,E LIVINGSTON AVE & ANN ST,-82.980551,39.951762,1,001,2,1,74,6,am_peak+early+evening+midday+owl+pm_peak,False,,False,279.6000000000003,233.29999999999984,7,LIVANNE,0.3426816107300017,1,9.807773443116732,0.0,0.5,0.6014362657091565,shape_dist_traveled,
CLENORWN,CLEVELAND AVE & NORTHWOLD RD,-82.95229,40.066577,1,101,2,1,74,6,am_peak+early+evening+midday+owl+pm_peak,False,,False,840.6000000000003,710.3999999999999,1,CLETAYS,0.4189758267814911,1,17.64423321905973,0.0,1.0,1.0,shape_dist_traveled,
LIVALUW,E LIVINGSTON AVE & ALUM CREEK DR,-82.945934,39.948554,1,001,2,1,74,6,am_peak+early+evening+midday+owl+pm_peak,False,,False,415.9000000000006,253.70000000000027,5,LIVMEME,0.92341042649344,1,2.107939366878817,0.0,1.0,1.0,shape_dist_traveled,
CLECOON1,CLEVELAND AVE & COOKE RD,-82.957589,40.045281,1,101,2,1,74,6,am_peak+early+evening+midday+owl+pm_peak,False,,False,576.2,816.1000000000005,1,CLECOOS,2.500866179029137,1,12.00354361694882,0.0,1.0,1.0,shape_dist_traveled,
CLELEHN,CLEVELAND AVE & LEHNER RD,-82.953489,40.051679,1,101,2,1,74,6,am_peak+early+evening+midday+owl+pm_peak,False,,False,816.1000000000005,831.6999999999997,1,CLELEHS,0.8618965027832868,1,15.809545251591128,0.0,0.5,0.47202797202797214,shape_dist_traveled,
LIVCOLW,E LIVINGSTON AVE & COLLEGE AVE,-82.936905,39.9481,1,001,2,1,74,6,am_peak+early+evening+midday+owl+pm_peak,False,,False,306.6999999999993,349.8000000000001,5,LIVCOLE,0.5811608449064274,3,38.83097565190196,0.0,0.6666666666666666,0.4659735349716446,shape_dist_traveled,
ELIVSCAW,E LIVINGSTON AVE & S CASSINGHAM RD,-82.933294,39.947928,1,001,2,1,74,6,am_peak+early+evening+midday+owl+pm_peak,False,,False,392.0999999999992,306.6999999999993,4,LIVCASE,0.5089386659088158,3,25.363585252398384,0.0,1.0,1.0,shape_dist_traveled,
CLEMORN,CLEVELAND AVE & MORSE RD,-82.952906,40.059093,1,101,2,1,74,6,am_peak+early+evening+midday+owl+pm_peak,False,,False,831.6999999999997,840.6000000000003,6,CLEMORS,0.6001214429194067,2,8.958742309234973,0.0,1.0,1.0,shape_dist_traveled,
LIVELDW,E LIVINGSTON AVE & ELDERWOOD AVE,-82.891509,39.945642,1,001,2,1,74,6,am_peak+early+evening+midday+owl+pm_peak,False,,False,372.0999999999997,288.8000000000002,5,LIVVILE,0.2724116009011237,2,8.412239510414539,0.0,1.0,1.0,shape_dist_traveled,
LIVYEAW,E LIVINGSTON AVE & S YEARLING RD,-82.887128,39.945422,1,001,2,1,74,6,am_peak+early+evening+midday+owl+pm_peak,False,,False,312.9999999999997,372.0999999999997,5,LIVYEAE,0.8036185292192719,3,13.85774954151815,0.0,1.0,1.0,shape_dist_traveled,
OLE2825N,2825 OLENTANGY RIVER RD,-83.023719,40.018469,1,001,2,1,74,6,am_peak+early+evening+midday+owl+pm_peak,False,,False,178.79999999999896,682.9999999999998,4,OLE2825S,0.5655709787116578,1,5.995916421344191,0.0,1.0,1.0,shape_dist_traveled,
OLEDODN,OLENTANGY RIVER RD & DODRIDGE ST,-83.023097,40.016969,1,001,2,1,74,6,am_peak+early+evening+midday+owl+pm_peak,False,,False,286.8999999999993,178.79999999999896,4,OLEACKS,1.6356723720967168,1,5.995916421344191,0.0,0.0,0.0,shape_dist_traveled,
OLEBURN,OLENTANGY RIVER RD & BURNBRAE AVE,-83.022267,40.01447,1,001,2,1,74,6,am_peak+early+evening+midday+owl+pm_peak,False,,False,224.5000000000026,286.8999999999993,4,OLEACKS,2.015278319266571,0,0.0,0.0,0.0,0.0,shape_dist_traveled,catchment not reconstructable
OLEARGN,OLENTANGY RIVER RD & ARGYLL ST,-83.021976,40.012473,1,001,2,1,74,6,am_peak+early+evening+midday+owl+pm_peak,False,,False,307.699999999997,224.5000000000026,4,OLEARGS,1.4034012545271506,0,0.0,0.0,0.0,0.0,shape_dist_traveled,catchment not reconstructable
LIVBEEW,E LIVINGSTON AVE & BEECHWOOD RD,-82.89492,39.945849,1,001,2,1,74,6,am_peak+early+evening+midday+owl+pm_peak,False,,False,288.8000000000002,238.6999999999997,7,LIVBEEE,0.9182638043702014,2,8.958742309234973,0.0,1.0,1.0,shape_dist_traveled,
OLERIVN,OLENTANGY RIVER RD & RIVERVIEW,-83.025943,40.024328,1,001,2,1,74,6,am_peak+early+evening+midday+owl+pm_peak,False,,False,682.9999999999998,161.10000000000113,3,OLERIVS1,0.29470551092066877,3,43.7966227662862,0.0,0.75,0.918419375398343,shape_dist_traveled,
GTCREFS,GENDER ROAD TOWNE CENTRE,-82.822108,39.909755,1,005,4,2,74,6,am_peak+early+evening+midday+owl+pm_peak,True,005,False,215.29999999999916,519.5,5,REFGENE,1.9490157848567027,1,12.881851686481662,0.0,0.3333333333333333,0.39173789173789175,shape_dist_traveled,terminal
ELIVSROW,E LIVINGSTON AVE & S ROOSEVELT AVE,-82.928674,39.947657,1,001,2,1,74,6,am_peak+early+evening+midday+owl+pm_peak,False,,False,202.50000000000057,392.0999999999992,6,LIVROOE,0.9911440978327549,3,25.363585252398384,0.0,0.6666666666666666,0.3478260869565214,shape_dist_traveled,
JAMMOUN,S JAMES RD & E MOUND ST,-82.914911,39.954514,1,023,1,1,73,6,am_peak+early+evening+midday+owl+pm_peak,False,,False,339.9999999999999,292.69999999999993,9,JAMMOUS,1.016430410817049,2,9.924881185721098,0.0,0.5,0.799410029498525,shape_dist_traveled,
JAMMAIN,S JAMES RD & E MAIN ST,-82.914676,39.957115,1,023,1,1,73,6,am_peak+early+evening+midday+owl+pm_peak,False,,False,292.69999999999993,492.10000000000065,7,JAMMAIS,0.48531222409649855,3,12.442697651715239,0.0,0.3333333333333333,0.16,shape_dist_traveled,
JAMFAIN,S JAMES RD & FAIR AVE,-82.914267,39.961495,1,023,1,1,73,6,am_peak+early+evening+midday+owl+pm_peak,False,,False,492.10000000000065,297.8000000000005,3,JAMFAIS,0.864669167128892,3,14.072447069626177,0.0,1.0,1.0,shape_dist_traveled,
JAMDALN,S JAMES RD & DALE AVE,-82.914038,39.964151,1,023,1,1,73,6,am_peak+early+evening+midday+owl+pm_peak,False,,False,297.8000000000005,445.9999999999997,4,JAMDALS,0.7310343039169676,2,7.807182840291915,0.0,1.0,1.0,shape_dist_traveled,
JAMELBN,S JAMES RD & ELBERN AVE,-82.913687,39.96814,1,023,1,1,73,6,am_peak+early+evening+midday+owl+pm_peak,False,,False,445.9999999999997,409.7999999999988,2,JAMELBS,0.7105922218581903,3,13.077031257488958,0.0,1.0,1.0,shape_dist_traveled,
JAMBRON,S JAMES RD & E BROAD ST,-82.913342,39.971791,1,023,1,1,73,6,am_peak+early+evening+midday+owl+pm_peak,False,,False,409.7999999999988,147.20000000000155,10,JAMBROS,0.38867456183228427,1,5.533340838056895,0.0,1.0,1.0,shape_dist_traveled,
COUOAKN,COURTRIGHT RD & OAKCREST RD,-82.898701,39.924855,1,023,1,1,73,6,am_peak+early+evening+midday+owl+pm_peak,False,,False,199.19999999999982,242.70000000000013,6,COUOAKS,0.17303015505381175,2,9.368619408350298,0.0,1.0,1.0,shape_dist_traveled,
COUOAKS,COURTRIGHT RD & OAKCREST RD,-82.898853,39.924812,1,023,1,1,73,6,am_peak+early+evening+midday+owl+pm_peak,False,,False,289.7999999999996,272.50000000000085,6,COUOAKN,0.17303015505381175,2,9.368619408350298,0.0,1.0,1.0,shape_dist_traveled,
COUCLAS,COURTRIGHT RD & CLARKSTON AVE,-82.898386,39.92244,1,023,1,1,73,6,am_peak+early+evening+midday+owl+pm_peak,False,,False,272.50000000000085,220.90000000000032,5,COUCLAN,0.9807161067335883,3,12.676913136923996,0.0,1.0,1.0,shape_dist_traveled,
JAMELBS,S JAMES RD & ELBERN AVE,-82.913951,39.96767,1,023,1,1,73,6,am_peak+early+evening+midday+owl+pm_peak,False,,False,441.00000000000074,447.09999999999894,2,JAMELBN,0.7105922218581903,3,13.077031257488958,0.0,1.0,1.0,shape_dist_traveled,
JAMDALS,S JAMES RD & DALE AVE,-82.914302,39.963665,1,023,1,1,73,6,am_peak+early+evening+midday+owl+pm_peak,False,,False,447.09999999999894,309.800000000001,3,JAMDALN,0.7310343039169676,2,7.807182840291915,0.0,1.0,1.0,shape_dist_traveled,
JAMFAIS,S JAMES RD & FAIR AVE,-82.914542,39.960909,1,023,1,1,73,6,am_peak+early+evening+midday+owl+pm_peak,False,,False,309.800000000001,460.8999999999987,3,JAMFAIN,0.864669167128892,3,14.072447069626177,0.0,1.0,1.0,shape_dist_traveled,
JAMMAIS,S JAMES RD & E MAIN ST,-82.914876,39.956801,1,023,1,1,73,6,am_peak+early+evening+midday+owl+pm_peak,False,,False,460.8999999999987,336.9,7,JAMMAIN,0.48531222409649855,1,1.9908316242744384,0.0,0.3333333333333333,0.16,shape_dist_traveled,
JAMMOUS,S JAMES RD & E MOUND ST,-82.915134,39.953802,1,023,1,1,73,6,am_peak+early+evening+midday+owl+pm_peak,False,,False,336.9,221.60000000000048,8,JAMMOUN,1.016430410817049,1,7.934049561446659,0.0,0.5,0.799410029498525,shape_dist_traveled,
JAMASTS,S JAMES RD & ASTOR AVE,-82.915318,39.951829,1,023,1,1,73,6,am_peak+early+evening+midday+owl+pm_peak,False,,False,221.60000000000048,382.1000000000012,5,JAMASTN,0.49630848319637355,2,13.408836528201364,0.0,1.0,1.0,shape_dist_traveled,
KIMKIME,KIMBERLY PKWY N & KIMBERLY PKWY E,-82.883658,39.926018,1,023,1,1,73,6,am_peak+early+evening+midday+owl+pm_peak,False,,False,231.60000000000025,317.39999999999924,8,KIMKIMW,0.18159758204196155,0,0.0,0.0,0.0,0.0,shape_dist_traveled,catchment not reconstructable
MACKIME,MACSWAY AVE & KIMBERLY PKWY,-82.883378,39.923649,1,023,1,1,73,6,am_peak+early+evening+midday+owl+pm_peak,False,,False,317.39999999999924,327.50000000000057,7,MACKIMEW,0.14802896553366304,1,4.332986476362013,0.0,1.0,1.0,shape_dist_traveled,
COUKIRS,COURTRIGHT & KIRKWOOD RD,-82.897342,39.941175,1,023,1,1,73,6,am_peak+early+evening+midday+owl+pm_peak,False,,False,434.4000000000001,301.60000000000053,4,COUKIRN,0.47631089181120395,2,7.758387947540091,0.0,1.0,1.0,shape_dist_traveled,
COUROSS,COURTRIGH RD & ROSWELL RD,-82.89761,39.938492,1,023,1,1,73,6,am_peak+early+evening+midday+owl+pm_peak,False,,False,301.60000000000053,231.50000000000048,5,COUROSN,0.9274854333612869,2,7.758387947540091,0.0,0.5,0.4267241379310344,shape_dist_traveled,
COUDESS,COURTRIGHT RD & E DESHLER AVE,-82.897782,39.936427,1,023,1,1,73,6,am_peak+early+evening+midday+owl+pm_peak,False,,False,231.50000000000048,609.3999999999972,3,COUDESN,0.5345718157797752,1,3.864555505944498,0.0,1.0,1.0,shape_dist_traveled,
COUGROS,COURTRIGHT RD & GROVES RD,-82.898261,39.930999,1,023,1,1,73,6,am_peak+early+evening+midday+owl+pm_peak,False,,False,609.3999999999972,240.6000000000006,3,COUGRON,0.138000164007374,0,0.0,0.0,0.0,0.0,shape_dist_traveled,catchment not reconstructable
COURIVS,COURTRIGHT RD & RIVERDALE SQ,-82.898445,39.928876,1,023,1,1,73,6,am_peak+early+evening+midday+owl+pm_peak,False,,False,240.6000000000006,164.5000000000003,5,COURIVN,0.22906513312120755,1,4.332986476362013,0.0,1.0,1.0,shape_dist_traveled,
COUPETS,COURTRIGHT RD & PETZINGER RD,-82.898597,39.927396,1,023,1,1,73,6,am_peak+early+evening+midday+owl+pm_peak,False,,False,164.5000000000003,289.7999999999996,5,COUPETN,0.548926939105202,2,9.368619408350298,0.0,1.0,1.0,shape_dist_traveled,
KIMPETW,KIMBERLY PKWY & PETZINGER RD,-82.890186,39.924645,1,023,1,1,73,6,am_peak+early+evening+midday+owl+pm_peak,False,,False,356.8,285.99999999999983,5,KIMBERE,0.39340234187897566,2,15.985206865497696,0.0,1.0,1.0,shape_dist_traveled,
KIMCANW,KIMBERLY PKWY N & CANAL BAY WAY,-82.892997,39.923226,1,023,1,1,73,6,am_peak+early+evening+midday+owl+pm_peak,False,,False,285.99999999999983,412.20000000000033,5,KIMBURE,0.4780805826133361,2,9.368619408350298,0.0,0.6666666666666666,0.7390300230946882,shape_dist_traveled,
COUKIMNN,COURTRIGHT RD & KIMBERLY PKWY N,-82.896931,39.921589,1,023,1,1,73,6,am_peak+early+evening+midday+owl+pm_peak,False,,False,412.20000000000033,233.8,7,KIMCOUE,0.6351632570822636,1,3.308293728573699,0.0,1.0,1.0,shape_dist_traveled,
COUCLAN,COURTRIGHT RD & CLARKSTON AVE,-82.898724,39.923097,1,023,1,1,73,6,am_peak+early+evening+midday+owl+pm_peak,False,,False,233.8,199.19999999999982,5,COUCLAS,0.9807161067335883,3,12.676913136923996,0.0,1.0,1.0,shape_dist_traveled,
KIMCOUE,KIMBERLY PKWY N & COURTRIGHT RD,-82.896356,39.921473,1,023,1,1,73,6,am_peak+early+evening+midday+owl+pm_peak,False,,False,220.90000000000032,309.30000000000035,5,COUKIMNN,0.6351632570822636,1,3.308293728573699,0.0,1.0,1.0,shape_dist_traveled,
KIMBURE,KIMBERLY PKWY N & BURGANDY LN,-82.893292,39.922967,1,023,1,1,73,6,am_peak+early+evening+midday+owl+pm_peak,False,,False,309.30000000000035,294.69999999999885,5,KIMCANW,0.4780805826133361,3,12.676913136923996,0.0,0.6666666666666666,0.7390300230946882,shape_dist_traveled,
KIMBERE,KIMBERLY PKWY N & PETZINGER RD,-82.890386,39.924407,1,023,1,1,73,6,am_peak+early+evening+midday+owl+pm_peak,False,,False,294.69999999999885,399.5999999999995,5,KIMPETW,0.39340234187897566,2,15.985206865497696,0.0,1.0,1.0,shape_dist_traveled,
KIMMERE,KIMBERLY PKWY N & MERCEDES LN,-82.886356,39.926122,1,023,1,1,73,6,am_peak+early+evening+midday+owl+pm_peak,False,,False,399.5999999999995,231.60000000000025,7,KIMSEVW,0.24618787674319242,2,15.985206865497696,0.0,1.0,1.0,shape_dist_traveled,
STEJOHTS,STELZER RD & JOHNSTOWN RD,-82.912589,40.006141,1,023,1,1,73,6,am_peak+early+evening+midday+owl+pm_peak,False,,False,280.5,1824.0999999999997,3,STEJOHTN,0.983662833125362,0,0.0,0.0,0.0,0.0,shape_dist_traveled,catchment not reconstructable
STE11TS,STELZER RD & E 11TH AVE,-82.91398,39.989896,1,023,1,1,73,6,am_peak+early+evening+midday+owl+pm_peak,False,,False,1824.0999999999997,458.1999999999997,2,STEOPPN,0.3861732400054436,1,14.521360082942994,0.0,1.0,1.0,shape_dist_traveled,
JAMANNS,N JAMES RD & ANAWANDA AVE,-82.913457,39.974585,1,023,1,1,73,6,am_peak+early+evening+midday+owl+pm_peak,False,,False,361.29999999999995,335.3000000000002,11,JAMANAN,0.8570640243180154,1,4.918525189383907,0.0,1.0,1.0,shape_dist_traveled,
11TESSW,E 11TH AVE & ESSEX AVE,-82.987679,39.993999,1,008,2,1,73,6,am_peak+early+evening+midday+owl+pm_peak,False,,False,367.90000000000055,449.0999999999996,3,11TESSE,0.7155472225934579,1,9.075850051839355,0.0,1.0,1.0,shape_dist_traveled,
NEISPRUS,NEIL AVE & SPRUCE ST,-83.009649,39.972789,1,008,2,1,73,6,am_peak+early+evening+midday+owl+pm_peak,False,,False,203.10000000000272,231.19999999999763,5,NEISPRUN,0.21167578491094557,2,52.49354562241283,0.0,1.0,1.0,shape_dist_traveled,
NEI8THS,NEIL AVE & W 8TH AVE,-83.01415,39.992302,1,008,2,1,73,6,am_peak+early+evening+midday+owl+pm_peak,False,,False,264.10000000000264,312.5,10,NEI8THN,0.19334290093775505,3,2.4299856590408586,0.0,0.6,0.515527950310559,shape_dist_traveled,
NEI7THS,NEIL AVE & W 7TH AVE,-83.013613,39.989545,1,008,2,1,73,6,am_peak+early+evening+midday+owl+pm_peak,False,,False,312.5,229.99999999999687,11,NEIKINN,1.4909997328622295,4,30.33090533453409,0.0,0.6,0.3191489361702128,shape_dist_traveled,
NEI5THS,NEIL AVE & W 5TH AVE,-83.013209,39.987513,1,008,2,1,73,6,am_peak+early+evening+midday+owl+pm_peak,False,,False,229.99999999999687,200.30000000000214,11,5THNEIW,0.30947951820669856,2,28.0765812893998,0.0,1.0,1.0,shape_dist_traveled,
NEI4THS,NEIL AVE & W 4TH AVE,-83.012864,39.985741,1,008,2,1,73,6,am_peak+early+evening+midday+owl+pm_peak,False,,False,200.30000000000214,402.3000000000003,11,NEI4THN,0.5950098603519296,2,21.020839797485994,0.0,1.0,1.0,shape_dist_traveled,
NEI2NDS,NEIL AVE & W 2ND AVE,-83.01217,39.982191,1,008,2,1,73,6,am_peak+early+evening+midday+owl+pm_peak,False,,False,402.3000000000003,303.49999999999966,5,NEI3RDN,1.8767780573637196,3,29.745366621512215,0.0,1.0,1.0,shape_dist_traveled,
NEIWILS,NEIL AVE & WILBER AVE,-83.01164,39.979509,1,008,2,1,73,6,am_peak+early+evening+midday+owl+pm_peak,False,,False,303.49999999999966,392.0999999999992,5,NEI1STN,1.0570375498818052,4,42.890710728853755,0.0,1.0,1.0,shape_dist_traveled,
NEICOLS,NEIL AVE & COLLINS AVE,-83.010985,39.976047,1,008,2,1,73,6,am_peak+early+evening+midday+owl+pm_peak,False,,False,392.0999999999992,183.3999999999989,6,NEICOLN,0.2786038578444209,3,55.62617773707996,0.0,1.0,1.0,shape_dist_traveled,
HIG365N,3650 S HIGH ST,-82.998583,39.887012,1,008,2,2,73,6,am_peak+early+evening+midday+owl+pm_peak,False,,False,452.7000000000001,279.7,5,HIGHIGS,3.1878639152965866,0,0.0,0.0,0.0,0.0,shape_dist_traveled,catchment not reconstructable
GREWALS,GREAT SOUTHERN WAL-MART,-83.000843,39.889131,1,008,2,1,73,6,am_peak+early+evening+midday+owl+pm_peak,False,,False,345.6999999999972,163.6000000000024,4,GREKROS,2.0218500736565295,0,0.0,0.0,0.0,0.0,shape_dist_traveled,catchment not reconstructable
GREKROS,GREAT SOUTHERN KROGER,-83.001449,39.887751,1,008,2,1,73,6,am_peak+early+evening+midday+owl+pm_peak,False,,False,163.6000000000024,399.4,5,GREWALS,2.0218500736565295,0,0.0,0.0,0.0,0.0,shape_dist_traveled,catchment not reconstructable
NEIGOOS,NEIL AVE & W GOODALE ST,-83.010665,39.974434,1,008,2,1,73,6,am_peak+early+evening+midday+owl+pm_peak,False,,False,183.3999999999989,203.10000000000272,4,NEICOLS,2.2645691343125973,3,55.62617773707996,0.0,1.0,1.0,shape_dist_traveled,
BROMTCS,E BROAD ST & MT CARMEL EAST HOSPITAL,-82.845089,39.978169,1,010,4,2,73,6,am_peak+early+evening+midday+owl+pm_peak,True,010,False,1755.2999999999984,2557.0,2,BROTAYE,2.7012582202885547,0,0.0,0.0,0.0,0.0,shape_dist_traveled,terminal; catchment not reconstructable
MACKIMEW,MACSWAY AVE & KIMBERLY PKWY EAST,-82.883414,39.923752,1,023,1,1,73,6,am_peak+early+evening+midday+owl+pm_peak,False,,False,241.59999999999994,319.19999999999993,7,MACKIME,0.14802896553366304,1,4.332986476362013,0.0,1.0,1.0,shape_dist_traveled,
MACHAMW,MACSWAY AVE & S HAMILTON RD,-82.880592,39.923629,1,023,1,1,73,6,am_peak+early+evening+midday+owl+pm_peak,False,,False,338.6000000000001,241.59999999999994,8,HAMMACS,0.781821318773219,1,35.44461009492533,0.0,1.0,1.0,shape_dist_traveled,
COULIVN1,COURTRIGHT RD & E LIVINGSTON AVE,-82.896939,39.944015,1,023,1,1,73,6,am_peak+early+evening+midday+owl+pm_peak,False,,False,282.70000000000016,282.4,7,COULIVS,1.4285080734663125,2,9.339342472699204,0.0,1.0,1.0,shape_dist_traveled,
KIMKIMW,KIMBERLY PKWY N & KIMBERLY PKWY E,-82.883748,39.926129,1,023,1,1,73,6,am_peak+early+evening+midday+owl+pm_peak,False,,False,319.19999999999993,236.60000000000014,8,KIMKIME,0.18159758204196155,0,0.0,0.0,0.0,0.0,shape_dist_traveled,catchment not reconstructable
JAMBROS1,S JAMES RD & BROWNLEE AVE,-82.915644,39.948432,1,023,1,1,73,6,am_peak+early+evening+midday+owl+pm_peak,False,,False,382.1000000000012,246.59999999999906,8,SJAMBRON,0.26037676494967077,2,13.408836528201364,0.0,1.0,1.0,shape_dist_traveled,
JAMBROS,S JAMES RD & E BROAD ST,-82.91359,39.971586,1,023,1,1,73,6,am_peak+early+evening+midday+owl+pm_peak,False,,False,335.3000000000002,441.00000000000074,11,JAMBRON,0.38867456183228427,1,5.533340838056895,0.0,1.0,1.0,shape_dist_traveled,
KIMSEVW,KIMBERLY PKWY N & SEVILLE AVE,-82.886553,39.926214,1,023,1,1,73,6,am_peak+early+evening+midday+owl+pm_peak,False,,False,236.60000000000014,356.8,7,KIMMERE,0.24618787674319242,2,15.985206865497696,0.0,1.0,1.0,shape_dist_traveled,
STECITGS,STELZER RD & CITYGATE DR,-82.911958,40.013035,1,023,1,1,73,6,am_peak+early+evening+midday+owl+pm_peak,False,,False,716.2999999999995,494.8000000000006,1,STECITGN,0.30286115374809547,0,0.0,0.0,0.0,0.0,shape_dist_traveled,catchment not reconstructable
STEAGLS2,STELZER RD & AGLER RD,-82.911533,40.019418,1,023,1,1,73,6,am_peak+early+evening+midday+owl+pm_peak,False,,False,452.09999999999974,716.2999999999995,3,STEAGLN,2.430933164731449,0,0.0,0.0,0.0,0.0,shape_dist_traveled,catchment not reconstructable
STEOLES,STELZER RD & OLE COUNTRY LN,-82.912393,40.008639,1,023,1,1,73,6,am_peak+early+evening+midday+owl+pm_peak,False,,False,494.8000000000006,280.5,3,STEOLEN,0.34123493808654315,0,0.0,0.0,0.0,0.0,shape_dist_traveled,catchment not reconstructable
COULIVS,COURTRIGHT RD & E LIVINGSTON AVE,-82.897087,39.945038,1,023,1,1,73,6,am_peak+early+evening+midday+owl+pm_peak,False,,False,518.7999999999988,434.4000000000001,6,LIVCOUE,1.2365976061643194,2,9.339342472699204,0.0,0.25,0.35838150289017334,shape_dist_traveled,
HIGCOLN,S HIGH ST & E COLUMBUS ST,-82.99739,39.946063,2,005+008,3,2,73,6,am_peak+early+evening+midday+owl+pm_peak,False,,True,202.89999999999964,311.49999999999966,9,HIGFRANS,1.6977608136614777,2,26.612734506845086,0.0,1.0,1.0,shape_dist_traveled,transfer point (2 routes)
HIGWHIN,S HIGH ST & E WHITTIER ST,-82.997041,39.944265,2,005+008,3,2,73,6,am_peak+early+evening+midday+owl+pm_peak,False,,True,275.9999999999998,202.89999999999964,8,HIGWHIS,0.24950200693829377,2,27.98875048244654,0.0,0.5,0.6025104602510457,shape_dist_traveled,transfer point (2 routes)
HIGHOSN,S HIGH ST & E HOSTER ST,-82.99835,39.950968,2,005+008,3,2,73,6,am_peak+early+evening+midday+owl+pm_peak,False,,True,244.4999999999995,474.69999999999857,7,HIGBLENS,1.181790506074663,1,42.597941372342795,0.0,1.0,1.0,shape_dist_traveled,transfer point (2 routes)
HIGSYCN,S HIGH ST & E SYCAMORE ST,-82.997938,39.948804,2,005+008,3,2,73,6,am_peak+early+evening+midday+owl+pm_peak,False,,True,311.49999999999966,244.4999999999995,7,HIGSYCS,0.23478602185105046,3,69.21067587918787,0.0,1.0,1.0,shape_dist_traveled,transfer point (2 routes)
COUPETN,COURTRIGHT RD & PETZINGER RD,-82.898504,39.927007,1,023,1,1,73,6,am_peak+early+evening+midday+owl+pm_peak,False,,False,242.70000000000013,193.49999999999977,5,COUPETS,0.548926939105202,2,9.368619408350298,0.0,1.0,1.0,shape_dist_traveled,
COURIVN,COURTRIGHT RD & RIVERDALE SQ,-82.898345,39.92873,1,023,1,1,73,6,am_peak+early+evening+midday+owl+pm_peak,False,,False,193.49999999999977,254.70000000000016,5,COURIVS,0.22906513312120755,1,4.332986476362013,0.0,1.0,1.0,shape_dist_traveled,
STEOPPN,STELZER RD & E 11TH AVE,-82.91365,39.99001,1,023,1,1,73,6,am_peak+early+evening+midday+owl+pm_peak,False,,False,326.8999999999984,1886.8000000000009,2,STE11TS,0.3861732400054436,1,14.521360082942994,0.0,1.0,1.0,shape_dist_traveled,
STEJOHTN,STELZER RD & JOHNSTOWN RD,-82.912253,40.006801,1,023,1,1,73,6,am_peak+early+evening+midday+owl+pm_peak,False,,False,1886.8000000000009,192.29999999999947,3,STEJOHTS,0.983662833125362,0,0.0,0.0,0.0,0.0,shape_dist_traveled,catchment not reconstructable
STEOLEN,STELZER RD & OLE COUNTRY LN,-82.91212,40.008511,1,023,1,1,73,6,am_peak+early+evening+midday+owl+pm_peak,False,,False,192.29999999999947,522.8999999999999,3,STEOLES,0.34123493808654315,0,0.0,0.0,0.0,0.0,shape_dist_traveled,catchment not reconstructable
STECITGN,STELZER RD & CITYGATE DR,-82.911734,40.013169,1,023,1,1,73,6,am_peak+early+evening+midday+owl+pm_peak,False,,False,522.8999999999999,894.6000000000005,1,STECITGS,0.30286115374809547,0,0.0,0.0,0.0,0.0,shape_dist_traveled,catchment not reconstructable
SJAMBRON,S JAMES RD & BROWNLEE AVE,-82.915467,39.948561,1,023,1,1,73,6,am_peak+early+evening+midday+owl+pm_peak,False,,False,277.5999999999996,328.9,7,JAMBROS1,0.26037676494967077,2,13.408836528201364,0.0,1.0,1.0,shape_dist_traveled,
JAMASTN,S JAMES RD & ASTOR AVE,-82.915191,39.951485,1,023,1,1,73,6,am_peak+early+evening+midday+owl+pm_peak,False,,False,328.9,339.9999999999999,5,JAMASTS,0.49630848319637355,2,13.408836528201364,0.0,1.0,1.0,shape_dist_traveled,
COUROSN,COURTRIGHT RD & ROSWELL RD,-82.897491,39.93783,1,023,1,1,73,6,am_peak+early+evening+midday+owl+pm_peak,False,,False,116.20000000000007,410.8999999999998,4,COUROSS,0.9274854333612869,1,3.864555505944498,0.0,0.5,0.4267241379310344,shape_dist_traveled,
COUKIRN,COURTRIGHT RD & KIRKWOOD RD,-82.897162,39.941489,1,023,1,1,73,6,am_peak+early+evening+midday+owl+pm_peak,False,,False,410.8999999999998,282.70000000000016,4,COUKIRS,0.47631089181120395,2,7.758387947540091,0.0,1.0,1.0,shape_dist_traveled,
COUGRON,COURTRIGHT RD & GROVES RD,-82.898132,39.931004,1,023,1,1,73,6,am_peak+early+evening+midday+owl+pm_peak,False,,False,254.70000000000016,650.5000000000001,3,COUGROS,0.138000164007374,0,0.0,0.0,0.0,0.0,shape_dist_traveled,catchment not reconstructable
COUDESN,COURTRIGHT RD & E DESHLER AVE,-82.897611,39.936789,1,023,1,1,73,6,am_peak+early+evening+midday+owl+pm_peak,False,,False,650.5000000000001,116.20000000000007,3,COUDESS,0.5345718157797752,1,3.864555505944498,0.0,1.0,1.0,shape_dist_traveled,
40JAMEN,40 JAMES RD,-82.913364,39.9731,1,023,1,1,73,6,am_peak+early+evening+midday+owl+pm_peak,False,,False,147.20000000000155,232.29999999999862,10,JAMBRON,1.8168178020190857,2,10.4518660274408,0.0,0.5,0.5294117647058824,shape_dist_traveled,
JAMANAN,N JAMES RD & ANAWANDA AVE,-82.913196,39.975169,1,023,1,1,73,6,am_peak+early+evening+midday+owl+pm_peak,False,,False,232.29999999999862,206.8000000000012,10,JAMANNS,0.8570640243180154,1,4.918525189383907,0.0,1.0,1.0,shape_dist_traveled,
RIVHOSW,RIVERSIDE HOSPITAL,-83.037256,40.030173,1,001,2,2,73,6,am_peak+early+evening+midday+owl+pm_peak,True,001,False,1238.900000000001,939.4,2,NOREXIW,1.9167359454659554,1,10.188373606580962,0.0,0.0,0.0,shape_dist_traveled,terminal
KARCOOS1,KARL RD & E COOKE RD,-82.977144,40.045867,1,008,2,1,73,6,am_peak+early+evening+midday+owl+pm_peak,False,,False,270.59999999999997,356.70000000000005,4,KARCOON,0.649276248594382,1,9.641870807760515,0.0,1.0,1.0,shape_dist_traveled,
JAMRUHN,JAMES RD & RUHL AVE,-82.913009,39.977014,1,023,1,1,73,6,am_peak+early+evening+midday+owl+pm_peak,False,,False,206.8000000000012,360.79999999999933,6,JAMRUHS,1.0967059475478678,0,0.0,0.0,0.0,0.0,shape_dist_traveled,catchment not reconstructable
STE750N,750 STELZER RD,-82.913911,39.987083,1,023,1,1,73,6,am_peak+early+evening+midday+owl+pm_peak,False,,False,778.6000000000008,326.8999999999984,6,7THSTEE,1.2381503293429905,1,14.521360082942994,0.0,1.0,1.0,shape_dist_traveled,
17THAME,E 17TH AVE & HAMILTON AVE,-82.979481,40.000444,1,008,2,1,73,6,am_peak+early+evening+midday+owl+pm_peak,False,,False,192.39999999999924,394.50000000000074,10,HAM17TN,0.6844339759911705,3,6.265264229334262,0.0,1.0,1.0,shape_dist_traveled,
HAM18TS,HAMILTON AVE & E 18TH AVE,-82.979912,40.001929,1,008,2,1,73,6,am_peak+early+evening+midday+owl+pm_peak,False,,False,231.50000000000048,192.39999999999924,6,HAM17TN,1.4992140719424287,2,3.0155243720627523,0.0,0.6666666666666666,0.4813084112149533,shape_dist_traveled,
HAMDUXS,HAMILTON AVE & DUXBERRY AVE,-82.979444,40.008869,1,008,2,1,73,6,am_peak+early+evening+midday+owl+pm_peak,False,,False,266.5999999999986,277.3000000000003,5,HAMDUXN,0.2539981470213629,2,5.621171645010179,0.0,1.0,1.0,shape_dist_traveled,
MCGDUXS,MCGUFFEY RD & DUXBERRY AVE,-82.981781,40.009482,1,008,2,1,73,6,am_peak+early+evening+midday+owl+pm_peak,False,,False,318.40000000000043,266.5999999999986,6,HAMDUXS,2.635223399283533,2,3.7181708276890246,0.0,0.3333333333333333,0.27091633466135456,shape_dist_traveled,
MCGCLIS,MCGUFFEY RD & CLINTON ST,-82.981589,40.012316,1,008,2,1,73,6,am_peak+early+evening+midday+owl+pm_peak,False,,False,178.20000000000036,318.40000000000043,8,MCGHUDS,2.2132583784804045,2,9.046573116188256,0.0,0.6666666666666666,0.8110236220472441,shape_dist_traveled,
MCGHUDS,MCGUFFEY RD & E HUDSON ST,-82.981468,40.013908,1,008,2,1,73,6,am_peak+early+evening+midday+owl+pm_peak,False,,False,317.9999999999996,178.20000000000036,11,HUDMCGW,0.8344395948579292,3,11.154512483067073,0.0,0.2,0.4643545279383429,shape_dist_traveled,
11TJEFW,E 11TH AVE & JEFFERSON AVE,-82.983344,39.993817,1,008,2,1,73,6,am_peak+early+evening+midday+owl+pm_peak,False,,False,165.30000000000024,367.90000000000055,7,11TJEFE,0.4024693651756503,1,9.075850051839355,0.0,1.0,1.0,shape_dist_traveled,
CLECHIS,CLEVELAND AVE & CHITTENDEN AVE,-82.980244,39.995186,1,008,2,1,73,6,am_peak+early+evening+midday+owl+pm_peak,False,,False,216.30000000000038,181.6999999999993,7,CLECHIN,0.9182500981245001,3,12.77310878263474,0.0,1.0,1.0,shape_dist_traveled,
CLE13TS,CLEVELAND AVE & E 13TH AVE,-82.978639,39.996706,1,008,2,1,73,6,am_peak+early+evening+midday+owl+pm_peak,False,,False,289.8999999999994,216.30000000000038,6,CLEWINN,0.9238447534590991,3,6.946998588066895,0.0,1.0,1.0,shape_dist_traveled,
CLE15TS,CLEVELAND AVE & E 15TH AVE,-82.976728,39.998829,1,008,2,1,73,6,am_peak+early+evening+midday+owl+pm_peak,False,,False,117.30000000000018,289.8999999999994,8,CLE15TN,0.4971198930668496,3,6.528756650194114,0.0,0.75,0.8138686131386863,shape_dist_traveled,
KAROAKS,KARL RD & OAKLAND PARK AVE,-82.978246,40.032374,1,008,2,1,73,6,am_peak+early+evening+midday+owl+pm_peak,False,,False,259.3999999999994,312.00000000000114,11,KAROAKN,0.15111805880877255,1,5.738279387614558,0.0,1.0,1.0,shape_dist_traveled,
KARURAS,KARL RD & URANA AVE,-82.978059,40.034687,1,008,2,1,73,6,am_peak+early+evening+midday+owl+pm_peak,False,,False,265.49999999999943,259.3999999999994,9,KARHUYN,1.2206895111631642,3,16.45363783591521,0.0,1.0,1.0,shape_dist_traveled,
HAM21SS,HAMILTON AVE & E 21ST AVE,-82.979764,40.003994,1,008,2,1,73,6,am_peak+early+evening+midday+owl+pm_peak,False,,False,266.70000000000016,231.50000000000048,6,HAM20TN,0.33367327711217243,2,5.357679224150327,0.0,1.0,1.0,shape_dist_traveled,
HAM24TS,HAMILTON AVE & E 24TH AVE,-82.979552,40.006362,1,008,2,1,73,6,am_peak+early+evening+midday+owl+pm_peak,False,,False,277.3000000000003,266.70000000000016,6,HAM24TN,0.344994442918881,3,7.348510848424765,0.0,1.0,1.0,shape_dist_traveled,
KARELMS,KARL RD & ELMORE AVE,-82.977377,40.042695,1,008,2,1,73,6,am_peak+early+evening+midday+owl+pm_peak,False,,False,356.70000000000005,375.7999999999999,5,KARELMN,0.6113414648036684,2,13.389318571100635,0.0,0.6666666666666666,0.573394495412844,shape_dist_traveled,
KARACTS,KARL RD & ACTON RD,-82.977654,40.039351,1,008,2,1,73,6,am_peak+early+evening+midday+owl+pm_peak,False,,False,375.7999999999999,258.70000000000107,5,KARACTN,0.4931060581539408,2,11.915712809995537,0.0,1.0,1.0,shape_dist_traveled,
KARCARS,KARL RD & CAROLYN AVE,-82.977854,40.037051,1,008,2,1,73,6,am_peak+early+evening+midday+owl+pm_peak,False,,False,258.70000000000107,265.49999999999943,5,KARPAUN,0.9937886044713226,2,8.138988111004322,0.0,1.0,1.0,shape_dist_traveled,
REDKARE,RED ROBIN RD & KARL RD,-82.976029,40.065126,1,008,2,1,73,6,am_peak+early+evening+midday+owl+pm_peak,False,,False,440.99999999999983,254.79999999999947,7,REDSONW,0.2126364013992507,3,21.74300421021301,0.0,1.0,1.0,shape_dist_traveled,
REDROCE,RED ROBIN RD & ROCKCASTLE DR,-82.973014,40.064955,1,008,2,1,73,6,am_peak+early+evening+midday+owl+pm_peak,False,,False,254.79999999999947,223.50000000000048,9,REDROCW,0.364484973000248,2,7.260680041471481,0.0,1.0,1.0,shape_dist_traveled,
REDTAME,RED ROBIN RD & TAMARACK BLVD,-82.970383,40.064864,1,008,2,1,73,6,am_peak+early+evening+midday+owl+pm_peak,False,,False,223.50000000000048,331.9000000000001,5,REDTAMW,0.17687253577198195,3,22.13336335222758,0.0,1.0,1.0,shape_dist_traveled,
TAM464S,4645 TAMARACK BLVD,-82.970976,40.062329,1,008,2,1,73,6,am_peak+early+evening+midday+owl+pm_peak,False,,False,331.9000000000001,272.29999999999956,10,TAM463N,0.17662363653627375,3,21.13794754009041,0.0,1.0,1.0,shape_dist_traveled,
KARMORS,KARL RD & MORSE RD,-82.977525,40.060044,1,008,2,1,73,6,am_peak+early+evening+midday+owl+pm_peak,False,,False,559.0000000000001,298.20000000000044,8,MORKARE1,1.2802666512161882,1,11.33017409697366,0.0,0.0,0.0,shape_dist_traveled,
HIGBLENS,S HIGH ST & W BLENKNER ST,-82.998729,39.951768,2,005+008,3,2,73,6,am_peak+early+evening+midday+owl+pm_peak,False,,True,268.5999999999993,343.1999999999995,10,HIGHOSN,1.181790506074663,1,42.597941372342795,0.0,1.0,1.0,shape_dist_traveled,transfer point (2 routes)
HIGSYCS,S HIGH ST & W SYCAMORE ST,-82.998144,39.948745,2,005+008,3,2,73,6,am_peak+early+evening+midday+owl+pm_peak,False,,True,343.1999999999995,170.99999999999937,7,HIGSYCN,0.23478602185105046,3,69.21067587918787,0.0,1.0,1.0,shape_dist_traveled,transfer point (2 routes)
HIGFRANS,S HIGH ST & W FRANKFORT ST,-82.997854,39.947233,2,005+008,3,2,73,6,am_peak+early+evening+midday+owl+pm_peak,False,,True,170.99999999999937,339.6000000000008,8,HIGCOLN,1.6977608136614777,2,26.612734506845086,0.0,1.0,1.0,shape_dist_traveled,transfer point (2 routes)
KARNORS,KARL RD & NORTHLAND PARK AVE,-82.976505,40.057513,1,008,2,1,73,6,am_peak+early+evening+midday+owl+pm_peak,False,,False,298.20000000000044,298.29999999999933,7,KARNORN,0.32384318564682435,1,11.33017409697366,0.0,1.0,1.0,shape_dist_traveled,
KARSHAS,KARL RD & SHANLEY DR,-82.976477,40.054891,1,008,2,1,73,6,am_peak+early+evening+midday+owl+pm_peak,False,,False,298.29999999999933,330.6000000000005,4,KARSHAN,1.22777333413891,1,6.6751413284495875,0.0,1.0,1.0,shape_dist_traveled,
NORVILS,KARL & NORTHLAND VILLAGE,-82.976691,40.051945,1,008,2,1,73,6,am_peak+early+evening+midday+owl+pm_peak,False,,False,330.6000000000005,411.7999999999995,2,KARFERN1,0.9810042285698986,1,6.6751413284495875,0.0,1.0,1.0,shape_dist_traveled,
KARCOOKS,KARL RD & NORTHLAND SR VILLAGE,-82.976966,40.048281,1,008,2,1,73,6,am_peak+early+evening+midday+owl+pm_peak,False,,False,411.7999999999995,270.59999999999997,4,KARSTON,0.19962781995614637,1,9.641870807760515,0.0,1.0,1.0,shape_dist_traveled,
BROCOLE,E BROAD ST & COLLINGWOOD AVE,-82.89929,39.973424,1,010,4,1,72,6,am_peak+early+evening+midday+owl+pm_peak,False,,False,225.9999999999991,267.5999999999981,7,EBRCOLW,0.4584073936771776,1,8.431757467515268,0.0,1.0,1.0,shape_dist_traveled,
BROWAYE,W BROAD ST & S WAYNE AVE,-83.064219,39.955327,1,010,4,1,72,6,am_peak+early+evening+midday+owl+pm_peak,False,,False,386.8,302.69999999999976,5,BROOAKW,1.5977621145881726,5,20.56495608520466,0.0,0.8,0.852892561983471,shape_dist_traveled,
BROBURE,W BROAD ST & S BURGESS AVE,-83.068784,39.955101,1,010,4,1,72,6,am_peak+early+evening+midday+owl+pm_peak,False,,False,214.40000000000038,386.8,4,BROOGDW,2.32853847368039,4,10.255292316640594,0.0,0.6,0.6507936507936508,shape_dist_traveled,
BROWARE,W BROAD ST & S WARREN AVE,-83.071307,39.954971,1,010,4,1,72,6,am_peak+early+evening+midday+owl+pm_peak,False,,False,251.6999999999996,214.40000000000038,4,BROOGDW,0.4638638038124904,4,13.30009362435444,0.0,1.0,1.0,shape_dist_traveled,
BROHAGE,W BROAD ST & S HAGUE AVE,-83.074267,39.954847,1,010,4,1,72,6,am_peak+early+evening+midday+owl+pm_peak,False,,False,314.7000000000002,251.6999999999996,4,BROHAGW,0.24885046173430067,4,21.380527864056578,0.0,1.0,1.0,shape_dist_traveled,
BROROYE,W BROAD ST & S ROYS AVE,-83.077928,39.95466,1,010,4,1,72,6,am_peak+early+evening+midday+owl+pm_peak,False,,False,385.9000000000004,314.7000000000002,5,BROHALW,1.3799313871126717,3,21.213231088907467,0.0,0.6666666666666666,0.8740279937791601,shape_dist_traveled,
BROWESGE,W BROAD ST & S WESTGATE AVE,-83.082525,39.954444,1,010,4,1,72,6,am_peak+early+evening+midday+owl+pm_peak,False,,False,238.50000000000017,385.9000000000004,5,BROWESW,0.9133102099564278,3,25.830622083022973,0.0,1.0,1.0,shape_dist_traveled,
BROHARDE,E BROAD ST & S HARDING RD,-82.918997,39.971311,1,010,4,1,72,6,am_peak+early+evening+midday+owl+pm_peak,False,,False,275.9999999999998,316.0999999999987,5,BROHARDW,0.33432295701519144,2,10.18837360658095,0.0,1.0,1.0,shape_dist_traveled,
BROBRODE,E BROAD ST & S BROADLEIGH RD,-82.922222,39.970969,1,010,4,1,72,6,am_peak+early+evening+midday+owl+pm_peak,False,,False,169.59999999999908,275.9999999999998,5,BROBRODW,0.6043544421883948,2,10.949573933509411,0.0,1.0,1.0,shape_dist_traveled,
BROWILRE,W BROAD ST & S WILSON RD,-83.094101,39.953862,1,010,4,1,72,6,am_peak+early+evening+midday+owl+pm_peak,False,,False,291.7000000000005,516.6999999999992,5,WILBRON1,1.1092795523985512,2,109.76899073450335,0.0,1.0,1.0,shape_dist_traveled,
BROBROLE,W BROAD ST & BROADLAWN AVE,-83.097537,39.953703,1,010,4,1,72,6,am_peak+early+evening+midday+owl+pm_peak,False,,False,160.29999999999944,291.7000000000005,5,BROCONEW,0.5748977043735353,1,100.01001218413845,0.0,1.0,1.0,shape_dist_traveled,
BROOLDE,W BROAD ST & OLD VILLAGE RD,-83.123989,39.952346,1,010,4,1,72,6,am_peak+early+evening+midday+owl+pm_peak,False,,False,289.70000000000005,783.7,3,BROOLDW,0.4634624682658317,2,19.00658662469067,0.0,1.0,1.0,shape_dist_traveled,
BRO476E,4765 W BROAD ST,-83.127411,39.952219,1,010,4,1,72,6,am_peak+early+evening+midday+owl+pm_peak,False,,False,651.2,289.70000000000005,4,BROMURW,0.3992480186194682,2,19.00658662469067,0.0,0.6666666666666666,0.3609406952965232,shape_dist_traveled,
BROGLAE,W BROAD ST & GLADYS RD,-83.135054,39.951862,1,010,4,1,72,6,am_peak+early+evening+midday+owl+pm_peak,False,,False,329.7,651.2,2,BROSTUW,1.244354117635598,2,41.80746410976324,0.0,1.0,1.0,shape_dist_traveled,
BRONORE,W BROAD ST & NORTON RD,-83.138955,39.95164,1,010,4,1,72,6,am_peak+early+evening+midday+owl+pm_peak,False,,False,526.9999999999999,329.7,6,NORGRES1,1.527241079168324,0,0.0,0.0,0.0,0.0,shape_dist_traveled,catchment not reconstructable
BROWHIE,W BROAD ST & WHITETHORNE AVE,-83.056948,39.95566,1,010,4,1,72,6,am_peak+early+evening+midday+owl+pm_peak,False,,False,313.6999999999999,328.60000000000065,5,BROMIDLW,0.9071443060257472,3,15.060892182798856,0.0,1.0,1.0,shape_dist_traveled,
BROHIGE,W BROAD ST & S HIGHLAND AVE,-83.060654,39.955488,1,010,4,1,72,6,am_peak+early+evening+midday+owl+pm_peak,False,,False,302.69999999999976,313.6999999999999,5,BROHIGW,0.2454324193286042,4,17.285939292282052,0.0,1.0,1.0,shape_dist_traveled,
BROMAPE,E BROAD ST & MAPLEWOOD AVE,-82.902511,39.973101,1,010,4,1,72,6,am_peak+early+evening+midday+owl+pm_peak,False,,False,168.59999999999786,225.9999999999991,6,BROMAPW,0.2860406149512056,1,8.431757467515268,0.0,1.0,1.0,shape_dist_traveled,
BRO367E,3675 E BROAD ST,-82.903909,39.972955,1,010,4,1,72,6,am_peak+early+evening+midday+owl+pm_peak,False,,False,176.80000000000007,168.59999999999786,6,BROMAPW,1.3214310128664697,0,0.0,0.0,0.0,0.0,shape_dist_traveled,catchment not reconstructable
BRONAPE,E BROAD ST & S NAPOLEON AVE,-82.905969,39.972731,1,010,4,1,72,6,am_peak+early+evening+midday+owl+pm_peak,False,,False,321.3000000000008,176.80000000000007,6,BROWEYW,0.6946633833316079,0,0.0,0.0,0.0,0.0,shape_dist_traveled,catchment not reconstructable
BROHAMPE,E BROAD ST & S HAMPTON RD,-82.909729,39.972323,1,010,4,1,72,6,am_peak+early+evening+midday+owl+pm_peak,False,,False,222.20000000000084,321.3000000000008,8,BROHAMPW,0.44516643721773813,1,5.533340838056895,0.0,1.0,1.0,shape_dist_traveled,
BROJAME,E BROAD ST & S JAMES RD,-82.91233,39.972043,1,010,4,1,72,6,am_peak+early+evening+midday+owl+pm_peak,False,,False,254.6999999999997,222.20000000000084,10,BROASHW,1.0481783774689934,1,5.533340838056895,0.0,1.0,1.0,shape_dist_traveled,
BROKELE,E BROAD ST & KELLNER RD,-82.915301,39.971707,1,010,4,1,72,6,am_peak+early+evening+midday+owl+pm_peak,False,,False,316.0999999999987,254.6999999999997,9,BROLOWW,0.33525998265438844,1,4.918525189383907,0.0,1.0,1.0,shape_dist_traveled,
BROCARE,E BROAD ST & CARDINAL PARK DR,-82.860338,39.977555,1,010,4,1,72,6,am_peak+early+evening+midday+owl+pm_peak,False,,False,1199.4000000000008,1482.9000000000008,1,BROCARW,0.36435684141376706,1,34.54678406829174,0.0,1.0,1.0,shape_dist_traveled,
BROHAMIE,E BROAD ST & S HAMILTON RD,-82.874391,39.976017,1,010,4,1,72,6,am_peak+early+evening+midday+owl+pm_peak,False,,False,401.39999999999884,1199.4000000000008,6,HAMBROS2,0.8894116895649471,1,0.30113419526840246,0.0,1.0,1.0,shape_dist_traveled,
BROMERE,E BROAD ST & S MERKLE RD,-82.924191,39.970745,1,010,4,1,72,6,am_peak+early+evening+midday+owl+pm_peak,False,,False,264.599999999998,169.59999999999908,5,BROMERW,0.5942852754812628,3,16.951345741983822,0.0,1.0,1.0,shape_dist_traveled,
BROSTANE,E BROAD ST & S STANWOOD RD,-82.927304,39.970426,1,010,4,1,72,6,am_peak+early+evening+midday+owl+pm_peak,False,,False,225.20000000000095,264.599999999998,5,BROSTANW,0.6703928930317739,2,11.681497324786779,0.0,1.0,1.0,shape_dist_traveled,
BROCASIE,E BROAD ST & S CASSINGHAM RD,-82.929931,39.970141,1,010,4,1,72,6,am_peak+early+evening+midday+owl+pm_peak,False,,False,207.1000000000005,225.20000000000095,5,BROCASIW,0.6643040868415725,2,11.681497324786779,0.0,1.0,1.0,shape_dist_traveled,
BROCASAE,E BROAD ST & S CASSADY AVE,-82.932362,39.969893,1,010,4,1,72,6,am_peak+early+evening+midday+owl+pm_peak,False,,False,329.3999999999997,207.1000000000005,5,BROCASAW,1.0408291324128598,2,11.818123024491886,0.0,1.0,1.0,shape_dist_traveled,
BRODREE,E BROAD ST & S DREXEL AVE,-82.936194,39.969462,1,010,4,1,72,6,am_peak+early+evening+midday+owl+pm_peak,False,,False,410.499999999999,329.3999999999997,3,BRODREW,2.242663909908942,1,5.816351216017477,0.0,1.0,1.0,shape_dist_traveled,
BROPARKE,E BROAD ST & S PARKVIEW AVE,-82.940999,39.968922,1,010,4,1,72,6,am_peak+early+evening+midday+owl+pm_peak,False,,False,351.700000000001,410.499999999999,4,BROPARVW,0.7328247531581329,1,5.816351216017477,0.0,1.0,1.0,shape_dist_traveled,
BROROBE,E BROAD ST & ROBINWOOD AVE,-82.896156,39.973751,1,010,4,1,72,6,am_peak+early+evening+midday+owl+pm_peak,False,,False,267.5999999999981,125.39999999999907,6,BROROBW,0.6609322470589656,1,8.431757467515268,0.0,1.0,1.0,shape_dist_traveled,
HAMSAWS,N HAMILTON RD & SAWYER RD,-82.868777,39.994436,2,007+024,2,2,72,6,am_peak+early+evening+midday+owl+pm_peak,False,,True,455.99999999999955,544.6,1,HAMAIRN,1.5320996339642488,1,205.93396536979859,0.0,1.0,1.0,shape_dist_traveled,transfer point (2 routes)
KARNORMN,KARL RD & NORMA RD,-82.976663,40.068175,2,008+042,3,2,72,6,am_peak+early+evening+midday+owl+pm_peak,False,,True,358.70000000000067,388.79999999999984,6,KARNORMS,0.4650731869554764,2,23.46058443507723,0.0,1.0,1.0,shape_dist_traveled,transfer point (2 routes)
KARPENN,KARL RD & PENWORTH DR,-82.976386,40.071638,2,008+042,3,2,72,6,am_peak+early+evening+midday+owl+pm_peak,False,,True,388.79999999999984,643.1000000000005,3,KARPENS,0.6178334140975619,2,17.2343561199444,0.0,1.0,1.0,shape_dist_traveled,transfer point (2 routes)
KARSANN,KARL RD & SANDALWOOD PL,-82.975909,40.077368,2,008+042,3,2,72,6,am_peak+early+evening+midday+owl+pm_peak,False,,True,643.1000000000005,406.8999999999967,1,KARSANS,0.2632930601230569,2,17.2343561199444,0.0,1.0,1.0,shape_dist_traveled,transfer point (2 routes)
KARCOLN,KARL RD & COLUMBUS PUBLIC LIBRARY,-82.975612,40.08099,2,008+042,3,2,72,6,am_peak+early+evening+midday+owl+pm_peak,False,,True,406.8999999999967,383.39999999999816,3,KARCOLS,0.2448652541526172,2,17.403047034886434,0.0,1.0,1.0,shape_dist_traveled,transfer point (2 routes)
PARWHIN,PARSONS AVE & E WHITTIER ST,-82.982825,39.944638,2,004+008,3,2,72,6,am_peak+early+evening+midday+owl+pm_peak,False,,True,316.59999999999934,551.0000000000001,9,PARWHIS,0.43271171499437777,2,10.62752764134737,0.0,0.5,0.6005509641873279,shape_dist_traveled,transfer point (2 routes)
KARHEMN,KARL RD & HEMPWOOD DR,-82.975401,40.084416,2,008+042,3,2,72,6,am_peak+early+evening+midday+owl+pm_peak,False,,True,383.39999999999816,358.4999999999994,8,KARHEMS,0.21401941362821608,2,17.403047034886434,0.0,1.0,1.0,shape_dist_traveled,transfer point (2 routes)
BROSOUTE,W BROAD ST & S SOUTHAMPTON AVE,-83.088014,39.95418,1,010,4,1,72,6,am_peak+early+evening+midday+owl+pm_peak,False,,False,516.6999999999992,227.50000000000003,4,BROSYLW,0.792216261979026,1,7.327598751531126,0.0,1.0,1.0,shape_dist_traveled,
BROALGE,W BROAD ST & S ALGONQUIN AVE,-83.085328,39.954313,1,010,4,1,72,6,am_peak+early+evening+midday+owl+pm_peak,False,,False,227.50000000000003,238.50000000000017,5,BROBRIW,1.1863556193820048,3,25.830622083022973,0.0,1.0,1.0,shape_dist_traveled,
PARSTEN,PARSONS AVE & STEWART AVE,-82.983037,39.941821,2,004+008,3,2,72,6,am_peak+early+evening+midday+owl+pm_peak,False,,True,266.5000000000006,316.59999999999934,9,PARZIMS,0.6557780564261868,1,1.463846782554734,0.0,0.5,0.1865671641791045,shape_dist_traveled,transfer point (2 routes)
PARTHUN,PARSONS AVE & THURMAN AVE,-82.983234,39.939444,2,004+008,3,2,72,6,am_peak+early+evening+midday+owl+pm_peak,False,,True,233.49999999999937,266.5000000000006,5,PARTHUS,0.21352927048357295,3,15.341114281173633,0.0,1.0,1.0,shape_dist_traveled,transfer point (2 routes)
PARGATN,PARSONS AVE & E GATES ST,-82.983404,39.937368,2,004+008,3,2,72,6,am_peak+early+evening+midday+owl+pm_peak,False,,True,229.40000000000003,233.49999999999937,9,PARGATS,0.7022648411412831,3,7.143572298867102,0.0,0.6666666666666666,0.639344262295082,shape_dist_traveled,transfer point (2 routes)
PARSYCN,PARSONS AVE & SYCAMORE ST,-82.982472,39.949545,2,004+008,3,2,72,6,am_peak+early+evening+midday+owl+pm_peak,False,,True,551.0000000000001,363.5999999999999,7,PARELSS,0.29552895452367706,1,9.807773443116732,0.0,1.0,1.0,shape_dist_traveled,transfer point (2 routes)
BROBEEWE,E BROAD ST & BEECHWOOD RD,-82.891701,39.974217,1,010,4,1,72,6,am_peak+early+evening+midday+owl+pm_peak,False,,False,255.2999999999983,316.0999999999987,6,BROBEEWW,0.4070001071750976,1,10.568973770045192,0.0,1.0,1.0,shape_dist_traveled,
BROBEETE,E BROAD ST & BEECHTREE RD,-82.894697,39.973911,1,010,4,1,72,6,am_peak+early+evening+midday+owl+pm_peak,False,,False,125.39999999999907,255.2999999999983,6,BROBEETW,0.9205153763347973,1,10.568973770045192,0.0,1.0,1.0,shape_dist_traveled,
BRO4251E,4251 E BROAD ST,-82.888009,39.9746,1,010,4,1,72,6,am_peak+early+evening+midday+owl+pm_peak,False,,False,316.0999999999987,258.39999999999816,5,BRO424W,0.28111458555008006,1,10.568973770045192,0.0,0.5,0.2522711390635919,shape_dist_traveled,
HAM5THN,N HAMILTON RD & E 5TH AVE,-82.868792,39.989795,2,007+024,3,2,72,6,am_peak+early+evening+midday+owl+pm_peak,False,,True,663.6999999999987,640.2,1,5THHAMSW,0.6393910785730472,1,205.93396536979859,0.0,1.0,1.0,shape_dist_traveled,transfer point (2 routes)
NORTRA1,NORTHLAND TRANSIT CENTER BAY 1,-82.951789,40.082116,1,101,2,2,72,6,am_peak+early+evening+midday+owl+pm_peak,True,101,False,1162.9999999999984,1439.6,10,NORTRA2,0.4148740614590336,1,17.829653811516685,0.0,1.0,1.0,shape_dist_traveled,terminal
BROSTEE,W BROAD ST & STEVENS AVE,-83.04135,39.957193,1,010,4,1,72,6,am_peak+early+evening+midday+owl+pm_peak,False,,False,531.2999999999998,309.800000000001,3,BROSTEW,0.2677043607542262,1,4.420817283315297,0.0,1.0,1.0,shape_dist_traveled,
BROWESPE,W BROAD ST & W PARK AVE,-83.032955,39.958204,1,010,4,1,72,6,am_peak+early+evening+midday+owl+pm_peak,False,,False,410.499999999999,282.5000000000006,5,BROCHIW,1.06298689365623,2,3.776724698991214,0.0,1.0,1.0,shape_dist_traveled,
BROCENE,W BROAD ST & S CENTRAL AVE,-83.03774,39.957636,1,010,4,1,72,6,am_peak+early+evening+midday+owl+pm_peak,False,,False,309.800000000001,410.499999999999,6,BROCENW,0.8469835505689408,3,8.197541982306511,0.0,0.6666666666666666,0.8107142857142857,shape_dist_traveled,
BROHAWE,W BROAD ST & HAWKES AVE,-83.025458,39.959098,1,010,4,1,72,6,am_peak+early+evening+midday+owl+pm_peak,False,,False,360.40000000000026,395.99999999999903,9,BROHARTW,1.3576780683465768,1,23.685040941735608,0.0,1.0,1.0,shape_dist_traveled,
BROYEAE,E BROAD ST & S YEARLING RD,-82.88498,39.974907,1,010,4,1,72,6,am_peak+early+evening+midday+owl+pm_peak,False,,False,258.39999999999816,222.09999999999752,5,BROYEAW,0.776420478615033,2,41.89529491671654,0.0,1.0,1.0,shape_dist_traveled,
BROSANE,E BROAD ST & SANTA MARIA LN,-82.882381,39.975172,1,010,4,1,72,6,am_peak+early+evening+midday+owl+pm_peak,False,,False,222.09999999999752,282.59999999999866,5,BROPARLW,0.665633988563591,2,39.3189245794202,0.0,0.5,0.7967237527922563,shape_dist_traveled,
BROGLEE,W BROAD ST & S CYPRESS AVE,-83.029651,39.9586,1,010,4,1,72,6,am_peak+early+evening+midday+owl+pm_peak,False,,False,282.5000000000006,360.40000000000026,7,BROYALW,2.221566293515817,1,23.685040941735608,0.0,0.5,0.9141242937853107,shape_dist_traveled,
BROCHAE,E BROAD ST & S CHAMPION AVE,-82.969062,39.96578,1,010,4,1,72,6,am_peak+early+evening+midday+owl+pm_peak,False,,False,117.39999999999995,287.1000000000006,12,BROGOVW,0.26833170459179306,0,0.0,0.0,0.0,0.0,shape_dist_traveled,catchment not reconstructable
BROFROE,W BROAD ST & S FRONT ST,-83.002662,39.961872,1,010,4,1,72,6,am_peak+early+evening+midday+owl+pm_peak,False,,False,491.1000000000012,211.00000000000028,12,FROBROS,0.5483362445297759,0,0.0,0.0,0.0,0.0,shape_dist_traveled,catchment not reconstructable
BROHIGE1,E BROAD ST & S HIGH ST,-83.000204,39.962196,1,010,4,1,72,6,am_peak+early+evening+midday+owl+pm_peak,False,,False,211.00000000000028,232.899999999999,12,BROHIGHW,0.7538605678431936,0,0.0,0.0,0.0,0.0,shape_dist_traveled,catchment not reconstructable
BRO3RDE,E BROAD ST & S 3RD ST,-82.997478,39.962445,1,010,4,1,72,6,am_peak+early+evening+midday+owl+pm_peak,False,,False,232.899999999999,88.7999999999991,12,BRO3RDW,0.33876715342217606,0,0.0,0.0,0.0,0.0,shape_dist_traveled,catchment not reconstructable
BRO4THE,E BROAD ST & S 4TH ST,-82.996449,39.962566,1,010,4,1,72,6,am_peak+early+evening+midday+owl+pm_peak,False,,False,88.7999999999991,167.8999999999995,12,BRO4THW,0.7690046948450343,0,0.0,0.0,0.0,0.0,shape_dist_traveled,catchment not reconstructable
BRO5THE,E BROAD ST & S 5TH ST,-82.994488,39.962807,1,010,4,1,72,6,am_peak+early+evening+midday+owl+pm_peak,False,,False,167.8999999999995,264.6999999999995,12,BRO5THW,0.6246276699015743,0,0.0,0.0,0.0,0.0,shape_dist_traveled,catchment not reconstructable
BROLECE,W BROAD ST & LECHNER AVE,-83.053091,39.955856,1,010,4,1,72,6,am_peak+early+evening+midday+owl+pm_peak,False,,False,328.60000000000065,472.8999999999992,3,BROLECW,0.5309346603094911,1,2.041020656819172,0.0,0.5,0.41216216216216217,shape_dist_traveled,
BROHOLE,E BROAD ST & HOLIDAY LANES,-82.879081,39.975538,1,010,4,1,72,6,am_peak+early+evening+midday+owl+pm_peak,False,,False,282.59999999999866,401.39999999999884,5,BROSCHOW,1.3292843427554815,1,31.326321146671347,0.0,0.5,0.7967237527922563,shape_dist_traveled,
BROENTE,W BROAD ST & GLENWOOD PARK,-83.047551,39.95646,1,010,4,1,72,6,am_peak+early+evening+midday+owl+pm_peak,False,,False,472.8999999999992,531.2999999999998,1,BROENTW,3.041654755823903,0,0.0,0.0,0.0,0.0,shape_dist_traveled,catchment not reconstructable
BROPARE,E BROAD ST & PARK DR,-82.945109,39.968467,1,010,4,1,72,6,am_peak+early+evening+midday+owl+pm_peak,False,,False,341.5999999999997,351.700000000001,4,BROMEAW,0.3842324914807166,0,0.0,0.0,0.0,0.0,shape_dist_traveled,catchment not reconstructable
BROWASAE,E BROAD ST & S WASHINGTON AVE,-82.987427,39.963674,1,010,4,1,72,6,am_peak+early+evening+midday+owl+pm_peak,False,,False,340.0999999999996,220.4999999999995,9,BROWASAW,0.22375175682608597,1,79.83820352053432,0.0,0.5,0.5642458100558638,shape_dist_traveled,
BROGRAE,E BROAD ST & S GRANT AVE,-82.991381,39.963161,1,010,4,1,72,6,am_peak+early+evening+midday+owl+pm_peak,False,,False,264.6999999999995,340.0999999999996,9,BROGRAW,0.32830316528807574,1,61.65722648120522,0.0,1.0,1.0,shape_dist_traveled,
BROPARSE,E BROAD ST & PARSONS AVE,-82.98101,39.964355,1,010,4,1,72,6,am_peak+early+evening+midday+owl+pm_peak,False,,False,328.1999999999989,266.3000000000011,8,BROHAMIW,0.29208066943238137,1,7.3192339127736705,0.0,1.0,1.0,shape_dist_traveled,
BRODOUE,E BROAD ST & S DOUGLAS ST,-82.977909,39.964727,1,010,4,1,72,6,am_peak+early+evening+midday+owl+pm_peak,False,,False,266.3000000000011,337.9999999999992,9,BRO17TW,0.4325199227301481,1,7.3192339127736705,0.0,1.0,1.0,shape_dist_traveled,
BROHOFE,E BROAD ST & HOFFMAN AVE,-82.973968,39.965196,1,010,4,1,72,6,am_peak+early+evening+midday+owl+pm_peak,False,,False,337.9999999999992,303.3000000000001,10,BRO20TW,0.3052567917531244,0,0.0,0.0,0.0,0.0,shape_dist_traveled,catchment not reconstructable
BROJEFE,E BROAD ST & JEFFERSON AVE,-82.984853,39.963905,1,010,4,1,72,6,am_peak+early+evening+midday+owl+pm_peak,False,,False,220.4999999999995,328.1999999999989,9,BROJEFW,0.8457011008727153,1,79.83820352053432,0.0,1.0,1.0,shape_dist_traveled,
BROOHIE,E BROAD ST & S OHIO AVE,-82.970428,39.965612,1,010,4,1,72,6,am_peak+early+evening+midday+owl+pm_peak,False,,False,303.3000000000001,117.39999999999995,12,OHIBROS,0.36009374547694695,0,0.0,0.0,0.0,0.0,shape_dist_traveled,catchment not reconstructable
BROWILAE,E BROAD ST & WILSON AVE,-82.96571,39.966161,1,010,4,1,72,6,am_peak+early+evening+midday+owl+pm_peak,False,,False,287.1000000000006,241.7999999999978,9,BROWINW,0.26965789916974303,2,5.5040639024058,0.0,1.0,1.0,shape_dist_traveled,
BROLATE,E BROAD ST & LATTA AVE,-82.962882,39.966465,1,010,4,1,72,6,am_peak+early+evening+midday+owl+pm_peak,False,,False,241.7999999999978,233.3999999999996,7,BROPARWW,2.854086096094989,1,2.0786624312277224,0.0,0.5,0.19241192411924116,shape_dist_traveled,
BROFRA1E,E BROAD ST & FRANKLIN PK W,-82.960153,39.966774,1,010,4,1,72,6,am_peak+early+evening+midday+owl+pm_peak,False,,False,233.3999999999996,196.10000000000127,6,BROPARWW,0.28736455789292775,2,10.80318925525394,0.0,1.0,1.0,shape_dist_traveled,
BROWOOE,E BROAD ST & WOODLAND AVE,-82.957871,39.967024,1,010,4,1,72,6,am_peak+early+evening+midday+owl+pm_peak,False,,False,196.10000000000127,288.89999999999816,6,BROWOOW,0.26925644970887425,1,8.724526824026219,0.0,1.0,1.0,shape_dist_traveled,
BROFRA2E,E BROAD ST & FRANKLIN PARK CON,-82.954486,39.967399,1,010,4,1,72,6,am_peak+early+evening+midday+owl+pm_peak,False,,False,288.89999999999816,221.49999999999892,5,BROBRUNW,0.8808215454294406,1,8.724526824026219,0.0,1.0,1.0,shape_dist_traveled,
BROMONE,E BROAD ST & MONYPENNY AVE,-82.951905,39.967691,1,010,4,1,72,6,am_peak+early+evening+midday+owl+pm_peak,False,,False,221.49999999999892,239.7999999999989,4,BRONELFW,0.7492302286630722,0,0.0,0.0,0.0,0.0,shape_dist_traveled,catchment not reconstructable
BRONELE,E BROAD ST & S NELSON RD,-82.949094,39.967979,1,010,4,1,72,6,am_peak+early+evening+midday+owl+pm_peak,False,,False,239.7999999999989,341.5999999999997,5,BRONELFW,2.3484589351793934,0,0.0,0.0,0.0,0.0,shape_dist_traveled,catchment not reconstructable
BROMEAW,E BROAD ST & MEADOW PARK AVE,-82.945432,39.968589,1,010,4,1,71,6,am_peak+early+evening+midday+owl+pm_peak,False,,False,321.50000000000034,501.3000000000005,4,BROPARE,0.3842324914807166,0,0.0,0.0,0.0,0.0,shape_dist_traveled,catchment not reconstructable
BROPARVW,E BROAD ST & N PARKVIEW AVE,-82.941675,39.969013,1,010,4,1,71,6,am_peak+early+evening+midday+owl+pm_peak,False,,False,290.0999999999989,321.50000000000034,4,BROPARKE,0.7328247531581329,1,5.816351216017477,0.0,1.0,1.0,shape_dist_traveled,
BRODREW,E BROAD ST & N DREXEL AVE,-82.938292,39.969388,1,010,4,1,71,6,am_peak+early+evening+midday+owl+pm_peak,False,,False,423.5000000000007,290.0999999999989,3,BRODREE,2.242663909908942,1,5.816351216017477,0.0,1.0,1.0,shape_dist_traveled,
HAMCLIN,HAMILTON AVE & CLINTON ST,-82.979102,40.011967,1,008,2,1,71,6,am_peak+early+evening+midday+owl+pm_peak,False,,False,331.49999999999835,507.7999999999996,10,MCGCLIS,2.6979191008571273,2,4.0987709911532555,0.0,0.3333333333333333,0.17847769028871394,shape_dist_traveled,
BROSTANW,E BROAD ST & N STANWOOD RD,-82.927924,39.970502,1,010,4,1,71,6,am_peak+early+evening+midday+owl+pm_peak,False,,False,273.7999999999996,223.10000000000053,6,BROSTANE,0.6703928930317739,2,11.681497324786779,0.0,1.0,1.0,shape_dist_traveled,
KAROAKN,KARL RD & OAKLAND PARK AVE,-82.978123,40.03232,1,008,2,1,71,6,am_peak+early+evening+midday+owl+pm_peak,False,,False,275.90000000000003,362.6000000000005,11,KAROAKS,0.15111805880877255,1,5.738279387614558,0.0,1.0,1.0,shape_dist_traveled,
BRONELFW,E BROAD ST & N NELSON RD,-82.951293,39.967955,1,010,4,1,71,6,am_peak+early+evening+midday+owl+pm_peak,False,,False,501.3000000000005,209.50000000000023,4,BROMONE,0.7492302286630722,0,0.0,0.0,0.0,0.0,shape_dist_traveled,catchment not reconstructable
BROCASAW,E BROAD ST & N CASSADY AVE,-82.933334,39.969949,1,010,4,1,71,6,am_peak+early+evening+midday+owl+pm_peak,False,,False,239.59999999999937,423.5000000000007,4,BROCASAE,1.0408291324128598,2,11.818123024491886,0.0,1.0,1.0,shape_dist_traveled,
BROHALW,W BROAD ST & HALDY AVE,-83.079212,39.95477,1,010,4,1,71,6,am_peak+early+evening+midday+owl+pm_peak,False,,False,418.00000000000284,212.3999999999988,3,BROROYE,1.3799313871126717,2,18.503023331491846,0.0,0.6666666666666666,0.8740279937791601,shape_dist_traveled,
BROHAGW,W BROAD ST & N HAGUE AVE,-83.074295,39.955025,1,010,4,1,71,6,am_peak+early+evening+midday+owl+pm_peak,False,,False,281.6999999999972,418.00000000000284,4,BROHAGE,0.24885046173430067,4,21.380527864056578,0.0,1.0,1.0,shape_dist_traveled,
BROMERW,E BROAD ST & N MERKLE RD,-82.924726,39.970863,1,010,4,1,71,6,am_peak+early+evening+midday+owl+pm_peak,False,,False,253.40000000000094,273.7999999999996,5,BROMERE,0.5942852754812628,3,16.951345741983822,0.0,1.0,1.0,shape_dist_traveled,
BROBRODW,E BROAD ST & N BROADLEIGH RD,-82.921739,39.971196,1,010,4,1,71,6,am_peak+early+evening+midday+owl+pm_peak,False,,False,215.09999999999962,253.40000000000094,5,BROBRODE,0.6043544421883948,2,10.949573933509411,0.0,1.0,1.0,shape_dist_traveled,
BROHARDW,E BROAD ST & N HARDING RD,-82.919248,39.971455,1,010,4,1,71,6,am_peak+early+evening+midday+owl+pm_peak,False,,False,352.6000000000007,215.09999999999962,5,BROHARDE,0.33432295701519144,2,10.18837360658095,0.0,1.0,1.0,shape_dist_traveled,
BROLOWW,E BROAD ST & LOWELL RD,-82.915123,39.971906,1,010,4,1,71,6,am_peak+early+evening+midday+owl+pm_peak,False,,False,318.3999999999996,352.6000000000007,10,BROKELE,0.33525998265438844,1,4.918525189383907,0.0,1.0,1.0,shape_dist_traveled,
BROASHW,E BROAD ST & N ASHBURTON RD,-82.911406,39.972298,1,010,4,1,71,6,am_peak+early+evening+midday+owl+pm_peak,False,,False,171.79999999999927,318.3999999999996,10,BROJAME,1.0481783774689934,1,5.533340838056895,0.0,1.0,1.0,shape_dist_traveled,
BROHAMPW,E BROAD ST & N HAMPTON RD,-82.909396,39.972516,1,010,4,1,71,6,am_peak+early+evening+midday+owl+pm_peak,False,,False,238.50000000000017,171.79999999999927,8,BROHAMPE,0.44516643721773813,1,5.533340838056895,0.0,1.0,1.0,shape_dist_traveled,
BROWEYW,E BROAD ST & N WEYANT AVE,-82.906608,39.972825,1,010,4,1,71,6,am_peak+early+evening+midday+owl+pm_peak,False,,False,332.19999999999936,238.50000000000017,6,BRONAPE,0.6946633833316079,1,5.533340838056895,0.0,0.0,0.0,shape_dist_traveled,
BROWOOW,E BROAD ST & WOODLAND AVE,-82.957922,39.967214,1,010,4,1,71,6,am_peak+early+evening+midday+owl+pm_peak,False,,False,357.7999999999992,201.99999999999818,6,BROWOOE,0.26925644970887425,1,8.724526824026219,0.0,1.0,1.0,shape_dist_traveled,
BROBRUNW,E BROAD ST & BRUNSON AVE,-82.953749,39.967684,1,010,4,1,71,6,am_peak+early+evening+midday+owl+pm_peak,False,,False,209.50000000000023,357.7999999999992,6,BROFRA2E,0.8808215454294406,1,8.724526824026219,0.0,1.0,1.0,shape_dist_traveled,
BROBRIW,W BROAD ST & N BRINKER AVE,-83.084259,39.954545,1,010,4,1,71,6,am_peak+early+evening+midday+owl+pm_peak,False,,False,216.40000000000015,259.59999999999894,5,BROALGE,1.1863556193820048,3,25.830622083022973,0.0,1.0,1.0,shape_dist_traveled,
BROSYLW,W BROAD ST & N SYLVAN AVE,-83.087328,39.954397,1,010,4,1,71,6,am_peak+early+evening+midday+owl+pm_peak,False,,False,259.59999999999894,445.6000000000024,3,BROSOUTE,0.792216261979026,1,7.327598751531126,0.0,1.0,1.0,shape_dist_traveled,
BRO344W,3440 W BROAD ST,-83.092574,39.954138,1,010,4,1,71,6,am_peak+early+evening+midday+owl+pm_peak,False,,False,445.6000000000024,458.80000000000007,4,BROWILRE,1.6754173292574432,2,17.08657730189602,0.0,0.3333333333333333,0.03750375037503783,shape_dist_traveled,
BROWESW,W BROAD ST & N WESTMOOR AVE,-83.081721,39.954668,1,010,4,1,71,6,am_peak+early+evening+midday+owl+pm_peak,False,,False,212.3999999999988,216.40000000000015,5,BROWESGE,0.9133102099564278,3,25.830622083022973,0.0,1.0,1.0,shape_dist_traveled,
BROSTUW,W BROAD ST & STURBRIDGE RD,-83.136196,39.952039,1,010,4,1,71,6,am_peak+early+evening+midday+owl+pm_peak,False,,False,727.1999999999998,382.9999999999991,4,BROGLAE,1.244354117635598,2,41.80746410976324,0.0,1.0,1.0,shape_dist_traveled,
BROYALW,W BROAD ST & N YALE AVE,-83.031729,39.958529,1,010,4,1,71,6,am_peak+early+evening+midday+owl+pm_peak,False,,False,381.5000000000026,190.29999999999703,5,BROWESPE,1.384929764881638,2,25.910088051218803,0.0,0.3333333333333333,0.08102345415778249,shape_dist_traveled,
BRORODW,W BROAD ST & RODGERS AVE,-83.027277,39.95906,1,010,4,1,71,6,am_peak+early+evening+midday+owl+pm_peak,False,,False,259.10000000000014,381.5000000000026,5,BROHAWE,1.9434564552688414,1,23.685040941735608,0.0,1.0,1.0,shape_dist_traveled,
BROHARTW,W BROAD ST & N HARTFORD AVE,-83.024259,39.959423,1,010,4,1,71,6,am_peak+early+evening+midday+owl+pm_peak,False,,False,236.10000000000042,259.10000000000014,8,BROHAWE,1.3576780683465768,1,23.685040941735608,0.0,1.0,1.0,shape_dist_traveled,
BROOGDW,W BROAD ST & N OGDEN AVE,-83.070962,39.955174,1,010,4,1,71,6,am_peak+early+evening+midday+owl+pm_peak,False,,False,445.90000000000174,281.6999999999972,4,BROWARE,0.4638638038124904,4,13.30009362435444,0.0,1.0,1.0,shape_dist_traveled,
BROEURW,W BROAD ST & N EUREKA AVE,-83.065714,39.955419,1,010,4,1,71,6,am_peak+early+evening+midday+owl+pm_peak,False,,False,250.49999999999883,445.90000000000174,3,BROWAYE,1.6019059709798955,7,56.53376274226383,33.25859889964356,0.7142857142857143,0.7306763285024156,shape_dist_traveled,only access for 33 daily trips
BROOAKW,W BROAD ST & N OAKLEY AVE,-83.062753,39.955556,1,010,4,1,71,6,am_peak+early+evening+midday+owl+pm_peak,False,,False,182.40000000000123,250.49999999999883,4,BROWAYE,1.5977621145881726,4,17.587073487550455,0.0,0.8,0.852892561983471,shape_dist_traveled,
BROHIGW,W BROAD ST & S HIGHLAND AVE,-83.060613,39.955662,1,010,4,1,71,6,am_peak+early+evening+midday+owl+pm_peak,False,,False,240.40000000000106,182.40000000000123,5,BROHIGE,0.2454324193286042,4,17.285939292282052,0.0,1.0,1.0,shape_dist_traveled,
BROMIDLW,W BROAD ST & MIDLAND AVE,-83.057779,39.955795,1,010,4,1,71,6,am_peak+early+evening+midday+owl+pm_peak,False,,False,359.70000000000016,240.40000000000106,4,BROWHIE,0.9071443060257472,3,15.060892182798856,0.0,1.0,1.0,shape_dist_traveled,
BROLECW,W BROAD ST & LECHNER AVE,-83.053531,39.956034,1,010,4,1,71,6,am_peak+early+evening+midday+owl+pm_peak,False,,False,268.2000000000002,359.70000000000016,4,BROLECE,0.5309346603094911,2,4.588114058464409,0.0,0.5,0.41216216216216217,shape_dist_traveled,
BROENTW,W BROAD ST & RHODES PARK,-83.05039,39.956288,1,010,4,1,71,6,am_peak+early+evening+midday+owl+pm_peak,False,,False,778.1999999999982,268.2000000000002,3,BROLECE,2.946539426647782,1,2.041020656819172,0.0,1.0,1.0,shape_dist_traveled,
BROSTEW,W BROAD ST & STEVENS AVE,-83.041326,39.957385,1,010,4,1,71,6,am_peak+early+evening+midday+owl+pm_peak,False,,False,240.000000000002,778.1999999999982,3,BROSTEE,0.2677043607542262,1,4.420817283315297,0.0,1.0,1.0,shape_dist_traveled,
NEICOLN,NEIL AVE & COLLINS AVE,-83.010784,39.976175,1,008,2,1,71,6,am_peak+early+evening+midday+owl+pm_peak,False,,False,392.199999999999,240.50000000000082,6,NEICOLS,0.2786038578444209,3,55.62617773707996,0.0,1.0,1.0,shape_dist_traveled,
BROWASAW,E BROAD ST & N WASHINGTON AVE,-82.987489,39.963828,1,010,4,1,71,6,am_peak+early+evening+midday+owl+pm_peak,False,,False,284.0000000000007,344.10000000000093,8,BROWASAE,0.22375175682608597,2,141.49543000173955,0.0,0.5,0.5642458100558638,shape_dist_traveled,
BROGRAW,E BROAD ST & N GRANT AVE,-82.991512,39.963375,1,010,4,1,71,6,am_peak+early+evening+midday+owl+pm_peak,False,,False,344.10000000000093,216.19999999999885,8,BROGRAE,0.32830316528807574,1,61.65722648120522,0.0,1.0,1.0,shape_dist_traveled,
BRO5THW,E BROAD ST & N 5TH ST,-82.994024,39.963081,1,010,4,1,71,6,am_peak+early+evening+midday+owl+pm_peak,False,,False,216.19999999999885,155.79999999999927,12,BRO5THE,0.6246276699015743,0,0.0,0.0,0.0,0.0,shape_dist_traveled,catchment not reconstructable
BRO4THW,E BROAD ST & N 4TH ST,-82.995863,39.962888,1,010,4,1,71,6,am_peak+early+evening+midday+owl+pm_peak,False,,False,155.79999999999927,146.49999999999963,12,BRO4THE,0.7690046948450343,0,0.0,0.0,0.0,0.0,shape_dist_traveled,catchment not reconstructable
BRO3RDW,E BROAD ST & N 3RD ST,-82.997559,39.962681,1,010,4,1,71,6,am_peak+early+evening+midday+owl+pm_peak,False,,False,146.49999999999963,173.00000000000006,12,BRO3RDE,0.33876715342217606,0,0.0,0.0,0.0,0.0,shape_dist_traveled,catchment not reconstructable
BROHIGHW,E BROAD ST & N HIGH ST,-82.999578,39.962447,1,010,4,1,71,6,am_peak+early+evening+midday+owl+pm_peak,False,,False,173.00000000000006,339.70000000000056,12,BROHIGE1,0.7538605678431936,0,0.0,0.0,0.0,0.0,shape_dist_traveled,catchment not reconstructable
BROPARWW,E BROAD ST & PARKWOOD AVE,-82.960286,39.966954,1,010,4,1,71,6,am_peak+early+evening+midday+owl+pm_peak,False,,False,201.99999999999818,465.0999999999996,6,BROFRA1E,0.28736455789292775,2,10.80318925525394,0.0,1.0,1.0,shape_dist_traveled,
BROWINW,E BROAD ST & WINNER AVE,-82.965724,39.966355,1,010,4,1,71,6,am_peak+early+evening+midday+owl+pm_peak,False,,False,465.0999999999996,289.19999999999743,9,BROWILAE,0.26965789916974303,2,5.5040639024058,0.0,1.0,1.0,shape_dist_traveled,
BROGOVW,E BROAD ST & GOVERNOR PL,-82.969101,39.965971,1,010,4,1,71,6,am_peak+early+evening+midday+owl+pm_peak,False,,False,289.19999999999743,141.49999999999886,12,BROCHAE,0.26833170459179306,0,0.0,0.0,0.0,0.0,shape_dist_traveled,catchment not reconstructable
BROOHIW,E BROAD ST & N OHIO AVE,-82.970754,39.965785,1,010,4,1,71,6,am_peak+early+evening+midday+owl+pm_peak,False,,False,141.49999999999886,288.29999999999956,12,BROOHIE,0.422902058378894,1,9.192957794443734,0.0,0.0,0.0,shape_dist_traveled,
BROCHIW,W BROAD ST & CHICAGO AVE,-83.033947,39.958266,1,010,4,1,71,6,am_peak+early+evening+midday+owl+pm_peak,False,,False,190.29999999999703,393.2000000000002,6,BROWESPE,1.06298689365623,2,3.776724698991214,0.0,1.0,1.0,shape_dist_traveled,
BROCENW,W BROAD ST & N CENTRAL AVE,-83.038526,39.957717,1,010,4,1,71,6,am_peak+early+evening+midday+owl+pm_peak,False,,False,393.2000000000002,240.000000000002,4,BROCENE,0.8469835505689408,2,6.645864392798493,0.0,0.6666666666666666,0.8107142857142857,shape_dist_traveled,
NEIKINN,NEIL AVE & KING AVE,-83.013646,39.990619,1,008,2,1,71,6,am_peak+early+evening+midday+owl+pm_peak,False,,False,393.8000000000006,191.19999999999848,7,NEI7THS,1.4909997328622295,4,11.418004903926926,0.0,0.6,0.3191489361702128,shape_dist_traveled,
NEI8THN,NEIL AVE & W 8TH AVE,-83.013969,39.992307,1,008,2,1,71,6,am_peak+early+evening+midday+owl+pm_peak,False,,False,191.19999999999848,222.50000000000014,9,NEI8THS,0.19334290093775505,5,4.713586639826244,0.0,0.6,0.515527950310559,shape_dist_traveled,
NEISPRUN,NEIL AVE & SPRUCE ST,-83.009504,39.972893,1,008,2,1,71,6,am_peak+early+evening+midday+owl+pm_peak,False,,False,422.49999999999943,392.199999999999,6,NEISPRUS,0.21167578491094557,2,52.49354562241283,0.0,1.0,1.0,shape_dist_traveled,
BRO17TW,E BROAD ST & N 17TH ST,-82.977646,39.964964,1,010,4,1,71,6,am_peak+early+evening+midday+owl+pm_peak,False,,False,303.49999999999966,280.4000000000002,10,BRODOUE,0.4325199227301481,1,7.3192339127736705,0.0,1.0,1.0,shape_dist_traveled,
BROHAMIW,E BROAD ST & HAMILTON PARK,-82.980921,39.964554,1,010,4,1,71,6,am_peak+early+evening+midday+owl+pm_peak,False,,False,280.4000000000002,277.8000000000027,10,BROPARSE,0.29208066943238137,1,7.3192339127736705,0.0,1.0,1.0,shape_dist_traveled,
BROJEFW,E BROAD ST & JEFFERSON AVE,-82.984172,39.964216,1,010,4,1,71,6,am_peak+early+evening+midday+owl+pm_peak,False,,False,277.8000000000027,284.0000000000007,8,BROJEFE,0.8457011008727153,1,79.83820352053432,0.0,1.0,1.0,shape_dist_traveled,
BRO20TW,E BROAD ST & N 20TH ST,-82.974112,39.965386,1,010,4,1,71,6,am_peak+early+evening+midday+owl+pm_peak,False,,False,288.29999999999956,303.49999999999966,10,BROHOFE,0.3052567917531244,0,0.0,0.0,0.0,0.0,shape_dist_traveled,catchment not reconstructable
BROCASIW,E BROAD ST & N CASSINGHAM RD,-82.930541,39.970235,1,010,4,1,71,6,am_peak+early+evening+midday+owl+pm_peak,False,,False,223.10000000000053,239.59999999999937,5,BROCASIE,0.6643040868415725,2,11.681497324786779,0.0,1.0,1.0,shape_dist_traveled,
BROMAPW,E BROAD ST & MAPLEWOOD AVE,-82.902723,39.973227,1,010,4,1,71,6,am_peak+early+evening+midday+owl+pm_peak,False,,False,260.39999999999884,332.19999999999936,6,BROMAPE,0.2860406149512056,1,8.431757467515268,0.0,1.0,1.0,shape_dist_traveled,
BROROBW,E BROAD ST & ROBINWOOD AVE,-82.896757,39.973865,1,010,4,1,71,6,am_peak+early+evening+midday+owl+pm_peak,False,,False,244.60000000000014,249.2000000000001,5,BROROBE,0.6609322470589656,1,8.431757467515268,0.0,1.0,1.0,shape_dist_traveled,
EBRCOLW,E BROAD ST & COLLINGWOOD AVE,-82.899677,39.973567,1,010,4,1,71,6,am_peak+early+evening+midday+owl+pm_peak,False,,False,249.2000000000001,260.39999999999884,6,BROCOLE,0.4584073936771776,1,8.431757467515268,0.0,1.0,1.0,shape_dist_traveled,
CLE15TN,CLEVELAND AVE & E 15TH AVE,-82.976807,39.998476,1,008,2,1,71,6,am_peak+early+evening+midday+owl+pm_peak,False,,False,179.49999999999733,266.60000000000036,9,CLE15TS,0.4971198930668496,4,8.235183756715061,0.0,0.75,0.8138686131386863,shape_dist_traveled,
BROSCHOW,E BROAD ST & SCHOFIELD DR,-82.880325,39.975576,1,010,4,1,71,6,am_peak+early+evening+midday+owl+pm_peak,False,,False,220.19999999999928,225.99999999999997,5,BROHOLE,1.3292843427554815,2,39.3189245794202,0.0,0.5,0.7967237527922563,shape_dist_traveled,
11TJEFE,E 11TH AVE & JEFFERSON AVE,-82.983019,39.99367,1,008,2,1,71,6,am_peak+early+evening+midday+owl+pm_peak,False,,False,339.70000000000056,389.40000000000197,7,11TJEFW,0.4024693651756503,1,9.075850051839355,0.0,1.0,1.0,shape_dist_traveled,
CLECHIN,CLEVELAND AVE & CHITTENDEN AVE,-82.979588,39.995614,1,008,2,1,71,6,am_peak+early+evening+midday+owl+pm_peak,False,,False,389.40000000000197,217.9000000000002,8,CLECHIS,0.9182500981245001,3,12.77310878263474,0.0,1.0,1.0,shape_dist_traveled,
17TCLEW,E 17TH AVE & CLEVELAND AVE,-82.976118,40.000417,1,008,2,1,71,6,am_peak+early+evening+midday+owl+pm_peak,False,,False,266.60000000000036,355.8000000000021,8,CLE17TS,0.879237512906332,3,6.060325679776599,0.0,0.6666666666666666,0.748792270531401,shape_dist_traveled,
CLEWINN,CLEVELAND AVE & WINDSOR AVE,-82.977985,39.997142,1,008,2,1,71,6,am_peak+early+evening+midday+owl+pm_peak,False,,False,217.9000000000002,179.49999999999733,8,CLE13TS,0.9238447534590991,3,6.946998588066895,0.0,1.0,1.0,shape_dist_traveled,
BROHAMW,E BROAD ST & N HAMILTON RD,-82.876023,39.976032,1,010,4,1,71,6,am_peak+early+evening+midday+owl+pm_peak,False,,False,1352.1999999999998,148.50000000000028,8,BROHAMIE,1.7426211652140382,0,0.0,0.0,0.0,0.0,shape_dist_traveled,catchment not reconstructable
BROFAIW,E BROAD ST & FAIRWAY BLVD,-82.877766,39.97584,1,010,4,1,71,6,am_peak+early+evening+midday+owl+pm_peak,False,,False,148.50000000000028,220.19999999999928,8,BROHOLE,1.4652629637651438,1,31.326321146671347,0.0,1.0,1.0,shape_dist_traveled,
KARNORN,KARL RD & NORTHLAND PARK AVE,-82.976353,40.057715,1,008,2,1,71,6,am_peak+early+evening+midday+owl+pm_peak,False,,False,219.5999999999998,424.8000000000012,9,KARNORS,0.32384318564682435,1,11.33017409697366,0.0,1.0,1.0,shape_dist_traveled,
KARSHAN,KARL RD & SHANLEY DR,-82.976158,40.055741,1,008,2,1,71,6,am_peak+early+evening+midday+owl+pm_peak,False,,False,506.1,219.5999999999998,3,KARSHAS,1.22777333413891,1,6.6751413284495875,0.0,1.0,1.0,shape_dist_traveled,
KARFERN1,KARL RD & FERRIS RD,-82.976546,40.051247,1,008,2,1,71,6,am_peak+early+evening+midday+owl+pm_peak,False,,False,326.6999999999989,506.1,3,NORVILS,0.9810042285698986,1,6.6751413284495875,0.0,1.0,1.0,shape_dist_traveled,
KARHUYN,KARL RD & HUY RD,-82.977859,40.035553,1,008,2,1,71,6,am_peak+early+evening+midday+owl+pm_peak,False,,False,362.6000000000005,246.50000000000105,6,KARURAS,1.2206895111631642,3,16.45363783591521,0.0,1.0,1.0,shape_dist_traveled,
KARPAUN,KARL RD & PAULINE AVE,-82.977664,40.037752,1,008,2,1,71,6,am_peak+early+evening+midday+owl+pm_peak,False,,False,246.50000000000105,217.49999999999758,5,KARCARS,0.9937886044713226,2,8.138988111004322,0.0,1.0,1.0,shape_dist_traveled,
KARACTN,KARL RD & ACTON RD,-82.977486,40.039682,1,008,2,1,71,6,am_peak+early+evening+midday+owl+pm_peak,False,,False,217.49999999999758,288.6000000000024,5,KARACTS,0.4931060581539408,2,11.915712809995537,0.0,1.0,1.0,shape_dist_traveled,
KARELMN,KARL RD & ELMORE AVE,-82.977279,40.042261,1,008,2,1,71,6,am_peak+early+evening+midday+owl+pm_peak,False,,False,288.6000000000024,355.599999999999,4,KARELMS,0.6113414648036684,3,21.557583617756052,0.0,0.6666666666666666,0.573394495412844,shape_dist_traveled,
HAMDUXN,HAMILTON AVE & DUXBERRY AVE,-82.979304,40.009017,1,008,2,1,71,6,am_peak+early+evening+midday+owl+pm_peak,False,,False,274.3000000000002,331.49999999999835,5,HAMDUXS,0.2539981470213629,2,5.621171645010179,0.0,1.0,1.0,shape_dist_traveled,
BRO424W,4244 E BROAD ST,-82.888158,39.974767,1,010,4,1,71,6,am_peak+early+evening+midday+owl+pm_peak,False,,False,210.09999999999974,279.59999999999854,5,BRO4251E,0.28111458555008006,2,41.89529491671654,0.0,0.5,0.2522711390635919,shape_dist_traveled,
BROYEAW,E BROAD ST & N YEARLING RD,-82.885694,39.975013,1,010,4,1,71,6,am_peak+early+evening+midday+owl+pm_peak,False,,False,232.2000000000006,210.09999999999974,5,BROYEAE,0.776420478615033,2,41.89529491671654,0.0,1.0,1.0,shape_dist_traveled,
BROPARLW,E BROAD ST & PARKLAWN BLVD,-82.882989,39.975278,1,010,4,1,71,6,am_peak+early+evening+midday+owl+pm_peak,False,,False,225.99999999999997,232.2000000000006,5,BROSANE,0.665633988563591,1,31.326321146671347,0.0,0.5,0.7967237527922563,shape_dist_traveled,
BROCARW,E BROAD ST & CARDINAL PARK DR,-82.860226,39.977803,1,010,4,1,71,6,am_peak+early+evening+midday+owl+pm_peak,False,,False,1975.6,1352.1999999999998,1,BROCARE,0.36435684141376706,1,34.54678406829174,0.0,1.0,1.0,shape_dist_traveled,
BROBEETW,E BROAD ST & BEECHTREE RD,-82.893899,39.974162,1,010,4,1,71,6,am_peak+early+evening+midday+owl+pm_peak,False,,False,211.99999999999974,244.60000000000014,5,BROBEETE,0.9205153763347973,1,10.568973770045192,0.0,1.0,1.0,shape_dist_traveled,
BROBEEWW,E BROAD ST & BEECHWOOD RD,-82.891414,39.97441,1,010,4,1,71,6,am_peak+early+evening+midday+owl+pm_peak,False,,False,279.59999999999854,211.99999999999974,5,BROBEEWE,0.4070001071750976,1,10.568973770045192,0.0,1.0,1.0,shape_dist_traveled,
REDTAMW,RED ROBIN RD & TAMARACK BLVD,-82.970477,40.064969,1,008,2,1,71,6,am_peak+early+evening+midday+owl+pm_peak,False,,False,347.0000000000013,240.50000000000082,5,REDTAME,0.17687253577198195,3,22.13336335222758,0.0,1.0,1.0,shape_dist_traveled,
TAM463N,4630 TAMARACK BLVD,-82.970836,40.062261,1,008,2,1,71,6,am_peak+early+evening+midday+owl+pm_peak,False,,False,679.9,347.0000000000013,10,TAM464S,0.17662363653627375,3,21.13794754009041,0.0,1.0,1.0,shape_dist_traveled,
NEI4THN,NEIL AVE & W 4TH AVE,-83.012611,39.985359,1,008,2,1,71,6,am_peak+early+evening+midday+owl+pm_peak,False,,False,206.0000000000013,202.29999999999748,9,NEI4THS,0.5950098603519296,2,21.020839797485994,0.0,1.0,1.0,shape_dist_traveled,
NEI3RDN,NEIL AVE & W 3RD AVE,-83.012246,39.983542,1,008,2,1,71,6,am_peak+early+evening+midday+owl+pm_peak,False,,False,370.4000000000001,206.0000000000013,4,NEI2NDS,1.8767780573637196,3,29.745366621512215,0.0,1.0,1.0,shape_dist_traveled,
NEI1STN,NEIL AVE & W 1ST AVE,-83.0116,39.98027,1,008,2,1,71,6,am_peak+early+evening+midday+owl+pm_peak,False,,False,224.2999999999995,370.4000000000001,4,NEIWILS,1.0570375498818052,4,42.890710728853755,0.0,1.0,1.0,shape_dist_traveled,
KARSTON,KARL RD & STONEGATE SQUARE WEST,-82.976791,40.048332,1,008,2,1,71,6,am_peak+early+evening+midday+owl+pm_peak,False,,False,327.7000000000001,326.6999999999989,4,KARCOOKS,0.19962781995614637,1,9.641870807760515,0.0,1.0,1.0,shape_dist_traveled,
KARCOON,KARL RD & E COOKE RD,-82.976992,40.045414,1,008,2,1,71,6,am_peak+early+evening+midday+owl+pm_peak,False,,False,355.599999999999,327.7000000000001,5,KARCOOS1,0.649276248594382,1,9.641870807760515,0.0,1.0,1.0,shape_dist_traveled,
REDSONW,RED ROBIN RD & SONG BIRD DR,-82.97611,40.065266,1,008,2,1,71,6,am_peak+early+evening+midday+owl+pm_peak,False,,False,236.69999999999902,399.89999999999884,7,REDKARE,0.2126364013992507,3,21.74300421021301,0.0,1.0,1.0,shape_dist_traveled,
REDROCW,RED ROBIN RD & ROCKCASTLE DR,-82.973282,40.065118,1,008,2,1,71,6,am_peak+early+evening+midday+owl+pm_peak,False,,False,240.50000000000082,236.69999999999902,9,REDROCE,0.364484973000248,2,7.260680041471481,0.0,1.0,1.0,shape_dist_traveled,
NEI5THN,NEIL AVE & W 5TH AVE,-83.012955,39.987152,1,008,2,1,71,6,am_peak+early+evening+midday+owl+pm_peak,False,,False,202.29999999999748,393.8000000000006,12,NEI5THS,0.5696985067249318,3,35.7764153656377,0.0,0.6666666666666666,0.7847790507364976,shape_dist_traveled,
11TESSE,E 11TH AVE & ESSEX AVE,-82.98703,39.99387,1,008,2,1,71,6,am_peak+early+evening+midday+owl+pm_peak,False,,False,496.29999999999797,339.70000000000056,3,11TESSW,0.7155472225934579,1,9.075850051839355,0.0,1.0,1.0,shape_dist_traveled,
HAM24TN,HAMILTON AVE & E 24TH AVE,-82.979377,40.006571,1,008,2,1,71,6,am_peak+early+evening+midday+owl+pm_peak,False,,False,313.8000000000005,274.3000000000002,6,HAM24TS,0.344994442918881,3,7.348510848424765,0.0,1.0,1.0,shape_dist_traveled,
HAM20TN,HAMILTON AVE & E 20TH AVE,-82.979635,40.003775,1,008,2,1,71,6,am_peak+early+evening+midday+owl+pm_peak,False,,False,328.6999999999978,313.8000000000005,6,HAM21SS,0.33367327711217243,2,5.357679224150327,0.0,1.0,1.0,shape_dist_traveled,
NEIHUBN,NEIL AVE & W HUBBARD AVE,-83.011211,39.9783,1,008,2,1,71,6,am_peak+early+evening+midday+owl+pm_peak,False,,False,240.50000000000082,224.2999999999995,4,NEIWILS,1.7393392561035512,4,63.32601181331786,0.0,0.6,0.3522176667909055,shape_dist_traveled,
HAM17TN,HAMILTON AVE & E 17TH AVE,-82.979845,40.00085,1,008,2,1,71,6,am_peak+early+evening+midday+owl+pm_peak,False,,False,355.8000000000021,328.6999999999978,9,17THAME,0.6844339759911705,3,6.265264229334262,0.0,1.0,1.0,shape_dist_traveled,
EASTER9,EASTON TERMINAL BAY 9,-82.909141,40.060719,1,007,3,2,70,6,am_peak+early+evening+midday+owl+pm_peak,True,007,False,375.0999999999998,549.8,12,EASTER1,0.0,0,0.0,0.0,0.0,0.0,shape_dist_traveled,terminal; catchment not reconstructable
BROLTDE,E BROAD ST & LIMITED STOP 1,-82.771722,39.985016,1,010,4,2,70,6,am_peak+early+evening+midday+owl+pm_peak,True,010,False,781.3999999999978,764.9,0,,,0,0.0,0.0,0.0,0.0,shape_dist_traveled,terminal; no walking alternative within 5 min; catchment not reconstructable
NELMARN,N NELSON RD & MARYLAND AVE,-82.946127,39.976792,1,007,4,1,69,6,am_peak+early+evening+midday+owl+pm_peak,False,,False,324.19999999999936,225.50000000000026,5,NELMARYS,1.0187240950142198,1,3.044801307713847,0.0,1.0,1.0,shape_dist_traveled,
NELAVAN,N NELSON RD & AVALON PL,-82.942656,39.98239,1,007,4,1,69,6,am_peak+early+evening+midday+owl+pm_peak,False,,False,470.7000000000008,245.29999999999853,4,NELAVAS,0.839313163257579,1,3.308293728573699,0.0,1.0,1.0,shape_dist_traveled,
500NNELN,500 N NELSON RD,-82.945047,39.978602,1,007,4,1,69,6,am_peak+early+evening+midday+owl+pm_peak,False,,False,225.50000000000026,470.7000000000008,3,NELOPPS,0.9124434403463159,2,6.353095036287546,0.0,1.0,1.0,shape_dist_traveled,
NELOPPN,N NELSON RD & MARGARET AVE,-82.941632,39.984446,1,007,4,1,69,6,am_peak+early+evening+midday+owl+pm_peak,False,,False,245.29999999999853,789.4000000000005,3,NELMARGS,0.7153460488789676,1,3.308293728573699,0.0,0.5,0.43798449612403095,shape_dist_traveled,
MOUBURE,MOUNT VERNON AVE & BURT ST,-82.963418,39.973811,1,007,4,1,69,6,am_peak+early+evening+midday+owl+pm_peak,False,,False,420.70000000000005,179.10000000000002,8,MOUGRAHW,0.6706536676201663,2,6.997187620611629,0.0,1.0,1.0,shape_dist_traveled,
MOUCHAE,MOUNT VERNON AVE & N CHAMPION AVE,-82.968262,39.972986,1,007,4,1,69,6,am_peak+early+evening+midday+owl+pm_peak,False,,False,253.69999999999936,420.70000000000005,10,MOUCHAW,0.2340451921283458,1,1.8737238816700597,0.0,1.0,1.0,shape_dist_traveled,
MOUGARE,MOUNT VERNON AVE & N GARFIELD AVE,-82.979484,39.970936,1,007,4,1,69,6,am_peak+early+evening+midday+owl+pm_peak,False,,False,351.7999999999999,321.8999999999994,9,MARSTCW,1.1674459499615009,2,12.149928295204301,0.0,0.0,0.0,shape_dist_traveled,
MOU18TE,MOUNT VERNON AVE & N 18TH ST,-82.975808,39.971631,1,007,4,1,69,6,am_peak+early+evening+midday+owl+pm_peak,False,,False,321.8999999999994,197.70000000000022,4,MOUMIAW,1.546397534816303,2,7.729111011888996,0.0,1.0,1.0,shape_dist_traveled,
NELOPPN1,NELSON RD & MILLBROOK WAY,-82.947348,39.974044,1,007,4,1,69,6,am_peak+early+evening+midday+owl+pm_peak,False,,False,255.7999999999998,324.19999999999936,4,NELMILS,0.15065698855358065,1,3.044801307713847,0.0,1.0,1.0,shape_dist_traveled,
GRESURE,GREENWAY AVE & SURREY PL,-82.952309,39.973084,1,007,4,1,69,6,am_peak+early+evening+midday+owl+pm_peak,False,,False,315.10000000000014,422.2999999999999,5,GREGREW,0.7629693450829669,1,4.508648090268581,0.0,0.5,0.6285714285714284,shape_dist_traveled,
GRECENE,GREENWAY AVE & CENTAB DR,-82.955548,39.973904,1,007,4,1,69,6,am_peak+early+evening+midday+owl+pm_peak,False,,False,273.6000000000001,315.10000000000014,5,GREWOOWA,0.46553701722114715,1,4.508648090268581,0.0,1.0,1.0,shape_dist_traveled,
NELCLIN,N NELSON RD & CLIFTON AVE,-82.948671,39.971981,1,007,4,1,69,6,am_peak+early+evening+midday+owl+pm_peak,False,,False,422.2999999999999,255.7999999999998,5,GRESHEW,1.5610174731738606,0,0.0,0.0,0.0,0.0,shape_dist_traveled,catchment not reconstructable
MOUTAYE,MOUNT VERNON AVE & TAYLOR AVE,-82.961352,39.974158,1,007,4,1,69,6,am_peak+early+evening+midday+owl+pm_peak,False,,False,179.10000000000002,220.89999999999944,10,TAYMTVS,0.24655641832328762,1,5.123463738941569,0.0,1.0,1.0,shape_dist_traveled,
GREPARE,GREENWAY AVE & PARKWOOD AVE,-82.958774,39.974064,1,007,4,1,69,6,am_peak+early+evening+midday+owl+pm_peak,False,,False,220.89999999999944,273.6000000000001,9,GREELDW,0.5484704232159885,1,4.508648090268581,0.0,1.0,1.0,shape_dist_traveled,
NELOPPS,520 N NELSON RD,-82.944725,39.979211,1,007,2,1,69,6,am_peak+early+evening+midday+owl+pm_peak,False,,False,330.0999999999981,217.70000000000067,5,500NNELN,0.9124434403463159,2,6.353095036287546,0.0,1.0,1.0,shape_dist_traveled,
NELMARGS,N NELSON RD & MARGARET AVE,-82.941682,39.98496,1,007,2,1,69,6,am_peak+early+evening+midday+owl+pm_peak,False,,False,734.4000000000008,366.7000000000016,3,NELOPPN,0.7153460488789676,2,10.100542799627664,0.0,0.5,0.43798449612403095,shape_dist_traveled,
NELAVAS,N NELSON RD & AVALON PL,-82.943066,39.981874,1,007,2,1,69,6,am_peak+early+evening+midday+owl+pm_peak,False,,False,366.7000000000016,330.0999999999981,4,NELAVAN,0.839313163257579,1,3.308293728573699,0.0,1.0,1.0,shape_dist_traveled,
OHIBROS,S OHIO AVE & E BROAD ST,-82.970317,39.965367,1,022,4,2,69,6,am_peak+early+evening+midday+owl+pm_peak,True,022,False,302.69999999999976,333.8,12,BROOHIE,0.36009374547694695,0,0.0,0.0,0.0,0.0,shape_dist_traveled,terminal; catchment not reconstructable
MOUCHAW,MOUNT VERNON AVE & N CHAMPION AVE,-82.968462,39.973055,1,007,2,1,69,6,am_peak+early+evening+midday+owl+pm_peak,False,,False,383.0999999999989,241.39999999999873,10,MOUCHAE,0.2340451921283458,1,1.8737238816700597,0.0,1.0,1.0,shape_dist_traveled,
MOU22NW,MOUNT VERNON AVE & N 22ND ST,-82.97123,39.97256,1,007,2,1,69,6,am_peak+early+evening+midday+owl+pm_peak,False,,False,241.39999999999873,278.89999999999657,9,MOU22NE,0.15070002205735986,1,4.859971318081717,0.0,1.0,1.0,shape_dist_traveled,
MOUMIAW,MOUNT VERNON AVE & MIAMI AVE,-82.974449,39.972016,1,007,2,1,69,6,am_peak+early+evening+midday+owl+pm_peak,False,,False,278.89999999999657,314.9000000000015,5,MOU20TE,0.9729378021038351,2,7.729111011888996,0.0,1.0,1.0,shape_dist_traveled,
MOUMONW,MOUNT VERNON AVE & N MONROE AVE,-82.978078,39.971383,1,007,2,1,69,6,am_peak+early+evening+midday+owl+pm_peak,False,,False,314.9000000000015,219.10000000000096,7,MOUGARE,1.624478631215764,1,2.869139693807279,0.0,0.5,0.23614457831325286,shape_dist_traveled,
MARSTCW,MARTIN LUTHER KING & ST CLAIR AVE,-82.98057,39.970839,1,007,2,1,69,6,am_peak+early+evening+midday+owl+pm_peak,False,,False,219.10000000000096,335.8999999999987,8,MOUGARE,1.1674459499615009,0,0.0,0.0,0.0,0.0,shape_dist_traveled,catchment not reconstructable
NELMARYS,N NELSON RD & MARYLAND AVE,-82.945948,39.977513,1,007,2,1,69,6,am_peak+early+evening+midday+owl+pm_peak,False,,False,217.70000000000067,410.79999999999825,3,NELMARN,1.0187240950142198,1,3.044801307713847,0.0,1.0,1.0,shape_dist_traveled,
NELMILS,N NELSON RD & MILLBROOK WAY,-82.947489,39.974048,1,007,2,1,69,6,am_peak+early+evening+midday+owl+pm_peak,False,,False,410.79999999999825,401.69999999999993,4,NELOPPN1,0.15065698855358065,1,3.044801307713847,0.0,1.0,1.0,shape_dist_traveled,
GRESHEW,GREENWAY AVE S & SHERBOURNE DR,-82.950056,39.971621,1,007,2,1,69,6,am_peak+early+evening+midday+owl+pm_peak,False,,False,401.69999999999993,322.09999999999894,5,NELCLIN,1.5610174731738606,1,4.508648090268581,0.0,0.0,0.0,shape_dist_traveled,
GREGREW,GREENWAY AVE & GREENWAY AVE S,-82.952462,39.973621,1,007,2,1,69,6,am_peak+early+evening+midday+owl+pm_peak,False,,False,322.09999999999894,301.00000000000017,5,GRESURE,0.7629693450829669,2,7.553449397982428,0.0,0.5,0.6285714285714284,shape_dist_traveled,
GREWOOWA,GREENWAY AVE & GREENWAY LOOP,-82.955951,39.974032,1,007,2,1,69,6,am_peak+early+evening+midday+owl+pm_peak,False,,False,301.00000000000017,196.40000000000057,5,GRECENE,0.46553701722114715,1,4.508648090268581,0.0,1.0,1.0,shape_dist_traveled,
GREELDW,GREENWAY AVE & ELDRIDGE AVE,-82.958268,39.974132,1,007,2,1,69,6,am_peak+early+evening+midday+owl+pm_peak,False,,False,196.40000000000057,281.5999999999974,8,GREPARE,0.5484704232159885,1,4.508648090268581,0.0,1.0,1.0,shape_dist_traveled,
MOUTAYW,MOUNT VERNON AVE & TAYLOR AVE,-82.96159,39.974216,1,007,2,1,69,6,am_peak+early+evening+midday+owl+pm_peak,False,,False,281.5999999999974,212.60000000000014,10,MOUTAYE,0.26657229243425806,1,5.123463738941569,0.0,1.0,1.0,shape_dist_traveled,
MOUGRAHW,MOUNT VERNON AVE & GRAHAM ST,-82.964046,39.973803,1,007,2,1,69,6,am_peak+early+evening+midday+owl+pm_peak,False,,False,212.60000000000014,383.0999999999989,11,MOUBURE,0.6706536676201663,2,6.997187620611629,0.0,1.0,1.0,shape_dist_traveled,
MOU20TE,MOUNT VERNON AVE & N 20TH ST,-82.973538,39.972029,1,007,4,1,69,6,am_peak+early+evening+midday+owl+pm_peak,False,,False,197.70000000000022,205.2000000000005,5,MOUMIAW,0.9729378021038351,2,7.729111011888996,0.0,1.0,1.0,shape_dist_traveled,
MOU22NE,MOUNT VERNON AVE & N 22ND ST,-82.971175,39.97246,1,007,4,1,69,6,am_peak+early+evening+midday+owl+pm_peak,False,,False,205.2000000000005,253.69999999999936,9,MOU22NW,0.15070002205735986,1,4.859971318081717,0.0,1.0,1.0,shape_dist_traveled,
RUHCHEW,RUHL AVE & N CHESTERFIELD RD,-82.920009,39.978,1,007,3,2,68,6,am_peak+early+evening+midday+owl+pm_peak,False,,False,159.3,202.399999999999,5,RUHVIRW,2.00556078789655,2,10.318028607321514,0.0,0.6666666666666666,0.6718750000000001,shape_dist_traveled,
RUHGOUW,RUHL AVE & N GOULD RD,-82.922391,39.978127,1,007,3,2,68,6,am_peak+early+evening+midday+owl+pm_peak,False,,False,202.399999999999,263.5000000000005,4,RUHCHEW,2.549341038493914,2,10.318028607321514,0.0,1.0,1.0,shape_dist_traveled,
RUHKELW,RUHL AVE & N KELLNER RD,-82.913852,39.977684,1,007,3,2,68,6,am_peak+early+evening+midday+owl+pm_peak,False,,False,88.59999999999957,362.8,8,JAMRUHS,0.7903598739111829,1,1.974101946759527,0.0,0.0,0.0,shape_dist_traveled,
OSB5THS,OSBORN AVE & E 5TH AVE,-82.912767,39.984794,1,007,3,2,68,6,am_peak+early+evening+midday+owl+pm_peak,False,,False,260.39999999999884,370.69999999999936,6,OSB5THN,0.4770958596108576,0,0.0,0.0,0.0,0.0,shape_dist_traveled,catchment not reconstructable
7THSTEE,E 7TH AVE & STELZER RD,-82.913672,39.98621,1,007,3,2,68,6,am_peak+early+evening+midday+owl+pm_peak,False,,False,736.699999999999,260.39999999999884,6,STE6THS,0.8632382722787068,1,14.521360082942994,0.0,1.0,1.0,shape_dist_traveled,
VACLINIC,VETERANS ADMINISTRATION CLINIC,-82.910267,39.979987,1,007,3,2,68,6,am_peak+early+evening+midday+owl+pm_peak,False,,False,846.3999999999992,280.7999999999993,4,STEJAMN,3.029464426407058,0,0.0,0.0,0.0,0.0,shape_dist_traveled,catchment not reconstructable
ALLOPPE,3096 ALLEGHENY AVE,-82.919708,39.980644,1,007,3,2,68,6,am_peak+early+evening+midday+owl+pm_peak,False,,False,296.4000000000002,187.40000000000023,5,324ALLE,2.3698530207256283,2,10.318028607321514,0.0,1.0,1.0,shape_dist_traveled,
OSB5THN,OSBORN AVE & E 5TH AVE,-82.912521,39.985081,1,007,3,2,68,6,am_peak+early+evening+midday+owl+pm_peak,False,,False,452.79999999999984,330.59999999999866,6,OSB5THS,0.4770958596108576,0,0.0,0.0,0.0,0.0,shape_dist_traveled,catchment not reconstructable
PORGRON,JOHN GLENN INTERNATIONAL  AIRPORT BAGGAGE CLAIM,-82.88505,39.99863,1,007,3,2,68,6,am_peak+early+evening+midday+owl+pm_peak,False,,False,3051.2999999999997,662.4000000000017,0,,,0,0.0,0.0,0.0,0.0,shape_dist_traveled,no walking alternative within 5 min; catchment not reconstructable
GOUALLN,N GOULD RD & ALLEGHENY AVE,-82.922404,39.980224,1,007,3,2,68,6,am_peak+early+evening+midday+owl+pm_peak,False,,False,263.5000000000005,296.4000000000002,3,RUHGOUW,2.9103191985151446,2,10.318028607321514,0.0,1.0,1.0,shape_dist_traveled,
RUHVIRW,RUHL AVE & N VIRGINIA LEE RD,-82.918134,39.977913,1,007,3,2,68,6,am_peak+early+evening+midday+owl+pm_peak,False,,False,362.8,159.3,5,RUHCHEW,2.00556078789655,3,15.23655379670542,0.0,0.6666666666666666,0.6718750000000001,shape_dist_traveled,
324ALLE,3243 ALLEGHENY AVE,-82.917496,39.980502,1,007,3,2,68,6,am_peak+early+evening+midday+owl+pm_peak,False,,False,187.40000000000023,846.3999999999992,5,ALLOPPE,2.3698530207256283,2,10.318028607321514,0.0,1.0,1.0,shape_dist_traveled,
SULHILE,SULLIVANT AVE & HILLTONIA AVE,-83.051784,39.947532,1,006,1,1,67,6,am_peak+early+evening+midday+owl+pm_peak,False,,False,214.40000000000126,168.9999999999987,5,SULNASW,1.9272185391321368,2,8.31464972491089,0.0,1.0,1.0,shape_dist_traveled,
SULGLEE,SULLIVANT AVE & S GLENWOOD AVE,-83.029277,39.951739,1,006,1,1,67,6,am_peak+early+evening+midday+owl+pm_peak,False,,False,246.60000000000082,402.29999999999853,6,SULGLEW,0.5006641323686035,0,0.0,0.0,0.0,0.0,shape_dist_traveled,catchment not reconstructable
SULWESE,SULLIVANT AVE & WEST PARK AVE,-83.032102,39.951213,1,006,1,1,67,6,am_peak+early+evening+midday+owl+pm_peak,False,,False,214.1000000000002,246.60000000000082,7,SULYALW,1.136511232519389,1,4.12804792680435,0.0,1.0,1.0,shape_dist_traveled,
SULCOLE,SULLIVANT AVE & COLUMBIAN AVE,-83.04988,39.947883,1,006,1,1,67,6,am_peak+early+evening+midday+owl+pm_peak,False,,False,168.9999999999987,238.0000000000013,6,SULNASW,0.25616990316977317,2,8.31464972491089,0.0,1.0,1.0,shape_dist_traveled,
SULRYAE,SULLIVANT AVE & RYAN AVE,-83.041376,39.949483,1,006,1,1,67,6,am_peak+early+evening+midday+owl+pm_peak,False,,False,239.39999999999984,344.40000000000026,3,SULRYAW,0.5560534013884799,1,2.576370337296332,0.0,1.0,1.0,shape_dist_traveled,
SULGLEW,SULLIVANT AVE & S GLENWOOD AVE,-83.028881,39.951932,1,006,1,1,67,6,am_peak+early+evening+midday+owl+pm_peak,False,,False,291.5000000000001,194.39999999999992,8,SULGLEE,0.5006641323686035,1,2.4299856590408586,0.0,0.0,0.0,shape_dist_traveled,
SULBELE,SULLIVANT AVE & BELVIDERE AVE,-83.054244,39.947034,1,006,1,1,67,6,am_peak+early+evening+midday+owl+pm_peak,False,,False,341.5999999999997,214.40000000000126,6,SULWREW,0.748308193767492,3,14.228590726432014,0.0,0.6666666666666666,0.5843621399176956,shape_dist_traveled,
SULDANE,SULLIVANT AVE & DANA AVE,-83.034554,39.950775,1,006,1,1,67,6,am_peak+early+evening+midday+owl+pm_peak,False,,False,251.19999999999897,214.1000000000002,11,SULPRIW,1.0846481952798095,2,6.060325679776599,0.0,1.0,1.0,shape_dist_traveled,
SULYALW,SULLIVANT AVE & S YALE AVE,-83.031113,39.951515,1,006,1,1,67,6,am_peak+early+evening+midday+owl+pm_peak,False,,False,194.39999999999992,218.29999999999927,7,SULWESE,1.136511232519389,1,4.12804792680435,0.0,1.0,1.0,shape_dist_traveled,
SULATLE,SULLIVANT AVE & ATLANTA DR,-83.107519,39.941921,1,006,1,1,67,6,am_peak+early+evening+midday+owl+pm_peak,False,,False,273.6000000000001,493.00000000000034,6,SULATLW,0.5316767153806736,1,10.37240005924498,0.0,1.0,1.0,shape_dist_traveled,
SULHOLE,SULLIVANT AVE & HOLLY HILL DR,-83.101705,39.942195,1,006,1,1,67,6,am_peak+early+evening+midday+owl+pm_peak,False,,False,493.00000000000034,421.1,3,SUL385W,0.9828529050386825,1,8.164082627276688,0.0,1.0,1.0,shape_dist_traveled,
SULWEDE,SULLIVANT AVE & WEDGEWOOD DR,-83.096749,39.942534,1,006,1,1,67,6,am_peak+early+evening+midday+owl+pm_peak,False,,False,421.1,257.6999999999998,4,SULWEDW,1.4113389047051712,2,10.594068286317547,0.0,0.5,0.7461773700305809,shape_dist_traveled,
SULWHEE,SULLIVANT AVE & S WHEATLAND AVE,-83.060983,39.945765,1,006,1,1,67,6,am_peak+early+evening+midday+owl+pm_peak,False,,False,299.5000000000001,245.29999999999941,5,SULWHEW1,0.27171040128749324,3,10.94957393350941,0.0,0.5,0.7390350877192982,shape_dist_traveled,
SULSOUW,SULLIVANT AVE & S SOUTHAMPTON AVE,-83.087514,39.943075,1,006,1,1,67,6,am_peak+early+evening+midday+owl+pm_peak,False,,False,467.9000000000002,212.50000000000034,5,SULDEXE,0.5598158648178369,2,5.340949546635416,0.0,1.0,1.0,shape_dist_traveled,
SULSYLE,SULLIVANT AVE & S SYLVAN AVE,-83.086326,39.943013,1,006,1,1,67,6,am_peak+early+evening+midday+owl+pm_peak,False,,False,141.20000000000044,236.4999999999995,6,SULSOUW,1.2720546038890936,3,9.724125055542162,0.0,0.6666666666666666,0.5647840531561462,shape_dist_traveled,
SULBINE,SULLIVANT AVE & BINNS BLVD,-83.078348,39.943394,1,006,1,1,67,6,am_peak+early+evening+midday+owl+pm_peak,False,,False,440.0000000000004,241.49999999999937,4,SULBINW,0.5265599640718742,3,9.402078763380121,0.0,0.6666666666666666,0.7000000000000002,shape_dist_traveled,
SULBRIE,SULLIVANT AVE & S BRINKER AVE,-83.083537,39.94314,1,006,1,1,67,6,am_peak+early+evening+midday+owl+pm_peak,False,,False,236.4999999999995,440.0000000000004,4,SULWESW,1.6580284887493986,2,7.294139396501304,0.0,1.0,1.0,shape_dist_traveled,
SULGEOE,SULLIVANT AVE & GEORGESVILLE RD,-83.110739,39.941756,1,006,1,1,67,6,am_peak+early+evening+midday+owl+pm_peak,False,,False,270.2999999999998,273.6000000000001,7,SULGEOW,0.26579000041851203,1,10.37240005924498,0.0,1.0,1.0,shape_dist_traveled,
SULATLW,SULLIVANT AVE & ATLANTA DR,-83.107079,39.9421,1,006,1,1,67,6,am_peak+early+evening+midday+owl+pm_peak,False,,False,317.80000000000007,300.59999999999934,4,SULATLE,0.5316767153806736,1,10.37240005924498,0.0,1.0,1.0,shape_dist_traveled,
SUL385W,3850 SULLIVANT AVE,-83.100824,39.942399,1,006,1,1,67,6,am_peak+early+evening+midday+owl+pm_peak,False,,False,233.50000000000114,213.4999999999998,4,SULHOLE,0.9828529050386825,1,8.164082627276688,0.0,1.0,1.0,shape_dist_traveled,
SULSOUE,SULLIVANT AVE & S SOUDER AVE,-83.021961,39.953111,1,006,1,1,67,6,am_peak+early+evening+midday+owl+pm_peak,False,,False,235.6000000000016,172.0999999999986,12,SOUSULS,0.46694693378764124,2,8.548865210119647,0.0,0.5,0.21575342465753425,shape_dist_traveled,
SULKINE,SULLIVANT AVE & KINGSFORD RD,-83.093714,39.942605,1,006,1,1,67,6,am_peak+early+evening+midday+owl+pm_peak,False,,False,257.6999999999998,231.4999999999996,5,SULWILW,0.3192881068630548,2,10.594068286317547,0.0,1.0,1.0,shape_dist_traveled,
SULDEXE,SULLIVANT AVE & DEXTER AVE,-83.087991,39.942908,1,006,1,1,67,6,am_peak+early+evening+midday+owl+pm_peak,False,,False,254.90000000000012,141.20000000000044,5,SULSOUW,0.5598158648178369,2,5.340949546635416,0.0,1.0,1.0,shape_dist_traveled,
SULWREW,SULLIVANT AVE & WREXHAM AVE,-83.053643,39.947311,1,006,1,1,67,6,am_peak+early+evening+midday+owl+pm_peak,False,,False,311.2000000000004,198.5000000000001,5,SULBELE,0.748308193767492,2,8.31464972491089,0.0,0.6666666666666666,0.5843621399176956,shape_dist_traveled,
SULNASW,SULLIVANT AVE & NASHOBA AVE,-83.050079,39.947986,1,006,1,1,67,6,am_peak+early+evening+midday+owl+pm_peak,False,,False,289.39999999999964,311.2000000000004,6,SULCOLE,0.25616990316977317,2,8.31464972491089,0.0,1.0,1.0,shape_dist_traveled,
SULHAGW,SULLIVANT AVE & S HAGUE AVE,-83.073472,39.94376,1,006,1,1,67,6,am_peak+early+evening+midday+owl+pm_peak,False,,False,206.5999999999999,179.4000000000011,6,SULHAGE,0.8124946390741782,3,10.522967156879174,0.0,1.0,1.0,shape_dist_traveled,
SULGEOW,SULLIVANT AVE & GEORGESVILLE RD,-83.110627,39.941927,1,006,1,1,67,6,am_peak+early+evening+midday+owl+pm_peak,False,,False,300.59999999999934,464.8000000000003,7,SULGEOE,0.26579000041851203,1,10.37240005924498,0.0,1.0,1.0,shape_dist_traveled,
SULWESW,SULLIVANT AVE & S WESTGATE AVE,-83.082006,39.943336,1,006,1,1,67,6,am_peak+early+evening+midday+owl+pm_peak,False,,False,349.89999999999986,467.9000000000002,4,SULBRIE,1.6580284887493986,2,7.294139396501304,0.0,1.0,1.0,shape_dist_traveled,
SULTERW,SULLIVANT AVE & S TERRACE AVE,-83.066232,39.944921,1,006,1,1,67,6,am_peak+early+evening+midday+owl+pm_peak,False,,False,246.39999999999952,217.39999999999958,5,SULRICE,0.7430987651986324,3,6.831284985255426,0.0,1.0,1.0,shape_dist_traveled,
SULWAYW,SULLIVANT AVE & S WAYNE AVE,-83.063419,39.945459,1,006,1,1,67,6,am_peak+early+evening+midday+owl+pm_peak,False,,False,193.2999999999998,246.39999999999952,6,SULEURE,1.1599804159733778,3,12.267036037808673,0.0,0.75,0.9069264069264071,shape_dist_traveled,
SULWARW,SULLIVANT AVE & S WARREN AVE,-83.071077,39.944017,1,006,1,1,67,6,am_peak+early+evening+midday+owl+pm_peak,False,,False,205.00000000000006,206.5999999999999,7,SULOGDE,1.151383388730845,4,12.494280824052883,0.0,1.0,1.0,shape_dist_traveled,
SULCHEW,SULLIVANT AVE & CHESTERSHIRE RD,-83.075583,39.943652,1,006,1,1,67,6,am_peak+early+evening+midday+owl+pm_peak,False,,False,179.4000000000011,195.39999999999935,6,SULCHEE,0.2076864181898576,3,11.041587159841423,0.0,1.0,1.0,shape_dist_traveled,
SULMARTW,SULLIVANT AVE & MARTIN AVE,-83.022941,39.953043,1,006,1,1,67,6,am_peak+early+evening+midday+owl+pm_peak,False,,False,318.40000000000043,226.30000000000018,12,SULSOUE,1.051002173877814,2,8.548865210119647,0.0,1.0,1.0,shape_dist_traveled,
SULBINW,SULLIVANT AVE & BINNS BLVD,-83.077884,39.943522,1,006,1,1,67,6,am_peak+early+evening+midday+owl+pm_peak,False,,False,195.39999999999935,349.89999999999986,5,SULBINE,0.5265599640718742,2,6.491114875785564,0.0,0.6666666666666666,0.7000000000000002,shape_dist_traveled,
SULDERE,SULLIVANT AVE & DERRER RD,-83.090991,39.942732,1,006,1,1,67,6,am_peak+early+evening+midday+owl+pm_peak,False,,False,231.4999999999996,254.90000000000012,6,SULDEMW,1.0911048758377135,1,2.4299856590408586,0.0,0.5,0.48823529411764705,shape_dist_traveled,
SULCLAE,SULLIVANT AVE & CLARENDON AVE,-83.058187,39.946331,1,006,1,1,67,6,am_peak+early+evening+midday+owl+pm_peak,False,,False,245.29999999999941,341.5999999999997,5,SULCLAW,0.916448781012099,2,9.866327314418907,0.0,1.0,1.0,shape_dist_traveled,
SULHAGE,SULLIVANT AVE & S HAGUE AVE,-83.072726,39.943646,1,006,1,1,67,6,am_peak+early+evening+midday+owl+pm_peak,False,,False,236.70000000000078,235.0999999999992,6,SULHAGW,0.8124946390741782,3,10.522967156879174,0.0,1.0,1.0,shape_dist_traveled,
SULEURE,SULLIVANT AVE & S EUREKA AVE,-83.064432,39.945158,1,006,1,1,67,6,am_peak+early+evening+midday+owl+pm_peak,False,,False,211.50000000000003,299.5000000000001,6,SULWAYW,1.1599804159733778,4,13.945580348471434,0.0,0.75,0.9069264069264071,shape_dist_traveled,
SULGUIE,SULLIVANT AVE & S GUILFORD AVE,-83.037428,39.950224,1,006,1,1,67,6,am_peak+early+evening+midday+owl+pm_peak,False,,False,344.40000000000026,251.19999999999897,11,CENSULS,0.8215349098454467,0,0.0,0.0,0.0,0.0,shape_dist_traveled,catchment not reconstructable
SULCHEE,SULLIVANT AVE & CHESTERSHIRE RD,-83.075511,39.943513,1,006,1,1,67,6,am_peak+early+evening+midday+owl+pm_peak,False,,False,241.49999999999937,236.70000000000078,6,SULCHEW,0.2076864181898576,3,11.041587159841423,0.0,1.0,1.0,shape_dist_traveled,
SULHAWE,SULLIVANT AVE & HAWKES AVE,-83.024662,39.95262,1,006,1,1,67,6,am_peak+early+evening+midday+owl+pm_peak,False,,False,402.29999999999853,235.6000000000016,10,SULAVOW,0.9418830001827704,0,0.0,0.0,0.0,0.0,shape_dist_traveled,catchment not reconstructable
SULWHEW1,SULLIVANT AVE & S WHEATLAND AVE,-83.061196,39.945872,1,006,1,1,67,6,am_peak+early+evening+midday+owl+pm_peak,False,,False,187.80000000000018,193.2999999999998,5,SULWHEE,0.27171040128749324,3,12.267036037808673,0.0,0.5,0.7390350877192982,shape_dist_traveled,
SULPRIW,SULLIVANT AVE & S PRINCETON AVE,-83.033609,39.951061,1,006,1,1,67,6,am_peak+early+evening+midday+owl+pm_peak,False,,False,218.29999999999927,236.10000000000042,10,SULDANE,1.0846481952798095,2,6.060325679776599,0.0,1.0,1.0,shape_dist_traveled,
SULWHIW,SULLIVANT AVE & WHITETHORNE AVE,-83.055913,39.946873,1,006,1,1,67,6,am_peak+early+evening+midday+owl+pm_peak,False,,False,198.5000000000001,274.0999999999998,5,SULBELE,1.7968186956223438,3,15.282560409871422,0.0,0.5,0.6231884057971016,shape_dist_traveled,
SULWEDW,SULLIVANT AVE & WEDGEWOOD DR,-83.09807,39.942546,1,006,1,1,67,6,am_peak+early+evening+midday+owl+pm_peak,False,,False,349.89999999999986,233.50000000000114,5,SULWEDE,1.4113389047051712,1,8.164082627276688,0.0,0.5,0.7461773700305809,shape_dist_traveled,
SULCLAW,SULLIVANT AVE & CLARENDON AVE,-83.059043,39.946287,1,006,1,1,67,6,am_peak+early+evening+midday+owl+pm_peak,False,,False,274.0999999999998,187.80000000000018,5,SULCLAE,0.916448781012099,2,9.866327314418907,0.0,1.0,1.0,shape_dist_traveled,
SULOGDE,SULLIVANT AVE & S OGDEN AVE,-83.070006,39.94411,1,006,1,1,67,6,am_peak+early+evening+midday+owl+pm_peak,False,,False,235.0999999999992,274.9000000000006,6,SULWARW,1.151383388730845,4,12.494280824052883,0.0,1.0,1.0,shape_dist_traveled,
SULHELE,SULLIVANT AVE & HELEN ST,-83.044128,39.948973,1,006,1,1,67,6,am_peak+early+evening+midday+owl+pm_peak,False,,False,264.49999999999994,239.39999999999984,4,SULRYAW,2.500647232277268,1,2.576370337296332,0.0,1.0,1.0,shape_dist_traveled,
SULLARE,SULLIVANT AVE & LARCOMB AVE,-83.047159,39.948406,1,006,1,1,67,6,am_peak+early+evening+midday+owl+pm_peak,False,,False,238.0000000000013,264.49999999999994,4,SULLARW,0.5095649508626747,2,7.37778778407586,0.0,0.5,0.7341269841269842,shape_dist_traveled,
SULCENW,SULLIVANT AVE & S CENTRAL AVE,-83.036315,39.950553,1,006,1,1,67,6,am_peak+early+evening+midday+owl+pm_peak,False,,False,236.10000000000042,487.59999999999957,10,CENSULN,0.4908480857065702,1,4.12804792680435,0.0,1.0,1.0,shape_dist_traveled,
SULEXCW,SULLIVANT AVE & EXCHANGE DR,-83.103333,39.942283,1,006,1,1,67,6,am_peak+early+evening+midday+owl+pm_peak,False,,False,213.4999999999998,317.80000000000007,4,SULHOLE,1.7435067365598484,2,18.536482686521666,0.0,0.5,0.44043321299638977,shape_dist_traveled,
SULLARW,SULLIVANT AVE & LARCOMB AVE,-83.046754,39.9486,1,006,1,1,67,6,am_peak+early+evening+midday+owl+pm_peak,False,,False,423.5000000000007,289.39999999999964,4,SULLARE,0.5095649508626747,1,5.416233095452516,0.0,0.5,0.7341269841269842,shape_dist_traveled,
SULRYAW,SULLIVANT AVE & RYAN AVE,-83.041895,39.949514,1,006,1,1,67,6,am_peak+early+evening+midday+owl+pm_peak,False,,False,487.59999999999957,423.5000000000007,3,SULRYAE,0.5560534013884799,1,2.576370337296332,0.0,1.0,1.0,shape_dist_traveled,
SULBURW,SULLIVANT AVE & S BURGESS AVE,-83.06873,39.944465,1,006,1,1,67,6,am_peak+early+evening+midday+owl+pm_peak,False,,False,217.39999999999958,205.00000000000006,6,SULOGDE,1.4494297618699226,5,15.246312775255783,0.0,0.8,0.8069815195071868,shape_dist_traveled,
SULWILW,SULLIVANT AVE & N WILSON RD,-83.093956,39.94274,1,006,1,1,67,6,am_peak+early+evening+midday+owl+pm_peak,False,,False,333.99999999999966,349.89999999999986,5,SULKINE,0.3192881068630548,2,10.594068286317547,0.0,1.0,1.0,shape_dist_traveled,
SULAVOW,SULLIVANT AVE & AVONDALE AVE,-83.02554,39.952557,1,006,1,1,67,6,am_peak+early+evening+midday+owl+pm_peak,False,,False,226.30000000000018,291.5000000000001,10,SULHAWE,0.9418830001827704,1,2.4299856590408586,0.0,0.0,0.0,shape_dist_traveled,
SULDEMW,SULLIVANT AVE & DEMOREST RD,-83.090018,39.942971,1,006,1,1,67,6,am_peak+early+evening+midday+owl+pm_peak,False,,False,212.50000000000034,333.99999999999966,6,SULDERE,1.0911048758377135,2,5.340949546635416,0.0,0.5,0.48823529411764705,shape_dist_traveled,
SULRICE,SULLIVANT AVE & S RICHARDSON AVE,-83.066865,39.944699,1,006,1,1,67,6,am_peak+early+evening+midday+owl+pm_peak,False,,False,274.9000000000006,211.50000000000003,6,SULTERW,0.7430987651986324,3,6.831284985255426,0.0,1.0,1.0,shape_dist_traveled,
JOYGIBS,JOYCE & GIBBARD,-82.967004,39.983833,2,011+022,3,1,61,6,am_peak+early+evening+midday+owl+pm_peak,False,,True,275.90000000000003,609.1000000000015,7,JOYBLIN,1.855803791492716,1,15.780268315940079,0.0,0.0,0.0,shape_dist_traveled,transfer point (2 routes)
5TH20TE,E 5TH AVE & N 20TH ST,-82.971709,39.985641,2,009+022,3,1,61,6,am_peak+early+evening+midday+owl+pm_peak,False,,True,614.1000000000001,331.3999999999986,3,5TH20TW,0.9646663861054044,1,15.780268315940079,0.0,1.0,1.0,shape_dist_traveled,transfer point (2 routes)
5THSAIE,E 5TH AVE & SAINT CLAIR AVE,-82.978942,39.985945,2,009+022,3,1,61,6,am_peak+early+evening+midday+owl+pm_peak,False,,True,258.5000000000015,614.1000000000001,5,5THSAIW,1.141434544304893,2,17.03917654893715,0.0,0.5,0.0738831615120273,shape_dist_traveled,transfer point (2 routes)
5TH23RE,E 5TH AVE & N 23RD ST,-82.967799,39.985503,2,009+022,3,1,61,6,am_peak+early+evening+midday+owl+pm_peak,False,,True,331.3999999999986,275.90000000000003,7,5THJOYW,0.34786462304053434,1,15.780268315940079,0.0,1.0,1.0,shape_dist_traveled,transfer point (2 routes)
NORSHAW,W NORTH BROADWAY & SHATTUCK AVE,-83.042184,40.029263,3,001+032+072,3,2,60,6,am_peak+early+evening+midday+owl+pm_peak,False,,True,553.4999999999997,350.0000000000014,3,NORSHAE,0.507368985006374,1,10.188373606580962,0.0,1.0,1.0,shape_dist_traveled,transfer point (3 routes)
NORCLEW,W NORTH BROADWAY & CLEARVIEW AVE,-83.04627,40.028778,3,001+032+072,3,2,60,6,am_peak+early+evening+midday+owl+pm_peak,False,,True,350.0000000000014,160.3999999999992,8,NORCLEE,0.7084625359059347,2,22.36757883743637,0.0,1.0,1.0,shape_dist_traveled,transfer point (3 routes)
NOREXIW,W NORTH BROADWAY & RIVERSIDE EXIT,-83.035654,40.029548,3,001+032+072,3,2,60,6,am_peak+early+evening+midday+owl+pm_peak,False,,True,709.5999999999982,553.4999999999997,2,NORENTE,1.1535102069209322,0,0.0,0.0,0.0,0.0,shape_dist_traveled,transfer point (3 routes); catchment not reconstructable
MAIIDLE,E MAIN ST & IDLEWILD DR,-82.831145,39.9547,2,002+025,2,2,60,6,am_peak+early+evening+midday+owl+pm_peak,False,,True,378.0000000000001,276.09999999999957,6,MAIBRICW,1.5952848774691275,1,38.41133957423633,0.0,1.0,1.0,shape_dist_traveled,transfer point (2 routes)
HAMROCS,N HAMILTON RD & ROCKY FORK BLVD,-82.867067,40.013656,2,024+025,2,2,60,6,am_peak+early+evening+midday+owl+pm_peak,False,,True,401.89999999999947,434.99999999999875,3,HAMROCN1,0.5554202858780412,1,23.187333035667017,0.0,0.0,0.0,shape_dist_traveled,transfer point (2 routes)
NORSHAE,W NORTH BROADWAY & SHATTUCK AVE,-83.042526,40.029009,3,001+032+072,3,2,60,6,am_peak+early+evening+midday+owl+pm_peak,False,,True,263.0999999999997,673.0000000000009,6,NORSHAW,0.507368985006374,1,10.188373606580962,0.0,1.0,1.0,shape_dist_traveled,transfer point (3 routes)
NORCLEE,W NORTH BROADWAY & CLEARVIEW AVE,-83.04561,40.028722,3,001+032+072,3,2,60,6,am_peak+early+evening+midday+owl+pm_peak,False,,True,474.49999999999994,263.0999999999997,7,NORCLEW,0.7084625359059347,2,22.36757883743637,0.0,1.0,1.0,shape_dist_traveled,transfer point (3 routes)
HAMGRAS1,N HAMILTON RD & GRANVILLE ST,-82.866778,40.017236,2,024+025,2,2,60,6,am_peak+early+evening+midday+owl+pm_peak,False,,True,610.1999999999989,401.89999999999947,3,GRASHAW,1.7628816447120357,1,23.187333035667017,0.0,1.0,1.0,shape_dist_traveled,transfer point (2 routes)
MAIVALE,E MAIN ST & VALUE CITY,-82.835611,39.954626,2,002+025,2,2,60,6,am_peak+early+evening+midday+owl+pm_peak,False,,True,192.99999999999784,378.0000000000001,4,MAIMAIW,0.6403686936890545,1,15.985206865497696,0.0,1.0,1.0,shape_dist_traveled,transfer point (2 routes)
MAIMCNE,E MAIN ST & MCNAUGHTEN RD,-82.837896,39.954576,2,002+025,2,2,60,6,am_peak+early+evening+midday+owl+pm_peak,False,,True,644.400000000001,192.99999999999784,3,MAIMCNW,0.9120883609814774,1,15.985206865497696,0.0,1.0,1.0,shape_dist_traveled,transfer point (2 routes)
SAWBETN,SAWMILL RD & BETHEL RD,-83.093048,40.065996,3,001+021+072,3,2,59,6,am_peak+early+evening+midday+owl+pm_peak,False,,True,370.8999999999989,365.5999999999997,4,SAWBETS,0.3427723480822781,2,17.53688445500574,0.0,1.0,1.0,shape_dist_traveled,transfer point (3 routes)
HAMROCN1,HAMILTON RD & ROCKY FORK BLVD,-82.866801,40.013312,2,024+025,2,2,59,6,am_peak+early+evening+midday+owl+pm_peak,False,,True,260.4999999999968,631.2999999999995,3,HAMROCS,0.5554202858780412,0,0.0,0.0,0.0,0.0,shape_dist_traveled,transfer point (2 routes); catchment not reconstructable
298HAMN,298 HAMILTON RD,-82.867038,40.010991,2,024+025,2,2,59,6,am_peak+early+evening+midday+owl+pm_peak,False,,True,399.70000000000283,260.4999999999968,6,HAMROCSS,1.7125815573597596,0,0.0,0.0,0.0,0.0,shape_dist_traveled,transfer point (2 routes); catchment not reconstructable
CLE161SF,CLEVELAND AVE & STATE ROUTE 161,-82.951256,40.084291,3,035+043+101,4,2,59,6,am_peak+early+evening+midday+owl+pm_peak,False,,True,413.7000000000004,437.69999999999953,11,CLE161NN,0.6233727124908135,0,0.0,0.0,0.0,0.0,shape_dist_traveled,transfer point (3 routes); catchment not reconstructable
MAIMCNW,E MAIN ST & MCNAUGHTEN RD,-82.837129,39.954865,2,002+025,2,2,59,6,am_peak+early+evening+midday+owl+pm_peak,False,,True,172.0000000000006,609.1999999999995,3,MAIMCNE,0.9120883609814774,1,15.985206865497696,0.0,1.0,1.0,shape_dist_traveled,transfer point (2 routes)
MAIBRICW,E MAIN ST & BRICE RD,-82.829671,39.954886,2,002+025,2,2,59,6,am_peak+early+evening+midday+owl+pm_peak,False,,True,277.6000000000014,459.0999999999994,4,MAIIDLE,1.5952848774691275,1,38.41133957423633,0.0,1.0,1.0,shape_dist_traveled,transfer point (2 routes)
MAIMAIW,E MAIN ST & MAIN 270 CENTER,-82.835095,39.954861,2,002+025,2,2,59,6,am_peak+early+evening+midday+owl+pm_peak,False,,True,459.0999999999994,172.0000000000006,4,MAIVALE,0.6403686936890545,1,15.985206865497696,0.0,1.0,1.0,shape_dist_traveled,transfer point (2 routes)
HUDDREE,E HUDSON ST & DRESDEN ST,-82.97188,40.013786,2,011+031,2,2,58,6,am_peak+early+evening+midday+owl+pm_peak,False,,True,371.6000000000008,358.6999999999989,5,HUDDREW,1.0885712235057903,5,20.65975759112248,0.0,0.6,0.6886363636363637,shape_dist_traveled,transfer point (2 routes)
HUDCLEE,E HUDSON ST & CLEVELAND AVE,-82.96765,40.013608,2,011+031,2,2,58,6,am_peak+early+evening+midday+owl+pm_peak,False,,True,358.6999999999989,446.7999999999996,4,CLEHUDS,0.29321992387942364,2,4.947802125035001,0.0,1.0,1.0,shape_dist_traveled,transfer point (2 routes)
HUDJOYE,E HUDSON ST & JOYCE AVE,-82.962376,40.013409,2,011+031,2,2,58,6,am_peak+early+evening+midday+owl+pm_peak,False,,True,446.7999999999996,404.70000000000005,5,HUDJOYW,0.20396137757244973,3,11.652220389135682,0.0,1.0,1.0,shape_dist_traveled,transfer point (2 routes)
HUDONTE,E HUDSON ST & ONTARIO ST,-82.97626,40.013987,2,011+031,2,2,58,6,am_peak+early+evening+midday+owl+pm_peak,False,,True,368.9,371.6000000000008,5,HUDONTW,1.327868840729676,2,4.918525189383907,0.0,0.3333333333333333,0.33962264150943394,shape_dist_traveled,transfer point (2 routes)
SUNCASN,SUNBURY RD & N CASSADY,-82.933207,40.027414,2,009+031,2,2,58,6,am_peak+early+evening+midday+owl+pm_peak,False,,True,616.3999999999987,805.6999999999981,1,SUNAGLS,0.3840459020928893,0,0.0,0.0,0.0,0.0,shape_dist_traveled,transfer point (2 routes); catchment not reconstructable
SUNAGLS,SUNBURY RD & AGLER RD,-82.933519,40.027276,2,009+031,2,2,58,6,am_peak+early+evening+midday+owl+pm_peak,False,,True,832.3000000000001,547.5000000000003,1,SUNCASN,0.3840459020928893,0,0.0,0.0,0.0,0.0,shape_dist_traveled,transfer point (2 routes); catchment not reconstructable
HUDJOYW,E HUDSON ST & JOYCE AVE,-82.962257,40.013524,2,011+031,2,2,58,6,am_peak+early+evening+midday+owl+pm_peak,False,,True,265.39999999999964,477.9000000000018,5,HUDJOYE,0.20396137757244973,3,11.652220389135682,0.0,1.0,1.0,shape_dist_traveled,transfer point (2 routes)
SUNINNS,SUNBURY RD & INNIS RD,-82.93269,40.03464,2,009+031,2,2,58,6,am_peak+early+evening+midday+owl+pm_peak,False,,True,898.2000000000002,832.3000000000001,2,SUNMCUN,0.2557980199713764,0,0.0,0.0,0.0,0.0,shape_dist_traveled,transfer point (2 routes); catchment not reconstructable
HUDDREW,E HUDSON ST & DRESDEN ST,-82.972861,40.014001,2,011+031,2,2,58,6,am_peak+early+evening+midday+owl+pm_peak,False,,True,420.6999999999965,391.60000000000036,3,HUDDREE,1.0885712235057903,3,13.525944270805743,0.0,0.6,0.6886363636363637,shape_dist_traveled,transfer point (2 routes)
SUNMCUN,SUNBURY RD & MCCUTCHEON RD,-82.932524,40.034507,2,009+031,2,2,58,6,am_peak+early+evening+midday+owl+pm_peak,False,,True,805.6999999999981,936.5999999999985,2,SUNINNS,0.2557980199713764,0,0.0,0.0,0.0,0.0,shape_dist_traveled,transfer point (2 routes); catchment not reconstructable
GENUPRN,GENDER RD & UPPERIDGE DR,-82.824279,39.908394,2,005+025,3,1,58,6,am_peak+early+evening+midday+owl+pm_peak,False,,True,433.5,315.3,6,GENUPPS,0.9025729895984378,2,21.547824639205686,0.0,0.5,0.5183887915936952,shape_dist_traveled,transfer point (2 routes)
NORENTE,W NORTH BROADWAY & RIVERSIDE HOSP,-83.034625,40.029293,2,001+032,2,1,58,6,am_peak+early+evening+midday+owl+pm_peak,False,,True,673.0000000000009,459.3000000000007,2,NOREXIW,1.1535102069209322,1,37.76724698991219,0.0,0.0,0.0,shape_dist_traveled,transfer point (2 routes)
EASSUNW,EASTON WAY & SUNBURY RD,-82.92788,40.049847,2,009+031,2,2,58,6,am_peak+early+evening+midday+owl+pm_peak,False,,True,589.2000000000004,956.3999999999995,1,EASSUNE,0.4914309146867474,0,0.0,0.0,0.0,0.0,shape_dist_traveled,transfer point (2 routes); catchment not reconstructable
EASSUNE,EASTON WAY & SUNBURY RD,-82.928322,40.049747,2,009+031,2,2,58,6,am_peak+early+evening+midday+owl+pm_peak,False,,True,890.8999999999985,799.7999999999977,1,EASSUNW,0.4914309146867474,0,0.0,0.0,0.0,0.0,shape_dist_traveled,transfer point (2 routes); catchment not reconstructable
SUNPATS,SUNBURY RD & PATRIOT BLVD,-82.929718,40.042261,2,009+031,2,2,58,6,am_peak+early+evening+midday+owl+pm_peak,False,,True,956.3999999999995,898.2000000000002,1,SUNPATN,0.43298213943547104,0,0.0,0.0,0.0,0.0,shape_dist_traveled,transfer point (2 routes); catchment not reconstructable
EASMORW,EASTON WAY & MORSE CROSSING,-82.921061,40.048885,2,009+031,2,2,58,6,am_peak+early+evening+midday+owl+pm_peak,False,,True,424.89999999999964,589.2000000000004,7,MOREASS,1.3416123507757995,0,0.0,0.0,0.0,0.0,shape_dist_traveled,transfer point (2 routes); catchment not reconstructable
HUDCLEW,E HUDSON ST & CLEVELAND AVE,-82.967899,40.013777,2,011+031,2,2,58,6,am_peak+early+evening+midday+owl+pm_peak,False,,True,477.9000000000018,420.6999999999965,4,HUDCLEE,0.35443045003174767,2,4.947802125035001,0.0,1.0,1.0,shape_dist_traveled,transfer point (2 routes)
HUDONTW,E HUDSON ST & ONTARIO ST,-82.977479,40.014179,2,011+031,2,2,58,6,am_peak+early+evening+midday+owl+pm_peak,False,,True,391.60000000000036,379.7999999999995,7,HUDONTE,1.327868840729676,2,3.7474477633401193,0.0,0.3333333333333333,0.33962264150943394,shape_dist_traveled,transfer point (2 routes)
SUNPATN,SUNBURY RD & PATRIOT BLVD,-82.929486,40.042517,2,009+031,2,2,58,6,am_peak+early+evening+midday+owl+pm_peak,False,,True,936.5999999999985,890.8999999999985,1,SUNPATS,0.43298213943547104,0,0.0,0.0,0.0,0.0,shape_dist_traveled,transfer point (2 routes); catchment not reconstructable
BETGRYSW,BETHEL RD & GREYSTONE DR,-83.090341,40.06493,2,001+021,2,1,57,6,am_peak+early+evening+midday+owl+pm_peak,False,,True,276.3000000000062,370.8999999999989,7,SAWBETN,3.2438016843173663,1,10.36403522048753,0.0,0.0,0.0,shape_dist_traveled,transfer point (2 routes)
TREKEYN,3120 TREMONT RD,-83.05831,40.024092,2,003+032,2,2,57,6,am_peak+early+evening+midday+owl+pm_peak,False,,True,148.19999999999922,532.8000000000018,5,TRERIDN1,1.8506171670512792,0,0.0,0.0,0.0,0.0,shape_dist_traveled,transfer point (2 routes); catchment not reconstructable
TRERIDN1,TREMONT RD & RIDGECLIFF RD,-83.059269,40.022981,2,003+032,2,2,57,6,am_peak+early+evening+midday+owl+pm_peak,False,,True,105.6000000000008,148.19999999999922,8,RIDTREW,1.2287946094249291,0,0.0,0.0,0.0,0.0,shape_dist_traveled,transfer point (2 routes); catchment not reconstructable
5TH20TW,E 5TH AVE & N 20TH ST,-82.972567,39.985859,2,009+022,2,1,57,6,am_peak+early+evening+midday+owl+pm_peak,False,,True,425.6000000000011,629.0000000000014,1,5TH20TE,0.9646663861054044,1,15.780268315940079,0.0,1.0,1.0,shape_dist_traveled,transfer point (2 routes)
5THJOYW,E 5TH AVE & JOYCE AVE,-82.967545,39.98566,2,009+022,2,1,57,6,am_peak+early+evening+midday+owl+pm_peak,False,,True,354.69999999999936,425.6000000000011,7,5TH23RE,0.34786462304053434,1,15.780268315940079,0.0,1.0,1.0,shape_dist_traveled,transfer point (2 routes)
JOYBLIN,JOYCE AVE & BLISS ST,-82.966976,39.982496,2,011+022,2,1,57,6,am_peak+early+evening+midday+owl+pm_peak,False,,True,442.1999999999997,401.39999999999884,4,JOYGIBS,1.855803791492716,0,0.0,0.0,0.0,0.0,shape_dist_traveled,transfer point (2 routes); catchment not reconstructable
BROTAYE,E BROAD ST & TAYLOR STATION RD,-82.842967,39.979229,2,010+025,3,2,57,6,am_peak+early+evening+midday+owl+pm_peak,False,,True,599.7000000000004,650.1000000000001,3,TAYBRON1,1.056509853817726,0,0.0,0.0,0.0,0.0,shape_dist_traveled,transfer point (2 routes); catchment not reconstructable
BROMCNW,E BROAD ST & MCNAUGHTEN RD,-82.83711,39.980259,2,010+025,3,2,56,6,am_peak+early+evening+midday+owl+pm_peak,False,,True,397.7000000000004,623.899999999999,4,MCNBROS,1.109603675260574,0,0.0,0.0,0.0,0.0,shape_dist_traveled,transfer point (2 routes); catchment not reconstructable
OHILONS1,N OHIO AVE & E LONG ST,-82.970075,39.968059,1,022,3,2,56,6,am_peak+early+evening+midday+owl+pm_peak,False,,False,416.99999999999983,302.69999999999976,12,LONOHIE,0.5050219023094543,1,9.192957794443734,0.0,1.0,1.0,shape_dist_traveled,
OHIBRYS,S OHIO AVE & BRYDEN RD,-82.970706,39.960755,1,022,3,1,55,6,am_peak+early+evening+midday+owl+pm_peak,False,,False,181.29999999999936,352.7,12,BRYOHIW,0.43696127507360494,2,15.604606702033482,0.0,1.0,1.0,shape_dist_traveled,
OHITHUS,S OHIO AVE & THURMAN AVE,-82.972384,39.93845,1,022,3,1,55,6,am_peak+early+evening+midday+owl+pm_peak,False,,False,292.5,559.099999999999,5,CHAMITN,1.9380033816179374,3,11.095958611764885,0.0,0.3333333333333333,0.5857519788918204,shape_dist_traveled,
GATTOYS,GATEWAY CT & TOY RD,-82.930133,39.851785,1,022,3,1,55,6,am_peak+early+evening+midday+owl+pm_peak,False,,False,646.3999999999999,404.0999999999997,3,TOYGATW,1.147831689331322,0,0.0,0.0,0.0,0.0,shape_dist_traveled,catchment not reconstructable
OHIMAIS,S OHIO AVE & E MAIN ST,-82.970933,39.957616,1,022,3,1,55,6,am_peak+early+evening+midday+owl+pm_peak,False,,False,352.7,314.59999999999866,12,MAIOHIE,0.281069283348385,1,4.537925025919676,0.0,0.5,0.5805243445692884,shape_dist_traveled,
OHILIVS,S OHIO AVE & E LIVINGSTON AVE,-82.971534,39.949988,1,022,3,1,55,6,am_peak+early+evening+midday+owl+pm_peak,False,,False,341.7999999999999,165.3,12,LIVOHIW,0.3971286648296429,1,7.37778778407586,0.0,0.5,0.5316455696202531,shape_dist_traveled,
ALULAWNS,ALUM CREEK DR & LAWNDALE AVE,-82.929613,39.914134,1,022,3,1,55,6,am_peak+early+evening+midday+owl+pm_peak,False,,False,1422.3999999999996,378.69999999999845,3,ALULAWNN,0.28401622021358836,0,0.0,0.0,0.0,0.0,shape_dist_traveled,catchment not reconstructable
TOYALUE,TOY RD & ALUM CREEK DR,-82.937078,39.852192,1,022,3,1,55,6,am_peak+early+evening+midday+owl+pm_peak,False,,False,1885.8999999999994,646.3999999999999,1,TOYALUW,0.5363676073884787,0,0.0,0.0,0.0,0.0,shape_dist_traveled,catchment not reconstructable
ALUCGROS,ALUM CREEK DR & GROVEPORT RD,-82.93552,39.867692,1,022,3,1,55,6,am_peak+early+evening+midday+owl+pm_peak,False,,False,1112.0,1885.8999999999994,1,ALUGRON,0.6968067698365625,0,0.0,0.0,0.0,0.0,shape_dist_traveled,catchment not reconstructable
ALULINS,ALUM CREEK DR & LINDSAY RD,-82.931332,39.877081,1,022,3,1,55,6,am_peak+early+evening+midday+owl+pm_peak,False,,False,968.7999999999981,1112.0,1,ALULINN,1.4477966787519645,0,0.0,0.0,0.0,0.0,shape_dist_traveled,catchment not reconstructable
FREBERE,FREBIS AVE & BERKELEY RD,-82.958424,39.934228,1,022,3,1,55,6,am_peak+early+evening+midday+owl+pm_peak,False,,False,274.69999999999925,318.69999999999976,6,FREBERW,0.26196459104082226,2,5.357679224150327,0.0,1.0,1.0,shape_dist_traveled,
OHIMOOS,S OHIO AVE & MOOBERRY ST,-82.971289,39.953033,1,022,3,1,55,6,am_peak+early+evening+midday+owl+pm_peak,False,,False,200.29999999999993,341.7999999999999,9,OHIFULS,2.4789713174372947,1,7.37778778407586,0.0,1.0,1.0,shape_dist_traveled,
OHIFULS,S OHIO AVE & E FULTON ST,-82.971174,39.954817,1,022,3,1,55,6,am_peak+early+evening+midday+owl+pm_peak,False,,False,314.59999999999866,200.29999999999993,9,CHAFULN,1.9953974476891907,1,7.37778778407586,0.0,0.0,0.0,shape_dist_traveled,
ALUWATS,ALUM CREEK DR & WATKINS RD,-82.928868,39.906294,1,022,3,1,55,6,am_peak+early+evening+midday+owl+pm_peak,False,,False,292.69999999999993,915.9999999999986,5,ALUWATN,0.4090392641064972,0,0.0,0.0,0.0,0.0,shape_dist_traveled,catchment not reconstructable
ALUTHIS,ALUM CREEK DR & THIMBLEBERRY RD,-82.930558,39.885693,1,022,3,1,55,6,am_peak+early+evening+midday+owl+pm_peak,False,,False,271.69999999999914,968.7999999999981,6,ALUTHIN,0.2763717438514516,1,8.783080695328405,0.0,1.0,1.0,shape_dist_traveled,
ALUKOBLS,ALUM CREEK DR & KOEBEL RD,-82.928471,39.910947,1,022,3,1,55,6,am_peak+early+evening+midday+owl+pm_peak,False,,False,378.69999999999845,233.29999999999984,5,ALUKOBLN,0.39172541457328813,0,0.0,0.0,0.0,0.0,shape_dist_traveled,catchment not reconstructable
ALUGLENS,ALUM CREEK DR & GLENLEA DR,-82.92863,39.908867,1,022,3,1,55,6,am_peak+early+evening+midday+owl+pm_peak,False,,False,233.29999999999984,292.69999999999993,7,ALUGLNAN,0.3838677971586165,0,0.0,0.0,0.0,0.0,shape_dist_traveled,catchment not reconstructable
ALUWILS,ALUM CREEK DR & WILLIAMS RD,-82.930365,39.888116,1,022,3,1,55,6,am_peak+early+evening+midday+owl+pm_peak,False,,False,454.8000000000005,271.69999999999914,8,WILARIE,2.0539959301980626,1,8.783080695328405,0.0,1.0,1.0,shape_dist_traveled,
OHIOAKS,S OHIO AVE & OAK ST,-82.970525,39.962373,1,022,3,1,55,6,am_peak+early+evening+midday+owl+pm_peak,False,,False,333.8,181.29999999999936,11,CHAOAKN,1.7880558786106397,1,11.066681676113808,0.0,1.0,1.0,shape_dist_traveled,
OHISTES,S OHIO AVE & STEWART AVE,-82.972175,39.941056,1,022,3,1,55,6,am_peak+early+evening+midday+owl+pm_peak,False,,False,302.5000000000002,292.5,10,CHASTEN,1.6332310223818722,2,4.332986476362013,0.0,0.5,0.35322195704057274,shape_dist_traveled,
GATAMAS,GATEWAY CT & AMAZON DR,-82.928727,39.849167,1,022,3,1,55,6,am_peak+early+evening+midday+owl+pm_peak,False,,False,404.0999999999997,347.29999999999706,5,GATAMAN,0.543653069544122,0,0.0,0.0,0.0,0.0,shape_dist_traveled,catchment not reconstructable
AMAZONS,AMAZON DR,-82.9291,39.846441,1,022,3,1,55,6,am_peak+early+evening+midday+owl+pm_peak,False,,False,347.29999999999706,891.8999999999996,3,AMAZONN,0.11139149952233932,0,0.0,0.0,0.0,0.0,shape_dist_traveled,catchment not reconstructable
OHICOLS,S OHIO AVE & E COLUMBUS ST,-82.971797,39.946326,1,022,3,1,55,6,am_peak+early+evening+midday+owl+pm_peak,False,,False,245.29999999999853,288.5,12,CHAKOSN,1.9844338060892976,1,5.416233095452516,0.0,0.5,0.8295964125560538,shape_dist_traveled,
FREELLE,FREBIS AVE & ELLSWORTH AVE,-82.961663,39.934414,1,022,3,1,55,6,am_peak+early+evening+midday+owl+pm_peak,False,,False,302.5999999999982,274.69999999999925,7,FREELLW,0.19480050351125602,2,5.357679224150327,0.0,0.0,0.0,shape_dist_traveled,
OHIWHIS,S OHIO AVE & E WHITTIER ST,-82.971985,39.943753,1,022,3,1,55,6,am_peak+early+evening+midday+owl+pm_peak,False,,False,288.5,302.5000000000002,12,WHIOHIW,0.29540556370607146,2,7.729111011888996,0.0,1.0,1.0,shape_dist_traveled,
OHISYCS,S OHIO AVE & E SYCAMORE ST,-82.971636,39.948509,1,022,3,1,55,6,am_peak+early+evening+midday+owl+pm_peak,False,,False,165.3,245.29999999999853,12,LIVOHIW,1.8556777660332302,2,11.915712809995537,0.0,0.3333333333333333,0.3368740515933232,shape_dist_traveled,
CHAMITN,S CHAMPION AVE & E MITHOFF ST,-82.97093,39.937615,1,022,2,1,52,6,am_peak+early+evening+midday+owl+pm_peak,False,,False,424.6999999999979,352.5999999999989,7,OHITHUS,1.9380033816179374,1,6.499479714543019,0.0,0.3333333333333333,0.5857519788918204,shape_dist_traveled,
CHANEWN,S CHAMPION AVE & NEWTON ST,-82.969905,39.95129,1,022,2,1,52,6,am_peak+early+evening+midday+owl+pm_peak,False,,False,147.00000000000202,478.8999999999994,10,CHALIVN,1.8298505737755195,2,10.686081512649558,0.0,1.0,1.0,shape_dist_traveled,
CHALIVN,S CHAMPION AVE & E LIVINGSTON AVE,-82.97001,39.949974,1,022,2,1,52,6,am_peak+early+evening+midday+owl+pm_peak,False,,False,291.4999999999992,147.00000000000202,11,LIVCHAW,0.4862938448497375,2,10.686081512649558,0.0,0.5,0.6904109589041096,shape_dist_traveled,
ALUGLNAN,ALUM CREEK DR & GLENLEA DR,-82.928354,39.909044,1,022,2,1,52,6,am_peak+early+evening+midday+owl+pm_peak,False,,False,288.8000000000002,233.20000000000007,7,ALUGLENS,0.3838677971586165,0,0.0,0.0,0.0,0.0,shape_dist_traveled,catchment not reconstructable
CHALONN,CHAMPION AVE & E LONG ST,-82.968268,39.969089,1,022,2,1,52,6,am_peak+early+evening+midday+owl+pm_peak,False,,False,289.50000000000034,151.19999999999933,12,LONCHAE,0.7680490523166046,1,3.425401471178078,0.0,0.5,0.2714617169373549,shape_dist_traveled,
AMAZONN,AMAZON DR,-82.928996,39.846437,1,022,2,1,52,6,am_peak+early+evening+midday+owl+pm_peak,False,,False,900.9999999999998,344.5,3,AMAZONS,0.11139149952233932,0,0.0,0.0,0.0,0.0,shape_dist_traveled,catchment not reconstructable
FREELLW,FREBIS AVE & ELLSWORTH AVE,-82.961784,39.934519,1,022,2,1,52,6,am_peak+early+evening+midday+owl+pm_peak,False,,False,269.6000000000005,347.6999999999997,7,FREELLE,0.19480050351125602,0,0.0,0.0,0.0,0.0,shape_dist_traveled,catchment not reconstructable
ALUWATN,ALUM CREEK DR & WATKINS RD,-82.928568,39.906477,1,022,2,1,52,6,am_peak+early+evening+midday+owl+pm_peak,False,,False,923.0,288.8000000000002,5,ALUWATS,0.4090392641064972,0,0.0,0.0,0.0,0.0,shape_dist_traveled,catchment not reconstructable
CHAKOSN,S CHAMPION AVE & E KOSSUTH ST,-82.970363,39.945417,1,022,2,1,52,6,am_peak+early+evening+midday+owl+pm_peak,False,,False,247.39999999999895,220.40000000000148,11,OHICOLS,1.9844338060892976,2,6.528756650194114,0.0,0.5,0.8295964125560538,shape_dist_traveled,
CHASTEN,S CHAMPION AVE & STEWART AVE,-82.970696,39.940758,1,022,2,1,52,6,am_peak+early+evening+midday+owl+pm_peak,False,,False,352.5999999999989,275.4000000000012,10,OHISTES,1.6332310223818722,4,12.267036037808673,0.0,0.5,0.35322195704057274,shape_dist_traveled,
CHAOAKN,S CHAMPION AVE & OAK ST,-82.968992,39.962891,1,022,2,1,52,6,am_peak+early+evening+midday+owl+pm_peak,False,,False,243.70000000000047,422.5999999999992,12,OHIOAKS,1.7880558786106397,1,11.066681676113808,0.0,1.0,1.0,shape_dist_traveled,
CHAWHIN,S CHAMPION AVE & E WHITTIER ST,-82.970519,39.943215,1,022,2,1,52,6,am_peak+early+evening+midday+owl+pm_peak,False,,False,275.4000000000012,247.39999999999895,12,WHICHAE,0.441757551542434,2,3.7474477633401193,0.0,0.6666666666666666,0.4089456869009585,shape_dist_traveled,
TOYALUW,TOY RD & ALUM CREEK DR,-82.937425,39.852471,1,022,2,1,52,6,am_peak+early+evening+midday+owl+pm_peak,False,,False,555.0999999999995,1793.2000000000005,1,TOYALUE,0.5363676073884787,0,0.0,0.0,0.0,0.0,shape_dist_traveled,catchment not reconstructable
TOYGATW,TOY RD & WESTPOINT PKWY,-82.93104,39.852227,1,022,2,1,52,6,am_peak+early+evening+midday+owl+pm_peak,False,,False,488.00000000000045,555.0999999999995,3,GATTOYS,1.147831689331322,0,0.0,0.0,0.0,0.0,shape_dist_traveled,catchment not reconstructable
CHAFORN,S CHAMPION AVE & FOREST ST,-82.970206,39.947384,1,022,2,1,52,6,am_peak+early+evening+midday+owl+pm_peak,False,,False,220.40000000000148,291.4999999999992,11,OHISYCS,2.184261220695125,2,6.528756650194114,0.0,0.3333333333333333,0.4157303370786516,shape_dist_traveled,
ALUKOBLN,ALUM CREEK DR & KOEBEL RD,-82.928206,39.911142,1,022,2,1,52,6,am_peak+early+evening+midday+owl+pm_peak,False,,False,233.20000000000007,353.60000000000014,5,ALUKOBLS,0.39172541457328813,0,0.0,0.0,0.0,0.0,shape_dist_traveled,catchment not reconstructable
ALUGRON,ALUM CREEK DR & GROVEPORT RD,-82.935231,39.867242,1,022,2,1,52,6,am_peak+early+evening+midday+owl+pm_peak,False,,False,1793.2000000000005,1265.6999999999998,1,ALUCGROS,0.6968067698365625,0,0.0,0.0,0.0,0.0,shape_dist_traveled,catchment not reconstructable
GATAMAN,GATEWAY CT & AMAZON DR,-82.928284,39.849359,1,022,2,1,52,6,am_peak+early+evening+midday+owl+pm_peak,False,,False,344.5,488.00000000000045,5,GATAMAS,0.543653069544122,0,0.0,0.0,0.0,0.0,shape_dist_traveled,catchment not reconstructable
CHABRYN,S CHAMPION AVE & BRYDEN RD,-82.969144,39.960728,1,022,2,1,52,6,am_peak+early+evening+midday+owl+pm_peak,False,,False,349.49999999999903,243.70000000000047,12,BRYCHAW,0.32490204367758807,1,11.066681676113808,0.0,1.0,1.0,shape_dist_traveled,
FREBERW,FREBIS AVE & BERKELEY RD,-82.958603,39.934357,1,022,2,1,52,6,am_peak+early+evening+midday+owl+pm_peak,False,,False,330.89999999999975,269.6000000000005,6,FREBERE,0.26196459104082226,2,5.357679224150327,0.0,1.0,1.0,shape_dist_traveled,
ALULINN,ALUM CREEK DR & LINDSAY RD,-82.930921,39.878075,1,022,2,1,52,6,am_peak+early+evening+midday+owl+pm_peak,False,,False,1265.6999999999998,851.8000000000008,1,ALULINS,1.4477966787519645,0,0.0,0.0,0.0,0.0,shape_dist_traveled,catchment not reconstructable
ALUTHIN,ALUM CREEK DR & THIMBLEBERRY RD,-82.930304,39.885656,1,022,2,1,52,6,am_peak+early+evening+midday+owl+pm_peak,False,,False,851.8000000000008,454.8999999999985,6,ALUTHIS,0.2763717438514516,1,8.783080695328405,0.0,1.0,1.0,shape_dist_traveled,
CHAMAIN,S CHAMPION AVE & E MAIN ST,-82.969418,39.957622,1,022,2,1,52,6,am_peak+early+evening+midday+owl+pm_peak,False,,False,231.50000000000048,349.49999999999903,12,MAICHAW,0.44119171400617396,0,0.0,0.0,0.0,0.0,shape_dist_traveled,catchment not reconstructable
ALULAWNN,ALUM CREEK DR & LAWNDALE AVE,-82.929361,39.914199,1,022,2,1,52,6,am_peak+early+evening+midday+owl+pm_peak,False,,False,353.60000000000014,1420.8999999999996,3,ALULAWNS,0.28401622021358836,0,0.0,0.0,0.0,0.0,shape_dist_traveled,catchment not reconstructable
CHAFULN,S CHAMPION AVE & E FULTON ST,-82.969573,39.955558,1,022,2,1,52,6,am_peak+early+evening+midday+owl+pm_peak,False,,False,478.8999999999994,231.50000000000048,10,OHIFULS,1.9953974476891907,0,0.0,0.0,0.0,0.0,shape_dist_traveled,catchment not reconstructable
GOVBRON,GOVERNOR PL & E BROAD ST,-82.968449,39.966505,1,022,2,1,52,6,am_peak+early+evening+midday+owl+pm_peak,False,,False,422.5999999999992,289.50000000000034,12,BROGOVW,1.0168755551157236,1,2.0786624312277224,0.0,0.0,0.0,shape_dist_traveled,
CANWIPR,CANAL WINCHESTER PARK & RIDE,-82.825778,39.860402,2,025+052,4,2,49,6,am_peak+early+evening+midday+owl+pm_peak,True,025+052,True,1251.8999999999992,1074.5,1,GENWINS,4.870693829937234,0,0.0,0.0,0.0,0.0,shape_dist_traveled,terminal; transfer point (2 routes); catchment not reconstructable
EASTER4,EASTON TERMINAL BAY 4,-82.909141,40.060719,2,025+044,4,2,45,6,am_peak+early+evening+midday+owl+pm_peak,True,025+044,True,301.1999999999979,549.8,12,EASTER1,0.0,0,0.0,0.0,0.0,0.0,shape_dist_traveled,terminal; transfer point (2 routes); catchment not reconstructable
BRISCAS,BRICE RD & SCARBOROUGH BLVD,-82.831491,39.926932,1,025,1,1,44,6,am_peak+early+evening+midday+owl+pm_peak,False,,False,388.70000000000005,359.60000000000036,2,CHANBRIW,3.4455105438441214,1,14.287144597734212,0.0,1.0,1.0,shape_dist_traveled,
HERMAIE,HERITAGE CLUB DR & MAIN ST,-83.160981,40.022153,2,032+071,4,2,44,6,am_peak+early+evening+midday+owl+pm_peak,True,032+071,True,501.50000000000006,115.5,3,MAILUTS,0.9645837359697911,1,12.062097488251009,0.0,1.0,1.0,shape_dist_traveled,terminal; transfer point (2 routes)
CHANBRIW,CHANTRY DR & BRICE RD,-82.8322,39.92451,1,025,2,2,43,6,am_peak+early+evening+midday+owl+pm_peak,False,,False,342.5000000000002,280.7999999999993,4,BRISCAS,3.4455105438441214,1,14.287144597734212,0.0,1.0,1.0,shape_dist_traveled,
MAILUTN,MAIN ST & LUTHER LN,-83.160043,40.02266,3,021+032+071,4,2,43,6,am_peak+early+evening+midday+owl+pm_peak,False,,True,115.5,520.4999999999984,3,MAILUTS,0.2674966082627141,1,12.062097488251009,0.0,1.0,1.0,shape_dist_traveled,transfer point (3 routes)
MAISCIN,MAIN ST & SCIOTO DARBY CREEK RD,-83.16076,40.027281,3,021+032+071,4,2,43,6,am_peak+early+evening+midday+owl+pm_peak,False,,True,520.4999999999984,45.20000000000002,2,MAISCIS,0.6116027064172054,2,48.91200049442888,0.0,0.5,0.6961651917404131,shape_dist_traveled,transfer point (3 routes)
MAISCIS,MAIN ST & SCIOTO DARBY RD,-83.161061,40.027656,3,021+032+071,4,2,43,6,am_peak+early+evening+midday+owl+pm_peak,False,,True,45.20000000000002,465.80000000000155,2,MAISCIN,0.6116027064172054,1,36.849903006177875,0.0,0.5,0.6961651917404131,shape_dist_traveled,transfer point (3 routes)
CHANCHAW,CHANTRY DR & CHANTRY BLVD,-82.840296,39.924928,1,025,2,2,43,6,am_peak+early+evening+midday+owl+pm_peak,False,,False,408.0999999999992,497.29999999999916,0,,,2,52.5813764293661,0.0,0.0,0.0,shape_dist_traveled,no walking alternative within 5 min
SCAALSE,SCARBOROUGH BLVD & ALSHIRE RD,-82.83437,39.929004,1,025,2,2,43,6,am_peak+early+evening+midday+owl+pm_peak,False,,False,431.30000000000024,388.70000000000005,2,BRISCAS,4.2107461381349385,1,14.287144597734212,0.0,1.0,1.0,shape_dist_traveled,
CHANMEIW,CHANTRY DR AT 2ND SVC RD ENTRANCE,-82.835499,39.924672,1,025,2,2,43,6,am_peak+early+evening+midday+owl+pm_peak,False,,False,280.7999999999993,408.0999999999992,1,CHANBRIW,3.532117697576992,1,14.287144597734212,0.0,1.0,1.0,shape_dist_traveled,
PACRALSN,PARK CRESCENT DR & ALSHIRE RD,-82.842238,39.929435,1,025,2,2,43,6,am_peak+early+evening+midday+owl+pm_peak,False,,False,343.0,327.7000000000001,2,5677ALE,3.859159262255951,1,14.287144597734212,0.0,1.0,1.0,shape_dist_traveled,
5677ALE,5677 ALSHIRE RD,-82.838645,39.92915,1,025,2,2,43,6,am_peak+early+evening+midday+owl+pm_peak,False,,False,327.7000000000001,431.30000000000024,2,PACRALSN,3.859159262255951,1,14.287144597734212,0.0,1.0,1.0,shape_dist_traveled,
PARCCHAN,PARK CRESCENT DR & CHANTRY DR,-82.844298,39.926801,1,025,2,2,43,6,am_peak+early+evening+midday+owl+pm_peak,False,,False,497.29999999999916,343.0,1,PACRALSN,4.2669042284152,2,52.5813764293661,0.0,0.5,0.5987730061349692,shape_dist_traveled,
FORFORE,NEW ALBANY PARK & RIDE,-82.78788,40.090778,2,035+045,6,2,42,5,am_peak+early+evening+midday+pm_peak,True,035+045,True,13426.499999999998,13384.2,0,,,0,0.0,0.0,0.0,0.0,shape_dist_traveled,terminal; no walking alternative within 5 min; transfer point (2 routes); catchment not reconstructable
5THCLEE,E 5TH AVE & CLEVELAND AVE,-82.988019,39.986308,1,022,2,1,42,6,am_peak+early+evening+midday+owl+pm_peak,False,,False,381.20000000000005,396.70000000000005,7,5THCLEW,0.27407958327750326,2,9.573557957907962,0.0,1.0,1.0,shape_dist_traveled,
RENRPRE,RENNER RD PARK AND RIDE,-83.154542,39.982243,2,005+071,4,2,42,6,am_peak+early+evening+midday+owl+pm_peak,True,005,True,460.3000000000037,503.0999999999999,4,HILRENS,3.9195000356226273,1,6.821526006705061,0.0,0.0,0.0,shape_dist_traveled,terminal; transfer point (2 routes)
5THWALE1,E 5TH AVE & WALTERS ST,-82.983347,39.986158,1,022,2,1,42,6,am_peak+early+evening+midday+owl+pm_peak,False,,False,396.70000000000005,372.6999999999998,6,5THWALW1,0.4948371687494685,1,1.2589082329970713,0.0,1.0,1.0,shape_dist_traveled,
CHATORS,N CHAMPION & TORONTO ST,-82.968455,39.975775,1,022,2,1,42,6,am_peak+early+evening+midday+owl+pm_peak,False,,False,264.59999999999974,385.7999999999997,9,CHATORN,0.2679307754335498,2,6.733695199751777,0.0,0.5,0.2782608695652174,shape_dist_traveled,
CHAMTVS,N CHAMPION AVE & MT VERNON AVE,-82.9682,39.972361,1,022,2,1,42,6,am_peak+early+evening+midday+owl+pm_peak,False,,False,385.7999999999997,180.2999999999999,11,CHAMTVN,0.6184170224392235,0,0.0,0.0,0.0,0.0,shape_dist_traveled,catchment not reconstructable
CHAHAW,CHAMPION AVE & HAWTHORNE AVE,-82.968302,39.970756,1,022,2,1,42,6,am_peak+early+evening+midday+owl+pm_peak,False,,False,180.2999999999999,416.99999999999983,12,CHAHAWN,0.4591609001592989,0,0.0,0.0,0.0,0.0,shape_dist_traveled,catchment not reconstructable
METS565S,565 METRO PL S,-83.133166,40.095083,2,033+073,4,2,42,6,am_peak+early+evening+midday+owl+pm_peak,True,033,True,146.5999999999994,195.5999999999989,3,METCRPW,1.8365828735018273,0,0.0,0.0,0.0,0.0,shape_dist_traveled,terminal; transfer point (2 routes); catchment not reconstructable
CHALEOS,N CHAMPION AVE & LEONARD AVE,-82.968259,39.978124,1,022,2,1,42,6,am_peak+early+evening+midday+owl+pm_peak,False,,False,652.0000000000001,264.59999999999974,5,CHAMARN,0.22458841478420372,1,1.8737238816700597,0.0,1.0,1.0,shape_dist_traveled,
5TH4THE,E 5TH AVE & N 4TH ST,-82.998701,39.986791,1,012,1,1,41,4,am_peak+evening+midday+pm_peak,False,,False,329.20000000000016,250.40000000000083,7,4TH5THN,1.3305211611856127,0,0.0,0.0,0.0,0.0,shape_dist_traveled,catchment not reconstructable
SOUSCON,N SOUDER AVE & SCOTT ST,-83.022725,39.961312,1,012,1,1,41,4,am_peak+evening+midday+pm_peak,False,,False,278.50000000000017,273.6000000000001,7,SOUSCOS,0.7605580995997394,0,0.0,0.0,0.0,0.0,shape_dist_traveled,catchment not reconstructable
MCKMCKW,MCKINLEY AVE & MCKINLEY TRANSPORTATION,-83.041238,39.963867,1,012,1,1,41,4,am_peak+evening+midday+pm_peak,False,,False,197.59999999999957,87.30000000000082,7,MCKPARK,0.7410819298052055,1,4.420817283315297,0.0,1.0,1.0,shape_dist_traveled,
MCK1600W,MCKINLEY ADMIN OFFICE,-83.044621,39.964561,1,012,1,1,41,4,am_peak+evening+midday+pm_peak,False,,False,434.90000000000003,513.0999999999999,3,MCKTRAW,3.4994594011064124,0,0.0,0.0,0.0,0.0,shape_dist_traveled,catchment not reconstructable
5TH6THW,E 5TH AVE & N 6TH ST,-82.99677,39.986829,1,012,1,1,41,4,am_peak+evening+midday+pm_peak,False,,False,435.70000000000005,276.49999999999994,7,5THGRAE,0.8170660009858208,0,0.0,0.0,0.0,0.0,shape_dist_traveled,catchment not reconstructable
MCK851E,MCKINLEY AVE & N HARTFORD AVE,-83.024467,39.962846,1,012,1,1,41,4,am_peak+evening+midday+pm_peak,False,,False,388.8999999999998,359.4000000000004,6,MCK856W,0.38041053923900836,1,23.685040941735608,0.0,0.0,0.0,shape_dist_traveled,
PICGARN,PICKFORDE DR & GARDENIA DR,-83.086371,40.066433,2,033+072,3,1,41,6,am_peak+early+evening+midday+owl+pm_peak,False,,True,601.9000000000005,549.199999999999,4,PICBETS,0.8065649379755744,2,13.496667335154662,0.0,0.6666666666666666,0.7508143322475572,shape_dist_traveled,transfer point (2 routes)
RESSAWW,RESLER DR & SAWMILL RD,-83.091604,40.067987,2,033+072,3,1,41,6,am_peak+early+evening+midday+owl+pm_peak,False,,True,549.199999999999,357.5000000000017,4,RESSAWE,0.24007132230774628,1,3.132632114667131,0.0,0.5,0.232104121475054,shape_dist_traveled,transfer point (2 routes)
MCK132W,1320 MCKINLEY AVE,-83.036915,39.963621,1,012,1,1,41,4,am_peak+evening+midday+pm_peak,False,,False,340.30000000000007,171.1999999999998,8,MCK133E,0.16092658483520036,0,0.0,0.0,0.0,0.0,shape_dist_traveled,catchment not reconstructable
5TH4THW,E 5TH AVE & N 4TH ST,-83.000031,39.98698,1,012,1,1,41,4,am_peak+evening+midday+pm_peak,False,,False,276.49999999999994,226.5999999999999,8,4TH5THN,0.981906507309658,1,6.93863374930944,0.0,1.0,1.0,shape_dist_traveled,
5THGRAE,E 5TH AVE & N GRANT AVE,-82.996043,39.986645,1,012,1,1,41,4,am_peak+evening+midday+pm_peak,False,,False,250.40000000000083,397.6999999999986,8,5TH6THW,0.8170660009858208,0,0.0,0.0,0.0,0.0,shape_dist_traveled,catchment not reconstructable
SOUSCOS,N SOUDER AVE & SCOTT ST,-83.022724,39.960764,1,012,1,1,41,4,am_peak+evening+midday+pm_peak,False,,False,359.4000000000004,269.2999999999999,7,SOUSCON,0.7605580995997394,0,0.0,0.0,0.0,0.0,shape_dist_traveled,catchment not reconstructable
MCKPARK,MCKINLEY PARK,-83.040589,39.963678,1,012,1,1,41,4,am_peak+evening+midday+pm_peak,False,,False,513.0999999999999,160.3000000000001,7,MCKMCKW,0.7410819298052055,1,4.420817283315297,0.0,1.0,1.0,shape_dist_traveled,
MCKCENE,MCKINLEY AVE & N CENTRAL AVE,-83.038726,39.963595,1,012,1,1,41,4,am_peak+evening+midday+pm_peak,False,,False,160.3000000000001,148.19999999999987,6,MCKCENW,0.2940763051001754,1,4.420817283315297,0.0,1.0,1.0,shape_dist_traveled,
MCK133E,1335 MCKINLEY AVE,-83.036954,39.963509,1,012,1,1,41,4,am_peak+evening+midday+pm_peak,False,,False,148.19999999999987,352.30000000000007,8,MCK132W,0.16092658483520036,1,2.225047109483196,0.0,0.0,0.0,shape_dist_traveled,
MCKCENW,MCKINLEY AVE & N CENTRAL AVE,-83.038928,39.963739,1,012,1,1,41,4,am_peak+evening+midday+pm_peak,False,,False,171.1999999999998,197.59999999999957,6,MCKCENE,0.2940763051001754,1,4.420817283315297,0.0,1.0,1.0,shape_dist_traveled,
MCKCYPE,MCKINLEY AVE & N CYPRESS AVE,-83.029047,39.9631,1,012,1,1,41,4,am_peak+evening+midday+pm_peak,False,,False,318.7,388.8999999999998,4,MCKCYPW,0.16959956357159667,1,23.685040941735608,0.0,1.0,1.0,shape_dist_traveled,
MCKYALE,MCKINLEY AVE & N YALE AVE,-83.032797,39.963292,1,012,1,1,41,4,am_peak+evening+midday+pm_peak,False,,False,352.30000000000007,318.7,5,MCKYALW,0.21064506924883658,1,2.225047109483196,0.0,1.0,1.0,shape_dist_traveled,
MCKCYPW,MCKINLEY AVE & N CYPRESS AVE,-83.029077,39.96322,1,012,1,1,41,4,am_peak+evening+midday+pm_peak,False,,False,418.00000000000017,324.7,4,MCKCYPE,0.16959956357159667,1,23.685040941735608,0.0,1.0,1.0,shape_dist_traveled,
MCK856W,856 MCKINLEY AVE,-83.02416,39.962985,1,012,1,1,41,4,am_peak+evening+midday+pm_peak,False,,False,273.6000000000001,418.00000000000017,4,MCK851E,0.38041053923900836,0,0.0,0.0,0.0,0.0,shape_dist_traveled,catchment not reconstructable
MCKYALW,MCKINLEY AVE & N YALE AVE,-83.032905,39.963419,1,012,1,1,41,4,am_peak+evening+midday+pm_peak,False,,False,324.7,340.30000000000007,5,MCKYALE,0.21064506924883658,1,2.225047109483196,0.0,1.0,1.0,shape_dist_traveled,
GODCHEE,GODOWN RD & CHEVIOT DR,-83.051323,40.060205,2,001+072,2,2,40,6,am_peak+early+evening+midday+owl+pm_peak,False,,True,215.3999999999998,494.89999999999947,3,GODCHEW,0.3474017467795397,2,28.613325109669915,0.0,1.0,1.0,shape_dist_traveled,transfer point (2 routes)
KENRUES,KENNY RD & RUE DE FLEUR,-83.049517,40.030892,2,001+072,2,2,40,6,am_peak+early+evening+midday+owl+pm_peak,False,,True,671.8000000000002,474.49999999999994,4,KENKENBN,0.4975578995822604,2,22.36757883743637,0.0,1.0,1.0,shape_dist_traveled,transfer point (2 routes)
KENMERS,KENNY RD & MERRIMAR CIR N,-83.049673,40.054007,2,001+072,2,2,40,6,am_peak+early+evening+midday+owl+pm_peak,False,,True,296.5,395.50000000000017,6,KENMERN,0.3366447536328348,3,22.865286743504956,0.0,0.75,0.841594827586207,shape_dist_traveled,transfer point (2 routes)
KENWEYS,KENNY RD & WEYBRIDGE RD,-83.049479,40.056633,2,001+072,2,2,40,6,am_peak+early+evening+midday+owl+pm_peak,False,,True,494.89999999999947,296.5,4,KENWEYN,0.2733916067093311,4,29.751222008642426,0.0,1.0,1.0,shape_dist_traveled,transfer point (2 routes)
SCHLAUW,W SCHROCK RD & LAUFFER RD,-82.946141,40.11095,2,043+101,2,1,40,6,am_peak+early+evening+midday+owl+pm_peak,False,,True,251.1000000000001,1477.6999999999996,9,SCHCLEE,1.8251730869490317,0,0.0,0.0,0.0,0.0,shape_dist_traveled,transfer point (2 routes); catchment not reconstructable
BETGODW,BETHEL RD & GODOWN RD,-83.057482,40.063832,2,001+072,2,2,40,6,am_peak+early+evening+midday+owl+pm_peak,False,,True,338.4999999999998,427.7000000000015,3,GODBETS,1.6217969008953605,3,44.30576261865668,0.0,1.0,1.0,shape_dist_traveled,transfer point (2 routes)
GODCAMN,GODOWN RD & CAMBRIAN DR,-83.054927,40.062016,2,001+072,2,2,40,6,am_peak+early+evening+midday+owl+pm_peak,False,,True,402.9999999999987,338.4999999999998,5,GODLANSE,1.9422132710870244,2,33.29763481384508,0.0,1.0,1.0,shape_dist_traveled,transfer point (2 routes)
GODBETS,GODOWN RD & BETHEL RD,-83.056842,40.062772,2,001+072,2,2,40,6,am_peak+early+evening+midday+owl+pm_peak,False,,True,510.5999999999993,355.80000000000035,3,BETGODW,1.6217969008953605,3,44.30576261865668,0.0,1.0,1.0,shape_dist_traveled,transfer point (2 routes)
BETPORE,BETHEL RD & PORTLAND ST,-83.061798,40.063786,2,001+072,2,2,40,6,am_peak+early+evening+midday+owl+pm_peak,False,,True,358.30000000000007,510.5999999999993,3,BETPORW,0.8302815380152057,3,32.67306018662169,0.0,1.0,1.0,shape_dist_traveled,transfer point (2 routes)
KENWINS,KENNY RD & WINDHAM RD,-83.050145,40.046519,2,001+072,2,2,40,6,am_peak+early+evening+midday+owl+pm_peak,False,,True,443.7999999999995,369.60000000000014,4,KENWINN,0.5832315468324208,3,44.99865009573253,0.0,1.0,1.0,shape_dist_traveled,transfer point (2 routes)
GODCHEW,GODOWN RD & CHEVIOT DR,-83.050998,40.060222,2,001+072,2,2,40,6,am_peak+early+evening+midday+owl+pm_peak,False,,True,488.79999999999944,402.9999999999987,3,GODCHEE,0.3474017467795397,2,28.613325109669915,0.0,1.0,1.0,shape_dist_traveled,transfer point (2 routes)
BETREEW,BETHEL RD & REED RD,-83.067332,40.064199,2,001+072,2,2,40,6,am_peak+early+evening+midday+owl+pm_peak,False,,True,407.39999999999907,336.5000000000009,3,BETREEE,1.4605697421276098,1,7.37778778407586,0.0,1.0,1.0,shape_dist_traveled,transfer point (2 routes)
KENFOLS,KENNY RD & FOLKESTONE RD,-83.04988,40.05047,2,001+072,2,2,40,6,am_peak+early+evening+midday+owl+pm_peak,False,,True,395.50000000000017,443.7999999999995,5,KENFOLN,0.6425539428493874,1,7.758387947540091,0.0,1.0,1.0,shape_dist_traveled,transfer point (2 routes)
BETREEE,BETHEL RD & REED RD,-83.066026,40.063882,2,001+072,2,2,40,6,am_peak+early+evening+midday+owl+pm_peak,False,,True,372.69999999999914,358.30000000000007,4,BETREEW,1.4605697421276098,1,7.37778778407586,0.0,1.0,1.0,shape_dist_traveled,transfer point (2 routes)
CLE340S1,340 S CLEVELAND AVE,-82.948824,40.116699,2,043+101,2,1,40,6,am_peak+early+evening+midday+owl+pm_peak,False,,True,357.6,364.49999999999983,5,CLE340N,0.7551933561848292,0,0.0,0.0,0.0,0.0,shape_dist_traveled,transfer point (2 routes); catchment not reconstructable
BETPORW,BETHEL RD & PORTLAND ST,-83.062528,40.063994,2,001+072,2,2,40,6,am_peak+early+evening+midday+owl+pm_peak,False,,True,427.7000000000015,407.39999999999907,2,BETPORE,0.8302815380152057,3,32.67306018662169,0.0,1.0,1.0,shape_dist_traveled,transfer point (2 routes)
BETOLGE,BETHEL RD & OLGATE LN,-83.070423,40.06406,2,001+072,2,2,40,6,am_peak+early+evening+midday+owl+pm_peak,False,,True,332.40000000000003,372.69999999999914,5,BETMCKW,1.0072643621450375,3,21.24919989556452,0.0,1.0,1.0,shape_dist_traveled,transfer point (2 routes)
CLEFUJS,CLEVELAND AVE & FUJI DR,-82.950942,40.087979,2,043+101,2,1,40,6,am_peak+early+evening+midday+owl+pm_peak,False,,True,587.1000000000004,413.7000000000004,4,CLEFUJN,1.141955679965598,2,38.01819215263585,0.0,1.0,1.0,shape_dist_traveled,transfer point (2 routes)
SOUMOUN,S SOUDER AVE & W MOUND ST,-83.020951,39.950083,1,003,2,1,40,6,am_peak+early+evening+midday+owl+pm_peak,False,,False,163.6000000000024,262.29999999999995,7,WMONSOUW,0.8582363541975514,1,1.844446946018965,0.0,1.0,1.0,shape_dist_traveled,
CLEDEES,CLEVELAND AVE & DEEWOOD DR,-82.950306,40.096322,2,043+101,2,1,40,6,am_peak+early+evening+midday+owl+pm_peak,False,,True,220.4000000000006,349.6999999999995,6,CLEBELLN,0.4748845851139155,1,8.783080695328405,0.0,1.0,1.0,shape_dist_traveled,transfer point (2 routes)
KENHIGN,KENNY RD & HIGHLAND DR,-83.050394,40.040338,2,001+072,2,2,40,6,am_peak+early+evening+midday+owl+pm_peak,False,,True,437.69999999999953,329.5999999999992,3,KENMCCS,0.23319348941579982,1,5.152740674592664,0.0,1.0,1.0,shape_dist_traveled,transfer point (2 routes)
1STOXLE,W 1ST AVE & OXLEY RD,-83.034232,39.979784,2,031+075,2,2,40,6,am_peak+early+evening+midday+owl+pm_peak,False,,True,318.9999999999991,243.10000000000008,5,1STOXLW,0.3006713555475254,3,40.9291560402304,0.0,0.6666666666666666,0.6967095851216021,shape_dist_traveled,transfer point (2 routes)
1STVIRE,W 1ST AVE & VIRGINIA AVE,-83.037554,39.981004,2,031+075,2,2,40,6,am_peak+early+evening+midday+owl+pm_peak,False,,True,406.00000000000057,318.9999999999991,5,1STVIRW,0.3691798739151648,2,28.515735324166236,0.0,0.6666666666666666,0.813700918964077,shape_dist_traveled,transfer point (2 routes)
1STAVOE,W 1ST AVE & AVONDALE AVE,-83.042121,39.981653,2,031+075,2,2,40,6,am_peak+early+evening+midday+owl+pm_peak,False,,True,125.09999999999977,406.00000000000057,5,1STAVOW,0.41422358851142904,2,29.48187420065236,0.0,0.6666666666666666,0.8412698412698412,shape_dist_traveled,transfer point (2 routes)
1STGLEE,W 1ST AVE & GLENDALE AVE,-83.043592,39.981723,2,031+075,2,2,40,6,am_peak+early+evening+midday+owl+pm_peak,False,,True,379.09999999999934,125.09999999999977,4,1STGRAW,1.300359928216817,3,45.64274268005667,0.0,1.0,1.0,shape_dist_traveled,transfer point (2 routes)
GOOOPPE,582 W GOODALE ST,-83.018727,39.97406,2,003+075,2,2,40,6,am_peak+early+evening+midday+owl+pm_peak,False,,True,622.7,939.4999999999998,1,GOO582W,0.46806631870173526,2,46.90165091305374,0.0,1.0,1.0,shape_dist_traveled,transfer point (2 routes)
CLEBLES1,CLEVELAND AVE & BLENDON WOODS BLVD,-82.950585,40.093198,2,043+101,2,1,40,6,am_peak+early+evening+midday+owl+pm_peak,False,,True,349.6999999999995,587.1000000000004,3,CLEBLEN1,0.3073069263270087,2,23.438278198390677,0.0,1.0,1.0,shape_dist_traveled,transfer point (2 routes)
GOOYARE,GOODALE BLVD & YARD ST,-83.026087,39.974155,2,003+075,2,2,40,6,am_peak+early+evening+midday+owl+pm_peak,False,,True,357.6999999999995,622.7,8,GOO868W,1.038281061667242,0,0.0,0.0,0.0,0.0,shape_dist_traveled,transfer point (2 routes); catchment not reconstructable
DAVCAMN,S DAVIS AVE & CAMPBELL AVE,-83.019977,39.951662,1,003,2,1,40,6,am_peak+early+evening+midday+owl+pm_peak,False,,False,262.29999999999995,234.7999999999999,9,SOUMOUS,1.7812027035874205,1,1.844446946018965,0.0,1.0,1.0,shape_dist_traveled,
NORWILLN,NORTHWEST BLVD & WILLIAMS AVE,-83.029786,39.977917,2,031+075,2,2,40,6,am_peak+early+evening+midday+owl+pm_peak,False,,True,174.59999999999997,331.3999999999999,10,NORWILLS,0.41716150408752933,1,33.87341454831658,0.0,0.5,0.8589458054936896,shape_dist_traveled,transfer point (2 routes)
CLEHOMS,CLEVELAND AVE & HOME ACRE DR,-82.950151,40.098286,2,043+101,2,1,40,6,am_peak+early+evening+midday+owl+pm_peak,False,,True,166.29999999999967,220.4000000000006,5,CLEHOMN,0.46140301556388963,1,8.783080695328405,0.0,1.0,1.0,shape_dist_traveled,transfer point (2 routes)
CLECOMS,CLEVELAND AVE & COMMUNITY PARK DR,-82.950095,40.099736,2,043+101,2,1,40,6,am_peak+early+evening+midday+owl+pm_peak,False,,True,1477.6999999999996,166.29999999999967,4,CLECOMN,1.733665667863722,0,0.0,0.0,0.0,0.0,shape_dist_traveled,transfer point (2 routes); catchment not reconstructable
CRORIDN,CROSSWOODS PARK AND RIDE,-83.006133,40.116954,2,041+102,3,2,40,6,am_peak+early+evening+midday+owl+pm_peak,True,041,True,288.4999999999991,431.5,4,HUNTPARK,1.4541261006213202,1,77.05689463368083,0.0,1.0,1.0,shape_dist_traveled,terminal; transfer point (2 routes)
MOUMOUE,W MOUND ST & MOUNT CALVARY AVE,-83.022205,39.949358,1,003,2,1,40,6,am_peak+early+evening+midday+owl+pm_peak,True,003,False,571.0999999999995,163.6000000000024,6,WMONSOUW,0.8237203949677128,0,0.0,0.0,0.0,0.0,shape_dist_traveled,terminal; catchment not reconstructable
BETMCKW,BETHEL RD & MCKITRICK BLVD,-83.071321,40.064285,2,001+072,2,2,40,6,am_peak+early+evening+midday+owl+pm_peak,False,,True,336.5000000000009,355.3999999999995,5,BETOLGE,1.0072643621450375,3,21.24919989556452,0.0,1.0,1.0,shape_dist_traveled,transfer point (2 routes)
KENFOLN,KENNY RD & FOLKESTONE RD,-83.049705,40.050027,2,001+072,2,2,40,6,am_peak+early+evening+midday+owl+pm_peak,False,,True,349.69999999999857,466.5999999999997,5,KENFOLS,0.6425539428493874,1,7.758387947540091,0.0,1.0,1.0,shape_dist_traveled,transfer point (2 routes)
KENWEYN,KENNY RD & WEYBRIDGE RD,-83.049341,40.056467,2,001+072,2,2,40,6,am_peak+early+evening+midday+owl+pm_peak,False,,True,256.2999999999995,488.79999999999944,5,KENWEYS,0.2733916067093311,4,29.751222008642426,0.0,1.0,1.0,shape_dist_traveled,transfer point (2 routes)
CLEMAIS1,CLEVELAND AVE & W MAIN ST,-82.948352,40.124241,2,043+101,2,1,40,6,am_peak+early+evening+midday+owl+pm_peak,False,,True,482.59999999999997,489.70000000000005,1,CLEMAINN,0.34725004042409746,1,92.22234730094807,0.0,1.0,1.0,shape_dist_traveled,transfer point (2 routes)
CLEOLDS,S CLEVELAND AVE & OLD COACH RD,-82.948611,40.119886,2,043+101,2,1,40,6,am_peak+early+evening+midday+owl+pm_peak,False,,True,489.70000000000005,357.6,2,CLECOON,1.0408649507871153,1,92.22234730094807,0.0,1.0,1.0,shape_dist_traveled,transfer point (2 routes)
KENMERN,KENNY RD & MERRIMAR CIR S,-83.04946,40.054186,2,001+072,2,2,40,6,am_peak+early+evening+midday+owl+pm_peak,False,,True,466.5999999999997,256.2999999999995,5,KENMERS,0.3366447536328348,4,29.751222008642426,0.0,0.75,0.841594827586207,shape_dist_traveled,transfer point (2 routes)
KENKENBN,KENNY RD & KENBROOK COMMON ST,-83.049124,40.030699,2,001+072,2,2,40,6,am_peak+early+evening+midday+owl+pm_peak,False,,True,383.9999999999968,250.60000000000215,5,KENRUES,0.4975578995822604,2,22.36757883743637,0.0,1.0,1.0,shape_dist_traveled,transfer point (2 routes)
KENWINN,KENNY RD & WINDHAM RD,-83.049948,40.046911,2,001+072,2,2,40,6,am_peak+early+evening+midday+owl+pm_peak,False,,True,407.6000000000022,349.69999999999857,3,KENWINS,0.5832315468324208,3,44.99865009573253,0.0,1.0,1.0,shape_dist_traveled,transfer point (2 routes)
NORBURNW,NORTHWEST BLVD & BURR AVE,-83.029123,39.976426,2,031+075,2,2,40,6,am_peak+early+evening+midday+owl+pm_peak,False,,True,187.69999999999953,174.59999999999997,8,NORBURSE,0.44044045503200807,1,33.87341454831658,0.0,1.0,1.0,shape_dist_traveled,transfer point (2 routes)
NOR1STSE,NORTHWEST BLVD & W 1ST AVE,-83.031807,39.979639,2,031+075,2,2,40,6,am_peak+early+evening+midday+owl+pm_peak,False,,True,243.10000000000008,230.9999999999999,8,1STNORW,0.6220822155645405,3,51.84945303808874,0.0,0.6666666666666666,0.34669678147939026,shape_dist_traveled,transfer point (2 routes)
1STAVOW,W 1ST AVE & AVONDALE AVE,-83.041755,39.981752,2,031+075,2,2,40,6,am_peak+early+evening+midday+owl+pm_peak,False,,True,341.9999999999999,257.6999999999998,5,1STAVOE,0.41422358851142904,3,35.04449197436035,0.0,0.6666666666666666,0.8412698412698412,shape_dist_traveled,transfer point (2 routes)
NORGOON,NORTHWEST BLVD & GOODALE BLVD,-83.02899,39.974748,2,031+075,2,2,40,6,am_peak+early+evening+midday+owl+pm_peak,False,,True,214.29999999999973,187.69999999999953,9,NORGOOS,0.7089129184071794,1,33.87341454831658,0.0,1.0,1.0,shape_dist_traveled,transfer point (2 routes)
KENMCCS,KENNY RD & MCCOY RD,-83.050601,40.040284,2,001+072,2,2,40,6,am_peak+early+evening+midday+owl+pm_peak,False,,True,329.50000000000034,412.70000000000005,3,KENHIGN,0.23319348941579982,1,5.152740674592664,0.0,1.0,1.0,shape_dist_traveled,transfer point (2 routes)
BETDIEE,BETHEL RD & DIERKER RD,-83.074356,40.064176,2,001+072,2,2,40,6,am_peak+early+evening+midday+owl+pm_peak,False,,True,263.29999999999995,332.40000000000003,8,DIEBETS,0.9514686737825915,2,13.87141211148866,0.0,0.5,0.5476190476190476,shape_dist_traveled,transfer point (2 routes)
1STNORW,W 1ST AVE & NORTHWEST BLVD,-83.032263,39.979918,2,031+075,2,2,40,6,am_peak+early+evening+midday+owl+pm_peak,False,,True,331.3999999999999,191.3,7,NOR1STSE,0.6220822155645405,2,17.976038489772158,0.0,0.6666666666666666,0.34669678147939026,shape_dist_traveled,transfer point (2 routes)
1STOXLW,W 1ST AVE & OXLEY RD,-83.034462,39.979909,2,031+075,2,2,40,6,am_peak+early+evening+midday+owl+pm_peak,False,,True,191.3,332.90000000000043,5,1STOXLE,0.3006713555475254,2,28.515735324166236,0.0,0.6666666666666666,0.6967095851216021,shape_dist_traveled,transfer point (2 routes)
1STVIRW,W 1ST AVE & VIRGINIA AVE,-83.037711,39.981241,2,031+075,2,2,40,6,am_peak+early+evening+midday+owl+pm_peak,False,,True,332.90000000000043,341.9999999999999,6,1STVIRE,0.3691798739151648,3,35.04449197436035,0.0,0.6666666666666666,0.813700918964077,shape_dist_traveled,transfer point (2 routes)
1STGRAW,W 1ST AVE & GRANDVIEW AVE,-83.044788,39.9819,2,031+075,2,2,40,6,am_peak+early+evening+midday+owl+pm_peak,False,,True,257.6999999999998,359.19999999999953,7,1STGLEE,1.300359928216817,3,45.64274268005667,0.0,1.0,1.0,shape_dist_traveled,transfer point (2 routes)
EASTER6,EASTON TERMINAL BAY 6,-82.909141,40.060719,1,032,2,2,40,6,am_peak+early+evening+midday+owl+pm_peak,True,032,False,301.20000000000147,549.8,12,EASTER1,0.0,0,0.0,0.0,0.0,0.0,shape_dist_traveled,terminal; catchment not reconstructable
GRA3RDN,GRANDVIEW AVE & THIRD AVE,-83.044652,39.985325,1,031,1,1,39,6,am_peak+early+evening+midday+owl+pm_peak,False,,False,405.3,425.3,7,GRA3RDS,0.2096524718378411,2,16.980622677634933,0.0,0.5,0.6155172413793109,shape_dist_traveled,
GRA5THN,GRANDVIEW AVE & W 5TH AVE,-83.044348,39.989106,1,031,1,1,39,6,am_peak+early+evening+midday+owl+pm_peak,False,,False,425.3,251.59999999999982,12,5THGRANW,0.3812369426418196,2,20.347470277510837,0.0,1.0,1.0,shape_dist_traveled,
NORGLESE,NORTHWEST BLVD & GLENN AVE,-83.052572,39.998389,1,003,1,1,39,6,am_peak+early+evening+midday+owl+pm_peak,False,,False,263.70000000000005,356.1999999999999,7,NORGLENW,0.30820225219387,1,13.906544434270002,0.0,0.5,0.7341576506955182,shape_dist_traveled,
NORSTASE,NORTHWEST BLVD & STANFORD RD,-83.049077,39.996632,1,003,1,1,39,6,am_peak+early+evening+midday+owl+pm_peak,False,,False,356.1999999999999,208.49999999999991,10,NORNORNW,0.2641333312280822,2,21.34288608964805,0.0,0.5,0.6515775034293558,shape_dist_traveled,
NORNORSE,NORTHWEST BLVD & NORTHWEST CT,-83.046908,39.995769,1,003,1,1,39,6,am_peak+early+evening+midday+owl+pm_peak,False,,False,208.49999999999991,172.69999999999985,10,NORNORN,0.4950377621136064,1,7.436341655378049,0.0,1.0,1.0,shape_dist_traveled,
KIN1197E,1197 KINNEAR RD,-83.040401,39.998002,1,031,1,1,39,6,am_peak+early+evening+midday+owl+pm_peak,False,,False,795.7,527.1999999999997,1,KIN1218W,0.9237261284764806,1,20.581685762719587,0.0,0.0,0.0,shape_dist_traveled,
NORRIDS,NORTHWEST BLVD & RIDGEVIEW RD,-83.057767,40.01459,1,003,1,1,39,6,am_peak+early+evening+midday+owl+pm_peak,False,,False,429.59999999999997,295.59999999999997,3,NORRIDN,0.36924774185813125,1,9.16368085879264,0.0,1.0,1.0,shape_dist_traveled,
NORNORTS,NORTHWEST BLVD & NORTHAM RD,-83.057948,40.011935,1,003,1,1,39,6,am_peak+early+evening+midday+owl+pm_peak,False,,False,295.59999999999997,251.30000000000007,5,NORNORTN,0.421079007981937,2,33.52209132050347,0.0,1.0,1.0,shape_dist_traveled,
NORWILSS,NORTHWEST BLVD & WILSHIRE DR,-83.058079,40.009715,1,003,1,1,39,6,am_peak+early+evening+midday+owl+pm_peak,False,,False,251.30000000000007,321.3999999999999,5,NORWILSN,0.33578847433740433,2,33.52209132050347,0.0,1.0,1.0,shape_dist_traveled,
NORLANSE,NORTHWEST BLVD & W LANE AVE,-83.058296,40.006844,1,003,1,1,39,6,am_peak+early+evening+midday+owl+pm_peak,False,,False,321.3999999999999,344.8,4,NORLANNN,0.3358960862075882,2,14.60919088989625,0.0,0.6666666666666666,0.7436661698956782,shape_dist_traveled,
KINSTAE,KING AVE & NORTH STAR AVE,-83.04824,39.991679,1,031,1,1,39,6,am_peak+early+evening+midday+owl+pm_peak,False,,False,305.5000000000021,375.39999999999907,9,KINSTAW,0.57652721683891,1,11.213066354369271,0.0,1.0,1.0,shape_dist_traveled,
HUDGRAE,E HUDSON ST & GRASMERE AVE,-82.983905,40.014326,1,031,1,1,39,6,am_peak+early+evening+midday+owl+pm_peak,False,,False,174.30000000000058,279.79999999999984,11,HUDOGRW,0.4014657870385932,2,9.456450215303583,0.0,1.0,1.0,shape_dist_traveled,
HENREEW,W HENDERSON RD & REED RD,-83.06629,40.053924,1,033,2,1,39,6,am_peak+early+evening+midday+owl+pm_peak,False,,False,294.3999999999995,579.6000000000001,3,HENREEE,0.31598311444257515,2,46.31611220003185,0.0,0.6666666666666666,0.681309216192937,shape_dist_traveled,
SAWWESN,SAWMILL RD & WEST CASE RD,-83.092583,40.073183,1,033,2,1,39,6,am_peak+early+evening+midday+owl+pm_peak,False,,False,708.0000000000002,784.8000000000006,1,SAWWESS,1.0883059951955327,2,25.9100880512188,0.0,1.0,1.0,shape_dist_traveled,
KENSTELS,KENNY RD & STEELWOOD RD,-83.035068,39.995026,1,031,1,1,39,6,am_peak+early+evening+midday+owl+pm_peak,False,,False,259.50000000000006,469.0000000000003,4,KENSTELN,0.16971559189279944,1,20.581685762719587,0.0,1.0,1.0,shape_dist_traveled,
KINKENE1,KING AVE & KENNY RD,-83.034749,39.991142,1,031,1,1,39,6,am_peak+early+evening+midday+owl+pm_peak,False,,False,469.0000000000003,370.59999999999957,8,KENKINN2,0.8510141733207947,2,46.0818967148231,0.0,1.0,1.0,shape_dist_traveled,
GRAKINGS,GRANDVIEW AVE & KING AVE,-83.044301,39.991298,1,031,1,1,39,6,am_peak+early+evening+midday+owl+pm_peak,False,,False,375.39999999999907,325.09999999999906,12,GRAKINGN,0.16692948554907236,2,21.10867060443929,0.0,1.0,1.0,shape_dist_traveled,
VANREDS,VANTAGE DR & RED ROOF INN,-83.014575,40.116275,2,041+102,2,1,39,6,am_peak+early+evening+midday+owl+pm_peak,False,,True,1545.1000000000015,215.1999999999994,5,44HUTCH,2.215325048209324,0,0.0,0.0,0.0,0.0,shape_dist_traveled,transfer point (2 routes); catchment not reconstructable
CEMLEAE,CEMETERY RD & LEAP RD,-83.139513,40.03168,2,021+032,2,1,39,6,am_peak+early+evening+midday+owl+pm_peak,False,,True,314.3999999999991,236.4999999999995,4,CEMLEAW,1.086219014062185,0,0.0,0.0,0.0,0.0,shape_dist_traveled,transfer point (2 routes); catchment not reconstructable
CEMBROE,CEMETERY RD & BROWN PARK DR,-83.136749,40.031921,2,021+032,2,1,39,6,am_peak+early+evening+midday+owl+pm_peak,False,,True,236.4999999999995,521.3000000000001,4,CEMBROW,0.209512024900314,0,0.0,0.0,0.0,0.0,shape_dist_traveled,transfer point (2 routes); catchment not reconstructable
CEMBERLW,CEMETERY RD & BERRY LEAF LN,-83.148266,40.030984,2,021+032,2,1,39,6,am_peak+early+evening+midday+owl+pm_peak,False,,True,315.69999999999965,479.5999999999978,3,CEMWBE,0.7086284571042389,1,34.1954608404786,0.0,1.0,1.0,shape_dist_traveled,transfer point (2 routes)
CEMNORW,CEMETERY RD & NORWICH ST,-83.15386,40.030396,2,021+032,2,1,39,6,am_peak+early+evening+midday+owl+pm_peak,False,,True,479.5999999999978,275.00000000000034,3,CEMNORE,1.6714964944307087,0,0.0,0.0,0.0,0.0,shape_dist_traveled,transfer point (2 routes); catchment not reconstructable
CEMBROW,CEMETERY RD & BROWN PARK DR,-83.136771,40.032071,2,021+032,2,1,39,6,am_peak+early+evening+midday+owl+pm_peak,False,,True,396.39999999999986,318.09999999999764,4,CEMBROE,0.209512024900314,0,0.0,0.0,0.0,0.0,shape_dist_traveled,transfer point (2 routes); catchment not reconstructable
CEMLEAW,CEMETERY RD & LEAP RD,-83.140526,40.031758,2,021+032,2,1,39,6,am_peak+early+evening+midday+owl+pm_peak,False,,True,318.09999999999764,344.70000000000135,5,CEMLEAE,1.086219014062185,0,0.0,0.0,0.0,0.0,shape_dist_traveled,transfer point (2 routes); catchment not reconstructable
CEMOUTW,CEMETERY RD & OUTER ST,-83.144554,40.031358,2,021+032,2,1,39,6,am_peak+early+evening+midday+owl+pm_peak,False,,True,344.70000000000135,315.69999999999965,4,CEMOUTE,1.4383960948899388,1,34.1954608404786,0.0,1.0,1.0,shape_dist_traveled,transfer point (2 routes)
STRHOVE,STRINGTOWN RD & HOOVER RD,-83.068594,39.881004,1,003,1,1,39,6,am_peak+early+evening+midday+owl+pm_peak,False,,False,221.4000000000027,463.4999999999998,3,STRHOVW,0.5046649703490349,1,5.074668846189745,0.0,0.0,0.0,shape_dist_traveled,
STRPARE,STRINGTOWN RD & PARKMEAD DR,-83.064042,39.878918,1,003,1,1,39,6,am_peak+early+evening+midday+owl+pm_peak,False,,False,463.4999999999998,557.5999999999972,2,GRORIDS,0.7310070622823275,1,67.6492393111293,0.0,1.0,1.0,shape_dist_traveled,
STRHARW,2096 STRINGTOWN RD,-83.057451,39.878575,2,003+061,2,2,39,6,am_peak+early+evening+midday+owl+pm_peak,False,,True,1196.0000000000002,479.09999999999985,1,STRRAXE,0.3695800715626877,1,67.6492393111293,0.0,1.0,1.0,shape_dist_traveled,transfer point (2 routes)
CLE161NF,CLEVELAND AVE & STATE ROUTE 161,-82.950847,40.086291,2,043+101,2,1,39,6,am_peak+early+evening+midday+owl+pm_peak,False,,True,179.4000000000011,278.299999999998,9,161CLEW,1.8405240463918222,0,0.0,0.0,0.0,0.0,shape_dist_traveled,transfer point (2 routes); catchment not reconstructable
BROHOMS,BROADWAY & HOME RD,-83.077992,39.901241,1,003,1,1,39,6,am_peak+early+evening+midday+owl+pm_peak,False,,False,575.099999999999,242.00000000000088,2,BRO3136,1.9574052972796454,1,12.501251523017437,0.0,1.0,1.0,shape_dist_traveled,
OAKATWW,OAKLAND PARK AVE & ATWOOD TERRACE,-82.983817,40.032315,2,011+032,2,1,39,6,am_peak+early+evening+midday+owl+pm_peak,False,,True,319.90000000000055,188.40000000000146,7,OAKATWE,0.4318139913239144,2,11.213066354369264,0.0,1.0,1.0,shape_dist_traveled,transfer point (2 routes)
COLKNAPE,COLUMBUS ST & KNAPP DR,-83.071181,39.881131,1,003,1,1,39,6,am_peak+early+evening+midday+owl+pm_peak,False,,False,521.3999999999999,221.4000000000027,3,COLLEIW,0.9302247266791583,2,12.374384801862686,0.0,1.0,1.0,shape_dist_traveled,
HAR187S,1871 HARRISBURG PIKE,-83.062458,39.919815,1,003,1,1,39,6,am_peak+early+evening+midday+owl+pm_peak,False,,False,113.50000000000193,577.3999999999972,3,HAR196N,1.3069392690149473,0,0.0,0.0,0.0,0.0,shape_dist_traveled,catchment not reconstructable
OAKHIAW,OAKLAND PARK AVE & HIAWATHA ST,-82.986046,40.032433,2,011+032,2,1,39,6,am_peak+early+evening+midday+owl+pm_peak,False,,True,188.40000000000146,262.7999999999986,6,OAKATWE,1.9896010092322556,2,11.213066354369264,0.0,1.0,1.0,shape_dist_traveled,transfer point (2 routes)
OAKMAIW,OAKLAND PARK AVE & MAIZE RD,-82.989138,40.03256,2,011+032,2,1,39,6,am_peak+early+evening+midday+owl+pm_peak,False,,True,262.7999999999986,360.5999999999998,8,OAKMAIE,0.7145527940284466,1,2.8984166294583735,0.0,0.5,0.2661290322580645,shape_dist_traveled,transfer point (2 routes)
HARRANS,HARRISBURG PIKE & RANSBURG AVE,-83.042234,39.937478,1,003,1,1,39,6,am_peak+early+evening+midday+owl+pm_peak,False,,False,308.70000000000175,211.70000000000044,6,HARRANN,0.5774695853729326,1,5.123463738941569,0.0,1.0,1.0,shape_dist_traveled,
HARROSS,HARRISBURG PIKE & ROSEMONT AVE,-83.04356,39.935892,1,003,1,1,39,6,am_peak+early+evening+midday+owl+pm_peak,False,,False,211.70000000000044,196.6000000000001,7,HARROSN,0.29324982361213403,2,6.909356813658345,0.0,1.0,1.0,shape_dist_traveled,
HARLAUS,HARRISBURG PIKE & LAUREL AVE,-83.045167,39.934631,1,003,1,1,39,6,am_peak+early+evening+midday+owl+pm_peak,False,,False,196.6000000000001,193.79999999999953,7,HARLAUN,0.6146119169066367,2,6.909356813658345,0.0,1.0,1.0,shape_dist_traveled,
HARCLIS,HARRISBURG PIKE & CLIME RD,-83.061769,39.920682,1,003,1,1,39,6,am_peak+early+evening+midday+owl+pm_peak,False,,False,406.09999999999854,113.50000000000193,3,HAR187S,1.4106960753720934,0,0.0,0.0,0.0,0.0,shape_dist_traveled,catchment not reconstructable
CEMOUTE,CEMETERY RD & OUTER ST,-83.143206,40.031343,2,021+032,2,1,39,6,am_peak+early+evening+midday+owl+pm_peak,False,,True,483.0000000000001,314.3999999999991,3,CEMOUTW,1.4383960948899388,1,34.1954608404786,0.0,1.0,1.0,shape_dist_traveled,transfer point (2 routes)
STRRAXE,2071 STRINGTOWN RD,-83.057485,39.87831,1,003,1,1,39,6,am_peak+early+evening+midday+owl+pm_peak,False,,False,557.5999999999972,1158.4000000000003,1,STRHARW,0.3695800715626877,1,67.6492393111293,0.0,1.0,1.0,shape_dist_traveled,
HAR111S,1117 HARRISBURG PIKE,-83.046741,39.933376,1,003,1,1,39,6,am_peak+early+evening+midday+owl+pm_peak,False,,False,193.79999999999953,255.39999999999807,6,HARBELN,0.19727607482930704,1,1.7858930747167756,0.0,1.0,1.0,shape_dist_traveled,
HAREAKS1,HARRISBURG PIKE & EAKIN RD,-83.048828,39.931736,1,003,1,1,39,6,am_peak+early+evening+midday+owl+pm_peak,False,,False,255.39999999999807,270.80000000000126,5,HARHOPN,1.240329548711154,1,1.7858930747167756,0.0,1.0,1.0,shape_dist_traveled,
DIEBETS,DIERKER RD & BETHEL RD,-83.075054,40.063749,1,033,2,1,39,6,am_peak+early+evening+midday+owl+pm_peak,False,,False,277.3000000000003,291.29999999999967,8,BETDIEE,0.9514686737825915,4,23.327862326792243,0.0,0.5,0.5476190476190476,shape_dist_traveled,
HENWINE,W HENDERSON RD & WINTERSET DR,-83.057567,40.053129,1,033,2,1,39,6,am_peak+early+evening+midday+owl+pm_peak,False,,False,369.29999999999905,636.4000000000001,2,HENWINW,0.39996476211970167,2,13.26245184994589,0.0,1.0,1.0,shape_dist_traveled,
HENKENE,W HENDERSON RD & KENNY RD,-83.05004,40.052954,1,033,2,1,39,6,am_peak+early+evening+midday+owl+pm_peak,False,,False,636.4000000000001,673.1999999999996,6,HENKENW,0.3481055590327161,4,30.623674691045046,0.0,1.0,1.0,shape_dist_traveled,
BRO1STS,BROADWAY & 1ST AVE,-83.079513,39.899417,1,003,1,1,39,6,am_peak+early+evening+midday+owl+pm_peak,False,,False,242.00000000000088,239.4999999999996,4,BRO3136,1.0904145984637776,2,91.9003010087863,0.0,0.5,0.29570637119113563,shape_dist_traveled,
HAR165S,1657 HARRISBURG PIKE,-83.059245,39.92376,1,003,1,1,39,6,am_peak+early+evening+midday+owl+pm_peak,False,,False,351.80000000000075,406.09999999999854,4,167HARN,0.23878394286916835,1,7.768146926090456,0.0,1.0,1.0,shape_dist_traveled,
3RDNWBE,W 3RD AVE & NORTHWEST BLVD,-83.038557,39.984784,1,003,1,1,39,6,am_peak+early+evening+midday+owl+pm_peak,False,,False,347.80000000000035,327.60000000000036,6,3RDMEAW,0.2562490523260007,2,10.305481349185328,0.0,1.0,1.0,shape_dist_traveled,
MOUDAKW,W MOUND ST & DAKOTA AVE,-83.025885,39.948529,1,003,1,1,39,6,am_peak+early+evening+midday+owl+pm_peak,False,,False,387.2,300.49999999999955,4,MOUGLENE,3.089336976043035,0,0.0,0.0,0.0,0.0,shape_dist_traveled,catchment not reconstructable
KINOLEW,KING AVE & OLENTANGY RIVER RD,-83.0266,39.990958,1,031,1,1,39,6,am_peak+early+evening+midday+owl+pm_peak,False,,False,859.9999999999994,294.4999999999993,7,KINOLEE,0.5459991912666166,0,0.0,0.0,0.0,0.0,shape_dist_traveled,catchment not reconstructable
HARALKS,HARRISBURG PIKE & ALKIRE RD,-83.065867,39.915351,1,003,1,1,39,6,am_peak+early+evening+midday+owl+pm_peak,False,,False,577.3999999999972,199.20000000000115,3,HARREDN,1.6325110237431104,1,16.441927061654795,0.0,1.0,1.0,shape_dist_traveled,
HARMOUS,HARRISBURG PIKE & W MOUND ST,-83.03676,39.944598,1,003,1,1,39,6,am_peak+early+evening+midday+owl+pm_peak,False,,False,430.1000000000013,191.49999999999778,11,HARBRON,0.27032330239810776,0,0.0,0.0,0.0,0.0,shape_dist_traveled,catchment not reconstructable
HARHUMSW,HARRISBURG PIKE & HUMPHREY AVE,-83.037882,39.943117,1,003,1,1,39,6,am_peak+early+evening+midday+owl+pm_peak,False,,False,191.49999999999778,169.00000000000048,8,HAR800N,1.9531055853941797,0,0.0,0.0,0.0,0.0,shape_dist_traveled,catchment not reconstructable
HARGARS,HARRISBURG PIKE & GARLING AVE,-83.040383,39.939857,1,003,1,1,39,6,am_peak+early+evening+midday+owl+pm_peak,False,,False,253.39999999999918,308.70000000000175,5,HARGARN,0.21172227897060178,1,5.123463738941569,0.0,1.0,1.0,shape_dist_traveled,
BROBURS,BROADWAY & BURR OAK DR,-83.090703,39.885685,1,003,1,1,39,6,am_peak+early+evening+midday+owl+pm_peak,False,,False,302.7000000000015,340.9999999999975,5,BROLOZN,0.5012567823075569,1,7.699834076237901,0.0,1.0,1.0,shape_dist_traveled,
COLBROE,COLUMBUS ST & BROADWAY,-83.091993,39.883208,1,003,1,1,39,6,am_peak+early+evening+midday+owl+pm_peak,False,,False,340.9999999999975,240.99999999999966,5,COLBROW,0.2676366949073517,2,22.923840614807137,0.0,1.0,1.0,shape_dist_traveled,
HARREDS,HARRISBURG PIKE & RED ROCK BLVD,-83.066949,39.913777,1,003,1,1,39,6,am_peak+early+evening+midday+owl+pm_peak,False,,False,199.20000000000115,408.5000000000001,4,HARREDN,0.8846773191543935,1,16.441927061654795,0.0,1.0,1.0,shape_dist_traveled,
HARBLUS,HARRISBURG PIKE & BLUE ROCK BLVD,-83.069723,39.910811,1,003,1,1,39,6,am_peak+early+evening+midday+owl+pm_peak,False,,False,408.5000000000001,277.69999999999936,3,HARBLUN,0.28415997253509906,1,26.46634982858964,0.0,1.0,1.0,shape_dist_traveled,
HAR771S,771 HARRISBURG PIKE,-83.038883,39.941801,1,003,1,1,39,6,am_peak+early+evening+midday+owl+pm_peak,False,,False,169.00000000000048,253.39999999999918,9,HAR800N,0.2519025399622445,0,0.0,0.0,0.0,0.0,shape_dist_traveled,catchment not reconstructable
HARCENPS,HARRISBURG PIKE & CENTERPOINT DR,-83.074668,39.905724,1,003,1,1,39,6,am_peak+early+evening+midday+owl+pm_peak,False,,False,428.2000000000004,575.099999999999,1,HARCENPN,0.5186790639305323,0,0.0,0.0,0.0,0.0,shape_dist_traveled,catchment not reconstructable
HARZETS,HARRISBURG PIKE & ZETTLER CENTER DR,-83.051236,39.930179,1,003,1,1,39,6,am_peak+early+evening+midday+owl+pm_peak,False,,False,270.80000000000126,204.49999999999946,5,HARLITTN,0.9565353641491656,0,0.0,0.0,0.0,0.0,shape_dist_traveled,catchment not reconstructable
HAR151S,1515 HARRISBURG PIKE,-83.057117,39.926455,1,003,1,1,39,6,am_peak+early+evening+midday+owl+pm_peak,False,,False,449.40000000000066,351.80000000000075,4,HAROCTN,0.39271790112792054,1,7.768146926090456,0.0,1.0,1.0,shape_dist_traveled,
SOUSULS,S SOUDER AVE & SULLIVANT AVE,-83.021667,39.952862,1,003,1,1,39,6,am_peak+early+evening+midday+owl+pm_peak,False,,False,247.09999999999965,230.50000000000102,12,SULSOUE,0.46694693378764124,1,1.844446946018965,0.0,0.5,0.21575342465753425,shape_dist_traveled,
RICPARS1,RICHARD AVE & PARLIN DR,-83.07891,39.89484,1,003,1,1,39,6,am_peak+early+evening+midday+owl+pm_peak,False,,False,233.89999999999844,266.5000000000006,7,RICPARN,0.29509214044443716,2,30.65295162669614,0.0,1.0,1.0,shape_dist_traveled,
RICADDIS,RICHARD AVE & ADDISON DR,-83.080326,39.892741,1,003,1,1,39,6,am_peak+early+evening+midday+owl+pm_peak,False,,False,266.5000000000006,196.6000000000001,9,RICADDN,0.31594585021140315,2,19.2642236584203,0.0,1.0,1.0,shape_dist_traveled,
HAR142S,1421 HARRISBURG PIKE,-83.053188,39.929096,1,003,1,1,39,6,am_peak+early+evening+midday+owl+pm_peak,False,,False,204.49999999999946,449.40000000000066,3,HAR144N,1.0146886599289022,1,7.768146926090456,0.0,1.0,1.0,shape_dist_traveled,
SOUSHEW,SOUTHWEST BLVD & SHELDON PL,-83.082824,39.890672,1,003,1,1,39,6,am_peak+early+evening+midday+owl+pm_peak,False,,False,238.19999999999908,196.10000000000127,7,SOUSHEE,0.6014704980807576,2,10.715358448300654,0.0,1.0,1.0,shape_dist_traveled,
KINOPPW1,KING AVE & DELASHMUT AVE,-83.030074,39.991084,1,031,1,1,39,6,am_peak+early+evening+midday+owl+pm_peak,False,,False,294.4999999999993,488.09999999999934,8,KINDELE,0.3588735730660828,1,25.500210952103515,0.0,1.0,1.0,shape_dist_traveled,
BROROSS,BROADWAY & ROSE AVE,-83.0887,39.887921,1,003,1,1,39,6,am_peak+early+evening+midday+owl+pm_peak,False,,False,515.6999999999989,302.7000000000015,3,BROCDRGN,0.8910753664069538,2,13.496667335154648,0.0,1.0,1.0,shape_dist_traveled,
MOC2501W,2501 MOCK RD,-82.94312,40.011264,1,031,1,1,39,6,am_peak+early+evening+midday+owl+pm_peak,False,,False,1234.0999999999997,366.6999999999998,3,MOC250E,0.252163357732583,1,17.97603848977215,0.0,1.0,1.0,shape_dist_traveled,
MOCBREW1,MOCK RD & BRENTNELL AVE,-82.947445,40.011474,1,031,1,1,39,6,am_peak+early+evening+midday+owl+pm_peak,False,,False,366.6999999999998,519.1000000000017,9,MOC2315E,0.23433944025534093,0,0.0,0.0,0.0,0.0,shape_dist_traveled,catchment not reconstructable
MOCWOOW,MOCK RD & WOODLAND AVE,-82.953568,40.011773,1,031,1,1,39,6,am_peak+early+evening+midday+owl+pm_peak,False,,False,519.1000000000017,218.4999999999988,4,MOCWOOE,0.16338943096969571,1,7.9633264970977535,0.0,1.0,1.0,shape_dist_traveled,
MOCPARW,MOCK RD & PARKWOOD AVE,-82.956144,40.011896,1,031,1,1,39,6,am_peak+early+evening+midday+owl+pm_peak,False,,False,218.4999999999988,405.10000000000093,5,PARMOCS,0.6210485614069314,1,7.9633264970977535,0.0,1.0,1.0,shape_dist_traveled,
GRA5THS,GRANDVIEW AVE & W 5TH AVE,-83.044554,39.988404,1,031,1,1,39,6,am_peak+early+evening+midday+owl+pm_peak,False,,False,325.09999999999906,352.9000000000018,12,5THGRANE,0.5162668391584694,2,20.347470277510837,0.0,1.0,1.0,shape_dist_traveled,
HUDOGRW,E HUDSON ST & GRASMERE AVE,-82.984214,40.014491,1,031,1,1,39,6,am_peak+early+evening+midday+owl+pm_peak,False,,False,191.70000000000087,189.29999999999936,11,HUDGRAE,0.4014657870385932,2,9.456450215303583,0.0,1.0,1.0,shape_dist_traveled,
HUDADAE,E HUDSON ST & ADAMS AVE,-83.00679,40.015141,1,031,1,1,39,6,am_peak+early+evening+midday+owl+pm_peak,False,,False,425.39999999999975,196.19999999999925,4,HUDADAW,0.6040162390269462,4,18.1809770393298,0.0,0.4,0.24776500638569607,shape_dist_traveled,
HUDDAYE,E HUDSON ST & DAYTON AVE,-83.004537,40.01534,1,031,1,1,39,6,am_peak+early+evening+midday+owl+pm_peak,False,,False,196.19999999999925,312.8000000000011,8,HUDDAYW,0.23869000615711822,4,18.1809770393298,0.0,0.8,0.722093023255814,shape_dist_traveled,
DIEBURGS,DIERKER RD & BURGOYNE CT,-83.075211,40.061151,1,033,2,1,39,6,am_peak+early+evening+midday+owl+pm_peak,False,,False,291.29999999999967,331.4000000000004,7,DIEPKRN,0.7060809027624859,2,12.384143780413051,0.0,1.0,1.0,shape_dist_traveled,
DIEWENS,DIERKER RD & WENDYS DR,-83.075312,40.058188,1,033,2,1,39,6,am_peak+early+evening+midday+owl+pm_peak,False,,False,331.4000000000004,128.99999999999955,7,DIEWENN,0.3015490227195025,2,12.384143780413051,0.0,1.0,1.0,shape_dist_traveled,
SOUBROW,SOUTHWEST BLVD & BROADWAY,-83.085031,39.890695,1,003,1,1,39,6,am_peak+early+evening+midday+owl+pm_peak,False,,False,196.10000000000127,515.6999999999989,5,SOUBROE,0.4134392056368089,1,5.796833258916747,0.0,1.0,1.0,shape_dist_traveled,
NOR5THS,NORTHWEST BLVD & W 5TH AVE,-83.040987,39.988853,1,003,1,1,39,6,am_peak+early+evening+midday+owl+pm_peak,False,,False,262.59999999999997,226.49999999999972,12,NOR5THN,0.32978935962745315,0,0.0,0.0,0.0,0.0,shape_dist_traveled,catchment not reconstructable
NORTHOSE,NORTHWEST BLVD & THORNWOOD PL,-83.041071,39.986828,1,003,1,1,39,6,am_peak+early+evening+midday+owl+pm_peak,False,,False,226.49999999999972,347.80000000000035,12,NORTHONW,0.32736795426305376,2,14.228590726432035,0.0,1.0,1.0,shape_dist_traveled,
HARHYDS,HARRISBURG PIKE & HYDE RD,-83.071703,39.908824,1,003,1,1,39,6,am_peak+early+evening+midday+owl+pm_peak,False,,False,277.69999999999936,428.2000000000004,3,HARHYDN,0.3734565337426069,1,26.46634982858964,0.0,1.0,1.0,shape_dist_traveled,
3RDOXLE,W 3RD AVE & OXLEY RD,-83.034698,39.984625,1,003,1,1,39,6,am_peak+early+evening+midday+owl+pm_peak,False,,False,327.60000000000036,137.29999999999976,6,3RDOXLW,0.2752360881020274,0,0.0,0.0,0.0,0.0,shape_dist_traveled,catchment not reconstructable
3RDPARE1,W 3RD AVE & PARKWAY DR N,-83.03308,39.98455,1,003,1,1,39,6,am_peak+early+evening+midday+owl+pm_peak,False,,False,137.29999999999976,380.70000000000005,6,3RDNORW,1.2651191884617712,1,53.225469013690024,0.0,0.5,0.810883140053523,shape_dist_traveled,
HENZELE,W HENDERSON RD & ZELLER RD,-83.024862,40.051571,1,033,2,1,39,6,am_peak+early+evening+midday+owl+pm_peak,False,,False,220.29999999999995,511.9999999999987,4,HENZELW,0.46086474135331806,2,15.07762186031378,0.0,1.0,1.0,shape_dist_traveled,
BROMHIGW,BROAD MEADOWS BLVD & N HIGH ST,-83.020529,40.073017,1,033,2,1,39,6,am_peak+early+evening+midday+owl+pm_peak,False,,False,355.80000000000035,382.09999999999764,8,BROMHIGE,0.12843707071225746,1,19.20566978711812,0.0,1.0,1.0,shape_dist_traveled,
SAWWESS,SAWMILL RD & WEST CASE RD,-83.092807,40.073948,1,033,2,1,39,6,am_peak+early+evening+midday+owl+pm_peak,False,,False,648.6,807.6999999999996,1,SAWWESN,1.0883059951955327,2,25.9100880512188,0.0,1.0,1.0,shape_dist_traveled,
SOUMOUS,S SOUDER AVE & THOMAS AVE,-83.02125,39.950833,1,003,1,1,39,6,am_peak+early+evening+midday+owl+pm_peak,False,,False,230.50000000000102,188.49999999999943,9,SOUMOUN,1.088801806976934,1,1.844446946018965,0.0,1.0,1.0,shape_dist_traveled,
WMONSOUW,W MOUND ST & SOUDER AVE,-83.021549,39.94967,1,003,1,1,39,6,am_peak+early+evening+midday+owl+pm_peak,False,,False,188.49999999999943,387.2,8,MOUMOUE,0.8237203949677128,1,1.844446946018965,0.0,0.0,0.0,shape_dist_traveled,
RICSOUS,RICHARD AVE & SOUTHWEST BLVD,-83.080431,39.891031,1,003,1,1,39,6,am_peak+early+evening+midday+owl+pm_peak,False,,False,196.6000000000001,238.19999999999908,6,RICSOUNF,0.278388115594167,2,19.2642236584203,0.0,1.0,1.0,shape_dist_traveled,
BROCENS,BROADWAY & CENTRAL AVE,-83.080843,39.897535,1,003,1,1,39,6,am_peak+early+evening+midday+owl+pm_peak,False,,False,239.4999999999996,340.5000000000023,7,BROCENN,0.5220750512013794,2,91.9003010087863,0.0,1.0,1.0,shape_dist_traveled,
PARBROE,PARLIN DR & WILLOWOOD PL,-83.081192,39.895184,1,003,1,1,39,6,am_peak+early+evening+midday+owl+pm_peak,False,,False,340.5000000000023,233.89999999999844,7,PARBROW,0.20743504453307104,2,17.419776712401344,0.0,0.5,0.2823529411764705,shape_dist_traveled,
BRO200W,200 BROAD MEADOWS BLVD,-83.024386,40.074152,1,033,2,1,39,6,am_peak+early+evening+midday+owl+pm_peak,False,,False,382.09999999999764,360.400000000002,4,209HIGE,1.603964554635818,1,19.20566978711812,0.0,1.0,1.0,shape_dist_traveled,
HENDIEE,W HENDERSON RD & DIERKER RD,-83.075176,40.057055,1,033,2,1,39,6,am_peak+early+evening+midday+owl+pm_peak,False,,False,128.99999999999955,275.6000000000007,5,HENDIEW1,0.2469630670251708,0,0.0,0.0,0.0,0.0,shape_dist_traveled,catchment not reconstructable
HENKNIE,W HENDERSON RD & KNIGHTSBRIDGE BLVD,-83.042169,40.052367,1,033,2,1,39,6,am_peak+early+evening+midday+owl+pm_peak,False,,False,673.1999999999996,399.4,2,HENKNIW,0.4066936360269538,4,27.74867961010754,0.0,1.0,1.0,shape_dist_traveled,
HENLAUE,W HENDERSON RD & LAURALAND DR E,-83.037472,40.051989,1,033,2,1,39,6,am_peak+early+evening+midday+owl+pm_peak,False,,False,399.4,369.09999999999957,3,HENLAUW,0.6504818420410837,2,13.10435639742998,0.0,1.0,1.0,shape_dist_traveled,
HENOLEE,W HENDERSON RD & OLENTANGY RIVER RD,-83.033124,40.051857,1,033,2,1,39,6,am_peak+early+evening+midday+owl+pm_peak,False,,False,369.09999999999957,478.69999999999993,2,HENOLEW,1.5492915163235057,1,4.391540347664202,0.0,0.5,0.44642857142857145,shape_dist_traveled,
HENOLEBE,W HENDERSON RD & OLENTANGY BLVD,-83.027462,40.051691,1,033,2,1,39,6,am_peak+early+evening+midday+owl+pm_peak,False,,False,478.69999999999993,220.29999999999995,3,HENOLEBW,0.29365715997452446,2,15.07762186031378,0.0,0.5,0.33009708737864035,shape_dist_traveled,
HENLARW,W HENDERSON RD & LARWELL DR,-83.062876,40.053532,1,033,2,1,39,6,am_peak+early+evening+midday+owl+pm_peak,False,,False,453.30000000000047,294.3999999999995,3,HENLARE,1.0777568426467257,2,46.31611220003185,0.0,1.0,1.0,shape_dist_traveled,
BROMHIGE,BROAD MEADOWS BLVD & N HIGH ST,-83.020496,40.072928,1,033,2,1,39,6,am_peak+early+evening+midday+owl+pm_peak,False,,False,403.299999999998,311.70000000000186,8,BROMHIGW,0.12843707071225746,1,19.20566978711812,0.0,1.0,1.0,shape_dist_traveled,
HENGETW1,W HENDERSON RD & GETTYSBURG RD,-83.072419,40.056185,1,033,2,1,39,6,am_peak+early+evening+midday+owl+pm_peak,False,,False,579.6000000000001,251.00000000000034,5,HENGETE,0.39090613669216456,1,28.88657650908014,0.0,1.0,1.0,shape_dist_traveled,
HENDIEW1,W HENDERSON RD & DIERKER RD,-83.07506,40.057209,1,033,2,1,39,6,am_peak+early+evening+midday+owl+pm_peak,False,,False,251.00000000000034,107.89999999999989,6,HENDIEE,0.2469630670251708,1,4.977079060686096,0.0,0.0,0.0,shape_dist_traveled,
DIEWENN,DIERKER RD & WENDYS DR,-83.07519,40.057992,1,033,2,1,39,6,am_peak+early+evening+midday+owl+pm_peak,False,,False,107.89999999999989,299.29999999999967,7,DIEWENS,0.3015490227195025,2,12.384143780413051,0.0,1.0,1.0,shape_dist_traveled,
DIEPKRN,DIERKER RD & PARK RUN DR,-83.075033,40.060661,1,033,2,1,39,6,am_peak+early+evening+midday+owl+pm_peak,False,,False,299.29999999999967,458.4999999999999,6,DIEBURGS,0.7060809027624859,2,12.384143780413051,0.0,1.0,1.0,shape_dist_traveled,
HENZELW,W HENDERSON RD & ZELLER RD,-83.024445,40.051658,1,033,2,1,39,6,am_peak+early+evening+midday+owl+pm_peak,False,,False,388.79999999999984,274.40000000000043,5,HENZELE,0.46086474135331806,2,15.07762186031378,0.0,1.0,1.0,shape_dist_traveled,
HENOLEBW,W HENDERSON RD & OLENTANGY BLVD,-83.027674,40.051826,1,033,2,1,39,6,am_peak+early+evening+midday+owl+pm_peak,False,,False,274.40000000000043,581.4999999999997,3,HENOLEBE,0.29365715997452446,1,4.977079060686096,0.0,0.5,0.33009708737864035,shape_dist_traveled,
HENLAUW,W HENDERSON RD & LAURALAND DR E,-83.038007,40.052214,1,033,2,1,39,6,am_peak+early+evening+midday+owl+pm_peak,False,,False,294.90000000000015,349.1999999999997,4,HENLAUE,0.6504818420410837,2,13.10435639742998,0.0,1.0,1.0,shape_dist_traveled,
SAWKAYN,SAWMILL RD & KAYS RD,-83.092173,40.080186,1,033,2,1,39,6,am_peak+early+evening+midday+owl+pm_peak,False,,False,784.8000000000006,634.599999999999,1,SAWKAYS,0.7070057479931224,2,35.717861494335516,0.0,1.0,1.0,shape_dist_traveled,
SAWCRAN,SAWMILL RD & CRANSTON DR,-83.091922,40.085843,1,033,2,1,39,6,am_peak+early+evening+midday+owl+pm_peak,False,,False,634.599999999999,347.20000000000084,3,SAWCRAS,1.4757365889466052,1,12.94040555778385,0.0,1.0,1.0,shape_dist_traveled,
SAWMTULN,SAWMILL RD & TULLER PARKWAY,-83.091766,40.08894,1,033,2,1,39,6,am_peak+early+evening+midday+owl+pm_peak,False,,False,347.20000000000084,340.29999999999916,4,SAWMKRIS,1.028571566219713,0,0.0,0.0,0.0,0.0,shape_dist_traveled,catchment not reconstructable
620SAWN,6200 SAWMILL RD,-83.091607,40.091971,1,033,2,1,39,6,am_peak+early+evening+midday+owl+pm_peak,False,,False,340.29999999999916,440.5000000000001,2,617SAWS,0.3754974659331545,0,0.0,0.0,0.0,0.0,shape_dist_traveled,catchment not reconstructable
HENKENW,W HENDERSON RD & KENNY RD,-83.050176,40.053182,1,033,2,1,39,6,am_peak+early+evening+midday+owl+pm_peak,False,,False,688.4000000000005,621.3999999999995,7,HENKENE,0.3481055590327161,4,30.623674691045046,0.0,1.0,1.0,shape_dist_traveled,
HENWINW,W HENDERSON RD & WINTERSET DR,-83.057521,40.053415,1,033,2,1,39,6,am_peak+early+evening+midday+owl+pm_peak,False,,False,621.3999999999995,453.30000000000047,2,HENWINE,0.39996476211970167,2,13.26245184994589,0.0,1.0,1.0,shape_dist_traveled,
HUDMCGW,E HUDSON ST & MCGUFFEY RD,-82.981954,40.014379,1,031,1,1,39,6,am_peak+early+evening+midday+owl+pm_peak,False,,False,379.7999999999995,191.70000000000087,12,MCGHUDN,0.8154423466573751,3,11.095958611764885,0.0,0.25,0.12416851441241686,shape_dist_traveled,
KINOLEE,KING AVE & OLENTANGY RIVER RD,-83.027095,39.990859,1,031,1,1,39,6,am_peak+early+evening+midday+owl+pm_peak,False,,False,278.40000000000043,348.7999999999998,8,KINOLEW,0.5459991912666166,0,0.0,0.0,0.0,0.0,shape_dist_traveled,catchment not reconstructable
HIGBROMS,HIGHFIELD DR & BROAD MEADOWS BLVD,-83.027812,40.073699,1,033,2,1,39,6,am_peak+early+evening+midday+owl+pm_peak,False,,False,360.400000000002,254.09999999999755,2,209HIGE,3.0544732045680956,1,19.20566978711812,0.0,1.0,1.0,shape_dist_traveled,
GRA3RDS,GRANDVIEW AVE & W 3RD AVE,-83.044828,39.985258,1,031,1,1,39,6,am_peak+early+evening+midday+owl+pm_peak,False,,False,352.9000000000018,499.69999999999715,6,GRA3RDN,0.2096524718378411,1,10.45186602744082,0.0,0.5,0.6155172413793109,shape_dist_traveled,
HUDSILE,E HUDSON ST & SILVER DR,-82.996318,40.014855,1,031,1,1,39,6,am_peak+early+evening+midday+owl+pm_peak,False,,False,385.49999999999864,423.4000000000009,6,HUDSILW,0.5166627494161594,1,2.7520319512029,0.0,0.5,0.4921465968586388,shape_dist_traveled,
HUDDAYW,E HUDSON ST & DAYTON AVE,-83.004339,40.01542,1,031,1,1,39,6,am_peak+early+evening+midday+owl+pm_peak,False,,False,330.89999999999975,258.10000000000065,8,HUDDAYE,0.23869000615711822,5,25.178164659941427,0.0,0.8,0.722093023255814,shape_dist_traveled,
HUDADAW,E HUDSON ST & ADAMS AVE,-83.007355,40.015167,1,031,1,1,39,6,am_peak+early+evening+midday+owl+pm_peak,False,,False,258.10000000000065,397.8000000000002,5,HUDADAE,0.6040162390269462,3,10.422589091789707,0.0,0.4,0.24776500638569607,shape_dist_traveled,
KENKINN2,KENNY RD & KING AVE,-83.035163,39.991666,1,031,1,1,39,6,am_peak+early+evening+midday+owl+pm_peak,False,,False,488.09999999999934,384.6000000000025,5,KINKENE1,0.8510141733207947,2,46.0818967148231,0.0,1.0,1.0,shape_dist_traveled,
SUNSUNS,SUNBURY RD & SUNBURY RIDGE DR,-82.934407,40.013602,1,031,1,1,39,6,am_peak+early+evening+midday+owl+pm_peak,False,,False,1536.6999999999998,1234.0999999999997,1,SUNSUNN,0.24514824462142387,0,0.0,0.0,0.0,0.0,shape_dist_traveled,catchment not reconstructable
MOUYALW,W MOUND ST & S YALE AVE,-83.029224,39.947614,1,003,1,1,39,6,am_peak+early+evening+midday+owl+pm_peak,False,,False,300.49999999999955,322.30000000000024,3,MOUGLENE,0.734813648409416,0,0.0,0.0,0.0,0.0,shape_dist_traveled,catchment not reconstructable
MOUPRIW,W MOUND ST & S PRINCETON AVE,-83.032797,39.94665,1,003,1,1,39,6,am_peak+early+evening+midday+owl+pm_peak,False,,False,322.30000000000024,430.1000000000013,6,MOUHARE,2.0868509869532517,0,0.0,0.0,0.0,0.0,shape_dist_traveled,catchment not reconstructable
HUDDELW,E HUDSON ST & DELBERT RD,-82.959119,40.013367,1,031,1,1,39,6,am_peak+early+evening+midday+owl+pm_peak,False,,False,405.10000000000093,265.39999999999964,5,HUDFIOE,1.640005169848853,1,7.494895526680239,0.0,1.0,1.0,shape_dist_traveled,
MOCWOOE,MOCK RD & WOODLAND AVE,-82.953585,40.011656,1,031,1,1,39,6,am_peak+early+evening+midday+owl+pm_peak,False,,False,278.20000000000175,537.0999999999988,4,MOCWOOW,0.16338943096969571,1,7.9633264970977535,0.0,1.0,1.0,shape_dist_traveled,
KENKINS1,KENNY RD KINNEAR RD,-83.034914,39.997343,1,031,1,1,39,6,am_peak+early+evening+midday+owl+pm_peak,False,,False,527.1999999999997,259.50000000000006,3,KENKINN1,1.0421387254653514,1,20.581685762719587,0.0,1.0,1.0,shape_dist_traveled,
NORSUFSE,NORTHWEST BLVD & SUFFOLK RD,-83.058154,40.003773,1,003,1,1,39,6,am_peak+early+evening+midday+owl+pm_peak,False,,False,344.8,301.7000000000001,5,NORBRANW,1.4841031126429554,3,15.165452667267045,0.0,0.6666666666666666,0.640926640926641,shape_dist_traveled,
NORGUISE,NORTHWEST BLVD & GUILFORD RD,-83.055682,40.001889,1,003,1,1,39,6,am_peak+early+evening+midday+owl+pm_peak,False,,False,301.7000000000001,212.40000000000015,5,NORGUINW,0.57716811898945,2,18.942177366258285,0.0,1.0,1.0,shape_dist_traveled,
NORBARSE,NORTHWEST BLVD & BARRINGTON RD,-83.05453,40.00021,1,003,1,1,39,6,am_peak+early+evening+midday+owl+pm_peak,False,,False,212.40000000000015,263.70000000000005,6,NORBARNW,0.8729072559777821,2,18.942177366258285,0.0,1.0,1.0,shape_dist_traveled,
HENGETE,HENDERSON RD & GETTYSBURG RD,-83.072275,40.055926,1,033,2,1,39,6,am_peak+early+evening+midday+owl+pm_peak,False,,False,275.6000000000007,554.1999999999998,5,HENGETW1,0.39090613669216456,1,28.88657650908014,0.0,1.0,1.0,shape_dist_traveled,
HENREEE,W HENDERSON RD & REED RD,-83.066398,40.053712,1,033,2,1,39,6,am_peak+early+evening+midday+owl+pm_peak,False,,False,554.1999999999998,380.8000000000007,3,HENREEW,0.31598311444257515,3,75.202688709112,0.0,0.6666666666666666,0.681309216192937,shape_dist_traveled,
HENLARE,W HENDERSON RD & LARWELL DR,-83.061931,40.053257,1,033,2,1,39,6,am_peak+early+evening+midday+owl+pm_peak,False,,False,380.8000000000007,369.29999999999905,5,HENLARW,1.0777568426467257,2,46.31611220003185,0.0,1.0,1.0,shape_dist_traveled,
MOC250E,2501 MOCK RD,-82.943326,40.011175,1,031,1,1,39,6,am_peak+early+evening+midday+owl+pm_peak,False,,False,333.6000000000006,1266.1999999999978,6,MOC2501W,0.252163357732583,1,17.97603848977215,0.0,1.0,1.0,shape_dist_traveled,
SUNSUNN,SUNBURY RD & SUNBURY RIDGE DR,-82.934246,40.013728,1,031,1,1,39,6,am_peak+early+evening+midday+owl+pm_peak,False,,False,1266.1999999999978,1541.6000000000026,1,SUNSUNS,0.24514824462142387,0,0.0,0.0,0.0,0.0,shape_dist_traveled,catchment not reconstructable
HUDAUDE,E HUDSON ST & AUDUBON RD,-82.991329,40.014662,1,031,1,1,39,6,am_peak+early+evening+midday+owl+pm_peak,False,,False,423.4000000000009,248.3000000000004,4,HUDHOMW,1.2433852898694817,1,7.572967355083158,0.0,1.0,1.0,shape_dist_traveled,
NORZOLS,NORTHWEST BLVD & ZOLLINGER RD,-83.057507,40.018418,1,003,1,1,39,6,am_peak+early+evening+midday+owl+pm_peak,False,,False,299.5,429.59999999999997,3,ZOLNORW3,0.7081318613112397,2,22.49723383817693,0.0,1.0,1.0,shape_dist_traveled,
HUDMCGE,E HUDSON ST & MCGUFFEY RD,-82.980606,40.014207,1,031,1,1,39,6,am_peak+early+evening+midday+owl+pm_peak,False,,False,279.79999999999984,368.9,11,MCGHUDS,1.009154389915425,2,3.7474477633401193,0.0,0.25,0.1647597254004577,shape_dist_traveled,
HUDFIOE,E HUDSON ST & FIONA LN,-82.957596,40.013209,1,031,1,1,39,6,am_peak+early+evening+midday+owl+pm_peak,False,,False,404.70000000000005,213.10000000000073,6,HUDDELW,1.640005169848853,1,7.494895526680239,0.0,1.0,1.0,shape_dist_traveled,
PARMOCS,PARKWOOD AVE & MOCK RD,-82.956636,40.012135,1,031,1,1,39,6,am_peak+early+evening+midday+owl+pm_peak,False,,False,213.10000000000073,278.20000000000175,5,MOCPARW,0.6210485614069314,1,7.9633264970977535,0.0,1.0,1.0,shape_dist_traveled,
CEMLUXE,CEMETERY RD & LUXAIR DR,-83.155566,40.030144,2,021+032,2,1,39,6,am_peak+early+evening+midday+owl+pm_peak,False,,True,773.9,277.89999999999895,3,CEMFRAW,1.6419092847303554,0,0.0,0.0,0.0,0.0,shape_dist_traveled,transfer point (2 routes); catchment not reconstructable
CEMNORE,CEMETERY RD & NORWICH ST,-83.152294,40.030429,2,021+032,2,1,39,6,am_peak+early+evening+midday+owl+pm_peak,False,,True,277.89999999999895,293.1999999999988,4,CEMNORW,1.6714964944307087,0,0.0,0.0,0.0,0.0,shape_dist_traveled,transfer point (2 routes); catchment not reconstructable
CEMWBE,CEMETERY RD & WESTBROOK DR,-83.148869,40.03077,2,021+032,2,1,39,6,am_peak+early+evening+midday+owl+pm_peak,False,,True,293.1999999999988,483.0000000000001,3,CEMBERLW,0.7086284571042389,1,34.1954608404786,0.0,1.0,1.0,shape_dist_traveled,transfer point (2 routes)
CLEFUJN,CLEVELAND AVE & FUJI DR,-82.950661,40.088773,2,043+101,2,1,39,6,am_peak+early+evening+midday+owl+pm_peak,False,,True,278.299999999998,504.0999999999975,3,CLEFUJS,1.141955679965598,2,38.01819215263585,0.0,1.0,1.0,shape_dist_traveled,transfer point (2 routes)
CLEBLEN1,CLEVELAND AVE & BLENDON WOODS BLVD,-82.950309,40.093262,2,043+101,2,1,39,6,am_peak+early+evening+midday+owl+pm_peak,False,,True,504.0999999999975,308.49999999999864,3,CLEBLES1,0.3073069263270087,2,23.438278198390677,0.0,1.0,1.0,shape_dist_traveled,transfer point (2 routes)
CLEBELLN,CLEVELAND AVE & BELLA VIA AVE,-82.950126,40.096009,2,043+101,2,1,39,6,am_peak+early+evening+midday+owl+pm_peak,False,,True,308.49999999999864,221.49999999999892,5,CLEDEES,0.4748845851139155,1,8.783080695328405,0.0,1.0,1.0,shape_dist_traveled,transfer point (2 routes)
COLDULE,COLUMBUS ST & DUDLEY AVE,-83.08968,39.881944,1,003,1,1,39,6,am_peak+early+evening+midday+owl+pm_peak,False,,False,240.99999999999966,349.4000000000028,6,COLDUDLW,0.408539014884248,2,22.923840614807137,0.0,1.0,1.0,shape_dist_traveled,
CEMBRIW,CEMETERY RD & BRITTON PKWY,-83.132123,40.032468,2,021+032,2,1,39,6,am_peak+early+evening+midday+owl+pm_peak,False,,True,442.80000000000007,396.39999999999986,5,BRICEMN,1.2343035169062766,0,0.0,0.0,0.0,0.0,shape_dist_traveled,transfer point (2 routes); catchment not reconstructable
CEMFRAW,CEMETERY RD & FRANKLIN ST,-83.157103,40.030202,2,021+032,2,1,39,6,am_peak+early+evening+midday+owl+pm_peak,False,,True,275.00000000000034,657.3999999999991,2,CEMLUXE,1.6419092847303554,0,0.0,0.0,0.0,0.0,shape_dist_traveled,transfer point (2 routes); catchment not reconstructable
500CLEN,500 S CLEVELAND AVE,-82.948725,40.11461,2,043+101,2,1,39,6,am_peak+early+evening+midday+owl+pm_peak,False,,True,208.60000000000056,175.20000000000024,6,CLECOPS,1.6696888760902429,0,0.0,0.0,0.0,0.0,shape_dist_traveled,transfer point (2 routes); catchment not reconstructable
CLE340N,340 S CLEVELAND AVE,-82.948658,40.11617,2,043+101,2,1,39,6,am_peak+early+evening+midday+owl+pm_peak,False,,True,175.20000000000024,497.799999999998,5,CLE340S1,0.7551933561848292,0,0.0,0.0,0.0,0.0,shape_dist_traveled,transfer point (2 routes); catchment not reconstructable
CLECOON,S CLEVELAND AVE & COOPER RD,-82.948366,40.120612,2,043+101,2,1,39,6,am_peak+early+evening+midday+owl+pm_peak,False,,True,497.799999999998,419.4999999999993,1,CLEOLDS,1.0408649507871153,1,92.22234730094807,0.0,1.0,1.0,shape_dist_traveled,transfer point (2 routes)
CLEHOMN,CLEVELAND AVE & HOME ACRE DR,-82.94997,40.097984,2,043+101,2,1,39,6,am_peak+early+evening+midday+owl+pm_peak,False,,True,221.49999999999892,332.9999999999984,5,CLEHOMS,0.46140301556388963,1,8.783080695328405,0.0,1.0,1.0,shape_dist_traveled,transfer point (2 routes)
SAWDUBS,SAWMILL RD & DUBLIN-GRANVILLE RD,-83.091695,40.096309,1,033,2,1,39,6,am_peak+early+evening+midday+owl+pm_peak,False,,False,375.70000000000016,503.0000000000001,4,SAWDUBN,0.6632138830897919,0,0.0,0.0,0.0,0.0,shape_dist_traveled,catchment not reconstructable
617SAWS,6175 SAWMILL RD,-83.091892,40.091812,1,033,2,1,39,6,am_peak+early+evening+midday+owl+pm_peak,False,,False,503.0000000000001,399.2999999999998,3,620SAWN,0.3754974659331545,0,0.0,0.0,0.0,0.0,shape_dist_traveled,catchment not reconstructable
HUDPONE,E HUDSON ST & PONTIAC ST,-82.988402,40.014537,1,031,1,1,39,6,am_peak+early+evening+midday+owl+pm_peak,False,,False,248.3000000000004,206.39999999999858,7,HUDPONW,1.4375853420889706,2,9.456450215303583,0.0,0.5,0.25386996904024767,shape_dist_traveled,
HUDATWE,E HUDSON ST & ATWOOD TERRACE,-82.985966,40.014441,1,031,1,1,39,6,am_peak+early+evening+midday+owl+pm_peak,False,,False,206.39999999999858,174.30000000000058,8,HUDHIAW,0.5585223516727431,2,9.456450215303583,0.0,1.0,1.0,shape_dist_traveled,
COLHAUGE,COLUMBUS ST & HAUGHN RD,-83.085631,39.881565,1,003,1,1,39,6,am_peak+early+evening+midday+owl+pm_peak,False,,False,349.4000000000028,377.4999999999977,4,COLHAUGW,0.45363268083154706,2,16.102314608102077,0.0,1.0,1.0,shape_dist_traveled,
COLRICE,COLUMBUS ST & RICHARD AVE,-83.08118,39.881411,1,003,1,1,39,6,am_peak+early+evening+midday+owl+pm_peak,False,,False,377.4999999999977,326.29999999999984,5,COLRICW,0.3763599042806007,2,17.60519730485827,0.0,0.6666666666666666,0.7762478485370052,shape_dist_traveled,
COLBOKPE,COLUMBUS ST & BROOKPARK CIR,-83.077333,39.881302,1,003,1,1,39,6,am_peak+early+evening+midday+owl+pm_peak,False,,False,326.29999999999984,521.3999999999999,3,COLSECW,0.5124575551020263,3,22.679866151048014,0.0,1.0,1.0,shape_dist_traveled,
HUDPONW,E HUDSON ST & PONTIAC ST,-82.989708,40.014791,1,031,1,1,39,6,am_peak+early+evening+midday+owl+pm_peak,False,,False,276.6000000000002,234.39999999999907,5,HUDPONE,1.4375853420889706,1,2.400708723389764,0.0,0.5,0.25386996904024767,shape_dist_traveled,
HUDHOMW,E HUDSON ST & HOMECROFT DR,-82.992479,40.014806,1,031,1,1,39,6,am_peak+early+evening+midday+owl+pm_peak,False,,False,234.39999999999907,289.1000000000013,5,HUDAUDE,1.2433852898694817,1,7.572967355083158,0.0,1.0,1.0,shape_dist_traveled,
HUDSILW,E HUDSON ST & SILVER DR,-82.995884,40.01502,1,031,1,1,39,6,am_peak+early+evening+midday+owl+pm_peak,False,,False,289.1000000000013,387.3999999999995,6,HUDSILE,0.5166627494161594,2,10.324999306286058,0.0,0.5,0.4921465968586388,shape_dist_traveled,
NORKINSE,NORTHWEST BLVD & KINGS CT,-83.045172,39.994958,1,003,1,1,39,6,am_peak+early+evening+midday+owl+pm_peak,False,,False,172.69999999999985,323.3000000000001,10,NORINDNW,0.41956288881536585,2,18.64940800974732,0.0,1.0,1.0,shape_dist_traveled,
NORCHASE,NORTHWEST BLVD & CHAMBERS RD,-83.04192,39.993449,1,003,1,1,39,6,am_peak+early+evening+midday+owl+pm_peak,False,,False,323.3000000000001,296.3,7,NORCHAWF,1.4319390021936886,1,20.581685762719587,0.0,0.0,0.0,shape_dist_traveled,
NORKINGS,NORTHWEST BLVD & KING AVE,-83.04078,39.991189,1,003,1,1,39,6,am_peak+early+evening+midday+owl+pm_peak,False,,False,296.3,262.59999999999997,12,NORKINN,0.3452773385857186,0,0.0,0.0,0.0,0.0,shape_dist_traveled,catchment not reconstructable
KENSTELN,KENNY RD & STEELWOOD RD,-83.034935,39.995093,1,031,1,1,39,6,am_peak+early+evening+midday+owl+pm_peak,False,,False,384.6000000000025,368.9,4,KENSTELS,0.16971559189279944,1,20.581685762719587,0.0,1.0,1.0,shape_dist_traveled,
MOC2315E,2315 MOCK RD,-82.947271,40.011371,1,031,1,1,39,6,am_peak+early+evening+midday+owl+pm_peak,False,,False,537.0999999999988,333.6000000000006,9,MOCBREW1,0.23433944025534093,0,0.0,0.0,0.0,0.0,shape_dist_traveled,catchment not reconstructable
HENOLEW,W HENDERSON RD & OLENTANGY RIVER RD,-83.034536,40.052119,1,033,2,1,39,6,am_peak+early+evening+midday+owl+pm_peak,False,,False,581.4999999999997,294.90000000000015,3,HENOLEE,1.5492915163235057,2,13.10435639742998,0.0,0.5,0.44642857142857145,shape_dist_traveled,
KENKINN1,KENNY RD & KINNEAR RD,-83.03556,39.997906,1,031,1,1,39,6,am_peak+early+evening+midday+owl+pm_peak,False,,False,368.9,481.9999999999993,3,KENKINS1,1.0421387254653514,1,20.581685762719587,0.0,1.0,1.0,shape_dist_traveled,
KIN1218W,1218 KINNEAR RD,-83.041241,39.998162,1,031,1,1,39,6,am_peak+early+evening+midday+owl+pm_peak,False,,False,481.9999999999993,807.9000000000001,1,KIN1197E,0.9237261284764806,0,0.0,0.0,0.0,0.0,shape_dist_traveled,catchment not reconstructable
NOSTARS,NORTH STAR RD & PRESIDENTIAL DR,-83.048622,39.997304,1,031,1,1,39,6,am_peak+early+evening+midday+owl+pm_peak,False,,False,807.9000000000001,372.5999999999985,10,NOSTARN,0.4062592326629414,1,7.436341655378049,0.0,0.0,0.0,shape_dist_traveled,
NORTRES1,NORTH STAR RD & TREMONT RD,-83.048848,39.993986,1,031,1,1,39,6,am_peak+early+evening+midday+owl+pm_peak,False,,False,372.5999999999985,305.5000000000021,11,NORCHAN,0.4560491456042518,1,11.213066354369271,0.0,0.5,0.601255886970173,shape_dist_traveled,
HENKNIW,W HENDERSON RD &  KNIGHTSBRIDGE BLVD,-83.042086,40.052653,1,033,2,1,39,6,am_peak+early+evening+midday+owl+pm_peak,False,,False,349.1999999999997,688.4000000000005,2,HENKNIE,0.4066936360269538,4,27.74867961010754,0.0,1.0,1.0,shape_dist_traveled,
209HIGE,209 HIGHFIELD DR,-83.02505,40.073115,1,033,2,1,39,6,am_peak+early+evening+midday+owl+pm_peak,False,,False,254.09999999999755,403.299999999998,4,BRO200W,1.603964554635818,1,19.20566978711812,0.0,1.0,1.0,shape_dist_traveled,
HUDHIAW,E HUDSON ST & HIAWATHA ST,-82.986449,40.014596,1,031,1,1,39,6,am_peak+early+evening+midday+owl+pm_peak,False,,False,189.29999999999936,276.6000000000002,6,HUDATWE,0.5585223516727431,2,9.456450215303583,0.0,1.0,1.0,shape_dist_traveled,
COPSCHS,COOPER RD & SCHROCK RD,-82.942927,40.111205,1,101,1,1,39,6,am_peak+early+evening+midday+owl+pm_peak,False,,False,516.3000000000002,348.3999999999998,5,COOSCHN,0.1802437465226197,1,58.43676355958493,0.0,1.0,1.0,shape_dist_traveled,
NORTRA5,NORTHLAND TRANSIT CENTER BAY 5,-82.951541,40.082897,1,101,1,1,39,6,am_peak+early+evening+midday+owl+pm_peak,False,,False,497.8999999999996,1365.6000000000006,11,NORTRA4,0.19960750987635928,1,17.829653811516685,0.0,1.0,1.0,shape_dist_traveled,
KINDELE,KING AVE & DELASHMUT AVE,-83.030377,39.990972,1,031,1,1,39,6,am_peak+early+evening+midday+owl+pm_peak,False,,False,370.59999999999957,278.40000000000043,8,KINOPPW1,0.3588735730660828,1,25.500210952103515,0.0,1.0,1.0,shape_dist_traveled,
OAKOSCE,OAKLAND PARK AVE & OSCEOLA DR,-82.987978,40.032392,2,011+032,2,1,39,6,am_peak+early+evening+midday+owl+pm_peak,False,,True,154.49999999999875,320.70000000000044,8,OAKMAIW,1.2593406922479868,2,11.213066354369264,0.0,0.5,0.25848563968668403,shape_dist_traveled,transfer point (2 routes)
OAKATWE,OAKLAND PARK AVE & ATWOOD TERRACE,-82.984202,40.032219,2,011+032,2,1,39,6,am_peak+early+evening+midday+owl+pm_peak,False,,True,320.70000000000044,381.99999999999966,7,OAKATWW,0.4318139913239144,2,11.213066354369264,0.0,1.0,1.0,shape_dist_traveled,transfer point (2 routes)
CLECTLRS,CLEVELAND AVE & COUNTY LINE RD,-82.947405,40.137448,1,101,1,1,39,6,am_peak+early+evening+midday+owl+pm_peak,False,,False,343.5000000000001,1481.5,3,CLECTLRN,1.0113519349183338,0,0.0,0.0,0.0,0.0,shape_dist_traveled,catchment not reconstructable
SCHCLEE,W SCHROCK RD & CLEVELAND AVE,-82.947825,40.11071,2,043+101,2,1,39,6,am_peak+early+evening+midday+owl+pm_peak,False,,True,1198.1999999999998,480.3999999999995,6,CLESCHN,1.4084601017237859,0,0.0,0.0,0.0,0.0,shape_dist_traveled,transfer point (2 routes); catchment not reconstructable
SAWKAYS,SAWMILL RD & KAYS RD,-83.092491,40.079739,1,033,2,1,39,6,am_peak+early+evening+midday+owl+pm_peak,False,,False,568.3999999999995,648.6,1,SAWKAYN,0.7070057479931224,2,35.717861494335516,0.0,1.0,1.0,shape_dist_traveled,
CLEMAINN,CLEVELAND AVE & W MAIN ST,-82.948058,40.124349,2,043+101,2,1,39,6,am_peak+early+evening+midday+owl+pm_peak,False,,True,419.4999999999993,466.0000000000011,2,CLEMAIS1,0.34725004042409746,1,92.22234730094807,0.0,1.0,1.0,shape_dist_traveled,transfer point (2 routes)
SAWCRAS,SAWMILL RD & CRANSTON DR,-83.092239,40.084808,1,033,2,1,39,6,am_peak+early+evening+midday+owl+pm_peak,False,,False,386.3000000000003,568.3999999999995,2,SAWCRAN,1.4757365889466052,1,12.94040555778385,0.0,1.0,1.0,shape_dist_traveled,
SAWMKRIS,SAWMILL RD & KRIER DR,-83.092118,40.08825,1,033,2,1,39,6,am_peak+early+evening+midday+owl+pm_peak,False,,False,399.2999999999998,386.3000000000003,4,SAWMTULN,1.028571566219713,0,0.0,0.0,0.0,0.0,shape_dist_traveled,catchment not reconstructable
VAN741S,VANTAGE DR & HUTCHINSON AVE,-83.014782,40.114346,2,041+102,2,1,39,6,am_peak+early+evening+midday+owl+pm_peak,False,,True,215.1999999999994,309.89999999999895,4,44HUTCH,0.47165264010900126,0,0.0,0.0,0.0,0.0,shape_dist_traveled,transfer point (2 routes); catchment not reconstructable
HUTHIGE,HUTCHINSON AVE & HIGH CROSS BLVD,-83.011456,40.113921,2,041+102,2,1,39,6,am_peak+early+evening+midday+owl+pm_peak,False,,True,309.89999999999895,467.3000000000016,4,HUTCHHC,1.0430752625447297,0,0.0,0.0,0.0,0.0,shape_dist_traveled,transfer point (2 routes); catchment not reconstructable
HUN733N,7330 HUNTINGTON PARK DR,-83.006163,40.114376,2,041+102,2,1,39,6,am_peak+early+evening+midday+owl+pm_peak,False,,True,467.3000000000016,288.4999999999991,3,346HUTCH,0.23977394178764402,1,77.05689463368083,0.0,1.0,1.0,shape_dist_traveled,transfer point (2 routes)
NOSTARN,NORTH STAR RD & PRESIDENTIAL DR,-83.048475,39.997574,1,031,1,1,39,6,am_peak+early+evening+midday+owl+pm_peak,False,,False,368.40000000000026,795.7,9,NOSTARS,0.4062592326629414,0,0.0,0.0,0.0,0.0,shape_dist_traveled,catchment not reconstructable
CLEWESS,N CLEVELAND AVE & EXECUTIVE CAMPUS DR,-82.947031,40.143319,1,101,1,1,39,6,am_peak+early+evening+midday+owl+pm_peak,False,,False,749.5,313.4999999999999,5,CLEALTN,1.3806681175998967,0,0.0,0.0,0.0,0.0,shape_dist_traveled,catchment not reconstructable
NORCHAN,NORTH STAR RD & CHAMBERS RD,-83.048668,39.994284,1,031,1,1,39,6,am_peak+early+evening+midday+owl+pm_peak,False,,False,297.4999999999999,368.40000000000026,11,NORTRES1,0.4560491456042518,2,18.64940800974732,0.0,0.5,0.601255886970173,shape_dist_traveled,
SAISVCOP,ST ANNS W SVC RD & COPELAND MILL RD,-82.947046,40.112875,1,101,1,1,39,6,am_peak+early+evening+midday+owl+pm_peak,False,,False,553.9999999999994,516.3000000000002,8,SAICLEN,0.9839584140693441,0,0.0,0.0,0.0,0.0,shape_dist_traveled,catchment not reconstructable
KINSTAW,KING AVE & NORTH STAR AVE,-83.04874,39.991836,1,031,1,1,39,6,am_peak+early+evening+midday+owl+pm_peak,False,,False,411.59999999999997,297.4999999999999,9,KINSTAE,0.57652721683891,1,11.213066354369271,0.0,1.0,1.0,shape_dist_traveled,
GRAKINGN,GRANDVIEW AVE & KING AVE,-83.04416,39.99135,1,031,1,1,39,6,am_peak+early+evening+midday+owl+pm_peak,False,,False,251.59999999999982,411.59999999999997,12,GRAKINGS,0.16692948554907236,2,21.10867060443929,0.0,1.0,1.0,shape_dist_traveled,
NCLEWESS,N CLEVELAND AVE & WESTAR BLVD,-82.947178,40.140513,1,101,1,1,39,6,am_peak+early+evening+midday+owl+pm_peak,False,,False,313.4999999999999,343.5000000000001,3,CLEWESTN,0.26963819702192643,0,0.0,0.0,0.0,0.0,shape_dist_traveled,catchment not reconstructable
CLECOMN,CLEVELAND AVE & COMMUNITY PARK DR,-82.949676,40.100943,2,043+101,2,1,39,6,am_peak+early+evening+midday+owl+pm_peak,False,,True,332.9999999999984,1198.1999999999998,3,CLECOMS,1.733665667863722,0,0.0,0.0,0.0,0.0,shape_dist_traveled,transfer point (2 routes); catchment not reconstructable
STAPOLN,N STATE ST & POLARIS PKWY,-82.923214,40.147724,1,102,1,1,38,6,am_peak+early+evening+midday+owl+pm_peak,False,,False,537.700000000001,483.4999999999994,2,POLSTAE,1.5012924297160395,0,0.0,0.0,0.0,0.0,shape_dist_traveled,catchment not reconstructable
HIGNORN3,HIGH ST & E NORTH ST,-83.017751,40.092803,1,102,1,1,38,6,am_peak+early+evening+midday+owl+pm_peak,False,,False,230.40000000000128,397.69999999999686,5,HIGNORTS,0.30062400264164735,2,22.914081636256785,0.0,1.0,1.0,shape_dist_traveled,
HIGWORN,N HIGH ST & WORTHINGTON GALENA RD,-83.017476,40.096341,1,102,1,1,38,6,am_peak+early+evening+midday+owl+pm_peak,False,,False,397.69999999999686,299.40000000000214,4,HIGWORS,1.2983115129787626,1,5.308884331398502,0.0,1.0,1.0,shape_dist_traveled,
HAMHOMS,S HAMILTON RD & HOMER OHIO LN,-82.884568,39.875005,1,024,1,1,38,6,am_peak+early+evening+midday+owl+pm_peak,False,,False,411.59999999999997,3163.8999999999983,1,HAMHOMN,1.131095959987738,0,0.0,0.0,0.0,0.0,shape_dist_traveled,catchment not reconstructable
GREGROS,GREEN POINTE DR S & GROVEPORT RD,-82.902785,39.855422,1,024,1,1,38,6,am_peak+early+evening+midday+owl+pm_peak,False,,False,3163.8999999999983,748.6999999999995,1,GREGRON,0.20015400823035034,0,0.0,0.0,0.0,0.0,shape_dist_traveled,catchment not reconstructable
GRE590S,5905 GREEN POINTE DR S,-82.903814,39.848865,1,024,1,1,38,6,am_peak+early+evening+midday+owl+pm_peak,False,,False,748.6999999999995,411.59999999999997,3,GRE592N,0.4692241719916507,0,0.0,0.0,0.0,0.0,shape_dist_traveled,catchment not reconstructable
GRESALS,GREEN POINTE DR S & SALTZGARBER RD,-82.907394,39.846654,1,024,1,1,38,6,am_peak+early+evening+midday+owl+pm_peak,False,,False,411.59999999999997,520.8000000000013,3,GRESALN,0.25880349271625813,0,0.0,0.0,0.0,0.0,shape_dist_traveled,catchment not reconstructable
COMGRES,GREEN POINTE DR S & COMMERCE CENTER DR,-82.91257,39.845796,1,024,1,1,38,6,am_peak+early+evening+midday+owl+pm_peak,False,,False,520.8000000000013,518.1000000000005,1,COMGREN,0.4550255261090256,0,0.0,0.0,0.0,0.0,shape_dist_traveled,catchment not reconstructable
COMROHS,COMMERCE CENTER DR & ROHR RD,-82.912947,39.84118,1,024,1,1,38,6,am_peak+early+evening+midday+owl+pm_peak,False,,False,518.1000000000005,1080.8999999999996,1,COMROHN,0.2823511413511409,0,0.0,0.0,0.0,0.0,shape_dist_traveled,catchment not reconstructable
COMROHN,COMMERCE CENTER DR & ROHR RD,-82.912732,39.841298,1,024,1,1,38,6,am_peak+early+evening+midday+owl+pm_peak,False,,False,1103.9000000000003,537.0999999999997,1,COMROHS,0.2823511413511409,0,0.0,0.0,0.0,0.0,shape_dist_traveled,catchment not reconstructable
COMGREN,COMMERCE CENTER DR & GREEN POINTE DR S,-82.912353,39.846078,1,024,1,1,38,6,am_peak+early+evening+midday+owl+pm_peak,False,,False,537.0999999999997,503.3000000000003,1,COMGRES,0.4550255261090256,0,0.0,0.0,0.0,0.0,shape_dist_traveled,catchment not reconstructable
HAMEASS,S HAMILTON RD & EASTLAND SQUARE DR,-82.880943,39.912952,1,024,1,1,38,6,am_peak+early+evening+midday+owl+pm_peak,False,,False,331.8000000000012,744.6999999999981,4,HAMEASN1,1.434638223195783,0,0.0,0.0,0.0,0.0,shape_dist_traveled,catchment not reconstructable
HAMHOTS,S HAMILTON RD & HOTT RD,-82.881545,39.906342,1,024,1,1,38,6,am_peak+early+evening+midday+owl+pm_peak,False,,False,744.6999999999981,280.7999999999993,3,HAMREIN,0.6355454415920475,1,9.228090117225044,0.0,1.0,1.0,shape_dist_traveled,
HAMHARS,S HAMILTON RD & HARBOR BLVD,-82.881788,39.903815,1,024,1,1,38,6,am_peak+early+evening+midday+owl+pm_peak,False,,False,280.7999999999993,520.900000000001,4,HAMHARN,0.3144309668413158,1,9.228090117225044,0.0,1.0,1.0,shape_dist_traveled,
HAMWINS,S HAMILTON RD & WINCHESTER PIKE,-82.882303,39.899185,1,024,1,1,38,6,am_peak+early+evening+midday+owl+pm_peak,False,,False,520.900000000001,510.20000000000107,2,HAMWINN,1.800977499434494,1,29.43307930790054,0.0,0.5,0.6567944250871082,shape_dist_traveled,
HAMBAYS,S HAMILTON RD & HAMILTON SQUARE BLVD,-82.882681,39.89464,1,024,1,1,38,6,am_peak+early+evening+midday+owl+pm_peak,False,,False,510.20000000000107,135.40000000000063,3,HAMPRON,1.5009348960680415,1,11.827882003042252,0.0,1.0,1.0,shape_dist_traveled,
HAMPROS,S HAMILTON RD & PROFESSIONAL PKWY,-82.882793,39.89344,1,024,1,1,38,6,am_peak+early+evening+midday+owl+pm_peak,False,,False,135.40000000000063,1177.4999999999984,3,HAMPRON,0.33309080782485945,1,11.827882003042252,0.0,1.0,1.0,shape_dist_traveled,
HAMDIRS,HAMILTON RD & DIRECTORS BLVD,-82.883734,39.882963,1,024,1,1,38,6,am_peak+early+evening+midday+owl+pm_peak,False,,False,1177.4999999999984,484.3000000000011,1,HAMDIRN,1.4299277377594757,0,0.0,0.0,0.0,0.0,shape_dist_traveled,catchment not reconstructable
POLORIE,POLARIS PKWY & ORION PL,-82.965037,40.143089,1,102,1,1,38,6,am_peak+early+evening+midday+owl+pm_peak,False,,False,1265.3,666.599999999999,1,POLORIW,0.8692696764956542,1,299.327390096789,0.0,1.0,1.0,shape_dist_traveled,
SANWORN,SANCUS BLVD & WORTHINGTON WOODS BLVD,-82.995322,40.119366,1,102,1,1,38,6,am_peak+early+evening+midday+owl+pm_peak,False,,False,427.79999999999774,475.79999999999956,2,WORSANW,0.9261214077533684,1,52.05439158764638,0.0,1.0,1.0,shape_dist_traveled,
SANMASN,SANCUS BLVD & MASTER CT,-82.99475,40.123544,1,102,1,1,38,6,am_peak+early+evening+midday+owl+pm_peak,False,,False,475.79999999999956,456.7000000000014,2,SANWHIS,0.5743116262790811,3,87.65514533937753,0.0,1.0,1.0,shape_dist_traveled,
POL131E,1319 POLARIS PKWY,-82.98443,40.141226,1,102,1,1,38,6,am_peak+early+evening+midday+owl+pm_peak,False,,False,783.3000000000005,395.80000000000126,2,POLMAEW2,1.5593427541385592,1,57.449712586205024,0.0,1.0,1.0,shape_dist_traveled,
POL148E,1481 POLARIS PKWY,-82.979736,40.141086,1,102,1,1,38,6,am_peak+early+evening+midday+owl+pm_peak,False,,False,395.80000000000126,1265.3,2,1374POLW,1.8776052636084075,1,57.449712586205024,0.0,1.0,1.0,shape_dist_traveled,
SAN832N,8322 SANCUS BLVD,-82.991583,40.13747,1,102,1,1,38,6,am_peak+early+evening+midday+owl+pm_peak,False,,False,227.2999999999996,340.4999999999987,5,SAN8491S,0.3781922299585462,2,68.22362490580787,0.0,0.5,0.13848469643753178,shape_dist_traveled,
SAN866N,8664 SANCUS BLVD,-82.991331,40.140482,1,102,1,1,38,6,am_peak+early+evening+midday+owl+pm_peak,False,,False,340.4999999999987,783.3000000000005,3,SAN868S,0.356925050788881,1,57.449712586205024,0.0,1.0,1.0,shape_dist_traveled,
HIGNEWN,HIGH ST & NEW ENGLAND AVE,-83.018118,40.086573,1,102,1,1,38,6,am_peak+early+evening+midday+owl+pm_peak,False,,False,267.50000000000006,226.10000000000065,5,HIGNEWS,0.642212342259368,1,12.559805394319635,0.0,1.0,1.0,shape_dist_traveled,
HIG161N,N HIGH ST & STATE ROUTE 161,-83.01799,40.088584,1,102,1,1,38,6,am_peak+early+evening+midday+owl+pm_peak,False,,False,226.10000000000065,242.30000000000018,5,HIG161S,0.7799308195261322,2,30.16500269917792,0.0,1.0,1.0,shape_dist_traveled,
HIGSTAFN,HIGH ST & STAFFORD AVE,-83.017866,40.090744,1,102,1,1,38,6,am_peak+early+evening+midday+owl+pm_peak,False,,False,242.30000000000018,230.40000000000128,5,HIGSTAFS,0.7016557185979478,1,17.605197304858283,0.0,1.0,1.0,shape_dist_traveled,
POLOLDE,POLARIS PKWY & OLD WORTHINGTON RD,-82.958347,40.145554,1,102,1,1,38,6,am_peak+early+evening+midday+owl+pm_peak,False,,False,666.599999999999,1020.3999999999986,1,POLOLDW,1.3896087133970156,0,0.0,0.0,0.0,0.0,shape_dist_traveled,catchment not reconstructable
POLPOLE,POLARIS PKWY & POLARIS WOODS BLVD,-82.928886,40.147409,1,102,1,1,38,6,am_peak+early+evening+midday+owl+pm_peak,False,,False,1134.1999999999998,537.700000000001,2,POLPOLW,0.6133709611793766,0,0.0,0.0,0.0,0.0,shape_dist_traveled,catchment not reconstructable
WORALTE,WORTHINGTON WOODS & ALTA VIEW BLVD,-82.999827,40.118943,1,102,1,1,38,6,am_peak+early+evening+midday+owl+pm_peak,False,,False,979.0000000000027,427.79999999999774,3,WORALTW,1.3758027995800655,1,77.05689463368083,0.0,1.0,1.0,shape_dist_traveled,
HIGHALN,N HIGH ST & HALLIGAN AVE,-83.017032,40.103546,1,102,1,1,38,6,am_peak+early+evening+midday+owl+pm_peak,False,,False,508.70000000000107,216.29999999999683,3,HIGHALS,0.6528148701817644,3,705.0276463925559,616.9235880398616,0.3333333333333333,0.04483695652173941,shape_dist_traveled,only access for 617 daily trips
HIGHIGHN,N HIGH ST & HIGHLAND AVE,-83.016915,40.105475,1,102,1,1,38,6,am_peak+early+evening+midday+owl+pm_peak,False,,False,216.29999999999683,1545.1000000000015,3,HIGCARS,0.29626526747086934,1,68.78128082297184,0.0,1.0,1.0,shape_dist_traveled,
KENPARS,KENNY RD & PARKLEIGH RD,-83.05039,40.04322,1,001,1,1,38,6,am_peak+early+evening+midday+owl+pm_peak,False,,False,369.60000000000014,329.50000000000034,4,KENPARN,0.20525440409368767,1,5.152740674592664,0.0,1.0,1.0,shape_dist_traveled,
KENMILS,KENNY RD & MILLCREEK LN,-83.050859,40.036623,1,001,1,1,38,6,am_peak+early+evening+midday+owl+pm_peak,False,,False,412.70000000000005,671.8000000000002,1,KENMILN,0.34183391961346765,0,0.0,0.0,0.0,0.0,shape_dist_traveled,catchment not reconstructable
EASTER8,EASTON TERMINAL BAY 8,-82.909141,40.060719,1,009,2,2,38,6,am_peak+early+evening+midday+owl+pm_peak,True,009,False,375.0999999999962,549.8,12,EASTER1,0.0,0,0.0,0.0,0.0,0.0,shape_dist_traveled,terminal; catchment not reconstructable
MAI650W,6500 E MAIN ST,-82.822763,39.954988,1,002,1,1,38,6,am_peak+early+evening+midday+owl+pm_peak,False,,False,272.19999999999976,585.0999999999997,3,MAI652E,0.8780509975259603,1,9.468997473439765,0.0,1.0,1.0,shape_dist_traveled,
MAIMANE,E MAIN ST & MANFELD DR,-82.861667,39.954934,1,002,1,1,38,6,am_peak+early+evening+midday+owl+pm_peak,False,,False,494.40000000000236,161.2000000000009,3,MAIMANW,0.38105640377375016,3,23.148297121465532,0.0,1.0,1.0,shape_dist_traveled,
MAIFOUNE,E MAIN ST & FOUNTAIN LN,-82.859757,39.954875,1,002,1,1,38,6,am_peak+early+evening+midday+owl+pm_peak,False,,False,161.2000000000009,428.29999999999654,3,MAIFOUW,0.41306620159392987,3,23.148297121465532,0.0,1.0,1.0,shape_dist_traveled,
MAIHEAE,E MAIN ST & HEATHERWOOD DR,-82.85471,39.954719,1,002,1,1,38,6,am_peak+early+evening+midday+owl+pm_peak,False,,False,428.29999999999654,233.3000000000034,3,MAIHEAW,0.30733110062692426,1,6.284782186434992,0.0,1.0,1.0,shape_dist_traveled,
SUM2555W,2555 SUMMER DR,-83.088293,40.121527,1,033,2,2,38,6,am_peak+early+evening+midday+owl+pm_peak,True,033,False,264.6000000000015,249.6,4,SAWSUMS,2.18050185249875,2,13.254087011188442,0.0,0.5,0.23515981735159808,shape_dist_traveled,terminal
MAIBRIW,E MAIN ST & BRIARCLIFF RD,-82.810937,39.955183,1,002,1,1,38,6,am_peak+early+evening+midday+owl+pm_peak,False,,False,383.2999999999997,315.19999999999993,5,MAIBRIE,0.6280597428105323,2,16.356048050411562,0.0,1.0,1.0,shape_dist_traveled,
MAIHENW,E MAIN ST & HENTZ DR,-82.814658,39.955131,1,002,1,1,38,6,am_peak+early+evening+midday+owl+pm_peak,False,,False,315.19999999999993,414.10000000000036,4,MAIHENE,0.27484521060949957,2,16.356048050411562,0.0,1.0,1.0,shape_dist_traveled,
MAIROSEW,E MAIN ST & ROSEHILL RD,-82.819555,39.955046,1,002,1,1,38,6,am_peak+early+evening+midday+owl+pm_peak,False,,False,414.10000000000036,272.19999999999976,3,MAIROSEE,0.8955536366420607,2,16.356048050411562,0.0,1.0,1.0,shape_dist_traveled,
2197WATE,2197 WATKINS RD,-82.937438,39.906311,1,004,1,1,38,6,am_peak+early+evening+midday+owl+pm_peak,False,,False,401.19999999999936,611.1000000000004,3,2056WATS,1.4322753800720531,0,0.0,0.0,0.0,0.0,shape_dist_traveled,catchment not reconstructable
THIBMILW,THIMBLEBERRY RD & MILLSTONE RD,-82.928018,39.885814,1,004,1,1,38,6,am_peak+early+evening+midday+owl+pm_peak,False,,False,179.2999999999978,173.4000000000009,7,MILMILS,1.8308130477828262,1,8.783080695328405,0.0,1.0,1.0,shape_dist_traveled,
HAMSTOS,N HAMILTON RD & STONERIDGE LN,-82.864022,40.052208,1,024,1,1,38,6,am_peak+early+evening+midday+owl+pm_peak,False,,False,615.8999999999999,436.49999999999966,2,HAMSTON,0.8212024313135725,1,21.899147867018858,0.0,1.0,1.0,shape_dist_traveled,
HAMVISS,N HAMILTON RD & VISTA DR,-82.864327,40.048321,1,024,1,1,38,6,am_peak+early+evening+midday+owl+pm_peak,False,,False,436.49999999999966,332.50000000000045,4,HAMSHAN1,1.3880197414717859,1,21.899147867018858,0.0,1.0,1.0,shape_dist_traveled,
HAMBEES,N HAMILTON RD & BEECHER RD,-82.864544,40.045361,1,024,1,1,38,6,am_peak+early+evening+midday+owl+pm_peak,False,,False,332.50000000000045,357.6999999999995,4,HAMBEEN,1.775254787821445,0,0.0,0.0,0.0,0.0,shape_dist_traveled,catchment not reconstructable
HAM971S,971 N HAMILTON RD,-82.864786,40.042172,1,024,1,1,38,6,am_peak+early+evening+midday+owl+pm_peak,False,,False,357.6999999999995,541.9000000000001,2,HAM920N,0.5365275022629166,0,0.0,0.0,0.0,0.0,shape_dist_traveled,catchment not reconstructable
WILARIE,WILLIAMS RD & ARIES BROOK DR,-82.928646,39.888777,1,004,1,1,38,6,am_peak+early+evening+midday+owl+pm_peak,False,,False,516.7999999999963,172.69999999999897,10,MILWILLS,1.5190892678036412,1,8.783080695328405,0.0,0.5,0.505050505050505,shape_dist_traveled,
MILWILLS,MILLSTONE RD & WILLIAMS RD,-82.927227,39.888834,1,004,1,1,38,6,am_peak+early+evening+midday+owl+pm_peak,False,,False,172.69999999999897,205.0000000000054,6,WILARIE,1.5190892678036412,2,17.390499776750243,0.0,0.5,0.505050505050505,shape_dist_traveled,
MILMILS,MILLSTONE RD & MILLRACE RD,-82.927463,39.887062,1,004,1,1,38,6,am_peak+early+evening+midday+owl+pm_peak,False,,False,205.0000000000054,179.2999999999978,8,THIBMILW,1.8308130477828262,1,8.783080695328405,0.0,1.0,1.0,shape_dist_traveled,
LOCSHES,LOCKBOURNE RD & SHELDON AVE,-82.964576,39.933091,1,004,1,1,38,6,am_peak+early+evening+midday+owl+pm_peak,False,,False,237.70000000000024,263.60000000000025,7,LOCMOLN,0.7963450436132505,1,4.1866017981065395,0.0,0.5,0.6809523809523811,shape_dist_traveled,
LOCMARS,LOCKBOURNE RD & E MARKISON AVE,-82.964815,39.930737,1,004,1,1,38,6,am_peak+early+evening+midday+owl+pm_peak,False,,False,263.60000000000025,383.8000000000008,5,LOCLOCN1,0.2399210626454577,2,6.148156486729883,0.0,1.0,1.0,shape_dist_traveled,
LOCSMIS,LOCKBOURNE RD & SMITH RD,-82.965088,39.927319,1,004,1,1,38,6,am_peak+early+evening+midday+owl+pm_peak,False,,False,383.8000000000008,333.70000000000033,5,LOCSMIN,0.1588947575890207,3,11.535112646531307,0.0,1.0,1.0,shape_dist_traveled,
LOCREES,LOCKBOURNE RD & REEB AVE,-82.96535,39.924346,1,004,1,1,38,6,am_peak+early+evening+midday+owl+pm_peak,False,,False,333.70000000000033,243.40000000000117,5,LOCINNN,1.1357934151567632,1,5.3869561598014215,0.0,1.0,1.0,shape_dist_traveled,
LOCBUCS,LOCKBOURNE RD & BUCKEYE PARK RD,-82.965765,39.918911,1,004,1,1,38,6,am_peak+early+evening+midday+owl+pm_peak,False,,False,368.9,242.39999999999995,4,LOCREFN,0.6253868127225022,0,0.0,0.0,0.0,0.0,shape_dist_traveled,catchment not reconstructable
LOC234S,2341 LOCKBOURNE RD,-82.965945,39.916738,1,004,1,1,38,6,am_peak+early+evening+midday+owl+pm_peak,False,,False,242.39999999999995,272.59999999999707,5,LOC230N,0.8686109203137038,0,0.0,0.0,0.0,0.0,shape_dist_traveled,catchment not reconstructable
LOC244S,2441 LOCKBOURNE RD,-82.966194,39.914311,1,004,1,1,38,6,am_peak+early+evening+midday+owl+pm_peak,False,,False,272.59999999999707,255.5000000000014,5,LOC245N,1.0545125188022308,0,0.0,0.0,0.0,0.0,shape_dist_traveled,catchment not reconstructable
FRBPARE,FREBIS & PARSONS,-82.982762,39.935377,1,004,1,1,38,6,am_peak+early+evening+midday+owl+pm_peak,False,,False,231.50000000000048,121.20000000000175,11,FREPARW,0.6906813651777157,2,5.152740674592664,0.0,0.6666666666666666,0.7787610619469026,shape_dist_traveled,
FREANNE,FREBIS AVE & ANN ST,-82.98133,39.935329,1,004,1,1,38,6,am_peak+early+evening+midday+owl+pm_peak,False,,False,121.20000000000175,237.3999999999974,11,FREANNW,0.1528991449595781,2,4.62575583287296,0.0,0.6666666666666666,0.7596153846153846,shape_dist_traveled,
FRE18TE,FREBIS AVE & S 18TH ST,-82.978531,39.935198,1,004,1,1,38,6,am_peak+early+evening+midday+owl+pm_peak,False,,False,237.3999999999974,305.70000000000164,6,FRE18TW,0.13958872215528026,3,10.255292316640595,0.0,1.0,1.0,shape_dist_traveled,
FREGILE,FREBIS AVE & GILBERT ST,-82.974933,39.935029,1,004,1,1,38,6,am_peak+early+evening+midday+owl+pm_peak,False,,False,305.70000000000164,166.39999999999944,6,FREGILW,0.3909055288380238,2,9.201322633201187,0.0,1.0,1.0,shape_dist_traveled,
WATALUE,WATKINS RD & ALUM CREEK DR,-82.93024,39.905967,1,004,1,1,38,6,am_peak+early+evening+midday+owl+pm_peak,False,,False,611.1000000000004,1005.0999999999988,5,WATALUW,0.26023172966869507,0,0.0,0.0,0.0,0.0,shape_dist_traveled,catchment not reconstructable
MAINOEW,E MAIN ST & NOE BIXBY RD,-82.852019,39.954821,1,002,1,1,38,6,am_peak+early+evening+midday+owl+pm_peak,False,,False,1262.3999999999996,243.19999999999987,3,MAINOEE,0.2780383826365293,0,0.0,0.0,0.0,0.0,shape_dist_traveled,catchment not reconstructable
GEOWALW,WALMART GEORGESVILLE RD,-83.119056,39.928163,1,009,2,2,38,6,am_peak+early+evening+midday+owl+pm_peak,False,,False,418.3000000000021,628.4000000000001,4,GEOPARS,2.4372416312960694,0,0.0,0.0,0.0,0.0,shape_dist_traveled,catchment not reconstructable
CARMAIS,CARLYLE DR & E MAIN ST,-82.784085,39.956068,1,002,1,1,38,6,am_peak+early+evening+midday+owl+pm_peak,False,,False,324.3,324.1999999999998,3,GOLHILW,3.0033744899112187,0,0.0,0.0,0.0,0.0,shape_dist_traveled,catchment not reconstructable
MAIOAKW,E MAIN ST & OAK VALLEY RD,-82.787471,39.955733,1,002,1,1,38,6,am_peak+early+evening+midday+owl+pm_peak,False,,False,324.1999999999998,301.3000000000001,4,MAIOAKE1,0.39232808797064495,0,0.0,0.0,0.0,0.0,shape_dist_traveled,catchment not reconstructable
MAIESTW,E MAIN ST & ESTATES LN,-82.791021,39.955583,1,002,1,1,38,6,am_peak+early+evening+midday+owl+pm_peak,False,,False,301.3000000000001,436.19999999999993,4,MAIESTE,0.955369875050519,1,21.079393668788192,0.0,1.0,1.0,shape_dist_traveled,
MAIWAGW,E MAIN ST & WAGGONER RD,-82.796169,39.955495,1,002,1,1,38,6,am_peak+early+evening+midday+owl+pm_peak,False,,False,436.19999999999993,372.1999999999999,4,MAIGRAHE,0.587983070290486,1,21.079393668788192,0.0,1.0,1.0,shape_dist_traveled,
MAIJACW,E MAIN ST & JACKSON ST,-82.800558,39.955393,1,002,1,1,38,6,am_peak+early+evening+midday+owl+pm_peak,False,,False,372.1999999999999,496.4000000000004,2,MAIJACE,0.2667938795145307,0,0.0,0.0,0.0,0.0,shape_dist_traveled,catchment not reconstructable
MAIHAFW,E MAIN ST & HAFT DR,-82.806418,39.955276,1,002,1,1,38,6,am_peak+early+evening+midday+owl+pm_peak,False,,False,496.4000000000004,383.2999999999997,2,MAIHAFE,0.2695274075020515,0,0.0,0.0,0.0,0.0,shape_dist_traveled,catchment not reconstructable
MAIMANW,E MAIN ST & MANFELD DR,-82.861943,39.955108,1,002,1,1,38,6,am_peak+early+evening+midday+owl+pm_peak,False,,False,160.0999999999999,491.5000000000003,3,MAIMANE,0.38105640377375016,3,23.148297121465532,0.0,1.0,1.0,shape_dist_traveled,
MAICOUW,E MAIN ST & COUNTRY CLUB RD,-82.867765,39.955291,1,002,1,1,38,6,am_peak+early+evening+midday+owl+pm_peak,False,,False,491.5000000000003,284.39999999999975,3,MAICOUE,0.37808946011601147,3,31.326321146671326,0.0,0.6666666666666666,0.4665226781857447,shape_dist_traveled,
MAISHAW,E MAIN ST & SHADY LANE RD,-82.871119,39.955382,1,002,1,1,38,6,am_peak+early+evening+midday+owl+pm_peak,False,,False,284.39999999999975,453.5,4,MAISHAE,0.3743454521809996,1,14.46280621164079,0.0,1.0,1.0,shape_dist_traveled,
MAISHAE,E MAIN ST & SHADY LANE RD,-82.870849,39.95521,1,002,1,1,38,6,am_peak+early+evening+midday+owl+pm_peak,False,,False,535.5999999999988,282.39999999999907,4,MAISHAW,0.3743454521809996,1,14.46280621164079,0.0,1.0,1.0,shape_dist_traveled,
MAICOUE,E MAIN ST & COUNTRY CLUB RD,-82.867497,39.955113,1,002,1,1,38,6,am_peak+early+evening+midday+owl+pm_peak,False,,False,282.39999999999907,494.40000000000236,3,MAICOUW,0.37808946011601147,2,16.863514935030537,0.0,0.6666666666666666,0.4665226781857447,shape_dist_traveled,
MAINOEE,E MAIN ST & NOE BIXBY RD,-82.851954,39.954627,1,002,1,1,38,6,am_peak+early+evening+midday+owl+pm_peak,False,,False,233.3000000000034,1190.299999999997,3,MAINOEW,0.2780383826365293,0,0.0,0.0,0.0,0.0,shape_dist_traveled,catchment not reconstructable
MAIHEAW,E MAIN ST & HEATHERWOOD DR,-82.854888,39.954893,1,002,1,1,38,6,am_peak+early+evening+midday+owl+pm_peak,False,,False,243.19999999999987,438.40000000000055,3,MAIHEAE,0.30733110062692426,1,6.284782186434992,0.0,1.0,1.0,shape_dist_traveled,
MAIFOUW,E MAIN ST & FOUNTAIN LN,-82.860061,39.955059,1,002,1,1,38,6,am_peak+early+evening+midday+owl+pm_peak,False,,False,438.40000000000055,160.0999999999999,3,MAIFOUNE,0.41306620159392987,3,23.148297121465532,0.0,1.0,1.0,shape_dist_traveled,
LOCMARS2,LOCKBOURNE RD & MARION RD,-82.965512,39.922179,1,004,1,1,38,6,am_peak+early+evening+midday+owl+pm_peak,False,,False,243.40000000000117,368.9,5,LOCMARN,1.2820528625448826,1,5.3869561598014215,0.0,1.0,1.0,shape_dist_traveled,
HAMBROS2,HAMILTON RD & E BROAD ST,-82.874148,39.975404,1,024,1,1,38,6,am_peak+early+evening+midday+owl+pm_peak,False,,False,596.4999999999989,215.40000000000072,6,BROHAMIE,0.8894116895649471,1,0.30113419526840246,0.0,1.0,1.0,shape_dist_traveled,
HAMFAIS,S HAMILTON RD & FAIRWAY BLVD,-82.874653,39.973558,1,024,1,1,38,6,am_peak+early+evening+midday+owl+pm_peak,False,,False,215.40000000000072,287.49999999999966,8,HAMFAIN,0.42546238472907716,0,0.0,0.0,0.0,0.0,shape_dist_traveled,catchment not reconstructable
HAM920N,920 N HAMILTON RD,-82.864482,40.04248,1,024,1,1,38,6,am_peak+early+evening+midday+owl+pm_peak,False,,False,583.9999999999997,464.9999999999999,2,HAM971S,0.5365275022629166,0,0.0,0.0,0.0,0.0,shape_dist_traveled,catchment not reconstructable
INDARCS,INDIANOLA AVE & E ARCADIA AVE,-83.002127,40.017604,1,004,1,1,38,6,am_peak+early+evening+midday+owl+pm_peak,False,,False,315.49999999999835,379.50000000000017,7,INDARCN,0.5012671004241247,3,13.789436691665594,0.0,0.75,0.6197368421052633,shape_dist_traveled,
SUMETOMS,SUMMIT ST & E TOMPKINS ST,-83.000221,40.013961,1,004,1,1,38,6,am_peak+early+evening+midday+owl+pm_peak,False,,False,192.20000000000147,341.6999999999995,10,HUDSUMW,1.7123140136263408,4,19.147115915815924,0.0,0.5,0.5856269113149847,shape_dist_traveled,
SUMMAYS,SUMMIT ST & E MAYNARD AVE,-83.000437,40.01091,1,004,1,1,38,6,am_peak+early+evening+midday+owl+pm_peak,False,,False,341.6999999999995,345.4999999999995,5,4THMAYN,2.7808757911846005,3,16.395083964613022,0.0,0.6666666666666666,0.48392857142857143,shape_dist_traveled,
SUMALDS,SUMMIT ST & ALDEN AVE,-83.000717,40.007838,1,004,1,1,38,6,am_peak+early+evening+midday+owl+pm_peak,False,,False,345.4999999999995,268.39999999999975,4,4THALDN,3.0133609570598336,4,12.315830930560496,0.0,0.75,0.7945544554455445,shape_dist_traveled,
SUMLANS,SUMMIT ST & E LANE AVE,-83.000878,40.005446,1,004,1,1,38,6,am_peak+early+evening+midday+owl+pm_peak,False,,False,268.39999999999975,327.50000000000057,3,4THLANN,2.8094061568744,5,12.872092707931296,0.0,0.8,0.8592233009708736,shape_dist_traveled,
ALU1755N,1755 ALUM CREEK DR,-82.943405,39.930973,1,011,2,2,38,6,am_peak+early+evening+midday+owl+pm_peak,True,011,False,334.50000000000205,762.5,5,ALUFRAN,2.776151621863981,1,129.44309149203974,0.0,0.0,0.0,shape_dist_traveled,terminal
HAM559S,559 N HAMILTON RD,-82.865601,40.032261,1,024,1,1,38,6,am_peak+early+evening+midday+owl+pm_peak,False,,False,572.6999999999994,748.1000000000008,1,HAM500N,1.0471410105123085,1,16.043760736799886,0.0,1.0,1.0,shape_dist_traveled,
HAMMOUS,S HAMILTON RD & E MOUND ST,-82.877418,39.951521,1,024,1,1,38,6,am_peak+early+evening+midday+owl+pm_peak,False,,False,479.49999999999807,475.6,2,HAMSIMN,0.237667420523135,2,6.382371971938641,0.0,0.6666666666666666,0.6666666666666666,shape_dist_traveled,
AMEHAMS,S HAMILTON RD & AMESBURY,-82.877723,39.947284,1,024,1,1,38,6,am_peak+early+evening+midday+owl+pm_peak,False,,False,475.6,394.10000000000167,8,1411HAN,1.763222979271887,2,6.558033585845209,0.0,1.0,1.0,shape_dist_traveled,
HAMLIVS,S HAMILTON RD & E LIVINGSTON AVE,-82.878091,39.943776,1,024,1,1,38,6,am_peak+early+evening+midday+owl+pm_peak,False,,False,394.10000000000167,234.7999999999999,9,HAMARAN,0.2883748979809572,2,10.334758284836422,0.0,1.0,1.0,shape_dist_traveled,
HAMDUNS,S HAMILTON RD & DUNDEE AVE,-82.878251,39.941683,1,024,1,1,38,6,am_peak+early+evening+midday+owl+pm_peak,False,,False,234.7999999999999,1327.6000000000004,6,HAMDUNN,0.6407880574743852,3,15.9559299298466,0.0,1.0,1.0,shape_dist_traveled,
HAMGROS,S HAMILTON RD & GROVES RD,-82.879442,39.929866,1,024,1,1,38,6,am_peak+early+evening+midday+owl+pm_peak,False,,False,1327.6000000000004,420.0999999999979,1,HAMGRON,1.0345481032870323,1,35.44461009492533,0.0,1.0,1.0,shape_dist_traveled,
HAMKIMS,S HAMILTON RD & KIMBERLY PKWY,-82.87977,39.926134,1,024,1,1,38,6,am_peak+early+evening+midday+owl+pm_peak,False,,False,420.0999999999979,324.7999999999997,5,HAMKINN,0.28188729815653896,1,35.44461009492533,0.0,1.0,1.0,shape_dist_traveled,
HAMPOTS,N HAMILTON RD & POTH RD,-82.872881,39.980601,1,024,1,1,38,6,am_peak+early+evening+midday+owl+pm_peak,False,,False,414.30000000000075,596.4999999999989,1,HAMPOTN,1.2490877471725748,1,0.30113419526840246,0.0,1.0,1.0,shape_dist_traveled,
HAMSANS,S HAMILTON RD & SAN JOSE LN,-82.87553,39.971081,1,024,1,1,38,6,am_peak+early+evening+midday+owl+pm_peak,False,,False,287.49999999999966,171.4000000000002,7,HAMSANN,0.7667176040443582,2,19.234946722769223,0.0,1.0,1.0,shape_dist_traveled,
HAMSAIS,S HAMILTON RD & SAINT ANN LN,-82.875659,39.969554,1,024,1,1,38,6,am_peak+early+evening+midday+owl+pm_peak,False,,False,171.4000000000002,173.50000000000065,5,HAMSHAN,0.2702970154750609,3,22.309024966134164,0.0,1.0,1.0,shape_dist_traveled,
HAMBROS,S HAMILTON RD & BROADHURST DR,-82.875802,39.968009,1,024,1,1,38,6,am_peak+early+evening+midday+owl+pm_peak,False,,False,173.50000000000065,355.89999999999833,6,HAMBROHN,0.4558960941944921,3,22.309024966134164,0.0,1.0,1.0,shape_dist_traveled,
HAMETNS,S HAMILTON RD & ETNA RD,-82.876109,39.964839,1,024,1,1,38,6,am_peak+early+evening+midday+owl+pm_peak,False,,False,355.89999999999833,313.7000000000007,5,HAMETNN,0.7946892476976076,3,17.283151012696244,0.0,1.0,1.0,shape_dist_traveled,
HAMRICS,S HAMILTON RD & RICKENBACKER AVE,-82.876333,39.962023,1,024,1,1,38,6,am_peak+early+evening+midday+owl+pm_peak,False,,False,313.7000000000007,245.40000000000006,5,HAMKAEN,1.1085152326727055,2,6.040807722675869,0.0,1.0,1.0,shape_dist_traveled,
HAMLANS,S HAMILTON RD & LANGLEY AVE,-82.876536,39.959843,1,024,1,1,38,6,am_peak+early+evening+midday+owl+pm_peak,False,,False,245.40000000000006,180.60000000000187,5,HAMLANN,0.3577891895337705,2,17.429535690951717,0.0,1.0,1.0,shape_dist_traveled,
HAMJONS,N HAMILTON RD & E JOHNSTOWN RD,-82.865155,40.037345,1,024,1,1,38,6,am_peak+early+evening+midday+owl+pm_peak,False,,False,541.9000000000001,572.6999999999994,1,HAMJOHN,0.3888914075377987,2,122.14337553636707,75.88581720763746,0.5,0.5493741307371349,shape_dist_traveled,only access for 76 daily trips
HAMWORS,N HAMILTON RD & WORMAN DR,-82.866096,40.025667,1,024,1,1,38,6,am_peak+early+evening+midday+owl+pm_peak,False,,False,748.1000000000008,953.6999999999996,1,HAMWORN,0.32732402670512456,1,16.043760736799886,0.0,1.0,1.0,shape_dist_traveled,
CHATORN,N CHAMPION AVE & TORONTO ST,-82.968285,39.975917,1,022,1,1,38,6,am_peak+early+evening+midday+owl+pm_peak,False,,False,353.69999999999993,262.4999999999993,9,CHATORS,0.2679307754335498,1,1.8737238816700597,0.0,0.5,0.2782608695652174,shape_dist_traveled,
GOO582W,582 W GOODALE ST,-83.01907,39.97427,2,003+075,2,2,38,6,am_peak+early+evening+midday+owl+pm_peak,False,,True,1155.5,448.599999999999,1,GOOOPPE,0.46806631870173526,2,46.90165091305374,0.0,1.0,1.0,shape_dist_traveled,transfer point (2 routes)
TRELANGN,TREMONT RD & LANGHAM RD,-83.061179,40.020779,2,003+075,2,2,38,6,am_peak+early+evening+midday+owl+pm_peak,False,,True,268.29999999999995,260.2999999999991,11,TRELANS1,1.1010997234704303,1,14.667744761198465,0.0,1.0,1.0,shape_dist_traveled,transfer point (2 routes)
CHAMARN,N CHAMPION AVE & MARYLAND AVE,-82.968132,39.978253,1,022,1,1,38,6,am_peak+early+evening+midday+owl+pm_peak,False,,False,262.4999999999993,488.4999999999984,5,CHALEOS,0.22458841478420372,1,1.8737238816700597,0.0,1.0,1.0,shape_dist_traveled,
5THSAIW,E 5TH AVE & SAINT CLAIR AVE,-82.979981,39.986139,1,022,1,1,38,6,am_peak+early+evening+midday+owl+pm_peak,False,,False,629.0000000000014,248.49999999999994,5,5THSAIE,1.141434544304893,1,1.2589082329970713,0.0,0.5,0.0738831615120273,shape_dist_traveled,
5THWALW1,E 5TH AVE & WALTERS ST,-82.982918,39.986293,1,022,1,1,38,6,am_peak+early+evening+midday+owl+pm_peak,False,,False,248.49999999999994,438.799999999997,5,5THWALE1,0.4948371687494685,1,1.2589082329970713,0.0,1.0,1.0,shape_dist_traveled,
5THCLEW,E 5TH AVE & CLEVELAND AVE,-82.988089,39.986498,1,022,1,1,38,6,am_peak+early+evening+midday+owl+pm_peak,False,,False,438.799999999997,315.9000000000027,7,5THCLEE,0.27407958327750326,2,9.573557957907962,0.0,1.0,1.0,shape_dist_traveled,
5THFIEW,E 5TH AVE & FIELDS AVE,-82.991819,39.986606,1,022,1,1,38,6,am_peak+early+evening+midday+owl+pm_peak,False,,False,315.9000000000027,82.30000000000004,10,FIE5THS,0.5550697423823626,1,8.31464972491089,0.0,1.0,1.0,shape_dist_traveled,
EDG5TH,EDGEHILL RD & W 5TH AVE,-83.029244,39.987581,1,022,1,1,38,6,am_peak+early+evening+midday+owl+pm_peak,False,,False,280.7999999999993,422.7999999999987,10,5THEDGE,0.7048005384403458,1,53.225469013690024,0.0,1.0,1.0,shape_dist_traveled,
CHAHAWN,CHAMPION AVE & HAWTHORNE AVE,-82.968215,39.970432,1,022,1,1,38,6,am_peak+early+evening+midday+owl+pm_peak,False,,False,151.19999999999933,264.6000000000015,12,CHAHAW,0.4591609001592989,1,3.425401471178078,0.0,0.0,0.0,shape_dist_traveled,
CHAMTVN,N CHAMPION AVE & MT VERNON AVE,-82.968053,39.972792,1,022,1,1,38,6,am_peak+early+evening+midday+owl+pm_peak,False,,False,264.6000000000015,353.69999999999993,10,MOUCHAE,0.34970859613765626,0,0.0,0.0,0.0,0.0,shape_dist_traveled,catchment not reconstructable
HAMROCSS,N HAMILTON RD & ROCKY FORK DR S,-82.867378,40.009785,1,024,1,1,38,6,am_peak+early+evening+midday+owl+pm_peak,False,,False,434.99999999999875,1269.400000000001,5,MORHAME,1.152220592423795,0,0.0,0.0,0.0,0.0,shape_dist_traveled,catchment not reconstructable
HAMSWAS,N HAMILTON RD & SWANSON AVE,-82.868417,39.998485,1,024,1,1,38,6,am_peak+early+evening+midday+owl+pm_peak,False,,False,1269.400000000001,455.99999999999955,2,HAMTECN,0.4135916750859761,0,0.0,0.0,0.0,0.0,shape_dist_traveled,catchment not reconstructable
HAMWOOS,N HAMILTON RD & WOODCLIFF DR,-82.870085,39.983627,1,024,1,1,38,6,am_peak+early+evening+midday+owl+pm_peak,False,,False,1225.7999999999995,414.30000000000075,2,HAMWOON,0.28940377676370665,1,0.30113419526840246,0.0,1.0,1.0,shape_dist_traveled,
SINSHOS,SINCLAIR RD & SHORE DR,-82.997735,40.080725,1,004,1,1,38,6,am_peak+early+evening+midday+owl+pm_peak,False,,False,718.1,757.6,1,SINSHON,0.2574721106480727,3,58.86615861580108,0.0,1.0,1.0,shape_dist_traveled,
SINLINS,SINCLAIR RD & LINCOLN AVE,-82.998087,40.073967,1,004,1,1,38,6,am_peak+early+evening+midday+owl+pm_peak,False,,False,757.6,190.19999999999993,3,SINLINN,0.7121297835564138,1,21.50878872500427,0.0,1.0,1.0,shape_dist_traveled,
INDTORS,INDIANOLA AVE & E TORRENCE RD,-83.000751,40.036477,1,004,1,1,38,6,am_peak+early+evening+midday+owl+pm_peak,False,,False,244.5000000000004,371.50000000000017,5,INDTORN,0.3369941664804531,1,10.276204413534238,0.0,1.0,1.0,shape_dist_traveled,
KOEACRE,1130 KOEBEL RD,-82.965339,39.912566,1,004,1,1,38,6,am_peak+early+evening+midday+owl+pm_peak,False,,False,255.5000000000014,413.1,3,KOE113W,0.6825843614352867,1,5.738279387614558,0.0,1.0,1.0,shape_dist_traveled,
KOEEDSLE,KOEBEL & EDSEL AVE,-82.960477,39.912305,1,004,1,1,38,6,am_peak+early+evening+midday+owl+pm_peak,False,,False,413.1,285.6999999999985,3,KOEEDSW1,0.18552967312667484,1,5.738279387614558,0.0,1.0,1.0,shape_dist_traveled,
KOEFAIE,KOEBEL RD & FAIRWOOD AVE,-82.957113,39.912137,1,004,1,1,38,6,am_peak+early+evening+midday+owl+pm_peak,False,,False,285.6999999999985,393.7000000000026,5,KOEFAIW,0.16450503209196826,1,5.738279387614558,0.0,1.0,1.0,shape_dist_traveled,
FAIFABS,FAIRWOOD AVE & FABER AVE,-82.957151,39.908916,1,004,1,1,38,6,am_peak+early+evening+midday+owl+pm_peak,False,,False,393.7000000000026,439.0999999999998,3,FAIFABN,0.4772382305658572,1,5.738279387614558,0.0,1.0,1.0,shape_dist_traveled,
FAIWATS,FAIRWOOD AVE & WATKINS RD,-82.957457,39.905003,1,004,1,1,38,6,am_peak+early+evening+midday+owl+pm_peak,False,,False,439.0999999999998,400.7000000000005,3,FAIWATN,0.5169607152773409,1,6.704418264100682,0.0,1.0,1.0,shape_dist_traveled,
HAMSHAN1,N HAMILTON RD & SHAGBARK DR,-82.863962,40.049281,1,024,1,1,38,6,am_peak+early+evening+midday+owl+pm_peak,False,,False,298.4000000000009,268.39999999999975,4,HAMVISS,1.3880197414717859,1,21.899147867018858,0.0,1.0,1.0,shape_dist_traveled,
HAMSTON,N HAMILTON RD & STONERIDGE LN,-82.863738,40.051658,1,024,1,1,38,6,am_peak+early+evening+midday+owl+pm_peak,False,,False,268.39999999999975,508.70000000000107,3,HAMSTOS,0.8212024313135725,1,21.899147867018858,0.0,1.0,1.0,shape_dist_traveled,
FREOHIE1,FREBIS AVE & S OHIO AVE,-82.972976,39.934945,1,004,1,1,38,6,am_peak+early+evening+midday+owl+pm_peak,False,,False,166.39999999999944,199.50000000000045,7,FREOHIW,0.2461833331215762,2,13.124432010447872,0.0,1.0,1.0,shape_dist_traveled,
VENSOUE,VENICE DR & SOUTHFIELD DR E,-82.953132,39.897659,1,004,1,1,38,6,am_peak+early+evening+midday+owl+pm_peak,False,,False,387.8999999999984,282.90000000000146,4,VENSOUW,0.24084552953499747,1,4.215878733757634,0.0,1.0,1.0,shape_dist_traveled,
SINDUBS,SINCLAIR RD & DUBLIN GRANDVILLE RD,-82.997706,40.087101,1,004,1,1,38,6,am_peak+early+evening+midday+owl+pm_peak,False,,False,813.5,718.1,1,SINDUBN,0.8096306218146786,0,0.0,0.0,0.0,0.0,shape_dist_traveled,catchment not reconstructable
HAM500N,500 N HAMILTON RD,-82.865416,40.03152,1,024,1,1,38,6,am_peak+early+evening+midday+owl+pm_peak,False,,False,676.6000000000006,654.399999999999,1,HAM559S,1.0471410105123085,1,16.043760736799886,0.0,1.0,1.0,shape_dist_traveled,
HAMJOHN,HAMILTON RD & JOHNSTOWN RD,-82.864802,40.037275,1,024,1,1,38,6,am_peak+early+evening+midday+owl+pm_peak,False,,False,654.399999999999,583.9999999999997,1,HAMJONS,0.3888914075377987,1,46.257558328729615,0.0,0.5,0.5493741307371349,shape_dist_traveled,
HAMBEEN,N HAMILTON RD & BEECHER RD,-82.864222,40.046616,1,024,1,1,38,6,am_peak+early+evening+midday+owl+pm_peak,False,,False,464.9999999999999,298.4000000000009,3,HAMBEES,1.775254787821445,0,0.0,0.0,0.0,0.0,shape_dist_traveled,catchment not reconstructable
SUM18TS,SUMMIT ST & E 18TH AVE,-83.001067,40.002527,1,004,1,1,38,6,am_peak+early+evening+midday+owl+pm_peak,False,,False,327.50000000000057,343.7000000000001,4,4TH18TN,2.8164131119798244,4,7.455859612478779,0.0,0.6,0.31999999999999995,shape_dist_traveled,
SUM15TS,SUMMIT ST & E 15TH AVE,-83.001232,39.999462,1,004,1,1,38,6,am_peak+early+evening+midday+owl+pm_peak,False,,False,343.7000000000001,474.6000000000006,3,4TH15TN,2.7380523629997797,5,11.769328131740064,0.0,0.8,0.9309462915601022,shape_dist_traveled,
HAMTECN,S HAMILTON RD & TECH CENTER DR,-82.868035,39.998535,1,024,1,1,38,6,am_peak+early+evening+midday+owl+pm_peak,False,,False,346.4000000000027,1395.8999999999974,2,HAMSWAS,0.4135916750859761,0,0.0,0.0,0.0,0.0,shape_dist_traveled,catchment not reconstructable
HAMHAVN1,HAMILTON RD & HAVENS CORNERS RD,-82.866337,40.01893,1,024,1,1,38,6,am_peak+early+evening+midday+owl+pm_peak,False,,False,631.2999999999995,750.7000000000019,2,GRASHAW,1.3559376767398839,1,23.187333035667017,0.0,1.0,1.0,shape_dist_traveled,
HAMWORN,HAMILTON RD & WORMAN DR,-82.865882,40.025498,1,024,1,1,38,6,am_peak+early+evening+midday+owl+pm_peak,False,,False,750.7000000000019,676.6000000000006,1,HAMWORS,0.32732402670512456,1,16.043760736799886,0.0,1.0,1.0,shape_dist_traveled,
HAMMAIN,S HAMILTON RD & E MAIN ST,-82.876771,39.95523,1,024,1,1,38,6,am_peak+early+evening+midday+owl+pm_peak,False,,False,428.3000000000001,278.09999999999843,8,MAIHAME,0.48932858622431336,0,0.0,0.0,0.0,0.0,shape_dist_traveled,catchment not reconstructable
HAMWRIN,S HAMILTON RD & WRIGHT AVE,-82.876495,39.957703,1,024,1,1,38,6,am_peak+early+evening+midday+owl+pm_peak,False,,False,278.09999999999843,258.70000000000107,10,HAMWRIS,0.7629296603476342,2,17.419776712401355,0.0,1.0,1.0,shape_dist_traveled,
SUM9THS,SUMMIT ST & E 9TH AVE,-83.001774,39.991692,1,004,1,1,38,6,am_peak+early+evening+midday+owl+pm_peak,False,,False,397.59999999999883,210.30000000000015,9,SUM7THS,2.607121578990535,3,20.464578020115187,0.0,0.5,0.2275641025641025,shape_dist_traveled,
SUM7THS,SUMMIT ST & E 7TH AVE,-83.001923,39.989817,1,004,1,1,38,6,am_peak+early+evening+midday+owl+pm_peak,False,,False,210.30000000000015,368.80000000000024,10,SUM9THS,2.607121578990535,3,13.174621042992607,0.0,0.5,0.2275641025641025,shape_dist_traveled,
HAMBROHN,S HAMILTON RD & BROADHURST DR,-82.875631,39.967708,1,024,1,1,38,6,am_peak+early+evening+midday+owl+pm_peak,False,,False,383.90000000000055,219.5999999999998,7,HAMBROS,0.4558960941944921,3,22.309024966134164,0.0,1.0,1.0,shape_dist_traveled,
HAMSHAN,S HAMILTON RD & SHAKER SQ,-82.875451,39.969665,1,024,1,1,38,6,am_peak+early+evening+midday+owl+pm_peak,False,,False,219.5999999999998,98.30000000000183,5,HAMSAIS,0.2702970154750609,3,22.309024966134164,0.0,1.0,1.0,shape_dist_traveled,
HAMSANN,S HAMILTON RD & SAN JOSE LN,-82.875356,39.970545,1,024,1,1,38,6,am_peak+early+evening+midday+owl+pm_peak,False,,False,98.30000000000183,374.3999999999978,7,HAMSANS,0.7667176040443582,2,19.234946722769223,0.0,1.0,1.0,shape_dist_traveled,
INDTIBS,INDIANOLA AVE & TIBET RD,-83.001732,40.02372,1,004,1,1,38,6,am_peak+early+evening+midday+owl+pm_peak,False,,False,191.4000000000007,183.0999999999996,5,INDWEBN,0.8313911110881638,3,20.786624312277226,0.0,0.6666666666666666,0.6633802816901407,shape_dist_traveled,
INDCRES,INDIANOLA AVE & CRESTVIEW RD,-83.001844,40.02209,1,004,1,1,38,6,am_peak+early+evening+midday+owl+pm_peak,False,,False,183.0999999999996,187.30000000000047,6,INDTULN,0.7552909774243479,2,12.998959429086039,0.0,1.0,1.0,shape_dist_traveled,
HAMPOTN,N HAMILTON RD & POTH RD,-82.871982,39.981177,1,024,1,1,38,6,am_peak+early+evening+midday+owl+pm_peak,False,,False,547.0999999999968,332.9000000000022,3,HAMPOTS,1.2490877471725748,1,0.30113419526840246,0.0,1.0,1.0,shape_dist_traveled,
HAMWOON,N HAMILTON RD & WOODCLIFF DR,-82.869827,39.983691,1,024,1,1,38,6,am_peak+early+evening+midday+owl+pm_peak,False,,False,332.9000000000022,688.4999999999977,2,HAMWOOS,0.28940377676370665,1,0.30113419526840246,0.0,1.0,1.0,shape_dist_traveled,
HAMAIRN,N HAMILTON RD & SAWYER RD,-82.868385,39.995498,1,024,1,1,38,6,am_peak+early+evening+midday+owl+pm_peak,False,,False,640.2,346.4000000000027,3,HAMSAWS,1.5320996339642488,1,205.93396536979859,0.0,1.0,1.0,shape_dist_traveled,
1411HAN,OPPOSITE 1411 S HAMILTON RD,-82.877584,39.946018,1,024,1,1,38,6,am_peak+early+evening+midday+owl+pm_peak,False,,False,254.999999999999,339.4000000000012,8,AMEHAMS,1.763222979271887,2,6.558033585845209,0.0,1.0,1.0,shape_dist_traveled,
HAMMELN,S HAMILTON RD & MELROY AVE,-82.877405,39.949043,1,024,1,1,38,6,am_peak+early+evening+midday+owl+pm_peak,False,,False,339.4000000000012,268.29999999999995,4,AMEHAMS,2.46466675252678,2,6.558033585845209,0.0,1.0,1.0,shape_dist_traveled,
HAMSIMN,S HAMILTON RD & SIMPSON DR,-82.877232,39.951427,1,024,1,1,38,6,am_peak+early+evening+midday+owl+pm_peak,False,,False,268.29999999999995,428.3000000000001,2,HAMMOUS,0.237667420523135,3,9.573557957907962,0.0,0.6666666666666666,0.6666666666666666,shape_dist_traveled,
INDNORTS,INDIANOLA AVE & NORTHRIDGE RD,-83.00031,40.042155,1,004,1,1,38,6,am_peak+early+evening+midday+owl+pm_peak,False,,False,250.50000000000063,390.89999999999935,5,INDNORTN,0.35916349186083313,1,6.206710358032073,0.0,1.0,1.0,shape_dist_traveled,
INDFALS,INDIANOLA AVE & FALLIS RD,-83.000604,40.038649,1,004,1,1,38,6,am_peak+early+evening+midday+owl+pm_peak,False,,False,390.89999999999935,244.5000000000004,5,INDFALN,0.3501841480206664,2,16.48291477156631,0.0,1.0,1.0,shape_dist_traveled,
SUMCHIS,SUMMIT ST & CHITTENDEN AVE,-83.001522,39.995232,1,004,1,1,38,6,am_peak+early+evening+midday+owl+pm_peak,False,,False,474.6000000000006,397.59999999999883,8,11TINDE,1.427449986011749,3,36.332677143008524,0.0,0.5,0.8705712219812005,shape_dist_traveled,
INDOAKS,INDIANOLA AVE & OAKLAND PARK AVE,-83.000969,40.033168,1,004,1,1,38,6,am_peak+early+evening+midday+owl+pm_peak,False,,False,371.50000000000017,237.49999999999983,11,INDPIEN,2.13792924590078,1,10.276204413534238,0.0,1.0,1.0,shape_dist_traveled,
INDNORS,INDIANOLA AVE & E NORTH BROADWAY,-83.001148,40.031052,1,004,1,1,38,6,am_peak+early+evening+midday+owl+pm_peak,False,,False,237.49999999999983,148.60000000000008,9,NORINDE,0.4032019695386152,2,14.462806211640773,0.0,0.5,0.4615384615384616,shape_dist_traveled,
INDWALS,INDIANOLA AVE & WALHALLA RD,-83.001296,40.029727,1,004,1,1,38,6,am_peak+early+evening+midday+owl+pm_peak,False,,False,148.60000000000008,268.39999999999975,10,INDCLIN,0.30306595766307487,2,14.462806211640773,0.0,1.0,1.0,shape_dist_traveled,
INDMIDS,INDIANOLA AVE & MIDGARD RD,-83.00145,40.027331,1,004,1,1,38,6,am_peak+early+evening+midday+owl+pm_peak,False,,False,268.39999999999975,214.50000000000014,5,INDCOMN,0.8528910548338168,2,13.789436691665596,0.0,0.3333333333333333,0.3805436337625179,shape_dist_traveled,
INDMELS,INDIANOLA AVE & MELROSE AVE,-83.001611,40.025424,1,004,1,1,38,6,am_peak+early+evening+midday+owl+pm_peak,False,,False,214.50000000000014,191.4000000000007,6,INDWEBN,1.5686727437942725,2,13.789436691665596,0.0,1.0,1.0,shape_dist_traveled,
FAISOUS,FAIRWOOD AVE & SOUTHFIELD DR S,-82.957798,39.90144,1,004,1,1,38,6,am_peak+early+evening+midday+owl+pm_peak,False,,False,400.7000000000005,347.6999999999997,5,FAISOUN,0.31909814136494896,1,6.704418264100682,0.0,1.0,1.0,shape_dist_traveled,
VENFAIE,VENICE DR & FAIRWOOD AVE,-82.957369,39.898646,1,004,1,1,38,6,am_peak+early+evening+midday+owl+pm_peak,False,,False,347.6999999999997,387.8999999999984,5,VENFAIW,0.453556552314849,2,10.920296997858316,0.0,1.0,1.0,shape_dist_traveled,
INDOLES,INDIANOLA AVE & OLENTANGY ST,-83.00196,40.020421,1,004,1,1,38,6,am_peak+early+evening+midday+owl+pm_peak,False,,False,187.30000000000047,315.49999999999835,6,INDPARN,0.8087813488263512,3,17.039176548937107,0.0,1.0,1.0,shape_dist_traveled,
FAIWEIN,SOUTHFIELD DR & WEIRTON DR,-82.95271,39.90014,1,004,1,1,38,6,am_peak+early+evening+midday+owl+pm_peak,False,,False,282.90000000000146,270.3999999999986,5,WEISOUW,0.19995039293634514,1,4.215878733757634,0.0,1.0,1.0,shape_dist_traveled,
WEIHOUN,WEIRTON DR & HOUSTON DR,-82.952288,39.902443,1,004,1,1,38,6,am_peak+early+evening+midday+owl+pm_peak,False,,False,270.3999999999986,238.6000000000017,5,WEIHOUS,0.1960966895549306,1,6.704418264100682,0.0,1.0,1.0,shape_dist_traveled,
WEIWATN,WEIRTON DR & WATKINS RD,-82.952562,39.904513,1,004,1,1,38,6,am_peak+early+evening+midday+owl+pm_peak,False,,False,238.6000000000017,646.4999999999997,3,WEIWATS,0.43799147581662823,0,0.0,0.0,0.0,0.0,shape_dist_traveled,catchment not reconstructable
180WATE,1800 WATKINS RD,-82.945167,39.904175,1,004,1,1,38,6,am_peak+early+evening+midday+owl+pm_peak,False,,False,646.4999999999997,504.999999999999,1,180WATW,0.44238429861924383,0,0.0,0.0,0.0,0.0,shape_dist_traveled,catchment not reconstructable
WATNEWE,WATKINS RD & NEW WORLD DR,-82.939224,39.903885,1,004,1,1,38,6,am_peak+early+evening+midday+owl+pm_peak,False,,False,504.999999999999,401.19999999999936,3,WATNEWW,0.9890564181066086,0,0.0,0.0,0.0,0.0,shape_dist_traveled,catchment not reconstructable
HAMKAEN,S HAMILTON RD & KAE AVE,-82.876057,39.962793,1,024,1,1,38,6,am_peak+early+evening+midday+owl+pm_peak,False,,False,312.5999999999998,166.39999999999944,5,HAMRICS,1.1085152326727055,2,6.040807722675869,0.0,1.0,1.0,shape_dist_traveled,
HAMETNN,S HAMILTON RD & ETNA RD,-82.875931,39.964283,1,024,1,1,38,6,am_peak+early+evening+midday+owl+pm_peak,False,,False,166.39999999999944,383.90000000000055,4,HAMETNS,0.7946892476976076,3,17.283151012696244,0.0,1.0,1.0,shape_dist_traveled,
HAMWINN,S HAMILTON RD & WINCHESTER PIKE,-82.881905,39.900446,1,024,1,1,38,6,am_peak+early+evening+midday+owl+pm_peak,False,,False,528.2999999999997,367.4999999999997,3,HAMWINS,1.800977499434494,2,38.661169425125586,0.0,0.5,0.6567944250871082,shape_dist_traveled,
HAMHARN,S HAMILTON RD & HARBOR BLVD,-82.881528,39.903709,1,024,1,1,38,6,am_peak+early+evening+midday+owl+pm_peak,False,,False,367.4999999999997,338.89999999999884,4,HAMHARS,0.3144309668413158,1,9.228090117225044,0.0,1.0,1.0,shape_dist_traveled,
HAMREIN,S HAMILTON RD & REINEAU DR,-82.881223,39.906727,1,024,1,1,38,6,am_peak+early+evening+midday+owl+pm_peak,False,,False,338.89999999999884,811.9000000000015,3,HAMHOTS,0.6355454415920475,1,9.228090117225044,0.0,1.0,1.0,shape_dist_traveled,
HAMEASN1,S HAMILTON RD & EASTLAND SQUARE DR,-82.880651,39.913961,1,024,1,1,38,6,am_peak+early+evening+midday+owl+pm_peak,False,,False,811.9000000000015,230.49999999999926,5,HAMEASS,1.434638223195783,0,0.0,0.0,0.0,0.0,shape_dist_traveled,catchment not reconstructable
HAMKINN,S HAMILTON RD & KINGSLAND AVE,-82.879507,39.92615,1,024,1,1,38,6,am_peak+early+evening+midday+owl+pm_peak,False,,False,573.3999999999994,495.3000000000003,5,HAMKIMS,0.28188729815653896,1,35.44461009492533,0.0,1.0,1.0,shape_dist_traveled,
HAMDUNN,S HAMILTON RD & DUNDEE AVE,-82.878091,39.941238,1,024,1,1,38,6,am_peak+early+evening+midday+owl+pm_peak,False,,False,1200.199999999999,281.8000000000005,4,HAMDUNS,0.6407880574743852,3,15.9559299298466,0.0,1.0,1.0,shape_dist_traveled,
HAMARAN,S HAMILTON RD & ARAGON AVE,-82.877823,39.943751,1,024,1,1,38,6,am_peak+early+evening+midday+owl+pm_peak,False,,False,281.8000000000005,254.999999999999,9,HAMLIVS,0.2883748979809572,2,10.334758284836422,0.0,1.0,1.0,shape_dist_traveled,
GRESALN,GREEN POINTE DR S & SALTZGARBER RD,-82.907178,39.84657,1,024,1,1,38,6,am_peak+early+evening+midday+owl+pm_peak,False,,False,503.3000000000003,360.6999999999996,3,GRESALS,0.25880349271625813,0,0.0,0.0,0.0,0.0,shape_dist_traveled,catchment not reconstructable
GRE592N,5920 GREEN POINTE DR S,-82.903897,39.848533,1,024,1,1,38,6,am_peak+early+evening+midday+owl+pm_peak,False,,False,360.6999999999996,790.0,3,GRE590S,0.4692241719916507,0,0.0,0.0,0.0,0.0,shape_dist_traveled,catchment not reconstructable
GREGRON,GREEN POINTE DR S & GROVEPORT RD,-82.902609,39.855471,1,024,1,1,38,6,am_peak+early+evening+midday+owl+pm_peak,False,,False,790.0,3269.9000000000005,1,GREGROS,0.20015400823035034,0,0.0,0.0,0.0,0.0,shape_dist_traveled,catchment not reconstructable
HAMHOMN,S HAMILTON RD & HOMER OHIO LN,-82.883979,39.875682,1,024,1,1,38,6,am_peak+early+evening+midday+owl+pm_peak,False,,False,3269.9000000000005,407.9999999999995,2,HAMHOMS,1.131095959987738,0,0.0,0.0,0.0,0.0,shape_dist_traveled,catchment not reconstructable
HAMFIRN,HAMILTON RD & FIREHOUSE LN,-82.883638,39.879314,1,024,1,1,38,6,am_peak+early+evening+midday+owl+pm_peak,False,,False,407.9999999999995,516.3999999999991,1,HAMFIRS,1.0529311888391149,0,0.0,0.0,0.0,0.0,shape_dist_traveled,catchment not reconstructable
HAMLANN,S HAMILTON RD & LANGLEY AVE,-82.876283,39.960012,1,024,1,1,38,6,am_peak+early+evening+midday+owl+pm_peak,False,,False,258.70000000000107,312.5999999999998,5,HAMLANS,0.3577891895337705,2,17.429535690951717,0.0,1.0,1.0,shape_dist_traveled,
INDSCHS,INDIANOLA AVE & SCHREYER PL,-83.000177,40.051891,1,004,1,1,38,6,am_peak+early+evening+midday+owl+pm_peak,False,,False,300.7,412.80000000000075,4,INDSCHN1,0.19011415903442938,0,0.0,0.0,0.0,0.0,shape_dist_traveled,catchment not reconstructable
INDCOOS,INDIANOLA AVE & E COOKE RD,-82.999933,40.04822,1,004,1,1,38,6,am_peak+early+evening+midday+owl+pm_peak,False,,False,412.80000000000075,432.7999999999994,1,INDCOON,1.4289139820360481,0,0.0,0.0,0.0,0.0,shape_dist_traveled,catchment not reconstructable
INDGLES,INDIANOLA AVE & GLENMONT AVE,-83.000117,40.044368,1,004,1,1,38,6,am_peak+early+evening+midday+owl+pm_peak,False,,False,432.7999999999994,250.50000000000063,3,INDGLEN,0.4464289098234346,1,6.206710358032073,0.0,1.0,1.0,shape_dist_traveled,
HAMDIRN,HAMILTON RD & DIRECTORS BLVD,-82.883207,39.88391,1,024,1,1,38,6,am_peak+early+evening+midday+owl+pm_peak,False,,False,516.3999999999991,1084.1000000000013,1,HAMDIRS,1.4299277377594757,0,0.0,0.0,0.0,0.0,shape_dist_traveled,catchment not reconstructable
HAMPRON,S HAMILTON RD & PROFESSIONAL PKWY,-82.882527,39.893565,1,024,1,1,38,6,am_peak+early+evening+midday+owl+pm_peak,False,,False,1084.1000000000013,244.5000000000004,3,HAMPROS,0.33309080782485945,1,11.827882003042252,0.0,1.0,1.0,shape_dist_traveled,
HAMBAYN,S HAMILTON RD & HAMILTON SQUARE BLVD,-82.882318,39.895746,1,024,1,1,38,6,am_peak+early+evening+midday+owl+pm_peak,False,,False,244.5000000000004,528.2999999999997,4,HAMBAYS,1.583190925286454,2,41.26096131094279,0.0,0.5,0.34887737478411035,shape_dist_traveled,
HAMGRON,S HAMILTON RD & GROVES RD,-82.879057,39.93055,1,024,1,1,38,6,am_peak+early+evening+midday+owl+pm_peak,False,,False,495.3000000000003,1200.199999999999,1,HAMGROS,1.0345481032870323,1,35.44461009492533,0.0,1.0,1.0,shape_dist_traveled,
HAMFAIN,S HAMILTON RD & FAIRWAY BLVD,-82.874318,39.973724,1,024,1,1,38,6,am_peak+early+evening+midday+owl+pm_peak,False,,False,374.3999999999978,335.80000000000257,8,HAMFAIS,0.42546238472907716,0,0.0,0.0,0.0,0.0,shape_dist_traveled,catchment not reconstructable
HAMBRON,N HAMILTON RD & E BROAD ST,-82.873829,39.976718,1,024,1,1,38,6,am_peak+early+evening+midday+owl+pm_peak,False,,False,335.80000000000257,547.0999999999968,6,BROHAMIE,1.143023771727018,1,0.30113419526840246,0.0,1.0,1.0,shape_dist_traveled,
SINSTRS,SINCLAIR RD & STRIMPLE AVE,-82.998135,40.072268,1,004,1,1,38,6,am_peak+early+evening+midday+owl+pm_peak,False,,False,190.19999999999993,265.4000000000001,5,SINSTRN,0.3042146217589786,1,21.50878872500427,0.0,1.0,1.0,shape_dist_traveled,
SINFRES,SINCLAIR RD & FREEWAY DR N,-82.998292,40.0699,1,004,1,1,38,6,am_peak+early+evening+midday+owl+pm_peak,False,,False,265.4000000000001,547.8999999999999,3,SINFREN,0.40968877987669616,0,0.0,0.0,0.0,0.0,shape_dist_traveled,catchment not reconstructable
487SINS,4875 SINCLAIR RD,-82.998663,40.065002,1,004,1,1,38,6,am_peak+early+evening+midday+owl+pm_peak,False,,False,547.8999999999999,719.4000000000003,2,487SINN,0.4303793683461724,0,0.0,0.0,0.0,0.0,shape_dist_traveled,catchment not reconstructable
NORTRA2,NORTHLAND TRANSIT CENTER BAY 2,-82.951557,40.082356,2,035+043,4,2,38,5,am_peak+early+evening+midday+pm_peak,False,,True,193.20000000000093,355.6999999999997,10,NORTRA1,0.4148740614590336,1,17.829653811516685,0.0,1.0,1.0,shape_dist_traveled,transfer point (2 routes)
MAIGRAHE,E MAIN ST & GRAHAM RD,-82.79567,39.955316,1,002,1,1,38,6,am_peak+early+evening+midday+owl+pm_peak,False,,False,403.30000000000155,321.09999999999775,3,MAIWAGW,0.587983070290486,1,21.079393668788192,0.0,1.0,1.0,shape_dist_traveled,
MAIESTE,E MAIN ST & ESTATES LN,-82.791883,39.955399,1,002,1,1,38,6,am_peak+early+evening+midday+owl+pm_peak,False,,False,321.09999999999775,397.4000000000011,5,MAIESTW,0.955369875050519,1,21.079393668788192,0.0,1.0,1.0,shape_dist_traveled,
HANMAIN,HANSON ST & E MAIN ST,-82.779026,39.956658,1,002,1,1,38,6,am_peak+early+evening+midday+owl+pm_peak,False,,False,791.6999999999999,383.30000000000007,1,GOLHILW,3.8280165153141406,1,51.7616222311354,51.7616222311354,0.0,0.0,shape_dist_traveled,only access for 52 daily trips
GOLHILW,GOLDSMITH DR & HILTON DR,-82.782317,39.957751,1,002,1,1,38,6,am_peak+early+evening+midday+owl+pm_peak,False,,False,383.30000000000007,324.3,2,CARMAIS,3.0033744899112187,0,0.0,0.0,0.0,0.0,shape_dist_traveled,catchment not reconstructable
MAIROSEE,E MAIN ST & ROSEHILL RD,-82.818742,39.954888,1,002,1,1,38,6,am_peak+early+evening+midday+owl+pm_peak,False,,False,406.1000000000021,336.19999999999806,4,MAIROSEW,0.8955536366420607,2,16.356048050411562,0.0,1.0,1.0,shape_dist_traveled,
MAIHENE,E MAIN ST & HENTZ DR,-82.814776,39.954955,1,002,1,1,38,6,am_peak+early+evening+midday+owl+pm_peak,False,,False,336.19999999999806,278.100000000002,4,MAIHENW,0.27484521060949957,2,16.356048050411562,0.0,1.0,1.0,shape_dist_traveled,
MAIBRIE,E MAIN ST & BRIARCLIFF RD,-82.811482,39.955013,1,002,1,1,38,6,am_peak+early+evening+midday+owl+pm_peak,False,,False,278.100000000002,440.3000000000006,3,MAIBRIW,0.6280597428105323,2,16.356048050411562,0.0,1.0,1.0,shape_dist_traveled,
MAIHAFE,E MAIN ST & HAFT DR,-82.806287,39.95511,1,002,1,1,38,6,am_peak+early+evening+midday+owl+pm_peak,False,,False,440.3000000000006,496.3999999999977,2,MAIHAFW,0.2695274075020515,0,0.0,0.0,0.0,0.0,shape_dist_traveled,catchment not reconstructable
MAIJACE,E MAIN ST & JACKSON ST,-82.800432,39.955227,1,002,1,1,38,6,am_peak+early+evening+midday+owl+pm_peak,False,,False,496.3999999999977,403.30000000000155,2,MAIJACW,0.2667938795145307,0,0.0,0.0,0.0,0.0,shape_dist_traveled,catchment not reconstructable
EASTER5,EASTON TERMINAL BAY 5,-82.909141,40.060719,2,035+045,4,2,38,5,am_peak+early+evening+midday+pm_peak,False,,True,301.29999999999944,549.7999999999994,12,EASTER1,0.0,0,0.0,0.0,0.0,0.0,shape_dist_traveled,transfer point (2 routes); catchment not reconstructable
MAIBRICE,E MAIN ST & BRICE RD,-82.8279,39.954739,1,002,1,1,38,6,am_peak+early+evening+midday+owl+pm_peak,False,,False,276.09999999999957,369.1999999999993,5,MAIBRICW,1.9024332811836988,2,47.88033704767609,0.0,0.5,0.63483870967742,shape_dist_traveled,
MAI652E,6523 E MAIN ST,-82.823548,39.9548,1,002,1,1,38,6,am_peak+early+evening+midday+owl+pm_peak,False,,False,369.1999999999993,406.1000000000021,3,MAI650W,0.8780509975259603,1,9.468997473439765,0.0,1.0,1.0,shape_dist_traveled,
KENMILN,KENNY RD & MILLCREEK LN,-83.050652,40.036435,1,001,1,1,38,6,am_peak+early+evening+midday+owl+pm_peak,False,,False,439.0999999999998,437.69999999999953,1,KENMILS,0.34183391961346765,0,0.0,0.0,0.0,0.0,shape_dist_traveled,catchment not reconstructable
BETPICW,BETHEL RD & PICKFORDE DR,-83.087077,40.064832,1,001,1,1,38,6,am_peak+early+evening+midday+owl+pm_peak,False,,False,454.5999999999992,276.3000000000062,4,PICBETS,1.5402068895188088,1,10.36403522048753,0.0,0.3333333333333333,0.5765472312703586,shape_dist_traveled,
KENTREN,KENNY RD & TREMONT RD,-83.050712,40.03257,1,001,1,1,38,6,am_peak+early+evening+midday+owl+pm_peak,False,,False,250.60000000000215,439.0999999999998,2,KENRUES,2.65505553868541,0,0.0,0.0,0.0,0.0,shape_dist_traveled,catchment not reconstructable
KENPARN,KENNY RD & PARKLEIGH RD,-83.050213,40.043278,1,001,1,1,38,6,am_peak+early+evening+midday+owl+pm_peak,False,,False,329.5999999999992,407.6000000000022,4,KENPARS,0.20525440409368767,1,5.152740674592664,0.0,1.0,1.0,shape_dist_traveled,
HAMFIRS,HAMILTON RD & FIREHOUSE LN,-82.884126,39.878655,1,024,1,1,38,6,am_peak+early+evening+midday+owl+pm_peak,False,,False,484.3000000000011,411.59999999999997,2,HAMFIRN,1.0529311888391149,0,0.0,0.0,0.0,0.0,shape_dist_traveled,catchment not reconstructable
HAMWRIS,S HAMILTON RD & WRIGHT AVE,-82.876675,39.958235,1,024,1,1,38,6,am_peak+early+evening+midday+owl+pm_peak,False,,False,180.60000000000187,275.90000000000003,9,HAMWRIN,0.7629296603476342,2,17.419776712401355,0.0,1.0,1.0,shape_dist_traveled,
HAMMAIS,S HAMILTON RD & E MAIN ST,-82.876919,39.955782,1,024,1,1,38,6,am_peak+early+evening+midday+owl+pm_peak,False,,False,275.90000000000003,479.49999999999807,8,MAIHAMW,0.5582948320690658,0,0.0,0.0,0.0,0.0,shape_dist_traveled,catchment not reconstructable
CLEWESTN,CLEVELAND AVE & WESTAR BLVD,-82.946929,40.140478,1,101,1,1,38,6,am_peak+early+evening+midday+owl+pm_peak,False,,False,419.69999999999885,422.69999999999897,3,NCLEWESS,0.26963819702192643,0,0.0,0.0,0.0,0.0,shape_dist_traveled,catchment not reconstructable
CLE161NN,CLEVELAND AVE & STATE ROUTE 161,-82.950957,40.084677,1,101,1,1,38,6,am_peak+early+evening+midday+owl+pm_peak,False,,False,582.3000000000001,179.4000000000011,12,CLE161SF,0.6233727124908135,0,0.0,0.0,0.0,0.0,shape_dist_traveled,catchment not reconstructable
COOSCHN,COOPER RD & SCHROCK RD,-82.942788,40.111279,1,101,1,1,38,6,am_peak+early+evening+midday+owl+pm_peak,False,,False,502.19999999999845,620.4999999999998,4,COPSCHS,0.1802437465226197,1,58.43676355958493,0.0,1.0,1.0,shape_dist_traveled,
SAICLEN,ST ANNS W SVC RD & ST ANNS #1 ENT,-82.947477,40.113502,1,101,1,1,38,6,am_peak+early+evening+midday+owl+pm_peak,False,,False,620.4999999999998,208.60000000000056,8,SAISVCOP,0.9839584140693441,0,0.0,0.0,0.0,0.0,shape_dist_traveled,catchment not reconstructable
CLECTLRN,CLEVELAND AVE & COUNTY LINE RD,-82.947197,40.136737,1,101,1,1,38,6,am_peak+early+evening+midday+owl+pm_peak,False,,False,1390.3,419.69999999999885,1,CLECTLRS,1.0113519349183338,0,0.0,0.0,0.0,0.0,shape_dist_traveled,catchment not reconstructable
CLEALTN,"N CLEVELAND AVE & ALTAIR PKWY, WESTSTAR PLACE",-82.946554,40.144244,1,101,1,1,38,6,am_peak+early+evening+midday+owl+pm_peak,False,,False,422.69999999999897,196.3000000000008,3,CLEWESS,1.3806681175998967,0,0.0,0.0,0.0,0.0,shape_dist_traveled,catchment not reconstructable
AFRPOLN,AFRICA RD & POLARIS PKWY,-82.938903,40.146707,1,101,1,1,38,6,am_peak+early+evening+midday+owl+pm_peak,False,,False,329.9999999999983,457.2000000000003,3,POLAFRW1,2.722606278222944,1,82.56095853608693,0.0,1.0,1.0,shape_dist_traveled,
NORTRA4,NORTHLAND TRANSIT CENTER BAY 4,-82.951521,40.082754,1,101,1,1,38,6,am_peak+early+evening+midday+owl+pm_peak,False,,False,1220.9999999999984,582.3000000000001,11,NORTRA5,0.19960750987635928,1,17.829653811516685,0.0,1.0,1.0,shape_dist_traveled,
INDJEFS,INDIANOLA AVE & E JEFFREY PL,-83.001078,40.060433,1,004,1,1,38,6,am_peak+early+evening+midday+owl+pm_peak,False,,False,719.4000000000003,404.0999999999997,6,INDJEFN,0.278137337406313,1,11.0666816761138,0.0,1.0,1.0,shape_dist_traveled,
INDBEAS,INDIANOLA AVE & E BEAUMONT RD,-83.000619,40.056847,1,004,1,1,38,6,am_peak+early+evening+midday+owl+pm_peak,False,,False,404.0999999999997,255.7999999999998,3,INDBEAN,0.5093196876658933,1,11.0666816761138,0.0,1.0,1.0,shape_dist_traveled,
INDWEIS,INDIANOLA AVE & E WEISHEIMER RD,-83.000408,40.054566,1,004,1,1,38,6,am_peak+early+evening+midday+owl+pm_peak,False,,False,255.7999999999998,300.7,5,INDWEIN,0.4353216747150026,0,0.0,0.0,0.0,0.0,shape_dist_traveled,catchment not reconstructable
GODLANSE,GODOWN RD & LANGLAND DR,-83.053278,40.061422,1,001,1,1,38,6,am_peak+early+evening+midday+owl+pm_peak,False,,False,355.80000000000035,215.3999999999998,4,GODCAMN,1.9422132710870244,2,33.29763481384508,0.0,1.0,1.0,shape_dist_traveled,
HIGLARN,N HIGH ST & LARRIMER AVE,-83.017316,40.099016,1,102,1,1,38,6,am_peak+early+evening+midday+owl+pm_peak,False,,False,299.40000000000214,508.70000000000107,3,HIGLARS,0.37684099132262655,1,5.308884331398502,0.0,1.0,1.0,shape_dist_traveled,
HIGMEAN,N HIGH ST & MEADOWLARK LN,-83.018814,40.073382,1,102,1,1,38,6,am_peak+early+evening+midday+owl+pm_peak,False,,False,274.3000000000002,414.6999999999998,7,HIGBROAS,0.2658254558394855,0,0.0,0.0,0.0,0.0,shape_dist_traveled,catchment not reconstructable
HIGSELN,N HIGH ST & E SELBY BLVD,-83.018625,40.077071,1,102,1,1,38,6,am_peak+early+evening+midday+owl+pm_peak,False,,False,414.6999999999998,372.4000000000007,3,HIGSELS,0.4275430412952209,1,21.137947540090387,0.0,1.0,1.0,shape_dist_traveled,
HIGSOUTN,N HIGH ST & E SOUTHINGTON AVE,-83.01845,40.080395,1,102,1,1,38,6,am_peak+early+evening+midday+owl+pm_peak,False,,False,372.4000000000007,425.7999999999988,3,HIGSOUTS,0.24534073079902985,3,44.78395256762454,0.0,1.0,1.0,shape_dist_traveled,
HIGSOUN,HIGH ST & E SOUTH ST,-83.01825,40.084187,1,102,1,1,38,6,am_peak+early+evening+midday+owl+pm_peak,False,,False,425.7999999999988,267.50000000000006,3,HIGSOUS,0.5833396576156022,2,23.646005027534155,0.0,0.5,0.7513134851138357,shape_dist_traveled,
SANPARN,SANCUS BLVD & PARK RD,-82.993689,40.127496,1,102,1,1,38,6,am_peak+early+evening+midday+owl+pm_peak,False,,False,456.7000000000014,555.0999999999995,1,SANPARS,0.8786977743378925,4,62.301319065529505,0.0,1.0,1.0,shape_dist_traveled,
SANBRON,SANCUS BLVD & BROCKWELL DR,-82.990669,40.131813,1,102,1,1,38,6,am_peak+early+evening+midday+owl+pm_peak,False,,False,555.0999999999995,424.90000000000094,2,SANBROS,0.42473441723627625,3,37.47447763340119,0.0,1.0,1.0,shape_dist_traveled,
SANLAZN,SANCUS BLVD & LAZELLE RD,-82.991711,40.135443,1,102,1,1,38,6,am_peak+early+evening+midday+owl+pm_peak,False,,False,424.90000000000094,227.2999999999996,3,SANLAZS,0.8431747976805308,1,10.773912319602843,0.0,1.0,1.0,shape_dist_traveled,
WHIWILE,E WHITTIER ST & WILSON AVE,-82.96797,39.943335,1,005,2,1,37,6,am_peak+early+evening+midday+owl+pm_peak,False,,False,194.50000000000145,230.3999999999995,10,WHIOAKW,1.7011102519467065,2,2.5470934016452373,0.0,0.25,0.1396011396011396,shape_dist_traveled,
WHI3RDE,E WHITTIER ST & S 3RD ST,-82.994569,39.944103,1,005,2,1,37,6,am_peak+early+evening+midday+owl+pm_peak,False,,False,145.1999999999991,361.39999999999975,9,WHI3RDW,0.4971203333710834,2,20.874455119230536,0.0,1.0,1.0,shape_dist_traveled,
WHIJAEE,E WHITTIER ST & JAEGER ST,-82.990369,39.944509,1,005,2,1,37,6,am_peak+early+evening+midday+owl+pm_peak,False,,False,361.39999999999975,238.6999999999979,6,WHI5THW,0.8820419074124807,3,31.648367438833397,0.0,1.0,1.0,shape_dist_traveled,
5TH2200E,2200 W 5TH AVE,-83.065167,39.989587,1,005,2,1,37,6,am_peak+early+evening+midday+owl+pm_peak,False,,False,470.3999999999997,406.69999999999897,3,5TH220W,0.5246242401727037,0,0.0,0.0,0.0,0.0,shape_dist_traveled,catchment not reconstructable
5THARLE,W 5TH AVE & ARLINGTON AVE,-83.060373,39.989398,1,005,2,1,37,6,am_peak+early+evening+midday+owl+pm_peak,False,,False,406.69999999999897,207.3999999999998,10,ARL5THS,0.3171273895607716,0,0.0,0.0,0.0,0.0,shape_dist_traveled,catchment not reconstructable
5THCAME,W 5TH AVE & CAMBRIDGE BLVD,-83.057922,39.989306,1,005,2,1,37,6,am_peak+early+evening+midday+owl+pm_peak,False,,False,207.3999999999998,206.40000000000038,12,5THCAMW,0.21154429844960004,1,11.330174096973654,0.0,1.0,1.0,shape_dist_traveled,
5THWYAE,W 5TH AVE & WYANDOTTE RD,-83.055492,39.989213,1,005,2,1,37,6,am_peak+early+evening+midday+owl+pm_peak,False,,False,206.40000000000038,223.4999999999996,7,5THWYAW,0.20647234430495623,2,23.2458869069692,0.0,1.0,1.0,shape_dist_traveled,
5THWESE,W 5TH AVE & WESTWOOD AVE,-83.052853,39.989104,1,005,2,1,37,6,am_peak+early+evening+midday+owl+pm_peak,False,,False,223.4999999999996,212.3000000000008,5,5THWESW,0.2345613433546634,1,11.915712809995547,0.0,1.0,1.0,shape_dist_traveled,
FAIGATS,FAIRWOOD AVE & GATES ST,-82.954875,39.936179,1,005,2,1,37,6,am_peak+early+evening+midday+owl+pm_peak,False,,False,317.69999999999857,254.50000000000017,9,FAIGATN,0.607469515100303,2,5.094186803290475,0.0,0.6666666666666666,0.4929178470254958,shape_dist_traveled,
WHIBRUE,E WHITTIER ST & BRUCK ST,-82.987563,39.944358,1,005,2,1,37,6,am_peak+early+evening+midday+owl+pm_peak,False,,False,238.6999999999979,362.0000000000019,6,WHIEBNW,0.9233522189091369,3,28.2815198389575,0.0,1.0,1.0,shape_dist_traveled,
WHIPARE,E WHITTIER ST & PARSONS AVE,-82.983296,39.944139,1,005,2,1,37,6,am_peak+early+evening+midday+owl+pm_peak,False,,False,362.0000000000019,266.59999999999684,10,PARWHIS,0.4269819807058597,1,6.382371971938641,0.0,1.0,1.0,shape_dist_traveled,
WHIANNE,E WHITTIER ST & ANN ST,-82.980149,39.943973,1,005,2,1,37,6,am_peak+early+evening+midday+owl+pm_peak,False,,False,266.59999999999684,162.3999999999981,11,WHI17TW,1.072549154204164,2,6.5873105214963035,0.0,1.0,1.0,shape_dist_traveled,
WHI18TE,E WHITTIER ST & S 18TH ST,-82.978237,39.943877,1,005,2,1,37,6,am_peak+early+evening+midday+owl+pm_peak,False,,False,162.3999999999981,214.50000000000102,6,WHI17TW,0.9969626896187019,3,8.607419081421837,0.0,0.6666666666666666,0.7653061224489794,shape_dist_traveled,
WHIOPPE,E WHITTIER ST & CARPENTER ST,-82.975717,39.943733,1,005,2,1,37,6,am_peak+early+evening+midday+owl+pm_peak,False,,False,214.50000000000102,197.60000000000133,8,WHIGILW,1.4110819294039885,3,8.607419081421837,0.0,1.0,1.0,shape_dist_traveled,
WHI22NE,E WHITTIER ST & S 22ND ST,-82.97339,39.943614,1,005,2,1,37,6,am_peak+early+evening+midday+owl+pm_peak,False,,False,197.60000000000133,265.29999999999984,12,WHIGILW,1.1035381375395457,4,10.920296997858316,0.0,0.75,0.7882037533512064,shape_dist_traveled,
WHICHAE,E WHITTIER ST & S CHAMPION AVE,-82.970255,39.94346,1,005,2,1,37,6,am_peak+early+evening+midday+owl+pm_peak,False,,False,265.29999999999984,194.50000000000145,12,CHAWHIN,0.441757551542434,3,9.163680858792635,0.0,0.6666666666666666,0.4089456869009585,shape_dist_traveled,
5THNORTE,W 5TH AVE & NORTHWEST BLVD,-83.041136,39.988558,1,005,2,1,37,6,am_peak+early+evening+midday+owl+pm_peak,False,,False,305.8999999999994,258.70000000000107,12,NOR5THS,0.4392431192573647,0,0.0,0.0,0.0,0.0,shape_dist_traveled,catchment not reconstructable
HARBELN,HARRISBURG PIKE & BELMEAD AVE,-83.046596,39.933288,1,003,1,1,37,6,am_peak+early+evening+midday+owl+pm_peak,False,,False,159.10000000000048,237.70000000000024,6,HAR111S,0.19727607482930704,1,1.7858930747167756,0.0,1.0,1.0,shape_dist_traveled,
HARLAUN,HARRISBURG PIKE & LAUREL AVE,-83.044648,39.934822,1,003,1,1,37,6,am_peak+early+evening+midday+owl+pm_peak,False,,False,237.70000000000024,169.10000000000025,8,HARLAUS,0.6146119169066367,2,6.909356813658345,0.0,1.0,1.0,shape_dist_traveled,
HARBLUN,HARRISBURG PIKE & BLUE ROCK BLVD,-83.06946,39.910841,1,003,1,1,37,6,am_peak+early+evening+midday+owl+pm_peak,False,,False,276.19999999999936,461.9999999999998,4,HARBLUS,0.28415997253509906,1,26.46634982858964,0.0,1.0,1.0,shape_dist_traveled,
HARREDN,HARRISBURG PIKE & RED ROCK BLVD,-83.066387,39.914245,1,003,1,1,37,6,am_peak+early+evening+midday+owl+pm_peak,False,,False,461.9999999999998,274.9000000000006,3,HARREDS,0.8846773191543935,1,16.441927061654795,0.0,1.0,1.0,shape_dist_traveled,
HARBIGN,HARRISBURG PIKE & BIG RUN RD E,-83.06485,39.916418,1,003,1,1,37,6,am_peak+early+evening+midday+owl+pm_peak,False,,False,274.9000000000006,326.4999999999993,4,HARALKS,1.8369308249487992,1,16.441927061654795,0.0,1.0,1.0,shape_dist_traveled,
HAR196N,1896 HARRISBURG PIKE,-83.063003,39.918972,1,003,1,1,37,6,am_peak+early+evening+midday+owl+pm_peak,False,,False,326.4999999999993,343.90000000000146,4,HAR187S,1.3069392690149473,1,16.441927061654795,0.0,0.0,0.0,shape_dist_traveled,
FAIDESS,FAIRWOOD AVE & DESHLER AVE,-82.954622,39.939013,1,005,2,1,37,6,am_peak+early+evening+midday+owl+pm_peak,False,,False,467.8000000000004,317.69999999999857,4,FAIDESN,0.558228062420419,2,6.93863374930944,0.0,1.0,1.0,shape_dist_traveled,
REFCOUE,REFUGEE RD & COURTRIGHT RD,-82.897316,39.916383,1,005,2,1,37,6,am_peak+early+evening+midday+owl+pm_peak,False,,False,500.39999999999907,378.0000000000001,3,REFCOUW,0.2717548292078288,2,22.104086416576493,0.0,1.0,1.0,shape_dist_traveled,
REFOLDE,REFUGEE RD & OLD COURTRIGHT RD,-82.892875,39.91615,1,005,2,1,37,6,am_peak+early+evening+midday+owl+pm_peak,False,,False,378.0000000000001,419.20000000000357,3,REFOLCW,0.7938387092979367,0,0.0,0.0,0.0,0.0,shape_dist_traveled,catchment not reconstructable
REFEASE,REFUGEE RD & EASTLAND MALL,-82.887938,39.915874,1,005,2,1,37,6,am_peak+early+evening+midday+owl+pm_peak,False,,False,419.20000000000357,670.7,1,REFEASW,0.6702026781616724,0,0.0,0.0,0.0,0.0,shape_dist_traveled,catchment not reconstructable
REFCITE,REFUGEE RD & CITIZENS PL,-82.878449,39.915309,1,005,2,1,37,6,am_peak+early+evening+midday+owl+pm_peak,False,,False,686.599999999995,376.100000000001,6,REFCITW1,1.9265568677015796,0,0.0,0.0,0.0,0.0,shape_dist_traveled,catchment not reconstructable
5THHIGE,W 5TH AVE & HIGHLAND ST,-83.011099,39.987242,1,005,2,1,37,6,am_peak+early+evening+midday+owl+pm_peak,False,,False,203.19999999999894,218.09999999999974,10,5THHIGW,0.15962030264224686,1,7.846218754493375,0.0,1.0,1.0,shape_dist_traveled,
5THDENE,W 5TH AVE & DENNISON AVE,-83.008519,39.987145,1,005,2,1,37,6,am_peak+early+evening+midday+owl+pm_peak,False,,False,218.09999999999974,234.29999999999927,11,5THDENW,0.4484007621187149,1,13.116067171690451,0.0,1.0,1.0,shape_dist_traveled,
5THHIGHE,W 5TH AVE & N HIGH ST,-83.005751,39.987058,1,005,2,1,37,6,am_peak+early+evening+midday+owl+pm_peak,False,,False,234.29999999999927,271.1000000000006,9,5THHIGHW,0.2878740025924383,2,20.054700920999892,0.0,1.0,1.0,shape_dist_traveled,
WHIPEAE,E WHITTIER ST & S PEARL ST,-82.996275,39.943907,1,005,2,1,37,6,am_peak+early+evening+midday+owl+pm_peak,False,,False,455.49999999999716,145.1999999999991,8,HIGWHIN,0.9573108256853713,2,27.98875048244654,0.0,1.0,1.0,shape_dist_traveled,
4TH7THN1,N 4TH ST & E 7TH AVE,-82.999322,39.989658,1,004,2,1,37,6,am_peak+early+evening+midday+owl+pm_peak,False,,False,237.30000000000118,384.4999999999992,7,SUM7THS,2.785424953629925,2,18.385915588887464,0.0,0.25,0.1517094017094017,shape_dist_traveled,
4TH9THN,N 4TH ST & E 9TH AVE,-82.99911,39.993079,1,004,2,1,37,6,am_peak+early+evening+midday+owl+pm_peak,False,,False,384.4999999999992,181.20000000000047,10,11T4THE,1.8014342613024035,2,18.385915588887464,0.0,0.5,0.6811279826464208,shape_dist_traveled,
4THCHIN,N 4TH ST & CHITTENDEN AVE,-82.998986,39.994696,1,004,2,1,37,6,am_peak+early+evening+midday+owl+pm_peak,False,,False,181.20000000000047,531.6000000000009,8,11T4THE,0.6226628600493418,5,28.076581289399805,0.0,0.8,0.9614181438998955,shape_dist_traveled,
4TH15TN,N 4TH ST & E 15TH AVE,-82.998667,39.999438,1,004,2,1,37,6,am_peak+early+evening+midday+owl+pm_peak,False,,False,531.6000000000009,304.5000000000009,3,SUM15TS,2.7380523629997797,4,10.978850869160507,0.0,0.8,0.9309462915601022,shape_dist_traveled,
4TH18TN,N 4TH ST & E 18TH AVE,-82.998473,40.002155,1,004,2,1,37,6,am_peak+early+evening+midday+owl+pm_peak,False,,False,304.5000000000009,372.39999999999895,4,SUM18TS,2.8164131119798244,4,8.65621397417366,0.0,0.6,0.31999999999999995,shape_dist_traveled,
4THLANN,N 4TH ST & E LANE AVE,-82.998246,40.005475,1,004,2,1,37,6,am_peak+early+evening+midday+owl+pm_peak,False,,False,372.39999999999895,341.5999999999997,4,SUMLANS,2.8094061568744,4,11.174030440167805,0.0,0.8,0.8592233009708736,shape_dist_traveled,
4THALDN,4TH ST & ALDEN AVE,-82.998036,40.008519,1,004,2,1,37,6,am_peak+early+evening+midday+owl+pm_peak,False,,False,341.5999999999997,300.49999999999955,4,SUMALDS,3.0133609570598336,3,9.885845271519639,0.0,0.75,0.7945544554455445,shape_dist_traveled,
FREGILW,FREBIS AVE & GILBERT ST,-82.975267,39.935144,1,004,2,1,37,6,am_peak+early+evening+midday+owl+pm_peak,False,,False,211.5000000000009,276.6000000000002,6,FREGILE,0.3909055288380238,2,9.201322633201187,0.0,1.0,1.0,shape_dist_traveled,
4THMAYN,N 4TH ST & MAYNARD AVE,-82.997857,40.011191,1,004,2,1,37,6,am_peak+early+evening+midday+owl+pm_peak,False,,False,300.49999999999955,239.30000000000007,4,SUMMAYS,2.7808757911846005,2,7.934049561446659,0.0,0.6666666666666666,0.48392857142857143,shape_dist_traveled,
4THCLIN,N 4TH ST & CLINTON ST,-82.997678,40.01333,1,004,2,1,37,6,am_peak+early+evening+midday+owl+pm_peak,False,,False,239.30000000000007,422.60000000000275,7,HUDSILE,2.5663208445477186,3,10.686081512649558,0.0,0.3333333333333333,0.25753424657534246,shape_dist_traveled,
INDARCN,INDIANOLA AVE & E ARCADIA AVE,-83.001988,40.017259,1,004,2,1,37,6,am_peak+early+evening+midday+owl+pm_peak,False,,False,375.5999999999986,291.4999999999992,8,INDARCS,0.5012671004241247,4,22.25047109483196,0.0,0.75,0.6197368421052633,shape_dist_traveled,
INDPARN,INDIANOLA AVE & PARKVIEW DR,-83.001785,40.019854,1,004,2,1,37,6,am_peak+early+evening+midday+owl+pm_peak,False,,False,291.4999999999992,308.29999999999916,5,INDOLES,0.8087813488263512,3,17.039176548937107,0.0,1.0,1.0,shape_dist_traveled,
INDTULN,INDIANOLA AVE & E TULANE RD,-83.001623,40.022607,1,004,2,1,37,6,am_peak+early+evening+midday+owl+pm_peak,False,,False,308.29999999999916,189.1999999999996,6,INDCRES,0.7552909774243479,2,12.998959429086039,0.0,1.0,1.0,shape_dist_traveled,
INDWEBN,INDIANOLA AVE & E WEBER RD,-83.001518,40.024296,1,004,2,1,37,6,am_peak+early+evening+midday+owl+pm_peak,False,,False,189.1999999999996,406.90000000000026,5,INDTIBS,0.8313911110881638,2,13.789436691665596,0.0,0.6666666666666666,0.6633802816901407,shape_dist_traveled,
WATALUW,WATKINS RD & ALUM CREEK DR,-82.930054,39.906088,1,004,2,1,37,6,am_peak+early+evening+midday+owl+pm_peak,False,,False,970.9999999999999,780.2000000000003,5,WATALUE,0.26023172966869507,0,0.0,0.0,0.0,0.0,shape_dist_traveled,catchment not reconstructable
4TH5THN,N 4TH ST & E 5TH AVE,-82.999474,39.987543,1,004,2,1,37,6,am_peak+early+evening+midday+owl+pm_peak,False,,False,349.2999999999995,237.30000000000118,8,5TH4THW,0.981906507309658,1,6.93863374930944,0.0,1.0,1.0,shape_dist_traveled,
2056WATS,2056 WATKINS RD,-82.938594,39.905789,1,004,2,1,37,6,am_peak+early+evening+midday+owl+pm_peak,False,,False,780.2000000000003,325.2999999999999,3,2197WATE,1.4322753800720531,0,0.0,0.0,0.0,0.0,shape_dist_traveled,catchment not reconstructable
WATNEWW,WATKINS RD & NEW WORLD DR,-82.940135,39.90401,1,004,2,1,37,6,am_peak+early+evening+midday+owl+pm_peak,False,,False,325.2999999999999,459.99999999999994,3,WATNEWE,0.9890564181066086,0,0.0,0.0,0.0,0.0,shape_dist_traveled,catchment not reconstructable
180WATW,1800 WATKINS RD,-82.945552,39.904292,1,004,2,1,37,6,am_peak+early+evening+midday+owl+pm_peak,False,,False,459.99999999999994,643.3999999999997,1,180WATE,0.44238429861924383,0,0.0,0.0,0.0,0.0,shape_dist_traveled,catchment not reconstructable
WEIWATS,WEIRTON DR & WATKINS RD,-82.952798,39.904255,1,004,2,1,37,6,am_peak+early+evening+midday+owl+pm_peak,False,,False,643.3999999999997,205.60000000000045,4,WEIWATN,0.43799147581662823,0,0.0,0.0,0.0,0.0,shape_dist_traveled,catchment not reconstructable
WEIHOUS,WEIRTON DR & HOUSTON DR,-82.952471,39.902453,1,004,2,1,37,6,am_peak+early+evening+midday+owl+pm_peak,False,,False,205.60000000000045,249.50000000000028,5,WEIHOUN,0.1960966895549306,1,6.704418264100682,0.0,1.0,1.0,shape_dist_traveled,
WEISOUW,WEIRTON DR & SOUTHFIELD DR S,-82.952716,39.900284,1,004,2,1,37,6,am_peak+early+evening+midday+owl+pm_peak,False,,False,249.50000000000028,323.8999999999992,5,FAIWEIN,0.19995039293634514,1,4.215878733757634,0.0,1.0,1.0,shape_dist_traveled,
VENSOUW,VENICE DR & SOUTHFIELD DR E,-82.953303,39.897772,1,004,2,1,37,6,am_peak+early+evening+midday+owl+pm_peak,False,,False,323.8999999999992,402.9000000000007,5,VENSOUE,0.24084552953499747,1,4.215878733757634,0.0,1.0,1.0,shape_dist_traveled,
VENFAIW,VENICE DR & FAIRWOOD AVE,-82.957724,39.898825,1,004,2,1,37,6,am_peak+early+evening+midday+owl+pm_peak,False,,False,402.9000000000007,297.6000000000001,4,VENFAIE,0.453556552314849,2,10.920296997858316,0.0,1.0,1.0,shape_dist_traveled,
FAISOUN,FAIRWOOD AVE & SOUTHFIELD DR S,-82.957597,39.90127,1,004,2,1,37,6,am_peak+early+evening+midday+owl+pm_peak,False,,False,297.6000000000001,378.5999999999996,4,FAISOUS,0.31909814136494896,1,6.704418264100682,0.0,1.0,1.0,shape_dist_traveled,
FAIWATN,FAIRWOOD AVE & WATKINS RD,-82.957343,39.904641,1,004,2,1,37,6,am_peak+early+evening+midday+owl+pm_peak,False,,False,378.5999999999996,442.1999999999997,4,FAIWATS,0.5169607152773409,1,6.704418264100682,0.0,1.0,1.0,shape_dist_traveled,
FAIFABN,FAIRWOOD AVE & FABER AVE,-82.957056,39.90858,1,004,2,1,37,6,am_peak+early+evening+midday+owl+pm_peak,False,,False,442.1999999999997,436.7000000000001,3,FAIFABS,0.4772382305658572,1,5.738279387614558,0.0,1.0,1.0,shape_dist_traveled,
KOEFAIW,KOEBEL RD & FAIRWOOD AVE,-82.957167,39.912248,1,004,2,1,37,6,am_peak+early+evening+midday+owl+pm_peak,False,,False,436.7000000000001,286.7000000000006,4,KOEFAIE,0.16450503209196826,1,5.738279387614558,0.0,1.0,1.0,shape_dist_traveled,
KOEEDSW1,KOEBEL RD & EDSEL AVE,-82.960545,39.912428,1,004,2,1,37,6,am_peak+early+evening+midday+owl+pm_peak,False,,False,286.7000000000006,459.19999999999914,3,KOEEDSLE,0.18552967312667484,1,5.738279387614558,0.0,1.0,1.0,shape_dist_traveled,
KOE113W,KOEBEL RD & LOCKBOURNE RD,-82.965946,39.912719,1,004,2,1,37,6,am_peak+early+evening+midday+owl+pm_peak,False,,False,459.19999999999914,119.30000000000085,3,KOEACRE,0.6825843614352867,1,5.738279387614558,0.0,1.0,1.0,shape_dist_traveled,
LOC245N,2452 LOCKBOURNE RD,-82.966083,39.913556,1,004,2,1,37,6,am_peak+early+evening+midday+owl+pm_peak,False,,False,119.30000000000085,424.7999999999994,4,LOC244S,1.0545125188022308,0,0.0,0.0,0.0,0.0,shape_dist_traveled,catchment not reconstructable
LOC230N,2300 LOCKBOURNE RD,-82.965732,39.917342,1,004,2,1,37,6,am_peak+early+evening+midday+owl+pm_peak,False,,False,424.7999999999994,224.5000000000008,4,LOC234S,0.8686109203137038,0,0.0,0.0,0.0,0.0,shape_dist_traveled,catchment not reconstructable
REFCOUW,REFUGEE RD & COURTRIGHT RD,-82.897403,39.916567,1,005,2,1,37,6,am_peak+early+evening+midday+owl+pm_peak,False,,False,326.0000000000005,580.5000000000007,3,REFCOUE,0.2717548292078288,2,22.104086416576493,0.0,1.0,1.0,shape_dist_traveled,
REFWEYW,REFUGEE RD & WEYBURN RD,-82.904236,39.916934,1,005,2,1,37,6,am_peak+early+evening+midday+owl+pm_peak,False,,False,580.5000000000007,398.99999999999915,2,REFWEYE,1.1416945576113668,1,18.795792688002795,0.0,1.0,1.0,shape_dist_traveled,
CHATFONW,CHATTERTON RD & FONTAINE RD,-82.853042,39.914056,1,005,2,1,37,6,am_peak+early+evening+midday+owl+pm_peak,False,,False,461.3999999999998,246.50000000000017,3,CHAFONTE,0.775397811151413,3,38.6748319950961,0.0,1.0,1.0,shape_dist_traveled,
CHAFLEW,CHATTERTON RD & FLEET RD,-82.855865,39.914421,1,005,2,1,37,6,am_peak+early+evening+midday+owl+pm_peak,False,,False,246.50000000000017,336.60000000000025,5,CHAFLEE,0.45058189008514027,2,30.067412913674264,0.0,1.0,1.0,shape_dist_traveled,
CHARENW1,CHATTERTON RD & RENFRO RD,-82.859603,39.915464,1,005,2,1,37,6,am_peak+early+evening+midday+owl+pm_peak,False,,False,336.60000000000025,186.0999999999997,7,CHARENE,0.858696786461034,2,9.963917099922558,0.0,1.0,1.0,shape_dist_traveled,
CHANOEW,CHATTERTON RD & NOE BIXBY RD,-82.861799,39.915676,1,005,2,1,37,6,am_peak+early+evening+midday+owl+pm_peak,False,,False,186.0999999999997,196.1000000000004,5,CHANOEE,0.8585276661162797,2,9.963917099922558,0.0,1.0,1.0,shape_dist_traveled,
REFNOEW,REFUGEE RD & NOE BIXBY RD,-82.864097,39.91533,1,005,2,1,37,6,am_peak+early+evening+midday+owl+pm_peak,False,,False,196.1000000000004,819.0999999999997,4,REFNOEE,0.2865102313043197,1,6.011530787024775,0.0,1.0,1.0,shape_dist_traveled,
REFTENW,REFUGEE RD & TENNYSON BLVD,-82.873635,39.915215,1,005,2,1,37,6,am_peak+early+evening+midday+owl+pm_peak,False,,False,819.0999999999997,256.7000000000004,2,REFTENE,0.4398912896230449,2,49.185251893839066,0.0,1.0,1.0,shape_dist_traveled,
INDFALN,INDIANOLA AVE & FALLIS RD,-83.000424,40.03886,1,004,2,1,37,6,am_peak+early+evening+midday+owl+pm_peak,False,,False,245.40000000000006,343.90000000000146,5,INDFALS,0.3501841480206664,2,16.48291477156631,0.0,1.0,1.0,shape_dist_traveled,
INDNORTN,INDIANOLA AVE & NORTHRIDGE RD,-83.000169,40.04192,1,004,2,1,37,6,am_peak+early+evening+midday+owl+pm_peak,False,,False,343.90000000000146,240.50000000000082,5,INDNORTS,0.35916349186083313,1,6.206710358032073,0.0,1.0,1.0,shape_dist_traveled,
SINSTRN,SINCLAIR RD & STRIMPLE AVE,-82.997976,40.07245,1,004,2,1,37,6,am_peak+early+evening+midday+owl+pm_peak,False,,False,256.2999999999995,224.19999999999973,5,SINSTRS,0.3042146217589786,1,21.50878872500427,0.0,1.0,1.0,shape_dist_traveled,
SINLINN,SINCLAIR RD & LINCOLN AVE,-82.997858,40.074449,1,004,2,1,37,6,am_peak+early+evening+midday+owl+pm_peak,False,,False,224.19999999999973,718.5999999999985,3,SINLINS,0.7121297835564138,1,21.50878872500427,0.0,1.0,1.0,shape_dist_traveled,
SINSHON,SINCLAIR RD & SHORE DR,-82.997564,40.080856,1,004,2,1,37,6,am_peak+early+evening+midday+owl+pm_peak,False,,False,718.5999999999985,761.9999999999969,1,SINSHOS,0.2574721106480727,3,58.86615861580108,0.0,1.0,1.0,shape_dist_traveled,
SINDUBN,SINCLAIR RD & DUBLIN GRANDVILLE RD,-82.997512,40.087665,1,004,2,1,37,6,am_peak+early+evening+midday+owl+pm_peak,False,,False,761.9999999999969,991.9000000000011,1,SINDUBS,0.8096306218146786,0,0.0,0.0,0.0,0.0,shape_dist_traveled,catchment not reconstructable
REFEASW,REFUGEE RD & EASTLAND MALL,-82.887337,39.916012,1,005,2,1,37,6,am_peak+early+evening+midday+owl+pm_peak,False,,False,607.6000000000006,529.4999999999987,1,REFEASE,0.6702026781616724,0,0.0,0.0,0.0,0.0,shape_dist_traveled,catchment not reconstructable
REFOLCW,REFUGEE RD & OLD COURTRIGHT RD,-82.893569,39.916354,1,005,2,1,37,6,am_peak+early+evening+midday+owl+pm_peak,False,,False,529.4999999999987,326.0000000000005,3,REFOLDE,0.7938387092979367,1,3.308293728573699,0.0,0.0,0.0,shape_dist_traveled,
INDJEFN,INDIANOLA AVE & E JEFFREY PL,-83.000942,40.060604,1,004,2,1,37,6,am_peak+early+evening+midday+owl+pm_peak,False,,False,382.9999999999991,728.5000000000003,6,INDJEFS,0.278137337406313,1,11.0666816761138,0.0,1.0,1.0,shape_dist_traveled,
487SINN,4875 SINCLAIR RD,-82.998426,40.065253,1,004,2,1,37,6,am_peak+early+evening+midday+owl+pm_peak,False,,False,728.5000000000003,550.7999999999988,1,487SINS,0.4303793683461724,0,0.0,0.0,0.0,0.0,shape_dist_traveled,catchment not reconstructable
SINFREN,SINCLAIR RD & FREEWAY DR N,-82.998115,40.070162,1,004,2,1,37,6,am_peak+early+evening+midday+owl+pm_peak,False,,False,550.7999999999988,256.2999999999995,3,SINFRES,0.40968877987669616,0,0.0,0.0,0.0,0.0,shape_dist_traveled,catchment not reconstructable
INDCOMN,INDIANOLA AVE & E COMO AVE,-83.001222,40.02792,1,004,2,1,37,6,am_peak+early+evening+midday+owl+pm_peak,False,,False,406.90000000000026,217.39999999999782,7,INDMIDS,0.8528910548338168,2,14.462806211640773,0.0,0.3333333333333333,0.3805436337625179,shape_dist_traveled,
INDCLIN,INDIANOLA AVE & CLINTON HGTS AVE,-83.001064,40.029853,1,004,2,1,37,6,am_peak+early+evening+midday+owl+pm_peak,False,,False,217.39999999999782,196.6000000000001,10,INDWALS,0.30306595766307487,2,14.462806211640773,0.0,1.0,1.0,shape_dist_traveled,
INDNORN,INDIANOLA AVE & E N BROADWAY,-83.000913,40.031598,1,004,2,1,37,6,am_peak+early+evening+midday+owl+pm_peak,False,,False,196.6000000000001,347.5999999999999,9,NORINDW,0.6096192685082322,1,10.276204413534238,0.0,0.5,0.606217616580311,shape_dist_traveled,
INDPIEN,INDIANOLA AVE & PIEDMONT RD,-83.000715,40.034696,1,004,2,1,37,6,am_peak+early+evening+midday+owl+pm_peak,False,,False,347.5999999999999,221.2999999999994,6,INDOAKS,2.13792924590078,1,10.276204413534238,0.0,1.0,1.0,shape_dist_traveled,
INDTORN,INDIANOLA AVE & TORRENCE RD,-83.00057,40.036676,1,004,2,1,37,6,am_peak+early+evening+midday+owl+pm_peak,False,,False,221.2999999999994,245.40000000000006,5,INDTORS,0.3369941664804531,1,10.276204413534238,0.0,1.0,1.0,shape_dist_traveled,
FRE18TW,FREBIS AVE & S 18TH ST,-82.978517,39.935298,1,004,2,1,37,6,am_peak+early+evening+midday+owl+pm_peak,False,,False,276.6000000000002,241.39999999999873,6,FRE18TE,0.13958872215528026,3,10.255292316640595,0.0,1.0,1.0,shape_dist_traveled,
FREANNW,FREBIS AVE & ANN ST,-82.981369,39.935435,1,004,2,1,37,6,am_peak+early+evening+midday+owl+pm_peak,False,,False,241.39999999999873,170.300000000001,11,FREANNE,0.1528991449595781,3,6.089602615427694,0.0,0.6666666666666666,0.7596153846153846,shape_dist_traveled,
FREPARW,FREBIS AVE & PARSONS AVE,-82.983378,39.935528,1,004,2,1,37,6,am_peak+early+evening+midday+owl+pm_peak,False,,False,170.300000000001,232.49999999999994,9,PARFREN,0.3475031381761048,3,6.616587457147398,0.0,0.6666666666666666,0.7787610619469026,shape_dist_traveled,
INDGLEN,INDIANOLA AVE & GLENMONT AVE,-82.999988,40.044062,1,004,2,1,37,6,am_peak+early+evening+midday+owl+pm_peak,False,,False,240.50000000000082,579.8999999999985,3,INDGLES,0.4464289098234346,1,6.206710358032073,0.0,1.0,1.0,shape_dist_traveled,
INDCOON,INDIANOLA AVE & E COOKE RD,-82.999782,40.049243,1,004,2,1,37,6,am_peak+early+evening+midday+owl+pm_peak,False,,False,579.8999999999985,305.70000000000164,3,INDCOOS,1.4289139820360481,0,0.0,0.0,0.0,0.0,shape_dist_traveled,catchment not reconstructable
INDSCHN1,INDIANOLA AVE & E SCHREYER PL,-83.000027,40.051965,1,004,2,1,37,6,am_peak+early+evening+midday+owl+pm_peak,False,,False,305.70000000000164,260.60000000000014,4,INDSCHS,0.19011415903442938,0,0.0,0.0,0.0,0.0,shape_dist_traveled,catchment not reconstructable
INDWEIN,INDIANOLA AVE & E WEISHEIMER RD,-83.000232,40.054283,1,004,2,1,37,6,am_peak+early+evening+midday+owl+pm_peak,False,,False,260.60000000000014,327.89999999999964,5,INDWEIS,0.4353216747150026,0,0.0,0.0,0.0,0.0,shape_dist_traveled,catchment not reconstructable
INDBEAN,INDIANOLA AVE & E BEAUMONT RD,-83.000498,40.057202,1,004,2,1,37,6,am_peak+early+evening+midday+owl+pm_peak,False,,False,327.89999999999964,382.9999999999991,5,INDBEAS,0.5093196876658933,1,11.0666816761138,0.0,1.0,1.0,shape_dist_traveled,
FAIDESN,FAIRWOOD AVE & DESHLER AVE,-82.954447,39.939392,1,005,2,1,37,6,am_peak+early+evening+midday+owl+pm_peak,False,,False,314.6000000000004,344.5999999999998,5,FAIDESS,0.558228062420419,2,6.93863374930944,0.0,1.0,1.0,shape_dist_traveled,
FAIWHIN,FAIRWOOD AVE & WHITTIER ST,-82.954217,39.94247,1,005,2,1,37,6,am_peak+early+evening+midday+owl+pm_peak,False,,False,344.5999999999998,124.29999999999986,6,WHITFAIE,0.7104444021859427,2,3.864555505944498,0.0,0.3333333333333333,0.37755102040816324,shape_dist_traveled,
WHISEYW1,E WHITTIER ST & SEYMOUR AVE,-82.955074,39.943076,1,005,2,1,37,6,am_peak+early+evening+midday+owl+pm_peak,False,,False,124.29999999999986,354.4000000000018,5,WHISEYE,0.45862098444620847,2,4.040217119851066,0.0,0.5,0.463768115942029,shape_dist_traveled,
RICPARN,RICHARD AVE & PARLIN DR,-83.07882,39.895041,1,003,1,1,37,6,am_peak+early+evening+midday+owl+pm_peak,False,,False,264.6999999999995,224.30000000000126,7,RICPARS1,0.29509214044443716,2,30.65295162669614,0.0,1.0,1.0,shape_dist_traveled,
PARBROW,PARLIN DR & BROADWAY,-83.081319,39.895297,1,003,1,1,37,6,am_peak+early+evening+midday+owl+pm_peak,False,,False,224.30000000000126,365.8000000000001,7,PARBROE,0.20743504453307104,1,4.918525189383907,0.0,0.5,0.2823529411764705,shape_dist_traveled,
BROCENN,BROADWAY & CENTRAL AVE,-83.080445,39.897753,1,003,1,1,37,6,am_peak+early+evening+midday+owl+pm_peak,False,,False,365.8000000000001,288.29999999999956,7,BROCENS,0.5220750512013794,2,91.9003010087863,0.0,1.0,1.0,shape_dist_traveled,
BRO3136,3136 BROADWAY,-83.078791,39.899972,1,003,1,1,37,6,am_peak+early+evening+midday+owl+pm_peak,False,,False,288.29999999999956,756.8000000000002,4,BRO1STS,1.0904145984637776,1,12.501251523017437,0.0,0.5,0.29570637119113563,shape_dist_traveled,
HARCENPN,HARRISBURG PIKE & CENTERPOINT DR,-83.074185,39.90576,1,003,1,1,37,6,am_peak+early+evening+midday+owl+pm_peak,False,,False,756.8000000000002,420.79999999999984,1,HARCENPS,0.5186790639305323,0,0.0,0.0,0.0,0.0,shape_dist_traveled,catchment not reconstructable
WHIOAKW,E WHITTIER ST & OAKWOOD AVE,-82.96954,39.94354,1,005,2,1,37,6,am_peak+early+evening+midday+owl+pm_peak,False,,False,287.49999999999784,187.40000000000023,12,WHICHAE,0.7718245414675194,3,9.163680858792635,0.0,1.0,1.0,shape_dist_traveled,
WHIOHIW,E WHITTIER ST & S OHIO AVE,-82.971743,39.94365,1,005,2,1,37,6,am_peak+early+evening+midday+owl+pm_peak,False,,False,187.40000000000023,225.50000000000026,12,OHIWHIS,0.29540556370607146,2,7.729111011888996,0.0,1.0,1.0,shape_dist_traveled,
WHIGILW,E WHITTIER ST & GILBERT ST,-82.974398,39.943788,1,005,2,1,37,6,am_peak+early+evening+midday+owl+pm_peak,False,,False,225.50000000000026,234.70000000000013,11,WHI22NE,1.1035381375395457,3,8.607419081421837,0.0,0.75,0.7882037533512064,shape_dist_traveled,
WHIHEYW,E WHITTIER ST & HEYL AVE,-82.977162,39.94393,1,005,2,1,37,6,am_peak+early+evening+midday+owl+pm_peak,False,,False,234.70000000000013,168.40000000000188,6,WHI18TE,1.150715965692059,3,8.607419081421837,0.0,1.0,1.0,shape_dist_traveled,
TRABENW,TRABUE RD & BENDELOW DR,-83.101826,39.989506,1,005,2,1,37,6,am_peak+early+evening+midday+owl+pm_peak,False,,False,850.6,585.1000000000042,1,TRABENE,0.24297591010163155,1,24.358410461710797,0.0,1.0,1.0,shape_dist_traveled,
REFSCHW,REFUGEE RD & SCHWARTZ RD,-82.908937,39.91719,1,005,2,1,37,6,am_peak+early+evening+midday+owl+pm_peak,False,,False,398.99999999999915,382.1000000000012,2,REFSCHE,0.33983307606671076,0,0.0,0.0,0.0,0.0,shape_dist_traveled,catchment not reconstructable
REFWINW,REFUGEE RD & WINCHESTER PIKE,-82.913437,39.917412,1,005,2,1,37,6,am_peak+early+evening+midday+owl+pm_peak,False,,False,382.1000000000012,2759.3999999999996,2,REFWINE,1.254114693925532,0,0.0,0.0,0.0,0.0,shape_dist_traveled,catchment not reconstructable
FAIGATN,FAIRWOOD AVE & GATES ST,-82.954683,39.936591,1,005,2,1,37,6,am_peak+early+evening+midday+owl+pm_peak,False,,False,297.5999999999992,314.6000000000004,7,FAIGATS,0.607469515100303,3,10.334758284836422,0.0,0.6666666666666666,0.4929178470254958,shape_dist_traveled,
WHIBEEW,E WHITTIER ST & BEECH ST,-82.985944,39.944388,1,005,2,1,37,6,am_peak+early+evening+midday+owl+pm_peak,False,,False,270.80000000000126,208.5000000000008,10,WHIBRUE,1.7299823774653498,2,17.156284291541503,0.0,0.6666666666666666,0.6066252587991717,shape_dist_traveled,
WHIEBNW,E WHITTIER ST & EBNER ST,-82.988402,39.944518,1,005,2,1,37,6,am_peak+early+evening+midday+owl+pm_peak,False,,False,208.5000000000008,234.99999999999943,4,WHIBRUE,0.9233522189091369,3,28.2815198389575,0.0,1.0,1.0,shape_dist_traveled,
WHI5THW,E WHITTIER ST & S 5TH ST,-82.991186,39.944601,1,005,2,1,37,6,am_peak+early+evening+midday+owl+pm_peak,False,,False,234.99999999999943,254.6999999999997,5,WHIJAEE,0.8820419074124807,3,31.648367438833397,0.0,1.0,1.0,shape_dist_traveled,
WHI3RDW,E WHITTIER ST & S 3RD ST,-82.994152,39.944262,1,005,2,1,37,6,am_peak+early+evening+midday+owl+pm_peak,False,,False,254.6999999999997,300.6999999999991,9,WHI3RDE,0.4971203333710834,2,20.874455119230536,0.0,1.0,1.0,shape_dist_traveled,
WHILILW,E WHITTIER ST & LILLEY AVE,-82.959252,39.943164,1,005,2,1,37,6,am_peak+early+evening+midday+owl+pm_peak,False,,False,354.4000000000018,147.29999999999777,7,WHIKELE,1.135180746259131,3,10.861743126556128,0.0,0.6666666666666666,0.8274932614555256,shape_dist_traveled,
WHIELLW,E WHITTIER ST & ELLSWORTH AVE,-82.960989,39.943209,1,005,2,1,37,6,am_peak+early+evening+midday+owl+pm_peak,False,,False,147.29999999999777,206.40000000000214,6,WHIKELE,0.7550938999532029,2,8.988019244886068,0.0,1.0,1.0,shape_dist_traveled,
WHILOCW,E WHITTIER ST & LOCKBOURNE RD,-82.963427,39.943304,1,005,2,1,37,6,am_peak+early+evening+midday+owl+pm_peak,False,,False,206.40000000000214,231.79999999999978,7,WHIMILE,1.1745419258930403,3,6.294541164985357,0.0,0.25,0.3248730964467005,shape_dist_traveled,
WHILINW,E WHITTIER ST & LINWOOD AVE,-82.966146,39.94336,1,005,2,1,37,6,am_peak+early+evening+midday+owl+pm_peak,False,,False,231.79999999999978,287.49999999999784,7,WHISTUE,0.9850724381806936,2,2.5470934016452373,0.0,1.0,1.0,shape_dist_traveled,
REFCITW1,REFUGEE RD & CITIZENS PL,-82.87665,39.915399,1,005,2,1,37,6,am_peak+early+evening+midday+owl+pm_peak,False,,False,256.7000000000004,387.2,6,REFCITE,1.9265568677015796,0,0.0,0.0,0.0,0.0,shape_dist_traveled,catchment not reconstructable
GENPRIW,GENDER RD T C & PRIVATE DR,-82.8234,39.905775,1,005,2,1,37,6,am_peak+early+evening+midday+owl+pm_peak,False,,False,519.5,433.5,2,GENUPPS,3.0967347560694947,2,39.89470431389173,0.0,0.5,0.4252873563218388,shape_dist_traveled,
REFGENW,REFUGEE RD & GENDER RD,-82.824607,39.910985,1,005,2,1,37,6,am_peak+early+evening+midday+owl+pm_peak,False,,False,315.3,235.70000000000002,7,GENREFS,0.7474527257676856,3,25.931000148112435,0.0,1.0,1.0,shape_dist_traveled,
REFSTIRW,REFUGEE RD & STIRLING BRIDGE,-82.827115,39.911769,1,005,2,1,37,6,am_peak+early+evening+midday+owl+pm_peak,False,,False,235.70000000000002,465.20000000000005,4,REFCTNVE,0.4339251613466074,2,13.049148461630772,0.0,1.0,1.0,shape_dist_traveled,
REFBRIW,REFUGEE RD & BRICE RD,-82.832296,39.912845,1,005,2,1,37,6,am_peak+early+evening+midday+owl+pm_peak,False,,False,465.20000000000005,518.5999999999999,1,REFBRIE,0.3501713162405521,1,4.383175508906747,0.0,1.0,1.0,shape_dist_traveled,
CHAJOSW,CHATTERTON RD & JOSHSTOCK DR,-82.838401,39.913205,1,005,2,1,37,6,am_peak+early+evening+midday+owl+pm_peak,False,,False,518.5999999999999,465.5,1,CHAJOSE,0.6332866386257603,1,22.523722494242204,0.0,1.0,1.0,shape_dist_traveled,
CHATFXW,CHATTERTON RD & FOX CHAPLE DR,-82.843877,39.913534,1,005,2,1,37,6,am_peak+early+evening+midday+owl+pm_peak,False,,False,465.5,316.9,3,CHATBONE,0.5228920124568581,1,22.523722494242204,0.0,1.0,1.0,shape_dist_traveled,
CHATFALW,CHATTERTON RD & FALCON BRIDGE DR,-82.847609,39.913735,1,005,2,1,37,6,am_peak+early+evening+midday+owl+pm_peak,False,,False,316.9,461.3999999999998,3,CHATFALE,0.6921618129624733,2,31.13114157566404,0.0,1.0,1.0,shape_dist_traveled,
5THASHW,W 5TH AVE & ASHLAND AVE,-83.050178,39.989128,1,005,2,1,37,6,am_peak+early+evening+midday+owl+pm_peak,False,,False,223.7000000000009,213.30000000000027,7,5THASHE,0.2557368195995201,1,11.915712809995547,0.0,1.0,1.0,shape_dist_traveled,
5THWESW,W 5TH AVE & WESTWOOD AVE,-83.052684,39.989212,1,005,2,1,37,6,am_peak+early+evening+midday+owl+pm_peak,False,,False,213.30000000000027,249.4999999999976,5,5THWESE,0.2345613433546634,1,11.915712809995547,0.0,1.0,1.0,shape_dist_traveled,
5THWYAW,W 5TH AVE & WYANDOTTE RD,-83.055634,39.989314,1,005,2,1,37,6,am_peak+early+evening+midday+owl+pm_peak,False,,False,249.4999999999976,205.40000000000092,8,5THWYAE,0.20647234430495623,2,23.2458869069692,0.0,1.0,1.0,shape_dist_traveled,
5THCAMW,W 5TH AVE & CAMBRIDGE BLVD,-83.058049,39.989423,1,005,2,1,37,6,am_peak+early+evening+midday+owl+pm_peak,False,,False,205.40000000000092,162.3000000000019,11,5THCAME,0.21154429844960004,1,11.330174096973654,0.0,1.0,1.0,shape_dist_traveled,
5THARLW,W 5TH AVE & ARLINGTON AVE,-83.05997,39.989516,1,005,2,1,37,6,am_peak+early+evening+midday+owl+pm_peak,False,,False,162.3000000000019,325.4999999999981,12,ARL5THN,0.30548316116131946,0,0.0,0.0,0.0,0.0,shape_dist_traveled,catchment not reconstructable
5THLOCW,W 5TH AVE & LOWER CHELSEA RD,-83.063812,39.989643,1,005,2,1,37,6,am_peak+early+evening+midday+owl+pm_peak,False,,False,325.4999999999981,154.39999999999898,8,5TH2200E,1.448638672529897,0,0.0,0.0,0.0,0.0,shape_dist_traveled,catchment not reconstructable
5THMICW,W 5TH AVE & MICHIGAN AVE,-83.016423,39.98754,1,005,2,1,37,6,am_peak+early+evening+midday+owl+pm_peak,False,,False,249.50000000000117,185.0999999999985,9,5THMICE,0.45105149474877904,2,33.55136825615452,0.0,1.0,1.0,shape_dist_traveled,
5THPERW,W 5TH AVE & PERRY ST,-83.018609,39.987629,1,005,2,1,37,6,am_peak+early+evening+midday+owl+pm_peak,False,,False,185.0999999999985,220.20000000000195,4,5THPERE,0.4845575941292045,2,33.55136825615452,0.0,0.5,0.39703315881326373,shape_dist_traveled,
5THRUNW,W 5TH AVE & RUNAWAY BAY DR,-83.072461,39.986993,1,005,2,1,37,6,am_peak+early+evening+midday+owl+pm_peak,False,,False,306.2000000000005,202.09999999999795,5,5THRUN2E,0.6103081969353841,2,39.54338108607863,0.0,1.0,1.0,shape_dist_traveled,
5THSEAPW,W 5TH AVE & SEAPORT,-83.073776,39.985575,1,005,2,1,37,6,am_peak+early+evening+midday+owl+pm_peak,False,,False,202.09999999999795,866.6000000000018,3,5THRUN1E,0.5311215076072864,1,20.68903452677363,0.0,1.0,1.0,shape_dist_traveled,
MCKQUAN,MCKINLEY AVE & QUARRY LAKE DR,-83.080044,39.990185,1,005,2,1,37,6,am_peak+early+evening+midday+owl+pm_peak,False,,False,866.6000000000018,402.4999999999999,1,MCKQUAS,0.3781159716068779,1,18.854346559305004,0.0,1.0,1.0,shape_dist_traveled,
MCK3235N,3235 MCKINLEY AVE,-83.082824,39.993095,1,005,2,1,37,6,am_peak+early+evening+midday+owl+pm_peak,False,,False,402.4999999999999,378.499999999999,3,MCK3265S,1.2133133802687657,0,0.0,0.0,0.0,0.0,shape_dist_traveled,catchment not reconstructable
TRAMCKW,TRABUE RD & MCKINLEY AVE,-83.086513,39.994748,1,005,2,1,37,6,am_peak+early+evening+midday+owl+pm_peak,False,,False,378.499999999999,573.599999999999,3,TRAMCKE,0.23819073224039636,0,0.0,0.0,0.0,0.0,shape_dist_traveled,catchment not reconstructable
TRAMAPW,TRABUE RD & MAPLEWAY DR,-83.092694,39.992678,1,005,2,1,37,6,am_peak+early+evening+midday+owl+pm_peak,False,,False,573.599999999999,850.6,1,TRAHAGE,0.24734958699498993,0,0.0,0.0,0.0,0.0,shape_dist_traveled,catchment not reconstructable
5THGRANW,W 5TH AVE & GRANDVIEW AVE,-83.044254,39.988841,1,005,2,1,37,6,am_peak+early+evening+midday+owl+pm_peak,False,,False,315.10000000000105,278.7000000000006,12,GRA5THN,0.3812369426418196,2,20.347470277510837,0.0,1.0,1.0,shape_dist_traveled,
5THFAIW,W 5TH AVE & FAIRVIEW AVE,-83.04754,39.988992,1,005,2,1,37,6,am_peak+early+evening+midday+owl+pm_peak,False,,False,278.7000000000006,223.7000000000009,11,5THFAIE,0.17458775734187587,2,21.811317060065562,0.0,1.0,1.0,shape_dist_traveled,
NORKINN,NORTHWEST BLVD & KING AVE,-83.040485,39.991291,1,003,1,1,37,6,am_peak+early+evening+midday+owl+pm_peak,False,,False,268.60000000000286,396.39999999999986,11,NORKINGS,0.3452773385857186,0,0.0,0.0,0.0,0.0,shape_dist_traveled,catchment not reconstructable
NORCHAWF,NORTHWEST BLVD & CHAMBERS RD,-83.042968,39.994093,1,003,1,1,37,6,am_peak+early+evening+midday+owl+pm_peak,False,,False,396.39999999999986,179.80000000000018,9,NORCHASE,1.4319390021936886,1,7.436341655378049,0.0,0.0,0.0,shape_dist_traveled,
NORINDNW,NORTHWEST BLVD & INDEPENDENCE RD,-83.04478,39.994936,1,003,1,1,37,6,am_peak+early+evening+midday+owl+pm_peak,False,,False,179.80000000000018,166.09999999999658,7,NORKINSE,0.41956288881536585,2,18.64940800974732,0.0,1.0,1.0,shape_dist_traveled,
NORNORN,NORTHWEST BLVD & NORTHWEST CT,-83.04645,39.995713,1,003,1,1,37,6,am_peak+early+evening+midday+owl+pm_peak,False,,False,166.09999999999658,259.70000000000226,10,NORNORSE,0.4950377621136064,1,7.436341655378049,0.0,1.0,1.0,shape_dist_traveled,
NORNORNW,NORTHWEST BLVD & NORTH STAR RD,-83.049106,39.996821,1,003,1,1,37,6,am_peak+early+evening+midday+owl+pm_peak,False,,False,259.70000000000226,361.5999999999992,10,NORSTASE,0.2641333312280822,1,13.906544434270002,0.0,0.5,0.6515775034293558,shape_dist_traveled,
NORGLENW,NORTHWEST BLVD & GLENN AVE,-83.052662,39.9986,1,003,1,1,37,6,am_peak+early+evening+midday+owl+pm_peak,False,,False,361.5999999999992,175.8999999999986,7,NORGLESE,0.30820225219387,2,18.942177366258285,0.0,0.5,0.7341576506955182,shape_dist_traveled,
NORBARNW,NORTHWEST BLVD & BARRINGTON RD,-83.053991,39.999737,1,003,1,1,37,6,am_peak+early+evening+midday+owl+pm_peak,False,,False,175.8999999999986,236.2000000000002,5,NORBARSE,0.8729072559777821,2,18.942177366258285,0.0,1.0,1.0,shape_dist_traveled,
NORGUINW,NORTHWEST BLVD & GUILFORD RD,-83.055287,40.001605,1,003,1,1,37,6,am_peak+early+evening+midday+owl+pm_peak,False,,False,236.2000000000002,225.60000000000002,5,NORGUISE,0.57716811898945,2,18.942177366258285,0.0,1.0,1.0,shape_dist_traveled,
HARHYDN,HARRISBURG PIKE & HYDE RD,-83.071354,39.908837,1,003,1,1,37,6,am_peak+early+evening+midday+owl+pm_peak,False,,False,420.79999999999984,276.19999999999936,3,HARHYDS,0.3734565337426069,1,26.46634982858964,0.0,1.0,1.0,shape_dist_traveled,
NORBRANW,NORTHWEST BLVD & BRANDON RD,-83.05706,40.003113,1,003,1,1,37,6,am_peak+early+evening+midday+owl+pm_peak,False,,False,225.60000000000002,481.70000000000005,4,NORSUFSE,1.4841031126429554,2,9.719942636163434,0.0,0.6666666666666666,0.640926640926641,shape_dist_traveled,
NORLANNN,NORTHWEST BLVD & W LANE AVE,-83.058045,40.00699,1,003,1,1,37,6,am_peak+early+evening+midday+owl+pm_peak,False,,False,481.70000000000005,282.3000000000029,4,NORLANSE,0.3358960862075882,3,19.644823821884536,0.0,0.6666666666666666,0.7436661698956782,shape_dist_traveled,
NORWILSN,NORTHWEST BLVD & WILSHIRE DR,-83.057914,40.009509,1,003,1,1,37,6,am_peak+early+evening+midday+owl+pm_peak,False,,False,282.3000000000029,241.1999999999992,5,NORWILSS,0.33578847433740433,2,33.52209132050347,0.0,1.0,1.0,shape_dist_traveled,
NORNORTN,NORTHWEST BLVD & NORTHAM RD,-83.057793,40.011656,1,003,1,1,37,6,am_peak+early+evening+midday+owl+pm_peak,False,,False,241.1999999999992,302.699999999998,5,NORNORTS,0.421079007981937,2,33.52209132050347,0.0,1.0,1.0,shape_dist_traveled,
NORRIDN,NORTHWEST BLVD & RIDGEVIEW RD,-83.057615,40.014351,1,003,1,1,37,6,am_peak+early+evening+midday+owl+pm_peak,False,,False,302.699999999998,531.7000000000007,3,NORRIDS,0.36924774185813125,1,9.16368085879264,0.0,1.0,1.0,shape_dist_traveled,
ZOLNORW3,ZOLLINGER RD & NORTHWEST BLVD,-83.057858,40.018851,1,003,1,1,37,6,am_peak+early+evening+midday+owl+pm_peak,False,,False,531.7000000000007,325.7000000000012,5,NORZOLS,0.7081318613112397,2,22.49723383817693,0.0,1.0,1.0,shape_dist_traveled,
ZOLTREW,ZOLLINGER RD & TREMONT RD,-83.061707,40.019018,1,003,1,1,37,6,am_peak+early+evening+midday+owl+pm_peak,False,,False,325.7000000000012,344.40000000000026,8,TREZOLS,1.2309288874753384,2,20.493854955766306,0.0,1.0,1.0,shape_dist_traveled,
BROLOZN,BROADWAY & LOTZ DR,-83.090833,39.885338,1,003,1,1,37,6,am_peak+early+evening+midday+owl+pm_peak,False,,False,280.8999999999999,411.2,6,BROBURS,0.5012567823075569,1,7.699834076237901,0.0,1.0,1.0,shape_dist_traveled,
BROCDRGN,BROADWAY & CEDAR GROVE PL S,-83.088103,39.888369,1,003,1,1,37,6,am_peak+early+evening+midday+owl+pm_peak,False,,False,411.2,415.0999999999998,4,BROROSS,0.8910753664069538,2,13.496667335154648,0.0,1.0,1.0,shape_dist_traveled,
SOUBROE,SOUTHWEST BLVD & BROADWAY,-83.085416,39.890723,1,003,1,1,37,6,am_peak+early+evening+midday+owl+pm_peak,False,,False,415.0999999999998,182.19999999999993,4,SOUBROW,0.4134392056368089,1,5.796833258916747,0.0,1.0,1.0,shape_dist_traveled,
SOUSHEE,SOUTHWEST BLVD & SHELDON PL,-83.083329,39.890481,1,003,1,1,37,6,am_peak+early+evening+midday+owl+pm_peak,False,,False,182.19999999999993,303.79999999999984,7,SOUSHEW,0.6014704980807576,2,10.715358448300654,0.0,1.0,1.0,shape_dist_traveled,
RICSOUNF,RICHARD AVE & SOUTHWEST BLVD,-83.080382,39.891228,1,003,1,1,37,6,am_peak+early+evening+midday+owl+pm_peak,False,,False,303.79999999999984,198.99999999999983,5,RICSOUS,0.278388115594167,2,19.2642236584203,0.0,1.0,1.0,shape_dist_traveled,
RICADDN,RICHARD AVE & ADDISON DR,-83.080106,39.892893,1,003,1,1,37,6,am_peak+early+evening+midday+owl+pm_peak,False,,False,198.99999999999983,264.6999999999995,9,RICADDIS,0.31594585021140315,2,19.2642236584203,0.0,1.0,1.0,shape_dist_traveled,
STRTHISW,STRINGTOWN RD & THISTLEWOOD DR,-83.043398,39.878896,1,003,1,1,37,6,am_peak+early+evening+midday+owl+pm_peak,False,,False,615.6999999999999,1196.0000000000002,1,PKWCTRS,2.9720906091368122,0,0.0,0.0,0.0,0.0,shape_dist_traveled,catchment not reconstructable
STRPARW,STRINGTOWN RD & PARKMEAD DR,-83.063056,39.878951,1,003,1,1,37,6,am_peak+early+evening+midday+owl+pm_peak,False,,False,479.09999999999985,511.8999999999998,2,STRPARE,1.055312405589074,1,67.6492393111293,0.0,1.0,1.0,shape_dist_traveled,
3RDEDGW1,W 3RD AVE & EDGEHILL RD,-83.030274,39.984522,1,003,1,1,37,6,am_peak+early+evening+midday+owl+pm_peak,False,,False,459.0999999999994,137.2,8,EDG3RDS,1.1736427673345375,2,65.6388897297542,0.0,0.5,0.810883140053523,shape_dist_traveled,
3RDNORW,W 3RD AVE & NORTON AVE,-83.031896,39.984587,1,003,1,1,37,6,am_peak+early+evening+midday+owl+pm_peak,False,,False,137.2,256.59999999999883,6,3RDPARE1,1.2651191884617712,2,65.6388897297542,0.0,0.5,0.810883140053523,shape_dist_traveled,
3RDOXLW,W 3RD AVE & OXLEY RD,-83.034925,39.984719,1,003,1,1,37,6,am_peak+early+evening+midday+owl+pm_peak,False,,False,256.59999999999883,323.6000000000025,6,3RDOXLE,0.2752360881020274,0,0.0,0.0,0.0,0.0,shape_dist_traveled,catchment not reconstructable
3RDMEAW,W 3RD AVE & MEADOW RD,-83.038736,39.984907,1,003,1,1,37,6,am_peak+early+evening+midday+owl+pm_peak,False,,False,323.6000000000025,334.29999999999893,6,3RDNWBE,0.2562490523260007,2,10.305481349185328,0.0,1.0,1.0,shape_dist_traveled,
NORTHONW,NORTHWEST BLVD & THORNWOOD PL,-83.040816,39.986959,1,003,1,1,37,6,am_peak+early+evening+midday+owl+pm_peak,False,,False,334.29999999999893,218.4999999999988,12,NORTHOSE,0.32736795426305376,2,14.228590726432035,0.0,1.0,1.0,shape_dist_traveled,
NOR5THN,NORTHWEST BLVD & W 5TH AVE,-83.040685,39.988903,1,003,1,1,37,6,am_peak+early+evening+midday+owl+pm_peak,False,,False,218.4999999999988,268.60000000000286,12,NOR5THS,0.32978935962745315,0,0.0,0.0,0.0,0.0,shape_dist_traveled,catchment not reconstructable
COLDUDLW,COLUMBUS ST & DUDLEY AVE,-83.089298,39.88195,1,003,1,1,37,6,am_peak+early+evening+midday+owl+pm_peak,False,,False,352.9999999999998,291.2000000000008,6,COLDULE,0.408539014884248,2,22.923840614807137,0.0,1.0,1.0,shape_dist_traveled,
COLBROW,COLUMBUS ST & BROADWAY,-83.092173,39.883342,1,003,1,1,37,6,am_peak+early+evening+midday+owl+pm_peak,False,,False,291.2000000000008,280.8999999999999,5,COLBROE,0.2676366949073517,2,22.923840614807137,0.0,1.0,1.0,shape_dist_traveled,
5THHIGHW,W 5TH AVE & N HIGH ST,-83.005959,39.98719,1,005,2,1,37,6,am_peak+early+evening+midday+owl+pm_peak,False,,False,462.80000000000143,184.30000000000035,9,5THHIGHE,0.2878740025924383,2,20.054700920999892,0.0,1.0,1.0,shape_dist_traveled,
5THDENW,W 5TH AVE & DENNISON AVE,-83.008126,39.987259,1,005,2,1,37,6,am_peak+early+evening+midday+owl+pm_peak,False,,False,184.30000000000035,251.1999999999972,10,5THDENE,0.4484007621187149,1,13.116067171690451,0.0,1.0,1.0,shape_dist_traveled,
5THHIGW,W 5TH AVE & HIGHLAND ST,-83.011101,39.987357,1,005,2,1,37,6,am_peak+early+evening+midday+owl+pm_peak,False,,False,251.1999999999972,202.20000000000127,10,5THHIGE,0.15962030264224686,1,7.846218754493375,0.0,1.0,1.0,shape_dist_traveled,
5THNEIW,W 5TH AVE & NEIL AVE,-83.013482,39.987438,1,005,2,1,37,6,am_peak+early+evening+midday+owl+pm_peak,False,,False,202.20000000000127,249.50000000000117,11,5THNEIE,0.1288224040742761,2,28.0765812893998,0.0,1.0,1.0,shape_dist_traveled,
WHI17TW,E WHITTIER ST & S 17TH ST,-82.979148,39.944033,1,005,2,1,37,6,am_peak+early+evening+midday+owl+pm_peak,False,,False,168.40000000000188,305.6999999999981,9,WHI18TE,0.9969626896187019,2,6.5873105214963035,0.0,0.6666666666666666,0.7653061224489794,shape_dist_traveled,
WHIPARW,E WHITTIER ST & PARSONS AVE,-82.98275,39.944219,1,005,2,1,37,6,am_peak+early+evening+midday+owl+pm_peak,False,,False,305.6999999999981,270.80000000000126,10,PARWHIS,0.36696828384161717,2,8.724526824026215,0.0,0.5,0.7315436241610739,shape_dist_traveled,
5THTISW,W 5TH AVE & TISDALE,-83.021208,39.987729,1,005,2,1,37,6,am_peak+early+evening+midday+owl+pm_peak,False,,False,220.20000000000195,445.0999999999965,5,5THPERE,2.3146266623037555,0,0.0,0.0,0.0,0.0,shape_dist_traveled,catchment not reconstructable
5THEDGW,W 5TH AVE & EDGEHILL RD,-83.029454,39.988094,1,005,2,1,37,6,am_peak+early+evening+midday+owl+pm_peak,False,,False,254.80000000000302,228.50000000000037,10,EDG5TH,0.7464493487426069,1,53.225469013690024,0.0,1.0,1.0,shape_dist_traveled,
5THHESW,W 5TH AVE & HESS ST,-83.032154,39.988226,1,005,2,1,37,6,am_peak+early+evening+midday+owl+pm_peak,False,,False,228.50000000000037,261.59999999999786,9,5THHOLE,1.5078218092891278,2,78.72567996579355,0.0,0.5,0.3239122350316111,shape_dist_traveled,
5THKENW,W 5TH AVE & KENNY RD,-83.035242,39.988374,1,005,2,1,37,6,am_peak+early+evening+midday+owl+pm_peak,False,,False,261.59999999999786,211.5000000000009,7,5THEASE,0.6127732962909532,1,25.500210952103515,0.0,0.5,0.8710000000000001,shape_dist_traveled,
5THDOTW,W 5TH AVE & DOTEN AVE,-83.037731,39.988505,1,005,2,1,37,6,am_peak+early+evening+midday+owl+pm_peak,False,,False,211.5000000000009,238.6999999999979,12,5THDOTE,0.4105719188465553,1,3.776724698991214,0.0,1.0,1.0,shape_dist_traveled,
5THNORTW,W 5TH AVE & NORTHWEST BLVD,-83.040539,39.988648,1,005,2,1,37,6,am_peak+early+evening+midday+owl+pm_peak,False,,False,238.6999999999979,315.10000000000105,12,NOR5THN,0.38671474283607965,1,3.776724698991214,0.0,0.0,0.0,shape_dist_traveled,
STRHOVW,STRINGTOWN RD & HOOVER RD,-83.06819,39.881192,1,003,1,1,37,6,am_peak+early+evening+midday+owl+pm_peak,False,,False,511.8999999999998,322.5000000000002,3,STRHOVE,0.5046649703490349,1,67.6492393111293,0.0,0.0,0.0,shape_dist_traveled,
COLLEIW,COLUMBUS ST & LEITHART DR,-83.072005,39.881346,1,003,1,1,37,6,am_peak+early+evening+midday+owl+pm_peak,False,,False,322.5000000000002,413.4000000000002,3,COLKNAPE,0.9302247266791583,2,12.374384801862686,0.0,1.0,1.0,shape_dist_traveled,
COLSECW,COLUMBUS ST & SECURITY DR,-83.076878,39.881418,1,003,1,1,37,6,am_peak+early+evening+midday+owl+pm_peak,False,,False,413.4000000000002,338.2999999999994,3,COLBOKPE,0.5124575551020263,3,22.679866151048014,0.0,1.0,1.0,shape_dist_traveled,
COLRICW,COLUMBUS ST & RICHARD AVE,-83.080865,39.881532,1,003,1,1,37,6,am_peak+early+evening+midday+owl+pm_peak,False,,False,338.2999999999994,371.50000000000017,4,COLRICE,0.3763599042806007,3,22.679866151048014,0.0,0.6666666666666666,0.7762478485370052,shape_dist_traveled,
COLHAUGW,COLUMBUS ST & HAUGHN RD,-83.085239,39.88169,1,003,1,1,37,6,am_peak+early+evening+midday+owl+pm_peak,False,,False,371.50000000000017,352.9999999999998,5,COLHAUGE,0.45363268083154706,2,16.102314608102077,0.0,1.0,1.0,shape_dist_traveled,
BUCKRDBN,BUCKEYE PKWY & ROAD B,-83.039735,39.876336,1,003,1,1,37,6,am_peak+early+evening+midday+owl+pm_peak,False,,False,1095.8000000000002,615.6999999999999,0,,,0,0.0,0.0,0.0,0.0,shape_dist_traveled,no walking alternative within 5 min; catchment not reconstructable
PARGROS,PARSONS AVE & GROVEPORT RD,-82.984944,39.918665,1,008,1,1,37,6,am_peak+early+evening+midday+owl+pm_peak,False,,False,600.8999999999993,731.5000000000005,1,PARGROVN,0.22793173362418512,0,0.0,0.0,0.0,0.0,shape_dist_traveled,catchment not reconstructable
PARDERS,PARSONS AVE & DERING AVE,-82.985413,39.912147,1,008,1,1,37,6,am_peak+early+evening+midday+owl+pm_peak,False,,False,731.5000000000005,290.49999999999795,3,PARDERN,0.16149580299696503,1,2.781308886853995,0.0,1.0,1.0,shape_dist_traveled,
PARCORS,PARSONS AVE & CORR RD,-82.985633,39.909565,1,008,1,1,37,6,am_peak+early+evening+midday+owl+pm_peak,False,,False,290.49999999999795,380.8000000000007,5,PARCORN,0.8655908214694901,1,2.781308886853995,0.0,1.0,1.0,shape_dist_traveled,
PARALCS,PARSONS AVE & E ALCOTT RD,-82.985872,39.906171,1,008,1,1,37,6,am_peak+early+evening+midday+owl+pm_peak,False,,False,380.8000000000007,374.60000000000093,5,PARALCN,0.21035360773285255,1,2.488539530343048,0.0,1.0,1.0,shape_dist_traveled,
PARZIES,PARSONS AVE & ZIEGLER AVE,-82.986129,39.902834,1,008,1,1,37,6,am_peak+early+evening+midday+owl+pm_peak,False,,False,374.60000000000093,632.1999999999974,3,PARZIEN,0.15619408759359735,0,0.0,0.0,0.0,0.0,shape_dist_traveled,catchment not reconstructable
PARHILS,PARSONS AVE & HILOCK AVE,-82.986573,39.897197,1,008,1,1,37,6,am_peak+early+evening+midday+owl+pm_peak,False,,False,632.1999999999974,404.70000000000186,2,PARHILN,0.22469866597572902,0,0.0,0.0,0.0,0.0,shape_dist_traveled,catchment not reconstructable
TRAWILE,TRABUE RD & N WILSON RD,-83.106677,39.987665,1,005,2,1,37,6,am_peak+early+evening+midday+owl+pm_peak,False,,False,300.7999999999997,446.8000000000005,3,WILTRAS,1.273835503142498,0,0.0,0.0,0.0,0.0,shape_dist_traveled,catchment not reconstructable
TRABENE,TRABUE RD & BENDELOW DR,-83.10189,39.989338,1,005,2,1,37,6,am_peak+early+evening+midday+owl+pm_peak,False,,False,446.8000000000005,872.5000000000005,1,TRABENW,0.24297591010163155,1,24.358410461710797,0.0,1.0,1.0,shape_dist_traveled,
PARASHS1,PARSONS AVE & ASHWOOD RD,-82.987322,39.887771,1,008,1,1,37,6,am_peak+early+evening+midday+owl+pm_peak,False,,False,359.7000000000037,367.79999999999546,4,PARASHN,0.23917210559604968,2,25.31479035964656,0.0,1.0,1.0,shape_dist_traveled,
PARHARS1,PARSONS AVE & HARLAND DR,-82.987624,39.884496,1,008,1,1,37,6,am_peak+early+evening+midday+owl+pm_peak,False,,False,367.79999999999546,233.40000000000316,7,PARHARN,0.3143192282581272,1,6.753213156852507,0.0,1.0,1.0,shape_dist_traveled,
PARINDS,PARSONS AVE & INDIAN MOUND PARK,-82.987745,39.882421,1,008,1,1,37,6,am_peak+early+evening+midday+owl+pm_peak,False,,False,233.40000000000316,188.0999999999986,6,PAROBEN,0.4578417662030875,1,6.753213156852507,0.0,1.0,1.0,shape_dist_traveled,
OBE433W,OPPOSITE 433 OBETZ RD,-82.989047,39.881784,1,008,1,1,37,6,am_peak+early+evening+midday+owl+pm_peak,False,,False,188.0999999999986,238.3999999999986,7,OBE433E,0.1332329896458965,1,13.116067171690435,0.0,1.0,1.0,shape_dist_traveled,
OBE300W,300 OBETZ RD,-82.99185,39.881888,1,008,1,1,37,6,am_peak+early+evening+midday+owl+pm_peak,False,,False,238.3999999999986,188.30000000000524,7,OBE301E,0.6326310447321661,1,13.116067171690435,0.0,1.0,1.0,shape_dist_traveled,
OBEBETAW,OBETZ RD & BETH ANN DR,-82.99407,39.881966,1,008,1,1,37,6,am_peak+early+evening+midday+owl+pm_peak,False,,False,188.30000000000524,362.8,5,OBEBETE,0.11337682019765286,1,13.116067171690435,0.0,1.0,1.0,shape_dist_traveled,
PARINNS,PARSONS AVE & E INNIS AVE,-82.98442,39.925969,1,008,1,1,37,6,am_peak+early+evening+midday+owl+pm_peak,False,,False,413.6999999999986,218.4000000000026,3,PARINNN,0.21303785192811103,2,11.50583571088021,0.0,1.0,1.0,shape_dist_traveled,
PARBARS,PARSONS AVE & E BARTHMAN AVE,-82.984572,39.924023,1,008,1,1,37,6,am_peak+early+evening+midday+owl+pm_peak,False,,False,218.4000000000026,600.8999999999993,3,PARMARN,0.7060206694565283,1,6.558033585845209,0.0,0.0,0.0,shape_dist_traveled,
PARRUMS,PARSONS AVE & RUMSEY RD,-82.986856,39.893598,1,008,1,1,37,6,am_peak+early+evening+midday+owl+pm_peak,False,,False,404.70000000000186,293.69999999999766,3,PARRUMN,0.23198362010916243,0,0.0,0.0,0.0,0.0,shape_dist_traveled,catchment not reconstructable
PARWILS1,PARSONS AVE & WILLIAMS RD,-82.987083,39.890974,1,008,1,1,37,6,am_peak+early+evening+midday+owl+pm_peak,False,,False,293.69999999999766,359.7000000000037,5,PARWILN,0.9093223739155141,1,18.561577202794055,0.0,1.0,1.0,shape_dist_traveled,
5TH220W,2200 W 5TH AVE,-83.065633,39.989707,1,005,2,1,37,6,am_peak+early+evening+midday+owl+pm_peak,False,,False,154.39999999999898,374.30000000000166,3,5TH2200E,0.5246242401727037,0,0.0,0.0,0.0,0.0,shape_dist_traveled,catchment not reconstructable
5THLAKW,W 5TH AVE & LAKE SHORE DR,-83.069502,39.988416,1,005,2,1,37,6,am_peak+early+evening+midday+owl+pm_peak,False,,False,374.30000000000166,306.2000000000005,5,5THLAKE,0.7163397725315136,2,39.54338108607863,0.0,1.0,1.0,shape_dist_traveled,
OBESOUW,OBETZ RD & SOUTHPOINT BLVD,-82.998342,39.882172,1,008,1,1,37,6,am_peak+early+evening+midday+owl+pm_peak,False,,False,362.8,310.49999999999756,5,OBESOUE,0.23378167704127786,1,13.116067171690435,0.0,1.0,1.0,shape_dist_traveled,
HIGBOBN,S HIGH ST & BOB EVANS,-83.000223,39.883172,1,008,1,1,37,6,am_peak+early+evening+midday+owl+pm_peak,False,,False,310.49999999999756,452.7000000000001,3,OBESOUE,2.3846418749576426,0,0.0,0.0,0.0,0.0,shape_dist_traveled,catchment not reconstructable
HARLITTN,HARRISBURG PIKE & LITTLE AVE,-83.050414,39.930452,1,003,1,1,37,6,am_peak+early+evening+midday+owl+pm_peak,False,,False,359.2000000000013,293.89999999999895,5,HARZETS,0.9565353641491656,0,0.0,0.0,0.0,0.0,shape_dist_traveled,catchment not reconstructable
HARHOPN,HARRISBURG PIKE & HOPKINS AVE,-83.047905,39.932278,1,003,1,1,37,6,am_peak+early+evening+midday+owl+pm_peak,False,,False,293.89999999999895,159.10000000000048,7,HAREAKS1,1.240329548711154,1,1.7858930747167756,0.0,1.0,1.0,shape_dist_traveled,
5THRUN1E,W 5TH AVE & SEAPORT DR,-83.073311,39.985711,1,005,2,1,37,6,am_peak+early+evening+midday+owl+pm_peak,False,,False,882.2999999999989,113.00000000000132,4,5THSEAPW,0.5311215076072864,1,20.68903452677363,0.0,1.0,1.0,shape_dist_traveled,
5THRUN2E,W 5TH AVE & RUNAWAY BAY DR,-83.072553,39.986559,1,005,2,1,37,6,am_peak+early+evening+midday+owl+pm_peak,False,,False,113.00000000000132,298.59999999999866,5,5THRUNW,0.6103081969353841,2,39.54338108607863,0.0,1.0,1.0,shape_dist_traveled,
5THLAKE,W 5TH AVE & LAKE SHORE DR,-83.069877,39.987988,1,005,2,1,37,6,am_peak+early+evening+midday+owl+pm_peak,False,,False,298.59999999999866,470.3999999999997,4,5THLAKW,0.7163397725315136,2,39.54338108607863,0.0,1.0,1.0,shape_dist_traveled,
REFWINE,REFUGEE RD & WINCHESTER PIKE,-82.914602,39.917303,1,005,2,1,37,6,am_peak+early+evening+midday+owl+pm_peak,False,,False,2737.099999999998,499.2999999999981,1,REFWINW,1.254114693925532,0,0.0,0.0,0.0,0.0,shape_dist_traveled,catchment not reconstructable
REFSCHE,REFUGEE RD & SCHWARTZ RD,-82.90872,39.917011,1,005,2,1,37,6,am_peak+early+evening+midday+owl+pm_peak,False,,False,499.2999999999981,468.1999999999995,2,REFSCHW,0.33983307606671076,0,0.0,0.0,0.0,0.0,shape_dist_traveled,catchment not reconstructable
REFWEYE,REFUGEE RD & WEYBURN RD,-82.903211,39.916702,1,005,2,1,37,6,am_peak+early+evening+midday+owl+pm_peak,False,,False,468.1999999999995,500.39999999999907,1,REFWEYW,1.1416945576113668,1,18.795792688002795,0.0,1.0,1.0,shape_dist_traveled,
HAR800N,800 HARRISBURG PIKE,-83.038653,39.941841,1,003,1,1,37,6,am_peak+early+evening+midday+owl+pm_peak,False,,False,271.70000000000095,351.59999999999945,10,HAR771S,0.2519025399622445,0,0.0,0.0,0.0,0.0,shape_dist_traveled,catchment not reconstructable
HARBRON,HARRISBURG PIKE & BROWN RD,-83.036521,39.944534,1,003,1,1,37,6,am_peak+early+evening+midday+owl+pm_peak,False,,False,351.59999999999945,264.7000000000013,12,HARMOUS,0.27032330239810776,0,0.0,0.0,0.0,0.0,shape_dist_traveled,catchment not reconstructable
MOUHARE,W MOUND ST & HARRISBURG PIKE,-83.034542,39.945974,1,003,1,1,37,6,am_peak+early+evening+midday+owl+pm_peak,False,,False,264.7000000000013,539.4999999999985,7,MOUPRIW,2.0868509869532517,0,0.0,0.0,0.0,0.0,shape_dist_traveled,catchment not reconstructable
MOUGLENE,W MOUND ST & GLENWOOD AVE,-83.028537,39.947641,1,003,1,1,37,6,am_peak+early+evening+midday+owl+pm_peak,False,,False,539.4999999999985,571.0999999999995,3,MOUYALW,0.734813648409416,0,0.0,0.0,0.0,0.0,shape_dist_traveled,catchment not reconstructable
HARFRAN,HARRISBURG PIKE & FRANK RD,-83.060869,39.921581,1,003,1,1,37,6,am_peak+early+evening+midday+owl+pm_peak,False,,False,343.90000000000146,291.7999999999985,5,HARCLIS,1.5753677437442022,0,0.0,0.0,0.0,0.0,shape_dist_traveled,catchment not reconstructable
167HARN,1670 HARRISBURG PIKE,-83.059022,39.923771,1,003,1,1,37,6,am_peak+early+evening+midday+owl+pm_peak,False,,False,291.7999999999985,367.10000000000065,4,HAR165S,0.23878394286916835,1,7.768146926090456,0.0,1.0,1.0,shape_dist_traveled,
HAROCTN,HARRISBURG PIKE & OCTOBER RIDGE DR,-83.056794,39.92659,1,003,1,1,37,6,am_peak+early+evening+midday+owl+pm_peak,False,,False,367.10000000000065,343.09999999999974,4,HAR151S,0.39271790112792054,1,7.768146926090456,0.0,1.0,1.0,shape_dist_traveled,
HAR144N,1440 HARRISBURG PIKE,-83.053838,39.928563,1,003,1,1,37,6,am_peak+early+evening+midday+owl+pm_peak,False,,False,343.09999999999974,359.2000000000013,5,HAR142S,1.0146886599289022,1,7.768146926090456,0.0,1.0,1.0,shape_dist_traveled,
5THHOLE,W 5TH AVE & HOLLY AVE,-83.033565,39.988178,1,005,2,1,37,6,am_peak+early+evening+midday+owl+pm_peak,False,,False,189.39999999999912,405.90000000000083,8,5THHESW,1.5078218092891278,1,25.500210952103515,0.0,0.5,0.3239122350316111,shape_dist_traveled,
5THOLEE,W 5TH AVE & OLENTANGY RIVER RD,-83.02586,39.987793,1,005,2,1,37,6,am_peak+early+evening+midday+owl+pm_peak,False,,False,248.79999999999924,577.0,7,5THOLEW,0.6669260431901886,0,0.0,0.0,0.0,0.0,shape_dist_traveled,catchment not reconstructable
5THPERE,W 5TH AVE & PERRY ST,-83.019052,39.987553,1,005,2,1,37,6,am_peak+early+evening+midday+owl+pm_peak,False,,False,577.0,187.2000000000007,4,5THPERW,0.4845575941292045,1,13.321005721248092,0.0,0.5,0.39703315881326373,shape_dist_traveled,
5THMICE,W 5TH AVE & MICHIGAN AVE,-83.016835,39.987468,1,005,2,1,37,6,am_peak+early+evening+midday+owl+pm_peak,False,,False,187.2000000000007,283.4000000000003,10,5THMICW,0.45105149474877904,2,33.55136825615452,0.0,1.0,1.0,shape_dist_traveled,
5THNEIE,W 5TH AVE & NEIL AVE,-83.013498,39.987346,1,005,2,1,37,6,am_peak+early+evening+midday+owl+pm_peak,False,,False,283.4000000000003,203.19999999999894,11,5THNEIW,0.1288224040742761,2,28.0765812893998,0.0,1.0,1.0,shape_dist_traveled,
HARROSN,HARRISBURG PIKE & ROSEMONT AVE,-83.043291,39.935934,1,003,1,1,37,6,am_peak+early+evening+midday+owl+pm_peak,False,,False,169.10000000000025,149.29999999999842,5,HARROSS,0.29324982361213403,2,6.909356813658345,0.0,1.0,1.0,shape_dist_traveled,
HARRANN,HARRISBURG PIKE & RANSBURG AVE,-83.04234,39.93707,1,003,1,1,37,6,am_peak+early+evening+midday+owl+pm_peak,False,,False,149.29999999999842,346.8,7,HARRANS,0.5774695853729326,1,5.123463738941569,0.0,1.0,1.0,shape_dist_traveled,
HARGARN,HARRISBURG PIKE & GARLING AVE,-83.040259,39.939738,1,003,1,1,37,6,am_peak+early+evening+midday+owl+pm_peak,False,,False,346.8,271.70000000000095,5,HARGARS,0.21172227897060178,1,5.123463738941569,0.0,1.0,1.0,shape_dist_traveled,
PARFRES,PARSONS AVE & FREBIS AVE,-82.983737,39.935221,1,008,1,1,37,6,am_peak+early+evening+midday+owl+pm_peak,False,,False,187.40000000000023,187.40000000000023,10,PARFREN,0.23370609005110476,2,5.152740674592664,0.0,1.0,1.0,shape_dist_traveled,
PARSHES,PARSONS AVE & SHELDON AVE,-82.98388,39.933556,1,008,1,1,37,6,am_peak+early+evening+midday+owl+pm_peak,False,,False,187.40000000000023,208.39999999999748,10,PARJENN,0.21767323657641313,3,12.647636201272915,0.0,1.0,1.0,shape_dist_traveled,
PARSOUS,PARSONS AVE & SOUTHWOOD AVE,-82.984007,39.931696,1,008,1,1,37,6,am_peak+early+evening+midday+owl+pm_peak,False,,False,208.39999999999748,229.40000000000182,6,PARMARN1,0.9202486837042299,2,10.598250705696287,0.0,0.6666666666666666,0.6464285714285716,shape_dist_traveled,
PARWELS,PARSONS AVE & E WELCH AVE,-82.984154,39.929654,1,008,1,1,37,6,am_peak+early+evening+midday+owl+pm_peak,False,,False,229.40000000000182,413.6999999999986,3,PARMORN,0.18021528594034436,3,15.546052830731288,0.0,0.3333333333333333,0.06779661016949147,shape_dist_traveled,
5THDOTE,W 5TH AVE & DOTEN AVE,-83.038092,39.988403,1,005,2,1,37,6,am_peak+early+evening+midday+owl+pm_peak,False,,False,258.70000000000107,193.69999999999976,12,5THDOTW,0.4105719188465553,1,3.776724698991214,0.0,1.0,1.0,shape_dist_traveled,
5THEASE,W 5TH AVE & EASTVIEW AVE,-83.035806,39.988292,1,005,2,1,37,6,am_peak+early+evening+midday+owl+pm_peak,False,,False,193.69999999999976,189.39999999999912,7,5THKENW,0.6127732962909532,2,29.27693565109473,0.0,0.5,0.8710000000000001,shape_dist_traveled,
WHITFAIE,E WHITTIER ST & FAIRWOOD AVE,-82.954548,39.942914,1,005,2,1,37,6,am_peak+early+evening+midday+owl+pm_peak,False,,False,78.09999999999917,467.8000000000004,5,WHISEYW1,0.6052103280352661,2,4.040217119851066,0.0,1.0,1.0,shape_dist_traveled,
EDG3RDS,EDGHILL RD & W 3RD AVE,-83.029283,39.984888,1,022,1,1,37,6,am_peak+early+evening+midday+owl+pm_peak,False,,False,436.0999999999999,385.69999999999993,7,3RDEDGW1,1.1736427673345375,1,53.225469013690024,0.0,0.5,0.810883140053523,shape_dist_traveled,
CHAFONTE,CHATTERTON RD & FONTAINE RD,-82.852365,39.913855,1,005,2,1,37,6,am_peak+early+evening+midday+owl+pm_peak,False,,False,335.3999999999999,456.39999999999503,3,CHATFONW,0.775397811151413,3,38.6748319950961,0.0,1.0,1.0,shape_dist_traveled,
CHATFALE,CHATTERTON RD & FALCON BRIDGE DR,-82.847007,39.913551,1,005,2,1,37,6,am_peak+early+evening+midday+owl+pm_peak,False,,False,456.39999999999503,301.70000000000385,3,CHATFALW,0.6921618129624733,2,31.13114157566404,0.0,1.0,1.0,shape_dist_traveled,
CHATBONE,CHATTERTON RD & BONUS DR,-82.843441,39.913363,1,005,2,1,37,6,am_peak+early+evening+midday+owl+pm_peak,False,,False,301.70000000000385,475.5000000000038,3,CHATFXW,0.5228920124568581,1,22.523722494242204,0.0,1.0,1.0,shape_dist_traveled,
WHISTUE,E WHITTIER ST & STUDER AVE,-82.965247,39.943202,1,005,2,1,37,6,am_peak+early+evening+midday+owl+pm_peak,False,,False,230.3999999999995,246.80000000000035,6,WHILINW,0.9850724381806936,2,2.5470934016452373,0.0,1.0,1.0,shape_dist_traveled,
WHIMILE,E WHITTIER ST & MILLER AVE,-82.962342,39.943167,1,005,2,1,37,6,am_peak+early+evening+midday+owl+pm_peak,False,,False,246.80000000000035,173.39999999999733,7,WHILOCW,1.1745419258930403,2,8.988019244886068,0.0,0.25,0.3248730964467005,shape_dist_traveled,
WHIKELE,E WHITTIER ST & KELTON AVE,-82.960307,39.943066,1,005,2,1,37,6,am_peak+early+evening+midday+owl+pm_peak,False,,False,173.39999999999733,201.10000000000028,5,WHIELLW,0.7550938999532029,2,8.988019244886068,0.0,1.0,1.0,shape_dist_traveled,
WHIBERE,E WHITTIER ST & BERKELEY RD,-82.957913,39.943049,1,005,2,1,37,6,am_peak+early+evening+midday+owl+pm_peak,False,,False,201.10000000000028,208.19999999999794,8,WHILILW,1.439262672319932,2,7.114295363216008,0.0,0.6666666666666666,0.6549865229110512,shape_dist_traveled,
WHISEYE,E WHITTIER ST & SEYMOUR AVE,-82.955476,39.94296,1,005,2,1,37,6,am_peak+early+evening+midday+owl+pm_peak,False,,False,208.19999999999794,78.09999999999917,5,WHISEYW1,0.45862098444620847,1,1.8737238816700597,0.0,0.5,0.463768115942029,shape_dist_traveled,
REFBRIE,REFUGEE RD & BRICE RD,-82.832572,39.912709,1,005,2,1,37,6,am_peak+early+evening+midday+owl+pm_peak,False,,False,449.2999999999938,510.69999999999993,1,REFBRIW,0.3501713162405521,1,4.383175508906747,0.0,1.0,1.0,shape_dist_traveled,
REFCTNVE,REFUGEE RD & COUNTRY VIEW DR,-82.827073,39.911458,1,005,2,1,37,6,am_peak+early+evening+midday+owl+pm_peak,False,,False,510.69999999999993,309.80000000000274,4,REFSTIRW,0.4339251613466074,2,13.049148461630772,0.0,1.0,1.0,shape_dist_traveled,
REFGENE,REFUGEE RD & GENDER RD,-82.823523,39.910641,1,005,2,1,37,6,am_peak+early+evening+midday+owl+pm_peak,False,,False,309.80000000000274,215.29999999999916,7,GENREFS,0.9068355210555913,3,25.931000148112435,0.0,1.0,1.0,shape_dist_traveled,
REFTENE,REFUGEE RD & TENNYSON BLVD,-82.874011,39.915086,1,005,2,1,37,6,am_peak+early+evening+midday+owl+pm_peak,False,,False,376.100000000001,854.2000000000058,3,REFTENW,0.4398912896230449,2,49.185251893839066,0.0,1.0,1.0,shape_dist_traveled,
REFNOEE,REFUGEE RD & NOE BIXBY RD,-82.863978,39.915145,1,005,2,1,37,6,am_peak+early+evening+midday+owl+pm_peak,False,,False,854.2000000000058,126.89999999999912,4,REFNOEW,0.2865102313043197,1,6.011530787024775,0.0,1.0,1.0,shape_dist_traveled,
CHANOEE,CHATTERTON RD & NOE BIXBY RD,-82.862535,39.915428,1,005,2,1,37,6,am_peak+early+evening+midday+owl+pm_peak,False,,False,126.89999999999912,317.300000000003,5,CHANOEW,0.8585276661162797,2,9.963917099922558,0.0,1.0,1.0,shape_dist_traveled,
CHARENE,CHATTERTON RD & RENFRO RD,-82.85888,39.915194,1,005,2,1,37,6,am_peak+early+evening+midday+owl+pm_peak,False,,False,317.300000000003,239.69999999999914,5,CHARENW1,0.858696786461034,2,9.963917099922558,0.0,1.0,1.0,shape_dist_traveled,
CHAFLEE,CHATTERTON RD & FLEET RD,-82.856282,39.914373,1,005,2,1,37,6,am_peak+early+evening+midday+owl+pm_peak,False,,False,239.69999999999914,335.3999999999999,5,CHAFLEW,0.45058189008514027,2,30.067412913674264,0.0,1.0,1.0,shape_dist_traveled,
5THASHE,W 5TH AVE & ASHLAND AVE,-83.050354,39.989003,1,005,2,1,37,6,am_peak+early+evening+midday+owl+pm_peak,False,,False,212.3000000000008,230.6999999999988,7,5THASHW,0.2557368195995201,1,11.915712809995547,0.0,1.0,1.0,shape_dist_traveled,
5THFAIE,W 5TH AVE & FAIRVIEW AVE,-83.047632,39.988888,1,005,2,1,37,6,am_peak+early+evening+midday+owl+pm_peak,False,,False,230.6999999999988,245.69999999999936,10,5THFAIW,0.17458775734187587,2,21.811317060065562,0.0,1.0,1.0,shape_dist_traveled,
5THGRANE,W 5TH AVE & GRANDVIEW AVE,-83.044738,39.988748,1,005,2,1,37,6,am_peak+early+evening+midday+owl+pm_peak,False,,False,245.69999999999936,305.8999999999994,12,GRA5THS,0.5162668391584694,2,20.347470277510837,0.0,1.0,1.0,shape_dist_traveled,
TRAHAGE,TRABUE RD & N HAGUE AVE,-83.092504,39.992576,1,005,2,1,37,6,am_peak+early+evening+midday+owl+pm_peak,False,,False,872.5000000000005,563.6999999999998,1,TRAMAPW,0.24734958699498993,0,0.0,0.0,0.0,0.0,shape_dist_traveled,catchment not reconstructable
TRAMCKE,TRABUE RD & MCKINLEY AVE,-83.08642,39.994592,1,005,2,1,37,6,am_peak+early+evening+midday+owl+pm_peak,False,,False,563.6999999999998,282.3000000000011,3,TRAMCKW,0.23819073224039636,0,0.0,0.0,0.0,0.0,shape_dist_traveled,catchment not reconstructable
MCK3265S,3265 MCKINLEY AVE,-83.0837,39.993652,1,005,2,1,37,6,am_peak+early+evening+midday+owl+pm_peak,False,,False,282.3000000000011,523.6,3,MCK3235N,1.2133133802687657,0,0.0,0.0,0.0,0.0,shape_dist_traveled,catchment not reconstructable
MCKQUAS,MCKINLEY AVE & QUARRY LAKE DR,-83.080024,39.989913,1,005,2,1,37,6,am_peak+early+evening+midday+owl+pm_peak,False,,False,523.6,882.2999999999989,1,MCKQUAN,0.3781159716068779,1,18.854346559305004,0.0,1.0,1.0,shape_dist_traveled,
CHAJOSE,CHATTERTON RD & JOSHSTOCK DR,-82.837848,39.913041,1,005,2,1,37,6,am_peak+early+evening+midday+owl+pm_peak,False,,False,475.5000000000038,449.2999999999938,1,CHAJOSW,0.6332866386257603,1,22.523722494242204,0.0,1.0,1.0,shape_dist_traveled,
LOCREFN,LOCKBOURNE RD & REFUGEE RD,-82.96559,39.919341,1,004,2,1,37,6,am_peak+early+evening+midday+owl+pm_peak,False,,False,224.5000000000008,419.7999999999986,4,LOCBUCS,0.6253868127225022,0,0.0,0.0,0.0,0.0,shape_dist_traveled,catchment not reconstructable
LOCMARN,LOCKBOURNE RD & MARION RD,-82.965236,39.923078,1,004,2,1,37,6,am_peak+early+evening+midday+owl+pm_peak,False,,False,419.7999999999986,231.40000000000072,3,LOCMARS2,1.2820528625448826,1,5.3869561598014215,0.0,1.0,1.0,shape_dist_traveled,
LOCINNN,LOCKBOURNE RD & E INNIS AVE,-82.96512,39.925145,1,004,2,1,37,6,am_peak+early+evening+midday+owl+pm_peak,False,,False,231.40000000000072,247.60000000000025,5,LOCREES,1.1357934151567632,1,5.3869561598014215,0.0,1.0,1.0,shape_dist_traveled,
LOCSMIN,LOCKBOURNE RD & SMITH RD,-82.964946,39.927353,1,004,2,1,37,6,am_peak+early+evening+midday+owl+pm_peak,False,,False,247.60000000000025,365.7000000000004,5,LOCSMIS,0.1588947575890207,3,11.535112646531307,0.0,1.0,1.0,shape_dist_traveled,
LOCLOCN1,LOCKBOURNE RD & LOCKHURST RD,-82.96467,39.930605,1,004,2,1,37,6,am_peak+early+evening+midday+owl+pm_peak,False,,False,365.7000000000004,214.49999999999926,5,LOCMARS,0.2399210626454577,2,6.148156486729883,0.0,1.0,1.0,shape_dist_traveled,
LOCMOLN,LOCKBOURNE RD & MOLER RD,-82.964517,39.932519,1,004,2,1,37,6,am_peak+early+evening+midday+owl+pm_peak,False,,False,214.49999999999926,356.9999999999993,7,LOCSHES,0.7963450436132505,2,6.148156486729883,0.0,0.5,0.6809523809523811,shape_dist_traveled,
FREOHIW,FREBIS AVE & S OHIO AVE,-82.972771,39.935026,1,004,2,1,37,6,am_peak+early+evening+midday+owl+pm_peak,False,,False,253.59999999999872,211.5000000000009,7,FREOHIE1,0.2461833331215762,2,13.124432010447872,0.0,1.0,1.0,shape_dist_traveled,
HIGBROAS,N HIGH ST & BROADMEADOWS BLVD,-83.019019,40.073273,1,102,1,1,36,6,am_peak+early+evening+midday+owl+pm_peak,False,,False,398.5999999999983,219.20000000000073,7,HIGMEAN,0.2658254558394855,0,0.0,0.0,0.0,0.0,shape_dist_traveled,catchment not reconstructable
POLSTAE,POLARIS PKWY & N STATE ST,-82.924445,40.147197,1,102,1,1,36,6,am_peak+early+evening+midday+owl+pm_peak,False,,False,782.9000000000001,350.5999999999999,4,STAPOLN,1.5012924297160395,0,0.0,0.0,0.0,0.0,shape_dist_traveled,catchment not reconstructable
POLPOLW,POLARIS PKWY & POLARIS WOODS BLVD,-82.928531,40.147757,1,102,1,1,36,6,am_peak+early+evening+midday+owl+pm_peak,False,,False,350.5999999999999,1095.5000000000002,2,POLPOLE,0.6133709611793766,1,42.627218307993914,0.0,0.0,0.0,shape_dist_traveled,
POLCLEW,POLARIS PKWY & CLEVELAND AVE,-82.947593,40.14597,1,102,1,1,36,6,am_peak+early+evening+midday+owl+pm_peak,False,,False,537.1999999999999,1012.4,3,POLCLEE,1.5117669367577966,0,0.0,0.0,0.0,0.0,shape_dist_traveled,catchment not reconstructable
POLOLDW,POLARIS PKWY & OLD WORTHINGTON RD,-82.959588,40.145863,1,102,1,1,36,6,am_peak+early+evening+midday+owl+pm_peak,False,,False,1012.4,631.5999999999997,1,POLOLDE,1.3896087133970156,0,0.0,0.0,0.0,0.0,shape_dist_traveled,catchment not reconstructable
POLORIW,POLARIS PKWY & ORION PL,-82.965848,40.143019,1,102,1,1,36,6,am_peak+early+evening+midday+owl+pm_peak,False,,False,631.5999999999997,1009.6000000000007,1,POLORIE,0.8692696764956542,1,299.327390096789,0.0,1.0,1.0,shape_dist_traveled,
POLLYRW,POLARIS PKWY & LYRA DR,-82.977506,40.141664,1,102,1,1,36,6,am_peak+early+evening+midday+owl+pm_peak,False,,False,1009.6000000000007,332.9999999999993,2,POL148E,2.5071235076442875,0,0.0,0.0,0.0,0.0,shape_dist_traveled,catchment not reconstructable
1374POLW,1374 POLARIS PARKWAY,-82.981415,40.141498,1,102,1,1,36,6,am_peak+early+evening+midday+owl+pm_peak,False,,False,332.9999999999993,363.00000000000045,4,POL148E,1.8776052636084075,1,57.449712586205024,0.0,1.0,1.0,shape_dist_traveled,
POLMAEW2,POLARIS PKWY & POLARIS MALL 2,-82.985656,40.14184,1,102,1,1,36,6,am_peak+early+evening+midday+owl+pm_peak,False,,False,363.00000000000045,705.4,2,POL131E,1.5593427541385592,1,57.449712586205024,0.0,1.0,1.0,shape_dist_traveled,
SAN868S,8685 SANCUS BLVD,-82.991617,40.140348,1,102,1,1,36,6,am_peak+early+evening+midday+owl+pm_peak,False,,False,705.4,343.1999999999995,3,SAN866N,0.356925050788881,1,57.449712586205024,0.0,1.0,1.0,shape_dist_traveled,
SAN8491S,8491 SANCUS BLVD,-82.99184,40.137282,1,102,1,1,36,6,am_peak+early+evening+midday+owl+pm_peak,False,,False,343.1999999999995,269.4000000000001,5,SAN832N,0.3781922299585462,1,10.773912319602843,0.0,0.5,0.13848469643753178,shape_dist_traveled,
SANLAZS,SANCUS BLVD & LAZELLE RD,-82.991974,40.13487,1,102,1,1,36,6,am_peak+early+evening+midday+owl+pm_peak,False,,False,269.4000000000001,389.1,5,SANLAZN,0.8431747976805308,1,10.773912319602843,0.0,1.0,1.0,shape_dist_traveled,
SANBROS,SANCUS BLVD & BROCKWELL DR,-82.990929,40.131581,1,102,1,1,36,6,am_peak+early+evening+midday+owl+pm_peak,False,,False,389.1,595.2000000000011,2,SANBRON,0.42473441723627625,3,37.47447763340119,0.0,1.0,1.0,shape_dist_traveled,
SANPARS,SANCUS BLVD & PARK RD,-82.993998,40.126909,1,102,1,1,36,6,am_peak+early+evening+midday+owl+pm_peak,False,,False,595.2000000000011,429.9999999999997,2,SANPARN,0.8786977743378925,4,62.301319065529505,0.0,1.0,1.0,shape_dist_traveled,
SANWHIS,SANCUS BLVD & WHITE WATER BLVD,-82.995128,40.123249,1,102,1,1,36,6,am_peak+early+evening+midday+owl+pm_peak,False,,False,429.9999999999997,538.2999999999995,1,SANMASN,0.5743116262790811,3,87.65514533937753,0.0,1.0,1.0,shape_dist_traveled,
WORSANW,WORTHINGTON WOODS & SANCUS BLVD,-82.995991,40.11894,1,102,1,1,36,6,am_peak+early+evening+midday+owl+pm_peak,False,,False,538.2999999999995,430.7999999999996,2,SANWORN,0.9261214077533684,1,52.05439158764638,0.0,1.0,1.0,shape_dist_traveled,
WORALTW,WORTHINGTON WOODS & ALTA VIEW BLVD,-83.001086,40.119163,1,102,1,1,36,6,am_peak+early+evening+midday+owl+pm_peak,False,,False,430.7999999999996,994.2000000000011,1,WORALTE,1.3758027995800655,1,77.05689463368083,0.0,1.0,1.0,shape_dist_traveled,
HUNTPARK,HUNTINGTON PARK DR & HORIZON DR,-83.007416,40.117311,1,102,1,1,36,6,am_peak+early+evening+midday+owl+pm_peak,False,,False,994.2000000000011,395.19999999999914,4,CRORIDN,1.4541261006213202,1,77.05689463368083,0.0,1.0,1.0,shape_dist_traveled,
HIGSTAFS,HIGH ST & STAFFORD AVE,-83.018028,40.091234,1,102,1,1,36,6,am_peak+early+evening+midday+owl+pm_peak,False,,False,159.20000000000022,235.30000000000052,5,HIGSTAFN,0.7016557185979478,1,17.605197304858283,0.0,1.0,1.0,shape_dist_traveled,
HIG161S,N HIGH ST & STATE ROUTE 161,-83.018152,40.089132,1,102,1,1,36,6,am_peak+early+evening+midday+owl+pm_peak,False,,False,235.30000000000052,235.0999999999992,6,HIG161N,0.7799308195261322,2,30.16500269917792,0.0,1.0,1.0,shape_dist_traveled,
HIGNEWS,HIGH ST & NEW ENGLAND AVE,-83.018292,40.087016,1,102,1,1,36,6,am_peak+early+evening+midday+owl+pm_peak,False,,False,235.0999999999992,275.50000000000097,5,HIGNEWN,0.642212342259368,1,12.559805394319635,0.0,1.0,1.0,shape_dist_traveled,
HIGSOUS,N HIGH ST & W SOUTH ST,-83.018444,40.08458,1,102,1,1,36,6,am_peak+early+evening+midday+owl+pm_peak,False,,False,275.50000000000097,477.00000000000034,3,HIGSOUN,0.5833396576156022,1,12.559805394319635,0.0,0.5,0.7513134851138357,shape_dist_traveled,
HUTCHHC,HUTCHINSON AVE & HIGH CROSS BLVD,-83.012421,40.113795,1,102,1,1,36,6,am_peak+early+evening+midday+owl+pm_peak,False,,False,562.5999999999998,263.79999999999984,4,HUTHIGE,1.0430752625447297,0,0.0,0.0,0.0,0.0,shape_dist_traveled,catchment not reconstructable
44HUTCH,44 HUTCHINSON AVE,-83.014725,40.114683,1,102,1,1,36,6,am_peak+early+evening+midday+owl+pm_peak,False,,False,263.79999999999984,663.8000000000002,4,VAN741S,0.47165264010900126,0,0.0,0.0,0.0,0.0,shape_dist_traveled,catchment not reconstructable
CAMVANW,E CAMPUS VIEW BLVD & VANTAGE DR,-83.013357,40.118352,1,102,1,1,36,6,am_peak+early+evening+midday+owl+pm_peak,False,,False,663.8000000000002,1711.0000000000002,2,VANREDS,3.161374552219321,0,0.0,0.0,0.0,0.0,shape_dist_traveled,catchment not reconstructable
HIGSOUTS,N HIGH ST & W SOUTHINGTON AVE,-83.018664,40.08033,1,102,1,1,36,6,am_peak+early+evening+midday+owl+pm_peak,False,,False,477.00000000000034,393.39999999999975,3,HIGSOUTN,0.24534073079902985,3,44.78395256762454,0.0,1.0,1.0,shape_dist_traveled,
HIGSELS,N HIGH ST & W SELBY BLVD,-83.018838,40.07681,1,102,1,1,36,6,am_peak+early+evening+midday+owl+pm_peak,False,,False,393.39999999999975,398.5999999999983,5,HIGSELN,0.4275430412952209,1,21.137947540090387,0.0,1.0,1.0,shape_dist_traveled,
346HUTCH,346 HUTCHINSON AVE,-83.006251,40.114535,1,102,1,1,36,6,am_peak+early+evening+midday+owl+pm_peak,False,,False,395.19999999999914,562.5999999999998,3,HUN733N,0.23977394178764402,1,77.05689463368083,0.0,1.0,1.0,shape_dist_traveled,
HIGCARS,N HIGH ST & CAREN AVE,-83.01717,40.10539,1,102,1,1,36,6,am_peak+early+evening+midday+owl+pm_peak,False,,False,1711.0000000000002,255.39999999999986,3,HIGHIGHN,0.29626526747086934,1,68.78128082297184,0.0,1.0,1.0,shape_dist_traveled,
HIGHALS,N HIGH ST & HALLIGAN AVE,-83.017265,40.103111,1,102,1,1,36,6,am_peak+early+evening+midday+owl+pm_peak,False,,False,255.39999999999986,482.5999999999997,3,HIGHALN,0.6528148701817644,1,19.32277752972249,0.0,0.3333333333333333,0.04483695652173941,shape_dist_traveled,
HIGLARS,N HIGH ST & LARRIMER AVE,-83.017525,40.098797,1,102,1,1,36,6,am_peak+early+evening+midday+owl+pm_peak,False,,False,482.5999999999997,379.5999999999999,3,HIGLARN,0.37684099132262655,1,5.308884331398502,0.0,1.0,1.0,shape_dist_traveled,
HIGDERN,S HIGH ST & DERING AVE,-82.995228,39.912717,1,008,1,1,36,6,am_peak+early+evening+midday+owl+pm_peak,False,,False,213.99999999999997,776.1,3,HIGDERS,0.320803412542236,0,0.0,0.0,0.0,0.0,shape_dist_traveled,catchment not reconstructable
HIG205N,2050 S HIGH ST,-82.995293,39.919656,1,008,1,1,36,6,am_peak+early+evening+midday+owl+pm_peak,False,,False,776.1,411.2,3,HIG210S,0.3896799896411344,0,0.0,0.0,0.0,0.0,shape_dist_traveled,catchment not reconstructable
HIG210S,2101 S HIGH ST,-82.995504,39.919427,1,008,1,1,36,6,am_peak+early+evening+midday+owl+pm_peak,False,,False,402.09999999999724,765.1000000000004,3,HIG205N,0.3896799896411344,0,0.0,0.0,0.0,0.0,shape_dist_traveled,catchment not reconstructable
HIGDERS,S HIGH ST & DERING AVE,-82.995498,39.912616,1,008,1,1,36,6,am_peak+early+evening+midday+owl+pm_peak,False,,False,765.1000000000004,228.00000000000153,3,HIGDERN,0.320803412542236,0,0.0,0.0,0.0,0.0,shape_dist_traveled,catchment not reconstructable
HIGDELS,S HIGH ST & DELRAY RD,-82.995482,39.910577,1,008,1,1,36,6,am_peak+early+evening+midday+owl+pm_peak,False,,False,228.00000000000153,353.9999999999992,5,HIGDELN,0.42215613854039696,2,10.4518660274408,0.0,0.5,0.2661064425770308,shape_dist_traveled,
HIGCASS,S HIGH ST & W CASTLE RD,-82.995475,39.907421,1,008,1,1,36,6,am_peak+early+evening+midday+owl+pm_peak,False,,False,353.9999999999992,195.00000000000028,6,HIGCASN,0.2665842951376311,3,12.940405557783848,0.0,1.0,1.0,shape_dist_traveled,
HIGWHIS,S HIGH ST & W WHITTIER ST,-82.997269,39.944226,1,008,1,1,36,6,am_peak+early+evening+midday+owl+pm_peak,False,,False,339.6000000000008,245.40000000000006,8,HIGWHIN,0.24950200693829377,1,16.863514935030544,0.0,0.5,0.6025104602510457,shape_dist_traveled,
HIGSTES,S HIGH ST & STEWART AVE,-82.996853,39.94207,1,008,1,1,36,6,am_peak+early+evening+midday+owl+pm_peak,False,,False,245.40000000000006,321.0000000000015,7,HIGSTEN,0.44413056485607755,0,0.0,0.0,0.0,0.0,shape_dist_traveled,catchment not reconstructable
HIGGRES,S HIGH ST & GREENLAWN AVE,-82.996301,39.939231,1,008,1,1,36,6,am_peak+early+evening+midday+owl+pm_peak,False,,False,321.0000000000015,429.2999999999978,4,HIGMITN,1.0412518472094072,1,15.721714444637866,0.0,0.5,0.5933701657458563,shape_dist_traveled,
HIGMOLS,S HIGH ST & E MOLER ST,-82.996158,39.935427,1,008,1,1,36,6,am_peak+early+evening+midday+owl+pm_peak,False,,False,429.2999999999978,248.3000000000004,6,HIGMOLN,0.5503653888708826,2,21.723486253112277,0.0,1.0,1.0,shape_dist_traveled,
JENHIGE,E JENKINS AVE & S HIGH ST,-82.995568,39.933436,1,008,1,1,36,6,am_peak+early+evening+midday+owl+pm_peak,False,,False,248.3000000000004,261.7000000000012,7,HIGSOUWN,0.9538740905142259,2,21.723486253112277,0.0,0.5,0.2762803234501345,shape_dist_traveled,
4THJENS,S 4TH ST & E JENKINS AVE,-82.992812,39.933162,1,008,1,1,36,6,am_peak+early+evening+midday+owl+pm_peak,False,,False,261.7000000000012,226.49999999999793,7,4THSOUN,1.361322998393654,3,31.267767275369156,0.0,1.0,1.0,shape_dist_traveled,
HOSHIGE,HOSACK ST & S HIGH ST,-82.994783,39.922746,1,008,1,1,36,6,am_peak+early+evening+midday+owl+pm_peak,False,,False,411.2,477.70000000000044,5,HIGHOSS,0.8971795674343896,1,6.558033585845209,0.0,0.0,0.0,shape_dist_traveled,
4THINNN,S 4TH ST & E INNIS AVE,-82.993229,39.926062,1,008,1,1,36,6,am_peak+early+evening+midday+owl+pm_peak,False,,False,477.70000000000044,161.39999999999955,5,4THREES,1.5672320196488583,2,11.50583571088021,0.0,1.0,1.0,shape_dist_traveled,
4THWOON,S 4TH ST & E WOODROW AVE,-82.993106,39.927499,1,008,1,1,36,6,am_peak+early+evening+midday+owl+pm_peak,False,,False,161.39999999999955,308.6000000000002,4,4THWOOS,0.3354401925724645,2,11.50583571088021,0.0,1.0,1.0,shape_dist_traveled,
4THWELN,S 4TH ST & E WELCH AVE,-82.992908,39.930253,1,008,1,1,36,6,am_peak+early+evening+midday+owl+pm_peak,False,,False,308.6000000000002,216.49999999999991,6,4THMARS,1.2337664947191151,2,10.949573933509411,0.0,0.3333333333333333,0.2928571428571427,shape_dist_traveled,
4THSOUN,S 4TH ST & SOUTHWOOD AVE,-82.992758,39.932182,1,008,1,1,36,6,am_peak+early+evening+midday+owl+pm_peak,False,,False,216.49999999999991,314.6000000000004,5,4THJENS,1.361322998393654,3,31.267767275369156,0.0,1.0,1.0,shape_dist_traveled,
HIGSOUWN,S HIGH ST & SOUTHWOOD AVE,-82.995808,39.932774,1,008,1,1,36,6,am_peak+early+evening+midday+owl+pm_peak,False,,False,314.6000000000004,259.3999999999994,7,JENHIGE,0.9538740905142259,1,6.00177180847441,0.0,0.5,0.2762803234501345,shape_dist_traveled,
HIGWILN1,S HIGH ST & WILLIAMS RD,-82.996262,39.892198,1,008,1,1,36,6,am_peak+early+evening+midday+owl+pm_peak,False,,False,334.6999999999999,274.4000000000002,5,HIGWILS,0.40817645612703196,1,18.561577202794055,0.0,1.0,1.0,shape_dist_traveled,
HIGRUMN,S HIGH ST & RUMSEY RD,-82.995306,39.894559,1,008,1,1,36,6,am_peak+early+evening+midday+owl+pm_peak,False,,False,274.4000000000002,312.99999999999994,5,HIGRUMS,0.5334787339322438,0,0.0,0.0,0.0,0.0,shape_dist_traveled,catchment not reconstructable
SHI3050N,3050 S HIGH ST,-82.995169,39.897363,1,008,1,1,36,6,am_peak+early+evening+midday+owl+pm_peak,False,,False,312.99999999999994,470.09999999999997,4,SHI3085S,0.2754952221970005,0,0.0,0.0,0.0,0.0,shape_dist_traveled,catchment not reconstructable
HIGSOUGN,S HIGH ST & SOUTHGATE DR,-82.995196,39.901552,1,008,1,1,36,6,am_peak+early+evening+midday+owl+pm_peak,False,,False,470.09999999999997,266.0,3,2997SHIS,2.382587189297796,1,7.670557140586807,0.0,0.0,0.0,shape_dist_traveled,
HIGSCHVN,S HIGH ST & SCHRYVER RD,-82.995221,39.903927,1,008,1,1,36,6,am_peak+early+evening+midday+owl+pm_peak,False,,False,266.0,221.00000000000009,6,HIGSCHVS,0.38479208863704145,2,10.159096670929856,0.0,1.0,1.0,shape_dist_traveled,
HIGALCN,S HIGH ST & E ALCOTT RD,-82.995219,39.905897,1,008,1,1,36,6,am_peak+early+evening+midday+owl+pm_peak,False,,False,221.00000000000009,173.99999999999994,5,HIGALCS,0.4345478217027475,2,10.159096670929856,0.0,1.0,1.0,shape_dist_traveled,
HIGCASN,S HIGH ST & E CASTLE RD,-82.99523,39.907457,1,008,1,1,36,6,am_peak+early+evening+midday+owl+pm_peak,False,,False,173.99999999999994,376.9999999999998,6,HIGCASS,0.2665842951376311,3,12.940405557783848,0.0,1.0,1.0,shape_dist_traveled,
HIGDELN,S HIGH ST & DELRAY RD,-82.995241,39.910818,1,008,1,1,36,6,am_peak+early+evening+midday+owl+pm_peak,False,,False,376.9999999999998,213.99999999999997,5,HIGDELS,0.42215613854039696,1,2.781308886853995,0.0,0.5,0.2661064425770308,shape_dist_traveled,
HIGALCS,S HIGH ST & W ALCOTT RD,-82.995507,39.905676,1,008,1,1,36,6,am_peak+early+evening+midday+owl+pm_peak,False,,False,195.00000000000028,216.99999999999875,5,HIGALCN,0.4345478217027475,2,10.159096670929856,0.0,1.0,1.0,shape_dist_traveled,
HIGSCHVS,S HIGH ST & SCHRYVER RD,-82.995473,39.903729,1,008,1,1,36,6,am_peak+early+evening+midday+owl+pm_peak,False,,False,216.99999999999875,435.99999999999994,4,HIGSCHVN,0.38479208863704145,2,10.159096670929856,0.0,1.0,1.0,shape_dist_traveled,
2997SHIS,2997 S HIGH ST,-82.995445,39.899846,1,008,1,1,36,6,am_peak+early+evening+midday+owl+pm_peak,False,,False,435.99999999999994,272.1000000000018,3,HIGSOUGN,2.382587189297796,0,0.0,0.0,0.0,0.0,shape_dist_traveled,catchment not reconstructable
SHI3085S,3085 S HIGH ST,-82.995417,39.897417,1,008,1,1,36,6,am_peak+early+evening+midday+owl+pm_peak,False,,False,272.1000000000018,357.69999999999766,4,SHI3050N,0.2754952221970005,0,0.0,0.0,0.0,0.0,shape_dist_traveled,catchment not reconstructable
HIGRUMS,S HIGH ST & RUMSEY RD,-82.995656,39.894285,1,008,1,1,36,6,am_peak+early+evening+midday+owl+pm_peak,False,,False,357.69999999999766,260.10000000000133,5,HIGRUMN,0.5334787339322438,0,0.0,0.0,0.0,0.0,shape_dist_traveled,catchment not reconstructable
HIGWILS,S HIGH ST & WILLIAMS RD,-82.99661,39.892077,1,008,1,1,36,6,am_peak+early+evening+midday+owl+pm_peak,False,,False,260.10000000000133,334.7000000000015,5,HIGWILN1,0.40817645612703196,1,18.561577202794055,0.0,1.0,1.0,shape_dist_traveled,
HIGHIGS,S HIGH ST & HIGHVIEW BLVD,-82.997895,39.889247,1,008,1,1,36,6,am_peak+early+evening+midday+owl+pm_peak,False,,False,334.7000000000015,345.6999999999972,6,HIGHIGN,0.4425636790694674,1,18.561577202794055,0.0,1.0,1.0,shape_dist_traveled,
HIGHIGN,S HIGH ST & HIGHVIEW BLVD,-82.997512,39.889368,1,008,1,1,36,6,am_peak+early+evening+midday+owl+pm_peak,False,,False,279.7,334.6999999999999,6,HIGHIGS,0.4425636790694674,1,18.561577202794055,0.0,1.0,1.0,shape_dist_traveled,
4THMARS,S 4TH ST & E MARKISON AVE,-82.992962,39.931141,1,008,1,1,36,6,am_peak+early+evening+midday+owl+pm_peak,False,,False,226.49999999999793,384.70000000000226,6,4THWELN,1.2337664947191151,2,15.546052830731288,0.0,0.3333333333333333,0.2928571428571427,shape_dist_traveled,
4THWOOS,S 4TH ST & E WOODROW AVE,-82.993236,39.927719,1,008,1,1,36,6,am_peak+early+evening+midday+owl+pm_peak,False,,False,384.70000000000226,310.5999999999973,5,4THWOON,0.3354401925724645,2,11.50583571088021,0.0,1.0,1.0,shape_dist_traveled,
4THREES,S 4TH ST & REEB AVE,-82.993453,39.924946,1,008,1,1,36,6,am_peak+early+evening+midday+owl+pm_peak,False,,False,310.5999999999973,396.600000000003,5,4THINNN,1.5672320196488583,2,11.50583571088021,0.0,1.0,1.0,shape_dist_traveled,
HIGHOSS,S HIGH ST & HOSACK ST,-82.995541,39.923024,1,008,1,1,36,6,am_peak+early+evening+midday+owl+pm_peak,False,,False,396.600000000003,402.09999999999724,5,HOSHIGE,0.8971795674343896,0,0.0,0.0,0.0,0.0,shape_dist_traveled,catchment not reconstructable
HIGMOLN,S HIGH ST & E MOLER ST,-82.995904,39.935082,1,008,1,1,36,6,am_peak+early+evening+midday+owl+pm_peak,False,,False,259.3999999999994,180.10000000000036,6,HIGMOLS,0.5503653888708826,2,21.723486253112277,0.0,1.0,1.0,shape_dist_traveled,
HIGHANN,S HIGH ST & HANFORD ST,-82.995926,39.936689,1,008,1,1,36,6,am_peak+early+evening+midday+owl+pm_peak,False,,False,180.10000000000036,204.20000000000016,5,HIGMOLS,1.7689298801557676,1,15.721714444637866,0.0,0.5,0.7237196765498655,shape_dist_traveled,
HIGMITN,S HIGH ST & E MITHOFF ST,-82.996027,39.938511,1,008,1,1,36,6,am_peak+early+evening+midday+owl+pm_peak,False,,False,204.20000000000016,374.6,5,HIGGRES,1.0412518472094072,2,26.49562676424073,0.0,0.5,0.5933701657458563,shape_dist_traveled,
HIGSTEN,S HIGH ST & STEWART AVE,-82.996578,39.94183,1,008,1,1,36,6,am_peak+early+evening+midday+owl+pm_peak,False,,False,374.6,275.9999999999998,8,HIGSTES,0.44413056485607755,0,0.0,0.0,0.0,0.0,shape_dist_traveled,catchment not reconstructable
HIGWORS,N HIGH ST & WORTHINGTON GALENA RD,-83.017747,40.095429,1,102,1,1,36,6,am_peak+early+evening+midday+owl+pm_peak,False,,False,379.5999999999999,311.6000000000003,5,HIGWORN,1.2983115129787626,1,5.308884331398502,0.0,1.0,1.0,shape_dist_traveled,
HIGNORTS,N HIGH ST & W NORTH ST,-83.017948,40.092648,1,102,1,1,36,6,am_peak+early+evening+midday+owl+pm_peak,False,,False,311.6000000000003,159.20000000000022,5,HIGNORN3,0.30062400264164735,2,22.914081636256785,0.0,1.0,1.0,shape_dist_traveled,
PARHARN,PARSONS AVE & HARLAND DR,-82.987464,39.884686,1,008,1,1,35,6,am_peak+early+evening+midday+owl+pm_peak,False,,False,288.59999999999997,360.7000000000002,7,PARHARS1,0.3143192282581272,1,6.753213156852507,0.0,1.0,1.0,shape_dist_traveled,
PARASHN,PARSONS AVE & ASHWOOD RD,-82.987168,39.887896,1,008,1,1,35,6,am_peak+early+evening+midday+owl+pm_peak,False,,False,360.7000000000002,416.8999999999996,4,PARASHS1,0.23917210559604968,2,25.31479035964656,0.0,1.0,1.0,shape_dist_traveled,
OBE301E,301 OBETZ RD,-82.992436,39.881825,1,008,1,1,35,6,am_peak+early+evening+midday+owl+pm_peak,False,,False,136.3000000000001,287.39999999999986,5,OBE300W,0.6326310447321661,1,13.116067171690435,0.0,1.0,1.0,shape_dist_traveled,
OBE433E,433 OBETZ RD,-82.989047,39.881688,1,008,1,1,35,6,am_peak+early+evening+midday+owl+pm_peak,False,,False,287.39999999999986,155.10000000000002,7,OBE433W,0.1332329896458965,1,13.116067171690435,0.0,1.0,1.0,shape_dist_traveled,
OBESOUE,OBETZ RD & SOUTHPOINT BLVD,-82.998514,39.882068,1,008,1,1,35,6,am_peak+early+evening+midday+owl+pm_peak,False,,False,581.9,379.70000000000005,5,OBESOUW,0.23378167704127786,1,13.116067171690435,0.0,1.0,1.0,shape_dist_traveled,
CASBAYS,N CASSADY AVE & BAYLOR AVE,-82.929234,40.013369,1,007,1,1,35,6,am_peak+early+evening+midday+owl+pm_peak,False,,False,382.5000000000003,158.20000000000078,6,CASBAYN,0.7435637250029338,1,97.85522972021863,0.0,1.0,1.0,shape_dist_traveled,
CASHUDS,N CASSADY AVE & E HUDSON ST,-82.929337,40.011967,1,007,1,1,35,6,am_peak+early+evening+midday+owl+pm_peak,False,,False,158.20000000000078,178.30000000000013,5,CASHUDN,0.626222832010268,1,97.85522972021863,0.0,1.0,1.0,shape_dist_traveled,
PARFREN,PARSONS AVE & FREBIS AVE,-82.983561,39.935321,1,008,1,1,35,6,am_peak+early+evening+midday+owl+pm_peak,False,,False,206.5000000000001,229.40000000000003,9,PARFRES,0.23370609005110476,2,5.152740674592664,0.0,1.0,1.0,shape_dist_traveled,
PARWILN,PARSONS AVE & WILLIAMS RD,-82.986895,39.891613,1,008,1,1,35,6,am_peak+early+evening+midday+owl+pm_peak,False,,False,416.8999999999996,237.40000000000006,3,PARWILS1,0.9093223739155141,1,18.561577202794055,0.0,1.0,1.0,shape_dist_traveled,
PARMARN1,PARSONS AVE & E MARKISON AVE,-82.983873,39.931041,1,008,1,1,35,6,am_peak+early+evening+midday+owl+pm_peak,False,,False,158.20000000000078,273.49999999999943,5,PARSOUS,0.9202486837042299,3,17.223203001601142,0.0,0.6666666666666666,0.6464285714285716,shape_dist_traveled,
PARJENN,PARSONS AVE & E JENKINS AVE,-82.983699,39.933484,1,008,1,1,35,6,am_peak+early+evening+midday+owl+pm_peak,False,,False,273.49999999999943,206.5000000000001,10,PARSHES,0.21767323657641313,3,12.647636201272915,0.0,1.0,1.0,shape_dist_traveled,
PARHILN,PARSONS AVE & HILOCK AVE,-82.986441,39.897323,1,008,1,1,35,6,am_peak+early+evening+midday+owl+pm_peak,False,,False,403.79999999999995,612.1000000000004,2,PARHILS,0.22469866597572902,0,0.0,0.0,0.0,0.0,shape_dist_traveled,catchment not reconstructable
PARRUMN,PARSONS AVE & RUMSEY AVE,-82.986718,39.893727,1,008,1,1,35,6,am_peak+early+evening+midday+owl+pm_peak,False,,False,237.40000000000006,403.79999999999995,5,PARRUMS,0.23198362010916243,0,0.0,0.0,0.0,0.0,shape_dist_traveled,catchment not reconstructable
OBEBETE,OBETZ RD & BETH ANN DR,-82.994043,39.881887,1,008,1,1,35,6,am_peak+early+evening+midday+owl+pm_peak,False,,False,379.70000000000005,136.3000000000001,5,OBEBETAW,0.11337682019765286,1,13.116067171690435,0.0,1.0,1.0,shape_dist_traveled,
PAROBEN,PARSONS AVE & OBETZ RD,-82.987585,39.882115,1,008,1,1,35,6,am_peak+early+evening+midday+owl+pm_peak,False,,False,155.10000000000002,288.59999999999997,6,PARINDS,0.4578417662030875,1,6.753213156852507,0.0,1.0,1.0,shape_dist_traveled,
CAS1884S,1884 N CASSADY AVE,-82.929452,40.010378,1,007,1,1,35,6,am_peak+early+evening+midday+owl+pm_peak,False,,False,178.30000000000013,1047.3999999999996,5,CASCUMN,0.8788167218575744,1,97.85522972021863,0.0,0.0,0.0,shape_dist_traveled,
PARALCN,PARSONS AVE & E ALCOTT RD,-82.985757,39.906048,1,008,1,1,35,6,am_peak+early+evening+midday+owl+pm_peak,False,,False,366.59999999999957,325.70000000000033,5,PARALCS,0.21035360773285255,1,2.488539530343048,0.0,1.0,1.0,shape_dist_traveled,
PARMORN,PARSONS AVE & E MORRILL AVE,-82.983988,39.929631,1,008,1,1,35,6,am_peak+early+evening+midday+owl+pm_peak,False,,False,409.69999999999993,158.20000000000078,3,PARWELS,0.18021528594034436,1,1.0539696834394086,0.0,0.3333333333333333,0.06779661016949147,shape_dist_traveled,
PARDERN,PARSONS AVE & DERING AVE,-82.985282,39.912205,1,008,1,1,35,6,am_peak+early+evening+midday+owl+pm_peak,False,,False,365.7000000000004,712.3999999999997,3,PARDERS,0.16149580299696503,1,2.781308886853995,0.0,1.0,1.0,shape_dist_traveled,
PARCORN,PARSONS AVE & CORR RD,-82.985545,39.908945,1,008,1,1,35,6,am_peak+early+evening+midday+owl+pm_peak,False,,False,325.70000000000033,365.7000000000004,5,PARCORS,0.8655908214694901,1,2.781308886853995,0.0,1.0,1.0,shape_dist_traveled,
PARZIEN,PARSONS AVE & ZIEGLER AVE,-82.986003,39.902777,1,008,1,1,35,6,am_peak+early+evening+midday+owl+pm_peak,False,,False,612.1000000000004,366.59999999999957,3,PARZIES,0.15619408759359735,0,0.0,0.0,0.0,0.0,shape_dist_traveled,catchment not reconstructable
PARGROVN,PARSONS AVE & GROVEPORT RD,-82.984788,39.918553,1,008,1,1,35,6,am_peak+early+evening+midday+owl+pm_peak,False,,False,712.3999999999997,557.9000000000001,1,PARGROS,0.22793173362418512,0,0.0,0.0,0.0,0.0,shape_dist_traveled,catchment not reconstructable
BROOUTW,E BROAD ST & OUTERBELT ST,-82.830916,39.980959,1,010,2,1,35,6,am_peak+early+evening+midday+owl+pm_peak,False,,False,310.69999999999976,530.3000000000004,4,BROOUTE,0.3378904631064956,1,24.358410461710807,0.0,1.0,1.0,shape_dist_traveled,
BROEASW,E BROAD ST & EASTPOINTE RIDGE DR,-82.818169,39.982399,1,010,2,1,35,6,am_peak+early+evening+midday+owl+pm_peak,False,,False,259.90000000000003,247.79999999999978,4,BROBLAE,1.1096555545307247,0,0.0,0.0,0.0,0.0,shape_dist_traveled,catchment not reconstructable
BROBROW1,E BROAD ST & BROAD POINTE PL,-82.82106,39.982071,1,010,2,1,35,6,am_peak+early+evening+midday+owl+pm_peak,False,,False,247.79999999999978,532.9000000000005,3,BROBROAE,1.2712728567497629,0,0.0,0.0,0.0,0.0,shape_dist_traveled,catchment not reconstructable
BROBANW,E BROAD ST & BANNOCKBURN BLVD,-82.806504,39.983655,1,010,2,1,35,6,am_peak+early+evening+midday+owl+pm_peak,False,,False,506.79999999999967,737.0999999999999,1,BROREN,0.6609964363738161,1,38.1771240890275,0.0,1.0,1.0,shape_dist_traveled,
BROSCEIW,E BROAD ST & SCENIC DR,-82.800588,39.984302,1,010,2,1,35,6,am_peak+early+evening+midday+owl+pm_peak,False,,False,758.3000000000002,506.79999999999967,1,BROSCEIE,0.42434293332351175,1,26.232134343380835,0.0,1.0,1.0,shape_dist_traveled,
BROBRICW,E BROAD ST & BRICE RD,-82.827289,39.981369,1,010,2,1,35,6,am_peak+early+evening+midday+owl+pm_peak,False,,False,532.9000000000005,310.69999999999976,3,BROBRICE,0.9161601514147035,1,24.358410461710807,0.0,1.0,1.0,shape_dist_traveled,
BROREYW,E BROAD ST & REYNOLDSBURG NEW ALBANY,-82.815126,39.982746,1,010,2,1,35,6,am_peak+early+evening+midday+owl+pm_peak,False,,False,737.0999999999999,259.90000000000003,3,BROLANE1,2.074449940653811,1,13.935821369921069,0.0,1.0,1.0,shape_dist_traveled,
PARINNN,PARSONS AVE & E INNIS AVE,-82.984222,39.925987,1,008,1,1,35,6,am_peak+early+evening+midday+owl+pm_peak,False,,False,276.49999999999955,409.69999999999993,3,PARINNS,0.21303785192811103,2,11.50583571088021,0.0,1.0,1.0,shape_dist_traveled,
PARMARN,PARSONS AVE & MARION RD,-82.984465,39.923521,1,008,1,1,35,6,am_peak+early+evening+midday+owl+pm_peak,False,,False,557.9000000000001,276.49999999999955,3,PARBARS,0.7060206694565283,0,0.0,0.0,0.0,0.0,shape_dist_traveled,catchment not reconstructable
CASDEMN,N CASSADY AVE & DEMONYE DR,-82.930074,39.998007,1,007,2,1,35,6,am_peak+early+evening+midday+owl+pm_peak,False,,False,2019.1999999999996,337.60000000000014,3,CASDEMS,0.5769834004626763,0,0.0,0.0,0.0,0.0,shape_dist_traveled,catchment not reconstructable
CASDEMS,N CASSADY AVE & DEMONYE DR,-82.930278,39.998392,1,007,1,1,35,6,am_peak+early+evening+midday+owl+pm_peak,False,,False,296.5,1916.8000000000002,3,CASDEMN,0.5769834004626763,0,0.0,0.0,0.0,0.0,shape_dist_traveled,catchment not reconstructable
CAS150S,1500 N CASSADY AVE,-82.930098,40.001034,1,007,1,1,35,6,am_peak+early+evening+midday+owl+pm_peak,False,,False,1047.3999999999996,296.5,3,CAS150N,0.2214469734910561,0,0.0,0.0,0.0,0.0,shape_dist_traveled,catchment not reconstructable
CASAGLS,N CASSADY AVE & AGLER RD,-82.928788,40.020302,1,007,1,1,35,6,am_peak+early+evening+midday+owl+pm_peak,False,,False,152.4000000000001,394.499999999999,5,AGLENCAS,1.4263209328671658,1,12.335348887661238,0.0,1.0,1.0,shape_dist_traveled,
AGLENCAS,AGLER RD & N CASSADY AVE,-82.928016,40.021141,1,007,1,1,35,6,am_peak+early+evening+midday+owl+pm_peak,False,,False,270.80000000000035,152.4000000000001,4,CASAGLS,1.4263209328671658,1,12.335348887661238,0.0,1.0,1.0,shape_dist_traveled,
AGL343W,3433 AGLER RD,-82.919051,40.020696,1,007,1,1,35,6,am_peak+early+evening+midday+owl+pm_peak,False,,False,391.70000000000016,240.40000000000018,3,AGL343E,0.13033950734969502,2,25.968641922520984,0.0,0.5,0.5097493036211699,shape_dist_traveled,
CAS150N,1500 N CASSADY AVE,-82.929892,40.001015,1,007,2,1,35,6,am_peak+early+evening+midday+owl+pm_peak,False,,False,337.60000000000014,980.2999999999997,3,CAS150S,0.2214469734910561,0,0.0,0.0,0.0,0.0,shape_dist_traveled,catchment not reconstructable
CASCASS,N CASSADY AVE & CASSADY VILLAGE TRL,-82.929017,40.016783,1,007,1,1,35,6,am_peak+early+evening+midday+owl+pm_peak,False,,False,394.499999999999,382.5000000000003,4,CASCASN,0.13072899514637448,0,0.0,0.0,0.0,0.0,shape_dist_traveled,catchment not reconstructable
CASHUDN,N CASSADY AVE & E HUDSON ST,-82.929248,40.011521,1,007,2,1,35,6,am_peak+early+evening+midday+owl+pm_peak,False,,False,198.19999999999993,266.39999999999907,5,CASHUDS,0.626222832010268,1,97.85522972021863,0.0,1.0,1.0,shape_dist_traveled,
AGLASPE,AGLER RD & ASHPOINT ST,-82.913729,40.020344,1,007,2,1,35,6,am_peak+early+evening+midday+owl+pm_peak,False,,False,447.6999999999993,291.599999999999,3,AGLASPW,0.7775812761342087,1,5.357679224150327,0.0,0.5,0.4597989949748744,shape_dist_traveled,
AGL343E,3433 AGLER RD,-82.919012,40.020607,1,007,2,1,35,6,am_peak+early+evening+midday+owl+pm_peak,False,,False,425.6999999999991,447.6999999999993,3,AGL343W,0.13033950734969502,1,5.357679224150327,0.0,0.5,0.5097493036211699,shape_dist_traveled,
318AGL,3158 AGLER RD,-82.924035,40.020818,1,007,2,1,35,6,am_peak+early+evening+midday+owl+pm_peak,False,,False,225.50000000000026,425.6999999999991,4,AGLEGATW,0.8659237178118733,2,17.693028111811564,0.0,1.0,1.0,shape_dist_traveled,
BROMCNE,E BROAD ST & MCNAUGHTEN RD,-82.83477,39.980289,1,010,2,1,35,6,am_peak+early+evening+midday+owl+pm_peak,False,,False,703.9000000000009,334.29999999999893,6,MCNBROS,1.8295513565254722,0,0.0,0.0,0.0,0.0,shape_dist_traveled,catchment not reconstructable
BROMIEE,E BROAD ST & MEIJER DR,-82.785803,39.985721,1,010,2,1,35,6,am_peak+early+evening+midday+owl+pm_peak,False,,False,402.39999999999657,406.60000000000093,2,BROMIEW,1.1463062626269707,0,0.0,0.0,0.0,0.0,shape_dist_traveled,catchment not reconstructable
BROSCEIE,E BROAD ST & SCENIC DR,-82.800284,39.984105,1,010,2,1,35,6,am_peak+early+evening+midday+owl+pm_peak,False,,False,483.39999999999964,837.0999999999995,1,BROSCEIW,0.42434293332351175,1,26.232134343380835,0.0,1.0,1.0,shape_dist_traveled,
BROWAGE,E BROAD ST & WAGGONER RD,-82.790511,39.985201,1,010,2,1,35,6,am_peak+early+evening+midday+owl+pm_peak,False,,False,837.0999999999995,402.39999999999657,2,BROWAGW,1.3168529433033735,0,0.0,0.0,0.0,0.0,shape_dist_traveled,catchment not reconstructable
BROLIME,E BROAD ST & THE LIMITED,-82.777791,39.986616,1,010,2,1,35,6,am_peak+early+evening+midday+owl+pm_peak,False,,False,278.99999999999636,781.3999999999978,3,BRO8400W,2.0099197446423895,1,28.105858225050934,0.0,0.0,0.0,shape_dist_traveled,
EBROCEDE,E BROAD ST & CEDAR CLIFF,-82.781055,39.98626,1,010,2,1,35,6,am_peak+early+evening+midday+owl+pm_peak,False,,False,406.60000000000093,278.99999999999636,2,EBROCEDW,1.4241665110940336,1,28.105858225050934,0.0,1.0,1.0,shape_dist_traveled,
BRO8400W,8400 E BROAD ST,-82.775998,39.987058,1,010,2,1,35,6,am_peak+early+evening+midday+owl+pm_peak,False,,False,764.9,545.0,1,BROLIME,2.0099197446423895,0,0.0,0.0,0.0,0.0,shape_dist_traveled,catchment not reconstructable
EBROCEDW,E BROAD ST & CEDAR CLIFF,-82.782383,39.986358,1,010,2,1,35,6,am_peak+early+evening+midday+owl+pm_peak,False,,False,545.0,385.4,4,EBROCEDE,1.4241665110940336,1,28.105858225050934,0.0,1.0,1.0,shape_dist_traveled,
BROREN,E BROAD ST & REYNOLDS CROSSING DR,-82.805934,39.983469,1,010,2,1,35,6,am_peak+early+evening+midday+owl+pm_peak,False,,False,620.4000000000001,483.39999999999964,1,BROBANW,0.6609964363738161,1,38.1771240890275,0.0,1.0,1.0,shape_dist_traveled,
BROMIEW,E BROAD ST & MEIJER DR,-82.786863,39.985853,1,010,2,1,35,6,am_peak+early+evening+midday+owl+pm_peak,False,,False,385.4,415.4,3,BROMIEE,1.1463062626269707,0,0.0,0.0,0.0,0.0,shape_dist_traveled,catchment not reconstructable
BROBRICE,E BROAD ST & N BRICE RD,-82.826453,39.98122,1,010,2,1,35,6,am_peak+early+evening+midday+owl+pm_peak,False,,False,377.39999999999793,563.2999999999981,3,BROBRICW,0.9161601514147035,1,24.358410461710807,0.0,1.0,1.0,shape_dist_traveled,
BROOUTE,E BROAD ST & OUTERBELT ST,-82.830871,39.980718,1,010,2,1,35,6,am_peak+early+evening+midday+owl+pm_peak,False,,False,334.29999999999893,377.39999999999793,4,BROOUTW,0.3378904631064956,1,24.358410461710807,0.0,1.0,1.0,shape_dist_traveled,
AGLASPW,AGLER RD & ASHPOINT ST,-82.914427,40.020505,1,007,1,1,35,6,am_peak+early+evening+midday+owl+pm_peak,False,,False,609.2999999999993,391.70000000000016,5,AGLASPE,0.7775812761342087,2,11.652220389135683,0.0,0.5,0.4597989949748744,shape_dist_traveled,
AGLEGATW,AGLER RD & GATEWOOD RD,-82.924824,40.020964,1,007,1,1,35,6,am_peak+early+evening+midday+owl+pm_peak,False,,False,248.49999999999994,270.80000000000035,5,318AGL,0.8659237178118733,2,17.693028111811564,0.0,1.0,1.0,shape_dist_traveled,
BROWAGW,E BROAD ST & WAGGONER RD,-82.791732,39.985336,1,010,2,1,35,6,am_peak+early+evening+midday+owl+pm_peak,False,,False,415.4,758.3000000000002,1,BROWAGE,1.3168529433033735,0,0.0,0.0,0.0,0.0,shape_dist_traveled,catchment not reconstructable
BROLANE1,E BROAD ST & LANCASTER AVE,-82.813185,39.982676,1,010,2,1,35,6,am_peak+early+evening+midday+owl+pm_peak,False,,False,338.199999999997,620.4000000000001,2,BROREYW,2.074449940653811,1,13.935821369921069,0.0,1.0,1.0,shape_dist_traveled,
BROBLAE,E BROAD ST & BLACKLICK XING,-82.817143,39.982271,1,010,2,1,35,6,am_peak+early+evening+midday+owl+pm_peak,False,,False,233.59999999999914,338.199999999997,5,BROEASW,1.1096555545307247,0,0.0,0.0,0.0,0.0,shape_dist_traveled,catchment not reconstructable
BROBROAE,E BROAD ST & BROAD POINTE PL,-82.81988,39.981948,1,010,2,1,35,6,am_peak+early+evening+midday+owl+pm_peak,False,,False,563.2999999999981,233.59999999999914,3,BROBROW1,1.2712728567497629,0,0.0,0.0,0.0,0.0,shape_dist_traveled,catchment not reconstructable
AGLCORW,AGLER RD & CORBAN COMMONS DR,-82.921893,40.020827,1,007,1,1,35,6,am_peak+early+evening+midday+owl+pm_peak,False,,False,240.40000000000018,248.49999999999994,4,318AGL,2.285603466927582,3,38.30399081018222,0.0,0.6666666666666666,0.7392592592592594,shape_dist_traveled,
CASBAYN,N CASSADY AVE & BAYLOR AVE,-82.929095,40.013894,1,007,2,1,35,6,am_peak+early+evening+midday+owl+pm_peak,False,,False,266.39999999999907,329.3999999999997,6,CASBAYS,0.7435637250029338,1,97.85522972021863,0.0,1.0,1.0,shape_dist_traveled,
AGLPENE,AGLER RD & PENDLETON PL,-82.926693,40.020973,1,007,2,1,35,6,am_peak+early+evening+midday+owl+pm_peak,False,,False,653.2999999999997,225.50000000000026,4,AGLENCAS,1.4307976214035283,2,17.693028111811564,0.0,0.5,0.6332665330661325,shape_dist_traveled,
CASCUMN,CASSADY AVE & CUMBERLAND WOODS DR,-82.929369,40.009748,1,007,2,1,35,6,am_peak+early+evening+midday+owl+pm_peak,False,,False,980.2999999999997,198.19999999999993,3,CAS1884S,0.8788167218575744,0,0.0,0.0,0.0,0.0,shape_dist_traveled,catchment not reconstructable
CASCASN,N CASSADY AVE & CASSADY VILLAGE TRL,-82.928908,40.016826,1,007,2,1,35,6,am_peak+early+evening+midday+owl+pm_peak,False,,False,329.3999999999997,653.2999999999997,4,CASCASS,0.13072899514637448,0,0.0,0.0,0.0,0.0,shape_dist_traveled,catchment not reconstructable
5THNORE,E 5TH AVE & NORTHVIEW AVE,-82.93382,39.985162,1,007,2,1,34,6,am_peak+early+evening+midday+owl+pm_peak,False,,False,789.4000000000005,227.69999999999868,3,5THNORW,0.19834440080280216,1,8.373203596213079,0.0,1.0,1.0,shape_dist_traveled,
5THNORW,E 5TH AVE & NORTHVIEW AVE,-82.933799,39.985304,1,007,1,1,34,6,am_peak+early+evening+midday+owl+pm_peak,False,,False,213.69999999999933,734.4000000000008,3,5THNORE,0.19834440080280216,1,8.373203596213079,0.0,1.0,1.0,shape_dist_traveled,
5THCASE,E 5TH AVE & N CASSADY AVE,-82.93113,39.985007,1,007,2,1,34,6,am_peak+early+evening+midday+owl+pm_peak,False,,False,227.69999999999868,393.39999999999975,5,5THCASW,0.2731870616292672,2,14.267626640633475,0.0,1.0,1.0,shape_dist_traveled,
5TH370E,3706 E 5TH AVE,-82.899689,39.985617,1,007,2,1,34,6,am_peak+early+evening+midday+owl+pm_peak,False,,False,423.1000000000016,477.1999999999998,2,5TH3925W,0.5247740437007792,0,0.0,0.0,0.0,0.0,shape_dist_traveled,catchment not reconstructable
5TH7THE,E 5TH AVE & E 7TH AVE,-82.904657,39.98515,1,007,2,1,34,6,am_peak+early+evening+midday+owl+pm_peak,False,,False,351.39999999999816,423.1000000000016,4,5TH7THW,0.3799234062150719,0,0.0,0.0,0.0,0.0,shape_dist_traveled,catchment not reconstructable
5THJAME,E 5TH AVE & N JAMES RD,-82.90864,39.984401,1,007,2,1,34,6,am_peak+early+evening+midday+owl+pm_peak,False,,False,370.69999999999936,351.39999999999816,5,5THJAMW,0.71521564889546,0,0.0,0.0,0.0,0.0,shape_dist_traveled,catchment not reconstructable
5THKRUE,E 5TH AVE & KRUMM AVE,-82.917804,39.984583,1,007,2,1,34,6,am_peak+early+evening+midday+owl+pm_peak,False,,False,178.20000000000036,502.4999999999995,5,5THKRUW,0.2990988612283033,1,14.521360082942994,0.0,1.0,1.0,shape_dist_traveled,
5THSTEE,E 5TH AVE & STERLING AVE,-82.91991,39.98465,1,007,2,1,34,6,am_peak+early+evening+midday+owl+pm_peak,False,,False,349.49999999999903,178.20000000000036,5,5THSTERW,0.7687308506644518,1,14.521360082942994,0.0,0.0,0.0,shape_dist_traveled,
5THHAMSW,E 5TH AVE & N HAMILTON RD,-82.869345,39.989618,1,007,1,1,34,6,am_peak+early+evening+midday+owl+pm_peak,False,,False,544.6,658.9000000000001,1,HAM5THN,0.6393910785730472,1,205.93396536979859,0.0,1.0,1.0,shape_dist_traveled,
5TH470E,4700 E 5TH AVE,-82.879007,39.986874,1,007,2,1,34,6,am_peak+early+evening+midday+owl+pm_peak,False,,False,556.2000000000005,448.6000000000025,1,5TH470W,0.34479448766700727,0,0.0,0.0,0.0,0.0,shape_dist_traveled,catchment not reconstructable
5TH4569E,4569 E 5TH AVE,-82.873715,39.98662,1,007,2,1,34,6,am_peak+early+evening+midday+owl+pm_peak,False,,False,448.6000000000025,663.6999999999987,1,5TH480W,0.70581153699289,0,0.0,0.0,0.0,0.0,shape_dist_traveled,catchment not reconstructable
5THALTE,E 5TH AVE & ALTON AVE,-82.926493,39.984877,1,007,2,1,34,6,am_peak+early+evening+midday+owl+pm_peak,False,,False,393.39999999999975,208.1999999999997,4,5THALTW,0.2586359982083012,1,5.894423044420396,0.0,1.0,1.0,shape_dist_traveled,
5TH470W,4700 E 5TH AVE,-82.879152,39.987096,1,007,1,1,34,6,am_peak+early+evening+midday+owl+pm_peak,False,,False,414.7999999999996,656.4999999999994,1,5TH470E,0.34479448766700727,0,0.0,0.0,0.0,0.0,shape_dist_traveled,catchment not reconstructable
5THYEAW,E 5TH AVE & N YEARLING RD,-82.886901,39.98749,1,007,1,1,34,6,am_peak+early+evening+midday+owl+pm_peak,False,,False,656.4999999999994,211.5000000000009,3,5THYEAE,1.518584018497115,0,0.0,0.0,0.0,0.0,shape_dist_traveled,catchment not reconstructable
5THRARE,E 5TH AVE & RARIG AVE,-82.924026,39.9848,1,007,2,1,34,6,am_peak+early+evening+midday+owl+pm_peak,False,,False,208.1999999999997,349.49999999999903,5,5THRARW,0.5633267449701335,2,14.238349704982383,0.0,1.0,1.0,shape_dist_traveled,
5THYEAE,E 5TH AVE & N YEARLING RD,-82.885536,39.987182,1,007,2,1,34,6,am_peak+early+evening+midday+owl+pm_peak,False,,False,341.89999999999895,556.2000000000005,3,5THYEAW,1.518584018497115,0,0.0,0.0,0.0,0.0,shape_dist_traveled,catchment not reconstructable
3995TH,3990 E FIFTH AVE,-82.894103,39.986285,1,007,2,1,34,6,am_peak+early+evening+midday+owl+pm_peak,False,,False,477.1999999999998,400.9999999999998,1,4015TH,1.4252009806451165,0,0.0,0.0,0.0,0.0,shape_dist_traveled,catchment not reconstructable
5TH480W,4800 E 5TH AVE,-82.874272,39.986894,1,007,1,1,34,6,am_peak+early+evening+midday+owl+pm_peak,False,,False,658.9000000000001,414.7999999999996,1,5TH4569E,0.70581153699289,0,0.0,0.0,0.0,0.0,shape_dist_traveled,catchment not reconstructable
5TH4301W,4301 E 5TH AVE,-82.889418,39.987453,1,007,1,1,34,6,am_peak+early+evening+midday+owl+pm_peak,False,,False,211.5000000000009,524.9000000000005,3,5TH430E,0.40491939736280286,0,0.0,0.0,0.0,0.0,shape_dist_traveled,catchment not reconstructable
5THALTW,E 5TH AVE & ALTON AVE,-82.926675,39.985,1,007,1,1,34,6,am_peak+early+evening+midday+owl+pm_peak,False,,False,268.29999999999995,390.29999999999984,5,5THALTE,0.2586359982083012,1,5.894423044420396,0.0,1.0,1.0,shape_dist_traveled,
5THJAMW,E 5TH AVE & N JAMES RD,-82.908171,39.984769,1,007,1,1,34,6,am_peak+early+evening+midday+owl+pm_peak,False,,False,289.30000000000075,452.79999999999984,5,5THJAME,0.71521564889546,0,0.0,0.0,0.0,0.0,shape_dist_traveled,catchment not reconstructable
5TH7THW,E 5TH AVE & E 7TH AVE,-82.90485,39.98538,1,007,1,1,34,6,am_peak+early+evening+midday+owl+pm_peak,False,,False,402.79999999999916,289.30000000000075,3,5TH7THE,0.3799234062150719,0,0.0,0.0,0.0,0.0,shape_dist_traveled,catchment not reconstructable
5THSTERW,E 5TH AVE & STERLING AVE,-82.920606,39.984792,1,007,1,1,34,6,am_peak+early+evening+midday+owl+pm_peak,False,,False,255.19999999999854,246.40000000000128,5,5THSTEE,0.7687308506644518,0,0.0,0.0,0.0,0.0,shape_dist_traveled,catchment not reconstructable
5THCASW,E 5TH AVE & N CASSADY AVE,-82.931291,39.98516,1,007,1,1,34,6,am_peak+early+evening+midday+owl+pm_peak,False,,False,390.29999999999984,213.69999999999933,4,5THCASE,0.2731870616292672,2,14.267626640633475,0.0,1.0,1.0,shape_dist_traveled,
5TH430E,4301 E 5TH AVE,-82.889541,39.987177,1,007,2,1,34,6,am_peak+early+evening+midday+owl+pm_peak,False,,False,400.9999999999998,341.89999999999895,3,5TH4301W,0.40491939736280286,0,0.0,0.0,0.0,0.0,shape_dist_traveled,catchment not reconstructable
5THRARW,E 5TH AVE & RARIG AVE,-82.923517,39.984907,1,007,1,1,34,6,am_peak+early+evening+midday+owl+pm_peak,False,,False,246.40000000000128,268.29999999999995,5,5THRARE,0.5633267449701335,2,14.238349704982383,0.0,1.0,1.0,shape_dist_traveled,
4015TH,4018 E FIFTH AVE,-82.895438,39.98629,1,007,1,1,34,6,am_peak+early+evening+midday+owl+pm_peak,False,,False,524.9000000000005,400.9999999999998,2,3995TH,1.4252009806451165,0,0.0,0.0,0.0,0.0,shape_dist_traveled,catchment not reconstructable
5THKRUW,E 5TH AVE & KRUMM AVE,-82.917591,39.984723,1,007,1,1,34,6,am_peak+early+evening+midday+owl+pm_peak,False,,False,452.60000000000036,255.19999999999854,5,5THKRUE,0.2990988612283033,1,14.521360082942994,0.0,1.0,1.0,shape_dist_traveled,
5TH3925W,3925 E 5TH AVE,-82.900114,39.985807,1,007,1,1,34,6,am_peak+early+evening+midday+owl+pm_peak,False,,False,400.9999999999998,402.79999999999916,2,5TH370E,0.5247740437007792,0,0.0,0.0,0.0,0.0,shape_dist_traveled,catchment not reconstructable
BRICHAS,BRICE RD & CHANNINGWAY BLVD,-82.83037,39.938095,2,025+051,2,1,27,6,am_peak+early+evening+midday+owl+pm_peak,False,,True,156.4,1256.3999999999992,4,BRIEASN,1.0414183221485511,2,28.340073710259688,0.0,0.5,0.39834710743801605,shape_dist_traveled,transfer point (2 routes)
MET485E,485 METRO PL S,-83.129031,40.093365,2,033+073,3,2,22,6,am_peak+early+evening+midday+owl+pm_peak,False,,True,259.1999999999999,697.3000000000003,2,METS495E,3.292854417687638,0,0.0,0.0,0.0,0.0,shape_dist_traveled,transfer point (2 routes); catchment not reconstructable
MORTAYSE,MORRISON RD & TAYLOR RD,-82.860728,40.002687,1,025,1,1,22,6,am_peak+early+evening+midday+owl+pm_peak,False,,False,744.6999999999999,490.89999999999986,1,MORTAYNW,0.42653417736202914,0,0.0,0.0,0.0,0.0,shape_dist_traveled,catchment not reconstructable
MCNOLDS,MCNAUGHTEN RD & OLDE ORCHARD DR,-82.837752,39.963875,1,025,1,1,22,6,am_peak+early+evening+midday+owl+pm_peak,False,,False,278.7000000000006,431.1000000000007,3,MCNOLDN,0.6075939761618192,0,0.0,0.0,0.0,0.0,shape_dist_traveled,catchment not reconstructable
BRIROSLS,BRICE RD & ROSELAWN AVE,-82.829579,39.946336,1,025,1,1,22,6,am_peak+early+evening+midday+owl+pm_peak,False,,False,364.0000000000008,239.7999999999989,4,BRIROSLN,0.23093848453484817,1,15.036634150402245,0.0,1.0,1.0,shape_dist_traveled,
BRIASTS,BRICE RD & ASTOR AVE,-82.829789,39.944199,1,025,1,1,22,6,am_peak+early+evening+midday+owl+pm_peak,False,,False,239.7999999999989,231.70000000000002,7,BRICENN,0.7083513847104411,1,15.036634150402245,0.0,1.0,1.0,shape_dist_traveled,
TAYWESS,TAYLOR STATION RD & WESTBOURNE AVE,-82.843286,39.98427,1,025,1,1,22,6,am_peak+early+evening+midday+owl+pm_peak,False,,False,219.40000000000026,599.7000000000004,3,TAYWESBN,0.9339611545095098,0,0.0,0.0,0.0,0.0,shape_dist_traveled,catchment not reconstructable
TAYGAHS,TAYLOR STATION RD & GAHANNA PKWY,-82.841417,39.990574,1,025,1,1,22,6,am_peak+early+evening+midday+owl+pm_peak,False,,False,315.4000000000003,493.3999999999994,5,TAYGAHN,0.16328144657048044,0,0.0,0.0,0.0,0.0,shape_dist_traveled,catchment not reconstructable
GENGEOS,GENDER RD & GEORGES CREEK DR,-82.826222,39.877602,1,025,1,1,22,6,am_peak+early+evening+midday+owl+pm_peak,False,,False,484.00000000000176,286.59999999999997,3,GENPFEN,1.9448577231977058,2,45.65250165860702,0.0,1.0,1.0,shape_dist_traveled,
TAYBELS,TAYLOR STATION RD & BELLTOWNE BLVD,-82.843115,39.986222,1,025,1,1,22,6,am_peak+early+evening+midday+owl+pm_peak,False,,False,493.3999999999994,219.40000000000026,3,TAYOPPN,1.2141127042457966,0,0.0,0.0,0.0,0.0,shape_dist_traveled,catchment not reconstructable
BRI132S,1324 BRICE RD,-82.828933,39.953337,1,025,1,1,22,6,am_peak+early+evening+midday+owl+pm_peak,False,,False,376.5999999999998,423.1000000000016,5,BRICMN,0.3854497941897026,1,9.468997473439765,0.0,1.0,1.0,shape_dist_traveled,
METUMETW,METRO PL N & UPPER METRO PL,-83.128721,40.095976,2,033+073,3,2,22,6,am_peak+early+evening+midday+owl+pm_peak,False,,True,641.5999999999999,287.5000000000014,4,METCRPW,3.5919736698739926,0,0.0,0.0,0.0,0.0,shape_dist_traveled,transfer point (2 routes); catchment not reconstructable
METS495E,495 METRO PL S,-83.132103,40.093614,2,033+073,3,2,22,6,am_peak+early+evening+midday+owl+pm_peak,False,,True,195.5999999999989,259.1999999999999,4,METS565S,2.332626966388564,0,0.0,0.0,0.0,0.0,shape_dist_traveled,transfer point (2 routes); catchment not reconstructable
GENNOTS,GENDER RD & NOTTINGHILL TRAIL DR,-82.825872,39.881918,1,025,1,1,22,6,am_peak+early+evening+midday+owl+pm_peak,False,,False,1150.8000000000002,484.00000000000176,2,GENNOTN,0.5049476293253582,2,45.65250165860702,0.0,1.0,1.0,shape_dist_traveled,
BRIRYGS,BRICE RD & RYGATE DR,-82.829287,39.949576,1,025,1,1,22,6,am_peak+early+evening+midday+owl+pm_peak,False,,False,423.1000000000016,364.0000000000008,4,BRIRYGN,1.143609143709544,1,9.468997473439765,0.0,1.0,1.0,shape_dist_traveled,
GENSHAS,GENDER RD & SHANNON RD,-82.824947,39.892163,1,025,1,1,22,6,am_peak+early+evening+midday+owl+pm_peak,False,,False,1054.299999999998,1150.8000000000002,1,GENSHAN,0.2538168279488625,0,0.0,0.0,0.0,0.0,shape_dist_traveled,catchment not reconstructable
GENABBS,GENDER RD & ABBIE TRAILS DR,-82.825107,39.901569,1,025,1,1,22,6,am_peak+early+evening+midday+owl+pm_peak,False,,False,699.4000000000007,1054.299999999998,1,GENABBN,0.9990193229808686,1,31.228731361167704,0.0,1.0,1.0,shape_dist_traveled,
GENUPPS,GENDER RD & UPPERRIDGE DR,-82.82462,39.907799,1,025,1,1,22,6,am_peak+early+evening+midday+owl+pm_peak,False,,False,301.89999999999986,699.4000000000007,6,GENUPRN,0.9025729895984378,1,8.665972952724026,0.0,0.5,0.5183887915936952,shape_dist_traveled,
GENREFS,GENDER RD & REFUGEE RD,-82.824347,39.910485,1,025,1,1,22,6,am_peak+early+evening+midday+owl+pm_peak,False,,False,1146.5999999999995,301.89999999999986,7,REFGENW,0.7474527257676856,3,25.931000148112435,0.0,1.0,1.0,shape_dist_traveled,
GENCENS,GENDER RD & CENTENIAL DR,-82.825897,39.920133,1,025,1,1,22,6,am_peak+early+evening+midday+owl+pm_peak,False,,False,444.4000000000017,1146.5999999999995,1,GENCENN,0.240308913503298,0,0.0,0.0,0.0,0.0,shape_dist_traveled,catchment not reconstructable
GENBRIS,GENDER RD & BRICE RD,-82.829444,39.923069,1,025,1,1,22,6,am_peak+early+evening+midday+owl+pm_peak,False,,False,475.6999999999998,444.4000000000017,2,GENBRIN,0.2305065325218402,0,0.0,0.0,0.0,0.0,shape_dist_traveled,catchment not reconstructable
BRILIVS1,BRICE RD & LIVINGSTON AVE,-82.829971,39.942351,1,025,1,1,22,6,am_peak+early+evening+midday+owl+pm_peak,False,,False,231.70000000000002,454.29999999999995,7,BRILIVN,0.3825588280525532,0,0.0,0.0,0.0,0.0,shape_dist_traveled,catchment not reconstructable
MCNSISS,MCNAUGHTEN RD & GANSE LN,-82.836495,39.977612,1,025,1,1,22,6,am_peak+early+evening+midday+owl+pm_peak,False,,False,238.49999999999838,529.0999999999997,4,MCNGANN,0.19782891842652225,0,0.0,0.0,0.0,0.0,shape_dist_traveled,catchment not reconstructable
STYWENS,STYGLER RD & WENDLER BLVD,-82.890595,40.046863,1,025,1,1,22,6,am_peak+early+evening+midday+owl+pm_peak,False,,False,1822.4000000000003,364.39999999999986,2,STYRIDN,4.253506114866461,1,912.2693148881053,912.2693148881053,0.0,0.0,shape_dist_traveled,only access for 912 daily trips
STYFORS,STYGLER RD & FORESTWOOD DR,-82.888701,40.041292,1,025,1,1,22,6,am_peak+early+evening+midday+owl+pm_peak,False,,False,341.20000000000016,368.9,4,STYFORN,0.17928554212029038,1,30.91644404755599,0.0,1.0,1.0,shape_dist_traveled,
STYWOOS,STYGLER RD & WOODMARK RUN,-82.88903,40.038001,1,025,1,1,22,6,am_peak+early+evening+midday+owl+pm_peak,False,,False,368.9,590.3000000000001,3,STYWOON,0.6622062770582569,2,82.91228176390015,0.0,1.0,1.0,shape_dist_traveled,
STYMCCS,STYGLER RD & MCCUTCHEON RD,-82.88949,40.032749,1,025,1,1,22,6,am_peak+early+evening+midday+owl+pm_peak,False,,False,590.3000000000001,346.89999999999975,3,STYMCCN,0.22820661531114186,1,7.455859612478779,0.0,1.0,1.0,shape_dist_traveled,
STYSANS,STYGLER RD & SANDBURR DR,-82.888227,40.044316,1,025,1,1,22,6,am_peak+early+evening+midday+owl+pm_peak,False,,False,364.39999999999986,341.20000000000016,4,STYRIDN,0.11241436972921519,0,0.0,0.0,0.0,0.0,shape_dist_traveled,catchment not reconstructable
GENWINS,GENDER RD & WINCHESTER PIKE,-82.827581,39.863625,1,025,1,1,22,6,am_peak+early+evening+midday+owl+pm_peak,False,,False,572.2000000000023,1627.4000000000015,1,CANWIPR,4.870693829937234,0,0.0,0.0,0.0,0.0,shape_dist_traveled,catchment not reconstructable
6340PREN,6340 PRENTISS SCHOOL DR,-82.829555,39.852084,1,025,1,1,22,6,am_peak+early+evening+midday+owl+pm_peak,False,,False,1627.4000000000015,1251.8999999999992,0,,,0,0.0,0.0,0.0,0.0,shape_dist_traveled,no walking alternative within 5 min; catchment not reconstructable
SCITECS,SCIENCE BLVD & TECH CENTER DR,-82.843331,39.999221,1,025,1,1,22,6,am_peak+early+evening+midday+owl+pm_peak,False,,False,896.8000000000008,307.19999999999993,3,SCITECN,0.29195181641126194,0,0.0,0.0,0.0,0.0,shape_dist_traveled,catchment not reconstructable
791SCIS,791 SCIENCE BLVD,-82.843448,39.996631,1,025,1,1,22,6,am_peak+early+evening+midday+owl+pm_peak,False,,False,307.19999999999993,456.5999999999999,3,790SCIN,0.2922550168278668,0,0.0,0.0,0.0,0.0,shape_dist_traveled,catchment not reconstructable
CLASCIE,CLAYCRAFT RD & SCIENCE BLVD,-82.844134,39.992606,1,025,1,1,22,6,am_peak+early+evening+midday+owl+pm_peak,False,,False,456.5999999999999,311.0999999999997,5,CLASCIW,0.22204791854874326,0,0.0,0.0,0.0,0.0,shape_dist_traveled,catchment not reconstructable
MORWATSE,MORRISON RD & WATERBURY CT,-82.86495,40.008184,1,025,1,1,22,6,am_peak+early+evening+midday+owl+pm_peak,False,,False,225.89999999999932,744.6999999999999,4,MORHEMN,0.7904598565353985,1,47.25297414086688,0.0,1.0,1.0,shape_dist_traveled,
STYCHAS,N STYGLER RD & CHAPELFIELD RD,-82.890037,40.026446,1,025,1,1,22,6,am_peak+early+evening+midday+owl+pm_peak,False,,False,360.80000000000024,452.89999999999964,4,NSTCHAN,0.5157176591613948,3,18.458410858118743,0.0,1.0,1.0,shape_dist_traveled,
US6OLDE,US 62 & OLD RIDENOUR RD,-82.883914,40.018755,1,025,1,1,22,6,am_peak+early+evening+midday+owl+pm_peak,False,,False,772.3999999999993,549.8000000000012,1,US6OLDW,1.4838573226841507,2,134.47314786485686,128.35008589439934,0.0,0.0,shape_dist_traveled,only access for 128 daily trips
STYDUNS,N STYGLER RD & DUNCHURCH RD,-82.890388,40.022415,1,025,1,1,22,6,am_peak+early+evening+midday+owl+pm_peak,False,,False,452.89999999999964,241.4000000000005,4,NSTDUNN,0.7514297349014804,3,15.753779659874759,0.0,1.0,1.0,shape_dist_traveled,
STYAGLS,N STYGLER RD & AGLER RD,-82.890583,40.020256,1,025,1,1,22,6,am_peak+early+evening+midday+owl+pm_peak,False,,False,241.4000000000005,772.3999999999993,4,NSTAGLN,0.8279205400120837,2,10.87429038469231,0.0,1.0,1.0,shape_dist_traveled,
MORHAME,MORRISON RD & N HAMILTON RD,-82.866393,40.009445,1,025,1,1,22,6,am_peak+early+evening+midday+owl+pm_peak,False,,False,533.100000000001,225.89999999999932,4,HAMROCSS,1.152220592423795,1,47.25297414086688,0.0,0.0,0.0,shape_dist_traveled,
GRALINE,GRANVILLE ST & LINCOLN CIR,-82.872284,40.018413,1,025,1,1,22,6,am_peak+early+evening+midday+owl+pm_peak,False,,False,435.99999999999994,610.1999999999989,1,GRALINW,0.7274493891667757,1,23.187333035667017,0.0,1.0,1.0,shape_dist_traveled,
GRASHIE,GRAVILLE ST & S HIGH ST,-82.877981,40.018701,1,025,1,1,22,6,am_peak+early+evening+midday+owl+pm_peak,False,,False,549.8000000000012,435.99999999999994,2,GRASHIW,0.30660218436201114,1,23.187333035667017,0.0,1.0,1.0,shape_dist_traveled,
MCNEFFS,MCNAUGHTEN RD & EFFINGHAM RD,-82.838043,39.960031,1,025,1,1,22,6,am_peak+early+evening+midday+owl+pm_peak,False,,False,431.1000000000007,644.400000000001,2,MCNCHEN,1.2572535049251787,0,0.0,0.0,0.0,0.0,shape_dist_traveled,catchment not reconstructable
HERCOLWB,HERITAGE CLUB DR & COLONIAL DR,-83.162651,40.025156,2,032+071,2,2,22,6,am_peak+early+evening+midday+owl+pm_peak,False,,True,465.80000000000155,501.50000000000006,5,MAISCIN,3.573581548475608,1,36.849903006177875,0.0,0.5,0.6961651917404131,shape_dist_traveled,transfer point (2 routes)
METCRPW,METRO PL N & CROWN PLAZA,-83.132086,40.096114,2,033+073,3,2,22,6,am_peak+early+evening+midday+owl+pm_peak,False,,True,287.5000000000014,146.5999999999994,3,METS565S,1.8365828735018273,0,0.0,0.0,0.0,0.0,shape_dist_traveled,transfer point (2 routes); catchment not reconstructable
CLATAYE,CLAYCRAFT RD & TAYLOR STATION RD,-82.84047,39.992493,1,025,1,1,22,6,am_peak+early+evening+midday+owl+pm_peak,False,,False,311.0999999999997,315.4000000000003,5,CLATAYW,0.1432656385985912,0,0.0,0.0,0.0,0.0,shape_dist_traveled,catchment not reconstructable
STYGAMS,N STYGLER RD & GAMEWOOD DR,-82.889763,40.029657,1,025,1,1,22,6,am_peak+early+evening+midday+owl+pm_peak,False,,False,346.89999999999975,360.80000000000024,5,NSTMCCN,0.1851476889529502,2,12.335348887661226,0.0,1.0,1.0,shape_dist_traveled,
TECAEPE,TECHCENTER DR & AEP,-82.852658,39.999738,1,025,1,1,22,6,am_peak+early+evening+midday+owl+pm_peak,False,,False,332.80000000000064,896.8000000000008,3,TECAEPW,0.25735674855379387,0,0.0,0.0,0.0,0.0,shape_dist_traveled,catchment not reconstructable
GENLEMS,GENDER RD & LEHMAN RD,-82.826988,39.86871,1,025,1,1,22,6,am_peak+early+evening+midday+owl+pm_peak,False,,False,712.4999999999986,572.2000000000023,1,GENLEHN,0.9372210723858905,1,48.13128221039973,0.0,1.0,1.0,shape_dist_traveled,
5275GENS,5275 GENDER RD,-82.826466,39.875055,1,025,1,1,22,6,am_peak+early+evening+midday+owl+pm_peak,False,,False,286.59999999999997,712.4999999999986,2,GENGENN,1.0041184990028182,1,19.94735215694586,0.0,1.0,1.0,shape_dist_traveled,
MCNWHI1,MCNAUGHTEN RD & WHITMAN RD,-82.836833,39.973072,1,025,1,1,22,6,am_peak+early+evening+midday+owl+pm_peak,False,,False,529.0999999999997,372.80000000000155,3,MCNKNIN,0.34476751755761265,0,0.0,0.0,0.0,0.0,shape_dist_traveled,catchment not reconstructable
MCNWHIS,MCNAUGHTEN RD & WHITNEY WOODS CT,-82.837143,39.969575,1,025,1,1,22,6,am_peak+early+evening+midday+owl+pm_peak,False,,False,372.80000000000155,360.19999999999897,4,MCNBILLN,0.16356470639751558,1,55.21630063796461,0.0,1.0,1.0,shape_dist_traveled,
MCNWINS,MCNAUGHTEN RD & WINDING RIDGE DR,-82.837527,39.966374,1,025,1,1,22,6,am_peak+early+evening+midday+owl+pm_peak,False,,False,360.19999999999897,278.7000000000006,5,MCNBASN,0.672426282406503,1,55.21630063796461,0.0,1.0,1.0,shape_dist_traveled,
TECMORE,TECHCENTER DR & MORRISON RD,-82.85662,40.000199,1,025,1,1,22,6,am_peak+early+evening+midday+owl+pm_peak,False,,False,490.89999999999986,332.80000000000064,3,TECMORW,0.20480944084816827,0,0.0,0.0,0.0,0.0,shape_dist_traveled,catchment not reconstructable
MCNBROS,MCNAUGHTEN RD & E BROAD ST,-82.836325,39.979735,1,025,1,1,22,6,am_peak+early+evening+midday+owl+pm_peak,False,,False,650.1000000000001,238.49999999999838,4,BROMCNW,1.109603675260574,0,0.0,0.0,0.0,0.0,shape_dist_traveled,catchment not reconstructable
HILCABS,HILLIARD ROME RD & CABOT COVE DR,-83.153188,39.99825,2,021+071,2,1,21,6,am_peak+early+evening+midday+owl+pm_peak,False,,True,568.6,421.8000000000011,1,HILCOVN,0.5961556375386597,3,100.66246960722111,0.0,1.0,1.0,shape_dist_traveled,transfer point (2 routes)
HILNIKS,HILLIARD ROME RD & NIKE DR,-83.152592,39.994491,2,021+071,2,1,21,6,am_peak+early+evening+midday+owl+pm_peak,False,,True,421.8000000000011,279.1999999999995,3,HILNIKN,0.3510455211152438,2,78.2558548555833,0.0,0.6666666666666666,0.8824252355591969,shape_dist_traveled,transfer point (2 routes)
FRABALN,FRANTZ RD & BALLYMEAD BLVD,-83.121245,40.072757,2,021+072,2,2,21,6,am_peak+early+evening+midday+owl+pm_peak,False,,True,444.5999999999999,317.0999999999999,3,FRABRES,2.713126612217251,2,20.431397493043942,0.0,1.0,1.0,shape_dist_traveled,transfer point (2 routes)
FRANORNW,FRANTZ RD & NORTHBRIDGE PLAZA,-83.118358,40.069862,2,021+072,2,2,21,6,am_peak+early+evening+midday+owl+pm_peak,False,,True,548.3999999999974,444.5999999999999,2,FRAKEAS,1.2085719656605498,2,20.431397493043942,0.0,1.0,1.0,shape_dist_traveled,transfer point (2 routes)
HAY316W,3166 HAYDEN RD,-83.102236,40.068195,2,021+072,2,2,21,6,am_peak+early+evening+midday+owl+pm_peak,False,,True,394.99999999999955,937.4000000000002,3,HAY311E,0.25948315890575585,2,31.209213404066965,0.0,1.0,1.0,shape_dist_traveled,transfer point (2 routes)
DUBHAYN,DUBLIN RD & HAYDEN RUN RD,-83.112647,40.068024,2,021+072,2,2,21,6,am_peak+early+evening+midday+owl+pm_peak,False,,True,937.4000000000002,548.3999999999974,1,FRAMCGSE,4.549747568536124,0,0.0,0.0,0.0,0.0,shape_dist_traveled,transfer point (2 routes); catchment not reconstructable
HAYDONW,HAYDEN RD & DONNYLANE BLVD,-83.098091,40.066997,2,021+072,2,2,21,6,am_peak+early+evening+midday+owl+pm_peak,False,,True,623.0000000000011,394.99999999999955,3,HAY3011E,0.4409183060124146,2,31.209213404066965,0.0,1.0,1.0,shape_dist_traveled,transfer point (2 routes)
FRABRES,FRANTZ RD & BRELSFORD LN,-83.122063,40.074608,2,021+072,2,2,21,6,am_peak+early+evening+midday+owl+pm_peak,False,,True,415.9000000000006,568.4999999999999,4,FRABREN,1.2660526948217796,2,20.431397493043942,0.0,1.0,1.0,shape_dist_traveled,transfer point (2 routes)
FRAKEAS,FRANTZ RD & KEATING DR,-83.119476,40.070005,2,021+072,2,2,21,6,am_peak+early+evening+midday+owl+pm_peak,False,,True,568.4999999999999,258.60000000000014,3,FRANORNW,1.2085719656605498,2,20.431397493043942,0.0,1.0,1.0,shape_dist_traveled,transfer point (2 routes)
FRAMCGSE,FRANTZ RD & MCGRATH DR,-83.116485,40.069456,2,021+072,2,2,21,6,am_peak+early+evening+midday+owl+pm_peak,False,,True,258.60000000000014,1333.8999999999999,3,FRANORNW,2.0752259612274093,1,7.924290582896294,0.0,0.5,0.43191489361702134,shape_dist_traveled,transfer point (2 routes)
FRABREN,FRANTZ RD & BRELSFORD LN,-83.12204,40.07552,2,021+072,2,2,21,6,am_peak+early+evening+midday+owl+pm_peak,False,,True,317.0999999999999,306.79999999999995,4,FRABRES,1.2660526948217796,2,20.431397493043942,0.0,1.0,1.0,shape_dist_traveled,transfer point (2 routes)
HILROBS,HILLIARD ROME RD & ROBERTS RD,-83.153981,40.003294,2,021+071,2,1,21,6,am_peak+early+evening+midday+owl+pm_peak,False,,True,532.5999999999987,568.6,1,HILROBN,1.2686046608341854,0,0.0,0.0,0.0,0.0,shape_dist_traveled,transfer point (2 routes); catchment not reconstructable
HILWHIS,HILLIARD ROME & WHISPERING OAK BLVD,-83.153748,40.008076,2,021+071,2,1,21,6,am_peak+early+evening+midday+owl+pm_peak,False,,True,612.6000000000005,532.5999999999987,1,HILWHIN,0.560388237340458,1,73.77787784075845,0.0,1.0,1.0,shape_dist_traveled,transfer point (2 routes)
HILLTANS,HILLIARD ROME RD & TANGLEWOOD PARK BLVD,-83.1522,39.992038,2,021+071,2,1,21,6,am_peak+early+evening+midday+owl+pm_peak,False,,True,279.1999999999995,409.6000000000002,5,HILLTANN,1.408818752059069,2,78.2558548555833,0.0,0.5,0.5148560817084494,shape_dist_traveled,transfer point (2 routes)
MAILUTS,MAIN ST & LUTHER LN,-83.160275,40.022587,2,021+071,2,1,21,6,am_peak+early+evening+midday+owl+pm_peak,False,,True,571.8999999999994,721.0999999999999,3,MAILUTN,0.2674966082627141,1,12.062097488251009,0.0,1.0,1.0,shape_dist_traveled,transfer point (2 routes)
HILTINS,HILLIARD ROME RD & TINAPPLE RD,-83.157115,40.016924,2,021+071,2,1,21,6,am_peak+early+evening+midday+owl+pm_peak,False,,True,721.0999999999999,555.8999999999994,1,HILTINAN,0.27988589191786606,0,0.0,0.0,0.0,0.0,shape_dist_traveled,transfer point (2 routes); catchment not reconstructable
HILHYDS,HILLIARD ROME RD & HYDE PARK DR,-83.153439,40.013541,2,021+071,2,1,21,6,am_peak+early+evening+midday+owl+pm_peak,False,,True,555.8999999999994,612.6000000000005,1,HILSPRN,0.2844077901978374,0,0.0,0.0,0.0,0.0,shape_dist_traveled,transfer point (2 routes); catchment not reconstructable
HAY3011E,3011 HAYDEN RD,-83.098064,40.06668,2,021+072,2,2,21,6,am_peak+early+evening+midday+owl+pm_peak,False,,True,415.2999999999985,597.6999999999997,3,HAYDONW,0.4409183060124146,2,31.209213404066965,0.0,1.0,1.0,shape_dist_traveled,transfer point (2 routes)
HILWHIN,HILLIARD ROME & WHISPERING OAK BLVD,-83.153484,40.008425,2,021+071,2,1,21,6,am_peak+early+evening+midday+owl+pm_peak,False,,True,475.5000000000002,582.6999999999991,1,HILWHIS,0.560388237340458,1,73.77787784075845,0.0,1.0,1.0,shape_dist_traveled,transfer point (2 routes)
HAY311E,3111 HAYDEN RD,-83.102108,40.068036,2,021+072,2,2,21,6,am_peak+early+evening+midday+owl+pm_peak,False,,True,1333.8999999999999,415.2999999999985,3,HAY316W,0.25948315890575585,2,31.209213404066965,0.0,1.0,1.0,shape_dist_traveled,transfer point (2 routes)
181WBRE,181 W BRIDGE ST,-83.117455,40.099178,2,033+073,2,2,21,6,am_peak+early+evening+midday+owl+pm_peak,False,,True,243.99999999999977,343.4000000000004,5,80WBRIW,0.6756363347724144,1,204.23590310203562,0.0,1.0,1.0,shape_dist_traveled,transfer point (2 routes)
RIDMOUW,RIDGECLIFF RD & MOUNTVIEW RD,-83.072355,40.023126,2,032+075,2,2,21,6,am_peak+early+evening+midday+owl+pm_peak,False,,True,197.40000000000003,299.8999999999992,5,MOURIDS,0.39328606644822167,2,27.051888541611486,0.0,1.0,1.0,shape_dist_traveled,transfer point (2 routes)
RIDREDW,RIDGECLIFF RD & REDDING RD,-83.070021,40.023008,2,032+075,2,2,21,6,am_peak+early+evening+midday+owl+pm_peak,False,,True,297.5999999999992,197.40000000000003,7,RIDREDE,0.925792293839675,3,16.102314608102077,0.0,1.0,1.0,shape_dist_traveled,transfer point (2 routes)
NOTKIOE,NOTTINGHAM RD & KIOKA AVE,-83.083855,40.025622,2,032+075,2,2,21,6,am_peak+early+evening+midday+owl+pm_peak,False,,True,565.2,334.6,3,NOTKIOW,0.18599823932494802,3,23.273769702827384,0.0,1.0,1.0,shape_dist_traveled,transfer point (2 routes)
RIDTREW,RIDGECLIFF RD & TREMONT RD,-83.060272,40.022546,2,032+075,2,2,21,6,am_peak+early+evening+midday+owl+pm_peak,False,,True,260.2999999999991,260.60000000000014,8,RIDTREE,0.13698905368212125,1,6.997187620611629,0.0,0.5,0.32297297297297256,shape_dist_traveled,transfer point (2 routes)
RIDCOLW,RIDGECLIFF RD & COLCHESTER RD,-83.066518,40.022841,2,032+075,2,2,21,6,am_peak+early+evening+midday+owl+pm_peak,False,,True,268.49999999999955,297.5999999999992,5,RIDCOLE,0.27348093744247726,2,10.598250705696275,0.0,1.0,1.0,shape_dist_traveled,transfer point (2 routes)
NOTSUNE,NOTTINGHAM RD & SUNSET DR,-83.090524,40.025883,2,032+075,2,2,21,6,am_peak+early+evening+midday+owl+pm_peak,True,075,True,1504.8000000000004,565.2,3,NOTSUNW,0.2328002183756736,1,15.067862881763418,0.0,1.0,1.0,shape_dist_traveled,terminal; transfer point (2 routes)
HILROBN,HILLIARD ROME & ROBERTS RD,-83.153716,40.004185,2,021+071,2,1,21,6,am_peak+early+evening+midday+owl+pm_peak,False,,True,626.5,475.5000000000002,1,HILROBS,1.2686046608341854,0,0.0,0.0,0.0,0.0,shape_dist_traveled,transfer point (2 routes); catchment not reconstructable
HILNIKN,HILLIARD ROME RD & NIKE DR,-83.152319,39.994632,2,021+071,2,1,21,6,am_peak+early+evening+midday+owl+pm_peak,False,,True,400.10000000000014,452.0000000000017,3,HILNIKS,0.3510455211152438,3,100.66246960722111,0.0,0.6666666666666666,0.8824252355591969,shape_dist_traveled,transfer point (2 routes)
HILTINAN,HILLIARD ROME RD & TINAPPLE RD,-83.156968,40.017091,2,021+071,2,1,21,6,am_peak+early+evening+midday+owl+pm_peak,False,,True,537.4999999999997,733.4999999999993,1,HILTINS,0.27988589191786606,0,0.0,0.0,0.0,0.0,shape_dist_traveled,transfer point (2 routes); catchment not reconstructable
HILCOVN,HILLIARD ROME RD & CABOT COVE DR,-83.152954,39.99864,2,021+071,2,1,21,6,am_peak+early+evening+midday+owl+pm_peak,False,,True,452.0000000000017,626.5,1,HILCABS,0.5961556375386597,3,100.66246960722111,0.0,1.0,1.0,shape_dist_traveled,transfer point (2 routes)
HILSPRN,HILLIARD ROME RD & SPRINGDALE BLVD,-83.153191,40.013616,2,021+071,2,1,21,6,am_peak+early+evening+midday+owl+pm_peak,False,,True,582.6999999999991,537.4999999999997,1,HILHYDS,0.2844077901978374,0,0.0,0.0,0.0,0.0,shape_dist_traveled,transfer point (2 routes); catchment not reconstructable
NOTRAME,NOTTINGHAM RD & RAMSGATE RD,-83.076381,40.025297,2,032+075,2,2,21,6,am_peak+early+evening+midday+owl+pm_peak,False,,True,298.5000000000007,306.4,6,NOTRAMW,0.24739800661802208,3,13.709970723469766,0.0,1.0,1.0,shape_dist_traveled,transfer point (2 routes)
RIDSOME,RIDGECLIFF RD & SOMERFORD RD,-83.062997,40.022587,2,032+075,2,2,21,6,am_peak+early+evening+midday+owl+pm_peak,False,,True,279.50000000000006,235.5999999999998,9,RIDSOMW,0.41007297507764495,1,6.997187620611629,0.0,1.0,1.0,shape_dist_traveled,transfer point (2 routes)
RIDREDE,RIDGECLIFF RD & REDDING RD,-83.069169,40.022882,2,032+075,2,2,21,6,am_peak+early+evening+midday+owl+pm_peak,False,,True,311.7000000000001,244.39999999999884,6,RIDREDW,0.925792293839675,3,16.102314608102077,0.0,1.0,1.0,shape_dist_traveled,transfer point (2 routes)
RIDCOLE,RIDGECLIFF RD & COLCHESTER RD,-83.06629,40.022751,2,032+075,2,2,21,6,am_peak+early+evening+midday+owl+pm_peak,False,,True,244.39999999999884,279.50000000000006,5,RIDCOLW,0.27348093744247726,2,10.598250705696275,0.0,1.0,1.0,shape_dist_traveled,transfer point (2 routes)
RIDTREE,RIDGECLIFF RD & TREMONT RD,-83.060209,40.02246,2,032+075,2,2,21,6,am_peak+early+evening+midday+owl+pm_peak,False,,True,235.5999999999998,105.6000000000008,8,RIDTREW,0.13698905368212125,2,21.664932381810093,0.0,0.5,0.32297297297297256,shape_dist_traveled,transfer point (2 routes)
NOTDORE,NOTTINGHAM RD & DORCHESTER RD,-83.0799,40.025445,2,032+075,2,2,21,6,am_peak+early+evening+midday+owl+pm_peak,False,,True,334.6,298.5000000000007,5,NOTDORW,0.3859589970368984,2,8.205906821063966,0.0,1.0,1.0,shape_dist_traveled,transfer point (2 routes)
NOTMOUE,NOTTINGHAM RD & MOUNTVIEW RD,-83.072764,40.025147,2,032+075,2,2,21,6,am_peak+early+evening+midday+owl+pm_peak,False,,True,306.4,236.80000000000013,7,NOTMOUW,0.2982283290869482,2,9.427173279652488,0.0,0.6666666666666666,0.7155555555555555,shape_dist_traveled,transfer point (2 routes)
RIDSOMW,RIDGECLIFF RD & SOMERFORD RD,-83.063351,40.022702,2,032+075,2,2,21,6,am_peak+early+evening+midday+owl+pm_peak,False,,True,260.60000000000014,268.49999999999955,9,RIDSOME,0.41007297507764495,1,6.997187620611629,0.0,1.0,1.0,shape_dist_traveled,transfer point (2 routes)
NOTRAMW,NOTTINGHAM RD & RAMSGATE RD,-83.076578,40.025391,2,032+075,2,2,21,6,am_peak+early+evening+midday+owl+pm_peak,False,,True,302.4999999999984,309.5999999999997,5,NOTRAME,0.24739800661802208,3,13.709970723469766,0.0,1.0,1.0,shape_dist_traveled,transfer point (2 routes)
NOTMOUW,NOTTINGHAM RD & MOUNTVIEW RD,-83.07301,40.025249,2,032+075,2,2,21,6,am_peak+early+evening+midday+owl+pm_peak,False,,True,299.8999999999992,302.4999999999984,6,NOTMOUE,0.2982283290869482,3,13.709970723469766,0.0,0.6666666666666666,0.7155555555555555,shape_dist_traveled,transfer point (2 routes)
NOTKIOW,NOTTINGHAM RD & KIOKA AVE,-83.08394,40.025739,2,032+075,2,2,21,6,am_peak+early+evening+midday+owl+pm_peak,False,,True,313.5999999999992,546.0999999999991,3,NOTKIOE,0.18599823932494802,3,23.273769702827384,0.0,1.0,1.0,shape_dist_traveled,transfer point (2 routes)
NOTDORW,NOTTINGHAM RD & S DORCHESTER RD,-83.080239,40.025542,2,032+075,2,2,21,6,am_peak+early+evening+midday+owl+pm_peak,False,,True,309.5999999999997,313.5999999999992,5,NOTDORE,0.3859589970368984,2,8.205906821063966,0.0,1.0,1.0,shape_dist_traveled,transfer point (2 routes)
BRIHIGE,E BRIDGE ST & N HIGH ST,-83.113417,40.099523,2,033+073,2,2,21,6,am_peak+early+evening+midday+owl+pm_peak,False,,True,343.4000000000004,582.7,3,BRINHIW,0.2519649004994928,0,0.0,0.0,0.0,0.0,shape_dist_traveled,transfer point (2 routes); catchment not reconstructable
FRA161S,FRANTZ RD & W BRIDGE ST,-83.124878,40.098418,2,033+073,2,2,21,6,am_peak+early+evening+midday+owl+pm_peak,False,,True,429.1999999999998,641.5999999999999,3,FRA161N,0.3261751490609997,0,0.0,0.0,0.0,0.0,shape_dist_traveled,transfer point (2 routes); catchment not reconstructable
BRICORE,W BRIDGE ST & CORBIN MILL DR,-83.120338,40.099107,2,033+073,2,2,21,6,am_peak+early+evening+midday+owl+pm_peak,False,,True,434.0999999999999,243.99999999999977,5,BRISHAW,0.5301988022956212,1,204.23590310203562,0.0,1.0,1.0,shape_dist_traveled,transfer point (2 routes)
FRA161N,FRANTZ RD & W BRIDGE ST,-83.124572,40.098416,2,033+073,2,2,21,6,am_peak+early+evening+midday+owl+pm_peak,False,,True,893.1,434.0999999999999,3,FRA161S,0.3261751490609997,0,0.0,0.0,0.0,0.0,shape_dist_traveled,transfer point (2 routes); catchment not reconstructable
NOTSUNW,NOTTINGHAM RD & SUNSET DR,-83.090383,40.026011,2,032+075,2,2,21,6,am_peak+early+evening+midday+owl+pm_peak,True,075,True,546.0999999999991,1519.8999999999999,3,NOTSUNE,0.2328002183756736,1,15.067862881763418,0.0,1.0,1.0,shape_dist_traveled,terminal; transfer point (2 routes)
BRINHIW,E BRIDGE ST & N HIGH ST,-83.113582,40.099653,2,033+073,2,2,21,6,am_peak+early+evening+midday+owl+pm_peak,False,,True,597.999999999999,281.2999999999999,3,BRIHIGE,0.2519649004994928,0,0.0,0.0,0.0,0.0,shape_dist_traveled,transfer point (2 routes); catchment not reconstructable
80WBRIW,80 W BRIDGE ST,-83.116863,40.099352,2,033+073,2,2,21,6,am_peak+early+evening+midday+owl+pm_peak,False,,True,281.2999999999999,329.0999999999986,5,181WBRE,0.6756363347724144,1,204.23590310203562,0.0,1.0,1.0,shape_dist_traveled,transfer point (2 routes)
BRISHAW,W BRIDGE ST & SHAWAN FALLS DR,-83.120761,40.099308,2,033+073,2,2,21,6,am_peak+early+evening+midday+owl+pm_peak,False,,True,329.0999999999986,429.1999999999998,5,BRICORE,0.5301988022956212,1,204.23590310203562,0.0,1.0,1.0,shape_dist_traveled,transfer point (2 routes)
CLATAYW,CLAYCRAFT RD & TAYLOR STATION RD,-82.840461,39.992596,1,025,1,1,21,6,am_peak+early+evening+midday+owl+pm_peak,False,,False,316.40000000000157,311.0999999999997,5,CLATAYE,0.1432656385985912,0,0.0,0.0,0.0,0.0,shape_dist_traveled,catchment not reconstructable
STYWOON,STYGLER RD & WOODMARK RUN,-82.888909,40.037533,1,025,1,1,21,6,am_peak+early+evening+midday+owl+pm_peak,False,,False,524.0999999999972,430.2000000000028,1,STYWOOS,0.6622062770582569,2,82.91228176390015,0.0,1.0,1.0,shape_dist_traveled,
790SCIN,790 SCIENCE BLVD,-82.843247,39.996488,1,025,1,1,21,6,am_peak+early+evening+midday+owl+pm_peak,False,,False,440.5999999999999,323.19999999999993,3,791SCIS,0.2922550168278668,0,0.0,0.0,0.0,0.0,shape_dist_traveled,catchment not reconstructable
GRALINW,GRANVILLE ST & LINCOLN CIR,-82.872886,40.018659,1,025,1,1,21,6,am_peak+early+evening+midday+owl+pm_peak,False,,False,463.7999999999991,445.1,1,GRALINE,0.7274493891667757,1,23.187333035667017,0.0,1.0,1.0,shape_dist_traveled,
TAYWESBN,TAYLOR STATION RD & WESTBOURNE AVE,-82.843115,39.98361,1,025,1,1,21,6,am_peak+early+evening+midday+owl+pm_peak,False,,False,410.7000000000021,196.40000000000057,4,TAYWESS,0.9339611545095098,0,0.0,0.0,0.0,0.0,shape_dist_traveled,catchment not reconstructable
BRICENN,BRICE RD & CENTURY CITY S,-82.829543,39.944673,1,025,1,1,21,6,am_peak+early+evening+midday+owl+pm_peak,False,,False,237.89999999999978,195.49999999999912,7,BRIASTS,0.7083513847104411,1,15.036634150402245,0.0,1.0,1.0,shape_dist_traveled,
GRASHIW,GRANVILLE ST & S HIGH ST,-82.878134,40.018888,1,025,1,1,21,6,am_peak+early+evening+midday+owl+pm_peak,False,,False,445.1,372.6999999999982,2,GRASHIE,0.30660218436201114,1,23.187333035667017,0.0,1.0,1.0,shape_dist_traveled,
MCNKNIN,MCNAUGHTEN RD & KNIVERS EDGE WAY,-82.836669,39.973286,1,025,1,1,21,6,am_peak+early+evening+midday+owl+pm_peak,False,,False,413.0000000000002,466.7999999999992,1,MCNWHI1,0.34476751755761265,0,0.0,0.0,0.0,0.0,shape_dist_traveled,catchment not reconstructable
CLASCIW,CLAYCRAFT RD & SCIENCE BLVD,-82.844134,39.992766,1,025,1,1,21,6,am_peak+early+evening+midday+owl+pm_peak,False,,False,311.0999999999997,440.5999999999999,5,CLASCIE,0.22204791854874326,0,0.0,0.0,0.0,0.0,shape_dist_traveled,catchment not reconstructable
TAYBRON1,TAYLOR STATION RD & E BROAD ST,-82.843356,39.979929,1,025,1,1,21,6,am_peak+early+evening+midday+owl+pm_peak,False,,False,623.899999999999,410.7000000000021,2,BROTAYE,1.056509853817726,0,0.0,0.0,0.0,0.0,shape_dist_traveled,catchment not reconstructable
MCNGANN,MCNAUGHTEN RD & GANSE,-82.836321,39.977661,1,025,1,1,21,6,am_peak+early+evening+midday+owl+pm_peak,False,,False,466.7999999999992,397.7000000000004,4,MCNSISS,0.19782891842652225,0,0.0,0.0,0.0,0.0,shape_dist_traveled,catchment not reconstructable
STYRIDN,STYGLER RD & RIDENOUR RD,-82.888227,40.044397,1,025,1,1,21,6,am_peak+early+evening+midday+owl+pm_peak,False,,False,341.1999999999971,1515.1000000000004,4,STYSANS,0.11241436972921519,0,0.0,0.0,0.0,0.0,shape_dist_traveled,catchment not reconstructable
BRIRYGN,BRICE RD & RYGATE DR,-82.82901,39.950372,1,025,1,1,21,6,am_peak+early+evening+midday+owl+pm_peak,False,,False,445.1999999999998,304.9,3,BRIRYGS,1.143609143709544,1,9.468997473439765,0.0,1.0,1.0,shape_dist_traveled,
BRIROSLN,BRICE RD & ROSELAWN AVE,-82.829386,39.946411,1,025,1,1,21,6,am_peak+early+evening+midday+owl+pm_peak,False,,False,195.49999999999912,445.1999999999998,4,BRIROSLS,0.23093848453484817,1,15.036634150402245,0.0,1.0,1.0,shape_dist_traveled,
BRILIVN,BRICE RD & LIVINGSTON AVE,-82.829739,39.942561,1,025,1,1,21,6,am_peak+early+evening+midday+owl+pm_peak,False,,False,421.20000000000067,237.89999999999978,5,BRILIVS1,0.3825588280525532,1,15.036634150402245,0.0,0.0,0.0,shape_dist_traveled,
GENPFEN,GENDER RD & PFEIFER ASH DR,-82.825936,39.878986,1,025,1,1,21,6,am_peak+early+evening+midday+owl+pm_peak,False,,False,363.69999999999993,363.9000000000001,4,GENGEOS,1.9448577231977058,2,45.65250165860702,0.0,1.0,1.0,shape_dist_traveled,
GRASHAW,GRANVILLE ST & N HAMILTON RD,-82.867412,40.018409,1,025,1,1,21,6,am_peak+early+evening+midday+owl+pm_peak,False,,False,637.400000000003,463.7999999999991,2,HAMHAVN1,1.3559376767398839,1,23.187333035667017,0.0,1.0,1.0,shape_dist_traveled,
MCNBILLN,MCNAUGHTEN RD & BILLINGTON DR,-82.836998,39.969613,1,025,1,1,21,6,am_peak+early+evening+midday+owl+pm_peak,False,,False,314.0999999999998,413.0000000000002,4,MCNWHIS,0.16356470639751558,1,55.21630063796461,0.0,1.0,1.0,shape_dist_traveled,
MORHEMN,MORRISON RD & HEMSTON DR,-82.864895,40.008752,1,025,1,1,21,6,am_peak+early+evening+midday+owl+pm_peak,False,,False,777.4999999999999,399.70000000000283,4,MORWATSE,0.7904598565353985,1,47.25297414086688,0.0,1.0,1.0,shape_dist_traveled,
MORTAYNW,MORRISON RD & TAYLOR RD,-82.860864,40.002976,1,025,1,1,21,6,am_peak+early+evening+midday+owl+pm_peak,False,,False,510.09999999999775,777.4999999999999,1,MORTAYSE,0.42653417736202914,1,47.25297414086688,0.0,0.0,0.0,shape_dist_traveled,
STYMCCN,STYGLER RD & MCCUTCHEON RD,-82.889331,40.032859,1,025,1,1,21,6,am_peak+early+evening+midday+owl+pm_peak,False,,False,352.9000000000018,524.0999999999972,3,STYMCCS,0.22820661531114186,1,7.455859612478779,0.0,1.0,1.0,shape_dist_traveled,
TECMORW,TECHCENTER DR & MORRISON RD,-82.856797,40.000256,1,025,1,1,21,6,am_peak+early+evening+midday+owl+pm_peak,False,,False,363.900000000001,510.09999999999775,3,TECMORE,0.20480944084816827,0,0.0,0.0,0.0,0.0,shape_dist_traveled,catchment not reconstructable
TECAEPW,TECHCENTER DR & AEP,-82.852721,39.999917,1,025,1,1,21,6,am_peak+early+evening+midday+owl+pm_peak,False,,False,873.4000000000002,363.900000000001,3,TECAEPE,0.25735674855379387,0,0.0,0.0,0.0,0.0,shape_dist_traveled,catchment not reconstructable
SCITECN,SCIENCE BLVD & TECH CENTER DR,-82.843128,39.999362,1,025,1,1,21,6,am_peak+early+evening+midday+owl+pm_peak,False,,False,323.19999999999993,873.4000000000002,3,SCITECS,0.29195181641126194,0,0.0,0.0,0.0,0.0,shape_dist_traveled,catchment not reconstructable
NSTCHAN,N STYGLER RD & CHAPELFIELD RD,-82.889871,40.026795,1,025,1,1,21,6,am_peak+early+evening+midday+owl+pm_peak,False,,False,456.8999999999974,328.7000000000013,3,STYCHAS,0.5157176591613948,3,18.458410858118743,0.0,1.0,1.0,shape_dist_traveled,
NSTMCCN,N STYGLER RD & MCCUTCHEON RD,-82.889608,40.029717,1,025,1,1,21,6,am_peak+early+evening+midday+owl+pm_peak,False,,False,328.7000000000013,352.9000000000018,5,STYGAMS,0.1851476889529502,2,12.335348887661226,0.0,1.0,1.0,shape_dist_traveled,
NSTAGLN,N STYGLER RD & AGLER RD,-82.890431,40.019671,1,025,1,1,21,6,am_peak+early+evening+midday+owl+pm_peak,False,,False,797.0000000000006,369.9000000000012,4,STYAGLS,0.8279205400120837,2,10.87429038469231,0.0,1.0,1.0,shape_dist_traveled,
NSTDUNN,N STYGLER RD & DUNNCHURCH RD,-82.890221,40.022941,1,025,1,1,21,6,am_peak+early+evening+midday+owl+pm_peak,False,,False,369.9000000000012,456.8999999999974,4,STYDUNS,0.7514297349014804,3,15.753779659874759,0.0,1.0,1.0,shape_dist_traveled,
TAYOPPN,TAYLOR STATION RD & BELLTOWNE BLVD,-82.842963,39.985355,1,025,1,1,21,6,am_peak+early+evening+midday+owl+pm_peak,False,,False,196.40000000000057,589.4999999999975,3,TAYBELS,1.2141127042457966,0,0.0,0.0,0.0,0.0,shape_dist_traveled,catchment not reconstructable
TAYGAHN,TAYLOR STATION RD & GAHANNA PKWY,-82.841287,39.990512,1,025,1,1,21,6,am_peak+early+evening+midday+owl+pm_peak,False,,False,589.4999999999975,316.40000000000157,5,TAYGAHS,0.16328144657048044,0,0.0,0.0,0.0,0.0,shape_dist_traveled,catchment not reconstructable
US6OLDW,US 62 & OLD RIDENOUR RD,-82.882543,40.018934,1,025,1,1,21,6,am_peak+early+evening+midday+owl+pm_peak,False,,False,372.6999999999982,797.0000000000006,3,US6OLDE,1.4838573226841507,0,0.0,0.0,0.0,0.0,shape_dist_traveled,catchment not reconstructable
GENLEHN,GENDER RD & LEHMAN RD,-82.826716,39.869352,1,025,1,1,21,6,am_peak+early+evening+midday+owl+pm_peak,False,,False,1074.5,718.4999999999999,1,GENLEMS,0.9372210723858905,1,48.13128221039973,0.0,1.0,1.0,shape_dist_traveled,
MCNBASN,MCNAUGHTEN & BASKERVILLE DR,-82.837284,39.966821,1,025,1,1,21,6,am_peak+early+evening+midday+owl+pm_peak,False,,False,375.8999999999997,314.0999999999998,5,MCNWINS,0.672426282406503,1,55.21630063796461,0.0,1.0,1.0,shape_dist_traveled,
GENNOTN,GENDER RD & NOTTINGHILL TRAIL DR,-82.825629,39.88223,1,025,1,1,21,6,am_peak+early+evening+midday+owl+pm_peak,False,,False,363.9000000000001,1119.6999999999998,2,GENNOTS,0.5049476293253582,2,45.65250165860702,0.0,1.0,1.0,shape_dist_traveled,
GENGENN,GENDER RD & GENDER PARK BLVD,-82.826196,39.875748,1,025,1,1,21,6,am_peak+early+evening+midday+owl+pm_peak,False,,False,718.4999999999999,363.69999999999993,3,5275GENS,1.0041184990028182,1,19.94735215694586,0.0,1.0,1.0,shape_dist_traveled,
GENABBN,GENDER RD & ABBIE TRAILS DR,-82.824854,39.902262,1,025,1,1,21,6,am_peak+early+evening+midday+owl+pm_peak,False,,False,1128.3000000000004,689.5999999999996,1,GENABBS,0.9990193229808686,1,31.228731361167704,0.0,1.0,1.0,shape_dist_traveled,
GENSHAN,GENDER RD & SHANNON RD,-82.824713,39.892194,1,025,1,1,21,6,am_peak+early+evening+midday+owl+pm_peak,False,,False,1119.6999999999998,1128.3000000000004,1,GENSHAS,0.2538168279488625,0,0.0,0.0,0.0,0.0,shape_dist_traveled,catchment not reconstructable
GENBRIN,GENDER RD & BRICE RD,-82.829279,39.923176,1,025,1,1,21,6,am_peak+early+evening+midday+owl+pm_peak,False,,False,435.20000000000005,342.5000000000002,2,GENBRIS,0.2305065325218402,0,0.0,0.0,0.0,0.0,shape_dist_traveled,catchment not reconstructable
GENCENN,GENDER RD & CENTENIAL DR,-82.825811,39.920293,1,025,1,1,21,6,am_peak+early+evening+midday+owl+pm_peak,False,,False,1387.1000000000001,435.20000000000005,1,GENCENS,0.240308913503298,0,0.0,0.0,0.0,0.0,shape_dist_traveled,catchment not reconstructable
STYFORN,STYGLER RD & FORESTWOOD DR,-82.888555,40.041356,1,025,1,1,21,6,am_peak+early+evening+midday+owl+pm_peak,False,,False,430.2000000000028,341.1999999999971,4,STYFORS,0.17928554212029038,1,30.91644404755599,0.0,1.0,1.0,shape_dist_traveled,
BRIEASN,BRICE RD & EASTGREEN BLVD,-82.830066,39.938808,1,025,1,1,21,6,am_peak+early+evening+midday+owl+pm_peak,False,,False,1603.8999999999994,421.20000000000067,7,EASOFFE,1.038829427017447,1,11.28918638706211,0.0,1.0,1.0,shape_dist_traveled,
BRICMN,BRICE RD & MAIN ST,-82.828763,39.953092,1,025,1,1,21,6,am_peak+early+evening+midday+owl+pm_peak,False,,False,304.9,277.6000000000014,6,BRI132S,0.3854497941897026,1,9.468997473439765,0.0,1.0,1.0,shape_dist_traveled,
MCNOLDN,MCNAUGHTEN RD & OLDE ORCHARD DR,-82.837587,39.963456,1,025,1,1,21,6,am_peak+early+evening+midday+owl+pm_peak,False,,False,486.20000000000016,375.8999999999997,4,MCNOLDS,0.6075939761618192,0,0.0,0.0,0.0,0.0,shape_dist_traveled,catchment not reconstructable
MCNCHEN,MCNAUGHTEN & CHERRY HILL DR,-82.837966,39.959127,1,025,1,1,21,6,am_peak+early+evening+midday+owl+pm_peak,False,,False,609.1999999999995,486.20000000000016,1,MCNEFFS,1.2572535049251787,0,0.0,0.0,0.0,0.0,shape_dist_traveled,catchment not reconstructable
DUBSHAW,W DUBLIN GRANVILLE RD &  SHAMROCKBLVD,-83.101115,40.099424,1,033,1,1,20,6,am_peak+early+evening+midday+owl+pm_peak,False,,False,510.60000000000014,475.79999999999956,1,DUBSHAE,1.0581946760497252,1,114.35571065317556,0.0,0.5,0.7783977680350731,shape_dist_traveled,
OAKKARW,OAKLAND PARK AVE & KARL RD,-82.97793,40.032023,1,032,1,1,20,6,am_peak+early+evening+midday+owl+pm_peak,False,,False,218.50000000000057,499.2000000000001,11,OAKHAME,0.26064346354173445,1,5.738279387614558,0.0,1.0,1.0,shape_dist_traveled,
OAKEISW,OAKLAND PARK AVE & EISENHOWER RD,-82.993404,40.032759,1,032,1,1,20,6,am_peak+early+evening+midday+owl+pm_peak,False,,False,360.5999999999998,180.3000000000008,6,OAKEISE,0.23697000753322328,1,7.992603432748848,0.0,1.0,1.0,shape_dist_traveled,
EISBROS,EISENHOWER RD & E NORTH BROADWAY,-82.993675,40.031216,1,032,1,1,20,6,am_peak+early+evening+midday+owl+pm_peak,False,,False,180.3000000000008,692.5999999999988,4,EISNORN,0.18988983633788123,0,0.0,0.0,0.0,0.0,shape_dist_traveled,catchment not reconstructable
NORINDW,E NORTH BROADWAY ST & INDIANOLA AVE,-83.001399,40.031367,1,032,1,1,20,6,am_peak+early+evening+midday+owl+pm_peak,False,,False,692.5999999999988,214.1000000000002,10,NORINDE,0.14170877645211416,2,16.951345741983825,0.0,0.5,0.393782383419689,shape_dist_traveled,
NOR366W,366 E NORTH BROADWAY,-83.003934,40.031405,1,032,1,1,20,6,am_peak+early+evening+midday+owl+pm_peak,False,,False,214.1000000000002,384.1999999999999,10,NOR411E,0.3739632534309859,1,6.6751413284495875,0.0,1.0,1.0,shape_dist_traveled,
INNUSPW,INNIS RD & US POSTAL SERVICE,-82.95529,40.037171,1,032,1,1,20,6,am_peak+early+evening+midday+owl+pm_peak,False,,False,350.4000000000005,293.4000000000001,4,INNWESE,0.20429525020172518,1,6.997187620611629,0.0,1.0,1.0,shape_dist_traveled,
NOR162W,162 E NORTH BROADWAY,-83.011217,40.031542,1,032,1,1,20,6,am_peak+early+evening+midday+owl+pm_peak,False,,False,232.10000000000088,462.0999999999995,5,NOR169E,0.5357981260468763,3,19.147115915815927,0.0,1.0,1.0,shape_dist_traveled,
MCCMCCE,MCCUTCHEON RD & MCCUTCHEON PL,-82.927861,40.034021,1,032,1,1,20,6,am_peak+early+evening+midday+owl+pm_peak,False,,False,1823.1999999999998,446.8000000000032,1,MCCMCCW,0.6820737288511852,1,34.5077481540903,0.0,1.0,1.0,shape_dist_traveled,
MCCOAKE,MCCUTCHEON RD & OAK SPRING ST,-82.922245,40.03377,1,032,1,1,20,6,am_peak+early+evening+midday+owl+pm_peak,False,,False,446.8000000000032,1075.3999999999983,1,MCCOAKW,1.8117787400896588,1,34.5077481540903,0.0,0.0,0.0,shape_dist_traveled,
INNWESE,INNIS RD & WESTERVILLE RD,-82.955345,40.03703,1,032,1,1,20,6,am_peak+early+evening+midday+owl+pm_peak,False,,False,247.2999999999992,616.7999999999978,4,INNUSPW,0.20429525020172518,1,6.997187620611629,0.0,1.0,1.0,shape_dist_traveled,
FISSMIW,FISHINGER BLVD & SMILEY RD,-83.11051,40.027595,1,032,1,1,20,6,am_peak+early+evening+midday+owl+pm_peak,False,,False,603.9999999999992,338.00000000000097,3,FISSMIE,1.8622761112467785,1,42.08071550917347,0.0,1.0,1.0,shape_dist_traveled,
FISMILN,FISHINGER BLVD & MILL RUN DR,-83.114102,40.026474,1,032,1,1,20,6,am_peak+early+evening+midday+owl+pm_peak,False,,False,338.00000000000097,543.4000000000019,3,FISMILE,0.426751327639977,1,42.08071550917347,0.0,1.0,1.0,shape_dist_traveled,
FIS365N,3650 FISHINGER BLVD,-83.116476,40.029854,1,032,1,1,20,6,am_peak+early+evening+midday+owl+pm_peak,False,,False,543.4000000000019,201.2999999999998,3,FIS369S,1.4142335053396495,1,42.08071550917347,0.0,1.0,1.0,shape_dist_traveled,
FISRIDN,FISHINGER BLVD & RIDGE MILL DR,-83.115909,40.031631,1,032,1,1,20,6,am_peak+early+evening+midday+owl+pm_peak,False,,False,201.2999999999998,1497.0,3,FISPARS,0.557301434422942,0,0.0,0.0,0.0,0.0,shape_dist_traveled,catchment not reconstructable
DUBDUBE,W DUBLIN GRANVILLE RD & DUBLIN CENTER DR,-83.094448,40.098398,1,033,1,1,20,6,am_peak+early+evening+midday+owl+pm_peak,False,,False,499.4999999999994,375.70000000000016,6,DUBDUBW,0.9967641235916942,0,0.0,0.0,0.0,0.0,shape_dist_traveled,catchment not reconstructable
OAKMAIE,OAKLAND PARK AVE & MAIZE RD,-82.989801,40.032487,1,032,1,1,20,6,am_peak+early+evening+midday+owl+pm_peak,False,,False,292.50000000000045,154.49999999999875,10,OAKMAIW,0.7145527940284466,2,10.891020062207222,0.0,0.5,0.2661290322580645,shape_dist_traveled,
OAKHAME,OAKLAND PARK AVE & HAMILTON AVE,-82.977741,40.031904,1,032,1,1,20,6,am_peak+early+evening+midday+owl+pm_peak,False,,False,547.3999999999996,215.39999999999893,10,OAKKARW,0.26064346354173445,1,5.738279387614558,0.0,1.0,1.0,shape_dist_traveled,
FISMTHE,FISHINGER RD & MT HOLYOKE RD,-83.051942,40.024043,1,032,1,1,20,6,am_peak+early+evening+midday+owl+pm_peak,False,,False,649.2000000000005,413.8999999999999,2,FISCHAW,1.6793441271100282,2,20.00869430783387,0.0,1.0,1.0,shape_dist_traveled,
OAKNORE,OAKLAND PARK AVE & NORWOOD ST,-82.972153,40.031629,1,032,1,1,20,6,am_peak+early+evening+midday+owl+pm_peak,False,,False,258.70000000000107,301.80000000000007,5,OAKNORW,0.33533449584999886,2,10.481142963091896,0.0,1.0,1.0,shape_dist_traveled,
OAKOAKE,OAKLAND PARK AVE & OAKLAWN ST,-82.968592,40.031446,1,032,1,1,20,6,am_peak+early+evening+midday+owl+pm_peak,False,,False,301.80000000000007,967.4999999999976,4,OAKOAKW,0.5603643638979964,1,6.089602615427694,0.0,1.0,1.0,shape_dist_traveled,
INNDERE,INNIS RD & DERBYSHIRE DR,-82.958274,40.037116,1,032,1,1,20,6,am_peak+early+evening+midday+owl+pm_peak,False,,False,480.50000000000284,247.2999999999992,4,INNDERW,0.5735240292548304,1,6.997187620611629,0.0,1.0,1.0,shape_dist_traveled,
NOR169E,169 E NORTH BROADWAY,-83.010733,40.031439,1,032,1,1,20,6,am_peak+early+evening+midday+owl+pm_peak,False,,False,530.2000000000007,183.0999999999996,3,NOR162W,0.5357981260468763,3,19.147115915815927,0.0,1.0,1.0,shape_dist_traveled,
INNWESW,INNIS RD & WESTERVILLE RD,-82.951162,40.037291,1,032,1,1,20,6,am_peak+early+evening+midday+owl+pm_peak,False,,False,327.399999999999,350.4000000000005,4,INNBOYE,3.311642626509191,2,25.529487887754563,0.0,1.0,1.0,shape_dist_traveled,
INNKOHW,INNIS RD & KOHR BLVD,-82.947301,40.037103,1,032,1,1,20,6,am_peak+early+evening+midday+owl+pm_peak,False,,False,1717.1000000000004,327.399999999999,2,INNBOYE,0.8445157994311009,2,25.529487887754563,0.0,1.0,1.0,shape_dist_traveled,
MCCMCCW,MCCUTCHEON RD & MCCUTCHEON PL,-82.928481,40.034141,1,032,1,1,20,6,am_peak+early+evening+midday+owl+pm_peak,False,,False,630.1000000000006,1717.1000000000004,3,MCCMCCE,0.6820737288511852,1,34.5077481540903,0.0,1.0,1.0,shape_dist_traveled,
OAKONTE,OAKLAND PARK AVE & ONTARIO ST,-82.975206,40.031784,1,032,1,1,20,6,am_peak+early+evening+midday+owl+pm_peak,False,,False,215.39999999999893,258.70000000000107,7,OAKOPPW,0.2264930487316735,2,10.12981973527876,0.0,1.0,1.0,shape_dist_traveled,
OAKNORW,OAKLAND PARK AVE & NORWOOD ST,-82.971864,40.031724,1,032,1,1,20,6,am_peak+early+evening+midday+owl+pm_peak,False,,False,320.8000000000002,295.70000000000005,5,OAKNORE,0.33533449584999886,2,10.481142963091896,0.0,1.0,1.0,shape_dist_traveled,
OAKOAKW,OAKLAND PARK AVE & OAKLAWN ST,-82.968087,40.031557,1,032,1,1,20,6,am_peak+early+evening+midday+owl+pm_peak,False,,False,367.9999999999985,320.8000000000002,5,OAKOAKE,0.5603643638979964,1,6.089602615427694,0.0,1.0,1.0,shape_dist_traveled,
INNDERW,INNIS RD & DERBYSHIRE DR,-82.958748,40.037311,1,032,1,1,20,6,am_peak+early+evening+midday+owl+pm_peak,False,,False,293.4000000000001,491.1999999999992,4,INNDERE,0.5735240292548304,1,6.997187620611629,0.0,1.0,1.0,shape_dist_traveled,
DUBDUBW,W DUBLIN GRANVILLE RD & DUBLIN CENTER DR,-83.095128,40.098891,1,033,1,1,20,6,am_peak+early+evening+midday+owl+pm_peak,False,,False,248.80000000000103,510.60000000000014,4,DUBDUBE,0.9967641235916942,1,114.35571065317556,0.0,0.0,0.0,shape_dist_traveled,
FISSTAE,FISHINGER RD & N STAR RD,-83.047111,40.023693,1,032,1,1,20,6,am_peak+early+evening+midday+owl+pm_peak,False,,False,413.8999999999999,233.1000000000003,6,FIS1247W,1.220068026597508,1,7.829489076978463,0.0,0.0,0.0,shape_dist_traveled,
FISEASE,FISHINGER RD & EASTON PL,-83.044368,40.02339,1,032,1,1,20,6,am_peak+early+evening+midday+owl+pm_peak,False,,False,233.1000000000003,483.4999999999994,5,FISKENW,0.7421694508653854,1,15.61436568058383,0.0,1.0,1.0,shape_dist_traveled,
DUBDALW,W DUBLIN GRANVILLE RD & DALE DR,-83.106737,40.099646,1,033,1,1,20,6,am_peak+early+evening+midday+owl+pm_peak,False,,False,475.79999999999956,597.999999999999,2,DUBDALE,0.3105475741024348,0,0.0,0.0,0.0,0.0,shape_dist_traveled,catchment not reconstructable
NOROLEE,W NORTH BROADWAY & OLENTANGY RIVER RD,-83.029712,40.030896,1,032,1,1,20,6,am_peak+early+evening+midday+owl+pm_peak,False,,False,459.3000000000007,295.2999999999992,4,WNBYOHPW,2.1362733123282864,1,37.76724698991219,0.0,0.0,0.0,shape_dist_traveled,
WNBYOHPE,W NORTH BROADWAY & OHIO HEALTH PARKWAY,-83.026486,40.031723,1,032,1,1,20,6,am_peak+early+evening+midday+owl+pm_peak,False,,False,295.2999999999992,431.4999999999998,4,WNBYOHPW,1.6825859913305437,0,0.0,0.0,0.0,0.0,shape_dist_traveled,catchment not reconstructable
FISSMIE,FISHINGER BLVD & SMILEY RD,-83.10877,40.0277,1,032,1,1,20,6,am_peak+early+evening+midday+owl+pm_peak,False,,False,466.89999999999986,461.1000000000001,1,FISSMIW,1.8622761112467785,1,42.08071550917347,0.0,1.0,1.0,shape_dist_traveled,
FISDUBE,FISHINGER RD & DUBLIN RD,-83.103411,40.028258,1,032,1,1,20,6,am_peak+early+evening+midday+owl+pm_peak,False,,False,461.1000000000001,1504.8000000000004,1,FISDUBW,0.24217942211529583,1,16.5121917072174,0.0,1.0,1.0,shape_dist_traveled,
CEMBRIE,CEMETERY RD & BRITTON PKWY,-83.130612,40.032417,1,032,1,1,20,6,am_peak+early+evening+midday+owl+pm_peak,False,,False,521.3000000000001,1402.6999999999998,3,BRICEMN,1.0884467597585756,0,0.0,0.0,0.0,0.0,shape_dist_traveled,catchment not reconstructable
FISPARS,FISHINGER BLVD & PARK MILL RUN DR,-83.116165,40.031281,1,032,1,1,20,6,am_peak+early+evening+midday+owl+pm_peak,False,,False,1402.6999999999998,271.6000000000003,3,FISRIDN,0.557301434422942,0,0.0,0.0,0.0,0.0,shape_dist_traveled,catchment not reconstructable
FIS369S,3693 FISHINGER BLVD,-83.117203,40.029002,1,032,1,1,20,6,am_peak+early+evening+midday+owl+pm_peak,False,,False,271.6000000000003,453.1000000000001,4,FIS365N,1.4142335053396495,1,42.08071550917347,0.0,1.0,1.0,shape_dist_traveled,
FISMILE,FISHINGER BLVD & MILL RUN DR,-83.113852,40.026234,1,032,1,1,20,6,am_peak+early+evening+midday+owl+pm_peak,False,,False,453.1000000000001,466.89999999999986,2,FISMILN,0.426751327639977,1,42.08071550917347,0.0,1.0,1.0,shape_dist_traveled,
SAWHARS,SAWMILL RD & HARD RD,-83.090595,40.118362,2,033+074,2,2,20,6,am_peak+early+evening+midday+owl+pm_peak,True,074,True,317.1999999999997,452.6,3,SAWHARN,0.7603273566013947,1,9.807773443116725,0.0,0.5,0.7648401826484019,shape_dist_traveled,terminal; transfer point (2 routes)
SAWSUMS,SAWMILL RD & SUMMER DR,-83.090339,40.121559,2,033+074,2,2,20,6,am_peak+early+evening+midday+owl+pm_peak,False,,True,249.6,317.1999999999997,4,SAWSUMN,1.7902748302054214,1,3.4463135680717167,0.0,1.0,1.0,shape_dist_traveled,transfer point (2 routes)
MCCOAKW,MCCUTCHEON RD & OAK SPRING ST,-82.920552,40.033873,1,032,1,1,20,6,am_peak+early+evening+midday+owl+pm_peak,False,,False,937.1999999999998,630.1000000000006,1,MCCOAKE,1.8117787400896588,1,14.209072769331286,0.0,0.0,0.0,shape_dist_traveled,
KENOBEN,KENNY RD & OBERLIN DR,-83.045016,40.026031,1,032,1,1,20,6,am_peak+early+evening+midday+owl+pm_peak,False,,False,483.4999999999994,484.60000000000036,9,KENMANS,1.0392921340123678,0,0.0,0.0,0.0,0.0,shape_dist_traveled,catchment not reconstructable
NORMILW,W NORTH BROADWAY & MILTON AVE,-83.020862,40.031758,1,032,1,1,20,6,am_peak+early+evening+midday+owl+pm_peak,False,,False,355.2999999999997,610.1000000000009,3,NORMILE,0.6275746782333033,2,23.919256426944376,0.0,1.0,1.0,shape_dist_traveled,
WNBYOHPW,W NORTH BROADWAY & OHIO HEALTH PARKWAY,-83.028062,40.031768,1,032,1,1,20,6,am_peak+early+evening+midday+owl+pm_peak,False,,False,610.1000000000009,709.5999999999982,4,WNBYOHPE,1.6825859913305437,0,0.0,0.0,0.0,0.0,shape_dist_traveled,catchment not reconstructable
KENLONS,KENNY RD & LONDON DR,-83.046962,40.02795,1,032,1,1,20,6,am_peak+early+evening+midday+owl+pm_peak,False,,False,160.3999999999992,188.9000000000003,7,NORCLEW,1.3659296447708709,2,22.36757883743637,0.0,1.0,1.0,shape_dist_traveled,
KENMANS,KENNY RD & MANSION WAY,-83.045728,40.026542,1,032,1,1,20,6,am_peak+early+evening+midday+owl+pm_peak,False,,False,188.9000000000003,509.00000000000034,9,KENOBEN,1.0392921340123678,1,12.179205230855406,0.0,0.0,0.0,shape_dist_traveled,
FISKENW,FISHINGER RD & KENNY RD,-83.0437,40.023539,1,032,1,1,20,6,am_peak+early+evening+midday+owl+pm_peak,False,,False,509.00000000000034,196.79999999999964,5,FISEASE,0.7421694508653854,1,15.61436568058383,0.0,1.0,1.0,shape_dist_traveled,
OAKOPPW,OAKLAND PARK AVE & ONTARIO ST,-82.975354,40.031901,1,032,1,1,20,6,am_peak+early+evening+midday+owl+pm_peak,False,,False,295.70000000000005,218.50000000000057,8,OAKONTE,0.2264930487316735,2,10.12981973527876,0.0,1.0,1.0,shape_dist_traveled,
FIS1247W,1247 FISHINGER RD,-83.045968,40.023669,1,032,1,1,20,6,am_peak+early+evening+midday+owl+pm_peak,False,,False,196.79999999999964,373.2000000000006,6,FISSTAE,1.220068026597508,1,15.61436568058383,0.0,0.0,0.0,shape_dist_traveled,
NORHIGW,W NORTH BROADWAY & N HIGH ST,-83.016675,40.03168,1,032,1,1,20,6,am_peak+early+evening+midday+owl+pm_peak,False,,False,462.0999999999995,355.2999999999997,7,NORHIGE,0.3968056629006042,1,12.091374423902115,0.0,1.0,1.0,shape_dist_traveled,
FISCHAW,FISHINGER RD & CHAUCER DR,-83.050373,40.024138,1,032,1,1,20,6,am_peak+early+evening+midday+owl+pm_peak,False,,False,373.2000000000006,336.5000000000009,4,FISMTHE,1.6793441271100282,2,20.00869430783387,0.0,1.0,1.0,shape_dist_traveled,
FISPEMW,FISHINGER RD & PEMBERTON DR,-83.054341,40.024289,1,032,1,1,20,6,am_peak+early+evening+midday+owl+pm_peak,False,,False,336.5000000000009,704.699999999999,3,FISMTHE,2.58245806693379,1,7.829489076978463,0.0,0.5,0.35999999999999965,shape_dist_traveled,
NORCALW,NORTH BROADWAY & CALUMET ST,-83.008448,40.031496,1,032,1,1,20,6,am_peak+early+evening+midday+owl+pm_peak,False,,False,384.1999999999999,232.10000000000088,5,NORCALE,0.17897057285099843,2,14.316421533385304,0.0,1.0,1.0,shape_dist_traveled,
FISDUBW,FISHINGER RD & DUBLIN RD,-83.103492,40.028421,1,032,1,1,20,6,am_peak+early+evening+midday+owl+pm_peak,False,,False,1519.8999999999999,603.9999999999992,1,FISDUBE,0.24217942211529583,1,16.5121917072174,0.0,1.0,1.0,shape_dist_traveled,
NORMILE,W NORTH BROADWAY & MILTON AVE,-83.021425,40.031627,1,032,1,1,20,6,am_peak+early+evening+midday+owl+pm_peak,False,,False,431.4999999999998,375.2000000000013,2,NORMILW,0.6275746782333033,2,23.919256426944376,0.0,1.0,1.0,shape_dist_traveled,
NORHIGE,W NORTH BROADWAY & N HIGH ST,-83.016994,40.031533,1,032,1,1,20,6,am_peak+early+evening+midday+owl+pm_peak,False,,False,375.2000000000013,530.2000000000007,8,NORHIGW,0.3968056629006042,1,12.091374423902115,0.0,1.0,1.0,shape_dist_traveled,
DUBSHAE,W DUBLIN GRANVILLE RD & SHAMROCK BLVD,-83.100178,40.099172,1,033,1,1,20,6,am_peak+early+evening+midday+owl+pm_peak,False,,False,549.9000000000001,499.4999999999994,1,DUBSHAW,1.0581946760497252,2,244.5795204292449,130.22380977606934,0.5,0.7783977680350731,shape_dist_traveled,only access for 130 daily trips
NORCALE,NORTH BROADWAY & CALUMET ST,-83.00856,40.0314,1,032,1,1,20,6,am_peak+early+evening+midday+owl+pm_peak,False,,False,183.0999999999996,364.2000000000003,5,NORCALW,0.17897057285099843,2,14.316421533385304,0.0,1.0,1.0,shape_dist_traveled,
NOR411E,411 E NORTH BROADWAY,-83.00426,40.031306,1,032,1,1,20,6,am_peak+early+evening+midday+owl+pm_peak,False,,False,364.2000000000003,242.0999999999971,10,NOR366W,0.3739632534309859,1,6.6751413284495875,0.0,1.0,1.0,shape_dist_traveled,
NORINDE,E N BROADWAY & INDIANOLA AVE,-83.001405,40.031265,1,032,1,1,20,6,am_peak+early+evening+midday+owl+pm_peak,False,,False,242.0999999999971,683.5000000000023,10,NORINDW,0.14170877645211416,1,6.6751413284495875,0.0,0.5,0.393782383419689,shape_dist_traveled,
INNBOYE,INNIS RD & BOYLESTON BLVD,-82.948081,40.036999,1,032,1,1,20,6,am_peak+early+evening+midday+owl+pm_peak,False,,False,616.7999999999978,1823.1999999999998,2,INNKOHW,0.8445157994311009,2,25.529487887754563,0.0,1.0,1.0,shape_dist_traveled,
DUBDALE,W DUBLIN GRANVILLE RD & DALE DR,-83.106666,40.099429,1,033,1,1,20,6,am_peak+early+evening+midday+owl+pm_peak,False,,False,582.7,549.9000000000001,2,DUBDALW,0.3105475741024348,0,0.0,0.0,0.0,0.0,shape_dist_traveled,catchment not reconstructable
OAKEISE,OAKLAND PARK AVE & EISENHOWER RD,-82.99326,40.032629,1,032,1,1,20,6,am_peak+early+evening+midday+owl+pm_peak,False,,False,201.49999999999935,292.50000000000045,6,OAKEISW,0.23697000753322328,1,7.992603432748848,0.0,1.0,1.0,shape_dist_traveled,
DUBSAWW,W DUBLIN GRANVILLE RD & SAWMILL,-83.092007,40.097346,1,033,1,1,20,6,am_peak+early+evening+midday+owl+pm_peak,False,,False,687.4000000000002,248.80000000000103,6,SAWDUBS,1.4772193676950203,0,0.0,0.0,0.0,0.0,shape_dist_traveled,catchment not reconstructable
EISNORN,EISENHOWER RD & E NORTH BROADWAY,-82.993527,40.03114,1,032,1,1,20,6,am_peak+early+evening+midday+owl+pm_peak,False,,False,683.5000000000023,201.49999999999935,4,EISBROS,0.18988983633788123,0,0.0,0.0,0.0,0.0,shape_dist_traveled,catchment not reconstructable
GRATOWS,S GRANT AVE & E TOWN ST,-82.990396,39.959324,1,011,1,1,19,6,am_peak+early+evening+midday+owl+pm_peak,False,,False,379.50000000000017,177.29999999999978,8,TOWGRAE,0.9643877824961192,2,44.32528057575736,0.0,0.5,0.1974900924702774,shape_dist_traveled,
RICGRAW,E RICH ST & S GRANT AVE,-82.991263,39.958533,1,011,1,1,19,6,am_peak+early+evening+midday+owl+pm_peak,False,,False,177.29999999999978,222.5999999999999,9,GRATOWS,1.4361690334067692,1,35.57147681608005,0.0,0.5,0.8025099075297226,shape_dist_traveled,
SAWSNOS,SAWMILL RD & SNOUFFER RD,-83.091362,40.104232,1,033,1,1,19,6,am_peak+early+evening+midday+owl+pm_peak,False,,False,1132.6000000000001,316.1999999999998,3,SAWSNON,0.4205323405338053,1,114.35571065317556,0.0,0.0,0.0,shape_dist_traveled,
TOWCYPE,W TOWN ST & S CYPRESS AVE,-83.028324,39.955274,1,009,1,1,19,6,am_peak+early+evening+midday+owl+pm_peak,False,,False,226.80000000000078,257.9999999999991,8,TOWDAKW,0.49008016282470546,1,2.4299856590408586,0.0,1.0,1.0,shape_dist_traveled,
TAYMTVS,TAYLOR AVE  & MT VERNON AVE,-82.961249,39.974317,1,011,1,1,19,6,am_peak+early+evening+midday+owl+pm_peak,False,,False,371.6000000000008,382.89999999999935,11,TAYGREN,0.22774033435495739,1,5.123463738941569,0.0,0.5,0.5319148936170214,shape_dist_traveled,
RIC5THW,E RICH ST & S 5TH ST,-82.99387,39.958243,1,011,1,1,19,6,am_peak+early+evening+midday+owl+pm_peak,False,,False,222.5999999999999,497.5999999999994,12,4THTOWN,1.9387376786476556,1,35.57147681608005,0.0,0.0,0.0,shape_dist_traveled,
LONHAME1,E LONG ST & HAMILTON AVE,-82.981165,39.967165,1,011,1,1,19,6,am_peak+early+evening+midday+owl+pm_peak,False,,False,285.80000000000007,210.30000000000015,11,LONHAMW,0.2962263905602716,1,9.280788601397022,0.0,1.0,1.0,shape_dist_traveled,
LONTALE,E LONG ST & TALMADGE AVE,-82.978705,39.967421,1,011,1,1,19,6,am_peak+early+evening+midday+owl+pm_peak,False,,False,210.30000000000015,164.7999999999996,12,LONMONW,0.2541737518669392,1,9.280788601397022,0.0,1.0,1.0,shape_dist_traveled,
LON17TE,E LONG ST & N 17TH ST,-82.976788,39.967667,1,011,1,1,19,6,am_peak+early+evening+midday+owl+pm_peak,False,,False,164.7999999999996,257.0000000000015,11,LON18TW,1.1984194162721278,1,9.280788601397022,0.0,0.5,0.5023771790808242,shape_dist_traveled,
LON20TE,E LONG ST & N 20TH ST,-82.973786,39.968017,1,011,1,1,19,6,am_peak+early+evening+midday+owl+pm_peak,False,,False,257.0000000000015,315.0999999999993,10,LON20TW,0.5333657005809,1,9.192957794443734,0.0,1.0,1.0,shape_dist_traveled,
AGLWOOE,AGLER RD & WOODLAND AVE,-82.950142,40.026849,1,009,1,1,19,6,am_peak+early+evening+midday+owl+pm_peak,False,,False,199.40000000000424,438.49999999999767,5,AGLWOOW,0.43831725113189607,2,31.501982760577924,0.0,1.0,1.0,shape_dist_traveled,
161KARE,STATE RTE 161 & KARL RD,-82.974761,40.086991,2,035+043,2,1,19,5,am_peak+early+evening+midday+pm_peak,False,,True,495.1999999999999,477.80000000000024,9,161KARW,1.1856356256366385,2,14.87268331075611,0.0,1.0,1.0,shape_dist_traveled,transfer point (2 routes)
161TAME1,STATE RTE 161 AND TAMARACK BLVD,-82.969115,40.086743,2,035+043,2,1,19,5,am_peak+early+evening+midday+pm_peak,False,,True,477.80000000000024,420.70000000000005,2,161SHAW,1.1440880813611216,3,23.615612780048714,0.0,1.0,1.0,shape_dist_traveled,transfer point (2 routes)
BRYKELW,BRYDEN RD & KELTON AVE,-82.958355,39.960332,1,011,1,1,19,6,am_peak+early+evening+midday+owl+pm_peak,False,,False,307.10000000000014,161.00000000000048,10,BRYKELE,0.6294092916201011,3,16.834237999379454,0.0,0.75,0.8394160583941606,shape_dist_traveled,
161MAPE1,STATE RTE 161 AND MAPLE CANYON AVE,-82.959684,40.086345,2,035+043,2,1,19,5,am_peak+early+evening+midday+pm_peak,False,,True,377.799999999997,318.5000000000002,4,161MAPW1,1.4586433606296807,3,44.89827203064311,0.0,0.2,0.1879432624113475,shape_dist_traveled,transfer point (2 routes)
BRYMORW,BRYDEN RD & MORRISON AVE,-82.95473,39.960251,1,011,1,1,19,6,am_peak+early+evening+midday+owl+pm_peak,False,,False,191.19999999999936,307.10000000000014,7,BRYMORE,0.4710184907678879,3,10.598250705696275,0.0,1.0,1.0,shape_dist_traveled,
BRYFAIW,BRYDEN RD & FAIRWOOD AVE,-82.952472,39.960194,1,011,1,1,19,6,am_peak+early+evening+midday+owl+pm_peak,False,,False,219.10000000000008,191.19999999999936,8,BRYFAIE,0.4495399392689377,3,10.598250705696275,0.0,1.0,1.0,shape_dist_traveled,
BRYRHOW,BRYDEN RD & RHOADS AVE,-82.949885,39.96014,1,011,1,1,19,6,am_peak+early+evening+midday+owl+pm_peak,False,,False,688.1000000000004,219.10000000000008,7,BRYRHOE,1.1940637552338613,2,7.37778778407586,0.0,0.5,0.638888888888889,shape_dist_traveled,
NORGRES1,NORTON RD & GREEN ST,-83.139855,39.950785,1,009,1,1,19,6,am_peak+early+evening+midday+owl+pm_peak,False,,False,606.9,198.19999999999993,5,NORPALN,1.4843104229142294,1,5.211294545894853,0.0,1.0,1.0,shape_dist_traveled,
NORPALS,NORTON RD & PALMETTO ST,-83.140428,39.949077,1,009,1,1,19,6,am_peak+early+evening+midday+owl+pm_peak,False,,False,198.19999999999993,338.40000000000003,6,NORPALN,1.0370428310909068,1,5.211294545894853,0.0,1.0,1.0,shape_dist_traveled,
NOROWES,NORTON RD & OWEN ST,-83.141311,39.946129,1,009,1,1,19,6,am_peak+early+evening+midday+owl+pm_peak,False,,False,338.40000000000003,264.8000000000001,6,NOROWEN,0.33175736693712554,1,5.211294545894853,0.0,1.0,1.0,shape_dist_traveled,
NORSULS,NORTON RD & SULLIVANT AVE,-83.141997,39.943822,1,009,1,1,19,6,am_peak+early+evening+midday+owl+pm_peak,False,,False,264.8000000000001,450.80000000000007,7,SULNORW,0.4640435124988471,1,9.16368085879264,0.0,1.0,1.0,shape_dist_traveled,
NORFLOS,NORTON RD & FLORAL CIR S,-83.143177,39.939898,1,009,1,1,19,6,am_peak+early+evening+midday+owl+pm_peak,False,,False,450.80000000000007,418.6999999999999,3,NORBRAN,0.33601685331162323,2,15.341114281173617,0.0,1.0,1.0,shape_dist_traveled,
CENRICN,S CENTRAL AVE & W RICH ST,-83.037222,39.953529,1,009,1,1,19,6,am_peak+early+evening+midday+owl+pm_peak,False,,False,371.4000000000013,202.60000000000034,10,CENRICS,0.8293161310191822,1,1.932277752972249,0.0,1.0,1.0,shape_dist_traveled,
CLIHOLE,CLIME RD & HOLLY HILL DR,-83.10282,39.930099,1,009,1,1,19,6,am_peak+early+evening+midday+owl+pm_peak,False,,False,339.49999999999926,508.20000000000044,3,CLIHOLW,0.23794027470012766,1,3.8411339574236223,0.0,1.0,1.0,shape_dist_traveled,
JOY5THN,JOYCE AVE & E 5TH AVE,-82.966739,39.986072,1,011,1,1,19,6,am_peak+early+evening+midday+owl+pm_peak,False,,False,401.39999999999884,751.9000000000027,7,JOY5THS,0.6024197699928692,0,0.0,0.0,0.0,0.0,shape_dist_traveled,catchment not reconstructable
LEOCHAW,LEONARD AVE & N CHAMPION AVE,-82.968013,39.978836,1,011,1,1,19,6,am_peak+early+evening+midday+owl+pm_peak,False,,False,388.39999999999895,442.1999999999997,6,LEOCHAE,0.297677461448436,0,0.0,0.0,0.0,0.0,shape_dist_traveled,catchment not reconstructable
BREMARN,BRENTNELL AVE & MARCIA DR,-82.947921,40.01467,1,009,1,1,19,6,am_peak+early+evening+midday+owl+pm_peak,False,,False,293.8000000000045,221.59999999999513,9,BREMARS,0.8027121962416264,1,2.3714317877386693,0.0,1.0,1.0,shape_dist_traveled,
AGLCLUE,AGLER RD & CLUB HOUSE DR,-82.940093,40.026541,1,009,1,1,19,6,am_peak+early+evening+midday+owl+pm_peak,False,,False,411.59999999999997,616.3999999999987,1,AGLCLUW,0.6346405784951429,0,0.0,0.0,0.0,0.0,shape_dist_traveled,catchment not reconstructable
AGLBRIE,AGLER RD & BRIDGEWALK ST,-82.944962,40.026649,1,009,1,1,19,6,am_peak+early+evening+midday+owl+pm_peak,False,,False,438.49999999999767,411.59999999999997,1,AGLBRIWW,0.19832134221131173,0,0.0,0.0,0.0,0.0,shape_dist_traveled,catchment not reconstructable
MAICARBS,MAIZE RD & CARBONE DR,-82.98808,40.05193,1,011,1,1,19,6,am_peak+early+evening+midday+owl+pm_peak,False,,False,295.6000000000003,450.9999999999996,3,MAIHILN,1.4845654499016405,1,14.833647396554658,0.0,1.0,1.0,shape_dist_traveled,
GEOLONE,GEORGESVILLE SERVICE RD & LONE EAGLE ST,-83.138087,39.917038,1,009,1,1,19,6,am_peak+early+evening+midday+owl+pm_peak,False,,False,517.7000000000005,329.49999999999943,3,GEOLONW,1.1010705431967356,0,0.0,0.0,0.0,0.0,shape_dist_traveled,catchment not reconstructable
MOUHAGE1,W MOUND ST & S HAGUE AVE,-83.073276,39.939938,1,009,1,1,19,6,am_peak+early+evening+midday+owl+pm_peak,False,,False,418.9999999999987,178.9000000000005,5,HAGMOUS,0.7725695874590692,4,14.140759919478732,0.0,0.75,0.7267080745341615,shape_dist_traveled,
MOURACE,W MOUND ST & RACINE AVE,-83.071178,39.939727,1,009,1,1,19,6,am_peak+early+evening+midday+owl+pm_peak,False,,False,178.9000000000005,377.29999999999995,5,MOUWARW,0.32627243401311695,3,12.032820552599915,0.0,0.75,0.8138613861386138,shape_dist_traveled,
MAIGARS,MAIZE RD & GARDEN RD,-82.987886,40.054562,1,011,1,1,19,6,am_peak+early+evening+midday+owl+pm_peak,False,,False,238.50000000000017,295.6000000000003,4,MAIGARN,0.18080824399854417,1,14.833647396554658,0.0,1.0,1.0,shape_dist_traveled,
MAISHAS1,MAIZE RD & SHANLEY DR,-82.987743,40.056689,1,011,1,1,19,6,am_peak+early+evening+midday+owl+pm_peak,False,,False,358.6,238.50000000000017,5,MAISHAN,0.2091979779439638,2,18.210253974980912,0.0,1.0,1.0,shape_dist_traveled,
MAIMORS,MAIZE RD & MORSE RD,-82.987462,40.059884,1,011,1,1,19,6,am_peak+early+evening+midday+owl+pm_peak,False,,False,612.1999999999996,358.6,8,MAIMORN1,0.18692675934774233,1,6.88007987800725,0.0,1.0,1.0,shape_dist_traveled,
SAWFEDN,SAWMILL RD & FEDERATED BLVD,-83.09105,40.102295,1,033,1,1,19,6,am_peak+early+evening+midday+owl+pm_peak,False,,False,265.29999999999984,223.10000000000053,5,SAWVILLS,1.3090203535216325,0,0.0,0.0,0.0,0.0,shape_dist_traveled,catchment not reconstructable
ALUINTS,ALUM CREEK DR & INTEGRITY DR N,-82.94242,39.936902,1,011,1,1,19,6,am_peak+early+evening+midday+owl+pm_peak,False,,False,439.9999999999977,410.0000000000001,2,ALUINTN,0.25285379156418364,0,0.0,0.0,0.0,0.0,shape_dist_traveled,catchment not reconstructable
TOWLESW,E TOWN ST & LESTER DR,-82.98345,39.960755,1,011,1,1,19,6,am_peak+early+evening+midday+owl+pm_peak,False,,False,152.0999999999999,281.90000000000026,10,TOWLESE,0.26599365877212733,1,79.83820352053432,0.0,0.5,0.9011896893588887,shape_dist_traveled,
ALU102S,1025 ALUM CREEK DR,-82.9451,39.946639,1,011,1,1,19,6,am_peak+early+evening+midday+owl+pm_peak,False,,False,332.3999999999998,683.1999999999994,6,ALU102N,0.3176412919670255,0,0.0,0.0,0.0,0.0,shape_dist_traveled,catchment not reconstructable
BRYCHAW,BRYDEN RD & S CHAMPION AVE,-82.96904,39.960508,1,011,1,1,19,6,am_peak+early+evening+midday+owl+pm_peak,False,,False,239.10000000000053,166.99999999999983,12,BRYCHAE,0.18828436900642595,1,11.066681676113808,0.0,1.0,1.0,shape_dist_traveled,
BRYWILW,BRYDEN RD & WILSON AVE,-82.966215,39.960462,1,011,1,1,19,6,am_peak+early+evening+midday+owl+pm_peak,False,,False,251.1000000000001,239.10000000000053,12,BRYWILE,0.4590459455944932,1,6.265264229334262,0.0,1.0,1.0,shape_dist_traveled,
SAWSBS,SAWMILL RD & BRIGHT RD,-83.090732,40.114329,1,033,1,1,19,6,am_peak+early+evening+midday+owl+pm_peak,False,,False,452.6,1132.6000000000001,2,SAWSBN,0.6011784708098211,1,24.779998335086578,0.0,1.0,1.0,shape_dist_traveled,
CLIBIGE,CLIME RD & BIG RUN PARK ACCESS RD,-83.110696,39.93182,1,009,1,1,19,6,am_peak+early+evening+midday+owl+pm_peak,False,,False,371.59999999999906,354.00000000000097,4,CLIBIGW,0.22570478089615706,0,0.0,0.0,0.0,0.0,shape_dist_traveled,catchment not reconstructable
CLISAVE,CLIME RD & SAVANNAH DR,-83.106669,39.93097,1,009,1,1,19,6,am_peak+early+evening+midday+owl+pm_peak,False,,False,354.00000000000097,339.49999999999926,5,CLISAVW,0.28746382469510146,1,3.8411339574236223,0.0,1.0,1.0,shape_dist_traveled,
SAWSNON,SAWMILL RD & SNOUFFER RD,-83.090972,40.104278,1,033,1,1,19,6,am_peak+early+evening+midday+owl+pm_peak,False,,False,223.10000000000053,1084.4999999999984,3,SAWSNOS,0.4205323405338053,0,0.0,0.0,0.0,0.0,shape_dist_traveled,catchment not reconstructable
SAWSBN,SAWMILL RD & SAWBURY BLVD,-83.090471,40.113945,1,033,1,1,19,6,am_peak+early+evening+midday+owl+pm_peak,False,,False,1084.4999999999984,508.70000000000107,1,SAWSBS,0.6011784708098211,1,24.779998335086578,0.0,1.0,1.0,shape_dist_traveled,
HARSAWE,HARD RD & SAWMILL RD,-83.089644,40.117794,1,033,1,1,19,6,am_peak+early+evening+midday+owl+pm_peak,False,,False,508.70000000000107,461.39999999999935,3,SAWHARS,1.2839002427225217,2,34.587771778203305,0.0,0.5,0.3877314814814813,shape_dist_traveled,
HARHEAE,HARD RD & HEATHERMOOR DR,-83.084186,40.11767,1,033,1,1,19,6,am_peak+early+evening+midday+owl+pm_peak,False,,False,461.39999999999935,379.2999999999989,2,STAHARN,4.143260415735343,3,38.03408534627502,0.0,0.6666666666666666,0.8934850051706308,shape_dist_traveled,
STAHARN,STANDBURN RD & HARD RD,-83.080365,40.118223,1,033,1,1,19,6,am_peak+early+evening+midday+owl+pm_peak,False,,False,379.2999999999989,490.99999999999966,1,HARHEAE,4.143260415735343,2,34.587771778203305,0.0,0.6666666666666666,0.8934850051706308,shape_dist_traveled,
SUMSUTW,SUMMER DR & SUTTER PKWY,-83.08325,40.121251,1,033,1,1,19,6,am_peak+early+evening+midday+owl+pm_peak,False,,False,490.99999999999966,202.30000000000103,1,SUMSAWW,2.536943878982389,2,13.254087011188442,0.0,1.0,1.0,shape_dist_traveled,
SUMSAWW,SUMMER DR & SAWMILL COMMONS LN,-83.085531,40.120727,1,033,1,1,19,6,am_peak+early+evening+midday+owl+pm_peak,False,,False,202.30000000000103,264.6000000000015,3,SUMSUTW,2.536943878982389,2,13.254087011188442,0.0,1.0,1.0,shape_dist_traveled,
BRYALTW,BRYDEN RD & LOEFFLER AVE,-82.963257,39.960415,1,011,1,1,19,6,am_peak+early+evening+midday+owl+pm_peak,False,,False,254.09999999999934,251.1000000000001,10,BRYOPPE,0.4054544741360089,1,6.265264229334262,0.0,1.0,1.0,shape_dist_traveled,
BRYMILW,BRYDEN RD & MILLER AVE,-82.960262,39.960358,1,011,1,1,19,6,am_peak+early+evening+midday+owl+pm_peak,False,,False,161.00000000000048,254.09999999999934,9,BRYMILE,0.17657146246017025,1,6.265264229334262,0.0,1.0,1.0,shape_dist_traveled,
ALUALUS,ALUM CREEK DR & ALUM INDUSTRIAL DR N,-82.943602,39.94067,1,011,1,1,19,6,am_peak+early+evening+midday+owl+pm_peak,False,,False,683.1999999999994,439.9999999999977,1,ALUALUN,0.2380405412559982,0,0.0,0.0,0.0,0.0,shape_dist_traveled,catchment not reconstructable
JOY23RN,JOYCE AVE & E 23RD AVE,-82.963679,40.005507,1,011,1,1,19,6,am_peak+early+evening+midday+owl+pm_peak,False,,False,234.40000000000083,279.49999999999875,5,JOY23RS,0.32928359802418067,1,2.020108559925533,0.0,1.0,1.0,shape_dist_traveled,
SULEVGE,SULLIVANT AVE & EVERGREEN TERRACE,-83.132803,39.94187,1,021,1,1,19,6,am_peak+early+evening+midday+owl+pm_peak,False,,False,503.4000000000027,551.3999999999975,1,SULEVGW,0.9950619525319567,3,27.959473546795422,0.0,1.0,1.0,shape_dist_traveled,
SULCOUE,SULLIVANT AVE & COUNTRYBROOK DR E,-83.115931,39.938925,1,021,1,1,19,6,am_peak+early+evening+midday+owl+pm_peak,False,,False,211.40000000000114,656.8000000000005,4,SULCOUW1,0.3386857755708975,2,18.3440913951002,0.0,1.0,1.0,shape_dist_traveled,
SULINDE,SULLIVANT AVE & INDUSTRIAL MILE RD,-83.118362,39.939367,1,021,1,1,19,6,am_peak+early+evening+midday+owl+pm_peak,False,,False,704.3,211.40000000000114,3,SULINDW,0.9916198591576733,2,18.3440913951002,0.0,1.0,1.0,shape_dist_traveled,
SULMURE,SULLIVANT AVE & S MURRAY HILL RD,-83.126464,39.940768,1,021,1,1,19,6,am_peak+early+evening+midday+owl+pm_peak,False,,False,551.3999999999975,704.3,1,SULMURW,0.4664955687514345,2,21.782040124414443,0.0,1.0,1.0,shape_dist_traveled,
HILFEDN,HILLIARD ROME RD & FEDER RD,-83.149808,39.972759,1,021,1,1,19,6,am_peak+early+evening+midday+owl+pm_peak,False,,False,758.3000000000002,1010.5000000000005,1,HILFEDS,0.7531204778801567,1,28.69139693807279,0.0,1.0,1.0,shape_dist_traveled,
HILSUMN,HILLIARD ROME RD & SUMMERLIN WAY,-83.146874,39.966546,1,021,1,1,19,6,am_peak+early+evening+midday+owl+pm_peak,False,,False,381.19999999999976,758.3000000000002,3,HILSUMS,0.25141424432548065,0,0.0,0.0,0.0,0.0,shape_dist_traveled,catchment not reconstructable
HILMANN,HILLIARD ROME RD & MANOR PARK DR,-83.146518,39.963147,1,021,1,1,19,6,am_peak+early+evening+midday+owl+pm_peak,False,,False,531.6000000000009,381.19999999999976,3,HILMANS,0.22749070488904843,0,0.0,0.0,0.0,0.0,shape_dist_traveled,catchment not reconstructable
300HLRON,300 HILLIARD-ROME RD,-83.14559,39.958508,1,021,1,1,19,6,am_peak+early+evening+midday+owl+pm_peak,False,,False,387.90000000000015,531.6000000000009,3,HILGLES,0.6511112347921421,2,29.39404339369906,0.0,1.0,1.0,shape_dist_traveled,
NORLINN,NORTON RD & LINDBERGH BLVD,-83.144047,39.928632,1,009,1,1,19,6,am_peak+early+evening+midday+owl+pm_peak,False,,False,198.0999999999966,219.0000000000012,5,NORLINS,0.20611032146920683,1,7.065500470464183,0.0,1.0,1.0,shape_dist_traveled,
JOY178S,1782 JOYCE AVE,-82.964365,40.003756,1,011,1,1,19,6,am_peak+early+evening+midday+owl+pm_peak,False,,False,180.7999999999996,410.7000000000003,4,JOY177N,0.4035381725983509,1,1.5224006538569235,0.0,1.0,1.0,shape_dist_traveled,
SULNORE,SULLIVANT AVE & NORTON RD,-83.141208,39.943373,1,021,1,1,19,6,am_peak+early+evening+midday+owl+pm_peak,False,,False,502.09999999999866,229.39999999999827,7,NORSULN,0.722768544820455,1,6.177433422380978,0.0,0.5,0.40267175572519076,shape_dist_traveled,
SULWESE1,SULLIVANT AVE & WESTWOODS BLVD,-83.14699,39.944444,1,021,1,1,19,6,am_peak+early+evening+midday+owl+pm_peak,False,,False,294.80000000000217,502.09999999999866,4,SULWESW1,0.24358994258874417,2,21.518547703554617,0.0,1.0,1.0,shape_dist_traveled,
TOWWASW,E TOWN ST & S WASHINGTON AVE,-82.986752,39.960392,1,011,1,1,19,6,am_peak+early+evening+midday+owl+pm_peak,False,,False,281.90000000000026,379.50000000000017,9,TOWWASE,0.2649556411019854,2,88.59200728021163,0.0,1.0,1.0,shape_dist_traveled,
WESRUSS,WESTWOODS BLVD & RUSTLING WAY LN,-83.147125,39.948303,1,021,1,1,19,6,am_peak+early+evening+midday+owl+pm_peak,False,,False,219.0000000000012,180.59999999999832,7,WESRUSN,0.26632946632945487,1,12.354866844761977,0.0,1.0,1.0,shape_dist_traveled,
WESWPRS,WESTWOODS BLVD & WESTWOODS PARK & RIDE,-83.146962,39.95025,1,021,1,1,19,6,am_peak+early+evening+midday+owl+pm_peak,False,,False,549.2999999999988,219.0000000000012,7,WESWPRN,0.16263808925837037,1,12.354866844761977,0.0,1.0,1.0,shape_dist_traveled,
HILBEAS,HILLIARD ROME RD & BEACON HILL RD,-83.145821,39.955056,1,021,1,1,19,6,am_peak+early+evening+midday+owl+pm_peak,False,,False,454.49999999999943,549.2999999999988,2,HILBEAN,0.28748385544749666,2,29.39404339369906,0.0,1.0,1.0,shape_dist_traveled,
BRYFAIE,BRYDEN RD & FAIRWOOD AVE,-82.952864,39.960076,1,011,1,1,19,6,am_peak+early+evening+midday+owl+pm_peak,False,,False,193.19999999999737,345.200000000002,8,BRYFAIW,0.4495399392689377,3,10.598250705696275,0.0,1.0,1.0,shape_dist_traveled,
NORAPPN,NORTON RD & APPLEBY DR,-83.144022,39.926864,1,009,1,1,19,6,am_peak+early+evening+midday+owl+pm_peak,False,,False,563.1000000000057,198.0999999999966,3,NORBAYS,1.214813795165289,1,7.065500470464183,0.0,1.0,1.0,shape_dist_traveled,
NOROWEN,NORTON RD & OWEN ST,-83.141017,39.946206,1,009,1,1,19,6,am_peak+early+evening+midday+owl+pm_peak,False,,False,337.7999999999943,404.40000000000254,6,NOROWES,0.33175736693712554,1,5.211294545894853,0.0,1.0,1.0,shape_dist_traveled,
NORSULN,NORTON RD & SULLIVANT AVE,-83.141869,39.943262,1,009,1,1,19,6,am_peak+early+evening+midday+owl+pm_peak,False,,False,377.8000000000006,337.7999999999943,9,SULNORE,0.722768544820455,2,15.341114281173617,0.0,0.5,0.40267175572519076,shape_dist_traveled,
NORBRAN,NORTON RD & BRANDENBERRY DR,-83.142884,39.939986,1,009,1,1,19,6,am_peak+early+evening+midday+owl+pm_peak,False,,False,356.9999999999993,377.8000000000006,3,NORFLOS,0.33601685331162323,2,15.341114281173617,0.0,1.0,1.0,shape_dist_traveled,
NORWESN1,NORTON RD & WESLIEGH RUN DR,-83.143821,39.936872,1,009,1,1,19,6,am_peak+early+evening+midday+owl+pm_peak,False,,False,363.900000000001,356.9999999999993,4,NORCLAS,0.9779396930957283,3,46.71623032059679,0.0,0.6666666666666666,0.7146763901549683,shape_dist_traveled,
NORWESN,NORTON RD & WESTBURY DR,-83.144773,39.933726,1,009,1,1,19,6,am_peak+early+evening+midday+owl+pm_peak,False,,False,363.900000000001,363.900000000001,5,NORCHES,0.6787171909624479,2,37.552549461804155,0.0,1.0,1.0,shape_dist_traveled,
NORHALN,NORTON RD & HALL RD,-83.144237,39.930597,1,009,1,1,19,6,am_peak+early+evening+midday+owl+pm_peak,False,,False,219.0000000000012,363.900000000001,5,NORHALS,0.4602293668135178,2,23.7728717486889,0.0,1.0,1.0,shape_dist_traveled,
SULINAW,SULLIVANT AVE & INAH AVE,-83.138551,39.943031,1,021,1,1,19,6,am_peak+early+evening+midday+owl+pm_peak,False,,False,426.30000000000035,337.50000000000034,5,SULINAE,0.11823721515947341,2,11.38872796827583,0.0,0.5,0.5424164524421594,shape_dist_traveled,
JOY26TS,JOYCE AVE & E 26TH AVE,-82.963127,40.007754,1,011,1,1,19,6,am_peak+early+evening+midday+owl+pm_peak,False,,False,294.7000000000006,279.5000000000005,5,JOY26TN,0.3296407392528805,2,9.983435057023286,0.0,1.0,1.0,shape_dist_traveled,
JOYBLAS,JOYCE AVE & E BLAKE AVE,-82.962338,40.010314,1,011,1,1,19,6,am_peak+early+evening+midday+owl+pm_peak,False,,False,446.19999999999925,294.7000000000006,5,JOYBLAN,0.2542394883512617,2,9.983435057023286,0.0,1.0,1.0,shape_dist_traveled,
WESMIDS,WESTWOODS BLVD &  MID DAY DR,-83.14681,39.946822,1,021,1,1,19,6,am_peak+early+evening+midday+owl+pm_peak,False,,False,180.59999999999832,294.80000000000217,7,WESMIDN,0.38859911651904105,1,12.354866844761977,0.0,1.0,1.0,shape_dist_traveled,
152LEOW,1527 LEONARD AVE,-82.96345,39.979242,1,011,1,1,19,6,am_peak+early+evening+midday+owl+pm_peak,False,,False,355.3000000000015,388.39999999999895,5,LEOTAYE,0.6199534039169757,0,0.0,0.0,0.0,0.0,shape_dist_traveled,catchment not reconstructable
MAIMORN1,MAIZE RD & MORSE RD,-82.987302,40.059829,1,011,1,1,19,6,am_peak+early+evening+midday+owl+pm_peak,False,,False,351.5999999999977,187.40000000000023,8,MAIMORS,0.18692675934774233,1,6.88007987800725,0.0,1.0,1.0,shape_dist_traveled,
MAISHAN,MAIZE RD & SHANLEY DR,-82.987547,40.056695,1,011,1,1,19,6,am_peak+early+evening+midday+owl+pm_peak,False,,False,233.40000000000316,351.5999999999977,5,MAISHAS1,0.2091979779439638,2,18.210253974980912,0.0,1.0,1.0,shape_dist_traveled,
MAIGARN,MAIZE RD & GARDEN RD,-82.98773,40.054613,1,011,1,1,19,6,am_peak+early+evening+midday+owl+pm_peak,False,,False,421.89999999999725,233.40000000000316,4,MAIGARS,0.18080824399854417,1,14.833647396554658,0.0,1.0,1.0,shape_dist_traveled,
MAIHILN,MAIZE RD & HILLSDALE DR,-82.988031,40.050861,1,011,1,1,19,6,am_peak+early+evening+midday+owl+pm_peak,False,,False,386.8000000000009,421.89999999999725,3,MAICARBS,1.4845654499016405,1,14.833647396554658,0.0,1.0,1.0,shape_dist_traveled,
ALUPAYN,ALUM CREEK DR & PAYNE AVE,-82.944259,39.954995,1,011,1,1,19,6,am_peak+early+evening+midday+owl+pm_peak,False,,False,969.0000000000001,308.3999999999998,5,MAIALUE,3.124492917036176,1,16.541468642868516,0.0,0.0,0.0,shape_dist_traveled,
MAINORN,MAIZE RD & NORRIS DR,-82.988547,40.044437,1,011,1,1,19,6,am_peak+early+evening+midday+owl+pm_peak,False,,False,319.6000000000012,333.70000000000033,5,MAINORS,0.1623373649156416,1,8.168265046655417,0.0,0.0,0.0,shape_dist_traveled,
TRA510E,5101 TRABUE RD,-83.134877,39.982437,1,005,1,1,19,6,am_peak+early+evening+midday+owl+pm_peak,False,,False,599.7000000000002,1117.2,1,TRA511W,0.13258298631349522,1,288.6705855197909,0.0,1.0,1.0,shape_dist_traveled,
RENATLE,RENNER RD & ATLAS ST,-83.14187,39.982048,1,005,1,1,19,6,am_peak+early+evening+midday+owl+pm_peak,False,,False,401.9999999999999,599.7000000000002,3,RENATLW,0.19924739847980757,0,0.0,0.0,0.0,0.0,shape_dist_traveled,catchment not reconstructable
RENRTAE,RENNER RD & RENTRA DR,-83.1465,39.981703,1,005,1,1,19,6,am_peak+early+evening+midday+owl+pm_peak,False,,False,295.90000000000003,401.9999999999999,6,RENRTAW,0.1731773062912664,0,0.0,0.0,0.0,0.0,shape_dist_traveled,catchment not reconstructable
RENHILE,RENNER RD & HILLIARD ROME RD,-83.149922,39.981151,1,005,1,1,19,6,am_peak+early+evening+midday+owl+pm_peak,False,,False,814.6,295.90000000000003,5,RENHILW,0.3978084458823181,0,0.0,0.0,0.0,0.0,shape_dist_traveled,catchment not reconstructable
RENHILW,RENNER RD & HILLIARD ROME RD,-83.150221,39.981322,1,005,1,1,19,6,am_peak+early+evening+midday+owl+pm_peak,False,,False,318.10000000000116,460.3000000000037,6,RENHILE,0.3978084458823181,0,0.0,0.0,0.0,0.0,shape_dist_traveled,catchment not reconstructable
RENRTAW,RENNER RD & RENTRA DR,-83.146534,39.981825,1,005,1,1,19,6,am_peak+early+evening+midday+owl+pm_peak,False,,False,406.099999999995,318.10000000000116,6,RENRTAE,0.1731773062912664,0,0.0,0.0,0.0,0.0,shape_dist_traveled,catchment not reconstructable
161SHAW,STATE RTE 161 AND SHARON WOODS BLVD,-82.970083,40.087099,2,035+043,2,1,19,5,am_peak+early+evening+midday+pm_peak,False,,True,419.7000000000006,481.7999999999998,2,161TAME1,1.1440880813611216,3,23.615612780048714,0.0,1.0,1.0,shape_dist_traveled,transfer point (2 routes)
ALUINTN,ALUM CREEK DR & INTEGRITY DR N,-82.942187,39.936934,1,011,1,1,19,6,am_peak+early+evening+midday+owl+pm_peak,False,,False,762.5,439.3,2,ALUINTS,0.25285379156418364,0,0.0,0.0,0.0,0.0,shape_dist_traveled,catchment not reconstructable
JOY177N,1770 JOYCE AVE,-82.964313,40.003468,1,011,1,1,19,6,am_peak+early+evening+midday+owl+pm_peak,False,,False,350.09999999999764,234.40000000000083,5,JOY178S,0.4035381725983509,1,1.5224006538569235,0.0,1.0,1.0,shape_dist_traveled,
JOY17TN,JOYCE AVE & E 17TH AVE,-82.965248,40.000424,1,011,1,1,19,6,am_peak+early+evening+midday+owl+pm_peak,False,,False,592.6000000000009,350.09999999999764,3,JOY17TS,0.40966902270901306,1,1.5224006538569235,0.0,1.0,1.0,shape_dist_traveled,
JOY12TN,JOYCE AVE & E 12TH AVE,-82.96596,39.995189,1,011,1,1,19,6,am_peak+early+evening+midday+owl+pm_peak,False,,False,271.5999999999994,592.6000000000009,3,JOYWINS,0.9792908399249469,0,0.0,0.0,0.0,0.0,shape_dist_traveled,catchment not reconstructable
RENATLW,RENNER RD & ATLAS ST,-83.141783,39.982175,1,005,1,1,19,6,am_peak+early+evening+midday+owl+pm_peak,False,,False,597.5000000000036,406.099999999995,1,RENATLE,0.19924739847980757,0,0.0,0.0,0.0,0.0,shape_dist_traveled,catchment not reconstructable
161BEEE1,STATE RTE 161 AND BEECHCROFT,-82.964142,40.08654,2,035+043,2,1,19,5,am_peak+early+evening+midday+pm_peak,False,,True,420.70000000000005,377.799999999997,3,161BEEW1,1.1494809038156923,3,27.731113448716897,0.0,1.0,1.0,shape_dist_traveled,transfer point (2 routes)
161MAPW1,STATE RTE 161 AND MAPLE CANYON AVE,-82.960989,40.086661,2,035+043,2,1,19,5,am_peak+early+evening+midday+pm_peak,False,,True,330.79999999999995,350.6,4,161MAPE1,1.4586433606296807,3,27.731113448716897,0.0,0.2,0.1879432624113475,shape_dist_traveled,transfer point (2 routes)
161SPRW1,STATE RTE 161 AND SPRING RUN DR,-82.957088,40.086358,2,035+043,2,1,19,5,am_peak+early+evening+midday+pm_peak,False,,True,434.89999999999895,330.79999999999995,3,161PARE1,1.3463121429901843,3,44.89827203064311,0.0,1.0,1.0,shape_dist_traveled,transfer point (2 routes)
161CLEW,STATE RTE 161 AND CLEVELAND AVE,-82.952093,40.085373,2,035+043,2,1,19,5,am_peak+early+evening+midday+pm_peak,False,,True,765.5999999999992,434.89999999999895,12,CLE161NN,1.5490754136685014,1,17.829653811516685,0.0,0.0,0.0,shape_dist_traveled,transfer point (2 routes)
GEOSULN,GEORGESVILLE RD & SULLIVANT AVE,-83.111854,39.941649,1,021,1,1,19,6,am_peak+early+evening+midday+owl+pm_peak,False,,False,656.8000000000005,364.59999999999934,6,SULGEOE,1.2004107057611062,2,17.106095258996756,0.0,0.5,0.5740740740740742,shape_dist_traveled,
TUTBRAE,TUTTLE CROSSING & BRADENTON AVE,-83.129244,40.07639,1,021,1,1,19,6,am_peak+early+evening+midday+owl+pm_peak,False,,False,1190.100000000001,468.9999999999976,1,TUTBLAW,2.4950757398714036,0,0.0,0.0,0.0,0.0,shape_dist_traveled,catchment not reconstructable
BRIHIRN,BRITTON PKWY & HIRTH RD,-83.138923,40.073014,1,021,1,1,19,6,am_peak+early+evening+midday+owl+pm_peak,False,,False,193.20000000000093,1190.100000000001,5,BRIHIRS,0.24949816365358277,0,0.0,0.0,0.0,0.0,shape_dist_traveled,catchment not reconstructable
GEOSULS,GEORGESVILLE RD & SULLIVANT AVE,-83.112293,39.940569,1,021,1,1,19,6,am_peak+early+evening+midday+owl+pm_peak,False,,False,306.4,556.0,6,GEOSULN,1.5706126892341579,2,17.106095258996756,0.0,1.0,1.0,shape_dist_traveled,
ALU102N,1025 ALUM CREEK DR,-82.944918,39.94682,1,011,1,1,19,6,am_peak+early+evening+midday+owl+pm_peak,False,,False,700.0,969.0000000000001,6,ALU102S,0.3176412919670255,1,2.107939366878817,0.0,0.0,0.0,shape_dist_traveled,
ALUALUN,ALUM CREEK DR & ALUM INDUSTRIAL DR N,-82.943398,39.940739,1,011,1,1,19,6,am_peak+early+evening+midday+owl+pm_peak,False,,False,439.3,700.0,1,ALUALUS,0.2380405412559982,0,0.0,0.0,0.0,0.0,shape_dist_traveled,catchment not reconstructable
161BEEW1,STATE RTE 161 AND BEECHCROFT RD,-82.965127,40.086877,2,035+043,2,1,19,5,am_peak+early+evening+midday+pm_peak,False,,True,350.6,419.7000000000006,3,161BEEE1,1.1494809038156923,3,27.731113448716897,0.0,1.0,1.0,shape_dist_traveled,transfer point (2 routes)
MAIURAN,MAIZE RD & URANA AVE,-82.989258,40.035588,1,011,1,1,19,6,am_peak+early+evening+midday+owl+pm_peak,False,,False,376.2000000000007,397.7000000000004,7,MAIURAS,0.5615982077102731,2,23.52889728492978,0.0,1.0,1.0,shape_dist_traveled,
JOYBLAN,JOYCE AVE & E BLAKE AVE,-82.962158,40.010434,1,011,1,1,19,6,am_peak+early+evening+midday+owl+pm_peak,False,,False,287.5000000000014,420.70000000000005,5,JOYBLAS,0.2542394883512617,2,9.983435057023286,0.0,1.0,1.0,shape_dist_traveled,
JOY26TN,JOYCE AVE & E 26TH AVE,-82.962927,40.007935,1,011,1,1,19,6,am_peak+early+evening+midday+owl+pm_peak,False,,False,279.49999999999875,287.5000000000014,5,JOY26TS,0.3296407392528805,2,9.983435057023286,0.0,1.0,1.0,shape_dist_traveled,
JOYDEWN,JOYCE AVE & DEWEY AVE,-82.966166,39.992771,1,011,1,1,19,6,am_peak+early+evening+midday+owl+pm_peak,False,,False,751.9000000000027,271.5999999999994,3,JOYDEWS,0.133244852724023,0,0.0,0.0,0.0,0.0,shape_dist_traveled,catchment not reconstructable
HILLTANN,HILLIARD ROME RD & TANGLEWOOD PARK BLVD,-83.151725,39.991091,1,021,1,1,19,6,am_peak+early+evening+midday+owl+pm_peak,False,,False,393.9000000000004,400.10000000000014,7,HILLTANS,1.408818752059069,1,43.29082884941874,0.0,0.5,0.5148560817084494,shape_dist_traveled,
177HILLN,1770 HILLIARD ROME RD,-83.151127,39.987609,1,021,1,1,19,6,am_peak+early+evening+midday+owl+pm_peak,False,,False,281.49999999999943,393.9000000000004,5,178HILLS,1.1513097234629053,1,6.821526006705061,0.0,1.0,1.0,shape_dist_traveled,
MOUEDWE,W MOUND ST & EDWIN ST,-83.043037,39.943718,1,009,1,1,19,6,am_peak+early+evening+midday+owl+pm_peak,False,,False,221.700000000002,206.59999999999812,5,MOUTOWW,1.087976841288055,2,4.537925025919676,0.0,0.5,0.432258064516129,shape_dist_traveled,
MOULARE,W MOUND ST & LARCOMB AVE,-83.045507,39.943068,1,009,1,1,19,6,am_peak+early+evening+midday+owl+pm_peak,False,,False,181.59999999999954,221.700000000002,4,MOUWOOW,0.9314838506758163,1,1.9615546886233437,0.0,0.5,0.432258064516129,shape_dist_traveled,
MOUCLAE1,W MOUND ST & CLARK AVE,-83.047534,39.942546,1,009,1,1,19,6,am_peak+early+evening+midday+owl+pm_peak,False,,False,338.40000000000003,181.59999999999954,5,MOUWOOW,1.3729264157248893,3,7.436341655378049,0.0,0.6666666666666666,0.610236220472441,shape_dist_traveled,
MOUBUTE,W MOUND ST & BUTLER AVE,-83.053783,39.940849,1,009,1,1,19,6,am_peak+early+evening+midday+owl+pm_peak,False,,False,215.50000000000045,223.29999999999828,5,MOUBELW,1.6308404396513132,3,6.570580843981393,0.0,0.3333333333333333,0.41509433962264153,shape_dist_traveled,
MOUCLAE,W MOUND ST & CLARENDON AVE,-83.056173,39.940214,1,009,1,1,19,6,am_peak+early+evening+midday+owl+pm_peak,False,,False,211.2999999999996,215.50000000000045,5,MOUCLAW,0.15492747944707813,3,6.570580843981393,0.0,1.0,1.0,shape_dist_traveled,
MOUHIGE,W MOUND ST & S HIGHLAND AVE,-83.058523,39.93959,1,009,1,1,19,6,am_peak+early+evening+midday+owl+pm_peak,False,,False,397.8999999999999,211.2999999999996,4,MOUHIGW2,0.19059907952674074,2,3.9942105066850604,0.0,0.6666666666666666,0.4787644787644787,shape_dist_traveled,
MOUWAYE,W MOUND ST & S WAYNE AVE,-83.062885,39.938399,1,009,1,1,19,6,am_peak+early+evening+midday+owl+pm_peak,False,,False,341.800000000001,397.8999999999999,5,MOUWAYW,0.24061125511532744,3,6.746242457887961,0.0,1.0,1.0,shape_dist_traveled,
MAIDUNS,MAIZE RD & DUNEDIN,-82.989582,40.033292,1,011,1,1,19,6,am_peak+early+evening+midday+owl+pm_peak,False,,False,214.50000000000014,217.0999999999994,8,OAKMAIW,1.1209308790086496,2,10.891020062207222,0.0,0.5,0.2661290322580645,shape_dist_traveled,
TOWYALE,W TOWN ST & S YALE AVE,-83.030966,39.954966,1,009,1,1,19,6,am_peak+early+evening+midday+owl+pm_peak,False,,False,237.89999999999978,226.80000000000078,9,TOWYALW,0.6076167454031994,1,2.4299856590408586,0.0,0.5,0.6102941176470589,shape_dist_traveled,
TOWPRIE,W TOWN ST & S PRINCETON AVE,-83.033754,39.954631,1,009,1,1,19,6,am_peak+early+evening+midday+owl+pm_peak,False,,False,199.4000000000007,237.89999999999978,8,TOWPRIW,0.5583280017374843,3,7.612003269284617,0.0,0.6666666666666666,0.4576923076923076,shape_dist_traveled,
TOWBREE,W TOWN ST & BREHL AVE,-83.036069,39.954348,1,009,1,1,19,6,am_peak+early+evening+midday+owl+pm_peak,False,,False,202.60000000000034,199.4000000000007,7,TOWBREW,0.6017912672622521,2,3.483955342480267,0.0,1.0,1.0,shape_dist_traveled,
HAGVANN,HAGUE AVE & VANDERBERG AVE,-83.074575,39.936739,1,009,1,1,19,6,am_peak+early+evening+midday+owl+pm_peak,False,,False,243.70000000000047,418.9999999999987,5,HAGVANS,0.19171740971710477,3,10.978850869160507,0.0,1.0,1.0,shape_dist_traveled,
CENSULN,S CENTRAL AVE & SULLIVANT AVE,-83.036552,39.95025,1,009,1,1,19,6,am_peak+early+evening+midday+owl+pm_peak,False,,False,270.8999999999975,371.4000000000013,10,CENSULS,0.2737707050513886,1,4.12804792680435,0.0,1.0,1.0,shape_dist_traveled,
CENTHON,S CENTRAL AVE & THOMAS,-83.036053,39.947867,1,009,1,1,19,6,am_peak+early+evening+midday+owl+pm_peak,False,,False,388.8999999999996,270.8999999999975,12,CENUNIS,0.1725136631945772,0,0.0,0.0,0.0,0.0,shape_dist_traveled,catchment not reconstructable
MOUCENE,W MOUND ST & CENTRAL POINT,-83.0375,39.945186,1,009,1,1,19,6,am_peak+early+evening+midday+owl+pm_peak,False,,False,290.10000000000247,388.8999999999996,11,MOUCENWF,0.24969427036338523,1,2.576370337296332,0.0,1.0,1.0,shape_dist_traveled,
MOURYAE,W MOUND ST & RYAN AVE,-83.040738,39.944346,1,009,1,1,19,6,am_peak+early+evening+midday+owl+pm_peak,False,,False,206.59999999999812,290.10000000000247,10,MOURYAW,0.5032112907902828,2,4.537925025919676,0.0,1.0,1.0,shape_dist_traveled,
TRARASE,TRABUE RD & RASPBERRY RUN DR,-83.109939,39.986597,1,005,1,1,19,6,am_peak+early+evening+midday+owl+pm_peak,False,,False,283.39999999999986,300.7999999999997,5,TRAWILW,2.206359525452271,1,17.144573517281067,0.0,0.0,0.0,shape_dist_traveled,
TRAARLE,TRABUE RD & ARLINGATE LN,-83.113156,39.985879,1,005,1,1,19,6,am_peak+early+evening+midday+owl+pm_peak,False,,False,762.4,283.39999999999986,2,TRAARLW,0.24732102344973309,0,0.0,0.0,0.0,0.0,shape_dist_traveled,catchment not reconstructable
161PARE1,STATE RTE 161 AND PARKVILLE ST,-82.955995,40.085872,2,035+043,2,1,19,5,am_peak+early+evening+midday+pm_peak,False,,True,318.5000000000002,504.3000000000002,3,161SPRW1,1.3463121429901843,3,44.89827203064311,0.0,1.0,1.0,shape_dist_traveled,transfer point (2 routes)
MOUWREE,W MOUND ST & WREXHAM AVE,-83.051291,39.941521,1,009,1,1,19,6,am_peak+early+evening+midday+owl+pm_peak,False,,False,223.29999999999828,338.40000000000003,4,MOUBELW,1.2116764185153008,2,5.4747869667547056,0.0,0.5,0.4705882352941176,shape_dist_traveled,
SAWBANS,SAWMILL RD & BANKER DR,-83.091491,40.099806,1,033,1,1,19,6,am_peak+early+evening+midday+owl+pm_peak,False,,False,180.20000000000013,393.69999999999993,7,SAWSAWN,0.4697192891215489,0,0.0,0.0,0.0,0.0,shape_dist_traveled,catchment not reconstructable
SAWVILLS,SAWMILL RD & VILLAGE PKWY,-83.091413,40.101394,1,033,1,1,19,6,am_peak+early+evening+midday+owl+pm_peak,False,,False,316.1999999999998,180.20000000000013,5,SAWFEDN,1.3090203535216325,0,0.0,0.0,0.0,0.0,shape_dist_traveled,catchment not reconstructable
MOURICE,W MOUND ST & S RICHARDSON AVE,-83.066815,39.939086,1,009,1,1,19,6,am_peak+early+evening+midday+owl+pm_peak,False,,False,377.29999999999995,341.800000000001,5,MOURICW,0.21241581120983227,1,2.7520319512029,0.0,1.0,1.0,shape_dist_traveled,
MAIURAS,MAIZE RD & URANA AVE,-82.989424,40.035204,1,011,1,1,19,6,am_peak+early+evening+midday+owl+pm_peak,False,,False,406.6999999999998,214.50000000000014,5,MAIURAN,0.5615982077102731,2,23.52889728492978,0.0,1.0,1.0,shape_dist_traveled,
MAIZEBS,MAIZE RD & ZEBULON AVE,-82.989131,40.03883,1,011,1,1,19,6,am_peak+early+evening+midday+owl+pm_peak,False,,False,365.8000000000001,406.6999999999998,4,MAIMOON,0.44324081522651737,3,31.697162331585197,0.0,1.0,1.0,shape_dist_traveled,
MAIBLES,MAIZE RD & BLENHEIM RD,-82.98888,40.042087,1,011,1,1,19,6,am_peak+early+evening+midday+owl+pm_peak,False,,False,270.40000000000043,365.8000000000001,5,MAINORTN,0.6967758247445034,2,23.70455889883635,0.0,1.0,1.0,shape_dist_traveled,
BRYRHOE,BRYDEN RD & RHOADS AVE,-82.948785,39.959986,1,011,1,1,19,6,am_peak+early+evening+midday+owl+pm_peak,False,,False,345.200000000002,548.9999999999995,7,BRYRHOW,1.1940637552338613,1,4.713586639826244,0.0,0.5,0.638888888888889,shape_dist_traveled,
GEOKRIE,GEORGESVILLE SERVICE RD & KRIEGER ST,-83.134707,39.918383,1,009,1,1,19,6,am_peak+early+evening+midday+owl+pm_peak,False,,False,329.49999999999943,461.40000000000026,2,GEOKRIW,0.9298064045997622,0,0.0,0.0,0.0,0.0,shape_dist_traveled,catchment not reconstructable
GEONORE,GEORGESVILLE RD & NORTON RD,-83.143467,39.915602,1,009,1,1,19,6,am_peak+early+evening+midday+owl+pm_peak,False,,False,449.7,517.7000000000005,2,GEONORW,0.7762307808322761,1,32.32173695880853,0.0,1.0,1.0,shape_dist_traveled,
NORCHAS,NORTON RD & CHANWICK DR,-83.144114,39.919207,1,009,1,1,19,6,am_peak+early+evening+midday+owl+pm_peak,False,,False,296.9999999999997,449.7,3,NORBRON1,0.25326843951020106,0,0.0,0.0,0.0,0.0,shape_dist_traveled,catchment not reconstructable
NORKENS,NORTON RD & KENDRICK DR,-83.144134,39.921851,1,009,1,1,19,6,am_peak+early+evening+midday+owl+pm_peak,False,,False,463.09999999999985,296.9999999999997,3,NORKENN,0.16270412455640762,0,0.0,0.0,0.0,0.0,shape_dist_traveled,catchment not reconstructable
NORBAYS,NORTON RD & BAYTREE DR,-83.144187,39.925998,1,009,1,1,19,6,am_peak+early+evening+midday+owl+pm_peak,False,,False,284.0000000000002,463.09999999999985,3,NORAPPN,1.214813795165289,1,7.065500470464183,0.0,1.0,1.0,shape_dist_traveled,
NORLINS,NORTON RD & LINDBERGH BLVD,-83.144178,39.928523,1,009,1,1,19,6,am_peak+early+evening+midday+owl+pm_peak,False,,False,261.0999999999999,284.0000000000002,5,NORLINN,0.20611032146920683,1,7.065500470464183,0.0,1.0,1.0,shape_dist_traveled,
NORHALS,NORTON RD & HALL RD,-83.14459,39.930787,1,009,1,1,19,6,am_peak+early+evening+midday+owl+pm_peak,False,,False,282.70000000000016,261.0999999999999,5,NORHALN,0.4602293668135178,2,23.7728717486889,0.0,1.0,1.0,shape_dist_traveled,
NORCHES,NORTON RD & CHESTERVIEW DR,-83.145042,39.933283,1,009,1,1,19,6,am_peak+early+evening+midday+owl+pm_peak,False,,False,338.09999999999985,282.70000000000016,4,NORWESN,0.6787171909624479,2,37.552549461804155,0.0,1.0,1.0,shape_dist_traveled,
TAYLONN,TAYLOR AVE & E LONG ST,-82.961492,39.969108,1,011,1,1,19,6,am_peak+early+evening+midday+owl+pm_peak,False,,False,420.9999999999994,256.6000000000006,8,TAYLONS,0.5470252641108455,2,10.80318925525394,0.0,0.5,0.8075880758807588,shape_dist_traveled,
SULWESW1,SULLIVANT AVE & WESTWOODS BLVD,-83.147124,39.944586,1,021,1,1,19,6,am_peak+early+evening+midday+owl+pm_peak,False,,False,409.3,306.89999999999975,3,SULWESE1,0.24358994258874417,2,21.518547703554617,0.0,1.0,1.0,shape_dist_traveled,
MAIMOON,MAIZE RD & MOON RD,-82.988985,40.039129,1,011,1,1,19,6,am_peak+early+evening+midday+owl+pm_peak,False,,False,397.7000000000004,276.59999999999843,4,MAIZEBS,0.44324081522651737,3,31.697162331585197,0.0,1.0,1.0,shape_dist_traveled,
CLIGEON,CLIME RD & GEORGESVILLE RD,-83.114932,39.932644,1,009,1,1,19,6,am_peak+early+evening+midday+owl+pm_peak,False,,False,242.700000000001,371.59999999999906,6,GEOCLIS,1.0215566172827772,1,11.610396195348425,0.0,1.0,1.0,shape_dist_traveled,
GEO106N,1060 GEORGESVILLE RD,-83.115842,39.931134,1,009,1,1,19,6,am_peak+early+evening+midday+owl+pm_peak,False,,False,185.10000000000025,242.700000000001,4,GEOCLIS,1.6524542436101821,1,11.610396195348425,0.0,1.0,1.0,shape_dist_traveled,
GEOHALN,GEORGESVILLE RD & HALL RD,-83.11639,39.929534,1,009,1,1,19,6,am_peak+early+evening+midday+owl+pm_peak,False,,False,275.9999999999998,185.10000000000025,7,GEOHALS,0.47107076215510774,0,0.0,0.0,0.0,0.0,shape_dist_traveled,catchment not reconstructable
GEOPARN,GEORGESVILLE & PARKWICK DR,-83.116769,39.927114,1,009,1,1,19,6,am_peak+early+evening+midday+owl+pm_peak,False,,False,628.4000000000001,275.9999999999998,4,GEOPARS,0.4077205110657938,0,0.0,0.0,0.0,0.0,shape_dist_traveled,catchment not reconstructable
GEOBOLE,GEORGESVILLE SERVICE RD & BOLTONFIELD ST,-83.129502,39.919444,1,009,1,1,19,6,am_peak+early+evening+midday+owl+pm_peak,False,,False,461.40000000000026,1740.9999999999995,2,GEOBOLW,1.017389421243481,0,0.0,0.0,0.0,0.0,shape_dist_traveled,catchment not reconstructable
HILWESN,HILLIARD ROME RD & WESTCHESTER WOODS BLVD,-83.150732,39.98512,1,021,1,1,19,6,am_peak+early+evening+midday+owl+pm_peak,False,,False,378.0000000000001,281.49999999999943,7,HILWESS,0.3174975123820002,0,0.0,0.0,0.0,0.0,shape_dist_traveled,catchment not reconstructable
MAICOON,MAIZE RD & E COOKE RD,-82.988293,40.047414,1,011,1,1,19,6,am_peak+early+evening+midday+owl+pm_peak,False,,False,333.70000000000033,386.8000000000009,4,MAICOOS,0.7097408971931507,1,14.833647396554658,0.0,1.0,1.0,shape_dist_traveled,
TAYMARS,TAYLOR AVE & MARYLAND AVE,-82.961018,39.977628,1,011,1,1,19,6,am_peak+early+evening+midday+owl+pm_peak,False,,False,331.3999999999986,371.6000000000008,7,TAYMARN,0.34788143499683544,0,0.0,0.0,0.0,0.0,shape_dist_traveled,catchment not reconstructable
LEOTAYE,LEONARD AVE & OSU CAREPOINT EAST,-82.962904,39.97909,1,011,1,1,19,6,am_peak+early+evening+midday+owl+pm_peak,False,,False,416.90000000000003,331.3999999999986,3,152LEOW,0.6199534039169757,0,0.0,0.0,0.0,0.0,shape_dist_traveled,catchment not reconstructable
LEOCHAE,LEONARD AVE & N CHAMPION AVE,-82.967765,39.978738,1,011,1,1,19,6,am_peak+early+evening+midday+owl+pm_peak,False,,False,609.1000000000015,416.90000000000003,6,LEOCHAW,0.297677461448436,0,0.0,0.0,0.0,0.0,shape_dist_traveled,catchment not reconstructable
TAYMARN,TAYLOR AVE & MARYLAND AVE,-82.960807,39.977819,1,011,1,1,19,6,am_peak+early+evening+midday+owl+pm_peak,False,,False,391.5999999999986,355.3000000000015,5,TAYMARS,0.34788143499683544,0,0.0,0.0,0.0,0.0,shape_dist_traveled,catchment not reconstructable
TAYGREN,TAYLOR AVE & GREENWAY AVE,-82.961037,39.974335,1,011,1,1,19,6,am_peak+early+evening+midday+owl+pm_peak,False,,False,329.8000000000005,391.5999999999986,11,TAYMTVS,0.22774033435495739,2,9.63211182921015,0.0,0.5,0.5319148936170214,shape_dist_traveled,
TAYCLIN,TAYLOR AVE & CLIFTON AVE,-82.961281,39.971398,1,011,1,1,19,6,am_peak+early+evening+midday+owl+pm_peak,False,,False,256.6000000000006,329.8000000000005,11,TAYCLIS,0.7136565727281492,1,5.123463738941569,0.0,1.0,1.0,shape_dist_traveled,
MAINORTN,MAIZE RD & NORTHRIDGE RD,-82.98875,40.041595,1,011,1,1,19,6,am_peak+early+evening+midday+owl+pm_peak,False,,False,276.59999999999843,319.6000000000012,5,MAIBLES,0.6967758247445034,2,23.70455889883635,0.0,1.0,1.0,shape_dist_traveled,
SULNORW,SULLIVANT AVE & NORTON RD,-83.14242,39.943746,1,021,1,1,19,6,am_peak+early+evening+midday+owl+pm_peak,False,,False,337.50000000000034,409.3,8,NORSULS,0.4640435124988471,1,9.16368085879264,0.0,1.0,1.0,shape_dist_traveled,
LONHAMW,E LONG ST & HAMILTON AVE,-82.981386,39.967294,1,011,1,1,19,6,am_peak+early+evening+midday+owl+pm_peak,False,,False,223.09999999999874,257.6999999999998,10,LONHAME1,0.2962263905602716,1,9.280788601397022,0.0,1.0,1.0,shape_dist_traveled,
LONCHAE,E LONG ST & GOVERNOR PL,-82.968587,39.968593,1,011,1,1,19,6,am_peak+early+evening+midday+owl+pm_peak,False,,False,130.4999999999996,206.30000000000058,12,CHALONN,0.7680490523166046,2,12.618359265621812,0.0,0.5,0.2714617169373549,shape_dist_traveled,
LONOHIE,E LONG ST & N OHIO AVE,-82.970108,39.968422,1,011,1,1,19,6,am_peak+early+evening+midday+owl+pm_peak,False,,False,315.0999999999993,130.4999999999996,12,OHILONS1,0.5050219023094543,1,9.192957794443734,0.0,1.0,1.0,shape_dist_traveled,
NORBRON1,NORTON RD & BRODIE DR,-83.143901,39.919287,1,009,1,1,19,6,am_peak+early+evening+midday+owl+pm_peak,False,,False,508.40000000000174,285.99999999999426,3,NORCHAS,0.25326843951020106,0,0.0,0.0,0.0,0.0,shape_dist_traveled,catchment not reconstructable
GEONORW,GEORGESVILLE RD & NORTON RD,-83.143695,39.915071,1,009,1,1,19,6,am_peak+early+evening+midday+owl+pm_peak,False,,False,455.600000000004,508.40000000000174,1,GEONORE,0.7762307808322761,1,32.32173695880853,0.0,1.0,1.0,shape_dist_traveled,
GEOLONW,GEORGESVILLE SERVICE RD & LONE EAGLE ST,-83.139059,39.916775,1,009,1,1,19,6,am_peak+early+evening+midday+owl+pm_peak,False,,False,343.9999999999941,455.600000000004,3,GEOLONE,1.1010705431967356,0,0.0,0.0,0.0,0.0,shape_dist_traveled,catchment not reconstructable
GEOKRIW,GEORGESVILLE SERVICE RD & KRIEGER ST,-83.13557,39.918298,1,009,1,1,19,6,am_peak+early+evening+midday+owl+pm_peak,False,,False,604.9000000000007,343.9999999999941,3,GEOKRIE,0.9298064045997622,0,0.0,0.0,0.0,0.0,shape_dist_traveled,catchment not reconstructable
GEOBOLW,GEORGESVILLE FRONTAGE RD & BOLTONFIELD ST,-83.1297,39.920161,1,009,1,1,19,6,am_peak+early+evening+midday+owl+pm_peak,False,,False,224.40000000000282,604.9000000000007,2,GEOBOLE,1.017389421243481,0,0.0,0.0,0.0,0.0,shape_dist_traveled,catchment not reconstructable
LONMONW,E LONG ST & N MONROE AVE,-82.978761,39.967599,1,011,1,1,19,6,am_peak+early+evening+midday+owl+pm_peak,False,,False,261.0000000000028,223.09999999999874,12,LONTALE,0.2541737518669392,1,9.280788601397022,0.0,1.0,1.0,shape_dist_traveled,
LON18TW,E LONG ST & N 18TH ST,-82.975715,39.96792,1,011,1,1,19,6,am_peak+early+evening+midday+owl+pm_peak,False,,False,203.19999999999894,261.0000000000028,8,LON17TE,1.1984194162721278,2,18.473746395840756,0.0,0.5,0.5023771790808242,shape_dist_traveled,
CLIMCCE,CLIME RD & MCCARLEY DR,-83.094989,39.9283,1,009,1,1,19,6,am_peak+early+evening+midday+owl+pm_peak,False,,False,188.20000000000016,544.7999999999986,4,CLIMCCW,0.4609835039460222,1,3.1033551790160363,0.0,1.0,1.0,shape_dist_traveled,
LONOHIW,E LONG ST & N OHIO AVE,-82.969626,39.968634,1,011,1,1,19,6,am_peak+early+evening+midday+owl+pm_peak,False,,False,284.09999999999866,318.40000000000043,12,LONOHIE,0.5928677962983858,2,12.618359265621812,0.0,0.5,0.7285382830626449,shape_dist_traveled,
LONWINW,E LONG ST & WINNER AVE,-82.966304,39.968985,1,011,1,1,19,6,am_peak+early+evening+midday+owl+pm_peak,False,,False,472.4000000000004,284.09999999999866,11,LONWINE,0.21157892878080267,1,3.425401471178078,0.0,0.5,0.622340425531915,shape_dist_traveled,
TAYLONS,TAYLOR AVE & E LONG ST,-82.961613,39.969491,1,011,1,1,19,6,am_peak+early+evening+midday+owl+pm_peak,False,,False,158.20000000000078,472.4000000000004,7,TAYLONN,0.5470252641108455,1,8.724526824026219,0.0,0.5,0.8075880758807588,shape_dist_traveled,
TAYCLIS,TAYLOR AVE & CLIFTON AVE,-82.961471,39.970905,1,011,1,1,19,6,am_peak+early+evening+midday+owl+pm_peak,False,,False,382.89999999999935,158.20000000000078,9,TAYCLIN,0.7136565727281492,1,5.123463738941569,0.0,1.0,1.0,shape_dist_traveled,
BRYCHAE,BRYDEN RD & S CHAMPION AVE,-82.968978,39.960381,1,011,1,1,19,6,am_peak+early+evening+midday+owl+pm_peak,False,,False,261.099999999999,200.1000000000026,12,BRYCHAW,0.18828436900642595,1,11.066681676113808,0.0,1.0,1.0,shape_dist_traveled,
BRY22NE,BRYDEN RD & S 22ND ST,-82.972056,39.960444,1,011,1,1,19,6,am_peak+early+evening+midday+owl+pm_peak,False,,False,302.09999999999934,261.099999999999,12,BRYOHIW,1.1239256004417115,2,15.604606702033482,0.0,1.0,1.0,shape_dist_traveled,
BRY18TE,BRYDEN RD & S 18TH ST,-82.975622,39.960505,1,011,1,1,19,6,am_peak+early+evening+midday+owl+pm_peak,False,,False,259.10000000000014,302.09999999999934,8,BRY19TW,0.6548463476989694,1,3.2790167929226044,0.0,1.0,1.0,shape_dist_traveled,
BRYMONE,BRYDEN RD & S MONROE AVE,-82.978675,39.960565,1,011,1,1,19,6,am_peak+early+evening+midday+owl+pm_peak,False,,False,231.20000000000118,259.10000000000014,9,BRYMONW,0.22178837937006196,1,7.3192339127736705,0.0,1.0,1.0,shape_dist_traveled,
BRYPARE,BRYDEN RD & PARSONS AVE,-82.981411,39.960613,1,011,1,1,19,6,am_peak+early+evening+midday+owl+pm_peak,False,,False,187.2000000000007,231.20000000000118,8,BRYPARW,0.3065013887275757,1,7.3192339127736705,0.0,1.0,1.0,shape_dist_traveled,
TOWLESE,E TOWN ST & LESTER DR,-82.9836,39.960602,1,011,1,1,19,6,am_peak+early+evening+midday+owl+pm_peak,False,,False,253.79999999999825,187.2000000000007,8,TOWLESW,0.26599365877212733,2,88.59200728021163,0.0,0.5,0.9011896893588887,shape_dist_traveled,
TOWWASE,E TOWN ST & S WASHINGTON AVE,-82.986553,39.960278,1,011,1,1,19,6,am_peak+early+evening+midday+owl+pm_peak,False,,False,283.9999999999989,253.79999999999825,8,TOWWASW,0.2649556411019854,2,88.59200728021163,0.0,1.0,1.0,shape_dist_traveled,
LON20TW,E LONG ST & N 20TH ST,-82.97334,39.96819,1,011,1,1,19,6,am_peak+early+evening+midday+owl+pm_peak,False,,False,318.40000000000043,203.19999999999894,10,LON20TE,0.5333657005809,1,9.192957794443734,0.0,1.0,1.0,shape_dist_traveled,
HAGBRIS,HAGUE AVE & BRIGGS RD,-83.076353,39.931075,1,009,1,1,19,6,am_peak+early+evening+midday+owl+pm_peak,False,,False,366.9000000000011,438.7000000000007,3,HAGBRIN,0.27536529352347133,2,23.421548520875774,0.0,1.0,1.0,shape_dist_traveled,
CLIBIGW,CLIME RD & BIG RUN PARK ACCESS RD,-83.110746,39.931978,1,009,1,1,19,6,am_peak+early+evening+midday+owl+pm_peak,False,,False,346.3999999999956,475.4000000000005,4,CLIBIGE,0.22570478089615706,0,0.0,0.0,0.0,0.0,shape_dist_traveled,catchment not reconstructable
CLISAVW,CLIME RD & SAVANNAH DR,-83.106795,39.931153,1,009,1,1,19,6,am_peak+early+evening+midday+owl+pm_peak,False,,False,346.10000000000343,346.3999999999956,5,CLISAVE,0.28746382469510146,1,3.8411339574236223,0.0,1.0,1.0,shape_dist_traveled,
CLIHOLW,CLIME RD & HOLLY HILL DR,-83.102889,39.930262,1,009,1,1,19,6,am_peak+early+evening+midday+owl+pm_peak,False,,False,484.39999999999725,346.10000000000343,3,CLIHOLE,0.23794027470012766,1,3.8411339574236223,0.0,1.0,1.0,shape_dist_traveled,
CLIWEDW,CLIME RD & WEDGEWOOD DR,-83.097519,39.928841,1,009,1,1,19,6,am_peak+early+evening+midday+owl+pm_peak,False,,False,253.90000000000157,484.39999999999725,3,CLIWEDE,0.45808747510970893,2,6.944489136439659,0.0,0.5,0.5638297872340425,shape_dist_traveled,
CLIMCCW,CLIME RD & MCCARLEY DR,-83.094573,39.928388,1,009,1,1,19,6,am_peak+early+evening+midday+owl+pm_peak,False,,False,445.0000000000003,253.90000000000157,5,CLIMCCE,0.4609835039460222,1,3.1033551790160363,0.0,1.0,1.0,shape_dist_traveled,
DEMCLIS,DEMOREST RD & CLIME RD,-83.090461,39.928349,1,009,1,1,19,6,am_peak+early+evening+midday+owl+pm_peak,False,,False,569.8000000000008,445.0000000000003,3,DEMSHON,0.8492469625635353,1,3.1033551790160363,0.0,1.0,1.0,shape_dist_traveled,
TOWDAKW,W TOWN ST & DAKOTA AVE,-83.027924,39.955447,1,009,1,1,19,6,am_peak+early+evening+midday+owl+pm_peak,False,,False,198.39999999999947,309.79999999999916,8,TOWCYPE,0.49008016282470546,1,2.4299856590408586,0.0,1.0,1.0,shape_dist_traveled,
TOWHAWW,W TOWN ST & HAWKES AVE,-83.025618,39.95574,1,009,1,1,19,6,am_peak+early+evening+midday+owl+pm_peak,False,,False,359.99999999999943,198.39999999999947,11,TOWHAWE,0.3465713881245821,2,9.13440392314154,0.0,1.0,1.0,shape_dist_traveled,
SAIBUCS,SAINT CLAIR AVE & BUCKINGHAM ST,-82.98082,39.972664,1,009,1,1,19,6,am_peak+early+evening+midday+owl+pm_peak,False,,False,256.4000000000028,561.399999999999,6,SAIBUCN,0.2335502028621607,1,2.869139693807279,0.0,1.0,1.0,shape_dist_traveled,
JOY17TS,JOYCE AVE & E 17TH AVE,-82.965464,40.00018,1,011,1,1,19,6,am_peak+early+evening+midday+owl+pm_peak,False,,False,410.7000000000003,483.6999999999989,2,JOY17TN,0.40966902270901306,1,1.5224006538569235,0.0,1.0,1.0,shape_dist_traveled,
GEOCLIS,GEORGESVILLE RD & CLIME RD,-83.115793,39.932324,1,009,1,1,19,6,am_peak+early+evening+midday+owl+pm_peak,False,,False,475.4000000000005,343.0000000000035,4,CLIGEON,1.0215566172827772,1,11.610396195348425,0.0,1.0,1.0,shape_dist_traveled,
NORPALN,NORTON RD & PALMETTO ST,-83.139927,39.949717,1,009,1,1,19,6,am_peak+early+evening+midday+owl+pm_peak,False,,False,404.40000000000254,343.20000000000306,4,NORPALS,1.0370428310909068,1,5.211294545894853,0.0,1.0,1.0,shape_dist_traveled,
143GEOW,1443 GEORGESVILLE RD,-83.127196,39.920669,1,009,1,1,19,6,am_peak+early+evening+midday+owl+pm_peak,False,,False,1720.9000000000003,224.40000000000282,2,GEOBOLW,2.7672755316181306,0,0.0,0.0,0.0,0.0,shape_dist_traveled,catchment not reconstructable
GEOPARS,GEORGESVILLE RD & PARKWICK DR,-83.117089,39.927274,1,009,1,1,19,6,am_peak+early+evening+midday+owl+pm_peak,False,,False,233.79999999999512,418.3000000000021,4,GEOPARN,0.4077205110657938,0,0.0,0.0,0.0,0.0,shape_dist_traveled,catchment not reconstructable
SAI2NDS,SAINT CLAIR AVE & E 2ND AVE,-82.980153,39.981545,1,009,1,1,19,6,am_peak+early+evening+midday+owl+pm_peak,False,,False,313.5999999999992,740.4999999999991,3,SAIOPPN,0.5784480103776836,0,0.0,0.0,0.0,0.0,shape_dist_traveled,catchment not reconstructable
SAIGIBS,SAINT CLAIR AVE & GIBBARD AVE,-82.979937,39.984334,1,009,1,1,19,6,am_peak+early+evening+midday+owl+pm_peak,False,,False,803.4999999999997,313.5999999999992,7,SAI4THN,0.15456718388459334,2,17.03917654893715,0.0,1.0,1.0,shape_dist_traveled,
5THBASW,E 5TH AVE & BASSETT AVE,-82.963363,39.985492,1,009,1,1,19,6,am_peak+early+evening+midday+owl+pm_peak,False,,False,280.5,354.69999999999936,8,5THBASE,0.5863897763676726,0,0.0,0.0,0.0,0.0,shape_dist_traveled,catchment not reconstructable
MAINORS,MAIZE RD & NORRIS DR,-82.988682,40.044491,1,011,1,1,19,6,am_peak+early+evening+midday+owl+pm_peak,False,,False,383.7999999999999,270.40000000000043,5,MAINORN,0.1623373649156416,0,0.0,0.0,0.0,0.0,shape_dist_traveled,catchment not reconstructable
JOY5THS,JOYCE AVE & 5TH AVE,-82.966833,39.9865,1,011,1,1,19,6,am_peak+early+evening+midday+owl+pm_peak,False,,False,705.6000000000005,300.19999999999845,6,JOY5THN,0.6024197699928692,0,0.0,0.0,0.0,0.0,shape_dist_traveled,catchment not reconstructable
JOYDEWS,JOYCE AVE & DEWEY AVE,-82.96629,39.992782,1,011,1,1,19,6,am_peak+early+evening+midday+owl+pm_peak,False,,False,348.80000000000064,705.6000000000005,3,JOYDEWN,0.133244852724023,0,0.0,0.0,0.0,0.0,shape_dist_traveled,catchment not reconstructable
JOYWINS,JOYCE AVE & WINDSOR AVE,-82.966022,39.995893,1,011,1,1,19,6,am_peak+early+evening+midday+owl+pm_peak,False,,False,483.6999999999989,348.80000000000064,3,JOY12TN,0.9792908399249469,0,0.0,0.0,0.0,0.0,shape_dist_traveled,catchment not reconstructable
5THTAYW,E 5TH AVE & TAYLOR AVE,-82.960053,39.985362,1,009,1,1,19,6,am_peak+early+evening+midday+owl+pm_peak,False,,False,145.30000000000064,280.5,5,5THTAYE,0.6054494698804836,0,0.0,0.0,0.0,0.0,shape_dist_traveled,catchment not reconstructable
BRIALLS,BRITTON PKWY & ALL SEASONS DR,-83.131276,40.035808,1,021,1,1,19,6,am_peak+early+evening+midday+owl+pm_peak,False,,False,730.4999999999993,442.80000000000007,4,BRIALLN,1.820333209337178,0,0.0,0.0,0.0,0.0,shape_dist_traveled,catchment not reconstructable
BRIANSS,BRITTON PKWY & ANSON DR,-83.131366,40.042176,1,021,1,1,19,6,am_peak+early+evening+midday+owl+pm_peak,False,,False,967.8000000000004,730.4999999999993,1,BRIANSN,0.4668018882394895,0,0.0,0.0,0.0,0.0,shape_dist_traveled,catchment not reconstructable
SULINAE,SULLIVANT AVE & INAH AVE,-83.138581,39.942949,1,021,1,1,19,6,am_peak+early+evening+midday+owl+pm_peak,False,,False,229.39999999999827,503.4000000000027,5,SULINAW,0.11823721515947341,1,6.177433422380978,0.0,0.5,0.5424164524421594,shape_dist_traveled,
BRIHAYN,BRITTON PKWY & HAYDEN RUN RD,-83.137859,40.062972,1,021,1,1,19,6,am_peak+early+evening+midday+owl+pm_peak,False,,False,514.2000000000024,519.7000000000003,1,BRIHAYS,0.33125796906480864,1,37.708693118609986,0.0,1.0,1.0,shape_dist_traveled,
BRICARN,BRITTON PKWY & CARRINGTON WAY,-83.136347,40.058615,1,021,1,1,19,6,am_peak+early+evening+midday+owl+pm_peak,False,,False,351.5999999999977,514.2000000000024,2,BRICARS,1.4034509856108295,0,0.0,0.0,0.0,0.0,shape_dist_traveled,catchment not reconstructable
BRIFARN,BRITTON PKWY & BRITTON FARMS DR,-83.13542,40.055554,1,021,1,1,19,6,am_peak+early+evening+midday+owl+pm_peak,False,,False,581.8000000000012,351.5999999999977,3,BRIFARS,1.0762784087801025,1,45.78912735831215,0.0,1.0,1.0,shape_dist_traveled,
BRIDAVN,BRITTON PKWY & DAVIDSON RD,-83.133911,40.050487,1,021,1,1,19,6,am_peak+early+evening+midday+owl+pm_peak,False,,False,999.7000000000007,581.8000000000012,1,BRIDAVS,0.32539905460322494,0,0.0,0.0,0.0,0.0,shape_dist_traveled,catchment not reconstructable
BRIANSN,BRITTON PKWY & ANSON DR,-83.130975,40.042025,1,021,1,1,19,6,am_peak+early+evening+midday+owl+pm_peak,False,,False,562.8999999999991,999.7000000000007,1,BRIANSS,0.4668018882394895,0,0.0,0.0,0.0,0.0,shape_dist_traveled,catchment not reconstructable
BRIALLN,BRITTON PKWY & ALL SEASONS DR,-83.130998,40.037102,1,021,1,1,19,6,am_peak+early+evening+midday+owl+pm_peak,False,,False,464.9999999999999,562.8999999999991,1,BRIALLS,1.820333209337178,0,0.0,0.0,0.0,0.0,shape_dist_traveled,catchment not reconstructable
JOY23RS,JOYCE AVE & E 23RD AVE,-82.96388,40.005327,1,011,1,1,19,6,am_peak+early+evening+midday+owl+pm_peak,False,,False,279.5000000000005,180.7999999999996,5,JOY23RN,0.32928359802418067,1,2.020108559925533,0.0,1.0,1.0,shape_dist_traveled,
TOWGRAE,E TOWN ST & S GRANT AVE,-82.989874,39.959891,1,011,1,1,19,6,am_peak+early+evening+midday+owl+pm_peak,False,,False,528.6000000000008,283.9999999999989,9,GRATOWS,0.9643877824961192,1,8.753803759677313,0.0,0.5,0.1974900924702774,shape_dist_traveled,
HILBEAN,HILLIARD ROME RD & BEACON HILL RD,-83.145589,39.955161,1,021,1,1,19,6,am_peak+early+evening+midday+owl+pm_peak,False,,False,559.1999999999988,387.90000000000015,2,HILBEAS,0.28748385544749666,2,29.39404339369906,0.0,1.0,1.0,shape_dist_traveled,
WESWPRN,WESTWOODS BLVD & WESTWOODS PARK & RIDE,-83.146811,39.950265,1,021,1,1,19,6,am_peak+early+evening+midday+owl+pm_peak,False,,False,207.60000000000022,559.1999999999988,7,WESWPRS,0.16263808925837037,1,12.354866844761977,0.0,1.0,1.0,shape_dist_traveled,
WESRUSN,WESTWOODS BLVD & RUSTLING WAY LN,-83.14705,39.948486,1,021,1,1,19,6,am_peak+early+evening+midday+owl+pm_peak,False,,False,169.90000000000015,207.60000000000022,7,WESRUSS,0.26632946632945487,1,12.354866844761977,0.0,1.0,1.0,shape_dist_traveled,
BRIPKYN,5780 BRITTON PKWY,-83.137535,40.071644,1,021,1,1,19,6,am_peak+early+evening+midday+owl+pm_peak,False,,False,515.9999999999982,193.20000000000093,4,BRIPKYS,0.8150131014777513,0,0.0,0.0,0.0,0.0,shape_dist_traveled,catchment not reconstructable
555BRPKN,5550 BRITTON PKWY,-83.137685,40.067196,1,021,1,1,19,6,am_peak+early+evening+midday+owl+pm_peak,False,,False,519.7000000000003,515.9999999999982,1,BRITUTS,1.4399789548692217,1,37.708693118609986,0.0,1.0,1.0,shape_dist_traveled,
TRA511W,5110 TRABUE RD,-83.13489,39.982532,1,005,1,1,19,6,am_peak+early+evening+midday+owl+pm_peak,False,,False,970.7000000000007,597.5000000000036,1,TRA510E,0.13258298631349522,1,288.6705855197909,0.0,1.0,1.0,shape_dist_traveled,
TRAWESW,TRABUE RD & WESTBELT DR,-83.12371,39.984482,1,005,1,1,19,6,am_peak+early+evening+midday+owl+pm_peak,False,,False,189.49999999999534,970.7000000000007,2,TRA465E,1.834824341155851,0,0.0,0.0,0.0,0.0,shape_dist_traveled,catchment not reconstructable
TRADIVDW,TRABUE RD & DIVIDEND DR,-83.121509,39.984791,1,005,1,1,19,6,am_peak+early+evening+midday+owl+pm_peak,False,,False,730.6000000000026,189.49999999999534,2,TRA465E,0.5923228237948417,0,0.0,0.0,0.0,0.0,shape_dist_traveled,catchment not reconstructable
TRAARLW,TRABUE RD & ARLINGATE LN,-83.113033,39.98603,1,005,1,1,19,6,am_peak+early+evening+midday+owl+pm_peak,False,,False,444.89999999999696,730.6000000000026,2,TRAARLE,0.24732102344973309,0,0.0,0.0,0.0,0.0,shape_dist_traveled,catchment not reconstructable
TRAWILW,TRABUE RD & N WILSON RD,-83.108139,39.987378,1,005,1,1,19,6,am_peak+early+evening+midday+owl+pm_peak,False,,False,585.1000000000042,444.89999999999696,3,WILTRAS,1.2627652600929402,0,0.0,0.0,0.0,0.0,shape_dist_traveled,catchment not reconstructable
TRA465E,4659 TRABUE RD,-83.121997,39.984588,1,005,1,1,19,6,am_peak+early+evening+midday+owl+pm_peak,False,,False,1117.2,762.4,2,TRADIVDW,0.5923228237948417,0,0.0,0.0,0.0,0.0,shape_dist_traveled,catchment not reconstructable
NORCLAS,NORTON RD & CLAIRBROOK AVE,-83.14427,39.936258,1,009,1,1,19,6,am_peak+early+evening+midday+owl+pm_peak,False,,False,418.6999999999999,338.09999999999985,3,NORWESN1,0.9779396930957283,2,37.552549461804155,0.0,0.6666666666666666,0.7146763901549683,shape_dist_traveled,
HOLMAIS,HOLTZMAN AVE & E MAIN ST,-82.945765,39.957539,1,011,1,1,19,6,am_peak+early+evening+midday+owl+pm_peak,False,,False,548.9999999999995,1212.7000000000016,8,MAIHOLW,0.43901096909826176,0,0.0,0.0,0.0,0.0,shape_dist_traveled,catchment not reconstructable
TUTFRAE,TUTTLE CROSSING BLVD & FRANTZ RD,-83.123789,40.077173,1,021,1,1,19,6,am_peak+early+evening+midday+owl+pm_peak,False,,False,468.9999999999976,415.9000000000006,5,TUTFRAW,0.3534311149855988,0,0.0,0.0,0.0,0.0,shape_dist_traveled,catchment not reconstructable
SULEVGW,SULLIVANT AVE & EVERGREEN TERRACE,-83.133674,39.942124,1,021,1,1,19,6,am_peak+early+evening+midday+owl+pm_peak,False,,False,592.6,426.30000000000035,1,SULEVGE,0.9950619525319567,3,27.959473546795422,0.0,1.0,1.0,shape_dist_traveled,
SULMURW,SULLIVANT AVE & S MURRAY HILL RD,-83.126836,39.940944,1,021,1,1,19,6,am_peak+early+evening+midday+owl+pm_peak,False,,False,662.0999999999997,592.6,1,SULMURE,0.4664955687514345,2,21.782040124414443,0.0,1.0,1.0,shape_dist_traveled,
SULINDW,SULLIVANT AVE & INDUSTRIAL MILE RD,-83.119231,39.939618,1,021,1,1,19,6,am_peak+early+evening+midday+owl+pm_peak,False,,False,264.99999999999966,662.0999999999997,3,SULINDE,0.9916198591576733,2,18.3440913951002,0.0,1.0,1.0,shape_dist_traveled,
SULCOUW1,SULLIVANT AVE & COUNTRYBROOK E DR,-83.116179,39.939077,1,021,1,1,19,6,am_peak+early+evening+midday+owl+pm_peak,False,,False,556.0,264.99999999999966,4,SULCOUE,0.3386857755708975,2,18.3440913951002,0.0,1.0,1.0,shape_dist_traveled,
HILRENN,HILLIARD ROME RD & RENNER RD,-83.150586,39.98175,1,021,1,1,19,6,am_peak+early+evening+midday+owl+pm_peak,False,,False,1010.5000000000005,378.0000000000001,8,HILRENS,0.5155093386610777,0,0.0,0.0,0.0,0.0,shape_dist_traveled,catchment not reconstructable
TUTFRAW,TUTTLE CROSSING BLVD & FRANTZ RD,-83.123726,40.077423,1,021,1,1,19,6,am_peak+early+evening+midday+owl+pm_peak,False,,False,306.79999999999995,674.5000000000001,5,TUTFRAE,0.3534311149855988,0,0.0,0.0,0.0,0.0,shape_dist_traveled,catchment not reconstructable
WESMIDN,WESTWOODS BLVD & MID DAY DR,-83.146585,39.947042,1,021,1,1,19,6,am_peak+early+evening+midday+owl+pm_peak,False,,False,306.89999999999975,169.90000000000015,7,WESMIDS,0.38859911651904105,1,12.354866844761977,0.0,1.0,1.0,shape_dist_traveled,
HILGLES,HILLIARD ROME RD & GLENCHESTER DR,-83.145958,39.958882,1,021,1,1,19,6,am_peak+early+evening+midday+owl+pm_peak,False,,False,482.20000000000243,454.49999999999943,1,300HLRON,0.6511112347921421,2,29.39404339369906,0.0,1.0,1.0,shape_dist_traveled,
BRIDAVS,BRITTON PKWY & DAVIDSON RD,-83.134164,40.050356,1,021,1,1,19,6,am_peak+early+evening+midday+owl+pm_peak,False,,False,507.40000000000055,967.8000000000004,1,BRIDAVN,0.32539905460322494,0,0.0,0.0,0.0,0.0,shape_dist_traveled,catchment not reconstructable
178HILLS,1785 HILLIARD ROME RD,-83.151565,39.988367,1,021,1,1,19,6,am_peak+early+evening+midday+owl+pm_peak,False,,False,415.2000000000022,382.9999999999991,6,177HILLN,1.1513097234629053,1,6.821526006705061,0.0,1.0,1.0,shape_dist_traveled,
BRICARS,BRITTON RD & CARRINGTON WAY,-83.136261,40.057606,1,021,1,1,19,6,am_peak+early+evening+midday+owl+pm_peak,False,,False,640.2,325.09999999999997,3,BRICARN,1.4034509856108295,0,0.0,0.0,0.0,0.0,shape_dist_traveled,catchment not reconstructable
BRIHAYS,BRITTON PKWY & HAYDEN RUN RD,-83.138163,40.063021,1,021,1,1,19,6,am_peak+early+evening+midday+owl+pm_peak,False,,False,633.8999999999996,640.2,1,BRIHAYN,0.33125796906480864,1,37.708693118609986,0.0,1.0,1.0,shape_dist_traveled,
BRITUTS,BRITTON PKWY & TUTTLES BROOK DR,-83.137307,40.068192,1,021,1,1,19,6,am_peak+early+evening+midday+owl+pm_peak,False,,False,332.7,633.8999999999996,3,555BRPKN,1.4399789548692217,1,37.708693118609986,0.0,1.0,1.0,shape_dist_traveled,
BRIPKYS,5780 BRITTON PKWY,-83.137515,40.071057,1,021,1,1,19,6,am_peak+early+evening+midday+owl+pm_peak,False,,False,249.90000000000023,332.7,4,BRIPKYN,0.8150131014777513,0,0.0,0.0,0.0,0.0,shape_dist_traveled,catchment not reconstructable
BRIHIRS,BRITTON PKWY & HIRTH RD,-83.138991,40.072842,1,021,1,1,19,6,am_peak+early+evening+midday+owl+pm_peak,False,,False,1022.5999999999997,249.90000000000023,5,BRIHIRN,0.24949816365358277,0,0.0,0.0,0.0,0.0,shape_dist_traveled,catchment not reconstructable
BRICEMN,BRITTON PKWY & CEMETERY RD,-83.131235,40.033038,1,021,1,1,19,6,am_peak+early+evening+midday+owl+pm_peak,False,,False,525.2000000000016,464.9999999999999,3,CEMBRIE,1.0884467597585756,0,0.0,0.0,0.0,0.0,shape_dist_traveled,catchment not reconstructable
HILMANS,HILLIARD ROME RD & MANOR PARK DR,-83.146731,39.963146,1,021,1,1,19,6,am_peak+early+evening+midday+owl+pm_peak,False,,False,376.3000000000005,482.20000000000243,3,HILMANN,0.22749070488904843,0,0.0,0.0,0.0,0.0,shape_dist_traveled,catchment not reconstructable
HILSUMS,HILLIARD ROME RD & SUMMERLIN WAY,-83.147101,39.966498,1,021,1,1,19,6,am_peak+early+evening+midday+owl+pm_peak,False,,False,704.1000000000004,376.3000000000005,3,HILSUMN,0.25141424432548065,0,0.0,0.0,0.0,0.0,shape_dist_traveled,catchment not reconstructable
HILFEDS,HILLIARD ROME RD & FEDER RD,-83.150034,39.972245,1,021,1,1,19,6,am_peak+early+evening+midday+owl+pm_peak,False,,False,1046.599999999998,704.1000000000004,1,HILFEDN,0.7531204778801567,1,28.69139693807279,0.0,1.0,1.0,shape_dist_traveled,
HILRENS,HILLIARD ROME RD & RENNER RD,-83.150986,39.981542,1,021,1,1,19,6,am_peak+early+evening+midday+owl+pm_peak,False,,False,387.00000000000045,1046.599999999998,8,HILRENN,0.5155093386610777,0,0.0,0.0,0.0,0.0,shape_dist_traveled,catchment not reconstructable
HILWESS,HILLIARD ROME RD & WESTCHESTER WOODS BLVD,-83.150962,39.984975,1,021,1,1,19,6,am_peak+early+evening+midday+owl+pm_peak,False,,False,382.9999999999991,387.00000000000045,7,HILWESN,0.3174975123820002,1,6.821526006705061,0.0,0.0,0.0,shape_dist_traveled,
BRIFARS,BRITTON PKWY & BRITTON FARMS DR,-83.135386,40.054779,1,021,1,1,19,6,am_peak+early+evening+midday+owl+pm_peak,False,,False,325.09999999999997,507.40000000000055,2,BRIFARN,1.0762784087801025,1,45.78912735831215,0.0,1.0,1.0,shape_dist_traveled,
PER272N,2722 PERDUE AVE,-82.951933,40.024233,1,009,1,1,19,6,am_peak+early+evening+midday+owl+pm_peak,False,,False,264.6000000000015,249.4999999999976,7,PER271S,0.15521598840396128,1,6.6751413284495875,0.0,1.0,1.0,shape_dist_traveled,
PERDENN,PERDUE AVE & DENUNE AVE,-82.952101,40.021871,1,009,1,1,19,6,am_peak+early+evening+midday+owl+pm_peak,False,,False,187.30000000000047,264.6000000000015,5,PERDENS,0.5354599426055371,1,6.6751413284495875,0.0,1.0,1.0,shape_dist_traveled,
PERABEN,PERDUE AVE & ABERDEEN AVE,-82.952216,40.0202,1,009,1,1,19,6,am_peak+early+evening+midday+owl+pm_peak,False,,False,332.00000000000074,187.30000000000047,5,PERMINS,0.9947033270647916,2,7.612003269284617,0.0,1.0,1.0,shape_dist_traveled,
EARPERW,EARL AVE & PERDUE AVE,-82.952322,40.017378,1,009,1,1,19,6,am_peak+early+evening+midday+owl+pm_peak,False,,False,242.79999999999546,332.00000000000074,6,EARPERE,0.4305540341968828,2,3.308293728573699,0.0,1.0,1.0,shape_dist_traveled,
MYRWOOW,MYRTLE AVE & WOODLAND AVE,-82.950499,40.016482,1,009,1,1,19,6,am_peak+early+evening+midday+owl+pm_peak,False,,False,193.400000000004,242.79999999999546,8,MYRWOOE,0.14407905683897157,2,3.308293728573699,0.0,1.0,1.0,shape_dist_traveled,
MYRBREW,MYRTLE AVE & BRENTNELL AVE,-82.948212,40.016392,1,009,1,1,19,6,am_peak+early+evening+midday+owl+pm_peak,False,,False,221.59999999999513,193.400000000004,7,BREMYRS,0.6219187857050734,2,3.308293728573699,0.0,1.0,1.0,shape_dist_traveled,
BREWOON,BRENTNELL AVE & WOODWARD AVE,-82.94982,39.99193,1,009,1,1,19,6,am_peak+early+evening+midday+owl+pm_peak,False,,False,399.79999999999905,244.29999999999907,4,BREWOOS,0.18978894696115398,2,13.994375241223258,0.0,1.0,1.0,shape_dist_traveled,
SAWDUBN,SAWMILL RD & DUBLIN-GRANVILLE RD,-83.091369,40.095902,1,033,1,1,19,6,am_peak+early+evening+midday+owl+pm_peak,False,,False,440.5000000000001,450.7000000000012,3,SAWDUBS,0.6632138830897919,0,0.0,0.0,0.0,0.0,shape_dist_traveled,catchment not reconstructable
SAWSAWN,SAWMILL RD & SAWMILL PLACE BLVD,-83.091077,40.099922,1,033,1,1,19,6,am_peak+early+evening+midday+owl+pm_peak,False,,False,450.7000000000012,265.29999999999984,6,SAWBANS,0.4697192891215489,0,0.0,0.0,0.0,0.0,shape_dist_traveled,catchment not reconstructable
BRE125S,1257 BRENTNELL AVE,-82.949808,39.994008,1,009,1,1,19,6,am_peak+early+evening+midday+owl+pm_peak,False,,False,408.9999999999989,222.3000000000006,4,BRE1257N,0.20680330460953913,1,7.202126170169292,0.0,1.0,1.0,shape_dist_traveled,
GEOHALS,GEORGESVILLE RD & HALL RD,-83.116749,39.929337,1,009,1,1,19,6,am_peak+early+evening+midday+owl+pm_peak,False,,False,343.0000000000035,233.79999999999512,7,GEOHALN,0.47107076215510774,0,0.0,0.0,0.0,0.0,shape_dist_traveled,catchment not reconstructable
BREHOLS,BRENTNELL AVE & HOLT AVE,-82.94933,40.000232,1,009,1,1,19,6,am_peak+early+evening+midday+owl+pm_peak,False,,False,434.9000000000007,289.30000000000075,2,BREHOLN,0.41603262996406015,2,13.994375241223258,0.0,1.0,1.0,shape_dist_traveled,
BREARGS,BRENTNELL AVE & ARGYLE DR,-82.94886,40.003994,1,009,1,1,19,6,am_peak+early+evening+midday+owl+pm_peak,False,,False,292.7999999999997,434.9000000000007,3,BREARGN,0.19747796320883615,2,15.36453582969449,0.0,1.0,1.0,shape_dist_traveled,
BREDELS,BRENTNELL AVE & DELAVAN DR,-82.948056,40.009822,1,009,1,1,19,6,am_peak+early+evening+midday+owl+pm_peak,False,,False,241.50000000000028,369.69999999999993,6,BREDELN,0.775586388448967,1,8.572286758640523,0.0,0.0,0.0,shape_dist_traveled,
BREMOCS,BRENTNELL AVE & MOCK RD,-82.94782,40.011902,1,009,1,1,19,6,am_peak+early+evening+midday+owl+pm_peak,False,,False,256.8999999999999,241.50000000000028,8,BREDAWN,0.3546159848397969,0,0.0,0.0,0.0,0.0,shape_dist_traveled,catchment not reconstructable
BREMARS,BRENTNELL AVE & MARCIA DR,-82.948253,40.014151,1,009,1,1,19,6,am_peak+early+evening+midday+owl+pm_peak,False,,False,214.49999999999926,256.8999999999999,9,BREMARN,0.8027121962416264,1,2.3714317877386693,0.0,1.0,1.0,shape_dist_traveled,
PERDENS,PERDUE AVE & DENUNE AVE,-82.952219,40.022246,1,009,1,1,19,6,am_peak+early+evening+midday+owl+pm_peak,False,,False,223.4999999999996,308.40000000000066,5,PERDENN,0.5354599426055371,1,6.6751413284495875,0.0,1.0,1.0,shape_dist_traveled,
5THPKWW,E 5TH AVE & PARKWOOD AVE,-82.958336,39.985265,1,009,1,1,19,6,am_peak+early+evening+midday+owl+pm_peak,False,,False,804.1,145.30000000000064,4,5THTAYW,1.837993205821703,0,0.0,0.0,0.0,0.0,shape_dist_traveled,catchment not reconstructable
BRELEOS,BRENTNELL AVE & LEONARD AVE,-82.950267,39.987986,1,009,1,1,19,6,am_peak+early+evening+midday+owl+pm_peak,False,,False,453.79999999999933,804.1,1,BRELEON,0.5506631079243952,2,10.100542799627664,0.0,1.0,1.0,shape_dist_traveled,
BREWOOS,BRENTNELL AVE & WOODWARD AVE,-82.949944,39.992028,1,009,1,1,19,6,am_peak+early+evening+midday+owl+pm_peak,False,,False,222.3000000000006,453.79999999999933,3,BREWOON,0.18978894696115398,2,13.994375241223258,0.0,1.0,1.0,shape_dist_traveled,
BREMIDN,BRENTNELL AVE & MIDDLEHURST DR,-82.948201,40.006181,1,009,1,1,19,6,am_peak+early+evening+midday+owl+pm_peak,False,,False,244.60000000000193,468.90000000000146,3,BREMIDS,0.49350390961774393,2,26.548325248412674,0.0,1.0,1.0,shape_dist_traveled,
BREARGN,BRENTNELL AVE & ARGYLE DR,-82.948677,40.004015,1,009,1,1,19,6,am_peak+early+evening+midday+owl+pm_peak,False,,False,475.19999999999743,244.60000000000193,3,BREARGS,0.19747796320883615,2,15.36453582969449,0.0,1.0,1.0,shape_dist_traveled,
BREORIS,BRENTNELL AVE & ORIOLE PL,-82.949484,39.997652,1,009,1,1,19,6,am_peak+early+evening+midday+owl+pm_peak,False,,False,289.30000000000075,408.9999999999989,4,BRELISN,1.6338568217942577,1,7.202126170169292,0.0,1.0,1.0,shape_dist_traveled,
BRYPARW,BRYDEN RD & PARSONS AVE,-82.981643,39.960743,1,011,1,1,19,6,am_peak+early+evening+midday+owl+pm_peak,False,,False,240.19999999999976,152.0999999999999,8,BRYPARE,0.3065013887275757,1,7.3192339127736705,0.0,1.0,1.0,shape_dist_traveled,
BRYMONW,BRYDEN RD & S MONROE AVE,-82.978806,39.960689,1,011,1,1,19,6,am_peak+early+evening+midday+owl+pm_peak,False,,False,320.0000000000003,240.19999999999976,10,BRYMONE,0.22178837937006196,1,7.3192339127736705,0.0,1.0,1.0,shape_dist_traveled,
BRY19TW,BRYDEN RD & S 19TH ST,-82.975029,39.960625,1,011,1,1,19,6,am_peak+early+evening+midday+owl+pm_peak,False,,False,340.30000000000007,320.0000000000003,9,BRY18TE,0.6548463476989694,1,3.2790167929226044,0.0,1.0,1.0,shape_dist_traveled,
BRYOHIW,BRYDEN RD & S OHIO AVE,-82.971012,39.960546,1,011,1,1,19,6,am_peak+early+evening+midday+owl+pm_peak,False,,False,166.99999999999983,340.30000000000007,12,OHIBRYS,0.43696127507360494,2,15.604606702033482,0.0,1.0,1.0,shape_dist_traveled,
LONWINE,E LONG ST & WINNER AVE,-82.966171,39.968872,1,011,1,1,19,6,am_peak+early+evening+midday+owl+pm_peak,False,,False,206.30000000000058,420.9999999999994,12,LONWINW,0.21157892878080267,2,5.5040639024058,0.0,0.5,0.622340425531915,shape_dist_traveled,
TOWDAVE,W TOWN ST & S DAVIS AVE,-83.021125,39.95613,1,009,1,1,19,6,am_peak+early+evening+midday+owl+pm_peak,False,,False,359.099999999998,560.5000000000011,10,TOWDAVW,0.31852485615041665,1,6.704418264100682,0.0,1.0,1.0,shape_dist_traveled,
TOWHAWE,W TOWN ST & HAWKES AVE,-83.025319,39.955643,1,009,1,1,19,6,am_peak+early+evening+midday+owl+pm_peak,False,,False,257.9999999999991,359.099999999998,10,TOWHAWW,0.3465713881245821,2,9.13440392314154,0.0,1.0,1.0,shape_dist_traveled,
BRELEON,BRENTNELL AVE & LEONARD AVE,-82.950123,39.988367,1,009,1,1,19,6,am_peak+early+evening+midday+owl+pm_peak,False,,False,677.2000000000027,399.79999999999905,2,BRELEOS,0.5506631079243952,2,10.100542799627664,0.0,1.0,1.0,shape_dist_traveled,
5THLEONE,E 5TH AVE & LEONARD AVE,-82.956345,39.984974,1,009,1,1,19,6,am_peak+early+evening+midday+owl+pm_peak,False,,False,359.2999999999975,677.2000000000027,3,5THPKWW,2.1636088670629983,0,0.0,0.0,0.0,0.0,shape_dist_traveled,catchment not reconstructable
5THTAYE,E 5TH AVE & TAYLOR AVE,-82.960569,39.985181,1,009,1,1,19,6,am_peak+early+evening+midday+owl+pm_peak,False,,False,195.29999999999959,359.2999999999975,5,5THTAYW,0.6054494698804836,0,0.0,0.0,0.0,0.0,shape_dist_traveled,catchment not reconstructable
PERAGLN,PERDUE AVE & AGLER RD,-82.951744,40.026456,1,009,1,1,19,6,am_peak+early+evening+midday+owl+pm_peak,False,,False,249.4999999999976,199.40000000000424,5,PERAGLS,0.3627420508817699,1,24.826841432128337,0.0,1.0,1.0,shape_dist_traveled,
SAI4THN,SAINT CLAIR AVE & GIBBARD AVE,-82.979804,39.984378,1,009,1,1,19,6,am_peak+early+evening+midday+owl+pm_peak,False,,False,363.7999999999977,258.5000000000015,7,SAIGIBS,0.15456718388459334,2,17.03917654893715,0.0,1.0,1.0,shape_dist_traveled,
SAIOPPN,SAINT CLAIR AVE & E 2ND AVE,-82.980063,39.981134,1,009,1,1,19,6,am_peak+early+evening+midday+owl+pm_peak,False,,False,618.1000000000018,363.7999999999977,3,SAI2NDS,0.5784480103776836,0,0.0,0.0,0.0,0.0,shape_dist_traveled,catchment not reconstructable
SAIOLDN,SAINT CLAIR AVE & LEONARD AVE,-82.980455,39.975627,1,009,1,1,19,6,am_peak+early+evening+midday+owl+pm_peak,False,,False,316.5999999999975,618.1000000000018,3,SAIOLDS,0.964741655136147,1,4.859971318081717,0.0,0.5,0.6287878787878788,shape_dist_traveled,
HAGROSN,HAGUE AVE & ROSEDALE AVE,-83.075195,39.934618,1,009,1,1,19,6,am_peak+early+evening+midday+owl+pm_peak,False,,False,392.3000000000005,243.70000000000047,4,HAGROSS,0.5347569301666575,3,10.978850869160507,0.0,1.0,1.0,shape_dist_traveled,
HAGBRIN,HAGUE AVE & BRIGGS RD,-83.076155,39.931202,1,009,1,1,19,6,am_peak+early+evening+midday+owl+pm_peak,False,,False,384.10000000000014,392.3000000000005,4,HAGBRIS,0.27536529352347133,2,23.421548520875774,0.0,1.0,1.0,shape_dist_traveled,
BRIBINE,BRIGGS RD & BINNS BLVD,-83.080369,39.931503,1,009,1,1,19,6,am_peak+early+evening+midday+owl+pm_peak,False,,False,396.30000000000007,384.10000000000014,3,BRIBINW,0.9194942410633324,2,23.421548520875774,0.0,0.6666666666666666,0.8028673835125449,shape_dist_traveled,
BRIBIRE,BRIGGS RD & S BRINKER AVE,-83.084858,39.932526,1,009,1,1,19,6,am_peak+early+evening+midday+owl+pm_peak,False,,False,520.2999999999988,396.30000000000007,2,BRIBRIW,1.0131949435599792,1,5.152740674592664,0.0,1.0,1.0,shape_dist_traveled,
DEMBRGN,DEMOREST RD & BRIGGS RD,-83.089996,39.933269,1,009,1,1,19,6,am_peak+early+evening+midday+owl+pm_peak,False,,False,485.70000000000135,520.2999999999988,2,DEMBRIS1,0.27911101832282836,3,17.50760751935462,0.0,1.0,1.0,shape_dist_traveled,
DEMSHON,DEMOREST RD SHOPPING CENTER,-83.09026,39.928941,1,009,1,1,19,6,am_peak+early+evening+midday+owl+pm_peak,False,,False,544.7999999999986,485.70000000000135,2,DEMCLIS,0.8492469625635353,1,3.1033551790160363,0.0,1.0,1.0,shape_dist_traveled,
TUTBLAW,TUTTLE CROSSING BLVD & BLAZER PKWY,-83.131584,40.076404,1,021,1,1,19,6,am_peak+early+evening+midday+owl+pm_peak,False,,False,674.5000000000001,1022.5999999999997,1,TUTBRAE,2.4950757398714036,0,0.0,0.0,0.0,0.0,shape_dist_traveled,catchment not reconstructable
CLIWEDE,CLIME RD & WEDGEWOOD DR,-83.097176,39.928643,1,009,1,1,19,6,am_peak+early+evening+midday+owl+pm_peak,False,,False,508.20000000000044,188.20000000000016,3,CLIWEDW,0.45808747510970893,1,3.1033551790160363,0.0,0.5,0.5638297872340425,shape_dist_traveled,
5THBASE,E 5TH AVE & BASSETT AVE,-82.962882,39.985288,1,009,1,1,19,6,am_peak+early+evening+midday+owl+pm_peak,False,,False,416.9000000000018,195.29999999999959,7,5THBASW,0.5863897763676726,0,0.0,0.0,0.0,0.0,shape_dist_traveled,catchment not reconstructable
HAGVANS,HAGUE AVE & VANDERBERG AVE,-83.074736,39.936678,1,009,1,1,19,6,am_peak+early+evening+midday+owl+pm_peak,False,,False,342.0000000000023,275.39999999999765,5,HAGVANN,0.19171740971710477,3,10.978850869160507,0.0,1.0,1.0,shape_dist_traveled,
HAGMOUS,S HAGUE AVE & W MOUND ST,-83.073901,39.939658,1,009,1,1,19,6,am_peak+early+evening+midday+owl+pm_peak,False,,False,290.3999999999982,342.0000000000023,5,MOUHAGE1,0.7725695874590692,3,10.276204413534234,0.0,0.75,0.7267080745341615,shape_dist_traveled,
BREMYRS,BRENTNELL AVE & MYRTLE AVE,-82.947889,40.016019,1,009,1,1,19,6,am_peak+early+evening+midday+owl+pm_peak,False,,False,255.4999999999996,214.49999999999926,6,MYRBREW,0.6219187857050734,2,3.308293728573699,0.0,1.0,1.0,shape_dist_traveled,
MYRWOOE,MYRTLE AVE & WOODLAND AVE,-82.950403,40.016409,1,009,1,1,19,6,am_peak+early+evening+midday+owl+pm_peak,False,,False,218.60000000000036,255.4999999999996,8,MYRWOOW,0.14407905683897157,2,3.308293728573699,0.0,1.0,1.0,shape_dist_traveled,
EARPERE,EARL AVE & PERDUE AVE,-82.951974,40.017221,1,009,1,1,19,6,am_peak+early+evening+midday+owl+pm_peak,False,,False,285.0999999999999,218.60000000000036,7,EARPERW,0.4305540341968828,2,3.308293728573699,0.0,1.0,1.0,shape_dist_traveled,
PERMINS,PERDUE AVE & MINNESOTA AVE,-82.952422,40.019501,1,009,1,1,19,6,am_peak+early+evening+midday+owl+pm_peak,False,,False,308.40000000000066,285.0999999999999,7,PERABEN,0.9947033270647916,2,7.612003269284617,0.0,1.0,1.0,shape_dist_traveled,
BRIBINW,BRIGGS RD & BINNS BLVD,-83.081144,39.931791,1,009,1,1,19,6,am_peak+early+evening+midday+owl+pm_peak,False,,False,438.7000000000007,403.90000000000015,2,BRIBINE,0.9194942410633324,3,28.574289195468438,0.0,0.6666666666666666,0.8028673835125449,shape_dist_traveled,
NORKENN,NORTON RD & KENDRICK DR,-83.143983,39.921836,1,009,1,1,19,6,am_peak+early+evening+midday+owl+pm_peak,False,,False,285.99999999999426,563.1000000000057,3,NORKENS,0.16270412455640762,0,0.0,0.0,0.0,0.0,shape_dist_traveled,catchment not reconstructable
BRYMORE,BRYDEN RD & MORRISON AVE,-82.955144,39.960134,1,011,1,1,19,6,am_peak+early+evening+midday+owl+pm_peak,False,,False,224.0000000000002,193.19999999999737,8,BRYMORW,0.4710184907678879,3,10.598250705696275,0.0,1.0,1.0,shape_dist_traveled,
BRYKELE,BRYDEN RD & KELTON AVE,-82.95779,39.960203,1,011,1,1,19,6,am_peak+early+evening+midday+owl+pm_peak,False,,False,206.09999999999928,224.0000000000002,9,BRYKELW,0.6294092916201011,4,20.05470092099987,0.0,0.75,0.8394160583941606,shape_dist_traveled,
BREHOLN,BRENTNELL AVE & HOLT AVE,-82.949169,39.999959,1,009,1,1,19,6,am_peak+early+evening+midday+owl+pm_peak,False,,False,390.7000000000025,475.19999999999743,3,BREHOLS,0.41603262996406015,2,13.994375241223258,0.0,1.0,1.0,shape_dist_traveled,
BRYOPPE,BRYDEN RD & KENDALL PL,-82.962921,39.960279,1,011,1,1,19,6,am_peak+early+evening+midday+owl+pm_peak,False,,False,312.0999999999974,229.10000000000252,10,BRYALTW,0.4054544741360089,1,6.265264229334262,0.0,1.0,1.0,shape_dist_traveled,
BRYWILE,BRYDEN RD & WILSON AVE,-82.966614,39.960339,1,011,1,1,19,6,am_peak+early+evening+midday+owl+pm_peak,False,,False,200.1000000000026,312.0999999999974,12,BRYWILW,0.4590459455944932,1,6.265264229334262,0.0,1.0,1.0,shape_dist_traveled,
MAICOOS,MAIZE RD & E COOKE RD,-82.988413,40.047917,1,011,1,1,19,6,am_peak+early+evening+midday+owl+pm_peak,False,,False,450.9999999999996,383.7999999999999,4,MAICOON,0.7097408971931507,1,14.833647396554658,0.0,1.0,1.0,shape_dist_traveled,
DEMBRIS1,DEMOREST RD & BRIGGS RD,-83.090149,39.933432,1,009,1,1,19,6,am_peak+early+evening+midday+owl+pm_peak,False,,False,424.5999999999981,569.8000000000008,2,DEMBRGN,0.27911101832282836,3,17.50760751935462,0.0,1.0,1.0,shape_dist_traveled,
MOUCLAW,MOUND ST & CLARENDON AVE,-83.05624,39.940313,1,009,1,1,19,6,am_peak+early+evening+midday+owl+pm_peak,False,,False,345.8000000000005,218.59999999999857,5,MOUCLAE,0.15492747944707813,3,6.570580843981393,0.0,1.0,1.0,shape_dist_traveled,
PER271S,2717 PERDUE AVE,-82.952078,40.024242,1,009,1,1,19,6,am_peak+early+evening+midday+owl+pm_peak,False,,False,274.6000000000004,223.4999999999996,7,PER272N,0.15521598840396128,1,6.6751413284495875,0.0,1.0,1.0,shape_dist_traveled,
PERAGLS,PERDUE AVE & AGLER RD,-82.951917,40.026681,1,009,1,1,19,6,am_peak+early+evening+midday+owl+pm_peak,False,,False,207.30000000000004,274.6000000000004,5,PERAGLN,0.3627420508817699,1,24.826841432128337,0.0,1.0,1.0,shape_dist_traveled,
AGLWOOW,AGLER RD & WOODLAND AVE,-82.949749,40.026941,1,009,1,1,19,6,am_peak+early+evening+midday+owl+pm_peak,False,,False,416.59999999999985,207.30000000000004,5,AGLWOOE,0.43831725113189607,2,31.501982760577924,0.0,1.0,1.0,shape_dist_traveled,
AGLBRIWW,AGLER RD & BRIDGEWALK ST,-82.944822,40.026743,1,009,1,1,19,6,am_peak+early+evening+midday+owl+pm_peak,False,,False,449.49999999999955,416.59999999999985,1,AGLBRIE,0.19832134221131173,0,0.0,0.0,0.0,0.0,shape_dist_traveled,catchment not reconstructable
AGLCLUW,AGLER RD & CLUB HOUSE DR,-82.939532,40.026693,1,009,1,1,19,6,am_peak+early+evening+midday+owl+pm_peak,False,,False,547.5000000000003,449.49999999999955,1,AGLCLUE,0.6346405784951429,0,0.0,0.0,0.0,0.0,shape_dist_traveled,catchment not reconstructable
BRIBRIW,BRIGGS RD & S BRINKER AVE,-83.085693,39.932872,1,009,1,1,19,6,am_peak+early+evening+midday+owl+pm_peak,False,,False,403.90000000000015,424.5999999999981,3,BRIBIRE,1.0131949435599792,1,5.152740674592664,0.0,1.0,1.0,shape_dist_traveled,
BRYMILE,BRYDEN RD & MILLER AVE,-82.960225,39.960234,1,011,1,1,19,6,am_peak+early+evening+midday+owl+pm_peak,False,,False,229.10000000000252,206.09999999999928,9,BRYMILW,0.17657146246017025,1,6.265264229334262,0.0,1.0,1.0,shape_dist_traveled,
BRELISN,BRENTNELL AVE & LISA DR,-82.949452,39.996475,1,009,1,1,19,6,am_peak+early+evening+midday+owl+pm_peak,False,,False,265.49999999999943,390.7000000000025,4,BREORIS,1.6338568217942577,1,7.202126170169292,0.0,1.0,1.0,shape_dist_traveled,
BRE1257N,1257 BRENTNELL AVE,-82.949668,39.994111,1,009,1,1,19,6,am_peak+early+evening+midday+owl+pm_peak,False,,False,244.29999999999907,265.49999999999943,5,BRE125S,0.20680330460953913,1,7.202126170169292,0.0,1.0,1.0,shape_dist_traveled,
BREMIDS,BRENTNELL AVE & MIDDLEHURST DR,-82.948313,40.006526,1,009,1,1,19,6,am_peak+early+evening+midday+owl+pm_peak,False,,False,369.69999999999993,292.7999999999997,4,BREMIDN,0.49350390961774393,2,26.548325248412674,0.0,1.0,1.0,shape_dist_traveled,
SAIBUCN,SAINT CLAIR AVE & BUCKINGHAM ST,-82.980709,39.972809,1,009,1,1,19,6,am_peak+early+evening+midday+owl+pm_peak,False,,False,489.10000000000053,316.5999999999975,6,SAIBUCS,0.2335502028621607,1,2.869139693807279,0.0,1.0,1.0,shape_dist_traveled,
BREDAWN,BRENTNELL AVE & DAWNLIGHT AVE,-82.94767,40.01213,1,009,1,1,19,6,am_peak+early+evening+midday+owl+pm_peak,False,,False,207.2999999999965,293.8000000000045,8,BREMOCS,0.3546159848397969,0,0.0,0.0,0.0,0.0,shape_dist_traveled,catchment not reconstructable
BREDELN,BRENTNELL AVE & DELAVAN DR,-82.947846,40.010357,1,009,1,1,19,6,am_peak+early+evening+midday+owl+pm_peak,False,,False,468.90000000000146,207.2999999999965,6,BREDELS,0.775586388448967,0,0.0,0.0,0.0,0.0,shape_dist_traveled,catchment not reconstructable
MOUTOWW,W MOUND ST & TOWNSEND AVE,-83.04404,39.943582,1,009,1,1,19,6,am_peak+early+evening+midday+owl+pm_peak,False,,False,330.89999999999975,208.49999999999724,6,MOUEDWE,1.087976841288055,1,1.9615546886233437,0.0,0.5,0.432258064516129,shape_dist_traveled,
MOURYAW,W MOUND ST & RYAN AVE,-83.040376,39.944578,1,009,1,1,19,6,am_peak+early+evening+midday+owl+pm_peak,False,,False,246.80000000000035,330.89999999999975,10,MOURYAE,0.5032112907902828,2,4.537925025919676,0.0,1.0,1.0,shape_dist_traveled,
MOUCENWF,W MOUND ST & CENTRAL POINT,-83.037631,39.945335,1,009,1,1,19,6,am_peak+early+evening+midday+owl+pm_peak,False,,False,391.10000000000156,246.80000000000035,10,MOUCENE,0.24969427036338523,1,2.576370337296332,0.0,1.0,1.0,shape_dist_traveled,
CENUNIS,S CENTRAL AVE & UNION AVE,-83.036205,39.947825,1,009,1,1,19,6,am_peak+early+evening+midday+owl+pm_peak,False,,False,256.79999999999836,391.10000000000156,12,CENTHON,0.1725136631945772,0,0.0,0.0,0.0,0.0,shape_dist_traveled,catchment not reconstructable
CENRICS,S CENTRAL AVE & W RICH ST,-83.037255,39.952932,1,009,1,1,19,6,am_peak+early+evening+midday+owl+pm_peak,False,,False,221.79999999999822,323.90000000000185,11,CENRICN,0.8293161310191822,1,1.932277752972249,0.0,1.0,1.0,shape_dist_traveled,
HAGROSS,HAGUE AVE & ROSEDALE AVE,-83.075423,39.934275,1,009,1,1,19,6,am_peak+early+evening+midday+owl+pm_peak,False,,False,275.39999999999765,366.9000000000011,5,HAGROSN,0.5347569301666575,3,10.978850869160507,0.0,1.0,1.0,shape_dist_traveled,
TOWPRIW,W TOWN ST & S PRINCETON AVE,-83.034272,39.954685,1,009,1,1,19,6,am_peak+early+evening+midday+owl+pm_peak,False,,False,234.7999999999999,201.5000000000029,8,TOWPRIE,0.5583280017374843,2,3.483955342480267,0.0,0.6666666666666666,0.4576923076923076,shape_dist_traveled,
TOWYALW,W TOWN ST & S YALE AVE,-83.031532,39.95501,1,009,1,1,19,6,am_peak+early+evening+midday+owl+pm_peak,False,,False,309.79999999999916,234.7999999999999,9,TOWYALE,0.6076167454031994,2,3.9816632485488768,0.0,0.5,0.6102941176470589,shape_dist_traveled,
MOUWARW,W MOUND ST & S WARREN AVE,-83.070889,39.939803,1,009,1,1,19,6,am_peak+early+evening+midday+owl+pm_peak,False,,False,340.70000000000175,290.3999999999982,5,MOURACE,0.32627243401311695,4,14.784852503802814,0.0,0.75,0.8138613861386138,shape_dist_traveled,
MOURICW,W MOUND ST & S RICHARDSON AVE,-83.066924,39.939214,1,009,1,1,19,6,am_peak+early+evening+midday+owl+pm_peak,False,,False,338.89999999999884,340.70000000000175,5,MOURICE,0.21241581120983227,1,2.7520319512029,0.0,1.0,1.0,shape_dist_traveled,
MOUWAYW,W MOUND ST & S WAYNE AVE,-83.063034,39.938529,1,009,1,1,19,6,am_peak+early+evening+midday+owl+pm_peak,False,,False,403.6000000000008,338.89999999999884,4,MOUWAYE,0.24061125511532744,3,6.746242457887961,0.0,1.0,1.0,shape_dist_traveled,
MOUHIGW2,W MOUND ST & S HIGHLAND AVE,-83.058678,39.939658,1,009,1,1,19,6,am_peak+early+evening+midday+owl+pm_peak,False,,False,218.59999999999857,403.6000000000008,5,MOUHIGE,0.19059907952674074,3,7.946596819582842,0.0,0.6666666666666666,0.4787644787644787,shape_dist_traveled,
SAIOLDS,SAINT CLAIR AVE & LEONARD AVE,-82.98066,39.97495,1,009,1,1,19,6,am_peak+early+evening+midday+owl+pm_peak,False,,False,740.4999999999991,256.4000000000028,3,SAIOLDN,0.964741655136147,2,7.729111011888996,0.0,0.5,0.6287878787878788,shape_dist_traveled,
MOUBELW,W MOUND ST & BELVIDERE AVE,-83.052404,39.941353,1,009,1,1,19,6,am_peak+early+evening+midday+owl+pm_peak,False,,False,194.80000000000075,345.8000000000005,5,MOUWREE,1.2116764185153008,1,2.576370337296332,0.0,0.5,0.4705882352941176,shape_dist_traveled,
MOUHILW,W MOUND ST & HILLTONIA AVE,-83.050241,39.94194,1,009,1,1,19,6,am_peak+early+evening+midday+owl+pm_peak,False,,False,347.30000000000064,194.80000000000075,5,MOUWREE,1.2634995540024352,2,5.4747869667547056,0.0,1.0,1.0,shape_dist_traveled,
MOUWOOW,W MOUND ST & WOODBURY AVE,-83.046368,39.942962,1,009,1,1,19,6,am_peak+early+evening+midday+owl+pm_peak,False,,False,208.49999999999724,347.30000000000064,5,MOULARE,0.9314838506758163,2,4.537925025919676,0.0,0.5,0.432258064516129,shape_dist_traveled,
CENSULS,S CENTRAL AVE & SULLIVANT AVE,-83.036682,39.95008,1,009,1,1,19,6,am_peak+early+evening+midday+owl+pm_peak,False,,False,323.90000000000185,256.79999999999836,9,CENSULN,0.2737707050513886,1,4.12804792680435,0.0,1.0,1.0,shape_dist_traveled,
TOWBREW,W TOWN ST & BREHL AVE,-83.036627,39.954408,1,009,1,1,19,6,am_peak+early+evening+midday+owl+pm_peak,False,,False,201.5000000000029,221.79999999999822,6,TOWBREE,0.6017912672622521,2,3.483955342480267,0.0,1.0,1.0,shape_dist_traveled,
WILBRON1,N WILSON RD & W BROAD ST,-83.094393,39.954629,1,005,1,1,18,6,am_peak+early+evening+midday+owl+pm_peak,False,,False,479.09999999999985,827.0999999999997,5,BROWILRE,1.1092795523985512,2,109.76899073450335,0.0,1.0,1.0,shape_dist_traveled,
WILVALN,N WILSON RD & VALLEYVIEW DR,-83.092519,39.961885,1,005,1,1,18,6,am_peak+early+evening+midday+owl+pm_peak,False,,False,827.0999999999997,518.8000000000006,1,WILVALS,0.6050294813649402,0,0.0,0.0,0.0,0.0,shape_dist_traveled,catchment not reconstructable
WILFISN,N WILSON RD & FISHER RD,-83.094681,39.966245,1,005,1,1,18,6,am_peak+early+evening+midday+owl+pm_peak,False,,False,518.8000000000006,536.3999999999995,1,WILFISS,1.92203629276147,0,0.0,0.0,0.0,0.0,shape_dist_traveled,catchment not reconstructable
WILLINN,N WILSON RD & LINDENDALE DR,-83.097358,39.970742,1,005,1,1,18,6,am_peak+early+evening+midday+owl+pm_peak,False,,False,536.3999999999995,1077.3999999999999,2,WILFERS,0.3421160258437759,1,22.0162556096232,0.0,1.0,1.0,shape_dist_traveled,
WILTWIN1,N WILSON RD & TWIN CREEKS DR,-83.102493,39.979366,1,005,1,1,18,6,am_peak+early+evening+midday+owl+pm_peak,False,,False,1077.3999999999999,381.49999999999994,3,WILTWIS1,0.35766685478517574,2,63.519239588615115,0.0,1.0,1.0,shape_dist_traveled,
WILGRIN1,N WILSON RD & GRIMES DR,-83.104335,39.982473,1,005,1,1,18,6,am_peak+early+evening+midday+owl+pm_peak,False,,False,381.49999999999994,689.7000000000002,3,WILGRIS1,0.3089858658117716,2,41.502983978991864,0.0,1.0,1.0,shape_dist_traveled,
WILFISS,N WILSON RD & FISHER RD,-83.095652,39.967411,1,005,1,1,18,6,am_peak+early+evening+midday+owl+pm_peak,False,,False,418.99999999999693,716.0000000000011,2,WILFISN,1.92203629276147,0,0.0,0.0,0.0,0.0,shape_dist_traveled,catchment not reconstructable
WILTWIS1,N WILSON RD & TWIN CREEKS DR,-83.102615,39.979126,1,005,1,1,18,6,am_peak+early+evening+midday+owl+pm_peak,False,,False,387.59999999999906,1022.7000000000004,3,WILTWIN1,0.35766685478517574,2,63.519239588615115,0.0,1.0,1.0,shape_dist_traveled,
WILSOLS,WILSON RD & SOLDANO BLVD,-83.093994,39.956758,1,005,1,1,18,6,am_peak+early+evening+midday+owl+pm_peak,False,,False,542.2000000000012,594.7999999999993,3,WILBRON1,2.9854435372620824,1,100.01001218413845,0.0,0.5,0.9598587026332688,shape_dist_traveled,
WILVALS,N WILSON RD & VALLEYVIEW DR,-83.092753,39.961488,1,005,1,1,18,6,am_peak+early+evening+midday+owl+pm_peak,False,,False,716.0000000000011,542.2000000000012,1,WILVALN,0.6050294813649402,0,0.0,0.0,0.0,0.0,shape_dist_traveled,catchment not reconstructable
WILGRIS1,N WILSON RD & GRIMES DR,-83.10449,39.982285,1,005,1,1,18,6,am_peak+early+evening+midday+owl+pm_peak,False,,False,558.7000000000018,387.59999999999906,3,WILGRIN1,0.3089858658117716,2,41.502983978991864,0.0,1.0,1.0,shape_dist_traveled,
WILFERS,N WILSON RD & FERRELL PL,-83.097664,39.970815,1,005,1,1,18,6,am_peak+early+evening+midday+owl+pm_peak,False,,False,1022.7000000000004,418.99999999999693,1,WILLINN,0.3421160258437759,1,22.0162556096232,0.0,1.0,1.0,shape_dist_traveled,
DALDUBN,DUBLIN DALE DR PARK & RIDE,-83.107152,40.101557,2,073+141,6,2,18,4,am_peak+evening+midday+pm_peak,True,073,True,757.6999999999998,971.6,2,DUBDALW,2.689008098782656,0,0.0,0.0,0.0,0.0,shape_dist_traveled,terminal; transfer point (2 routes); catchment not reconstructable
MORSTEW1,MORSE RD & STELZER RD,-82.911645,40.057808,1,035,1,1,18,5,am_peak+early+evening+midday+pm_peak,False,,False,305.50000000000034,275.50000000000097,12,STEMORS1,1.6666884641498587,0,0.0,0.0,0.0,0.0,shape_dist_traveled,catchment not reconstructable
WESVALN,WESTERVILLE RD & VALLEY PARK AVE,-82.93206,40.06596,1,035,1,1,18,5,am_peak+early+evening+midday+pm_peak,False,,False,501.8999999999991,474.49999999999903,1,WESVALS1,0.9720887583385943,2,80.04314207009293,0.0,1.0,1.0,shape_dist_traveled,
161FORE,STATE ROUTE 161 & FOREST HILLS BLVD,-82.944773,40.084097,1,035,1,1,18,5,am_peak+early+evening+midday+pm_peak,False,,False,149.9000000000006,284.39999999999975,6,161FORW,0.13359705484116366,3,35.91304106534283,0.0,1.0,1.0,shape_dist_traveled,
NORCLEE1,NORTHLAND PLAZA DR & CLEVELAND AVE,-82.950817,40.081765,1,035,1,1,18,5,am_peak+early+evening+midday+pm_peak,False,,False,355.6999999999997,353.4000000000006,9,NORCLEW1,0.35029239698833603,0,0.0,0.0,0.0,0.0,shape_dist_traveled,catchment not reconstructable
161NOAKE,STATE ROUTE 161 & OAK KNOLL DR,-82.941571,40.08341,1,035,1,1,18,5,am_peak+early+evening+midday+pm_peak,False,,False,284.39999999999975,371.79999999999944,7,161NORW,1.4608997002104869,2,12.550046415769254,0.0,1.0,1.0,shape_dist_traveled,
FORNORN,FOREST HILLS BLVD &  NORTHLAND PLAZA DR,-82.945519,40.08344,1,035,1,1,18,5,am_peak+early+evening+midday+pm_peak,False,,False,291.3999999999994,149.9000000000006,6,FORNORS,0.3951046021256236,1,5.796833258916747,0.0,1.0,1.0,shape_dist_traveled,
NORSERE,NORTHLAND PLAZA DR & S SERVICE RD,-82.948265,40.083678,1,035,1,1,18,5,am_peak+early+evening+midday+pm_peak,False,,False,353.4000000000006,291.3999999999994,12,NORSERW,0.7144137257615897,0,0.0,0.0,0.0,0.0,shape_dist_traveled,catchment not reconstructable
ODGVALE,OLD DUBLIN-GRANVILLE RD & VALLEY LN,-82.932061,40.081032,1,035,1,1,18,5,am_peak+early+evening+midday+pm_peak,False,,False,558.4000000000007,265.49999999999943,3,ODGVALW,0.23857386905333783,1,8.470793381716728,0.0,1.0,1.0,shape_dist_traveled,
WILTRAS,N WILSON RD & TRABUE RD,-83.107189,39.986836,1,005,1,1,18,6,am_peak+early+evening+midday+owl+pm_peak,False,,False,603.900000000003,558.7000000000018,3,TRAWILW,1.2627652600929402,0,0.0,0.0,0.0,0.0,shape_dist_traveled,catchment not reconstructable
WESWALS,WESTERVILLE RD & WALLINGFORD AVE,-82.935192,40.062004,1,035,1,1,18,5,am_peak+early+evening+midday+pm_peak,False,,False,440.10000000000105,472.3999999999986,3,WESWALN1,0.2811845163322748,1,44.32528057575739,0.0,1.0,1.0,shape_dist_traveled,
WESVALS1,WESTERVILLE RD & VALLEY PARK AVE,-82.932656,40.06543,1,035,1,1,18,5,am_peak+early+evening+midday+pm_peak,False,,False,486.5999999999992,440.10000000000105,1,WESVALN,0.9720887583385943,2,80.04314207009293,0.0,1.0,1.0,shape_dist_traveled,
WESFRES1,WESTERVILLE RD & FRENCHPARK DR,-82.929866,40.069239,1,035,1,1,18,5,am_peak+early+evening+midday+pm_peak,False,,False,484.09999999999974,486.5999999999992,1,WESFREN,0.8218243898511652,1,35.71786149433553,0.0,1.0,1.0,shape_dist_traveled,
WESJONS,WESTERVILLE RD & JONATHAN NOBLE WAY,-82.928758,40.073354,1,035,1,1,18,5,am_peak+early+evening+midday+pm_peak,False,,False,423.1000000000007,484.09999999999974,1,WESJONN,0.2388737541449677,1,35.71786149433553,0.0,1.0,1.0,shape_dist_traveled,
WESMINS,WESTERVILLE RD & MINERVA LAKE RD,-82.92869,40.077129,1,035,1,1,18,5,am_peak+early+evening+midday+pm_peak,False,,False,446.10000000000036,423.1000000000007,2,WESJOHN,1.004056460353256,0,0.0,0.0,0.0,0.0,shape_dist_traveled,catchment not reconstructable
ODGWESE,OLD DUBLIN-GRANVILLE & WESTERVILLE RD,-82.92897,40.080646,1,035,1,1,18,5,am_peak+early+evening+midday+pm_peak,False,,False,265.49999999999943,446.10000000000036,5,ODGWESTW,0.42287882137493843,1,8.470793381716728,0.0,1.0,1.0,shape_dist_traveled,
161PONE,STATE RTE 161 N SVC RD & PONDEROSA,-82.937417,40.082441,1,035,1,1,18,5,am_peak+early+evening+midday+pm_peak,False,,False,371.79999999999944,558.4000000000007,3,161PONW,0.19360781015103473,4,34.7224456821983,0.0,1.0,1.0,shape_dist_traveled,
MORMORE1,MORSE RD & MORSE CROSSING,-82.917598,40.057769,1,035,1,1,18,5,am_peak+early+evening+midday+pm_peak,False,,False,387.5000000000011,710.9999999999985,6,MORMOXW,1.7500958144059982,0,0.0,0.0,0.0,0.0,shape_dist_traveled,catchment not reconstructable
161FORW,STATE ROUTE 161 & FOREST HILLS BLVD,-82.9448,40.084191,1,035,1,1,18,5,am_peak+early+evening+midday+pm_peak,False,,False,407.0,169.49999999999932,6,161FORE,0.13359705484116366,3,35.91304106534283,0.0,1.0,1.0,shape_dist_traveled,
WESFREN,WESTERVILLE RD & FRENCHPARK DR,-82.929332,40.069666,1,035,1,1,18,5,am_peak+early+evening+midday+pm_peak,False,,False,474.49999999999903,428.5000000000032,1,WESFRES1,0.8218243898511652,1,35.71786149433553,0.0,1.0,1.0,shape_dist_traveled,
WESJONN,WESTERVILLE RD & JONATHAN NOBLE WAY,-82.928549,40.073416,1,035,1,1,18,5,am_peak+early+evening+midday+pm_peak,False,,False,428.5000000000032,494.09999999999957,1,WESJONS,0.2388737541449677,1,35.71786149433553,0.0,1.0,1.0,shape_dist_traveled,
WESJOHN,WESTERVILLE RD & JOHNNY APPLESEED CT,-82.928424,40.077823,1,035,1,1,18,5,am_peak+early+evening+midday+pm_peak,False,,False,494.09999999999957,396.20000000000033,3,WESMINS,1.004056460353256,0,0.0,0.0,0.0,0.0,shape_dist_traveled,catchment not reconstructable
ODGWESTW,OLD DUBLIN-GRANVILLE & WESTERVILLE RD,-82.929316,40.080795,1,035,1,1,18,5,am_peak+early+evening+midday+pm_peak,False,,False,396.20000000000033,234.5999999999968,4,ODGWESE,0.42287882137493843,1,8.470793381716728,0.0,1.0,1.0,shape_dist_traveled,
ODGVALW,OLD DUBLIN-GRANVILLE RD & VALLEY LN,-82.931967,40.081188,1,035,1,1,18,5,am_peak+early+evening+midday+pm_peak,False,,False,234.5999999999968,558.7000000000018,3,ODGVALE,0.23857386905333783,1,8.470793381716728,0.0,1.0,1.0,shape_dist_traveled,
161PONW,SR 161 SVC RD & PONDEROSA,-82.937527,40.082552,1,035,1,1,18,5,am_peak+early+evening+midday+pm_peak,False,,False,558.7000000000018,242.79999999999902,3,161PONE,0.19360781015103473,4,34.7224456821983,0.0,1.0,1.0,shape_dist_traveled,
161NORW,STATE ROUTE 161 & NORTHERN WOODS LN,-82.940261,40.083101,1,035,1,1,18,5,am_peak+early+evening+midday+pm_peak,False,,False,242.79999999999902,407.0,3,161NOAKE,1.4608997002104869,2,12.550046415769254,0.0,1.0,1.0,shape_dist_traveled,
WESWALN1,WESTERVILLE RD & WALLINGFORD AVE,-82.934933,40.062042,1,035,1,1,18,5,am_peak+early+evening+midday+pm_peak,False,,False,512.3999999999995,501.8999999999991,2,WESWALS,0.2811845163322748,1,44.32528057575739,0.0,1.0,1.0,shape_dist_traveled,
FORNORS,FOREST HILLS BLVD & NORTHLAND PLAZA DR,-82.945795,40.08325,1,035,1,1,18,5,am_peak+early+evening+midday+pm_peak,False,,False,169.49999999999932,323.90000000000185,6,FORNORN,0.3951046021256236,1,5.796833258916747,0.0,1.0,1.0,shape_dist_traveled,
NORSERW,NORTHLAND PLAZA DR & S SERVICE RD,-82.948878,40.08347,1,035,1,1,18,5,am_peak+early+evening+midday+pm_peak,False,,False,323.90000000000185,314.0999999999998,12,NORSERE,0.7144137257615897,0,0.0,0.0,0.0,0.0,shape_dist_traveled,catchment not reconstructable
NORCLEW1,NORTHLAND PLAZA DR & CLEVELAND AVE,-82.951046,40.081946,1,035,1,1,18,5,am_peak+early+evening+midday+pm_peak,False,,False,314.0999999999998,193.20000000000093,10,NORCLEE1,0.35029239698833603,0,0.0,0.0,0.0,0.0,shape_dist_traveled,catchment not reconstructable
MOREASW,MORSE RD & EASTON LOOP,-82.914895,40.057965,1,035,1,1,18,5,am_peak+early+evening+midday+pm_peak,False,,False,275.50000000000097,361.5999999999992,6,MORMORE1,2.8954089360556616,0,0.0,0.0,0.0,0.0,shape_dist_traveled,catchment not reconstructable
MORWESW1,MORSE RD & WESTERVILLE RD,-82.93635,40.058897,1,035,1,1,18,5,am_peak+early+evening+midday+pm_peak,False,,False,371.80000000000035,512.3999999999995,6,MORWESE,0.510504060031191,1,21.875726318497968,0.0,1.0,1.0,shape_dist_traveled,
NORTER1,SPRING ST TERMINAL BAY 1,-83.002432,39.96596,2,004+051,3,2,13,4,am_peak+evening+owl+pm_peak,True,051,True,439.1000000000034,192.90000000000163,12,NORTER2,0.11176664062795834,1,457.4228426127038,0.0,1.0,1.0,shape_dist_traveled,terminal; transfer point (2 routes)
SPRMARW,W SPRING ST & MARCONI BLVD,-83.004621,39.965979,3,071+073+141,4,1,11,3,am_peak+midday+pm_peak,False,,True,166.59999999999985,11367.4,12,FROLAFS,1.646966608446419,0,0.0,0.0,0.0,0.0,shape_dist_traveled,transfer point (3 routes); catchment not reconstructable
COLUMBN,COLUMBUS ZOO,-83.113657,40.154474,1,141,2,2,10,4,am_peak+evening+midday+pm_peak,True,141,False,7744.700000000002,7893.4,0,,,0,0.0,0.0,0.0,0.0,shape_dist_traveled,terminal; no walking alternative within 5 min; catchment not reconstructable
STAHIGW,E STATE ST & S HIGH ST,-82.999338,39.960323,1,141,2,2,10,4,am_peak+evening+midday+pm_peak,True,141,False,332.00000000000074,254.2,12,HIGSTANN,0.9942752799096726,0,0.0,0.0,0.0,0.0,shape_dist_traveled,terminal; catchment not reconstructable
NORTER3,SPRING ST TERMINAL BAY 3,-83.002408,39.9658,2,007+061,4,2,9,4,am_peak+evening+owl+pm_peak,True,061,True,457.30000000000007,174.59999999999985,12,NORTER2,0.11176664043573492,1,457.4228426127038,0.0,1.0,1.0,shape_dist_traveled,terminal; transfer point (2 routes)
RIVNOTN,RIVERSIDE DR & NOTTINGHAM RD,-83.09106,40.02633,2,073+141,2,1,8,3,am_peak+midday+pm_peak,False,,True,11367.4,8896.2,3,RIVNOTS,0.3579484957901822,1,15.067862881763418,0.0,1.0,1.0,shape_dist_traveled,transfer point (2 routes)
SOUTER9,COTA TRANSIT TERMINAL BAY 9,-82.998817,39.956477,1,073,4,2,8,2,am_peak+pm_peak,True,073,False,390.0999999999968,602.5,13,SOUTER7,0.2660395031930686,1,251.4303233716012,0.0,1.0,1.0,shape_dist_traveled,terminal
SOUTER6,COTA TRANSIT TERMINAL BAY 6,-82.999038,39.956939,3,042+043+046,8,2,8,2,am_peak+pm_peak,True,042+043+046,True,351.1999999999986,381.7,12,SOUTER3,0.14983123097937148,1,251.4303233716012,0.0,1.0,1.0,shape_dist_traveled,terminal; transfer point (3 routes)
RIVNOTS,RIVERSIDE DR & NOTTINGHAM RD,-83.091392,40.026293,2,073+141,2,1,8,4,am_peak+evening+midday+pm_peak,False,,True,9241.9,11659.599999999997,3,RIVNOTN,0.3579484957901822,1,15.067862881763418,0.0,1.0,1.0,shape_dist_traveled,transfer point (2 routes)
NORTER4,SPRING ST TERMINAL BAY 4,-83.002384,39.96571,1,010,2,1,7,2,evening+owl,False,,False,364.8000000000007,538.3999999999993,12,NORTER5,0.11176663960036906,1,457.4228426127038,0.0,1.0,1.0,shape_dist_traveled,
NORTER5,SPRING ST TERMINAL BAY 5,-83.002372,39.96563,1,052,2,2,6,2,am_peak+pm_peak,True,052,False,476.5000000000015,514.1,12,NORTER4,0.11176663960036906,1,457.4228426127038,0.0,1.0,1.0,shape_dist_traveled,terminal
SOUTER3,COTA TRANSIT TERMINAL BAY 3,-82.998928,39.957006,2,071+075,4,2,6,2,am_peak+pm_peak,True,071+075,True,329.3999999999997,663.1,12,SOUTER6,0.14983123097937148,1,251.4303233716012,0.0,1.0,1.0,shape_dist_traveled,terminal; transfer point (2 routes)
SOUTER8,COTA TRANSIT TERMINAL BAY 8,-82.998988,39.956723,1,045,4,2,6,2,am_peak+pm_peak,True,045,False,326.8000000000022,406.0,12,SOUTER7,0.16662737638995737,1,251.4303233716012,0.0,1.0,1.0,shape_dist_traveled,terminal
SOUTER7,COTA TRANSIT TERMINAL BAY 7,-82.99885,39.956667,2,072+074,4,2,6,2,am_peak+pm_peak,True,072+074,True,367.69999999999925,624.8000000000001,12,SOUTER8,0.16662737638995737,1,251.4303233716012,0.0,1.0,1.0,shape_dist_traveled,terminal; transfer point (2 routes)
EFULGRAE,E FULTON ST & S GRANT AVE,-82.990908,39.954333,1,051,1,1,5,2,am_peak+pm_peak,False,,False,262.4,16435.9,10,MOU5THW1,2.503058619135743,1,14.755575568151754,0.0,0.5,0.29319371727748733,shape_dist_traveled,
EFUL4THE,E FULTON ST & S 4TH ST,-82.993938,39.953988,1,051,1,1,5,2,am_peak+pm_peak,False,,False,355.19999999999993,262.4,10,LIVMOHW,1.9902974575972334,1,14.755575568151754,0.0,1.0,1.0,shape_dist_traveled,
VINPARW,VINE ST & N PARK ST,-83.005171,39.971546,3,072+074+075,3,1,4,1,pm_peak,False,,True,581.3999999999999,1256.1000000000004,9,VINFROE,0.10702895416129651,1,16.83423799937946,0.0,1.0,1.0,shape_dist_traveled,transfer point (3 routes)
GRORIDS,GROVE CITY PARK AND RIDE,-83.063987,39.878393,1,061,2,2,4,2,am_peak+pm_peak,True,061,False,768.2000000000003,11389.2,2,STRPARE,0.7310070622823275,1,67.6492393111293,0.0,1.0,1.0,shape_dist_traveled,terminal
VINFROE,VINE ST & N FRONT ST,-83.005188,39.97147,3,072+074+075,3,1,4,1,am_peak,False,,True,1225.0999999999995,389.7000000000013,8,VINPARW,0.10702895416129651,1,16.83423799937946,0.0,1.0,1.0,shape_dist_traveled,transfer point (3 routes)
WESP&RW,WESTERVILLE PARK AND RIDE,-82.943967,40.125778,1,043,4,2,4,2,am_peak+pm_peak,True,043,False,466.0000000000011,482.59999999999997,1,CLEMAINN,4.788594194892061,0,0.0,0.0,0.0,0.0,shape_dist_traveled,terminal; catchment not reconstructable
SOUTER4,COTA TRANSIT TERMINAL BAY 4,-82.999079,39.957151,2,041+044,4,2,4,2,am_peak+pm_peak,True,041+044,True,375.2999999999993,357.5,12,SOUTER3,0.25789032116291144,1,251.4303233716012,0.0,1.0,1.0,shape_dist_traveled,terminal; transfer point (2 routes)
5054PARW,5054 PARKCENTER AVE,-83.125792,40.079194,1,072,1,1,2,1,pm_peak,True,072,False,681.6999999999994,,3,5139PARE,0.8270614330183246,0,0.0,0.0,0.0,0.0,shape_dist_traveled,terminal; catchment not reconstructable
FROSYCS,S FRONT ST & SYCAMORE ST,-82.999913,39.94858,1,061,1,1,2,2,am_peak+pm_peak,False,,False,805.8000000000001,10562.6,7,FROSYCN,0.9133277599192005,2,59.46145630737334,0.0,0.5,0.7163958641063516,shape_dist_traveled,
FROSYCN,S FRONT ST & W SYCAMORE ST,-82.999864,39.949237,1,061,1,1,2,2,am_peak+pm_peak,False,,False,11389.2,694.1999999999986,6,FROSYCS,0.9133277599192005,1,42.597941372342795,0.0,0.5,0.7163958641063516,shape_dist_traveled,
AGL540W,540 AGLER RD,-82.896671,40.01968,1,046,2,2,2,2,am_peak+pm_peak,False,,False,332.7,290.5999999999995,2,AGLLINCW,3.668957997417644,2,21.497635606660953,0.0,1.0,1.0,shape_dist_traveled,
SAWBETS,SAWMILL RD & BETHEL RD,-83.093366,40.06596,1,072,1,1,2,1,pm_peak,False,,False,357.5000000000017,623.0000000000011,4,SAWBETN,0.3427723480822781,2,17.53688445500574,0.0,1.0,1.0,shape_dist_traveled,
TANWECS,TANGLEWOOD PARK BLVD & WESTCHESTER,-83.155115,39.985444,1,071,1,1,2,1,am_peak,False,,False,596.2000000000005,689.6999999999994,4,TANWECN,0.7039810232370493,1,6.821526006705061,0.0,1.0,1.0,shape_dist_traveled,
TANSTES,TANGLEWOOD PARK BLVD & STEFFI DR,-83.155513,39.990564,1,071,1,1,2,1,am_peak,False,,False,409.6000000000002,596.2000000000005,3,TANSTEN,0.418417183543405,3,90.85469616410435,0.0,1.0,1.0,shape_dist_traveled,
AGLGAHW,AGLER RD & GAHANNA PARK AND RIDE,-82.892748,40.019522,1,046,2,2,2,2,am_peak+pm_peak,True,046,False,11557.9,332.7,4,NSTAGLN,2.480949407494985,1,4.751228414234794,0.0,0.5,0.43692307692307697,shape_dist_traveled,terminal
5139PARE,5139 PARKCENTER AVE,-83.125038,40.079054,1,072,1,1,2,1,am_peak,True,072,False,,710.2,3,5054PARW,0.8270614330183246,0,0.0,0.0,0.0,0.0,shape_dist_traveled,terminal; catchment not reconstructable
TANSTEN,TANGLEWOOD PARK BLVD & STEFFI DR,-83.155463,39.990265,1,071,1,1,2,1,pm_peak,False,,False,509.4999999999992,731.7999999999997,4,TANSTES,0.418417183543405,3,90.85469616410435,0.0,1.0,1.0,shape_dist_traveled,
TANWECN,TANGLEWOOD PARK BLVD & WESTCHESTER,-83.154787,39.985884,1,071,1,1,2,1,pm_peak,False,,False,503.0999999999999,509.4999999999992,5,TANWECS,0.7039810232370493,1,6.821526006705061,0.0,1.0,1.0,shape_dist_traveled,
AGLLINCW,AGLER RD & LINCOLNSHIRE RD,-82.900104,40.019829,1,046,2,2,2,2,am_peak+pm_peak,True,046,False,290.5999999999995,12125.4,1,AGL540W,3.668957997417644,2,21.497635606660953,0.0,1.0,1.0,shape_dist_traveled,terminal
SCHOPPW,90 W SCHROCK RD,-82.928151,40.10993,1,043,1,1,1,1,pm_peak,False,,False,299.59999999999985,707.3000000000005,3,SCH99BE,0.515461709813057,0,0.0,0.0,0.0,0.0,shape_dist_traveled,catchment not reconstructable
STAWALS,S STATE ST & W WALNUT ST,-82.930036,40.121327,1,043,1,1,1,1,pm_peak,False,,False,712.0,392.50000000000006,2,STAWALN,0.8897491368157651,1,6.230131906552948,0.0,0.0,0.0,shape_dist_traveled,
MAISTAE,W MAIN ST & N STATE ST,-82.932978,40.126581,1,043,1,1,1,1,pm_peak,False,,False,1050.8,712.0,1,MAISTAW,0.17513238313166082,2,133.1515033411787,0.0,1.0,1.0,shape_dist_traveled,
CLECOPS,S CLEVELAND AVE & COPELAND MILL RD,-82.949121,40.113446,1,043,1,1,1,1,am_peak,False,,False,364.49999999999983,20391.0,8,500CLEN,1.6696888760902429,0,0.0,0.0,0.0,0.0,shape_dist_traveled,catchment not reconstructable
CLESCHN,S CLEVELAND AVE & SCHROCK RD,-82.948981,40.111202,1,043,1,1,1,1,pm_peak,False,,False,20468.3,382.7999999999996,6,SCHCLEE,1.4084601017237859,0,0.0,0.0,0.0,0.0,shape_dist_traveled,catchment not reconstructable
MAISTAW,W MAIN ST & N STATE ST,-82.932843,40.126509,1,043,1,1,1,1,am_peak,False,,False,632.4000000000005,1056.4,1,MAISTAE,0.17513238313166082,2,133.1515033411787,0.0,1.0,1.0,shape_dist_traveled,
STAWALN,S STATE ST & E WALNUT ST,-82.93005,40.121968,1,043,1,1,1,1,am_peak,False,,False,474.3999999999993,632.4000000000005,1,STAWALS,0.8897491368157651,0,0.0,0.0,0.0,0.0,shape_dist_traveled,catchment not reconstructable
STAHIAN,S STATE ST & HIAWATHA AVE,-82.928534,40.117892,1,043,1,1,1,1,am_peak,False,,False,477.1999999999998,474.3999999999993,1,STAHIAS,0.2682422944638287,2,17.433439282371843,0.0,1.0,1.0,shape_dist_traveled,
STACHEN,S STATE ST & CHERRINGTON RD,-82.926981,40.113792,1,043,1,1,1,1,am_peak,False,,False,436.399999999999,477.1999999999998,2,STACHES,0.7136549463571294,2,17.433439282371843,0.0,1.0,1.0,shape_dist_traveled,
SCHCOOE,W SCHROCK RD & COOPER RD,-82.942214,40.110468,1,043,1,1,1,1,am_peak,False,,False,480.3999999999995,479.2000000000023,4,SCHCOOW,1.0824769418263709,1,58.43676355958493,0.0,1.0,1.0,shape_dist_traveled,
STASCHN,S STATE ST & E SCHROCK RD,-82.925579,40.110048,1,043,1,1,1,1,am_peak,False,,False,286.00000000000136,436.399999999999,3,STASCHS,0.6581387363285789,1,16.863514935030537,0.0,1.0,1.0,shape_dist_traveled,
SCH99BE,99 W SCHROCK RD,-82.928585,40.109766,1,043,1,1,1,1,am_peak,False,,False,676.0999999999981,286.00000000000136,3,SCHOPPW,0.515461709813057,0,0.0,0.0,0.0,0.0,shape_dist_traveled,catchment not reconstructable
SCHPARE,W SCHROCK RD & PARK MEADOW RD,-82.936557,40.110175,1,043,1,1,1,1,am_peak,False,,False,479.2000000000023,676.0999999999981,1,SCHPARW,0.22517012383955254,2,69.64007093540383,0.0,1.0,1.0,shape_dist_traveled,
KARACRS,KARL RD & RED ROBIN RD,-82.9771,40.064987,1,042,1,1,1,1,am_peak,False,,False,391.79999999999995,386.8999999999998,8,KARREDN,0.18776097028711522,3,21.74300421021301,0.0,1.0,1.0,shape_dist_traveled,
KAR161S,KARL RD & STATE ROUTE 161,-82.975345,40.087858,1,042,1,1,1,1,am_peak,False,,False,293.5999999999996,220.20000000000016,8,KAR161N,0.2781276588546023,1,5.767556323265652,0.0,1.0,1.0,shape_dist_traveled,
KAR603S,6035 KARL RD,-82.975467,40.090457,1,042,1,1,1,1,am_peak,False,,False,281.80000000000007,293.5999999999996,7,KAR602N,0.29391135451007433,1,5.767556323265652,0.0,1.0,1.0,shape_dist_traveled,
KARPATS,KARL RD & PATIO AVE,-82.977407,40.061535,1,042,1,1,1,1,am_peak,False,,False,386.8999999999998,213.60000000000045,8,KARMORN,0.45160117683357404,0,0.0,0.0,0.0,0.0,shape_dist_traveled,catchment not reconstructable
SHAATBUN,SHARON WOODS BLVD & ATTERBURY AVE,-82.962808,40.105992,1,042,1,1,1,1,am_peak,False,,False,251.69999999999993,422.10000000000014,3,SCHSHAE,1.6598150785303676,2,37.76724698991218,0.0,0.0,0.0,shape_dist_traveled,
SHABRON,SHARON WOODS BLVD & BROOKHURST AVE,-82.963109,40.10376,1,042,1,1,1,1,am_peak,False,,False,425.80000000000007,251.69999999999993,3,SHAATBUN,3.1143158249385534,2,37.76724698991218,0.0,1.0,1.0,shape_dist_traveled,
SHACARN,SHARON WOODS BLVD & CARDINGTON AVE,-82.962101,40.10007,1,042,1,1,1,1,am_peak,False,,False,320.79999999999995,425.80000000000007,3,SHAHEAS,1.9047877321852458,1,8.256095853608702,0.0,0.5,0.42727272727272697,shape_dist_traveled,
SCHHICW,SCHROCK RD & HICKORY CREEK LN,-82.966461,40.107081,1,042,1,1,1,1,am_peak,False,,False,422.10000000000014,940.0,3,SCHSKYE,3.105912586957296,2,15.458222023777994,0.0,0.6666666666666666,0.6490384615384616,shape_dist_traveled,
KARALPS,KARL RD & ALPINE DR,-82.975567,40.092918,1,042,1,1,1,1,am_peak,False,,False,439.40000000000003,281.80000000000007,4,KARALPN,0.13708113599842486,4,29.03296118733556,0.0,1.0,1.0,shape_dist_traveled,
KARBARS,KARL RD & BARNES DR E,-82.974764,40.103286,1,042,1,1,1,1,am_peak,False,,False,940.0,512.2,2,KARBARN,0.423967580037482,3,41.690356367158856,0.0,1.0,1.0,shape_dist_traveled,
KARCRAS,KARL RD & CRANWOOD DR,-82.975523,40.098812,1,042,1,1,1,1,am_peak,False,,False,512.2,235.70000000000002,3,KARCRAN,0.9667147505486329,4,82.40481487928116,61.59867260990321,0.75,0.6695979899497486,shape_dist_traveled,only access for 62 daily trips
KAR634S,6347 KARL RD,-82.975999,40.096755,1,042,1,1,1,1,am_peak,False,,False,235.70000000000002,439.40000000000003,3,KAR629N,1.3770832838193674,2,12.257277059258307,0.0,0.6666666666666666,0.6254980079681275,shape_dist_traveled,
SHAJEWN,SHARON WOODS BLVD & JEWETT DR,-82.963005,40.097306,1,042,1,1,1,1,am_peak,False,,False,250.1,320.79999999999995,4,SHAMEAS,0.7684570478110131,2,24.18274884780421,0.0,0.5,0.5802469135802469,shape_dist_traveled,
SCHKARE,SCHROCK RD & KARL RD,-82.974095,40.105158,1,042,1,1,1,1,pm_peak,False,,False,231.40000000000072,432.30000000000143,2,KARBARN,2.275972683074724,3,40.81204829762602,0.0,0.5,0.6206896551724139,shape_dist_traveled,
SHASKYN,SHARON WOODS BLVD & SKYWAE DR,-82.964766,40.095504,1,042,1,1,1,1,am_peak,True,042,False,,250.1,3,SHASKYS,0.8568594619539048,2,24.00708723389764,0.0,1.0,1.0,shape_dist_traveled,terminal
SHASKYS,SHARON WOODS BLVD & SKYWAE DR,-82.965475,40.095213,1,042,1,1,1,1,pm_peak,True,042,False,378.4000000000027,,3,SHASKYN,0.8568594619539048,2,24.00708723389764,0.0,1.0,1.0,shape_dist_traveled,terminal
SCHSHAE,SCHROCK RD & SHARON WOODS BLVD,-82.963318,40.107122,1,042,1,1,1,1,pm_peak,False,,False,510.89999999999947,679.0999999999983,3,SHAATBUN,1.6598150785303676,1,7.202126170169292,0.0,0.0,0.0,shape_dist_traveled,
SCHSKYE,SCHROCK RD & SKYWAE DR,-82.96915,40.106218,1,042,1,1,1,1,pm_peak,False,,False,432.30000000000143,510.89999999999947,1,SCHHICW,3.105912586957296,3,24.007087233897643,0.0,0.6666666666666666,0.6490384615384616,shape_dist_traveled,
SHAMEAS,SHARON WOODS BLVD & MEANDER DR,-82.962864,40.097849,1,042,1,1,1,1,pm_peak,False,,False,413.1999999999998,378.4000000000027,5,SHAJEWN,0.7684570478110131,1,8.256095853608702,0.0,0.5,0.5802469135802469,shape_dist_traveled,
SHAHEAS,SHARON WOODS BLVD & HEARTHSTONE AVE,-82.962562,40.101396,1,042,1,1,1,1,pm_peak,False,,False,679.0999999999983,413.1999999999998,3,SHACARN,1.9047877321852458,2,37.76724698991218,0.0,0.5,0.42727272727272697,shape_dist_traveled,
SMOGARN,SMOKY ROW RD & GARDENSTONE DR,-83.066484,40.114582,1,074,1,1,1,1,pm_peak,False,,False,280.3000000000004,363.09999999999934,5,SMOSBS,0.21002169332392634,2,22.367578837436348,0.0,1.0,1.0,shape_dist_traveled,
SMOWATN,SMOKY ROW RD & WATERTOWER DR,-83.06586,40.112132,1,074,1,1,1,1,pm_peak,False,,False,386.59999999999786,280.3000000000004,5,SMOBILS,0.6981918036415761,2,22.367578837436348,0.0,1.0,1.0,shape_dist_traveled,
SMOQUEN,SMOKY ROW RD & QUEENSBRIDGE DR,-83.065046,40.108736,1,074,1,1,1,1,pm_peak,False,,False,241.9000000000011,386.59999999999786,5,SMOQUES,0.22959155283259597,2,20.903732054881623,0.0,1.0,1.0,shape_dist_traveled,
SMOSTPRN,SMOKY ROW & ST PETERS PARK AND RIDE,-83.064559,40.106608,1,074,1,1,1,1,pm_peak,False,,False,529.5999999999985,241.9000000000011,3,SMOSTPS,0.42596123796068275,2,20.903732054881623,0.0,1.0,1.0,shape_dist_traveled,
SNOOPPW,SNOUFFER RD & DONAHUE CT,-83.061404,40.103813,1,074,1,1,1,1,pm_peak,False,,False,310.2000000000018,529.5999999999985,3,SNODONE,0.3152843931521445,2,19.08856204451375,0.0,1.0,1.0,shape_dist_traveled,
SNOBRIW,SNOUFFER RD & BRIDE WATER BLVD,-83.057736,40.103725,1,074,1,1,1,1,pm_peak,False,,False,739.4999999999995,310.2000000000018,3,SNOSNOE,0.14269050022241608,2,19.08856204451375,0.0,1.0,1.0,shape_dist_traveled,
SNOLAUW,SNOUFFER RD & LAUREN PL,-83.048989,40.103503,1,074,1,1,1,1,pm_peak,False,,False,741.0999999999995,739.4999999999995,1,SNOHICE,0.15430343904421748,1,54.923531281453634,0.0,1.0,1.0,shape_dist_traveled,
LINLOCN,LINWORTH RD & LOCH NESS AVE,-83.047468,40.099462,1,074,1,1,1,1,pm_peak,False,,False,350.10000000000116,741.0999999999995,3,LINCOLS,1.0758256273270195,1,35.190876652615835,0.0,1.0,1.0,shape_dist_traveled,
LINWODMN,LINWORTH RD & WOODMAN DR,-83.048727,40.096494,1,074,1,1,1,1,pm_peak,False,,False,578.2999999999987,350.10000000000116,3,LINWODMS,0.12982989492605548,1,35.190876652615835,0.0,1.0,1.0,shape_dist_traveled,
LINLINN,LINWORTH RD & STATE ROUTE 161,-83.049666,40.0914,1,074,1,1,1,1,pm_peak,False,,False,169.49999999999932,578.2999999999987,2,LIN161N,2.094929751199303,0,0.0,0.0,0.0,0.0,shape_dist_traveled,catchment not reconstructable
LIN161N,LINWORTH RD & STATE ROUTE 161,-83.049447,40.0899,1,074,1,1,1,1,pm_peak,False,,False,732.3000000000022,169.49999999999932,2,LIN161S,0.16311126160721126,0,0.0,0.0,0.0,0.0,shape_dist_traveled,catchment not reconstructable
LINSEDN,LINWORTH RD & SEDGWICK RD,-83.049701,40.083399,1,074,1,1,1,1,pm_peak,False,,False,659.5999999999975,732.3000000000022,1,LINSEDS,0.22241438819621456,0,0.0,0.0,0.0,0.0,shape_dist_traveled,catchment not reconstructable
LINROCN,LINWORTH RD & ROCKY RILL RD,-83.047443,40.07779,1,074,1,1,1,1,pm_peak,False,,False,365.5000000000008,659.5999999999975,2,LINROCS,0.13704208311388144,2,77.75954108930753,0.0,1.0,1.0,shape_dist_traveled,
LINMEENW,LINWORTH RD & MEEKLYNN DR,-83.044871,40.075223,1,074,1,1,1,1,pm_peak,False,,False,880.8000000000006,365.5000000000008,3,LINMEES,0.6325114059634988,1,8.900188437932783,0.0,1.0,1.0,shape_dist_traveled,
LINSHANW,LINWORTH RD & SHARON HILL DR,-83.040525,40.068122,1,074,1,1,1,1,pm_peak,False,,False,801.6000000000006,880.8000000000006,1,LINSHAS,0.6055904640717626,1,8.900188437932783,0.0,1.0,1.0,shape_dist_traveled,
OLERIDN,OLENTANGY RIVER RD & BETHEL RD,-83.03647,40.061701,1,074,1,1,1,1,pm_peak,False,,False,419.3999999999995,801.6000000000006,2,OLEBETS1,0.27822541507751686,1,23.128779164364857,0.0,1.0,1.0,shape_dist_traveled,
OLEOLDEN,OLENTANGY RIVER RD & OLDE TOWNE AVE,-83.034474,40.05827,1,074,1,1,1,1,pm_peak,False,,False,11552.6,419.3999999999995,1,OLEOLDES,0.5263988138455795,2,27.52031951202906,0.0,1.0,1.0,shape_dist_traveled,
EMETUTS,EMERALD PKWY & TUTTLE CROSSING BLVD,-83.140615,40.076146,1,073,1,1,1,1,pm_peak,False,,False,476.09999999999974,22443.899999999998,3,EMESTEN,0.272743324651461,0,0.0,0.0,0.0,0.0,shape_dist_traveled,catchment not reconstructable
EMEGLES,EMERALD PKWY & GLENDON CT,-83.141779,40.080032,1,073,1,1,1,1,pm_peak,False,,False,525.7000000000005,476.09999999999974,1,EMEGLEN,0.3271435895377457,1,146.56033986937848,0.0,1.0,1.0,shape_dist_traveled,
EMEWOES,EMERALD PKWY & WOERNER TEMPLE RD,-83.143457,40.084172,1,073,1,1,1,1,pm_peak,False,,False,1196.2,525.7000000000005,1,WOEEMEE,0.7839333396335147,1,146.56033986937848,0.0,1.0,1.0,shape_dist_traveled,
RINBLAW,RINGS RD & BLAZER PKWY,-83.130813,40.084153,1,073,1,1,1,1,pm_peak,False,,False,731.4999999999995,1196.2,1,BLARINN1,0.5570965075854878,0,0.0,0.0,0.0,0.0,shape_dist_traveled,catchment not reconstructable
PBLAZACW,PAUL BLAZER PKWY & ASHLAND CHEMICAL,-83.132032,40.089413,1,073,1,1,1,1,pm_peak,False,,False,554.9,731.4999999999995,2,PBLAZACE,0.34790951670466813,0,0.0,0.0,0.0,0.0,shape_dist_traveled,catchment not reconstructable
BLA505W1,5050 BLAZER PKWY,-83.126155,40.088318,1,073,1,1,1,1,pm_peak,False,,False,466.8000000000001,554.9,3,BLA505E,0.2176652389792634,0,0.0,0.0,0.0,0.0,shape_dist_traveled,catchment not reconstructable
FRA602S,6025 FRANTZ RD,-83.124311,40.090664,1,073,1,1,1,1,pm_peak,False,,False,697.3000000000003,466.8000000000001,3,FRAMONN,0.43687985657552914,0,0.0,0.0,0.0,0.0,shape_dist_traveled,catchment not reconstructable
FRAMONN,FRANTZ RD & MONTEREY DR,-83.12395,40.090515,1,073,1,1,1,1,am_peak,False,,False,440.8999999999992,885.2000000000011,3,FRA602S,0.43687985657552914,0,0.0,0.0,0.0,0.0,shape_dist_traveled,catchment not reconstructable
BLA505E,5050 BLAZER PKWY,-83.12603,40.088194,1,073,1,1,1,1,am_peak,False,,False,438.8000000000005,440.8999999999992,3,BLA505W1,0.2176652389792634,0,0.0,0.0,0.0,0.0,shape_dist_traveled,catchment not reconstructable
BLA515E,5151 BLAZER PKWY,-83.130609,40.089732,1,073,1,1,1,1,am_peak,False,,False,188.50000000000122,438.8000000000005,2,PBLAZACW,1.5802606905612329,0,0.0,0.0,0.0,0.0,shape_dist_traveled,catchment not reconstructable
PBLAZACE,PAUL G BLAZER & ASHLAND CHEMICAL,-83.132149,40.089179,1,073,1,1,1,1,am_peak,False,,False,609.9999999999994,188.50000000000122,2,PBLAZACW,0.34790951670466813,0,0.0,0.0,0.0,0.0,shape_dist_traveled,catchment not reconstructable
WOEEMEE,WOERNER TEMPLE RD & EMERALD PKWY,-83.142797,40.084421,1,073,1,1,1,1,am_peak,False,,False,602.1999999999998,1164.7999999999997,1,EMEWOES,0.7839333396335147,1,146.56033986937848,0.0,1.0,1.0,shape_dist_traveled,
BLARINN1,BLAZER PKWY & RINGS RD,-83.130424,40.084421,1,073,1,1,1,1,am_peak,False,,False,1164.7999999999997,609.9999999999994,1,RINBLAW,0.5570965075854878,0,0.0,0.0,0.0,0.0,shape_dist_traveled,catchment not reconstructable
EMEGLEN,EMERALD PKWY & GLENDON CT,-83.141489,40.080109,1,073,1,1,1,1,am_peak,False,,False,481.8999999999995,602.1999999999998,1,EMEGLES,0.3271435895377457,1,146.56033986937848,0.0,1.0,1.0,shape_dist_traveled,
EMESTEN,EMERALD PKWY & STERLING COMMERCE,-83.140366,40.076191,1,073,1,1,1,1,am_peak,False,,False,21765.2,481.8999999999995,3,EMETUTS,0.272743324651461,0,0.0,0.0,0.0,0.0,shape_dist_traveled,catchment not reconstructable
STACHES,S STATE ST & CHERRINGTON RD,-82.927392,40.114198,1,043,1,1,1,1,pm_peak,False,,False,436.9000000000001,441.5,1,STACHEN,0.7136549463571294,2,17.433439282371843,0.0,1.0,1.0,shape_dist_traveled,
STAHIAS,S STATE ST & HIAWATHA AVE,-82.928772,40.117955,1,043,1,1,1,1,pm_peak,False,,False,392.50000000000006,436.9000000000001,2,STAHIAN,0.2682422944638287,2,17.433439282371843,0.0,1.0,1.0,shape_dist_traveled,
SCHPARW,W SCHROCK RD & PARK MEADOW RD,-82.936509,40.110333,1,043,1,1,1,1,pm_peak,False,,False,707.3000000000005,565.5999999999999,1,SCHPARE,0.22517012383955254,2,69.64007093540383,0.0,1.0,1.0,shape_dist_traveled,
SCHCOOW,W SCHROCK RD & COOPER RD,-82.943167,40.110738,1,043,1,1,1,1,pm_peak,False,,False,565.5999999999999,251.1000000000001,5,COPSCHS,0.6967706987316087,1,58.43676355958493,0.0,1.0,1.0,shape_dist_traveled,
STASCHS,S STATE ST & E SCHROCK RD,-82.925987,40.110404,1,043,1,1,1,1,pm_peak,False,,False,441.5,299.59999999999985,4,STASCHN,0.6581387363285789,1,16.863514935030537,0.0,1.0,1.0,shape_dist_traveled,
KAR629N,6292 KARL RD,-82.975972,40.095763,1,042,1,1,1,1,pm_peak,False,,False,328.3999999999985,423.3000000000011,4,KAR634S,1.3770832838193674,3,23.265404864069907,0.0,0.6666666666666666,0.6254980079681275,shape_dist_traveled,
KAR602N,6024 KARL RD,-82.975393,40.090253,1,042,1,1,1,1,pm_peak,False,,False,255.49999999999784,304.7000000000004,7,KAR603S,0.29391135451007433,1,5.767556323265652,0.0,1.0,1.0,shape_dist_traveled,
KARALPN,KARL RD & ALPINE DR,-82.97545,40.092959,1,042,1,1,1,1,pm_peak,False,,False,304.7000000000004,328.3999999999985,4,KARALPS,0.13708113599842486,4,29.03296118733556,0.0,1.0,1.0,shape_dist_traveled,
SUMROSE,SUMMIT VIEW RD & ROSCOE PL,-83.080139,40.132672,1,074,1,1,1,1,am_peak,False,,False,566.6999999999997,900.3000000000001,1,SUMSHIW,1.3553421628071916,3,101.29819735278765,0.0,1.0,1.0,shape_dist_traveled,
SMOHAMS,SMOKY ROW RD & HAMROCK DR,-83.070503,40.131546,1,074,1,1,1,1,am_peak,False,,False,900.3000000000001,324.2000000000003,3,SMOHAMN,0.43080013362132313,3,60.193379698650716,0.0,1.0,1.0,shape_dist_traveled,
SMOSTOS,SMOKY ROW RD & STOWBRIDGE RD,-83.069914,40.12868,1,074,1,1,1,1,am_peak,False,,False,324.2000000000003,400.8999999999996,5,SMOSTON,0.3287934754216849,1,8.31464972491089,0.0,1.0,1.0,shape_dist_traveled,
SMOOLDS,SMOKY ROW RD & OLDE SAWMILL BLVD,-83.069115,40.125151,1,074,1,1,1,1,am_peak,False,,False,400.8999999999996,231.10000000000053,4,SMOPLAN,1.1655502996416636,3,52.11294545894859,0.0,0.3333333333333333,0.19887955182072808,shape_dist_traveled,
SMOSWAS,SMOKY ROW RD & SWANSFORD DR,-83.068628,40.123124,1,074,1,1,1,1,am_peak,False,,False,231.10000000000053,387.09999999999934,5,SMOSWAN,0.3243167976808843,2,43.7982957340377,0.0,1.0,1.0,shape_dist_traveled,
KARCRAN,KARL RD & CRANWOOD DR,-82.975069,40.099415,1,042,1,1,1,1,pm_peak,False,,False,423.3000000000011,466.7999999999992,2,KARCRAS,0.9667147505486329,3,20.806142269377954,0.0,0.75,0.6695979899497486,shape_dist_traveled,
KARBARN,KARL RD & BARNES DR E,-82.974602,40.103565,1,042,1,1,1,1,pm_peak,False,,False,466.7999999999992,231.40000000000072,2,KARBARS,0.423967580037482,3,41.690356367158856,0.0,1.0,1.0,shape_dist_traveled,
SUMGOLE,SUMMIT VIEW RD & COPPERVIEW DR,-83.086825,40.132871,1,074,1,1,1,1,am_peak,False,,False,446.2999999999999,566.6999999999997,3,SUMCOPW,0.2980081150920161,1,19.556993014931273,0.0,1.0,1.0,shape_dist_traveled,
KARREDN,KARL RD & RED ROBIN RD,-82.976924,40.064983,1,042,1,1,1,1,pm_peak,False,,False,419.10000000000025,358.70000000000067,8,KARACRS,0.18776097028711522,3,21.74300421021301,0.0,1.0,1.0,shape_dist_traveled,
KAR161N,KARL RD & STATE ROUTE 161,-82.975151,40.087992,1,042,1,1,1,1,pm_peak,False,,False,401.60000000000196,255.49999999999784,8,KAR161S,0.2781276588546023,1,5.767556323265652,0.0,1.0,1.0,shape_dist_traveled,
SAWSUMN,SAWMILL RD & SUMMER DR,-83.090024,40.122826,1,074,1,1,1,1,am_peak,False,,False,448.40000000000003,929.7,2,SAWSUMS,1.7902748302054214,1,3.4463135680717167,0.0,1.0,1.0,shape_dist_traveled,
SAWCOPN,SAWMILL RD & COPPERHILL DR,-83.089593,40.131113,1,074,1,1,1,1,am_peak,False,,False,929.7,446.2999999999999,3,SAWCOPS,0.30677743654264183,0,0.0,0.0,0.0,0.0,shape_dist_traveled,catchment not reconstructable
SAWCOPS,SAWMILL RD & COPPERHILL DR,-83.089853,40.131208,1,074,1,1,1,1,pm_peak,False,,False,416.29999999999967,1081.8999999999974,3,SAWCOPN,0.30677743654264183,0,0.0,0.0,0.0,0.0,shape_dist_traveled,catchment not reconstructable
SAWHARN,SAWMILL RD & HARD RD,-83.090222,40.118829,1,074,1,1,1,1,am_peak,True,074,False,,448.40000000000003,4,SAWHARS,0.7603273566013947,2,13.254087011188442,0.0,0.5,0.7648401826484019,shape_dist_traveled,terminal
SUMSHIW,SUMMIT VIEW RD & SHILLINGTON DR,-83.081399,40.132807,1,074,1,1,1,1,pm_peak,False,,False,1041.800000000002,479.6000000000014,1,SUMROSE,1.3553421628071916,3,101.29819735278765,0.0,1.0,1.0,shape_dist_traveled,
SUMCOPW,SUMMIT VIEW RD & COPPERVIEW DR,-83.087069,40.132976,1,074,1,1,1,1,pm_peak,False,,False,479.6000000000014,416.29999999999967,3,SUMGOLE,0.2980081150920161,1,19.556993014931273,0.0,1.0,1.0,shape_dist_traveled,
SMOPLAN,SMOKY ROW RD & PLAINS BLVD,-83.069186,40.125989,1,074,1,1,1,1,pm_peak,False,,False,299.89999999999736,331.10000000000286,5,SMOOLDS,1.1655502996416636,1,8.31464972491089,0.0,0.3333333333333333,0.19887955182072808,shape_dist_traveled,
SMOSWAN,SMOKY ROW RD & SWANSFORD DR,-83.068605,40.123357,1,074,1,1,1,1,pm_peak,False,,False,331.30000000000234,299.89999999999736,4,SMOSWAS,0.3243167976808843,2,43.7982957340377,0.0,1.0,1.0,shape_dist_traveled,
SMOSUTN,SMOKY ROW RD & SUTTER PKWY,-83.067887,40.120453,1,074,1,1,1,1,pm_peak,False,,False,304.8000000000002,331.30000000000234,5,SMOSUTS,1.0119497850035108,2,43.7982957340377,0.0,0.5,0.3846153846153845,shape_dist_traveled,
SMOHARN,SMOKY ROW RD & HARD RD,-83.067226,40.117773,1,074,1,1,1,1,pm_peak,False,,False,363.09999999999934,304.8000000000002,5,SMOHARS,1.161714798477899,3,35.24943052391802,0.0,0.6666666666666666,0.6345514950166111,shape_dist_traveled,
SMOSTON,SMOKY ROW RD & STOWBRIDGE RD,-83.069835,40.128909,1,074,1,1,1,1,pm_peak,False,,False,331.10000000000286,266.49999999999704,4,SMOSTOS,0.3287934754216849,1,8.31464972491089,0.0,1.0,1.0,shape_dist_traveled,
SMOHAMN,SMOKY ROW RD & HAMROCK DR,-83.070318,40.13127,1,074,1,1,1,1,pm_peak,False,,False,266.49999999999704,1041.800000000002,3,SMOHAMS,0.43080013362132313,3,60.193379698650716,0.0,1.0,1.0,shape_dist_traveled,
CAMCROW,E CAMPUS VIEW BLVD & CROSSWOODS DR,-83.010068,40.118581,1,041,1,1,1,1,am_peak,False,,False,431.5,21426.7,3,HUNTPARK,3.3304890759050068,1,77.05689463368083,0.0,1.0,1.0,shape_dist_traveled,
KARMORN,KARL RD & MORSE RD,-82.977198,40.061252,1,042,1,1,1,1,pm_peak,False,,False,555.6000000000001,419.10000000000025,7,KARPATS,0.45160117683357404,0,0.0,0.0,0.0,0.0,shape_dist_traveled,catchment not reconstructable
1STOAKW,W 1ST AVE & OAKLAND AVE,-83.049023,39.982084,1,075,1,1,1,1,pm_peak,False,,False,359.19999999999953,216.49999999999991,5,1STFAIE,1.0608221964727882,1,16.160868479404307,0.0,1.0,1.0,shape_dist_traveled,
OLEOLDES,OLENTANGY RIVER RD & OLDE TOWNE AVE,-83.034743,40.058588,1,074,1,1,1,1,am_peak,False,,False,365.0000000000002,11640.7,3,OLEOLDEN,0.5263988138455795,2,27.52031951202906,0.0,1.0,1.0,shape_dist_traveled,
OLEBETS1,OLENTANGY RIVER RD & BETHEL RD,-83.036564,40.061514,1,074,1,1,1,1,am_peak,False,,False,768.3999999999997,365.0000000000002,2,OLERIDN,0.27822541507751686,1,23.128779164364857,0.0,1.0,1.0,shape_dist_traveled,
LINSHAS,LINWORTH RD & SHARON HILL DR,-83.040338,40.06771,1,074,1,1,1,1,am_peak,False,,False,878.0000000000001,768.3999999999997,1,LINSHANW,0.6055904640717626,1,8.900188437932783,0.0,1.0,1.0,shape_dist_traveled,
LINMEES,LINWORTH RD & MEEKLYNN DR,-83.044599,40.074818,1,074,1,1,1,1,am_peak,False,,False,421.59999999999974,878.0000000000001,1,LINMEENW,0.6325114059634988,1,8.900188437932783,0.0,1.0,1.0,shape_dist_traveled,
LINROCS,LINWORTH RD & ROCKY RILL RD,-83.047571,40.077799,1,074,1,1,1,1,am_peak,False,,False,638.9999999999993,421.59999999999974,2,LINROCN,0.13704208311388144,2,77.75954108930753,0.0,1.0,1.0,shape_dist_traveled,
LINSEDS,LINWORTH RD & SEDGWICK RD,-83.049781,40.083251,1,074,1,1,1,1,am_peak,False,,False,746.6000000000008,638.9999999999993,1,LINSEDN,0.22241438819621456,0,0.0,0.0,0.0,0.0,shape_dist_traveled,catchment not reconstructable
LIN161S,LINWORTH RD & STATE ROUTE 161,-83.049598,40.089881,1,074,1,1,1,1,am_peak,False,,False,754.7999999999995,746.6000000000008,2,LIN161N,0.16311126160721126,0,0.0,0.0,0.0,0.0,shape_dist_traveled,catchment not reconstructable
LINWODMS,LINWORTH RD & WOODMAN DR,-83.048812,40.096561,1,074,1,1,1,1,am_peak,False,,False,257.1000000000012,754.7999999999995,3,LINWODMN,0.12982989492605548,1,35.190876652615835,0.0,1.0,1.0,shape_dist_traveled,
LINCOLS,LINWORTH RD & COLLINS DR,-83.047873,40.098752,1,074,1,1,1,1,am_peak,False,,False,828.1999999999989,257.1000000000012,3,LINLOCN,1.0758256273270195,1,35.190876652615835,0.0,1.0,1.0,shape_dist_traveled,
SNOHICE,SNOUFFER RD & HICKORY GROVE CT,-83.04901,40.103393,1,074,1,1,1,1,am_peak,False,,False,740.4000000000002,828.1999999999989,1,SNOLAUW,0.15430343904421748,1,54.923531281453634,0.0,1.0,1.0,shape_dist_traveled,
SNOSNOE,SNOUFFER RD & SNOUFFER PL,-83.057761,40.103624,1,074,1,1,1,1,am_peak,False,,False,330.30000000000024,740.4000000000002,3,SNOBRIW,0.14269050022241608,2,19.08856204451375,0.0,1.0,1.0,shape_dist_traveled,
SNODONE,SNOUFFER RD & DONAHUE CT,-83.061667,40.103709,1,074,1,1,1,1,am_peak,False,,False,541.1000000000001,330.30000000000024,3,SNOOPPW,0.3152843931521445,2,19.08856204451375,0.0,1.0,1.0,shape_dist_traveled,
SMOSTPS,SMOKY ROW & ST PETERS PARK AND RIDE,-83.064765,40.106871,1,074,1,1,1,1,am_peak,False,,False,194.0999999999997,541.1000000000001,3,SMOSTPRN,0.42596123796068275,2,20.903732054881623,0.0,1.0,1.0,shape_dist_traveled,
SMOQUES,SMOKY ROW RD & QUEENSBRIDGE DR,-83.065131,40.108584,1,074,1,1,1,1,am_peak,False,,False,349.0000000000002,194.0999999999997,5,SMOQUEN,0.22959155283259597,2,20.903732054881623,0.0,1.0,1.0,shape_dist_traveled,
SMOBILS,SMOKY ROW RD & BILLINGSLEY RD,-83.065919,40.111631,1,074,1,1,1,1,am_peak,False,,False,318.7999999999995,349.0000000000002,5,SMOWATN,0.6981918036415761,2,22.367578837436348,0.0,1.0,1.0,shape_dist_traveled,
SMOSBS,SMOKY ROW RD & SAWBURY BLVD,-83.066578,40.114449,1,074,1,1,1,1,am_peak,False,,False,284.80000000000064,318.7999999999995,5,SMOGARN,0.21002169332392634,2,22.367578837436348,0.0,1.0,1.0,shape_dist_traveled,
SMOHARS,SMOKY ROW RD & HARD RD,-83.067231,40.116936,1,074,1,1,1,1,am_peak,False,,False,316.3,284.80000000000064,5,SMOHARN,1.161714798477899,2,22.367578837436348,0.0,0.6666666666666666,0.6345514950166111,shape_dist_traveled,
SMOSUTS,SMOKY ROW RD & SUTTER PKWY,-83.067871,40.119724,1,074,1,1,1,1,am_peak,False,,False,387.09999999999934,316.3,4,SMOSUTN,1.0119497850035108,1,12.881851686481674,0.0,0.5,0.3846153846153845,shape_dist_traveled,
TRELANN,TREMONT RD & W LANE AVE,-83.070117,40.007735,1,075,1,1,1,1,pm_peak,False,,False,783.100000000001,254.19999999999908,4,TRELANS,0.25122199088524555,2,12.15411071458302,0.0,1.0,1.0,shape_dist_traveled,
TRENORN,TREMONT RD & NORTHAM RD,-83.068879,40.012098,1,075,1,1,1,1,pm_peak,False,,False,255.10000000000053,365.3999999999993,5,TRENORS,0.25844196534664476,3,17.980220909150862,0.0,0.6666666666666666,0.6649831649831651,shape_dist_traveled,
TREWILN,TREMONT RD & WILSHIRE DR,-83.069814,40.009977,1,075,1,1,1,1,pm_peak,False,,False,254.19999999999908,255.10000000000053,5,TREONAS,0.5520201655129855,2,12.15411071458302,0.0,1.0,1.0,shape_dist_traveled,
1STELMW,W 1ST AVE & ELMWOOD AVE,-83.051568,39.982187,1,075,1,1,1,1,pm_peak,False,,False,216.49999999999991,206.30000000000058,6,1STASHE,1.078933691718334,2,25.910088051218846,0.0,1.0,1.0,shape_dist_traveled,
1STGLEW,W 1ST AVE & GLENN AVE,-83.054012,39.98228,1,075,1,1,1,1,pm_peak,False,,False,206.30000000000058,220.4999999999995,7,1STWESE,1.0015387652967898,2,25.910088051218846,0.0,1.0,1.0,shape_dist_traveled,
ARLCAMN,ARLINGTON AVE & CAMBRIDGE BLVD,-83.060315,39.993056,1,075,1,1,1,1,pm_peak,False,,False,207.30000000000004,394.6000000000005,5,ARLCAMS,0.6138018516126802,1,11.330174096973654,0.0,1.0,1.0,shape_dist_traveled,
ARLEDGN,ARLINGTON AVE & EDGEMONT RD,-83.060571,39.996421,1,075,1,1,1,1,pm_peak,False,,False,394.6000000000005,311.59999999999854,4,ARLWALS,1.7878470989557875,1,66.75141328449588,66.75141328449588,0.0,0.0,shape_dist_traveled,only access for 67 daily trips
1STLINW,W 1ST AVE & LINCOLN RD,-83.05661,39.982395,1,075,1,1,1,1,pm_peak,False,,False,220.4999999999995,269.6000000000005,7,1STWYAE,1.0943390215635598,2,36.039907786497594,0.0,1.0,1.0,shape_dist_traveled,
CAM132N,1320 CAMBRIDGE BLVD,-83.057995,39.98363,1,075,1,1,1,1,pm_peak,False,,False,269.6000000000005,260.4999999999995,7,CAM1STS,1.5956254470036113,2,36.039907786497594,0.0,1.0,1.0,shape_dist_traveled,
3RDCAMW,W 3RD AVE & CAMBRIDGE BLVD,-83.058261,39.985763,1,075,1,1,1,1,pm_peak,False,,False,260.4999999999995,217.50000000000114,7,3RDCAME,0.1846187499612348,1,26.29068821468306,0.0,1.0,1.0,shape_dist_traveled,
ARLCARN,ARLINGTON AVE & CARDIGAN AVE,-83.059826,39.986528,1,075,1,1,1,1,pm_peak,False,,False,217.50000000000114,310.20000000000005,10,ARLCARS,0.5771304582826029,1,26.29068821468306,0.0,1.0,1.0,shape_dist_traveled,
ARL5THN,ARLINGTON AVE & W 5TH AVE,-83.060025,39.9893,1,075,1,1,1,1,pm_peak,False,,False,310.20000000000005,214.39999999999947,12,ARL5THS,0.19878002523242289,0,0.0,0.0,0.0,0.0,shape_dist_traveled,catchment not reconstructable
ARLCHEN,ARLINGTON AVE & W CHELSEA RD,-83.060178,39.991205,1,075,1,1,1,1,pm_peak,False,,False,214.39999999999947,207.30000000000004,10,ARLCHES,0.3507676182903026,1,11.330174096973654,0.0,1.0,1.0,shape_dist_traveled,
TREONAS,TREMONT RD & ONANDAGA DR,-83.06999,40.009603,1,075,1,1,1,1,am_peak,False,,False,292.1000000000005,229.09999999999985,5,TREWILN,0.5520201655129855,2,12.15411071458302,0.0,1.0,1.0,shape_dist_traveled,
TRENORS,TREMONT RD & NORTHAM RD,-83.069091,40.012008,1,075,1,1,1,1,am_peak,False,,False,177.90000000000018,292.1000000000005,5,TRENORN,0.25844196534664476,2,12.15411071458302,0.0,0.6666666666666666,0.6649831649831651,shape_dist_traveled,
TREZOLN,TREMONT RD & ZOLLINGER RD,-83.062979,40.0188,1,075,1,1,1,1,pm_peak,False,,False,177.50000000000023,268.29999999999995,6,TREZOLS,0.5956228399587327,2,9.427173279652488,0.0,0.3333333333333333,0.24179829890643956,shape_dist_traveled,
MOURIDS,MOUNTVIEW RD & RIDGECLIFF RD,-83.072693,40.023239,1,075,1,1,1,1,am_peak,False,,False,236.80000000000013,311.7000000000001,6,RIDMOUW,0.39328606644822167,2,27.051888541611486,0.0,1.0,1.0,shape_dist_traveled,
TRELANS1,TREMONT RD & LANGHAM RD,-83.061948,40.02025,1,075,1,1,1,1,am_peak,False,,False,339.19999999999993,138.1000000000001,12,TRELANGN,1.1010997234704303,1,14.667744761198465,0.0,1.0,1.0,shape_dist_traveled,
TREZOLS,TREMONT RD & ZOLLINGER RD,-83.062832,40.019214,1,075,1,1,1,1,am_peak,False,,False,138.1000000000001,227.19999999999985,8,TREZOLN,0.5956228399587327,2,20.493854955766306,0.0,0.3333333333333333,0.24179829890643956,shape_dist_traveled,
TREINCS,TREMONT RD & INCHCLIFF RD,-83.064297,40.017518,1,075,1,1,1,1,am_peak,False,,False,227.19999999999985,560.0999999999998,6,TREINCN,0.18443709631910338,2,9.427173279652488,0.0,1.0,1.0,shape_dist_traveled,
2100TRS,2100 TREMONT CENTER,-83.067937,40.013347,1,075,1,1,1,1,am_peak,False,,False,560.0999999999998,177.90000000000018,3,TRENORN,2.003916769947912,3,17.980220909150862,0.0,1.0,1.0,shape_dist_traveled,
TREINCN,TREMONT RD & INCHCLIFF RD,-83.064131,40.017481,1,075,1,1,1,1,pm_peak,False,,False,360.40000000000026,177.50000000000023,6,TREINCS,0.18443709631910338,2,9.427173279652488,0.0,1.0,1.0,shape_dist_traveled,
TREFARN,TREMONT RD & FARLEIGH RD,-83.066479,40.014795,1,075,1,1,1,1,pm_peak,False,,False,365.3999999999993,360.40000000000026,5,2100TRS,2.5416312452811076,3,16.863514935030537,0.0,0.5,0.6317991631799164,shape_dist_traveled,
ARLMALN,ARLINGTON AVE & N MALLWAY DR,-83.061655,39.999068,1,075,1,1,1,1,pm_peak,False,,False,311.59999999999854,278.8000000000004,5,ARLGUIS,1.5808136004575273,1,4.684309704175149,0.0,1.0,1.0,shape_dist_traveled,
ARLTEWN,ARLINGTON AVE & TEWKSBURY RD,-83.063527,40.001118,1,075,1,1,1,1,pm_peak,False,,False,278.8000000000004,197.40000000000003,5,ARLTEWS,0.400158340001368,3,20.8100458607981,0.0,1.0,1.0,shape_dist_traveled,
ARLWICN,ARLINGTON AVE & WICKFORD RD,-83.065091,40.002409,1,075,1,1,1,1,pm_peak,False,,False,197.40000000000003,783.100000000001,4,ARLWESSW,1.11131048147316,3,20.8100458607981,0.0,1.0,1.0,shape_dist_traveled,
ARLWESSW,ARLINGTON AVE & WESTOVER RD,-83.066107,40.002584,1,075,1,1,1,1,am_peak,False,,False,376.5999999999998,253.19999999999965,4,ARLWICN,1.11131048147316,3,20.8100458607981,0.0,1.0,1.0,shape_dist_traveled,
ARLTRES,ARLINGTON AVE & TREMONT RD,-83.069104,40.005036,1,075,1,1,1,1,am_peak,False,,False,302.10000000000025,376.5999999999998,3,TRELANS,3.717826152730948,2,16.12573615662295,0.0,0.0,0.0,shape_dist_traveled,
TRELANS,TREMONT RD & W LANE AVE,-83.070222,40.007573,1,075,1,1,1,1,am_peak,False,,False,229.09999999999985,302.10000000000025,4,TRELANN,0.25122199088524555,2,12.15411071458302,0.0,1.0,1.0,shape_dist_traveled,
ARLGUIS,ARLINGTON AVE & GUILFORD RD,-83.06262,39.999932,1,075,1,1,1,1,am_peak,False,,False,183.7,292.50000000000045,5,ARLMALN,1.5808136004575273,1,4.684309704175149,0.0,1.0,1.0,shape_dist_traveled,
ARLTEWS,ARLINGTON AVE & TEWKSBURY RD,-83.063838,40.001279,1,075,1,1,1,1,am_peak,False,,False,253.19999999999965,183.7,5,ARLTEWN,0.400158340001368,3,20.8100458607981,0.0,1.0,1.0,shape_dist_traveled,
ARLWALS,ARLINGTON AVE & WALTHAM RD,-83.060996,39.997667,1,075,1,1,1,1,am_peak,False,,False,292.50000000000045,489.0999999999996,3,ARLEDGN,1.7878470989557875,0,0.0,0.0,0.0,0.0,shape_dist_traveled,catchment not reconstructable
ARLCAMS,ARLINGTON AVE & CAMBRIDGE BLVD,-83.060487,39.993478,1,075,1,1,1,1,am_peak,False,,False,489.0999999999996,230.29999999999973,4,ARLCAMN,0.6138018516126802,1,11.330174096973654,0.0,1.0,1.0,shape_dist_traveled,
ARLCARS,ARLINGTON AVE & CARDIGAN AVE,-83.06001,39.986919,1,075,1,1,1,1,am_peak,False,,False,259.2999999999996,262.50000000000017,9,ARLCARN,0.5771304582826029,1,26.29068821468306,0.0,1.0,1.0,shape_dist_traveled,
3RDCAME,W 3RD AVE & CAMBRIDGE BLVD,-83.058258,39.98563,1,075,1,1,1,1,am_peak,False,,False,262.50000000000017,387.80000000000035,6,3RDCAMW,0.1846187499612348,1,26.29068821468306,0.0,1.0,1.0,shape_dist_traveled,
ARLCHES,ARLINGTON AVE & W CHELSEA RD,-83.060342,39.991424,1,075,1,1,1,1,am_peak,False,,False,230.29999999999973,246.4000000000004,10,ARLCHEN,0.3507676182903026,1,11.330174096973654,0.0,1.0,1.0,shape_dist_traveled,
ARL5THS,ARLINGTON AVE & W 5TH AVE,-83.060182,39.989223,1,075,1,1,1,1,am_peak,False,,False,246.4000000000004,259.2999999999996,11,ARL5THN,0.19878002523242289,0,0.0,0.0,0.0,0.0,shape_dist_traveled,catchment not reconstructable
1STWYAE,W 1ST AVE & WYANDOTTE RD,-83.055608,39.982229,1,075,1,1,1,1,am_peak,False,,False,226.59999999999945,213.30000000000027,6,1STLINW,1.0943390215635598,2,36.039907786497594,0.0,1.0,1.0,shape_dist_traveled,
CAM1STS,CAMBRIDGE BLVD & W 1ST AVE,-83.058256,39.982498,1,075,1,1,1,1,am_peak,False,,False,387.80000000000035,226.59999999999945,6,CAM132N,1.5956254470036113,2,36.039907786497594,0.0,1.0,1.0,shape_dist_traveled,
1STWESE,W 1ST AVE & WESTWOOD AVE,-83.053097,39.982121,1,075,1,1,1,1,am_peak,False,,False,213.30000000000027,212.19999999999928,6,1STGLEW,1.0015387652967898,2,25.910088051218846,0.0,1.0,1.0,shape_dist_traveled,
1STASHE,W 1ST AVE & ASHLAND AVE,-83.050584,39.98201,1,075,1,1,1,1,am_peak,False,,False,212.19999999999928,215.1000000000014,5,1STELMW,1.078933691718334,2,25.910088051218846,0.0,1.0,1.0,shape_dist_traveled,
NORWILLS,NORTHWEST BLVD & WILLIAMS AVE,-83.030165,39.97799,1,075,1,1,1,1,am_peak,False,,False,230.9999999999999,169.10000000000025,10,NORWILLN,0.41716150408752933,2,39.43603232202457,0.0,0.5,0.8589458054936896,shape_dist_traveled,
1STFAIE,W 1ST AVE & FAIRVIEW AVE,-83.048058,39.981902,1,075,1,1,1,1,am_peak,False,,False,215.1000000000014,379.09999999999934,5,1STOAKW,1.0608221964727882,1,16.160868479404307,0.0,1.0,1.0,shape_dist_traveled,
NORGOOS,NORTHWEST BLVD & GOODALE BLVD,-83.029253,39.975217,1,075,1,1,1,1,am_peak,False,,False,158.10000000000102,357.6999999999995,8,NORGOON,0.7089129184071794,1,33.87341454831658,0.0,1.0,1.0,shape_dist_traveled,
NORBURSE,NORTHWEST BLVD & BURR AVE,-83.02946,39.976609,1,075,1,1,1,1,am_peak,False,,False,169.10000000000025,158.10000000000102,9,NORBURNW,0.44044045503200807,1,33.87341454831658,0.0,1.0,1.0,shape_dist_traveled,
