pattern_id,route_id,direction_id,seq,from_stop,to_stop,metres,run_time_sec,distance_basis,n_trips
efc18da3b0,001,0,0,RIVHOSW,OLE3440S,939.4,185.0,shape_dist_traveled,37
efc18da3b0,001,0,1,OLE3440S,OLEUNIS,235.30000000000007,46.0,shape_dist_traveled,37
efc18da3b0,001,0,2,OLEUNIS,OLERIVS1,340.6,69.0,shape_dist_traveled,37
efc18da3b0,001,0,3,OLERIVS1,OLEHARS2,416.6999999999999,62.0,shape_dist_traveled,37
efc18da3b0,001,0,4,OLEHARS2,OLE2825S,241.40000000000006,36.0,shape_dist_traveled,37
efc18da3b0,001,0,5,OLE2825S,OLEACKS,341.40000000000015,51.0,shape_dist_traveled,37
efc18da3b0,001,0,6,OLEACKS,OLEARGS,489.39999999999986,73.0,shape_dist_traveled,37
efc18da3b0,001,0,7,OLEARGS,LANOLEE,611.8000000000001,91.0,shape_dist_traveled,37
efc18da3b0,001,0,8,LANOLEE,LANTUTE,478.8000000000001,71.0,shape_dist_traveled,37
efc18da3b0,001,0,9,LANTUTE,LANNEIE,213.4999999999998,36.0,shape_dist_traveled,37
efc18da3b0,001,0,10,LANNEIE,HIGLANS,498.99999999999966,112.0,shape_dist_traveled,37
efc18da3b0,001,0,11,HIGLANS,HIG18TS,311.50000000000057,69.0,shape_dist_traveled,37
efc18da3b0,001,0,12,HIG18TS,HIG15TS,305.49999999999943,68.0,shape_dist_traveled,37
efc18da3b0,001,0,13,HIG15TS,HIG13TS,237.5000000000007,53.0,shape_dist_traveled,37
efc18da3b0,001,0,14,HIG13TS,HIGCHIS,248.79999999999924,58.0,shape_dist_traveled,37
efc18da3b0,001,0,15,HIGCHIS,HIG10TS,249.00000000000057,71.0,shape_dist_traveled,37
efc18da3b0,001,0,16,HIG10TS,NHIGMCMS,314.4999999999998,90.0,shape_dist_traveled,37
efc18da3b0,001,0,17,NHIGMCMS,HIGCLAS,223.20000000000027,64.0,shape_dist_traveled,37
efc18da3b0,001,0,18,HIGCLAS,HIG5THS,251.59999999999982,75.0,shape_dist_traveled,37
efc18da3b0,001,0,19,HIG5THS,HIG4THS,209.39999999999958,41.0,shape_dist_traveled,37
efc18da3b0,001,0,20,HIG4THS,NHIW2S,326.5000000000002,65.0,shape_dist_traveled,37
efc18da3b0,001,0,21,NHIW2S,HIGHUBS,405.19999999999976,81.0,shape_dist_traveled,37
efc18da3b0,001,0,22,HIGHUBS,HIGRUSS,365.3000000000004,73.0,shape_dist_traveled,37
efc18da3b0,001,0,23,HIGRUSS,HIGSWANS,240.00000000000023,48.0,shape_dist_traveled,37
efc18da3b0,001,0,24,HIGSWANS,HIGOHIS,329.20000000000016,65.0,shape_dist_traveled,37
efc18da3b0,001,0,25,HIGOHIS,HIGNATS,223.30000000000007,47.0,shape_dist_traveled,37
efc18da3b0,001,0,26,HIGNATS,HIGLONS,346.59999999999866,120.0,shape_dist_traveled,37
efc18da3b0,001,0,27,HIGLONS,HIGBROS,265.60000000000093,120.0,shape_dist_traveled,37
efc18da3b0,001,0,28,HIGBROS,HIGSTAS,284.6999999999991,91.0,shape_dist_traveled,37
efc18da3b0,001,0,29,HIGSTAS,HIGTOWS,247.20000000000118,79.0,shape_dist_traveled,37
efc18da3b0,001,0,30,HIGTOWS,HIGMAIS2,285.8999999999998,91.0,shape_dist_traveled,37
efc18da3b0,001,0,31,HIGMAIS2,EFULSHIE,307.8000000000003,99.0,shape_dist_traveled,37
efc18da3b0,001,0,32,EFULSHIE,LIV4THE,538.9999999999997,114.0,shape_dist_traveled,37
efc18da3b0,001,0,33,LIV4THE,LIVGRANE,364.69999999999914,77.0,shape_dist_traveled,37
efc18da3b0,001,0,34,LIVGRANE,LIVPARE,507.0000000000015,109.0,shape_dist_traveled,37
efc18da3b0,001,0,35,LIVPARE,LIVANNE,201.5999999999991,33.0,shape_dist_traveled,37
efc18da3b0,001,0,36,LIVANNE,LIV18TE,213.40000000000003,35.0,shape_dist_traveled,37
efc18da3b0,001,0,37,LIV18TE,LIVCARE,216.69999999999945,35.0,shape_dist_traveled,37
efc18da3b0,001,0,38,LIVCARE,LIV22NE,290.9000000000006,47.0,shape_dist_traveled,37
efc18da3b0,001,0,39,LIV22NE,LIVCHAE,172.49999999999943,30.0,shape_dist_traveled,37
efc18da3b0,001,0,40,LIVCHAE,LIVWILE,246.50000000000105,41.0,shape_dist_traveled,37
efc18da3b0,001,0,41,LIVWILE,LIVSTUE,291.599999999999,48.0,shape_dist_traveled,37
efc18da3b0,001,0,42,LIVSTUE,LIVKELE,429.0000000000003,71.0,shape_dist_traveled,37
efc18da3b0,001,0,43,LIVKELE,LIVBERE,197.40000000000003,32.0,shape_dist_traveled,37
efc18da3b0,001,0,44,LIVBERE,LIVBULE,430.09999999999945,71.0,shape_dist_traveled,37
efc18da3b0,001,0,45,LIVBULE,LIVRHOE,173.4000000000009,28.0,shape_dist_traveled,37
efc18da3b0,001,0,46,LIVRHOE,LIVMEME,233.70000000000067,38.0,shape_dist_traveled,37
efc18da3b0,001,0,47,LIVMEME,LIVMAYE,477.9999999999998,79.0,shape_dist_traveled,37
efc18da3b0,001,0,48,LIVMAYE,LIVCOLE,402.89999999999895,72.0,shape_dist_traveled,37
efc18da3b0,001,0,49,LIVCOLE,LIVCASE,299.7000000000014,39.0,shape_dist_traveled,37
efc18da3b0,001,0,50,LIVCASE,LIVROOE,433.19999999999936,56.0,shape_dist_traveled,37
efc18da3b0,001,0,51,LIVROOE,LIVCHEE,191.50000000000134,24.0,shape_dist_traveled,37
efc18da3b0,001,0,52,LIVCHEE,ELIVKENE,161.39999999999688,21.0,shape_dist_traveled,37
efc18da3b0,001,0,53,ELIVKENE,LIVWELE,331.900000000001,43.0,shape_dist_traveled,37
efc18da3b0,001,0,54,LIVWELE,LIVJAME,424.199999999999,57.0,shape_dist_traveled,37
efc18da3b0,001,0,55,LIVJAME,LIVZETE,390.10000000000036,65.0,shape_dist_traveled,37
efc18da3b0,001,0,56,LIVZETE,LIVBARE,346.0000000000001,57.0,shape_dist_traveled,37
efc18da3b0,001,0,57,LIVBARE,LIVCUNE,354.00000000000273,59.0,shape_dist_traveled,37
efc18da3b0,001,0,58,LIVCUNE,LIVCOUE,464.2999999999979,77.0,shape_dist_traveled,37
efc18da3b0,001,0,59,LIVCOUE,LIVBEEE,195.49999999999912,32.0,shape_dist_traveled,37
efc18da3b0,001,0,60,LIVBEEE,LIVVILE,207.6000000000029,34.0,shape_dist_traveled,37
efc18da3b0,001,0,61,LIVVILE,LIVYEAE,324.09999999999786,54.0,shape_dist_traveled,37
efc18da3b0,001,0,62,LIVYEAE,LIVBURE,380.1000000000023,63.0,shape_dist_traveled,37
efc18da3b0,001,0,63,LIVBURE,LIVGRAE,311.8999999999978,52.0,shape_dist_traveled,37
efc18da3b0,001,0,64,LIVGRAE,LIVHAME,248.899999999999,47.0,shape_dist_traveled,37
efc18da3b0,001,0,65,LIVHAME,LIVSHAE,436.0999999999997,46.0,shape_dist_traveled,37
efc18da3b0,001,0,66,LIVSHAE,LIVLATE,389.10000000000264,41.0,shape_dist_traveled,37
efc18da3b0,001,0,67,LIVLATE,LIVNOEE,1170.5000000000005,125.0,shape_dist_traveled,37
efc18da3b0,001,0,68,LIVNOEE,LIVLONE,250.69999999999837,28.0,shape_dist_traveled,37
efc18da3b0,001,0,69,LIVLONE,LIVBAIE,535.3999999999992,88.0,shape_dist_traveled,37
efc18da3b0,001,0,70,LIVBAIE,LIVQUAE,226.4000000000017,37.0,shape_dist_traveled,37
efc18da3b0,001,0,71,LIVQUAE,LIVWALE,302.5999999999982,50.0,shape_dist_traveled,37
efc18da3b0,001,0,72,LIVWALE,LIVSARE,210.80000000000254,34.0,shape_dist_traveled,37
efc18da3b0,001,0,73,LIVSARE,LIVBRIE,429.199999999998,70.0,shape_dist_traveled,37
efc18da3b0,001,0,74,LIVBRIE,EASOFFE,528.5000000000011,87.0,shape_dist_traveled,37
efc18da3b0,001,0,75,EASOFFE,REYRIDSW,308.6999999999982,54.0,shape_dist_traveled,37
b2630f86a8,001,0,0,PICBETS,2425BET,336.4,69.0,shape_dist_traveled,38
b2630f86a8,001,0,1,2425BET,BETWOOE,281.40000000000003,58.0,shape_dist_traveled,38
b2630f86a8,001,0,2,BETWOOE,BETHEDE,280.3,57.0,shape_dist_traveled,38
b2630f86a8,001,0,3,BETHEDE,BETDIEE,263.29999999999995,56.0,shape_dist_traveled,38
b2630f86a8,001,0,4,BETDIEE,BETOLGE,332.40000000000003,37.0,shape_dist_traveled,38
b2630f86a8,001,0,5,BETOLGE,BETREEE,372.70000000000005,41.0,shape_dist_traveled,38
b2630f86a8,001,0,6,BETREEE,BETPORE,358.30000000000007,40.0,shape_dist_traveled,38
b2630f86a8,001,0,7,BETPORE,GODBETS,510.59999999999974,57.0,shape_dist_traveled,38
b2630f86a8,001,0,8,GODBETS,GODLANSE,355.80000000000035,39.0,shape_dist_traveled,38
b2630f86a8,001,0,9,GODLANSE,GODCHEE,215.3999999999998,26.0,shape_dist_traveled,38
b2630f86a8,001,0,10,GODCHEE,KENWEYS,494.8999999999999,63.0,shape_dist_traveled,38
b2630f86a8,001,0,11,KENWEYS,KENMERS,296.5,38.0,shape_dist_traveled,38
b2630f86a8,001,0,12,KENMERS,KENFOLS,395.50000000000017,50.0,shape_dist_traveled,38
b2630f86a8,001,0,13,KENFOLS,KENWINS,443.7999999999995,57.0,shape_dist_traveled,38
b2630f86a8,001,0,14,KENWINS,KENPARS,369.60000000000014,47.0,shape_dist_traveled,38
b2630f86a8,001,0,15,KENPARS,KENMCCS,329.50000000000034,45.0,shape_dist_traveled,38
b2630f86a8,001,0,16,KENMCCS,KENMILS,412.70000000000005,39.0,shape_dist_traveled,38
b2630f86a8,001,0,17,KENMILS,KENRUES,671.8000000000002,64.0,shape_dist_traveled,38
b2630f86a8,001,0,18,KENRUES,NORCLEE,474.49999999999994,45.0,shape_dist_traveled,38
b2630f86a8,001,0,19,NORCLEE,NORSHAE,263.0999999999997,25.0,shape_dist_traveled,38
b2630f86a8,001,0,20,NORSHAE,NORENTE,673.0000000000009,67.0,shape_dist_traveled,38
b2630f86a8,001,0,21,NORENTE,OLE3440S,594.0999999999992,121.0,shape_dist_traveled,38
b2630f86a8,001,0,22,OLE3440S,OLEUNIS,235.30000000000052,48.0,shape_dist_traveled,38
b2630f86a8,001,0,23,OLEUNIS,OLERIVS1,340.60000000000025,71.0,shape_dist_traveled,38
b2630f86a8,001,0,24,OLERIVS1,OLEHARS2,416.69999999999874,62.0,shape_dist_traveled,38
b2630f86a8,001,0,25,OLEHARS2,OLE2825S,241.4000000000005,36.0,shape_dist_traveled,38
b2630f86a8,001,0,26,OLE2825S,OLEACKS,341.40000000000015,51.0,shape_dist_traveled,38
b2630f86a8,001,0,27,OLEACKS,OLEARGS,489.39999999999986,73.0,shape_dist_traveled,38
b2630f86a8,001,0,28,OLEARGS,LANOLEE,611.8000000000005,91.0,shape_dist_traveled,38
b2630f86a8,001,0,29,LANOLEE,LANTUTE,478.79999999999967,71.0,shape_dist_traveled,38
b2630f86a8,001,0,30,LANTUTE,LANNEIE,213.4999999999998,36.0,shape_dist_traveled,38
b2630f86a8,001,0,31,LANNEIE,HIGLANS,499.00000000000057,112.0,shape_dist_traveled,38
b2630f86a8,001,0,32,HIGLANS,HIG18TS,311.49999999999875,69.0,shape_dist_traveled,38
b2630f86a8,001,0,33,HIG18TS,HIG15TS,305.6000000000001,68.0,shape_dist_traveled,38
b2630f86a8,001,0,34,HIG15TS,HIG13TS,237.5000000000007,53.0,shape_dist_traveled,38
b2630f86a8,001,0,35,HIG13TS,HIGCHIS,248.79999999999924,58.0,shape_dist_traveled,38
b2630f86a8,001,0,36,HIGCHIS,HIG10TS,248.90000000000077,71.0,shape_dist_traveled,38
b2630f86a8,001,0,37,HIG10TS,NHIGMCMS,314.5000000000007,90.0,shape_dist_traveled,38
b2630f86a8,001,0,38,NHIGMCMS,HIGCLAS,223.1999999999985,64.0,shape_dist_traveled,38
b2630f86a8,001,0,39,HIGCLAS,HIG5THS,251.59999999999982,75.0,shape_dist_traveled,38
b2630f86a8,001,0,40,HIG5THS,HIG4THS,209.50000000000023,38.0,shape_dist_traveled,38
b2630f86a8,001,0,41,HIG4THS,NHIW2S,326.40000000000134,60.0,shape_dist_traveled,38
b2630f86a8,001,0,42,NHIW2S,HIGHUBS,405.1999999999989,75.0,shape_dist_traveled,38
b2630f86a8,001,0,43,HIGHUBS,HIGRUSS,365.2999999999995,67.5,shape_dist_traveled,38
b2630f86a8,001,0,44,HIGRUSS,HIGSWANS,240.000000000002,44.5,shape_dist_traveled,38
b2630f86a8,001,0,45,HIGSWANS,HIGOHIS,329.20000000000016,60.5,shape_dist_traveled,38
b2630f86a8,001,0,46,HIGOHIS,HIGNATS,223.39999999999804,44.5,shape_dist_traveled,38
b2630f86a8,001,0,47,HIGNATS,HIGLONS,346.4999999999989,120.0,shape_dist_traveled,38
b2630f86a8,001,0,48,HIGLONS,HIGBROS,265.60000000000275,120.0,shape_dist_traveled,38
b2630f86a8,001,0,49,HIGBROS,HIGSTAS,284.6999999999973,91.0,shape_dist_traveled,38
b2630f86a8,001,0,50,HIGSTAS,HIGTOWS,247.20000000000297,79.0,shape_dist_traveled,38
b2630f86a8,001,0,51,HIGTOWS,HIGMAIS2,285.89999999999804,91.0,shape_dist_traveled,38
b2630f86a8,001,0,52,HIGMAIS2,EFULSHIE,307.8000000000003,99.0,shape_dist_traveled,38
b2630f86a8,001,0,53,EFULSHIE,LIV4THE,539.1000000000013,114.0,shape_dist_traveled,38
b2630f86a8,001,0,54,LIV4THE,LIVGRANE,364.59999999999934,77.0,shape_dist_traveled,38
b2630f86a8,001,0,55,LIVGRANE,LIVPARE,507.0000000000015,109.0,shape_dist_traveled,38
b2630f86a8,001,0,56,LIVPARE,LIVANNE,201.5999999999991,33.0,shape_dist_traveled,38
b2630f86a8,001,0,57,LIVANNE,LIV18TE,213.40000000000003,35.0,shape_dist_traveled,38
b2630f86a8,001,0,58,LIV18TE,LIVCARE,216.79999999999922,35.0,shape_dist_traveled,38
b2630f86a8,001,0,59,LIVCARE,LIV22NE,290.9000000000006,47.0,shape_dist_traveled,38
b2630f86a8,001,0,60,LIV22NE,LIVCHAE,172.39999999999966,30.0,shape_dist_traveled,38
b2630f86a8,001,0,61,LIVCHAE,LIVWILE,246.50000000000105,43.5,shape_dist_traveled,38
b2630f86a8,001,0,62,LIVWILE,LIVSTUE,291.599999999999,51.0,shape_dist_traveled,38
b2630f86a8,001,0,63,LIVSTUE,LIVKELE,428.9999999999985,75.5,shape_dist_traveled,38
b2630f86a8,001,0,64,LIVKELE,LIVBERE,197.50000000000156,34.0,shape_dist_traveled,38
b2630f86a8,001,0,65,LIVBERE,LIVBULE,429.9999999999997,75.5,shape_dist_traveled,38
b2630f86a8,001,0,66,LIVBULE,LIVRHOE,173.4000000000009,30.0,shape_dist_traveled,38
b2630f86a8,001,0,67,LIVRHOE,LIVMEME,233.6999999999989,40.5,shape_dist_traveled,38
b2630f86a8,001,0,68,LIVMEME,LIVMAYE,478.00000000000153,84.0,shape_dist_traveled,38
b2630f86a8,001,0,69,LIVMAYE,LIVCOLE,402.9999999999987,76.0,shape_dist_traveled,38
b2630f86a8,001,0,70,LIVCOLE,LIVCASE,299.7000000000014,39.0,shape_dist_traveled,38
b2630f86a8,001,0,71,LIVCASE,LIVROOE,433.19999999999936,56.0,shape_dist_traveled,38
b2630f86a8,001,0,72,LIVROOE,LIVCHEE,191.39999999999802,24.0,shape_dist_traveled,38
b2630f86a8,001,0,73,LIVCHEE,ELIVKENE,161.5000000000002,21.0,shape_dist_traveled,38
b2630f86a8,001,0,74,ELIVKENE,LIVWELE,331.900000000001,43.0,shape_dist_traveled,38
b2630f86a8,001,0,75,LIVWELE,LIVJAME,424.0999999999992,57.0,shape_dist_traveled,38
b2630f86a8,001,0,76,LIVJAME,LIVZETE,390.10000000000036,61.5,shape_dist_traveled,38
b2630f86a8,001,0,77,LIVZETE,LIVBARE,346.0000000000001,54.0,shape_dist_traveled,38
b2630f86a8,001,0,78,LIVBARE,LIVCUNE,353.9999999999992,55.5,shape_dist_traveled,38
b2630f86a8,001,0,79,LIVCUNE,LIVCOUE,464.4000000000012,73.0,shape_dist_traveled,38
b2630f86a8,001,0,80,LIVCOUE,LIVBEEE,195.49999999999912,30.5,shape_dist_traveled,38
b2630f86a8,001,0,81,LIVBEEE,LIVVILE,207.49999999999957,32.0,shape_dist_traveled,38
b2630f86a8,001,0,82,LIVVILE,LIVYEAE,324.1000000000014,51.0,shape_dist_traveled,38
b2630f86a8,001,0,83,LIVYEAE,LIVBURE,380.19999999999857,59.5,shape_dist_traveled,38
b2630f86a8,001,0,84,LIVBURE,LIVGRAE,311.80000000000166,49.0,shape_dist_traveled,38
b2630f86a8,001,0,85,LIVGRAE,LIVHAME,248.899999999999,44.0,shape_dist_traveled,38
b2630f86a8,001,0,86,LIVHAME,LIVSHAE,436.0999999999997,46.0,shape_dist_traveled,38
b2630f86a8,001,0,87,LIVSHAE,LIVLATE,389.20000000000243,41.0,shape_dist_traveled,38
b2630f86a8,001,0,88,LIVLATE,LIVNOEE,1170.3999999999971,125.0,shape_dist_traveled,38
b2630f86a8,001,0,89,LIVNOEE,LIVLONE,250.70000000000192,28.0,shape_dist_traveled,38
b2630f86a8,001,0,90,LIVLONE,LIVBAIE,535.499999999999,88.0,shape_dist_traveled,38
b2630f86a8,001,0,91,LIVBAIE,LIVQUAE,226.30000000000194,37.0,shape_dist_traveled,38
b2630f86a8,001,0,92,LIVQUAE,LIVWALE,302.5999999999982,50.0,shape_dist_traveled,38
b2630f86a8,001,0,93,LIVWALE,LIVSARE,210.799999999999,34.0,shape_dist_traveled,38
b2630f86a8,001,0,94,LIVSARE,LIVBRIE,429.2000000000016,70.0,shape_dist_traveled,38
b2630f86a8,001,0,95,LIVBRIE,EASOFFE,528.5000000000011,87.0,shape_dist_traveled,38
b2630f86a8,001,0,96,EASOFFE,REYRIDSW,308.79999999999797,54.0,shape_dist_traveled,38
596ac23d12,001,1,0,REYRIDSW,EASOFFW,223.5,38.0,shape_dist_traveled,36
596ac23d12,001,1,1,EASOFFW,LIVBRIW,571.6999999999999,98.0,shape_dist_traveled,36
596ac23d12,001,1,2,LIVBRIW,LIVSARW,447.19999999999993,76.0,shape_dist_traveled,36
596ac23d12,001,1,3,LIVSARW,LIVMCNW,194.90000000000006,33.0,shape_dist_traveled,36
596ac23d12,001,1,4,LIVMCNW,LIVQUAW,232.6999999999999,39.0,shape_dist_traveled,36
596ac23d12,001,1,5,LIVQUAW,LIVBAIW,300.1,51.0,shape_dist_traveled,36
596ac23d12,001,1,6,LIVBAIW,LIVLONW,477.30000000000007,85.0,shape_dist_traveled,36
596ac23d12,001,1,7,LIVLONW,LIVNOEW,296.8999999999999,39.0,shape_dist_traveled,36
596ac23d12,001,1,8,LIVNOEW,LIVCOUNW,1296.8000000000002,171.0,shape_dist_traveled,36
596ac23d12,001,1,9,LIVCOUNW,LIVSHAW,201.50000000000023,26.0,shape_dist_traveled,36
596ac23d12,001,1,10,LIVSHAW,4450HAW,469.2999999999996,64.0,shape_dist_traveled,36
596ac23d12,001,1,11,4450HAW,LIVHAMW,294.99999999999994,43.0,shape_dist_traveled,36
596ac23d12,001,1,12,LIVHAMW,LIVWESW,289.8000000000005,43.0,shape_dist_traveled,36
596ac23d12,001,1,13,LIVWESW,LIVYEAW,312.9999999999997,46.0,shape_dist_traveled,36
596ac23d12,001,1,14,LIVYEAW,LIVELDW,372.0999999999997,55.0,shape_dist_traveled,36
596ac23d12,001,1,15,LIVELDW,LIVBEEW,288.8000000000002,43.0,shape_dist_traveled,36
596ac23d12,001,1,16,LIVBEEW,LIVCOURW,238.6999999999997,35.0,shape_dist_traveled,36
596ac23d12,001,1,17,LIVCOURW,LIVRANW,359.10000000000065,53.0,shape_dist_traveled,36
596ac23d12,001,1,18,LIVRANW,LIVBARW,346.89999999999975,51.0,shape_dist_traveled,36
596ac23d12,001,1,19,LIVBARW,LIVHAMW1,495.49999999999983,73.0,shape_dist_traveled,36
596ac23d12,001,1,20,LIVHAMW1,LIVJAMW,224.59999999999968,38.0,shape_dist_traveled,36
596ac23d12,001,1,21,LIVJAMW,ELIVEASW,452.2000000000013,42.0,shape_dist_traveled,36
596ac23d12,001,1,22,ELIVEASW,ELIVKENW,382.9999999999991,36.0,shape_dist_traveled,36
596ac23d12,001,1,23,ELIVKENW,LIVCHEW,164.5000000000003,15.0,shape_dist_traveled,36
596ac23d12,001,1,24,LIVCHEW,ELIVSROW,202.50000000000057,19.0,shape_dist_traveled,36
596ac23d12,001,1,25,ELIVSROW,ELIVSCAW,392.0999999999992,37.0,shape_dist_traveled,36
596ac23d12,001,1,26,ELIVSCAW,LIVCOLW,306.6999999999993,31.0,shape_dist_traveled,36
596ac23d12,001,1,27,LIVCOLW,LIVMAYW,349.8000000000001,59.0,shape_dist_traveled,36
596ac23d12,001,1,28,LIVMAYW,LIVALUW,415.9000000000006,70.0,shape_dist_traveled,36
596ac23d12,001,1,29,LIVALUW,LIVRHOW,253.70000000000027,42.0,shape_dist_traveled,36
596ac23d12,001,1,30,LIVRHOW,LIVBULW,231.60000000000025,39.0,shape_dist_traveled,36
596ac23d12,001,1,31,LIVBULW,LIVFAIW,149.3000000000002,25.0,shape_dist_traveled,36
596ac23d12,001,1,32,LIVFAIW,LIVLILW,345.79999999999876,58.0,shape_dist_traveled,36
596ac23d12,001,1,33,LIVLILW,LIVKELW,194.49999999999966,32.0,shape_dist_traveled,36
596ac23d12,001,1,34,LIVKELW,LIVLOCW,260.60000000000014,44.0,shape_dist_traveled,36
596ac23d12,001,1,35,LIVLOCW,LIVWILW,423.89999999999975,71.0,shape_dist_traveled,36
596ac23d12,001,1,36,LIVWILW,LIVCHAW,216.40000000000015,40.0,shape_dist_traveled,36
596ac23d12,001,1,37,LIVCHAW,LIVOHIW,124.29999999999986,19.0,shape_dist_traveled,36
596ac23d12,001,1,38,LIVOHIW,LIVCARW,258.8000000000008,40.0,shape_dist_traveled,36
596ac23d12,001,1,39,LIVCARW,LIV18TW,245.3000000000003,38.0,shape_dist_traveled,36
596ac23d12,001,1,40,LIV18TW,LIVANNW,279.6000000000003,44.0,shape_dist_traveled,36
596ac23d12,001,1,41,LIVANNW,LIVPARW,233.29999999999984,39.0,shape_dist_traveled,36
596ac23d12,001,1,42,LIVPARW,LIVGRANW,538.9999999999997,136.0,shape_dist_traveled,36
596ac23d12,001,1,43,LIVGRANW,LIVMOHW,298.5000000000007,75.0,shape_dist_traveled,36
596ac23d12,001,1,44,LIVMOHW,EMOS3RDW,494.60000000000014,124.0,shape_dist_traveled,36
596ac23d12,001,1,45,EMOS3RDW,MOUHIGW1,244.1999999999993,61.0,shape_dist_traveled,36
596ac23d12,001,1,46,MOUHIGW1,HIGRICN,305.6999999999999,77.0,shape_dist_traveled,36
596ac23d12,001,1,47,HIGRICN,HIGSTANN,284.39999999999975,71.0,shape_dist_traveled,36
596ac23d12,001,1,48,HIGSTANN,HIGBRONN,211.00000000000028,56.0,shape_dist_traveled,36
596ac23d12,001,1,49,HIGBRONN,HIGLONN2,308.19999999999936,60.0,shape_dist_traveled,36
596ac23d12,001,1,50,HIGLONN2,HIGNATN,434.2000000000006,120.0,shape_dist_traveled,36
596ac23d12,001,1,51,HIGNATN,HIGOHIN,182.90000000000006,34.0,shape_dist_traveled,36
596ac23d12,001,1,52,HIGOHIN,HIGSPRUN,326.29999999999984,62.0,shape_dist_traveled,36
596ac23d12,001,1,53,HIGSPRUN,HIGRUSN,347.999999999999,66.0,shape_dist_traveled,36
596ac23d12,001,1,54,HIGRUSN,NHIGWARN,229.40000000000182,43.0,shape_dist_traveled,36
596ac23d12,001,1,55,NHIGWARN,NHI1STN,323.99999999999807,61.0,shape_dist_traveled,36
596ac23d12,001,1,56,NHI1STN,HIG2NDN,303.2000000000004,57.0,shape_dist_traveled,36
596ac23d12,001,1,57,HIG2NDN,HIG5THN,490.7000000000004,97.0,shape_dist_traveled,36
596ac23d12,001,1,58,HIG5THN,HIG6THN,166.29999999999967,51.0,shape_dist_traveled,36
596ac23d12,001,1,59,HIG6THN,HIGEUCN,232.30000000000217,71.0,shape_dist_traveled,36
596ac23d12,001,1,60,HIGEUCN,HIG9THN,228.79999999999967,70.0,shape_dist_traveled,36
596ac23d12,001,1,61,HIG9THN,HIGCHIN,346.899999999998,108.0,shape_dist_traveled,36
596ac23d12,001,1,62,HIGCHIN,HIG13TN,160.80000000000183,44.0,shape_dist_traveled,36
596ac23d12,001,1,63,HIG13TN,HIG15TN,215.39999999999893,60.0,shape_dist_traveled,36
596ac23d12,001,1,64,HIG15TN,HIGWOON,445.90000000000174,124.0,shape_dist_traveled,36
596ac23d12,001,1,65,HIGWOON,LANHIGW,377.09999999999866,105.0,shape_dist_traveled,36
596ac23d12,001,1,66,LANHIGW,LANNEIW,304.5000000000009,87.0,shape_dist_traveled,36
596ac23d12,001,1,67,LANNEIW,LANTUTW,229.5999999999978,29.0,shape_dist_traveled,36
596ac23d12,001,1,68,LANTUTW,OLELANN,635.4000000000007,80.0,shape_dist_traveled,36
596ac23d12,001,1,69,OLELANN,220OLEN,282.700000000002,35.0,shape_dist_traveled,36
596ac23d12,001,1,70,220OLEN,OLEARGN,307.699999999997,39.0,shape_dist_traveled,36
596ac23d12,001,1,71,OLEARGN,OLEBURN,224.5000000000026,28.0,shape_dist_traveled,36
596ac23d12,001,1,72,OLEBURN,OLEDODN,286.8999999999993,36.0,shape_dist_traveled,36
596ac23d12,001,1,73,OLEDODN,OLE2825N,178.79999999999896,22.0,shape_dist_traveled,36
596ac23d12,001,1,74,OLE2825N,OLERIVN,682.9999999999998,91.0,shape_dist_traveled,36
596ac23d12,001,1,75,OLERIVN,OLE3230N,161.10000000000113,26.0,shape_dist_traveled,36
596ac23d12,001,1,76,OLE3230N,OLE3420N,396.99999999999847,66.0,shape_dist_traveled,36
596ac23d12,001,1,77,OLE3420N,RIVHOSW,1238.900000000001,208.0,shape_dist_traveled,36
3eacc477a6,001,1,0,REYRIDSW,EASOFFW,223.5,38.0,shape_dist_traveled,38
3eacc477a6,001,1,1,EASOFFW,LIVBRIW,571.6999999999999,98.0,shape_dist_traveled,38
3eacc477a6,001,1,2,LIVBRIW,LIVSARW,447.19999999999993,76.0,shape_dist_traveled,38
3eacc477a6,001,1,3,LIVSARW,LIVMCNW,194.90000000000006,33.0,shape_dist_traveled,38
3eacc477a6,001,1,4,LIVMCNW,LIVQUAW,232.6999999999999,39.0,shape_dist_traveled,38
3eacc477a6,001,1,5,LIVQUAW,LIVBAIW,300.1,51.0,shape_dist_traveled,38
3eacc477a6,001,1,6,LIVBAIW,LIVLONW,477.30000000000007,85.0,shape_dist_traveled,38
3eacc477a6,001,1,7,LIVLONW,LIVNOEW,296.8999999999999,39.0,shape_dist_traveled,38
3eacc477a6,001,1,8,LIVNOEW,LIVCOUNW,1296.8000000000002,171.0,shape_dist_traveled,38
3eacc477a6,001,1,9,LIVCOUNW,LIVSHAW,201.50000000000023,26.0,shape_dist_traveled,38
3eacc477a6,001,1,10,LIVSHAW,4450HAW,469.2999999999996,64.0,shape_dist_traveled,38
3eacc477a6,001,1,11,4450HAW,LIVHAMW,294.99999999999994,43.0,shape_dist_traveled,38
3eacc477a6,001,1,12,LIVHAMW,LIVWESW,289.8000000000005,43.0,shape_dist_traveled,38
3eacc477a6,001,1,13,LIVWESW,LIVYEAW,312.9999999999997,46.0,shape_dist_traveled,38
3eacc477a6,001,1,14,LIVYEAW,LIVELDW,372.0999999999997,55.0,shape_dist_traveled,38
3eacc477a6,001,1,15,LIVELDW,LIVBEEW,288.8000000000002,43.0,shape_dist_traveled,38
3eacc477a6,001,1,16,LIVBEEW,LIVCOURW,238.6999999999997,35.0,shape_dist_traveled,38
3eacc477a6,001,1,17,LIVCOURW,LIVRANW,359.10000000000065,53.0,shape_dist_traveled,38
3eacc477a6,001,1,18,LIVRANW,LIVBARW,346.89999999999975,51.0,shape_dist_traveled,38
3eacc477a6,001,1,19,LIVBARW,LIVHAMW1,495.49999999999983,73.0,shape_dist_traveled,38
3eacc477a6,001,1,20,LIVHAMW1,LIVJAMW,224.59999999999968,38.0,shape_dist_traveled,38
3eacc477a6,001,1,21,LIVJAMW,ELIVEASW,452.2000000000013,42.0,shape_dist_traveled,38
3eacc477a6,001,1,22,ELIVEASW,ELIVKENW,382.9999999999991,36.0,shape_dist_traveled,38
3eacc477a6,001,1,23,ELIVKENW,LIVCHEW,164.5000000000003,15.0,shape_dist_traveled,38
3eacc477a6,001,1,24,LIVCHEW,ELIVSROW,202.50000000000057,19.0,shape_dist_traveled,38
3eacc477a6,001,1,25,ELIVSROW,ELIVSCAW,392.0999999999992,37.0,shape_dist_traveled,38
3eacc477a6,001,1,26,ELIVSCAW,LIVCOLW,306.6999999999993,31.0,shape_dist_traveled,38
3eacc477a6,001,1,27,LIVCOLW,LIVMAYW,349.8000000000001,59.0,shape_dist_traveled,38
3eacc477a6,001,1,28,LIVMAYW,LIVALUW,415.9000000000006,70.0,shape_dist_traveled,38
3eacc477a6,001,1,29,LIVALUW,LIVRHOW,253.70000000000027,42.0,shape_dist_traveled,38
3eacc477a6,001,1,30,LIVRHOW,LIVBULW,231.60000000000025,39.0,shape_dist_traveled,38
3eacc477a6,001,1,31,LIVBULW,LIVFAIW,149.3000000000002,25.0,shape_dist_traveled,38
3eacc477a6,001,1,32,LIVFAIW,LIVLILW,345.79999999999876,58.0,shape_dist_traveled,38
3eacc477a6,001,1,33,LIVLILW,LIVKELW,194.49999999999966,32.0,shape_dist_traveled,38
3eacc477a6,001,1,34,LIVKELW,LIVLOCW,260.60000000000014,44.0,shape_dist_traveled,38
3eacc477a6,001,1,35,LIVLOCW,LIVWILW,423.89999999999975,71.0,shape_dist_traveled,38
3eacc477a6,001,1,36,LIVWILW,LIVCHAW,216.40000000000015,40.0,shape_dist_traveled,38
3eacc477a6,001,1,37,LIVCHAW,LIVOHIW,124.29999999999986,19.0,shape_dist_traveled,38
3eacc477a6,001,1,38,LIVOHIW,LIVCARW,258.8000000000008,40.0,shape_dist_traveled,38
3eacc477a6,001,1,39,LIVCARW,LIV18TW,245.3000000000003,38.0,shape_dist_traveled,38
3eacc477a6,001,1,40,LIV18TW,LIVANNW,279.6000000000003,44.0,shape_dist_traveled,38
3eacc477a6,001,1,41,LIVANNW,LIVPARW,233.29999999999984,39.0,shape_dist_traveled,38
3eacc477a6,001,1,42,LIVPARW,LIVGRANW,538.9999999999997,136.0,shape_dist_traveled,38
3eacc477a6,001,1,43,LIVGRANW,LIVMOHW,298.5000000000007,75.0,shape_dist_traveled,38
3eacc477a6,001,1,44,LIVMOHW,EMOS3RDW,494.60000000000014,124.0,shape_dist_traveled,38
3eacc477a6,001,1,45,EMOS3RDW,MOUHIGW1,244.1999999999993,61.0,shape_dist_traveled,38
3eacc477a6,001,1,46,MOUHIGW1,HIGRICN,305.6999999999999,77.0,shape_dist_traveled,38
3eacc477a6,001,1,47,HIGRICN,HIGSTANN,284.39999999999975,71.0,shape_dist_traveled,38
3eacc477a6,001,1,48,HIGSTANN,HIGBRONN,211.00000000000028,56.0,shape_dist_traveled,38
3eacc477a6,001,1,49,HIGBRONN,HIGLONN2,308.19999999999936,60.0,shape_dist_traveled,38
3eacc477a6,001,1,50,HIGLONN2,HIGNATN,434.2000000000006,120.0,shape_dist_traveled,38
3eacc477a6,001,1,51,HIGNATN,HIGOHIN,182.90000000000006,34.0,shape_dist_traveled,38
3eacc477a6,001,1,52,HIGOHIN,HIGSPRUN,326.29999999999984,62.0,shape_dist_traveled,38
3eacc477a6,001,1,53,HIGSPRUN,HIGRUSN,347.999999999999,66.0,shape_dist_traveled,38
3eacc477a6,001,1,54,HIGRUSN,NHIGWARN,229.40000000000182,43.0,shape_dist_traveled,38
3eacc477a6,001,1,55,NHIGWARN,NHI1STN,323.99999999999807,61.0,shape_dist_traveled,38
3eacc477a6,001,1,56,NHI1STN,HIG2NDN,303.2000000000004,57.0,shape_dist_traveled,38
3eacc477a6,001,1,57,HIG2NDN,HIG5THN,490.7000000000004,97.0,shape_dist_traveled,38
3eacc477a6,001,1,58,HIG5THN,HIG6THN,166.29999999999967,51.0,shape_dist_traveled,38
3eacc477a6,001,1,59,HIG6THN,HIGEUCN,232.30000000000217,71.0,shape_dist_traveled,38
3eacc477a6,001,1,60,HIGEUCN,HIG9THN,228.79999999999967,70.0,shape_dist_traveled,38
3eacc477a6,001,1,61,HIG9THN,HIGCHIN,346.899999999998,108.0,shape_dist_traveled,38
3eacc477a6,001,1,62,HIGCHIN,HIG13TN,160.80000000000183,44.0,shape_dist_traveled,38
3eacc477a6,001,1,63,HIG13TN,HIG15TN,215.39999999999893,60.0,shape_dist_traveled,38
3eacc477a6,001,1,64,HIG15TN,HIGWOON,445.90000000000174,124.0,shape_dist_traveled,38
3eacc477a6,001,1,65,HIGWOON,LANHIGW,377.09999999999866,105.0,shape_dist_traveled,38
3eacc477a6,001,1,66,LANHIGW,LANNEIW,304.5000000000009,87.0,shape_dist_traveled,38
3eacc477a6,001,1,67,LANNEIW,LANTUTW,229.5999999999978,29.0,shape_dist_traveled,38
3eacc477a6,001,1,68,LANTUTW,OLELANN,635.4000000000007,80.0,shape_dist_traveled,38
3eacc477a6,001,1,69,OLELANN,220OLEN,282.700000000002,35.0,shape_dist_traveled,38
3eacc477a6,001,1,70,220OLEN,OLEARGN,307.699999999997,39.0,shape_dist_traveled,38
3eacc477a6,001,1,71,OLEARGN,OLEBURN,224.5000000000026,28.0,shape_dist_traveled,38
3eacc477a6,001,1,72,OLEBURN,OLEDODN,286.8999999999993,36.0,shape_dist_traveled,38
3eacc477a6,001,1,73,OLEDODN,OLE2825N,178.79999999999896,22.0,shape_dist_traveled,38
3eacc477a6,001,1,74,OLE2825N,OLERIVN,682.9999999999998,91.0,shape_dist_traveled,38
3eacc477a6,001,1,75,OLERIVN,OLE3230N,161.10000000000113,37.0,shape_dist_traveled,38
3eacc477a6,001,1,76,OLE3230N,OLE3420N,396.99999999999847,92.0,shape_dist_traveled,38
3eacc477a6,001,1,77,OLE3420N,NOREXIW,734.0000000000018,171.0,shape_dist_traveled,38
3eacc477a6,001,1,78,NOREXIW,NORSHAW,553.4999999999997,55.0,shape_dist_traveled,38
3eacc477a6,001,1,79,NORSHAW,NORCLEW,350.0000000000014,34.0,shape_dist_traveled,38
3eacc477a6,001,1,80,NORCLEW,KENKENBN,383.9999999999968,38.0,shape_dist_traveled,38
3eacc477a6,001,1,81,KENKENBN,KENTREN,250.60000000000215,24.0,shape_dist_traveled,38
3eacc477a6,001,1,82,KENTREN,KENMILN,439.0999999999998,43.0,shape_dist_traveled,38
3eacc477a6,001,1,83,KENMILN,KENHIGN,437.69999999999953,46.0,shape_dist_traveled,38
3eacc477a6,001,1,84,KENHIGN,KENPARN,329.5999999999992,34.0,shape_dist_traveled,38
3eacc477a6,001,1,85,KENPARN,KENWINN,407.6000000000022,42.0,shape_dist_traveled,38
3eacc477a6,001,1,86,KENWINN,KENFOLN,349.69999999999857,36.0,shape_dist_traveled,38
3eacc477a6,001,1,87,KENFOLN,KENMERN,466.5999999999997,48.0,shape_dist_traveled,38
3eacc477a6,001,1,88,KENMERN,KENWEYN,256.2999999999995,26.0,shape_dist_traveled,38
3eacc477a6,001,1,89,KENWEYN,GODCHEW,488.8000000000012,54.0,shape_dist_traveled,38
3eacc477a6,001,1,90,GODCHEW,GODCAMN,402.9999999999987,42.0,shape_dist_traveled,38
3eacc477a6,001,1,91,GODCAMN,BETGODW,338.4999999999998,35.0,shape_dist_traveled,38
3eacc477a6,001,1,92,BETGODW,BETPORW,427.7000000000015,45.0,shape_dist_traveled,38
3eacc477a6,001,1,93,BETPORW,BETREEW,407.39999999999907,43.0,shape_dist_traveled,38
3eacc477a6,001,1,94,BETREEW,BETMCKW,336.5000000000009,35.0,shape_dist_traveled,38
3eacc477a6,001,1,95,BETMCKW,BETDIEW,355.40000000000305,40.0,shape_dist_traveled,38
3eacc477a6,001,1,96,BETDIEW,BETBETW,227.2999999999996,31.0,shape_dist_traveled,38
3eacc477a6,001,1,97,BETBETW,BETCOAW,296.2999999999951,41.0,shape_dist_traveled,38
3eacc477a6,001,1,98,BETCOAW,BETPICW,454.5999999999992,63.0,shape_dist_traveled,38
3eacc477a6,001,1,99,BETPICW,BETGRYSW,276.3000000000062,38.0,shape_dist_traveled,38
3eacc477a6,001,1,100,BETGRYSW,SAWBETN,370.8999999999989,51.0,shape_dist_traveled,38
3eacc477a6,001,1,101,SAWBETN,RESSAWE,365.6000000000006,50.0,shape_dist_traveled,38
3eacc477a6,001,1,102,RESSAWE,PICBETS,597.299999999997,86.0,shape_dist_traveled,38
0f9e2b4fc2,002,0,0,WESHIGW,HIG521S,157.9,60.0,shape_dist_traveled,37
0f9e2b4fc2,002,0,1,HIG521S,HIGFENS,140.19999999999996,20.0,shape_dist_traveled,37
0f9e2b4fc2,002,0,2,HIGFENS,HIGGRA2S,338.3,49.0,shape_dist_traveled,37
0f9e2b4fc2,002,0,3,HIGGRA2S,HIGMORS,210.40000000000003,30.0,shape_dist_traveled,37
0f9e2b4fc2,002,0,4,HIGMORS,HIGJEFS,134.1,21.0,shape_dist_traveled,37
0f9e2b4fc2,002,0,5,HIGJEFS,HIGBEES,323.40000000000003,52.0,shape_dist_traveled,37
0f9e2b4fc2,002,0,6,HIGBEES,HIGSHES,293.2999999999999,47.0,shape_dist_traveled,37
0f9e2b4fc2,002,0,7,HIGSHES,HIGHENS,501.50000000000006,81.0,shape_dist_traveled,37
0f9e2b4fc2,002,0,8,HIGHENS,HIGCOOS,243.39999999999984,43.0,shape_dist_traveled,37
0f9e2b4fc2,002,0,9,HIGCOOS,HIGWESS,294.20000000000005,52.0,shape_dist_traveled,37
0f9e2b4fc2,002,0,10,HIGWESS,HIGBLES,316.2000000000003,56.0,shape_dist_traveled,37
0f9e2b4fc2,002,0,11,HIGBLES,HIGCHAS,229.29999999999984,40.0,shape_dist_traveled,37
0f9e2b4fc2,002,0,12,HIGCHAS,HIGAMAS,204.20000000000016,36.0,shape_dist_traveled,37
0f9e2b4fc2,002,0,13,HIGAMAS,HIGERIS,256.39999999999975,45.0,shape_dist_traveled,37
0f9e2b4fc2,002,0,14,HIGERIS,HIGNORMS,211.00000000000028,37.0,shape_dist_traveled,37
0f9e2b4fc2,002,0,15,HIGNORMS,HIGKENS,380.4000000000003,67.0,shape_dist_traveled,37
0f9e2b4fc2,002,0,16,HIGKENS,HIGNORS,233.3999999999996,44.0,shape_dist_traveled,37
0f9e2b4fc2,002,0,17,HIGNORS,HIGLAKS,407.8999999999997,63.0,shape_dist_traveled,37
0f9e2b4fc2,002,0,18,HIGLAKS,HIGWEBS,227.19999999999985,35.0,shape_dist_traveled,37
0f9e2b4fc2,002,0,19,HIGWEBS,HIGCRES,309.1000000000008,48.0,shape_dist_traveled,37
0f9e2b4fc2,002,0,20,HIGCRES,HIGOLES,316.7999999999997,49.0,shape_dist_traveled,37
0f9e2b4fc2,002,0,21,HIGOLES,HIGDODS,406.09999999999945,63.0,shape_dist_traveled,37
0f9e2b4fc2,002,0,22,HIGDODS,HIGHUDS,251.00000000000034,42.0,shape_dist_traveled,37
0f9e2b4fc2,002,0,23,HIGHUDS,HIGMAYS,307.0000000000004,62.0,shape_dist_traveled,37
0f9e2b4fc2,002,0,24,HIGMAYS,HIGOAKS,243.59999999999982,49.0,shape_dist_traveled,37
0f9e2b4fc2,002,0,25,HIGOAKS,HIGNORWS,170.09999999999968,34.0,shape_dist_traveled,37
0f9e2b4fc2,002,0,26,HIGNORWS,HIGLANS,240.3000000000004,48.0,shape_dist_traveled,37
0f9e2b4fc2,002,0,27,HIGLANS,HIG18TS,311.3999999999999,63.0,shape_dist_traveled,37
0f9e2b4fc2,002,0,28,HIG18TS,HIG15TS,305.6000000000001,62.0,shape_dist_traveled,37
0f9e2b4fc2,002,0,29,HIG15TS,HIG13TS,237.49999999999983,48.0,shape_dist_traveled,37
0f9e2b4fc2,002,0,30,HIG13TS,HIGCHIS,248.79999999999924,54.0,shape_dist_traveled,37
0f9e2b4fc2,002,0,31,HIGCHIS,HIG10TS,248.90000000000077,71.0,shape_dist_traveled,37
0f9e2b4fc2,002,0,32,HIG10TS,NHIGMCMS,314.5000000000007,90.0,shape_dist_traveled,37
0f9e2b4fc2,002,0,33,NHIGMCMS,HIGCLAS,223.1999999999985,64.0,shape_dist_traveled,37
0f9e2b4fc2,002,0,34,HIGCLAS,HIG5THS,251.60000000000161,75.0,shape_dist_traveled,37
0f9e2b4fc2,002,0,35,HIG5THS,HIG4THS,209.49999999999847,35.0,shape_dist_traveled,37
0f9e2b4fc2,002,0,36,HIG4THS,NHIW2S,326.40000000000134,55.0,shape_dist_traveled,37
0f9e2b4fc2,002,0,37,NHIW2S,HIGHUBS,405.29999999999865,69.0,shape_dist_traveled,37
0f9e2b4fc2,002,0,38,HIGHUBS,HIGRUSS,365.2000000000015,62.0,shape_dist_traveled,37
0f9e2b4fc2,002,0,39,HIGRUSS,HIGSWANS,239.99999999999844,41.0,shape_dist_traveled,37
0f9e2b4fc2,002,0,40,HIGSWANS,HIGOHIS,329.29999999999995,56.0,shape_dist_traveled,37
0f9e2b4fc2,002,0,41,HIGOHIS,HIGNATS,223.30000000000007,42.0,shape_dist_traveled,37
0f9e2b4fc2,002,0,42,HIGNATS,HIGLONS,346.5000000000007,60.0,shape_dist_traveled,37
0f9e2b4fc2,002,0,43,HIGLONS,HIGBROS,265.59999999999917,120.0,shape_dist_traveled,37
0f9e2b4fc2,002,0,44,HIGBROS,HIGSTAS,284.70000000000084,101.0,shape_dist_traveled,37
0f9e2b4fc2,002,0,45,HIGSTAS,HIGTOWS,247.19999999999942,88.0,shape_dist_traveled,37
0f9e2b4fc2,002,0,46,HIGTOWS,MAIHIGE,307.60000000000076,111.0,shape_dist_traveled,37
0f9e2b4fc2,002,0,47,MAIHIGE,MAI4THE,326.70000000000067,98.0,shape_dist_traveled,37
0f9e2b4fc2,002,0,48,MAI4THE,MAI5THE,196.29999999999905,59.0,shape_dist_traveled,37
0f9e2b4fc2,002,0,49,MAI5THE,MAIGRANE,274.20000000000044,83.0,shape_dist_traveled,37
0f9e2b4fc2,002,0,50,MAIGRANE,MAIWASE,257.6999999999998,40.0,shape_dist_traveled,37
0f9e2b4fc2,002,0,51,MAIWASE,MAIALLE,557.3999999999994,86.0,shape_dist_traveled,37
0f9e2b4fc2,002,0,52,MAIALLE,EMAIN18E,265.10000000000036,41.0,shape_dist_traveled,37
0f9e2b4fc2,002,0,53,EMAIN18E,MAIGILE,240.19999999999976,37.0,shape_dist_traveled,37
0f9e2b4fc2,002,0,54,MAIGILE,MAIOHIE,220.10000000000042,36.0,shape_dist_traveled,37
0f9e2b4fc2,002,0,55,MAIOHIE,MAICHAE,173.0999999999998,25.0,shape_dist_traveled,37
0f9e2b4fc2,002,0,56,MAICHAE,MAIWILE,169.10000000000025,25.0,shape_dist_traveled,37
0f9e2b4fc2,002,0,57,MAIWILE,MAIKIME,274.20000000000044,40.0,shape_dist_traveled,37
0f9e2b4fc2,002,0,58,MAIKIME,MAIMILLE,245.19999999999874,36.0,shape_dist_traveled,37
0f9e2b4fc2,002,0,59,MAIMILLE,MAIKELTE,167.10000000000136,24.0,shape_dist_traveled,37
0f9e2b4fc2,002,0,60,MAIKELTE,MAISEYE,364.2000000000003,54.0,shape_dist_traveled,37
0f9e2b4fc2,002,0,61,MAISEYE,MAIBULE,280.09999999999735,41.0,shape_dist_traveled,37
0f9e2b4fc2,002,0,62,MAIBULE,MAIRHOE,200.1000000000026,29.0,shape_dist_traveled,37
0f9e2b4fc2,002,0,63,MAIRHOE,MAIALUE,417.29999999999734,62.0,shape_dist_traveled,37
0f9e2b4fc2,002,0,64,MAIALUE,MAIPARE,174.1000000000028,25.0,shape_dist_traveled,37
0f9e2b4fc2,002,0,65,MAIPARE,MAIDREE,352.2999999999996,59.0,shape_dist_traveled,37
0f9e2b4fc2,002,0,66,MAIDREE,MAIEUCE,361.29999999999995,67.0,shape_dist_traveled,37
0f9e2b4fc2,002,0,67,MAIEUCE,MAIMONE,242.30000000000018,45.0,shape_dist_traveled,37
0f9e2b4fc2,002,0,68,MAIMONE,MAIROOE,268.39999999999975,50.0,shape_dist_traveled,37
0f9e2b4fc2,002,0,69,MAIROOE,MAIBROE,394.6000000000005,74.0,shape_dist_traveled,37
0f9e2b4fc2,002,0,70,MAIBROE,MAIENFE,214.19999999999817,40.0,shape_dist_traveled,37
0f9e2b4fc2,002,0,71,MAIENFE,MAIBROE1,239.2000000000003,44.0,shape_dist_traveled,37
0f9e2b4fc2,002,0,72,MAIBROE1,MAIJAME,197.1999999999987,40.0,shape_dist_traveled,37
0f9e2b4fc2,002,0,73,MAIJAME,MAIWEYE,555.6000000000018,103.0,shape_dist_traveled,37
0f9e2b4fc2,002,0,74,MAIWEYE,MAIBARE,261.29999999999853,48.0,shape_dist_traveled,37
0f9e2b4fc2,002,0,75,MAIBARE,MAIMAPE,198.19999999999993,36.0,shape_dist_traveled,37
0f9e2b4fc2,002,0,76,MAIMAPE,MAICOLWE,193.20000000000093,35.0,shape_dist_traveled,37
0f9e2b4fc2,002,0,77,MAICOLWE,MAIROBE1,351.4000000000017,65.0,shape_dist_traveled,37
0f9e2b4fc2,002,0,78,MAIROBE1,MAILAME,388.3999999999972,72.0,shape_dist_traveled,37
0f9e2b4fc2,002,0,79,MAILAME,MAIKARE,271.30000000000007,50.0,shape_dist_traveled,37
0f9e2b4fc2,002,0,80,MAIKARE,MAIYEAE,199.20000000000115,37.0,shape_dist_traveled,37
0f9e2b4fc2,002,0,81,MAIYEAE,MAIWESE1,352.49999999999915,65.0,shape_dist_traveled,37
0f9e2b4fc2,002,0,82,MAIWESE1,MAIBERE,209.20000000000272,38.0,shape_dist_traveled,37
0f9e2b4fc2,002,0,83,MAIBERE,MAIHAME,244.29999999999907,51.0,shape_dist_traveled,37
0f9e2b4fc2,002,0,84,MAIHAME,GRTEASW,462.7999999999979,120.0,shape_dist_traveled,37
cd72fb2750,002,0,0,WESHIGW,HIG521S,157.9,60.0,shape_dist_traveled,38
cd72fb2750,002,0,1,HIG521S,HIGFENS,140.19999999999996,20.0,shape_dist_traveled,38
cd72fb2750,002,0,2,HIGFENS,HIGGRA2S,338.3,49.0,shape_dist_traveled,38
cd72fb2750,002,0,3,HIGGRA2S,HIGMORS,210.40000000000003,30.0,shape_dist_traveled,38
cd72fb2750,002,0,4,HIGMORS,HIGJEFS,134.1,21.0,shape_dist_traveled,38
cd72fb2750,002,0,5,HIGJEFS,HIGBEES,323.40000000000003,52.0,shape_dist_traveled,38
cd72fb2750,002,0,6,HIGBEES,HIGSHES,293.2999999999999,47.0,shape_dist_traveled,38
cd72fb2750,002,0,7,HIGSHES,HIGHENS,501.50000000000006,81.0,shape_dist_traveled,38
cd72fb2750,002,0,8,HIGHENS,HIGCOOS,243.39999999999984,43.0,shape_dist_traveled,38
cd72fb2750,002,0,9,HIGCOOS,HIGWESS,294.20000000000005,52.0,shape_dist_traveled,38
cd72fb2750,002,0,10,HIGWESS,HIGBLES,316.2000000000003,56.0,shape_dist_traveled,38
cd72fb2750,002,0,11,HIGBLES,HIGCHAS,229.29999999999984,40.0,shape_dist_traveled,38
cd72fb2750,002,0,12,HIGCHAS,HIGAMAS,204.20000000000016,36.0,shape_dist_traveled,38
cd72fb2750,002,0,13,HIGAMAS,HIGERIS,256.39999999999975,45.0,shape_dist_traveled,38
cd72fb2750,002,0,14,HIGERIS,HIGNORMS,211.00000000000028,37.0,shape_dist_traveled,38
cd72fb2750,002,0,15,HIGNORMS,HIGKENS,380.4000000000003,67.0,shape_dist_traveled,38
cd72fb2750,002,0,16,HIGKENS,HIGNORS,233.3999999999996,44.0,shape_dist_traveled,38
cd72fb2750,002,0,17,HIGNORS,HIGLAKS,407.8999999999997,63.0,shape_dist_traveled,38
cd72fb2750,002,0,18,HIGLAKS,HIGWEBS,227.19999999999985,35.0,shape_dist_traveled,38
cd72fb2750,002,0,19,HIGWEBS,HIGCRES,309.1000000000008,48.0,shape_dist_traveled,38
cd72fb2750,002,0,20,HIGCRES,HIGOLES,316.7999999999997,49.0,shape_dist_traveled,38
cd72fb2750,002,0,21,HIGOLES,HIGDODS,406.09999999999945,63.0,shape_dist_traveled,38
cd72fb2750,002,0,22,HIGDODS,HIGHUDS,251.00000000000034,42.0,shape_dist_traveled,38
cd72fb2750,002,0,23,HIGHUDS,HIGMAYS,307.0000000000004,62.0,shape_dist_traveled,38
cd72fb2750,002,0,24,HIGMAYS,HIGOAKS,243.59999999999982,49.0,shape_dist_traveled,38
cd72fb2750,002,0,25,HIGOAKS,HIGNORWS,170.09999999999968,34.0,shape_dist_traveled,38
cd72fb2750,002,0,26,HIGNORWS,HIGLANS,240.3000000000004,48.0,shape_dist_traveled,38
cd72fb2750,002,0,27,HIGLANS,HIG18TS,311.3999999999999,63.0,shape_dist_traveled,38
cd72fb2750,002,0,28,HIG18TS,HIG15TS,305.6000000000001,62.0,shape_dist_traveled,38
cd72fb2750,002,0,29,HIG15TS,HIG13TS,237.49999999999983,48.0,shape_dist_traveled,38
cd72fb2750,002,0,30,HIG13TS,HIGCHIS,248.79999999999924,54.0,shape_dist_traveled,38
cd72fb2750,002,0,31,HIGCHIS,HIG10TS,248.90000000000077,71.0,shape_dist_traveled,38
cd72fb2750,002,0,32,HIG10TS,NHIGMCMS,314.5000000000007,90.0,shape_dist_traveled,38
cd72fb2750,002,0,33,NHIGMCMS,HIGCLAS,223.1999999999985,64.0,shape_dist_traveled,38
cd72fb2750,002,0,34,HIGCLAS,HIG5THS,251.60000000000161,75.0,shape_dist_traveled,38
cd72fb2750,002,0,35,HIG5THS,HIG4THS,209.49999999999847,35.0,shape_dist_traveled,38
cd72fb2750,002,0,36,HIG4THS,NHIW2S,326.40000000000134,55.0,shape_dist_traveled,38
cd72fb2750,002,0,37,NHIW2S,HIGHUBS,405.29999999999865,69.0,shape_dist_traveled,38
cd72fb2750,002,0,38,HIGHUBS,HIGRUSS,365.2000000000015,62.0,shape_dist_traveled,38
cd72fb2750,002,0,39,HIGRUSS,HIGSWANS,239.99999999999844,41.0,shape_dist_traveled,38
cd72fb2750,002,0,40,HIGSWANS,HIGOHIS,329.29999999999995,56.0,shape_dist_traveled,38
cd72fb2750,002,0,41,HIGOHIS,HIGNATS,223.30000000000007,42.0,shape_dist_traveled,38
cd72fb2750,002,0,42,HIGNATS,HIGLONS,346.5000000000007,60.0,shape_dist_traveled,38
cd72fb2750,002,0,43,HIGLONS,HIGBROS,265.59999999999917,120.0,shape_dist_traveled,38
cd72fb2750,002,0,44,HIGBROS,HIGSTAS,284.70000000000084,101.0,shape_dist_traveled,38
cd72fb2750,002,0,45,HIGSTAS,HIGTOWS,247.19999999999942,88.0,shape_dist_traveled,38
cd72fb2750,002,0,46,HIGTOWS,MAIHIGE,307.60000000000076,111.0,shape_dist_traveled,38
cd72fb2750,002,0,47,MAIHIGE,MAI4THE,326.70000000000067,98.0,shape_dist_traveled,38
cd72fb2750,002,0,48,MAI4THE,MAI5THE,196.29999999999905,59.0,shape_dist_traveled,38
cd72fb2750,002,0,49,MAI5THE,MAIGRANE,274.20000000000044,83.0,shape_dist_traveled,38
cd72fb2750,002,0,50,MAIGRANE,MAIWASE,257.6999999999998,40.0,shape_dist_traveled,38
cd72fb2750,002,0,51,MAIWASE,MAIALLE,557.3999999999994,86.0,shape_dist_traveled,38
cd72fb2750,002,0,52,MAIALLE,EMAIN18E,265.10000000000036,41.0,shape_dist_traveled,38
cd72fb2750,002,0,53,EMAIN18E,MAIGILE,240.19999999999976,37.0,shape_dist_traveled,38
cd72fb2750,002,0,54,MAIGILE,MAIOHIE,220.10000000000042,36.0,shape_dist_traveled,38
cd72fb2750,002,0,55,MAIOHIE,MAICHAE,173.0999999999998,25.0,shape_dist_traveled,38
cd72fb2750,002,0,56,MAICHAE,MAIWILE,169.10000000000025,25.0,shape_dist_traveled,38
cd72fb2750,002,0,57,MAIWILE,MAIKIME,274.20000000000044,40.0,shape_dist_traveled,38
cd72fb2750,002,0,58,MAIKIME,MAIMILLE,245.19999999999874,36.0,shape_dist_traveled,38
cd72fb2750,002,0,59,MAIMILLE,MAIKELTE,167.10000000000136,24.0,shape_dist_traveled,38
cd72fb2750,002,0,60,MAIKELTE,MAISEYE,364.2000000000003,54.0,shape_dist_traveled,38
cd72fb2750,002,0,61,MAISEYE,MAIBULE,280.09999999999735,41.0,shape_dist_traveled,38
cd72fb2750,002,0,62,MAIBULE,MAIRHOE,200.1000000000026,29.0,shape_dist_traveled,38
cd72fb2750,002,0,63,MAIRHOE,MAIALUE,417.29999999999734,62.0,shape_dist_traveled,38
cd72fb2750,002,0,64,MAIALUE,MAIPARE,174.1000000000028,25.0,shape_dist_traveled,38
cd72fb2750,002,0,65,MAIPARE,MAIDREE,352.2999999999996,59.0,shape_dist_traveled,38
cd72fb2750,002,0,66,MAIDREE,MAIEUCE,361.29999999999995,67.0,shape_dist_traveled,38
cd72fb2750,002,0,67,MAIEUCE,MAIMONE,242.30000000000018,45.0,shape_dist_traveled,38
cd72fb2750,002,0,68,MAIMONE,MAIROOE,268.39999999999975,50.0,shape_dist_traveled,38
cd72fb2750,002,0,69,MAIROOE,MAIBROE,394.6000000000005,74.0,shape_dist_traveled,38
cd72fb2750,002,0,70,MAIBROE,MAIENFE,214.19999999999817,40.0,shape_dist_traveled,38
cd72fb2750,002,0,71,MAIENFE,MAIBROE1,239.2000000000003,44.0,shape_dist_traveled,38
cd72fb2750,002,0,72,MAIBROE1,MAIJAME,197.1999999999987,40.0,shape_dist_traveled,38
cd72fb2750,002,0,73,MAIJAME,MAIWEYE,555.6000000000018,103.0,shape_dist_traveled,38
cd72fb2750,002,0,74,MAIWEYE,MAIBARE,261.29999999999853,48.0,shape_dist_traveled,38
cd72fb2750,002,0,75,MAIBARE,MAIMAPE,198.19999999999993,36.0,shape_dist_traveled,38
cd72fb2750,002,0,76,MAIMAPE,MAICOLWE,193.20000000000093,35.0,shape_dist_traveled,38
cd72fb2750,002,0,77,MAICOLWE,MAIROBE1,351.4000000000017,65.0,shape_dist_traveled,38
cd72fb2750,002,0,78,MAIROBE1,MAILAME,388.3999999999972,72.0,shape_dist_traveled,38
cd72fb2750,002,0,79,MAILAME,MAIKARE,271.30000000000007,50.0,shape_dist_traveled,38
cd72fb2750,002,0,80,MAIKARE,MAIYEAE,199.20000000000115,37.0,shape_dist_traveled,38
cd72fb2750,002,0,81,MAIYEAE,MAIWESE1,352.49999999999915,65.0,shape_dist_traveled,38
cd72fb2750,002,0,82,MAIWESE1,MAIBERE,209.20000000000272,38.0,shape_dist_traveled,38
cd72fb2750,002,0,83,MAIBERE,MAIHAME,244.29999999999907,51.0,shape_dist_traveled,38
cd72fb2750,002,0,84,MAIHAME,MAISHAE,535.5999999999988,65.0,shape_dist_traveled,38
cd72fb2750,002,0,85,MAISHAE,MAICOUE,282.39999999999907,34.0,shape_dist_traveled,38
cd72fb2750,002,0,86,MAICOUE,MAIMANE,494.40000000000236,60.0,shape_dist_traveled,38
cd72fb2750,002,0,87,MAIMANE,MAIFOUNE,161.2000000000009,21.0,shape_dist_traveled,38
cd72fb2750,002,0,88,MAIFOUNE,MAIHEAE,428.29999999999654,57.0,shape_dist_traveled,38
cd72fb2750,002,0,89,MAIHEAE,MAINOEE,233.3000000000034,31.0,shape_dist_traveled,38
cd72fb2750,002,0,90,MAINOEE,MAIMCNE,1190.299999999997,158.0,shape_dist_traveled,38
cd72fb2750,002,0,91,MAIMCNE,MAIVALE,193.10000000000116,25.0,shape_dist_traveled,38
cd72fb2750,002,0,92,MAIVALE,MAIIDLE,378.0000000000001,50.0,shape_dist_traveled,38
cd72fb2750,002,0,93,MAIIDLE,MAIBRICE,276.09999999999957,39.0,shape_dist_traveled,38
cd72fb2750,002,0,94,MAIBRICE,MAI652E,369.1999999999993,51.0,shape_dist_traveled,38
cd72fb2750,002,0,95,MAI652E,MAIROSEE,406.1000000000021,56.0,shape_dist_traveled,38
cd72fb2750,002,0,96,MAIROSEE,MAIHENE,336.19999999999806,46.0,shape_dist_traveled,38
cd72fb2750,002,0,97,MAIHENE,MAIBRIE,278.100000000002,38.0,shape_dist_traveled,38
cd72fb2750,002,0,98,MAIBRIE,MAIHAFE,440.3000000000006,61.0,shape_dist_traveled,38
cd72fb2750,002,0,99,MAIHAFE,MAIJACE,496.3999999999977,69.0,shape_dist_traveled,38
cd72fb2750,002,0,100,MAIJACE,MAIGRAHE,403.30000000000155,56.0,shape_dist_traveled,38
cd72fb2750,002,0,101,MAIGRAHE,MAIESTE,321.09999999999775,44.0,shape_dist_traveled,38
cd72fb2750,002,0,102,MAIESTE,MAIOAKE1,397.4000000000011,59.0,shape_dist_traveled,38
0cab1295d1,002,1,0,MAIOAKE1,HANMAIN,791.6999999999999,105.0,shape_dist_traveled,38
0cab1295d1,002,1,1,HANMAIN,GOLHILW,383.30000000000007,51.0,shape_dist_traveled,38
0cab1295d1,002,1,2,GOLHILW,CARMAIS,324.3,43.0,shape_dist_traveled,38
0cab1295d1,002,1,3,CARMAIS,MAIOAKW,324.1999999999998,43.0,shape_dist_traveled,38
0cab1295d1,002,1,4,MAIOAKW,MAIESTW,301.3000000000001,40.0,shape_dist_traveled,38
0cab1295d1,002,1,5,MAIESTW,MAIWAGW,436.19999999999993,58.0,shape_dist_traveled,38
0cab1295d1,002,1,6,MAIWAGW,MAIJACW,372.1999999999999,49.0,shape_dist_traveled,38
0cab1295d1,002,1,7,MAIJACW,MAIHAFW,496.4000000000004,66.0,shape_dist_traveled,38
0cab1295d1,002,1,8,MAIHAFW,MAIBRIW,383.2999999999997,51.0,shape_dist_traveled,38
0cab1295d1,002,1,9,MAIBRIW,MAIHENW,315.19999999999993,42.0,shape_dist_traveled,38
0cab1295d1,002,1,10,MAIHENW,MAIROSEW,414.10000000000036,55.0,shape_dist_traveled,38
0cab1295d1,002,1,11,MAIROSEW,MAI650W,272.19999999999976,36.0,shape_dist_traveled,38
0cab1295d1,002,1,12,MAI650W,MAIBRICW,585.0999999999997,81.0,shape_dist_traveled,38
0cab1295d1,002,1,13,MAIBRICW,MAIMAIW,459.20000000000005,53.0,shape_dist_traveled,38
0cab1295d1,002,1,14,MAIMAIW,MAIMCNW,172.0000000000006,20.0,shape_dist_traveled,38
0cab1295d1,002,1,15,MAIMCNW,MAINOEW,1262.3999999999996,147.0,shape_dist_traveled,38
0cab1295d1,002,1,16,MAINOEW,MAIHEAW,243.19999999999987,28.0,shape_dist_traveled,38
0cab1295d1,002,1,17,MAIHEAW,MAIFOUW,438.40000000000055,52.0,shape_dist_traveled,38
0cab1295d1,002,1,18,MAIFOUW,MAIMANW,160.0999999999999,34.0,shape_dist_traveled,38
0cab1295d1,002,1,19,MAIMANW,MAICOUW,491.5000000000003,106.0,shape_dist_traveled,38
0cab1295d1,002,1,20,MAICOUW,MAISHAW,284.39999999999975,61.0,shape_dist_traveled,38
0cab1295d1,002,1,21,MAISHAW,MAIHAMW,453.5,99.0,shape_dist_traveled,38
0cab1295d1,002,1,22,MAIHAMW,MAIBERW,289.299999999999,48.0,shape_dist_traveled,38
0cab1295d1,002,1,23,MAIBERW,MAIWESW,186.20000000000124,31.0,shape_dist_traveled,38
0cab1295d1,002,1,24,MAIWESW,MAIYEAW,339.49999999999926,56.0,shape_dist_traveled,38
0cab1295d1,002,1,25,MAIYEAW,MAIKARW,249.29999999999984,41.0,shape_dist_traveled,38
0cab1295d1,002,1,26,MAIKARW,MAILAMW,271.20000000000033,45.0,shape_dist_traveled,38
0cab1295d1,002,1,27,MAILAMW,MAIROBW,349.5000000000008,58.0,shape_dist_traveled,38
0cab1295d1,002,1,28,MAIROBW,MAICOLWW,399.2999999999984,67.0,shape_dist_traveled,38
0cab1295d1,002,1,29,MAICOLWW,MAIMAPW,204.29999999999993,34.0,shape_dist_traveled,38
0cab1295d1,002,1,30,MAIMAPW,MAIRUBW,220.20000000000016,36.0,shape_dist_traveled,38
0cab1295d1,002,1,31,MAIRUBW,MAIWEYW,218.2000000000013,36.0,shape_dist_traveled,38
0cab1295d1,002,1,32,MAIWEYW,MAIJAMW,490.49999999999903,88.0,shape_dist_traveled,38
0cab1295d1,002,1,33,MAIJAMW,MAIEASW,346.30000000000115,52.0,shape_dist_traveled,38
0cab1295d1,002,1,34,MAIEASW,MAICHEW,207.30000000000004,31.0,shape_dist_traveled,38
0cab1295d1,002,1,35,MAICHEW,MAIKENW,234.19999999999953,35.0,shape_dist_traveled,38
0cab1295d1,002,1,36,MAIKENW,MAIROOW,299.5000000000001,45.0,shape_dist_traveled,38
0cab1295d1,002,1,37,MAIROOW,MAIREMW,244.1999999999993,36.0,shape_dist_traveled,38
0cab1295d1,002,1,38,MAIREMW,MAICASW1,310.4999999999993,46.0,shape_dist_traveled,38
0cab1295d1,002,1,39,MAICASW1,MAIDREW,348.30000000000007,55.0,shape_dist_traveled,38
0cab1295d1,002,1,40,MAIDREW,MAIPARKW,352.40000000000117,61.0,shape_dist_traveled,38
0cab1295d1,002,1,41,MAIPARKW,MAIHOLW,280.0999999999991,48.0,shape_dist_traveled,38
0cab1295d1,002,1,42,MAIHOLW,MAIRHOW,315.20000000000084,54.0,shape_dist_traveled,38
0cab1295d1,002,1,43,MAIRHOW,MAIFAIW,291.19999999999993,50.0,shape_dist_traveled,38
0cab1295d1,002,1,44,MAIFAIW,MAIKELTW,480.19999999999993,83.0,shape_dist_traveled,38
0cab1295d1,002,1,45,MAIKELTW,MAIMILLW,199.1000000000014,34.0,shape_dist_traveled,38
0cab1295d1,002,1,46,MAIMILLW,MAIKENW1,311.2999999999993,53.0,shape_dist_traveled,38
0cab1295d1,002,1,47,MAIKENW1,MAIWILW,193.0999999999976,33.0,shape_dist_traveled,38
0cab1295d1,002,1,48,MAIWILW,MAICHAW,232.10000000000264,40.0,shape_dist_traveled,38
0cab1295d1,002,1,49,MAICHAW,MAIOHIW,114.10000000000053,24.0,shape_dist_traveled,38
0cab1295d1,002,1,50,MAIOHIW,MAICARW,327.1999999999977,60.0,shape_dist_traveled,38
0cab1295d1,002,1,51,MAICARW,MAIMONW,399.20000000000044,73.0,shape_dist_traveled,38
0cab1295d1,002,1,52,MAIMONW,MAIPARSW,200.09999999999906,37.0,shape_dist_traveled,38
0cab1295d1,002,1,53,MAIPARSW,MAIWASW,351.90000000000055,65.0,shape_dist_traveled,38
0cab1295d1,002,1,54,MAIWASW,GRAMOUS,457.00000000000074,84.0,shape_dist_traveled,38
0cab1295d1,002,1,55,GRAMOUS,MOU5THW1,304.09999999999826,56.0,shape_dist_traveled,38
0cab1295d1,002,1,56,MOU5THW1,EMO4THW,142.80000000000115,26.0,shape_dist_traveled,38
0cab1295d1,002,1,57,EMO4THW,MOUHIGW1,410.0000000000001,79.0,shape_dist_traveled,38
0cab1295d1,002,1,58,MOUHIGW1,HIGRICN,305.70000000000164,91.0,shape_dist_traveled,38
0cab1295d1,002,1,59,HIGRICN,HIGSTANN,284.29999999999825,85.0,shape_dist_traveled,38
0cab1295d1,002,1,60,HIGSTANN,HIGBRONN,211.10000000000184,64.0,shape_dist_traveled,38
0cab1295d1,002,1,61,HIGBRONN,HIGLONN2,308.09999999999957,60.0,shape_dist_traveled,38
0cab1295d1,002,1,62,HIGLONN2,HIGNATN,434.30000000000035,120.0,shape_dist_traveled,38
0cab1295d1,002,1,63,HIGNATN,HIGOHIN,182.90000000000006,34.0,shape_dist_traveled,38
0cab1295d1,002,1,64,HIGOHIN,HIGSPRUN,326.29999999999984,62.0,shape_dist_traveled,38
0cab1295d1,002,1,65,HIGSPRUN,HIGRUSN,347.999999999999,66.0,shape_dist_traveled,38
0cab1295d1,002,1,66,HIGRUSN,NHIGWARN,229.39999999999827,43.0,shape_dist_traveled,38
0cab1295d1,002,1,67,NHIGWARN,NHI1STN,323.90000000000185,61.0,shape_dist_traveled,38
0cab1295d1,002,1,68,NHI1STN,HIG2NDN,303.3000000000001,57.0,shape_dist_traveled,38
0cab1295d1,002,1,69,HIG2NDN,HIG5THN,490.6000000000006,97.0,shape_dist_traveled,38
0cab1295d1,002,1,70,HIG5THN,HIG6THN,166.39999999999944,51.0,shape_dist_traveled,38
0cab1295d1,002,1,71,HIG6THN,HIGEUCN,232.19999999999885,71.0,shape_dist_traveled,38
0cab1295d1,002,1,72,HIGEUCN,HIG9THN,228.79999999999967,70.0,shape_dist_traveled,38
0cab1295d1,002,1,73,HIG9THN,HIGCHIN,347.0000000000013,108.0,shape_dist_traveled,38
0cab1295d1,002,1,74,HIGCHIN,HIG13TN,160.79999999999828,37.0,shape_dist_traveled,38
0cab1295d1,002,1,75,HIG13TN,HIG15TN,215.3000000000027,50.0,shape_dist_traveled,38
0cab1295d1,002,1,76,HIG15TN,HIGWOON,445.99999999999795,104.0,shape_dist_traveled,38
0cab1295d1,002,1,77,HIGWOON,HIGLANN,317.2999999999995,74.0,shape_dist_traveled,38
0cab1295d1,002,1,78,HIGLANN,HIGNORN,160.6000000000023,37.0,shape_dist_traveled,38
0cab1295d1,002,1,79,HIGNORN,HIGPATN,241.29999999999896,56.0,shape_dist_traveled,38
0cab1295d1,002,1,80,HIGPATN,HIGBLAN,199.89999999999952,47.0,shape_dist_traveled,38
0cab1295d1,002,1,81,HIGBLAN,HIGHUDN,297.8000000000023,75.0,shape_dist_traveled,38
0cab1295d1,002,1,82,HIGHUDN,HIGDODN,262.2999999999997,46.0,shape_dist_traveled,38
0cab1295d1,002,1,83,HIGDODN,HIGOLEN,334.699999999998,59.0,shape_dist_traveled,38
0cab1295d1,002,1,84,HIGOLEN,HIGKELN,239.2000000000003,42.0,shape_dist_traveled,38
0cab1295d1,002,1,85,HIGKELN,HIGWEBN,314.1999999999996,56.0,shape_dist_traveled,38
0cab1295d1,002,1,86,HIGWEBN,HIGPACN,249.7000000000007,44.0,shape_dist_traveled,38
0cab1295d1,002,1,87,HIGPACN,HIGCOMN,226.19999999999862,40.0,shape_dist_traveled,38
0cab1295d1,002,1,88,HIGCOMN,HIGNORN1,388.60000000000025,73.0,shape_dist_traveled,38
0cab1295d1,002,1,89,HIGNORN1,HIGTORN,359.7999999999999,46.0,shape_dist_traveled,38
0cab1295d1,002,1,90,HIGTORN,HIGGLENN,277.4999999999999,35.0,shape_dist_traveled,38
0cab1295d1,002,1,91,HIGGLENN,HIGFALN,205.40000000000092,26.0,shape_dist_traveled,38
0cab1295d1,002,1,92,HIGFALN,HIGACTN,202.9999999999994,26.0,shape_dist_traveled,38
0cab1295d1,002,1,93,HIGACTN,HIGGLEN,430.40000000000236,55.0,shape_dist_traveled,38
0cab1295d1,002,1,94,HIGGLEN,HIGINDN,325.59999999999786,41.0,shape_dist_traveled,38
0cab1295d1,002,1,95,HIGINDN,HIGCOON,290.4000000000018,37.0,shape_dist_traveled,38
0cab1295d1,002,1,96,HIGCOON,HIGSCHN,249.39999999999785,34.0,shape_dist_traveled,38
0cab1295d1,002,1,97,HIGSCHN,HIGWEIN,320.2999999999996,47.0,shape_dist_traveled,38
0cab1295d1,002,1,98,HIGWEIN,HIGBEAN,251.30000000000052,36.0,shape_dist_traveled,38
0cab1295d1,002,1,99,HIGBEAN,HIGROYN1,375.4000000000026,55.0,shape_dist_traveled,38
0cab1295d1,002,1,100,HIGROYN1,HIGMORN,278.20000000000175,42.0,shape_dist_traveled,38
0cab1295d1,002,1,101,HIGMORN,HIGFITN,337.5999999999948,34.0,shape_dist_traveled,38
0cab1295d1,002,1,102,HIGFITN,HIG522N,251.30000000000052,26.0,shape_dist_traveled,38
0cab1295d1,002,1,103,HIG522N,WESHIGW,259.70000000000226,60.0,shape_dist_traveled,38
d4427f3ecf,002,1,0,GRTEASW,MAIHAMW,339.1,120.0,shape_dist_traveled,37
d4427f3ecf,002,1,1,MAIHAMW,MAIBERW,289.29999999999995,48.0,shape_dist_traveled,37
d4427f3ecf,002,1,2,MAIBERW,MAIWESW,186.20000000000005,31.0,shape_dist_traveled,37
d4427f3ecf,002,1,3,MAIWESW,MAIYEAW,339.4999999999999,56.0,shape_dist_traveled,37
d4427f3ecf,002,1,4,MAIYEAW,MAIKARW,249.30000000000007,41.0,shape_dist_traveled,37
d4427f3ecf,002,1,5,MAIKARW,MAILAMW,271.2000000000001,45.0,shape_dist_traveled,37
d4427f3ecf,002,1,6,MAILAMW,MAIROBW,349.4999999999997,58.0,shape_dist_traveled,37
d4427f3ecf,002,1,7,MAIROBW,MAICOLWW,399.3000000000002,67.0,shape_dist_traveled,37
d4427f3ecf,002,1,8,MAICOLWW,MAIMAPW,204.29999999999993,34.0,shape_dist_traveled,37
d4427f3ecf,002,1,9,MAIMAPW,MAIRUBW,220.20000000000016,36.0,shape_dist_traveled,37
d4427f3ecf,002,1,10,MAIRUBW,MAIWEYW,218.19999999999996,36.0,shape_dist_traveled,37
d4427f3ecf,002,1,11,MAIWEYW,MAIJAMW,490.60000000000014,88.0,shape_dist_traveled,37
d4427f3ecf,002,1,12,MAIJAMW,MAIEASW,346.29999999999984,52.0,shape_dist_traveled,37
d4427f3ecf,002,1,13,MAIEASW,MAICHEW,207.19999999999982,31.0,shape_dist_traveled,37
d4427f3ecf,002,1,14,MAICHEW,MAIKENW,234.30000000000018,35.0,shape_dist_traveled,37
d4427f3ecf,002,1,15,MAIKENW,MAIROOW,299.4000000000003,45.0,shape_dist_traveled,37
d4427f3ecf,002,1,16,MAIROOW,MAIREMW,244.1999999999993,36.0,shape_dist_traveled,37
d4427f3ecf,002,1,17,MAIREMW,MAICASW1,310.59999999999997,46.0,shape_dist_traveled,37
d4427f3ecf,002,1,18,MAICASW1,MAIDREW,348.2000000000003,55.0,shape_dist_traveled,37
d4427f3ecf,002,1,19,MAIDREW,MAIPARKW,352.40000000000026,61.0,shape_dist_traveled,37
d4427f3ecf,002,1,20,MAIPARKW,MAIHOLW,280.1,48.0,shape_dist_traveled,37
d4427f3ecf,002,1,21,MAIHOLW,MAIRHOW,315.29999999999967,54.0,shape_dist_traveled,37
d4427f3ecf,002,1,22,MAIRHOW,MAIFAIW,291.10000000000014,50.0,shape_dist_traveled,37
d4427f3ecf,002,1,23,MAIFAIW,MAIKELTW,480.19999999999993,83.0,shape_dist_traveled,37
d4427f3ecf,002,1,24,MAIKELTW,MAIMILLW,199.09999999999962,34.0,shape_dist_traveled,37
d4427f3ecf,002,1,25,MAIMILLW,MAIKENW1,311.3000000000001,53.0,shape_dist_traveled,37
d4427f3ecf,002,1,26,MAIKENW1,MAIWILW,193.10000000000028,33.0,shape_dist_traveled,37
d4427f3ecf,002,1,27,MAIWILW,MAICHAW,232.2000000000006,40.0,shape_dist_traveled,37
d4427f3ecf,002,1,28,MAICHAW,MAIOHIW,113.99999999999899,24.0,shape_dist_traveled,37
d4427f3ecf,002,1,29,MAIOHIW,MAICARW,327.1999999999995,60.0,shape_dist_traveled,37
d4427f3ecf,002,1,30,MAICARW,MAIMONW,399.20000000000044,73.0,shape_dist_traveled,37
d4427f3ecf,002,1,31,MAIMONW,MAIPARSW,200.10000000000082,37.0,shape_dist_traveled,37
d4427f3ecf,002,1,32,MAIPARSW,MAIWASW,351.8999999999988,65.0,shape_dist_traveled,37
d4427f3ecf,002,1,33,MAIWASW,GRAMOUS,457.1000000000005,84.0,shape_dist_traveled,37
d4427f3ecf,002,1,34,GRAMOUS,MOU5THW1,304.1,56.0,shape_dist_traveled,37
d4427f3ecf,002,1,35,MOU5THW1,EMO4THW,142.6999999999996,26.0,shape_dist_traveled,37
d4427f3ecf,002,1,36,EMO4THW,MOUHIGW1,410.0000000000001,79.0,shape_dist_traveled,37
d4427f3ecf,002,1,37,MOUHIGW1,HIGRICN,305.6999999999999,91.0,shape_dist_traveled,37
d4427f3ecf,002,1,38,HIGRICN,HIGSTANN,284.40000000000157,85.0,shape_dist_traveled,37
d4427f3ecf,002,1,39,HIGSTANN,HIGBRONN,210.99999999999852,64.0,shape_dist_traveled,37
d4427f3ecf,002,1,40,HIGBRONN,HIGLONN2,308.2000000000011,60.0,shape_dist_traveled,37
d4427f3ecf,002,1,41,HIGLONN2,HIGNATN,434.1999999999988,120.0,shape_dist_traveled,37
d4427f3ecf,002,1,42,HIGNATN,HIGOHIN,182.90000000000006,34.0,shape_dist_traveled,37
d4427f3ecf,002,1,43,HIGOHIN,HIGSPRUN,326.29999999999984,62.0,shape_dist_traveled,37
d4427f3ecf,002,1,44,HIGSPRUN,HIGRUSN,348.00000000000074,66.0,shape_dist_traveled,37
d4427f3ecf,002,1,45,HIGRUSN,NHIGWARN,229.40000000000003,43.0,shape_dist_traveled,37
d4427f3ecf,002,1,46,NHIGWARN,NHI1STN,323.99999999999983,61.0,shape_dist_traveled,37
d4427f3ecf,002,1,47,NHI1STN,HIG2NDN,303.2000000000004,57.0,shape_dist_traveled,37
d4427f3ecf,002,1,48,HIG2NDN,HIG5THN,490.6000000000006,97.0,shape_dist_traveled,37
d4427f3ecf,002,1,49,HIG5THN,HIG6THN,166.39999999999944,51.0,shape_dist_traveled,37
d4427f3ecf,002,1,50,HIG6THN,HIGEUCN,232.2000000000006,71.0,shape_dist_traveled,37
d4427f3ecf,002,1,51,HIGEUCN,HIG9THN,228.79999999999967,70.0,shape_dist_traveled,37
d4427f3ecf,002,1,52,HIG9THN,HIGCHIN,346.99999999999955,108.0,shape_dist_traveled,37
d4427f3ecf,002,1,53,HIGCHIN,HIG13TN,160.80000000000007,37.0,shape_dist_traveled,37
d4427f3ecf,002,1,54,HIG13TN,HIG15TN,215.29999999999916,50.0,shape_dist_traveled,37
d4427f3ecf,002,1,55,HIG15TN,HIGWOON,446.0000000000015,104.0,shape_dist_traveled,37
d4427f3ecf,002,1,56,HIGWOON,HIGLANN,317.2999999999995,74.0,shape_dist_traveled,37
d4427f3ecf,002,1,57,HIGLANN,HIGNORN,160.6999999999985,37.0,shape_dist_traveled,37
d4427f3ecf,002,1,58,HIGNORN,HIGPATN,241.20000000000275,56.0,shape_dist_traveled,37
d4427f3ecf,002,1,59,HIGPATN,HIGBLAN,199.89999999999952,47.0,shape_dist_traveled,37
d4427f3ecf,002,1,60,HIGBLAN,HIGHUDN,297.7999999999987,75.0,shape_dist_traveled,37
d4427f3ecf,002,1,61,HIGHUDN,HIGDODN,262.2999999999997,46.0,shape_dist_traveled,37
d4427f3ecf,002,1,62,HIGDODN,HIGOLEN,334.7000000000015,59.0,shape_dist_traveled,37
d4427f3ecf,002,1,63,HIGOLEN,HIGKELN,239.2000000000003,42.0,shape_dist_traveled,37
d4427f3ecf,002,1,64,HIGKELN,HIGWEBN,314.1999999999996,56.0,shape_dist_traveled,37
d4427f3ecf,002,1,65,HIGWEBN,HIGPACN,249.7000000000007,44.0,shape_dist_traveled,37
d4427f3ecf,002,1,66,HIGPACN,HIGCOMN,226.19999999999862,40.0,shape_dist_traveled,37
d4427f3ecf,002,1,67,HIGCOMN,HIGNORN1,388.60000000000025,73.0,shape_dist_traveled,37
d4427f3ecf,002,1,68,HIGNORN1,HIGTORN,359.7999999999999,46.0,shape_dist_traveled,37
d4427f3ecf,002,1,69,HIGTORN,HIGGLENN,277.4999999999999,35.0,shape_dist_traveled,37
d4427f3ecf,002,1,70,HIGGLENN,HIGFALN,205.40000000000092,26.0,shape_dist_traveled,37
d4427f3ecf,002,1,71,HIGFALN,HIGACTN,202.9999999999994,26.0,shape_dist_traveled,37
d4427f3ecf,002,1,72,HIGACTN,HIGGLEN,430.3999999999988,55.0,shape_dist_traveled,37
d4427f3ecf,002,1,73,HIGGLEN,HIGINDN,325.60000000000144,41.0,shape_dist_traveled,37
d4427f3ecf,002,1,74,HIGINDN,HIGCOON,290.3999999999982,37.0,shape_dist_traveled,37
d4427f3ecf,002,1,75,HIGCOON,HIGSCHN,249.4000000000014,34.0,shape_dist_traveled,37
d4427f3ecf,002,1,76,HIGSCHN,HIGWEIN,320.2999999999996,47.0,shape_dist_traveled,37
d4427f3ecf,002,1,77,HIGWEIN,HIGBEAN,251.4000000000003,36.0,shape_dist_traveled,37
d4427f3ecf,002,1,78,HIGBEAN,HIGROYN1,375.2999999999993,55.0,shape_dist_traveled,37
d4427f3ecf,002,1,79,HIGROYN1,HIGMORN,278.30000000000155,42.0,shape_dist_traveled,37
d4427f3ecf,002,1,80,HIGMORN,HIGFITN,337.4999999999986,34.0,shape_dist_traveled,37
d4427f3ecf,002,1,81,HIGFITN,HIG522N,251.30000000000052,26.0,shape_dist_traveled,37
d4427f3ecf,002,1,82,HIG522N,WESHIGW,259.7999999999985,60.0,shape_dist_traveled,37
5c776364aa,003,0,0,NORKINS1,NORZOLS,299.5,35.0,shape_dist_traveled,39
5c776364aa,003,0,1,NORZOLS,NORRIDS,429.59999999999997,50.0,shape_dist_traveled,39
5c776364aa,003,0,2,NORRIDS,NORNORTS,295.59999999999997,34.0,shape_dist_traveled,39
5c776364aa,003,0,3,NORNORTS,NORWILSS,251.30000000000007,29.0,shape_dist_traveled,39
5c776364aa,003,0,4,NORWILSS,NORLANSE,321.3999999999999,37.0,shape_dist_traveled,39
5c776364aa,003,0,5,NORLANSE,NORSUFSE,344.8,40.0,shape_dist_traveled,39
5c776364aa,003,0,6,NORSUFSE,NORGUISE,301.7000000000001,35.0,shape_dist_traveled,39
5c776364aa,003,0,7,NORGUISE,NORBARSE,212.40000000000015,25.0,shape_dist_traveled,39
5c776364aa,003,0,8,NORBARSE,NORGLESE,263.70000000000005,31.0,shape_dist_traveled,39
5c776364aa,003,0,9,NORGLESE,NORSTASE,356.1999999999999,41.0,shape_dist_traveled,39
5c776364aa,003,0,10,NORSTASE,NORNORSE,208.49999999999991,24.0,shape_dist_traveled,39
5c776364aa,003,0,11,NORNORSE,NORKINSE,172.69999999999985,20.0,shape_dist_traveled,39
5c776364aa,003,0,12,NORKINSE,NORCHASE,323.3000000000001,38.0,shape_dist_traveled,39
5c776364aa,003,0,13,NORCHASE,NORKINGS,296.3,41.0,shape_dist_traveled,39
5c776364aa,003,0,14,NORKINGS,NOR5THS,262.59999999999997,43.0,shape_dist_traveled,39
5c776364aa,003,0,15,NOR5THS,NORTHOSE,226.49999999999972,37.0,shape_dist_traveled,39
5c776364aa,003,0,16,NORTHOSE,3RDNWBE,347.80000000000035,57.0,shape_dist_traveled,39
5c776364aa,003,0,17,3RDNWBE,3RDOXLE,327.60000000000036,54.0,shape_dist_traveled,39
5c776364aa,003,0,18,3RDOXLE,3RDPARE1,137.29999999999976,22.0,shape_dist_traveled,39
5c776364aa,003,0,19,3RDPARE1,BOBEDGS,380.70000000000005,63.0,shape_dist_traveled,39
5c776364aa,003,0,20,BOBEDGS,BOBBELS,327.2000000000004,54.0,shape_dist_traveled,39
5c776364aa,003,0,21,BOBBELS,GOOYARE,885.9999999999992,150.0,shape_dist_traveled,39
5c776364aa,003,0,22,GOOYARE,GOOOPPE,622.8000000000006,125.0,shape_dist_traveled,39
5c776364aa,003,0,23,GOOOPPE,NEIVINS,939.4999999999998,189.0,shape_dist_traveled,39
5c776364aa,003,0,24,NEIVINS,NATMCCBE,470.5999999999992,95.0,shape_dist_traveled,39
5c776364aa,003,0,25,NATMCCBE,FRONATS,394.50000000000074,79.0,shape_dist_traveled,39
5c776364aa,003,0,26,FRONATS,FROLAFS,327.09999999999974,66.0,shape_dist_traveled,39
5c776364aa,003,0,27,FROLAFS,LONHIGE,214.80000000000032,46.0,shape_dist_traveled,39
5c776364aa,003,0,28,LONHIGE,3RDGAYS,369.79999999999967,108.0,shape_dist_traveled,39
5c776364aa,003,0,29,3RDGAYS,3RDBROS1,246.2,72.0,shape_dist_traveled,39
5c776364aa,003,0,30,3RDBROS1,3RDTOWS,385.7999999999997,88.0,shape_dist_traveled,39
5c776364aa,003,0,31,3RDTOWS,3RDMAIS,321.3000000000008,73.0,shape_dist_traveled,39
5c776364aa,003,0,32,3RDMAIS,MOUHIGW3,334.9999999999991,79.0,shape_dist_traveled,39
5c776364aa,003,0,33,MOUHIGW3,FROMOUN,210.30000000000015,40.0,shape_dist_traveled,39
5c776364aa,003,0,34,FROMOUN,MAILUDW,131.50000000000085,25.0,shape_dist_traveled,39
5c776364aa,003,0,35,MAILUDW,RICLUCW,764.5999999999997,146.0,shape_dist_traveled,39
5c776364aa,003,0,36,RICLUCW,RICMCDW,177.09999999999937,33.0,shape_dist_traveled,39
5c776364aa,003,0,37,RICMCDW,RICGRUW,281.2999999999999,56.0,shape_dist_traveled,39
5c776364aa,003,0,38,RICGRUW,TOWDAVW,562.9000000000009,141.0,shape_dist_traveled,39
5c776364aa,003,0,39,TOWDAVW,SOURICS,194.49999999999966,48.0,shape_dist_traveled,39
5c776364aa,003,0,40,SOURICS,SOUSULS,247.09999999999965,62.0,shape_dist_traveled,39
5c776364aa,003,0,41,SOUSULS,SOUMOUS,230.50000000000102,57.0,shape_dist_traveled,39
5c776364aa,003,0,42,SOUMOUS,WMONSOUW,188.49999999999943,47.0,shape_dist_traveled,39
5c776364aa,003,0,43,WMONSOUW,MOUDAKW,387.2,97.0,shape_dist_traveled,39
5c776364aa,003,0,44,MOUDAKW,MOUYALW,300.49999999999955,75.0,shape_dist_traveled,39
5c776364aa,003,0,45,MOUYALW,MOUPRIW,322.30000000000024,81.0,shape_dist_traveled,39
5c776364aa,003,0,46,MOUPRIW,HARMOUS,430.1000000000013,112.0,shape_dist_traveled,39
5c776364aa,003,0,47,HARMOUS,HARHUMSW,191.49999999999778,23.0,shape_dist_traveled,39
5c776364aa,003,0,48,HARHUMSW,HAR771S,169.00000000000048,20.0,shape_dist_traveled,39
5c776364aa,003,0,49,HAR771S,HARGARS,253.39999999999918,30.0,shape_dist_traveled,39
5c776364aa,003,0,50,HARGARS,HARRANS,308.70000000000175,37.0,shape_dist_traveled,39
5c776364aa,003,0,51,HARRANS,HARROSS,211.70000000000044,25.0,shape_dist_traveled,39
5c776364aa,003,0,52,HARROSS,HARLAUS,196.6000000000001,23.0,shape_dist_traveled,39
5c776364aa,003,0,53,HARLAUS,HAR111S,193.79999999999953,23.0,shape_dist_traveled,39
5c776364aa,003,0,54,HAR111S,HAREAKS1,255.39999999999807,30.0,shape_dist_traveled,39
5c776364aa,003,0,55,HAREAKS1,HARZETS,270.80000000000126,32.0,shape_dist_traveled,39
5c776364aa,003,0,56,HARZETS,HAR142S,204.49999999999946,24.0,shape_dist_traveled,39
5c776364aa,003,0,57,HAR142S,HAR151S,449.40000000000066,54.0,shape_dist_traveled,39
5c776364aa,003,0,58,HAR151S,HAR165S,351.80000000000075,42.0,shape_dist_traveled,39
5c776364aa,003,0,59,HAR165S,HARCLIS,406.09999999999854,57.0,shape_dist_traveled,39
5c776364aa,003,0,60,HARCLIS,HAR187S,113.50000000000193,12.0,shape_dist_traveled,39
5c776364aa,003,0,61,HAR187S,HARALKS,577.3999999999972,61.0,shape_dist_traveled,39
5c776364aa,003,0,62,HARALKS,HARREDS,199.20000000000115,21.0,shape_dist_traveled,39
5c776364aa,003,0,63,HARREDS,HARBLUS,408.5000000000001,43.0,shape_dist_traveled,39
5c776364aa,003,0,64,HARBLUS,HARHYDS,277.69999999999936,29.0,shape_dist_traveled,39
5c776364aa,003,0,65,HARHYDS,HARCENPS,428.2000000000004,45.0,shape_dist_traveled,39
5c776364aa,003,0,66,HARCENPS,BROHOMS,575.099999999999,60.0,shape_dist_traveled,39
5c776364aa,003,0,67,BROHOMS,BRO1STS,242.00000000000088,25.0,shape_dist_traveled,39
5c776364aa,003,0,68,BRO1STS,BROCENS,239.4999999999996,25.0,shape_dist_traveled,39
5c776364aa,003,0,69,BROCENS,PARBROE,340.5000000000023,39.0,shape_dist_traveled,39
5c776364aa,003,0,70,PARBROE,RICPARS1,233.89999999999844,30.0,shape_dist_traveled,39
5c776364aa,003,0,71,RICPARS1,RICADDIS,266.5000000000006,34.0,shape_dist_traveled,39
5c776364aa,003,0,72,RICADDIS,RICSOUS,196.6000000000001,25.0,shape_dist_traveled,39
5c776364aa,003,0,73,RICSOUS,SOUSHEW,238.19999999999908,31.0,shape_dist_traveled,39
5c776364aa,003,0,74,SOUSHEW,SOUBROW,196.10000000000127,25.0,shape_dist_traveled,39
5c776364aa,003,0,75,SOUBROW,BROROSS,515.6999999999989,67.0,shape_dist_traveled,39
5c776364aa,003,0,76,BROROSS,BROBURS,302.7000000000015,39.0,shape_dist_traveled,39
5c776364aa,003,0,77,BROBURS,COLBROE,340.9999999999975,49.0,shape_dist_traveled,39
5c776364aa,003,0,78,COLBROE,COLDULE,240.99999999999966,28.0,shape_dist_traveled,39
5c776364aa,003,0,79,COLDULE,COLHAUGE,349.4000000000028,41.0,shape_dist_traveled,39
5c776364aa,003,0,80,COLHAUGE,COLRICE,377.4999999999977,45.0,shape_dist_traveled,39
5c776364aa,003,0,81,COLRICE,COLBOKPE,326.29999999999984,39.0,shape_dist_traveled,39
5c776364aa,003,0,82,COLBOKPE,COLKNAPE,521.3999999999999,62.0,shape_dist_traveled,39
5c776364aa,003,0,83,COLKNAPE,STRHOVE,221.4000000000027,26.0,shape_dist_traveled,39
5c776364aa,003,0,84,STRHOVE,STRPARE,463.4999999999998,59.0,shape_dist_traveled,39
5c776364aa,003,0,85,STRPARE,STRRAXE,557.5999999999972,77.0,shape_dist_traveled,39
5c776364aa,003,0,86,STRRAXE,PKWCTRS,1158.4000000000003,163.0,shape_dist_traveled,39
1e55e630c8,003,1,0,PKWCTRS,BUCKRDBN,1095.8000000000002,213.0,shape_dist_traveled,37
1e55e630c8,003,1,1,BUCKRDBN,STRTHISW,615.6999999999999,119.0,shape_dist_traveled,37
1e55e630c8,003,1,2,STRTHISW,STRHARW,1196.0000000000002,233.0,shape_dist_traveled,37
1e55e630c8,003,1,3,STRHARW,STRPARW,479.09999999999985,95.0,shape_dist_traveled,37
1e55e630c8,003,1,4,STRPARW,STRHOVW,511.8999999999998,59.0,shape_dist_traveled,37
1e55e630c8,003,1,5,STRHOVW,COLLEIW,322.5000000000002,37.0,shape_dist_traveled,37
1e55e630c8,003,1,6,COLLEIW,COLSECW,413.4000000000002,47.0,shape_dist_traveled,37
1e55e630c8,003,1,7,COLSECW,COLRICW,338.2999999999994,39.0,shape_dist_traveled,37
1e55e630c8,003,1,8,COLRICW,COLHAUGW,371.50000000000017,42.0,shape_dist_traveled,37
1e55e630c8,003,1,9,COLHAUGW,COLDUDLW,352.9999999999998,40.0,shape_dist_traveled,37
1e55e630c8,003,1,10,COLDUDLW,COLBROW,291.2000000000008,36.0,shape_dist_traveled,37
1e55e630c8,003,1,11,COLBROW,BROLOZN,280.8999999999999,36.0,shape_dist_traveled,37
1e55e630c8,003,1,12,BROLOZN,BROCDRGN,411.2,54.0,shape_dist_traveled,37
1e55e630c8,003,1,13,BROCDRGN,SOUBROE,415.0999999999998,54.0,shape_dist_traveled,37
1e55e630c8,003,1,14,SOUBROE,SOUSHEE,182.19999999999993,23.0,shape_dist_traveled,37
1e55e630c8,003,1,15,SOUSHEE,RICSOUNF,303.79999999999984,39.0,shape_dist_traveled,37
1e55e630c8,003,1,16,RICSOUNF,RICADDN,198.99999999999983,26.0,shape_dist_traveled,37
1e55e630c8,003,1,17,RICADDN,RICPARN,264.6999999999995,34.0,shape_dist_traveled,37
1e55e630c8,003,1,18,RICPARN,PARBROW,224.30000000000126,34.0,shape_dist_traveled,37
1e55e630c8,003,1,19,PARBROW,BROCENN,365.8000000000001,37.0,shape_dist_traveled,37
1e55e630c8,003,1,20,BROCENN,BRO3136,288.29999999999956,29.0,shape_dist_traveled,37
1e55e630c8,003,1,21,BRO3136,HARCENPN,756.8000000000002,77.0,shape_dist_traveled,37
1e55e630c8,003,1,22,HARCENPN,HARHYDN,420.79999999999984,43.0,shape_dist_traveled,37
1e55e630c8,003,1,23,HARHYDN,HARBLUN,276.19999999999936,28.0,shape_dist_traveled,37
1e55e630c8,003,1,24,HARBLUN,HARREDN,461.9999999999998,47.0,shape_dist_traveled,37
1e55e630c8,003,1,25,HARREDN,HARBIGN,274.9000000000006,28.0,shape_dist_traveled,37
1e55e630c8,003,1,26,HARBIGN,HAR196N,326.4999999999993,33.0,shape_dist_traveled,37
1e55e630c8,003,1,27,HAR196N,HARFRAN,343.90000000000146,38.0,shape_dist_traveled,37
1e55e630c8,003,1,28,HARFRAN,167HARN,291.7999999999985,31.0,shape_dist_traveled,37
1e55e630c8,003,1,29,167HARN,HAROCTN,367.10000000000065,39.0,shape_dist_traveled,37
1e55e630c8,003,1,30,HAROCTN,HAR144N,343.09999999999974,36.0,shape_dist_traveled,37
1e55e630c8,003,1,31,HAR144N,HARLITTN,359.2000000000013,38.0,shape_dist_traveled,37
1e55e630c8,003,1,32,HARLITTN,HARHOPN,293.89999999999895,31.0,shape_dist_traveled,37
1e55e630c8,003,1,33,HARHOPN,HARBELN,159.10000000000048,17.0,shape_dist_traveled,37
1e55e630c8,003,1,34,HARBELN,HARLAUN,237.70000000000024,25.0,shape_dist_traveled,37
1e55e630c8,003,1,35,HARLAUN,HARROSN,169.10000000000025,18.0,shape_dist_traveled,37
1e55e630c8,003,1,36,HARROSN,HARRANN,149.29999999999842,16.0,shape_dist_traveled,37
1e55e630c8,003,1,37,HARRANN,HARGARN,346.8,37.0,shape_dist_traveled,37
1e55e630c8,003,1,38,HARGARN,HAR800N,271.70000000000095,29.0,shape_dist_traveled,37
1e55e630c8,003,1,39,HAR800N,HARBRON,351.59999999999945,43.0,shape_dist_traveled,37
1e55e630c8,003,1,40,HARBRON,MOUHARE,264.7000000000013,73.0,shape_dist_traveled,37
1e55e630c8,003,1,41,MOUHARE,MOUGLENE,539.4999999999985,149.0,shape_dist_traveled,37
1e55e630c8,003,1,42,MOUGLENE,MOUMOUE,571.0999999999995,158.0,shape_dist_traveled,37
1e55e630c8,003,1,43,MOUMOUE,SOUMOUN,163.6000000000024,45.0,shape_dist_traveled,37
1e55e630c8,003,1,44,SOUMOUN,DAVCAMN,262.3999999999995,72.0,shape_dist_traveled,37
1e55e630c8,003,1,45,DAVCAMN,DAVSULN,234.7999999999999,65.0,shape_dist_traveled,37
1e55e630c8,003,1,46,DAVSULN,RICGREE,229.49999999999804,63.0,shape_dist_traveled,37
1e55e630c8,003,1,47,RICGREE,RICGRUE,332.1000000000005,95.0,shape_dist_traveled,37
1e55e630c8,003,1,48,RICGRUE,RICMCDE,257.20000000000095,51.0,shape_dist_traveled,37
1e55e630c8,003,1,49,RICMCDE,RICSTAE,337.5999999999983,67.0,shape_dist_traveled,37
1e55e630c8,003,1,50,RICSTAE,MAILUDE,584.7000000000015,116.0,shape_dist_traveled,37
1e55e630c8,003,1,51,MAILUDE,MAIHIGE,321.40000000000055,66.0,shape_dist_traveled,37
1e55e630c8,003,1,52,MAIHIGE,4THTOWN,553.1000000000006,149.0,shape_dist_traveled,37
1e55e630c8,003,1,53,4THTOWN,4THCAPN,337.4999999999986,91.0,shape_dist_traveled,37
1e55e630c8,003,1,54,4THCAPN,4THATHN,209.80000000000132,48.0,shape_dist_traveled,37
1e55e630c8,003,1,55,4THATHN,SPR4THW,399.0999999999971,92.0,shape_dist_traveled,37
1e55e630c8,003,1,56,SPR4THW,SPRFROW,421.8000000000011,100.0,shape_dist_traveled,37
1e55e630c8,003,1,57,SPRFROW,FROSPRN,132.10000000000122,21.0,shape_dist_traveled,37
1e55e630c8,003,1,58,FROSPRN,NATMCCBW,539.4000000000005,87.0,shape_dist_traveled,37
1e55e630c8,003,1,59,NATMCCBW,NEIBRON,300.39999999999975,48.0,shape_dist_traveled,37
1e55e630c8,003,1,60,NEIBRON,GOO582W,1155.5,188.0,shape_dist_traveled,37
1e55e630c8,003,1,61,GOO582W,GOOYARW,448.599999999999,76.0,shape_dist_traveled,37
1e55e630c8,003,1,62,GOOYARW,GOO868W,224.2999999999995,30.0,shape_dist_traveled,37
1e55e630c8,003,1,63,GOO868W,BOBBURN,336.4000000000011,46.0,shape_dist_traveled,37
1e55e630c8,003,1,64,BOBBURN,BOBBELN,481.7999999999998,66.0,shape_dist_traveled,37
1e55e630c8,003,1,65,BOBBELN,3RDEDGW1,459.0999999999994,63.0,shape_dist_traveled,37
1e55e630c8,003,1,66,3RDEDGW1,3RDNORW,137.2,18.0,shape_dist_traveled,37
1e55e630c8,003,1,67,3RDNORW,3RDOXLW,256.59999999999883,35.0,shape_dist_traveled,37
1e55e630c8,003,1,68,3RDOXLW,3RDMEAW,323.6000000000025,44.0,shape_dist_traveled,37
1e55e630c8,003,1,69,3RDMEAW,NORTHONW,334.29999999999893,46.0,shape_dist_traveled,37
1e55e630c8,003,1,70,NORTHONW,NOR5THN,218.4999999999988,30.0,shape_dist_traveled,37
1e55e630c8,003,1,71,NOR5THN,NORKINN,268.60000000000286,42.0,shape_dist_traveled,37
1e55e630c8,003,1,72,NORKINN,NORCHAWF,396.39999999999986,42.0,shape_dist_traveled,37
1e55e630c8,003,1,73,NORCHAWF,NORINDNW,179.80000000000018,19.0,shape_dist_traveled,37
1e55e630c8,003,1,74,NORINDNW,NORNORN,166.09999999999658,17.0,shape_dist_traveled,37
1e55e630c8,003,1,75,NORNORN,NORNORNW,259.70000000000226,27.0,shape_dist_traveled,37
1e55e630c8,003,1,76,NORNORNW,NORGLENW,361.5999999999992,38.0,shape_dist_traveled,37
1e55e630c8,003,1,77,NORGLENW,NORBARNW,175.8999999999986,18.0,shape_dist_traveled,37
1e55e630c8,003,1,78,NORBARNW,NORGUINW,236.2000000000002,25.0,shape_dist_traveled,37
1e55e630c8,003,1,79,NORGUINW,NORBRANW,225.60000000000002,24.0,shape_dist_traveled,37
1e55e630c8,003,1,80,NORBRANW,NORLANNN,481.70000000000005,51.0,shape_dist_traveled,37
1e55e630c8,003,1,81,NORLANNN,NORWILSN,282.3000000000029,30.0,shape_dist_traveled,37
1e55e630c8,003,1,82,NORWILSN,NORNORTN,241.1999999999992,25.0,shape_dist_traveled,37
1e55e630c8,003,1,83,NORNORTN,NORRIDN,302.699999999998,32.0,shape_dist_traveled,37
1e55e630c8,003,1,84,NORRIDN,ZOLNORW3,531.7000000000007,56.0,shape_dist_traveled,37
1e55e630c8,003,1,85,ZOLNORW3,ZOLTREW,325.7000000000012,34.0,shape_dist_traveled,37
1e55e630c8,003,1,86,ZOLTREW,TRELANGN,344.40000000000026,42.0,shape_dist_traveled,37
1e55e630c8,003,1,87,TRELANGN,TRERIDN1,295.70000000000005,36.0,shape_dist_traveled,37
1e55e630c8,003,1,88,TRERIDN1,TREKEYN,148.19999999999922,18.0,shape_dist_traveled,37
1e55e630c8,003,1,89,TREKEYN,NORKINS1,532.8000000000018,66.0,shape_dist_traveled,37
b2073924b5,003,1,0,MOUMOUE,SOUMOUN,163.70000000000002,56.0,shape_dist_traveled,3
b2073924b5,003,1,1,SOUMOUN,DAVCAMN,262.29999999999995,90.0,shape_dist_traveled,3
b2073924b5,003,1,2,DAVCAMN,DAVSULN,234.80000000000007,80.0,shape_dist_traveled,3
b2073924b5,003,1,3,DAVSULN,RICGREE,229.5999999999999,78.0,shape_dist_traveled,3
b2073924b5,003,1,4,RICGREE,RICGRUE,332.09999999999997,116.0,shape_dist_traveled,3
b2073924b5,003,1,5,RICGRUE,RICMCDE,257.1000000000001,51.0,shape_dist_traveled,3
b2073924b5,003,1,6,RICMCDE,RICSTAE,337.6999999999999,67.0,shape_dist_traveled,3
b2073924b5,003,1,7,RICSTAE,MAILUDE,584.7000000000003,116.0,shape_dist_traveled,3
b2073924b5,003,1,8,MAILUDE,MAIHIGE,321.2999999999999,66.0,shape_dist_traveled,3
b2073924b5,003,1,9,MAIHIGE,4THTOWN,553.1000000000001,74.0,shape_dist_traveled,3
b2073924b5,003,1,10,4THTOWN,4THCAPN,337.4999999999999,46.0,shape_dist_traveled,3
b2073924b5,003,1,11,4THCAPN,4THATHN,209.79999999999998,61.0,shape_dist_traveled,3
b2073924b5,003,1,12,4THATHN,SPR4THW,399.2,116.0,shape_dist_traveled,3
b2073924b5,003,1,13,SPR4THW,SPRFROW,421.69999999999953,123.0,shape_dist_traveled,3
109beef39c,004,0,0,THIMALUW,ALUWILN,462.0,34.0,shape_dist_traveled,3
109beef39c,004,0,1,ALUWILN,ALUWHWN,236.4,17.0,shape_dist_traveled,3
109beef39c,004,0,2,ALUWHWN,ALUPROMN,338.9000000000001,25.0,shape_dist_traveled,3
109beef39c,004,0,3,ALUPROMN,ALUNEWWN,384.6999999999998,28.0,shape_dist_traveled,3
109beef39c,004,0,4,ALUNEWWN,WATALUW,970.9999999999999,76.0,shape_dist_traveled,3
109beef39c,004,0,5,WATALUW,2056WATS,780.2000000000003,77.0,shape_dist_traveled,3
109beef39c,004,0,6,2056WATS,WATNEWW,325.2999999999999,32.0,shape_dist_traveled,3
109beef39c,004,0,7,WATNEWW,180WATW,459.99999999999994,45.0,shape_dist_traveled,3
109beef39c,004,0,8,180WATW,WEIWATS,643.3999999999997,63.0,shape_dist_traveled,3
109beef39c,004,0,9,WEIWATS,WEIHOUS,205.60000000000045,23.0,shape_dist_traveled,3
109beef39c,004,0,10,WEIHOUS,WEISOUW,249.50000000000028,36.0,shape_dist_traveled,3
109beef39c,004,0,11,WEISOUW,VENSOUW,323.8999999999992,47.0,shape_dist_traveled,3
109beef39c,004,0,12,VENSOUW,VENFAIW,402.9000000000007,58.0,shape_dist_traveled,3
109beef39c,004,0,13,VENFAIW,FAISOUN,297.6000000000001,43.0,shape_dist_traveled,3
109beef39c,004,0,14,FAISOUN,FAIWATN,378.5999999999996,56.0,shape_dist_traveled,3
109beef39c,004,0,15,FAIWATN,FAIFABN,442.1999999999997,55.0,shape_dist_traveled,3
109beef39c,004,0,16,FAIFABN,KOEFAIW,436.7000000000001,54.0,shape_dist_traveled,3
109beef39c,004,0,17,KOEFAIW,KOEEDSW1,286.7000000000006,35.0,shape_dist_traveled,3
109beef39c,004,0,18,KOEEDSW1,KOE113W,459.19999999999914,57.0,shape_dist_traveled,3
109beef39c,004,0,19,KOE113W,LOC245N,119.30000000000085,14.0,shape_dist_traveled,3
109beef39c,004,0,20,LOC245N,LOC230N,424.7999999999994,53.0,shape_dist_traveled,3
109beef39c,004,0,21,LOC230N,LOCREFN,224.5000000000008,32.0,shape_dist_traveled,3
109beef39c,004,0,22,LOCREFN,LOCMARN,419.7999999999986,54.0,shape_dist_traveled,3
109beef39c,004,0,23,LOCMARN,LOCINNN,231.40000000000072,30.0,shape_dist_traveled,3
109beef39c,004,0,24,LOCINNN,LOCSMIN,247.60000000000025,32.0,shape_dist_traveled,3
109beef39c,004,0,25,LOCSMIN,LOCLOCN1,365.7000000000004,47.0,shape_dist_traveled,3
109beef39c,004,0,26,LOCLOCN1,LOCMOLN,214.49999999999926,28.0,shape_dist_traveled,3
109beef39c,004,0,27,LOCMOLN,FRESTUW,356.9999999999993,49.0,shape_dist_traveled,3
109beef39c,004,0,28,FRESTUW,FREOAKW,331.60000000000167,51.0,shape_dist_traveled,3
109beef39c,004,0,29,FREOAKW,FREOHIW,253.59999999999872,39.0,shape_dist_traveled,3
109beef39c,004,0,30,FREOHIW,FREGILW,211.5000000000009,33.0,shape_dist_traveled,3
109beef39c,004,0,31,FREGILW,FRE18TW,276.6000000000002,43.0,shape_dist_traveled,3
109beef39c,004,0,32,FRE18TW,FREANNW,241.39999999999873,37.0,shape_dist_traveled,3
109beef39c,004,0,33,FREANNW,FREPARW,170.300000000001,26.0,shape_dist_traveled,3
109beef39c,004,0,34,FREPARW,PARGATN,232.49999999999994,36.0,shape_dist_traveled,3
109beef39c,004,0,35,PARGATN,PARTHUN,233.49999999999937,36.0,shape_dist_traveled,3
109beef39c,004,0,36,PARTHUN,PARSTEN,266.5000000000006,41.0,shape_dist_traveled,3
109beef39c,004,0,37,PARSTEN,PARWHIN,316.6999999999991,49.0,shape_dist_traveled,3
109beef39c,004,0,38,PARWHIN,PARSYCN,551.0000000000001,85.0,shape_dist_traveled,3
109beef39c,004,0,39,PARSYCN,LIVPARW,363.5999999999999,64.0,shape_dist_traveled,3
109beef39c,004,0,40,LIVPARW,LIVGRANW,538.9999999999997,99.0,shape_dist_traveled,3
109beef39c,004,0,41,LIVGRANW,LIVMOHW,298.6000000000004,54.0,shape_dist_traveled,3
109beef39c,004,0,42,LIVMOHW,EMOS3RDW,494.5000000000004,91.0,shape_dist_traveled,3
109beef39c,004,0,43,EMOS3RDW,MOUHIGW3,296.90000000000083,56.0,shape_dist_traveled,3
109beef39c,004,0,44,MOUHIGW3,FROMOUN,210.19999999999862,43.0,shape_dist_traveled,3
109beef39c,004,0,45,FROMOUN,FROTOWN,398.299999999999,81.0,shape_dist_traveled,3
109beef39c,004,0,46,FROTOWN,FROGAYN,559.6000000000032,116.0,shape_dist_traveled,3
109beef39c,004,0,47,FROGAYN,NORTER1,535.7999999999982,180.0,shape_dist_traveled,3
109beef39c,004,0,48,NORTER1,LONHIGE,192.90000000000163,60.0,shape_dist_traveled,3
109beef39c,004,0,49,LONHIGE,4THSPRN,525.5999999999972,67.0,shape_dist_traveled,3
109beef39c,004,0,50,4THSPRN,4THLINN,1167.7,150.0,shape_dist_traveled,3
109beef39c,004,0,51,4THLINN,4TH803N,298.3000000000011,38.0,shape_dist_traveled,3
109beef39c,004,0,52,4TH803N,4TH2NDN,362.40000000000094,46.0,shape_dist_traveled,3
109beef39c,004,0,53,4TH2NDN,4THDETN,212.6999999999981,27.0,shape_dist_traveled,3
109beef39c,004,0,54,4THDETN,4TH5THN,349.2999999999995,45.0,shape_dist_traveled,3
109beef39c,004,0,55,4TH5THN,4TH7THN1,237.30000000000118,30.0,shape_dist_traveled,3
109beef39c,004,0,56,4TH7THN1,4TH9THN,384.4999999999992,49.0,shape_dist_traveled,3
109beef39c,004,0,57,4TH9THN,4THCHIN,181.20000000000047,28.0,shape_dist_traveled,3
109beef39c,004,0,58,4THCHIN,4TH15TN,531.7000000000007,66.0,shape_dist_traveled,3
109beef39c,004,0,59,4TH15TN,4TH18TN,304.5000000000009,37.0,shape_dist_traveled,3
109beef39c,004,0,60,4TH18TN,4THLANN,372.49999999999875,46.0,shape_dist_traveled,3
109beef39c,004,0,61,4THLANN,4THALDN,341.5999999999997,42.0,shape_dist_traveled,3
109beef39c,004,0,62,4THALDN,4THMAYN,300.59999999999934,37.0,shape_dist_traveled,3
109beef39c,004,0,63,4THMAYN,4THCLIN,239.30000000000007,29.0,shape_dist_traveled,3
109beef39c,004,0,64,4THCLIN,HUDSUMW,422.60000000000275,52.0,shape_dist_traveled,3
109beef39c,004,0,65,HUDSUMW,INDARCN,375.5999999999986,51.0,shape_dist_traveled,3
109beef39c,004,0,66,INDARCN,INDPARN,291.599999999999,56.0,shape_dist_traveled,3
109beef39c,004,0,67,INDPARN,INDTULN,308.3000000000027,59.0,shape_dist_traveled,3
109beef39c,004,0,68,INDTULN,INDWEBN,189.1999999999996,36.0,shape_dist_traveled,3
109beef39c,004,0,69,INDWEBN,INDCOMN,406.90000000000026,78.0,shape_dist_traveled,3
109beef39c,004,0,70,INDCOMN,INDCLIN,217.39999999999782,41.0,shape_dist_traveled,3
109beef39c,004,0,71,INDCLIN,INDNORN,196.6000000000001,37.0,shape_dist_traveled,3
109beef39c,004,0,72,INDNORN,INDPIEN,347.5999999999999,67.0,shape_dist_traveled,3
109beef39c,004,0,73,INDPIEN,INDTORN,221.2999999999994,46.0,shape_dist_traveled,3
109beef39c,004,0,74,INDTORN,INDFALN,245.40000000000006,21.0,shape_dist_traveled,3
109beef39c,004,0,75,INDFALN,INDNORTN,343.90000000000146,30.0,shape_dist_traveled,3
109beef39c,004,0,76,INDNORTN,INDGLEN,240.50000000000082,21.0,shape_dist_traveled,3
109beef39c,004,0,77,INDGLEN,INDCOON,579.9999999999983,51.0,shape_dist_traveled,3
109beef39c,004,0,78,INDCOON,INDSCHN1,305.70000000000164,27.0,shape_dist_traveled,3
109beef39c,004,0,79,INDSCHN1,INDWEIN,260.60000000000014,23.0,shape_dist_traveled,3
109beef39c,004,0,80,INDWEIN,INDBEAN,327.89999999999964,29.0,shape_dist_traveled,3
109beef39c,004,0,81,INDBEAN,INDJEFN,383.0999999999989,38.0,shape_dist_traveled,3
109beef39c,004,0,82,INDJEFN,487SINN,728.5000000000003,72.0,shape_dist_traveled,3
109beef39c,004,0,83,487SINN,SINFREN,550.7999999999988,54.0,shape_dist_traveled,3
109beef39c,004,0,84,SINFREN,SINSTRN,256.2999999999995,25.0,shape_dist_traveled,3
109beef39c,004,0,85,SINSTRN,SINLINN,224.30000000000305,22.0,shape_dist_traveled,3
109beef39c,004,0,86,SINLINN,SINSHON,718.5999999999985,71.0,shape_dist_traveled,3
109beef39c,004,0,87,SINSHON,SINDUBN,761.9999999999969,75.0,shape_dist_traveled,3
109beef39c,004,0,88,SINDUBN,BOASHAS,992.0000000000044,101.0,shape_dist_traveled,3
21bda6faf0,004,0,0,THIMALUW,ALUWILN,462.0,34.0,shape_dist_traveled,34
21bda6faf0,004,0,1,ALUWILN,ALUWHWN,236.4,17.0,shape_dist_traveled,34
21bda6faf0,004,0,2,ALUWHWN,ALUPROMN,338.9000000000001,25.0,shape_dist_traveled,34
21bda6faf0,004,0,3,ALUPROMN,ALUNEWWN,384.6999999999998,28.0,shape_dist_traveled,34
21bda6faf0,004,0,4,ALUNEWWN,WATALUW,970.9999999999999,76.0,shape_dist_traveled,34
21bda6faf0,004,0,5,WATALUW,2056WATS,780.2000000000003,96.0,shape_dist_traveled,34
21bda6faf0,004,0,6,2056WATS,WATNEWW,325.2999999999999,40.0,shape_dist_traveled,34
21bda6faf0,004,0,7,WATNEWW,180WATW,459.99999999999994,57.0,shape_dist_traveled,34
21bda6faf0,004,0,8,180WATW,WEIWATS,643.3999999999997,79.0,shape_dist_traveled,34
21bda6faf0,004,0,9,WEIWATS,WEIHOUS,205.60000000000045,28.0,shape_dist_traveled,34
21bda6faf0,004,0,10,WEIHOUS,WEISOUW,249.50000000000028,36.0,shape_dist_traveled,34
21bda6faf0,004,0,11,WEISOUW,VENSOUW,323.8999999999992,47.0,shape_dist_traveled,34
21bda6faf0,004,0,12,VENSOUW,VENFAIW,402.9000000000007,58.0,shape_dist_traveled,34
21bda6faf0,004,0,13,VENFAIW,FAISOUN,297.6000000000001,43.0,shape_dist_traveled,34
21bda6faf0,004,0,14,FAISOUN,FAIWATN,378.5999999999996,56.0,shape_dist_traveled,34
21bda6faf0,004,0,15,FAIWATN,FAIFABN,442.1999999999997,55.0,shape_dist_traveled,34
21bda6faf0,004,0,16,FAIFABN,KOEFAIW,436.7000000000001,54.0,shape_dist_traveled,34
21bda6faf0,004,0,17,KOEFAIW,KOEEDSW1,286.7000000000006,35.0,shape_dist_traveled,34
21bda6faf0,004,0,18,KOEEDSW1,KOE113W,459.19999999999914,57.0,shape_dist_traveled,34
21bda6faf0,004,0,19,KOE113W,LOC245N,119.30000000000085,14.0,shape_dist_traveled,34
21bda6faf0,004,0,20,LOC245N,LOC230N,424.7999999999994,53.0,shape_dist_traveled,34
21bda6faf0,004,0,21,LOC230N,LOCREFN,224.5000000000008,32.0,shape_dist_traveled,34
21bda6faf0,004,0,22,LOCREFN,LOCMARN,419.7999999999986,68.0,shape_dist_traveled,34
21bda6faf0,004,0,23,LOCMARN,LOCINNN,231.40000000000072,37.0,shape_dist_traveled,34
21bda6faf0,004,0,24,LOCINNN,LOCSMIN,247.60000000000025,40.0,shape_dist_traveled,34
21bda6faf0,004,0,25,LOCSMIN,LOCLOCN1,365.7000000000004,59.0,shape_dist_traveled,34
21bda6faf0,004,0,26,LOCLOCN1,LOCMOLN,214.49999999999926,35.0,shape_dist_traveled,34
21bda6faf0,004,0,27,LOCMOLN,FRESTUW,356.9999999999993,61.0,shape_dist_traveled,34
21bda6faf0,004,0,28,FRESTUW,FREOAKW,331.60000000000167,51.0,shape_dist_traveled,34
21bda6faf0,004,0,29,FREOAKW,FREOHIW,253.59999999999872,39.0,shape_dist_traveled,34
21bda6faf0,004,0,30,FREOHIW,FREGILW,211.5000000000009,33.0,shape_dist_traveled,34
21bda6faf0,004,0,31,FREGILW,FRE18TW,276.6000000000002,43.0,shape_dist_traveled,34
21bda6faf0,004,0,32,FRE18TW,FREANNW,241.39999999999873,37.0,shape_dist_traveled,34
21bda6faf0,004,0,33,FREANNW,FREPARW,170.300000000001,26.0,shape_dist_traveled,34
21bda6faf0,004,0,34,FREPARW,PARGATN,232.49999999999994,36.0,shape_dist_traveled,34
21bda6faf0,004,0,35,PARGATN,PARTHUN,233.49999999999937,36.0,shape_dist_traveled,34
21bda6faf0,004,0,36,PARTHUN,PARSTEN,266.5000000000006,41.0,shape_dist_traveled,34
21bda6faf0,004,0,37,PARSTEN,PARWHIN,316.6999999999991,49.0,shape_dist_traveled,34
21bda6faf0,004,0,38,PARWHIN,PARSYCN,551.0000000000001,85.0,shape_dist_traveled,34
21bda6faf0,004,0,39,PARSYCN,LIVPARW,363.5999999999999,64.0,shape_dist_traveled,34
21bda6faf0,004,0,40,LIVPARW,LIVGRANW,538.9999999999997,119.0,shape_dist_traveled,34
21bda6faf0,004,0,41,LIVGRANW,LIVMOHW,298.6000000000004,65.0,shape_dist_traveled,34
21bda6faf0,004,0,42,LIVMOHW,EMOS3RDW,494.5000000000004,109.0,shape_dist_traveled,34
21bda6faf0,004,0,43,EMOS3RDW,MOUHIGW3,296.90000000000083,67.0,shape_dist_traveled,34
21bda6faf0,004,0,44,MOUHIGW3,FROMOUN,210.19999999999862,43.0,shape_dist_traveled,34
21bda6faf0,004,0,45,FROMOUN,FROTOWN,398.299999999999,81.0,shape_dist_traveled,34
21bda6faf0,004,0,46,FROTOWN,FROGAYN,559.6000000000032,116.0,shape_dist_traveled,34
21bda6faf0,004,0,47,FROGAYN,LONHIGE,234.49999999999704,180.0,shape_dist_traveled,34
21bda6faf0,004,0,48,LONHIGE,4THSPRN,525.7000000000005,76.0,shape_dist_traveled,34
21bda6faf0,004,0,49,4THSPRN,4THLINN,1167.6000000000001,169.0,shape_dist_traveled,34
21bda6faf0,004,0,50,4THLINN,4TH803N,298.3000000000011,43.0,shape_dist_traveled,34
21bda6faf0,004,0,51,4TH803N,4TH2NDN,362.5000000000007,52.0,shape_dist_traveled,34
21bda6faf0,004,0,52,4TH2NDN,4THDETN,212.59999999999835,30.0,shape_dist_traveled,34
21bda6faf0,004,0,53,4THDETN,4TH5THN,349.2999999999995,50.0,shape_dist_traveled,34
21bda6faf0,004,0,54,4TH5THN,4TH7THN1,237.30000000000118,34.0,shape_dist_traveled,34
21bda6faf0,004,0,55,4TH7THN1,4TH9THN,384.4999999999992,55.0,shape_dist_traveled,34
21bda6faf0,004,0,56,4TH9THN,4THCHIN,181.30000000000024,31.0,shape_dist_traveled,34
21bda6faf0,004,0,57,4THCHIN,4TH15TN,531.6000000000009,66.0,shape_dist_traveled,34
21bda6faf0,004,0,58,4TH15TN,4TH18TN,304.60000000000065,37.0,shape_dist_traveled,34
21bda6faf0,004,0,59,4TH18TN,4THLANN,372.39999999999895,46.0,shape_dist_traveled,34
21bda6faf0,004,0,60,4THLANN,4THALDN,341.6999999999995,42.0,shape_dist_traveled,34
21bda6faf0,004,0,61,4THALDN,4THMAYN,300.49999999999955,37.0,shape_dist_traveled,34
21bda6faf0,004,0,62,4THMAYN,4THCLIN,239.39999999999984,29.0,shape_dist_traveled,34
21bda6faf0,004,0,63,4THCLIN,HUDSUMW,422.60000000000275,52.0,shape_dist_traveled,34
21bda6faf0,004,0,64,HUDSUMW,INDARCN,375.5999999999986,51.0,shape_dist_traveled,34
21bda6faf0,004,0,65,INDARCN,INDPARN,291.4999999999992,56.0,shape_dist_traveled,34
21bda6faf0,004,0,66,INDPARN,INDTULN,308.29999999999916,59.0,shape_dist_traveled,34
21bda6faf0,004,0,67,INDTULN,INDWEBN,189.1999999999996,36.0,shape_dist_traveled,34
21bda6faf0,004,0,68,INDWEBN,INDCOMN,406.90000000000026,78.0,shape_dist_traveled,34
21bda6faf0,004,0,69,INDCOMN,INDCLIN,217.40000000000137,41.0,shape_dist_traveled,34
21bda6faf0,004,0,70,INDCLIN,INDNORN,196.69999999999987,37.0,shape_dist_traveled,34
21bda6faf0,004,0,71,INDNORN,INDPIEN,347.5999999999999,67.0,shape_dist_traveled,34
21bda6faf0,004,0,72,INDPIEN,INDTORN,221.2999999999994,46.0,shape_dist_traveled,34
21bda6faf0,004,0,73,INDTORN,INDFALN,245.40000000000006,21.0,shape_dist_traveled,34
21bda6faf0,004,0,74,INDFALN,INDNORTN,343.90000000000146,30.0,shape_dist_traveled,34
21bda6faf0,004,0,75,INDNORTN,INDGLEN,240.50000000000082,21.0,shape_dist_traveled,34
21bda6faf0,004,0,76,INDGLEN,INDCOON,579.8999999999985,51.0,shape_dist_traveled,34
21bda6faf0,004,0,77,INDCOON,INDSCHN1,305.70000000000164,27.0,shape_dist_traveled,34
21bda6faf0,004,0,78,INDSCHN1,INDWEIN,260.60000000000014,23.0,shape_dist_traveled,34
21bda6faf0,004,0,79,INDWEIN,INDBEAN,327.99999999999943,29.0,shape_dist_traveled,34
21bda6faf0,004,0,80,INDBEAN,INDJEFN,382.9999999999991,38.0,shape_dist_traveled,34
21bda6faf0,004,0,81,INDJEFN,487SINN,728.5000000000003,72.0,shape_dist_traveled,34
21bda6faf0,004,0,82,487SINN,SINFREN,550.7999999999988,54.0,shape_dist_traveled,34
21bda6faf0,004,0,83,SINFREN,SINSTRN,256.3999999999993,25.0,shape_dist_traveled,34
21bda6faf0,004,0,84,SINSTRN,SINLINN,224.19999999999973,22.0,shape_dist_traveled,34
21bda6faf0,004,0,85,SINLINN,SINSHON,718.6000000000022,71.0,shape_dist_traveled,34
21bda6faf0,004,0,86,SINSHON,SINDUBN,762.1000000000003,75.0,shape_dist_traveled,34
21bda6faf0,004,0,87,SINDUBN,BOASHAS,991.9000000000011,101.0,shape_dist_traveled,34
12e6445779,004,1,0,BOASHAS,SINDUBS,813.5,109.0,shape_dist_traveled,38
12e6445779,004,1,1,SINDUBS,SINSHOS,718.1,96.0,shape_dist_traveled,38
12e6445779,004,1,2,SINSHOS,SINLINS,757.6,101.0,shape_dist_traveled,38
12e6445779,004,1,3,SINLINS,SINSTRS,190.19999999999993,25.0,shape_dist_traveled,38
12e6445779,004,1,4,SINSTRS,SINFRES,265.4000000000001,35.0,shape_dist_traveled,38
12e6445779,004,1,5,SINFRES,487SINS,547.8999999999999,73.0,shape_dist_traveled,38
12e6445779,004,1,6,487SINS,INDJEFS,719.4000000000003,101.0,shape_dist_traveled,38
12e6445779,004,1,7,INDJEFS,INDBEAS,404.0999999999997,36.0,shape_dist_traveled,38
12e6445779,004,1,8,INDBEAS,INDWEIS,255.7999999999998,22.0,shape_dist_traveled,38
12e6445779,004,1,9,INDWEIS,INDSCHS,300.7,26.0,shape_dist_traveled,38
12e6445779,004,1,10,INDSCHS,INDCOOS,412.80000000000075,36.0,shape_dist_traveled,38
12e6445779,004,1,11,INDCOOS,INDGLES,432.7999999999994,38.0,shape_dist_traveled,38
12e6445779,004,1,12,INDGLES,INDNORTS,250.50000000000063,22.0,shape_dist_traveled,38
12e6445779,004,1,13,INDNORTS,INDFALS,390.89999999999935,34.0,shape_dist_traveled,38
12e6445779,004,1,14,INDFALS,INDTORS,244.5000000000004,26.0,shape_dist_traveled,38
12e6445779,004,1,15,INDTORS,INDOAKS,371.50000000000017,52.0,shape_dist_traveled,38
12e6445779,004,1,16,INDOAKS,INDNORS,237.49999999999983,33.0,shape_dist_traveled,38
12e6445779,004,1,17,INDNORS,INDWALS,148.60000000000008,21.0,shape_dist_traveled,38
12e6445779,004,1,18,INDWALS,INDMIDS,268.39999999999975,38.0,shape_dist_traveled,38
12e6445779,004,1,19,INDMIDS,INDMELS,214.50000000000014,30.0,shape_dist_traveled,38
12e6445779,004,1,20,INDMELS,INDTIBS,191.4000000000007,27.0,shape_dist_traveled,38
12e6445779,004,1,21,INDTIBS,INDCRES,183.0999999999996,25.0,shape_dist_traveled,38
12e6445779,004,1,22,INDCRES,INDOLES,187.30000000000047,26.0,shape_dist_traveled,38
12e6445779,004,1,23,INDOLES,INDARCS,315.49999999999835,48.0,shape_dist_traveled,38
12e6445779,004,1,24,INDARCS,HUDSUME,379.50000000000017,51.0,shape_dist_traveled,38
12e6445779,004,1,25,HUDSUME,SUMETOMS,192.20000000000147,25.0,shape_dist_traveled,38
12e6445779,004,1,26,SUMETOMS,SUMMAYS,341.6999999999995,46.0,shape_dist_traveled,38
12e6445779,004,1,27,SUMMAYS,SUMALDS,345.4999999999995,46.0,shape_dist_traveled,38
12e6445779,004,1,28,SUMALDS,SUMLANS,268.39999999999975,36.0,shape_dist_traveled,38
12e6445779,004,1,29,SUMLANS,SUM18TS,327.50000000000057,44.0,shape_dist_traveled,38
12e6445779,004,1,30,SUM18TS,SUM15TS,343.7000000000001,46.0,shape_dist_traveled,38
12e6445779,004,1,31,SUM15TS,SUMCHIS,474.6000000000006,66.0,shape_dist_traveled,38
12e6445779,004,1,32,SUMCHIS,SUM9THS,397.59999999999883,50.0,shape_dist_traveled,38
12e6445779,004,1,33,SUM9THS,SUM7THS,210.30000000000015,26.0,shape_dist_traveled,38
12e6445779,004,1,34,SUM7THS,SUM5THS,368.80000000000024,47.0,shape_dist_traveled,38
12e6445779,004,1,35,SUM5THS,SUM3RDS,364.0000000000008,46.0,shape_dist_traveled,38
12e6445779,004,1,36,SUM3RDS,SUM2NDS,117.2999999999984,15.0,shape_dist_traveled,38
12e6445779,004,1,37,SUM2NDS,SUMWARS,359.90000000000146,46.0,shape_dist_traveled,38
12e6445779,004,1,38,SUMWARS,SPRHIGW,1617.1999999999987,207.0,shape_dist_traveled,38
12e6445779,004,1,39,SPRHIGW,FROLONS,308.50000000000045,43.0,shape_dist_traveled,38
12e6445779,004,1,40,FROLONS,FROBROS,386.10000000000076,240.0,shape_dist_traveled,38
12e6445779,004,1,41,FROBROS,FROTOWS,321.3999999999988,66.0,shape_dist_traveled,38
12e6445779,004,1,42,FROTOWS,HIGMAIS2,526.8999999999995,109.0,shape_dist_traveled,38
12e6445779,004,1,43,HIGMAIS2,EFULSHIE,307.8000000000003,65.0,shape_dist_traveled,38
12e6445779,004,1,44,EFULSHIE,LIV4THE,539.1000000000013,114.0,shape_dist_traveled,38
12e6445779,004,1,45,LIV4THE,LIVGRANE,364.59999999999934,77.0,shape_dist_traveled,38
12e6445779,004,1,46,LIVGRANE,LIVPARE,507.0000000000015,109.0,shape_dist_traveled,38
12e6445779,004,1,47,LIVPARE,PARELSS,338.4999999999998,52.0,shape_dist_traveled,38
12e6445779,004,1,48,PARELSS,PARCOLS,330.6000000000005,51.0,shape_dist_traveled,38
12e6445779,004,1,49,PARCOLS,PARWHIS,228.50000000000037,35.0,shape_dist_traveled,38
12e6445779,004,1,50,PARWHIS,PARZIMS,234.49999999999704,36.0,shape_dist_traveled,38
12e6445779,004,1,51,PARZIMS,PARTHUS,321.60000000000014,50.0,shape_dist_traveled,38
12e6445779,004,1,52,PARTHUS,PARGATS,283.59999999999985,44.0,shape_dist_traveled,38
12e6445779,004,1,53,PARGATS,FRBPARE,231.50000000000048,36.0,shape_dist_traveled,38
12e6445779,004,1,54,FRBPARE,FREANNE,121.20000000000175,18.0,shape_dist_traveled,38
12e6445779,004,1,55,FREANNE,FRE18TE,237.3999999999974,37.0,shape_dist_traveled,38
12e6445779,004,1,56,FRE18TE,FREGILE,305.70000000000164,47.0,shape_dist_traveled,38
12e6445779,004,1,57,FREGILE,FREOHIE1,166.39999999999944,25.0,shape_dist_traveled,38
12e6445779,004,1,58,FREOHIE1,FREOAKE,199.50000000000045,31.0,shape_dist_traveled,38
12e6445779,004,1,59,FREOAKE,FRESTUE,457.7999999999989,78.0,shape_dist_traveled,38
12e6445779,004,1,60,FRESTUE,LOCSHES,237.70000000000024,31.0,shape_dist_traveled,38
12e6445779,004,1,61,LOCSHES,LOCMARS,263.60000000000025,34.0,shape_dist_traveled,38
12e6445779,004,1,62,LOCMARS,LOCSMIS,383.8000000000008,50.0,shape_dist_traveled,38
12e6445779,004,1,63,LOCSMIS,LOCREES,333.70000000000033,43.0,shape_dist_traveled,38
12e6445779,004,1,64,LOCREES,LOCMARS2,243.40000000000117,31.0,shape_dist_traveled,38
12e6445779,004,1,65,LOCMARS2,LOCBUCS,368.9,51.0,shape_dist_traveled,38
12e6445779,004,1,66,LOCBUCS,LOC234S,242.39999999999995,25.0,shape_dist_traveled,38
12e6445779,004,1,67,LOC234S,LOC244S,272.59999999999707,28.0,shape_dist_traveled,38
12e6445779,004,1,68,LOC244S,KOEACRE,255.5000000000014,26.0,shape_dist_traveled,38
12e6445779,004,1,69,KOEACRE,KOEEDSLE,413.1,43.0,shape_dist_traveled,38
12e6445779,004,1,70,KOEEDSLE,KOEFAIE,285.6999999999985,29.0,shape_dist_traveled,38
12e6445779,004,1,71,KOEFAIE,FAIFABS,393.7000000000026,41.0,shape_dist_traveled,38
12e6445779,004,1,72,FAIFABS,FAIWATS,439.0999999999998,48.0,shape_dist_traveled,38
12e6445779,004,1,73,FAIWATS,FAISOUS,400.7000000000005,56.0,shape_dist_traveled,38
12e6445779,004,1,74,FAISOUS,VENFAIE,347.6999999999997,49.0,shape_dist_traveled,38
12e6445779,004,1,75,VENFAIE,VENSOUE,387.8999999999984,55.0,shape_dist_traveled,38
12e6445779,004,1,76,VENSOUE,FAIWEIN,282.90000000000146,40.0,shape_dist_traveled,38
12e6445779,004,1,77,FAIWEIN,WEIHOUN,270.3999999999986,40.0,shape_dist_traveled,38
12e6445779,004,1,78,WEIHOUN,WEIWATN,238.6000000000017,23.0,shape_dist_traveled,38
12e6445779,004,1,79,WEIWATN,180WATE,646.4999999999997,64.0,shape_dist_traveled,38
12e6445779,004,1,80,180WATE,WATNEWE,504.999999999999,50.0,shape_dist_traveled,38
12e6445779,004,1,81,WATNEWE,2197WATE,401.19999999999936,40.0,shape_dist_traveled,38
12e6445779,004,1,82,2197WATE,WATALUE,611.1000000000004,63.0,shape_dist_traveled,38
12e6445779,004,1,83,WATALUE,ALUNEWWS,1005.0999999999988,82.0,shape_dist_traveled,38
12e6445779,004,1,84,ALUNEWWS,ALUCRKWS,297.60000000000275,24.0,shape_dist_traveled,38
12e6445779,004,1,85,ALUCRKWS,ALUWHWS,368.9,30.0,shape_dist_traveled,38
12e6445779,004,1,86,ALUWHWS,WILARIE,516.7999999999963,42.0,shape_dist_traveled,38
12e6445779,004,1,87,WILARIE,MILWILLS,172.69999999999897,14.0,shape_dist_traveled,38
12e6445779,004,1,88,MILWILLS,MILMILS,205.0000000000054,16.0,shape_dist_traveled,38
12e6445779,004,1,89,MILMILS,THIBMILW,179.2999999999978,14.0,shape_dist_traveled,38
12e6445779,004,1,90,THIBMILW,THIMALUW,173.4000000000009,18.0,shape_dist_traveled,38
5082236b57,005,0,0,GTCREFS,GENPRIW,519.5,73.0,shape_dist_traveled,18
5082236b57,005,0,1,GENPRIW,GENUPRN,433.5,60.0,shape_dist_traveled,18
5082236b57,005,0,2,GENUPRN,REFGENW,315.3,44.0,shape_dist_traveled,18
5082236b57,005,0,3,REFGENW,REFSTIRW,235.70000000000002,33.0,shape_dist_traveled,18
5082236b57,005,0,4,REFSTIRW,REFBRIW,465.20000000000005,65.0,shape_dist_traveled,18
5082236b57,005,0,5,REFBRIW,CHAJOSW,518.5999999999999,72.0,shape_dist_traveled,18
5082236b57,005,0,6,CHAJOSW,CHATFXW,465.5,65.0,shape_dist_traveled,18
5082236b57,005,0,7,CHATFXW,CHATFALW,316.9,44.0,shape_dist_traveled,18
5082236b57,005,0,8,CHATFALW,CHATFONW,461.3999999999998,64.0,shape_dist_traveled,18
5082236b57,005,0,9,CHATFONW,CHAFLEW,246.50000000000017,34.0,shape_dist_traveled,18
5082236b57,005,0,10,CHAFLEW,CHARENW1,336.60000000000025,47.0,shape_dist_traveled,18
5082236b57,005,0,11,CHARENW1,CHANOEW,186.0999999999997,26.0,shape_dist_traveled,18
5082236b57,005,0,12,CHANOEW,REFNOEW,196.1000000000004,33.0,shape_dist_traveled,18
5082236b57,005,0,13,REFNOEW,REFTENW,819.0999999999997,150.0,shape_dist_traveled,18
5082236b57,005,0,14,REFTENW,REFCITW1,256.7000000000004,47.0,shape_dist_traveled,18
5082236b57,005,0,15,REFCITW1,HAMREFN,387.2,71.0,shape_dist_traveled,18
5082236b57,005,0,16,HAMREFN,EASHAMN,495.8999999999998,92.0,shape_dist_traveled,18
5082236b57,005,0,17,EASHAMN,HAMREFS,462.79999999999967,50.0,shape_dist_traveled,18
5082236b57,005,0,18,HAMREFS,REFEASW,607.6000000000006,66.0,shape_dist_traveled,18
5082236b57,005,0,19,REFEASW,REFOLCW,529.4999999999987,57.0,shape_dist_traveled,18
5082236b57,005,0,20,REFOLCW,REFCOUW,326.0000000000005,35.0,shape_dist_traveled,18
5082236b57,005,0,21,REFCOUW,REFWEYW,580.5000000000007,63.0,shape_dist_traveled,18
5082236b57,005,0,22,REFWEYW,REFSCHW,398.99999999999915,43.0,shape_dist_traveled,18
5082236b57,005,0,23,REFSCHW,REFWINW,382.1000000000012,46.0,shape_dist_traveled,18
5082236b57,005,0,24,REFWINW,ALUWINN,2759.3999999999996,300.0,shape_dist_traveled,18
5082236b57,005,0,25,ALUWINN,ALUCORN,321.29999999999905,50.0,shape_dist_traveled,18
5082236b57,005,0,26,ALUCORN,ALU1900N,331.900000000001,52.0,shape_dist_traveled,18
5082236b57,005,0,27,ALU1900N,ALUFRAN,264.6999999999995,41.0,shape_dist_traveled,18
5082236b57,005,0,28,ALUFRAN,FREALUW,230.50000000000102,37.0,shape_dist_traveled,18
5082236b57,005,0,29,FREALUW,FREFREW,349.2999999999995,61.0,shape_dist_traveled,18
5082236b57,005,0,30,FREFREW,FRETHEW,394.8999999999998,69.0,shape_dist_traveled,18
5082236b57,005,0,31,FRETHEW,FREFAIW,229.40000000000003,40.0,shape_dist_traveled,18
5082236b57,005,0,32,FREFAIW,FAIGATN,297.5999999999992,52.0,shape_dist_traveled,18
5082236b57,005,0,33,FAIGATN,FAIDESN,314.6000000000004,55.0,shape_dist_traveled,18
5082236b57,005,0,34,FAIDESN,FAIWHIN,344.5999999999998,60.0,shape_dist_traveled,18
5082236b57,005,0,35,FAIWHIN,WHISEYW1,124.29999999999986,23.0,shape_dist_traveled,18
5082236b57,005,0,36,WHISEYW1,WHILILW,354.4000000000018,60.0,shape_dist_traveled,18
5082236b57,005,0,37,WHILILW,WHIELLW,147.29999999999777,24.0,shape_dist_traveled,18
5082236b57,005,0,38,WHIELLW,WHILOCW,206.40000000000214,35.0,shape_dist_traveled,18
5082236b57,005,0,39,WHILOCW,WHILINW,231.79999999999978,39.0,shape_dist_traveled,18
5082236b57,005,0,40,WHILINW,WHIOAKW,287.49999999999784,48.0,shape_dist_traveled,18
5082236b57,005,0,41,WHIOAKW,WHIOHIW,187.40000000000023,34.0,shape_dist_traveled,18
5082236b57,005,0,42,WHIOHIW,WHIGILW,225.50000000000026,41.0,shape_dist_traveled,18
5082236b57,005,0,43,WHIGILW,WHIHEYW,234.70000000000013,42.0,shape_dist_traveled,18
5082236b57,005,0,44,WHIHEYW,WHI17TW,168.40000000000188,30.0,shape_dist_traveled,18
5082236b57,005,0,45,WHI17TW,WHIPARW,305.6999999999981,55.0,shape_dist_traveled,18
5082236b57,005,0,46,WHIPARW,WHIBEEW,270.80000000000126,49.0,shape_dist_traveled,18
5082236b57,005,0,47,WHIBEEW,WHIEBNW,208.5000000000008,37.0,shape_dist_traveled,18
5082236b57,005,0,48,WHIEBNW,WHI5THW,234.99999999999943,46.0,shape_dist_traveled,18
5082236b57,005,0,49,WHI5THW,WHI3RDW,254.6999999999997,51.0,shape_dist_traveled,18
5082236b57,005,0,50,WHI3RDW,HIGWHIN,300.6999999999991,60.0,shape_dist_traveled,18
5082236b57,005,0,51,HIGWHIN,HIGCOLN,202.89999999999964,40.0,shape_dist_traveled,18
5082236b57,005,0,52,HIGCOLN,HIGSYCN,311.50000000000233,62.0,shape_dist_traveled,18
5082236b57,005,0,53,HIGSYCN,HIGHOSN,244.59999999999837,49.0,shape_dist_traveled,18
5082236b57,005,0,54,HIGHOSN,HIGMOUN,474.69999999999857,98.0,shape_dist_traveled,18
5082236b57,005,0,55,HIGMOUN,HIGRICN,242.90000000000234,78.0,shape_dist_traveled,18
5082236b57,005,0,56,HIGRICN,HIGSTANN,284.29999999999825,92.0,shape_dist_traveled,18
5082236b57,005,0,57,HIGSTANN,HIGBRONN,211.10000000000184,70.0,shape_dist_traveled,18
5082236b57,005,0,58,HIGBRONN,HIGLONN2,308.19999999999936,60.0,shape_dist_traveled,18
5082236b57,005,0,59,HIGLONN2,HIGNATN,434.2000000000006,120.0,shape_dist_traveled,18
5082236b57,005,0,60,HIGNATN,HIGOHIN,182.90000000000006,35.0,shape_dist_traveled,18
5082236b57,005,0,61,HIGOHIN,HIGSPRUN,326.29999999999984,62.0,shape_dist_traveled,18
5082236b57,005,0,62,HIGSPRUN,HIGRUSN,347.999999999999,67.0,shape_dist_traveled,18
5082236b57,005,0,63,HIGRUSN,NHIGWARN,229.40000000000182,44.0,shape_dist_traveled,18
5082236b57,005,0,64,NHIGWARN,NHI1STN,323.99999999999807,62.0,shape_dist_traveled,18
5082236b57,005,0,65,NHI1STN,HIG2NDN,303.2000000000004,58.0,shape_dist_traveled,18
5082236b57,005,0,66,HIG2NDN,5THHIGHW,462.80000000000143,92.0,shape_dist_traveled,18
5082236b57,005,0,67,5THHIGHW,5THDENW,184.30000000000035,25.0,shape_dist_traveled,18
5082236b57,005,0,68,5THDENW,5THHIGW,251.1999999999972,34.0,shape_dist_traveled,18
5082236b57,005,0,69,5THHIGW,5THNEIW,202.20000000000127,27.0,shape_dist_traveled,18
5082236b57,005,0,70,5THNEIW,5THMICW,249.50000000000117,34.0,shape_dist_traveled,18
5082236b57,005,0,71,5THMICW,5THPERW,185.0999999999985,25.0,shape_dist_traveled,18
5082236b57,005,0,72,5THPERW,5THTISW,220.20000000000195,30.0,shape_dist_traveled,18
5082236b57,005,0,73,5THTISW,5THOLEW,445.0999999999965,65.0,shape_dist_traveled,18
5082236b57,005,0,74,5THOLEW,5THEDGW,254.80000000000302,40.0,shape_dist_traveled,18
5082236b57,005,0,75,5THEDGW,5THHESW,228.50000000000037,36.0,shape_dist_traveled,18
5082236b57,005,0,76,5THHESW,5THKENW,261.59999999999786,41.0,shape_dist_traveled,18
5082236b57,005,0,77,5THKENW,5THDOTW,211.5000000000009,33.0,shape_dist_traveled,18
5082236b57,005,0,78,5THDOTW,5THNORTW,238.6999999999979,37.0,shape_dist_traveled,18
5082236b57,005,0,79,5THNORTW,5THGRANW,315.10000000000105,53.0,shape_dist_traveled,18
5082236b57,005,0,80,5THGRANW,5THFAIW,278.7000000000006,37.0,shape_dist_traveled,18
5082236b57,005,0,81,5THFAIW,5THASHW,223.7000000000009,30.0,shape_dist_traveled,18
5082236b57,005,0,82,5THASHW,5THWESW,213.30000000000027,28.0,shape_dist_traveled,18
5082236b57,005,0,83,5THWESW,5THWYAW,249.4999999999976,33.0,shape_dist_traveled,18
5082236b57,005,0,84,5THWYAW,5THCAMW,205.40000000000092,27.0,shape_dist_traveled,18
5082236b57,005,0,85,5THCAMW,5THARLW,162.3000000000019,25.0,shape_dist_traveled,18
5082236b57,005,0,86,5THARLW,5THLOCW,325.4999999999981,38.0,shape_dist_traveled,18
5082236b57,005,0,87,5THLOCW,5TH220W,154.39999999999898,18.0,shape_dist_traveled,18
5082236b57,005,0,88,5TH220W,5THLAKW,374.30000000000166,44.0,shape_dist_traveled,18
5082236b57,005,0,89,5THLAKW,5THRUNW,306.2000000000005,36.0,shape_dist_traveled,18
5082236b57,005,0,90,5THRUNW,5THSEAPW,202.09999999999795,24.0,shape_dist_traveled,18
5082236b57,005,0,91,5THSEAPW,MCKQUAN,866.6000000000018,103.0,shape_dist_traveled,18
5082236b57,005,0,92,MCKQUAN,MCK3235N,402.4999999999999,48.0,shape_dist_traveled,18
5082236b57,005,0,93,MCK3235N,TRAMCKW,378.499999999999,49.0,shape_dist_traveled,18
5082236b57,005,0,94,TRAMCKW,TRAMAPW,573.599999999999,62.0,shape_dist_traveled,18
5082236b57,005,0,95,TRAMAPW,TRABENW,850.6,92.0,shape_dist_traveled,18
5082236b57,005,0,96,TRABENW,WILTRAS,603.900000000003,65.0,shape_dist_traveled,18
5082236b57,005,0,97,WILTRAS,WILGRIS1,558.7000000000018,60.0,shape_dist_traveled,18
5082236b57,005,0,98,WILGRIS1,WILTWIS1,387.59999999999906,42.0,shape_dist_traveled,18
5082236b57,005,0,99,WILTWIS1,WILFERS,1022.7000000000004,111.0,shape_dist_traveled,18
5082236b57,005,0,100,WILFERS,WILFISS,418.99999999999693,48.0,shape_dist_traveled,18
5082236b57,005,0,101,WILFISS,WILVALS,716.0000000000011,88.0,shape_dist_traveled,18
5082236b57,005,0,102,WILVALS,WILSOLS,542.2000000000012,67.0,shape_dist_traveled,18
5082236b57,005,0,103,WILSOLS,BROCONEW,594.7999999999993,73.0,shape_dist_traveled,18
5082236b57,005,0,104,BROCONEW,BROVIOW,190.3999999999968,23.0,shape_dist_traveled,18
5082236b57,005,0,105,BROVIOW,BROPHIW,796.1000000000026,98.0,shape_dist_traveled,18
5082236b57,005,0,106,BROPHIW,BRO4158W,205.39999999999736,25.0,shape_dist_traveled,18
5082236b57,005,0,107,BRO4158W,BRO425W,255.60000000000116,31.0,shape_dist_traveled,18
5082236b57,005,0,108,BRO425W,BROOLDW,781.6000000000045,96.0,shape_dist_traveled,18
5082236b57,005,0,109,BROOLDW,BROMURW,286.7999999999995,35.0,shape_dist_traveled,18
5082236b57,005,0,110,BROMURW,NMURBEAN,473.7999999999971,64.0,shape_dist_traveled,18
9c7b628b15,005,0,0,GTCREFS,GENPRIW,519.5,73.0,shape_dist_traveled,19
9c7b628b15,005,0,1,GENPRIW,GENUPRN,433.5,60.0,shape_dist_traveled,19
9c7b628b15,005,0,2,GENUPRN,REFGENW,315.3,44.0,shape_dist_traveled,19
9c7b628b15,005,0,3,REFGENW,REFSTIRW,235.70000000000002,33.0,shape_dist_traveled,19
9c7b628b15,005,0,4,REFSTIRW,REFBRIW,465.20000000000005,65.0,shape_dist_traveled,19
9c7b628b15,005,0,5,REFBRIW,CHAJOSW,518.5999999999999,72.0,shape_dist_traveled,19
9c7b628b15,005,0,6,CHAJOSW,CHATFXW,465.5,65.0,shape_dist_traveled,19
9c7b628b15,005,0,7,CHATFXW,CHATFALW,316.9,44.0,shape_dist_traveled,19
9c7b628b15,005,0,8,CHATFALW,CHATFONW,461.3999999999998,64.0,shape_dist_traveled,19
9c7b628b15,005,0,9,CHATFONW,CHAFLEW,246.50000000000017,34.0,shape_dist_traveled,19
9c7b628b15,005,0,10,CHAFLEW,CHARENW1,336.60000000000025,47.0,shape_dist_traveled,19
9c7b628b15,005,0,11,CHARENW1,CHANOEW,186.0999999999997,26.0,shape_dist_traveled,19
9c7b628b15,005,0,12,CHANOEW,REFNOEW,196.1000000000004,33.0,shape_dist_traveled,19
9c7b628b15,005,0,13,REFNOEW,REFTENW,819.0999999999997,150.0,shape_dist_traveled,19
9c7b628b15,005,0,14,REFTENW,REFCITW1,256.7000000000004,47.0,shape_dist_traveled,19
9c7b628b15,005,0,15,REFCITW1,HAMREFN,387.2,71.0,shape_dist_traveled,19
9c7b628b15,005,0,16,HAMREFN,EASHAMN,495.8999999999998,92.0,shape_dist_traveled,19
9c7b628b15,005,0,17,EASHAMN,HAMREFS,462.79999999999967,50.0,shape_dist_traveled,19
9c7b628b15,005,0,18,HAMREFS,REFEASW,607.6000000000006,66.0,shape_dist_traveled,19
9c7b628b15,005,0,19,REFEASW,REFOLCW,529.4999999999987,57.0,shape_dist_traveled,19
9c7b628b15,005,0,20,REFOLCW,REFCOUW,326.0000000000005,35.0,shape_dist_traveled,19
9c7b628b15,005,0,21,REFCOUW,REFWEYW,580.5000000000007,63.0,shape_dist_traveled,19
9c7b628b15,005,0,22,REFWEYW,REFSCHW,398.99999999999915,43.0,shape_dist_traveled,19
9c7b628b15,005,0,23,REFSCHW,REFWINW,382.1000000000012,46.0,shape_dist_traveled,19
9c7b628b15,005,0,24,REFWINW,ALUWINN,2759.3999999999996,300.0,shape_dist_traveled,19
9c7b628b15,005,0,25,ALUWINN,ALUCORN,321.29999999999905,50.0,shape_dist_traveled,19
9c7b628b15,005,0,26,ALUCORN,ALU1900N,331.900000000001,52.0,shape_dist_traveled,19
9c7b628b15,005,0,27,ALU1900N,ALUFRAN,264.6999999999995,41.0,shape_dist_traveled,19
9c7b628b15,005,0,28,ALUFRAN,FREALUW,230.50000000000102,37.0,shape_dist_traveled,19
9c7b628b15,005,0,29,FREALUW,FREFREW,349.2999999999995,61.0,shape_dist_traveled,19
9c7b628b15,005,0,30,FREFREW,FRETHEW,394.8999999999998,69.0,shape_dist_traveled,19
9c7b628b15,005,0,31,FRETHEW,FREFAIW,229.40000000000003,40.0,shape_dist_traveled,19
9c7b628b15,005,0,32,FREFAIW,FAIGATN,297.5999999999992,52.0,shape_dist_traveled,19
9c7b628b15,005,0,33,FAIGATN,FAIDESN,314.6000000000004,55.0,shape_dist_traveled,19
9c7b628b15,005,0,34,FAIDESN,FAIWHIN,344.5999999999998,60.0,shape_dist_traveled,19
9c7b628b15,005,0,35,FAIWHIN,WHISEYW1,124.29999999999986,23.0,shape_dist_traveled,19
9c7b628b15,005,0,36,WHISEYW1,WHILILW,354.4000000000018,60.0,shape_dist_traveled,19
9c7b628b15,005,0,37,WHILILW,WHIELLW,147.29999999999777,24.0,shape_dist_traveled,19
9c7b628b15,005,0,38,WHIELLW,WHILOCW,206.40000000000214,35.0,shape_dist_traveled,19
9c7b628b15,005,0,39,WHILOCW,WHILINW,231.79999999999978,39.0,shape_dist_traveled,19
9c7b628b15,005,0,40,WHILINW,WHIOAKW,287.49999999999784,48.0,shape_dist_traveled,19
9c7b628b15,005,0,41,WHIOAKW,WHIOHIW,187.40000000000023,34.0,shape_dist_traveled,19
9c7b628b15,005,0,42,WHIOHIW,WHIGILW,225.50000000000026,32.0,shape_dist_traveled,19
9c7b628b15,005,0,43,WHIGILW,WHIHEYW,234.70000000000013,34.0,shape_dist_traveled,19
9c7b628b15,005,0,44,WHIHEYW,WHI17TW,168.40000000000188,24.0,shape_dist_traveled,19
9c7b628b15,005,0,45,WHI17TW,WHIPARW,305.6999999999981,44.0,shape_dist_traveled,19
9c7b628b15,005,0,46,WHIPARW,WHIBEEW,270.80000000000126,39.0,shape_dist_traveled,19
9c7b628b15,005,0,47,WHIBEEW,WHIEBNW,208.5000000000008,30.0,shape_dist_traveled,19
9c7b628b15,005,0,48,WHIEBNW,WHI5THW,234.99999999999943,37.0,shape_dist_traveled,19
9c7b628b15,005,0,49,WHI5THW,WHI3RDW,254.6999999999997,51.0,shape_dist_traveled,19
9c7b628b15,005,0,50,WHI3RDW,HIGWHIN,300.6999999999991,60.0,shape_dist_traveled,19
9c7b628b15,005,0,51,HIGWHIN,HIGCOLN,202.89999999999964,40.0,shape_dist_traveled,19
9c7b628b15,005,0,52,HIGCOLN,HIGSYCN,311.50000000000233,62.0,shape_dist_traveled,19
9c7b628b15,005,0,53,HIGSYCN,HIGHOSN,244.59999999999837,49.0,shape_dist_traveled,19
9c7b628b15,005,0,54,HIGHOSN,HIGMOUN,474.69999999999857,98.0,shape_dist_traveled,19
9c7b628b15,005,0,55,HIGMOUN,HIGRICN,242.90000000000234,78.0,shape_dist_traveled,19
9c7b628b15,005,0,56,HIGRICN,HIGSTANN,284.29999999999825,92.0,shape_dist_traveled,19
9c7b628b15,005,0,57,HIGSTANN,HIGBRONN,211.10000000000184,70.0,shape_dist_traveled,19
9c7b628b15,005,0,58,HIGBRONN,HIGLONN2,308.19999999999936,60.0,shape_dist_traveled,19
9c7b628b15,005,0,59,HIGLONN2,HIGNATN,434.2000000000006,120.0,shape_dist_traveled,19
9c7b628b15,005,0,60,HIGNATN,HIGOHIN,182.90000000000006,35.0,shape_dist_traveled,19
9c7b628b15,005,0,61,HIGOHIN,HIGSPRUN,326.29999999999984,62.0,shape_dist_traveled,19
9c7b628b15,005,0,62,HIGSPRUN,HIGRUSN,347.999999999999,67.0,shape_dist_traveled,19
9c7b628b15,005,0,63,HIGRUSN,NHIGWARN,229.40000000000182,44.0,shape_dist_traveled,19
9c7b628b15,005,0,64,NHIGWARN,NHI1STN,323.99999999999807,62.0,shape_dist_traveled,19
9c7b628b15,005,0,65,NHI1STN,HIG2NDN,303.2000000000004,58.0,shape_dist_traveled,19
9c7b628b15,005,0,66,HIG2NDN,5THHIGHW,462.80000000000143,92.0,shape_dist_traveled,19
9c7b628b15,005,0,67,5THHIGHW,5THDENW,184.30000000000035,25.0,shape_dist_traveled,19
9c7b628b15,005,0,68,5THDENW,5THHIGW,251.1999999999972,34.0,shape_dist_traveled,19
9c7b628b15,005,0,69,5THHIGW,5THNEIW,202.20000000000127,27.0,shape_dist_traveled,19
9c7b628b15,005,0,70,5THNEIW,5THMICW,249.50000000000117,34.0,shape_dist_traveled,19
9c7b628b15,005,0,71,5THMICW,5THPERW,185.0999999999985,25.0,shape_dist_traveled,19
9c7b628b15,005,0,72,5THPERW,5THTISW,220.20000000000195,30.0,shape_dist_traveled,19
9c7b628b15,005,0,73,5THTISW,5THOLEW,445.0999999999965,65.0,shape_dist_traveled,19
9c7b628b15,005,0,74,5THOLEW,5THEDGW,254.80000000000302,40.0,shape_dist_traveled,19
9c7b628b15,005,0,75,5THEDGW,5THHESW,228.50000000000037,36.0,shape_dist_traveled,19
9c7b628b15,005,0,76,5THHESW,5THKENW,261.59999999999786,41.0,shape_dist_traveled,19
9c7b628b15,005,0,77,5THKENW,5THDOTW,211.5000000000009,33.0,shape_dist_traveled,19
9c7b628b15,005,0,78,5THDOTW,5THNORTW,238.6999999999979,37.0,shape_dist_traveled,19
9c7b628b15,005,0,79,5THNORTW,5THGRANW,315.10000000000105,53.0,shape_dist_traveled,19
9c7b628b15,005,0,80,5THGRANW,5THFAIW,278.7000000000006,37.0,shape_dist_traveled,19
9c7b628b15,005,0,81,5THFAIW,5THASHW,223.7000000000009,30.0,shape_dist_traveled,19
9c7b628b15,005,0,82,5THASHW,5THWESW,213.30000000000027,28.0,shape_dist_traveled,19
9c7b628b15,005,0,83,5THWESW,5THWYAW,249.4999999999976,33.0,shape_dist_traveled,19
9c7b628b15,005,0,84,5THWYAW,5THCAMW,205.40000000000092,27.0,shape_dist_traveled,19
9c7b628b15,005,0,85,5THCAMW,5THARLW,162.3000000000019,25.0,shape_dist_traveled,19
9c7b628b15,005,0,86,5THARLW,5THLOCW,325.4999999999981,38.0,shape_dist_traveled,19
9c7b628b15,005,0,87,5THLOCW,5TH220W,154.39999999999898,18.0,shape_dist_traveled,19
9c7b628b15,005,0,88,5TH220W,5THLAKW,374.30000000000166,44.0,shape_dist_traveled,19
9c7b628b15,005,0,89,5THLAKW,5THRUNW,306.2000000000005,36.0,shape_dist_traveled,19
9c7b628b15,005,0,90,5THRUNW,5THSEAPW,202.09999999999795,24.0,shape_dist_traveled,19
9c7b628b15,005,0,91,5THSEAPW,MCKQUAN,866.6000000000018,103.0,shape_dist_traveled,19
9c7b628b15,005,0,92,MCKQUAN,MCK3235N,402.4999999999999,48.0,shape_dist_traveled,19
9c7b628b15,005,0,93,MCK3235N,TRAMCKW,378.499999999999,49.0,shape_dist_traveled,19
9c7b628b15,005,0,94,TRAMCKW,TRAMAPW,573.599999999999,61.0,shape_dist_traveled,19
9c7b628b15,005,0,95,TRAMAPW,TRABENW,850.6,90.0,shape_dist_traveled,19
9c7b628b15,005,0,96,TRABENW,TRAWILW,585.1000000000042,62.0,shape_dist_traveled,19
9c7b628b15,005,0,97,TRAWILW,TRAARLW,444.89999999999696,47.0,shape_dist_traveled,19
9c7b628b15,005,0,98,TRAARLW,TRADIVDW,730.6000000000026,77.0,shape_dist_traveled,19
9c7b628b15,005,0,99,TRADIVDW,TRAWESW,189.49999999999534,23.0,shape_dist_traveled,19
9c7b628b15,005,0,100,TRAWESW,TRA511W,970.7000000000007,148.0,shape_dist_traveled,19
9c7b628b15,005,0,101,TRA511W,RENATLW,597.5000000000036,91.0,shape_dist_traveled,19
9c7b628b15,005,0,102,RENATLW,RENRTAW,406.099999999995,61.0,shape_dist_traveled,19
9c7b628b15,005,0,103,RENRTAW,RENHILW,318.10000000000116,48.0,shape_dist_traveled,19
9c7b628b15,005,0,104,RENHILW,RENRPRE,460.3000000000037,72.0,shape_dist_traveled,19
e3a1415bb9,005,1,0,RENRPRE,RENHILE,814.6,75.0,shape_dist_traveled,19
e3a1415bb9,005,1,1,RENHILE,RENRTAE,295.90000000000003,27.0,shape_dist_traveled,19
e3a1415bb9,005,1,2,RENRTAE,RENATLE,401.9999999999999,37.0,shape_dist_traveled,19
e3a1415bb9,005,1,3,RENATLE,TRA510E,599.7000000000002,55.0,shape_dist_traveled,19
e3a1415bb9,005,1,4,TRA510E,TRA465E,1117.2,106.0,shape_dist_traveled,19
e3a1415bb9,005,1,5,TRA465E,TRAARLE,762.4,99.0,shape_dist_traveled,19
e3a1415bb9,005,1,6,TRAARLE,TRARASE,283.39999999999986,36.0,shape_dist_traveled,19
e3a1415bb9,005,1,7,TRARASE,TRAWILE,300.7999999999997,39.0,shape_dist_traveled,19
e3a1415bb9,005,1,8,TRAWILE,TRABENE,446.9000000000003,58.0,shape_dist_traveled,19
e3a1415bb9,005,1,9,TRABENE,TRAHAGE,872.5000000000005,113.0,shape_dist_traveled,19
e3a1415bb9,005,1,10,TRAHAGE,TRAMCKE,563.6999999999998,75.0,shape_dist_traveled,19
e3a1415bb9,005,1,11,TRAMCKE,MCK3265S,282.4,34.0,shape_dist_traveled,19
e3a1415bb9,005,1,12,MCK3265S,MCKQUAS,523.6,63.0,shape_dist_traveled,19
e3a1415bb9,005,1,13,MCKQUAS,5THRUN1E,882.2999999999989,106.0,shape_dist_traveled,19
e3a1415bb9,005,1,14,5THRUN1E,5THRUN2E,113.00000000000132,13.0,shape_dist_traveled,19
e3a1415bb9,005,1,15,5THRUN2E,5THLAKE,298.59999999999866,36.0,shape_dist_traveled,19
e3a1415bb9,005,1,16,5THLAKE,5TH2200E,470.40000000000146,56.0,shape_dist_traveled,19
e3a1415bb9,005,1,17,5TH2200E,5THARLE,406.69999999999897,52.0,shape_dist_traveled,19
e3a1415bb9,005,1,18,5THARLE,5THCAME,207.3999999999998,28.0,shape_dist_traveled,19
e3a1415bb9,005,1,19,5THCAME,5THWYAE,206.40000000000038,28.0,shape_dist_traveled,19
e3a1415bb9,005,1,20,5THWYAE,5THWESE,223.4999999999996,30.0,shape_dist_traveled,19
e3a1415bb9,005,1,21,5THWESE,5THASHE,212.3000000000008,28.0,shape_dist_traveled,19
e3a1415bb9,005,1,22,5THASHE,5THFAIE,230.70000000000056,31.0,shape_dist_traveled,19
e3a1415bb9,005,1,23,5THFAIE,5THGRANE,245.69999999999936,35.0,shape_dist_traveled,19
e3a1415bb9,005,1,24,5THGRANE,5THNORTE,305.8999999999994,57.0,shape_dist_traveled,19
e3a1415bb9,005,1,25,5THNORTE,5THDOTE,258.70000000000107,48.0,shape_dist_traveled,19
e3a1415bb9,005,1,26,5THDOTE,5THEASE,193.69999999999976,36.0,shape_dist_traveled,19
e3a1415bb9,005,1,27,5THEASE,5THHOLE,189.39999999999912,35.0,shape_dist_traveled,19
e3a1415bb9,005,1,28,5THHOLE,5THEDGE,405.90000000000083,75.0,shape_dist_traveled,19
e3a1415bb9,005,1,29,5THEDGE,5THOLEE,248.899999999999,49.0,shape_dist_traveled,19
e3a1415bb9,005,1,30,5THOLEE,5THPERE,577.0,81.0,shape_dist_traveled,19
e3a1415bb9,005,1,31,5THPERE,5THMICE,187.2000000000007,26.0,shape_dist_traveled,19
e3a1415bb9,005,1,32,5THMICE,5THNEIE,283.4000000000003,39.0,shape_dist_traveled,19
e3a1415bb9,005,1,33,5THNEIE,5THHIGE,203.30000000000047,28.0,shape_dist_traveled,19
e3a1415bb9,005,1,34,5THHIGE,5THDENE,218.09999999999974,30.0,shape_dist_traveled,19
e3a1415bb9,005,1,35,5THDENE,5THHIGHE,234.29999999999927,36.0,shape_dist_traveled,19
e3a1415bb9,005,1,36,5THHIGHE,HIG4THS,271.1000000000006,52.0,shape_dist_traveled,19
e3a1415bb9,005,1,37,HIG4THS,NHIW2S,326.4999999999993,63.0,shape_dist_traveled,19
e3a1415bb9,005,1,38,NHIW2S,HIGHUBS,405.20000000000067,78.0,shape_dist_traveled,19
e3a1415bb9,005,1,39,HIGHUBS,HIGRUSS,365.2999999999995,71.0,shape_dist_traveled,19
e3a1415bb9,005,1,40,HIGRUSS,HIGSWANS,239.90000000000043,46.0,shape_dist_traveled,19
e3a1415bb9,005,1,41,HIGSWANS,HIGOHIS,329.29999999999814,64.0,shape_dist_traveled,19
e3a1415bb9,005,1,42,HIGOHIS,HIGNATS,223.30000000000183,46.0,shape_dist_traveled,19
e3a1415bb9,005,1,43,HIGNATS,HIGLONS,346.59999999999866,60.0,shape_dist_traveled,19
e3a1415bb9,005,1,44,HIGLONS,HIGBROS,265.59999999999917,120.0,shape_dist_traveled,19
e3a1415bb9,005,1,45,HIGBROS,HIGSTAS,284.70000000000084,104.0,shape_dist_traveled,19
e3a1415bb9,005,1,46,HIGSTAS,HIGTOWS,247.19999999999942,90.0,shape_dist_traveled,19
e3a1415bb9,005,1,47,HIGTOWS,HIGMAIS2,285.80000000000183,105.0,shape_dist_traveled,19
e3a1415bb9,005,1,48,HIGMAIS2,HIGMOUS,161.2000000000009,61.0,shape_dist_traveled,19
e3a1415bb9,005,1,49,HIGMOUS,HIGBLENS,268.5999999999993,46.0,shape_dist_traveled,19
e3a1415bb9,005,1,50,HIGBLENS,HIGSYCS,343.2999999999993,59.0,shape_dist_traveled,19
e3a1415bb9,005,1,51,HIGSYCS,HIGFRANS,170.99999999999937,29.0,shape_dist_traveled,19
e3a1415bb9,005,1,52,HIGFRANS,WHIPEAE,455.6000000000005,78.0,shape_dist_traveled,19
e3a1415bb9,005,1,53,WHIPEAE,WHI3RDE,145.1999999999991,24.0,shape_dist_traveled,19
e3a1415bb9,005,1,54,WHI3RDE,WHIJAEE,361.39999999999975,64.0,shape_dist_traveled,19
e3a1415bb9,005,1,55,WHIJAEE,WHIBRUE,238.80000000000123,33.0,shape_dist_traveled,19
e3a1415bb9,005,1,56,WHIBRUE,WHIPARE,362.0000000000019,50.0,shape_dist_traveled,19
e3a1415bb9,005,1,57,WHIPARE,WHIANNE,266.59999999999684,37.0,shape_dist_traveled,19
e3a1415bb9,005,1,58,WHIANNE,WHI18TE,162.50000000000142,22.0,shape_dist_traveled,19
e3a1415bb9,005,1,59,WHI18TE,WHIOPPE,214.50000000000102,30.0,shape_dist_traveled,19
e3a1415bb9,005,1,60,WHIOPPE,WHI22NE,197.69999999999754,27.0,shape_dist_traveled,19
e3a1415bb9,005,1,61,WHI22NE,WHICHAE,265.29999999999984,41.0,shape_dist_traveled,19
e3a1415bb9,005,1,62,WHICHAE,WHIWILE,194.50000000000145,37.0,shape_dist_traveled,19
e3a1415bb9,005,1,63,WHIWILE,WHISTUE,230.3999999999995,44.0,shape_dist_traveled,19
e3a1415bb9,005,1,64,WHISTUE,WHIMILE,246.80000000000035,47.0,shape_dist_traveled,19
e3a1415bb9,005,1,65,WHIMILE,WHIKELE,173.4000000000009,33.0,shape_dist_traveled,19
e3a1415bb9,005,1,66,WHIKELE,WHIBERE,201.20000000000005,38.0,shape_dist_traveled,19
e3a1415bb9,005,1,67,WHIBERE,WHISEYE,208.19999999999794,41.0,shape_dist_traveled,19
e3a1415bb9,005,1,68,WHISEYE,WHITFAIE,78.20000000000249,10.0,shape_dist_traveled,19
e3a1415bb9,005,1,69,WHITFAIE,FAIDESS,467.8000000000004,63.0,shape_dist_traveled,19
e3a1415bb9,005,1,70,FAIDESS,FAIGATS,317.69999999999857,42.0,shape_dist_traveled,19
e3a1415bb9,005,1,71,FAIGATS,FREFAIE1,254.59999999999994,34.0,shape_dist_traveled,19
e3a1415bb9,005,1,72,FREFAIE1,FRETHEE,205.40000000000092,27.0,shape_dist_traveled,19
e3a1415bb9,005,1,73,FRETHEE,FREFREE,445.89999999999816,60.0,shape_dist_traveled,19
e3a1415bb9,005,1,74,FREFREE,ALUFRES,451.20000000000005,64.0,shape_dist_traveled,19
e3a1415bb9,005,1,75,ALUFRES,ALU1900S,324.3000000000009,38.0,shape_dist_traveled,19
e3a1415bb9,005,1,76,ALU1900S,ALUCORS,320.4999999999991,38.0,shape_dist_traveled,19
e3a1415bb9,005,1,77,ALUCORS,ALUWINS,362.0000000000019,44.0,shape_dist_traveled,19
e3a1415bb9,005,1,78,ALUWINS,REFWINE,2737.099999999998,240.0,shape_dist_traveled,19
e3a1415bb9,005,1,79,REFWINE,REFSCHE,499.30000000000166,61.0,shape_dist_traveled,19
e3a1415bb9,005,1,80,REFSCHE,REFWEYE,468.1999999999995,57.0,shape_dist_traveled,19
e3a1415bb9,005,1,81,REFWEYE,REFCOUE,500.39999999999907,61.0,shape_dist_traveled,19
e3a1415bb9,005,1,82,REFCOUE,REFOLDE,378.0000000000001,46.0,shape_dist_traveled,19
e3a1415bb9,005,1,83,REFOLDE,REFEASE,419.2999999999998,51.0,shape_dist_traveled,19
e3a1415bb9,005,1,84,REFEASE,HAMREFN,670.7,82.0,shape_dist_traveled,19
e3a1415bb9,005,1,85,HAMREFN,EASHAMN,495.9000000000025,62.0,shape_dist_traveled,19
e3a1415bb9,005,1,86,EASHAMN,REFCITE,686.599999999995,107.0,shape_dist_traveled,19
e3a1415bb9,005,1,87,REFCITE,REFTENE,376.100000000001,58.0,shape_dist_traveled,19
e3a1415bb9,005,1,88,REFTENE,REFNOEE,854.2000000000058,135.0,shape_dist_traveled,19
e3a1415bb9,005,1,89,REFNOEE,CHANOEE,126.99999999999534,12.0,shape_dist_traveled,19
e3a1415bb9,005,1,90,CHANOEE,CHARENE,317.300000000003,30.0,shape_dist_traveled,19
e3a1415bb9,005,1,91,CHARENE,CHAFLEE,239.69999999999914,23.0,shape_dist_traveled,19
e3a1415bb9,005,1,92,CHAFLEE,CHAFONTE,335.49999999999613,32.0,shape_dist_traveled,19
e3a1415bb9,005,1,93,CHAFONTE,CHATFALE,456.40000000000214,43.0,shape_dist_traveled,19
e3a1415bb9,005,1,94,CHATFALE,CHATBONE,301.70000000000385,29.0,shape_dist_traveled,19
e3a1415bb9,005,1,95,CHATBONE,CHAJOSE,475.6,45.0,shape_dist_traveled,19
e3a1415bb9,005,1,96,CHAJOSE,REFBRIE,449.2999999999938,43.0,shape_dist_traveled,19
e3a1415bb9,005,1,97,REFBRIE,REFCTNVE,510.69999999999993,49.0,shape_dist_traveled,19
e3a1415bb9,005,1,98,REFCTNVE,REFGENE,309.90000000000606,29.0,shape_dist_traveled,19
e3a1415bb9,005,1,99,REFGENE,GTCREFS,215.29999999999916,25.0,shape_dist_traveled,19
633111494b,005,1,0,NMURBEAN,BROWESTE,1741.7,236.0,shape_dist_traveled,18
633111494b,005,1,1,BROWESTE,BROGEOE,455.9,61.0,shape_dist_traveled,18
633111494b,005,1,2,BROGEOE,BRO386E,846.2,114.0,shape_dist_traveled,18
633111494b,005,1,3,BRO386E,WILBRON1,479.09999999999985,64.0,shape_dist_traveled,18
633111494b,005,1,4,WILBRON1,WILVALN,827.0999999999997,112.0,shape_dist_traveled,18
633111494b,005,1,5,WILVALN,WILFISN,518.8000000000006,73.0,shape_dist_traveled,18
633111494b,005,1,6,WILFISN,WILLINN,536.3999999999995,56.0,shape_dist_traveled,18
633111494b,005,1,7,WILLINN,WILTWIN1,1077.3999999999999,113.0,shape_dist_traveled,18
633111494b,005,1,8,WILTWIN1,WILGRIN1,381.49999999999994,40.0,shape_dist_traveled,18
633111494b,005,1,9,WILGRIN1,TRAWILE,689.7000000000002,72.0,shape_dist_traveled,18
633111494b,005,1,10,TRAWILE,TRABENE,446.8000000000005,46.0,shape_dist_traveled,18
633111494b,005,1,11,TRABENE,TRAHAGE,872.5000000000005,91.0,shape_dist_traveled,18
633111494b,005,1,12,TRAHAGE,TRAMCKE,563.7999999999987,62.0,shape_dist_traveled,18
633111494b,005,1,13,TRAMCKE,MCK3265S,282.3000000000011,34.0,shape_dist_traveled,18
633111494b,005,1,14,MCK3265S,MCKQUAS,523.6999999999998,63.0,shape_dist_traveled,18
633111494b,005,1,15,MCKQUAS,5THRUN1E,882.2999999999989,106.0,shape_dist_traveled,18
633111494b,005,1,16,5THRUN1E,5THRUN2E,113.00000000000132,13.0,shape_dist_traveled,18
633111494b,005,1,17,5THRUN2E,5THLAKE,298.59999999999866,36.0,shape_dist_traveled,18
633111494b,005,1,18,5THLAKE,5TH2200E,470.3999999999997,56.0,shape_dist_traveled,18
633111494b,005,1,19,5TH2200E,5THARLE,406.7000000000007,52.0,shape_dist_traveled,18
633111494b,005,1,20,5THARLE,5THCAME,207.3999999999998,28.0,shape_dist_traveled,18
633111494b,005,1,21,5THCAME,5THWYAE,206.40000000000038,28.0,shape_dist_traveled,18
633111494b,005,1,22,5THWYAE,5THWESE,223.4999999999996,30.0,shape_dist_traveled,18
633111494b,005,1,23,5THWESE,5THASHE,212.3000000000008,28.0,shape_dist_traveled,18
633111494b,005,1,24,5THASHE,5THFAIE,230.6999999999988,31.0,shape_dist_traveled,18
633111494b,005,1,25,5THFAIE,5THGRANE,245.70000000000113,35.0,shape_dist_traveled,18
633111494b,005,1,26,5THGRANE,5THNORTE,305.8999999999994,57.0,shape_dist_traveled,18
633111494b,005,1,27,5THNORTE,5THDOTE,258.70000000000107,48.0,shape_dist_traveled,18
633111494b,005,1,28,5THDOTE,5THEASE,193.69999999999976,36.0,shape_dist_traveled,18
633111494b,005,1,29,5THEASE,5THHOLE,189.39999999999912,35.0,shape_dist_traveled,18
633111494b,005,1,30,5THHOLE,5THEDGE,405.90000000000083,75.0,shape_dist_traveled,18
633111494b,005,1,31,5THEDGE,5THOLEE,248.79999999999924,49.0,shape_dist_traveled,18
633111494b,005,1,32,5THOLEE,5THPERE,577.0,81.0,shape_dist_traveled,18
633111494b,005,1,33,5THPERE,5THMICE,187.2000000000007,26.0,shape_dist_traveled,18
633111494b,005,1,34,5THMICE,5THNEIE,283.5000000000001,39.0,shape_dist_traveled,18
633111494b,005,1,35,5THNEIE,5THHIGE,203.19999999999894,28.0,shape_dist_traveled,18
633111494b,005,1,36,5THHIGE,5THDENE,218.1999999999995,30.0,shape_dist_traveled,18
633111494b,005,1,37,5THDENE,5THHIGHE,234.30000000000106,36.0,shape_dist_traveled,18
633111494b,005,1,38,5THHIGHE,HIG4THS,271.1000000000006,52.0,shape_dist_traveled,18
633111494b,005,1,39,HIG4THS,NHIW2S,326.4999999999993,63.0,shape_dist_traveled,18
633111494b,005,1,40,NHIW2S,HIGHUBS,405.20000000000067,78.0,shape_dist_traveled,18
633111494b,005,1,41,HIGHUBS,HIGRUSS,365.199999999998,71.0,shape_dist_traveled,18
633111494b,005,1,42,HIGRUSS,HIGSWANS,240.000000000002,46.0,shape_dist_traveled,18
633111494b,005,1,43,HIGSWANS,HIGOHIS,329.29999999999995,64.0,shape_dist_traveled,18
633111494b,005,1,44,HIGOHIS,HIGNATS,223.29999999999828,46.0,shape_dist_traveled,18
633111494b,005,1,45,HIGNATS,HIGLONS,346.5000000000025,60.0,shape_dist_traveled,18
633111494b,005,1,46,HIGLONS,HIGBROS,265.59999999999917,120.0,shape_dist_traveled,18
633111494b,005,1,47,HIGBROS,HIGSTAS,284.80000000000064,104.0,shape_dist_traveled,18
633111494b,005,1,48,HIGSTAS,HIGTOWS,247.09999999999965,90.0,shape_dist_traveled,18
633111494b,005,1,49,HIGTOWS,HIGMAIS2,285.89999999999804,105.0,shape_dist_traveled,18
633111494b,005,1,50,HIGMAIS2,HIGMOUS,161.2000000000009,61.0,shape_dist_traveled,18
633111494b,005,1,51,HIGMOUS,HIGBLENS,268.5999999999993,46.0,shape_dist_traveled,18
633111494b,005,1,52,HIGBLENS,HIGSYCS,343.1999999999995,59.0,shape_dist_traveled,18
633111494b,005,1,53,HIGSYCS,HIGFRANS,171.1000000000027,29.0,shape_dist_traveled,18
633111494b,005,1,54,HIGFRANS,WHIPEAE,455.49999999999716,78.0,shape_dist_traveled,18
633111494b,005,1,55,WHIPEAE,WHI3RDE,145.30000000000243,24.0,shape_dist_traveled,18
633111494b,005,1,56,WHI3RDE,WHIJAEE,361.39999999999975,64.0,shape_dist_traveled,18
633111494b,005,1,57,WHIJAEE,WHIBRUE,238.6999999999979,33.0,shape_dist_traveled,18
633111494b,005,1,58,WHIBRUE,WHIPARE,362.0000000000019,50.0,shape_dist_traveled,18
633111494b,005,1,59,WHIPARE,WHIANNE,266.70000000000016,37.0,shape_dist_traveled,18
633111494b,005,1,60,WHIANNE,WHI18TE,162.3999999999981,22.0,shape_dist_traveled,18
633111494b,005,1,61,WHI18TE,WHIOPPE,214.6000000000008,30.0,shape_dist_traveled,18
633111494b,005,1,62,WHIOPPE,WHI22NE,197.60000000000133,27.0,shape_dist_traveled,18
633111494b,005,1,63,WHI22NE,WHICHAE,265.39999999999964,41.0,shape_dist_traveled,18
633111494b,005,1,64,WHICHAE,WHIWILE,194.50000000000145,37.0,shape_dist_traveled,18
633111494b,005,1,65,WHIWILE,WHISTUE,230.3999999999995,44.0,shape_dist_traveled,18
633111494b,005,1,66,WHISTUE,WHIMILE,246.80000000000035,47.0,shape_dist_traveled,18
633111494b,005,1,67,WHIMILE,WHIKELE,173.39999999999733,33.0,shape_dist_traveled,18
633111494b,005,1,68,WHIKELE,WHIBERE,201.10000000000028,38.0,shape_dist_traveled,18
633111494b,005,1,69,WHIBERE,WHISEYE,208.30000000000126,41.0,shape_dist_traveled,18
633111494b,005,1,70,WHISEYE,WHITFAIE,78.09999999999917,10.0,shape_dist_traveled,18
633111494b,005,1,71,WHITFAIE,FAIDESS,467.9000000000002,63.0,shape_dist_traveled,18
633111494b,005,1,72,FAIDESS,FAIGATS,317.69999999999857,42.0,shape_dist_traveled,18
633111494b,005,1,73,FAIGATS,FREFAIE1,254.50000000000017,34.0,shape_dist_traveled,18
633111494b,005,1,74,FREFAIE1,FRETHEE,205.40000000000092,27.0,shape_dist_traveled,18
633111494b,005,1,75,FRETHEE,FREFREE,445.90000000000174,60.0,shape_dist_traveled,18
633111494b,005,1,76,FREFREE,ALUFRES,451.29999999999984,64.0,shape_dist_traveled,18
633111494b,005,1,77,ALUFRES,ALU1900S,324.1999999999976,38.0,shape_dist_traveled,18
633111494b,005,1,78,ALU1900S,ALUCORS,320.5000000000027,38.0,shape_dist_traveled,18
633111494b,005,1,79,ALUCORS,ALUWINS,362.0999999999981,44.0,shape_dist_traveled,18
633111494b,005,1,80,ALUWINS,REFWINE,2737.1000000000017,240.0,shape_dist_traveled,18
633111494b,005,1,81,REFWINE,REFSCHE,499.2999999999981,61.0,shape_dist_traveled,18
633111494b,005,1,82,REFSCHE,REFWEYE,468.1999999999995,57.0,shape_dist_traveled,18
633111494b,005,1,83,REFWEYE,REFCOUE,500.39999999999907,61.0,shape_dist_traveled,18
633111494b,005,1,84,REFCOUE,REFOLDE,378.0000000000001,46.0,shape_dist_traveled,18
633111494b,005,1,85,REFOLDE,REFEASE,419.20000000000357,51.0,shape_dist_traveled,18
633111494b,005,1,86,REFEASE,HAMREFN,670.7999999999998,82.0,shape_dist_traveled,18
633111494b,005,1,87,HAMREFN,EASHAMN,495.7999999999956,62.0,shape_dist_traveled,18
633111494b,005,1,88,EASHAMN,REFCITE,686.6000000000056,107.0,shape_dist_traveled,18
633111494b,005,1,89,REFCITE,REFTENE,376.100000000001,58.0,shape_dist_traveled,18
633111494b,005,1,90,REFTENE,REFNOEE,854.299999999995,135.0,shape_dist_traveled,18
633111494b,005,1,91,REFNOEE,CHANOEE,126.89999999999912,12.0,shape_dist_traveled,18
633111494b,005,1,92,CHANOEE,CHARENE,317.39999999999924,30.0,shape_dist_traveled,18
633111494b,005,1,93,CHARENE,CHAFLEE,239.70000000000624,23.0,shape_dist_traveled,18
633111494b,005,1,94,CHAFLEE,CHAFONTE,335.3999999999999,32.0,shape_dist_traveled,18
633111494b,005,1,95,CHAFONTE,CHATFALE,456.39999999999503,43.0,shape_dist_traveled,18
633111494b,005,1,96,CHATFALE,CHATBONE,301.80000000000007,29.0,shape_dist_traveled,18
633111494b,005,1,97,CHATBONE,CHAJOSE,475.5000000000038,45.0,shape_dist_traveled,18
633111494b,005,1,98,CHAJOSE,REFBRIE,449.3000000000009,43.0,shape_dist_traveled,18
633111494b,005,1,99,REFBRIE,REFCTNVE,510.79999999999615,49.0,shape_dist_traveled,18
633111494b,005,1,100,REFCTNVE,REFGENE,309.80000000000274,29.0,shape_dist_traveled,18
633111494b,005,1,101,REFGENE,GTCREFS,215.39999999999537,25.0,shape_dist_traveled,18
0952ddfd10,006,0,0,NORTER2,LONHIGE,183.79999999999998,120.0,shape_dist_traveled,67
0952ddfd10,006,0,1,LONHIGE,3RDGAYS,369.70000000000005,144.0,shape_dist_traveled,67
0952ddfd10,006,0,2,3RDGAYS,3RDBROS1,246.2,96.0,shape_dist_traveled,67
0952ddfd10,006,0,3,3RDBROS1,3RDTOWS,385.90000000000003,88.0,shape_dist_traveled,67
0952ddfd10,006,0,4,3RDTOWS,3RDMAIS,321.2999999999999,73.0,shape_dist_traveled,67
0952ddfd10,006,0,5,3RDMAIS,MOUHIGW3,335.00000000000017,79.0,shape_dist_traveled,67
0952ddfd10,006,0,6,MOUHIGW3,FROMOUN,210.29999999999993,120.0,shape_dist_traveled,67
0952ddfd10,006,0,7,FROMOUN,MAILUDW,131.49999999999994,26.0,shape_dist_traveled,67
0952ddfd10,006,0,8,MAILUDW,RICLUCW,764.6000000000001,152.0,shape_dist_traveled,67
0952ddfd10,006,0,9,RICLUCW,RICMCDW,177.09999999999982,35.0,shape_dist_traveled,67
0952ddfd10,006,0,10,RICMCDW,RICGRUW,281.2999999999999,55.0,shape_dist_traveled,67
0952ddfd10,006,0,11,RICGRUW,TOWDAVW,562.9,111.0,shape_dist_traveled,67
0952ddfd10,006,0,12,TOWDAVW,SOURICS,194.39999999999992,41.0,shape_dist_traveled,67
0952ddfd10,006,0,13,SOURICS,SULMARTW,318.40000000000043,51.0,shape_dist_traveled,67
0952ddfd10,006,0,14,SULMARTW,SULAVOW,226.30000000000018,36.0,shape_dist_traveled,67
0952ddfd10,006,0,15,SULAVOW,SULGLEW,291.5000000000001,47.0,shape_dist_traveled,67
0952ddfd10,006,0,16,SULGLEW,SULYALW,194.39999999999992,31.0,shape_dist_traveled,67
0952ddfd10,006,0,17,SULYALW,SULPRIW,218.29999999999927,35.0,shape_dist_traveled,67
0952ddfd10,006,0,18,SULPRIW,SULCENW,236.10000000000042,40.0,shape_dist_traveled,67
0952ddfd10,006,0,19,SULCENW,SULRYAW,487.59999999999957,61.0,shape_dist_traveled,67
0952ddfd10,006,0,20,SULRYAW,SULLARW,423.5000000000007,53.0,shape_dist_traveled,67
0952ddfd10,006,0,21,SULLARW,SULNASW,289.39999999999964,36.0,shape_dist_traveled,67
0952ddfd10,006,0,22,SULNASW,SULWREW,311.2000000000004,39.0,shape_dist_traveled,67
0952ddfd10,006,0,23,SULWREW,SULWHIW,198.5000000000001,25.0,shape_dist_traveled,67
0952ddfd10,006,0,24,SULWHIW,SULCLAW,274.0999999999998,34.0,shape_dist_traveled,67
0952ddfd10,006,0,25,SULCLAW,SULWHEW1,187.80000000000018,23.0,shape_dist_traveled,67
0952ddfd10,006,0,26,SULWHEW1,SULWAYW,193.2999999999998,29.0,shape_dist_traveled,67
0952ddfd10,006,0,27,SULWAYW,SULTERW,246.39999999999952,32.0,shape_dist_traveled,67
0952ddfd10,006,0,28,SULTERW,SULBURW,217.39999999999958,28.0,shape_dist_traveled,67
0952ddfd10,006,0,29,SULBURW,SULWARW,205.00000000000006,26.0,shape_dist_traveled,67
0952ddfd10,006,0,30,SULWARW,SULHAGW,206.5999999999999,27.0,shape_dist_traveled,67
0952ddfd10,006,0,31,SULHAGW,SULCHEW,179.4000000000011,23.0,shape_dist_traveled,67
0952ddfd10,006,0,32,SULCHEW,SULBINW,195.39999999999935,25.0,shape_dist_traveled,67
0952ddfd10,006,0,33,SULBINW,SULWESW,349.89999999999986,46.0,shape_dist_traveled,67
0952ddfd10,006,0,34,SULWESW,SULSOUW,467.9000000000002,61.0,shape_dist_traveled,67
0952ddfd10,006,0,35,SULSOUW,SULDEMW,212.50000000000034,32.0,shape_dist_traveled,67
0952ddfd10,006,0,36,SULDEMW,SULWILW,333.99999999999966,45.0,shape_dist_traveled,67
0952ddfd10,006,0,37,SULWILW,SULWEDW,349.89999999999986,48.0,shape_dist_traveled,67
0952ddfd10,006,0,38,SULWEDW,SUL385W,233.50000000000114,32.0,shape_dist_traveled,67
0952ddfd10,006,0,39,SUL385W,SULEXCW,213.4999999999998,29.0,shape_dist_traveled,67
0952ddfd10,006,0,40,SULEXCW,SULATLW,317.80000000000007,43.0,shape_dist_traveled,67
0952ddfd10,006,0,41,SULATLW,SULGEOW,300.59999999999934,43.0,shape_dist_traveled,67
0952ddfd10,006,0,42,SULGEOW,GEODELN,464.8000000000003,41.0,shape_dist_traveled,67
0952ddfd10,006,0,43,GEODELN,GEOCASN,318.69999999999976,28.0,shape_dist_traveled,67
0952ddfd10,006,0,44,GEOCASN,BRO4158W,762.0000000000005,68.0,shape_dist_traveled,67
0952ddfd10,006,0,45,BRO4158W,BRO425W,255.4999999999996,22.0,shape_dist_traveled,67
0952ddfd10,006,0,46,BRO425W,BROOLDW,781.6999999999989,70.0,shape_dist_traveled,67
0952ddfd10,006,0,47,BROOLDW,BROMURW,286.7000000000015,25.0,shape_dist_traveled,67
0952ddfd10,006,0,48,BROMURW,NMURBEAN,473.89999999999867,46.0,shape_dist_traveled,67
c6fe40c9ee,006,1,0,NMURBEAN,BROWESTE,1735.6000000000001,237.0,shape_dist_traveled,67
c6fe40c9ee,006,1,1,BROWESTE,GEOBROS,536.5,73.0,shape_dist_traveled,67
c6fe40c9ee,006,1,2,GEOBROS,GEOSHOS,369.40000000000015,50.0,shape_dist_traveled,67
c6fe40c9ee,006,1,3,GEOSHOS,GEOLINS,256.1,35.0,shape_dist_traveled,67
c6fe40c9ee,006,1,4,GEOLINS,GEOINDS,336.7,46.0,shape_dist_traveled,67
c6fe40c9ee,006,1,5,GEOINDS,SULGEOE,270.2999999999998,39.0,shape_dist_traveled,67
c6fe40c9ee,006,1,6,SULGEOE,SULATLE,273.6000000000001,42.0,shape_dist_traveled,67
c6fe40c9ee,006,1,7,SULATLE,SULHOLE,493.00000000000034,76.0,shape_dist_traveled,67
c6fe40c9ee,006,1,8,SULHOLE,SULWEDE,421.1,65.0,shape_dist_traveled,67
c6fe40c9ee,006,1,9,SULWEDE,SULKINE,257.6999999999998,40.0,shape_dist_traveled,67
c6fe40c9ee,006,1,10,SULKINE,SULDERE,231.4999999999996,35.0,shape_dist_traveled,67
c6fe40c9ee,006,1,11,SULDERE,SULDEXE,254.90000000000012,42.0,shape_dist_traveled,67
c6fe40c9ee,006,1,12,SULDEXE,SULSYLE,141.20000000000044,21.0,shape_dist_traveled,67
c6fe40c9ee,006,1,13,SULSYLE,SULBRIE,236.4999999999995,35.0,shape_dist_traveled,67
c6fe40c9ee,006,1,14,SULBRIE,SULBINE,440.0000000000004,65.0,shape_dist_traveled,67
c6fe40c9ee,006,1,15,SULBINE,SULCHEE,241.49999999999937,35.0,shape_dist_traveled,67
c6fe40c9ee,006,1,16,SULCHEE,SULHAGE,236.70000000000078,35.0,shape_dist_traveled,67
c6fe40c9ee,006,1,17,SULHAGE,SULOGDE,235.0999999999992,34.0,shape_dist_traveled,67
c6fe40c9ee,006,1,18,SULOGDE,SULRICE,274.9000000000006,40.0,shape_dist_traveled,67
c6fe40c9ee,006,1,19,SULRICE,SULEURE,211.50000000000003,35.0,shape_dist_traveled,67
c6fe40c9ee,006,1,20,SULEURE,SULWHEE,299.5000000000001,38.0,shape_dist_traveled,67
c6fe40c9ee,006,1,21,SULWHEE,SULCLAE,245.29999999999941,31.0,shape_dist_traveled,67
c6fe40c9ee,006,1,22,SULCLAE,SULBELE,341.5999999999997,43.0,shape_dist_traveled,67
c6fe40c9ee,006,1,23,SULBELE,SULHILE,214.40000000000126,27.0,shape_dist_traveled,67
c6fe40c9ee,006,1,24,SULHILE,SULCOLE,168.9999999999987,21.0,shape_dist_traveled,67
c6fe40c9ee,006,1,25,SULCOLE,SULLARE,238.0000000000013,30.0,shape_dist_traveled,67
c6fe40c9ee,006,1,26,SULLARE,SULHELE,264.49999999999994,33.0,shape_dist_traveled,67
c6fe40c9ee,006,1,27,SULHELE,SULRYAE,239.39999999999984,30.0,shape_dist_traveled,67
c6fe40c9ee,006,1,28,SULRYAE,SULGUIE,344.40000000000026,47.0,shape_dist_traveled,67
c6fe40c9ee,006,1,29,SULGUIE,SULDANE,251.19999999999897,38.0,shape_dist_traveled,67
c6fe40c9ee,006,1,30,SULDANE,SULWESE,214.1000000000002,32.0,shape_dist_traveled,67
c6fe40c9ee,006,1,31,SULWESE,SULGLEE,246.60000000000082,37.0,shape_dist_traveled,67
c6fe40c9ee,006,1,32,SULGLEE,SULHAWE,402.29999999999853,61.0,shape_dist_traveled,67
c6fe40c9ee,006,1,33,SULHAWE,SULSOUE,235.6000000000016,36.0,shape_dist_traveled,67
c6fe40c9ee,006,1,34,SULSOUE,DAVSULN,172.0999999999986,26.0,shape_dist_traveled,67
c6fe40c9ee,006,1,35,DAVSULN,RICGREE,229.49999999999983,35.0,shape_dist_traveled,67
c6fe40c9ee,006,1,36,RICGREE,RICGRUE,332.2000000000003,51.0,shape_dist_traveled,67
c6fe40c9ee,006,1,37,RICGRUE,RICMCDE,257.1000000000012,44.0,shape_dist_traveled,67
c6fe40c9ee,006,1,38,RICMCDE,RICSTAE,337.6999999999999,43.0,shape_dist_traveled,67
c6fe40c9ee,006,1,39,RICSTAE,MAILUDE,584.6,77.0,shape_dist_traveled,67
c6fe40c9ee,006,1,40,MAILUDE,MAIHIGE,321.3999999999988,120.0,shape_dist_traveled,67
c6fe40c9ee,006,1,41,MAIHIGE,4THTOWN,553.1000000000006,111.0,shape_dist_traveled,67
c6fe40c9ee,006,1,42,4THTOWN,4THCAPN,337.50000000000034,69.0,shape_dist_traveled,67
c6fe40c9ee,006,1,43,4THCAPN,4THATHN,209.79999999999956,59.0,shape_dist_traveled,67
c6fe40c9ee,006,1,44,4THATHN,SPR4THW,399.1000000000007,113.0,shape_dist_traveled,67
c6fe40c9ee,006,1,45,SPR4THW,NORTER2,448.19999999999993,128.0,shape_dist_traveled,67
2bec5d3f57,007,0,0,EMO4THW,MOUHIGW3,462.6,180.0,shape_dist_traveled,32
2bec5d3f57,007,0,1,MOUHIGW3,FROMOUN,210.30000000000004,43.0,shape_dist_traveled,32
2bec5d3f57,007,0,2,FROMOUN,FROTOWN,398.1999999999999,81.0,shape_dist_traveled,32
2bec5d3f57,007,0,3,FROTOWN,FROGAYN,559.7,116.0,shape_dist_traveled,32
2bec5d3f57,007,0,4,FROGAYN,LONHIGE,234.49999999999994,180.0,shape_dist_traveled,32
2bec5d3f57,007,0,5,LONHIGE,LON4THE,383.9999999999999,100.0,shape_dist_traveled,32
2bec5d3f57,007,0,6,LON4THE,LONNORE,263.70000000000005,68.0,shape_dist_traveled,32
2bec5d3f57,007,0,7,LONNORE,LONCLEE,270.2,72.0,shape_dist_traveled,32
2bec5d3f57,007,0,8,LONCLEE,LONWASE,298.59999999999997,47.0,shape_dist_traveled,32
2bec5d3f57,007,0,9,LONWASE,LONJEFE,238.5999999999999,38.0,shape_dist_traveled,32
2bec5d3f57,007,0,10,LONJEFE,MARHAME,460.3000000000002,73.0,shape_dist_traveled,32
2bec5d3f57,007,0,11,MARHAME,MOUGARE,351.80000000000035,56.0,shape_dist_traveled,32
2bec5d3f57,007,0,12,MOUGARE,MOU18TE,321.8999999999994,51.0,shape_dist_traveled,32
2bec5d3f57,007,0,13,MOU18TE,MOU20TE,197.79999999999998,35.0,shape_dist_traveled,32
2bec5d3f57,007,0,14,MOU20TE,MOU22NE,205.2000000000005,25.0,shape_dist_traveled,32
2bec5d3f57,007,0,15,MOU22NE,MOUCHAE,253.8,31.0,shape_dist_traveled,32
2bec5d3f57,007,0,16,MOUCHAE,MOUBURE,420.70000000000005,52.0,shape_dist_traveled,32
2bec5d3f57,007,0,17,MOUBURE,MOUTAYE,179.10000000000002,22.0,shape_dist_traveled,32
2bec5d3f57,007,0,18,MOUTAYE,GREPARE,220.89999999999944,27.0,shape_dist_traveled,32
2bec5d3f57,007,0,19,GREPARE,GRECENE,273.6000000000001,34.0,shape_dist_traveled,32
2bec5d3f57,007,0,20,GRECENE,GRESURE,315.10000000000014,39.0,shape_dist_traveled,32
2bec5d3f57,007,0,21,GRESURE,NELCLIN,422.2999999999999,53.0,shape_dist_traveled,32
2bec5d3f57,007,0,22,NELCLIN,NELOPPN1,255.7999999999998,32.0,shape_dist_traveled,32
2bec5d3f57,007,0,23,NELOPPN1,NELMARN,324.2000000000003,40.0,shape_dist_traveled,32
2bec5d3f57,007,0,24,NELMARN,500NNELN,225.60000000000002,28.0,shape_dist_traveled,32
2bec5d3f57,007,0,25,500NNELN,NELAVAN,470.7000000000008,59.0,shape_dist_traveled,32
2bec5d3f57,007,0,26,NELAVAN,NELOPPN,245.29999999999853,38.0,shape_dist_traveled,32
2bec5d3f57,007,0,27,NELOPPN,5THNORE,789.5000000000003,107.0,shape_dist_traveled,32
2bec5d3f57,007,0,28,5THNORE,5THCASE,227.70000000000044,30.0,shape_dist_traveled,32
2bec5d3f57,007,0,29,5THCASE,5THALTE,393.39999999999975,53.0,shape_dist_traveled,32
2bec5d3f57,007,0,30,5THALTE,5THRARE,208.1999999999997,28.0,shape_dist_traveled,32
2bec5d3f57,007,0,31,5THRARE,5THSTEE,349.5000000000008,47.0,shape_dist_traveled,32
2bec5d3f57,007,0,32,5THSTEE,5THKRUE,178.20000000000036,24.0,shape_dist_traveled,32
2bec5d3f57,007,0,33,5THKRUE,OSB5THN,502.4999999999995,68.0,shape_dist_traveled,32
2bec5d3f57,007,0,34,OSB5THN,STE6THS,330.7000000000002,44.0,shape_dist_traveled,32
2bec5d3f57,007,0,35,STE6THS,JAMALLS,692.9999999999997,94.0,shape_dist_traveled,32
2bec5d3f57,007,0,36,JAMALLS,JAMRUHS,213.90000000000066,29.0,shape_dist_traveled,32
2bec5d3f57,007,0,37,JAMRUHS,RUHKELW,88.59999999999957,16.0,shape_dist_traveled,32
2bec5d3f57,007,0,38,RUHKELW,RUHVIRW,362.89999999999975,56.0,shape_dist_traveled,32
2bec5d3f57,007,0,39,RUHVIRW,RUHCHEW,159.3,24.0,shape_dist_traveled,32
2bec5d3f57,007,0,40,RUHCHEW,RUHGOUW,202.4000000000008,31.0,shape_dist_traveled,32
2bec5d3f57,007,0,41,RUHGOUW,GOUALLN,263.5999999999985,40.0,shape_dist_traveled,32
2bec5d3f57,007,0,42,GOUALLN,ALLOPPE,296.4000000000002,46.0,shape_dist_traveled,32
2bec5d3f57,007,0,43,ALLOPPE,324ALLE,187.40000000000023,29.0,shape_dist_traveled,32
2bec5d3f57,007,0,44,324ALLE,VACLINIC,846.5000000000007,134.0,shape_dist_traveled,32
2bec5d3f57,007,0,45,VACLINIC,STEJAMN,280.7999999999993,27.0,shape_dist_traveled,32
2bec5d3f57,007,0,46,STEJAMN,7THSTEE,736.8000000000005,72.0,shape_dist_traveled,32
2bec5d3f57,007,0,47,7THSTEE,OSB5THS,260.40000000000066,25.0,shape_dist_traveled,32
2bec5d3f57,007,0,48,OSB5THS,5THJAME,370.69999999999936,36.0,shape_dist_traveled,32
2bec5d3f57,007,0,49,5THJAME,5TH7THE,351.39999999999816,34.0,shape_dist_traveled,32
2bec5d3f57,007,0,50,5TH7THE,5TH370E,423.1000000000016,41.0,shape_dist_traveled,32
2bec5d3f57,007,0,51,5TH370E,3995TH,477.2999999999996,47.0,shape_dist_traveled,32
2bec5d3f57,007,0,52,3995TH,5TH430E,400.9999999999998,39.0,shape_dist_traveled,32
2bec5d3f57,007,0,53,5TH430E,5THYEAE,341.89999999999895,39.0,shape_dist_traveled,32
2bec5d3f57,007,0,54,5THYEAE,5TH470E,556.3000000000002,44.0,shape_dist_traveled,32
2bec5d3f57,007,0,55,5TH470E,5TH4569E,448.6000000000025,35.0,shape_dist_traveled,32
2bec5d3f57,007,0,56,5TH4569E,HAM5THN,676.3999999999975,53.0,shape_dist_traveled,32
2bec5d3f57,007,0,57,HAM5THN,PORGRON,5898.0,468.0,shape_dist_traveled,32
2bec5d3f57,007,0,58,PORGRON,INTSAWW,662.4000000000017,60.0,shape_dist_traveled,32
e7c4c07611,007,0,0,EMO4THW,MOUHIGW3,462.6,120.0,shape_dist_traveled,3
e7c4c07611,007,0,1,MOUHIGW3,FROMOUN,210.30000000000004,32.0,shape_dist_traveled,3
e7c4c07611,007,0,2,FROMOUN,FROTOWN,398.1999999999999,61.0,shape_dist_traveled,3
e7c4c07611,007,0,3,FROTOWN,FROGAYN,559.7,87.0,shape_dist_traveled,3
e7c4c07611,007,0,4,FROGAYN,NORTER3,554.0,180.0,shape_dist_traveled,3
e7c4c07611,007,0,5,NORTER3,LONHIGE,174.59999999999985,180.0,shape_dist_traveled,3
e7c4c07611,007,0,6,LONHIGE,LON4THE,383.9999999999999,75.0,shape_dist_traveled,3
e7c4c07611,007,0,7,LON4THE,LONNORE,263.80000000000024,51.0,shape_dist_traveled,3
e7c4c07611,007,0,8,LONNORE,LONCLEE,270.2,54.0,shape_dist_traveled,3
e7c4c07611,007,0,9,LONCLEE,LONWASE,298.59999999999997,47.0,shape_dist_traveled,3
e7c4c07611,007,0,10,LONWASE,LONJEFE,238.5999999999999,38.0,shape_dist_traveled,3
e7c4c07611,007,0,11,LONJEFE,MARHAME,460.2999999999997,73.0,shape_dist_traveled,3
e7c4c07611,007,0,12,MARHAME,MOUGARE,351.7999999999999,56.0,shape_dist_traveled,3
e7c4c07611,007,0,13,MOUGARE,MOU18TE,321.9000000000003,51.0,shape_dist_traveled,3
e7c4c07611,007,0,14,MOU18TE,MOU20TE,197.70000000000022,35.0,shape_dist_traveled,3
e7c4c07611,007,0,15,MOU20TE,MOU22NE,205.30000000000027,25.0,shape_dist_traveled,3
e7c4c07611,007,0,16,MOU22NE,MOUCHAE,253.69999999999936,31.0,shape_dist_traveled,3
e7c4c07611,007,0,17,MOUCHAE,MOUBURE,420.79999999999984,52.0,shape_dist_traveled,3
e7c4c07611,007,0,18,MOUBURE,MOUTAYE,179.10000000000002,22.0,shape_dist_traveled,3
e7c4c07611,007,0,19,MOUTAYE,GREPARE,220.90000000000032,27.0,shape_dist_traveled,3
e7c4c07611,007,0,20,GREPARE,GRECENE,273.6000000000001,34.0,shape_dist_traveled,3
e7c4c07611,007,0,21,GRECENE,GRESURE,315.10000000000014,39.0,shape_dist_traveled,3
e7c4c07611,007,0,22,GRESURE,NELCLIN,422.2999999999999,53.0,shape_dist_traveled,3
e7c4c07611,007,0,23,NELCLIN,NELOPPN1,255.7999999999998,32.0,shape_dist_traveled,3
e7c4c07611,007,0,24,NELOPPN1,NELMARN,324.19999999999936,40.0,shape_dist_traveled,3
e7c4c07611,007,0,25,NELMARN,500NNELN,225.50000000000026,28.0,shape_dist_traveled,3
e7c4c07611,007,0,26,500NNELN,NELAVAN,470.7000000000008,59.0,shape_dist_traveled,3
e7c4c07611,007,0,27,NELAVAN,NELOPPN,245.40000000000006,38.0,shape_dist_traveled,3
e7c4c07611,007,0,28,NELOPPN,CASDEMN,2019.1999999999996,240.0,shape_dist_traveled,3
e7c4c07611,007,0,29,CASDEMN,CAS150N,337.60000000000014,29.0,shape_dist_traveled,3
e7c4c07611,007,0,30,CAS150N,CASCUMN,980.2999999999997,86.0,shape_dist_traveled,3
e7c4c07611,007,0,31,CASCUMN,CASHUDN,198.19999999999993,17.0,shape_dist_traveled,3
e7c4c07611,007,0,32,CASHUDN,CASBAYN,266.5000000000006,23.0,shape_dist_traveled,3
e7c4c07611,007,0,33,CASBAYN,CASCASN,329.3999999999997,28.0,shape_dist_traveled,3
e7c4c07611,007,0,34,CASCASN,AGLPENE,653.2999999999997,57.0,shape_dist_traveled,3
e7c4c07611,007,0,35,AGLPENE,318AGL,225.50000000000026,19.0,shape_dist_traveled,3
e7c4c07611,007,0,36,318AGL,AGL343E,425.80000000000064,41.0,shape_dist_traveled,3
e7c4c07611,007,0,37,AGL343E,AGLASPE,447.6999999999993,37.0,shape_dist_traveled,3
e7c4c07611,007,0,38,AGLASPE,STEAGLN,291.60000000000076,24.0,shape_dist_traveled,3
e7c4c07611,007,0,39,STEAGLN,STELIFN,280.6999999999995,23.0,shape_dist_traveled,3
e7c4c07611,007,0,40,STELIFN,STECODN,195.39999999999935,16.0,shape_dist_traveled,3
e7c4c07611,007,0,41,STECODN,STEMIDN,529.0999999999997,43.0,shape_dist_traveled,3
e7c4c07611,007,0,42,STEMIDN,STEMCCN,429.2000000000016,37.0,shape_dist_traveled,3
e7c4c07611,007,0,43,STEMCCN,STEESPN,410.0999999999999,30.0,shape_dist_traveled,3
e7c4c07611,007,0,44,STEESPN,STEMONN,163.4999999999991,12.0,shape_dist_traveled,3
e7c4c07611,007,0,45,STEMONN,MORSTEW,436.80000000000166,32.0,shape_dist_traveled,3
e7c4c07611,007,0,46,MORSTEW,MOR340W,591.899999999999,44.0,shape_dist_traveled,3
e7c4c07611,007,0,47,MOR340W,MOR342N,455.6000000000005,34.0,shape_dist_traveled,3
e7c4c07611,007,0,48,MOR342N,EASMORE,341.7999999999992,28.0,shape_dist_traveled,3
e7c4c07611,007,0,49,EASMORE,EASEASPE,295.20000000000124,34.0,shape_dist_traveled,3
e7c4c07611,007,0,50,EASEASPE,EASCHAE,236.29999999999995,27.0,shape_dist_traveled,3
e7c4c07611,007,0,51,EASCHAE,STECOLN,791.1000000000001,92.0,shape_dist_traveled,3
e7c4c07611,007,0,52,STECOLN,STEWORN,355.49999999999926,41.0,shape_dist_traveled,3
e7c4c07611,007,0,53,STEWORN,STEMORN1,368.6000000000007,43.0,shape_dist_traveled,3
e7c4c07611,007,0,54,STEMORN1,STE418N,137.29999999999976,16.0,shape_dist_traveled,3
e7c4c07611,007,0,55,STE418N,EASTER9,375.0999999999998,47.0,shape_dist_traveled,3
759a15c3bb,007,0,0,EMO4THW,MOUHIGW3,462.6,180.0,shape_dist_traveled,32
759a15c3bb,007,0,1,MOUHIGW3,FROMOUN,210.30000000000004,43.0,shape_dist_traveled,32
759a15c3bb,007,0,2,FROMOUN,FROTOWN,398.1999999999999,81.0,shape_dist_traveled,32
759a15c3bb,007,0,3,FROTOWN,FROGAYN,559.7,116.0,shape_dist_traveled,32
759a15c3bb,007,0,4,FROGAYN,LONHIGE,234.49999999999994,180.0,shape_dist_traveled,32
759a15c3bb,007,0,5,LONHIGE,LON4THE,383.9999999999999,100.0,shape_dist_traveled,32
759a15c3bb,007,0,6,LON4THE,LONNORE,263.70000000000005,68.0,shape_dist_traveled,32
759a15c3bb,007,0,7,LONNORE,LONCLEE,270.2,72.0,shape_dist_traveled,32
759a15c3bb,007,0,8,LONCLEE,LONWASE,298.59999999999997,47.0,shape_dist_traveled,32
759a15c3bb,007,0,9,LONWASE,LONJEFE,238.5999999999999,38.0,shape_dist_traveled,32
759a15c3bb,007,0,10,LONJEFE,MARHAME,460.3000000000002,73.0,shape_dist_traveled,32
759a15c3bb,007,0,11,MARHAME,MOUGARE,351.80000000000035,56.0,shape_dist_traveled,32
759a15c3bb,007,0,12,MOUGARE,MOU18TE,321.8999999999994,51.0,shape_dist_traveled,32
759a15c3bb,007,0,13,MOU18TE,MOU20TE,197.79999999999998,35.0,shape_dist_traveled,32
759a15c3bb,007,0,14,MOU20TE,MOU22NE,205.2000000000005,25.0,shape_dist_traveled,32
759a15c3bb,007,0,15,MOU22NE,MOUCHAE,253.8,31.0,shape_dist_traveled,32
759a15c3bb,007,0,16,MOUCHAE,MOUBURE,420.70000000000005,52.0,shape_dist_traveled,32
759a15c3bb,007,0,17,MOUBURE,MOUTAYE,179.10000000000002,22.0,shape_dist_traveled,32
759a15c3bb,007,0,18,MOUTAYE,GREPARE,220.89999999999944,27.0,shape_dist_traveled,32
759a15c3bb,007,0,19,GREPARE,GRECENE,273.6000000000001,34.0,shape_dist_traveled,32
759a15c3bb,007,0,20,GRECENE,GRESURE,315.10000000000014,39.0,shape_dist_traveled,32
759a15c3bb,007,0,21,GRESURE,NELCLIN,422.2999999999999,53.0,shape_dist_traveled,32
759a15c3bb,007,0,22,NELCLIN,NELOPPN1,255.7999999999998,32.0,shape_dist_traveled,32
759a15c3bb,007,0,23,NELOPPN1,NELMARN,324.2000000000003,40.0,shape_dist_traveled,32
759a15c3bb,007,0,24,NELMARN,500NNELN,225.60000000000002,28.0,shape_dist_traveled,32
759a15c3bb,007,0,25,500NNELN,NELAVAN,470.7000000000008,59.0,shape_dist_traveled,32
759a15c3bb,007,0,26,NELAVAN,NELOPPN,245.29999999999853,38.0,shape_dist_traveled,32
759a15c3bb,007,0,27,NELOPPN,CASDEMN,2019.2000000000014,300.0,shape_dist_traveled,32
759a15c3bb,007,0,28,CASDEMN,CAS150N,337.60000000000014,29.0,shape_dist_traveled,32
759a15c3bb,007,0,29,CAS150N,CASCUMN,980.3999999999995,86.0,shape_dist_traveled,32
759a15c3bb,007,0,30,CASCUMN,CASHUDN,198.19999999999993,17.0,shape_dist_traveled,32
759a15c3bb,007,0,31,CASHUDN,CASBAYN,266.39999999999907,23.0,shape_dist_traveled,32
759a15c3bb,007,0,32,CASBAYN,CASCASN,329.40000000000146,28.0,shape_dist_traveled,32
759a15c3bb,007,0,33,CASCASN,AGLPENE,653.3999999999995,57.0,shape_dist_traveled,32
759a15c3bb,007,0,34,AGLPENE,318AGL,225.50000000000026,19.0,shape_dist_traveled,32
759a15c3bb,007,0,35,318AGL,AGL343E,425.6999999999991,41.0,shape_dist_traveled,32
759a15c3bb,007,0,36,AGL343E,AGLASPE,447.70000000000107,49.0,shape_dist_traveled,32
759a15c3bb,007,0,37,AGLASPE,STEAGLN,291.599999999999,32.0,shape_dist_traveled,32
759a15c3bb,007,0,38,STEAGLN,STELIFN,280.80000000000103,30.0,shape_dist_traveled,32
759a15c3bb,007,0,39,STELIFN,STECODN,195.29999999999959,21.0,shape_dist_traveled,32
759a15c3bb,007,0,40,STECODN,STEMIDN,529.0999999999997,58.0,shape_dist_traveled,32
759a15c3bb,007,0,41,STEMIDN,STEMCCN,429.3000000000013,50.0,shape_dist_traveled,32
759a15c3bb,007,0,42,STEMCCN,STEESPN,410.0000000000001,41.0,shape_dist_traveled,32
759a15c3bb,007,0,43,STEESPN,STEMONN,163.4999999999991,16.0,shape_dist_traveled,32
759a15c3bb,007,0,44,STEMONN,MORSTEW,436.7999999999981,43.0,shape_dist_traveled,32
759a15c3bb,007,0,45,MORSTEW,MOR340W,591.9000000000026,59.0,shape_dist_traveled,32
759a15c3bb,007,0,46,MOR340W,MOR342N,455.6000000000005,45.0,shape_dist_traveled,32
759a15c3bb,007,0,47,MOR342N,EASMORE,341.7999999999992,36.0,shape_dist_traveled,32
759a15c3bb,007,0,48,EASMORE,EASEASPE,295.29999999999745,48.0,shape_dist_traveled,32
759a15c3bb,007,0,49,EASEASPE,EASCHAE,236.2000000000002,38.0,shape_dist_traveled,32
759a15c3bb,007,0,50,EASCHAE,STECOLN,791.1999999999999,129.0,shape_dist_traveled,32
759a15c3bb,007,0,51,STECOLN,STEWORN,355.40000000000305,58.0,shape_dist_traveled,32
759a15c3bb,007,0,52,STEWORN,STEMORN1,368.5999999999972,60.0,shape_dist_traveled,32
759a15c3bb,007,0,53,STEMORN1,STE418N,137.29999999999976,22.0,shape_dist_traveled,32
759a15c3bb,007,0,54,STE418N,EASTER9,375.2000000000031,65.0,shape_dist_traveled,32
e8baacec0a,007,0,0,EMO4THW,MOUHIGW3,462.6,120.0,shape_dist_traveled,2
e8baacec0a,007,0,1,MOUHIGW3,FROMOUN,210.30000000000004,32.0,shape_dist_traveled,2
e8baacec0a,007,0,2,FROMOUN,FROTOWN,398.1999999999999,61.0,shape_dist_traveled,2
e8baacec0a,007,0,3,FROTOWN,FROGAYN,559.7,87.0,shape_dist_traveled,2
e8baacec0a,007,0,4,FROGAYN,NORTER3,554.0,180.0,shape_dist_traveled,2
e8baacec0a,007,0,5,NORTER3,LONHIGE,174.59999999999985,180.0,shape_dist_traveled,2
e8baacec0a,007,0,6,LONHIGE,LON4THE,383.9999999999999,75.0,shape_dist_traveled,2
e8baacec0a,007,0,7,LON4THE,LONNORE,263.80000000000024,51.0,shape_dist_traveled,2
e8baacec0a,007,0,8,LONNORE,LONCLEE,270.2,54.0,shape_dist_traveled,2
e8baacec0a,007,0,9,LONCLEE,LONWASE,298.59999999999997,47.0,shape_dist_traveled,2
e8baacec0a,007,0,10,LONWASE,LONJEFE,238.5999999999999,38.0,shape_dist_traveled,2
e8baacec0a,007,0,11,LONJEFE,MARHAME,460.2999999999997,73.0,shape_dist_traveled,2
e8baacec0a,007,0,12,MARHAME,MOUGARE,351.7999999999999,56.0,shape_dist_traveled,2
e8baacec0a,007,0,13,MOUGARE,MOU18TE,321.9000000000003,51.0,shape_dist_traveled,2
e8baacec0a,007,0,14,MOU18TE,MOU20TE,197.70000000000022,35.0,shape_dist_traveled,2
e8baacec0a,007,0,15,MOU20TE,MOU22NE,205.30000000000027,25.0,shape_dist_traveled,2
e8baacec0a,007,0,16,MOU22NE,MOUCHAE,253.69999999999936,31.0,shape_dist_traveled,2
e8baacec0a,007,0,17,MOUCHAE,MOUBURE,420.79999999999984,52.0,shape_dist_traveled,2
e8baacec0a,007,0,18,MOUBURE,MOUTAYE,179.10000000000002,22.0,shape_dist_traveled,2
e8baacec0a,007,0,19,MOUTAYE,GREPARE,220.90000000000032,27.0,shape_dist_traveled,2
e8baacec0a,007,0,20,GREPARE,GRECENE,273.6000000000001,34.0,shape_dist_traveled,2
e8baacec0a,007,0,21,GRECENE,GRESURE,315.10000000000014,39.0,shape_dist_traveled,2
e8baacec0a,007,0,22,GRESURE,NELCLIN,422.2999999999999,53.0,shape_dist_traveled,2
e8baacec0a,007,0,23,NELCLIN,NELOPPN1,255.7999999999998,32.0,shape_dist_traveled,2
e8baacec0a,007,0,24,NELOPPN1,NELMARN,324.19999999999936,40.0,shape_dist_traveled,2
e8baacec0a,007,0,25,NELMARN,500NNELN,225.50000000000026,28.0,shape_dist_traveled,2
e8baacec0a,007,0,26,500NNELN,NELAVAN,470.7000000000008,59.0,shape_dist_traveled,2
e8baacec0a,007,0,27,NELAVAN,NELOPPN,245.40000000000006,38.0,shape_dist_traveled,2
e8baacec0a,007,0,28,NELOPPN,5THNORE,789.4000000000005,95.0,shape_dist_traveled,2
e8baacec0a,007,0,29,5THNORE,5THCASE,227.69999999999868,27.0,shape_dist_traveled,2
e8baacec0a,007,0,30,5THCASE,5THALTE,393.39999999999975,47.0,shape_dist_traveled,2
e8baacec0a,007,0,31,5THALTE,5THRARE,208.2000000000015,25.0,shape_dist_traveled,2
e8baacec0a,007,0,32,5THRARE,5THSTEE,349.49999999999903,42.0,shape_dist_traveled,2
e8baacec0a,007,0,33,5THSTEE,5THKRUE,178.20000000000036,21.0,shape_dist_traveled,2
e8baacec0a,007,0,34,5THKRUE,OSB5THN,502.5999999999993,60.0,shape_dist_traveled,2
e8baacec0a,007,0,35,OSB5THN,STE6THS,330.7000000000002,39.0,shape_dist_traveled,2
e8baacec0a,007,0,36,STE6THS,JAMALLS,692.9999999999997,83.0,shape_dist_traveled,2
e8baacec0a,007,0,37,JAMALLS,JAMRUHS,213.90000000000066,25.0,shape_dist_traveled,2
e8baacec0a,007,0,38,JAMRUHS,RUHKELW,88.59999999999957,16.0,shape_dist_traveled,2
e8baacec0a,007,0,39,RUHKELW,RUHVIRW,362.8,46.0,shape_dist_traveled,2
e8baacec0a,007,0,40,RUHVIRW,RUHCHEW,159.39999999999975,20.0,shape_dist_traveled,2
e8baacec0a,007,0,41,RUHCHEW,RUHGOUW,202.4000000000008,26.0,shape_dist_traveled,2
e8baacec0a,007,0,42,RUHGOUW,GOUALLN,263.5000000000005,34.0,shape_dist_traveled,2
e8baacec0a,007,0,43,GOUALLN,ALLOPPE,296.4000000000002,38.0,shape_dist_traveled,2
e8baacec0a,007,0,44,ALLOPPE,324ALLE,187.5,24.0,shape_dist_traveled,2
e8baacec0a,007,0,45,324ALLE,VACLINIC,846.3999999999992,112.0,shape_dist_traveled,2
e8baacec0a,007,0,46,VACLINIC,STEJAMN,280.90000000000083,23.0,shape_dist_traveled,2
e8baacec0a,007,0,47,STEJAMN,7THSTEE,736.699999999999,60.0,shape_dist_traveled,2
e8baacec0a,007,0,48,7THSTEE,OSB5THS,260.40000000000066,21.0,shape_dist_traveled,2
e8baacec0a,007,0,49,OSB5THS,5THJAME,370.69999999999936,30.0,shape_dist_traveled,2
e8baacec0a,007,0,50,5THJAME,5TH7THE,351.4000000000017,28.0,shape_dist_traveled,2
e8baacec0a,007,0,51,5TH7THE,5TH370E,423.1999999999978,34.0,shape_dist_traveled,2
e8baacec0a,007,0,52,5TH370E,3995TH,477.1999999999998,39.0,shape_dist_traveled,2
e8baacec0a,007,0,53,3995TH,5TH430E,401.09999999999957,33.0,shape_dist_traveled,2
e8baacec0a,007,0,54,5TH430E,5THYEAE,341.90000000000254,32.0,shape_dist_traveled,2
e8baacec0a,007,0,55,5THYEAE,5TH470E,556.2000000000005,44.0,shape_dist_traveled,2
e8baacec0a,007,0,56,5TH470E,5TH4569E,448.6999999999988,35.0,shape_dist_traveled,2
e8baacec0a,007,0,57,5TH4569E,HAM5THN,663.6999999999987,52.0,shape_dist_traveled,2
e8baacec0a,007,0,58,HAM5THN,PORGRON,5898.0,469.0,shape_dist_traveled,2
e8baacec0a,007,0,59,PORGRON,INTSAWW,678.3999999999999,120.0,shape_dist_traveled,2
af7e38331c,007,1,0,EASTER9,STELSAMS,549.8,81.0,shape_dist_traveled,35
af7e38331c,007,1,1,STELSAMS,STEMORS1,302.5,44.0,shape_dist_traveled,35
af7e38331c,007,1,2,STEMORS1,STEWORS,328.3000000000001,48.0,shape_dist_traveled,35
af7e38331c,007,1,3,STEWORS,STEALSS,164.69999999999985,24.0,shape_dist_traveled,35
af7e38331c,007,1,4,STEALSS,EASEASW,673.6,99.0,shape_dist_traveled,35
af7e38331c,007,1,5,EASEASW,EASEASPW,416.6000000000003,61.0,shape_dist_traveled,35
af7e38331c,007,1,6,EASEASPW,MOREASS,409.9999999999997,63.0,shape_dist_traveled,35
af7e38331c,007,1,7,MOREASS,MOR342S,216.20000000000016,23.0,shape_dist_traveled,35
af7e38331c,007,1,8,MOR342S,MORHARS,436.5000000000001,46.0,shape_dist_traveled,35
af7e38331c,007,1,9,MORHARS,MORSTEE,575.6999999999999,61.0,shape_dist_traveled,35
af7e38331c,007,1,10,MORSTEE,STEMONS,285.4000000000001,30.0,shape_dist_traveled,35
af7e38331c,007,1,11,STEMONS,STEESPS,454.0999999999995,48.0,shape_dist_traveled,35
af7e38331c,007,1,12,STEESPS,STEMCCS,280.8000000000002,32.0,shape_dist_traveled,35
af7e38331c,007,1,13,STEMCCS,STEGOVS,517.5000000000001,56.0,shape_dist_traveled,35
af7e38331c,007,1,14,STEGOVS,STEOPPS,451.9000000000002,49.0,shape_dist_traveled,35
af7e38331c,007,1,15,STEOPPS,STELIFS,211.40000000000026,23.0,shape_dist_traveled,35
af7e38331c,007,1,16,STELIFS,AGLASPW,609.2999999999993,67.0,shape_dist_traveled,35
af7e38331c,007,1,17,AGLASPW,AGL343W,391.70000000000016,45.0,shape_dist_traveled,35
af7e38331c,007,1,18,AGL343W,AGLCORW,240.40000000000018,25.0,shape_dist_traveled,35
af7e38331c,007,1,19,AGLCORW,AGLEGATW,248.49999999999994,26.0,shape_dist_traveled,35
af7e38331c,007,1,20,AGLEGATW,AGLENCAS,270.80000000000035,28.0,shape_dist_traveled,35
af7e38331c,007,1,21,AGLENCAS,CASAGLS,152.4000000000001,16.0,shape_dist_traveled,35
af7e38331c,007,1,22,CASAGLS,CASCASS,394.499999999999,42.0,shape_dist_traveled,35
af7e38331c,007,1,23,CASCASS,CASBAYS,382.5000000000003,40.0,shape_dist_traveled,35
af7e38331c,007,1,24,CASBAYS,CASHUDS,158.20000000000078,16.0,shape_dist_traveled,35
af7e38331c,007,1,25,CASHUDS,CAS1884S,178.30000000000013,19.0,shape_dist_traveled,35
af7e38331c,007,1,26,CAS1884S,CAS150S,1047.3999999999996,111.0,shape_dist_traveled,35
af7e38331c,007,1,27,CAS150S,CASDEMS,296.5,37.0,shape_dist_traveled,35
af7e38331c,007,1,28,CASDEMS,NELMARGS,1916.8000000000002,360.0,shape_dist_traveled,35
af7e38331c,007,1,29,NELMARGS,NELAVAS,366.79999999999956,50.0,shape_dist_traveled,35
af7e38331c,007,1,30,NELAVAS,NELOPPS,330.09999999999985,45.0,shape_dist_traveled,35
af7e38331c,007,1,31,NELOPPS,NELMARYS,217.70000000000067,29.0,shape_dist_traveled,35
af7e38331c,007,1,32,NELMARYS,NELMILS,410.80000000000007,56.0,shape_dist_traveled,35
af7e38331c,007,1,33,NELMILS,GRESHEW,401.69999999999993,54.0,shape_dist_traveled,35
af7e38331c,007,1,34,GRESHEW,GREGREW,322.09999999999894,44.0,shape_dist_traveled,35
af7e38331c,007,1,35,GREGREW,GREWOOWA,301.00000000000017,41.0,shape_dist_traveled,35
af7e38331c,007,1,36,GREWOOWA,GREELDW,196.40000000000057,26.0,shape_dist_traveled,35
af7e38331c,007,1,37,GREELDW,MOUTAYW,281.69999999999897,38.0,shape_dist_traveled,35
af7e38331c,007,1,38,MOUTAYW,MOUGRAHW,212.60000000000014,29.0,shape_dist_traveled,35
af7e38331c,007,1,39,MOUGRAHW,MOUCHAW,383.10000000000065,52.0,shape_dist_traveled,35
af7e38331c,007,1,40,MOUCHAW,MOU22NW,241.39999999999873,33.0,shape_dist_traveled,35
af7e38331c,007,1,41,MOU22NW,MOUMIAW,278.9999999999999,43.0,shape_dist_traveled,35
af7e38331c,007,1,42,MOUMIAW,MOUMONW,314.9000000000015,49.0,shape_dist_traveled,35
af7e38331c,007,1,43,MOUMONW,MARSTCW,219.10000000000096,34.0,shape_dist_traveled,35
af7e38331c,007,1,44,MARSTCW,SPRHAMW,335.8999999999987,52.0,shape_dist_traveled,35
af7e38331c,007,1,45,SPRHAMW,SPRMOUW,439.69999999999845,68.0,shape_dist_traveled,35
af7e38331c,007,1,46,SPRMOUW,SPRCLEW,232.30000000000217,37.0,shape_dist_traveled,35
af7e38331c,007,1,47,SPRCLEW,SPRGRAW,165.6000000000013,40.0,shape_dist_traveled,35
af7e38331c,007,1,48,SPRGRAW,SPRNEIW,205.39999999999736,49.0,shape_dist_traveled,35
af7e38331c,007,1,49,SPRNEIW,SPR4THW,263.60000000000025,64.0,shape_dist_traveled,35
af7e38331c,007,1,50,SPR4THW,SPRHIGW,291.9000000000018,70.0,shape_dist_traveled,35
af7e38331c,007,1,51,SPRHIGW,FROLONS,308.49999999999864,77.0,shape_dist_traveled,35
af7e38331c,007,1,52,FROLONS,FROBROS,386.099999999999,180.0,shape_dist_traveled,35
af7e38331c,007,1,53,FROBROS,FROTOWS,321.40000000000055,88.0,shape_dist_traveled,35
af7e38331c,007,1,54,FROTOWS,MAIHIGE,548.6000000000004,152.0,shape_dist_traveled,35
af7e38331c,007,1,55,MAIHIGE,MAI4THE,326.6999999999989,138.0,shape_dist_traveled,35
af7e38331c,007,1,56,MAI4THE,EMO4THW,381.4000000000028,162.0,shape_dist_traveled,35
57f9e52b44,007,1,0,INTSAWW,PORGRON,3051.2999999999997,300.0,shape_dist_traveled,34
57f9e52b44,007,1,1,PORGRON,INTSAWW,678.3999999999999,56.0,shape_dist_traveled,34
57f9e52b44,007,1,2,INTSAWW,HAMSAWS,2813.6000000000004,234.0,shape_dist_traveled,34
57f9e52b44,007,1,3,HAMSAWS,5THHAMSW,544.6,45.0,shape_dist_traveled,34
57f9e52b44,007,1,4,5THHAMSW,5TH480W,658.9000000000001,54.0,shape_dist_traveled,34
57f9e52b44,007,1,5,5TH480W,5TH470W,414.7999999999996,34.0,shape_dist_traveled,34
57f9e52b44,007,1,6,5TH470W,5THYEAW,656.4999999999994,57.0,shape_dist_traveled,34
57f9e52b44,007,1,7,5THYEAW,5TH4301W,211.5000000000009,21.0,shape_dist_traveled,34
57f9e52b44,007,1,8,5TH4301W,4015TH,524.9000000000005,52.0,shape_dist_traveled,34
57f9e52b44,007,1,9,4015TH,5TH3925W,400.9999999999998,39.0,shape_dist_traveled,34
57f9e52b44,007,1,10,5TH3925W,5TH7THW,402.79999999999916,40.0,shape_dist_traveled,34
57f9e52b44,007,1,11,5TH7THW,5THJAMW,289.30000000000075,28.0,shape_dist_traveled,34
57f9e52b44,007,1,12,5THJAMW,OSB5THN,452.79999999999984,45.0,shape_dist_traveled,34
57f9e52b44,007,1,13,OSB5THN,STE6THS,330.59999999999866,32.0,shape_dist_traveled,34
57f9e52b44,007,1,14,STE6THS,JAMALLS,693.1000000000012,69.0,shape_dist_traveled,34
57f9e52b44,007,1,15,JAMALLS,JAMRUHS,213.89999999999887,21.0,shape_dist_traveled,34
57f9e52b44,007,1,16,JAMRUHS,RUHKELW,88.60000000000134,13.0,shape_dist_traveled,34
57f9e52b44,007,1,17,RUHKELW,RUHVIRW,362.8,56.0,shape_dist_traveled,34
57f9e52b44,007,1,18,RUHVIRW,RUHCHEW,159.39999999999975,24.0,shape_dist_traveled,34
57f9e52b44,007,1,19,RUHCHEW,RUHGOUW,202.399999999999,31.0,shape_dist_traveled,34
57f9e52b44,007,1,20,RUHGOUW,GOUALLN,263.5000000000005,40.0,shape_dist_traveled,34
57f9e52b44,007,1,21,GOUALLN,ALLOPPE,296.4000000000002,46.0,shape_dist_traveled,34
57f9e52b44,007,1,22,ALLOPPE,324ALLE,187.5,29.0,shape_dist_traveled,34
57f9e52b44,007,1,23,324ALLE,VACLINIC,846.3999999999992,134.0,shape_dist_traveled,34
57f9e52b44,007,1,24,VACLINIC,STEJAMN,280.80000000000103,30.0,shape_dist_traveled,34
57f9e52b44,007,1,25,STEJAMN,7THSTEE,736.8000000000005,80.0,shape_dist_traveled,34
57f9e52b44,007,1,26,7THSTEE,OSB5THS,260.39999999999884,28.0,shape_dist_traveled,34
57f9e52b44,007,1,27,OSB5THS,5THKRUW,452.60000000000036,49.0,shape_dist_traveled,34
57f9e52b44,007,1,28,5THKRUW,5THSTERW,255.19999999999854,27.0,shape_dist_traveled,34
57f9e52b44,007,1,29,5THSTERW,5THRARW,246.40000000000128,26.0,shape_dist_traveled,34
57f9e52b44,007,1,30,5THRARW,5THALTW,268.29999999999995,29.0,shape_dist_traveled,34
57f9e52b44,007,1,31,5THALTW,5THCASW,390.29999999999984,42.0,shape_dist_traveled,34
57f9e52b44,007,1,32,5THCASW,5THNORW,213.69999999999933,23.0,shape_dist_traveled,34
57f9e52b44,007,1,33,5THNORW,NELMARGS,734.4000000000008,86.0,shape_dist_traveled,34
57f9e52b44,007,1,34,NELMARGS,NELAVAS,366.7000000000016,50.0,shape_dist_traveled,34
57f9e52b44,007,1,35,NELAVAS,NELOPPS,330.0999999999981,45.0,shape_dist_traveled,34
57f9e52b44,007,1,36,NELOPPS,NELMARYS,217.70000000000067,29.0,shape_dist_traveled,34
57f9e52b44,007,1,37,NELMARYS,NELMILS,410.79999999999825,56.0,shape_dist_traveled,34
57f9e52b44,007,1,38,NELMILS,GRESHEW,401.70000000000175,54.0,shape_dist_traveled,34
57f9e52b44,007,1,39,GRESHEW,GREGREW,322.09999999999894,44.0,shape_dist_traveled,34
57f9e52b44,007,1,40,GREGREW,GREWOOWA,301.00000000000193,41.0,shape_dist_traveled,34
57f9e52b44,007,1,41,GREWOOWA,GREELDW,196.50000000000034,26.0,shape_dist_traveled,34
57f9e52b44,007,1,42,GREELDW,MOUTAYW,281.5999999999974,38.0,shape_dist_traveled,34
57f9e52b44,007,1,43,MOUTAYW,MOUGRAHW,212.70000000000167,29.0,shape_dist_traveled,34
57f9e52b44,007,1,44,MOUGRAHW,MOUCHAW,383.0999999999989,52.0,shape_dist_traveled,34
57f9e52b44,007,1,45,MOUCHAW,MOU22NW,241.40000000000228,33.0,shape_dist_traveled,34
57f9e52b44,007,1,46,MOU22NW,MOUMIAW,278.89999999999657,43.0,shape_dist_traveled,34
57f9e52b44,007,1,47,MOUMIAW,MOUMONW,315.00000000000125,49.0,shape_dist_traveled,34
57f9e52b44,007,1,48,MOUMONW,MARSTCW,219.10000000000096,34.0,shape_dist_traveled,34
57f9e52b44,007,1,49,MARSTCW,SPRHAMW,335.8999999999987,52.0,shape_dist_traveled,34
57f9e52b44,007,1,50,SPRHAMW,SPRMOUW,439.6000000000022,68.0,shape_dist_traveled,34
57f9e52b44,007,1,51,SPRMOUW,SPRCLEW,232.29999999999862,37.0,shape_dist_traveled,34
57f9e52b44,007,1,52,SPRCLEW,SPRGRAW,165.6000000000013,40.0,shape_dist_traveled,34
57f9e52b44,007,1,53,SPRGRAW,SPRNEIW,205.49999999999713,49.0,shape_dist_traveled,34
57f9e52b44,007,1,54,SPRNEIW,SPR4THW,263.60000000000025,64.0,shape_dist_traveled,34
57f9e52b44,007,1,55,SPR4THW,SPRHIGW,291.9000000000018,70.0,shape_dist_traveled,34
57f9e52b44,007,1,56,SPRHIGW,FROLONS,308.49999999999864,77.0,shape_dist_traveled,34
57f9e52b44,007,1,57,FROLONS,FROBROS,386.099999999999,180.0,shape_dist_traveled,34
57f9e52b44,007,1,58,FROBROS,FROTOWS,321.40000000000055,88.0,shape_dist_traveled,34
57f9e52b44,007,1,59,FROTOWS,MAIHIGE,548.6000000000004,152.0,shape_dist_traveled,34
57f9e52b44,007,1,60,MAIHIGE,MAI4THE,326.5999999999991,138.0,shape_dist_traveled,34
57f9e52b44,007,1,61,MAI4THE,EMO4THW,381.5000000000026,162.0,shape_dist_traveled,34
e2efca4b2a,008,0,0,BOASHAN,161SATE,1515.7,216.0,shape_dist_traveled,37
e2efca4b2a,008,0,1,161SATE,KAR161S1,583.3000000000002,84.0,shape_dist_traveled,37
e2efca4b2a,008,0,2,KAR161S1,KARHEMS,160.2999999999999,20.0,shape_dist_traveled,37
e2efca4b2a,008,0,3,KARHEMS,KARCOLS,388.50000000000006,48.0,shape_dist_traveled,37
e2efca4b2a,008,0,4,KARCOLS,KARSANS,418.8999999999998,52.0,shape_dist_traveled,37
e2efca4b2a,008,0,5,KARSANS,KARPENS,584.0000000000001,73.0,shape_dist_traveled,37
e2efca4b2a,008,0,6,KARPENS,KARNORMS,402.90000000000026,50.0,shape_dist_traveled,37
e2efca4b2a,008,0,7,KARNORMS,REDKARE,440.99999999999983,55.0,shape_dist_traveled,37
e2efca4b2a,008,0,8,REDKARE,REDROCE,254.79999999999947,31.0,shape_dist_traveled,37
e2efca4b2a,008,0,9,REDROCE,REDTAME,223.50000000000048,31.0,shape_dist_traveled,37
e2efca4b2a,008,0,10,REDTAME,TAM464S,331.9000000000001,44.0,shape_dist_traveled,37
e2efca4b2a,008,0,11,TAM464S,MORTAMW,272.29999999999956,36.0,shape_dist_traveled,37
e2efca4b2a,008,0,12,MORTAMW,KARMORS,559.0000000000001,75.0,shape_dist_traveled,37
e2efca4b2a,008,0,13,KARMORS,KARNORS,298.20000000000044,40.0,shape_dist_traveled,37
e2efca4b2a,008,0,14,KARNORS,KARSHAS,298.29999999999933,40.0,shape_dist_traveled,37
e2efca4b2a,008,0,15,KARSHAS,NORVILS,330.6000000000005,44.0,shape_dist_traveled,37
e2efca4b2a,008,0,16,NORVILS,KARCOOKS,411.7999999999995,55.0,shape_dist_traveled,37
e2efca4b2a,008,0,17,KARCOOKS,KARCOOS1,270.59999999999997,36.0,shape_dist_traveled,37
e2efca4b2a,008,0,18,KARCOOS1,KARELMS,356.70000000000005,50.0,shape_dist_traveled,37
e2efca4b2a,008,0,19,KARELMS,KARACTS,375.7999999999999,45.0,shape_dist_traveled,37
e2efca4b2a,008,0,20,KARACTS,KARCARS,258.70000000000107,31.0,shape_dist_traveled,37
e2efca4b2a,008,0,21,KARCARS,KARURAS,265.49999999999943,32.0,shape_dist_traveled,37
e2efca4b2a,008,0,22,KARURAS,KAROAKS,259.3999999999994,31.0,shape_dist_traveled,37
e2efca4b2a,008,0,23,KAROAKS,MCGOAKS,312.00000000000114,41.0,shape_dist_traveled,37
e2efca4b2a,008,0,24,MCGOAKS,MCGNORS,160.49999999999898,24.0,shape_dist_traveled,37
e2efca4b2a,008,0,25,MCGNORS,MCGWELS,252.80000000000058,38.0,shape_dist_traveled,37
e2efca4b2a,008,0,26,MCGWELS,MCGCOMS,235.79999999999933,35.0,shape_dist_traveled,37
e2efca4b2a,008,0,27,MCGCOMS,MCGWEBS,230.70000000000056,35.0,shape_dist_traveled,37
e2efca4b2a,008,0,28,MCGWEBS,MCGABES,232.40000000000015,35.0,shape_dist_traveled,37
e2efca4b2a,008,0,29,MCGABES,MCGGENS,268.1000000000005,40.0,shape_dist_traveled,37
e2efca4b2a,008,0,30,MCGGENS,MCGBRIS,272.99999999999966,41.0,shape_dist_traveled,37
e2efca4b2a,008,0,31,MCGBRIS,MCGHUDS,317.9999999999996,52.0,shape_dist_traveled,37
e2efca4b2a,008,0,32,MCGHUDS,MCGCLIS,178.20000000000036,29.0,shape_dist_traveled,37
e2efca4b2a,008,0,33,MCGCLIS,MCGDUXS,318.40000000000043,52.0,shape_dist_traveled,37
e2efca4b2a,008,0,34,MCGDUXS,HAMDUXS,266.5999999999986,43.0,shape_dist_traveled,37
e2efca4b2a,008,0,35,HAMDUXS,HAM24TS,277.3000000000003,45.0,shape_dist_traveled,37
e2efca4b2a,008,0,36,HAM24TS,HAM21SS,266.70000000000016,43.0,shape_dist_traveled,37
e2efca4b2a,008,0,37,HAM21SS,HAM18TS,231.50000000000048,37.0,shape_dist_traveled,37
e2efca4b2a,008,0,38,HAM18TS,17THAME,192.39999999999924,31.0,shape_dist_traveled,37
e2efca4b2a,008,0,39,17THAME,CLE17TS,394.50000000000074,64.0,shape_dist_traveled,37
e2efca4b2a,008,0,40,CLE17TS,CLE15TS,117.30000000000018,19.0,shape_dist_traveled,37
e2efca4b2a,008,0,41,CLE15TS,CLE13TS,289.8999999999994,47.0,shape_dist_traveled,37
e2efca4b2a,008,0,42,CLE13TS,CLECHIS,216.30000000000038,35.0,shape_dist_traveled,37
e2efca4b2a,008,0,43,CLECHIS,CLE11TS,181.6999999999993,35.0,shape_dist_traveled,37
e2efca4b2a,008,0,44,CLE11TS,11TJEFW,165.30000000000024,31.0,shape_dist_traveled,37
e2efca4b2a,008,0,45,11TJEFW,11TESSW,367.90000000000055,70.0,shape_dist_traveled,37
e2efca4b2a,008,0,46,11TESSW,11TDAUW,449.0999999999996,86.0,shape_dist_traveled,37
e2efca4b2a,008,0,47,11TDAUW,11TGRAW,216.30000000000038,41.0,shape_dist_traveled,37
e2efca4b2a,008,0,48,11TGRAW,11T4THW,341.3999999999984,65.0,shape_dist_traveled,37
e2efca4b2a,008,0,49,11T4THW,11TINDW,314.9000000000015,60.0,shape_dist_traveled,37
e2efca4b2a,008,0,50,11TINDW,11THIGW,281.7000000000007,54.0,shape_dist_traveled,37
e2efca4b2a,008,0,51,11THIGW,12THIGW,360.2999999999987,73.0,shape_dist_traveled,37
e2efca4b2a,008,0,52,12THIGW,W11WORTW,544.9000000000019,115.0,shape_dist_traveled,37
e2efca4b2a,008,0,53,W11WORTW,NEILW10S,327.39999999999725,69.0,shape_dist_traveled,37
e2efca4b2a,008,0,54,NEILW10S,NEI8THS,264.10000000000264,56.0,shape_dist_traveled,37
e2efca4b2a,008,0,55,NEI8THS,NEI7THS,312.5,55.0,shape_dist_traveled,37
e2efca4b2a,008,0,56,NEI7THS,NEI5THS,229.99999999999687,40.0,shape_dist_traveled,37
e2efca4b2a,008,0,57,NEI5THS,NEI4THS,200.30000000000214,35.0,shape_dist_traveled,37
e2efca4b2a,008,0,58,NEI4THS,NEI2NDS,402.3000000000003,71.0,shape_dist_traveled,37
e2efca4b2a,008,0,59,NEI2NDS,NEIWILS,303.49999999999966,53.0,shape_dist_traveled,37
e2efca4b2a,008,0,60,NEIWILS,NEICOLS,392.0999999999992,69.0,shape_dist_traveled,37
e2efca4b2a,008,0,61,NEICOLS,NEIGOOS,183.3999999999989,37.0,shape_dist_traveled,37
e2efca4b2a,008,0,62,NEIGOOS,NEISPRUS,203.10000000000272,59.0,shape_dist_traveled,37
e2efca4b2a,008,0,63,NEISPRUS,NEIVINS,231.19999999999763,67.0,shape_dist_traveled,37
e2efca4b2a,008,0,64,NEIVINS,NATMCCBE,470.60000000000105,138.0,shape_dist_traveled,37
e2efca4b2a,008,0,65,NATMCCBE,FRONATS,394.50000000000074,115.0,shape_dist_traveled,37
e2efca4b2a,008,0,66,FRONATS,FROLAFS,327.099999999998,95.0,shape_dist_traveled,37
e2efca4b2a,008,0,67,FROLAFS,LONHIGE,214.9000000000001,66.0,shape_dist_traveled,37
e2efca4b2a,008,0,68,LONHIGE,3RDGAYS,369.7000000000017,144.0,shape_dist_traveled,37
e2efca4b2a,008,0,69,3RDGAYS,3RDBROS1,246.1999999999982,96.0,shape_dist_traveled,37
e2efca4b2a,008,0,70,3RDBROS1,3RDTOWS,385.90000000000305,93.0,shape_dist_traveled,37
e2efca4b2a,008,0,71,3RDTOWS,HIGMAIS2,544.6999999999989,131.0,shape_dist_traveled,37
e2efca4b2a,008,0,72,HIGMAIS2,EFULSHIE,307.9000000000001,76.0,shape_dist_traveled,37
e2efca4b2a,008,0,73,EFULSHIE,LIV4THE,538.999999999998,114.0,shape_dist_traveled,37
e2efca4b2a,008,0,74,LIV4THE,LIVGRANE,364.70000000000266,77.0,shape_dist_traveled,37
e2efca4b2a,008,0,75,LIVGRANE,LIVPARE,506.9999999999979,109.0,shape_dist_traveled,37
e2efca4b2a,008,0,76,LIVPARE,PARELSS,338.4999999999998,52.0,shape_dist_traveled,37
e2efca4b2a,008,0,77,PARELSS,PARCOLS,330.6000000000005,51.0,shape_dist_traveled,37
e2efca4b2a,008,0,78,PARCOLS,PARWHIS,228.4000000000006,35.0,shape_dist_traveled,37
e2efca4b2a,008,0,79,PARWHIS,PARZIMS,234.60000000000036,36.0,shape_dist_traveled,37
e2efca4b2a,008,0,80,PARZIMS,PARTHUS,321.50000000000034,50.0,shape_dist_traveled,37
e2efca4b2a,008,0,81,PARTHUS,PARGATS,283.59999999999985,44.0,shape_dist_traveled,37
e2efca4b2a,008,0,82,PARGATS,PARFRES,187.40000000000023,32.0,shape_dist_traveled,37
e2efca4b2a,008,0,83,PARFRES,PARSHES,187.40000000000023,24.0,shape_dist_traveled,37
e2efca4b2a,008,0,84,PARSHES,PARSOUS,208.39999999999748,26.0,shape_dist_traveled,37
e2efca4b2a,008,0,85,PARSOUS,PARWELS,229.40000000000182,29.0,shape_dist_traveled,37
e2efca4b2a,008,0,86,PARWELS,PARINNS,413.6999999999986,53.0,shape_dist_traveled,37
e2efca4b2a,008,0,87,PARINNS,PARBARS,218.4000000000026,28.0,shape_dist_traveled,37
e2efca4b2a,008,0,88,PARBARS,PARGROS,600.8999999999993,80.0,shape_dist_traveled,37
e2efca4b2a,008,0,89,PARGROS,PARDERS,731.5000000000005,56.0,shape_dist_traveled,37
e2efca4b2a,008,0,90,PARDERS,PARCORS,290.49999999999795,22.0,shape_dist_traveled,37
e2efca4b2a,008,0,91,PARCORS,PARALCS,380.8000000000007,29.0,shape_dist_traveled,37
e2efca4b2a,008,0,92,PARALCS,PARZIES,374.60000000000093,28.0,shape_dist_traveled,37
e2efca4b2a,008,0,93,PARZIES,PARHILS,632.1999999999974,48.0,shape_dist_traveled,37
e2efca4b2a,008,0,94,PARHILS,PARRUMS,404.70000000000186,31.0,shape_dist_traveled,37
e2efca4b2a,008,0,95,PARRUMS,PARWILS1,293.69999999999766,26.0,shape_dist_traveled,37
e2efca4b2a,008,0,96,PARWILS1,PARASHS1,359.7000000000037,51.0,shape_dist_traveled,37
e2efca4b2a,008,0,97,PARASHS1,PARHARS1,367.79999999999546,52.0,shape_dist_traveled,37
e2efca4b2a,008,0,98,PARHARS1,PARINDS,233.40000000000316,33.0,shape_dist_traveled,37
e2efca4b2a,008,0,99,PARINDS,OBE433W,188.0999999999986,26.0,shape_dist_traveled,37
e2efca4b2a,008,0,100,OBE433W,OBE300W,238.3999999999986,33.0,shape_dist_traveled,37
e2efca4b2a,008,0,101,OBE300W,OBEBETAW,188.30000000000524,26.0,shape_dist_traveled,37
e2efca4b2a,008,0,102,OBEBETAW,OBESOUW,362.8,51.0,shape_dist_traveled,37
e2efca4b2a,008,0,103,OBESOUW,HIGBOBN,310.49999999999756,44.0,shape_dist_traveled,37
e2efca4b2a,008,0,104,HIGBOBN,HIG365N,452.7000000000001,64.0,shape_dist_traveled,37
e2efca4b2a,008,0,105,HIG365N,GREWALS,542.4999999999968,76.0,shape_dist_traveled,37
e2efca4b2a,008,0,106,GREWALS,GREKROS,163.6000000000024,23.0,shape_dist_traveled,37
e2efca4b2a,008,0,107,GREKROS,GRERIDE,399.4,61.0,shape_dist_traveled,37
cfbef97c82,008,0,0,BOASHAN,161SATE,1515.7,237.5,shape_dist_traveled,36
cfbef97c82,008,0,1,161SATE,KAR161S1,583.3000000000002,92.5,shape_dist_traveled,36
cfbef97c82,008,0,2,KAR161S1,KARHEMS,160.2999999999999,20.0,shape_dist_traveled,36
cfbef97c82,008,0,3,KARHEMS,KARCOLS,388.50000000000006,48.0,shape_dist_traveled,36
cfbef97c82,008,0,4,KARCOLS,KARSANS,418.8999999999998,52.0,shape_dist_traveled,36
cfbef97c82,008,0,5,KARSANS,KARPENS,584.0000000000001,73.0,shape_dist_traveled,36
cfbef97c82,008,0,6,KARPENS,KARNORMS,402.90000000000026,50.0,shape_dist_traveled,36
cfbef97c82,008,0,7,KARNORMS,REDKARE,440.99999999999983,55.0,shape_dist_traveled,36
cfbef97c82,008,0,8,REDKARE,REDROCE,254.79999999999947,31.0,shape_dist_traveled,36
cfbef97c82,008,0,9,REDROCE,REDTAME,223.50000000000048,31.0,shape_dist_traveled,36
cfbef97c82,008,0,10,REDTAME,TAM464S,331.9000000000001,44.0,shape_dist_traveled,36
cfbef97c82,008,0,11,TAM464S,MORTAMW,272.29999999999956,36.0,shape_dist_traveled,36
cfbef97c82,008,0,12,MORTAMW,KARMORS,559.0000000000001,75.0,shape_dist_traveled,36
cfbef97c82,008,0,13,KARMORS,KARNORS,298.20000000000044,40.0,shape_dist_traveled,36
cfbef97c82,008,0,14,KARNORS,KARSHAS,298.29999999999933,40.0,shape_dist_traveled,36
cfbef97c82,008,0,15,KARSHAS,NORVILS,330.6000000000005,44.0,shape_dist_traveled,36
cfbef97c82,008,0,16,NORVILS,KARCOOKS,411.7999999999995,55.0,shape_dist_traveled,36
cfbef97c82,008,0,17,KARCOOKS,KARCOOS1,270.59999999999997,36.0,shape_dist_traveled,36
cfbef97c82,008,0,18,KARCOOS1,KARELMS,356.70000000000005,50.0,shape_dist_traveled,36
cfbef97c82,008,0,19,KARELMS,KARACTS,375.7999999999999,45.0,shape_dist_traveled,36
cfbef97c82,008,0,20,KARACTS,KARCARS,258.70000000000107,31.0,shape_dist_traveled,36
cfbef97c82,008,0,21,KARCARS,KARURAS,265.49999999999943,32.0,shape_dist_traveled,36
cfbef97c82,008,0,22,KARURAS,KAROAKS,259.3999999999994,31.0,shape_dist_traveled,36
cfbef97c82,008,0,23,KAROAKS,MCGOAKS,312.00000000000114,41.0,shape_dist_traveled,36
cfbef97c82,008,0,24,MCGOAKS,MCGNORS,160.49999999999898,24.0,shape_dist_traveled,36
cfbef97c82,008,0,25,MCGNORS,MCGWELS,252.80000000000058,38.0,shape_dist_traveled,36
cfbef97c82,008,0,26,MCGWELS,MCGCOMS,235.79999999999933,35.0,shape_dist_traveled,36
cfbef97c82,008,0,27,MCGCOMS,MCGWEBS,230.70000000000056,35.0,shape_dist_traveled,36
cfbef97c82,008,0,28,MCGWEBS,MCGABES,232.40000000000015,35.0,shape_dist_traveled,36
cfbef97c82,008,0,29,MCGABES,MCGGENS,268.1000000000005,40.0,shape_dist_traveled,36
cfbef97c82,008,0,30,MCGGENS,MCGBRIS,272.99999999999966,41.0,shape_dist_traveled,36
cfbef97c82,008,0,31,MCGBRIS,MCGHUDS,317.9999999999996,52.0,shape_dist_traveled,36
cfbef97c82,008,0,32,MCGHUDS,MCGCLIS,178.20000000000036,29.0,shape_dist_traveled,36
cfbef97c82,008,0,33,MCGCLIS,MCGDUXS,318.40000000000043,52.0,shape_dist_traveled,36
cfbef97c82,008,0,34,MCGDUXS,HAMDUXS,266.5999999999986,43.0,shape_dist_traveled,36
cfbef97c82,008,0,35,HAMDUXS,HAM24TS,277.3000000000003,45.0,shape_dist_traveled,36
cfbef97c82,008,0,36,HAM24TS,HAM21SS,266.70000000000016,43.0,shape_dist_traveled,36
cfbef97c82,008,0,37,HAM21SS,HAM18TS,231.50000000000048,37.0,shape_dist_traveled,36
cfbef97c82,008,0,38,HAM18TS,17THAME,192.39999999999924,31.0,shape_dist_traveled,36
cfbef97c82,008,0,39,17THAME,CLE17TS,394.50000000000074,64.0,shape_dist_traveled,36
cfbef97c82,008,0,40,CLE17TS,CLE15TS,117.30000000000018,19.0,shape_dist_traveled,36
cfbef97c82,008,0,41,CLE15TS,CLE13TS,289.8999999999994,47.0,shape_dist_traveled,36
cfbef97c82,008,0,42,CLE13TS,CLECHIS,216.30000000000038,35.0,shape_dist_traveled,36
cfbef97c82,008,0,43,CLECHIS,CLE11TS,181.6999999999993,35.0,shape_dist_traveled,36
cfbef97c82,008,0,44,CLE11TS,11TJEFW,165.30000000000024,31.0,shape_dist_traveled,36
cfbef97c82,008,0,45,11TJEFW,11TESSW,367.90000000000055,70.0,shape_dist_traveled,36
cfbef97c82,008,0,46,11TESSW,11TDAUW,449.0999999999996,86.0,shape_dist_traveled,36
cfbef97c82,008,0,47,11TDAUW,11TGRAW,216.30000000000038,41.0,shape_dist_traveled,36
cfbef97c82,008,0,48,11TGRAW,11T4THW,341.3999999999984,65.0,shape_dist_traveled,36
cfbef97c82,008,0,49,11T4THW,11TINDW,314.9000000000015,60.0,shape_dist_traveled,36
cfbef97c82,008,0,50,11TINDW,11THIGW,281.7000000000007,54.0,shape_dist_traveled,36
cfbef97c82,008,0,51,11THIGW,12THIGW,360.2999999999987,73.0,shape_dist_traveled,36
cfbef97c82,008,0,52,12THIGW,W11WORTW,544.9000000000019,115.0,shape_dist_traveled,36
cfbef97c82,008,0,53,W11WORTW,NEILW10S,327.39999999999725,69.0,shape_dist_traveled,36
cfbef97c82,008,0,54,NEILW10S,NEI8THS,264.10000000000264,56.0,shape_dist_traveled,36
cfbef97c82,008,0,55,NEI8THS,NEI7THS,312.5,55.0,shape_dist_traveled,36
cfbef97c82,008,0,56,NEI7THS,NEI5THS,229.99999999999687,40.0,shape_dist_traveled,36
cfbef97c82,008,0,57,NEI5THS,NEI4THS,200.30000000000214,35.0,shape_dist_traveled,36
cfbef97c82,008,0,58,NEI4THS,NEI2NDS,402.3000000000003,71.0,shape_dist_traveled,36
cfbef97c82,008,0,59,NEI2NDS,NEIWILS,303.49999999999966,53.0,shape_dist_traveled,36
cfbef97c82,008,0,60,NEIWILS,NEICOLS,392.0999999999992,69.0,shape_dist_traveled,36
cfbef97c82,008,0,61,NEICOLS,NEIGOOS,183.3999999999989,37.0,shape_dist_traveled,36
cfbef97c82,008,0,62,NEIGOOS,NEISPRUS,203.10000000000272,59.0,shape_dist_traveled,36
cfbef97c82,008,0,63,NEISPRUS,NEIVINS,231.19999999999763,67.0,shape_dist_traveled,36
cfbef97c82,008,0,64,NEIVINS,NATMCCBE,470.60000000000105,138.0,shape_dist_traveled,36
cfbef97c82,008,0,65,NATMCCBE,FRONATS,394.50000000000074,115.0,shape_dist_traveled,36
cfbef97c82,008,0,66,FRONATS,FROLAFS,327.099999999998,95.0,shape_dist_traveled,36
cfbef97c82,008,0,67,FROLAFS,LONHIGE,214.9000000000001,66.0,shape_dist_traveled,36
cfbef97c82,008,0,68,LONHIGE,3RDGAYS,369.7000000000017,144.0,shape_dist_traveled,36
cfbef97c82,008,0,69,3RDGAYS,3RDBROS1,246.1999999999982,96.0,shape_dist_traveled,36
cfbef97c82,008,0,70,3RDBROS1,3RDTOWS,385.90000000000305,106.0,shape_dist_traveled,36
cfbef97c82,008,0,71,3RDTOWS,HIGMAIS2,544.6999999999989,149.0,shape_dist_traveled,36
cfbef97c82,008,0,72,HIGMAIS2,HIGMOUS,161.2000000000009,45.0,shape_dist_traveled,36
cfbef97c82,008,0,73,HIGMOUS,HIGBLENS,268.5999999999993,47.0,shape_dist_traveled,36
cfbef97c82,008,0,74,HIGBLENS,HIGSYCS,343.2999999999993,60.0,shape_dist_traveled,36
cfbef97c82,008,0,75,HIGSYCS,HIGFRANS,170.99999999999937,30.0,shape_dist_traveled,36
cfbef97c82,008,0,76,HIGFRANS,HIGWHIS,339.6000000000008,60.0,shape_dist_traveled,36
cfbef97c82,008,0,77,HIGWHIS,HIGSTES,245.40000000000006,43.0,shape_dist_traveled,36
cfbef97c82,008,0,78,HIGSTES,HIGGRES,321.0000000000015,60.0,shape_dist_traveled,36
cfbef97c82,008,0,79,HIGGRES,HIGMOLS,429.2999999999978,114.0,shape_dist_traveled,36
cfbef97c82,008,0,80,HIGMOLS,JENHIGE,248.3000000000004,66.0,shape_dist_traveled,36
cfbef97c82,008,0,81,JENHIGE,4THJENS,261.7000000000012,49.0,shape_dist_traveled,36
cfbef97c82,008,0,82,4THJENS,4THMARS,226.49999999999793,43.0,shape_dist_traveled,36
cfbef97c82,008,0,83,4THMARS,4THWOOS,384.70000000000226,73.0,shape_dist_traveled,36
cfbef97c82,008,0,84,4THWOOS,4THREES,310.5999999999973,58.0,shape_dist_traveled,36
cfbef97c82,008,0,85,4THREES,HIGHOSS,396.600000000003,77.0,shape_dist_traveled,36
cfbef97c82,008,0,86,HIGHOSS,HIG210S,402.09999999999724,56.0,shape_dist_traveled,36
cfbef97c82,008,0,87,HIG210S,HIGDERS,765.1000000000004,106.0,shape_dist_traveled,36
cfbef97c82,008,0,88,HIGDERS,HIGDELS,228.00000000000153,31.0,shape_dist_traveled,36
cfbef97c82,008,0,89,HIGDELS,HIGCASS,353.9999999999992,49.0,shape_dist_traveled,36
cfbef97c82,008,0,90,HIGCASS,HIGALCS,195.00000000000028,27.0,shape_dist_traveled,36
cfbef97c82,008,0,91,HIGALCS,HIGSCHVS,216.99999999999875,30.0,shape_dist_traveled,36
cfbef97c82,008,0,92,HIGSCHVS,2997SHIS,435.99999999999994,60.0,shape_dist_traveled,36
cfbef97c82,008,0,93,2997SHIS,SHI3085S,272.1000000000018,37.0,shape_dist_traveled,36
cfbef97c82,008,0,94,SHI3085S,HIGRUMS,357.69999999999766,49.0,shape_dist_traveled,36
cfbef97c82,008,0,95,HIGRUMS,HIGWILS,260.10000000000133,36.0,shape_dist_traveled,36
cfbef97c82,008,0,96,HIGWILS,HIGHIGS,334.7000000000015,46.0,shape_dist_traveled,36
cfbef97c82,008,0,97,HIGHIGS,GREWALS,345.6999999999972,48.0,shape_dist_traveled,36
cfbef97c82,008,0,98,GREWALS,GREKROS,163.6000000000024,22.0,shape_dist_traveled,36
cfbef97c82,008,0,99,GREKROS,GRERIDE,399.4,63.0,shape_dist_traveled,36
a2986c3fc2,008,1,0,GRERIDE,HIG365N,499.40000000000003,51.0,shape_dist_traveled,36
a2986c3fc2,008,1,1,HIG365N,HIGHIGN,279.7,29.0,shape_dist_traveled,36
a2986c3fc2,008,1,2,HIGHIGN,HIGWILN1,334.6999999999999,34.0,shape_dist_traveled,36
a2986c3fc2,008,1,3,HIGWILN1,HIGRUMN,274.4000000000002,28.0,shape_dist_traveled,36
a2986c3fc2,008,1,4,HIGRUMN,SHI3050N,312.99999999999994,32.0,shape_dist_traveled,36
a2986c3fc2,008,1,5,SHI3050N,HIGSOUGN,470.09999999999997,48.0,shape_dist_traveled,36
a2986c3fc2,008,1,6,HIGSOUGN,HIGSCHVN,266.0,27.0,shape_dist_traveled,36
a2986c3fc2,008,1,7,HIGSCHVN,HIGALCN,221.00000000000009,23.0,shape_dist_traveled,36
a2986c3fc2,008,1,8,HIGALCN,HIGCASN,173.99999999999994,18.0,shape_dist_traveled,36
a2986c3fc2,008,1,9,HIGCASN,HIGDELN,376.9999999999998,39.0,shape_dist_traveled,36
a2986c3fc2,008,1,10,HIGDELN,HIGDERN,213.99999999999997,22.0,shape_dist_traveled,36
a2986c3fc2,008,1,11,HIGDERN,HIG205N,776.1,80.0,shape_dist_traveled,36
a2986c3fc2,008,1,12,HIG205N,HOSHIGE,411.2,49.0,shape_dist_traveled,36
a2986c3fc2,008,1,13,HOSHIGE,4THINNN,477.70000000000044,116.0,shape_dist_traveled,36
a2986c3fc2,008,1,14,4THINNN,4THWOON,161.39999999999955,39.0,shape_dist_traveled,36
a2986c3fc2,008,1,15,4THWOON,4THWELN,308.6000000000002,75.0,shape_dist_traveled,36
a2986c3fc2,008,1,16,4THWELN,4THSOUN,216.49999999999991,52.0,shape_dist_traveled,36
a2986c3fc2,008,1,17,4THSOUN,HIGSOUWN,314.6000000000004,78.0,shape_dist_traveled,36
a2986c3fc2,008,1,18,HIGSOUWN,HIGMOLN,259.3999999999994,72.0,shape_dist_traveled,36
a2986c3fc2,008,1,19,HIGMOLN,HIGHANN,180.10000000000036,50.0,shape_dist_traveled,36
a2986c3fc2,008,1,20,HIGHANN,HIGMITN,204.20000000000016,58.0,shape_dist_traveled,36
a2986c3fc2,008,1,21,HIGMITN,HIGSTEN,374.6,59.0,shape_dist_traveled,36
a2986c3fc2,008,1,22,HIGSTEN,HIGWHIN,275.9999999999998,43.0,shape_dist_traveled,36
a2986c3fc2,008,1,23,HIGWHIN,HIGCOLN,203.00000000000028,32.0,shape_dist_traveled,36
a2986c3fc2,008,1,24,HIGCOLN,HIGSYCN,311.49999999999966,49.0,shape_dist_traveled,36
a2986c3fc2,008,1,25,HIGSYCN,HIGHOSN,244.4999999999995,38.0,shape_dist_traveled,36
a2986c3fc2,008,1,26,HIGHOSN,HIGMOUN,474.70000000000033,79.0,shape_dist_traveled,36
a2986c3fc2,008,1,27,HIGMOUN,MAIHIGE,204.70000000000078,56.0,shape_dist_traveled,36
a2986c3fc2,008,1,28,MAIHIGE,4THTOWN,553.0999999999988,151.0,shape_dist_traveled,36
a2986c3fc2,008,1,29,4THTOWN,4THCAPN,337.50000000000034,93.0,shape_dist_traveled,36
a2986c3fc2,008,1,30,4THCAPN,4THATHN,209.79999999999956,60.5,shape_dist_traveled,36
a2986c3fc2,008,1,31,4THATHN,SPR4THW,399.20000000000044,115.5,shape_dist_traveled,36
a2986c3fc2,008,1,32,SPR4THW,SPRFROW,421.7999999999993,124.0,shape_dist_traveled,36
a2986c3fc2,008,1,33,SPRFROW,FROSPRN,132.10000000000122,26.0,shape_dist_traveled,36
a2986c3fc2,008,1,34,FROSPRN,NATMCCBW,539.3999999999987,108.0,shape_dist_traveled,36
a2986c3fc2,008,1,35,NATMCCBW,NEIBRON,300.40000000000157,60.0,shape_dist_traveled,36
a2986c3fc2,008,1,36,NEIBRON,NEISPRUN,422.49999999999943,85.0,shape_dist_traveled,36
a2986c3fc2,008,1,37,NEISPRUN,NEICOLN,392.199999999999,81.0,shape_dist_traveled,36
a2986c3fc2,008,1,38,NEICOLN,NEIHUBN,240.6000000000006,35.0,shape_dist_traveled,36
a2986c3fc2,008,1,39,NEIHUBN,NEI1STN,224.2999999999995,32.0,shape_dist_traveled,36
a2986c3fc2,008,1,40,NEI1STN,NEI3RDN,370.4000000000001,54.0,shape_dist_traveled,36
a2986c3fc2,008,1,41,NEI3RDN,NEI4THN,206.0000000000013,30.0,shape_dist_traveled,36
a2986c3fc2,008,1,42,NEI4THN,NEI5THN,202.29999999999927,29.0,shape_dist_traveled,36
a2986c3fc2,008,1,43,NEI5THN,NEIKINN,393.8000000000006,57.0,shape_dist_traveled,36
a2986c3fc2,008,1,44,NEIKINN,NEI8THN,191.3,27.0,shape_dist_traveled,36
a2986c3fc2,008,1,45,NEI8THN,NEI10TN,222.50000000000014,36.0,shape_dist_traveled,36
a2986c3fc2,008,1,46,NEI10TN,W11WORTE,358.9000000000002,116.0,shape_dist_traveled,36
a2986c3fc2,008,1,47,W11WORTE,W12COLLE,516.8999999999996,167.0,shape_dist_traveled,36
a2986c3fc2,008,1,48,W12COLLE,HIGCHIS,237.8,77.0,shape_dist_traveled,36
a2986c3fc2,008,1,49,HIGCHIS,11THIGE,221.8,49.0,shape_dist_traveled,36
a2986c3fc2,008,1,50,11THIGE,11TINDE,288.7000000000004,64.0,shape_dist_traveled,36
a2986c3fc2,008,1,51,11TINDE,11T4THE,263.60000000000025,58.0,shape_dist_traveled,36
a2986c3fc2,008,1,52,11T4THE,11TGRAE,336.3999999999976,74.0,shape_dist_traveled,36
a2986c3fc2,008,1,53,11TGRAE,11TDAUE,214.3000000000015,47.0,shape_dist_traveled,36
a2986c3fc2,008,1,54,11TDAUE,11TESSE,496.29999999999797,110.0,shape_dist_traveled,36
a2986c3fc2,008,1,55,11TESSE,11TJEFE,339.70000000000056,78.0,shape_dist_traveled,36
a2986c3fc2,008,1,56,11TJEFE,CLECHIN,389.40000000000197,66.0,shape_dist_traveled,36
a2986c3fc2,008,1,57,CLECHIN,CLEWINN,217.9000000000002,37.0,shape_dist_traveled,36
a2986c3fc2,008,1,58,CLEWINN,CLE15TN,179.49999999999733,30.0,shape_dist_traveled,36
a2986c3fc2,008,1,59,CLE15TN,17TCLEW,266.60000000000036,45.0,shape_dist_traveled,36
a2986c3fc2,008,1,60,17TCLEW,HAM17TN,355.8000000000021,60.0,shape_dist_traveled,36
a2986c3fc2,008,1,61,HAM17TN,HAM20TN,328.6999999999978,56.0,shape_dist_traveled,36
a2986c3fc2,008,1,62,HAM20TN,HAM24TN,313.8000000000005,53.0,shape_dist_traveled,36
a2986c3fc2,008,1,63,HAM24TN,HAMDUXN,274.3000000000002,46.0,shape_dist_traveled,36
a2986c3fc2,008,1,64,HAMDUXN,HAMCLIN,331.50000000000193,56.0,shape_dist_traveled,36
a2986c3fc2,008,1,65,HAMCLIN,MCGHUDN,507.7999999999996,91.0,shape_dist_traveled,36
a2986c3fc2,008,1,66,MCGHUDN,MCGBRIN,240.99999999999966,30.0,shape_dist_traveled,36
a2986c3fc2,008,1,67,MCGBRIN,MCGOPPN,302.09999999999934,38.0,shape_dist_traveled,36
a2986c3fc2,008,1,68,MCGOPPN,MCGABEN,189.00000000000006,23.0,shape_dist_traveled,36
a2986c3fc2,008,1,69,MCGABEN,MCGWEBN,222.3000000000006,27.0,shape_dist_traveled,36
a2986c3fc2,008,1,70,MCGWEBN,MCGDELN,279.799999999998,35.0,shape_dist_traveled,36
a2986c3fc2,008,1,71,MCGDELN,MCGWELN,200.80000000000098,25.0,shape_dist_traveled,36
a2986c3fc2,008,1,72,MCGWELN,MCGNORN,288.80000000000194,36.0,shape_dist_traveled,36
a2986c3fc2,008,1,73,MCGNORN,MCGOAKN,182.5999999999972,26.0,shape_dist_traveled,36
a2986c3fc2,008,1,74,MCGOAKN,KAROAKN,275.90000000000003,35.0,shape_dist_traveled,36
a2986c3fc2,008,1,75,KAROAKN,KARHUYN,362.7000000000003,46.0,shape_dist_traveled,36
a2986c3fc2,008,1,76,KARHUYN,KARPAUN,246.50000000000105,31.0,shape_dist_traveled,36
a2986c3fc2,008,1,77,KARPAUN,KARACTN,217.50000000000114,28.0,shape_dist_traveled,36
a2986c3fc2,008,1,78,KARACTN,KARELMN,288.6999999999986,40.0,shape_dist_traveled,36
a2986c3fc2,008,1,79,KARELMN,KARCOON,355.599999999999,60.0,shape_dist_traveled,36
a2986c3fc2,008,1,80,KARCOON,KARSTON,327.7000000000001,55.0,shape_dist_traveled,36
a2986c3fc2,008,1,81,KARSTON,KARFERN1,326.70000000000243,55.0,shape_dist_traveled,36
a2986c3fc2,008,1,82,KARFERN1,KARSHAN,506.1,85.0,shape_dist_traveled,36
a2986c3fc2,008,1,83,KARSHAN,KARNORN,219.5999999999998,37.0,shape_dist_traveled,36
a2986c3fc2,008,1,84,KARNORN,MORKARE1,424.89999999999736,71.0,shape_dist_traveled,36
a2986c3fc2,008,1,85,MORKARE1,TAM463N,679.9,115.0,shape_dist_traveled,36
a2986c3fc2,008,1,86,TAM463N,REDTAMW,347.0000000000013,62.0,shape_dist_traveled,36
a2986c3fc2,008,1,87,REDTAMW,REDROCW,240.50000000000082,26.0,shape_dist_traveled,36
a2986c3fc2,008,1,88,REDROCW,REDSONW,236.7999999999988,26.0,shape_dist_traveled,36
a2986c3fc2,008,1,89,REDSONW,KARNORMN,399.90000000000236,44.0,shape_dist_traveled,36
a2986c3fc2,008,1,90,KARNORMN,KARPENN,388.79999999999984,43.0,shape_dist_traveled,36
a2986c3fc2,008,1,91,KARPENN,KARSANN,643.2000000000003,71.0,shape_dist_traveled,36
a2986c3fc2,008,1,92,KARSANN,KARCOLN,406.8999999999967,45.0,shape_dist_traveled,36
a2986c3fc2,008,1,93,KARCOLN,KARHEMN,383.40000000000174,45.0,shape_dist_traveled,36
a2986c3fc2,008,1,94,KARHEMN,161KARW,358.4999999999994,47.0,shape_dist_traveled,36
a2986c3fc2,008,1,95,161KARW,161AMBW,493.9,64.0,shape_dist_traveled,36
a2986c3fc2,008,1,96,161AMBW,BOASHAN,971.7999999999982,129.0,shape_dist_traveled,36
4f79e2646c,008,1,0,GRERIDE,OBESOUE,581.9,80.0,shape_dist_traveled,35
4f79e2646c,008,1,1,OBESOUE,OBEBETE,379.70000000000005,52.0,shape_dist_traveled,35
4f79e2646c,008,1,2,OBEBETE,OBE301E,136.3000000000001,18.0,shape_dist_traveled,35
4f79e2646c,008,1,3,OBE301E,OBE433E,287.39999999999986,39.0,shape_dist_traveled,35
4f79e2646c,008,1,4,OBE433E,PAROBEN,155.10000000000002,21.0,shape_dist_traveled,35
4f79e2646c,008,1,5,PAROBEN,PARHARN,288.59999999999997,39.0,shape_dist_traveled,35
4f79e2646c,008,1,6,PARHARN,PARASHN,360.7000000000002,49.0,shape_dist_traveled,35
4f79e2646c,008,1,7,PARASHN,PARWILN,416.8999999999996,62.0,shape_dist_traveled,35
4f79e2646c,008,1,8,PARWILN,PARRUMN,237.40000000000006,18.0,shape_dist_traveled,35
4f79e2646c,008,1,9,PARRUMN,PARHILN,403.79999999999995,32.0,shape_dist_traveled,35
4f79e2646c,008,1,10,PARHILN,PARZIEN,612.1000000000004,48.0,shape_dist_traveled,35
4f79e2646c,008,1,11,PARZIEN,PARALCN,366.59999999999957,29.0,shape_dist_traveled,35
4f79e2646c,008,1,12,PARALCN,PARCORN,325.70000000000033,25.0,shape_dist_traveled,35
4f79e2646c,008,1,13,PARCORN,PARDERN,365.7000000000004,29.0,shape_dist_traveled,35
4f79e2646c,008,1,14,PARDERN,PARGROVN,712.3999999999997,59.0,shape_dist_traveled,35
4f79e2646c,008,1,15,PARGROVN,PARMARN,557.9000000000001,88.0,shape_dist_traveled,35
4f79e2646c,008,1,16,PARMARN,PARINNN,276.49999999999955,44.0,shape_dist_traveled,35
4f79e2646c,008,1,17,PARINNN,PARMORN,409.69999999999993,65.0,shape_dist_traveled,35
4f79e2646c,008,1,18,PARMORN,PARMARN1,158.20000000000078,25.0,shape_dist_traveled,35
4f79e2646c,008,1,19,PARMARN1,PARJENN,273.49999999999943,43.0,shape_dist_traveled,35
4f79e2646c,008,1,20,PARJENN,PARFREN,206.5000000000001,35.0,shape_dist_traveled,35
4f79e2646c,008,1,21,PARFREN,PARGATN,229.40000000000003,49.0,shape_dist_traveled,35
4f79e2646c,008,1,22,PARGATN,PARTHUN,233.50000000000026,50.0,shape_dist_traveled,35
4f79e2646c,008,1,23,PARTHUN,PARSTEN,266.60000000000036,57.0,shape_dist_traveled,35
4f79e2646c,008,1,24,PARSTEN,PARWHIN,316.59999999999934,67.0,shape_dist_traveled,35
4f79e2646c,008,1,25,PARWHIN,PARSYCN,551.0000000000001,117.0,shape_dist_traveled,35
4f79e2646c,008,1,26,PARSYCN,LIVPARW,363.5999999999999,80.0,shape_dist_traveled,35
4f79e2646c,008,1,27,LIVPARW,LIVGRANW,538.9999999999997,130.0,shape_dist_traveled,35
4f79e2646c,008,1,28,LIVGRANW,LIVMOHW,298.6000000000004,72.0,shape_dist_traveled,35
4f79e2646c,008,1,29,LIVMOHW,EMOS3RDW,494.5000000000004,119.0,shape_dist_traveled,35
4f79e2646c,008,1,30,EMOS3RDW,MOUHIGW1,244.29999999999907,58.0,shape_dist_traveled,35
4f79e2646c,008,1,31,MOUHIGW1,MAIHIGE,267.50000000000006,64.0,shape_dist_traveled,35
4f79e2646c,008,1,32,MAIHIGE,4THTOWN,553.1000000000006,133.0,shape_dist_traveled,35
4f79e2646c,008,1,33,4THTOWN,4THCAPN,337.50000000000034,84.0,shape_dist_traveled,35
4f79e2646c,008,1,34,4THCAPN,4THATHN,209.79999999999956,73.0,shape_dist_traveled,35
4f79e2646c,008,1,35,4THATHN,SPR4THW,399.20000000000044,139.0,shape_dist_traveled,35
4f79e2646c,008,1,36,SPR4THW,SPRFROW,421.69999999999953,148.0,shape_dist_traveled,35
4f79e2646c,008,1,37,SPRFROW,FROSPRN,132.09999999999945,26.0,shape_dist_traveled,35
4f79e2646c,008,1,38,FROSPRN,NATMCCBW,539.4000000000005,108.0,shape_dist_traveled,35
4f79e2646c,008,1,39,NATMCCBW,NEIBRON,300.39999999999975,60.0,shape_dist_traveled,35
4f79e2646c,008,1,40,NEIBRON,NEISPRUN,422.5999999999992,85.0,shape_dist_traveled,35
4f79e2646c,008,1,41,NEISPRUN,NEICOLN,392.2000000000008,81.0,shape_dist_traveled,35
4f79e2646c,008,1,42,NEICOLN,NEIHUBN,240.50000000000082,35.0,shape_dist_traveled,35
4f79e2646c,008,1,43,NEIHUBN,NEI1STN,224.2999999999995,32.0,shape_dist_traveled,35
4f79e2646c,008,1,44,NEI1STN,NEI3RDN,370.49999999999983,54.0,shape_dist_traveled,35
4f79e2646c,008,1,45,NEI3RDN,NEI4THN,206.0000000000013,30.0,shape_dist_traveled,35
4f79e2646c,008,1,46,NEI4THN,NEI5THN,202.29999999999748,29.0,shape_dist_traveled,35
4f79e2646c,008,1,47,NEI5THN,NEIKINN,393.80000000000234,57.0,shape_dist_traveled,35
4f79e2646c,008,1,48,NEIKINN,NEI8THN,191.19999999999848,27.0,shape_dist_traveled,35
4f79e2646c,008,1,49,NEI8THN,NEI10TN,222.50000000000014,36.0,shape_dist_traveled,35
4f79e2646c,008,1,50,NEI10TN,W11WORTE,359.00000000000176,116.0,shape_dist_traveled,35
4f79e2646c,008,1,51,W11WORTE,W12COLLE,516.8999999999996,167.0,shape_dist_traveled,35
4f79e2646c,008,1,52,W12COLLE,HIGCHIS,237.8,77.0,shape_dist_traveled,35
4f79e2646c,008,1,53,HIGCHIS,11THIGE,221.69999999999845,49.0,shape_dist_traveled,35
4f79e2646c,008,1,54,11THIGE,11TINDE,288.6999999999986,64.0,shape_dist_traveled,35
4f79e2646c,008,1,55,11TINDE,11T4THE,263.70000000000005,58.0,shape_dist_traveled,35
4f79e2646c,008,1,56,11T4THE,11TGRAE,336.4000000000011,74.0,shape_dist_traveled,35
4f79e2646c,008,1,57,11TGRAE,11TDAUE,214.3000000000015,47.0,shape_dist_traveled,35
4f79e2646c,008,1,58,11TDAUE,11TESSE,496.29999999999797,110.0,shape_dist_traveled,35
4f79e2646c,008,1,59,11TESSE,11TJEFE,339.70000000000056,78.0,shape_dist_traveled,35
4f79e2646c,008,1,60,11TJEFE,CLECHIN,389.40000000000197,66.0,shape_dist_traveled,35
4f79e2646c,008,1,61,CLECHIN,CLEWINN,217.9000000000002,37.0,shape_dist_traveled,35
4f79e2646c,008,1,62,CLEWINN,CLE15TN,179.49999999999733,30.0,shape_dist_traveled,35
4f79e2646c,008,1,63,CLE15TN,17TCLEW,266.60000000000036,45.0,shape_dist_traveled,35
4f79e2646c,008,1,64,17TCLEW,HAM17TN,355.8000000000021,60.0,shape_dist_traveled,35
4f79e2646c,008,1,65,HAM17TN,HAM20TN,328.6999999999978,56.0,shape_dist_traveled,35
4f79e2646c,008,1,66,HAM20TN,HAM24TN,313.8000000000005,53.0,shape_dist_traveled,35
4f79e2646c,008,1,67,HAM24TN,HAMDUXN,274.3000000000002,46.0,shape_dist_traveled,35
4f79e2646c,008,1,68,HAMDUXN,HAMCLIN,331.49999999999835,56.0,shape_dist_traveled,35
4f79e2646c,008,1,69,HAMCLIN,MCGHUDN,507.80000000000314,91.0,shape_dist_traveled,35
4f79e2646c,008,1,70,MCGHUDN,MCGBRIN,240.99999999999966,30.0,shape_dist_traveled,35
4f79e2646c,008,1,71,MCGBRIN,MCGOPPN,301.9999999999996,38.0,shape_dist_traveled,35
4f79e2646c,008,1,72,MCGOPPN,MCGABEN,189.09999999999982,23.0,shape_dist_traveled,35
4f79e2646c,008,1,73,MCGABEN,MCGWEBN,222.3000000000006,27.0,shape_dist_traveled,35
4f79e2646c,008,1,74,MCGWEBN,MCGDELN,279.799999999998,35.0,shape_dist_traveled,35
4f79e2646c,008,1,75,MCGDELN,MCGWELN,200.80000000000098,25.0,shape_dist_traveled,35
4f79e2646c,008,1,76,MCGWELN,MCGNORN,288.79999999999836,36.0,shape_dist_traveled,35
4f79e2646c,008,1,77,MCGNORN,MCGOAKN,182.60000000000076,26.0,shape_dist_traveled,35
4f79e2646c,008,1,78,MCGOAKN,KAROAKN,275.90000000000003,35.0,shape_dist_traveled,35
4f79e2646c,008,1,79,KAROAKN,KARHUYN,362.6000000000005,46.0,shape_dist_traveled,35
4f79e2646c,008,1,80,KARHUYN,KARPAUN,246.60000000000082,31.0,shape_dist_traveled,35
4f79e2646c,008,1,81,KARPAUN,KARACTN,217.49999999999758,28.0,shape_dist_traveled,35
4f79e2646c,008,1,82,KARACTN,KARELMN,288.6000000000024,40.0,shape_dist_traveled,35
4f79e2646c,008,1,83,KARELMN,KARCOON,355.6999999999988,53.0,shape_dist_traveled,35
4f79e2646c,008,1,84,KARCOON,KARSTON,327.7000000000001,49.0,shape_dist_traveled,35
4f79e2646c,008,1,85,KARSTON,KARFERN1,326.6999999999989,49.0,shape_dist_traveled,35
4f79e2646c,008,1,86,KARFERN1,KARSHAN,506.1,76.0,shape_dist_traveled,35
4f79e2646c,008,1,87,KARSHAN,KARNORN,219.5999999999998,33.0,shape_dist_traveled,35
4f79e2646c,008,1,88,KARNORN,MORKARE1,424.8000000000012,63.0,shape_dist_traveled,35
4f79e2646c,008,1,89,MORKARE1,TAM463N,679.9999999999998,102.0,shape_dist_traveled,35
4f79e2646c,008,1,90,TAM463N,REDTAMW,347.0000000000013,55.0,shape_dist_traveled,35
4f79e2646c,008,1,91,REDTAMW,REDROCW,240.50000000000082,26.0,shape_dist_traveled,35
4f79e2646c,008,1,92,REDROCW,REDSONW,236.69999999999902,26.0,shape_dist_traveled,35
4f79e2646c,008,1,93,REDSONW,KARNORMN,399.89999999999884,44.0,shape_dist_traveled,35
4f79e2646c,008,1,94,KARNORMN,KARPENN,388.8999999999996,43.0,shape_dist_traveled,35
4f79e2646c,008,1,95,KARPENN,KARSANN,643.1000000000005,71.0,shape_dist_traveled,35
4f79e2646c,008,1,96,KARSANN,KARCOLN,407.0,45.0,shape_dist_traveled,35
4f79e2646c,008,1,97,KARCOLN,KARHEMN,383.40000000000174,45.0,shape_dist_traveled,35
4f79e2646c,008,1,98,KARHEMN,161KARW,358.4999999999994,47.0,shape_dist_traveled,35
4f79e2646c,008,1,99,161KARW,161AMBW,493.89999999999645,64.0,shape_dist_traveled,35
4f79e2646c,008,1,100,161AMBW,BOASHAN,971.7000000000055,129.0,shape_dist_traveled,35
1b5b5aaddb,009,0,0,WESRIDW,BROWESWE,296.70000000000005,38.0,shape_dist_traveled,19
1b5b5aaddb,009,0,1,BROWESWE,NORGRES1,606.9,79.0,shape_dist_traveled,19
1b5b5aaddb,009,0,2,NORGRES1,NORPALS,198.19999999999993,26.0,shape_dist_traveled,19
1b5b5aaddb,009,0,3,NORPALS,NOROWES,338.40000000000003,44.0,shape_dist_traveled,19
1b5b5aaddb,009,0,4,NOROWES,NORSULS,264.8000000000001,34.0,shape_dist_traveled,19
1b5b5aaddb,009,0,5,NORSULS,NORFLOS,450.80000000000007,59.0,shape_dist_traveled,19
1b5b5aaddb,009,0,6,NORFLOS,NORCLAS,418.6999999999999,55.0,shape_dist_traveled,19
1b5b5aaddb,009,0,7,NORCLAS,NORCHES,338.09999999999985,44.0,shape_dist_traveled,19
1b5b5aaddb,009,0,8,NORCHES,NORHALS,282.70000000000016,41.0,shape_dist_traveled,19
1b5b5aaddb,009,0,9,NORHALS,NORLINS,261.0999999999999,30.0,shape_dist_traveled,19
1b5b5aaddb,009,0,10,NORLINS,NORBAYS,284.0000000000002,32.0,shape_dist_traveled,19
1b5b5aaddb,009,0,11,NORBAYS,NORKENS,463.09999999999985,53.0,shape_dist_traveled,19
1b5b5aaddb,009,0,12,NORKENS,NORCHAS,296.9999999999997,34.0,shape_dist_traveled,19
1b5b5aaddb,009,0,13,NORCHAS,GEONORE,449.7,51.0,shape_dist_traveled,19
1b5b5aaddb,009,0,14,GEONORE,GEOLONE,517.7000000000005,59.0,shape_dist_traveled,19
1b5b5aaddb,009,0,15,GEOLONE,GEOKRIE,329.49999999999943,41.0,shape_dist_traveled,19
1b5b5aaddb,009,0,16,GEOKRIE,GEOBOLE,461.40000000000026,78.0,shape_dist_traveled,19
1b5b5aaddb,009,0,17,GEOBOLE,GEOWALW,1740.9999999999995,295.0,shape_dist_traveled,19
1b5b5aaddb,009,0,18,GEOWALW,GEOPARN,628.4000000000001,106.0,shape_dist_traveled,19
1b5b5aaddb,009,0,19,GEOPARN,GEOHALN,275.9999999999998,46.0,shape_dist_traveled,19
1b5b5aaddb,009,0,20,GEOHALN,GEO106N,185.10000000000025,31.0,shape_dist_traveled,19
1b5b5aaddb,009,0,21,GEO106N,CLIGEON,242.700000000001,44.0,shape_dist_traveled,19
1b5b5aaddb,009,0,22,CLIGEON,CLIBIGE,371.59999999999906,39.0,shape_dist_traveled,19
1b5b5aaddb,009,0,23,CLIBIGE,CLISAVE,354.00000000000097,38.0,shape_dist_traveled,19
1b5b5aaddb,009,0,24,CLISAVE,CLIHOLE,339.49999999999926,36.0,shape_dist_traveled,19
1b5b5aaddb,009,0,25,CLIHOLE,CLIWEDE,508.20000000000044,54.0,shape_dist_traveled,19
1b5b5aaddb,009,0,26,CLIWEDE,CLIMCCE,188.20000000000016,20.0,shape_dist_traveled,19
1b5b5aaddb,009,0,27,CLIMCCE,DEMSHON,544.7999999999986,58.0,shape_dist_traveled,19
1b5b5aaddb,009,0,28,DEMSHON,DEMBRGN,485.70000000000135,55.0,shape_dist_traveled,19
1b5b5aaddb,009,0,29,DEMBRGN,BRIBIRE,520.2999999999988,57.0,shape_dist_traveled,19
1b5b5aaddb,009,0,30,BRIBIRE,BRIBINE,396.30000000000007,43.0,shape_dist_traveled,19
1b5b5aaddb,009,0,31,BRIBINE,HAGBRIN,384.10000000000014,42.0,shape_dist_traveled,19
1b5b5aaddb,009,0,32,HAGBRIN,HAGROSN,392.3000000000005,43.0,shape_dist_traveled,19
1b5b5aaddb,009,0,33,HAGROSN,HAGVANN,243.70000000000047,26.0,shape_dist_traveled,19
1b5b5aaddb,009,0,34,HAGVANN,MOUHAGE1,418.9999999999987,46.0,shape_dist_traveled,19
1b5b5aaddb,009,0,35,MOUHAGE1,MOURACE,178.9000000000005,19.0,shape_dist_traveled,19
1b5b5aaddb,009,0,36,MOURACE,MOURICE,377.29999999999995,41.0,shape_dist_traveled,19
1b5b5aaddb,009,0,37,MOURICE,MOUWAYE,341.800000000001,43.0,shape_dist_traveled,19
1b5b5aaddb,009,0,38,MOUWAYE,MOUHIGE,397.8999999999999,52.0,shape_dist_traveled,19
1b5b5aaddb,009,0,39,MOUHIGE,MOUCLAE,211.2999999999996,27.0,shape_dist_traveled,19
1b5b5aaddb,009,0,40,MOUCLAE,MOUBUTE,215.50000000000045,28.0,shape_dist_traveled,19
1b5b5aaddb,009,0,41,MOUBUTE,MOUWREE,223.29999999999828,29.0,shape_dist_traveled,19
1b5b5aaddb,009,0,42,MOUWREE,MOUCLAE1,338.40000000000003,44.0,shape_dist_traveled,19
1b5b5aaddb,009,0,43,MOUCLAE1,MOULARE,181.59999999999954,23.0,shape_dist_traveled,19
1b5b5aaddb,009,0,44,MOULARE,MOUEDWE,221.700000000002,29.0,shape_dist_traveled,19
1b5b5aaddb,009,0,45,MOUEDWE,MOURYAE,206.59999999999812,27.0,shape_dist_traveled,19
1b5b5aaddb,009,0,46,MOURYAE,MOUCENE,290.10000000000247,41.0,shape_dist_traveled,19
1b5b5aaddb,009,0,47,MOUCENE,CENTHON,388.8999999999996,55.0,shape_dist_traveled,19
1b5b5aaddb,009,0,48,CENTHON,CENSULN,270.8999999999975,38.0,shape_dist_traveled,19
1b5b5aaddb,009,0,49,CENSULN,CENRICN,371.4000000000013,53.0,shape_dist_traveled,19
1b5b5aaddb,009,0,50,CENRICN,TOWBREE,202.60000000000034,28.0,shape_dist_traveled,19
1b5b5aaddb,009,0,51,TOWBREE,TOWPRIE,199.4000000000007,28.0,shape_dist_traveled,19
1b5b5aaddb,009,0,52,TOWPRIE,TOWYALE,237.89999999999978,34.0,shape_dist_traveled,19
1b5b5aaddb,009,0,53,TOWYALE,TOWCYPE,226.80000000000078,32.0,shape_dist_traveled,19
1b5b5aaddb,009,0,54,TOWCYPE,TOWHAWE,257.9999999999991,36.0,shape_dist_traveled,19
1b5b5aaddb,009,0,55,TOWHAWE,TOWDAVE,359.099999999998,56.0,shape_dist_traveled,19
1b5b5aaddb,009,0,56,TOWDAVE,RICGRUE,560.5000000000011,111.0,shape_dist_traveled,19
1b5b5aaddb,009,0,57,RICGRUE,RICMCDE,257.20000000000095,51.0,shape_dist_traveled,19
1b5b5aaddb,009,0,58,RICMCDE,RICSTAE,337.5999999999983,67.0,shape_dist_traveled,19
1b5b5aaddb,009,0,59,RICSTAE,MAILUDE,584.7000000000015,116.0,shape_dist_traveled,19
1b5b5aaddb,009,0,60,MAILUDE,FROTOWN,411.99999999999903,82.0,shape_dist_traveled,19
1b5b5aaddb,009,0,61,FROTOWN,FROGAYN,559.5999999999997,113.0,shape_dist_traveled,19
1b5b5aaddb,009,0,62,FROGAYN,LONHIGE,234.5000000000006,120.0,shape_dist_traveled,19
1b5b5aaddb,009,0,63,LONHIGE,LON4THE,384.00000000000034,113.0,shape_dist_traveled,19
1b5b5aaddb,009,0,64,LON4THE,LONNORE,263.79999999999984,78.0,shape_dist_traveled,19
1b5b5aaddb,009,0,65,LONNORE,LONCLEE,270.19999999999914,79.0,shape_dist_traveled,19
1b5b5aaddb,009,0,66,LONCLEE,LONWASE,298.6000000000004,90.0,shape_dist_traveled,19
1b5b5aaddb,009,0,67,LONWASE,LONJEFE,238.6000000000017,40.0,shape_dist_traveled,19
1b5b5aaddb,009,0,68,LONJEFE,MARHAME,460.3000000000002,78.0,shape_dist_traveled,19
1b5b5aaddb,009,0,69,MARHAME,SAIBUCN,489.10000000000053,82.0,shape_dist_traveled,19
1b5b5aaddb,009,0,70,SAIBUCN,SAIOLDN,316.5999999999975,53.0,shape_dist_traveled,19
1b5b5aaddb,009,0,71,SAIOLDN,SAIOPPN,618.1000000000018,107.0,shape_dist_traveled,19
1b5b5aaddb,009,0,72,SAIOPPN,SAI4THN,363.7999999999977,34.0,shape_dist_traveled,19
1b5b5aaddb,009,0,73,SAI4THN,5THSAIE,258.5000000000015,24.0,shape_dist_traveled,19
1b5b5aaddb,009,0,74,5THSAIE,5TH20TE,614.1000000000006,58.0,shape_dist_traveled,19
1b5b5aaddb,009,0,75,5TH20TE,5TH23RE,331.3999999999986,31.0,shape_dist_traveled,19
1b5b5aaddb,009,0,76,5TH23RE,5THBASE,416.9000000000018,39.0,shape_dist_traveled,19
1b5b5aaddb,009,0,77,5THBASE,5THTAYE,195.29999999999959,18.0,shape_dist_traveled,19
1b5b5aaddb,009,0,78,5THTAYE,5THLEONE,359.2999999999975,36.0,shape_dist_traveled,19
1b5b5aaddb,009,0,79,5THLEONE,BRELEON,677.2000000000027,84.0,shape_dist_traveled,19
1b5b5aaddb,009,0,80,BRELEON,BREWOON,399.79999999999905,49.0,shape_dist_traveled,19
1b5b5aaddb,009,0,81,BREWOON,BRE1257N,244.29999999999907,30.0,shape_dist_traveled,19
1b5b5aaddb,009,0,82,BRE1257N,BRELISN,265.49999999999943,33.0,shape_dist_traveled,19
1b5b5aaddb,009,0,83,BRELISN,BREHOLN,390.7000000000025,48.0,shape_dist_traveled,19
1b5b5aaddb,009,0,84,BREHOLN,BREARGN,475.19999999999743,59.0,shape_dist_traveled,19
1b5b5aaddb,009,0,85,BREARGN,BREMIDN,244.60000000000193,30.0,shape_dist_traveled,19
1b5b5aaddb,009,0,86,BREMIDN,BREDELN,468.90000000000146,58.0,shape_dist_traveled,19
1b5b5aaddb,009,0,87,BREDELN,BREDAWN,207.2999999999965,29.0,shape_dist_traveled,19
1b5b5aaddb,009,0,88,BREDAWN,BREMARN,293.8000000000045,31.0,shape_dist_traveled,19
1b5b5aaddb,009,0,89,BREMARN,MYRBREW,221.59999999999513,23.0,shape_dist_traveled,19
1b5b5aaddb,009,0,90,MYRBREW,MYRWOOW,193.400000000004,20.0,shape_dist_traveled,19
1b5b5aaddb,009,0,91,MYRWOOW,EARPERW,242.79999999999546,26.0,shape_dist_traveled,19
1b5b5aaddb,009,0,92,EARPERW,PERABEN,332.00000000000074,35.0,shape_dist_traveled,19
1b5b5aaddb,009,0,93,PERABEN,PERDENN,187.30000000000047,20.0,shape_dist_traveled,19
1b5b5aaddb,009,0,94,PERDENN,PER272N,264.6000000000015,28.0,shape_dist_traveled,19
1b5b5aaddb,009,0,95,PER272N,PERAGLN,249.4999999999976,26.0,shape_dist_traveled,19
1b5b5aaddb,009,0,96,PERAGLN,AGLWOOE,199.40000000000424,21.0,shape_dist_traveled,19
1b5b5aaddb,009,0,97,AGLWOOE,AGLBRIE,438.49999999999767,47.0,shape_dist_traveled,19
1b5b5aaddb,009,0,98,AGLBRIE,AGLCLUE,411.59999999999997,44.0,shape_dist_traveled,19
1b5b5aaddb,009,0,99,AGLCLUE,SUNCASN,616.3999999999987,66.0,shape_dist_traveled,19
1b5b5aaddb,009,0,100,SUNCASN,SUNMCUN,805.7000000000016,93.0,shape_dist_traveled,19
1b5b5aaddb,009,0,101,SUNMCUN,SUNPATN,936.5999999999985,108.0,shape_dist_traveled,19
1b5b5aaddb,009,0,102,SUNPATN,EASSUNE,890.900000000002,103.0,shape_dist_traveled,19
1b5b5aaddb,009,0,103,EASSUNE,EASMORE,799.7999999999977,92.0,shape_dist_traveled,19
1b5b5aaddb,009,0,104,EASMORE,EASEASPE,295.20000000000124,34.0,shape_dist_traveled,19
1b5b5aaddb,009,0,105,EASEASPE,EASCHAE,236.29999999999995,27.0,shape_dist_traveled,19
1b5b5aaddb,009,0,106,EASCHAE,STECOLN,791.1000000000001,91.0,shape_dist_traveled,19
1b5b5aaddb,009,0,107,STECOLN,STEWORN,355.49999999999926,41.0,shape_dist_traveled,19
1b5b5aaddb,009,0,108,STEWORN,STEMORN1,368.6000000000007,42.0,shape_dist_traveled,19
1b5b5aaddb,009,0,109,STEMORN1,STE418N,137.3000000000033,15.0,shape_dist_traveled,19
1b5b5aaddb,009,0,110,STE418N,EASTER8,375.0999999999962,47.0,shape_dist_traveled,19
48eca21c4b,009,1,0,EASTER8,STELSAMS,549.8,68.0,shape_dist_traveled,19
48eca21c4b,009,1,1,STELSAMS,STEMORS1,302.5,37.0,shape_dist_traveled,19
48eca21c4b,009,1,2,STEMORS1,STEWORS,328.3000000000001,40.0,shape_dist_traveled,19
48eca21c4b,009,1,3,STEWORS,STEALSS,164.69999999999985,20.0,shape_dist_traveled,19
48eca21c4b,009,1,4,STEALSS,EASEASW,673.6,83.0,shape_dist_traveled,19
48eca21c4b,009,1,5,EASEASW,EASEASPW,416.6000000000003,51.0,shape_dist_traveled,19
48eca21c4b,009,1,6,EASEASPW,EASMORW,424.89999999999964,52.0,shape_dist_traveled,19
48eca21c4b,009,1,7,EASMORW,EASSUNW,589.2000000000004,73.0,shape_dist_traveled,19
48eca21c4b,009,1,8,EASSUNW,SUNPATS,956.3999999999995,119.0,shape_dist_traveled,19
48eca21c4b,009,1,9,SUNPATS,SUNINNS,898.2000000000002,117.0,shape_dist_traveled,19
48eca21c4b,009,1,10,SUNINNS,SUNAGLS,832.3000000000001,100.0,shape_dist_traveled,19
48eca21c4b,009,1,11,SUNAGLS,AGLCLUW,547.5000000000003,65.0,shape_dist_traveled,19
48eca21c4b,009,1,12,AGLCLUW,AGLBRIWW,449.49999999999955,54.0,shape_dist_traveled,19
48eca21c4b,009,1,13,AGLBRIWW,AGLWOOW,416.59999999999985,50.0,shape_dist_traveled,19
48eca21c4b,009,1,14,AGLWOOW,PERAGLS,207.30000000000004,24.0,shape_dist_traveled,19
48eca21c4b,009,1,15,PERAGLS,PER271S,274.6000000000004,33.0,shape_dist_traveled,19
48eca21c4b,009,1,16,PER271S,PERDENS,223.4999999999996,26.0,shape_dist_traveled,19
48eca21c4b,009,1,17,PERDENS,PERMINS,308.40000000000066,37.0,shape_dist_traveled,19
48eca21c4b,009,1,18,PERMINS,EARPERE,285.0999999999999,34.0,shape_dist_traveled,19
48eca21c4b,009,1,19,EARPERE,MYRWOOE,218.60000000000036,26.0,shape_dist_traveled,19
48eca21c4b,009,1,20,MYRWOOE,BREMYRS,255.4999999999996,30.0,shape_dist_traveled,19
48eca21c4b,009,1,21,BREMYRS,BREMARS,214.49999999999926,25.0,shape_dist_traveled,19
48eca21c4b,009,1,22,BREMARS,BREMOCS,256.8999999999999,36.0,shape_dist_traveled,19
48eca21c4b,009,1,23,BREMOCS,BREDELS,241.50000000000028,32.0,shape_dist_traveled,19
48eca21c4b,009,1,24,BREDELS,BREMIDS,369.69999999999993,50.0,shape_dist_traveled,19
48eca21c4b,009,1,25,BREMIDS,BREARGS,292.7999999999997,39.0,shape_dist_traveled,19
48eca21c4b,009,1,26,BREARGS,BREHOLS,434.9000000000007,59.0,shape_dist_traveled,19
48eca21c4b,009,1,27,BREHOLS,BREORIS,289.30000000000075,39.0,shape_dist_traveled,19
48eca21c4b,009,1,28,BREORIS,BRE125S,408.9999999999989,55.0,shape_dist_traveled,19
48eca21c4b,009,1,29,BRE125S,BREWOOS,222.3000000000006,30.0,shape_dist_traveled,19
48eca21c4b,009,1,30,BREWOOS,BRELEOS,453.79999999999933,61.0,shape_dist_traveled,19
48eca21c4b,009,1,31,BRELEOS,5THPKWW,804.1,115.0,shape_dist_traveled,19
48eca21c4b,009,1,32,5THPKWW,5THTAYW,145.30000000000064,15.0,shape_dist_traveled,19
48eca21c4b,009,1,33,5THTAYW,5THBASW,280.5,28.0,shape_dist_traveled,19
48eca21c4b,009,1,34,5THBASW,5THJOYW,354.69999999999936,36.0,shape_dist_traveled,19
48eca21c4b,009,1,35,5THJOYW,5TH20TW,425.6000000000011,43.0,shape_dist_traveled,19
48eca21c4b,009,1,36,5TH20TW,SAIGIBS,803.4999999999997,82.0,shape_dist_traveled,19
48eca21c4b,009,1,37,SAIGIBS,SAI2NDS,313.5999999999992,36.0,shape_dist_traveled,19
48eca21c4b,009,1,38,SAI2NDS,SAIOLDS,740.4999999999991,133.0,shape_dist_traveled,19
48eca21c4b,009,1,39,SAIOLDS,SAIBUCS,256.4000000000028,46.0,shape_dist_traveled,19
48eca21c4b,009,1,40,SAIBUCS,SPRHAMW,561.399999999999,101.0,shape_dist_traveled,19
48eca21c4b,009,1,41,SPRHAMW,SPRMOUW,439.69999999999845,80.0,shape_dist_traveled,19
48eca21c4b,009,1,42,SPRMOUW,SPRCLEW,232.30000000000217,66.0,shape_dist_traveled,19
48eca21c4b,009,1,43,SPRCLEW,SPRGRAW,165.59999999999775,47.0,shape_dist_traveled,19
48eca21c4b,009,1,44,SPRGRAW,SPRNEIW,205.40000000000092,58.0,shape_dist_traveled,19
48eca21c4b,009,1,45,SPRNEIW,SPR4THW,263.60000000000025,75.0,shape_dist_traveled,19
48eca21c4b,009,1,46,SPR4THW,SPRHIGW,291.8999999999983,83.0,shape_dist_traveled,19
48eca21c4b,009,1,47,SPRHIGW,FROLONS,308.5000000000022,91.0,shape_dist_traveled,19
48eca21c4b,009,1,48,FROLONS,FROBROS,386.099999999999,240.0,shape_dist_traveled,19
48eca21c4b,009,1,49,FROBROS,FROTOWS,321.40000000000055,54.0,shape_dist_traveled,19
48eca21c4b,009,1,50,FROTOWS,MAILUDW,372.49999999999875,63.0,shape_dist_traveled,19
48eca21c4b,009,1,51,MAILUDW,RICLUCW,764.6000000000015,129.0,shape_dist_traveled,19
48eca21c4b,009,1,52,RICLUCW,RICMCDW,177.09999999999937,29.0,shape_dist_traveled,19
48eca21c4b,009,1,53,RICMCDW,RICGRUW,281.30000000000166,47.0,shape_dist_traveled,19
48eca21c4b,009,1,54,RICGRUW,TOWDAVW,562.8999999999991,98.0,shape_dist_traveled,19
48eca21c4b,009,1,55,TOWDAVW,TOWHAWW,359.99999999999943,69.0,shape_dist_traveled,19
48eca21c4b,009,1,56,TOWHAWW,TOWDAKW,198.39999999999947,38.0,shape_dist_traveled,19
48eca21c4b,009,1,57,TOWDAKW,TOWYALW,309.79999999999916,59.0,shape_dist_traveled,19
48eca21c4b,009,1,58,TOWYALW,TOWPRIW,234.7999999999999,45.0,shape_dist_traveled,19
48eca21c4b,009,1,59,TOWPRIW,TOWBREW,201.5000000000029,38.0,shape_dist_traveled,19
48eca21c4b,009,1,60,TOWBREW,CENRICS,221.79999999999822,42.0,shape_dist_traveled,19
48eca21c4b,009,1,61,CENRICS,CENSULS,323.90000000000185,62.0,shape_dist_traveled,19
48eca21c4b,009,1,62,CENSULS,CENUNIS,256.79999999999836,49.0,shape_dist_traveled,19
48eca21c4b,009,1,63,CENUNIS,MOUCENWF,391.10000000000156,78.0,shape_dist_traveled,19
48eca21c4b,009,1,64,MOUCENWF,MOURYAW,246.80000000000035,32.0,shape_dist_traveled,19
48eca21c4b,009,1,65,MOURYAW,MOUTOWW,330.89999999999975,43.0,shape_dist_traveled,19
48eca21c4b,009,1,66,MOUTOWW,MOUWOOW,208.49999999999724,27.0,shape_dist_traveled,19
48eca21c4b,009,1,67,MOUWOOW,MOUHILW,347.30000000000064,45.0,shape_dist_traveled,19
48eca21c4b,009,1,68,MOUHILW,MOUBELW,194.80000000000075,25.0,shape_dist_traveled,19
48eca21c4b,009,1,69,MOUBELW,MOUCLAW,345.8000000000005,45.0,shape_dist_traveled,19
48eca21c4b,009,1,70,MOUCLAW,MOUHIGW2,218.59999999999857,28.0,shape_dist_traveled,19
48eca21c4b,009,1,71,MOUHIGW2,MOUWAYW,403.6000000000008,55.0,shape_dist_traveled,19
48eca21c4b,009,1,72,MOUWAYW,MOURICW,338.89999999999884,44.0,shape_dist_traveled,19
48eca21c4b,009,1,73,MOURICW,MOUWARW,340.70000000000175,44.0,shape_dist_traveled,19
48eca21c4b,009,1,74,MOUWARW,HAGMOUS,290.3999999999982,37.0,shape_dist_traveled,19
48eca21c4b,009,1,75,HAGMOUS,HAGVANS,342.0000000000023,44.0,shape_dist_traveled,19
48eca21c4b,009,1,76,HAGVANS,HAGROSS,275.39999999999765,35.0,shape_dist_traveled,19
48eca21c4b,009,1,77,HAGROSS,HAGBRIS,366.9000000000011,47.0,shape_dist_traveled,19
48eca21c4b,009,1,78,HAGBRIS,BRIBINW,438.7000000000007,57.0,shape_dist_traveled,19
48eca21c4b,009,1,79,BRIBINW,BRIBRIW,403.90000000000015,52.0,shape_dist_traveled,19
48eca21c4b,009,1,80,BRIBRIW,DEMBRIS1,424.5999999999981,60.0,shape_dist_traveled,19
48eca21c4b,009,1,81,DEMBRIS1,DEMCLIS,569.8000000000008,46.0,shape_dist_traveled,19
48eca21c4b,009,1,82,DEMCLIS,CLIMCCW,445.0000000000003,36.0,shape_dist_traveled,19
48eca21c4b,009,1,83,CLIMCCW,CLIWEDW,253.90000000000157,20.0,shape_dist_traveled,19
48eca21c4b,009,1,84,CLIWEDW,CLIHOLW,484.39999999999725,39.0,shape_dist_traveled,19
48eca21c4b,009,1,85,CLIHOLW,CLISAVW,346.10000000000343,28.0,shape_dist_traveled,19
48eca21c4b,009,1,86,CLISAVW,CLIBIGW,346.3999999999956,28.0,shape_dist_traveled,19
48eca21c4b,009,1,87,CLIBIGW,GEOCLIS,475.4000000000005,43.0,shape_dist_traveled,19
48eca21c4b,009,1,88,GEOCLIS,GEOHALS,343.0000000000035,52.0,shape_dist_traveled,19
48eca21c4b,009,1,89,GEOHALS,GEOPARS,233.79999999999512,35.0,shape_dist_traveled,19
48eca21c4b,009,1,90,GEOPARS,GEOWALW,418.3000000000021,63.0,shape_dist_traveled,19
48eca21c4b,009,1,91,GEOWALW,143GEOW,1720.9000000000003,262.0,shape_dist_traveled,19
48eca21c4b,009,1,92,143GEOW,GEOBOLW,224.40000000000282,34.0,shape_dist_traveled,19
48eca21c4b,009,1,93,GEOBOLW,GEOKRIW,604.9000000000007,94.0,shape_dist_traveled,19
48eca21c4b,009,1,94,GEOKRIW,GEOLONW,343.9999999999941,40.0,shape_dist_traveled,19
48eca21c4b,009,1,95,GEOLONW,GEONORW,455.600000000004,53.0,shape_dist_traveled,19
48eca21c4b,009,1,96,GEONORW,NORBRON1,508.40000000000174,59.0,shape_dist_traveled,19
48eca21c4b,009,1,97,NORBRON1,NORKENN,285.99999999999426,33.0,shape_dist_traveled,19
48eca21c4b,009,1,98,NORKENN,NORAPPN,563.1000000000057,65.0,shape_dist_traveled,19
48eca21c4b,009,1,99,NORAPPN,NORLINN,198.0999999999966,23.0,shape_dist_traveled,19
48eca21c4b,009,1,100,NORLINN,NORHALN,219.0000000000012,27.0,shape_dist_traveled,19
48eca21c4b,009,1,101,NORHALN,NORWESN,363.900000000001,40.0,shape_dist_traveled,19
48eca21c4b,009,1,102,NORWESN,NORWESN1,363.900000000001,40.0,shape_dist_traveled,19
48eca21c4b,009,1,103,NORWESN1,NORBRAN,356.9999999999993,40.0,shape_dist_traveled,19
48eca21c4b,009,1,104,NORBRAN,NORSULN,377.8000000000006,42.0,shape_dist_traveled,19
48eca21c4b,009,1,105,NORSULN,NOROWEN,337.7999999999943,38.0,shape_dist_traveled,19
48eca21c4b,009,1,106,NOROWEN,NORPALN,404.40000000000254,45.0,shape_dist_traveled,19
48eca21c4b,009,1,107,NORPALN,BROBUEW,343.20000000000306,38.0,shape_dist_traveled,19
48eca21c4b,009,1,108,BROBUEW,WESRIDW,650.7000000000005,77.0,shape_dist_traveled,19
699d0880db,010,0,0,WESRIDW,BROWESWE,296.70000000000005,49.0,shape_dist_traveled,33
699d0880db,010,0,1,BROWESWE,BRONORE,526.9999999999999,87.0,shape_dist_traveled,33
699d0880db,010,0,2,BRONORE,BROGLAE,329.7,54.0,shape_dist_traveled,33
699d0880db,010,0,3,BROGLAE,BRO476E,651.2,108.0,shape_dist_traveled,33
699d0880db,010,0,4,BRO476E,BROOLDE,289.70000000000005,48.0,shape_dist_traveled,33
699d0880db,010,0,5,BROOLDE,BROWESTE,783.7,134.0,shape_dist_traveled,33
699d0880db,010,0,6,BROWESTE,BROGEOE,455.89999999999975,72.0,shape_dist_traveled,33
699d0880db,010,0,7,BROGEOE,BRO386E,846.2000000000005,134.0,shape_dist_traveled,33
699d0880db,010,0,8,BRO386E,BROBROLE,160.29999999999944,25.0,shape_dist_traveled,33
699d0880db,010,0,9,BROBROLE,BROWILRE,291.7000000000005,46.0,shape_dist_traveled,33
699d0880db,010,0,10,BROWILRE,BROSOUTE,516.6999999999992,83.0,shape_dist_traveled,33
699d0880db,010,0,11,BROSOUTE,BROALGE,227.50000000000003,35.0,shape_dist_traveled,33
699d0880db,010,0,12,BROALGE,BROWESGE,238.50000000000017,36.0,shape_dist_traveled,33
699d0880db,010,0,13,BROWESGE,BROROYE,385.9000000000004,59.0,shape_dist_traveled,33
699d0880db,010,0,14,BROROYE,BROHAGE,314.7000000000002,50.0,shape_dist_traveled,33
699d0880db,010,0,15,BROHAGE,BROWARE,251.6999999999996,43.0,shape_dist_traveled,33
699d0880db,010,0,16,BROWARE,BROBURE,214.40000000000038,37.0,shape_dist_traveled,33
699d0880db,010,0,17,BROBURE,BROWAYE,386.8,67.0,shape_dist_traveled,33
699d0880db,010,0,18,BROWAYE,BROHIGE,302.69999999999976,52.0,shape_dist_traveled,33
699d0880db,010,0,19,BROHIGE,BROWHIE,313.6999999999999,54.0,shape_dist_traveled,33
699d0880db,010,0,20,BROWHIE,BROLECE,328.60000000000065,57.0,shape_dist_traveled,33
699d0880db,010,0,21,BROLECE,BROENTE,472.8999999999992,82.0,shape_dist_traveled,33
699d0880db,010,0,22,BROENTE,BROSTEE,531.2999999999998,92.0,shape_dist_traveled,33
699d0880db,010,0,23,BROSTEE,BROCENE,309.800000000001,56.0,shape_dist_traveled,33
699d0880db,010,0,24,BROCENE,BROWESPE,410.499999999999,67.0,shape_dist_traveled,33
699d0880db,010,0,25,BROWESPE,BROGLEE,282.5000000000006,46.0,shape_dist_traveled,33
699d0880db,010,0,26,BROGLEE,BROHAWE,360.40000000000026,59.0,shape_dist_traveled,33
699d0880db,010,0,27,BROHAWE,BRODAVE,395.99999999999903,68.0,shape_dist_traveled,33
699d0880db,010,0,28,BRODAVE,BROSKIE,343.09999999999974,52.0,shape_dist_traveled,33
699d0880db,010,0,29,BROSKIE,BROMAYE,209.80000000000132,32.0,shape_dist_traveled,33
699d0880db,010,0,30,BROMAYE,BROBELE,515.7999999999987,79.0,shape_dist_traveled,33
699d0880db,010,0,31,BROBELE,BROFROE,491.1000000000012,77.0,shape_dist_traveled,33
699d0880db,010,0,32,BROFROE,BROHIGE1,211.00000000000028,60.0,shape_dist_traveled,33
699d0880db,010,0,33,BROHIGE1,BRO3RDE,232.899999999999,86.0,shape_dist_traveled,33
699d0880db,010,0,34,BRO3RDE,BRO4THE,88.80000000000088,34.0,shape_dist_traveled,33
699d0880db,010,0,35,BRO4THE,BRO5THE,167.8999999999995,31.0,shape_dist_traveled,33
699d0880db,010,0,36,BRO5THE,BROGRAE,264.6999999999995,49.0,shape_dist_traveled,33
699d0880db,010,0,37,BROGRAE,BROWASAE,340.0999999999996,64.0,shape_dist_traveled,33
699d0880db,010,0,38,BROWASAE,BROJEFE,220.50000000000125,41.0,shape_dist_traveled,33
699d0880db,010,0,39,BROJEFE,BROPARSE,328.1999999999989,61.0,shape_dist_traveled,33
699d0880db,010,0,40,BROPARSE,BRODOUE,266.3000000000011,50.0,shape_dist_traveled,33
699d0880db,010,0,41,BRODOUE,BROHOFE,338.09999999999894,63.0,shape_dist_traveled,33
699d0880db,010,0,42,BROHOFE,BROOHIE,303.3000000000001,61.0,shape_dist_traveled,33
699d0880db,010,0,43,BROOHIE,BROCHAE,117.39999999999995,19.0,shape_dist_traveled,33
699d0880db,010,0,44,BROCHAE,BROWILAE,287.1000000000006,47.0,shape_dist_traveled,33
699d0880db,010,0,45,BROWILAE,BROLATE,241.79999999999956,39.0,shape_dist_traveled,33
699d0880db,010,0,46,BROLATE,BROFRA1E,233.3999999999996,38.0,shape_dist_traveled,33
699d0880db,010,0,47,BROFRA1E,BROWOOE,196.10000000000127,32.0,shape_dist_traveled,33
699d0880db,010,0,48,BROWOOE,BROFRA2E,288.89999999999816,47.0,shape_dist_traveled,33
699d0880db,010,0,49,BROFRA2E,BROMONE,221.50000000000247,36.0,shape_dist_traveled,33
699d0880db,010,0,50,BROMONE,BRONELE,239.7999999999989,42.0,shape_dist_traveled,33
699d0880db,010,0,51,BRONELE,BROPARE,341.5999999999997,45.0,shape_dist_traveled,33
699d0880db,010,0,52,BROPARE,BROPARKE,351.700000000001,46.0,shape_dist_traveled,33
699d0880db,010,0,53,BROPARKE,BRODREE,410.499999999999,54.0,shape_dist_traveled,33
699d0880db,010,0,54,BRODREE,BROCASAE,329.3999999999997,43.0,shape_dist_traveled,33
699d0880db,010,0,55,BROCASAE,BROCASIE,207.1000000000005,27.0,shape_dist_traveled,33
699d0880db,010,0,56,BROCASIE,BROSTANE,225.20000000000095,30.0,shape_dist_traveled,33
699d0880db,010,0,57,BROSTANE,BROMERE,264.599999999998,35.0,shape_dist_traveled,33
699d0880db,010,0,58,BROMERE,BROBRODE,169.60000000000264,22.0,shape_dist_traveled,33
699d0880db,010,0,59,BROBRODE,BROHARDE,275.9999999999998,36.0,shape_dist_traveled,33
699d0880db,010,0,60,BROHARDE,BROKELE,316.0999999999987,42.0,shape_dist_traveled,33
699d0880db,010,0,61,BROKELE,BROJAME,254.79999999999947,40.0,shape_dist_traveled,33
699d0880db,010,0,62,BROJAME,BROHAMPE,222.20000000000084,57.0,shape_dist_traveled,33
699d0880db,010,0,63,BROHAMPE,BRONAPE,321.3000000000008,82.0,shape_dist_traveled,33
699d0880db,010,0,64,BRONAPE,BRO367E,176.80000000000007,45.0,shape_dist_traveled,33
699d0880db,010,0,65,BRO367E,BROMAPE,168.59999999999786,43.0,shape_dist_traveled,33
699d0880db,010,0,66,BROMAPE,BROCOLE,226.1000000000024,58.0,shape_dist_traveled,33
699d0880db,010,0,67,BROCOLE,BROROBE,267.5999999999981,68.0,shape_dist_traveled,33
699d0880db,010,0,68,BROROBE,BROBEETE,125.39999999999907,32.0,shape_dist_traveled,33
699d0880db,010,0,69,BROBEETE,BROBEEWE,255.30000000000186,65.0,shape_dist_traveled,33
699d0880db,010,0,70,BROBEEWE,BRO4251E,316.0999999999987,81.0,shape_dist_traveled,33
699d0880db,010,0,71,BRO4251E,BROYEAE,258.5000000000015,69.0,shape_dist_traveled,33
699d0880db,010,0,72,BROYEAE,BROSANE,222.09999999999752,44.0,shape_dist_traveled,33
699d0880db,010,0,73,BROSANE,BROHOLE,282.6000000000022,56.0,shape_dist_traveled,33
699d0880db,010,0,74,BROHOLE,BROHAMIE,401.39999999999884,80.0,shape_dist_traveled,33
699d0880db,010,0,75,BROHAMIE,BROCARE,1199.4000000000008,121.0,shape_dist_traveled,33
699d0880db,010,0,76,BROCARE,BROMTCS,1755.2999999999984,179.0,shape_dist_traveled,33
fb8cd8123b,010,0,0,WESRIDW,BROWESWE,296.70000000000005,49.0,shape_dist_traveled,32
fb8cd8123b,010,0,1,BROWESWE,BRONORE,526.9999999999999,87.0,shape_dist_traveled,32
fb8cd8123b,010,0,2,BRONORE,BROGLAE,329.7,54.0,shape_dist_traveled,32
fb8cd8123b,010,0,3,BROGLAE,BRO476E,651.2,108.0,shape_dist_traveled,32
fb8cd8123b,010,0,4,BRO476E,BROOLDE,289.70000000000005,48.0,shape_dist_traveled,32
fb8cd8123b,010,0,5,BROOLDE,BROWESTE,783.7,134.0,shape_dist_traveled,32
fb8cd8123b,010,0,6,BROWESTE,BROGEOE,455.89999999999975,72.0,shape_dist_traveled,32
fb8cd8123b,010,0,7,BROGEOE,BRO386E,846.2000000000005,134.0,shape_dist_traveled,32
fb8cd8123b,010,0,8,BRO386E,BROBROLE,160.29999999999944,25.0,shape_dist_traveled,32
fb8cd8123b,010,0,9,BROBROLE,BROWILRE,291.7000000000005,46.0,shape_dist_traveled,32
fb8cd8123b,010,0,10,BROWILRE,BROSOUTE,516.6999999999992,83.0,shape_dist_traveled,32
fb8cd8123b,010,0,11,BROSOUTE,BROALGE,227.50000000000003,35.0,shape_dist_traveled,32
fb8cd8123b,010,0,12,BROALGE,BROWESGE,238.50000000000017,36.0,shape_dist_traveled,32
fb8cd8123b,010,0,13,BROWESGE,BROROYE,385.9000000000004,59.0,shape_dist_traveled,32
fb8cd8123b,010,0,14,BROROYE,BROHAGE,314.7000000000002,50.0,shape_dist_traveled,32
fb8cd8123b,010,0,15,BROHAGE,BROWARE,251.6999999999996,43.0,shape_dist_traveled,32
fb8cd8123b,010,0,16,BROWARE,BROBURE,214.40000000000038,37.0,shape_dist_traveled,32
fb8cd8123b,010,0,17,BROBURE,BROWAYE,386.8,67.0,shape_dist_traveled,32
fb8cd8123b,010,0,18,BROWAYE,BROHIGE,302.69999999999976,52.0,shape_dist_traveled,32
fb8cd8123b,010,0,19,BROHIGE,BROWHIE,313.6999999999999,54.0,shape_dist_traveled,32
fb8cd8123b,010,0,20,BROWHIE,BROLECE,328.60000000000065,57.0,shape_dist_traveled,32
fb8cd8123b,010,0,21,BROLECE,BROENTE,472.8999999999992,82.0,shape_dist_traveled,32
fb8cd8123b,010,0,22,BROENTE,BROSTEE,531.2999999999998,92.0,shape_dist_traveled,32
fb8cd8123b,010,0,23,BROSTEE,BROCENE,309.800000000001,56.0,shape_dist_traveled,32
fb8cd8123b,010,0,24,BROCENE,BROWESPE,410.499999999999,67.0,shape_dist_traveled,32
fb8cd8123b,010,0,25,BROWESPE,BROGLEE,282.5000000000006,46.0,shape_dist_traveled,32
fb8cd8123b,010,0,26,BROGLEE,BROHAWE,360.40000000000026,59.0,shape_dist_traveled,32
fb8cd8123b,010,0,27,BROHAWE,BRODAVE,395.99999999999903,68.0,shape_dist_traveled,32
fb8cd8123b,010,0,28,BRODAVE,BROSKIE,343.09999999999974,52.0,shape_dist_traveled,32
fb8cd8123b,010,0,29,BROSKIE,BROMAYE,209.80000000000132,32.0,shape_dist_traveled,32
fb8cd8123b,010,0,30,BROMAYE,BROBELE,515.7999999999987,79.0,shape_dist_traveled,32
fb8cd8123b,010,0,31,BROBELE,BROFROE,491.1000000000012,77.0,shape_dist_traveled,32
fb8cd8123b,010,0,32,BROFROE,BROHIGE1,211.00000000000028,60.0,shape_dist_traveled,32
fb8cd8123b,010,0,33,BROHIGE1,BRO3RDE,232.899999999999,86.0,shape_dist_traveled,32
fb8cd8123b,010,0,34,BRO3RDE,BRO4THE,88.80000000000088,34.0,shape_dist_traveled,32
fb8cd8123b,010,0,35,BRO4THE,BRO5THE,167.8999999999995,31.0,shape_dist_traveled,32
fb8cd8123b,010,0,36,BRO5THE,BROGRAE,264.6999999999995,49.0,shape_dist_traveled,32
fb8cd8123b,010,0,37,BROGRAE,BROWASAE,340.0999999999996,64.0,shape_dist_traveled,32
fb8cd8123b,010,0,38,BROWASAE,BROJEFE,220.50000000000125,41.0,shape_dist_traveled,32
fb8cd8123b,010,0,39,BROJEFE,BROPARSE,328.1999999999989,61.0,shape_dist_traveled,32
fb8cd8123b,010,0,40,BROPARSE,BRODOUE,266.3000000000011,50.0,shape_dist_traveled,32
fb8cd8123b,010,0,41,BRODOUE,BROHOFE,338.09999999999894,63.0,shape_dist_traveled,32
fb8cd8123b,010,0,42,BROHOFE,BROOHIE,303.3000000000001,61.0,shape_dist_traveled,32
fb8cd8123b,010,0,43,BROOHIE,BROCHAE,117.39999999999995,19.0,shape_dist_traveled,32
fb8cd8123b,010,0,44,BROCHAE,BROWILAE,287.1000000000006,47.0,shape_dist_traveled,32
fb8cd8123b,010,0,45,BROWILAE,BROLATE,241.79999999999956,39.0,shape_dist_traveled,32
fb8cd8123b,010,0,46,BROLATE,BROFRA1E,233.3999999999996,38.0,shape_dist_traveled,32
fb8cd8123b,010,0,47,BROFRA1E,BROWOOE,196.10000000000127,32.0,shape_dist_traveled,32
fb8cd8123b,010,0,48,BROWOOE,BROFRA2E,288.89999999999816,47.0,shape_dist_traveled,32
fb8cd8123b,010,0,49,BROFRA2E,BROMONE,221.50000000000247,36.0,shape_dist_traveled,32
fb8cd8123b,010,0,50,BROMONE,BRONELE,239.7999999999989,42.0,shape_dist_traveled,32
fb8cd8123b,010,0,51,BRONELE,BROPARE,341.5999999999997,45.0,shape_dist_traveled,32
fb8cd8123b,010,0,52,BROPARE,BROPARKE,351.700000000001,46.0,shape_dist_traveled,32
fb8cd8123b,010,0,53,BROPARKE,BRODREE,410.499999999999,54.0,shape_dist_traveled,32
fb8cd8123b,010,0,54,BRODREE,BROCASAE,329.3999999999997,43.0,shape_dist_traveled,32
fb8cd8123b,010,0,55,BROCASAE,BROCASIE,207.1000000000005,27.0,shape_dist_traveled,32
fb8cd8123b,010,0,56,BROCASIE,BROSTANE,225.20000000000095,30.0,shape_dist_traveled,32
fb8cd8123b,010,0,57,BROSTANE,BROMERE,264.599999999998,35.0,shape_dist_traveled,32
fb8cd8123b,010,0,58,BROMERE,BROBRODE,169.60000000000264,22.0,shape_dist_traveled,32
fb8cd8123b,010,0,59,BROBRODE,BROHARDE,275.9999999999998,36.0,shape_dist_traveled,32
fb8cd8123b,010,0,60,BROHARDE,BROKELE,316.0999999999987,42.0,shape_dist_traveled,32
fb8cd8123b,010,0,61,BROKELE,BROJAME,254.79999999999947,40.0,shape_dist_traveled,32
fb8cd8123b,010,0,62,BROJAME,BROHAMPE,222.20000000000084,57.0,shape_dist_traveled,32
fb8cd8123b,010,0,63,BROHAMPE,BRONAPE,321.3000000000008,82.0,shape_dist_traveled,32
fb8cd8123b,010,0,64,BRONAPE,BRO367E,176.80000000000007,45.0,shape_dist_traveled,32
fb8cd8123b,010,0,65,BRO367E,BROMAPE,168.59999999999786,43.0,shape_dist_traveled,32
fb8cd8123b,010,0,66,BROMAPE,BROCOLE,226.1000000000024,58.0,shape_dist_traveled,32
fb8cd8123b,010,0,67,BROCOLE,BROROBE,267.5999999999981,68.0,shape_dist_traveled,32
fb8cd8123b,010,0,68,BROROBE,BROBEETE,125.39999999999907,32.0,shape_dist_traveled,32
fb8cd8123b,010,0,69,BROBEETE,BROBEEWE,255.30000000000186,65.0,shape_dist_traveled,32
fb8cd8123b,010,0,70,BROBEEWE,BRO4251E,316.0999999999987,81.0,shape_dist_traveled,32
fb8cd8123b,010,0,71,BRO4251E,BROYEAE,258.5000000000015,69.0,shape_dist_traveled,32
fb8cd8123b,010,0,72,BROYEAE,BROSANE,222.09999999999752,44.0,shape_dist_traveled,32
fb8cd8123b,010,0,73,BROSANE,BROHOLE,282.6000000000022,56.0,shape_dist_traveled,32
fb8cd8123b,010,0,74,BROHOLE,BROHAMIE,401.39999999999884,80.0,shape_dist_traveled,32
fb8cd8123b,010,0,75,BROHAMIE,BROCARE,1199.4000000000008,107.0,shape_dist_traveled,32
fb8cd8123b,010,0,76,BROCARE,BROTAYE,1482.9000000000008,133.0,shape_dist_traveled,32
fb8cd8123b,010,0,77,BROTAYE,BROMCNE,703.9000000000009,99.0,shape_dist_traveled,32
fb8cd8123b,010,0,78,BROMCNE,BROOUTE,334.3999999999987,47.0,shape_dist_traveled,32
fb8cd8123b,010,0,79,BROOUTE,BROBRICE,377.39999999999793,53.0,shape_dist_traveled,32
fb8cd8123b,010,0,80,BROBRICE,BROBROAE,563.3000000000017,79.0,shape_dist_traveled,32
fb8cd8123b,010,0,81,BROBROAE,BROBLAE,233.59999999999914,32.0,shape_dist_traveled,32
fb8cd8123b,010,0,82,BROBLAE,BROLANE1,338.2000000000005,50.0,shape_dist_traveled,32
fb8cd8123b,010,0,83,BROLANE1,BROREN,620.4000000000001,58.0,shape_dist_traveled,32
fb8cd8123b,010,0,84,BROREN,BROSCEIE,483.39999999999964,45.0,shape_dist_traveled,32
fb8cd8123b,010,0,85,BROSCEIE,BROWAGE,837.0999999999995,79.0,shape_dist_traveled,32
fb8cd8123b,010,0,86,BROWAGE,BROMIEE,402.4999999999999,38.0,shape_dist_traveled,32
fb8cd8123b,010,0,87,BROMIEE,EBROCEDE,406.60000000000093,38.0,shape_dist_traveled,32
fb8cd8123b,010,0,88,EBROCEDE,BROLIME,278.9999999999999,26.0,shape_dist_traveled,32
fb8cd8123b,010,0,89,BROLIME,BROLTDE,781.3999999999978,76.0,shape_dist_traveled,32
a02223346e,010,0,0,WESRIDW,BROWESWE,296.70000000000005,49.0,shape_dist_traveled,3
a02223346e,010,0,1,BROWESWE,BRONORE,526.9999999999999,87.0,shape_dist_traveled,3
a02223346e,010,0,2,BRONORE,BROGLAE,329.7,54.0,shape_dist_traveled,3
a02223346e,010,0,3,BROGLAE,BRO476E,651.2,108.0,shape_dist_traveled,3
a02223346e,010,0,4,BRO476E,BROOLDE,289.70000000000005,48.0,shape_dist_traveled,3
a02223346e,010,0,5,BROOLDE,BROWESTE,783.7,134.0,shape_dist_traveled,3
a02223346e,010,0,6,BROWESTE,BROGEOE,455.89999999999975,72.0,shape_dist_traveled,3
a02223346e,010,0,7,BROGEOE,BRO386E,846.2000000000005,134.0,shape_dist_traveled,3
a02223346e,010,0,8,BRO386E,BROBROLE,160.29999999999944,25.0,shape_dist_traveled,3
a02223346e,010,0,9,BROBROLE,BROWILRE,291.7000000000005,46.0,shape_dist_traveled,3
a02223346e,010,0,10,BROWILRE,BROSOUTE,516.6999999999992,83.0,shape_dist_traveled,3
a02223346e,010,0,11,BROSOUTE,BROALGE,227.50000000000003,35.0,shape_dist_traveled,3
a02223346e,010,0,12,BROALGE,BROWESGE,238.50000000000017,36.0,shape_dist_traveled,3
a02223346e,010,0,13,BROWESGE,BROROYE,385.9000000000004,59.0,shape_dist_traveled,3
a02223346e,010,0,14,BROROYE,BROHAGE,314.7000000000002,50.0,shape_dist_traveled,3
a02223346e,010,0,15,BROHAGE,BROWARE,251.6999999999996,38.0,shape_dist_traveled,3
a02223346e,010,0,16,BROWARE,BROBURE,214.40000000000038,33.0,shape_dist_traveled,3
a02223346e,010,0,17,BROBURE,BROWAYE,386.8,59.0,shape_dist_traveled,3
a02223346e,010,0,18,BROWAYE,BROHIGE,302.69999999999976,46.0,shape_dist_traveled,3
a02223346e,010,0,19,BROHIGE,BROWHIE,313.6999999999999,48.0,shape_dist_traveled,3
a02223346e,010,0,20,BROWHIE,BROLECE,328.60000000000065,50.0,shape_dist_traveled,3
a02223346e,010,0,21,BROLECE,BROENTE,472.8999999999992,72.0,shape_dist_traveled,3
a02223346e,010,0,22,BROENTE,BROSTEE,531.2999999999998,81.0,shape_dist_traveled,3
a02223346e,010,0,23,BROSTEE,BROCENE,309.800000000001,53.0,shape_dist_traveled,3
a02223346e,010,0,24,BROCENE,BROWESPE,410.499999999999,50.0,shape_dist_traveled,3
a02223346e,010,0,25,BROWESPE,BROGLEE,282.5000000000006,35.0,shape_dist_traveled,3
a02223346e,010,0,26,BROGLEE,BROHAWE,360.40000000000026,44.0,shape_dist_traveled,3
a02223346e,010,0,27,BROHAWE,BRODAVE,395.99999999999903,51.0,shape_dist_traveled,3
a02223346e,010,0,28,BRODAVE,BROSKIE,343.09999999999974,39.0,shape_dist_traveled,3
a02223346e,010,0,29,BROSKIE,BROMAYE,209.80000000000132,24.0,shape_dist_traveled,3
a02223346e,010,0,30,BROMAYE,BROBELE,515.7999999999987,59.0,shape_dist_traveled,3
a02223346e,010,0,31,BROBELE,BROFROE,491.1000000000012,58.0,shape_dist_traveled,3
a02223346e,010,0,32,BROFROE,HIGLONN2,417.99999999999926,96.0,shape_dist_traveled,3
a02223346e,010,0,33,HIGLONN2,NORTER4,364.8000000000007,84.0,shape_dist_traveled,3
a02223346e,010,0,34,NORTER4,BROHIGE1,538.3999999999993,180.0,shape_dist_traveled,3
a02223346e,010,0,35,BROHIGE1,BRO3RDE,232.90000000000077,130.0,shape_dist_traveled,3
a02223346e,010,0,36,BRO3RDE,BRO4THE,88.7999999999991,50.0,shape_dist_traveled,3
a02223346e,010,0,37,BRO4THE,BRO5THE,167.8999999999995,27.0,shape_dist_traveled,3
a02223346e,010,0,38,BRO5THE,BROGRAE,264.7000000000013,42.0,shape_dist_traveled,3
a02223346e,010,0,39,BROGRAE,BROWASAE,340.0999999999996,54.0,shape_dist_traveled,3
a02223346e,010,0,40,BROWASAE,BROJEFE,220.4999999999995,35.0,shape_dist_traveled,3
a02223346e,010,0,41,BROJEFE,BROPARSE,328.2000000000007,53.0,shape_dist_traveled,3
a02223346e,010,0,42,BROPARSE,BRODOUE,266.39999999999907,43.0,shape_dist_traveled,3
a02223346e,010,0,43,BRODOUE,BROHOFE,337.9999999999992,54.0,shape_dist_traveled,3
a02223346e,010,0,44,BROHOFE,BROOHIE,303.3000000000001,52.0,shape_dist_traveled,3
a02223346e,010,0,45,BROOHIE,BROCHAE,117.39999999999995,15.0,shape_dist_traveled,3
a02223346e,010,0,46,BROCHAE,BROWILAE,287.10000000000235,37.0,shape_dist_traveled,3
a02223346e,010,0,47,BROWILAE,BROLATE,241.7999999999978,31.0,shape_dist_traveled,3
a02223346e,010,0,48,BROLATE,BROFRA1E,233.3999999999996,30.0,shape_dist_traveled,3
a02223346e,010,0,49,BROFRA1E,BROWOOE,196.10000000000127,25.0,shape_dist_traveled,3
a02223346e,010,0,50,BROWOOE,BROFRA2E,288.9000000000017,37.0,shape_dist_traveled,3
a02223346e,010,0,51,BROFRA2E,BROMONE,221.49999999999892,29.0,shape_dist_traveled,3
a02223346e,010,0,52,BROMONE,BRONELE,239.7999999999989,36.0,shape_dist_traveled,3
a02223346e,010,0,53,BRONELE,BROPARE,341.5999999999997,39.0,shape_dist_traveled,3
a02223346e,010,0,54,BROPARE,BROPARKE,351.700000000001,40.0,shape_dist_traveled,3
a02223346e,010,0,55,BROPARKE,BRODREE,410.499999999999,46.0,shape_dist_traveled,3
a02223346e,010,0,56,BRODREE,BROCASAE,329.3999999999997,37.0,shape_dist_traveled,3
a02223346e,010,0,57,BROCASAE,BROCASIE,207.1000000000005,23.0,shape_dist_traveled,3
a02223346e,010,0,58,BROCASIE,BROSTANE,225.20000000000095,25.0,shape_dist_traveled,3
a02223346e,010,0,59,BROSTANE,BROMERE,264.6000000000015,30.0,shape_dist_traveled,3
a02223346e,010,0,60,BROMERE,BROBRODE,169.59999999999908,19.0,shape_dist_traveled,3
a02223346e,010,0,61,BROBRODE,BROHARDE,275.9999999999998,31.0,shape_dist_traveled,3
a02223346e,010,0,62,BROHARDE,BROKELE,316.19999999999845,36.0,shape_dist_traveled,3
a02223346e,010,0,63,BROKELE,BROJAME,254.6999999999997,34.0,shape_dist_traveled,3
a02223346e,010,0,64,BROJAME,BROHAMPE,222.20000000000084,39.0,shape_dist_traveled,3
a02223346e,010,0,65,BROHAMPE,BRONAPE,321.3000000000008,57.0,shape_dist_traveled,3
a02223346e,010,0,66,BRONAPE,BRO367E,176.80000000000007,31.0,shape_dist_traveled,3
a02223346e,010,0,67,BRO367E,BROMAPE,168.70000000000118,30.0,shape_dist_traveled,3
a02223346e,010,0,68,BROMAPE,BROCOLE,225.9999999999991,40.0,shape_dist_traveled,3
a02223346e,010,0,69,BROCOLE,BROROBE,267.5999999999981,48.0,shape_dist_traveled,3
a02223346e,010,0,70,BROROBE,BROBEETE,125.50000000000239,22.0,shape_dist_traveled,3
a02223346e,010,0,71,BROBEETE,BROBEEWE,255.2999999999983,45.0,shape_dist_traveled,3
a02223346e,010,0,72,BROBEEWE,BRO4251E,316.1000000000023,56.0,shape_dist_traveled,3
a02223346e,010,0,73,BRO4251E,BROYEAE,258.39999999999816,52.0,shape_dist_traveled,3
a02223346e,010,0,74,BROYEAE,BROSANE,222.10000000000107,44.0,shape_dist_traveled,3
a02223346e,010,0,75,BROSANE,BROHOLE,282.59999999999866,56.0,shape_dist_traveled,3
a02223346e,010,0,76,BROHOLE,BROHAMIE,401.39999999999884,80.0,shape_dist_traveled,3
a02223346e,010,0,77,BROHAMIE,BROCARE,1199.4000000000008,107.0,shape_dist_traveled,3
a02223346e,010,0,78,BROCARE,BROTAYE,1482.9000000000008,133.0,shape_dist_traveled,3
a02223346e,010,0,79,BROTAYE,BROMCNE,704.0000000000007,82.0,shape_dist_traveled,3
a02223346e,010,0,80,BROMCNE,BROOUTE,334.29999999999893,39.0,shape_dist_traveled,3
a02223346e,010,0,81,BROOUTE,BROBRICE,377.4000000000015,44.0,shape_dist_traveled,3
a02223346e,010,0,82,BROBRICE,BROBROAE,563.2999999999981,66.0,shape_dist_traveled,3
a02223346e,010,0,83,BROBROAE,BROBLAE,233.6000000000027,27.0,shape_dist_traveled,3
a02223346e,010,0,84,BROBLAE,BROLANE1,338.199999999997,42.0,shape_dist_traveled,3
a02223346e,010,0,85,BROLANE1,BROREN,620.4000000000001,58.0,shape_dist_traveled,3
a02223346e,010,0,86,BROREN,BROSCEIE,483.39999999999964,45.0,shape_dist_traveled,3
a02223346e,010,0,87,BROSCEIE,BROWAGE,837.2000000000028,79.0,shape_dist_traveled,3
a02223346e,010,0,88,BROWAGE,BROMIEE,402.39999999999657,38.0,shape_dist_traveled,3
a02223346e,010,0,89,BROMIEE,EBROCEDE,406.6000000000045,38.0,shape_dist_traveled,3
a02223346e,010,0,90,EBROCEDE,BROLIME,278.99999999999636,26.0,shape_dist_traveled,3
a02223346e,010,0,91,BROLIME,BROLTDE,781.400000000005,76.0,shape_dist_traveled,3
38e29e26d5,010,0,0,WESRIDW,BROWESWE,296.70000000000005,49.0,shape_dist_traveled,4
38e29e26d5,010,0,1,BROWESWE,BRONORE,526.9999999999999,87.0,shape_dist_traveled,4
38e29e26d5,010,0,2,BRONORE,BROGLAE,329.7,54.0,shape_dist_traveled,4
38e29e26d5,010,0,3,BROGLAE,BRO476E,651.2,108.0,shape_dist_traveled,4
38e29e26d5,010,0,4,BRO476E,BROOLDE,289.70000000000005,48.0,shape_dist_traveled,4
38e29e26d5,010,0,5,BROOLDE,BROWESTE,783.7,134.0,shape_dist_traveled,4
38e29e26d5,010,0,6,BROWESTE,BROGEOE,455.89999999999975,72.0,shape_dist_traveled,4
38e29e26d5,010,0,7,BROGEOE,BRO386E,846.2000000000005,134.0,shape_dist_traveled,4
38e29e26d5,010,0,8,BRO386E,BROBROLE,160.29999999999944,25.0,shape_dist_traveled,4
38e29e26d5,010,0,9,BROBROLE,BROWILRE,291.7000000000005,46.0,shape_dist_traveled,4
38e29e26d5,010,0,10,BROWILRE,BROSOUTE,516.6999999999992,83.0,shape_dist_traveled,4
38e29e26d5,010,0,11,BROSOUTE,BROALGE,227.50000000000003,35.0,shape_dist_traveled,4
38e29e26d5,010,0,12,BROALGE,BROWESGE,238.50000000000017,36.0,shape_dist_traveled,4
38e29e26d5,010,0,13,BROWESGE,BROROYE,385.9000000000004,59.0,shape_dist_traveled,4
38e29e26d5,010,0,14,BROROYE,BROHAGE,314.7000000000002,50.0,shape_dist_traveled,4
38e29e26d5,010,0,15,BROHAGE,BROWARE,251.6999999999996,40.5,shape_dist_traveled,4
38e29e26d5,010,0,16,BROWARE,BROBURE,214.40000000000038,35.0,shape_dist_traveled,4
38e29e26d5,010,0,17,BROBURE,BROWAYE,386.8,63.0,shape_dist_traveled,4
38e29e26d5,010,0,18,BROWAYE,BROHIGE,302.69999999999976,49.0,shape_dist_traveled,4
38e29e26d5,010,0,19,BROHIGE,BROWHIE,313.6999999999999,51.0,shape_dist_traveled,4
38e29e26d5,010,0,20,BROWHIE,BROLECE,328.60000000000065,53.5,shape_dist_traveled,4
38e29e26d5,010,0,21,BROLECE,BROENTE,472.8999999999992,77.0,shape_dist_traveled,4
38e29e26d5,010,0,22,BROENTE,BROSTEE,531.2999999999998,86.5,shape_dist_traveled,4
38e29e26d5,010,0,23,BROSTEE,BROCENE,309.800000000001,54.5,shape_dist_traveled,4
38e29e26d5,010,0,24,BROCENE,BROWESPE,410.499999999999,58.5,shape_dist_traveled,4
38e29e26d5,010,0,25,BROWESPE,BROGLEE,282.5000000000006,40.5,shape_dist_traveled,4
38e29e26d5,010,0,26,BROGLEE,BROHAWE,360.40000000000026,51.5,shape_dist_traveled,4
38e29e26d5,010,0,27,BROHAWE,BRODAVE,395.99999999999903,59.5,shape_dist_traveled,4
38e29e26d5,010,0,28,BRODAVE,BROSKIE,343.09999999999974,39.0,shape_dist_traveled,4
38e29e26d5,010,0,29,BROSKIE,BROMAYE,209.80000000000132,24.0,shape_dist_traveled,4
38e29e26d5,010,0,30,BROMAYE,BROBELE,515.7999999999987,59.0,shape_dist_traveled,4
38e29e26d5,010,0,31,BROBELE,BROFROE,491.1000000000012,58.0,shape_dist_traveled,4
38e29e26d5,010,0,32,BROFROE,HIGLONN2,417.99999999999926,96.0,shape_dist_traveled,4
38e29e26d5,010,0,33,HIGLONN2,NORTER4,364.8000000000007,84.0,shape_dist_traveled,4
38e29e26d5,010,0,34,NORTER4,BROHIGE1,538.3999999999993,180.0,shape_dist_traveled,4
38e29e26d5,010,0,35,BROHIGE1,BRO3RDE,232.90000000000077,130.0,shape_dist_traveled,4
38e29e26d5,010,0,36,BRO3RDE,BRO4THE,88.7999999999991,50.0,shape_dist_traveled,4
38e29e26d5,010,0,37,BRO4THE,BRO5THE,167.8999999999995,27.0,shape_dist_traveled,4
38e29e26d5,010,0,38,BRO5THE,BROGRAE,264.7000000000013,42.0,shape_dist_traveled,4
38e29e26d5,010,0,39,BROGRAE,BROWASAE,340.0999999999996,54.0,shape_dist_traveled,4
38e29e26d5,010,0,40,BROWASAE,BROJEFE,220.4999999999995,35.0,shape_dist_traveled,4
38e29e26d5,010,0,41,BROJEFE,BROPARSE,328.2000000000007,53.0,shape_dist_traveled,4
38e29e26d5,010,0,42,BROPARSE,BRODOUE,266.39999999999907,43.0,shape_dist_traveled,4
38e29e26d5,010,0,43,BRODOUE,BROHOFE,337.9999999999992,54.0,shape_dist_traveled,4
38e29e26d5,010,0,44,BROHOFE,BROOHIE,303.3000000000001,52.0,shape_dist_traveled,4
38e29e26d5,010,0,45,BROOHIE,BROCHAE,117.39999999999995,15.0,shape_dist_traveled,4
38e29e26d5,010,0,46,BROCHAE,BROWILAE,287.10000000000235,37.0,shape_dist_traveled,4
38e29e26d5,010,0,47,BROWILAE,BROLATE,241.7999999999978,31.0,shape_dist_traveled,4
38e29e26d5,010,0,48,BROLATE,BROFRA1E,233.3999999999996,30.0,shape_dist_traveled,4
38e29e26d5,010,0,49,BROFRA1E,BROWOOE,196.10000000000127,25.0,shape_dist_traveled,4
38e29e26d5,010,0,50,BROWOOE,BROFRA2E,288.9000000000017,37.0,shape_dist_traveled,4
38e29e26d5,010,0,51,BROFRA2E,BROMONE,221.49999999999892,29.0,shape_dist_traveled,4
38e29e26d5,010,0,52,BROMONE,BRONELE,239.7999999999989,36.0,shape_dist_traveled,4
38e29e26d5,010,0,53,BRONELE,BROPARE,341.5999999999997,39.0,shape_dist_traveled,4
38e29e26d5,010,0,54,BROPARE,BROPARKE,351.700000000001,40.0,shape_dist_traveled,4
38e29e26d5,010,0,55,BROPARKE,BRODREE,410.499999999999,46.0,shape_dist_traveled,4
38e29e26d5,010,0,56,BRODREE,BROCASAE,329.3999999999997,37.0,shape_dist_traveled,4
38e29e26d5,010,0,57,BROCASAE,BROCASIE,207.1000000000005,23.0,shape_dist_traveled,4
38e29e26d5,010,0,58,BROCASIE,BROSTANE,225.20000000000095,25.0,shape_dist_traveled,4
38e29e26d5,010,0,59,BROSTANE,BROMERE,264.6000000000015,30.0,shape_dist_traveled,4
38e29e26d5,010,0,60,BROMERE,BROBRODE,169.59999999999908,19.0,shape_dist_traveled,4
38e29e26d5,010,0,61,BROBRODE,BROHARDE,275.9999999999998,31.0,shape_dist_traveled,4
38e29e26d5,010,0,62,BROHARDE,BROKELE,316.19999999999845,36.0,shape_dist_traveled,4
38e29e26d5,010,0,63,BROKELE,BROJAME,254.6999999999997,34.0,shape_dist_traveled,4
38e29e26d5,010,0,64,BROJAME,BROHAMPE,222.20000000000084,39.0,shape_dist_traveled,4
38e29e26d5,010,0,65,BROHAMPE,BRONAPE,321.3000000000008,57.0,shape_dist_traveled,4
38e29e26d5,010,0,66,BRONAPE,BRO367E,176.80000000000007,31.0,shape_dist_traveled,4
38e29e26d5,010,0,67,BRO367E,BROMAPE,168.70000000000118,30.0,shape_dist_traveled,4
38e29e26d5,010,0,68,BROMAPE,BROCOLE,225.9999999999991,40.0,shape_dist_traveled,4
38e29e26d5,010,0,69,BROCOLE,BROROBE,267.5999999999981,48.0,shape_dist_traveled,4
38e29e26d5,010,0,70,BROROBE,BROBEETE,125.50000000000239,22.0,shape_dist_traveled,4
38e29e26d5,010,0,71,BROBEETE,BROBEEWE,255.2999999999983,45.0,shape_dist_traveled,4
38e29e26d5,010,0,72,BROBEEWE,BRO4251E,316.1000000000023,56.0,shape_dist_traveled,4
38e29e26d5,010,0,73,BRO4251E,BROYEAE,258.39999999999816,52.0,shape_dist_traveled,4
38e29e26d5,010,0,74,BROYEAE,BROSANE,222.10000000000107,44.0,shape_dist_traveled,4
38e29e26d5,010,0,75,BROSANE,BROHOLE,282.59999999999866,56.0,shape_dist_traveled,4
38e29e26d5,010,0,76,BROHOLE,BROHAMIE,401.39999999999884,80.0,shape_dist_traveled,4
38e29e26d5,010,0,77,BROHAMIE,BROCARE,1199.4000000000008,121.0,shape_dist_traveled,4
38e29e26d5,010,0,78,BROCARE,BROMTCS,1755.3000000000018,179.0,shape_dist_traveled,4
e6014d7a5c,010,1,0,BROLTDE,BRO8400W,764.9,89.0,shape_dist_traveled,32
e6014d7a5c,010,1,1,BRO8400W,EBROCEDW,545.0,63.0,shape_dist_traveled,32
e6014d7a5c,010,1,2,EBROCEDW,BROMIEW,385.4,44.0,shape_dist_traveled,32
e6014d7a5c,010,1,3,BROMIEW,BROWAGW,415.4,48.0,shape_dist_traveled,32
e6014d7a5c,010,1,4,BROWAGW,BROSCEIW,758.3000000000002,88.0,shape_dist_traveled,32
e6014d7a5c,010,1,5,BROSCEIW,BROBANW,506.79999999999967,59.0,shape_dist_traveled,32
e6014d7a5c,010,1,6,BROBANW,BROREYW,737.0999999999999,89.0,shape_dist_traveled,32
e6014d7a5c,010,1,7,BROREYW,BROEASW,259.90000000000003,23.0,shape_dist_traveled,32
e6014d7a5c,010,1,8,BROEASW,BROBROW1,247.79999999999978,22.0,shape_dist_traveled,32
e6014d7a5c,010,1,9,BROBROW1,BROBRICW,532.9000000000005,49.0,shape_dist_traveled,32
e6014d7a5c,010,1,10,BROBRICW,BROOUTW,310.69999999999976,28.0,shape_dist_traveled,32
e6014d7a5c,010,1,11,BROOUTW,BROMCNW,530.3000000000004,48.0,shape_dist_traveled,32
e6014d7a5c,010,1,12,BROMCNW,BROCARW,1975.6,182.0,shape_dist_traveled,32
e6014d7a5c,010,1,13,BROCARW,BROHAMW,1352.2999999999997,128.0,shape_dist_traveled,32
e6014d7a5c,010,1,14,BROHAMW,BROFAIW,148.50000000000028,32.0,shape_dist_traveled,32
e6014d7a5c,010,1,15,BROFAIW,BROSCHOW,220.20000000000016,47.0,shape_dist_traveled,32
e6014d7a5c,010,1,16,BROSCHOW,BROPARLW,226.09999999999886,49.0,shape_dist_traveled,32
e6014d7a5c,010,1,17,BROPARLW,BROYEAW,232.2000000000006,52.0,shape_dist_traveled,32
e6014d7a5c,010,1,18,BROYEAW,BRO424W,210.10000000000062,50.0,shape_dist_traveled,32
e6014d7a5c,010,1,19,BRO424W,BROBEEWW,279.59999999999854,66.0,shape_dist_traveled,32
e6014d7a5c,010,1,20,BROBEEWW,BROBEETW,212.00000000000153,50.0,shape_dist_traveled,32
e6014d7a5c,010,1,21,BROBEETW,BROROBW,244.69999999999993,58.0,shape_dist_traveled,32
e6014d7a5c,010,1,22,BROROBW,EBRCOLW,249.2000000000001,59.0,shape_dist_traveled,32
e6014d7a5c,010,1,23,EBRCOLW,BROMAPW,260.39999999999884,62.0,shape_dist_traveled,32
e6014d7a5c,010,1,24,BROMAPW,BROWEYW,332.2000000000003,79.0,shape_dist_traveled,32
e6014d7a5c,010,1,25,BROWEYW,BROHAMPW,238.50000000000017,56.0,shape_dist_traveled,32
e6014d7a5c,010,1,26,BROHAMPW,BROASHW,171.79999999999927,40.0,shape_dist_traveled,32
e6014d7a5c,010,1,27,BROASHW,BROLOWW,318.40000000000043,80.0,shape_dist_traveled,32
e6014d7a5c,010,1,28,BROLOWW,BROHARDW,352.6000000000007,47.0,shape_dist_traveled,32
e6014d7a5c,010,1,29,BROHARDW,BROBRODW,215.1999999999994,29.0,shape_dist_traveled,32
e6014d7a5c,010,1,30,BROBRODW,BROMERW,253.40000000000094,34.0,shape_dist_traveled,32
e6014d7a5c,010,1,31,BROMERW,BROSTANW,273.7999999999996,37.0,shape_dist_traveled,32
e6014d7a5c,010,1,32,BROSTANW,BROCASIW,223.10000000000053,30.0,shape_dist_traveled,32
e6014d7a5c,010,1,33,BROCASIW,BROCASAW,239.59999999999937,32.0,shape_dist_traveled,32
e6014d7a5c,010,1,34,BROCASAW,BRODREW,423.5000000000007,57.0,shape_dist_traveled,32
e6014d7a5c,010,1,35,BRODREW,BROPARVW,290.0999999999989,39.0,shape_dist_traveled,32
e6014d7a5c,010,1,36,BROPARVW,BROMEAW,321.50000000000034,43.0,shape_dist_traveled,32
e6014d7a5c,010,1,37,BROMEAW,BRONELFW,501.3000000000005,72.0,shape_dist_traveled,32
e6014d7a5c,010,1,38,BRONELFW,BROBRUNW,209.50000000000023,37.0,shape_dist_traveled,32
e6014d7a5c,010,1,39,BROBRUNW,BROWOOW,357.7999999999992,64.0,shape_dist_traveled,32
e6014d7a5c,010,1,40,BROWOOW,BROPARWW,201.99999999999818,36.0,shape_dist_traveled,32
e6014d7a5c,010,1,41,BROPARWW,BROWINW,465.1000000000032,83.0,shape_dist_traveled,32
e6014d7a5c,010,1,42,BROWINW,BROGOVW,289.19999999999743,52.0,shape_dist_traveled,32
e6014d7a5c,010,1,43,BROGOVW,BROOHIW,141.6000000000004,28.0,shape_dist_traveled,32
e6014d7a5c,010,1,44,BROOHIW,BRO20TW,288.29999999999956,48.0,shape_dist_traveled,32
e6014d7a5c,010,1,45,BRO20TW,BRO17TW,303.49999999999966,50.0,shape_dist_traveled,32
e6014d7a5c,010,1,46,BRO17TW,BROHAMIW,280.5,46.0,shape_dist_traveled,32
e6014d7a5c,010,1,47,BROHAMIW,BROJEFW,277.8000000000027,46.0,shape_dist_traveled,32
e6014d7a5c,010,1,48,BROJEFW,BROWASAW,284.09999999999866,47.0,shape_dist_traveled,32
e6014d7a5c,010,1,49,BROWASAW,BROGRAW,344.10000000000093,57.0,shape_dist_traveled,32
e6014d7a5c,010,1,50,BROGRAW,BRO5THW,216.2000000000006,36.0,shape_dist_traveled,32
e6014d7a5c,010,1,51,BRO5THW,BRO4THW,155.79999999999927,30.0,shape_dist_traveled,32
e6014d7a5c,010,1,52,BRO4THW,BRO3RDW,146.49999999999963,55.0,shape_dist_traveled,32
e6014d7a5c,010,1,53,BRO3RDW,BROHIGHW,173.09999999999803,65.0,shape_dist_traveled,32
e6014d7a5c,010,1,54,BROHIGHW,BROMARW,339.70000000000056,180.0,shape_dist_traveled,32
e6014d7a5c,010,1,55,BROMARW,BROBELW,512.1000000000003,79.0,shape_dist_traveled,32
e6014d7a5c,010,1,56,BROBELW,WBRMAYW,459.19999999999914,71.0,shape_dist_traveled,32
e6014d7a5c,010,1,57,WBRMAYW,BROSKIW,149.0000000000009,23.0,shape_dist_traveled,32
e6014d7a5c,010,1,58,BROSKIW,BRODAVW,421.0999999999991,67.0,shape_dist_traveled,32
e6014d7a5c,010,1,59,BRODAVW,BROHARTW,236.10000000000042,48.0,shape_dist_traveled,32
e6014d7a5c,010,1,60,BROHARTW,BRORODW,259.1999999999999,53.0,shape_dist_traveled,32
e6014d7a5c,010,1,61,BRORODW,BROYALW,381.5000000000026,78.0,shape_dist_traveled,32
e6014d7a5c,010,1,62,BROYALW,BROCHIW,190.29999999999703,39.0,shape_dist_traveled,32
e6014d7a5c,010,1,63,BROCHIW,BROCENW,393.29999999999995,82.0,shape_dist_traveled,32
e6014d7a5c,010,1,64,BROCENW,BROSTEW,240.000000000002,37.0,shape_dist_traveled,32
e6014d7a5c,010,1,65,BROSTEW,BROENTW,778.1999999999982,122.0,shape_dist_traveled,32
e6014d7a5c,010,1,66,BROENTW,BROLECW,268.29999999999995,42.0,shape_dist_traveled,32
e6014d7a5c,010,1,67,BROLECW,BROMIDLW,359.70000000000016,56.0,shape_dist_traveled,32
e6014d7a5c,010,1,68,BROMIDLW,BROHIGW,240.40000000000106,37.0,shape_dist_traveled,32
e6014d7a5c,010,1,69,BROHIGW,BROOAKW,182.40000000000123,28.0,shape_dist_traveled,32
e6014d7a5c,010,1,70,BROOAKW,BROEURW,250.5999999999986,39.0,shape_dist_traveled,32
e6014d7a5c,010,1,71,BROEURW,BROOGDW,445.90000000000174,70.0,shape_dist_traveled,32
e6014d7a5c,010,1,72,BROOGDW,BROHAGW,281.6999999999972,49.0,shape_dist_traveled,32
e6014d7a5c,010,1,73,BROHAGW,BROHALW,418.00000000000284,67.0,shape_dist_traveled,32
e6014d7a5c,010,1,74,BROHALW,BROWESW,212.3999999999988,34.0,shape_dist_traveled,32
e6014d7a5c,010,1,75,BROWESW,BROBRIW,216.49999999999991,35.0,shape_dist_traveled,32
e6014d7a5c,010,1,76,BROBRIW,BROSYLW,259.59999999999894,44.0,shape_dist_traveled,32
e6014d7a5c,010,1,77,BROSYLW,BRO344W,445.6000000000024,68.0,shape_dist_traveled,32
e6014d7a5c,010,1,78,BRO344W,BROCONEW,458.89999999999986,70.0,shape_dist_traveled,32
e6014d7a5c,010,1,79,BROCONEW,BROVIOW,190.5000000000001,29.0,shape_dist_traveled,32
e6014d7a5c,010,1,80,BROVIOW,BROPHIW,795.9999999999993,121.0,shape_dist_traveled,32
e6014d7a5c,010,1,81,BROPHIW,BRO4158W,205.50000000000068,31.0,shape_dist_traveled,32
e6014d7a5c,010,1,82,BRO4158W,BRO425W,255.49999999999784,41.0,shape_dist_traveled,32
e6014d7a5c,010,1,83,BRO425W,BROOLDW,781.7000000000007,116.0,shape_dist_traveled,32
e6014d7a5c,010,1,84,BROOLDW,BROMURW,286.6999999999997,42.0,shape_dist_traveled,32
e6014d7a5c,010,1,85,BROMURW,BROSTUW,727.1999999999998,107.0,shape_dist_traveled,32
e6014d7a5c,010,1,86,BROSTUW,BROBUEW,382.9999999999991,56.0,shape_dist_traveled,32
e6014d7a5c,010,1,87,BROBUEW,WESRIDW,650.8000000000003,99.0,shape_dist_traveled,32
d52b049186,010,1,0,BROMTCS,BROCARW,2557.0,313.0,shape_dist_traveled,32
d52b049186,010,1,1,BROCARW,BROHAMW,1352.1999999999998,167.0,shape_dist_traveled,32
d52b049186,010,1,2,BROHAMW,BROFAIW,148.6000000000005,32.0,shape_dist_traveled,32
d52b049186,010,1,3,BROFAIW,BROSCHOW,220.19999999999928,47.0,shape_dist_traveled,32
d52b049186,010,1,4,BROSCHOW,BROPARLW,225.99999999999997,49.0,shape_dist_traveled,32
d52b049186,010,1,5,BROPARLW,BROYEAW,232.3000000000004,52.0,shape_dist_traveled,32
d52b049186,010,1,6,BROYEAW,BRO424W,210.09999999999974,50.0,shape_dist_traveled,32
d52b049186,010,1,7,BRO424W,BROBEEWW,279.6000000000003,66.0,shape_dist_traveled,32
d52b049186,010,1,8,BROBEEWW,BROBEETW,211.99999999999974,50.0,shape_dist_traveled,32
d52b049186,010,1,9,BROBEETW,BROROBW,244.60000000000014,58.0,shape_dist_traveled,32
d52b049186,010,1,10,BROROBW,EBRCOLW,249.29999999999984,59.0,shape_dist_traveled,32
d52b049186,010,1,11,EBRCOLW,BROMAPW,260.40000000000066,62.0,shape_dist_traveled,32
d52b049186,010,1,12,BROMAPW,BROWEYW,332.19999999999936,79.0,shape_dist_traveled,32
d52b049186,010,1,13,BROWEYW,BROHAMPW,238.50000000000017,56.0,shape_dist_traveled,32
d52b049186,010,1,14,BROHAMPW,BROASHW,171.80000000000018,40.0,shape_dist_traveled,32
d52b049186,010,1,15,BROASHW,BROLOWW,318.3999999999996,80.0,shape_dist_traveled,32
d52b049186,010,1,16,BROLOWW,BROHARDW,352.6000000000007,47.0,shape_dist_traveled,32
d52b049186,010,1,17,BROHARDW,BROBRODW,215.09999999999962,29.0,shape_dist_traveled,32
d52b049186,010,1,18,BROBRODW,BROMERW,253.50000000000074,34.0,shape_dist_traveled,32
d52b049186,010,1,19,BROMERW,BROSTANW,273.7999999999996,37.0,shape_dist_traveled,32
d52b049186,010,1,20,BROSTANW,BROCASIW,223.10000000000053,30.0,shape_dist_traveled,32
d52b049186,010,1,21,BROCASIW,BROCASAW,239.59999999999937,32.0,shape_dist_traveled,32
d52b049186,010,1,22,BROCASAW,BRODREW,423.5000000000007,57.0,shape_dist_traveled,32
d52b049186,010,1,23,BRODREW,BROPARVW,290.0999999999989,39.0,shape_dist_traveled,32
d52b049186,010,1,24,BROPARVW,BROMEAW,321.50000000000034,43.0,shape_dist_traveled,32
d52b049186,010,1,25,BROMEAW,BRONELFW,501.3000000000005,72.0,shape_dist_traveled,32
d52b049186,010,1,26,BRONELFW,BROBRUNW,209.50000000000023,37.0,shape_dist_traveled,32
d52b049186,010,1,27,BROBRUNW,BROWOOW,357.7999999999992,64.0,shape_dist_traveled,32
d52b049186,010,1,28,BROWOOW,BROPARWW,201.99999999999994,36.0,shape_dist_traveled,32
d52b049186,010,1,29,BROPARWW,BROWINW,465.0999999999996,83.0,shape_dist_traveled,32
d52b049186,010,1,30,BROWINW,BROGOVW,289.200000000001,52.0,shape_dist_traveled,32
d52b049186,010,1,31,BROGOVW,BROOHIW,141.49999999999886,28.0,shape_dist_traveled,32
d52b049186,010,1,32,BROOHIW,BRO20TW,288.4000000000011,56.0,shape_dist_traveled,32
d52b049186,010,1,33,BRO20TW,BRO17TW,303.49999999999966,59.0,shape_dist_traveled,32
d52b049186,010,1,34,BRO17TW,BROHAMIW,280.4000000000002,54.0,shape_dist_traveled,32
d52b049186,010,1,35,BROHAMIW,BROJEFW,277.89999999999895,54.0,shape_dist_traveled,32
d52b049186,010,1,36,BROJEFW,BROWASAW,284.0000000000007,55.0,shape_dist_traveled,32
d52b049186,010,1,37,BROWASAW,BROGRAW,344.2000000000007,67.0,shape_dist_traveled,32
d52b049186,010,1,38,BROGRAW,BRO5THW,216.19999999999885,42.0,shape_dist_traveled,32
d52b049186,010,1,39,BRO5THW,BRO4THW,155.80000000000103,33.0,shape_dist_traveled,32
d52b049186,010,1,40,BRO4THW,BRO3RDW,146.49999999999963,55.0,shape_dist_traveled,32
d52b049186,010,1,41,BRO3RDW,BROHIGHW,173.00000000000006,65.0,shape_dist_traveled,32
d52b049186,010,1,42,BROHIGHW,BROMARW,339.8000000000003,180.0,shape_dist_traveled,32
d52b049186,010,1,43,BROMARW,BROBELW,511.9999999999987,79.0,shape_dist_traveled,32
d52b049186,010,1,44,BROBELW,WBRMAYW,459.3000000000007,71.0,shape_dist_traveled,32
d52b049186,010,1,45,WBRMAYW,BROSKIW,148.99999999999915,23.0,shape_dist_traveled,32
d52b049186,010,1,46,BROSKIW,BRODAVW,421.0999999999991,67.0,shape_dist_traveled,32
d52b049186,010,1,47,BRODAVW,BROHARTW,236.10000000000042,48.0,shape_dist_traveled,32
d52b049186,010,1,48,BROHARTW,BRORODW,259.10000000000014,53.0,shape_dist_traveled,32
d52b049186,010,1,49,BRORODW,BROYALW,381.6000000000024,78.0,shape_dist_traveled,32
d52b049186,010,1,50,BROYALW,BROCHIW,190.29999999999703,39.0,shape_dist_traveled,32
d52b049186,010,1,51,BROCHIW,BROCENW,393.29999999999995,82.0,shape_dist_traveled,32
d52b049186,010,1,52,BROCENW,BROSTEW,240.000000000002,37.0,shape_dist_traveled,32
d52b049186,010,1,53,BROSTEW,BROENTW,778.1999999999982,122.0,shape_dist_traveled,32
d52b049186,010,1,54,BROENTW,BROLECW,268.2000000000002,42.0,shape_dist_traveled,32
d52b049186,010,1,55,BROLECW,BROMIDLW,359.7999999999999,56.0,shape_dist_traveled,32
d52b049186,010,1,56,BROMIDLW,BROHIGW,240.40000000000106,37.0,shape_dist_traveled,32
d52b049186,010,1,57,BROHIGW,BROOAKW,182.40000000000123,28.0,shape_dist_traveled,32
d52b049186,010,1,58,BROOAKW,BROEURW,250.49999999999883,39.0,shape_dist_traveled,32
d52b049186,010,1,59,BROEURW,BROOGDW,446.0000000000015,70.0,shape_dist_traveled,32
d52b049186,010,1,60,BROOGDW,BROHAGW,281.6999999999972,49.0,shape_dist_traveled,32
d52b049186,010,1,61,BROHAGW,BROHALW,418.00000000000284,67.0,shape_dist_traveled,32
d52b049186,010,1,62,BROHALW,BROWESW,212.3999999999988,34.0,shape_dist_traveled,32
d52b049186,010,1,63,BROWESW,BROBRIW,216.49999999999991,35.0,shape_dist_traveled,32
d52b049186,010,1,64,BROBRIW,BROSYLW,259.59999999999894,44.0,shape_dist_traveled,32
d52b049186,010,1,65,BROSYLW,BRO344W,445.6000000000024,68.0,shape_dist_traveled,32
d52b049186,010,1,66,BRO344W,BROCONEW,458.89999999999986,70.0,shape_dist_traveled,32
d52b049186,010,1,67,BROCONEW,BROVIOW,190.40000000000035,29.0,shape_dist_traveled,32
d52b049186,010,1,68,BROVIOW,BROPHIW,796.0999999999991,121.0,shape_dist_traveled,32
d52b049186,010,1,69,BROPHIW,BRO4158W,205.40000000000092,31.0,shape_dist_traveled,32
d52b049186,010,1,70,BRO4158W,BRO425W,255.5999999999976,41.0,shape_dist_traveled,32
d52b049186,010,1,71,BRO425W,BROOLDW,781.6000000000009,116.0,shape_dist_traveled,32
d52b049186,010,1,72,BROOLDW,BROMURW,286.7999999999995,42.0,shape_dist_traveled,32
d52b049186,010,1,73,BROMURW,BROSTUW,727.1999999999998,107.0,shape_dist_traveled,32
d52b049186,010,1,74,BROSTUW,BROBUEW,382.9999999999991,56.0,shape_dist_traveled,32
d52b049186,010,1,75,BROBUEW,WESRIDW,650.7000000000005,99.0,shape_dist_traveled,32
be9fae3052,010,1,0,BROLTDE,BRO8400W,764.9,78.0,shape_dist_traveled,3
be9fae3052,010,1,1,BRO8400W,EBROCEDW,545.0,55.0,shape_dist_traveled,3
be9fae3052,010,1,2,EBROCEDW,BROMIEW,385.4,39.0,shape_dist_traveled,3
be9fae3052,010,1,3,BROMIEW,BROWAGW,415.4,42.0,shape_dist_traveled,3
be9fae3052,010,1,4,BROWAGW,BROSCEIW,758.3000000000002,77.0,shape_dist_traveled,3
be9fae3052,010,1,5,BROSCEIW,BROBANW,506.79999999999967,51.0,shape_dist_traveled,3
be9fae3052,010,1,6,BROBANW,BROREYW,737.0999999999999,78.0,shape_dist_traveled,3
be9fae3052,010,1,7,BROREYW,BROEASW,259.90000000000003,23.0,shape_dist_traveled,3
be9fae3052,010,1,8,BROEASW,BROBROW1,247.79999999999978,22.0,shape_dist_traveled,3
be9fae3052,010,1,9,BROBROW1,BROBRICW,532.9000000000005,49.0,shape_dist_traveled,3
be9fae3052,010,1,10,BROBRICW,BROOUTW,310.69999999999976,28.0,shape_dist_traveled,3
be9fae3052,010,1,11,BROOUTW,BROMCNW,530.3000000000004,48.0,shape_dist_traveled,3
be9fae3052,010,1,12,BROMCNW,BROCARW,1975.6,182.0,shape_dist_traveled,3
be9fae3052,010,1,13,BROCARW,BROHAMW,1352.2999999999997,128.0,shape_dist_traveled,3
be9fae3052,010,1,14,BROHAMW,BROFAIW,148.50000000000028,32.0,shape_dist_traveled,3
be9fae3052,010,1,15,BROFAIW,BROSCHOW,220.20000000000016,47.0,shape_dist_traveled,3
be9fae3052,010,1,16,BROSCHOW,BROPARLW,226.09999999999886,49.0,shape_dist_traveled,3
be9fae3052,010,1,17,BROPARLW,BROYEAW,232.2000000000006,52.0,shape_dist_traveled,3
be9fae3052,010,1,18,BROYEAW,BRO424W,210.10000000000062,45.0,shape_dist_traveled,3
be9fae3052,010,1,19,BRO424W,BROBEEWW,279.59999999999854,59.0,shape_dist_traveled,3
be9fae3052,010,1,20,BROBEEWW,BROBEETW,212.00000000000153,45.0,shape_dist_traveled,3
be9fae3052,010,1,21,BROBEETW,BROROBW,244.69999999999993,52.0,shape_dist_traveled,3
be9fae3052,010,1,22,BROROBW,EBRCOLW,249.2000000000001,53.0,shape_dist_traveled,3
be9fae3052,010,1,23,EBRCOLW,BROMAPW,260.39999999999884,55.0,shape_dist_traveled,3
be9fae3052,010,1,24,BROMAPW,BROWEYW,332.2000000000003,71.0,shape_dist_traveled,3
be9fae3052,010,1,25,BROWEYW,BROHAMPW,238.50000000000017,51.0,shape_dist_traveled,3
be9fae3052,010,1,26,BROHAMPW,BROASHW,171.79999999999927,36.0,shape_dist_traveled,3
be9fae3052,010,1,27,BROASHW,BROLOWW,318.40000000000043,73.0,shape_dist_traveled,3
be9fae3052,010,1,28,BROLOWW,BROHARDW,352.6000000000007,41.0,shape_dist_traveled,3
be9fae3052,010,1,29,BROHARDW,BROBRODW,215.1999999999994,25.0,shape_dist_traveled,3
be9fae3052,010,1,30,BROBRODW,BROMERW,253.40000000000094,29.0,shape_dist_traveled,3
be9fae3052,010,1,31,BROMERW,BROSTANW,273.7999999999996,31.0,shape_dist_traveled,3
be9fae3052,010,1,32,BROSTANW,BROCASIW,223.10000000000053,25.0,shape_dist_traveled,3
be9fae3052,010,1,33,BROCASIW,BROCASAW,239.59999999999937,27.0,shape_dist_traveled,3
be9fae3052,010,1,34,BROCASAW,BRODREW,423.5000000000007,49.0,shape_dist_traveled,3
be9fae3052,010,1,35,BRODREW,BROPARVW,290.0999999999989,33.0,shape_dist_traveled,3
be9fae3052,010,1,36,BROPARVW,BROMEAW,321.50000000000034,37.0,shape_dist_traveled,3
be9fae3052,010,1,37,BROMEAW,BRONELFW,501.3000000000005,63.0,shape_dist_traveled,3
be9fae3052,010,1,38,BRONELFW,BROBRUNW,209.50000000000023,30.0,shape_dist_traveled,3
be9fae3052,010,1,39,BROBRUNW,BROWOOW,357.7999999999992,51.0,shape_dist_traveled,3
be9fae3052,010,1,40,BROWOOW,BROPARWW,201.99999999999818,29.0,shape_dist_traveled,3
be9fae3052,010,1,41,BROPARWW,BROWINW,465.1000000000032,67.0,shape_dist_traveled,3
be9fae3052,010,1,42,BROWINW,BROGOVW,289.19999999999743,41.0,shape_dist_traveled,3
be9fae3052,010,1,43,BROGOVW,BROOHIW,141.6000000000004,22.0,shape_dist_traveled,3
be9fae3052,010,1,44,BROOHIW,BRO20TW,288.29999999999956,48.0,shape_dist_traveled,3
be9fae3052,010,1,45,BRO20TW,BRO17TW,303.49999999999966,50.0,shape_dist_traveled,3
be9fae3052,010,1,46,BRO17TW,BROHAMIW,280.5,46.0,shape_dist_traveled,3
be9fae3052,010,1,47,BROHAMIW,BROJEFW,277.8000000000027,46.0,shape_dist_traveled,3
be9fae3052,010,1,48,BROJEFW,BROWASAW,284.09999999999866,47.0,shape_dist_traveled,3
be9fae3052,010,1,49,BROWASAW,BROGRAW,344.10000000000093,57.0,shape_dist_traveled,3
be9fae3052,010,1,50,BROGRAW,BRO5THW,216.2000000000006,36.0,shape_dist_traveled,3
be9fae3052,010,1,51,BRO5THW,BRO4THW,155.79999999999927,30.0,shape_dist_traveled,3
be9fae3052,010,1,52,BRO4THW,BRO3RDW,146.49999999999963,55.0,shape_dist_traveled,3
be9fae3052,010,1,53,BRO3RDW,BROHIGHW,173.09999999999803,65.0,shape_dist_traveled,3
be9fae3052,010,1,54,BROHIGHW,HIGLONN2,342.60000000000093,73.0,shape_dist_traveled,3
be9fae3052,010,1,55,HIGLONN2,FROLONS,497.90000000000134,107.0,shape_dist_traveled,3
be9fae3052,010,1,56,FROLONS,BROMARW,418.2999999999986,240.0,shape_dist_traveled,3
be9fae3052,010,1,57,BROMARW,BROBELW,512.1000000000003,59.0,shape_dist_traveled,3
be9fae3052,010,1,58,BROBELW,WBRMAYW,459.19999999999914,53.0,shape_dist_traveled,3
be9fae3052,010,1,59,WBRMAYW,BROSKIW,149.0000000000009,17.0,shape_dist_traveled,3
be9fae3052,010,1,60,BROSKIW,BRODAVW,421.0999999999991,51.0,shape_dist_traveled,3
be9fae3052,010,1,61,BRODAVW,BROHARTW,236.10000000000042,38.0,shape_dist_traveled,3
be9fae3052,010,1,62,BROHARTW,BRORODW,259.1999999999999,42.0,shape_dist_traveled,3
be9fae3052,010,1,63,BRORODW,BROYALW,381.6000000000024,62.0,shape_dist_traveled,3
be9fae3052,010,1,64,BROYALW,BROCHIW,190.29999999999703,31.0,shape_dist_traveled,3
be9fae3052,010,1,65,BROCHIW,BROCENW,393.2000000000002,67.0,shape_dist_traveled,3
be9fae3052,010,1,66,BROCENW,BROSTEW,240.10000000000176,33.0,shape_dist_traveled,3
be9fae3052,010,1,67,BROSTEW,BROENTW,778.1999999999982,107.0,shape_dist_traveled,3
be9fae3052,010,1,68,BROENTW,BROLECW,268.2000000000002,36.0,shape_dist_traveled,3
be9fae3052,010,1,69,BROLECW,BROMIDLW,359.70000000000016,49.0,shape_dist_traveled,3
be9fae3052,010,1,70,BROMIDLW,BROHIGW,240.50000000000082,33.0,shape_dist_traveled,3
be9fae3052,010,1,71,BROHIGW,BROOAKW,182.40000000000123,25.0,shape_dist_traveled,3
be9fae3052,010,1,72,BROOAKW,BROEURW,250.49999999999883,34.0,shape_dist_traveled,3
be9fae3052,010,1,73,BROEURW,BROOGDW,446.0000000000015,61.0,shape_dist_traveled,3
be9fae3052,010,1,74,BROOGDW,BROHAGW,281.6999999999972,42.0,shape_dist_traveled,3
be9fae3052,010,1,75,BROHAGW,BROHALW,418.00000000000284,45.0,shape_dist_traveled,3
be9fae3052,010,1,76,BROHALW,BROWESW,212.3999999999988,23.0,shape_dist_traveled,3
be9fae3052,010,1,77,BROWESW,BROBRIW,216.40000000000015,23.0,shape_dist_traveled,3
be9fae3052,010,1,78,BROBRIW,BROSYLW,259.59999999999894,29.0,shape_dist_traveled,3
be9fae3052,010,1,79,BROSYLW,BRO344W,445.7000000000022,68.0,shape_dist_traveled,3
be9fae3052,010,1,80,BRO344W,BROCONEW,458.80000000000007,70.0,shape_dist_traveled,3
be9fae3052,010,1,81,BROCONEW,BROVIOW,190.5000000000001,29.0,shape_dist_traveled,3
be9fae3052,010,1,82,BROVIOW,BROPHIW,796.0999999999991,121.0,shape_dist_traveled,3
be9fae3052,010,1,83,BROPHIW,BRO4158W,205.40000000000092,31.0,shape_dist_traveled,3
be9fae3052,010,1,84,BRO4158W,BRO425W,255.49999999999784,41.0,shape_dist_traveled,3
be9fae3052,010,1,85,BRO425W,BROOLDW,781.7000000000007,82.0,shape_dist_traveled,3
be9fae3052,010,1,86,BROOLDW,BROMURW,286.6999999999997,30.0,shape_dist_traveled,3
be9fae3052,010,1,87,BROMURW,BROSTUW,727.1999999999998,77.0,shape_dist_traveled,3
be9fae3052,010,1,88,BROSTUW,BROBUEW,383.0999999999989,40.0,shape_dist_traveled,3
be9fae3052,010,1,89,BROBUEW,WESRIDW,650.7000000000005,71.0,shape_dist_traveled,3
7e144e9ee0,010,1,0,BROMTCS,BROCARW,2557.0,117.0,shape_dist_traveled,4
7e144e9ee0,010,1,1,BROCARW,BROHAMW,1352.1999999999998,63.0,shape_dist_traveled,4
7e144e9ee0,010,1,2,BROHAMW,BROFAIW,148.6000000000005,32.0,shape_dist_traveled,4
7e144e9ee0,010,1,3,BROFAIW,BROSCHOW,220.19999999999928,47.0,shape_dist_traveled,4
7e144e9ee0,010,1,4,BROSCHOW,BROPARLW,225.99999999999997,49.0,shape_dist_traveled,4
7e144e9ee0,010,1,5,BROPARLW,BROYEAW,232.3000000000004,52.0,shape_dist_traveled,4
7e144e9ee0,010,1,6,BROYEAW,BRO424W,210.09999999999974,40.0,shape_dist_traveled,4
7e144e9ee0,010,1,7,BRO424W,BROBEEWW,279.6000000000003,53.0,shape_dist_traveled,4
7e144e9ee0,010,1,8,BROBEEWW,BROBEETW,211.99999999999974,40.0,shape_dist_traveled,4
7e144e9ee0,010,1,9,BROBEETW,BROROBW,244.60000000000014,46.0,shape_dist_traveled,4
7e144e9ee0,010,1,10,BROROBW,EBRCOLW,249.29999999999984,47.0,shape_dist_traveled,4
7e144e9ee0,010,1,11,EBRCOLW,BROMAPW,260.40000000000066,49.0,shape_dist_traveled,4
7e144e9ee0,010,1,12,BROMAPW,BROWEYW,332.19999999999936,63.0,shape_dist_traveled,4
7e144e9ee0,010,1,13,BROWEYW,BROHAMPW,238.50000000000017,45.0,shape_dist_traveled,4
7e144e9ee0,010,1,14,BROHAMPW,BROASHW,171.80000000000018,32.0,shape_dist_traveled,4
7e144e9ee0,010,1,15,BROASHW,BROLOWW,318.3999999999996,65.0,shape_dist_traveled,4
7e144e9ee0,010,1,16,BROLOWW,BROHARDW,352.6000000000007,44.0,shape_dist_traveled,4
7e144e9ee0,010,1,17,BROHARDW,BROBRODW,215.09999999999962,27.0,shape_dist_traveled,4
7e144e9ee0,010,1,18,BROBRODW,BROMERW,253.50000000000074,31.5,shape_dist_traveled,4
7e144e9ee0,010,1,19,BROMERW,BROSTANW,273.7999999999996,34.0,shape_dist_traveled,4
7e144e9ee0,010,1,20,BROSTANW,BROCASIW,223.10000000000053,27.5,shape_dist_traveled,4
7e144e9ee0,010,1,21,BROCASIW,BROCASAW,239.59999999999937,29.5,shape_dist_traveled,4
7e144e9ee0,010,1,22,BROCASAW,BRODREW,423.5000000000007,53.0,shape_dist_traveled,4
7e144e9ee0,010,1,23,BRODREW,BROPARVW,290.0999999999989,36.0,shape_dist_traveled,4
7e144e9ee0,010,1,24,BROPARVW,BROMEAW,321.50000000000034,40.0,shape_dist_traveled,4
7e144e9ee0,010,1,25,BROMEAW,BRONELFW,501.3000000000005,67.5,shape_dist_traveled,4
7e144e9ee0,010,1,26,BRONELFW,BROBRUNW,209.50000000000023,30.0,shape_dist_traveled,4
7e144e9ee0,010,1,27,BROBRUNW,BROWOOW,357.7999999999992,51.0,shape_dist_traveled,4
7e144e9ee0,010,1,28,BROWOOW,BROPARWW,201.99999999999994,29.0,shape_dist_traveled,4
7e144e9ee0,010,1,29,BROPARWW,BROWINW,465.0999999999996,67.0,shape_dist_traveled,4
7e144e9ee0,010,1,30,BROWINW,BROGOVW,289.200000000001,41.0,shape_dist_traveled,4
7e144e9ee0,010,1,31,BROGOVW,BROOHIW,141.49999999999886,22.0,shape_dist_traveled,4
7e144e9ee0,010,1,32,BROOHIW,BRO20TW,288.4000000000011,48.0,shape_dist_traveled,4
7e144e9ee0,010,1,33,BRO20TW,BRO17TW,303.49999999999966,50.0,shape_dist_traveled,4
7e144e9ee0,010,1,34,BRO17TW,BROHAMIW,280.4000000000002,46.0,shape_dist_traveled,4
7e144e9ee0,010,1,35,BROHAMIW,BROJEFW,277.89999999999895,46.0,shape_dist_traveled,4
7e144e9ee0,010,1,36,BROJEFW,BROWASAW,284.0000000000007,47.0,shape_dist_traveled,4
7e144e9ee0,010,1,37,BROWASAW,BROGRAW,344.2000000000007,57.0,shape_dist_traveled,4
7e144e9ee0,010,1,38,BROGRAW,BRO5THW,216.19999999999885,36.0,shape_dist_traveled,4
7e144e9ee0,010,1,39,BRO5THW,BRO4THW,155.80000000000103,30.0,shape_dist_traveled,4
7e144e9ee0,010,1,40,BRO4THW,BRO3RDW,146.49999999999963,55.0,shape_dist_traveled,4
7e144e9ee0,010,1,41,BRO3RDW,BROHIGHW,173.00000000000006,65.0,shape_dist_traveled,4
7e144e9ee0,010,1,42,BROHIGHW,HIGLONN2,342.6999999999989,48.0,shape_dist_traveled,4
7e144e9ee0,010,1,43,HIGLONN2,FROLONS,497.90000000000134,72.0,shape_dist_traveled,4
7e144e9ee0,010,1,44,FROLONS,BROMARW,418.2999999999986,240.0,shape_dist_traveled,4
7e144e9ee0,010,1,45,BROMARW,BROBELW,512.1000000000003,99.0,shape_dist_traveled,4
7e144e9ee0,010,1,46,BROBELW,WBRMAYW,459.19999999999914,89.0,shape_dist_traveled,4
7e144e9ee0,010,1,47,WBRMAYW,BROSKIW,149.0000000000009,28.0,shape_dist_traveled,4
7e144e9ee0,010,1,48,BROSKIW,BRODAVW,421.0999999999991,84.0,shape_dist_traveled,4
7e144e9ee0,010,1,49,BRODAVW,BROHARTW,236.10000000000042,29.0,shape_dist_traveled,4
7e144e9ee0,010,1,50,BROHARTW,BRORODW,259.1999999999999,31.0,shape_dist_traveled,4
7e144e9ee0,010,1,51,BRORODW,BROYALW,381.5000000000026,47.0,shape_dist_traveled,4
7e144e9ee0,010,1,52,BROYALW,BROCHIW,190.3999999999968,23.0,shape_dist_traveled,4
7e144e9ee0,010,1,53,BROCHIW,BROCENW,393.2000000000002,50.0,shape_dist_traveled,4
7e144e9ee0,010,1,54,BROCENW,BROSTEW,240.000000000002,33.0,shape_dist_traveled,4
7e144e9ee0,010,1,55,BROSTEW,BROENTW,778.1999999999982,107.0,shape_dist_traveled,4
7e144e9ee0,010,1,56,BROENTW,BROLECW,268.29999999999995,36.0,shape_dist_traveled,4
7e144e9ee0,010,1,57,BROLECW,BROMIDLW,359.70000000000016,49.0,shape_dist_traveled,4
7e144e9ee0,010,1,58,BROMIDLW,BROHIGW,240.40000000000106,33.0,shape_dist_traveled,4
7e144e9ee0,010,1,59,BROHIGW,BROOAKW,182.40000000000123,25.0,shape_dist_traveled,4
7e144e9ee0,010,1,60,BROOAKW,BROEURW,250.5999999999986,34.0,shape_dist_traveled,4
7e144e9ee0,010,1,61,BROEURW,BROOGDW,445.90000000000174,61.0,shape_dist_traveled,4
7e144e9ee0,010,1,62,BROOGDW,BROHAGW,281.6999999999972,42.0,shape_dist_traveled,4
7e144e9ee0,010,1,63,BROHAGW,BROHALW,418.00000000000284,45.0,shape_dist_traveled,4
7e144e9ee0,010,1,64,BROHALW,BROWESW,212.49999999999858,23.0,shape_dist_traveled,4
7e144e9ee0,010,1,65,BROWESW,BROBRIW,216.40000000000015,23.0,shape_dist_traveled,4
7e144e9ee0,010,1,66,BROBRIW,BROSYLW,259.59999999999894,29.0,shape_dist_traveled,4
7e144e9ee0,010,1,67,BROSYLW,BRO344W,445.7000000000022,68.0,shape_dist_traveled,4
7e144e9ee0,010,1,68,BRO344W,BROCONEW,458.80000000000007,70.0,shape_dist_traveled,4
7e144e9ee0,010,1,69,BROCONEW,BROVIOW,190.5000000000001,29.0,shape_dist_traveled,4
7e144e9ee0,010,1,70,BROVIOW,BROPHIW,795.9999999999993,121.0,shape_dist_traveled,4
7e144e9ee0,010,1,71,BROPHIW,BRO4158W,205.50000000000068,31.0,shape_dist_traveled,4
7e144e9ee0,010,1,72,BRO4158W,BRO425W,255.49999999999784,41.0,shape_dist_traveled,4
7e144e9ee0,010,1,73,BRO425W,BROOLDW,781.7000000000007,82.0,shape_dist_traveled,4
7e144e9ee0,010,1,74,BROOLDW,BROMURW,286.6999999999997,30.0,shape_dist_traveled,4
7e144e9ee0,010,1,75,BROMURW,BROSTUW,727.1999999999998,77.0,shape_dist_traveled,4
7e144e9ee0,010,1,76,BROSTUW,BROBUEW,382.9999999999991,40.0,shape_dist_traveled,4
7e144e9ee0,010,1,77,BROBUEW,WESRIDW,650.8000000000003,71.0,shape_dist_traveled,4
90fbcac835,011,0,0,WESHIGW,HIG521S,157.9,60.0,shape_dist_traveled,19
90fbcac835,011,0,1,HIG521S,HIGFENS,140.19999999999996,18.0,shape_dist_traveled,19
90fbcac835,011,0,2,HIGFENS,HIGGRA2S,338.3,45.0,shape_dist_traveled,19
90fbcac835,011,0,3,HIGGRA2S,MORHIGE,302.5,40.0,shape_dist_traveled,19
90fbcac835,011,0,4,MORHIGE,MORFOSE,403.90000000000003,53.0,shape_dist_traveled,19
90fbcac835,011,0,5,MORFOSE,MORELKE,230.29999999999995,30.0,shape_dist_traveled,19
90fbcac835,011,0,6,MORELKE,MORSHAE,283.6000000000001,37.0,shape_dist_traveled,19
90fbcac835,011,0,7,MORSHAE,MORCOLE,406.6000000000001,54.0,shape_dist_traveled,19
90fbcac835,011,0,8,MORCOLE,MORINDE,209.20000000000005,27.0,shape_dist_traveled,19
90fbcac835,011,0,9,MORINDE,MORSANE,671.1,89.0,shape_dist_traveled,19
90fbcac835,011,0,10,MORSANE,MAIMORS,612.1999999999996,81.0,shape_dist_traveled,19
90fbcac835,011,0,11,MAIMORS,MAISHAS1,358.6,47.0,shape_dist_traveled,19
90fbcac835,011,0,12,MAISHAS1,MAIGARS,238.50000000000017,31.0,shape_dist_traveled,19
90fbcac835,011,0,13,MAIGARS,MAICARBS,295.6000000000003,39.0,shape_dist_traveled,19
90fbcac835,011,0,14,MAICARBS,MAICOOS,450.9999999999996,69.0,shape_dist_traveled,19
90fbcac835,011,0,15,MAICOOS,MAINORS,383.7999999999999,52.0,shape_dist_traveled,19
90fbcac835,011,0,16,MAINORS,MAIBLES,270.40000000000043,37.0,shape_dist_traveled,19
90fbcac835,011,0,17,MAIBLES,MAIZEBS,365.8000000000001,50.0,shape_dist_traveled,19
90fbcac835,011,0,18,MAIZEBS,MAIURAS,406.6999999999998,56.0,shape_dist_traveled,19
90fbcac835,011,0,19,MAIURAS,MAIDUNS,214.50000000000014,29.0,shape_dist_traveled,19
90fbcac835,011,0,20,MAIDUNS,OAKOSCE,217.0999999999994,29.0,shape_dist_traveled,19
90fbcac835,011,0,21,OAKOSCE,OAKATWE,320.70000000000044,44.0,shape_dist_traveled,19
90fbcac835,011,0,22,OAKATWE,MCGOAKS,381.99999999999966,52.0,shape_dist_traveled,19
90fbcac835,011,0,23,MCGOAKS,MCGNORS,160.49999999999986,22.0,shape_dist_traveled,19
90fbcac835,011,0,24,MCGNORS,MCGWELS,252.80000000000058,34.0,shape_dist_traveled,19
90fbcac835,011,0,25,MCGWELS,MCGCOMS,235.79999999999933,32.0,shape_dist_traveled,19
90fbcac835,011,0,26,MCGCOMS,MCGWEBS,230.70000000000056,31.0,shape_dist_traveled,19
90fbcac835,011,0,27,MCGWEBS,MCGABES,232.40000000000015,32.0,shape_dist_traveled,19
90fbcac835,011,0,28,MCGABES,MCGGENS,268.1000000000005,36.0,shape_dist_traveled,19
90fbcac835,011,0,29,MCGGENS,MCGBRIS,272.99999999999966,37.0,shape_dist_traveled,19
90fbcac835,011,0,30,MCGBRIS,HUDONTE,713.9999999999986,98.0,shape_dist_traveled,19
90fbcac835,011,0,31,HUDONTE,HUDDREE,371.6000000000008,51.0,shape_dist_traveled,19
90fbcac835,011,0,32,HUDDREE,HUDCLEE,358.70000000000067,58.0,shape_dist_traveled,19
90fbcac835,011,0,33,HUDCLEE,HUDJOYE,446.7999999999996,52.0,shape_dist_traveled,19
90fbcac835,011,0,34,HUDJOYE,JOYBLAS,446.19999999999925,52.0,shape_dist_traveled,19
90fbcac835,011,0,35,JOYBLAS,JOY26TS,294.7000000000006,34.0,shape_dist_traveled,19
90fbcac835,011,0,36,JOY26TS,JOY23RS,279.5000000000005,32.0,shape_dist_traveled,19
90fbcac835,011,0,37,JOY23RS,JOY178S,180.7999999999996,21.0,shape_dist_traveled,19
90fbcac835,011,0,38,JOY178S,JOY17TS,410.7000000000003,47.0,shape_dist_traveled,19
90fbcac835,011,0,39,JOY17TS,JOYWINS,483.6999999999989,56.0,shape_dist_traveled,19
90fbcac835,011,0,40,JOYWINS,JOYDEWS,348.80000000000064,40.0,shape_dist_traveled,19
90fbcac835,011,0,41,JOYDEWS,JOY5THS,705.6000000000005,86.0,shape_dist_traveled,19
90fbcac835,011,0,42,JOY5THS,JOYGIBS,300.19999999999845,54.0,shape_dist_traveled,19
90fbcac835,011,0,43,JOYGIBS,LEOCHAE,609.1000000000015,110.0,shape_dist_traveled,19
90fbcac835,011,0,44,LEOCHAE,LEOTAYE,416.90000000000003,76.0,shape_dist_traveled,19
90fbcac835,011,0,45,LEOTAYE,TAYMARS,331.3999999999986,42.0,shape_dist_traveled,19
90fbcac835,011,0,46,TAYMARS,TAYMTVS,371.6000000000008,48.0,shape_dist_traveled,19
90fbcac835,011,0,47,TAYMTVS,TAYCLIS,382.89999999999935,49.0,shape_dist_traveled,19
90fbcac835,011,0,48,TAYCLIS,TAYLONS,158.20000000000078,20.0,shape_dist_traveled,19
90fbcac835,011,0,49,TAYLONS,LONWINW,472.4000000000004,61.0,shape_dist_traveled,19
90fbcac835,011,0,50,LONWINW,LONOHIW,284.09999999999866,36.0,shape_dist_traveled,19
90fbcac835,011,0,51,LONOHIW,LON20TW,318.40000000000043,44.0,shape_dist_traveled,19
90fbcac835,011,0,52,LON20TW,LON18TW,203.19999999999894,38.0,shape_dist_traveled,19
90fbcac835,011,0,53,LON18TW,LONMONW,261.0000000000028,49.0,shape_dist_traveled,19
90fbcac835,011,0,54,LONMONW,LONHAMW,223.09999999999874,42.0,shape_dist_traveled,19
90fbcac835,011,0,55,LONHAMW,SPRHAMW,257.6999999999998,48.0,shape_dist_traveled,19
90fbcac835,011,0,56,SPRHAMW,SPRMOUW,439.69999999999845,83.0,shape_dist_traveled,19
90fbcac835,011,0,57,SPRMOUW,SPRCLEW,232.30000000000217,43.0,shape_dist_traveled,19
90fbcac835,011,0,58,SPRCLEW,SPRGRAW,165.59999999999775,31.0,shape_dist_traveled,19
90fbcac835,011,0,59,SPRGRAW,SPRNEIW,205.40000000000092,38.0,shape_dist_traveled,19
90fbcac835,011,0,60,SPRNEIW,SPR4THW,263.60000000000025,49.0,shape_dist_traveled,19
90fbcac835,011,0,61,SPR4THW,SPRHIGW,291.9000000000018,55.0,shape_dist_traveled,19
90fbcac835,011,0,62,SPRHIGW,FROLONS,308.49999999999864,64.0,shape_dist_traveled,19
90fbcac835,011,0,63,FROLONS,FROBROS,386.099999999999,240.0,shape_dist_traveled,19
90fbcac835,011,0,64,FROBROS,FROTOWS,321.40000000000055,88.0,shape_dist_traveled,19
90fbcac835,011,0,65,FROTOWS,MAIHIGE,548.6000000000004,152.0,shape_dist_traveled,19
90fbcac835,011,0,66,MAIHIGE,4THTOWN,553.1000000000006,102.0,shape_dist_traveled,19
90fbcac835,011,0,67,4THTOWN,TOWGRAE,528.6000000000008,97.0,shape_dist_traveled,19
90fbcac835,011,0,68,TOWGRAE,TOWWASE,283.9999999999989,52.0,shape_dist_traveled,19
90fbcac835,011,0,69,TOWWASE,TOWLESE,253.79999999999825,46.0,shape_dist_traveled,19
90fbcac835,011,0,70,TOWLESE,BRYPARE,187.2000000000007,34.0,shape_dist_traveled,19
90fbcac835,011,0,71,BRYPARE,BRYMONE,231.20000000000118,42.0,shape_dist_traveled,19
90fbcac835,011,0,72,BRYMONE,BRY18TE,259.10000000000014,47.0,shape_dist_traveled,19
90fbcac835,011,0,73,BRY18TE,BRY22NE,302.09999999999934,60.0,shape_dist_traveled,19
90fbcac835,011,0,74,BRY22NE,BRYCHAE,261.099999999999,43.0,shape_dist_traveled,19
90fbcac835,011,0,75,BRYCHAE,BRYWILE,200.1000000000026,33.0,shape_dist_traveled,19
90fbcac835,011,0,76,BRYWILE,BRYOPPE,312.0999999999974,52.0,shape_dist_traveled,19
90fbcac835,011,0,77,BRYOPPE,BRYMILE,229.10000000000252,38.0,shape_dist_traveled,19
90fbcac835,011,0,78,BRYMILE,BRYKELE,206.09999999999928,34.0,shape_dist_traveled,19
90fbcac835,011,0,79,BRYKELE,BRYMORE,224.0000000000002,37.0,shape_dist_traveled,19
90fbcac835,011,0,80,BRYMORE,BRYFAIE,193.19999999999737,32.0,shape_dist_traveled,19
90fbcac835,011,0,81,BRYFAIE,BRYRHOE,345.200000000002,57.0,shape_dist_traveled,19
90fbcac835,011,0,82,BRYRHOE,HOLMAIS,548.9999999999995,94.0,shape_dist_traveled,19
90fbcac835,011,0,83,HOLMAIS,LIVMEME,1212.7000000000016,136.0,shape_dist_traveled,19
90fbcac835,011,0,84,LIVMEME,ALU102S,332.3999999999998,37.0,shape_dist_traveled,19
90fbcac835,011,0,85,ALU102S,ALUALUS,683.1999999999994,76.0,shape_dist_traveled,19
90fbcac835,011,0,86,ALUALUS,ALUINTS,439.9999999999977,49.0,shape_dist_traveled,19
90fbcac835,011,0,87,ALUINTS,ALUFRES,410.0000000000001,46.0,shape_dist_traveled,19
90fbcac835,011,0,88,ALUFRES,ALU1900S,324.3000000000009,36.0,shape_dist_traveled,19
90fbcac835,011,0,89,ALU1900S,ALU1755N,334.50000000000205,40.0,shape_dist_traveled,19
dedb0077b9,011,1,0,ALU1755N,ALUINTN,762.5,100.0,shape_dist_traveled,19
dedb0077b9,011,1,1,ALUINTN,ALUALUN,439.3,58.0,shape_dist_traveled,19
dedb0077b9,011,1,2,ALUALUN,ALU102N,700.0,92.0,shape_dist_traveled,19
dedb0077b9,011,1,3,ALU102N,ALUPAYN,969.0000000000001,128.0,shape_dist_traveled,19
dedb0077b9,011,1,4,ALUPAYN,MAIHOLW,308.3999999999998,42.0,shape_dist_traveled,19
dedb0077b9,011,1,5,MAIHOLW,BRYRHOW,688.1000000000004,99.0,shape_dist_traveled,19
dedb0077b9,011,1,6,BRYRHOW,BRYFAIW,219.10000000000008,31.0,shape_dist_traveled,19
dedb0077b9,011,1,7,BRYFAIW,BRYMORW,191.19999999999936,27.0,shape_dist_traveled,19
dedb0077b9,011,1,8,BRYMORW,BRYKELW,307.10000000000014,44.0,shape_dist_traveled,19
dedb0077b9,011,1,9,BRYKELW,BRYMILW,161.00000000000048,23.0,shape_dist_traveled,19
dedb0077b9,011,1,10,BRYMILW,BRYALTW,254.09999999999934,36.0,shape_dist_traveled,19
dedb0077b9,011,1,11,BRYALTW,BRYWILW,251.1000000000001,36.0,shape_dist_traveled,19
dedb0077b9,011,1,12,BRYWILW,BRYCHAW,239.10000000000053,34.0,shape_dist_traveled,19
dedb0077b9,011,1,13,BRYCHAW,BRYOHIW,166.99999999999983,30.0,shape_dist_traveled,19
dedb0077b9,011,1,14,BRYOHIW,BRY19TW,340.30000000000007,62.0,shape_dist_traveled,19
dedb0077b9,011,1,15,BRY19TW,BRYMONW,320.0000000000003,58.0,shape_dist_traveled,19
dedb0077b9,011,1,16,BRYMONW,BRYPARW,240.19999999999976,44.0,shape_dist_traveled,19
dedb0077b9,011,1,17,BRYPARW,TOWLESW,152.0999999999999,27.0,shape_dist_traveled,19
dedb0077b9,011,1,18,TOWLESW,TOWWASW,281.90000000000026,51.0,shape_dist_traveled,19
dedb0077b9,011,1,19,TOWWASW,GRATOWS,379.50000000000017,69.0,shape_dist_traveled,19
dedb0077b9,011,1,20,GRATOWS,RICGRAW,177.29999999999978,32.0,shape_dist_traveled,19
dedb0077b9,011,1,21,RICGRAW,RIC5THW,222.5999999999999,40.0,shape_dist_traveled,19
dedb0077b9,011,1,22,RIC5THW,3RDMAIS,497.5999999999994,91.0,shape_dist_traveled,19
dedb0077b9,011,1,23,3RDMAIS,MOUHIGW3,335.1000000000006,66.0,shape_dist_traveled,19
dedb0077b9,011,1,24,MOUHIGW3,FROMOUN,210.2000000000004,43.0,shape_dist_traveled,19
dedb0077b9,011,1,25,FROMOUN,FROTOWN,398.299999999999,81.0,shape_dist_traveled,19
dedb0077b9,011,1,26,FROTOWN,FROGAYN,559.5999999999997,116.0,shape_dist_traveled,19
dedb0077b9,011,1,27,FROGAYN,LONHIGE,234.5000000000006,120.0,shape_dist_traveled,19
dedb0077b9,011,1,28,LONHIGE,LON4THE,384.00000000000034,58.0,shape_dist_traveled,19
dedb0077b9,011,1,29,LON4THE,LONNORE,263.79999999999984,40.0,shape_dist_traveled,19
dedb0077b9,011,1,30,LONNORE,LONCLEE,270.09999999999934,40.0,shape_dist_traveled,19
dedb0077b9,011,1,31,LONCLEE,LONWASE,298.70000000000016,45.0,shape_dist_traveled,19
dedb0077b9,011,1,32,LONWASE,LONJEFE,238.5999999999999,36.0,shape_dist_traveled,19
dedb0077b9,011,1,33,LONJEFE,LONHAME1,285.80000000000007,43.0,shape_dist_traveled,19
dedb0077b9,011,1,34,LONHAME1,LONTALE,210.30000000000015,31.0,shape_dist_traveled,19
dedb0077b9,011,1,35,LONTALE,LON17TE,164.7999999999996,24.0,shape_dist_traveled,19
dedb0077b9,011,1,36,LON17TE,LON20TE,257.0000000000015,43.0,shape_dist_traveled,19
dedb0077b9,011,1,37,LON20TE,LONOHIE,315.0999999999993,47.0,shape_dist_traveled,19
dedb0077b9,011,1,38,LONOHIE,LONCHAE,130.4999999999996,19.0,shape_dist_traveled,19
dedb0077b9,011,1,39,LONCHAE,LONWINE,206.30000000000058,30.0,shape_dist_traveled,19
dedb0077b9,011,1,40,LONWINE,TAYLONN,420.9999999999994,62.0,shape_dist_traveled,19
dedb0077b9,011,1,41,TAYLONN,TAYCLIN,256.6000000000006,38.0,shape_dist_traveled,19
dedb0077b9,011,1,42,TAYCLIN,TAYGREN,329.8000000000005,49.0,shape_dist_traveled,19
dedb0077b9,011,1,43,TAYGREN,TAYMARN,391.5999999999986,58.0,shape_dist_traveled,19
dedb0077b9,011,1,44,TAYMARN,152LEOW,355.3000000000015,57.0,shape_dist_traveled,19
dedb0077b9,011,1,45,152LEOW,LEOCHAW,388.39999999999895,37.0,shape_dist_traveled,19
dedb0077b9,011,1,46,LEOCHAW,JOYBLIN,442.1999999999997,43.0,shape_dist_traveled,19
dedb0077b9,011,1,47,JOYBLIN,JOY5THN,401.39999999999884,40.0,shape_dist_traveled,19
dedb0077b9,011,1,48,JOY5THN,JOYDEWN,751.9000000000027,98.0,shape_dist_traveled,19
dedb0077b9,011,1,49,JOYDEWN,JOY12TN,271.5999999999994,35.0,shape_dist_traveled,19
dedb0077b9,011,1,50,JOY12TN,JOY17TN,592.6000000000009,77.0,shape_dist_traveled,19
dedb0077b9,011,1,51,JOY17TN,JOY177N,350.09999999999764,45.0,shape_dist_traveled,19
dedb0077b9,011,1,52,JOY177N,JOY23RN,234.40000000000083,30.0,shape_dist_traveled,19
dedb0077b9,011,1,53,JOY23RN,JOY26TN,279.49999999999875,36.0,shape_dist_traveled,19
dedb0077b9,011,1,54,JOY26TN,JOYBLAN,287.5000000000014,37.0,shape_dist_traveled,19
dedb0077b9,011,1,55,JOYBLAN,HUDJOYW,420.70000000000005,55.0,shape_dist_traveled,19
dedb0077b9,011,1,56,HUDJOYW,HUDCLEW,477.9000000000018,67.0,shape_dist_traveled,19
dedb0077b9,011,1,57,HUDCLEW,HUDDREW,420.6999999999965,54.0,shape_dist_traveled,19
dedb0077b9,011,1,58,HUDDREW,HUDONTW,391.70000000000016,50.0,shape_dist_traveled,19
dedb0077b9,011,1,59,HUDONTW,MCGHUDN,387.7000000000024,50.0,shape_dist_traveled,19
dedb0077b9,011,1,60,MCGHUDN,MCGBRIN,241.09999999999943,31.0,shape_dist_traveled,19
dedb0077b9,011,1,61,MCGBRIN,MCGOPPN,301.9999999999996,38.0,shape_dist_traveled,19
dedb0077b9,011,1,62,MCGOPPN,MCGABEN,189.00000000000006,24.0,shape_dist_traveled,19
dedb0077b9,011,1,63,MCGABEN,MCGWEBN,222.40000000000038,28.0,shape_dist_traveled,19
dedb0077b9,011,1,64,MCGWEBN,MCGDELN,279.799999999998,36.0,shape_dist_traveled,19
dedb0077b9,011,1,65,MCGDELN,MCGWELN,200.7000000000012,25.0,shape_dist_traveled,19
dedb0077b9,011,1,66,MCGWELN,MCGNORN,288.80000000000194,37.0,shape_dist_traveled,19
dedb0077b9,011,1,67,MCGNORN,MCGOAKN,182.5999999999972,23.0,shape_dist_traveled,19
dedb0077b9,011,1,68,MCGOAKN,OAKATWW,319.90000000000055,41.0,shape_dist_traveled,19
dedb0077b9,011,1,69,OAKATWW,OAKHIAW,188.40000000000146,24.0,shape_dist_traveled,19
dedb0077b9,011,1,70,OAKHIAW,OAKMAIW,262.7999999999986,33.0,shape_dist_traveled,19
dedb0077b9,011,1,71,OAKMAIW,MAIURAN,376.2000000000007,48.0,shape_dist_traveled,19
dedb0077b9,011,1,72,MAIURAN,MAIMOON,397.7000000000004,51.0,shape_dist_traveled,19
dedb0077b9,011,1,73,MAIMOON,MAINORTN,276.59999999999843,35.0,shape_dist_traveled,19
dedb0077b9,011,1,74,MAINORTN,MAINORN,319.6000000000012,41.0,shape_dist_traveled,19
dedb0077b9,011,1,75,MAINORN,MAICOON,333.70000000000033,51.0,shape_dist_traveled,19
dedb0077b9,011,1,76,MAICOON,MAIHILN,386.8000000000009,46.0,shape_dist_traveled,19
dedb0077b9,011,1,77,MAIHILN,MAIGARN,421.89999999999725,51.0,shape_dist_traveled,19
dedb0077b9,011,1,78,MAIGARN,MAISHAN,233.40000000000316,28.0,shape_dist_traveled,19
dedb0077b9,011,1,79,MAISHAN,MAIMORN1,351.5999999999977,42.0,shape_dist_traveled,19
dedb0077b9,011,1,80,MAIMORN1,MORMAIW,187.40000000000023,22.0,shape_dist_traveled,19
dedb0077b9,011,1,81,MORMAIW,MORKINW,217.40000000000137,26.0,shape_dist_traveled,19
dedb0077b9,011,1,82,MORKINW,MORSANW,227.49999999999915,27.0,shape_dist_traveled,19
dedb0077b9,011,1,83,MORSANW,MORINDW,660.0999999999999,79.0,shape_dist_traveled,19
dedb0077b9,011,1,84,MORINDW,MORCOLW,217.19999999999828,26.0,shape_dist_traveled,19
dedb0077b9,011,1,85,MORCOLW,MORBEEW,235.30000000000229,28.0,shape_dist_traveled,19
dedb0077b9,011,1,86,MORBEEW,MORELKW,402.79999999999916,48.0,shape_dist_traveled,19
dedb0077b9,011,1,87,MORELKW,MORFOSW,281.40000000000146,34.0,shape_dist_traveled,19
dedb0077b9,011,1,88,MORFOSW,MORBEECW,182.2999999999979,22.0,shape_dist_traveled,19
dedb0077b9,011,1,89,MORBEECW,HIGMORN,363.70000000000147,44.0,shape_dist_traveled,19
dedb0077b9,011,1,90,HIGMORN,HIGFITN,337.5999999999983,40.0,shape_dist_traveled,19
dedb0077b9,011,1,91,HIGFITN,HIG522N,251.20000000000076,37.0,shape_dist_traveled,19
dedb0077b9,011,1,92,HIG522N,WESHIGW,259.800000000002,60.0,shape_dist_traveled,19
92b62e45d6,012,0,0,1333FIES,FIEMOBDS,185.4,25.0,shape_dist_traveled,41
92b62e45d6,012,0,1,FIEMOBDS,FIE5THS,177.0,24.0,shape_dist_traveled,41
92b62e45d6,012,0,2,FIE5THS,5TH6THW,435.70000000000005,60.0,shape_dist_traveled,41
92b62e45d6,012,0,3,5TH6THW,5TH4THW,276.49999999999994,38.0,shape_dist_traveled,41
92b62e45d6,012,0,4,5TH4THW,SUM5THS,226.5999999999999,33.0,shape_dist_traveled,41
92b62e45d6,012,0,5,SUM5THS,SUM3RDS,364.1000000000001,52.0,shape_dist_traveled,41
92b62e45d6,012,0,6,SUM3RDS,SUM2NDS,117.19999999999997,17.0,shape_dist_traveled,41
92b62e45d6,012,0,7,SUM2NDS,SUMWARS,359.89999999999986,52.0,shape_dist_traveled,41
92b62e45d6,012,0,8,SUMWARS,HIGLONS,1781.8,259.0,shape_dist_traveled,41
92b62e45d6,012,0,9,HIGLONS,HIGBROS,265.6000000000001,40.0,shape_dist_traveled,41
92b62e45d6,012,0,10,HIGBROS,BROMARW,310.10000000000025,120.0,shape_dist_traveled,41
92b62e45d6,012,0,11,BROMARW,BROBELW,512.0999999999993,59.0,shape_dist_traveled,41
92b62e45d6,012,0,12,BROBELW,WBRMAYW,459.20000000000005,53.0,shape_dist_traveled,41
92b62e45d6,012,0,13,WBRMAYW,BROSKIW,149.00000000000003,17.0,shape_dist_traveled,41
92b62e45d6,012,0,14,BROSKIW,BRODAVW,421.1,51.0,shape_dist_traveled,41
92b62e45d6,012,0,15,BRODAVW,SOUSCON,278.50000000000017,23.0,shape_dist_traveled,41
92b62e45d6,012,0,16,SOUSCON,MCK856W,273.6000000000001,23.0,shape_dist_traveled,41
92b62e45d6,012,0,17,MCK856W,MCKCYPW,418.00000000000017,35.0,shape_dist_traveled,41
92b62e45d6,012,0,18,MCKCYPW,MCKYALW,324.7,27.0,shape_dist_traveled,41
92b62e45d6,012,0,19,MCKYALW,MCK132W,340.30000000000007,29.0,shape_dist_traveled,41
92b62e45d6,012,0,20,MCK132W,MCKCENW,171.1999999999998,14.0,shape_dist_traveled,41
92b62e45d6,012,0,21,MCKCENW,MCKMCKW,197.59999999999957,17.0,shape_dist_traveled,41
92b62e45d6,012,0,22,MCKMCKW,MCKTRAW,87.30000000000082,12.0,shape_dist_traveled,41
fe1f6e7653,012,1,0,MCKTRAW,MCK1600W,434.90000000000003,120.0,shape_dist_traveled,41
fe1f6e7653,012,1,1,MCK1600W,MCKPARK,513.0999999999999,120.0,shape_dist_traveled,41
fe1f6e7653,012,1,2,MCKPARK,MCKCENE,160.3000000000001,19.0,shape_dist_traveled,41
fe1f6e7653,012,1,3,MCKCENE,MCK133E,148.19999999999987,17.0,shape_dist_traveled,41
fe1f6e7653,012,1,4,MCK133E,MCKYALE,352.30000000000007,42.0,shape_dist_traveled,41
fe1f6e7653,012,1,5,MCKYALE,MCKCYPE,318.7,38.0,shape_dist_traveled,41
fe1f6e7653,012,1,6,MCKCYPE,MCK851E,388.8999999999998,46.0,shape_dist_traveled,41
fe1f6e7653,012,1,7,MCK851E,SOUSCOS,359.4000000000004,43.0,shape_dist_traveled,41
fe1f6e7653,012,1,8,SOUSCOS,BRODAVE,269.2999999999999,35.0,shape_dist_traveled,41
fe1f6e7653,012,1,9,BRODAVE,BROSKIE,343.19999999999993,46.0,shape_dist_traveled,41
fe1f6e7653,012,1,10,BROSKIE,BROMAYE,209.79999999999998,28.0,shape_dist_traveled,41
fe1f6e7653,012,1,11,BROMAYE,BROBELE,515.7999999999996,69.0,shape_dist_traveled,41
fe1f6e7653,012,1,12,BROBELE,FROGAYN,708.7000000000003,97.0,shape_dist_traveled,41
fe1f6e7653,012,1,13,FROGAYN,LONHIGE,234.60000000000036,120.0,shape_dist_traveled,41
fe1f6e7653,012,1,14,LONHIGE,4THSPRN,525.5999999999998,87.0,shape_dist_traveled,41
fe1f6e7653,012,1,15,4THSPRN,4THLINN,1167.6000000000001,193.0,shape_dist_traveled,41
fe1f6e7653,012,1,16,4THLINN,4TH803N,298.29999999999933,49.0,shape_dist_traveled,41
fe1f6e7653,012,1,17,4TH803N,4TH2NDN,362.5000000000007,60.0,shape_dist_traveled,41
fe1f6e7653,012,1,18,4TH2NDN,4THDETN,212.59999999999923,35.0,shape_dist_traveled,41
fe1f6e7653,012,1,19,4THDETN,5TH4THE,329.20000000000016,56.0,shape_dist_traveled,41
fe1f6e7653,012,1,20,5TH4THE,5THGRAE,250.40000000000083,25.0,shape_dist_traveled,41
fe1f6e7653,012,1,21,5THGRAE,FIE5THN,397.6999999999986,40.0,shape_dist_traveled,41
fe1f6e7653,012,1,22,FIE5THN,FIE1330N,253.2000000000014,25.0,shape_dist_traveled,41
fe1f6e7653,012,1,23,FIE1330N,1333FIEN,142.199999999999,14.0,shape_dist_traveled,41
fe1f6e7653,012,1,24,1333FIEN,1333FIES,141.0,16.0,shape_dist_traveled,41
b9602c72c5,021,0,0,NMURBEAN,BROWESTE,1741.7,161.0,shape_dist_traveled,19
b9602c72c5,021,0,1,BROWESTE,GEOBROS,536.5,49.0,shape_dist_traveled,19
b9602c72c5,021,0,2,GEOBROS,GEOSHOS,369.29999999999995,34.0,shape_dist_traveled,19
b9602c72c5,021,0,3,GEOSHOS,GEOLINS,256.2000000000002,23.0,shape_dist_traveled,19
b9602c72c5,021,0,4,GEOLINS,GEOINDS,336.7,33.0,shape_dist_traveled,19
b9602c72c5,021,0,5,GEOINDS,GEOSULS,306.4,35.0,shape_dist_traveled,19
b9602c72c5,021,0,6,GEOSULS,SULCOUW1,556.0,63.0,shape_dist_traveled,19
b9602c72c5,021,0,7,SULCOUW1,SULINDW,264.99999999999966,30.0,shape_dist_traveled,19
b9602c72c5,021,0,8,SULINDW,SULMURW,662.0999999999997,75.0,shape_dist_traveled,19
b9602c72c5,021,0,9,SULMURW,SULEVGW,592.6,67.0,shape_dist_traveled,19
b9602c72c5,021,0,10,SULEVGW,SULINAW,426.30000000000035,48.0,shape_dist_traveled,19
b9602c72c5,021,0,11,SULINAW,SULNORW,337.50000000000034,42.0,shape_dist_traveled,19
b9602c72c5,021,0,12,SULNORW,SULWESW1,409.3,67.0,shape_dist_traveled,19
b9602c72c5,021,0,13,SULWESW1,WESMIDN,306.89999999999975,50.0,shape_dist_traveled,19
b9602c72c5,021,0,14,WESMIDN,WESRUSN,169.90000000000015,27.0,shape_dist_traveled,19
b9602c72c5,021,0,15,WESRUSN,WESWPRN,207.60000000000022,36.0,shape_dist_traveled,19
b9602c72c5,021,0,16,WESWPRN,HILBEAN,559.1999999999988,73.0,shape_dist_traveled,19
b9602c72c5,021,0,17,HILBEAN,300HLRON,387.90000000000015,51.0,shape_dist_traveled,19
b9602c72c5,021,0,18,300HLRON,HILMANN,531.6000000000009,70.0,shape_dist_traveled,19
b9602c72c5,021,0,19,HILMANN,HILSUMN,381.19999999999976,50.0,shape_dist_traveled,19
b9602c72c5,021,0,20,HILSUMN,HILFEDN,758.3000000000002,100.0,shape_dist_traveled,19
b9602c72c5,021,0,21,HILFEDN,HILRENN,1010.5000000000005,136.0,shape_dist_traveled,19
b9602c72c5,021,0,22,HILRENN,HILWESN,378.0000000000001,44.0,shape_dist_traveled,19
b9602c72c5,021,0,23,HILWESN,177HILLN,281.49999999999943,33.0,shape_dist_traveled,19
b9602c72c5,021,0,24,177HILLN,HILLTANN,393.9000000000004,46.0,shape_dist_traveled,19
b9602c72c5,021,0,25,HILLTANN,HILNIKN,400.10000000000014,47.0,shape_dist_traveled,19
b9602c72c5,021,0,26,HILNIKN,HILCOVN,452.09999999999974,53.0,shape_dist_traveled,19
b9602c72c5,021,0,27,HILCOVN,HILROBN,626.5,77.0,shape_dist_traveled,19
b9602c72c5,021,0,28,HILROBN,HILWHIN,475.5000000000002,40.0,shape_dist_traveled,19
b9602c72c5,021,0,29,HILWHIN,HILSPRN,582.6999999999991,49.0,shape_dist_traveled,19
b9602c72c5,021,0,30,HILSPRN,HILTINAN,537.4999999999997,45.0,shape_dist_traveled,19
b9602c72c5,021,0,31,HILTINAN,MAILUTN,733.5000000000011,61.0,shape_dist_traveled,19
b9602c72c5,021,0,32,MAILUTN,MAISCIN,520.5000000000002,45.0,shape_dist_traveled,19
b9602c72c5,021,0,33,MAISCIN,CEMLUXE,774.0000000000009,95.0,shape_dist_traveled,19
b9602c72c5,021,0,34,CEMLUXE,CEMNORE,277.89999999999895,34.0,shape_dist_traveled,19
b9602c72c5,021,0,35,CEMNORE,CEMWBE,293.1999999999988,36.0,shape_dist_traveled,19
b9602c72c5,021,0,36,CEMWBE,CEMOUTE,483.00000000000057,59.0,shape_dist_traveled,19
b9602c72c5,021,0,37,CEMOUTE,CEMLEAE,314.3999999999991,38.0,shape_dist_traveled,19
b9602c72c5,021,0,38,CEMLEAE,CEMBROE,236.4999999999995,29.0,shape_dist_traveled,19
b9602c72c5,021,0,39,CEMBROE,BRICEMN,525.2000000000016,69.0,shape_dist_traveled,19
b9602c72c5,021,0,40,BRICEMN,BRIALLN,464.9999999999999,42.0,shape_dist_traveled,19
b9602c72c5,021,0,41,BRIALLN,BRIANSN,562.8999999999991,51.0,shape_dist_traveled,19
b9602c72c5,021,0,42,BRIANSN,BRIDAVN,999.7000000000007,91.0,shape_dist_traveled,19
b9602c72c5,021,0,43,BRIDAVN,BRIFARN,581.8000000000012,56.0,shape_dist_traveled,19
b9602c72c5,021,0,44,BRIFARN,BRICARN,351.5999999999977,67.0,shape_dist_traveled,19
b9602c72c5,021,0,45,BRICARN,BRIHAYN,514.2000000000024,98.0,shape_dist_traveled,19
b9602c72c5,021,0,46,BRIHAYN,555BRPKN,519.7000000000003,99.0,shape_dist_traveled,19
b9602c72c5,021,0,47,555BRPKN,BRIPKYN,515.9999999999982,98.0,shape_dist_traveled,19
b9602c72c5,021,0,48,BRIPKYN,BRIHIRN,193.20000000000093,37.0,shape_dist_traveled,19
b9602c72c5,021,0,49,BRIHIRN,TUTBRAE,1190.100000000001,228.0,shape_dist_traveled,19
b9602c72c5,021,0,50,TUTBRAE,TUTFRAE,468.9999999999976,93.0,shape_dist_traveled,19
b9602c72c5,021,0,51,TUTFRAE,FRABRES,415.9000000000006,49.0,shape_dist_traveled,19
b9602c72c5,021,0,52,FRABRES,FRAKEAS,568.5000000000002,67.0,shape_dist_traveled,19
b9602c72c5,021,0,53,FRAKEAS,FRAMCGSE,258.6000000000013,30.0,shape_dist_traveled,19
b9602c72c5,021,0,54,FRAMCGSE,HAY311E,1333.8999999999999,158.0,shape_dist_traveled,19
b9602c72c5,021,0,55,HAY311E,HAY3011E,415.2999999999985,49.0,shape_dist_traveled,19
b9602c72c5,021,0,56,HAY3011E,SAWBETN,597.6999999999997,70.0,shape_dist_traveled,19
b9602c72c5,021,0,57,SAWBETN,RESSAWE,365.6000000000006,43.0,shape_dist_traveled,19
b9602c72c5,021,0,58,RESSAWE,PICBETS,597.3000000000006,74.0,shape_dist_traveled,19
caee3d22b4,021,1,0,PICBETS,BETGRYSW,452.5,58.0,shape_dist_traveled,19
caee3d22b4,021,1,1,BETGRYSW,HAYDONW,759.6999999999999,98.0,shape_dist_traveled,19
caee3d22b4,021,1,2,HAYDONW,HAY316W,395.1,51.0,shape_dist_traveled,19
caee3d22b4,021,1,3,HAY316W,DUBHAYN,937.4000000000002,121.0,shape_dist_traveled,19
caee3d22b4,021,1,4,DUBHAYN,FRANORNW,548.4,71.0,shape_dist_traveled,19
caee3d22b4,021,1,5,FRANORNW,FRABALN,444.5999999999999,57.0,shape_dist_traveled,19
caee3d22b4,021,1,6,FRABALN,FRABREN,317.0999999999999,41.0,shape_dist_traveled,19
caee3d22b4,021,1,7,FRABREN,TUTFRAW,306.79999999999995,43.0,shape_dist_traveled,19
caee3d22b4,021,1,8,TUTFRAW,TUTBLAW,674.5000000000001,190.0,shape_dist_traveled,19
caee3d22b4,021,1,9,TUTBLAW,BRIHIRS,1022.5999999999997,290.0,shape_dist_traveled,19
caee3d22b4,021,1,10,BRIHIRS,BRIPKYS,249.90000000000023,27.0,shape_dist_traveled,19
caee3d22b4,021,1,11,BRIPKYS,BRITUTS,332.7,36.0,shape_dist_traveled,19
caee3d22b4,021,1,12,BRITUTS,BRIHAYS,633.8999999999996,69.0,shape_dist_traveled,19
caee3d22b4,021,1,13,BRIHAYS,BRICARS,640.2,70.0,shape_dist_traveled,19
caee3d22b4,021,1,14,BRICARS,BRIFARS,325.09999999999997,38.0,shape_dist_traveled,19
caee3d22b4,021,1,15,BRIFARS,BRIDAVS,507.40000000000055,57.0,shape_dist_traveled,19
caee3d22b4,021,1,16,BRIDAVS,BRIANSS,967.8000000000004,109.0,shape_dist_traveled,19
caee3d22b4,021,1,17,BRIANSS,BRIALLS,730.4999999999993,82.0,shape_dist_traveled,19
caee3d22b4,021,1,18,BRIALLS,CEMBRIW,442.80000000000007,52.0,shape_dist_traveled,19
caee3d22b4,021,1,19,CEMBRIW,CEMBROW,396.39999999999986,51.0,shape_dist_traveled,19
caee3d22b4,021,1,20,CEMBROW,CEMLEAW,318.0999999999994,41.0,shape_dist_traveled,19
caee3d22b4,021,1,21,CEMLEAW,CEMOUTW,344.70000000000135,44.0,shape_dist_traveled,19
caee3d22b4,021,1,22,CEMOUTW,CEMBERLW,315.69999999999965,40.0,shape_dist_traveled,19
caee3d22b4,021,1,23,CEMBERLW,CEMNORW,479.69999999999936,61.0,shape_dist_traveled,19
caee3d22b4,021,1,24,CEMNORW,CEMFRAW,275.00000000000034,35.0,shape_dist_traveled,19
caee3d22b4,021,1,25,CEMFRAW,MAISCIS,657.4000000000009,88.0,shape_dist_traveled,19
caee3d22b4,021,1,26,MAISCIS,MAILUTS,571.8999999999994,57.0,shape_dist_traveled,19
caee3d22b4,021,1,27,MAILUTS,HILTINS,721.0999999999999,72.0,shape_dist_traveled,19
caee3d22b4,021,1,28,HILTINS,HILHYDS,555.8999999999994,55.0,shape_dist_traveled,19
caee3d22b4,021,1,29,HILHYDS,HILWHIS,612.6000000000005,61.0,shape_dist_traveled,19
caee3d22b4,021,1,30,HILWHIS,HILROBS,532.5999999999987,55.0,shape_dist_traveled,19
caee3d22b4,021,1,31,HILROBS,HILCABS,568.6999999999998,83.0,shape_dist_traveled,19
caee3d22b4,021,1,32,HILCABS,HILNIKS,421.8000000000011,61.0,shape_dist_traveled,19
caee3d22b4,021,1,33,HILNIKS,HILLTANS,279.2999999999992,40.0,shape_dist_traveled,19
caee3d22b4,021,1,34,HILLTANS,178HILLS,415.2000000000022,60.0,shape_dist_traveled,19
caee3d22b4,021,1,35,178HILLS,HILWESS,382.9999999999991,56.0,shape_dist_traveled,19
caee3d22b4,021,1,36,HILWESS,HILRENS,387.00000000000045,60.0,shape_dist_traveled,19
caee3d22b4,021,1,37,HILRENS,HILFEDS,1046.599999999998,121.0,shape_dist_traveled,19
caee3d22b4,021,1,38,HILFEDS,HILSUMS,704.1000000000004,81.0,shape_dist_traveled,19
caee3d22b4,021,1,39,HILSUMS,HILMANS,376.3000000000005,43.0,shape_dist_traveled,19
caee3d22b4,021,1,40,HILMANS,HILGLES,482.20000000000243,56.0,shape_dist_traveled,19
caee3d22b4,021,1,41,HILGLES,HILBEAS,454.49999999999943,52.0,shape_dist_traveled,19
caee3d22b4,021,1,42,HILBEAS,WESWPRS,549.2999999999988,67.0,shape_dist_traveled,19
caee3d22b4,021,1,43,WESWPRS,WESRUSS,219.0000000000012,32.0,shape_dist_traveled,19
caee3d22b4,021,1,44,WESRUSS,WESMIDS,180.59999999999832,27.0,shape_dist_traveled,19
caee3d22b4,021,1,45,WESMIDS,SULWESE1,294.80000000000217,44.0,shape_dist_traveled,19
caee3d22b4,021,1,46,SULWESE1,SULNORE,502.09999999999866,77.0,shape_dist_traveled,19
caee3d22b4,021,1,47,SULNORE,SULINAE,229.39999999999827,25.0,shape_dist_traveled,19
caee3d22b4,021,1,48,SULINAE,SULEVGE,503.4000000000027,56.0,shape_dist_traveled,19
caee3d22b4,021,1,49,SULEVGE,SULMURE,551.3999999999975,61.0,shape_dist_traveled,19
caee3d22b4,021,1,50,SULMURE,SULINDE,704.3,78.0,shape_dist_traveled,19
caee3d22b4,021,1,51,SULINDE,SULCOUE,211.40000000000114,23.0,shape_dist_traveled,19
caee3d22b4,021,1,52,SULCOUE,GEOSULN,656.8000000000005,73.0,shape_dist_traveled,19
caee3d22b4,021,1,53,GEOSULN,GEODELN,364.59999999999934,44.0,shape_dist_traveled,19
caee3d22b4,021,1,54,GEODELN,GEOCASN,318.69999999999976,39.0,shape_dist_traveled,19
caee3d22b4,021,1,55,GEOCASN,BRO4158W,762.0000000000005,95.0,shape_dist_traveled,19
caee3d22b4,021,1,56,BRO4158W,BRO425W,255.5000000000014,31.0,shape_dist_traveled,19
caee3d22b4,021,1,57,BRO425W,BROOLDW,781.6999999999972,97.0,shape_dist_traveled,19
caee3d22b4,021,1,58,BROOLDW,BROMURW,286.6999999999997,35.0,shape_dist_traveled,19
caee3d22b4,021,1,59,BROMURW,NMURBEAN,473.90000000000043,63.0,shape_dist_traveled,19
ff7e01b0b9,022,0,0,RAIBALS,GOOYARW,188.70000000000002,34.0,shape_dist_traveled,37
ff7e01b0b9,022,0,1,GOOYARW,GOO868W,224.29999999999998,40.0,shape_dist_traveled,37
ff7e01b0b9,022,0,2,GOO868W,BOBBURN,336.4,61.0,shape_dist_traveled,37
ff7e01b0b9,022,0,3,BOBBURN,BOBBELN,481.8000000000001,87.0,shape_dist_traveled,37
ff7e01b0b9,022,0,4,BOBBELN,EDG3RDS,436.0999999999999,79.0,shape_dist_traveled,37
ff7e01b0b9,022,0,5,EDG3RDS,5THEDGE,385.69999999999993,70.0,shape_dist_traveled,37
ff7e01b0b9,022,0,6,5THEDGE,KINOLEE1,860.8000000000002,156.0,shape_dist_traveled,37
ff7e01b0b9,022,0,7,KINOLEE1,MEDCCE,537.9000000000001,98.0,shape_dist_traveled,37
ff7e01b0b9,022,0,8,MEDCCE,MEDC9THN,169.29999999999978,35.0,shape_dist_traveled,37
ff7e01b0b9,022,0,9,MEDC9THN,NEI10TN,410.6999999999998,113.0,shape_dist_traveled,37
ff7e01b0b9,022,0,10,NEI10TN,W11WORTE,358.9000000000002,98.0,shape_dist_traveled,37
ff7e01b0b9,022,0,11,W11WORTE,W12COLLE,516.8999999999996,142.0,shape_dist_traveled,37
ff7e01b0b9,022,0,12,W12COLLE,HIGCHIS,237.8,67.0,shape_dist_traveled,37
ff7e01b0b9,022,0,13,HIGCHIS,11THIGE,221.8,42.0,shape_dist_traveled,37
ff7e01b0b9,022,0,14,11THIGE,11TINDE,288.7000000000004,55.0,shape_dist_traveled,37
ff7e01b0b9,022,0,15,11TINDE,11T4THE,263.60000000000025,50.0,shape_dist_traveled,37
ff7e01b0b9,022,0,16,11T4THE,11TGRAE,336.39999999999935,64.0,shape_dist_traveled,37
ff7e01b0b9,022,0,17,11TGRAE,11TDAUE,214.3000000000006,40.0,shape_dist_traveled,37
ff7e01b0b9,022,0,18,11TDAUE,1333FIES,564.8,109.0,shape_dist_traveled,37
ff7e01b0b9,022,0,19,1333FIES,FIEMOBDS,185.39999999999958,27.0,shape_dist_traveled,37
ff7e01b0b9,022,0,20,FIEMOBDS,FIE5THS,176.89999999999984,25.0,shape_dist_traveled,37
ff7e01b0b9,022,0,21,FIE5THS,5THCLEE,381.3000000000004,55.0,shape_dist_traveled,37
ff7e01b0b9,022,0,22,5THCLEE,5THWALE1,396.70000000000005,58.0,shape_dist_traveled,37
ff7e01b0b9,022,0,23,5THWALE1,5THSAIE,372.70000000000005,54.0,shape_dist_traveled,37
ff7e01b0b9,022,0,24,5THSAIE,5TH20TE,614.1000000000006,89.0,shape_dist_traveled,37
ff7e01b0b9,022,0,25,5TH20TE,5TH23RE,331.3999999999986,52.0,shape_dist_traveled,37
ff7e01b0b9,022,0,26,5TH23RE,JOYGIBS,275.90000000000003,53.0,shape_dist_traveled,37
ff7e01b0b9,022,0,27,JOYGIBS,CHALEOS,652.000000000001,126.0,shape_dist_traveled,37
ff7e01b0b9,022,0,28,CHALEOS,CHATORS,264.59999999999974,51.0,shape_dist_traveled,37
ff7e01b0b9,022,0,29,CHATORS,CHAMTVS,385.7999999999997,74.0,shape_dist_traveled,37
ff7e01b0b9,022,0,30,CHAMTVS,CHAHAW,180.3000000000008,34.0,shape_dist_traveled,37
ff7e01b0b9,022,0,31,CHAHAW,OHILONS1,416.99999999999983,80.0,shape_dist_traveled,37
ff7e01b0b9,022,0,32,OHILONS1,OHIBROS,302.7999999999995,62.0,shape_dist_traveled,37
ff7e01b0b9,022,0,33,OHIBROS,OHIOAKS,333.80000000000007,69.0,shape_dist_traveled,37
ff7e01b0b9,022,0,34,OHIOAKS,OHIBRYS,181.4,37.0,shape_dist_traveled,37
ff7e01b0b9,022,0,35,OHIBRYS,OHIMAIS,352.70000000000044,73.0,shape_dist_traveled,37
ff7e01b0b9,022,0,36,OHIMAIS,OHIFULS,314.59999999999866,65.0,shape_dist_traveled,37
ff7e01b0b9,022,0,37,OHIFULS,OHIMOOS,200.30000000000035,41.0,shape_dist_traveled,37
ff7e01b0b9,022,0,38,OHIMOOS,OHILIVS,341.800000000001,75.0,shape_dist_traveled,37
ff7e01b0b9,022,0,39,OHILIVS,OHISYCS,165.30000000000024,25.0,shape_dist_traveled,37
ff7e01b0b9,022,0,40,OHISYCS,OHICOLS,245.29999999999853,38.0,shape_dist_traveled,37
ff7e01b0b9,022,0,41,OHICOLS,OHIWHIS,288.50000000000085,44.0,shape_dist_traveled,37
ff7e01b0b9,022,0,42,OHIWHIS,OHISTES,302.59999999999997,47.0,shape_dist_traveled,37
ff7e01b0b9,022,0,43,OHISTES,OHITHUS,292.50000000000045,45.0,shape_dist_traveled,37
ff7e01b0b9,022,0,44,OHITHUS,FREOAKE,559.099999999999,87.0,shape_dist_traveled,37
ff7e01b0b9,022,0,45,FREOAKE,FRESTUE,457.80000000000064,74.0,shape_dist_traveled,37
ff7e01b0b9,022,0,46,FRESTUE,FREELLE,302.5999999999982,36.0,shape_dist_traveled,37
ff7e01b0b9,022,0,47,FREELLE,FREBERE,274.70000000000283,32.0,shape_dist_traveled,37
ff7e01b0b9,022,0,48,FREBERE,FREFAIE1,318.7999999999995,38.0,shape_dist_traveled,37
ff7e01b0b9,022,0,49,FREFAIE1,FRETHEE,205.2999999999976,24.0,shape_dist_traveled,37
ff7e01b0b9,022,0,50,FRETHEE,FREFREE,445.90000000000174,53.0,shape_dist_traveled,37
ff7e01b0b9,022,0,51,FREFREE,ALUFRES,451.29999999999984,54.0,shape_dist_traveled,37
ff7e01b0b9,022,0,52,ALUFRES,ALU1900S,324.2000000000012,38.0,shape_dist_traveled,37
ff7e01b0b9,022,0,53,ALU1900S,ALUCORS,320.4999999999991,38.0,shape_dist_traveled,37
ff7e01b0b9,022,0,54,ALUCORS,ALUWINS,362.0999999999981,47.0,shape_dist_traveled,37
ff7e01b0b9,022,0,55,ALUWINS,ALULAWNS,1422.500000000003,117.0,shape_dist_traveled,37
ff7e01b0b9,022,0,56,ALULAWNS,ALUKOBLS,378.69999999999845,31.0,shape_dist_traveled,37
ff7e01b0b9,022,0,57,ALUKOBLS,ALUGLENS,233.29999999999984,19.0,shape_dist_traveled,37
ff7e01b0b9,022,0,58,ALUGLENS,ALUWATS,292.7999999999997,24.0,shape_dist_traveled,37
ff7e01b0b9,022,0,59,ALUWATS,ALUNEWWS,916.0000000000003,75.0,shape_dist_traveled,37
ff7e01b0b9,022,0,60,ALUNEWWS,ALUCRKWS,297.49999999999943,24.0,shape_dist_traveled,37
ff7e01b0b9,022,0,61,ALUCRKWS,ALUWHWS,368.9,30.0,shape_dist_traveled,37
ff7e01b0b9,022,0,62,ALUWHWS,ALUWILS,454.80000000000234,40.0,shape_dist_traveled,37
ff7e01b0b9,022,0,63,ALUWILS,ALUTHIS,271.69999999999914,27.0,shape_dist_traveled,37
ff7e01b0b9,022,0,64,ALUTHIS,ALULINS,968.7999999999981,98.0,shape_dist_traveled,37
ff7e01b0b9,022,0,65,ALULINS,ALUCGROS,1112.0000000000018,115.0,shape_dist_traveled,37
ff7e01b0b9,022,0,66,ALUCGROS,TOYALUE,1885.8999999999994,154.0,shape_dist_traveled,37
ff7e01b0b9,022,0,67,TOYALUE,GATTOYS,646.3999999999999,52.0,shape_dist_traveled,37
ff7e01b0b9,022,0,68,GATTOYS,GATAMAS,404.0999999999997,34.0,shape_dist_traveled,37
ff7e01b0b9,022,0,69,GATAMAS,AMAZONS,347.30000000000064,20.0,shape_dist_traveled,37
ff7e01b0b9,022,0,70,AMAZONS,PORROHS,891.8999999999996,52.0,shape_dist_traveled,37
ff7e01b0b9,022,0,71,PORROHS,PORSPIS,515.2999999999998,30.0,shape_dist_traveled,37
ff7e01b0b9,022,0,72,PORSPIS,PORLONS,749.0999999999985,44.0,shape_dist_traveled,37
ff7e01b0b9,022,0,73,PORLONS,ALUWLONS,906.800000000004,53.0,shape_dist_traveled,37
ff7e01b0b9,022,0,74,ALUWLONS,MCAR1,1672.4999999999995,101.0,shape_dist_traveled,37
0cbb527998,022,0,0,1333FIES,FIEMOBDS,185.4,27.0,shape_dist_traveled,5
0cbb527998,022,0,1,FIEMOBDS,FIE5THS,177.0,25.0,shape_dist_traveled,5
0cbb527998,022,0,2,FIE5THS,5THCLEE,381.20000000000005,55.0,shape_dist_traveled,5
0cbb527998,022,0,3,5THCLEE,5THWALE1,396.70000000000005,58.0,shape_dist_traveled,5
0cbb527998,022,0,4,5THWALE1,5THSAIE,372.6999999999998,54.0,shape_dist_traveled,5
0cbb527998,022,0,5,5THSAIE,5TH20TE,614.1000000000001,89.0,shape_dist_traveled,5
0cbb527998,022,0,6,5TH20TE,5TH23RE,331.3999999999999,52.0,shape_dist_traveled,5
0cbb527998,022,0,7,5TH23RE,JOYGIBS,275.90000000000003,46.0,shape_dist_traveled,5
0cbb527998,022,0,8,JOYGIBS,CHALEOS,652.0000000000001,110.0,shape_dist_traveled,5
0cbb527998,022,0,9,CHALEOS,CHATORS,264.59999999999974,44.0,shape_dist_traveled,5
0cbb527998,022,0,10,CHATORS,CHAMTVS,385.9000000000004,65.0,shape_dist_traveled,5
0cbb527998,022,0,11,CHAMTVS,CHAHAW,180.2999999999999,30.0,shape_dist_traveled,5
0cbb527998,022,0,12,CHAHAW,OHILONS1,416.99999999999983,70.0,shape_dist_traveled,5
0cbb527998,022,0,13,OHILONS1,OHIBROS,302.69999999999976,55.0,shape_dist_traveled,5
0cbb527998,022,0,14,OHIBROS,OHIOAKS,333.9000000000008,58.0,shape_dist_traveled,5
0cbb527998,022,0,15,OHIOAKS,OHIBRYS,181.29999999999936,31.0,shape_dist_traveled,5
0cbb527998,022,0,16,OHIBRYS,OHIMAIS,352.70000000000044,61.0,shape_dist_traveled,5
0cbb527998,022,0,17,OHIMAIS,OHIFULS,314.59999999999957,54.0,shape_dist_traveled,5
0cbb527998,022,0,18,OHIFULS,OHIMOOS,200.30000000000035,34.0,shape_dist_traveled,5
0cbb527998,022,0,19,OHIMOOS,OHILIVS,341.8000000000001,62.0,shape_dist_traveled,5
0cbb527998,022,0,20,OHILIVS,OHISYCS,165.30000000000024,25.0,shape_dist_traveled,5
0cbb527998,022,0,21,OHISYCS,OHICOLS,245.39999999999918,38.0,shape_dist_traveled,5
0cbb527998,022,0,22,OHICOLS,OHIWHIS,288.5,44.0,shape_dist_traveled,5
0cbb527998,022,0,23,OHIWHIS,OHISTES,302.5000000000002,47.0,shape_dist_traveled,5
0cbb527998,022,0,24,OHISTES,OHITHUS,292.50000000000045,45.0,shape_dist_traveled,5
0cbb527998,022,0,25,OHITHUS,FREOAKE,559.099999999999,87.0,shape_dist_traveled,5
0cbb527998,022,0,26,FREOAKE,FRESTUE,457.80000000000064,74.0,shape_dist_traveled,5
0cbb527998,022,0,27,FRESTUE,FREELLE,302.59999999999997,30.0,shape_dist_traveled,5
0cbb527998,022,0,28,FREELLE,FREBERE,274.69999999999925,27.0,shape_dist_traveled,5
0cbb527998,022,0,29,FREBERE,FREFAIE1,318.8000000000013,31.0,shape_dist_traveled,5
0cbb527998,022,0,30,FREFAIE1,FRETHEE,205.39999999999912,20.0,shape_dist_traveled,5
0cbb527998,022,0,31,FRETHEE,FREFREE,445.9,44.0,shape_dist_traveled,5
0cbb527998,022,0,32,FREFREE,ALUFRES,451.20000000000005,45.0,shape_dist_traveled,5
0cbb527998,022,0,33,ALUFRES,ALU1900S,324.3000000000009,32.0,shape_dist_traveled,5
0cbb527998,022,0,34,ALU1900S,ALUCORS,320.4999999999991,31.0,shape_dist_traveled,5
0cbb527998,022,0,35,ALUCORS,ALUWINS,362.09999999999985,40.0,shape_dist_traveled,5
0cbb527998,022,0,36,ALUWINS,ALULAWNS,1422.3999999999996,97.0,shape_dist_traveled,5
0cbb527998,022,0,37,ALULAWNS,ALUKOBLS,378.7000000000003,26.0,shape_dist_traveled,5
0cbb527998,022,0,38,ALUKOBLS,ALUGLENS,233.4000000000014,16.0,shape_dist_traveled,5
0cbb527998,022,0,39,ALUGLENS,ALUWATS,292.69999999999993,20.0,shape_dist_traveled,5
0cbb527998,022,0,40,ALUWATS,ALUNEWWS,915.9999999999986,62.0,shape_dist_traveled,5
0cbb527998,022,0,41,ALUNEWWS,ALUCRKWS,297.600000000001,20.0,shape_dist_traveled,5
0cbb527998,022,0,42,ALUCRKWS,ALUWHWS,368.80000000000024,25.0,shape_dist_traveled,5
0cbb527998,022,0,43,ALUWHWS,ALUWILS,454.8000000000005,34.0,shape_dist_traveled,5
0cbb527998,022,0,44,ALUWILS,ALUTHIS,271.69999999999914,27.0,shape_dist_traveled,5
0cbb527998,022,0,45,ALUTHIS,ALULINS,968.7999999999981,98.0,shape_dist_traveled,5
0cbb527998,022,0,46,ALULINS,ALUCGROS,1112.0000000000018,115.0,shape_dist_traveled,5
0cbb527998,022,0,47,ALUCGROS,TOYALUE,1885.8999999999994,192.0,shape_dist_traveled,5
0cbb527998,022,0,48,TOYALUE,GATTOYS,646.3999999999999,66.0,shape_dist_traveled,5
0cbb527998,022,0,49,GATTOYS,GATAMAS,404.0999999999997,42.0,shape_dist_traveled,5
0cbb527998,022,0,50,GATAMAS,AMAZONS,347.30000000000064,20.0,shape_dist_traveled,5
0cbb527998,022,0,51,AMAZONS,PORROHS,891.9999999999994,52.0,shape_dist_traveled,5
0cbb527998,022,0,52,PORROHS,PORSPIS,515.2,30.0,shape_dist_traveled,5
0cbb527998,022,0,53,PORSPIS,PORLONS,749.1000000000021,44.0,shape_dist_traveled,5
0cbb527998,022,0,54,PORLONS,ALUWLONS,906.799999999997,53.0,shape_dist_traveled,5
0cbb527998,022,0,55,ALUWLONS,MCAR1,1672.500000000003,101.0,shape_dist_traveled,5
4593bea7da,022,0,0,OHIBROS,OHIOAKS,333.8,69.0,shape_dist_traveled,13
4593bea7da,022,0,1,OHIOAKS,OHIBRYS,181.4,37.0,shape_dist_traveled,13
4593bea7da,022,0,2,OHIBRYS,OHIMAIS,352.7,73.0,shape_dist_traveled,13
4593bea7da,022,0,3,OHIMAIS,OHIFULS,314.6000000000001,65.0,shape_dist_traveled,13
4593bea7da,022,0,4,OHIFULS,OHIMOOS,200.29999999999993,41.0,shape_dist_traveled,13
4593bea7da,022,0,5,OHIMOOS,OHILIVS,341.7999999999999,75.0,shape_dist_traveled,13
4593bea7da,022,0,6,OHILIVS,OHISYCS,165.3,25.0,shape_dist_traveled,13
4593bea7da,022,0,7,OHISYCS,OHICOLS,245.3000000000003,38.0,shape_dist_traveled,13
4593bea7da,022,0,8,OHICOLS,OHIWHIS,288.5,44.0,shape_dist_traveled,13
4593bea7da,022,0,9,OHIWHIS,OHISTES,302.59999999999997,47.0,shape_dist_traveled,13
4593bea7da,022,0,10,OHISTES,OHITHUS,292.5,45.0,shape_dist_traveled,13
4593bea7da,022,0,11,OHITHUS,FREOAKE,559.0999999999999,87.0,shape_dist_traveled,13
4593bea7da,022,0,12,FREOAKE,FRESTUE,457.8000000000002,74.0,shape_dist_traveled,13
4593bea7da,022,0,13,FRESTUE,FREELLE,302.59999999999997,36.0,shape_dist_traveled,13
4593bea7da,022,0,14,FREELLE,FREBERE,274.70000000000016,32.0,shape_dist_traveled,13
4593bea7da,022,0,15,FREBERE,FREFAIE1,318.69999999999976,38.0,shape_dist_traveled,13
4593bea7da,022,0,16,FREFAIE1,FRETHEE,205.40000000000003,24.0,shape_dist_traveled,13
4593bea7da,022,0,17,FRETHEE,FREFREE,445.9,53.0,shape_dist_traveled,13
4593bea7da,022,0,18,FREFREE,ALUFRES,451.29999999999984,54.0,shape_dist_traveled,13
4593bea7da,022,0,19,ALUFRES,ALU1900S,324.2000000000003,38.0,shape_dist_traveled,13
4593bea7da,022,0,20,ALU1900S,ALUCORS,320.5,38.0,shape_dist_traveled,13
4593bea7da,022,0,21,ALUCORS,ALUWINS,362.09999999999985,47.0,shape_dist_traveled,13
4593bea7da,022,0,22,ALUWINS,ALULAWNS,1422.4999999999995,117.0,shape_dist_traveled,13
4593bea7da,022,0,23,ALULAWNS,ALUKOBLS,378.7000000000003,31.0,shape_dist_traveled,13
4593bea7da,022,0,24,ALUKOBLS,ALUGLENS,233.29999999999984,19.0,shape_dist_traveled,13
4593bea7da,022,0,25,ALUGLENS,ALUWATS,292.7999999999997,24.0,shape_dist_traveled,13
4593bea7da,022,0,26,ALUWATS,ALUNEWWS,916.0000000000003,75.0,shape_dist_traveled,13
4593bea7da,022,0,27,ALUNEWWS,ALUCRKWS,297.49999999999943,24.0,shape_dist_traveled,13
4593bea7da,022,0,28,ALUCRKWS,ALUWHWS,368.9,30.0,shape_dist_traveled,13
4593bea7da,022,0,29,ALUWHWS,ALUWILS,454.8000000000005,40.0,shape_dist_traveled,13
4593bea7da,022,0,30,ALUWILS,ALUTHIS,271.70000000000095,27.0,shape_dist_traveled,13
4593bea7da,022,0,31,ALUTHIS,ALULINS,968.7999999999998,98.0,shape_dist_traveled,13
4593bea7da,022,0,32,ALULINS,ALUCGROS,1112.0,115.0,shape_dist_traveled,13
4593bea7da,022,0,33,ALUCGROS,TOYALUE,1885.8999999999994,192.0,shape_dist_traveled,13
4593bea7da,022,0,34,TOYALUE,GATTOYS,646.4000000000017,66.0,shape_dist_traveled,13
4593bea7da,022,0,35,GATTOYS,GATAMAS,404.0999999999997,42.0,shape_dist_traveled,13
4593bea7da,022,0,36,GATAMAS,AMAZONS,347.29999999999706,24.0,shape_dist_traveled,13
4593bea7da,022,0,37,AMAZONS,PORROHS,891.9000000000033,63.0,shape_dist_traveled,13
4593bea7da,022,0,38,PORROHS,PORSPIS,515.2999999999998,36.0,shape_dist_traveled,13
4593bea7da,022,0,39,PORSPIS,PORLONS,749.0999999999985,53.0,shape_dist_traveled,13
4593bea7da,022,0,40,PORLONS,ALUWLONS,906.8000000000005,64.0,shape_dist_traveled,13
4593bea7da,022,0,41,ALUWLONS,MCAR1,1672.4999999999995,120.0,shape_dist_traveled,13
9c0a3b7cc3,022,1,0,MCAR1,ALUWLONN,1187.5,111.0,shape_dist_traveled,38
9c0a3b7cc3,022,1,1,ALUWLONN,SPIALU1E,1035.4999999999998,97.0,shape_dist_traveled,38
9c0a3b7cc3,022,1,2,SPIALU1E,PORSPIN,522.8999999999999,49.0,shape_dist_traveled,38
9c0a3b7cc3,022,1,3,PORSPIN,PORROHN,478.20000000000016,44.0,shape_dist_traveled,38
9c0a3b7cc3,022,1,4,PORROHN,AMAZONN,900.9999999999998,84.0,shape_dist_traveled,38
9c0a3b7cc3,022,1,5,AMAZONN,GATAMAN,344.5,35.0,shape_dist_traveled,38
9c0a3b7cc3,022,1,6,GATAMAN,TOYGATW,488.00000000000045,72.0,shape_dist_traveled,38
9c0a3b7cc3,022,1,7,TOYGATW,TOYALUW,555.0999999999995,82.0,shape_dist_traveled,38
9c0a3b7cc3,022,1,8,TOYALUW,ALUGRON,1793.2000000000005,266.0,shape_dist_traveled,38
9c0a3b7cc3,022,1,9,ALUGRON,ALULINN,1265.6999999999998,147.0,shape_dist_traveled,38
9c0a3b7cc3,022,1,10,ALULINN,ALUTHIN,851.8000000000008,99.0,shape_dist_traveled,38
9c0a3b7cc3,022,1,11,ALUTHIN,ALUWILN,454.8999999999985,54.0,shape_dist_traveled,38
9c0a3b7cc3,022,1,12,ALUWILN,ALUWHWN,236.50000000000125,20.0,shape_dist_traveled,38
9c0a3b7cc3,022,1,13,ALUWHWN,ALUPROMN,338.7999999999991,29.0,shape_dist_traveled,38
9c0a3b7cc3,022,1,14,ALUPROMN,ALUNEWWN,384.80000000000024,33.0,shape_dist_traveled,38
9c0a3b7cc3,022,1,15,ALUNEWWN,ALUWATN,923.0,79.0,shape_dist_traveled,38
9c0a3b7cc3,022,1,16,ALUWATN,ALUGLNAN,288.8000000000002,24.0,shape_dist_traveled,38
9c0a3b7cc3,022,1,17,ALUGLNAN,ALUKOBLN,233.20000000000007,20.0,shape_dist_traveled,38
9c0a3b7cc3,022,1,18,ALUKOBLN,ALULAWNN,353.60000000000014,30.0,shape_dist_traveled,38
9c0a3b7cc3,022,1,19,ALULAWNN,ALUWINN,1420.8999999999996,125.0,shape_dist_traveled,38
9c0a3b7cc3,022,1,20,ALUWINN,ALUCORN,321.3000000000008,37.0,shape_dist_traveled,38
9c0a3b7cc3,022,1,21,ALUCORN,ALU1900N,331.8999999999992,38.0,shape_dist_traveled,38
9c0a3b7cc3,022,1,22,ALU1900N,ALUFRAN,264.7999999999993,31.0,shape_dist_traveled,38
9c0a3b7cc3,022,1,23,ALUFRAN,FREALUW,230.50000000000102,27.0,shape_dist_traveled,38
9c0a3b7cc3,022,1,24,FREALUW,FREFREW,349.2999999999995,40.0,shape_dist_traveled,38
9c0a3b7cc3,022,1,25,FREFREW,FRETHEW,394.80000000000007,46.0,shape_dist_traveled,38
9c0a3b7cc3,022,1,26,FRETHEW,FREFAIW,229.40000000000003,26.0,shape_dist_traveled,38
9c0a3b7cc3,022,1,27,FREFAIW,FREBERW,330.89999999999975,38.0,shape_dist_traveled,38
9c0a3b7cc3,022,1,28,FREBERW,FREELLW,269.6000000000005,31.0,shape_dist_traveled,38
9c0a3b7cc3,022,1,29,FREELLW,FRESTUW,347.6999999999997,40.0,shape_dist_traveled,38
9c0a3b7cc3,022,1,30,FRESTUW,FREOAKW,331.60000000000167,55.0,shape_dist_traveled,38
9c0a3b7cc3,022,1,31,FREOAKW,CHAMITN,424.6999999999979,71.0,shape_dist_traveled,38
9c0a3b7cc3,022,1,32,CHAMITN,CHASTEN,352.5999999999989,59.0,shape_dist_traveled,38
9c0a3b7cc3,022,1,33,CHASTEN,CHAWHIN,275.4000000000012,46.0,shape_dist_traveled,38
9c0a3b7cc3,022,1,34,CHAWHIN,CHAKOSN,247.39999999999895,41.0,shape_dist_traveled,38
9c0a3b7cc3,022,1,35,CHAKOSN,CHAFORN,220.40000000000148,37.0,shape_dist_traveled,38
9c0a3b7cc3,022,1,36,CHAFORN,CHALIVN,291.4999999999992,51.0,shape_dist_traveled,38
9c0a3b7cc3,022,1,37,CHALIVN,CHANEWN,147.00000000000202,28.0,shape_dist_traveled,38
9c0a3b7cc3,022,1,38,CHANEWN,CHAFULN,478.8999999999994,92.0,shape_dist_traveled,38
9c0a3b7cc3,022,1,39,CHAFULN,CHAMAIN,231.50000000000048,44.0,shape_dist_traveled,38
9c0a3b7cc3,022,1,40,CHAMAIN,CHABRYN,349.49999999999903,67.0,shape_dist_traveled,38
9c0a3b7cc3,022,1,41,CHABRYN,CHAOAKN,243.70000000000047,46.0,shape_dist_traveled,38
9c0a3b7cc3,022,1,42,CHAOAKN,GOVBRON,422.5999999999992,83.0,shape_dist_traveled,38
9c0a3b7cc3,022,1,43,GOVBRON,CHALONN,289.50000000000034,47.0,shape_dist_traveled,38
9c0a3b7cc3,022,1,44,CHALONN,CHAHAWN,151.19999999999933,24.0,shape_dist_traveled,38
9c0a3b7cc3,022,1,45,CHAHAWN,CHAMTVN,264.6000000000015,43.0,shape_dist_traveled,38
9c0a3b7cc3,022,1,46,CHAMTVN,CHATORN,353.69999999999993,57.0,shape_dist_traveled,38
9c0a3b7cc3,022,1,47,CHATORN,CHAMARN,262.4999999999993,42.0,shape_dist_traveled,38
9c0a3b7cc3,022,1,48,CHAMARN,JOYBLIN,488.4999999999984,79.0,shape_dist_traveled,38
9c0a3b7cc3,022,1,49,JOYBLIN,5THJOYW,404.3000000000028,68.0,shape_dist_traveled,38
9c0a3b7cc3,022,1,50,5THJOYW,5TH20TW,425.6999999999991,50.0,shape_dist_traveled,38
9c0a3b7cc3,022,1,51,5TH20TW,5THSAIW,629.0000000000014,74.0,shape_dist_traveled,38
9c0a3b7cc3,022,1,52,5THSAIW,5THWALW1,248.49999999999994,29.0,shape_dist_traveled,38
9c0a3b7cc3,022,1,53,5THWALW1,5THCLEW,438.799999999997,51.0,shape_dist_traveled,38
9c0a3b7cc3,022,1,54,5THCLEW,5THFIEW,315.9000000000027,37.0,shape_dist_traveled,38
9c0a3b7cc3,022,1,55,5THFIEW,FIE5THN,82.30000000000004,9.0,shape_dist_traveled,38
9c0a3b7cc3,022,1,56,FIE5THN,FIE1330N,253.29999999999941,29.0,shape_dist_traveled,38
9c0a3b7cc3,022,1,57,FIE1330N,1333FIEN,142.09999999999923,21.0,shape_dist_traveled,38
9c0a3b7cc3,022,1,58,1333FIEN,11TDAUW,516.8,98.5,shape_dist_traveled,38
9c0a3b7cc3,022,1,59,11TDAUW,11TGRAW,216.30000000000038,41.0,shape_dist_traveled,38
9c0a3b7cc3,022,1,60,11TGRAW,11T4THW,341.40000000000015,65.0,shape_dist_traveled,38
9c0a3b7cc3,022,1,61,11T4THW,11TINDW,314.7999999999982,60.0,shape_dist_traveled,38
9c0a3b7cc3,022,1,62,11TINDW,11THIGW,281.7000000000007,53.5,shape_dist_traveled,38
9c0a3b7cc3,022,1,63,11THIGW,12THIGW,360.3000000000023,72.0,shape_dist_traveled,38
9c0a3b7cc3,022,1,64,12THIGW,W11WORTW,544.9999999999982,131.0,shape_dist_traveled,38
9c0a3b7cc3,022,1,65,W11WORTW,NEILW10S,327.30000000000103,79.0,shape_dist_traveled,38
9c0a3b7cc3,022,1,66,NEILW10S,9THMEDCW,368.1999999999981,90.0,shape_dist_traveled,38
9c0a3b7cc3,022,1,67,9THMEDCW,MEDCCW,239.80000000000246,41.0,shape_dist_traveled,38
9c0a3b7cc3,022,1,68,MEDCCW,5THOLEW,1216.5999999999997,208.0,shape_dist_traveled,38
9c0a3b7cc3,022,1,69,5THOLEW,EDG5TH,280.7999999999993,48.0,shape_dist_traveled,38
9c0a3b7cc3,022,1,70,EDG5TH,BOBEDGS,422.7999999999987,72.0,shape_dist_traveled,38
9c0a3b7cc3,022,1,71,BOBEDGS,BOBBELS,327.2000000000013,55.0,shape_dist_traveled,38
9c0a3b7cc3,022,1,72,BOBBELS,RAIBALS,1020.900000000001,176.0,shape_dist_traveled,38
7604d2e5d4,022,1,0,MCAR1,ALUWLONN,1187.5,79.0,shape_dist_traveled,14
7604d2e5d4,022,1,1,ALUWLONN,SPIALU1E,1035.4999999999998,69.0,shape_dist_traveled,14
7604d2e5d4,022,1,2,SPIALU1E,PORSPIN,522.8999999999999,35.0,shape_dist_traveled,14
7604d2e5d4,022,1,3,PORSPIN,PORROHN,478.20000000000016,32.0,shape_dist_traveled,14
7604d2e5d4,022,1,4,PORROHN,AMAZONN,900.9999999999998,60.0,shape_dist_traveled,14
7604d2e5d4,022,1,5,AMAZONN,GATAMAN,344.5,25.0,shape_dist_traveled,14
7604d2e5d4,022,1,6,GATAMAN,TOYGATW,488.00000000000045,61.0,shape_dist_traveled,14
7604d2e5d4,022,1,7,TOYGATW,TOYALUW,555.0999999999995,70.0,shape_dist_traveled,14
7604d2e5d4,022,1,8,TOYALUW,ALUGRON,1793.2000000000005,229.0,shape_dist_traveled,14
7604d2e5d4,022,1,9,ALUGRON,ALULINN,1265.6999999999998,147.0,shape_dist_traveled,14
7604d2e5d4,022,1,10,ALULINN,ALUTHIN,851.8000000000008,99.0,shape_dist_traveled,14
7604d2e5d4,022,1,11,ALUTHIN,ALUWILN,454.8999999999985,54.0,shape_dist_traveled,14
7604d2e5d4,022,1,12,ALUWILN,ALUWHWN,236.50000000000125,20.0,shape_dist_traveled,14
7604d2e5d4,022,1,13,ALUWHWN,ALUPROMN,338.7999999999991,29.0,shape_dist_traveled,14
7604d2e5d4,022,1,14,ALUPROMN,ALUNEWWN,384.80000000000024,33.0,shape_dist_traveled,14
7604d2e5d4,022,1,15,ALUNEWWN,ALUWATN,923.0,79.0,shape_dist_traveled,14
7604d2e5d4,022,1,16,ALUWATN,ALUGLNAN,288.8000000000002,24.0,shape_dist_traveled,14
7604d2e5d4,022,1,17,ALUGLNAN,ALUKOBLN,233.20000000000007,20.0,shape_dist_traveled,14
7604d2e5d4,022,1,18,ALUKOBLN,ALULAWNN,353.60000000000014,30.0,shape_dist_traveled,14
7604d2e5d4,022,1,19,ALULAWNN,ALUWINN,1420.8999999999996,125.0,shape_dist_traveled,14
7604d2e5d4,022,1,20,ALUWINN,ALUCORN,321.3000000000008,37.0,shape_dist_traveled,14
7604d2e5d4,022,1,21,ALUCORN,ALU1900N,331.8999999999992,38.0,shape_dist_traveled,14
7604d2e5d4,022,1,22,ALU1900N,ALUFRAN,264.7999999999993,31.0,shape_dist_traveled,14
7604d2e5d4,022,1,23,ALUFRAN,FREALUW,230.50000000000102,27.0,shape_dist_traveled,14
7604d2e5d4,022,1,24,FREALUW,FREFREW,349.2999999999995,40.0,shape_dist_traveled,14
7604d2e5d4,022,1,25,FREFREW,FRETHEW,394.80000000000007,46.0,shape_dist_traveled,14
7604d2e5d4,022,1,26,FRETHEW,FREFAIW,229.40000000000003,26.0,shape_dist_traveled,14
7604d2e5d4,022,1,27,FREFAIW,FREBERW,330.89999999999975,38.0,shape_dist_traveled,14
7604d2e5d4,022,1,28,FREBERW,FREELLW,269.6000000000005,31.0,shape_dist_traveled,14
7604d2e5d4,022,1,29,FREELLW,FRESTUW,347.6999999999997,40.0,shape_dist_traveled,14
7604d2e5d4,022,1,30,FRESTUW,FREOAKW,331.60000000000167,55.0,shape_dist_traveled,14
7604d2e5d4,022,1,31,FREOAKW,CHAMITN,424.6999999999979,71.0,shape_dist_traveled,14
7604d2e5d4,022,1,32,CHAMITN,CHASTEN,352.5999999999989,59.0,shape_dist_traveled,14
7604d2e5d4,022,1,33,CHASTEN,CHAWHIN,275.4000000000012,46.0,shape_dist_traveled,14
7604d2e5d4,022,1,34,CHAWHIN,CHAKOSN,247.39999999999895,41.0,shape_dist_traveled,14
7604d2e5d4,022,1,35,CHAKOSN,CHAFORN,220.40000000000148,37.0,shape_dist_traveled,14
7604d2e5d4,022,1,36,CHAFORN,CHALIVN,291.4999999999992,51.0,shape_dist_traveled,14
7604d2e5d4,022,1,37,CHALIVN,CHANEWN,147.00000000000202,28.0,shape_dist_traveled,14
7604d2e5d4,022,1,38,CHANEWN,CHAFULN,478.8999999999994,92.0,shape_dist_traveled,14
7604d2e5d4,022,1,39,CHAFULN,CHAMAIN,231.50000000000048,44.0,shape_dist_traveled,14
7604d2e5d4,022,1,40,CHAMAIN,CHABRYN,349.49999999999903,67.0,shape_dist_traveled,14
7604d2e5d4,022,1,41,CHABRYN,CHAOAKN,243.70000000000047,46.0,shape_dist_traveled,14
7604d2e5d4,022,1,42,CHAOAKN,GOVBRON,422.5999999999992,83.0,shape_dist_traveled,14
7604d2e5d4,022,1,43,GOVBRON,CHALONN,289.50000000000034,82.0,shape_dist_traveled,14
7604d2e5d4,022,1,44,CHALONN,OHILONS1,463.89999999999884,131.0,shape_dist_traveled,14
7604d2e5d4,022,1,45,OHILONS1,OHIBROS,302.8000000000013,87.0,shape_dist_traveled,14
9c132d86e0,023,0,0,EASTER1,STELSAMS,549.8,81.0,shape_dist_traveled,73
9c132d86e0,023,0,1,STELSAMS,STEMORS1,302.5,44.0,shape_dist_traveled,73
9c132d86e0,023,0,2,STEMORS1,STEWORS,328.3000000000001,48.0,shape_dist_traveled,73
9c132d86e0,023,0,3,STEWORS,STEALSS,164.69999999999985,24.0,shape_dist_traveled,73
9c132d86e0,023,0,4,STEALSS,EASEASW,673.6,99.0,shape_dist_traveled,73
9c132d86e0,023,0,5,EASEASW,EASEASPW,416.6000000000003,61.0,shape_dist_traveled,73
9c132d86e0,023,0,6,EASEASPW,MOREASS,409.9999999999997,63.0,shape_dist_traveled,73
9c132d86e0,023,0,7,MOREASS,MOR342S,216.20000000000016,17.0,shape_dist_traveled,73
9c132d86e0,023,0,8,MOR342S,MORHARS,436.5000000000001,34.0,shape_dist_traveled,73
9c132d86e0,023,0,9,MORHARS,MORSTEE,575.6999999999999,46.0,shape_dist_traveled,73
9c132d86e0,023,0,10,MORSTEE,STEMONS,285.4000000000001,22.0,shape_dist_traveled,73
9c132d86e0,023,0,11,STEMONS,STEESPS,454.0999999999995,36.0,shape_dist_traveled,73
9c132d86e0,023,0,12,STEESPS,STEMCCS,280.8000000000002,25.0,shape_dist_traveled,73
9c132d86e0,023,0,13,STEMCCS,STEGOVS,517.5000000000001,49.0,shape_dist_traveled,73
9c132d86e0,023,0,14,STEGOVS,STEOPPS,451.9000000000002,43.0,shape_dist_traveled,73
9c132d86e0,023,0,15,STEOPPS,STELIFS,211.40000000000026,20.0,shape_dist_traveled,73
9c132d86e0,023,0,16,STELIFS,STEAGLS2,452.09999999999974,43.0,shape_dist_traveled,73
9c132d86e0,023,0,17,STEAGLS2,STECITGS,716.2999999999995,68.0,shape_dist_traveled,73
9c132d86e0,023,0,18,STECITGS,STEOLES,494.8000000000006,47.0,shape_dist_traveled,73
9c132d86e0,023,0,19,STEOLES,STEJOHTS,280.5,30.0,shape_dist_traveled,73
9c132d86e0,023,0,20,STEJOHTS,STE11TS,1824.0999999999997,183.0,shape_dist_traveled,73
9c132d86e0,023,0,21,STE11TS,STE6THS,458.1999999999997,46.0,shape_dist_traveled,73
9c132d86e0,023,0,22,STE6THS,JAMALLS,693.0000000000014,71.0,shape_dist_traveled,73
9c132d86e0,023,0,23,JAMALLS,JAMRUHS,213.89999999999887,28.0,shape_dist_traveled,73
9c132d86e0,023,0,24,JAMRUHS,JAMANNS,361.29999999999995,47.0,shape_dist_traveled,73
9c132d86e0,023,0,25,JAMANNS,JAMBROS,335.3000000000002,45.0,shape_dist_traveled,73
9c132d86e0,023,0,26,JAMBROS,JAMELBS,441.00000000000074,47.0,shape_dist_traveled,73
9c132d86e0,023,0,27,JAMELBS,JAMDALS,447.09999999999894,48.0,shape_dist_traveled,73
9c132d86e0,023,0,28,JAMDALS,JAMFAIS,309.800000000001,33.0,shape_dist_traveled,73
9c132d86e0,023,0,29,JAMFAIS,JAMMAIS,460.8999999999987,52.0,shape_dist_traveled,73
9c132d86e0,023,0,30,JAMMAIS,JAMMOUS,336.9,68.0,shape_dist_traveled,73
9c132d86e0,023,0,31,JAMMOUS,JAMASTS,221.60000000000048,44.0,shape_dist_traveled,73
9c132d86e0,023,0,32,JAMASTS,JAMBROS1,382.1000000000012,77.0,shape_dist_traveled,73
9c132d86e0,023,0,33,JAMBROS1,LIVJAME,246.59999999999906,51.0,shape_dist_traveled,73
9c132d86e0,023,0,34,LIVJAME,LIVZETE,390.10000000000036,44.0,shape_dist_traveled,73
9c132d86e0,023,0,35,LIVZETE,LIVBARE,346.0000000000001,39.0,shape_dist_traveled,73
9c132d86e0,023,0,36,LIVBARE,LIVCUNE,354.00000000000097,40.0,shape_dist_traveled,73
9c132d86e0,023,0,37,LIVCUNE,COULIVS,518.7999999999988,58.0,shape_dist_traveled,73
9c132d86e0,023,0,38,COULIVS,COUKIRS,434.4000000000001,49.0,shape_dist_traveled,73
9c132d86e0,023,0,39,COUKIRS,COUROSS,301.60000000000053,34.0,shape_dist_traveled,73
9c132d86e0,023,0,40,COUROSS,COUDESS,231.50000000000048,26.0,shape_dist_traveled,73
9c132d86e0,023,0,41,COUDESS,COUGROS,609.3999999999972,70.0,shape_dist_traveled,73
9c132d86e0,023,0,42,COUGROS,COURIVS,240.6000000000006,27.0,shape_dist_traveled,73
9c132d86e0,023,0,43,COURIVS,COUPETS,164.5000000000003,18.0,shape_dist_traveled,73
9c132d86e0,023,0,44,COUPETS,COUOAKS,289.7999999999996,32.0,shape_dist_traveled,73
9c132d86e0,023,0,45,COUOAKS,COUCLAS,272.50000000000085,30.0,shape_dist_traveled,73
9c132d86e0,023,0,46,COUCLAS,KIMCOUE,220.90000000000032,24.0,shape_dist_traveled,73
9c132d86e0,023,0,47,KIMCOUE,KIMBURE,309.30000000000035,34.0,shape_dist_traveled,73
9c132d86e0,023,0,48,KIMBURE,KIMBERE,294.69999999999885,33.0,shape_dist_traveled,73
9c132d86e0,023,0,49,KIMBERE,KIMMERE,399.5999999999995,45.0,shape_dist_traveled,73
9c132d86e0,023,0,50,KIMMERE,KIMKIME,231.60000000000025,26.0,shape_dist_traveled,73
9c132d86e0,023,0,51,KIMKIME,MACKIME,317.39999999999924,35.0,shape_dist_traveled,73
9c132d86e0,023,0,52,MACKIME,HAMMACS,327.50000000000057,36.0,shape_dist_traveled,73
9c132d86e0,023,0,53,HAMMACS,EASHAMN,651.0999999999996,80.0,shape_dist_traveled,73
9a2f2429ea,023,1,0,EASHAMN,HAMEASN,359.59999999999997,52.0,shape_dist_traveled,73
9a2f2429ea,023,1,1,HAMEASN,MACHAMW,338.6000000000001,49.0,shape_dist_traveled,73
9a2f2429ea,023,1,2,MACHAMW,MACKIMEW,241.59999999999994,35.0,shape_dist_traveled,73
9a2f2429ea,023,1,3,MACKIMEW,KIMKIMW,319.19999999999993,46.0,shape_dist_traveled,73
9a2f2429ea,023,1,4,KIMKIMW,KIMSEVW,236.60000000000014,34.0,shape_dist_traveled,73
9a2f2429ea,023,1,5,KIMSEVW,KIMPETW,356.8,52.0,shape_dist_traveled,73
9a2f2429ea,023,1,6,KIMPETW,KIMCANW,285.99999999999983,42.0,shape_dist_traveled,73
9a2f2429ea,023,1,7,KIMCANW,COUKIMNN,412.20000000000033,60.0,shape_dist_traveled,73
9a2f2429ea,023,1,8,COUKIMNN,COUCLAN,233.8,34.0,shape_dist_traveled,73
9a2f2429ea,023,1,9,COUCLAN,COUOAKN,199.19999999999982,29.0,shape_dist_traveled,73
9a2f2429ea,023,1,10,COUOAKN,COUPETN,242.70000000000013,35.0,shape_dist_traveled,73
9a2f2429ea,023,1,11,COUPETN,COURIVN,193.49999999999977,28.0,shape_dist_traveled,73
9a2f2429ea,023,1,12,COURIVN,COUGRON,254.70000000000016,44.0,shape_dist_traveled,73
9a2f2429ea,023,1,13,COUGRON,COUDESN,650.5000000000001,98.0,shape_dist_traveled,73
9a2f2429ea,023,1,14,COUDESN,COUROSN,116.20000000000007,17.0,shape_dist_traveled,73
9a2f2429ea,023,1,15,COUROSN,COUKIRN,410.8999999999998,62.0,shape_dist_traveled,73
9a2f2429ea,023,1,16,COUKIRN,COULIVN1,282.70000000000016,42.0,shape_dist_traveled,73
9a2f2429ea,023,1,17,COULIVN1,LIVCOURW,282.4,42.0,shape_dist_traveled,73
9a2f2429ea,023,1,18,LIVCOURW,LIVRANW,359.09999999999974,54.0,shape_dist_traveled,73
9a2f2429ea,023,1,19,LIVRANW,LIVBARW,346.89999999999975,52.0,shape_dist_traveled,73
9a2f2429ea,023,1,20,LIVBARW,LIVHAMW1,495.49999999999983,75.0,shape_dist_traveled,73
9a2f2429ea,023,1,21,LIVHAMW1,LIVJAMW,224.6000000000006,38.0,shape_dist_traveled,73
9a2f2429ea,023,1,22,LIVJAMW,SJAMBRON,277.5999999999996,67.0,shape_dist_traveled,73
9a2f2429ea,023,1,23,SJAMBRON,JAMASTN,328.9,79.0,shape_dist_traveled,73
9a2f2429ea,023,1,24,JAMASTN,JAMMOUN,339.9999999999999,82.0,shape_dist_traveled,73
9a2f2429ea,023,1,25,JAMMOUN,JAMMAIN,292.69999999999993,72.0,shape_dist_traveled,73
9a2f2429ea,023,1,26,JAMMAIN,JAMFAIN,492.10000000000065,71.0,shape_dist_traveled,73
9a2f2429ea,023,1,27,JAMFAIN,JAMDALN,297.8000000000005,43.0,shape_dist_traveled,73
9a2f2429ea,023,1,28,JAMDALN,JAMELBN,445.9999999999997,65.0,shape_dist_traveled,73
9a2f2429ea,023,1,29,JAMELBN,JAMBRON,409.7999999999988,61.0,shape_dist_traveled,73
9a2f2429ea,023,1,30,JAMBRON,40JAMEN,147.20000000000155,18.0,shape_dist_traveled,73
9a2f2429ea,023,1,31,40JAMEN,JAMANAN,232.29999999999862,29.0,shape_dist_traveled,73
9a2f2429ea,023,1,32,JAMANAN,JAMRUHN,206.8000000000012,26.0,shape_dist_traveled,73
9a2f2429ea,023,1,33,JAMRUHN,STEJAMN,360.79999999999933,47.0,shape_dist_traveled,73
9a2f2429ea,023,1,34,STEJAMN,STE750N,778.6000000000008,62.0,shape_dist_traveled,73
9a2f2429ea,023,1,35,STE750N,STEOPPN,326.8999999999984,26.0,shape_dist_traveled,73
9a2f2429ea,023,1,36,STEOPPN,STEJOHTN,1886.8000000000009,152.0,shape_dist_traveled,73
9a2f2429ea,023,1,37,STEJOHTN,STEOLEN,192.29999999999947,18.0,shape_dist_traveled,73
9a2f2429ea,023,1,38,STEOLEN,STECITGN,522.8999999999999,51.0,shape_dist_traveled,73
9a2f2429ea,023,1,39,STECITGN,STEAGLN,894.6000000000005,88.0,shape_dist_traveled,73
9a2f2429ea,023,1,40,STEAGLN,STELIFN,280.7999999999993,27.0,shape_dist_traveled,73
9a2f2429ea,023,1,41,STELIFN,STECODN,195.4000000000011,19.0,shape_dist_traveled,73
9a2f2429ea,023,1,42,STECODN,STEMIDN,528.9999999999982,52.0,shape_dist_traveled,73
9a2f2429ea,023,1,43,STEMIDN,STEMCCN,429.3000000000013,45.0,shape_dist_traveled,73
9a2f2429ea,023,1,44,STEMCCN,STEESPN,410.0999999999999,41.0,shape_dist_traveled,73
9a2f2429ea,023,1,45,STEESPN,STEMONN,163.39999999999932,16.0,shape_dist_traveled,73
9a2f2429ea,023,1,46,STEMONN,MORSTEW,436.80000000000166,43.0,shape_dist_traveled,73
9a2f2429ea,023,1,47,MORSTEW,MOR340W,591.9999999999987,59.0,shape_dist_traveled,73
9a2f2429ea,023,1,48,MOR340W,MOR342N,455.5000000000007,45.0,shape_dist_traveled,73
9a2f2429ea,023,1,49,MOR342N,EASMORE,341.7999999999992,36.0,shape_dist_traveled,73
9a2f2429ea,023,1,50,EASMORE,EASEASPE,295.300000000001,42.0,shape_dist_traveled,73
9a2f2429ea,023,1,51,EASEASPE,EASCHAE,236.29999999999995,34.0,shape_dist_traveled,73
9a2f2429ea,023,1,52,EASCHAE,STECOLN,791.1000000000001,114.0,shape_dist_traveled,73
9a2f2429ea,023,1,53,STECOLN,STEWORN,355.3999999999995,51.0,shape_dist_traveled,73
9a2f2429ea,023,1,54,STEWORN,STEMORN1,368.6000000000007,53.0,shape_dist_traveled,73
9a2f2429ea,023,1,55,STEMORN1,STE418N,137.39999999999952,19.0,shape_dist_traveled,73
9a2f2429ea,023,1,56,STE418N,EASTER1,301.20000000000147,47.0,shape_dist_traveled,73
1824d2ddfc,024,0,0,EASTER3,STELSAMS,549.8,90.0,shape_dist_traveled,38
1824d2ddfc,024,0,1,STELSAMS,MORAPPE1,1245.3,205.0,shape_dist_traveled,38
1824d2ddfc,024,0,2,MORAPPE1,MORSTYE1,738.6999999999999,122.0,shape_dist_traveled,38
1824d2ddfc,024,0,3,MORSTYE1,MORCHEE1,368.00000000000034,63.0,shape_dist_traveled,38
1824d2ddfc,024,0,4,MORCHEE1,MORGREE,606.3999999999999,85.0,shape_dist_traveled,38
1824d2ddfc,024,0,5,MORGREE,MORSHEE,372.70000000000005,52.0,shape_dist_traveled,38
1824d2ddfc,024,0,6,MORSHEE,MORSTONE,568.0999999999998,80.0,shape_dist_traveled,38
1824d2ddfc,024,0,7,MORSTONE,HAMCHEN,405.8000000000002,57.0,shape_dist_traveled,38
1824d2ddfc,024,0,8,HAMCHEN,HAMMEIN,419.59999999999997,59.0,shape_dist_traveled,38
1824d2ddfc,024,0,9,HAMMEIN,MEIHAM2S,172.7999999999996,27.0,shape_dist_traveled,38
1824d2ddfc,024,0,10,MEIHAM2S,HAMBROS1,368.2000000000007,49.0,shape_dist_traveled,38
1824d2ddfc,024,0,11,HAMBROS1,HAMSTOS,615.8999999999999,83.0,shape_dist_traveled,38
1824d2ddfc,024,0,12,HAMSTOS,HAMVISS,436.49999999999966,59.0,shape_dist_traveled,38
1824d2ddfc,024,0,13,HAMVISS,HAMBEES,332.50000000000045,45.0,shape_dist_traveled,38
1824d2ddfc,024,0,14,HAMBEES,HAM971S,357.6999999999995,48.0,shape_dist_traveled,38
1824d2ddfc,024,0,15,HAM971S,HAMJONS,541.9000000000001,76.0,shape_dist_traveled,38
1824d2ddfc,024,0,16,HAMJONS,HAM559S,572.6999999999994,60.0,shape_dist_traveled,38
1824d2ddfc,024,0,17,HAM559S,HAMWORS,748.1000000000008,78.0,shape_dist_traveled,38
1824d2ddfc,024,0,18,HAMWORS,HAMGRAS1,953.6999999999996,102.0,shape_dist_traveled,38
1824d2ddfc,024,0,19,HAMGRAS1,HAMROCS,401.9000000000012,45.0,shape_dist_traveled,38
1824d2ddfc,024,0,20,HAMROCS,HAMROCSS,434.99999999999875,49.0,shape_dist_traveled,38
1824d2ddfc,024,0,21,HAMROCSS,HAMSWAS,1269.400000000001,146.0,shape_dist_traveled,38
1824d2ddfc,024,0,22,HAMSWAS,HAMSAWS,455.99999999999955,50.0,shape_dist_traveled,38
1824d2ddfc,024,0,23,HAMSAWS,HAMWOOS,1225.7999999999995,136.0,shape_dist_traveled,38
1824d2ddfc,024,0,24,HAMWOOS,HAMPOTS,414.30000000000075,46.0,shape_dist_traveled,38
1824d2ddfc,024,0,25,HAMPOTS,HAMBROS2,596.4999999999989,68.0,shape_dist_traveled,38
1824d2ddfc,024,0,26,HAMBROS2,HAMFAIS,215.40000000000072,34.0,shape_dist_traveled,38
1824d2ddfc,024,0,27,HAMFAIS,HAMSANS,287.49999999999966,46.0,shape_dist_traveled,38
1824d2ddfc,024,0,28,HAMSANS,HAMSAIS,171.4000000000002,27.0,shape_dist_traveled,38
1824d2ddfc,024,0,29,HAMSAIS,HAMBROS,173.50000000000065,28.0,shape_dist_traveled,38
1824d2ddfc,024,0,30,HAMBROS,HAMETNS,355.89999999999833,57.0,shape_dist_traveled,38
1824d2ddfc,024,0,31,HAMETNS,HAMRICS,313.7000000000007,50.0,shape_dist_traveled,38
1824d2ddfc,024,0,32,HAMRICS,HAMLANS,245.40000000000006,39.0,shape_dist_traveled,38
1824d2ddfc,024,0,33,HAMLANS,HAMWRIS,180.60000000000187,29.0,shape_dist_traveled,38
1824d2ddfc,024,0,34,HAMWRIS,HAMMAIS,275.90000000000003,50.0,shape_dist_traveled,38
1824d2ddfc,024,0,35,HAMMAIS,HAMMOUS,479.49999999999807,63.0,shape_dist_traveled,38
1824d2ddfc,024,0,36,HAMMOUS,AMEHAMS,475.6,63.0,shape_dist_traveled,38
1824d2ddfc,024,0,37,AMEHAMS,HAMLIVS,394.10000000000167,54.0,shape_dist_traveled,38
1824d2ddfc,024,0,38,HAMLIVS,HAMDUNS,234.7999999999999,42.0,shape_dist_traveled,38
1824d2ddfc,024,0,39,HAMDUNS,HAMGROS,1327.6000000000004,242.0,shape_dist_traveled,38
1824d2ddfc,024,0,40,HAMGROS,HAMKIMS,420.0999999999979,76.0,shape_dist_traveled,38
1824d2ddfc,024,0,41,HAMKIMS,HAMMACS,324.7999999999997,59.0,shape_dist_traveled,38
1824d2ddfc,024,0,42,HAMMACS,EASHAMN,651.0999999999996,121.0,shape_dist_traveled,38
1824d2ddfc,024,0,43,EASHAMN,HAMREFS,462.80000000000143,60.0,shape_dist_traveled,38
1824d2ddfc,024,0,44,HAMREFS,HAMEASS,331.8000000000012,43.0,shape_dist_traveled,38
1824d2ddfc,024,0,45,HAMEASS,HAMHOTS,744.6999999999981,96.0,shape_dist_traveled,38
1824d2ddfc,024,0,46,HAMHOTS,HAMHARS,280.7999999999993,36.0,shape_dist_traveled,38
1824d2ddfc,024,0,47,HAMHARS,HAMWINS,520.900000000001,67.0,shape_dist_traveled,38
1824d2ddfc,024,0,48,HAMWINS,HAMBAYS,510.20000000000107,66.0,shape_dist_traveled,38
1824d2ddfc,024,0,49,HAMBAYS,HAMPROS,135.40000000000063,17.0,shape_dist_traveled,38
1824d2ddfc,024,0,50,HAMPROS,HAMDIRS,1177.4999999999984,155.0,shape_dist_traveled,38
1824d2ddfc,024,0,51,HAMDIRS,HAMFIRS,484.3000000000011,35.0,shape_dist_traveled,38
1824d2ddfc,024,0,52,HAMFIRS,HAMHOMS,411.59999999999997,30.0,shape_dist_traveled,38
1824d2ddfc,024,0,53,HAMHOMS,GREGROS,3163.8999999999983,235.0,shape_dist_traveled,38
1824d2ddfc,024,0,54,GREGROS,GRE590S,748.6999999999995,50.0,shape_dist_traveled,38
1824d2ddfc,024,0,55,GRE590S,GRESALS,411.59999999999997,27.0,shape_dist_traveled,38
1824d2ddfc,024,0,56,GRESALS,COMGRES,520.8000000000013,34.0,shape_dist_traveled,38
1824d2ddfc,024,0,57,COMGRES,COMROHS,518.1000000000005,34.0,shape_dist_traveled,38
1824d2ddfc,024,0,58,COMROHS,PORROHS,1080.8999999999996,72.0,shape_dist_traveled,38
1824d2ddfc,024,0,59,PORROHS,PORSPIS,515.2,34.0,shape_dist_traveled,38
1824d2ddfc,024,0,60,PORSPIS,PORLONS,749.0999999999985,50.0,shape_dist_traveled,38
1824d2ddfc,024,0,61,PORLONS,ALUWLONS,906.800000000004,60.0,shape_dist_traveled,38
1824d2ddfc,024,0,62,ALUWLONS,MCAR3,1693.6999999999998,119.0,shape_dist_traveled,38
4549641815,024,1,0,MCAR3,ALUWLONN,1166.4,96.0,shape_dist_traveled,38
4549641815,024,1,1,ALUWLONN,SPIALU1E,1035.5,86.0,shape_dist_traveled,38
4549641815,024,1,2,SPIALU1E,PORSPIN,522.9999999999997,43.0,shape_dist_traveled,38
4549641815,024,1,3,PORSPIN,PORROHN,478.20000000000016,39.0,shape_dist_traveled,38
4549641815,024,1,4,PORROHN,COMROHN,1103.9000000000003,91.0,shape_dist_traveled,38
4549641815,024,1,5,COMROHN,COMGREN,537.0999999999997,44.0,shape_dist_traveled,38
4549641815,024,1,6,COMGREN,GRESALN,503.3000000000003,41.0,shape_dist_traveled,38
4549641815,024,1,7,GRESALN,GRE592N,360.6999999999996,29.0,shape_dist_traveled,38
4549641815,024,1,8,GRE592N,GREGRON,790.0,71.0,shape_dist_traveled,38
4549641815,024,1,9,GREGRON,HAMHOMN,3269.9000000000005,233.0,shape_dist_traveled,38
4549641815,024,1,10,HAMHOMN,HAMFIRN,407.9999999999995,29.0,shape_dist_traveled,38
4549641815,024,1,11,HAMFIRN,HAMDIRN,516.3999999999991,38.0,shape_dist_traveled,38
4549641815,024,1,12,HAMDIRN,HAMPRON,1084.1000000000013,142.0,shape_dist_traveled,38
4549641815,024,1,13,HAMPRON,HAMBAYN,244.5000000000004,32.0,shape_dist_traveled,38
4549641815,024,1,14,HAMBAYN,HAMWINN,528.2999999999997,69.0,shape_dist_traveled,38
4549641815,024,1,15,HAMWINN,HAMHARN,367.4999999999997,48.0,shape_dist_traveled,38
4549641815,024,1,16,HAMHARN,HAMREIN,338.89999999999884,44.0,shape_dist_traveled,38
4549641815,024,1,17,HAMREIN,HAMEASN1,811.9000000000015,106.0,shape_dist_traveled,38
4549641815,024,1,18,HAMEASN1,HAMREFN,230.49999999999926,30.0,shape_dist_traveled,38
4549641815,024,1,19,HAMREFN,EASHAMN,495.90000000000066,69.0,shape_dist_traveled,38
4549641815,024,1,20,EASHAMN,HAMEASN,359.60000000000036,59.0,shape_dist_traveled,38
4549641815,024,1,21,HAMEASN,HAMKINN,573.3999999999994,94.0,shape_dist_traveled,38
4549641815,024,1,22,HAMKINN,HAMGRON,495.3000000000003,81.0,shape_dist_traveled,38
4549641815,024,1,23,HAMGRON,HAMDUNN,1200.199999999999,197.0,shape_dist_traveled,38
4549641815,024,1,24,HAMDUNN,HAMARAN,281.8000000000005,49.0,shape_dist_traveled,38
4549641815,024,1,25,HAMARAN,1411HAN,254.999999999999,35.0,shape_dist_traveled,38
4549641815,024,1,26,1411HAN,HAMMELN,339.4000000000012,47.0,shape_dist_traveled,38
4549641815,024,1,27,HAMMELN,HAMSIMN,268.29999999999995,37.0,shape_dist_traveled,38
4549641815,024,1,28,HAMSIMN,HAMMAIN,428.3000000000001,61.0,shape_dist_traveled,38
4549641815,024,1,29,HAMMAIN,HAMWRIN,278.09999999999843,48.0,shape_dist_traveled,38
4549641815,024,1,30,HAMWRIN,HAMLANN,258.70000000000107,44.0,shape_dist_traveled,38
4549641815,024,1,31,HAMLANN,HAMKAEN,312.5999999999998,54.0,shape_dist_traveled,38
4549641815,024,1,32,HAMKAEN,HAMETNN,166.39999999999944,28.0,shape_dist_traveled,38
4549641815,024,1,33,HAMETNN,HAMBROHN,383.90000000000055,66.0,shape_dist_traveled,38
4549641815,024,1,34,HAMBROHN,HAMSHAN,219.5999999999998,37.0,shape_dist_traveled,38
4549641815,024,1,35,HAMSHAN,HAMSANN,98.30000000000183,17.0,shape_dist_traveled,38
4549641815,024,1,36,HAMSANN,HAMFAIN,374.3999999999978,64.0,shape_dist_traveled,38
4549641815,024,1,37,HAMFAIN,HAMBRON,335.80000000000257,62.0,shape_dist_traveled,38
4549641815,024,1,38,HAMBRON,HAMPOTN,547.0999999999968,51.0,shape_dist_traveled,38
4549641815,024,1,39,HAMPOTN,HAMWOON,332.9000000000022,31.0,shape_dist_traveled,38
4549641815,024,1,40,HAMWOON,HAM5THN,688.4999999999977,64.0,shape_dist_traveled,38
4549641815,024,1,41,HAM5THN,HAMAIRN,640.2,60.0,shape_dist_traveled,38
4549641815,024,1,42,HAMAIRN,HAMTECN,346.4000000000027,34.0,shape_dist_traveled,38
4549641815,024,1,43,HAMTECN,298HAMN,1395.8999999999974,219.0,shape_dist_traveled,38
4549641815,024,1,44,298HAMN,HAMROCN1,260.5000000000004,40.0,shape_dist_traveled,38
4549641815,024,1,45,HAMROCN1,HAMHAVN1,631.2999999999995,101.0,shape_dist_traveled,38
4549641815,024,1,46,HAMHAVN1,HAMWORN,750.7000000000019,64.0,shape_dist_traveled,38
4549641815,024,1,47,HAMWORN,HAM500N,676.6000000000006,58.0,shape_dist_traveled,38
4549641815,024,1,48,HAM500N,HAMJOHN,654.399999999999,58.0,shape_dist_traveled,38
4549641815,024,1,49,HAMJOHN,HAM920N,583.9999999999997,77.0,shape_dist_traveled,38
4549641815,024,1,50,HAM920N,HAMBEEN,464.9999999999999,61.0,shape_dist_traveled,38
4549641815,024,1,51,HAMBEEN,HAMSHAN1,298.4000000000009,39.0,shape_dist_traveled,38
4549641815,024,1,52,HAMSHAN1,HAMSTON,268.39999999999975,35.0,shape_dist_traveled,38
4549641815,024,1,53,HAMSTON,HAMCHEN,508.70000000000107,67.0,shape_dist_traveled,38
4549641815,024,1,54,HAMCHEN,HAMMEIN,419.5999999999991,55.0,shape_dist_traveled,38
4549641815,024,1,55,HAMMEIN,MEIHAM2S,172.79999999999873,26.0,shape_dist_traveled,38
4549641815,024,1,56,MEIHAM2S,HAMBROS1,368.20000000000164,42.0,shape_dist_traveled,38
4549641815,024,1,57,HAMBROS1,MORKOHW,495.8999999999989,57.0,shape_dist_traveled,38
4549641815,024,1,58,MORKOHW,MORSLEW,692.2999999999995,80.0,shape_dist_traveled,38
4549641815,024,1,59,MORSLEW,MORKENW,388.80000000000337,44.0,shape_dist_traveled,38
4549641815,024,1,60,MORKENW,MORCHEW,647.3999999999976,77.0,shape_dist_traveled,38
4549641815,024,1,61,MORCHEW,MORSTYW,338.99999999999864,40.0,shape_dist_traveled,38
4549641815,024,1,62,MORSTYW,MORAPPW,632.5000000000002,75.0,shape_dist_traveled,38
4549641815,024,1,63,MORAPPW,STEMORN1,1118.2000000000016,132.0,shape_dist_traveled,38
4549641815,024,1,64,STEMORN1,STE418N,137.2999999999962,16.0,shape_dist_traveled,38
4549641815,024,1,65,STE418N,EASTER3,301.20000000000147,37.0,shape_dist_traveled,38
c9483262c2,025,0,0,CANWIPR,GENLEHN,1074.5,70.0,shape_dist_traveled,21
c9483262c2,025,0,1,GENLEHN,GENGENN,718.4999999999999,47.0,shape_dist_traveled,21
c9483262c2,025,0,2,GENGENN,GENPFEN,363.69999999999993,23.0,shape_dist_traveled,21
c9483262c2,025,0,3,GENPFEN,GENNOTN,363.9000000000001,23.0,shape_dist_traveled,21
c9483262c2,025,0,4,GENNOTN,GENSHAN,1119.6999999999998,73.0,shape_dist_traveled,21
c9483262c2,025,0,5,GENSHAN,GENABBN,1128.3000000000004,74.0,shape_dist_traveled,21
c9483262c2,025,0,6,GENABBN,GENUPRN,689.5999999999996,50.0,shape_dist_traveled,21
c9483262c2,025,0,7,GENUPRN,GENCENN,1387.1000000000001,180.0,shape_dist_traveled,21
c9483262c2,025,0,8,GENCENN,GENBRIN,435.20000000000005,56.0,shape_dist_traveled,21
c9483262c2,025,0,9,GENBRIN,CHANBRIW,342.5000000000002,44.0,shape_dist_traveled,21
c9483262c2,025,0,10,CHANBRIW,CHANMEIW,280.8000000000002,36.0,shape_dist_traveled,21
c9483262c2,025,0,11,CHANMEIW,CHANCHAW,408.0999999999992,53.0,shape_dist_traveled,21
c9483262c2,025,0,12,CHANCHAW,PARCCHAN,497.300000000001,64.0,shape_dist_traveled,21
c9483262c2,025,0,13,PARCCHAN,PACRALSN,343.0,47.0,shape_dist_traveled,21
c9483262c2,025,0,14,PACRALSN,5677ALE,327.7000000000001,49.0,shape_dist_traveled,21
c9483262c2,025,0,15,5677ALE,SCAALSE,431.4,65.0,shape_dist_traveled,21
c9483262c2,025,0,16,SCAALSE,BRIEASN,1603.8999999999994,241.0,shape_dist_traveled,21
c9483262c2,025,0,17,BRIEASN,BRILIVN,421.20000000000067,65.0,shape_dist_traveled,21
c9483262c2,025,0,18,BRILIVN,BRICENN,237.89999999999978,40.0,shape_dist_traveled,21
c9483262c2,025,0,19,BRICENN,BRIROSLN,195.49999999999912,33.0,shape_dist_traveled,21
c9483262c2,025,0,20,BRIROSLN,BRIRYGN,445.1999999999998,76.0,shape_dist_traveled,21
c9483262c2,025,0,21,BRIRYGN,BRICMN,304.9,52.0,shape_dist_traveled,21
c9483262c2,025,0,22,BRICMN,MAIBRICW,277.6000000000014,47.0,shape_dist_traveled,21
c9483262c2,025,0,23,MAIBRICW,MAIMAIW,459.0999999999994,79.0,shape_dist_traveled,21
c9483262c2,025,0,24,MAIMAIW,MAIMCNW,172.0000000000006,33.0,shape_dist_traveled,21
c9483262c2,025,0,25,MAIMCNW,MCNCHEN,609.1999999999995,69.0,shape_dist_traveled,21
c9483262c2,025,0,26,MCNCHEN,MCNOLDN,486.20000000000016,55.0,shape_dist_traveled,21
c9483262c2,025,0,27,MCNOLDN,MCNBASN,375.8999999999997,42.0,shape_dist_traveled,21
c9483262c2,025,0,28,MCNBASN,MCNBILLN,314.0999999999998,35.0,shape_dist_traveled,21
c9483262c2,025,0,29,MCNBILLN,MCNKNIN,413.0000000000002,47.0,shape_dist_traveled,21
c9483262c2,025,0,30,MCNKNIN,MCNGANN,466.7999999999992,53.0,shape_dist_traveled,21
c9483262c2,025,0,31,MCNGANN,BROMCNW,397.7000000000004,45.0,shape_dist_traveled,21
c9483262c2,025,0,32,BROMCNW,TAYBRON1,623.899999999999,74.0,shape_dist_traveled,21
c9483262c2,025,0,33,TAYBRON1,TAYWESBN,410.7000000000021,47.0,shape_dist_traveled,21
c9483262c2,025,0,34,TAYWESBN,TAYOPPN,196.40000000000057,22.0,shape_dist_traveled,21
c9483262c2,025,0,35,TAYOPPN,TAYGAHN,589.4999999999975,68.0,shape_dist_traveled,21
c9483262c2,025,0,36,TAYGAHN,CLATAYW,316.40000000000157,36.0,shape_dist_traveled,21
c9483262c2,025,0,37,CLATAYW,CLASCIW,311.0999999999997,36.0,shape_dist_traveled,21
c9483262c2,025,0,38,CLASCIW,790SCIN,440.5999999999999,51.0,shape_dist_traveled,21
c9483262c2,025,0,39,790SCIN,SCITECN,323.19999999999993,40.0,shape_dist_traveled,21
c9483262c2,025,0,40,SCITECN,TECAEPW,873.4000000000002,98.0,shape_dist_traveled,21
c9483262c2,025,0,41,TECAEPW,TECMORW,363.900000000001,41.0,shape_dist_traveled,21
c9483262c2,025,0,42,TECMORW,MORTAYNW,510.09999999999775,57.0,shape_dist_traveled,21
c9483262c2,025,0,43,MORTAYNW,MORHEMN,777.4999999999999,87.0,shape_dist_traveled,21
c9483262c2,025,0,44,MORHEMN,298HAMN,399.70000000000283,45.0,shape_dist_traveled,21
c9483262c2,025,0,45,298HAMN,HAMROCN1,260.4999999999968,32.0,shape_dist_traveled,21
c9483262c2,025,0,46,HAMROCN1,GRASHAW,637.400000000003,84.0,shape_dist_traveled,21
c9483262c2,025,0,47,GRASHAW,GRALINW,463.7999999999991,61.0,shape_dist_traveled,21
c9483262c2,025,0,48,GRALINW,GRASHIW,445.1,58.0,shape_dist_traveled,21
c9483262c2,025,0,49,GRASHIW,US6OLDW,372.6999999999982,49.0,shape_dist_traveled,21
c9483262c2,025,0,50,US6OLDW,NSTAGLN,797.0000000000006,108.0,shape_dist_traveled,21
c9483262c2,025,0,51,NSTAGLN,NSTDUNN,369.9000000000012,34.0,shape_dist_traveled,21
c9483262c2,025,0,52,NSTDUNN,NSTCHAN,456.8999999999974,42.0,shape_dist_traveled,21
c9483262c2,025,0,53,NSTCHAN,NSTMCCN,328.7000000000013,30.0,shape_dist_traveled,21
c9483262c2,025,0,54,NSTMCCN,STYMCCN,352.9000000000018,32.0,shape_dist_traveled,21
c9483262c2,025,0,55,STYMCCN,STYWOON,524.0999999999972,48.0,shape_dist_traveled,21
c9483262c2,025,0,56,STYWOON,STYFORN,430.2000000000028,39.0,shape_dist_traveled,21
c9483262c2,025,0,57,STYFORN,STYRIDN,341.1999999999971,31.0,shape_dist_traveled,21
c9483262c2,025,0,58,STYRIDN,MORSTYW,1515.1000000000004,139.0,shape_dist_traveled,21
c9483262c2,025,0,59,MORSTYW,MORAPPW,632.6,58.0,shape_dist_traveled,21
c9483262c2,025,0,60,MORAPPW,STEMORN1,1118.2000000000016,103.0,shape_dist_traveled,21
c9483262c2,025,0,61,STEMORN1,STE418N,137.2999999999962,12.0,shape_dist_traveled,21
c9483262c2,025,0,62,STE418N,EASTER4,301.20000000000147,32.0,shape_dist_traveled,21
b41ab650e6,025,1,0,EASTER4,STELSAMS,549.8,49.0,shape_dist_traveled,22
b41ab650e6,025,1,1,STELSAMS,MORAPPE1,1245.3,111.0,shape_dist_traveled,22
b41ab650e6,025,1,2,MORAPPE1,STYWENS,1822.4000000000003,163.0,shape_dist_traveled,22
b41ab650e6,025,1,3,STYWENS,STYSANS,364.39999999999986,32.0,shape_dist_traveled,22
b41ab650e6,025,1,4,STYSANS,STYFORS,341.20000000000016,30.0,shape_dist_traveled,22
b41ab650e6,025,1,5,STYFORS,STYWOOS,368.9,33.0,shape_dist_traveled,22
b41ab650e6,025,1,6,STYWOOS,STYMCCS,590.3000000000001,52.0,shape_dist_traveled,22
b41ab650e6,025,1,7,STYMCCS,STYGAMS,346.89999999999975,31.0,shape_dist_traveled,22
b41ab650e6,025,1,8,STYGAMS,STYCHAS,360.80000000000024,32.0,shape_dist_traveled,22
b41ab650e6,025,1,9,STYCHAS,STYDUNS,452.89999999999964,40.0,shape_dist_traveled,22
b41ab650e6,025,1,10,STYDUNS,STYAGLS,241.4000000000005,27.0,shape_dist_traveled,22
b41ab650e6,025,1,11,STYAGLS,US6OLDE,772.3999999999993,117.0,shape_dist_traveled,22
b41ab650e6,025,1,12,US6OLDE,GRASHIE,549.8000000000012,83.0,shape_dist_traveled,22
b41ab650e6,025,1,13,GRASHIE,GRALINE,435.99999999999994,66.0,shape_dist_traveled,22
b41ab650e6,025,1,14,GRALINE,HAMGRAS1,610.1999999999989,92.0,shape_dist_traveled,22
b41ab650e6,025,1,15,HAMGRAS1,HAMROCS,401.89999999999947,62.0,shape_dist_traveled,22
b41ab650e6,025,1,16,HAMROCS,MORHAME,533.100000000001,54.0,shape_dist_traveled,22
b41ab650e6,025,1,17,MORHAME,MORWATSE,225.89999999999932,23.0,shape_dist_traveled,22
b41ab650e6,025,1,18,MORWATSE,MORTAYSE,744.6999999999999,76.0,shape_dist_traveled,22
b41ab650e6,025,1,19,MORTAYSE,TECMORE,490.89999999999986,49.5,shape_dist_traveled,22
b41ab650e6,025,1,20,TECMORE,TECAEPE,332.80000000000064,33.5,shape_dist_traveled,22
b41ab650e6,025,1,21,TECAEPE,SCITECS,896.8000000000008,94.0,shape_dist_traveled,22
b41ab650e6,025,1,22,SCITECS,791SCIS,307.19999999999993,40.0,shape_dist_traveled,22
b41ab650e6,025,1,23,791SCIS,CLASCIE,456.5999999999999,60.0,shape_dist_traveled,22
b41ab650e6,025,1,24,CLASCIE,CLATAYE,311.0999999999997,41.0,shape_dist_traveled,22
b41ab650e6,025,1,25,CLATAYE,TAYGAHS,315.4000000000003,42.0,shape_dist_traveled,22
b41ab650e6,025,1,26,TAYGAHS,TAYBELS,493.3999999999994,65.0,shape_dist_traveled,22
b41ab650e6,025,1,27,TAYBELS,TAYWESS,219.40000000000026,29.0,shape_dist_traveled,22
b41ab650e6,025,1,28,TAYWESS,BROTAYE,599.7000000000004,83.0,shape_dist_traveled,22
b41ab650e6,025,1,29,BROTAYE,MCNBROS,650.1000000000001,55.0,shape_dist_traveled,22
b41ab650e6,025,1,30,MCNBROS,MCNSISS,238.49999999999838,20.0,shape_dist_traveled,22
b41ab650e6,025,1,31,MCNSISS,MCNWHI1,529.0999999999997,45.0,shape_dist_traveled,22
b41ab650e6,025,1,32,MCNWHI1,MCNWHIS,372.80000000000155,31.0,shape_dist_traveled,22
b41ab650e6,025,1,33,MCNWHIS,MCNWINS,360.19999999999897,30.0,shape_dist_traveled,22
b41ab650e6,025,1,34,MCNWINS,MCNOLDS,278.7000000000006,23.0,shape_dist_traveled,22
b41ab650e6,025,1,35,MCNOLDS,MCNEFFS,431.1000000000007,36.0,shape_dist_traveled,22
b41ab650e6,025,1,36,MCNEFFS,MAIMCNE,644.400000000001,60.0,shape_dist_traveled,22
b41ab650e6,025,1,37,MAIMCNE,MAIVALE,192.99999999999784,26.0,shape_dist_traveled,22
b41ab650e6,025,1,38,MAIVALE,MAIIDLE,378.0999999999999,51.0,shape_dist_traveled,22
b41ab650e6,025,1,39,MAIIDLE,BRI132S,376.5999999999998,51.0,shape_dist_traveled,22
b41ab650e6,025,1,40,BRI132S,BRIRYGS,423.1000000000016,57.0,shape_dist_traveled,22
b41ab650e6,025,1,41,BRIRYGS,BRIROSLS,364.0000000000008,49.0,shape_dist_traveled,22
b41ab650e6,025,1,42,BRIROSLS,BRIASTS,239.7999999999989,32.0,shape_dist_traveled,22
b41ab650e6,025,1,43,BRIASTS,BRILIVS1,231.70000000000002,34.0,shape_dist_traveled,22
b41ab650e6,025,1,44,BRILIVS1,BRICHAS,454.29999999999995,45.0,shape_dist_traveled,22
b41ab650e6,025,1,45,BRICHAS,BRISCAS,1256.3999999999992,125.0,shape_dist_traveled,22
b41ab650e6,025,1,46,BRISCAS,CHANBRIW,359.60000000000036,35.0,shape_dist_traveled,22
b41ab650e6,025,1,47,CHANBRIW,CHANMEIW,280.7999999999993,28.0,shape_dist_traveled,22
b41ab650e6,025,1,48,CHANMEIW,CHANCHAW,408.10000000000105,40.0,shape_dist_traveled,22
b41ab650e6,025,1,49,CHANCHAW,PARCCHAN,497.29999999999916,49.0,shape_dist_traveled,22
b41ab650e6,025,1,50,PARCCHAN,PACRALSN,343.0,38.0,shape_dist_traveled,22
b41ab650e6,025,1,51,PACRALSN,5677ALE,327.79999999999984,36.0,shape_dist_traveled,22
b41ab650e6,025,1,52,5677ALE,SCAALSE,431.30000000000024,48.0,shape_dist_traveled,22
b41ab650e6,025,1,53,SCAALSE,BRISCAS,388.70000000000005,43.0,shape_dist_traveled,22
b41ab650e6,025,1,54,BRISCAS,GENBRIS,475.6999999999998,53.0,shape_dist_traveled,22
b41ab650e6,025,1,55,GENBRIS,GENCENS,444.4000000000017,49.0,shape_dist_traveled,22
b41ab650e6,025,1,56,GENCENS,GENREFS,1146.5999999999995,131.0,shape_dist_traveled,22
b41ab650e6,025,1,57,GENREFS,GENUPPS,301.89999999999986,20.0,shape_dist_traveled,22
b41ab650e6,025,1,58,GENUPPS,GENABBS,699.4000000000007,47.0,shape_dist_traveled,22
b41ab650e6,025,1,59,GENABBS,GENSHAS,1054.299999999998,72.0,shape_dist_traveled,22
b41ab650e6,025,1,60,GENSHAS,GENNOTS,1150.8000000000002,78.0,shape_dist_traveled,22
b41ab650e6,025,1,61,GENNOTS,GENGEOS,484.00000000000176,33.0,shape_dist_traveled,22
b41ab650e6,025,1,62,GENGEOS,5275GENS,286.59999999999997,19.0,shape_dist_traveled,22
b41ab650e6,025,1,63,5275GENS,GENLEMS,712.4999999999986,48.0,shape_dist_traveled,22
b41ab650e6,025,1,64,GENLEMS,GENWINS,572.2000000000023,43.0,shape_dist_traveled,22
b41ab650e6,025,1,65,GENWINS,6340PREN,1627.4000000000015,180.0,shape_dist_traveled,22
b41ab650e6,025,1,66,6340PREN,CANWIPR,1251.8999999999992,240.0,shape_dist_traveled,22
79e27fc742,031,0,0,EASTER7,STELSAMS,549.8,80.0,shape_dist_traveled,39
79e27fc742,031,0,1,STELSAMS,STEMORS1,302.5,44.0,shape_dist_traveled,39
79e27fc742,031,0,2,STEMORS1,STEWORS,328.3000000000001,48.0,shape_dist_traveled,39
79e27fc742,031,0,3,STEWORS,STEALSS,164.69999999999985,24.0,shape_dist_traveled,39
79e27fc742,031,0,4,STEALSS,EASEASW,673.6,98.0,shape_dist_traveled,39
79e27fc742,031,0,5,EASEASW,EASEASPW,416.6000000000003,61.0,shape_dist_traveled,39
79e27fc742,031,0,6,EASEASPW,EASMORW,424.89999999999964,65.0,shape_dist_traveled,39
79e27fc742,031,0,7,EASMORW,EASSUNW,589.2000000000004,57.0,shape_dist_traveled,39
79e27fc742,031,0,8,EASSUNW,SUNPATS,956.3999999999995,93.0,shape_dist_traveled,39
79e27fc742,031,0,9,SUNPATS,SUNINNS,898.2000000000002,90.0,shape_dist_traveled,39
79e27fc742,031,0,10,SUNINNS,SUNAGLS,832.3000000000001,69.0,shape_dist_traveled,39
79e27fc742,031,0,11,SUNAGLS,SUNSUNS,1536.6999999999998,127.0,shape_dist_traveled,39
79e27fc742,031,0,12,SUNSUNS,MOC2501W,1234.0999999999997,104.0,shape_dist_traveled,39
79e27fc742,031,0,13,MOC2501W,MOCBREW1,366.6999999999998,58.0,shape_dist_traveled,39
79e27fc742,031,0,14,MOCBREW1,MOCWOOW,519.1000000000017,82.0,shape_dist_traveled,39
79e27fc742,031,0,15,MOCWOOW,MOCPARW,218.4999999999988,34.0,shape_dist_traveled,39
79e27fc742,031,0,16,MOCPARW,HUDDELW,405.10000000000093,64.0,shape_dist_traveled,39
79e27fc742,031,0,17,HUDDELW,HUDJOYW,265.39999999999964,42.0,shape_dist_traveled,39
79e27fc742,031,0,18,HUDJOYW,HUDCLEW,477.9999999999998,80.0,shape_dist_traveled,39
79e27fc742,031,0,19,HUDCLEW,HUDDREW,420.70000000000005,63.0,shape_dist_traveled,39
79e27fc742,031,0,20,HUDDREW,HUDONTW,391.60000000000036,59.0,shape_dist_traveled,39
79e27fc742,031,0,21,HUDONTW,HUDMCGW,379.7999999999995,58.0,shape_dist_traveled,39
79e27fc742,031,0,22,HUDMCGW,HUDOGRW,191.70000000000087,36.0,shape_dist_traveled,39
79e27fc742,031,0,23,HUDOGRW,HUDHIAW,189.29999999999936,35.0,shape_dist_traveled,39
79e27fc742,031,0,24,HUDHIAW,HUDPONW,276.6000000000002,51.0,shape_dist_traveled,39
79e27fc742,031,0,25,HUDPONW,HUDHOMW,234.39999999999907,44.0,shape_dist_traveled,39
79e27fc742,031,0,26,HUDHOMW,HUDSILW,289.1000000000013,54.0,shape_dist_traveled,39
79e27fc742,031,0,27,HUDSILW,HUDSUMW,387.3999999999995,72.0,shape_dist_traveled,39
79e27fc742,031,0,28,HUDSUMW,HUDDAYW,330.89999999999975,62.0,shape_dist_traveled,39
79e27fc742,031,0,29,HUDDAYW,HUDADAW,258.10000000000065,48.0,shape_dist_traveled,39
79e27fc742,031,0,30,HUDADAW,HIGHUDS,397.8000000000002,78.0,shape_dist_traveled,39
79e27fc742,031,0,31,HIGHUDS,HIGMAYS,306.99999999999864,58.0,shape_dist_traveled,39
79e27fc742,031,0,32,HIGMAYS,HIGOAKS,243.6000000000007,46.0,shape_dist_traveled,39
79e27fc742,031,0,33,HIGOAKS,HIGNORWS,170.09999999999968,32.0,shape_dist_traveled,39
79e27fc742,031,0,34,HIGNORWS,HIGLANS,240.2999999999995,45.0,shape_dist_traveled,39
79e27fc742,031,0,35,HIGLANS,HIG18TS,311.50000000000057,59.0,shape_dist_traveled,39
79e27fc742,031,0,36,HIG18TS,HIG15TS,305.4999999999985,60.0,shape_dist_traveled,39
79e27fc742,031,0,37,HIG15TS,HIG13TS,237.5000000000007,52.0,shape_dist_traveled,39
79e27fc742,031,0,38,HIG13TS,12THIGW,236.80000000000234,52.0,shape_dist_traveled,39
79e27fc742,031,0,39,12THIGW,W11WORTW,544.8999999999984,121.0,shape_dist_traveled,39
79e27fc742,031,0,40,W11WORTW,NEILW10S,327.4000000000008,75.0,shape_dist_traveled,39
79e27fc742,031,0,41,NEILW10S,9THMEDCW,368.1999999999981,68.0,shape_dist_traveled,39
79e27fc742,031,0,42,9THMEDCW,MEDCCW,239.80000000000246,44.0,shape_dist_traveled,39
79e27fc742,031,0,43,MEDCCW,KINOLEW,859.9999999999994,160.0,shape_dist_traveled,39
79e27fc742,031,0,44,KINOLEW,KINOPPW1,294.4999999999993,54.0,shape_dist_traveled,39
79e27fc742,031,0,45,KINOPPW1,KENKINN2,488.09999999999934,94.0,shape_dist_traveled,39
79e27fc742,031,0,46,KENKINN2,KENSTELN,384.6000000000025,53.0,shape_dist_traveled,39
79e27fc742,031,0,47,KENSTELN,KENKINN1,368.9,51.0,shape_dist_traveled,39
79e27fc742,031,0,48,KENKINN1,KIN1218W,481.9999999999993,67.0,shape_dist_traveled,39
79e27fc742,031,0,49,KIN1218W,NOSTARS,807.9000000000001,113.0,shape_dist_traveled,39
79e27fc742,031,0,50,NOSTARS,NORTRES1,372.5999999999985,52.0,shape_dist_traveled,39
79e27fc742,031,0,51,NORTRES1,KINSTAE,305.5000000000021,42.0,shape_dist_traveled,39
79e27fc742,031,0,52,KINSTAE,GRAKINGS,375.39999999999907,52.0,shape_dist_traveled,39
79e27fc742,031,0,53,GRAKINGS,GRA5THS,325.09999999999906,50.0,shape_dist_traveled,39
79e27fc742,031,0,54,GRA5THS,GRA3RDS,352.9000000000018,54.0,shape_dist_traveled,39
79e27fc742,031,0,55,GRA3RDS,1STGLEE,499.69999999999715,77.0,shape_dist_traveled,39
79e27fc742,031,0,56,1STGLEE,1STAVOE,125.09999999999977,19.0,shape_dist_traveled,39
79e27fc742,031,0,57,1STAVOE,1STVIRE,406.1000000000021,62.0,shape_dist_traveled,39
79e27fc742,031,0,58,1STVIRE,1STOXLE,318.9999999999991,49.0,shape_dist_traveled,39
79e27fc742,031,0,59,1STOXLE,NOR1STSE,243.10000000000187,37.0,shape_dist_traveled,39
79e27fc742,031,0,60,NOR1STSE,RAIBALS,1147.8000000000002,182.0,shape_dist_traveled,39
9eff693be7,031,1,0,RAIBALS,GOOYARW,188.70000000000002,27.0,shape_dist_traveled,39
9eff693be7,031,1,1,GOOYARW,GOO868W,224.29999999999998,32.0,shape_dist_traveled,39
9eff693be7,031,1,2,GOO868W,NORGOON,214.39999999999998,31.0,shape_dist_traveled,39
9eff693be7,031,1,3,NORGOON,NORBURNW,187.7000000000001,27.0,shape_dist_traveled,39
9eff693be7,031,1,4,NORBURNW,NORWILLN,174.59999999999997,25.0,shape_dist_traveled,39
9eff693be7,031,1,5,NORWILLN,1STNORW,331.3999999999999,48.0,shape_dist_traveled,39
9eff693be7,031,1,6,1STNORW,1STOXLW,191.3,28.0,shape_dist_traveled,39
9eff693be7,031,1,7,1STOXLW,1STVIRW,332.99999999999994,48.0,shape_dist_traveled,39
9eff693be7,031,1,8,1STVIRW,1STAVOW,341.9999999999999,49.0,shape_dist_traveled,39
9eff693be7,031,1,9,1STAVOW,1STGRAW,257.7000000000003,37.0,shape_dist_traveled,39
9eff693be7,031,1,10,1STGRAW,GRA3RDN,405.3,59.0,shape_dist_traveled,39
9eff693be7,031,1,11,GRA3RDN,GRA5THN,425.3,69.0,shape_dist_traveled,39
9eff693be7,031,1,12,GRA5THN,GRAKINGN,251.59999999999982,35.0,shape_dist_traveled,39
9eff693be7,031,1,13,GRAKINGN,KINSTAW,411.59999999999997,58.0,shape_dist_traveled,39
9eff693be7,031,1,14,KINSTAW,NORCHAN,297.4999999999999,42.0,shape_dist_traveled,39
9eff693be7,031,1,15,NORCHAN,NOSTARN,368.40000000000026,52.0,shape_dist_traveled,39
9eff693be7,031,1,16,NOSTARN,KIN1197E,795.7,112.0,shape_dist_traveled,39
9eff693be7,031,1,17,KIN1197E,KENKINS1,527.1999999999997,74.0,shape_dist_traveled,39
9eff693be7,031,1,18,KENKINS1,KENSTELS,259.50000000000006,36.0,shape_dist_traveled,39
9eff693be7,031,1,19,KENSTELS,KINKENE1,469.0000000000003,71.0,shape_dist_traveled,39
9eff693be7,031,1,20,KINKENE1,KINDELE,370.59999999999957,63.0,shape_dist_traveled,39
9eff693be7,031,1,21,KINDELE,KINOLEE,278.40000000000043,47.0,shape_dist_traveled,39
9eff693be7,031,1,22,KINOLEE,KINOLEE1,348.7999999999998,59.0,shape_dist_traveled,39
9eff693be7,031,1,23,KINOLEE1,MEDCCE,537.9000000000005,91.0,shape_dist_traveled,39
9eff693be7,031,1,24,MEDCCE,MEDC9THN,169.20000000000002,28.0,shape_dist_traveled,39
9eff693be7,031,1,25,MEDC9THN,NEI10TN,410.7000000000003,72.0,shape_dist_traveled,39
9eff693be7,031,1,26,NEI10TN,W11WORTE,359.0,97.0,shape_dist_traveled,39
9eff693be7,031,1,27,W11WORTE,W12COLLE,516.8999999999996,140.0,shape_dist_traveled,39
9eff693be7,031,1,28,W12COLLE,HIG13TN,231.39999999999895,62.0,shape_dist_traveled,39
9eff693be7,031,1,29,HIG13TN,HIG15TN,215.30000000000092,61.0,shape_dist_traveled,39
9eff693be7,031,1,30,HIG15TN,HIGWOON,445.9,96.0,shape_dist_traveled,39
9eff693be7,031,1,31,HIGWOON,HIGLANN,317.2999999999995,68.0,shape_dist_traveled,39
9eff693be7,031,1,32,HIGLANN,HIGNORN,160.70000000000027,34.0,shape_dist_traveled,39
9eff693be7,031,1,33,HIGNORN,HIGPATN,241.1999999999992,52.0,shape_dist_traveled,39
9eff693be7,031,1,34,HIGPATN,HIGBLAN,199.90000000000128,43.0,shape_dist_traveled,39
9eff693be7,031,1,35,HIGBLAN,HIGHUDN,297.90000000000026,67.0,shape_dist_traveled,39
9eff693be7,031,1,36,HIGHUDN,HUDADAE,425.39999999999975,67.0,shape_dist_traveled,39
9eff693be7,031,1,37,HUDADAE,HUDDAYE,196.19999999999925,31.0,shape_dist_traveled,39
9eff693be7,031,1,38,HUDDAYE,HUDSUME,312.8000000000011,49.0,shape_dist_traveled,39
9eff693be7,031,1,39,HUDSUME,HUDSILE,385.49999999999864,61.0,shape_dist_traveled,39
9eff693be7,031,1,40,HUDSILE,HUDAUDE,423.4000000000009,67.0,shape_dist_traveled,39
9eff693be7,031,1,41,HUDAUDE,HUDPONE,248.3000000000004,39.0,shape_dist_traveled,39
9eff693be7,031,1,42,HUDPONE,HUDATWE,206.39999999999858,32.0,shape_dist_traveled,39
9eff693be7,031,1,43,HUDATWE,HUDGRAE,174.30000000000058,27.0,shape_dist_traveled,39
9eff693be7,031,1,44,HUDGRAE,HUDMCGE,279.79999999999984,47.0,shape_dist_traveled,39
9eff693be7,031,1,45,HUDMCGE,HUDONTE,368.9,60.0,shape_dist_traveled,39
9eff693be7,031,1,46,HUDONTE,HUDDREE,371.6000000000008,60.0,shape_dist_traveled,39
9eff693be7,031,1,47,HUDDREE,HUDCLEE,358.6999999999989,60.0,shape_dist_traveled,39
9eff693be7,031,1,48,HUDCLEE,HUDJOYE,446.7999999999996,48.0,shape_dist_traveled,39
9eff693be7,031,1,49,HUDJOYE,HUDFIOE,404.70000000000005,43.0,shape_dist_traveled,39
9eff693be7,031,1,50,HUDFIOE,PARMOCS,213.10000000000073,23.0,shape_dist_traveled,39
9eff693be7,031,1,51,PARMOCS,MOCWOOE,278.20000000000175,30.0,shape_dist_traveled,39
9eff693be7,031,1,52,MOCWOOE,MOC2315E,537.0999999999988,58.0,shape_dist_traveled,39
9eff693be7,031,1,53,MOC2315E,MOC250E,333.6000000000006,38.0,shape_dist_traveled,39
9eff693be7,031,1,54,MOC250E,SUNSUNN,1266.1999999999978,126.0,shape_dist_traveled,39
9eff693be7,031,1,55,SUNSUNN,SUNCASN,1541.6000000000026,153.0,shape_dist_traveled,39
9eff693be7,031,1,56,SUNCASN,SUNMCUN,805.6999999999981,81.0,shape_dist_traveled,39
9eff693be7,031,1,57,SUNMCUN,SUNPATN,936.6000000000021,64.0,shape_dist_traveled,39
9eff693be7,031,1,58,SUNPATN,EASSUNE,890.8999999999985,61.0,shape_dist_traveled,39
9eff693be7,031,1,59,EASSUNE,EASMORE,799.8000000000012,55.0,shape_dist_traveled,39
9eff693be7,031,1,60,EASMORE,EASEASPE,295.19999999999766,49.0,shape_dist_traveled,39
9eff693be7,031,1,61,EASEASPE,EASCHAE,236.29999999999995,39.0,shape_dist_traveled,39
9eff693be7,031,1,62,EASCHAE,STECOLN,791.1000000000001,133.0,shape_dist_traveled,39
9eff693be7,031,1,63,STECOLN,STEWORN,355.49999999999926,60.0,shape_dist_traveled,39
9eff693be7,031,1,64,STEWORN,STEMORN1,368.6000000000007,62.0,shape_dist_traveled,39
9eff693be7,031,1,65,STEMORN1,STE418N,137.29999999999976,23.0,shape_dist_traveled,39
9eff693be7,031,1,66,STE418N,EASTER7,301.20000000000147,54.0,shape_dist_traveled,39
90b6541919,032,0,0,HERMAIE,MAILUTN,115.5,15.0,shape_dist_traveled,20
90b6541919,032,0,1,MAILUTN,MAISCIN,520.5999999999999,70.0,shape_dist_traveled,20
90b6541919,032,0,2,MAISCIN,CEMLUXE,773.9,105.0,shape_dist_traveled,20
90b6541919,032,0,3,CEMLUXE,CEMNORE,277.90000000000003,37.0,shape_dist_traveled,20
90b6541919,032,0,4,CEMNORE,CEMWBE,293.2000000000001,39.0,shape_dist_traveled,20
90b6541919,032,0,5,CEMWBE,CEMOUTE,483.0000000000001,65.0,shape_dist_traveled,20
90b6541919,032,0,6,CEMOUTE,CEMLEAE,314.40000000000003,42.0,shape_dist_traveled,20
90b6541919,032,0,7,CEMLEAE,CEMBROE,236.49999999999994,32.0,shape_dist_traveled,20
90b6541919,032,0,8,CEMBROE,CEMBRIE,521.3000000000001,75.0,shape_dist_traveled,20
90b6541919,032,0,9,CEMBRIE,FISPARS,1402.6999999999998,147.0,shape_dist_traveled,20
90b6541919,032,0,10,FISPARS,FIS369S,271.6000000000003,28.0,shape_dist_traveled,20
90b6541919,032,0,11,FIS369S,FISMILE,453.1000000000001,47.0,shape_dist_traveled,20
90b6541919,032,0,12,FISMILE,FISSMIE,466.89999999999986,49.0,shape_dist_traveled,20
90b6541919,032,0,13,FISSMIE,FISDUBE,461.1000000000001,48.0,shape_dist_traveled,20
90b6541919,032,0,14,FISDUBE,NOTSUNE,1504.8000000000004,161.0,shape_dist_traveled,20
90b6541919,032,0,15,NOTSUNE,NOTKIOE,565.2999999999988,92.0,shape_dist_traveled,20
90b6541919,032,0,16,NOTKIOE,NOTDORE,334.6,55.0,shape_dist_traveled,20
90b6541919,032,0,17,NOTDORE,NOTRAME,298.5000000000007,49.0,shape_dist_traveled,20
90b6541919,032,0,18,NOTRAME,NOTMOUE,306.4999999999998,50.0,shape_dist_traveled,20
90b6541919,032,0,19,NOTMOUE,RIDREDE,548.5000000000007,90.0,shape_dist_traveled,20
90b6541919,032,0,20,RIDREDE,RIDCOLE,244.39999999999884,40.0,shape_dist_traveled,20
90b6541919,032,0,21,RIDCOLE,RIDSOME,279.5000000000005,45.0,shape_dist_traveled,20
90b6541919,032,0,22,RIDSOME,RIDTREE,235.5999999999998,38.0,shape_dist_traveled,20
90b6541919,032,0,23,RIDTREE,TRERIDN1,105.6000000000008,21.0,shape_dist_traveled,20
90b6541919,032,0,24,TRERIDN1,TREKEYN,148.19999999999922,18.0,shape_dist_traveled,20
90b6541919,032,0,25,TREKEYN,FISMTHE,649.2000000000005,80.0,shape_dist_traveled,20
90b6541919,032,0,26,FISMTHE,FISSTAE,413.8999999999999,51.0,shape_dist_traveled,20
90b6541919,032,0,27,FISSTAE,FISEASE,233.1000000000003,31.0,shape_dist_traveled,20
90b6541919,032,0,28,FISEASE,KENOBEN,483.4999999999994,60.0,shape_dist_traveled,20
90b6541919,032,0,29,KENOBEN,NORCLEE,484.60000000000036,61.0,shape_dist_traveled,20
90b6541919,032,0,30,NORCLEE,NORSHAE,263.0999999999997,33.0,shape_dist_traveled,20
90b6541919,032,0,31,NORSHAE,NORENTE,673.0999999999998,86.0,shape_dist_traveled,20
90b6541919,032,0,32,NORENTE,NOROLEE,459.3000000000007,70.0,shape_dist_traveled,20
90b6541919,032,0,33,NOROLEE,WNBYOHPE,295.2999999999992,45.0,shape_dist_traveled,20
90b6541919,032,0,34,WNBYOHPE,NORMILE,431.4999999999998,66.0,shape_dist_traveled,20
90b6541919,032,0,35,NORMILE,NORHIGE,375.2000000000013,59.0,shape_dist_traveled,20
90b6541919,032,0,36,NORHIGE,NOR169E,530.2000000000007,72.0,shape_dist_traveled,20
90b6541919,032,0,37,NOR169E,NORCALE,183.0999999999996,24.0,shape_dist_traveled,20
90b6541919,032,0,38,NORCALE,NOR411E,364.2000000000003,49.0,shape_dist_traveled,20
90b6541919,032,0,39,NOR411E,NORINDE,242.0999999999971,35.0,shape_dist_traveled,20
90b6541919,032,0,40,NORINDE,EISNORN,683.5000000000023,93.0,shape_dist_traveled,20
90b6541919,032,0,41,EISNORN,OAKEISE,201.49999999999935,27.0,shape_dist_traveled,20
90b6541919,032,0,42,OAKEISE,OAKMAIE,292.50000000000045,39.0,shape_dist_traveled,20
90b6541919,032,0,43,OAKMAIE,OAKOSCE,154.49999999999875,21.0,shape_dist_traveled,20
90b6541919,032,0,44,OAKOSCE,OAKATWE,320.7000000000022,43.0,shape_dist_traveled,20
90b6541919,032,0,45,OAKATWE,OAKHAME,547.3999999999996,77.0,shape_dist_traveled,20
90b6541919,032,0,46,OAKHAME,OAKONTE,215.39999999999893,37.0,shape_dist_traveled,20
90b6541919,032,0,47,OAKONTE,OAKNORE,258.70000000000107,44.0,shape_dist_traveled,20
90b6541919,032,0,48,OAKNORE,OAKOAKE,301.80000000000007,51.0,shape_dist_traveled,20
90b6541919,032,0,49,OAKOAKE,CLEHUYN,967.4999999999976,168.0,shape_dist_traveled,20
90b6541919,032,0,50,CLEHUYN,INNDERE,480.50000000000284,43.0,shape_dist_traveled,20
90b6541919,032,0,51,INNDERE,INNWESE,247.2999999999992,22.0,shape_dist_traveled,20
90b6541919,032,0,52,INNWESE,INNBOYE,616.7999999999978,55.0,shape_dist_traveled,20
90b6541919,032,0,53,INNBOYE,MCCMCCE,1823.1999999999998,163.0,shape_dist_traveled,20
90b6541919,032,0,54,MCCMCCE,MCCOAKE,446.8000000000032,40.0,shape_dist_traveled,20
90b6541919,032,0,55,MCCOAKE,STEMCCN,1075.3999999999983,97.0,shape_dist_traveled,20
90b6541919,032,0,56,STEMCCN,STEESPN,410.0999999999999,30.0,shape_dist_traveled,20
90b6541919,032,0,57,STEESPN,STEMONN,163.39999999999932,12.0,shape_dist_traveled,20
90b6541919,032,0,58,STEMONN,MORSTEW,436.80000000000166,32.0,shape_dist_traveled,20
90b6541919,032,0,59,MORSTEW,MOR340W,591.9999999999987,44.0,shape_dist_traveled,20
90b6541919,032,0,60,MOR340W,MOR342N,455.6000000000005,34.0,shape_dist_traveled,20
90b6541919,032,0,61,MOR342N,EASMORE,341.7999999999992,28.0,shape_dist_traveled,20
90b6541919,032,0,62,EASMORE,EASEASPE,295.20000000000124,49.0,shape_dist_traveled,20
90b6541919,032,0,63,EASEASPE,EASCHAE,236.29999999999995,39.0,shape_dist_traveled,20
90b6541919,032,0,64,EASCHAE,STECOLN,791.1000000000001,133.0,shape_dist_traveled,20
90b6541919,032,0,65,STECOLN,STEWORN,355.49999999999926,60.0,shape_dist_traveled,20
90b6541919,032,0,66,STEWORN,STEMORN1,368.6000000000007,62.0,shape_dist_traveled,20
90b6541919,032,0,67,STEMORN1,STE418N,137.29999999999976,23.0,shape_dist_traveled,20
90b6541919,032,0,68,STE418N,EASTER6,301.20000000000147,54.0,shape_dist_traveled,20
4da209aa13,032,1,0,EASTER6,STELSAMS,549.8,92.0,shape_dist_traveled,20
4da209aa13,032,1,1,STELSAMS,STEMORS1,302.5,51.0,shape_dist_traveled,20
4da209aa13,032,1,2,STEMORS1,STEWORS,328.3000000000001,55.0,shape_dist_traveled,20
4da209aa13,032,1,3,STEWORS,STEALSS,164.69999999999985,27.0,shape_dist_traveled,20
4da209aa13,032,1,4,STEALSS,EASEASW,673.6,113.0,shape_dist_traveled,20
4da209aa13,032,1,5,EASEASW,EASEASPW,416.6000000000003,70.0,shape_dist_traveled,20
4da209aa13,032,1,6,EASEASPW,MOREASS,409.9999999999997,72.0,shape_dist_traveled,20
4da209aa13,032,1,7,MOREASS,MOR342S,216.20000000000016,17.0,shape_dist_traveled,20
4da209aa13,032,1,8,MOR342S,MORHARS,436.5000000000001,34.0,shape_dist_traveled,20
4da209aa13,032,1,9,MORHARS,MORSTEE,575.6999999999999,46.0,shape_dist_traveled,20
4da209aa13,032,1,10,MORSTEE,STEMONS,285.4000000000001,22.0,shape_dist_traveled,20
4da209aa13,032,1,11,STEMONS,STEESPS,454.0999999999995,36.0,shape_dist_traveled,20
4da209aa13,032,1,12,STEESPS,STEMCCS,280.8000000000002,25.0,shape_dist_traveled,20
4da209aa13,032,1,13,STEMCCS,MCCOAKW,937.1999999999998,94.0,shape_dist_traveled,20
4da209aa13,032,1,14,MCCOAKW,MCCMCCW,630.1000000000006,63.0,shape_dist_traveled,20
4da209aa13,032,1,15,MCCMCCW,INNKOHW,1717.1000000000004,173.0,shape_dist_traveled,20
4da209aa13,032,1,16,INNKOHW,INNWESW,327.399999999999,33.0,shape_dist_traveled,20
4da209aa13,032,1,17,INNWESW,INNUSPW,350.4000000000005,35.0,shape_dist_traveled,20
4da209aa13,032,1,18,INNUSPW,INNDERW,293.4000000000001,29.0,shape_dist_traveled,20
4da209aa13,032,1,19,INNDERW,CLEHUYS,491.1999999999992,53.0,shape_dist_traveled,20
4da209aa13,032,1,20,CLEHUYS,CLEOAKS,504.70000000000147,53.0,shape_dist_traveled,20
4da209aa13,032,1,21,CLEOAKS,OAKOAKW,367.9999999999985,38.0,shape_dist_traveled,20
4da209aa13,032,1,22,OAKOAKW,OAKNORW,320.8000000000002,33.0,shape_dist_traveled,20
4da209aa13,032,1,23,OAKNORW,OAKOPPW,295.70000000000005,31.0,shape_dist_traveled,20
4da209aa13,032,1,24,OAKOPPW,OAKKARW,218.50000000000057,25.0,shape_dist_traveled,20
4da209aa13,032,1,25,OAKKARW,OAKATWW,499.2000000000001,68.0,shape_dist_traveled,20
4da209aa13,032,1,26,OAKATWW,OAKHIAW,188.49999999999943,25.0,shape_dist_traveled,20
4da209aa13,032,1,27,OAKHIAW,OAKMAIW,262.80000000000035,36.0,shape_dist_traveled,20
4da209aa13,032,1,28,OAKMAIW,OAKEISW,360.5999999999998,49.0,shape_dist_traveled,20
4da209aa13,032,1,29,OAKEISW,EISBROS,180.3000000000008,24.0,shape_dist_traveled,20
4da209aa13,032,1,30,EISBROS,NORINDW,692.5999999999988,98.0,shape_dist_traveled,20
4da209aa13,032,1,31,NORINDW,NOR366W,214.1000000000002,29.0,shape_dist_traveled,20
4da209aa13,032,1,32,NOR366W,NORCALW,384.1999999999999,53.0,shape_dist_traveled,20
4da209aa13,032,1,33,NORCALW,NOR162W,232.10000000000088,32.0,shape_dist_traveled,20
4da209aa13,032,1,34,NOR162W,NORHIGW,462.0999999999995,66.0,shape_dist_traveled,20
4da209aa13,032,1,35,NORHIGW,NORMILW,355.2999999999997,38.0,shape_dist_traveled,20
4da209aa13,032,1,36,NORMILW,WNBYOHPW,610.1000000000009,65.0,shape_dist_traveled,20
4da209aa13,032,1,37,WNBYOHPW,NOREXIW,709.5999999999982,77.0,shape_dist_traveled,20
4da209aa13,032,1,38,NOREXIW,NORSHAW,553.4999999999997,56.0,shape_dist_traveled,20
4da209aa13,032,1,39,NORSHAW,NORCLEW,350.10000000000116,35.0,shape_dist_traveled,20
4da209aa13,032,1,40,NORCLEW,KENLONS,160.3999999999992,16.0,shape_dist_traveled,20
4da209aa13,032,1,41,KENLONS,KENMANS,188.9000000000003,19.0,shape_dist_traveled,20
4da209aa13,032,1,42,KENMANS,FISKENW,509.00000000000034,54.0,shape_dist_traveled,20
4da209aa13,032,1,43,FISKENW,FIS1247W,196.79999999999964,21.0,shape_dist_traveled,20
4da209aa13,032,1,44,FIS1247W,FISCHAW,373.2000000000006,41.0,shape_dist_traveled,20
4da209aa13,032,1,45,FISCHAW,FISPEMW,336.5000000000009,37.0,shape_dist_traveled,20
4da209aa13,032,1,46,FISPEMW,RIDTREW,704.699999999999,81.0,shape_dist_traveled,20
4da209aa13,032,1,47,RIDTREW,RIDSOMW,260.60000000000014,33.0,shape_dist_traveled,20
4da209aa13,032,1,48,RIDSOMW,RIDCOLW,268.49999999999955,34.0,shape_dist_traveled,20
4da209aa13,032,1,49,RIDCOLW,RIDREDW,297.5999999999992,38.0,shape_dist_traveled,20
4da209aa13,032,1,50,RIDREDW,RIDMOUW,197.4000000000018,25.0,shape_dist_traveled,20
4da209aa13,032,1,51,RIDMOUW,NOTMOUW,299.90000000000094,38.0,shape_dist_traveled,20
4da209aa13,032,1,52,NOTMOUW,NOTRAMW,302.4999999999984,38.0,shape_dist_traveled,20
4da209aa13,032,1,53,NOTRAMW,NOTDORW,309.5999999999997,39.0,shape_dist_traveled,20
4da209aa13,032,1,54,NOTDORW,NOTKIOW,313.600000000001,40.0,shape_dist_traveled,20
4da209aa13,032,1,55,NOTKIOW,NOTSUNW,546.0999999999991,75.0,shape_dist_traveled,20
4da209aa13,032,1,56,NOTSUNW,FISDUBW,1519.8999999999999,174.0,shape_dist_traveled,20
4da209aa13,032,1,57,FISDUBW,FISSMIW,603.9999999999992,69.0,shape_dist_traveled,20
4da209aa13,032,1,58,FISSMIW,FISMILN,338.00000000000097,38.0,shape_dist_traveled,20
4da209aa13,032,1,59,FISMILN,FIS365N,543.4000000000019,62.0,shape_dist_traveled,20
4da209aa13,032,1,60,FIS365N,FISRIDN,201.2999999999998,23.0,shape_dist_traveled,20
4da209aa13,032,1,61,FISRIDN,CEMBRIW,1497.0,174.0,shape_dist_traveled,20
4da209aa13,032,1,62,CEMBRIW,CEMBROW,396.39999999999986,50.0,shape_dist_traveled,20
4da209aa13,032,1,63,CEMBROW,CEMLEAW,318.09999999999764,40.0,shape_dist_traveled,20
4da209aa13,032,1,64,CEMLEAW,CEMOUTW,344.7000000000031,44.0,shape_dist_traveled,20
4da209aa13,032,1,65,CEMOUTW,CEMBERLW,315.7999999999994,40.0,shape_dist_traveled,20
4da209aa13,032,1,66,CEMBERLW,CEMNORW,479.5999999999978,61.0,shape_dist_traveled,20
4da209aa13,032,1,67,CEMNORW,CEMFRAW,275.1000000000019,35.0,shape_dist_traveled,20
4da209aa13,032,1,68,CEMFRAW,MAISCIS,657.3999999999991,84.0,shape_dist_traveled,20
4da209aa13,032,1,69,MAISCIS,HERCOLWB,465.80000000000155,59.0,shape_dist_traveled,20
4da209aa13,032,1,70,HERCOLWB,HERMAIE,501.50000000000006,67.0,shape_dist_traveled,20
a71b58b931,033,0,0,WESHIGW,HIG521S,157.9,60.0,shape_dist_traveled,19
a71b58b931,033,0,1,HIG521S,HIGFENS,140.19999999999996,36.0,shape_dist_traveled,19
a71b58b931,033,0,2,HIGFENS,HIGGRA2S,338.3,88.0,shape_dist_traveled,19
a71b58b931,033,0,3,HIGGRA2S,HIGMORS,210.40000000000003,56.0,shape_dist_traveled,19
a71b58b931,033,0,4,HIGMORS,HIGJEFS,134.1,25.0,shape_dist_traveled,19
a71b58b931,033,0,5,HIGJEFS,HIGBEES,323.40000000000003,61.0,shape_dist_traveled,19
a71b58b931,033,0,6,HIGBEES,HIGSHES,293.2999999999999,56.0,shape_dist_traveled,19
a71b58b931,033,0,7,HIGSHES,HIGHENS,501.50000000000006,98.0,shape_dist_traveled,19
a71b58b931,033,0,8,HIGHENS,HENZELW,388.79999999999984,56.0,shape_dist_traveled,19
a71b58b931,033,0,9,HENZELW,HENOLEBW,274.40000000000043,39.0,shape_dist_traveled,19
a71b58b931,033,0,10,HENOLEBW,HENOLEW,581.4999999999997,85.0,shape_dist_traveled,19
a71b58b931,033,0,11,HENOLEW,HENLAUW,294.90000000000015,26.0,shape_dist_traveled,19
a71b58b931,033,0,12,HENLAUW,HENKNIW,349.1999999999997,31.0,shape_dist_traveled,19
a71b58b931,033,0,13,HENKNIW,HENKENW,688.4000000000005,63.0,shape_dist_traveled,19
a71b58b931,033,0,14,HENKENW,HENWINW,621.3999999999995,54.0,shape_dist_traveled,19
a71b58b931,033,0,15,HENWINW,HENLARW,453.30000000000047,39.0,shape_dist_traveled,19
a71b58b931,033,0,16,HENLARW,HENREEW,294.3999999999995,27.0,shape_dist_traveled,19
a71b58b931,033,0,17,HENREEW,HENGETW1,579.6000000000001,72.0,shape_dist_traveled,19
a71b58b931,033,0,18,HENGETW1,HENDIEW1,251.00000000000034,31.0,shape_dist_traveled,19
a71b58b931,033,0,19,HENDIEW1,DIEWENN,107.89999999999989,13.0,shape_dist_traveled,19
a71b58b931,033,0,20,DIEWENN,DIEPKRN,299.29999999999967,37.0,shape_dist_traveled,19
a71b58b931,033,0,21,DIEPKRN,BETDIEW,458.4999999999999,57.0,shape_dist_traveled,19
a71b58b931,033,0,22,BETDIEW,BETBETW,227.3000000000005,28.0,shape_dist_traveled,19
a71b58b931,033,0,23,BETBETW,BETCOAW,296.29999999999956,36.0,shape_dist_traveled,19
a71b58b931,033,0,24,BETCOAW,PICGARN,601.9000000000005,74.0,shape_dist_traveled,19
a71b58b931,033,0,25,PICGARN,RESSAWW,549.199999999999,72.0,shape_dist_traveled,19
a71b58b931,033,0,26,RESSAWW,SAWWESN,708.0000000000002,91.0,shape_dist_traveled,19
a71b58b931,033,0,27,SAWWESN,SAWKAYN,784.8000000000006,101.0,shape_dist_traveled,19
a71b58b931,033,0,28,SAWKAYN,SAWCRAN,634.599999999999,81.0,shape_dist_traveled,19
a71b58b931,033,0,29,SAWCRAN,SAWMTULN,347.20000000000084,44.0,shape_dist_traveled,19
a71b58b931,033,0,30,SAWMTULN,620SAWN,340.29999999999916,43.0,shape_dist_traveled,19
a71b58b931,033,0,31,620SAWN,SAWDUBN,440.5000000000001,60.0,shape_dist_traveled,19
a71b58b931,033,0,32,SAWDUBN,SAWSAWN,450.7000000000012,68.0,shape_dist_traveled,19
a71b58b931,033,0,33,SAWSAWN,SAWFEDN,265.29999999999984,40.0,shape_dist_traveled,19
a71b58b931,033,0,34,SAWFEDN,SAWSNON,223.10000000000053,33.0,shape_dist_traveled,19
a71b58b931,033,0,35,SAWSNON,SAWSBN,1084.4999999999984,165.0,shape_dist_traveled,19
a71b58b931,033,0,36,SAWSBN,HARSAWE,508.70000000000107,77.0,shape_dist_traveled,19
a71b58b931,033,0,37,HARSAWE,HARHEAE,461.39999999999935,70.0,shape_dist_traveled,19
a71b58b931,033,0,38,HARHEAE,STAHARN,379.2999999999989,57.0,shape_dist_traveled,19
a71b58b931,033,0,39,STAHARN,SUMSUTW,490.99999999999966,74.0,shape_dist_traveled,19
a71b58b931,033,0,40,SUMSUTW,SUMSAWW,202.30000000000103,30.0,shape_dist_traveled,19
a71b58b931,033,0,41,SUMSAWW,SUM2555W,264.6000000000015,46.0,shape_dist_traveled,19
0396755be0,033,0,0,WESHIGW,HIG521S,157.9,60.0,shape_dist_traveled,20
0396755be0,033,0,1,HIG521S,HIGFENS,140.19999999999996,36.0,shape_dist_traveled,20
0396755be0,033,0,2,HIGFENS,HIGGRA2S,338.3,88.0,shape_dist_traveled,20
0396755be0,033,0,3,HIGGRA2S,HIGMORS,210.40000000000003,56.0,shape_dist_traveled,20
0396755be0,033,0,4,HIGMORS,HIGJEFS,134.1,25.0,shape_dist_traveled,20
0396755be0,033,0,5,HIGJEFS,HIGBEES,323.40000000000003,61.0,shape_dist_traveled,20
0396755be0,033,0,6,HIGBEES,HIGSHES,293.2999999999999,56.0,shape_dist_traveled,20
0396755be0,033,0,7,HIGSHES,HIGHENS,501.50000000000006,98.0,shape_dist_traveled,20
0396755be0,033,0,8,HIGHENS,HENZELW,388.79999999999984,56.0,shape_dist_traveled,20
0396755be0,033,0,9,HENZELW,HENOLEBW,274.40000000000043,39.0,shape_dist_traveled,20
0396755be0,033,0,10,HENOLEBW,HENOLEW,581.4999999999997,85.0,shape_dist_traveled,20
0396755be0,033,0,11,HENOLEW,HENLAUW,294.90000000000015,26.0,shape_dist_traveled,20
0396755be0,033,0,12,HENLAUW,HENKNIW,349.1999999999997,31.0,shape_dist_traveled,20
0396755be0,033,0,13,HENKNIW,HENKENW,688.4000000000005,63.0,shape_dist_traveled,20
0396755be0,033,0,14,HENKENW,HENWINW,621.3999999999995,54.0,shape_dist_traveled,20
0396755be0,033,0,15,HENWINW,HENLARW,453.30000000000047,39.0,shape_dist_traveled,20
0396755be0,033,0,16,HENLARW,HENREEW,294.3999999999995,27.0,shape_dist_traveled,20
0396755be0,033,0,17,HENREEW,HENGETW1,579.6000000000001,72.0,shape_dist_traveled,20
0396755be0,033,0,18,HENGETW1,HENDIEW1,251.00000000000034,31.0,shape_dist_traveled,20
0396755be0,033,0,19,HENDIEW1,DIEWENN,107.89999999999989,13.0,shape_dist_traveled,20
0396755be0,033,0,20,DIEWENN,DIEPKRN,299.29999999999967,37.0,shape_dist_traveled,20
0396755be0,033,0,21,DIEPKRN,BETDIEW,458.4999999999999,57.0,shape_dist_traveled,20
0396755be0,033,0,22,BETDIEW,BETBETW,227.3000000000005,28.0,shape_dist_traveled,20
0396755be0,033,0,23,BETBETW,BETCOAW,296.29999999999956,36.0,shape_dist_traveled,20
0396755be0,033,0,24,BETCOAW,PICGARN,601.9000000000005,74.0,shape_dist_traveled,20
0396755be0,033,0,25,PICGARN,RESSAWW,549.199999999999,72.0,shape_dist_traveled,20
0396755be0,033,0,26,RESSAWW,SAWWESN,708.0000000000002,97.0,shape_dist_traveled,20
0396755be0,033,0,27,SAWWESN,SAWKAYN,784.8000000000006,107.0,shape_dist_traveled,20
0396755be0,033,0,28,SAWKAYN,SAWCRAN,634.599999999999,86.0,shape_dist_traveled,20
0396755be0,033,0,29,SAWCRAN,SAWMTULN,347.20000000000084,47.0,shape_dist_traveled,20
0396755be0,033,0,30,SAWMTULN,620SAWN,340.29999999999916,46.0,shape_dist_traveled,20
0396755be0,033,0,31,620SAWN,DUBSAWW,687.4000000000002,97.0,shape_dist_traveled,20
0396755be0,033,0,32,DUBSAWW,DUBDUBW,248.80000000000103,37.0,shape_dist_traveled,20
0396755be0,033,0,33,DUBDUBW,DUBSHAW,510.60000000000014,77.0,shape_dist_traveled,20
0396755be0,033,0,34,DUBSHAW,DUBDALW,475.79999999999956,72.0,shape_dist_traveled,20
0396755be0,033,0,35,DUBDALW,BRINHIW,597.999999999999,90.0,shape_dist_traveled,20
0396755be0,033,0,36,BRINHIW,80WBRIW,281.30000000000166,42.0,shape_dist_traveled,20
0396755be0,033,0,37,80WBRIW,BRISHAW,329.0999999999986,50.0,shape_dist_traveled,20
0396755be0,033,0,38,BRISHAW,FRA161S,429.1999999999998,65.0,shape_dist_traveled,20
0396755be0,033,0,39,FRA161S,METUMETW,641.7000000000002,97.0,shape_dist_traveled,20
0396755be0,033,0,40,METUMETW,METCRPW,287.5000000000014,43.0,shape_dist_traveled,20
0396755be0,033,0,41,METCRPW,METS565S,146.5999999999994,27.0,shape_dist_traveled,20
43ecd89ef0,033,1,0,SUM2555W,SAWSUMS,249.6,38.0,shape_dist_traveled,19
43ecd89ef0,033,1,1,SAWSUMS,SAWHARS,358.20000000000005,55.0,shape_dist_traveled,19
43ecd89ef0,033,1,2,SAWHARS,SAWSBS,452.6,70.0,shape_dist_traveled,19
43ecd89ef0,033,1,3,SAWSBS,SAWSNOS,1132.6000000000001,176.0,shape_dist_traveled,19
43ecd89ef0,033,1,4,SAWSNOS,SAWVILLS,316.1999999999998,49.0,shape_dist_traveled,19
43ecd89ef0,033,1,5,SAWVILLS,SAWBANS,180.20000000000013,28.0,shape_dist_traveled,19
43ecd89ef0,033,1,6,SAWBANS,SAWDUBS,393.69999999999993,64.0,shape_dist_traveled,19
43ecd89ef0,033,1,7,SAWDUBS,617SAWS,503.0000000000001,63.0,shape_dist_traveled,19
43ecd89ef0,033,1,8,617SAWS,SAWMKRIS,399.2999999999998,50.0,shape_dist_traveled,19
43ecd89ef0,033,1,9,SAWMKRIS,SAWCRAS,386.40000000000055,48.0,shape_dist_traveled,19
43ecd89ef0,033,1,10,SAWCRAS,SAWKAYS,568.3999999999995,72.0,shape_dist_traveled,19
43ecd89ef0,033,1,11,SAWKAYS,SAWWESS,648.6,82.0,shape_dist_traveled,19
43ecd89ef0,033,1,12,SAWWESS,RESSAWE,807.6999999999996,105.0,shape_dist_traveled,19
43ecd89ef0,033,1,13,RESSAWE,PICBETS,597.3000000000006,0.0,shape_dist_traveled,19
43ecd89ef0,033,1,14,PICBETS,2425BET,336.39999999999935,58.0,shape_dist_traveled,19
43ecd89ef0,033,1,15,2425BET,BETWOOE,281.40000000000055,48.0,shape_dist_traveled,19
43ecd89ef0,033,1,16,BETWOOE,BETHEDE,280.29999999999956,48.0,shape_dist_traveled,19
43ecd89ef0,033,1,17,BETHEDE,DIEBETS,277.3000000000003,48.0,shape_dist_traveled,19
43ecd89ef0,033,1,18,DIEBETS,DIEBURGS,291.29999999999967,50.0,shape_dist_traveled,19
43ecd89ef0,033,1,19,DIEBURGS,DIEWENS,331.4000000000004,57.0,shape_dist_traveled,19
43ecd89ef0,033,1,20,DIEWENS,HENDIEE,128.99999999999955,22.0,shape_dist_traveled,19
43ecd89ef0,033,1,21,HENDIEE,HENGETE,275.6000000000007,47.0,shape_dist_traveled,19
43ecd89ef0,033,1,22,HENGETE,HENREEE,554.2999999999996,102.0,shape_dist_traveled,19
43ecd89ef0,033,1,23,HENREEE,HENLARE,380.8000000000007,49.0,shape_dist_traveled,19
43ecd89ef0,033,1,24,HENLARE,HENWINE,369.29999999999905,47.0,shape_dist_traveled,19
43ecd89ef0,033,1,25,HENWINE,HENKENE,636.4000000000001,84.0,shape_dist_traveled,19
43ecd89ef0,033,1,26,HENKENE,HENKNIE,673.1999999999996,84.0,shape_dist_traveled,19
43ecd89ef0,033,1,27,HENKNIE,HENLAUE,399.4,49.0,shape_dist_traveled,19
43ecd89ef0,033,1,28,HENLAUE,HENOLEE,369.10000000000133,47.0,shape_dist_traveled,19
43ecd89ef0,033,1,29,HENOLEE,HENOLEBE,478.69999999999993,71.0,shape_dist_traveled,19
43ecd89ef0,033,1,30,HENOLEBE,HENZELE,220.29999999999995,32.0,shape_dist_traveled,19
43ecd89ef0,033,1,31,HENZELE,HIGSCHN,511.9999999999987,77.0,shape_dist_traveled,19
43ecd89ef0,033,1,32,HIGSCHN,HIGWEIN,320.3000000000014,48.0,shape_dist_traveled,19
43ecd89ef0,033,1,33,HIGWEIN,HIGBEAN,251.29999999999876,38.0,shape_dist_traveled,19
43ecd89ef0,033,1,34,HIGBEAN,HIGROYN1,375.40000000000083,56.0,shape_dist_traveled,19
43ecd89ef0,033,1,35,HIGROYN1,HIGMORN,278.2,42.0,shape_dist_traveled,19
43ecd89ef0,033,1,36,HIGMORN,HIGFITN,337.60000000000014,51.0,shape_dist_traveled,19
43ecd89ef0,033,1,37,HIGFITN,HIG522N,251.30000000000052,37.0,shape_dist_traveled,19
43ecd89ef0,033,1,38,HIG522N,HIGKANN,262.2,39.0,shape_dist_traveled,19
43ecd89ef0,033,1,39,HIGKANN,BROMHIGW,355.80000000000035,53.0,shape_dist_traveled,19
43ecd89ef0,033,1,40,BROMHIGW,BRO200W,382.09999999999764,57.0,shape_dist_traveled,19
43ecd89ef0,033,1,41,BRO200W,HIGBROMS,360.400000000002,59.0,shape_dist_traveled,19
43ecd89ef0,033,1,42,HIGBROMS,209HIGE,254.09999999999755,37.0,shape_dist_traveled,19
43ecd89ef0,033,1,43,209HIGE,BROMHIGE,403.30000000000155,59.0,shape_dist_traveled,19
43ecd89ef0,033,1,44,BROMHIGE,HIGKANS,311.70000000000186,46.0,shape_dist_traveled,19
43ecd89ef0,033,1,45,HIGKANS,WESHIGW,249.89999999999668,38.0,shape_dist_traveled,19
52c8c39c3a,033,1,0,METS565S,METS495E,195.6,26.0,shape_dist_traveled,20
52c8c39c3a,033,1,1,METS495E,MET485E,259.3,35.0,shape_dist_traveled,20
52c8c39c3a,033,1,2,MET485E,FRA161N,893.1,122.0,shape_dist_traveled,20
52c8c39c3a,033,1,3,FRA161N,BRICORE,434.0999999999999,59.0,shape_dist_traveled,20
52c8c39c3a,033,1,4,BRICORE,181WBRE,244.09999999999977,33.0,shape_dist_traveled,20
52c8c39c3a,033,1,5,181WBRE,BRIHIGE,343.4000000000004,47.0,shape_dist_traveled,20
52c8c39c3a,033,1,6,BRIHIGE,DUBDALE,582.7,79.0,shape_dist_traveled,20
52c8c39c3a,033,1,7,DUBDALE,DUBSHAE,549.9000000000001,75.0,shape_dist_traveled,20
52c8c39c3a,033,1,8,DUBSHAE,DUBDUBE,499.4999999999994,68.0,shape_dist_traveled,20
52c8c39c3a,033,1,9,DUBDUBE,SAWDUBS,375.70000000000016,56.0,shape_dist_traveled,20
52c8c39c3a,033,1,10,SAWDUBS,617SAWS,503.0000000000001,63.0,shape_dist_traveled,20
52c8c39c3a,033,1,11,617SAWS,SAWMKRIS,399.3000000000002,50.0,shape_dist_traveled,20
52c8c39c3a,033,1,12,SAWMKRIS,SAWCRAS,386.3000000000003,48.0,shape_dist_traveled,20
52c8c39c3a,033,1,13,SAWCRAS,SAWKAYS,568.4999999999993,72.0,shape_dist_traveled,20
52c8c39c3a,033,1,14,SAWKAYS,SAWWESS,648.6,82.0,shape_dist_traveled,20
52c8c39c3a,033,1,15,SAWWESS,RESSAWE,807.7000000000005,105.0,shape_dist_traveled,20
52c8c39c3a,033,1,16,RESSAWE,PICBETS,597.2999999999997,0.0,shape_dist_traveled,20
52c8c39c3a,033,1,17,PICBETS,2425BET,336.39999999999935,58.0,shape_dist_traveled,20
52c8c39c3a,033,1,18,2425BET,BETWOOE,281.40000000000146,48.0,shape_dist_traveled,20
52c8c39c3a,033,1,19,BETWOOE,BETHEDE,280.29999999999865,48.0,shape_dist_traveled,20
52c8c39c3a,033,1,20,BETHEDE,DIEBETS,277.3000000000003,48.0,shape_dist_traveled,20
52c8c39c3a,033,1,21,DIEBETS,DIEBURGS,291.29999999999967,50.0,shape_dist_traveled,20
52c8c39c3a,033,1,22,DIEBURGS,DIEWENS,331.4000000000004,57.0,shape_dist_traveled,20
52c8c39c3a,033,1,23,DIEWENS,HENDIEE,128.99999999999955,22.0,shape_dist_traveled,20
52c8c39c3a,033,1,24,HENDIEE,HENGETE,275.6000000000007,47.0,shape_dist_traveled,20
52c8c39c3a,033,1,25,HENGETE,HENREEE,554.1999999999998,102.0,shape_dist_traveled,20
52c8c39c3a,033,1,26,HENREEE,HENLARE,380.90000000000043,49.0,shape_dist_traveled,20
52c8c39c3a,033,1,27,HENLARE,HENWINE,369.29999999999905,47.0,shape_dist_traveled,20
52c8c39c3a,033,1,28,HENWINE,HENKENE,636.4000000000001,84.0,shape_dist_traveled,20
52c8c39c3a,033,1,29,HENKENE,HENKNIE,673.1999999999996,84.0,shape_dist_traveled,20
52c8c39c3a,033,1,30,HENKNIE,HENLAUE,399.40000000000174,49.0,shape_dist_traveled,20
52c8c39c3a,033,1,31,HENLAUE,HENOLEE,369.09999999999957,47.0,shape_dist_traveled,20
52c8c39c3a,033,1,32,HENOLEE,HENOLEBE,478.69999999999993,82.5,shape_dist_traveled,20
52c8c39c3a,033,1,33,HENOLEBE,HENZELE,220.29999999999995,37.5,shape_dist_traveled,20
52c8c39c3a,033,1,34,HENZELE,HIGSCHN,512.0000000000005,90.0,shape_dist_traveled,20
52c8c39c3a,033,1,35,HIGSCHN,HIGWEIN,320.2999999999996,48.0,shape_dist_traveled,20
52c8c39c3a,033,1,36,HIGWEIN,HIGBEAN,251.30000000000052,38.0,shape_dist_traveled,20
52c8c39c3a,033,1,37,HIGBEAN,HIGROYN1,375.40000000000083,56.0,shape_dist_traveled,20
52c8c39c3a,033,1,38,HIGROYN1,HIGMORN,278.1999999999982,42.0,shape_dist_traveled,20
52c8c39c3a,033,1,39,HIGMORN,HIGFITN,337.5999999999983,51.0,shape_dist_traveled,20
52c8c39c3a,033,1,40,HIGFITN,HIG522N,251.20000000000076,37.0,shape_dist_traveled,20
52c8c39c3a,033,1,41,HIG522N,HIGKANN,262.2999999999997,39.0,shape_dist_traveled,20
52c8c39c3a,033,1,42,HIGKANN,BROMHIGW,355.8000000000021,53.0,shape_dist_traveled,20
52c8c39c3a,033,1,43,BROMHIGW,BRO200W,382.09999999999764,57.0,shape_dist_traveled,20
52c8c39c3a,033,1,44,BRO200W,HIGBROMS,360.400000000002,59.0,shape_dist_traveled,20
52c8c39c3a,033,1,45,HIGBROMS,209HIGE,254.1000000000011,37.0,shape_dist_traveled,20
52c8c39c3a,033,1,46,209HIGE,BROMHIGE,403.299999999998,59.0,shape_dist_traveled,20
52c8c39c3a,033,1,47,BROMHIGE,HIGKANS,311.70000000000186,46.0,shape_dist_traveled,20
52c8c39c3a,033,1,48,HIGKANS,WESHIGW,249.90000000000023,38.0,shape_dist_traveled,20
c0c687c0e0,034,0,0,WESHIGW,HIG521S,157.9,60.0,shape_dist_traveled,77
c0c687c0e0,034,0,1,HIG521S,HIGFENS,140.19999999999996,32.0,shape_dist_traveled,77
c0c687c0e0,034,0,2,HIGFENS,HIGGRA2S,338.3,77.0,shape_dist_traveled,77
c0c687c0e0,034,0,3,HIGGRA2S,MORHIGE,302.5,71.0,shape_dist_traveled,77
c0c687c0e0,034,0,4,MORHIGE,MORFOSE,403.90000000000003,53.0,shape_dist_traveled,77
c0c687c0e0,034,0,5,MORFOSE,MORELKE,230.29999999999995,30.0,shape_dist_traveled,77
c0c687c0e0,034,0,6,MORELKE,MORSHAE,283.6000000000001,37.0,shape_dist_traveled,77
c0c687c0e0,034,0,7,MORSHAE,MORCOLE,406.6000000000001,54.0,shape_dist_traveled,77
c0c687c0e0,034,0,8,MORCOLE,MORINDE,209.20000000000005,27.0,shape_dist_traveled,77
c0c687c0e0,034,0,9,MORINDE,MORSANE,671.1,89.0,shape_dist_traveled,77
c0c687c0e0,034,0,10,MORSANE,MORMAIE,515.0999999999999,68.0,shape_dist_traveled,77
c0c687c0e0,034,0,11,MORMAIE,MORALME,314.20000000000005,41.0,shape_dist_traveled,77
c0c687c0e0,034,0,12,MORALME,MORKARE1,564.5999999999996,81.0,shape_dist_traveled,77
c0c687c0e0,034,0,13,MORKARE1,MOR177E,237.40000000000006,41.0,shape_dist_traveled,77
c0c687c0e0,034,0,14,MOR177E,MORTAME,272.3000000000004,47.0,shape_dist_traveled,77
c0c687c0e0,034,0,15,MORTAME,MORHEATE,298.1999999999996,52.0,shape_dist_traveled,77
c0c687c0e0,034,0,16,MORHEATE,MORWALE,468.90000000000055,82.0,shape_dist_traveled,77
c0c687c0e0,034,0,17,MORWALE,MORMALE,353.79999999999967,62.0,shape_dist_traveled,77
c0c687c0e0,034,0,18,MORMALE,MORCLEE,416.29999999999967,76.0,shape_dist_traveled,77
c0c687c0e0,034,0,19,MORCLEE,MORGOLE,219.60000000000068,26.0,shape_dist_traveled,77
c0c687c0e0,034,0,20,MORGOLE,MORCHEE,397.99999999999966,47.0,shape_dist_traveled,77
c0c687c0e0,034,0,21,MORCHEE,MOR2975E,324.50000000000045,38.0,shape_dist_traveled,77
c0c687c0e0,034,0,22,MOR2975E,MORWESE,374.6999999999998,44.0,shape_dist_traveled,77
c0c687c0e0,034,0,23,MORWESE,MORCHAE,314.6999999999993,37.0,shape_dist_traveled,77
c0c687c0e0,034,0,24,MORCHAE,MORTRIE,562.2000000000007,66.0,shape_dist_traveled,77
c0c687c0e0,034,0,25,MORTRIE,MORSUNBE,353.8999999999994,42.0,shape_dist_traveled,77
c0c687c0e0,034,0,26,MORSUNBE,MORMORS,477.5000000000009,60.0,shape_dist_traveled,77
c0c687c0e0,034,0,27,MORMORS,MOR415S,165.30000000000024,29.0,shape_dist_traveled,77
c0c687c0e0,034,0,28,MOR415S,MORGRAS,500.99999999999943,89.0,shape_dist_traveled,77
c0c687c0e0,034,0,29,MORGRAS,EASMORE,346.89999999999975,62.0,shape_dist_traveled,77
c0c687c0e0,034,0,30,EASMORE,EASEASPE,295.2999999999992,49.0,shape_dist_traveled,77
c0c687c0e0,034,0,31,EASEASPE,EASCHAE,236.2000000000002,39.0,shape_dist_traveled,77
c0c687c0e0,034,0,32,EASCHAE,STECOLN,791.1999999999999,133.0,shape_dist_traveled,77
c0c687c0e0,034,0,33,STECOLN,STEWORN,355.4000000000013,60.0,shape_dist_traveled,77
c0c687c0e0,034,0,34,STEWORN,STEMORN1,368.59999999999894,62.0,shape_dist_traveled,77
c0c687c0e0,034,0,35,STEMORN1,STE418N,137.29999999999976,23.0,shape_dist_traveled,77
c0c687c0e0,034,0,36,STE418N,EASTER2,301.20000000000147,54.0,shape_dist_traveled,77
c0c687c0e0,034,0,37,EASTER2,STELSAMS,549.7999999999994,90.0,shape_dist_traveled,77
c0c687c0e0,034,0,38,STELSAMS,MORAPPE1,1245.4,205.0,shape_dist_traveled,77
c0c687c0e0,034,0,39,MORAPPE1,MORSTYE1,738.6999999999997,122.0,shape_dist_traveled,77
c0c687c0e0,034,0,40,MORSTYE1,MORCHEE1,367.9999999999985,63.0,shape_dist_traveled,77
c0c687c0e0,034,0,41,MORCHEE1,MORGREE,606.300000000001,85.0,shape_dist_traveled,77
c0c687c0e0,034,0,42,MORGREE,MORSHEE,372.7000000000018,52.0,shape_dist_traveled,77
c0c687c0e0,034,0,43,MORSHEE,MORSTONE,568.0999999999976,80.0,shape_dist_traveled,77
c0c687c0e0,034,0,44,MORSTONE,HAMCHEN,405.8000000000028,57.0,shape_dist_traveled,77
c0c687c0e0,034,0,45,HAMCHEN,HAMMEIN,419.69999999999885,59.0,shape_dist_traveled,77
c0c687c0e0,034,0,46,HAMMEIN,MEIHAM2S,172.79999999999873,27.0,shape_dist_traveled,77
86316b90dd,034,1,0,MEIHAM2S,HAMBROS1,366.8,42.0,shape_dist_traveled,77
86316b90dd,034,1,1,HAMBROS1,MORKOHW,495.90000000000003,57.0,shape_dist_traveled,77
86316b90dd,034,1,2,MORKOHW,MORSLEW,692.3,80.0,shape_dist_traveled,77
86316b90dd,034,1,3,MORSLEW,MORKENW,388.8,45.0,shape_dist_traveled,77
86316b90dd,034,1,4,MORKENW,MORCHEW,647.4000000000002,76.0,shape_dist_traveled,77
86316b90dd,034,1,5,MORCHEW,MORSTYW,338.89999999999975,40.0,shape_dist_traveled,77
86316b90dd,034,1,6,MORSTYW,MORAPPW,632.6,75.0,shape_dist_traveled,77
86316b90dd,034,1,7,MORAPPW,STEMORN1,1118.2000000000003,132.0,shape_dist_traveled,77
86316b90dd,034,1,8,STEMORN1,STE418N,137.29999999999976,16.0,shape_dist_traveled,77
86316b90dd,034,1,9,STE418N,EASTER2,301.1999999999997,37.0,shape_dist_traveled,77
86316b90dd,034,1,10,EASTER2,STELSAMS,549.8000000000003,92.0,shape_dist_traveled,77
86316b90dd,034,1,11,STELSAMS,STEMORS1,302.59999999999997,50.0,shape_dist_traveled,77
86316b90dd,034,1,12,STEMORS1,STEWORS,328.2999999999996,55.0,shape_dist_traveled,77
86316b90dd,034,1,13,STEWORS,STEALSS,164.60000000000008,27.0,shape_dist_traveled,77
86316b90dd,034,1,14,STEALSS,EASEASW,673.7000000000002,112.0,shape_dist_traveled,77
86316b90dd,034,1,15,EASEASW,EASEASPW,416.5000000000001,69.0,shape_dist_traveled,77
86316b90dd,034,1,16,EASEASPW,MOREASN1,428.89999999999964,75.0,shape_dist_traveled,77
86316b90dd,034,1,17,MOREASN1,MORGRAMN,242.30000000000106,54.0,shape_dist_traveled,77
86316b90dd,034,1,18,MORGRAMN,MORSETN,406.7999999999987,91.0,shape_dist_traveled,77
86316b90dd,034,1,19,MORSETN,MORMOXW,415.6000000000013,95.0,shape_dist_traveled,77
86316b90dd,034,1,20,MORMOXW,MORTRIW,641.9999999999994,89.0,shape_dist_traveled,77
86316b90dd,034,1,21,MORTRIW,MORDUNW,443.19999999999914,61.0,shape_dist_traveled,77
86316b90dd,034,1,22,MORDUNW,MORWESW,615.2000000000015,85.0,shape_dist_traveled,77
86316b90dd,034,1,23,MORWESW,MOROPPW,440.7999999999994,61.0,shape_dist_traveled,77
86316b90dd,034,1,24,MOROPPW,MOR2700W,215.29999999999916,29.0,shape_dist_traveled,77
86316b90dd,034,1,25,MOR2700W,MOR2560W,365.09999999999997,50.0,shape_dist_traveled,77
86316b90dd,034,1,26,MOR2560W,MORCLEW,296.90000000000083,45.0,shape_dist_traveled,77
86316b90dd,034,1,27,MORCLEW,MORMALW,287.79999999999893,51.0,shape_dist_traveled,77
86316b90dd,034,1,28,MORMALW,MORNORW,394.80000000000007,70.0,shape_dist_traveled,77
86316b90dd,034,1,29,MORNORW,MORHEAW,444.70000000000095,79.0,shape_dist_traveled,77
86316b90dd,034,1,30,MORHEAW,MORTAMW,287.20000000000033,51.0,shape_dist_traveled,77
86316b90dd,034,1,31,MORTAMW,MOR170W,273.3999999999987,48.0,shape_dist_traveled,77
86316b90dd,034,1,32,MOR170W,MORKARW1,330.7000000000002,61.0,shape_dist_traveled,77
86316b90dd,034,1,33,MORKARW1,MORALMW,393.2000000000002,46.0,shape_dist_traveled,77
86316b90dd,034,1,34,MORALMW,MORMAIW,380.4999999999996,44.0,shape_dist_traveled,77
86316b90dd,034,1,35,MORMAIW,MORKINW,217.40000000000137,25.0,shape_dist_traveled,77
86316b90dd,034,1,36,MORKINW,MORSANW,227.39999999999938,26.0,shape_dist_traveled,77
86316b90dd,034,1,37,MORSANW,MORINDW,660.0999999999999,77.0,shape_dist_traveled,77
86316b90dd,034,1,38,MORINDW,MORCOLW,217.20000000000005,25.0,shape_dist_traveled,77
86316b90dd,034,1,39,MORCOLW,MORBEEW,235.29999999999873,27.0,shape_dist_traveled,77
86316b90dd,034,1,40,MORBEEW,MORELKW,402.8000000000027,47.0,shape_dist_traveled,77
86316b90dd,034,1,41,MORELKW,MORFOSW,281.4999999999976,33.0,shape_dist_traveled,77
86316b90dd,034,1,42,MORFOSW,MORBEECW,182.30000000000146,21.0,shape_dist_traveled,77
86316b90dd,034,1,43,MORBEECW,HIGMORN,363.59999999999815,49.0,shape_dist_traveled,77
86316b90dd,034,1,44,HIGMORN,HIGFITN,337.6000000000019,34.0,shape_dist_traveled,77
86316b90dd,034,1,45,HIGFITN,HIG522N,251.20000000000076,26.0,shape_dist_traveled,77
86316b90dd,034,1,46,HIG522N,WESHIGW,259.7999999999985,60.0,shape_dist_traveled,77
4dcb73fb57,035,0,0,BOASHAN,161SATE,1515.7,226.0,shape_dist_traveled,18
4dcb73fb57,035,0,1,161SATE,161KARE,495.1999999999999,74.0,shape_dist_traveled,18
4dcb73fb57,035,0,2,161KARE,161TAME1,477.80000000000024,60.0,shape_dist_traveled,18
4dcb73fb57,035,0,3,161TAME1,161BEEE1,420.70000000000005,53.0,shape_dist_traveled,18
4dcb73fb57,035,0,4,161BEEE1,161MAPE1,377.79999999999967,47.0,shape_dist_traveled,18
4dcb73fb57,035,0,5,161MAPE1,161PARE1,318.5000000000002,40.0,shape_dist_traveled,18
4dcb73fb57,035,0,6,161PARE1,CLE161SF,504.3000000000002,63.0,shape_dist_traveled,18
4dcb73fb57,035,0,7,CLE161SF,NORTRA2,744.3999999999997,97.0,shape_dist_traveled,18
4dcb73fb57,035,0,8,NORTRA2,NORCLEE1,355.6999999999997,74.0,shape_dist_traveled,18
4dcb73fb57,035,0,9,NORCLEE1,NORSERE,353.4000000000006,73.0,shape_dist_traveled,18
4dcb73fb57,035,0,10,NORSERE,FORNORN,291.3999999999994,60.0,shape_dist_traveled,18
4dcb73fb57,035,0,11,FORNORN,161FORE,149.9000000000006,33.0,shape_dist_traveled,18
4dcb73fb57,035,0,12,161FORE,161NOAKE,284.39999999999975,44.0,shape_dist_traveled,18
4dcb73fb57,035,0,13,161NOAKE,161PONE,371.79999999999944,57.0,shape_dist_traveled,18
4dcb73fb57,035,0,14,161PONE,ODGVALE,558.4000000000007,86.0,shape_dist_traveled,18
4dcb73fb57,035,0,15,ODGVALE,ODGWESE,265.49999999999943,41.0,shape_dist_traveled,18
4dcb73fb57,035,0,16,ODGWESE,WESMINS,446.10000000000036,72.0,shape_dist_traveled,18
4dcb73fb57,035,0,17,WESMINS,WESJONS,423.1000000000007,44.0,shape_dist_traveled,18
4dcb73fb57,035,0,18,WESJONS,WESFRES1,484.09999999999974,50.0,shape_dist_traveled,18
4dcb73fb57,035,0,19,WESFRES1,WESVALS1,486.5999999999992,50.0,shape_dist_traveled,18
4dcb73fb57,035,0,20,WESVALS1,WESWALS,440.10000000000105,45.0,shape_dist_traveled,18
4dcb73fb57,035,0,21,WESWALS,MORWESE,472.3999999999986,51.0,shape_dist_traveled,18
4dcb73fb57,035,0,22,MORWESE,MORCHAE,314.7000000000002,35.0,shape_dist_traveled,18
4dcb73fb57,035,0,23,MORCHAE,MORTRIE,562.2000000000007,62.0,shape_dist_traveled,18
4dcb73fb57,035,0,24,MORTRIE,MORSUNBE,353.8999999999994,39.0,shape_dist_traveled,18
4dcb73fb57,035,0,25,MORSUNBE,MORMORE1,387.5000000000011,44.0,shape_dist_traveled,18
4dcb73fb57,035,0,26,MORMORE1,STEMORN1,710.9999999999985,185.0,shape_dist_traveled,18
4dcb73fb57,035,0,27,STEMORN1,STE418N,137.30000000000155,35.0,shape_dist_traveled,18
4dcb73fb57,035,0,28,STE418N,EASTER5,301.29999999999944,80.0,shape_dist_traveled,18
4dcb73fb57,035,0,29,EASTER5,FORFORE,13426.499999999998,720.0,shape_dist_traveled,18
bba12fb810,035,1,0,FORFORE,EASTER5,13384.2,1200.0,shape_dist_traveled,18
bba12fb810,035,1,1,EASTER5,STELSAMS,549.7999999999994,88.0,shape_dist_traveled,18
bba12fb810,035,1,2,STELSAMS,MORSTEW1,305.50000000000034,49.0,shape_dist_traveled,18
bba12fb810,035,1,3,MORSTEW1,MOREASW,275.50000000000097,44.0,shape_dist_traveled,18
bba12fb810,035,1,4,MOREASW,MORMOXW,361.5999999999992,59.0,shape_dist_traveled,18
bba12fb810,035,1,5,MORMOXW,MORTRIW,641.9999999999994,59.0,shape_dist_traveled,18
bba12fb810,035,1,6,MORTRIW,MORDUNW,443.10000000000116,41.0,shape_dist_traveled,18
bba12fb810,035,1,7,MORDUNW,MORWESW1,371.80000000000035,34.0,shape_dist_traveled,18
bba12fb810,035,1,8,MORWESW1,WESWALN1,512.3999999999995,47.0,shape_dist_traveled,18
bba12fb810,035,1,9,WESWALN1,WESVALN,501.8999999999991,46.0,shape_dist_traveled,18
bba12fb810,035,1,10,WESVALN,WESFREN,474.49999999999903,44.0,shape_dist_traveled,18
bba12fb810,035,1,11,WESFREN,WESJONN,428.5000000000032,39.0,shape_dist_traveled,18
bba12fb810,035,1,12,WESJONN,WESJOHN,494.09999999999957,50.0,shape_dist_traveled,18
bba12fb810,035,1,13,WESJOHN,ODGWESTW,396.20000000000033,77.0,shape_dist_traveled,18
bba12fb810,035,1,14,ODGWESTW,ODGVALW,234.5999999999968,45.0,shape_dist_traveled,18
bba12fb810,035,1,15,ODGVALW,161PONW,558.7000000000018,109.0,shape_dist_traveled,18
bba12fb810,035,1,16,161PONW,161NORW,242.79999999999902,47.0,shape_dist_traveled,18
bba12fb810,035,1,17,161NORW,161FORW,407.0,82.0,shape_dist_traveled,18
bba12fb810,035,1,18,161FORW,FORNORS,169.49999999999932,50.0,shape_dist_traveled,18
bba12fb810,035,1,19,FORNORS,NORSERW,323.90000000000185,97.0,shape_dist_traveled,18
bba12fb810,035,1,20,NORSERW,NORCLEW1,314.0999999999998,94.0,shape_dist_traveled,18
bba12fb810,035,1,21,NORCLEW1,NORTRA2,193.20000000000093,59.0,shape_dist_traveled,18
bba12fb810,035,1,22,NORTRA2,161CLEW,765.5999999999992,115.0,shape_dist_traveled,18
bba12fb810,035,1,23,161CLEW,161SPRW1,434.89999999999895,65.0,shape_dist_traveled,18
bba12fb810,035,1,24,161SPRW1,161MAPW1,330.79999999999995,49.0,shape_dist_traveled,18
bba12fb810,035,1,25,161MAPW1,161BEEW1,350.6,52.0,shape_dist_traveled,18
bba12fb810,035,1,26,161BEEW1,161SHAW,419.70000000000243,63.0,shape_dist_traveled,18
bba12fb810,035,1,27,161SHAW,161KARW,481.8999999999995,76.0,shape_dist_traveled,18
bba12fb810,035,1,28,161KARW,161AMBW,493.80000000000024,60.0,shape_dist_traveled,18
bba12fb810,035,1,29,161AMBW,BOASHAN,971.7999999999982,120.0,shape_dist_traveled,18
9bd4344c6d,041,0,0,SOUTER4,HIGSTANN,357.5,75.0,shape_dist_traveled,1
9bd4344c6d,041,0,1,HIGSTANN,HIGBRONN,211.10000000000002,45.0,shape_dist_traveled,1
9bd4344c6d,041,0,2,HIGBRONN,HIGLONN2,308.1,60.0,shape_dist_traveled,1
9bd4344c6d,041,0,3,HIGLONN2,LON4THE,419.20000000000005,29.0,shape_dist_traveled,1
9bd4344c6d,041,0,4,LON4THE,LONWASE,832.5999999999998,57.0,shape_dist_traveled,1
9bd4344c6d,041,0,5,LONWASE,VANREDS,21748.800000000003,1504.0,shape_dist_traveled,1
9bd4344c6d,041,0,6,VANREDS,VAN741S,215.1999999999994,14.0,shape_dist_traveled,1
9bd4344c6d,041,0,7,VAN741S,HUTHIGE,309.89999999999895,21.0,shape_dist_traveled,1
9bd4344c6d,041,0,8,HUTHIGE,HUN733N,467.3000000000016,32.0,shape_dist_traveled,1
9bd4344c6d,041,0,9,HUN733N,CRORIDN,288.4999999999991,23.0,shape_dist_traveled,1
1f877ba7fb,041,1,0,CRORIDN,CAMCROW,431.5,27.0,shape_dist_traveled,1
1f877ba7fb,041,1,1,CAMCROW,SPRMOUW,21426.7,1387.0,shape_dist_traveled,1
1f877ba7fb,041,1,2,SPRMOUW,SPRNEIW,603.3000000000009,39.0,shape_dist_traveled,1
1f877ba7fb,041,1,3,SPRNEIW,SPR4THW,263.60000000000025,17.0,shape_dist_traveled,1
1f877ba7fb,041,1,4,SPR4THW,HIGLONS,444.29999999999836,30.0,shape_dist_traveled,1
1f877ba7fb,041,1,5,HIGLONS,HIGBROS,265.59999999999917,60.0,shape_dist_traveled,1
1f877ba7fb,041,1,6,HIGBROS,HIGSTAS,284.70000000000084,75.0,shape_dist_traveled,1
1f877ba7fb,041,1,7,HIGSTAS,HIGTOWS,247.19999999999942,65.0,shape_dist_traveled,1
1f877ba7fb,041,1,8,HIGTOWS,SOUTER4,375.2999999999993,100.0,shape_dist_traveled,1
69276ccaaf,042,0,0,SOUTER6,HIGSTANN,381.7,77.0,shape_dist_traveled,1
69276ccaaf,042,0,1,HIGSTANN,HIGBRONN,211.00000000000003,43.0,shape_dist_traveled,1
69276ccaaf,042,0,2,HIGBRONN,HIGLONN2,308.20000000000005,120.0,shape_dist_traveled,1
69276ccaaf,042,0,3,HIGLONN2,LON4THE,419.20000000000005,36.0,shape_dist_traveled,1
69276ccaaf,042,0,4,LON4THE,LONWASE,832.5999999999998,72.0,shape_dist_traveled,1
69276ccaaf,042,0,5,LONWASE,MORSANE,11742.1,1028.0,shape_dist_traveled,1
69276ccaaf,042,0,6,MORSANE,MORMAIE,515.1000000000004,45.0,shape_dist_traveled,1
69276ccaaf,042,0,7,MORMAIE,MORALME,314.0999999999998,27.0,shape_dist_traveled,1
69276ccaaf,042,0,8,MORALME,KARMORN,555.6000000000001,52.0,shape_dist_traveled,1
69276ccaaf,042,0,9,KARMORN,KARREDN,419.10000000000025,58.0,shape_dist_traveled,1
69276ccaaf,042,0,10,KARREDN,KARNORMN,358.70000000000067,50.0,shape_dist_traveled,1
69276ccaaf,042,0,11,KARNORMN,KARPENN,388.79999999999984,54.0,shape_dist_traveled,1
69276ccaaf,042,0,12,KARPENN,KARSANN,643.2000000000003,89.0,shape_dist_traveled,1
69276ccaaf,042,0,13,KARSANN,KARCOLN,406.90000000000026,56.0,shape_dist_traveled,1
69276ccaaf,042,0,14,KARCOLN,KARHEMN,383.39999999999816,53.0,shape_dist_traveled,1
69276ccaaf,042,0,15,KARHEMN,KAR161N,401.60000000000196,60.0,shape_dist_traveled,1
69276ccaaf,042,0,16,KAR161N,KAR602N,255.49999999999784,31.0,shape_dist_traveled,1
69276ccaaf,042,0,17,KAR602N,KARALPN,304.7000000000004,37.0,shape_dist_traveled,1
69276ccaaf,042,0,18,KARALPN,KAR629N,328.3999999999985,40.0,shape_dist_traveled,1
69276ccaaf,042,0,19,KAR629N,KARCRAN,423.3000000000011,51.0,shape_dist_traveled,1
69276ccaaf,042,0,20,KARCRAN,KARBARN,466.7999999999992,56.0,shape_dist_traveled,1
69276ccaaf,042,0,21,KARBARN,SCHKARE,231.40000000000072,28.0,shape_dist_traveled,1
69276ccaaf,042,0,22,SCHKARE,SCHSKYE,432.30000000000143,52.0,shape_dist_traveled,1
69276ccaaf,042,0,23,SCHSKYE,SCHSHAE,510.89999999999947,62.0,shape_dist_traveled,1
69276ccaaf,042,0,24,SCHSHAE,SHAHEAS,679.0999999999983,82.0,shape_dist_traveled,1
69276ccaaf,042,0,25,SHAHEAS,SHAMEAS,413.1999999999998,50.0,shape_dist_traveled,1
69276ccaaf,042,0,26,SHAMEAS,SHASKYS,378.4000000000027,51.0,shape_dist_traveled,1
090a7d3a2d,042,1,0,SHASKYN,SHAJEWN,250.1,24.0,shape_dist_traveled,1
090a7d3a2d,042,1,1,SHAJEWN,SHACARN,320.79999999999995,30.0,shape_dist_traveled,1
090a7d3a2d,042,1,2,SHACARN,SHABRON,425.80000000000007,40.0,shape_dist_traveled,1
090a7d3a2d,042,1,3,SHABRON,SHAATBUN,251.69999999999993,24.0,shape_dist_traveled,1
090a7d3a2d,042,1,4,SHAATBUN,SCHHICW,422.10000000000014,40.0,shape_dist_traveled,1
090a7d3a2d,042,1,5,SCHHICW,KARBARS,940.0,90.0,shape_dist_traveled,1
090a7d3a2d,042,1,6,KARBARS,KARCRAS,512.2,49.0,shape_dist_traveled,1
090a7d3a2d,042,1,7,KARCRAS,KAR634S,235.70000000000002,22.0,shape_dist_traveled,1
090a7d3a2d,042,1,8,KAR634S,KARALPS,439.40000000000003,42.0,shape_dist_traveled,1
090a7d3a2d,042,1,9,KARALPS,KAR603S,281.80000000000007,27.0,shape_dist_traveled,1
090a7d3a2d,042,1,10,KAR603S,KAR161S,293.5999999999996,32.0,shape_dist_traveled,1
090a7d3a2d,042,1,11,KAR161S,KAR161S1,220.20000000000016,26.0,shape_dist_traveled,1
090a7d3a2d,042,1,12,KAR161S1,KARHEMS,160.30000000000032,19.0,shape_dist_traveled,1
090a7d3a2d,042,1,13,KARHEMS,KARCOLS,388.5999999999994,47.0,shape_dist_traveled,1
090a7d3a2d,042,1,14,KARCOLS,KARSANS,418.80000000000007,51.0,shape_dist_traveled,1
090a7d3a2d,042,1,15,KARSANS,KARPENS,584.1000000000003,71.0,shape_dist_traveled,1
090a7d3a2d,042,1,16,KARPENS,KARNORMS,402.80000000000007,49.0,shape_dist_traveled,1
090a7d3a2d,042,1,17,KARNORMS,KARACRS,391.79999999999995,47.0,shape_dist_traveled,1
090a7d3a2d,042,1,18,KARACRS,KARPATS,386.8999999999998,50.0,shape_dist_traveled,1
090a7d3a2d,042,1,19,KARPATS,MORKARW1,213.60000000000045,19.0,shape_dist_traveled,1
090a7d3a2d,042,1,20,MORKARW1,MORALMW,393.2000000000002,36.0,shape_dist_traveled,1
090a7d3a2d,042,1,21,MORALMW,MORMAIW,380.39999999999986,34.0,shape_dist_traveled,1
090a7d3a2d,042,1,22,MORMAIW,MORKINW,217.39999999999958,19.0,shape_dist_traveled,1
090a7d3a2d,042,1,23,MORKINW,MORSANW,227.39999999999938,20.0,shape_dist_traveled,1
090a7d3a2d,042,1,24,MORSANW,SPRMOUW,12325.6,1128.0,shape_dist_traveled,1
090a7d3a2d,042,1,25,SPRMOUW,SPRNEIW,603.3000000000009,55.0,shape_dist_traveled,1
090a7d3a2d,042,1,26,SPRNEIW,SPR4THW,263.60000000000025,24.0,shape_dist_traveled,1
090a7d3a2d,042,1,27,SPR4THW,HIGLONS,444.29999999999836,45.0,shape_dist_traveled,1
090a7d3a2d,042,1,28,HIGLONS,HIGBROS,265.60000000000275,120.0,shape_dist_traveled,1
090a7d3a2d,042,1,29,HIGBROS,HIGSTAS,284.6999999999973,77.0,shape_dist_traveled,1
090a7d3a2d,042,1,30,HIGSTAS,HIGTOWS,247.1000000000032,67.0,shape_dist_traveled,1
090a7d3a2d,042,1,31,HIGTOWS,SOUTER6,351.1999999999986,96.0,shape_dist_traveled,1
82b9acacb1,043,0,0,SOUTER6,HIGSTANN,381.7,154.0,shape_dist_traveled,1
82b9acacb1,043,0,1,HIGSTANN,HIGBRONN,211.00000000000003,86.0,shape_dist_traveled,1
82b9acacb1,043,0,2,HIGBRONN,HIGLONN2,308.20000000000005,60.0,shape_dist_traveled,1
82b9acacb1,043,0,3,HIGLONN2,LON4THE,419.20000000000005,24.0,shape_dist_traveled,1
82b9acacb1,043,0,4,LON4THE,LONWASE,832.5999999999998,47.0,shape_dist_traveled,1
82b9acacb1,043,0,5,LONWASE,161SATE,14994.0,859.0,shape_dist_traveled,1
82b9acacb1,043,0,6,161SATE,161KARE,495.2000000000005,30.0,shape_dist_traveled,1
82b9acacb1,043,0,7,161KARE,161TAME1,477.800000000002,45.0,shape_dist_traveled,1
82b9acacb1,043,0,8,161TAME1,161BEEE1,420.70000000000005,39.0,shape_dist_traveled,1
82b9acacb1,043,0,9,161BEEE1,161MAPE1,377.799999999997,35.0,shape_dist_traveled,1
82b9acacb1,043,0,10,161MAPE1,161PARE1,318.5000000000002,30.0,shape_dist_traveled,1
82b9acacb1,043,0,11,161PARE1,CLE161SF,504.30000000000064,47.0,shape_dist_traveled,1
82b9acacb1,043,0,12,CLE161SF,NORTRA2,437.7999999999993,44.0,shape_dist_traveled,1
82b9acacb1,043,0,13,NORTRA2,CLE161NF,805.7000000000016,120.0,shape_dist_traveled,1
82b9acacb1,043,0,14,CLE161NF,CLEFUJN,278.299999999998,26.0,shape_dist_traveled,1
82b9acacb1,043,0,15,CLEFUJN,CLEBLEN1,504.1000000000011,47.0,shape_dist_traveled,1
82b9acacb1,043,0,16,CLEBLEN1,CLEBELLN,308.49999999999864,29.0,shape_dist_traveled,1
82b9acacb1,043,0,17,CLEBELLN,CLEHOMN,221.50000000000247,20.0,shape_dist_traveled,1
82b9acacb1,043,0,18,CLEHOMN,CLECOMN,332.9999999999984,31.0,shape_dist_traveled,1
82b9acacb1,043,0,19,CLECOMN,SCHCLEE,1198.1999999999998,113.0,shape_dist_traveled,1
82b9acacb1,043,0,20,SCHCLEE,SCHCOOE,480.3999999999995,45.0,shape_dist_traveled,1
82b9acacb1,043,0,21,SCHCOOE,SCHPARE,479.2000000000023,49.0,shape_dist_traveled,1
82b9acacb1,043,0,22,SCHPARE,SCH99BE,676.0999999999981,69.0,shape_dist_traveled,1
82b9acacb1,043,0,23,SCH99BE,STASCHN,286.00000000000136,29.0,shape_dist_traveled,1
82b9acacb1,043,0,24,STASCHN,STACHEN,436.399999999999,44.0,shape_dist_traveled,1
82b9acacb1,043,0,25,STACHEN,STAHIAN,477.1999999999998,48.0,shape_dist_traveled,1
82b9acacb1,043,0,26,STAHIAN,STAWALN,474.3999999999993,50.0,shape_dist_traveled,1
82b9acacb1,043,0,27,STAWALN,MAISTAW,632.4000000000005,89.0,shape_dist_traveled,1
82b9acacb1,043,0,28,MAISTAW,WESP&RW,1056.4,151.0,shape_dist_traveled,1
ebddfa6e68,043,0,0,SOUTER6,HIGSTANN,381.7,154.0,shape_dist_traveled,1
ebddfa6e68,043,0,1,HIGSTANN,HIGBRONN,211.00000000000003,86.0,shape_dist_traveled,1
ebddfa6e68,043,0,2,HIGBRONN,HIGLONN2,308.20000000000005,60.0,shape_dist_traveled,1
ebddfa6e68,043,0,3,HIGLONN2,LON4THE,419.20000000000005,34.0,shape_dist_traveled,1
ebddfa6e68,043,0,4,LON4THE,LONWASE,832.5999999999998,68.0,shape_dist_traveled,1
ebddfa6e68,043,0,5,LONWASE,CLESCHN,20468.3,1698.0,shape_dist_traveled,1
ebddfa6e68,043,0,6,CLESCHN,500CLEN,382.7999999999996,59.0,shape_dist_traveled,1
ebddfa6e68,043,0,7,500CLEN,CLE340N,175.20000000000024,27.0,shape_dist_traveled,1
ebddfa6e68,043,0,8,CLE340N,CLECOON,497.80000000000155,76.0,shape_dist_traveled,1
ebddfa6e68,043,0,9,CLECOON,CLEMAINN,419.4999999999993,64.0,shape_dist_traveled,1
ebddfa6e68,043,0,10,CLEMAINN,WESP&RW,466.0000000000011,74.0,shape_dist_traveled,1
ec113556c2,043,1,0,WESP&RW,CLEMAIS1,482.59999999999997,51.0,shape_dist_traveled,1
ec113556c2,043,1,1,CLEMAIS1,CLEOLDS,489.7000000000001,52.0,shape_dist_traveled,1
ec113556c2,043,1,2,CLEOLDS,CLE340S1,357.6,37.0,shape_dist_traveled,1
ec113556c2,043,1,3,CLE340S1,CLECOPS,364.49999999999983,40.0,shape_dist_traveled,1
ec113556c2,043,1,4,CLECOPS,SPRMOUW,20391.0,1409.0,shape_dist_traveled,1
ec113556c2,043,1,5,SPRMOUW,SPRNEIW,603.3000000000009,41.0,shape_dist_traveled,1
ec113556c2,043,1,6,SPRNEIW,SPR4THW,263.60000000000025,18.0,shape_dist_traveled,1
ec113556c2,043,1,7,SPR4THW,HIGLONS,444.29999999999836,32.0,shape_dist_traveled,1
ec113556c2,043,1,8,HIGLONS,HIGBROS,265.59999999999917,60.0,shape_dist_traveled,1
ec113556c2,043,1,9,HIGBROS,HIGSTAS,284.70000000000084,96.0,shape_dist_traveled,1
ec113556c2,043,1,10,HIGSTAS,HIGTOWS,247.19999999999942,83.0,shape_dist_traveled,1
ec113556c2,043,1,11,HIGTOWS,SOUTER6,351.2000000000022,121.0,shape_dist_traveled,1
7bae3c9324,043,1,0,WESP&RW,MAISTAE,1050.8,178.0,shape_dist_traveled,1
7bae3c9324,043,1,1,MAISTAE,STAWALS,712.0,122.0,shape_dist_traveled,1
7bae3c9324,043,1,2,STAWALS,STAHIAS,392.50000000000006,41.0,shape_dist_traveled,1
7bae3c9324,043,1,3,STAHIAS,STACHES,436.9000000000001,46.0,shape_dist_traveled,1
7bae3c9324,043,1,4,STACHES,STASCHS,441.5,46.0,shape_dist_traveled,1
7bae3c9324,043,1,5,STASCHS,SCHOPPW,299.59999999999985,31.0,shape_dist_traveled,1
7bae3c9324,043,1,6,SCHOPPW,SCHPARW,707.3000000000005,76.0,shape_dist_traveled,1
7bae3c9324,043,1,7,SCHPARW,SCHCOOW,565.5999999999999,98.0,shape_dist_traveled,1
7bae3c9324,043,1,8,SCHCOOW,SCHLAUW,251.1000000000001,43.0,shape_dist_traveled,1
7bae3c9324,043,1,9,SCHLAUW,CLECOMS,1477.6999999999996,257.0,shape_dist_traveled,1
7bae3c9324,043,1,10,CLECOMS,CLEHOMS,166.29999999999967,29.0,shape_dist_traveled,1
7bae3c9324,043,1,11,CLEHOMS,CLEDEES,220.4000000000006,38.0,shape_dist_traveled,1
7bae3c9324,043,1,12,CLEDEES,CLEBLES1,349.6999999999995,61.0,shape_dist_traveled,1
7bae3c9324,043,1,13,CLEBLES1,CLEFUJS,587.1000000000004,102.0,shape_dist_traveled,1
7bae3c9324,043,1,14,CLEFUJS,CLE161SF,413.8000000000002,72.0,shape_dist_traveled,1
7bae3c9324,043,1,15,CLE161SF,NORTRA2,437.69999999999953,80.0,shape_dist_traveled,1
7bae3c9324,043,1,16,NORTRA2,161CLEW,765.6000000000009,120.0,shape_dist_traveled,1
7bae3c9324,043,1,17,161CLEW,161SPRW1,434.89999999999895,51.0,shape_dist_traveled,1
7bae3c9324,043,1,18,161SPRW1,161MAPW1,330.79999999999995,39.0,shape_dist_traveled,1
7bae3c9324,043,1,19,161MAPW1,161BEEW1,350.6999999999998,41.0,shape_dist_traveled,1
7bae3c9324,043,1,20,161BEEW1,161SHAW,419.7000000000006,49.0,shape_dist_traveled,1
7bae3c9324,043,1,21,161SHAW,161KARW,481.7999999999998,60.0,shape_dist_traveled,1
7bae3c9324,043,1,22,161KARW,161AMBW,493.9,28.0,shape_dist_traveled,1
7bae3c9324,043,1,23,161AMBW,SPRMOUW,14928.400000000001,856.0,shape_dist_traveled,1
7bae3c9324,043,1,24,SPRMOUW,SPRNEIW,603.399999999997,34.0,shape_dist_traveled,1
7bae3c9324,043,1,25,SPRNEIW,SPR4THW,263.5000000000005,15.0,shape_dist_traveled,1
7bae3c9324,043,1,26,SPR4THW,HIGLONS,444.3000000000019,27.0,shape_dist_traveled,1
7bae3c9324,043,1,27,HIGLONS,HIGBROS,265.59999999999917,60.0,shape_dist_traveled,1
7bae3c9324,043,1,28,HIGBROS,HIGSTAS,284.70000000000084,96.0,shape_dist_traveled,1
7bae3c9324,043,1,29,HIGSTAS,HIGTOWS,247.19999999999942,83.0,shape_dist_traveled,1
7bae3c9324,043,1,30,HIGTOWS,SOUTER6,351.1999999999986,121.0,shape_dist_traveled,1
fc06cd9603,044,0,0,SOUTER4,HIGSTANN,357.5,75.0,shape_dist_traveled,1
fc06cd9603,044,0,1,HIGSTANN,HIGBRONN,211.10000000000002,45.0,shape_dist_traveled,1
fc06cd9603,044,0,2,HIGBRONN,HIGLONN2,308.1,120.0,shape_dist_traveled,1
fc06cd9603,044,0,3,HIGLONN2,LON4THE,419.20000000000005,28.0,shape_dist_traveled,1
fc06cd9603,044,0,4,LON4THE,LONWASE,832.5999999999998,56.0,shape_dist_traveled,1
fc06cd9603,044,0,5,LONWASE,STEMORN1,15869.300000000003,1084.0,shape_dist_traveled,1
fc06cd9603,044,0,6,STEMORN1,STE418N,137.29999999999976,9.0,shape_dist_traveled,1
fc06cd9603,044,0,7,STE418N,EASTER4,301.1999999999979,23.0,shape_dist_traveled,1
09e22db61a,044,1,0,EASTER4,STELSAMS,549.8,51.0,shape_dist_traveled,1
09e22db61a,044,1,1,STELSAMS,SPRMOUW,15536.900000000001,1446.0,shape_dist_traveled,1
09e22db61a,044,1,2,SPRMOUW,SPRNEIW,603.3000000000009,56.0,shape_dist_traveled,1
09e22db61a,044,1,3,SPRNEIW,SPR4THW,263.60000000000025,24.0,shape_dist_traveled,1
09e22db61a,044,1,4,SPR4THW,HIGLONS,444.29999999999836,43.0,shape_dist_traveled,1
09e22db61a,044,1,5,HIGLONS,HIGBROS,265.59999999999917,120.0,shape_dist_traveled,1
09e22db61a,044,1,6,HIGBROS,HIGSTAS,284.70000000000084,56.0,shape_dist_traveled,1
09e22db61a,044,1,7,HIGSTAS,HIGTOWS,247.09999999999965,49.0,shape_dist_traveled,1
09e22db61a,044,1,8,HIGTOWS,SOUTER4,375.39999999999907,75.0,shape_dist_traveled,1
e4e49ea4b5,045,0,0,SOUTER8,HIGSTANN,406.0,78.0,shape_dist_traveled,1
e4e49ea4b5,045,0,1,HIGSTANN,HIGBRONN,211.09999999999997,42.0,shape_dist_traveled,1
e4e49ea4b5,045,0,2,HIGBRONN,HIGLONN2,308.1,60.0,shape_dist_traveled,1
e4e49ea4b5,045,0,3,HIGLONN2,LON4THE,419.20000000000005,24.0,shape_dist_traveled,1
e4e49ea4b5,045,0,4,LON4THE,LONWASE,832.6,49.0,shape_dist_traveled,1
e4e49ea4b5,045,0,5,LONWASE,EASTER5,16074.8,947.0,shape_dist_traveled,1
e4e49ea4b5,045,0,6,EASTER5,FORFORE,13426.6,720.0,shape_dist_traveled,1
cc3eda527b,045,0,0,SOUTER8,HIGSTANN,406.0,118.0,shape_dist_traveled,2
cc3eda527b,045,0,1,HIGSTANN,HIGBRONN,211.09999999999997,62.0,shape_dist_traveled,2
cc3eda527b,045,0,2,HIGBRONN,HIGLONN2,308.1,60.0,shape_dist_traveled,2
cc3eda527b,045,0,3,HIGLONN2,LON4THE,419.20000000000005,25.0,shape_dist_traveled,2
cc3eda527b,045,0,4,LON4THE,LONWASE,832.6,50.0,shape_dist_traveled,2
cc3eda527b,045,0,5,LONWASE,FORFORE,28325.8,1725.0,shape_dist_traveled,2
080e74a683,045,1,0,FORFORE,SPRMOUW,28567.399999999998,1606.0,shape_dist_traveled,2
080e74a683,045,1,1,SPRMOUW,SPRNEIW,603.4000000000005,33.0,shape_dist_traveled,2
080e74a683,045,1,2,SPRNEIW,SPR4THW,263.60000000000025,14.0,shape_dist_traveled,2
080e74a683,045,1,3,SPR4THW,HIGLONS,444.19999999999857,27.0,shape_dist_traveled,2
080e74a683,045,1,4,HIGLONS,HIGBROS,265.60000000000275,60.0,shape_dist_traveled,2
080e74a683,045,1,5,HIGBROS,HIGSTAS,284.6999999999973,79.0,shape_dist_traveled,2
080e74a683,045,1,6,HIGSTAS,HIGTOWS,247.20000000000297,69.0,shape_dist_traveled,2
080e74a683,045,1,7,HIGTOWS,SOUTER8,326.8999999999984,92.0,shape_dist_traveled,2
c98b3a5702,045,1,0,FORFORE,EASTER5,13384.2,1140.0,shape_dist_traveled,1
c98b3a5702,045,1,1,EASTER5,SPRMOUW,16086.7,998.0,shape_dist_traveled,1
c98b3a5702,045,1,2,SPRMOUW,SPRNEIW,603.3000000000009,37.0,shape_dist_traveled,1
c98b3a5702,045,1,3,SPRNEIW,SPR4THW,263.60000000000025,16.0,shape_dist_traveled,1
c98b3a5702,045,1,4,SPR4THW,HIGLONS,444.29999999999836,29.0,shape_dist_traveled,1
c98b3a5702,045,1,5,HIGLONS,HIGBROS,265.59999999999917,60.0,shape_dist_traveled,1
c98b3a5702,045,1,6,HIGBROS,HIGSTAS,284.70000000000084,79.0,shape_dist_traveled,1
c98b3a5702,045,1,7,HIGSTAS,HIGTOWS,247.19999999999942,69.0,shape_dist_traveled,1
c98b3a5702,045,1,8,HIGTOWS,SOUTER8,326.8000000000022,92.0,shape_dist_traveled,1
eba2494836,046,0,0,SOUTER6,HIGSTANN,381.7,115.0,shape_dist_traveled,1
eba2494836,046,0,1,HIGSTANN,HIGBRONN,211.00000000000003,65.0,shape_dist_traveled,1
eba2494836,046,0,2,HIGBRONN,HIGLONN2,308.20000000000005,60.0,shape_dist_traveled,1
eba2494836,046,0,3,HIGLONN2,LON4THE,419.20000000000005,31.0,shape_dist_traveled,1
eba2494836,046,0,4,LON4THE,LONWASE,832.5999999999998,62.0,shape_dist_traveled,1
eba2494836,046,0,5,LONWASE,AGLGAHW,11557.9,867.0,shape_dist_traveled,1
eba2494836,046,0,6,AGLGAHW,AGL540W,332.7000000000009,32.0,shape_dist_traveled,1
eba2494836,046,0,7,AGL540W,AGLLINCW,290.5999999999995,28.0,shape_dist_traveled,1
e3c4feb740,046,1,0,AGLGAHW,AGL540W,332.7,22.0,shape_dist_traveled,1
e3c4feb740,046,1,1,AGL540W,AGLLINCW,290.69999999999993,19.0,shape_dist_traveled,1
e3c4feb740,046,1,2,AGLLINCW,SPRMOUW,12125.4,827.0,shape_dist_traveled,1
e3c4feb740,046,1,3,SPRMOUW,SPRNEIW,603.3000000000009,41.0,shape_dist_traveled,1
e3c4feb740,046,1,4,SPRNEIW,SPR4THW,263.60000000000025,17.0,shape_dist_traveled,1
e3c4feb740,046,1,5,SPR4THW,HIGLONS,444.3000000000001,34.0,shape_dist_traveled,1
e3c4feb740,046,1,6,HIGLONS,HIGBROS,265.59999999999917,60.0,shape_dist_traveled,1
e3c4feb740,046,1,7,HIGBROS,HIGSTAS,284.70000000000084,77.0,shape_dist_traveled,1
e3c4feb740,046,1,8,HIGSTAS,HIGTOWS,247.19999999999942,67.0,shape_dist_traveled,1
e3c4feb740,046,1,9,HIGTOWS,SOUTER6,351.2000000000004,96.0,shape_dist_traveled,1
487016de97,051,0,0,NORTER1,3RDGAYS,562.6,166.0,shape_dist_traveled,5
487016de97,051,0,1,3RDGAYS,3RDBROS1,246.2,74.0,shape_dist_traveled,5
487016de97,051,0,2,3RDBROS1,3RDTOWS,385.90000000000015,93.0,shape_dist_traveled,5
487016de97,051,0,3,3RDTOWS,HIGMAIS2,544.6999999999999,131.0,shape_dist_traveled,5
487016de97,051,0,4,HIGMAIS2,EFULSHIE,307.89999999999986,76.0,shape_dist_traveled,5
487016de97,051,0,5,EFULSHIE,EFUL4THE,355.19999999999993,27.0,shape_dist_traveled,5
487016de97,051,0,6,EFUL4THE,EFULGRAE,262.4,19.0,shape_dist_traveled,5
487016de97,051,0,7,EFULGRAE,EASOFFE,16435.9,1249.0,shape_dist_traveled,5
487016de97,051,0,8,EASOFFE,REYRIDSW,308.80000000000155,25.0,shape_dist_traveled,5
aec0c2881d,051,1,0,REYRIDSW,EASOFFW,223.5,17.0,shape_dist_traveled,5
aec0c2881d,051,1,1,EASOFFW,BRICHAS,156.4,12.0,shape_dist_traveled,5
aec0c2881d,051,1,2,BRICHAS,MOU5THW1,15776.600000000002,1226.0,shape_dist_traveled,5
aec0c2881d,051,1,3,MOU5THW1,EMO4THW,142.69999999999783,11.0,shape_dist_traveled,5
aec0c2881d,051,1,4,EMO4THW,MOUHIGW1,410.0000000000001,31.0,shape_dist_traveled,5
aec0c2881d,051,1,5,MOUHIGW1,MAIHIGE,267.6000000000016,23.0,shape_dist_traveled,5
aec0c2881d,051,1,6,MAIHIGE,4THTOWN,553.1000000000006,111.0,shape_dist_traveled,5
aec0c2881d,051,1,7,4THTOWN,4THCAPN,337.4999999999986,69.0,shape_dist_traveled,5
aec0c2881d,051,1,8,4THCAPN,4THATHN,209.80000000000132,48.0,shape_dist_traveled,5
aec0c2881d,051,1,9,4THATHN,SPR4THW,399.0999999999971,91.0,shape_dist_traveled,5
aec0c2881d,051,1,10,SPR4THW,NORTER1,439.1000000000034,101.0,shape_dist_traveled,5
10bd21e92d,052,0,0,CANWIPR,HIGMOUN,22496.8,1560.0,shape_dist_traveled,3
10bd21e92d,052,0,1,HIGMOUN,MAIHIGE,204.79999999999876,60.0,shape_dist_traveled,3
10bd21e92d,052,0,2,MAIHIGE,4THTOWN,553.1000000000006,111.0,shape_dist_traveled,3
10bd21e92d,052,0,3,4THTOWN,4THCAPN,337.4999999999986,69.0,shape_dist_traveled,3
10bd21e92d,052,0,4,4THCAPN,4THATHN,209.80000000000132,34.0,shape_dist_traveled,3
10bd21e92d,052,0,5,4THATHN,SPR4THW,399.1000000000007,66.0,shape_dist_traveled,3
10bd21e92d,052,0,6,SPR4THW,NORTER5,476.5000000000015,80.0,shape_dist_traveled,3
6f34f5aab3,052,1,0,NORTER5,3RDGAYS,514.1,121.0,shape_dist_traveled,3
6f34f5aab3,052,1,1,3RDGAYS,3RDBROS1,246.2,59.0,shape_dist_traveled,3
6f34f5aab3,052,1,2,3RDBROS1,3RDTOWS,385.90000000000015,106.0,shape_dist_traveled,3
6f34f5aab3,052,1,3,3RDTOWS,HIGMAIS2,544.8,149.0,shape_dist_traveled,3
6f34f5aab3,052,1,4,HIGMAIS2,HIGMOUS,161.10000000000002,45.0,shape_dist_traveled,3
6f34f5aab3,052,1,5,HIGMOUS,CANWIPR,22104.399999999998,1560.0,shape_dist_traveled,3
5c1c4ababc,061,0,0,NORTER3,3RDGAYS,544.3,164.5,shape_dist_traveled,2
5c1c4ababc,061,0,1,3RDGAYS,3RDBROS1,246.2,75.5,shape_dist_traveled,2
5c1c4ababc,061,0,2,3RDBROS1,3RDTOWS,385.8999999999999,133.0,shape_dist_traveled,2
5c1c4ababc,061,0,3,3RDTOWS,3RDMAIS,321.3000000000001,110.5,shape_dist_traveled,2
5c1c4ababc,061,0,4,3RDMAIS,MOUHIGW3,334.99999999999994,116.5,shape_dist_traveled,2
5c1c4ababc,061,0,5,MOUHIGW3,FROSYCS,805.8000000000001,77.0,shape_dist_traveled,2
5c1c4ababc,061,0,6,FROSYCS,STRHARW,10562.6,1017.5,shape_dist_traveled,2
5c1c4ababc,061,0,7,STRHARW,GRORIDS,768.2000000000003,75.5,shape_dist_traveled,2
367045d070,061,1,0,GRORIDS,FROSYCN,11389.2,1102.5,shape_dist_traveled,2
367045d070,061,1,1,FROSYCN,FROMOUN,694.1999999999986,67.5,shape_dist_traveled,2
367045d070,061,1,2,FROMOUN,MAIHIGE,307.7000000000005,61.5,shape_dist_traveled,2
367045d070,061,1,3,MAIHIGE,4THTOWN,553.1000000000006,110.5,shape_dist_traveled,2
367045d070,061,1,4,4THTOWN,4THCAPN,337.50000000000034,68.0,shape_dist_traveled,2
367045d070,061,1,5,4THCAPN,4THATHN,209.79999999999956,47.0,shape_dist_traveled,2
367045d070,061,1,6,4THATHN,SPR4THW,399.0999999999989,89.5,shape_dist_traveled,2
367045d070,061,1,7,SPR4THW,NORTER3,457.30000000000007,103.5,shape_dist_traveled,2
601d51c8fc,071,0,0,SOUTER3,4THTOWN,663.1,198.0,shape_dist_traveled,2
601d51c8fc,071,0,1,4THTOWN,4THCAPN,337.4999999999999,102.0,shape_dist_traveled,2
601d51c8fc,071,0,2,4THCAPN,4THATHN,209.79999999999998,61.0,shape_dist_traveled,2
601d51c8fc,071,0,3,4THATHN,SPR4THW,399.2,116.0,shape_dist_traveled,2
601d51c8fc,071,0,4,SPR4THW,SPRFROW,421.8000000000002,123.0,shape_dist_traveled,2
601d51c8fc,071,0,5,SPRFROW,SPRMARW,166.59999999999985,14.0,shape_dist_traveled,2
601d51c8fc,071,0,6,SPRMARW,RENRPRE,13596.1,1186.0,shape_dist_traveled,2
601d51c8fc,071,0,7,RENRPRE,TANWECN,503.0999999999999,58.0,shape_dist_traveled,2
601d51c8fc,071,0,8,TANWECN,TANSTEN,509.4999999999992,59.0,shape_dist_traveled,2
601d51c8fc,071,0,9,TANSTEN,HILNIKN,731.7999999999997,85.0,shape_dist_traveled,2
601d51c8fc,071,0,10,HILNIKN,HILCOVN,452.0000000000017,52.0,shape_dist_traveled,2
601d51c8fc,071,0,11,HILCOVN,HILROBN,626.5999999999998,72.0,shape_dist_traveled,2
601d51c8fc,071,0,12,HILROBN,HILWHIN,475.5000000000002,55.0,shape_dist_traveled,2
601d51c8fc,071,0,13,HILWHIN,HILSPRN,582.6999999999991,67.0,shape_dist_traveled,2
601d51c8fc,071,0,14,HILSPRN,HILTINAN,537.5000000000014,62.0,shape_dist_traveled,2
601d51c8fc,071,0,15,HILTINAN,MAILUTN,733.4999999999993,85.0,shape_dist_traveled,2
601d51c8fc,071,0,16,MAILUTN,MAISCIN,520.4999999999984,65.0,shape_dist_traveled,2
601d51c8fc,071,0,17,MAISCIN,MAISCIS,45.300000000001006,120.0,shape_dist_traveled,2
601d51c8fc,071,0,18,MAISCIS,HERCOLWB,827.8999999999996,74.0,shape_dist_traveled,2
601d51c8fc,071,0,19,HERCOLWB,HERMAIE,501.50000000000006,46.0,shape_dist_traveled,2
569a897fec,071,1,0,HERMAIE,MAILUTN,115.5,21.0,shape_dist_traveled,2
569a897fec,071,1,1,MAILUTN,MAISCIN,520.5999999999999,99.0,shape_dist_traveled,2
569a897fec,071,1,2,MAISCIN,MAISCIS,45.20000000000002,120.0,shape_dist_traveled,2
569a897fec,071,1,3,MAISCIS,MAILUTS,933.9999999999999,106.0,shape_dist_traveled,2
569a897fec,071,1,4,MAILUTS,HILTINS,721.0999999999999,82.0,shape_dist_traveled,2
569a897fec,071,1,5,HILTINS,HILHYDS,555.9000000000003,63.0,shape_dist_traveled,2
569a897fec,071,1,6,HILHYDS,HILWHIS,612.6999999999998,69.0,shape_dist_traveled,2
569a897fec,071,1,7,HILWHIS,HILROBS,532.6000000000004,60.0,shape_dist_traveled,2
569a897fec,071,1,8,HILROBS,HILCABS,568.6,64.0,shape_dist_traveled,2
569a897fec,071,1,9,HILCABS,HILNIKS,421.8999999999999,48.0,shape_dist_traveled,2
569a897fec,071,1,10,HILNIKS,HILLTANS,279.1999999999995,31.0,shape_dist_traveled,2
569a897fec,071,1,11,HILLTANS,TANSTES,409.6000000000002,46.0,shape_dist_traveled,2
569a897fec,071,1,12,TANSTES,TANWECS,596.2000000000005,67.0,shape_dist_traveled,2
569a897fec,071,1,13,TANWECS,RENRPRE,689.6999999999994,84.0,shape_dist_traveled,2
569a897fec,071,1,14,RENRPRE,LONHIGE,14785.3,960.0,shape_dist_traveled,2
569a897fec,071,1,15,LONHIGE,3RDGAYS,369.7000000000017,108.0,shape_dist_traveled,2
569a897fec,071,1,16,3RDGAYS,3RDBROS1,246.1999999999982,72.0,shape_dist_traveled,2
569a897fec,071,1,17,3RDBROS1,3RDTOWS,385.89999999999947,97.0,shape_dist_traveled,2
569a897fec,071,1,18,3RDTOWS,SOUTER3,329.3999999999997,83.0,shape_dist_traveled,2
532f02b797,072,0,0,SOUTER7,4THTOWN,624.8000000000001,116.0,shape_dist_traveled,2
532f02b797,072,0,1,4THTOWN,4THCAPN,337.5,64.0,shape_dist_traveled,2
532f02b797,072,0,2,4THCAPN,4THATHN,209.79999999999987,48.0,shape_dist_traveled,2
532f02b797,072,0,3,4THATHN,SPR4THW,399.1,92.0,shape_dist_traveled,2
532f02b797,072,0,4,SPR4THW,SPRFROW,421.8000000000002,100.0,shape_dist_traveled,2
532f02b797,072,0,5,SPRFROW,FROSPRN,132.1000000000001,14.0,shape_dist_traveled,2
532f02b797,072,0,6,FROSPRN,VINPARW,581.4999999999997,65.0,shape_dist_traveled,2
532f02b797,072,0,7,VINPARW,NOREXIW,7980.299999999999,898.0,shape_dist_traveled,2
532f02b797,072,0,8,NOREXIW,NORSHAW,553.4999999999997,62.0,shape_dist_traveled,2
532f02b797,072,0,9,NORSHAW,NORCLEW,350.0000000000014,41.0,shape_dist_traveled,2
532f02b797,072,0,10,NORCLEW,KENKENBN,383.9999999999986,48.0,shape_dist_traveled,2
532f02b797,072,0,11,KENKENBN,KENHIGN,1127.4000000000015,142.0,shape_dist_traveled,2
532f02b797,072,0,12,KENHIGN,KENWINN,737.1999999999996,92.0,shape_dist_traveled,2
532f02b797,072,0,13,KENWINN,KENFOLN,349.70000000000033,44.0,shape_dist_traveled,2
532f02b797,072,0,14,KENFOLN,KENMERN,466.5999999999997,58.0,shape_dist_traveled,2
532f02b797,072,0,15,KENMERN,KENWEYN,256.2999999999995,32.0,shape_dist_traveled,2
532f02b797,072,0,16,KENWEYN,GODCHEW,488.79999999999944,64.0,shape_dist_traveled,2
532f02b797,072,0,17,GODCHEW,GODCAMN,403.00000000000045,36.0,shape_dist_traveled,2
532f02b797,072,0,18,GODCAMN,BETGODW,338.4999999999998,30.0,shape_dist_traveled,2
532f02b797,072,0,19,BETGODW,BETPORW,427.7000000000015,39.0,shape_dist_traveled,2
532f02b797,072,0,20,BETPORW,BETREEW,407.39999999999907,37.0,shape_dist_traveled,2
532f02b797,072,0,21,BETREEW,BETMCKW,336.5000000000009,30.0,shape_dist_traveled,2
532f02b797,072,0,22,BETMCKW,BETDIEW,355.3999999999995,32.0,shape_dist_traveled,2
532f02b797,072,0,23,BETDIEW,BETBETW,227.2999999999996,20.0,shape_dist_traveled,2
532f02b797,072,0,24,BETBETW,BETCOAW,296.2999999999987,27.0,shape_dist_traveled,2
532f02b797,072,0,25,BETCOAW,PICGARN,601.9000000000005,54.0,shape_dist_traveled,2
532f02b797,072,0,26,PICGARN,RESSAWW,549.199999999999,55.0,shape_dist_traveled,2
532f02b797,072,0,27,RESSAWW,SAWBETS,357.5000000000017,46.0,shape_dist_traveled,2
532f02b797,072,0,28,SAWBETS,HAYDONW,623.0000000000011,81.0,shape_dist_traveled,2
532f02b797,072,0,29,HAYDONW,HAY316W,394.99999999999955,53.0,shape_dist_traveled,2
532f02b797,072,0,30,HAY316W,DUBHAYN,937.4000000000002,76.0,shape_dist_traveled,2
532f02b797,072,0,31,DUBHAYN,FRANORNW,548.3999999999974,44.0,shape_dist_traveled,2
532f02b797,072,0,32,FRANORNW,FRABALN,444.6000000000012,36.0,shape_dist_traveled,2
532f02b797,072,0,33,FRABALN,FRABREN,317.0999999999999,25.0,shape_dist_traveled,2
532f02b797,072,0,34,FRABREN,5054PARW,681.6999999999994,59.0,shape_dist_traveled,2
d14a84ae4a,072,1,0,5139PARE,FRABRES,710.2,103.0,shape_dist_traveled,2
d14a84ae4a,072,1,1,FRABRES,FRAKEAS,568.4999999999999,83.0,shape_dist_traveled,2
d14a84ae4a,072,1,2,FRAKEAS,FRAMCGSE,258.60000000000014,37.0,shape_dist_traveled,2
d14a84ae4a,072,1,3,FRAMCGSE,HAY311E,1333.8999999999999,197.0,shape_dist_traveled,2
d14a84ae4a,072,1,4,HAY311E,HAY3011E,415.30000000000024,90.0,shape_dist_traveled,2
d14a84ae4a,072,1,5,HAY3011E,SAWBETN,597.6999999999997,130.0,shape_dist_traveled,2
d14a84ae4a,072,1,6,SAWBETN,RESSAWE,365.5999999999997,80.0,shape_dist_traveled,2
d14a84ae4a,072,1,7,RESSAWE,PICBETS,597.3000000000006,91.0,shape_dist_traveled,2
d14a84ae4a,072,1,8,PICBETS,2425BET,336.40000000000026,51.0,shape_dist_traveled,2
d14a84ae4a,072,1,9,2425BET,BETWOOE,281.39999999999964,43.0,shape_dist_traveled,2
d14a84ae4a,072,1,10,BETWOOE,BETHEDE,280.29999999999956,42.0,shape_dist_traveled,2
d14a84ae4a,072,1,11,BETHEDE,BETDIEE,263.30000000000007,40.0,shape_dist_traveled,2
d14a84ae4a,072,1,12,BETDIEE,BETOLGE,332.4000000000007,50.0,shape_dist_traveled,2
d14a84ae4a,072,1,13,BETOLGE,BETREEE,372.69999999999914,57.0,shape_dist_traveled,2
d14a84ae4a,072,1,14,BETREEE,BETPORE,358.30000000000075,54.0,shape_dist_traveled,2
d14a84ae4a,072,1,15,BETPORE,GODBETS,510.5999999999993,78.0,shape_dist_traveled,2
d14a84ae4a,072,1,16,GODBETS,GODCHEE,571.2000000000011,87.0,shape_dist_traveled,2
d14a84ae4a,072,1,17,GODCHEE,KENWEYS,494.89999999999947,75.0,shape_dist_traveled,2
d14a84ae4a,072,1,18,KENWEYS,KENMERS,296.5,52.0,shape_dist_traveled,2
d14a84ae4a,072,1,19,KENMERS,KENFOLS,395.50000000000017,45.0,shape_dist_traveled,2
d14a84ae4a,072,1,20,KENFOLS,KENWINS,443.7999999999995,51.0,shape_dist_traveled,2
d14a84ae4a,072,1,21,KENWINS,KENMCCS,699.0999999999996,81.0,shape_dist_traveled,2
d14a84ae4a,072,1,22,KENMCCS,KENRUES,1084.5000000000002,126.0,shape_dist_traveled,2
d14a84ae4a,072,1,23,KENRUES,NORCLEE,474.5000000000008,57.0,shape_dist_traveled,2
d14a84ae4a,072,1,24,NORCLEE,NORSHAE,263.0999999999997,16.0,shape_dist_traveled,2
d14a84ae4a,072,1,25,NORSHAE,VINFROE,8345.5,524.0,shape_dist_traveled,2
d14a84ae4a,072,1,26,VINFROE,FRONATS,398.9000000000011,25.0,shape_dist_traveled,2
d14a84ae4a,072,1,27,FRONATS,FROLAFS,327.1999999999977,20.0,shape_dist_traveled,2
d14a84ae4a,072,1,28,FROLAFS,LONHIGE,214.80000000000032,15.0,shape_dist_traveled,2
d14a84ae4a,072,1,29,LONHIGE,3RDGAYS,369.7000000000017,72.0,shape_dist_traveled,2
d14a84ae4a,072,1,30,3RDGAYS,3RDBROS1,246.1999999999982,48.0,shape_dist_traveled,2
d14a84ae4a,072,1,31,3RDBROS1,3RDTOWS,385.90000000000305,92.0,shape_dist_traveled,2
d14a84ae4a,072,1,32,3RDTOWS,SOUTER7,367.79999999999905,88.0,shape_dist_traveled,2
e606c495fc,073,0,0,SOUTER9,4THTOWN,602.5,115.0,shape_dist_traveled,3
e606c495fc,073,0,1,4THTOWN,4THCAPN,337.4999999999999,65.0,shape_dist_traveled,3
e606c495fc,073,0,2,4THCAPN,4THATHN,209.79999999999998,48.0,shape_dist_traveled,3
e606c495fc,073,0,3,4THATHN,SPR4THW,399.1,92.0,shape_dist_traveled,3
e606c495fc,073,0,4,SPR4THW,SPRFROW,421.79999999999995,100.0,shape_dist_traveled,3
e606c495fc,073,0,5,SPRFROW,SPRMARW,166.6000000000003,60.0,shape_dist_traveled,3
e606c495fc,073,0,6,SPRMARW,RIVNOTN,11367.4,780.0,shape_dist_traveled,3
e606c495fc,073,0,7,RIVNOTN,DALDUBN,8896.2,720.0,shape_dist_traveled,3
c9370c8ee1,073,0,0,SOUTER9,4THTOWN,602.5,115.0,shape_dist_traveled,1
c9370c8ee1,073,0,1,4THTOWN,4THCAPN,337.4999999999999,65.0,shape_dist_traveled,1
c9370c8ee1,073,0,2,4THCAPN,4THATHN,209.79999999999998,48.0,shape_dist_traveled,1
c9370c8ee1,073,0,3,4THATHN,SPR4THW,399.1,92.0,shape_dist_traveled,1
c9370c8ee1,073,0,4,SPR4THW,SPRFROW,421.79999999999995,100.0,shape_dist_traveled,1
c9370c8ee1,073,0,5,SPRFROW,SPRMARW,166.6000000000003,60.0,shape_dist_traveled,1
c9370c8ee1,073,0,6,SPRMARW,EMESTEN,21765.2,1166.0,shape_dist_traveled,1
c9370c8ee1,073,0,7,EMESTEN,EMEGLEN,481.8999999999995,25.0,shape_dist_traveled,1
c9370c8ee1,073,0,8,EMEGLEN,WOEEMEE,602.1999999999998,32.0,shape_dist_traveled,1
c9370c8ee1,073,0,9,WOEEMEE,BLARINN1,1164.7999999999997,62.0,shape_dist_traveled,1
c9370c8ee1,073,0,10,BLARINN1,PBLAZACE,609.9999999999994,35.0,shape_dist_traveled,1
c9370c8ee1,073,0,11,PBLAZACE,BLA515E,188.50000000000122,17.0,shape_dist_traveled,1
c9370c8ee1,073,0,12,BLA515E,BLA505E,438.8000000000005,40.0,shape_dist_traveled,1
c9370c8ee1,073,0,13,BLA505E,FRAMONN,440.8999999999992,40.0,shape_dist_traveled,1
c9370c8ee1,073,0,14,FRAMONN,METUMETW,885.2000000000011,83.0,shape_dist_traveled,1
c9370c8ee1,073,0,15,METUMETW,METCRPW,287.60000000000116,38.0,shape_dist_traveled,1
c9370c8ee1,073,0,16,METCRPW,METS565S,146.5999999999994,19.0,shape_dist_traveled,1
c9370c8ee1,073,0,17,METS565S,METS495E,195.5999999999989,26.0,shape_dist_traveled,1
c9370c8ee1,073,0,18,METS495E,MET485E,259.1999999999999,34.0,shape_dist_traveled,1
c9370c8ee1,073,0,19,MET485E,FRA161N,893.2000000000003,120.0,shape_dist_traveled,1
c9370c8ee1,073,0,20,FRA161N,BRICORE,434.1000000000008,58.0,shape_dist_traveled,1
c9370c8ee1,073,0,21,BRICORE,181WBRE,243.99999999999977,32.0,shape_dist_traveled,1
c9370c8ee1,073,0,22,181WBRE,BRIHIGE,343.4999999999988,46.0,shape_dist_traveled,1
c9370c8ee1,073,0,23,BRIHIGE,DALDUBN,757.6999999999998,107.0,shape_dist_traveled,1
8b831858d6,073,1,0,DALDUBN,RIVNOTS,9241.9,780.0,shape_dist_traveled,3
8b831858d6,073,1,1,RIVNOTS,LONHIGE,11659.599999999999,960.0,shape_dist_traveled,3
8b831858d6,073,1,2,LONHIGE,3RDGAYS,369.7000000000017,180.0,shape_dist_traveled,3
8b831858d6,073,1,3,3RDGAYS,3RDBROS1,246.1999999999982,120.0,shape_dist_traveled,3
8b831858d6,073,1,4,3RDBROS1,3RDTOWS,385.90000000000305,119.0,shape_dist_traveled,3
8b831858d6,073,1,5,3RDTOWS,SOUTER9,390.0999999999968,121.0,shape_dist_traveled,3
a778749e4a,073,1,0,DALDUBN,BRINHIW,971.6,109.0,shape_dist_traveled,1
a778749e4a,073,1,1,BRINHIW,80WBRIW,281.2999999999999,31.0,shape_dist_traveled,1
a778749e4a,073,1,2,80WBRIW,BRISHAW,329.20000000000016,37.0,shape_dist_traveled,1
a778749e4a,073,1,3,BRISHAW,FRA161S,429.1999999999998,48.0,shape_dist_traveled,1
a778749e4a,073,1,4,FRA161S,METUMETW,641.5999999999999,75.0,shape_dist_traveled,1
a778749e4a,073,1,5,METUMETW,METCRPW,287.6000000000003,33.0,shape_dist_traveled,1
a778749e4a,073,1,6,METCRPW,METS565S,146.59999999999985,16.0,shape_dist_traveled,1
a778749e4a,073,1,7,METS565S,METS495E,195.7,22.0,shape_dist_traveled,1
a778749e4a,073,1,8,METS495E,MET485E,259.1999999999999,29.0,shape_dist_traveled,1
a778749e4a,073,1,9,MET485E,FRA602S,697.3000000000003,80.0,shape_dist_traveled,1
a778749e4a,073,1,10,FRA602S,BLA505W1,466.8000000000001,53.0,shape_dist_traveled,1
a778749e4a,073,1,11,BLA505W1,PBLAZACW,554.9,67.0,shape_dist_traveled,1
a778749e4a,073,1,12,PBLAZACW,RINBLAW,731.4999999999995,41.0,shape_dist_traveled,1
a778749e4a,073,1,13,RINBLAW,EMEWOES,1196.2,67.0,shape_dist_traveled,1
a778749e4a,073,1,14,EMEWOES,EMEGLES,525.7000000000005,29.0,shape_dist_traveled,1
a778749e4a,073,1,15,EMEGLES,EMETUTS,476.09999999999974,27.0,shape_dist_traveled,1
a778749e4a,073,1,16,EMETUTS,LONHIGE,22443.899999999998,1276.0,shape_dist_traveled,1
a778749e4a,073,1,17,LONHIGE,3RDGAYS,369.7000000000017,72.0,shape_dist_traveled,1
a778749e4a,073,1,18,3RDGAYS,3RDBROS1,246.1999999999982,48.0,shape_dist_traveled,1
a778749e4a,073,1,19,3RDBROS1,3RDTOWS,385.89999999999947,59.0,shape_dist_traveled,1
a778749e4a,073,1,20,3RDTOWS,SOUTER9,390.10000000000036,61.0,shape_dist_traveled,1
e80b7b91fe,074,0,0,SOUTER7,4THTOWN,624.8000000000001,194.0,shape_dist_traveled,1
e80b7b91fe,074,0,1,4THTOWN,4THCAPN,337.5,106.0,shape_dist_traveled,1
e80b7b91fe,074,0,2,4THCAPN,4THATHN,209.79999999999987,61.0,shape_dist_traveled,1
e80b7b91fe,074,0,3,4THATHN,SPR4THW,399.1,116.0,shape_dist_traveled,1
e80b7b91fe,074,0,4,SPR4THW,SPRFROW,421.8000000000002,123.0,shape_dist_traveled,1
e80b7b91fe,074,0,5,SPRFROW,FROSPRN,132.1000000000001,10.0,shape_dist_traveled,1
e80b7b91fe,074,0,6,FROSPRN,VINPARW,581.4999999999997,46.0,shape_dist_traveled,1
e80b7b91fe,074,0,7,VINPARW,OLEOLDEN,11552.6,928.0,shape_dist_traveled,1
e80b7b91fe,074,0,8,OLEOLDEN,OLERIDN,419.3999999999995,36.0,shape_dist_traveled,1
e80b7b91fe,074,0,9,OLERIDN,LINSHANW,801.6000000000006,133.0,shape_dist_traveled,1
e80b7b91fe,074,0,10,LINSHANW,LINMEENW,880.8000000000006,146.0,shape_dist_traveled,1
e80b7b91fe,074,0,11,LINMEENW,LINROCN,365.5000000000008,60.0,shape_dist_traveled,1
e80b7b91fe,074,0,12,LINROCN,LINSEDN,659.5999999999975,109.0,shape_dist_traveled,1
e80b7b91fe,074,0,13,LINSEDN,LIN161N,732.3000000000022,121.0,shape_dist_traveled,1
e80b7b91fe,074,0,14,LIN161N,LINLINN,169.49999999999932,31.0,shape_dist_traveled,1
e80b7b91fe,074,0,15,LINLINN,LINWODMN,578.2999999999987,41.0,shape_dist_traveled,1
e80b7b91fe,074,0,16,LINWODMN,LINLOCN,350.10000000000116,25.0,shape_dist_traveled,1
e80b7b91fe,074,0,17,LINLOCN,SNOLAUW,741.0999999999995,54.0,shape_dist_traveled,1
e80b7b91fe,074,0,18,SNOLAUW,SNOBRIW,739.4999999999995,93.0,shape_dist_traveled,1
e80b7b91fe,074,0,19,SNOBRIW,SNOOPPW,310.2000000000018,39.0,shape_dist_traveled,1
e80b7b91fe,074,0,20,SNOOPPW,SMOSTPRN,529.5999999999985,66.0,shape_dist_traveled,1
e80b7b91fe,074,0,21,SMOSTPRN,SMOQUEN,241.9000000000011,30.0,shape_dist_traveled,1
e80b7b91fe,074,0,22,SMOQUEN,SMOWATN,386.59999999999786,48.0,shape_dist_traveled,1
e80b7b91fe,074,0,23,SMOWATN,SMOGARN,280.3000000000004,35.0,shape_dist_traveled,1
e80b7b91fe,074,0,24,SMOGARN,SMOHARN,363.09999999999934,49.0,shape_dist_traveled,1
e80b7b91fe,074,0,25,SMOHARN,SMOSUTN,304.8000000000002,33.0,shape_dist_traveled,1
e80b7b91fe,074,0,26,SMOSUTN,SMOSWAN,331.30000000000234,36.0,shape_dist_traveled,1
e80b7b91fe,074,0,27,SMOSWAN,SMOPLAN,299.89999999999736,33.0,shape_dist_traveled,1
e80b7b91fe,074,0,28,SMOPLAN,SMOSTON,331.10000000000286,36.0,shape_dist_traveled,1
e80b7b91fe,074,0,29,SMOSTON,SMOHAMN,266.49999999999704,29.0,shape_dist_traveled,1
e80b7b91fe,074,0,30,SMOHAMN,SUMSHIW,1041.800000000002,115.0,shape_dist_traveled,1
e80b7b91fe,074,0,31,SUMSHIW,SUMCOPW,479.6000000000014,53.0,shape_dist_traveled,1
e80b7b91fe,074,0,32,SUMCOPW,SAWCOPS,416.29999999999967,46.0,shape_dist_traveled,1
e80b7b91fe,074,0,33,SAWCOPS,SAWSUMS,1081.8999999999974,119.0,shape_dist_traveled,1
e80b7b91fe,074,0,34,SAWSUMS,SAWHARS,317.1999999999997,40.0,shape_dist_traveled,1
205755eaca,074,1,0,SAWHARN,SAWSUMN,448.40000000000003,54.0,shape_dist_traveled,1
205755eaca,074,1,1,SAWSUMN,SAWCOPN,929.7,112.0,shape_dist_traveled,1
205755eaca,074,1,2,SAWCOPN,SUMGOLE,446.2999999999999,54.0,shape_dist_traveled,1
205755eaca,074,1,3,SUMGOLE,SUMROSE,566.6999999999997,68.0,shape_dist_traveled,1
205755eaca,074,1,4,SUMROSE,SMOHAMS,900.3000000000001,109.0,shape_dist_traveled,1
205755eaca,074,1,5,SMOHAMS,SMOSTOS,324.2000000000003,39.0,shape_dist_traveled,1
205755eaca,074,1,6,SMOSTOS,SMOOLDS,400.8999999999996,48.0,shape_dist_traveled,1
205755eaca,074,1,7,SMOOLDS,SMOSWAS,231.10000000000053,28.0,shape_dist_traveled,1
205755eaca,074,1,8,SMOSWAS,SMOSUTS,387.09999999999934,46.0,shape_dist_traveled,1
205755eaca,074,1,9,SMOSUTS,SMOHARS,316.3,42.0,shape_dist_traveled,1
205755eaca,074,1,10,SMOHARS,SMOSBS,284.80000000000064,37.0,shape_dist_traveled,1
205755eaca,074,1,11,SMOSBS,SMOBILS,318.7999999999995,41.0,shape_dist_traveled,1
205755eaca,074,1,12,SMOBILS,SMOQUES,349.0000000000002,45.0,shape_dist_traveled,1
205755eaca,074,1,13,SMOQUES,SMOSTPS,194.0999999999997,25.0,shape_dist_traveled,1
205755eaca,074,1,14,SMOSTPS,SNODONE,541.1000000000001,70.0,shape_dist_traveled,1
205755eaca,074,1,15,SNODONE,SNOSNOE,330.30000000000024,43.0,shape_dist_traveled,1
205755eaca,074,1,16,SNOSNOE,SNOHICE,740.4000000000002,99.0,shape_dist_traveled,1
205755eaca,074,1,17,SNOHICE,LINCOLS,828.1999999999989,108.0,shape_dist_traveled,1
205755eaca,074,1,18,LINCOLS,LINWODMS,257.1000000000012,33.0,shape_dist_traveled,1
205755eaca,074,1,19,LINWODMS,LIN161S,754.7999999999995,99.0,shape_dist_traveled,1
205755eaca,074,1,20,LIN161S,LINSEDS,746.6000000000008,64.0,shape_dist_traveled,1
205755eaca,074,1,21,LINSEDS,LINROCS,638.9999999999993,55.0,shape_dist_traveled,1
205755eaca,074,1,22,LINROCS,LINMEES,421.59999999999974,36.0,shape_dist_traveled,1
205755eaca,074,1,23,LINMEES,LINSHAS,878.0000000000001,76.0,shape_dist_traveled,1
205755eaca,074,1,24,LINSHAS,OLEBETS1,768.3999999999997,69.0,shape_dist_traveled,1
205755eaca,074,1,25,OLEBETS1,OLEOLDES,365.0000000000002,28.0,shape_dist_traveled,1
205755eaca,074,1,26,OLEOLDES,VINFROE,11640.7,917.0,shape_dist_traveled,1
205755eaca,074,1,27,VINFROE,FRONATS,398.9000000000011,31.0,shape_dist_traveled,1
205755eaca,074,1,28,FRONATS,FROLAFS,327.099999999998,25.0,shape_dist_traveled,1
205755eaca,074,1,29,FROLAFS,LONHIGE,214.9000000000001,19.0,shape_dist_traveled,1
205755eaca,074,1,30,LONHIGE,3RDGAYS,369.7000000000017,144.0,shape_dist_traveled,1
205755eaca,074,1,31,3RDGAYS,3RDBROS1,246.1999999999982,96.0,shape_dist_traveled,1
205755eaca,074,1,32,3RDBROS1,3RDTOWS,385.89999999999947,153.0,shape_dist_traveled,1
205755eaca,074,1,33,3RDTOWS,SOUTER7,367.69999999999925,147.0,shape_dist_traveled,1
4e18359fce,075,0,0,SOUTER3,4THTOWN,663.1,159.0,shape_dist_traveled,1
4e18359fce,075,0,1,4THTOWN,4THCAPN,337.4999999999999,81.0,shape_dist_traveled,1
4e18359fce,075,0,2,4THCAPN,4THATHN,209.79999999999998,73.0,shape_dist_traveled,1
4e18359fce,075,0,3,4THATHN,SPR4THW,399.2,139.0,shape_dist_traveled,1
4e18359fce,075,0,4,SPR4THW,SPRFROW,421.8000000000002,148.0,shape_dist_traveled,1
4e18359fce,075,0,5,SPRFROW,FROSPRN,132.09999999999988,16.0,shape_dist_traveled,1
4e18359fce,075,0,6,FROSPRN,VINPARW,581.3999999999999,73.0,shape_dist_traveled,1
4e18359fce,075,0,7,VINPARW,GOO582W,1256.1000000000004,157.0,shape_dist_traveled,1
4e18359fce,075,0,8,GOO582W,GOOYARW,448.5999999999999,56.0,shape_dist_traveled,1
4e18359fce,075,0,9,GOOYARW,GOO868W,224.40000000000015,28.0,shape_dist_traveled,1
4e18359fce,075,0,10,GOO868W,NORGOON,214.29999999999973,26.0,shape_dist_traveled,1
4e18359fce,075,0,11,NORGOON,NORBURNW,187.69999999999953,23.0,shape_dist_traveled,1
4e18359fce,075,0,12,NORBURNW,NORWILLN,174.60000000000076,21.0,shape_dist_traveled,1
4e18359fce,075,0,13,NORWILLN,1STNORW,331.49999999999926,41.0,shape_dist_traveled,1
4e18359fce,075,0,14,1STNORW,1STOXLW,191.3,24.0,shape_dist_traveled,1
4e18359fce,075,0,15,1STOXLW,1STVIRW,332.90000000000043,41.0,shape_dist_traveled,1
4e18359fce,075,0,16,1STVIRW,1STAVOW,342.1000000000003,41.0,shape_dist_traveled,1
4e18359fce,075,0,17,1STAVOW,1STGRAW,257.6999999999998,32.0,shape_dist_traveled,1
4e18359fce,075,0,18,1STGRAW,1STOAKW,359.19999999999953,45.0,shape_dist_traveled,1
4e18359fce,075,0,19,1STOAKW,1STELMW,216.49999999999991,27.0,shape_dist_traveled,1
4e18359fce,075,0,20,1STELMW,1STGLEW,206.30000000000058,25.0,shape_dist_traveled,1
4e18359fce,075,0,21,1STGLEW,1STLINW,220.4999999999995,27.0,shape_dist_traveled,1
4e18359fce,075,0,22,1STLINW,CAM132N,269.6000000000005,33.0,shape_dist_traveled,1
4e18359fce,075,0,23,CAM132N,3RDCAMW,260.4999999999995,32.0,shape_dist_traveled,1
4e18359fce,075,0,24,3RDCAMW,ARLCARN,217.50000000000114,27.0,shape_dist_traveled,1
4e18359fce,075,0,25,ARLCARN,ARL5THN,310.20000000000005,38.0,shape_dist_traveled,1
4e18359fce,075,0,26,ARL5THN,ARLCHEN,214.39999999999947,26.0,shape_dist_traveled,1
4e18359fce,075,0,27,ARLCHEN,ARLCAMN,207.30000000000004,26.0,shape_dist_traveled,1
4e18359fce,075,0,28,ARLCAMN,ARLEDGN,394.6000000000005,49.0,shape_dist_traveled,1
4e18359fce,075,0,29,ARLEDGN,ARLMALN,311.59999999999854,39.0,shape_dist_traveled,1
4e18359fce,075,0,30,ARLMALN,ARLTEWN,278.8000000000004,35.0,shape_dist_traveled,1
4e18359fce,075,0,31,ARLTEWN,ARLWICN,197.40000000000003,24.0,shape_dist_traveled,1
4e18359fce,075,0,32,ARLWICN,TRELANN,783.100000000001,98.0,shape_dist_traveled,1
4e18359fce,075,0,33,TRELANN,TREWILN,254.19999999999908,31.0,shape_dist_traveled,1
4e18359fce,075,0,34,TREWILN,TRENORN,255.10000000000053,32.0,shape_dist_traveled,1
4e18359fce,075,0,35,TRENORN,TREFARN,365.3999999999993,45.0,shape_dist_traveled,1
4e18359fce,075,0,36,TREFARN,TREINCN,360.40000000000026,45.0,shape_dist_traveled,1
4e18359fce,075,0,37,TREINCN,TREZOLN,177.50000000000023,22.0,shape_dist_traveled,1
4e18359fce,075,0,38,TREZOLN,TRELANGN,268.29999999999995,33.0,shape_dist_traveled,1
4e18359fce,075,0,39,TRELANGN,RIDTREW,260.2999999999991,32.0,shape_dist_traveled,1
4e18359fce,075,0,40,RIDTREW,RIDSOMW,260.60000000000014,32.0,shape_dist_traveled,1
4e18359fce,075,0,41,RIDSOMW,RIDCOLW,268.5000000000013,33.0,shape_dist_traveled,1
4e18359fce,075,0,42,RIDCOLW,RIDREDW,297.5999999999992,37.0,shape_dist_traveled,1
4e18359fce,075,0,43,RIDREDW,RIDMOUW,197.40000000000003,24.0,shape_dist_traveled,1
4e18359fce,075,0,44,RIDMOUW,NOTMOUW,299.8999999999992,37.0,shape_dist_traveled,1
4e18359fce,075,0,45,NOTMOUW,NOTRAMW,302.5000000000002,37.0,shape_dist_traveled,1
4e18359fce,075,0,46,NOTRAMW,NOTDORW,309.60000000000144,38.0,shape_dist_traveled,1
4e18359fce,075,0,47,NOTDORW,NOTKIOW,313.5999999999992,39.0,shape_dist_traveled,1
4e18359fce,075,0,48,NOTKIOW,NOTSUNW,546.0999999999991,93.0,shape_dist_traveled,1
62142e5498,075,1,0,NOTSUNE,NOTKIOE,565.2,52.0,shape_dist_traveled,1
62142e5498,075,1,1,NOTKIOE,NOTDORE,334.6,31.0,shape_dist_traveled,1
62142e5498,075,1,2,NOTDORE,NOTRAME,298.59999999999985,27.0,shape_dist_traveled,1
62142e5498,075,1,3,NOTRAME,NOTMOUE,306.4,28.0,shape_dist_traveled,1
62142e5498,075,1,4,NOTMOUE,MOURIDS,236.80000000000013,22.0,shape_dist_traveled,1
62142e5498,075,1,5,MOURIDS,RIDREDE,311.7000000000001,29.0,shape_dist_traveled,1
62142e5498,075,1,6,RIDREDE,RIDCOLE,244.49999999999994,22.0,shape_dist_traveled,1
62142e5498,075,1,7,RIDCOLE,RIDSOME,279.50000000000006,29.0,shape_dist_traveled,1
62142e5498,075,1,8,RIDSOME,RIDTREE,235.5999999999998,38.0,shape_dist_traveled,1
62142e5498,075,1,9,RIDTREE,TRELANS1,339.19999999999993,55.0,shape_dist_traveled,1
62142e5498,075,1,10,TRELANS1,TREZOLS,138.1000000000001,22.0,shape_dist_traveled,1
62142e5498,075,1,11,TREZOLS,TREINCS,227.19999999999985,37.0,shape_dist_traveled,1
62142e5498,075,1,12,TREINCS,2100TRS,560.0999999999998,91.0,shape_dist_traveled,1
62142e5498,075,1,13,2100TRS,TRENORS,177.90000000000018,29.0,shape_dist_traveled,1
62142e5498,075,1,14,TRENORS,TREONAS,292.1000000000005,47.0,shape_dist_traveled,1
62142e5498,075,1,15,TREONAS,TRELANS,229.09999999999985,41.0,shape_dist_traveled,1
62142e5498,075,1,16,TRELANS,ARLTRES,302.10000000000025,45.0,shape_dist_traveled,1
62142e5498,075,1,17,ARLTRES,ARLWESSW,376.5999999999998,57.0,shape_dist_traveled,1
62142e5498,075,1,18,ARLWESSW,ARLTEWS,253.19999999999965,38.0,shape_dist_traveled,1
62142e5498,075,1,19,ARLTEWS,ARLGUIS,183.7,27.0,shape_dist_traveled,1
62142e5498,075,1,20,ARLGUIS,ARLWALS,292.50000000000045,44.0,shape_dist_traveled,1
62142e5498,075,1,21,ARLWALS,ARLCAMS,489.0999999999996,74.0,shape_dist_traveled,1
62142e5498,075,1,22,ARLCAMS,ARLCHES,230.29999999999973,34.0,shape_dist_traveled,1
62142e5498,075,1,23,ARLCHES,ARL5THS,246.4000000000004,41.0,shape_dist_traveled,1
62142e5498,075,1,24,ARL5THS,ARLCARS,259.2999999999996,40.0,shape_dist_traveled,1
62142e5498,075,1,25,ARLCARS,3RDCAME,262.50000000000017,41.0,shape_dist_traveled,1
62142e5498,075,1,26,3RDCAME,CAM1STS,387.80000000000035,61.0,shape_dist_traveled,1
62142e5498,075,1,27,CAM1STS,1STWYAE,226.59999999999945,35.0,shape_dist_traveled,1
62142e5498,075,1,28,1STWYAE,1STWESE,213.30000000000027,33.0,shape_dist_traveled,1
62142e5498,075,1,29,1STWESE,1STASHE,212.19999999999928,33.0,shape_dist_traveled,1
62142e5498,075,1,30,1STASHE,1STFAIE,215.1000000000014,33.0,shape_dist_traveled,1
62142e5498,075,1,31,1STFAIE,1STGLEE,379.09999999999934,59.0,shape_dist_traveled,1
62142e5498,075,1,32,1STGLEE,1STAVOE,125.19999999999953,25.0,shape_dist_traveled,1
62142e5498,075,1,33,1STAVOE,1STVIRE,406.00000000000057,78.0,shape_dist_traveled,1
62142e5498,075,1,34,1STVIRE,1STOXLE,318.9999999999991,62.0,shape_dist_traveled,1
62142e5498,075,1,35,1STOXLE,NOR1STSE,243.10000000000008,47.0,shape_dist_traveled,1
62142e5498,075,1,36,NOR1STSE,NORWILLS,230.9999999999999,45.0,shape_dist_traveled,1
62142e5498,075,1,37,NORWILLS,NORBURSE,169.10000000000025,33.0,shape_dist_traveled,1
62142e5498,075,1,38,NORBURSE,NORGOOS,158.10000000000102,35.0,shape_dist_traveled,1
62142e5498,075,1,39,NORGOOS,GOOYARE,357.6999999999995,53.0,shape_dist_traveled,1
62142e5498,075,1,40,GOOYARE,GOOOPPE,622.7,92.0,shape_dist_traveled,1
62142e5498,075,1,41,GOOOPPE,VINFROE,1225.0999999999995,182.0,shape_dist_traveled,1
62142e5498,075,1,42,VINFROE,HIGOHIS,389.7000000000013,58.0,shape_dist_traveled,1
62142e5498,075,1,43,HIGOHIS,HIGNATS,223.3999999999998,35.0,shape_dist_traveled,1
62142e5498,075,1,44,HIGNATS,3RDGAYS,714.1000000000001,223.0,shape_dist_traveled,1
62142e5498,075,1,45,3RDGAYS,3RDBROS1,246.2,77.0,shape_dist_traveled,1
62142e5498,075,1,46,3RDBROS1,3RDTOWS,385.89999999999947,97.0,shape_dist_traveled,1
62142e5498,075,1,47,3RDTOWS,SOUTER3,329.3999999999997,83.0,shape_dist_traveled,1
0dc1981497,101,0,0,EMO4THW,MOUHIGW1,410.0,120.0,shape_dist_traveled,36
0dc1981497,101,0,1,MOUHIGW1,HIGRICN,305.70000000000005,68.0,shape_dist_traveled,36
0dc1981497,101,0,2,HIGRICN,HIGBRONN,495.4000000000001,112.0,shape_dist_traveled,36
0dc1981497,101,0,3,HIGBRONN,HIGLONN2,308.20000000000005,60.0,shape_dist_traveled,36
0dc1981497,101,0,4,HIGLONN2,HIGNATN,434.19999999999993,96.0,shape_dist_traveled,36
0dc1981497,101,0,5,HIGNATN,NAG5THE1,587.6999999999999,131.0,shape_dist_traveled,36
0dc1981497,101,0,6,NAG5THE1,CLEMOUN,591.0000000000002,133.0,shape_dist_traveled,36
0dc1981497,101,0,7,CLEMOUN,CLEFORN,794.6999999999997,98.0,shape_dist_traveled,36
0dc1981497,101,0,8,CLEFORN,CLE2NDN,637.9999999999999,79.0,shape_dist_traveled,36
0dc1981497,101,0,9,CLE2NDN,CLE4THN1,302.7000000000006,37.0,shape_dist_traveled,36
0dc1981497,101,0,10,CLE4THN1,CLE11TN,1155.2999999999995,146.0,shape_dist_traveled,36
0dc1981497,101,0,11,CLE11TN,CLE17TN,988.4000000000004,111.0,shape_dist_traveled,36
0dc1981497,101,0,12,CLE17TN,CLE24THN,721.4999999999998,81.0,shape_dist_traveled,36
0dc1981497,101,0,13,CLE24THN,CLEHUDN,959.0000000000006,108.0,shape_dist_traveled,36
0dc1981497,101,0,14,CLEHUDN,CLEGENN,623.5,88.0,shape_dist_traveled,36
0dc1981497,101,0,15,CLEGENN,CLEWEBN,434.99999999999875,62.0,shape_dist_traveled,36
0dc1981497,101,0,16,CLEWEBN,CLEOAKN,855.0000000000005,121.0,shape_dist_traveled,36
0dc1981497,101,0,17,CLEOAKN,CLEHUYN,609.6000000000004,89.0,shape_dist_traveled,36
0dc1981497,101,0,18,CLEHUYN,CLENORN,533.6999999999996,63.5,shape_dist_traveled,36
0dc1981497,101,0,19,CLENORN,CLECOON1,576.2,68.5,shape_dist_traveled,36
0dc1981497,101,0,20,CLECOON1,CLELEHN,816.1000000000005,97.0,shape_dist_traveled,36
0dc1981497,101,0,21,CLELEHN,CLEMORN,831.6999999999997,101.0,shape_dist_traveled,36
0dc1981497,101,0,22,CLEMORN,CLENORWN,840.6000000000003,92.0,shape_dist_traveled,36
0dc1981497,101,0,23,CLENORWN,CLEWALN,710.3999999999999,78.0,shape_dist_traveled,36
0dc1981497,101,0,24,CLEWALN,NORTRA1,1162.9999999999984,130.0,shape_dist_traveled,36
7dad59c90d,101,0,0,EMO4THW,MOUHIGW1,410.0,120.0,shape_dist_traveled,38
7dad59c90d,101,0,1,MOUHIGW1,HIGRICN,305.70000000000005,68.0,shape_dist_traveled,38
7dad59c90d,101,0,2,HIGRICN,HIGBRONN,495.4000000000001,112.0,shape_dist_traveled,38
7dad59c90d,101,0,3,HIGBRONN,HIGLONN2,308.20000000000005,60.0,shape_dist_traveled,38
7dad59c90d,101,0,4,HIGLONN2,HIGNATN,434.19999999999993,96.0,shape_dist_traveled,38
7dad59c90d,101,0,5,HIGNATN,NAG5THE1,587.6999999999999,131.0,shape_dist_traveled,38
7dad59c90d,101,0,6,NAG5THE1,CLEMOUN,591.0000000000002,133.0,shape_dist_traveled,38
7dad59c90d,101,0,7,CLEMOUN,CLEFORN,794.6999999999997,98.0,shape_dist_traveled,38
7dad59c90d,101,0,8,CLEFORN,CLE2NDN,637.9999999999999,79.0,shape_dist_traveled,38
7dad59c90d,101,0,9,CLE2NDN,CLE4THN1,302.7000000000006,37.0,shape_dist_traveled,38
7dad59c90d,101,0,10,CLE4THN1,CLE11TN,1155.2999999999995,146.0,shape_dist_traveled,38
7dad59c90d,101,0,11,CLE11TN,CLE17TN,988.4000000000004,111.0,shape_dist_traveled,38
7dad59c90d,101,0,12,CLE17TN,CLE24THN,721.4999999999998,81.0,shape_dist_traveled,38
7dad59c90d,101,0,13,CLE24THN,CLEHUDN,959.0000000000006,108.0,shape_dist_traveled,38
7dad59c90d,101,0,14,CLEHUDN,CLEGENN,623.5,88.0,shape_dist_traveled,38
7dad59c90d,101,0,15,CLEGENN,CLEWEBN,434.99999999999875,62.0,shape_dist_traveled,38
7dad59c90d,101,0,16,CLEWEBN,CLEOAKN,855.0000000000005,121.0,shape_dist_traveled,38
7dad59c90d,101,0,17,CLEOAKN,CLEHUYN,609.6000000000004,89.0,shape_dist_traveled,38
7dad59c90d,101,0,18,CLEHUYN,CLENORN,533.6999999999996,58.0,shape_dist_traveled,38
7dad59c90d,101,0,19,CLENORN,CLECOON1,576.2,62.0,shape_dist_traveled,38
7dad59c90d,101,0,20,CLECOON1,CLELEHN,816.1000000000005,88.0,shape_dist_traveled,38
7dad59c90d,101,0,21,CLELEHN,CLEMORN,831.6999999999997,92.0,shape_dist_traveled,38
7dad59c90d,101,0,22,CLEMORN,CLENORWN,840.6000000000003,90.0,shape_dist_traveled,38
7dad59c90d,101,0,23,CLENORWN,CLEWALN,710.3999999999999,76.0,shape_dist_traveled,38
7dad59c90d,101,0,24,CLEWALN,NORTRA4,1220.9999999999984,134.0,shape_dist_traveled,38
7dad59c90d,101,0,25,NORTRA4,CLE161NN,582.3000000000001,87.0,shape_dist_traveled,38
7dad59c90d,101,0,26,CLE161NN,CLE161NF,179.4000000000011,26.0,shape_dist_traveled,38
7dad59c90d,101,0,27,CLE161NF,CLEFUJN,278.30000000000155,41.0,shape_dist_traveled,38
7dad59c90d,101,0,28,CLEFUJN,CLEBLEN1,504.0999999999975,75.0,shape_dist_traveled,38
7dad59c90d,101,0,29,CLEBLEN1,CLEBELLN,308.5000000000022,46.0,shape_dist_traveled,38
7dad59c90d,101,0,30,CLEBELLN,CLEHOMN,221.49999999999892,33.0,shape_dist_traveled,38
7dad59c90d,101,0,31,CLEHOMN,CLECOMN,333.00000000000193,52.0,shape_dist_traveled,38
7dad59c90d,101,0,32,CLECOMN,SCHCLEE,1198.1999999999998,154.0,shape_dist_traveled,38
7dad59c90d,101,0,33,SCHCLEE,COOSCHN,502.19999999999845,64.0,shape_dist_traveled,38
7dad59c90d,101,0,34,COOSCHN,SAICLEN,620.4999999999998,82.0,shape_dist_traveled,38
7dad59c90d,101,0,35,SAICLEN,500CLEN,208.60000000000056,20.0,shape_dist_traveled,38
7dad59c90d,101,0,36,500CLEN,CLE340N,175.20000000000024,17.0,shape_dist_traveled,38
7dad59c90d,101,0,37,CLE340N,CLECOON,497.799999999998,49.0,shape_dist_traveled,38
7dad59c90d,101,0,38,CLECOON,CLEMAINN,419.50000000000284,41.0,shape_dist_traveled,38
7dad59c90d,101,0,39,CLEMAINN,CLECTLRN,1390.3,136.0,shape_dist_traveled,38
7dad59c90d,101,0,40,CLECTLRN,CLEWESTN,419.69999999999885,41.0,shape_dist_traveled,38
7dad59c90d,101,0,41,CLEWESTN,CLEALTN,422.69999999999897,41.0,shape_dist_traveled,38
7dad59c90d,101,0,42,CLEALTN,POLCLEE,196.3000000000008,19.0,shape_dist_traveled,38
7dad59c90d,101,0,43,POLCLEE,POLAFRE1,356.4000000000007,35.0,shape_dist_traveled,38
7dad59c90d,101,0,44,POLAFRE1,AFRPOLN,329.9999999999983,32.0,shape_dist_traveled,38
7dad59c90d,101,0,45,AFRPOLN,OHIAFRE,457.2000000000003,49.0,shape_dist_traveled,38
367fce3c7b,101,1,0,OHIAFRE,POLAFRW1,585.0999999999999,64.0,shape_dist_traveled,39
367fce3c7b,101,1,1,POLAFRW1,CLEWESS,749.5,83.0,shape_dist_traveled,39
367fce3c7b,101,1,2,CLEWESS,NCLEWESS,313.4999999999999,34.0,shape_dist_traveled,39
367fce3c7b,101,1,3,NCLEWESS,CLECTLRS,343.5000000000001,38.0,shape_dist_traveled,39
367fce3c7b,101,1,4,CLECTLRS,CLEMAIS1,1481.5,164.0,shape_dist_traveled,39
367fce3c7b,101,1,5,CLEMAIS1,CLEOLDS,489.70000000000005,54.0,shape_dist_traveled,39
367fce3c7b,101,1,6,CLEOLDS,CLE340S1,357.60000000000014,39.0,shape_dist_traveled,39
367fce3c7b,101,1,7,CLE340S1,SAISVCOP,553.9999999999994,64.0,shape_dist_traveled,39
367fce3c7b,101,1,8,SAISVCOP,COPSCHS,516.3000000000002,79.0,shape_dist_traveled,39
367fce3c7b,101,1,9,COPSCHS,SCHLAUW,348.3999999999998,53.0,shape_dist_traveled,39
367fce3c7b,101,1,10,SCHLAUW,CLECOMS,1477.7000000000005,228.0,shape_dist_traveled,39
367fce3c7b,101,1,11,CLECOMS,CLEHOMS,166.29999999999967,22.0,shape_dist_traveled,39
367fce3c7b,101,1,12,CLEHOMS,CLEDEES,220.4000000000006,29.0,shape_dist_traveled,39
367fce3c7b,101,1,13,CLEDEES,CLEBLES1,349.6999999999995,46.0,shape_dist_traveled,39
367fce3c7b,101,1,14,CLEBLES1,CLEFUJS,587.1000000000004,78.0,shape_dist_traveled,39
367fce3c7b,101,1,15,CLEFUJS,CLE161SF,413.7000000000004,55.0,shape_dist_traveled,39
367fce3c7b,101,1,16,CLE161SF,NORTRA5,497.8999999999996,70.0,shape_dist_traveled,39
367fce3c7b,101,1,17,NORTRA5,CLEWALS,1365.6000000000006,229.0,shape_dist_traveled,39
367fce3c7b,101,1,18,CLEWALS,CLETAYS,628.1999999999996,105.0,shape_dist_traveled,39
367fce3c7b,101,1,19,CLETAYS,CLEMORS,856.6000000000003,146.0,shape_dist_traveled,39
367fce3c7b,101,1,20,CLEMORS,CLELEHS,725.3999999999987,78.0,shape_dist_traveled,39
367fce3c7b,101,1,21,CLELEHS,CLECOOS,1081.4000000000003,117.0,shape_dist_traveled,39
367fce3c7b,101,1,22,CLECOOS,CLEELMS,402.4000000000001,43.0,shape_dist_traveled,39
367fce3c7b,101,1,23,CLEELMS,CLEHUYS,561.1999999999995,62.0,shape_dist_traveled,39
367fce3c7b,101,1,24,CLEHUYS,CLEOAKS,504.70000000000147,70.0,shape_dist_traveled,39
367fce3c7b,101,1,25,CLEOAKS,CLEWEBS,963.2000000000005,134.0,shape_dist_traveled,39
367fce3c7b,101,1,26,CLEWEBS,CLEGENS,419.9999999999982,58.0,shape_dist_traveled,39
367fce3c7b,101,1,27,CLEGENS,CLEHUDS,696.8999999999994,98.0,shape_dist_traveled,39
367fce3c7b,101,1,28,CLEHUDS,CLE24TS,857.9000000000008,123.0,shape_dist_traveled,39
367fce3c7b,101,1,29,CLE24TS,CLE17TS,829.3999999999996,119.0,shape_dist_traveled,39
367fce3c7b,101,1,30,CLE17TS,CLE11TS,805.1999999999992,118.0,shape_dist_traveled,39
367fce3c7b,101,1,31,CLE11TS,CLE5THS1,1109.0000000000018,135.0,shape_dist_traveled,39
367fce3c7b,101,1,32,CLE5THS1,CLE2NDS,535.0999999999999,65.0,shape_dist_traveled,39
367fce3c7b,101,1,33,CLE2NDS,CLEFORS,528.8000000000004,64.0,shape_dist_traveled,39
367fce3c7b,101,1,34,CLEFORS,CLEMOUS,764.6999999999978,96.0,shape_dist_traveled,39
367fce3c7b,101,1,35,CLEMOUS,NATCONW,756.4000000000028,153.0,shape_dist_traveled,39
367fce3c7b,101,1,36,NATCONW,HIGNATS,372.29999999999916,75.0,shape_dist_traveled,39
367fce3c7b,101,1,37,HIGNATS,HIGLONS,346.59999999999866,72.0,shape_dist_traveled,39
367fce3c7b,101,1,38,HIGLONS,HIGBROS,265.59999999999917,60.0,shape_dist_traveled,39
367fce3c7b,101,1,39,HIGBROS,HIGSTAS,284.70000000000084,81.0,shape_dist_traveled,39
367fce3c7b,101,1,40,HIGSTAS,HIGTOWS,247.19999999999942,70.0,shape_dist_traveled,39
367fce3c7b,101,1,41,HIGTOWS,MAIHIGE,307.60000000000076,89.0,shape_dist_traveled,39
367fce3c7b,101,1,42,MAIHIGE,EMO4THW,708.1000000000017,120.0,shape_dist_traveled,39
f19ceffadd,101,1,0,NORTRA1,CLEWALS,1439.6,236.0,shape_dist_traveled,36
f19ceffadd,101,1,1,CLEWALS,CLETAYS,628.0999999999999,103.0,shape_dist_traveled,36
f19ceffadd,101,1,2,CLETAYS,CLEMORS,856.7,141.0,shape_dist_traveled,36
f19ceffadd,101,1,3,CLEMORS,CLELEHS,725.4000000000001,78.0,shape_dist_traveled,36
f19ceffadd,101,1,4,CLELEHS,CLECOOS,1081.4000000000003,117.0,shape_dist_traveled,36
f19ceffadd,101,1,5,CLECOOS,CLEELMS,402.4000000000001,43.0,shape_dist_traveled,36
f19ceffadd,101,1,6,CLEELMS,CLEHUYS,561.1999999999995,62.0,shape_dist_traveled,36
f19ceffadd,101,1,7,CLEHUYS,CLEOAKS,504.6999999999997,70.0,shape_dist_traveled,36
f19ceffadd,101,1,8,CLEOAKS,CLEWEBS,963.2000000000005,134.0,shape_dist_traveled,36
f19ceffadd,101,1,9,CLEWEBS,CLEGENS,419.99999999999994,58.0,shape_dist_traveled,36
f19ceffadd,101,1,10,CLEGENS,CLEHUDS,696.9000000000003,98.0,shape_dist_traveled,36
f19ceffadd,101,1,11,CLEHUDS,CLE24TS,857.899999999999,123.0,shape_dist_traveled,36
f19ceffadd,101,1,12,CLE24TS,CLE17TS,829.4000000000015,119.0,shape_dist_traveled,36
f19ceffadd,101,1,13,CLE17TS,CLE11TS,805.1999999999992,118.0,shape_dist_traveled,36
f19ceffadd,101,1,14,CLE11TS,CLE5THS1,1109.0,135.0,shape_dist_traveled,36
f19ceffadd,101,1,15,CLE5THS1,CLE2NDS,535.0999999999999,65.0,shape_dist_traveled,36
f19ceffadd,101,1,16,CLE2NDS,CLEFORS,528.8000000000004,64.0,shape_dist_traveled,36
f19ceffadd,101,1,17,CLEFORS,CLEMOUS,764.6999999999995,96.0,shape_dist_traveled,36
f19ceffadd,101,1,18,CLEMOUS,NATCONW,756.4000000000011,153.0,shape_dist_traveled,36
f19ceffadd,101,1,19,NATCONW,HIGNATS,372.29999999999916,75.0,shape_dist_traveled,36
f19ceffadd,101,1,20,HIGNATS,HIGLONS,346.6000000000005,72.0,shape_dist_traveled,36
f19ceffadd,101,1,21,HIGLONS,HIGBROS,265.59999999999917,60.0,shape_dist_traveled,36
f19ceffadd,101,1,22,HIGBROS,HIGSTAS,284.70000000000084,81.0,shape_dist_traveled,36
f19ceffadd,101,1,23,HIGSTAS,HIGTOWS,247.19999999999942,70.0,shape_dist_traveled,36
f19ceffadd,101,1,24,HIGTOWS,MAIHIGE,307.599999999999,89.0,shape_dist_traveled,36
f19ceffadd,101,1,25,MAIHIGE,EMO4THW,708.1000000000017,120.0,shape_dist_traveled,36
55ed8d7aef,102,0,0,MOU5THW1,EMO4THW,54.6,10.0,shape_dist_traveled,38
55ed8d7aef,102,0,1,EMO4THW,EMOS3RDW,165.8,31.0,shape_dist_traveled,38
55ed8d7aef,102,0,2,EMOS3RDW,MOUHIGW1,244.2,46.0,shape_dist_traveled,38
55ed8d7aef,102,0,3,MOUHIGW1,HIGRICN,305.7,57.0,shape_dist_traveled,38
55ed8d7aef,102,0,4,HIGRICN,HIGSTANN,284.4,53.0,shape_dist_traveled,38
55ed8d7aef,102,0,5,HIGSTANN,HIGBRONN,211.00000000000009,43.0,shape_dist_traveled,38
55ed8d7aef,102,0,6,HIGBRONN,HIGLONN2,308.20000000000005,120.0,shape_dist_traveled,38
55ed8d7aef,102,0,7,HIGLONN2,HIGNATN,434.20000000000016,120.0,shape_dist_traveled,38
55ed8d7aef,102,0,8,HIGNATN,HIGSPRUN,509.1999999999999,97.0,shape_dist_traveled,38
55ed8d7aef,102,0,9,HIGSPRUN,HIG5THN,1695.3,323.0,shape_dist_traveled,38
55ed8d7aef,102,0,10,HIG5THN,HIGCHIN,974.2999999999995,194.0,shape_dist_traveled,38
55ed8d7aef,102,0,11,HIGCHIN,HIGWOON,822.1000000000007,163.0,shape_dist_traveled,38
55ed8d7aef,102,0,12,HIGWOON,HIGHUDN,1216.8999999999999,243.0,shape_dist_traveled,38
55ed8d7aef,102,0,13,HIGHUDN,HIGOLEN,597.1000000000001,71.0,shape_dist_traveled,38
55ed8d7aef,102,0,14,HIGOLEN,HIGNORN1,1417.7999999999997,169.0,shape_dist_traveled,38
55ed8d7aef,102,0,15,HIGNORN1,HIGACTN,1045.7999999999997,123.0,shape_dist_traveled,38
55ed8d7aef,102,0,16,HIGACTN,HIGSCHN,1295.7,152.0,shape_dist_traveled,38
55ed8d7aef,102,0,17,HIGSCHN,HIGROYN1,946.9999999999992,111.0,shape_dist_traveled,38
55ed8d7aef,102,0,18,HIGROYN1,HIGMORN,278.30000000000155,34.0,shape_dist_traveled,38
55ed8d7aef,102,0,19,HIGMORN,HIGFITN,337.60000000000014,40.0,shape_dist_traveled,38
55ed8d7aef,102,0,20,HIGFITN,HIG522N,251.19999999999897,30.0,shape_dist_traveled,38
55ed8d7aef,102,0,21,HIG522N,HIGKANN,262.2,31.0,shape_dist_traveled,38
55ed8d7aef,102,0,22,HIGKANN,HIGMEAN,274.3000000000002,32.0,shape_dist_traveled,38
55ed8d7aef,102,0,23,HIGMEAN,HIGSELN,414.6999999999998,49.0,shape_dist_traveled,38
55ed8d7aef,102,0,24,HIGSELN,HIGSOUTN,372.4000000000007,44.0,shape_dist_traveled,38
55ed8d7aef,102,0,25,HIGSOUTN,HIGSOUN,425.7999999999988,51.0,shape_dist_traveled,38
55ed8d7aef,102,0,26,HIGSOUN,HIGNEWN,267.50000000000006,32.0,shape_dist_traveled,38
55ed8d7aef,102,0,27,HIGNEWN,HIG161N,226.10000000000065,27.0,shape_dist_traveled,38
55ed8d7aef,102,0,28,HIG161N,HIGSTAFN,242.30000000000018,29.0,shape_dist_traveled,38
55ed8d7aef,102,0,29,HIGSTAFN,HIGNORN3,230.40000000000128,27.0,shape_dist_traveled,38
55ed8d7aef,102,0,30,HIGNORN3,HIGWORN,397.69999999999686,47.0,shape_dist_traveled,38
55ed8d7aef,102,0,31,HIGWORN,HIGLARN,299.40000000000214,41.0,shape_dist_traveled,38
55ed8d7aef,102,0,32,HIGLARN,HIGHALN,508.70000000000107,60.0,shape_dist_traveled,38
55ed8d7aef,102,0,33,HIGHALN,HIGHIGHN,216.29999999999683,25.0,shape_dist_traveled,38
55ed8d7aef,102,0,34,HIGHIGHN,VANREDS,1545.1000000000015,182.0,shape_dist_traveled,38
55ed8d7aef,102,0,35,VANREDS,VAN741S,215.1999999999994,25.0,shape_dist_traveled,38
55ed8d7aef,102,0,36,VAN741S,HUTHIGE,309.89999999999895,36.0,shape_dist_traveled,38
55ed8d7aef,102,0,37,HUTHIGE,HUN733N,467.3000000000016,55.0,shape_dist_traveled,38
55ed8d7aef,102,0,38,HUN733N,CRORIDN,288.4999999999991,37.0,shape_dist_traveled,38
55ed8d7aef,102,0,39,CRORIDN,WORALTE,979.0000000000027,105.0,shape_dist_traveled,38
55ed8d7aef,102,0,40,WORALTE,SANWORN,427.79999999999774,46.0,shape_dist_traveled,38
55ed8d7aef,102,0,41,SANWORN,SANMASN,475.79999999999956,51.0,shape_dist_traveled,38
55ed8d7aef,102,0,42,SANMASN,SANPARN,456.7000000000014,49.0,shape_dist_traveled,38
55ed8d7aef,102,0,43,SANPARN,SANBRON,555.0999999999995,59.0,shape_dist_traveled,38
55ed8d7aef,102,0,44,SANBRON,SANLAZN,424.90000000000094,45.0,shape_dist_traveled,38
55ed8d7aef,102,0,45,SANLAZN,SAN832N,227.2999999999996,24.0,shape_dist_traveled,38
55ed8d7aef,102,0,46,SAN832N,SAN866N,340.4999999999987,41.0,shape_dist_traveled,38
55ed8d7aef,102,0,47,SAN866N,POL131E,783.3000000000005,76.0,shape_dist_traveled,38
55ed8d7aef,102,0,48,POL131E,POL148E,395.80000000000126,38.0,shape_dist_traveled,38
55ed8d7aef,102,0,49,POL148E,POLORIE,1265.3,126.0,shape_dist_traveled,38
55ed8d7aef,102,0,50,POLORIE,POLOLDE,666.599999999999,58.0,shape_dist_traveled,38
55ed8d7aef,102,0,51,POLOLDE,POLCLEE,1020.3999999999986,89.0,shape_dist_traveled,38
55ed8d7aef,102,0,52,POLCLEE,POLAFRE1,356.4000000000007,33.0,shape_dist_traveled,38
55ed8d7aef,102,0,53,POLAFRE1,POLPOLE,1134.1999999999998,126.0,shape_dist_traveled,38
55ed8d7aef,102,0,54,POLPOLE,STAPOLN,537.700000000001,59.0,shape_dist_traveled,38
55ed8d7aef,102,0,55,STAPOLN,MEIPOLN,483.4999999999994,55.0,shape_dist_traveled,38
e5f5c1e70a,102,1,0,MEIPOLN,POLSTAE,782.9000000000001,84.0,shape_dist_traveled,36
e5f5c1e70a,102,1,1,POLSTAE,POLPOLW,350.5999999999999,37.0,shape_dist_traveled,36
e5f5c1e70a,102,1,2,POLPOLW,POLAFRW1,1095.5000000000002,119.0,shape_dist_traveled,36
e5f5c1e70a,102,1,3,POLAFRW1,POLCLEW,537.1999999999999,59.0,shape_dist_traveled,36
e5f5c1e70a,102,1,4,POLCLEW,POLOLDW,1012.4,111.0,shape_dist_traveled,36
e5f5c1e70a,102,1,5,POLOLDW,POLORIW,631.5999999999997,70.0,shape_dist_traveled,36
e5f5c1e70a,102,1,6,POLORIW,POLLYRW,1009.6000000000007,125.0,shape_dist_traveled,36
e5f5c1e70a,102,1,7,POLLYRW,1374POLW,332.9999999999993,41.0,shape_dist_traveled,36
e5f5c1e70a,102,1,8,1374POLW,POLMAEW2,363.00000000000045,45.0,shape_dist_traveled,36
e5f5c1e70a,102,1,9,POLMAEW2,SAN868S,705.4,89.0,shape_dist_traveled,36
e5f5c1e70a,102,1,10,SAN868S,SAN8491S,343.1999999999995,44.0,shape_dist_traveled,36
e5f5c1e70a,102,1,11,SAN8491S,SANLAZS,269.4000000000001,34.0,shape_dist_traveled,36
e5f5c1e70a,102,1,12,SANLAZS,SANBROS,389.1,50.0,shape_dist_traveled,36
e5f5c1e70a,102,1,13,SANBROS,SANPARS,595.2000000000011,77.0,shape_dist_traveled,36
e5f5c1e70a,102,1,14,SANPARS,SANWHIS,429.9999999999997,55.0,shape_dist_traveled,36
e5f5c1e70a,102,1,15,SANWHIS,WORSANW,538.2999999999995,69.0,shape_dist_traveled,36
e5f5c1e70a,102,1,16,WORSANW,WORALTW,430.7999999999996,55.0,shape_dist_traveled,36
e5f5c1e70a,102,1,17,WORALTW,HUNTPARK,994.2000000000011,128.0,shape_dist_traveled,36
e5f5c1e70a,102,1,18,HUNTPARK,346HUTCH,395.19999999999914,51.0,shape_dist_traveled,36
e5f5c1e70a,102,1,19,346HUTCH,HUTCHHC,562.5999999999998,72.0,shape_dist_traveled,36
e5f5c1e70a,102,1,20,HUTCHHC,44HUTCH,263.79999999999984,34.0,shape_dist_traveled,36
e5f5c1e70a,102,1,21,44HUTCH,CAMVANW,663.8000000000002,86.0,shape_dist_traveled,36
e5f5c1e70a,102,1,22,CAMVANW,HIGCARS,1711.0000000000002,221.0,shape_dist_traveled,36
e5f5c1e70a,102,1,23,HIGCARS,HIGHALS,255.39999999999986,33.0,shape_dist_traveled,36
e5f5c1e70a,102,1,24,HIGHALS,HIGLARS,482.5999999999997,71.0,shape_dist_traveled,36
e5f5c1e70a,102,1,25,HIGLARS,HIGWORS,379.5999999999999,56.0,shape_dist_traveled,36
e5f5c1e70a,102,1,26,HIGWORS,HIGNORTS,311.6000000000003,46.0,shape_dist_traveled,36
e5f5c1e70a,102,1,27,HIGNORTS,HIGSTAFS,159.20000000000022,23.0,shape_dist_traveled,36
e5f5c1e70a,102,1,28,HIGSTAFS,HIG161S,235.30000000000052,34.0,shape_dist_traveled,36
e5f5c1e70a,102,1,29,HIG161S,HIGNEWS,235.0999999999992,34.0,shape_dist_traveled,36
e5f5c1e70a,102,1,30,HIGNEWS,HIGSOUS,275.50000000000097,40.0,shape_dist_traveled,36
e5f5c1e70a,102,1,31,HIGSOUS,HIGSOUTS,477.00000000000034,70.0,shape_dist_traveled,36
e5f5c1e70a,102,1,32,HIGSOUTS,HIGSELS,393.39999999999975,58.0,shape_dist_traveled,36
e5f5c1e70a,102,1,33,HIGSELS,HIGBROAS,398.5999999999983,59.0,shape_dist_traveled,36
e5f5c1e70a,102,1,34,HIGBROAS,HIGKANS,219.20000000000073,32.0,shape_dist_traveled,36
e5f5c1e70a,102,1,35,HIGKANS,HIG521S,265.29999999999984,39.0,shape_dist_traveled,36
e5f5c1e70a,102,1,36,HIG521S,HIGFENS,140.10000000000034,20.0,shape_dist_traveled,36
e5f5c1e70a,102,1,37,HIGFENS,HIGGRA2S,338.40000000000003,50.0,shape_dist_traveled,36
e5f5c1e70a,102,1,38,HIGGRA2S,HIGMORS,210.39999999999992,39.0,shape_dist_traveled,36
e5f5c1e70a,102,1,39,HIGMORS,HIGJEFS,134.1000000000001,17.0,shape_dist_traveled,36
e5f5c1e70a,102,1,40,HIGJEFS,HIGHENS,1118.2000000000016,148.0,shape_dist_traveled,36
e5f5c1e70a,102,1,41,HIGHENS,HIGCHAS,1083.099999999998,143.0,shape_dist_traveled,36
e5f5c1e70a,102,1,42,HIGCHAS,HIGNORS,1285.3999999999992,172.0,shape_dist_traveled,36
e5f5c1e70a,102,1,43,HIGNORS,HIGOLES,1260.9999999999993,157.0,shape_dist_traveled,36
e5f5c1e70a,102,1,44,HIGOLES,HIGHUDS,657.0,83.0,shape_dist_traveled,36
e5f5c1e70a,102,1,45,HIGHUDS,HIG18TS,1272.500000000001,221.0,shape_dist_traveled,36
e5f5c1e70a,102,1,46,HIG18TS,HIGCHIS,791.9000000000018,137.0,shape_dist_traveled,36
e5f5c1e70a,102,1,47,HIGCHIS,HIG5THS,1038.1999999999998,182.0,shape_dist_traveled,36
e5f5c1e70a,102,1,48,HIG5THS,HIGSWANS,1546.3999999999985,265.0,shape_dist_traveled,36
e5f5c1e70a,102,1,49,HIGSWANS,HIGNATS,552.6000000000017,95.0,shape_dist_traveled,36
e5f5c1e70a,102,1,50,HIGNATS,HIGLONS,346.4999999999989,60.0,shape_dist_traveled,36
e5f5c1e70a,102,1,51,HIGLONS,HIGBROS,265.59999999999917,120.0,shape_dist_traveled,36
e5f5c1e70a,102,1,52,HIGBROS,HIGSTAS,284.70000000000084,64.0,shape_dist_traveled,36
e5f5c1e70a,102,1,53,HIGSTAS,HIGTOWS,247.19999999999942,56.0,shape_dist_traveled,36
e5f5c1e70a,102,1,54,HIGTOWS,MAIHIGE,307.60000000000076,76.0,shape_dist_traveled,36
e5f5c1e70a,102,1,55,MAIHIGE,MAI4THE,326.6999999999989,81.0,shape_dist_traveled,36
e5f5c1e70a,102,1,56,MAI4THE,MAI5THE,196.3000000000008,49.0,shape_dist_traveled,36
e5f5c1e70a,102,1,57,MAI5THE,GRAMOUS,303.7000000000028,76.0,shape_dist_traveled,36
e5f5c1e70a,102,1,58,GRAMOUS,MOU5THW1,304.09999999999826,78.0,shape_dist_traveled,36
fb3bf4f3d5,141,0,0,STAHIGW,HIGBRONN,254.2,60.0,shape_dist_traveled,5
fb3bf4f3d5,141,0,1,HIGBRONN,HIGLONN2,308.20000000000005,117.0,shape_dist_traveled,5
fb3bf4f3d5,141,0,2,HIGLONN2,SPRFROW,319.20000000000005,123.0,shape_dist_traveled,5
fb3bf4f3d5,141,0,3,SPRFROW,SPRMARW,166.59999999999997,12.0,shape_dist_traveled,5
fb3bf4f3d5,141,0,4,SPRMARW,RIVNOTN,11367.4,828.0,shape_dist_traveled,5
fb3bf4f3d5,141,0,5,RIVNOTN,DALDUBN,8905.199999999999,720.0,shape_dist_traveled,5
fb3bf4f3d5,141,0,6,DALDUBN,COLUMBN,7744.700000000002,780.0,shape_dist_traveled,5
44b877152e,141,1,0,COLUMBN,DALDUBN,7893.4,600.0,shape_dist_traveled,5
44b877152e,141,1,1,DALDUBN,RIVNOTS,9241.900000000001,780.0,shape_dist_traveled,5
44b877152e,141,1,2,RIVNOTS,LONHIGE,11659.599999999997,1054.0,shape_dist_traveled,5
44b877152e,141,1,3,LONHIGE,3RDGAYS,369.7000000000017,33.0,shape_dist_traveled,5
44b877152e,141,1,4,3RDGAYS,3RDBROS1,246.1999999999982,22.0,shape_dist_traveled,5
44b877152e,141,1,5,3RDBROS1,STAHIGW,332.00000000000074,31.0,shape_dist_traveled,5
