period,od_index,flow,route,n_same_route_patterns,n_other_routes,n_attractive_lines,own_headway_min,combined_headway_min,wait_now_min,wait_hyperpath_min,saving_min,flow_weighted_saving,saving_same_route_min,flow_weighted_saving_same_route,saving_cross_route_only_min,flow_weighted_saving_cross_route
am_peak,93,0.10305481349185328,012,1,1,2,25.714285714285715,13.846153846153847,9.428571428571429,6.461538461538462,5.934065934065934,0.6115340580835249,0.0,0.0,5.934065934065934,0.6115340580835249
am_peak,98,0.10305481349185328,007,2,1,3,15.0,12.0,6.75,6.0,1.5,0.1545822202377799,0.0,0.0,1.5,0.1545822202377799
am_peak,115,0.10305481349185328,034,1,1,2,15.0,12.0,6.75,6.0,1.5,0.1545822202377799,0.0,0.0,1.5,0.1545822202377799
am_peak,116,0.10305481349185328,034,1,1,2,15.0,12.0,6.75,6.0,1.5,0.1545822202377799,0.0,0.0,1.5,0.1545822202377799
am_peak,133,0.20610962698370655,021,1,1,2,51.42857142857143,32.72727272727273,15.857142857142858,11.181818181818182,9.350649350649352,1.9272588497177758,0.0,0.0,9.350649350649352,1.9272588497177758
am_peak,140,0.3606918472214865,034,1,1,2,15.0,12.0,6.75,6.0,1.5,0.5410377708322298,0.0,0.0,1.5,0.5410377708322298
am_peak,158,0.30916444047555985,007,2,2,4,15.0,10.0,6.75,5.0,3.5,1.0820755416644594,0.0,0.0,3.5,1.0820755416644594
am_peak,202,0.15458222023777993,021,1,1,2,51.42857142857143,32.72727272727273,15.857142857142858,11.181818181818182,9.350649350649352,1.445444137288332,0.0,0.0,9.350649350649352,1.445444137288332
am_peak,203,0.10305481349185328,021,1,1,2,51.42857142857143,32.72727272727273,15.857142857142858,11.181818181818182,9.350649350649352,0.9636294248588879,0.0,0.0,9.350649350649352,0.9636294248588879
am_peak,219,0.4122192539674131,034,1,1,2,15.0,12.0,6.75,6.0,1.5,0.6183288809511196,0.0,0.0,1.5,0.6183288809511196
am_peak,224,0.2576370337296332,034,1,1,2,15.0,12.0,6.75,6.0,1.5,0.3864555505944498,0.0,0.0,1.5,0.3864555505944498
am_peak,225,0.15458222023777993,034,1,1,2,15.0,12.0,6.75,6.0,1.5,0.2318733303566699,0.0,0.0,1.5,0.2318733303566699
am_peak,229,0.20610962698370655,034,1,1,2,15.0,12.0,6.75,6.0,1.5,0.3091644404755598,0.0,0.0,1.5,0.3091644404755598
am_peak,230,2.885534777771892,034,1,1,2,15.0,12.0,6.75,6.0,1.5,4.3283021666578385,0.0,0.0,1.5,4.3283021666578385
am_peak,239,0.10305481349185328,034,1,1,2,15.0,12.0,6.75,6.0,1.5,0.1545822202377799,0.0,0.0,1.5,0.1545822202377799
am_peak,239,0.10305481349185328,102,1,1,2,30.0,10.0,10.5,5.0,11.0,1.133602948410386,0.0,0.0,11.0,1.133602948410386
am_peak,250,0.10305481349185328,008,1,1,2,30.0,15.0,10.5,6.75,7.5,0.7729111011888996,0.0,0.0,7.5,0.7729111011888996
am_peak,251,0.15458222023777993,034,1,1,2,15.0,12.0,6.75,6.0,1.5,0.2318733303566699,0.0,0.0,1.5,0.2318733303566699
am_peak,252,0.4122192539674131,034,1,1,2,15.0,12.0,6.75,6.0,1.5,0.6183288809511196,0.0,0.0,1.5,0.6183288809511196
am_peak,254,0.10305481349185328,034,1,1,2,15.0,12.0,6.75,6.0,1.5,0.1545822202377799,0.0,0.0,1.5,0.1545822202377799
am_peak,256,0.10305481349185328,034,1,1,2,15.0,12.0,6.75,6.0,1.5,0.1545822202377799,0.0,0.0,1.5,0.1545822202377799
am_peak,257,0.15458222023777993,034,1,1,2,15.0,12.0,6.75,6.0,1.5,0.2318733303566699,0.0,0.0,1.5,0.2318733303566699
am_peak,258,0.30916444047555985,034,1,1,2,15.0,12.0,6.75,6.0,1.5,0.4637466607133398,0.0,0.0,1.5,0.4637466607133398
am_peak,259,0.10305481349185328,034,1,1,2,15.0,12.0,6.75,6.0,1.5,0.1545822202377799,0.0,0.0,1.5,0.1545822202377799
am_peak,259,0.10305481349185328,001,1,1,2,30.0,22.5,10.5,8.625,3.75,0.3864555505944498,0.0,0.0,3.75,0.3864555505944498
am_peak,260,0.10305481349185328,034,1,1,2,15.0,12.0,6.75,6.0,1.5,0.1545822202377799,0.0,0.0,1.5,0.1545822202377799
am_peak,261,0.15458222023777993,034,1,1,2,15.0,12.0,6.75,6.0,1.5,0.2318733303566699,0.0,0.0,1.5,0.2318733303566699
am_peak,262,0.3606918472214865,034,1,1,2,15.0,12.0,6.75,6.0,1.5,0.5410377708322298,0.0,0.0,1.5,0.5410377708322298
am_peak,267,0.20610962698370655,034,1,1,2,15.0,12.0,6.75,6.0,1.5,0.3091644404755598,0.0,0.0,1.5,0.3091644404755598
am_peak,273,0.10305481349185328,034,1,1,2,15.0,12.0,6.75,6.0,1.5,0.1545822202377799,0.0,0.0,1.5,0.1545822202377799
am_peak,294,0.10305481349185328,034,1,1,2,15.0,12.0,6.75,6.0,1.5,0.1545822202377799,0.0,0.0,1.5,0.1545822202377799
am_peak,296,0.10305481349185328,034,1,1,2,15.0,12.0,6.75,6.0,1.5,0.1545822202377799,0.0,0.0,1.5,0.1545822202377799
am_peak,316,0.10305481349185328,034,1,1,2,15.0,12.0,6.75,6.0,1.5,0.1545822202377799,0.0,0.0,1.5,0.1545822202377799
am_peak,317,0.10305481349185328,034,1,1,2,15.0,12.0,6.75,6.0,1.5,0.1545822202377799,0.0,0.0,1.5,0.1545822202377799
am_peak,332,0.10305481349185328,034,1,1,2,15.0,12.0,6.75,6.0,1.5,0.1545822202377799,0.0,0.0,1.5,0.1545822202377799
am_peak,337,0.15458222023777993,011,1,1,2,60.0,12.0,18.0,6.0,24.0,3.7099732857067185,0.0,0.0,24.0,3.7099732857067185
am_peak,344,0.20610962698370655,102,1,1,2,30.0,10.0,10.5,5.0,11.0,2.267205896820772,0.0,0.0,11.0,2.267205896820772
am_peak,347,0.15458222023777993,102,1,1,2,30.0,10.0,10.5,5.0,11.0,1.7004044226155792,0.0,0.0,11.0,1.7004044226155792
am_peak,349,1.6488770158696524,102,1,1,2,30.0,10.0,10.5,5.0,11.0,18.137647174566176,0.0,0.0,11.0,18.137647174566176
am_peak,352,0.10305481349185328,102,1,1,2,30.0,10.0,10.5,5.0,11.0,1.133602948410386,0.0,0.0,11.0,1.133602948410386
am_peak,353,0.566801474205193,102,1,1,2,30.0,10.0,10.5,5.0,11.0,6.234816216257123,0.0,0.0,11.0,6.234816216257123
am_peak,355,0.10305481349185328,102,1,1,2,30.0,10.0,10.5,5.0,11.0,1.133602948410386,0.0,0.0,11.0,1.133602948410386
am_peak,357,0.10305481349185328,102,1,1,2,30.0,10.0,10.5,5.0,11.0,1.133602948410386,0.0,0.0,11.0,1.133602948410386
am_peak,368,0.15458222023777993,102,1,1,2,30.0,10.0,10.5,5.0,11.0,1.7004044226155792,0.0,0.0,11.0,1.7004044226155792
am_peak,369,0.15458222023777993,102,1,1,2,30.0,10.0,10.5,5.0,11.0,1.7004044226155792,0.0,0.0,11.0,1.7004044226155792
am_peak,371,0.10305481349185328,102,1,1,2,30.0,10.0,10.5,5.0,11.0,1.133602948410386,0.0,0.0,11.0,1.133602948410386
am_peak,372,0.10305481349185328,102,1,1,2,30.0,10.0,10.5,5.0,11.0,1.133602948410386,0.0,0.0,11.0,1.133602948410386
am_peak,375,0.10305481349185328,034,1,1,2,15.0,12.0,6.75,6.0,1.5,0.1545822202377799,0.0,0.0,1.5,0.1545822202377799
am_peak,380,0.10305481349185328,034,1,1,2,15.0,12.0,6.75,6.0,1.5,0.1545822202377799,0.0,0.0,1.5,0.1545822202377799
am_peak,386,0.20610962698370655,102,1,1,2,30.0,10.0,10.5,5.0,11.0,2.267205896820772,0.0,0.0,11.0,2.267205896820772
am_peak,387,0.20610962698370655,102,1,1,2,30.0,10.0,10.5,5.0,11.0,2.267205896820772,0.0,0.0,11.0,2.267205896820772
am_peak,387,0.20610962698370655,007,2,2,4,15.0,10.0,6.75,5.0,3.5,0.7213836944429729,0.0,0.0,3.5,0.7213836944429729
am_peak,388,1.8034592361074324,102,1,1,2,30.0,10.0,10.5,5.0,11.0,19.838051597181757,0.0,0.0,11.0,19.838051597181757
am_peak,392,0.20610962698370655,102,1,1,2,30.0,10.0,10.5,5.0,11.0,2.267205896820772,0.0,0.0,11.0,2.267205896820772
am_peak,393,0.9790207281726062,102,1,1,2,30.0,10.0,10.5,5.0,11.0,10.769228009898669,0.0,0.0,11.0,10.769228009898669
am_peak,394,0.10305481349185328,102,1,1,2,30.0,10.0,10.5,5.0,11.0,1.133602948410386,0.0,0.0,11.0,1.133602948410386
am_peak,397,0.10305481349185328,102,1,1,2,30.0,10.0,10.5,5.0,11.0,1.133602948410386,0.0,0.0,11.0,1.133602948410386
am_peak,402,0.20610962698370655,034,1,1,2,15.0,12.0,6.75,6.0,1.5,0.3091644404755598,0.0,0.0,1.5,0.3091644404755598
am_peak,412,0.2576370337296332,102,1,1,2,30.0,10.0,10.5,5.0,11.0,2.8340073710259652,0.0,0.0,11.0,2.8340073710259652
am_peak,413,0.15458222023777993,034,1,1,2,15.0,12.0,6.75,6.0,1.5,0.2318733303566699,0.0,0.0,1.5,0.2318733303566699
am_peak,418,0.15458222023777993,034,1,1,2,15.0,12.0,6.75,6.0,1.5,0.2318733303566699,0.0,0.0,1.5,0.2318733303566699
am_peak,431,0.3606918472214865,007,2,2,4,15.0,10.0,6.75,5.0,3.5,1.2624214652752028,0.0,0.0,3.5,1.2624214652752028
am_peak,457,0.2576370337296332,034,1,1,2,15.0,12.0,6.75,6.0,1.5,0.3864555505944498,0.0,0.0,1.5,0.3864555505944498
am_peak,462,0.15458222023777993,102,1,1,2,30.0,10.0,10.5,5.0,11.0,1.7004044226155792,0.0,0.0,11.0,1.7004044226155792
am_peak,462,0.15458222023777993,034,1,1,2,15.0,12.0,6.75,6.0,1.5,0.2318733303566699,0.0,0.0,1.5,0.2318733303566699
am_peak,466,0.10305481349185328,102,1,1,2,30.0,10.0,10.5,5.0,11.0,1.133602948410386,0.0,0.0,11.0,1.133602948410386
am_peak,467,0.15458222023777993,102,1,1,2,30.0,10.0,10.5,5.0,11.0,1.7004044226155792,0.0,0.0,11.0,1.7004044226155792
am_peak,471,0.10305481349185328,102,1,1,2,30.0,10.0,10.5,5.0,11.0,1.133602948410386,0.0,0.0,11.0,1.133602948410386
am_peak,471,0.10305481349185328,007,2,2,4,15.0,10.0,6.75,5.0,3.5,0.36069184722148645,0.0,0.0,3.5,0.36069184722148645
am_peak,472,1.133602948410386,102,1,1,2,30.0,10.0,10.5,5.0,11.0,12.469632432514246,0.0,0.0,11.0,12.469632432514246
am_peak,473,0.2576370337296332,102,1,1,2,30.0,10.0,10.5,5.0,11.0,2.8340073710259652,0.0,0.0,11.0,2.8340073710259652
am_peak,476,0.10305481349185328,102,1,1,2,30.0,10.0,10.5,5.0,11.0,1.133602948410386,0.0,0.0,11.0,1.133602948410386
am_peak,477,0.6698562876970463,102,1,1,2,30.0,10.0,10.5,5.0,11.0,7.368419164667509,0.0,0.0,11.0,7.368419164667509
am_peak,478,0.15458222023777993,102,1,1,2,30.0,10.0,10.5,5.0,11.0,1.7004044226155792,0.0,0.0,11.0,1.7004044226155792
am_peak,479,0.15458222023777993,102,1,1,2,30.0,10.0,10.5,5.0,11.0,1.7004044226155792,0.0,0.0,11.0,1.7004044226155792
am_peak,480,0.10305481349185328,102,1,1,2,30.0,10.0,10.5,5.0,11.0,1.133602948410386,0.0,0.0,11.0,1.133602948410386
am_peak,482,0.15458222023777993,102,1,1,2,30.0,10.0,10.5,5.0,11.0,1.7004044226155792,0.0,0.0,11.0,1.7004044226155792
am_peak,484,0.10305481349185328,102,1,1,2,30.0,10.0,10.5,5.0,11.0,1.133602948410386,0.0,0.0,11.0,1.133602948410386
am_peak,484,0.10305481349185328,034,1,1,2,15.0,12.0,6.75,6.0,1.5,0.1545822202377799,0.0,0.0,1.5,0.1545822202377799
am_peak,487,0.10305481349185328,102,1,1,2,30.0,10.0,10.5,5.0,11.0,1.133602948410386,0.0,0.0,11.0,1.133602948410386
am_peak,488,0.10305481349185328,102,1,1,2,30.0,10.0,10.5,5.0,11.0,1.133602948410386,0.0,0.0,11.0,1.133602948410386
am_peak,492,0.10305481349185328,102,1,1,2,30.0,10.0,10.5,5.0,11.0,1.133602948410386,0.0,0.0,11.0,1.133602948410386
am_peak,493,0.10305481349185328,102,1,1,2,30.0,10.0,10.5,5.0,11.0,1.133602948410386,0.0,0.0,11.0,1.133602948410386
am_peak,493,0.10305481349185328,034,1,1,2,15.0,12.0,6.75,6.0,1.5,0.1545822202377799,0.0,0.0,1.5,0.1545822202377799
am_peak,494,0.2576370337296332,102,1,1,2,30.0,10.0,10.5,5.0,11.0,2.8340073710259652,0.0,0.0,11.0,2.8340073710259652
am_peak,496,0.10305481349185328,034,1,1,2,15.0,12.0,6.75,6.0,1.5,0.1545822202377799,0.0,0.0,1.5,0.1545822202377799
am_peak,497,0.15458222023777993,034,1,1,2,15.0,12.0,6.75,6.0,1.5,0.2318733303566699,0.0,0.0,1.5,0.2318733303566699
am_peak,502,0.10305481349185328,007,2,2,4,15.0,10.0,6.75,5.0,3.5,0.36069184722148645,0.0,0.0,3.5,0.36069184722148645
am_peak,510,0.3606918472214865,034,1,1,2,15.0,12.0,6.75,6.0,1.5,0.5410377708322298,0.0,0.0,1.5,0.5410377708322298
am_peak,511,0.10305481349185328,034,1,1,2,15.0,12.0,6.75,6.0,1.5,0.1545822202377799,0.0,0.0,1.5,0.1545822202377799
am_peak,512,0.10305481349185328,034,1,1,2,15.0,12.0,6.75,6.0,1.5,0.1545822202377799,0.0,0.0,1.5,0.1545822202377799
am_peak,514,0.20610962698370655,034,1,1,2,15.0,12.0,6.75,6.0,1.5,0.3091644404755598,0.0,0.0,1.5,0.3091644404755598
am_peak,515,0.10305481349185328,034,1,1,2,15.0,12.0,6.75,6.0,1.5,0.1545822202377799,0.0,0.0,1.5,0.1545822202377799
am_peak,516,0.15458222023777993,034,1,1,2,15.0,12.0,6.75,6.0,1.5,0.2318733303566699,0.0,0.0,1.5,0.2318733303566699
am_peak,518,0.10305481349185328,034,1,1,2,15.0,12.0,6.75,6.0,1.5,0.1545822202377799,0.0,0.0,1.5,0.1545822202377799
am_peak,532,0.10305481349185328,102,1,1,2,30.0,10.0,10.5,5.0,11.0,1.133602948410386,0.0,0.0,11.0,1.133602948410386
am_peak,532,0.10305481349185328,034,1,1,2,15.0,12.0,6.75,6.0,1.5,0.1545822202377799,0.0,0.0,1.5,0.1545822202377799
am_peak,536,0.15458222023777993,102,1,1,2,30.0,10.0,10.5,5.0,11.0,1.7004044226155792,0.0,0.0,11.0,1.7004044226155792
am_peak,537,0.10305481349185328,102,1,1,2,30.0,10.0,10.5,5.0,11.0,1.133602948410386,0.0,0.0,11.0,1.133602948410386
am_peak,538,0.10305481349185328,102,1,1,2,30.0,10.0,10.5,5.0,11.0,1.133602948410386,0.0,0.0,11.0,1.133602948410386
am_peak,540,0.10305481349185328,102,1,1,2,30.0,10.0,10.5,5.0,11.0,1.133602948410386,0.0,0.0,11.0,1.133602948410386
am_peak,541,0.10305481349185328,102,1,1,2,30.0,10.0,10.5,5.0,11.0,1.133602948410386,0.0,0.0,11.0,1.133602948410386
am_peak,542,0.15458222023777993,102,1,1,2,30.0,10.0,10.5,5.0,11.0,1.7004044226155792,0.0,0.0,11.0,1.7004044226155792
am_peak,543,0.15458222023777993,102,1,1,2,30.0,10.0,10.5,5.0,11.0,1.7004044226155792,0.0,0.0,11.0,1.7004044226155792
am_peak,543,0.15458222023777993,007,2,2,4,15.0,10.0,6.75,5.0,3.5,0.5410377708322297,0.0,0.0,3.5,0.5410377708322297
am_peak,544,1.442767388885946,102,1,1,2,30.0,10.0,10.5,5.0,11.0,15.870441277745407,0.0,0.0,11.0,15.870441277745407
am_peak,545,0.15458222023777993,102,1,1,2,30.0,10.0,10.5,5.0,11.0,1.7004044226155792,0.0,0.0,11.0,1.7004044226155792
am_peak,548,0.2576370337296332,102,1,1,2,30.0,10.0,10.5,5.0,11.0,2.8340073710259652,0.0,0.0,11.0,2.8340073710259652
am_peak,549,1.1851303551563128,102,1,1,2,30.0,10.0,10.5,5.0,11.0,13.036433906719441,0.0,0.0,11.0,13.036433906719441
am_peak,550,0.10305481349185328,102,1,1,2,30.0,10.0,10.5,5.0,11.0,1.133602948410386,0.0,0.0,11.0,1.133602948410386
am_peak,551,0.10305481349185328,102,1,1,2,30.0,10.0,10.5,5.0,11.0,1.133602948410386,0.0,0.0,11.0,1.133602948410386
am_peak,552,0.15458222023777993,102,1,1,2,30.0,10.0,10.5,5.0,11.0,1.7004044226155792,0.0,0.0,11.0,1.7004044226155792
am_peak,553,0.566801474205193,102,1,1,2,30.0,10.0,10.5,5.0,11.0,6.234816216257123,0.0,0.0,11.0,6.234816216257123
am_peak,554,0.10305481349185328,102,1,1,2,30.0,10.0,10.5,5.0,11.0,1.133602948410386,0.0,0.0,11.0,1.133602948410386
am_peak,555,0.10305481349185328,102,1,1,2,30.0,10.0,10.5,5.0,11.0,1.133602948410386,0.0,0.0,11.0,1.133602948410386
am_peak,558,0.10305481349185328,102,1,1,2,30.0,10.0,10.5,5.0,11.0,1.133602948410386,0.0,0.0,11.0,1.133602948410386
am_peak,559,0.10305481349185328,102,1,1,2,30.0,10.0,10.5,5.0,11.0,1.133602948410386,0.0,0.0,11.0,1.133602948410386
am_peak,561,0.15458222023777993,102,1,1,2,30.0,10.0,10.5,5.0,11.0,1.7004044226155792,0.0,0.0,11.0,1.7004044226155792
am_peak,563,0.20610962698370655,102,1,1,2,30.0,10.0,10.5,5.0,11.0,2.267205896820772,0.0,0.0,11.0,2.267205896820772
am_peak,564,0.10305481349185328,102,1,1,2,30.0,10.0,10.5,5.0,11.0,1.133602948410386,0.0,0.0,11.0,1.133602948410386
am_peak,565,0.10305481349185328,102,1,1,2,30.0,10.0,10.5,5.0,11.0,1.133602948410386,0.0,0.0,11.0,1.133602948410386
am_peak,566,0.30916444047555985,102,1,1,2,30.0,10.0,10.5,5.0,11.0,3.4008088452311585,0.0,0.0,11.0,3.4008088452311585
am_peak,567,0.10305481349185328,021,1,1,2,51.42857142857143,32.72727272727273,15.857142857142858,11.181818181818182,9.350649350649352,0.9636294248588879,0.0,0.0,9.350649350649352,0.9636294248588879
am_peak,568,0.2576370337296332,102,1,1,2,30.0,10.0,10.5,5.0,11.0,2.8340073710259652,0.0,0.0,11.0,2.8340073710259652
am_peak,569,0.10305481349185328,102,1,1,2,30.0,10.0,10.5,5.0,11.0,1.133602948410386,0.0,0.0,11.0,1.133602948410386
am_peak,571,0.4122192539674131,102,1,1,2,30.0,10.0,10.5,5.0,11.0,4.534411793641544,0.0,0.0,11.0,4.534411793641544
am_peak,571,0.4122192539674131,034,1,1,2,15.0,12.0,6.75,6.0,1.5,0.6183288809511196,0.0,0.0,1.5,0.6183288809511196
am_peak,572,0.7729111011888996,102,1,1,2,30.0,10.0,10.5,5.0,11.0,8.502022113077896,0.0,0.0,11.0,8.502022113077896
am_peak,573,0.30916444047555985,102,1,1,2,30.0,10.0,10.5,5.0,11.0,3.4008088452311585,0.0,0.0,11.0,3.4008088452311585
am_peak,575,0.30916444047555985,034,1,1,2,15.0,12.0,6.75,6.0,1.5,0.4637466607133398,0.0,0.0,1.5,0.4637466607133398
am_peak,576,0.15458222023777993,034,1,1,2,15.0,12.0,6.75,6.0,1.5,0.2318733303566699,0.0,0.0,1.5,0.2318733303566699
am_peak,587,0.2576370337296332,007,2,2,4,15.0,10.0,6.75,5.0,3.5,0.9017296180537162,0.0,0.0,3.5,0.9017296180537162
am_peak,596,0.10305481349185328,034,1,1,2,15.0,12.0,6.75,6.0,1.5,0.1545822202377799,0.0,0.0,1.5,0.1545822202377799
am_peak,598,0.2576370337296332,034,1,1,2,15.0,12.0,6.75,6.0,1.5,0.3864555505944498,0.0,0.0,1.5,0.3864555505944498
am_peak,599,0.10305481349185328,034,1,1,2,15.0,12.0,6.75,6.0,1.5,0.1545822202377799,0.0,0.0,1.5,0.1545822202377799
am_peak,600,0.30916444047555985,034,1,1,2,15.0,12.0,6.75,6.0,1.5,0.4637466607133398,0.0,0.0,1.5,0.4637466607133398
am_peak,601,0.20610962698370655,034,1,1,2,15.0,12.0,6.75,6.0,1.5,0.3091644404755598,0.0,0.0,1.5,0.3091644404755598
am_peak,603,0.15458222023777993,034,1,1,2,15.0,12.0,6.75,6.0,1.5,0.2318733303566699,0.0,0.0,1.5,0.2318733303566699
am_peak,633,0.10305481349185328,102,1,1,2,30.0,10.0,10.5,5.0,11.0,1.133602948410386,0.0,0.0,11.0,1.133602948410386
am_peak,634,0.20610962698370655,102,1,1,2,30.0,10.0,10.5,5.0,11.0,2.267205896820772,0.0,0.0,11.0,2.267205896820772
am_peak,634,0.20610962698370655,007,2,2,4,15.0,10.0,6.75,5.0,3.5,0.7213836944429729,0.0,0.0,3.5,0.7213836944429729
am_peak,635,2.267205896820772,102,1,1,2,30.0,10.0,10.5,5.0,11.0,24.93926486502849,0.0,0.0,11.0,24.93926486502849
am_peak,639,0.10305481349185328,102,1,1,2,30.0,10.0,10.5,5.0,11.0,1.133602948410386,0.0,0.0,11.0,1.133602948410386
am_peak,640,0.46374666071333975,102,1,1,2,30.0,10.0,10.5,5.0,11.0,5.101213267846737,0.0,0.0,11.0,5.101213267846737
am_peak,641,0.20610962698370655,102,1,1,2,30.0,10.0,10.5,5.0,11.0,2.267205896820772,0.0,0.0,11.0,2.267205896820772
am_peak,644,0.10305481349185328,102,1,1,2,30.0,10.0,10.5,5.0,11.0,1.133602948410386,0.0,0.0,11.0,1.133602948410386
am_peak,646,0.2576370337296332,102,1,1,2,30.0,10.0,10.5,5.0,11.0,2.8340073710259652,0.0,0.0,11.0,2.8340073710259652
am_peak,651,0.10305481349185328,102,1,1,2,30.0,10.0,10.5,5.0,11.0,1.133602948410386,0.0,0.0,11.0,1.133602948410386
am_peak,661,0.10305481349185328,021,1,1,2,51.42857142857143,32.72727272727273,15.857142857142858,11.181818181818182,9.350649350649352,0.9636294248588879,0.0,0.0,9.350649350649352,0.9636294248588879
am_peak,662,0.10305481349185328,021,1,1,2,51.42857142857143,32.72727272727273,15.857142857142858,11.181818181818182,9.350649350649352,0.9636294248588879,0.0,0.0,9.350649350649352,0.9636294248588879
am_peak,663,0.10305481349185328,102,1,1,2,30.0,10.0,10.5,5.0,11.0,1.133602948410386,0.0,0.0,11.0,1.133602948410386
am_peak,666,0.10305481349185328,102,1,1,2,30.0,10.0,10.5,5.0,11.0,1.133602948410386,0.0,0.0,11.0,1.133602948410386
am_peak,667,0.20610962698370655,102,1,1,2,30.0,10.0,10.5,5.0,11.0,2.267205896820772,0.0,0.0,11.0,2.267205896820772
am_peak,690,0.4122192539674131,007,2,2,4,15.0,10.0,6.75,5.0,3.5,1.4427673888859458,0.0,0.0,3.5,1.4427673888859458
am_peak,733,0.46374666071333975,007,2,2,4,15.0,10.0,6.75,5.0,3.5,1.6231133124966892,0.0,0.0,3.5,1.6231133124966892
am_peak,771,0.15458222023777993,102,1,1,2,30.0,10.0,10.5,5.0,11.0,1.7004044226155792,0.0,0.0,11.0,1.7004044226155792
am_peak,816,0.30916444047555985,001,2,2,4,15.0,6.0,6.75,3.0,7.5,2.318733303566699,0.0,0.0,7.5,2.318733303566699
am_peak,871,0.15458222023777993,002,2,1,3,15.0,7.5,6.75,3.75,6.0,0.9274933214266796,0.0,0.0,6.0,0.9274933214266796
am_peak,891,0.20610962698370655,035,1,1,2,60.0,45.0,18.0,14.25,7.5,1.5458222023777992,0.0,0.0,7.5,1.5458222023777992
am_peak,945,0.15458222023777993,021,1,1,2,51.42857142857143,32.72727272727273,15.857142857142858,11.181818181818182,9.350649350649352,1.445444137288332,0.0,0.0,9.350649350649352,1.445444137288332
am_peak,979,0.15458222023777993,006,1,1,2,14.4,9.23076923076923,6.6,4.615384615384615,3.9692307692307693,0.6135725049438034,0.0,0.0,3.9692307692307693,0.6135725049438034
am_peak,1004,0.2576370337296332,102,1,1,2,30.0,10.0,10.5,5.0,11.0,2.8340073710259652,0.0,0.0,11.0,2.8340073710259652
am_peak,1005,0.15458222023777993,102,1,1,2,30.0,10.0,10.5,5.0,11.0,1.7004044226155792,0.0,0.0,11.0,1.7004044226155792
am_peak,1008,0.2576370337296332,102,1,1,2,30.0,10.0,10.5,5.0,11.0,2.8340073710259652,0.0,0.0,11.0,2.8340073710259652
am_peak,1009,0.20610962698370655,102,1,1,2,30.0,10.0,10.5,5.0,11.0,2.267205896820772,0.0,0.0,11.0,2.267205896820772
am_peak,1010,0.15458222023777993,102,1,1,2,30.0,10.0,10.5,5.0,11.0,1.7004044226155792,0.0,0.0,11.0,1.7004044226155792
am_peak,1011,0.15458222023777993,102,1,1,2,30.0,10.0,10.5,5.0,11.0,1.7004044226155792,0.0,0.0,11.0,1.7004044226155792
am_peak,1011,0.15458222023777993,007,2,2,4,15.0,10.0,6.75,5.0,3.5,0.5410377708322297,0.0,0.0,3.5,0.5410377708322297
am_peak,1012,3.0401169980096716,102,1,1,2,30.0,10.0,10.5,5.0,11.0,33.44128697810639,0.0,0.0,11.0,33.44128697810639
am_peak,1013,0.20610962698370655,102,1,1,2,30.0,10.0,10.5,5.0,11.0,2.267205896820772,0.0,0.0,11.0,2.267205896820772
am_peak,1016,0.15458222023777993,102,1,1,2,30.0,10.0,10.5,5.0,11.0,1.7004044226155792,0.0,0.0,11.0,1.7004044226155792
am_peak,1017,1.1851303551563128,102,1,1,2,30.0,10.0,10.5,5.0,11.0,13.036433906719441,0.0,0.0,11.0,13.036433906719441
am_peak,1018,0.30916444047555985,102,1,1,2,30.0,10.0,10.5,5.0,11.0,3.4008088452311585,0.0,0.0,11.0,3.4008088452311585
am_peak,1019,0.4122192539674131,102,1,1,2,30.0,10.0,10.5,5.0,11.0,4.534411793641544,0.0,0.0,11.0,4.534411793641544
am_peak,1020,0.3606918472214865,102,1,1,2,30.0,10.0,10.5,5.0,11.0,3.9676103194363517,0.0,0.0,11.0,3.9676103194363517
am_peak,1021,0.4122192539674131,102,1,1,2,30.0,10.0,10.5,5.0,11.0,4.534411793641544,0.0,0.0,11.0,4.534411793641544
am_peak,1022,0.2576370337296332,102,1,1,2,30.0,10.0,10.5,5.0,11.0,2.8340073710259652,0.0,0.0,11.0,2.8340073710259652
am_peak,1023,0.15458222023777993,102,1,1,2,30.0,10.0,10.5,5.0,11.0,1.7004044226155792,0.0,0.0,11.0,1.7004044226155792
am_peak,1024,0.15458222023777993,102,1,1,2,30.0,10.0,10.5,5.0,11.0,1.7004044226155792,0.0,0.0,11.0,1.7004044226155792
am_peak,1034,0.20610962698370655,102,1,1,2,30.0,10.0,10.5,5.0,11.0,2.267205896820772,0.0,0.0,11.0,2.267205896820772
am_peak,1035,0.15458222023777993,102,1,1,2,30.0,10.0,10.5,5.0,11.0,1.7004044226155792,0.0,0.0,11.0,1.7004044226155792
am_peak,1038,0.46374666071333975,102,1,1,2,30.0,10.0,10.5,5.0,11.0,5.101213267846737,0.0,0.0,11.0,5.101213267846737
am_peak,1053,0.30916444047555985,007,2,2,4,15.0,10.0,6.75,5.0,3.5,1.0820755416644594,0.0,0.0,3.5,1.0820755416644594
am_peak,1086,0.20610962698370655,007,2,2,4,15.0,10.0,6.75,5.0,3.5,0.7213836944429729,0.0,0.0,3.5,0.7213836944429729
am_peak,1107,0.15458222023777993,008,2,1,3,15.0,10.434782608695652,6.75,5.217391304347826,3.0652173913043477,0.4738281098592819,0.0,0.0,3.0652173913043477,0.4738281098592819
am_peak,1108,0.46374666071333975,007,2,2,4,15.0,10.0,6.75,5.0,3.5,1.6231133124966892,0.0,0.0,3.5,1.6231133124966892
am_peak,1115,0.20610962698370655,034,1,1,2,15.0,12.0,6.75,6.0,1.5,0.3091644404755598,0.0,0.0,1.5,0.3091644404755598
am_peak,1138,0.20610962698370655,008,1,1,2,30.0,15.0,10.5,6.75,7.5,1.5458222023777992,0.0,0.0,7.5,1.5458222023777992
am_peak,1151,0.15458222023777993,102,1,1,2,30.0,10.0,10.5,5.0,11.0,1.7004044226155792,0.0,0.0,11.0,1.7004044226155792
am_peak,1152,0.15458222023777993,102,1,1,2,30.0,10.0,10.5,5.0,11.0,1.7004044226155792,0.0,0.0,11.0,1.7004044226155792
am_peak,1152,0.15458222023777993,007,2,2,4,15.0,10.0,6.75,5.0,3.5,0.5410377708322297,0.0,0.0,3.5,0.5410377708322297
am_peak,1153,1.288185168648166,102,1,1,2,30.0,10.0,10.5,5.0,11.0,14.170036855129826,0.0,0.0,11.0,14.170036855129826
am_peak,1155,0.7729111011888996,102,1,1,2,30.0,10.0,10.5,5.0,11.0,8.502022113077896,0.0,0.0,11.0,8.502022113077896
am_peak,1156,0.15458222023777993,102,1,1,2,30.0,10.0,10.5,5.0,11.0,1.7004044226155792,0.0,0.0,11.0,1.7004044226155792
am_peak,1158,0.15458222023777993,102,1,1,2,30.0,10.0,10.5,5.0,11.0,1.7004044226155792,0.0,0.0,11.0,1.7004044226155792
am_peak,1164,0.4122192539674131,102,1,1,2,30.0,10.0,10.5,5.0,11.0,4.534411793641544,0.0,0.0,11.0,4.534411793641544
am_peak,1165,0.15458222023777993,034,1,1,2,15.0,12.0,6.75,6.0,1.5,0.2318733303566699,0.0,0.0,1.5,0.2318733303566699
am_peak,1174,0.15458222023777993,008,2,1,3,15.0,10.434782608695652,6.75,5.217391304347826,3.0652173913043477,0.4738281098592819,0.0,0.0,3.0652173913043477,0.4738281098592819
am_peak,1178,0.20610962698370655,034,1,1,2,15.0,12.0,6.75,6.0,1.5,0.3091644404755598,0.0,0.0,1.5,0.3091644404755598
am_peak,1179,0.3606918472214865,034,1,1,2,15.0,12.0,6.75,6.0,1.5,0.5410377708322298,0.0,0.0,1.5,0.5410377708322298
am_peak,1181,0.15458222023777993,034,1,1,2,15.0,12.0,6.75,6.0,1.5,0.2318733303566699,0.0,0.0,1.5,0.2318733303566699
am_peak,1197,0.3606918472214865,007,2,2,4,15.0,10.0,6.75,5.0,3.5,1.2624214652752028,0.0,0.0,3.5,1.2624214652752028
am_peak,1205,0.30916444047555985,034,1,1,2,15.0,12.0,6.75,6.0,1.5,0.4637466607133398,0.0,0.0,1.5,0.4637466607133398
am_peak,1227,0.2576370337296332,102,1,1,2,30.0,10.0,10.5,5.0,11.0,2.8340073710259652,0.0,0.0,11.0,2.8340073710259652
am_peak,1227,0.2576370337296332,007,2,2,4,15.0,10.0,6.75,5.0,3.5,0.9017296180537162,0.0,0.0,3.5,0.9017296180537162
am_peak,1228,1.4942947956318726,102,1,1,2,30.0,10.0,10.5,5.0,11.0,16.4372427519506,0.0,0.0,11.0,16.4372427519506
am_peak,1230,0.30916444047555985,102,1,1,2,30.0,10.0,10.5,5.0,11.0,3.4008088452311585,0.0,0.0,11.0,3.4008088452311585
am_peak,1231,1.288185168648166,102,1,1,2,30.0,10.0,10.5,5.0,11.0,14.170036855129826,0.0,0.0,11.0,14.170036855129826
am_peak,1232,0.15458222023777993,102,1,1,2,30.0,10.0,10.5,5.0,11.0,1.7004044226155792,0.0,0.0,11.0,1.7004044226155792
am_peak,1233,0.20610962698370655,102,1,1,2,30.0,10.0,10.5,5.0,11.0,2.267205896820772,0.0,0.0,11.0,2.267205896820772
am_peak,1240,0.15458222023777993,102,1,1,2,30.0,10.0,10.5,5.0,11.0,1.7004044226155792,0.0,0.0,11.0,1.7004044226155792
am_peak,1250,0.15458222023777993,102,1,1,2,30.0,10.0,10.5,5.0,11.0,1.7004044226155792,0.0,0.0,11.0,1.7004044226155792
am_peak,1258,0.3606918472214865,102,1,1,2,30.0,10.0,10.5,5.0,11.0,3.9676103194363517,0.0,0.0,11.0,3.9676103194363517
am_peak,1258,0.3606918472214865,007,2,2,4,15.0,10.0,6.75,5.0,3.5,1.2624214652752028,0.0,0.0,3.5,1.2624214652752028
am_peak,1259,2.1126236765829924,102,1,1,2,30.0,10.0,10.5,5.0,11.0,23.238860442412918,0.0,0.0,11.0,23.238860442412918
am_peak,1261,0.46374666071333975,102,1,1,2,30.0,10.0,10.5,5.0,11.0,5.101213267846737,0.0,0.0,11.0,5.101213267846737
am_peak,1262,1.442767388885946,102,1,1,2,30.0,10.0,10.5,5.0,11.0,15.870441277745407,0.0,0.0,11.0,15.870441277745407
am_peak,1263,0.2576370337296332,102,1,1,2,30.0,10.0,10.5,5.0,11.0,2.8340073710259652,0.0,0.0,11.0,2.8340073710259652
am_peak,1264,0.30916444047555985,102,1,1,2,30.0,10.0,10.5,5.0,11.0,3.4008088452311585,0.0,0.0,11.0,3.4008088452311585
am_peak,1265,0.2576370337296332,102,1,1,2,30.0,10.0,10.5,5.0,11.0,2.8340073710259652,0.0,0.0,11.0,2.8340073710259652
am_peak,1273,0.30916444047555985,102,1,1,2,30.0,10.0,10.5,5.0,11.0,3.4008088452311585,0.0,0.0,11.0,3.4008088452311585
am_peak,1277,0.15458222023777993,102,1,1,2,30.0,10.0,10.5,5.0,11.0,1.7004044226155792,0.0,0.0,11.0,1.7004044226155792
am_peak,1279,0.15458222023777993,102,1,1,2,30.0,10.0,10.5,5.0,11.0,1.7004044226155792,0.0,0.0,11.0,1.7004044226155792
am_peak,1282,0.15458222023777993,102,1,1,2,30.0,10.0,10.5,5.0,11.0,1.7004044226155792,0.0,0.0,11.0,1.7004044226155792
am_peak,1285,0.2576370337296332,102,1,1,2,30.0,10.0,10.5,5.0,11.0,2.8340073710259652,0.0,0.0,11.0,2.8340073710259652
am_peak,1293,0.20610962698370655,007,2,2,4,15.0,10.0,6.75,5.0,3.5,0.7213836944429729,0.0,0.0,3.5,0.7213836944429729
am_peak,1316,0.2576370337296332,008,2,1,3,15.0,10.434782608695652,6.75,5.217391304347826,3.0652173913043477,0.7897135164321365,0.0,0.0,3.0652173913043477,0.7897135164321365
am_peak,1317,0.2576370337296332,007,2,2,4,15.0,10.0,6.75,5.0,3.5,0.9017296180537162,0.0,0.0,3.5,0.9017296180537162
am_peak,1328,0.15458222023777993,102,1,1,2,30.0,10.0,10.5,5.0,11.0,1.7004044226155792,0.0,0.0,11.0,1.7004044226155792
am_peak,1344,0.20610962698370655,007,2,2,4,15.0,10.0,6.75,5.0,3.5,0.7213836944429729,0.0,0.0,3.5,0.7213836944429729
am_peak,1355,1.5458222023777992,031,1,1,2,30.0,10.0,10.5,5.0,11.0,17.00404422615579,0.0,0.0,11.0,17.00404422615579
am_peak,1358,0.20610962698370655,102,1,1,2,30.0,10.0,10.5,5.0,11.0,2.267205896820772,0.0,0.0,11.0,2.267205896820772
am_peak,1358,0.20610962698370655,007,2,2,4,15.0,10.0,6.75,5.0,3.5,0.7213836944429729,0.0,0.0,3.5,0.7213836944429729
am_peak,1359,0.721383694442973,102,1,1,2,30.0,10.0,10.5,5.0,11.0,7.935220638872703,0.0,0.0,11.0,7.935220638872703
am_peak,1361,0.7729111011888996,102,1,1,2,30.0,10.0,10.5,5.0,11.0,8.502022113077896,0.0,0.0,11.0,8.502022113077896
am_peak,1362,0.3606918472214865,102,1,1,2,30.0,10.0,10.5,5.0,11.0,3.9676103194363517,0.0,0.0,11.0,3.9676103194363517
am_peak,1363,0.2576370337296332,102,1,1,2,30.0,10.0,10.5,5.0,11.0,2.8340073710259652,0.0,0.0,11.0,2.8340073710259652
am_peak,1376,0.9274933214266795,102,1,1,2,30.0,10.0,10.5,5.0,11.0,10.202426535693474,0.0,0.0,11.0,10.202426535693474
am_peak,1378,0.7729111011888996,102,1,1,2,30.0,10.0,10.5,5.0,11.0,8.502022113077896,0.0,0.0,11.0,8.502022113077896
am_peak,1379,0.15458222023777993,102,1,1,2,30.0,10.0,10.5,5.0,11.0,1.7004044226155792,0.0,0.0,11.0,1.7004044226155792
am_peak,1411,0.15458222023777993,021,1,1,2,51.42857142857143,32.72727272727273,15.857142857142858,11.181818181818182,9.350649350649352,1.445444137288332,0.0,0.0,9.350649350649352,1.445444137288332
am_peak,1420,0.20610962698370655,002,2,1,3,15.0,7.5,6.75,3.75,6.0,1.2366577619022392,0.0,0.0,6.0,1.2366577619022392
am_peak,1432,0.20610962698370655,021,1,1,2,51.42857142857143,32.72727272727273,15.857142857142858,11.181818181818182,9.350649350649352,1.9272588497177758,0.0,0.0,9.350649350649352,1.9272588497177758
am_peak,1433,0.15458222023777993,021,1,1,2,51.42857142857143,32.72727272727273,15.857142857142858,11.181818181818182,9.350649350649352,1.445444137288332,0.0,0.0,9.350649350649352,1.445444137288332
am_peak,1452,0.3606918472214865,021,1,1,2,51.42857142857143,32.72727272727273,15.857142857142858,11.181818181818182,9.350649350649352,3.3727029870061083,0.0,0.0,9.350649350649352,3.3727029870061083
am_peak,1465,0.15458222023777993,035,1,1,2,60.0,45.0,18.0,14.25,7.5,1.1593666517833494,0.0,0.0,7.5,1.1593666517833494
am_peak,1591,0.15458222023777993,035,1,1,2,60.0,45.0,18.0,14.25,7.5,1.1593666517833494,0.0,0.0,7.5,1.1593666517833494
am_peak,1608,0.15458222023777993,002,2,1,3,15.0,7.5,6.75,3.75,6.0,0.9274933214266796,0.0,0.0,6.0,0.9274933214266796
am_peak,1622,0.2576370337296332,021,1,1,2,51.42857142857143,32.72727272727273,15.857142857142858,11.181818181818182,9.350649350649352,2.4090735621472197,0.0,0.0,9.350649350649352,2.4090735621472197
am_peak,1649,0.2576370337296332,021,1,1,2,51.42857142857143,32.72727272727273,15.857142857142858,11.181818181818182,9.350649350649352,2.4090735621472197,0.0,0.0,9.350649350649352,2.4090735621472197
am_peak,1744,0.20610962698370655,035,1,1,2,60.0,45.0,18.0,14.25,7.5,1.5458222023777992,0.0,0.0,7.5,1.5458222023777992
am_peak,1787,0.15458222023777993,001,2,2,4,15.0,6.0,6.75,3.0,7.5,1.1593666517833494,0.0,0.0,7.5,1.1593666517833494
am_peak,1821,0.20610962698370655,007,2,2,4,15.0,10.0,6.75,5.0,3.5,0.7213836944429729,0.0,0.0,3.5,0.7213836944429729
am_peak,1822,0.721383694442973,001,2,1,3,15.0,7.5,6.75,3.75,6.0,4.3283021666578385,0.0,0.0,6.0,4.3283021666578385
am_peak,1838,0.2576370337296332,008,2,1,3,15.0,10.434782608695652,6.75,5.217391304347826,3.0652173913043477,0.7897135164321365,0.0,0.0,3.0652173913043477,0.7897135164321365
am_peak,1839,0.20610962698370655,007,2,2,4,15.0,10.0,6.75,5.0,3.5,0.7213836944429729,0.0,0.0,3.5,0.7213836944429729
am_peak,1875,0.15458222023777993,002,2,1,3,15.0,7.5,6.75,3.75,6.0,0.9274933214266796,0.0,0.0,6.0,0.9274933214266796
am_peak,1876,0.8759659146807529,002,2,1,3,15.0,7.5,6.75,3.75,6.0,5.255795488084518,0.0,0.0,6.0,5.255795488084518
am_peak,1877,0.2576370337296332,002,2,1,3,15.0,7.5,6.75,3.75,6.0,1.5458222023777992,0.0,0.0,6.0,1.5458222023777992
am_peak,1878,0.15458222023777993,002,2,1,3,15.0,7.5,6.75,3.75,6.0,0.9274933214266796,0.0,0.0,6.0,0.9274933214266796
am_peak,1889,1.2366577619022394,031,1,1,2,30.0,10.0,10.5,5.0,11.0,13.603235380924634,0.0,0.0,11.0,13.603235380924634
am_peak,1890,0.15458222023777993,031,1,1,2,30.0,10.0,10.5,5.0,11.0,1.7004044226155792,0.0,0.0,11.0,1.7004044226155792
am_peak,1893,0.20610962698370655,007,2,2,4,15.0,10.0,6.75,5.0,3.5,0.7213836944429729,0.0,0.0,3.5,0.7213836944429729
am_peak,1901,0.6698562876970463,031,1,1,2,30.0,10.0,10.5,5.0,11.0,7.368419164667509,0.0,0.0,11.0,7.368419164667509
am_peak,1932,0.20610962698370655,002,2,1,3,15.0,7.5,6.75,3.75,6.0,1.2366577619022392,0.0,0.0,6.0,1.2366577619022392
am_peak,1941,0.15458222023777993,034,1,1,2,15.0,12.0,6.75,6.0,1.5,0.2318733303566699,0.0,0.0,1.5,0.2318733303566699
am_peak,1957,0.15458222023777993,002,2,1,3,15.0,7.5,6.75,3.75,6.0,0.9274933214266796,0.0,0.0,6.0,0.9274933214266796
am_peak,1958,0.15458222023777993,001,2,1,3,15.0,7.5,6.75,3.75,6.0,0.9274933214266796,0.0,0.0,6.0,0.9274933214266796
am_peak,1959,0.15458222023777993,102,1,1,2,30.0,10.0,10.5,5.0,11.0,1.7004044226155792,0.0,0.0,11.0,1.7004044226155792
am_peak,1960,0.4122192539674131,102,1,1,2,30.0,10.0,10.5,5.0,11.0,4.534411793641544,0.0,0.0,11.0,4.534411793641544
am_peak,1962,0.20610962698370655,102,1,1,2,30.0,10.0,10.5,5.0,11.0,2.267205896820772,0.0,0.0,11.0,2.267205896820772
am_peak,1966,0.20610962698370655,001,2,1,3,15.0,7.5,6.75,3.75,6.0,1.2366577619022392,0.0,0.0,6.0,1.2366577619022392
am_peak,1968,0.3606918472214865,002,2,1,3,15.0,7.5,6.75,3.75,6.0,2.1641510833289193,0.0,0.0,6.0,2.1641510833289193
am_peak,1969,0.6183288809511197,102,1,1,2,30.0,10.0,10.5,5.0,11.0,6.801617690462317,0.0,0.0,11.0,6.801617690462317
am_peak,1970,0.566801474205193,102,1,1,2,30.0,10.0,10.5,5.0,11.0,6.234816216257123,0.0,0.0,11.0,6.234816216257123
am_peak,1973,0.20610962698370655,001,2,2,4,15.0,5.999999999999999,6.75,2.9999999999999996,7.500000000000001,1.5458222023777992,0.0,0.0,7.500000000000001,1.5458222023777992
am_peak,1976,0.20610962698370655,022,1,1,2,28.235294117647058,9.795918367346939,10.058823529411764,4.8979591836734695,10.32172869147659,2.1274076504272617,0.0,0.0,10.32172869147659,2.1274076504272617
am_peak,1977,0.9790207281726062,022,1,1,2,28.235294117647058,9.795918367346939,10.058823529411764,4.8979591836734695,10.32172869147659,10.105186339529492,0.0,0.0,10.32172869147659,10.105186339529492
am_peak,1986,0.20610962698370655,007,2,2,4,15.0,10.0,6.75,5.0,3.5,0.7213836944429729,0.0,0.0,3.5,0.7213836944429729
am_peak,1993,0.15458222023777993,034,1,1,2,15.0,12.0,6.75,6.0,1.5,0.2318733303566699,0.0,0.0,1.5,0.2318733303566699
am_peak,1994,0.15458222023777993,022,1,1,2,28.235294117647058,9.795918367346939,10.058823529411764,4.8979591836734695,10.32172869147659,1.5955557378204464,0.0,0.0,10.32172869147659,1.5955557378204464
am_peak,2001,0.15458222023777993,102,1,1,2,30.0,10.0,10.5,5.0,11.0,1.7004044226155792,0.0,0.0,11.0,1.7004044226155792
am_peak,2007,0.15458222023777993,001,2,1,3,15.0,7.5,6.75,3.75,6.0,0.9274933214266796,0.0,0.0,6.0,0.9274933214266796
am_peak,2013,0.15458222023777993,102,1,1,2,30.0,10.0,10.5,5.0,11.0,1.7004044226155792,0.0,0.0,11.0,1.7004044226155792
am_peak,2017,0.30916444047555985,102,1,1,2,30.0,10.0,10.5,5.0,11.0,3.4008088452311585,0.0,0.0,11.0,3.4008088452311585
am_peak,2036,0.15458222023777993,001,2,1,3,15.0,7.5,6.75,3.75,6.0,0.9274933214266796,0.0,0.0,6.0,0.9274933214266796
am_peak,2041,0.15458222023777993,002,2,1,3,15.0,7.5,6.75,3.75,6.0,0.9274933214266796,0.0,0.0,6.0,0.9274933214266796
am_peak,2042,0.30916444047555985,102,1,1,2,30.0,10.0,10.5,5.0,11.0,3.4008088452311585,0.0,0.0,11.0,3.4008088452311585
am_peak,2043,0.15458222023777993,001,2,2,4,15.0,5.999999999999999,6.75,2.9999999999999996,7.500000000000001,1.1593666517833496,0.0,0.0,7.500000000000001,1.1593666517833496
am_peak,2049,0.15458222023777993,001,2,1,3,15.0,7.5,6.75,3.75,6.0,0.9274933214266796,0.0,0.0,6.0,0.9274933214266796
am_peak,2114,0.566801474205193,022,1,1,2,28.235294117647058,9.795918367346939,10.058823529411764,4.8979591836734695,10.32172869147659,5.850371038674969,0.0,0.0,10.32172869147659,5.850371038674969
am_peak,2115,0.46374666071333975,022,1,1,2,28.235294117647058,9.795918367346939,10.058823529411764,4.8979591836734695,10.32172869147659,4.786667213461339,0.0,0.0,10.32172869147659,4.786667213461339
am_peak,2128,0.2576370337296332,007,2,2,4,15.0,10.0,6.75,5.0,3.5,0.9017296180537162,0.0,0.0,3.5,0.9017296180537162
am_peak,2140,0.30916444047555985,022,1,1,2,28.235294117647058,9.795918367346939,10.058823529411764,4.8979591836734695,10.32172869147659,3.1911114756408927,0.0,0.0,10.32172869147659,3.1911114756408927
am_peak,2141,0.2576370337296332,022,1,1,2,28.235294117647058,9.795918367346939,10.058823529411764,4.8979591836734695,10.32172869147659,2.659259563034077,0.0,0.0,10.32172869147659,2.659259563034077
am_peak,2148,0.30916444047555985,022,1,1,2,28.235294117647058,9.795918367346939,10.058823529411764,4.8979591836734695,10.32172869147659,3.1911114756408927,0.0,0.0,10.32172869147659,3.1911114756408927
am_peak,2169,0.20610962698370655,007,2,2,4,15.0,10.0,6.75,5.0,3.5,0.7213836944429729,0.0,0.0,3.5,0.7213836944429729
am_peak,2176,0.15458222023777993,022,1,1,2,28.235294117647058,9.795918367346939,10.058823529411764,4.8979591836734695,10.32172869147659,1.5955557378204464,0.0,0.0,10.32172869147659,1.5955557378204464
am_peak,2182,0.15458222023777993,001,2,1,3,15.0,7.5,6.75,3.75,6.0,0.9274933214266796,0.0,0.0,6.0,0.9274933214266796
am_peak,2186,0.46374666071333975,002,2,1,3,15.0,7.5,6.75,3.75,6.0,2.7824799642800384,0.0,0.0,6.0,2.7824799642800384
am_peak,2187,0.46374666071333975,001,2,1,3,15.0,7.5,6.75,3.75,6.0,2.7824799642800384,0.0,0.0,6.0,2.7824799642800384
am_peak,2189,0.2576370337296332,002,2,1,3,15.0,7.5,6.75,3.75,6.0,1.5458222023777992,0.0,0.0,6.0,1.5458222023777992
am_peak,2189,0.2576370337296332,007,2,2,4,15.0,10.0,6.75,5.0,3.5,0.9017296180537162,0.0,0.0,3.5,0.9017296180537162
am_peak,2190,1.3912399821400192,001,2,1,3,15.0,7.5,6.75,3.75,6.0,8.347439892840114,0.0,0.0,6.0,8.347439892840114
am_peak,2192,0.9274933214266795,002,2,1,3,15.0,7.5,6.75,3.75,6.0,5.564959928560077,0.0,0.0,6.0,5.564959928560077
am_peak,2195,0.4122192539674131,001,2,1,3,15.0,7.5,6.75,3.75,6.0,2.4733155238044784,0.0,0.0,6.0,2.4733155238044784
am_peak,2201,0.20610962698370655,001,2,1,3,15.0,7.5,6.75,3.75,6.0,1.2366577619022392,0.0,0.0,6.0,1.2366577619022392
am_peak,2204,0.20610962698370655,001,2,1,3,15.0,7.5,6.75,3.75,6.0,1.2366577619022392,0.0,0.0,6.0,1.2366577619022392
am_peak,2208,0.15458222023777993,002,2,1,3,15.0,7.5,6.75,3.75,6.0,0.9274933214266796,0.0,0.0,6.0,0.9274933214266796
am_peak,2209,0.30916444047555985,001,2,1,3,15.0,7.5,6.75,3.75,6.0,1.8549866428533592,0.0,0.0,6.0,1.8549866428533592
am_peak,2210,0.46374666071333975,001,2,1,3,15.0,7.5,6.75,3.75,6.0,2.7824799642800384,0.0,0.0,6.0,2.7824799642800384
am_peak,2211,0.3606918472214865,002,2,1,3,15.0,7.5,6.75,3.75,6.0,2.1641510833289193,0.0,0.0,6.0,2.1641510833289193
am_peak,2215,0.20610962698370655,001,2,1,3,15.0,7.5,6.75,3.75,6.0,1.2366577619022392,0.0,0.0,6.0,1.2366577619022392
am_peak,2216,0.15458222023777993,012,1,1,2,25.714285714285715,13.846153846153847,9.428571428571429,6.461538461538462,5.934065934065934,0.9173010871252875,0.0,0.0,5.934065934065934,0.9173010871252875
am_peak,2217,0.15458222023777993,002,2,2,4,15.0,5.999999999999999,6.75,2.9999999999999996,7.500000000000001,1.1593666517833496,0.0,0.0,7.500000000000001,1.1593666517833496
am_peak,2219,0.566801474205193,001,2,2,4,15.0,5.999999999999999,6.75,2.9999999999999996,7.500000000000001,4.251011056538948,0.0,0.0,7.500000000000001,4.251011056538948
am_peak,2225,0.15458222023777993,002,2,1,3,15.0,7.5,6.75,3.75,6.0,0.9274933214266796,0.0,0.0,6.0,0.9274933214266796
am_peak,2226,0.20610962698370655,002,2,1,3,15.0,7.5,6.75,3.75,6.0,1.2366577619022392,0.0,0.0,6.0,1.2366577619022392
am_peak,2227,0.15458222023777993,002,2,1,3,15.0,7.5,6.75,3.75,6.0,0.9274933214266796,0.0,0.0,6.0,0.9274933214266796
am_peak,2228,0.46374666071333975,002,2,1,3,15.0,7.5,6.75,3.75,6.0,2.7824799642800384,0.0,0.0,6.0,2.7824799642800384
am_peak,2229,0.15458222023777993,002,2,1,3,15.0,7.5,6.75,3.75,6.0,0.9274933214266796,0.0,0.0,6.0,0.9274933214266796
am_peak,2231,0.15458222023777993,001,2,1,3,15.0,7.5,6.75,3.75,6.0,0.9274933214266796,0.0,0.0,6.0,0.9274933214266796
am_peak,2234,0.20610962698370655,002,2,1,3,15.0,7.5,6.75,3.75,6.0,1.2366577619022392,0.0,0.0,6.0,1.2366577619022392
am_peak,2235,0.2576370337296332,002,2,1,3,15.0,7.5,6.75,3.75,6.0,1.5458222023777992,0.0,0.0,6.0,1.5458222023777992
am_peak,2236,0.20610962698370655,002,2,1,3,15.0,7.5,6.75,3.75,6.0,1.2366577619022392,0.0,0.0,6.0,1.2366577619022392
am_peak,2243,0.2576370337296332,002,2,1,3,15.0,7.5,6.75,3.75,6.0,1.5458222023777992,0.0,0.0,6.0,1.5458222023777992
am_peak,2247,0.15458222023777993,002,2,1,3,15.0,7.5,6.75,3.75,6.0,0.9274933214266796,0.0,0.0,6.0,0.9274933214266796
am_peak,2250,0.20610962698370655,002,2,1,3,15.0,7.5,6.75,3.75,6.0,1.2366577619022392,0.0,0.0,6.0,1.2366577619022392
am_peak,2260,0.3606918472214865,002,2,1,3,15.0,7.5,6.75,3.75,6.0,2.1641510833289193,0.0,0.0,6.0,2.1641510833289193
am_peak,2261,0.46374666071333975,001,2,1,3,15.0,7.5,6.75,3.75,6.0,2.7824799642800384,0.0,0.0,6.0,2.7824799642800384
am_peak,2262,0.15458222023777993,012,1,1,2,25.714285714285715,13.846153846153847,9.428571428571429,6.461538461538462,5.934065934065934,0.9173010871252875,0.0,0.0,5.934065934065934,0.9173010871252875
am_peak,2263,0.15458222023777993,002,2,1,3,15.0,7.5,6.75,3.75,6.0,0.9274933214266796,0.0,0.0,6.0,0.9274933214266796
am_peak,2264,0.15458222023777993,002,2,1,3,15.0,7.5,6.75,3.75,6.0,0.9274933214266796,0.0,0.0,6.0,0.9274933214266796
am_peak,2265,0.15458222023777993,002,2,1,3,15.0,7.5,6.75,3.75,6.0,0.9274933214266796,0.0,0.0,6.0,0.9274933214266796
am_peak,2265,0.15458222023777993,007,2,2,4,15.0,10.0,6.75,5.0,3.5,0.5410377708322297,0.0,0.0,3.5,0.5410377708322297
am_peak,2266,1.5458222023777992,002,2,1,3,15.0,7.5,6.75,3.75,6.0,9.274933214266795,0.0,0.0,6.0,9.274933214266795
am_peak,2268,0.20610962698370655,102,1,1,2,30.0,10.0,10.5,5.0,11.0,2.267205896820772,0.0,0.0,11.0,2.267205896820772
am_peak,2269,0.6698562876970463,001,2,1,3,15.0,7.5,6.75,3.75,6.0,4.019137726182278,0.0,0.0,6.0,4.019137726182278
am_peak,2273,0.15458222023777993,002,2,1,3,15.0,7.5,6.75,3.75,6.0,0.9274933214266796,0.0,0.0,6.0,0.9274933214266796
am_peak,2275,0.15458222023777993,012,1,1,2,25.714285714285715,13.846153846153847,9.428571428571429,6.461538461538462,5.934065934065934,0.9173010871252875,0.0,0.0,5.934065934065934,0.9173010871252875
am_peak,2283,0.20610962698370655,002,2,1,3,15.0,7.5,6.75,3.75,6.0,1.2366577619022392,0.0,0.0,6.0,1.2366577619022392
am_peak,2286,0.30916444047555985,002,2,1,3,15.0,7.5,6.75,3.75,6.0,1.8549866428533592,0.0,0.0,6.0,1.8549866428533592
am_peak,2296,0.20610962698370655,007,2,2,4,15.0,10.0,6.75,5.0,3.5,0.7213836944429729,0.0,0.0,3.5,0.7213836944429729
am_peak,2331,0.15458222023777993,007,2,2,4,15.0,10.0,6.75,5.0,3.5,0.5410377708322297,0.0,0.0,3.5,0.5410377708322297
am_peak,2339,0.15458222023777993,102,1,1,2,30.0,10.0,10.5,5.0,11.0,1.7004044226155792,0.0,0.0,11.0,1.7004044226155792
am_peak,2362,0.20610962698370655,007,2,2,4,15.0,10.0,6.75,5.0,3.5,0.7213836944429729,0.0,0.0,3.5,0.7213836944429729
am_peak,2366,0.2576370337296332,102,1,1,2,30.0,10.0,10.5,5.0,11.0,2.8340073710259652,0.0,0.0,11.0,2.8340073710259652
am_peak,2405,0.20610962698370655,007,2,2,4,15.0,10.0,6.75,5.0,3.5,0.7213836944429729,0.0,0.0,3.5,0.7213836944429729
am_peak,2424,0.2576370337296332,007,2,2,4,15.0,10.0,6.75,5.0,3.5,0.9017296180537162,0.0,0.0,3.5,0.9017296180537162
am_peak,2440,0.3606918472214865,003,1,1,2,25.714285714285715,13.457943925233645,9.428571428571429,6.364485981308411,6.128170894526036,2.2103812800355453,0.0,0.0,6.128170894526036,2.2103812800355453
am_peak,2493,0.30916444047555985,007,2,2,4,15.0,10.0,6.75,5.0,3.5,1.0820755416644594,0.0,0.0,3.5,1.0820755416644594
am_peak,2496,0.2576370337296332,102,1,1,2,30.0,10.0,10.5,5.0,11.0,2.8340073710259652,0.0,0.0,11.0,2.8340073710259652
am_peak,2591,0.2576370337296332,007,2,2,4,15.0,10.0,6.75,5.0,3.5,0.9017296180537162,0.0,0.0,3.5,0.9017296180537162
am_peak,2619,0.4122192539674131,001,2,2,4,15.0,6.0,6.75,3.0,7.5,3.0916444047555984,0.0,0.0,7.5,3.0916444047555984
am_peak,2620,0.15458222023777993,001,2,2,4,15.0,6.0,6.75,3.0,7.5,1.1593666517833494,0.0,0.0,7.5,1.1593666517833494
am_peak,2621,0.15458222023777993,012,1,1,2,25.714285714285715,9.473684210526315,9.428571428571429,4.7368421052631575,9.383458646616543,1.4505158711033788,0.0,0.0,9.383458646616543,1.4505158711033788
am_peak,2623,0.2576370337296332,007,2,2,4,15.0,10.0,6.75,5.0,3.5,0.9017296180537162,0.0,0.0,3.5,0.9017296180537162
am_peak,2662,0.46374666071333975,007,2,2,4,15.0,10.0,6.75,5.0,3.5,1.6231133124966892,0.0,0.0,3.5,1.6231133124966892
am_peak,2673,0.15458222023777993,102,1,1,2,30.0,10.0,10.5,5.0,11.0,1.7004044226155792,0.0,0.0,11.0,1.7004044226155792
am_peak,2701,0.30916444047555985,001,2,1,3,15.0,7.5,6.75,3.75,6.0,1.8549866428533592,0.0,0.0,6.0,1.8549866428533592
am_peak,2708,0.15458222023777993,002,2,2,4,15.0,7.5,6.75,3.75,6.0,0.9274933214266796,0.0,0.0,6.0,0.9274933214266796
am_peak,2709,0.5152740674592664,002,2,2,4,15.0,7.5,6.75,3.75,6.0,3.0916444047555984,0.0,0.0,6.0,3.0916444047555984
am_peak,2709,0.5152740674592664,007,2,2,4,15.0,10.0,6.75,5.0,3.5,1.8034592361074324,0.0,0.0,3.5,1.8034592361074324
am_peak,2710,3.6584458789607917,002,2,2,4,15.0,7.5,6.75,3.75,6.0,21.95067527376475,0.0,0.0,6.0,21.95067527376475
am_peak,2714,1.288185168648166,002,2,2,4,15.0,6.0,6.75,3.0,7.5,9.661388764861245,0.0,0.0,7.5,9.661388764861245
am_peak,2716,0.4122192539674131,002,2,2,4,15.0,7.5,6.75,3.75,6.0,2.4733155238044784,0.0,0.0,6.0,2.4733155238044784
am_peak,2717,0.2576370337296332,002,2,2,4,15.0,7.5,6.75,3.75,6.0,1.5458222023777992,0.0,0.0,6.0,1.5458222023777992
am_peak,2724,0.20610962698370655,002,2,2,4,15.0,6.0,6.75,3.0,7.5,1.5458222023777992,0.0,0.0,7.5,1.5458222023777992
am_peak,2725,0.6698562876970463,002,2,1,3,15.0,7.5,6.75,3.75,6.0,4.019137726182278,0.0,0.0,6.0,4.019137726182278
am_peak,2732,0.20610962698370655,002,2,2,4,15.0,6.0,6.75,3.0,7.5,1.5458222023777992,0.0,0.0,7.5,1.5458222023777992
am_peak,2734,0.2576370337296332,002,2,2,4,15.0,6.0,6.75,3.0,7.5,1.932277752972249,0.0,0.0,7.5,1.932277752972249
am_peak,2735,1.3397125753940926,002,2,2,4,15.0,7.5,6.75,3.75,6.0,8.038275452364555,0.0,0.0,6.0,8.038275452364555
am_peak,2736,0.3606918472214865,002,2,2,4,15.0,7.5,6.75,3.75,6.0,2.1641510833289193,0.0,0.0,6.0,2.1641510833289193
am_peak,2744,0.20610962698370655,002,2,1,3,15.0,10.0,6.75,5.0,3.5,0.7213836944429729,0.0,0.0,3.5,0.7213836944429729
am_peak,2744,0.20610962698370655,007,2,2,4,15.0,10.0,6.75,5.0,3.5,0.7213836944429729,0.0,0.0,3.5,0.7213836944429729
am_peak,2745,2.473315523804479,002,2,1,3,15.0,10.0,6.75,5.0,3.5,8.656604333315675,0.0,0.0,3.5,8.656604333315675
am_peak,2746,0.30916444047555985,002,2,2,4,15.0,6.0,6.75,3.0,7.5,2.318733303566699,0.0,0.0,7.5,2.318733303566699
am_peak,2749,0.7729111011888996,002,2,2,4,15.0,6.0,6.75,3.0,7.5,5.796833258916747,0.0,0.0,7.5,5.796833258916747
am_peak,2752,0.3606918472214865,002,2,1,3,15.0,10.0,6.75,5.0,3.5,1.2624214652752028,0.0,0.0,3.5,1.2624214652752028
am_peak,2755,0.20610962698370655,002,2,2,4,15.0,6.0,6.75,3.0,7.5,1.5458222023777992,0.0,0.0,7.5,1.5458222023777992
am_peak,2756,0.15458222023777993,002,2,2,4,15.0,6.0,6.75,3.0,7.5,1.1593666517833494,0.0,0.0,7.5,1.1593666517833494
am_peak,2757,0.4122192539674131,002,2,1,3,15.0,7.5,6.75,3.75,6.0,2.4733155238044784,0.0,0.0,6.0,2.4733155238044784
am_peak,2761,0.8244385079348262,002,2,1,3,15.0,10.0,6.75,5.0,3.5,2.8855347777718916,0.0,0.0,3.5,2.8855347777718916
am_peak,2762,0.721383694442973,002,2,1,3,15.0,10.0,6.75,5.0,3.5,2.5248429305504057,0.0,0.0,3.5,2.5248429305504057
am_peak,2763,0.5152740674592664,001,2,1,3,15.0,7.5,6.75,3.75,6.0,3.0916444047555984,0.0,0.0,6.0,3.0916444047555984
am_peak,2764,0.20610962698370655,001,2,1,3,15.0,7.5,6.75,3.75,6.0,1.2366577619022392,0.0,0.0,6.0,1.2366577619022392
am_peak,2766,0.3606918472214865,001,2,1,3,15.0,7.5,6.75,3.75,6.0,2.1641510833289193,0.0,0.0,6.0,2.1641510833289193
am_peak,2775,0.15458222023777993,002,2,2,4,15.0,6.0,6.75,3.0,7.5,1.1593666517833494,0.0,0.0,7.5,1.1593666517833494
am_peak,2776,0.46374666071333975,007,2,2,4,15.0,10.0,6.75,5.0,3.5,1.6231133124966892,0.0,0.0,3.5,1.6231133124966892
am_peak,2780,2.009568863091139,002,2,2,4,15.0,6.0,6.75,3.0,7.5,15.07176647318354,0.0,0.0,7.5,15.07176647318354
am_peak,2786,0.30916444047555985,001,2,1,3,15.0,7.5,6.75,3.75,6.0,1.8549866428533592,0.0,0.0,6.0,1.8549866428533592
am_peak,2787,0.30916444047555985,001,2,1,3,15.0,7.5,6.75,3.75,6.0,1.8549866428533592,0.0,0.0,6.0,1.8549866428533592
am_peak,2788,0.20610962698370655,002,2,2,4,15.0,6.0,6.75,3.0,7.5,1.5458222023777992,0.0,0.0,7.5,1.5458222023777992
am_peak,2789,0.30916444047555985,002,2,2,4,15.0,6.0,6.75,3.0,7.5,2.318733303566699,0.0,0.0,7.5,2.318733303566699
am_peak,2803,0.6183288809511197,001,2,1,3,15.0,7.5,6.75,3.75,6.0,3.7099732857067185,0.0,0.0,6.0,3.7099732857067185
am_peak,2804,0.4122192539674131,001,2,1,3,15.0,7.5,6.75,3.75,6.0,2.4733155238044784,0.0,0.0,6.0,2.4733155238044784
am_peak,2806,0.6183288809511197,001,2,1,3,15.0,7.5,6.75,3.75,6.0,3.7099732857067185,0.0,0.0,6.0,3.7099732857067185
am_peak,2808,0.15458222023777993,001,2,1,3,15.0,7.5,6.75,3.75,6.0,0.9274933214266796,0.0,0.0,6.0,0.9274933214266796
am_peak,2818,0.20610962698370655,002,2,2,4,15.0,6.0,6.75,3.0,7.5,1.5458222023777992,0.0,0.0,7.5,1.5458222023777992
am_peak,2820,0.566801474205193,007,2,2,4,15.0,10.0,6.75,5.0,3.5,1.9838051597181754,0.0,0.0,3.5,1.9838051597181754
am_peak,2825,3.2462266249933784,001,2,2,4,15.0,6.0,6.75,3.0,7.5,24.34669968745034,0.0,0.0,7.5,24.34669968745034
am_peak,2839,0.30916444047555985,001,2,1,3,15.0,7.5,6.75,3.75,6.0,1.8549866428533592,0.0,0.0,6.0,1.8549866428533592
am_peak,2840,0.3606918472214865,001,2,1,3,15.0,7.5,6.75,3.75,6.0,2.1641510833289193,0.0,0.0,6.0,2.1641510833289193
am_peak,2843,0.30916444047555985,001,2,1,3,15.0,7.5,6.75,3.75,6.0,1.8549866428533592,0.0,0.0,6.0,1.8549866428533592
am_peak,2927,0.15458222023777993,001,2,2,4,15.0,6.0,6.75,3.0,7.5,1.1593666517833494,0.0,0.0,7.5,1.1593666517833494
am_peak,2951,0.20610962698370655,001,2,2,4,15.0,6.0,6.75,3.0,7.5,1.5458222023777992,0.0,0.0,7.5,1.5458222023777992
am_peak,3048,0.20610962698370655,001,2,2,4,15.0,6.0,6.75,3.0,7.5,1.5458222023777992,0.0,0.0,7.5,1.5458222023777992
am_peak,3049,0.15458222023777993,012,1,1,2,25.714285714285715,9.473684210526315,9.428571428571429,4.7368421052631575,9.383458646616543,1.4505158711033788,0.0,0.0,9.383458646616543,1.4505158711033788
am_peak,3057,0.30916444047555985,006,1,1,2,14.4,9.23076923076923,6.6,4.615384615384615,3.9692307692307693,1.2271450098876069,0.0,0.0,3.9692307692307693,1.2271450098876069
am_peak,3060,0.30916444047555985,006,1,1,2,14.4,9.23076923076923,6.6,4.615384615384615,3.9692307692307693,1.2271450098876069,0.0,0.0,3.9692307692307693,1.2271450098876069
am_peak,3064,0.15458222023777993,101,1,1,2,30.0,25.714285714285715,10.5,9.428571428571429,2.1428571428571423,0.3312476147952426,0.0,0.0,2.1428571428571423,0.3312476147952426
am_peak,3071,0.20610962698370655,003,1,1,2,34.285714285714285,28.799999999999997,11.571428571428571,10.2,2.7428571428571438,0.565329262583881,0.0,0.0,2.7428571428571438,0.565329262583881
am_peak,3071,0.20610962698370655,031,1,1,2,30.0,25.714285714285715,10.5,9.428571428571429,2.1428571428571423,0.44166348639365677,0.0,0.0,2.1428571428571423,0.44166348639365677
am_peak,3143,0.20610962698370655,001,2,2,4,15.0,5.999999999999999,6.75,2.9999999999999996,7.500000000000001,1.5458222023777992,0.0,0.0,7.500000000000001,1.5458222023777992
am_peak,3145,0.20610962698370655,001,2,2,4,15.0,6.0,6.75,3.0,7.5,1.5458222023777992,0.0,0.0,7.5,1.5458222023777992
am_peak,3203,0.30916444047555985,006,1,8,9,14.4,4.04494382022472,6.6,2.02247191011236,9.15505617977528,2.830417821342541,0.0,0.0,9.15505617977528,2.830417821342541
am_peak,3245,0.7729111011888996,006,1,8,9,14.4,4.04494382022472,6.6,2.02247191011236,9.15505617977528,7.076044553356351,0.0,0.0,9.15505617977528,7.076044553356351
am_peak,3246,0.15458222023777993,006,1,1,2,14.4,9.23076923076923,6.6,4.615384615384615,3.9692307692307693,0.6135725049438034,0.0,0.0,3.9692307692307693,0.6135725049438034
am_peak,3249,0.2576370337296332,101,1,1,2,30.0,25.714285714285715,10.5,9.428571428571429,2.1428571428571423,0.552079357992071,0.0,0.0,2.1428571428571423,0.552079357992071
am_peak,3293,0.20610962698370655,102,1,1,2,30.0,25.714285714285715,10.5,9.428571428571429,2.1428571428571423,0.44166348639365677,0.0,0.0,2.1428571428571423,0.44166348639365677
am_peak,3496,0.30916444047555985,007,2,2,4,15.0,10.0,6.75,5.0,3.5,1.0820755416644594,0.0,0.0,3.5,1.0820755416644594
am_peak,3534,0.30916444047555985,007,2,2,4,15.0,10.0,6.75,5.0,3.5,1.0820755416644594,0.0,0.0,3.5,1.0820755416644594
am_peak,3657,0.2576370337296332,001,2,2,4,15.0,6.0,6.75,3.0,7.5,1.932277752972249,0.0,0.0,7.5,1.932277752972249
am_peak,3674,0.15458222023777993,001,2,2,4,15.0,5.999999999999999,6.75,2.9999999999999996,7.500000000000001,1.1593666517833496,0.0,0.0,7.500000000000001,1.1593666517833496
am_peak,3677,0.15458222023777993,002,2,3,5,15.0,5.806451612903226,6.75,2.903225806451613,7.693548387096774,1.18928579118421,0.0,0.0,7.693548387096774,1.18928579118421
am_peak,3678,0.30916444047555985,007,2,2,4,15.0,10.0,6.75,5.0,3.5,1.0820755416644594,0.0,0.0,3.5,1.0820755416644594
am_peak,3681,1.3397125753940926,102,1,2,3,30.0,7.5,10.5,3.75,13.5,18.08611976782025,0.0,0.0,13.5,18.08611976782025
am_peak,3685,0.15458222023777993,002,2,3,5,15.0,5.806451612903226,6.75,2.903225806451613,7.693548387096774,1.18928579118421,0.0,0.0,7.693548387096774,1.18928579118421
am_peak,3686,0.2576370337296332,002,2,3,5,15.0,5.806451612903226,6.75,2.903225806451613,7.693548387096774,1.9821429853070167,0.0,0.0,7.693548387096774,1.9821429853070167
am_peak,3689,0.20610962698370655,007,1,1,2,30.0,20.0,10.5,8.0,5.0,1.0305481349185328,0.0,0.0,5.0,1.0305481349185328
am_peak,3691,0.15458222023777993,031,1,1,2,30.0,25.714285714285715,10.5,9.428571428571429,2.1428571428571423,0.3312476147952426,0.0,0.0,2.1428571428571423,0.3312476147952426
am_peak,3696,0.3606918472214865,102,1,2,3,30.0,6.0,10.5,3.0,15.0,5.410377708322297,0.0,0.0,15.0,5.410377708322297
am_peak,3700,0.20610962698370655,007,2,2,4,15.0,10.0,6.75,5.0,3.5,0.7213836944429729,0.0,0.0,3.5,0.7213836944429729
am_peak,3701,2.0610962698370656,007,2,2,4,15.0,10.0,6.75,5.0,3.5,7.21383694442973,0.0,0.0,3.5,7.21383694442973
am_peak,3701,2.0610962698370656,102,1,2,3,30.0,6.0,10.5,3.0,15.0,30.916444047555984,0.0,0.0,15.0,30.916444047555984
am_peak,3704,0.20610962698370655,012,1,1,2,25.714285714285715,9.473684210526315,9.428571428571429,4.7368421052631575,9.383458646616543,1.9340211614711715,0.0,0.0,9.383458646616543,1.9340211614711715
am_peak,3705,0.3606918472214865,012,1,1,2,25.714285714285715,9.473684210526315,9.428571428571429,4.7368421052631575,9.383458646616543,3.3845370325745505,0.0,0.0,9.383458646616543,3.3845370325745505
am_peak,3706,0.3606918472214865,008,2,1,3,15.0,10.434782608695652,6.75,5.217391304347826,3.0652173913043477,1.1055989230049912,0.0,0.0,3.0652173913043477,1.1055989230049912
am_peak,3714,1.288185168648166,007,2,1,3,15.0,12.0,6.75,6.0,1.5,1.932277752972249,0.0,0.0,1.5,1.932277752972249
am_peak,3715,0.4122192539674131,007,2,1,3,15.0,12.0,6.75,6.0,1.5,0.6183288809511196,0.0,0.0,1.5,0.6183288809511196
am_peak,3723,0.30916444047555985,007,1,1,2,30.0,20.0,10.5,8.0,5.0,1.5458222023777992,0.0,0.0,5.0,1.5458222023777992
am_peak,3728,0.2576370337296332,003,1,1,2,34.285714285714285,28.799999999999997,11.571428571428571,10.2,2.7428571428571438,0.7066615782298513,0.0,0.0,2.7428571428571438,0.7066615782298513
am_peak,3728,0.2576370337296332,031,1,1,2,30.0,25.714285714285715,10.5,9.428571428571429,2.1428571428571423,0.552079357992071,0.0,0.0,2.1428571428571423,0.552079357992071
am_peak,3743,0.721383694442973,001,2,2,4,15.0,6.0,6.75,3.0,7.5,5.410377708322297,0.0,0.0,7.5,5.410377708322297
am_peak,3744,0.3606918472214865,001,2,2,4,15.0,6.0,6.75,3.0,7.5,2.7051888541611486,0.0,0.0,7.5,2.7051888541611486
am_peak,3746,0.46374666071333975,008,2,1,3,15.0,10.434782608695652,6.75,5.217391304347826,3.0652173913043477,1.4214843295778457,0.0,0.0,3.0652173913043477,1.4214843295778457
am_peak,3748,0.7729111011888996,007,2,2,4,15.0,10.0,6.75,5.0,3.5,2.7051888541611486,0.0,0.0,3.5,2.7051888541611486
am_peak,3751,0.6183288809511197,007,2,1,3,15.0,12.0,6.75,6.0,1.5,0.9274933214266796,0.0,0.0,1.5,0.9274933214266796
am_peak,3759,0.15458222023777993,102,1,1,2,30.0,10.0,10.5,5.0,11.0,1.7004044226155792,0.0,0.0,11.0,1.7004044226155792
am_peak,3760,0.2576370337296332,102,1,1,2,30.0,25.714285714285715,10.5,9.428571428571429,2.1428571428571423,0.552079357992071,0.0,0.0,2.1428571428571423,0.552079357992071
am_peak,3762,0.15458222023777993,007,1,1,2,30.0,20.0,10.5,8.0,5.0,0.7729111011888996,0.0,0.0,5.0,0.7729111011888996
am_peak,3765,0.721383694442973,007,1,1,2,30.0,20.0,10.5,8.0,5.0,3.606918472214865,0.0,0.0,5.0,3.606918472214865
am_peak,3771,0.2576370337296332,003,1,1,2,34.285714285714285,28.799999999999997,11.571428571428571,10.2,2.7428571428571438,0.7066615782298513,0.0,0.0,2.7428571428571438,0.7066615782298513
am_peak,3771,0.2576370337296332,031,1,1,2,30.0,25.714285714285715,10.5,9.428571428571429,2.1428571428571423,0.552079357992071,0.0,0.0,2.1428571428571423,0.552079357992071
am_peak,3785,0.15458222023777993,001,2,2,4,15.0,6.0,6.75,3.0,7.5,1.1593666517833494,0.0,0.0,7.5,1.1593666517833494
am_peak,3786,0.4122192539674131,007,2,2,4,15.0,10.0,6.75,5.0,3.5,1.4427673888859458,0.0,0.0,3.5,1.4427673888859458
am_peak,3790,0.20610962698370655,003,1,1,2,25.714285714285715,22.5,9.428571428571429,8.625,1.6071428571428577,0.3312476147952428,0.0,0.0,1.6071428571428577,0.3312476147952428
am_peak,3793,1.3397125753940926,003,1,1,2,25.714285714285715,22.5,9.428571428571429,8.625,1.6071428571428577,2.153109496169078,0.0,0.0,1.6071428571428577,2.153109496169078
am_peak,3808,0.15458222023777993,003,1,1,2,34.285714285714285,28.799999999999997,11.571428571428571,10.2,2.7428571428571438,0.4239969469379108,0.0,0.0,2.7428571428571438,0.4239969469379108
am_peak,3808,0.15458222023777993,031,1,1,2,30.0,25.714285714285715,10.5,9.428571428571429,2.1428571428571423,0.3312476147952426,0.0,0.0,2.1428571428571423,0.3312476147952426
am_peak,3810,0.30916444047555985,003,1,1,2,34.285714285714285,28.799999999999997,11.571428571428571,10.2,2.7428571428571438,0.8479938938758216,0.0,0.0,2.7428571428571438,0.8479938938758216
am_peak,3810,0.30916444047555985,031,1,1,2,30.0,25.714285714285715,10.5,9.428571428571429,2.1428571428571423,0.6624952295904852,0.0,0.0,2.1428571428571423,0.6624952295904852
am_peak,3813,0.2576370337296332,003,1,1,2,25.714285714285715,22.5,9.428571428571429,8.625,1.6071428571428577,0.4140595184940535,0.0,0.0,1.6071428571428577,0.4140595184940535
am_peak,3815,0.20610962698370655,003,1,1,2,25.714285714285715,22.5,9.428571428571429,8.625,1.6071428571428577,0.3312476147952428,0.0,0.0,1.6071428571428577,0.3312476147952428
am_peak,3826,0.8244385079348262,001,2,2,4,15.0,6.0,6.75,3.0,7.5,6.183288809511197,0.0,0.0,7.5,6.183288809511197
am_peak,3827,0.30916444047555985,001,2,2,4,15.0,6.0,6.75,3.0,7.5,2.318733303566699,0.0,0.0,7.5,2.318733303566699
am_peak,3830,0.30916444047555985,007,2,2,4,15.0,10.0,6.75,5.0,3.5,1.0820755416644594,0.0,0.0,3.5,1.0820755416644594
am_peak,3834,0.4122192539674131,003,1,1,2,25.714285714285715,22.5,9.428571428571429,8.625,1.6071428571428577,0.6624952295904856,0.0,0.0,1.6071428571428577,0.6624952295904856
am_peak,3836,2.1126236765829924,003,1,1,2,25.714285714285715,22.5,9.428571428571429,8.625,1.6071428571428577,3.3952880516512387,0.0,0.0,1.6071428571428577,3.3952880516512387
am_peak,3846,0.5152740674592664,007,1,1,2,30.0,20.0,10.5,8.0,5.0,2.576370337296332,0.0,0.0,5.0,2.576370337296332
am_peak,3851,0.30916444047555985,003,1,1,2,25.714285714285715,22.5,9.428571428571429,8.625,1.6071428571428577,0.49687142219286423,0.0,0.0,1.6071428571428577,0.49687142219286423
am_peak,3855,0.3606918472214865,003,1,1,2,34.285714285714285,28.799999999999997,11.571428571428571,10.2,2.7428571428571438,0.9893262095217918,0.0,0.0,2.7428571428571438,0.9893262095217918
am_peak,3855,0.3606918472214865,031,1,1,2,30.0,25.714285714285715,10.5,9.428571428571429,2.1428571428571423,0.7729111011888995,0.0,0.0,2.1428571428571423,0.7729111011888995
am_peak,3858,0.15458222023777993,003,1,1,2,25.714285714285715,22.5,9.428571428571429,8.625,1.6071428571428577,0.24843571109643212,0.0,0.0,1.6071428571428577,0.24843571109643212
am_peak,3867,0.4122192539674131,001,2,2,4,15.0,6.0,6.75,3.0,7.5,3.0916444047555984,0.0,0.0,7.5,3.0916444047555984
am_peak,3888,0.20610962698370655,007,2,2,4,15.0,10.0,6.75,5.0,3.5,0.7213836944429729,0.0,0.0,3.5,0.7213836944429729
am_peak,3890,1.0820755416644594,007,2,2,4,15.0,10.0,6.75,5.0,3.5,3.787264395825608,0.0,0.0,3.5,3.787264395825608
am_peak,3890,1.0820755416644594,102,1,2,3,30.0,6.0,10.5,3.0,15.0,16.23113312496689,0.0,0.0,15.0,16.23113312496689
am_peak,3891,0.15458222023777993,007,2,1,3,15.0,12.0,6.75,6.0,1.5,0.2318733303566699,0.0,0.0,1.5,0.2318733303566699
am_peak,3892,0.15458222023777993,007,2,1,3,15.0,12.0,6.75,6.0,1.5,0.2318733303566699,0.0,0.0,1.5,0.2318733303566699
am_peak,3893,0.2576370337296332,007,2,2,4,15.0,10.0,6.75,5.0,3.5,0.9017296180537162,0.0,0.0,3.5,0.9017296180537162
am_peak,3893,0.2576370337296332,001,2,2,4,15.0,6.0,6.75,3.0,7.5,1.932277752972249,0.0,0.0,7.5,1.932277752972249
am_peak,3894,0.20610962698370655,007,2,1,3,15.0,12.0,6.75,6.0,1.5,0.3091644404755598,0.0,0.0,1.5,0.3091644404755598
am_peak,3894,0.20610962698370655,012,1,1,2,25.714285714285715,9.473684210526315,9.428571428571429,4.7368421052631575,9.383458646616543,1.9340211614711715,0.0,0.0,9.383458646616543,1.9340211614711715
am_peak,3895,0.20610962698370655,007,2,1,3,15.0,12.0,6.75,6.0,1.5,0.3091644404755598,0.0,0.0,1.5,0.3091644404755598
am_peak,3896,0.6183288809511197,007,2,1,3,15.0,12.0,6.75,6.0,1.5,0.9274933214266796,0.0,0.0,1.5,0.9274933214266796
am_peak,3897,2.730952557534112,007,2,2,4,15.0,10.0,6.75,5.0,3.5,9.558333951369391,0.0,0.0,3.5,9.558333951369391
am_peak,3901,1.6488770158696524,007,2,1,3,15.0,12.0,6.75,6.0,1.5,2.4733155238044784,0.0,0.0,1.5,2.4733155238044784
am_peak,3904,0.15458222023777993,007,2,1,3,15.0,12.0,6.75,6.0,1.5,0.2318733303566699,0.0,0.0,1.5,0.2318733303566699
am_peak,3905,0.46374666071333975,007,2,1,3,15.0,12.0,6.75,6.0,1.5,0.6956199910700096,0.0,0.0,1.5,0.6956199910700096
am_peak,3909,0.15458222023777993,007,2,2,4,15.0,10.0,6.75,5.0,3.5,0.5410377708322297,0.0,0.0,3.5,0.5410377708322297
am_peak,3910,0.15458222023777993,007,2,1,3,15.0,12.0,6.75,6.0,1.5,0.2318733303566699,0.0,0.0,1.5,0.2318733303566699
am_peak,3915,0.20610962698370655,007,2,1,3,15.0,12.0,6.75,6.0,1.5,0.3091644404755598,0.0,0.0,1.5,0.3091644404755598
am_peak,3931,0.15458222023777993,006,1,1,2,14.4,9.23076923076923,6.6,4.615384615384615,3.9692307692307693,0.6135725049438034,0.0,0.0,3.9692307692307693,0.6135725049438034
am_peak,3971,0.20610962698370655,006,1,1,2,14.4,9.23076923076923,6.6,4.615384615384615,3.9692307692307693,0.8180966732584045,0.0,0.0,3.9692307692307693,0.8180966732584045
am_peak,4009,0.3606918472214865,001,2,2,4,15.0,6.0,6.75,3.0,7.5,2.7051888541611486,0.0,0.0,7.5,2.7051888541611486
am_peak,4012,0.6698562876970463,006,1,8,9,14.4,4.04494382022472,6.6,2.02247191011236,9.15505617977528,6.132571946242171,0.0,0.0,9.15505617977528,6.132571946242171
am_peak,4013,0.15458222023777993,102,1,1,2,30.0,25.714285714285715,10.5,9.428571428571429,2.1428571428571423,0.3312476147952426,0.0,0.0,2.1428571428571423,0.3312476147952426
am_peak,4033,0.15458222023777993,003,1,1,2,34.285714285714285,28.799999999999997,11.571428571428571,10.2,2.7428571428571438,0.4239969469379108,0.0,0.0,2.7428571428571438,0.4239969469379108
am_peak,4033,0.15458222023777993,031,1,1,2,30.0,25.714285714285715,10.5,9.428571428571429,2.1428571428571423,0.3312476147952426,0.0,0.0,2.1428571428571423,0.3312476147952426
am_peak,4103,0.3606918472214865,007,1,2,3,30.0,18.0,10.5,7.5,6.0,2.1641510833289193,0.0,0.0,6.0,2.1641510833289193
am_peak,4136,1.3397125753940926,102,1,1,2,30.0,10.0,10.5,5.0,11.0,14.736838329335018,0.0,0.0,11.0,14.736838329335018
am_peak,4139,0.20610962698370655,006,1,10,11,14.4,3.711340206185568,6.6,1.855670103092784,9.488659793814431,1.9557041306783864,0.0,0.0,9.488659793814431,1.9557041306783864
am_peak,4145,0.30916444047555985,006,1,2,3,14.4,8.0,6.6,4.0,5.199999999999999,1.607655090472911,0.0,0.0,5.199999999999999,1.607655090472911
am_peak,4151,0.15458222023777993,003,1,1,2,34.285714285714285,28.799999999999997,11.571428571428571,10.2,2.7428571428571438,0.4239969469379108,0.0,0.0,2.7428571428571438,0.4239969469379108
am_peak,4151,0.15458222023777993,031,1,1,2,30.0,25.714285714285715,10.5,9.428571428571429,2.1428571428571423,0.3312476147952426,0.0,0.0,2.1428571428571423,0.3312476147952426
am_peak,4159,0.4122192539674131,001,2,1,3,15.0,7.5,6.75,3.75,6.0,2.4733155238044784,0.0,0.0,6.0,2.4733155238044784
am_peak,4163,0.2576370337296332,001,2,2,4,15.0,6.0,6.75,3.0,7.5,1.932277752972249,0.0,0.0,7.5,1.932277752972249
am_peak,4164,0.566801474205193,001,2,2,4,15.0,6.0,6.75,3.0,7.5,4.251011056538948,0.0,0.0,7.5,4.251011056538948
am_peak,4165,0.5152740674592664,001,2,2,4,15.0,6.0,6.75,3.0,7.5,3.864555505944498,0.0,0.0,7.5,3.864555505944498
am_peak,4169,0.2576370337296332,001,2,3,5,15.0,5.0,6.75,2.5,8.5,2.189914786701882,0.0,0.0,8.5,2.189914786701882
am_peak,4171,0.46374666071333975,006,1,5,6,14.4,5.538461538461539,6.6,2.7692307692307696,7.66153846153846,3.5530128774652794,0.0,0.0,7.66153846153846,3.5530128774652794
am_peak,4174,0.15458222023777993,007,2,1,3,15.0,12.0,6.75,6.0,1.5,0.2318733303566699,0.0,0.0,1.5,0.2318733303566699
am_peak,4179,0.9790207281726062,006,1,6,7,14.4,5.9504132231404965,6.6,2.9752066115702482,7.249586776859503,7.097495725231488,0.0,0.0,7.249586776859503,7.097495725231488
am_peak,4181,0.4122192539674131,006,1,1,2,14.4,9.23076923076923,6.6,4.615384615384615,3.9692307692307693,1.636193346516809,0.0,0.0,3.9692307692307693,1.636193346516809
am_peak,4184,0.20610962698370655,004,1,2,3,30.0,7.5,10.5,3.75,13.5,2.7824799642800384,0.0,0.0,13.5,2.7824799642800384
am_peak,4185,0.7729111011888996,008,1,1,2,30.0,15.0,10.5,6.75,7.5,5.796833258916747,0.0,0.0,7.5,5.796833258916747
am_peak,4187,0.20610962698370655,008,1,1,2,30.0,15.0,10.5,6.75,7.5,1.5458222023777992,0.0,0.0,7.5,1.5458222023777992
am_peak,4192,0.15458222023777993,102,1,1,2,30.0,10.0,10.5,5.0,11.0,1.7004044226155792,0.0,0.0,11.0,1.7004044226155792
am_peak,4200,0.15458222023777993,007,1,1,2,30.0,20.0,10.5,8.0,5.0,0.7729111011888996,0.0,0.0,5.0,0.7729111011888996
am_peak,4202,1.0305481349185328,007,1,1,2,30.0,20.0,10.5,8.0,5.0,5.152740674592664,0.0,0.0,5.0,5.152740674592664
am_peak,4208,0.20610962698370655,006,1,5,6,14.4,6.605504587155964,6.6,3.302752293577982,6.594495412844036,1.3591889896870482,0.0,0.0,6.594495412844036,1.3591889896870482
am_peak,4214,0.15458222023777993,006,1,1,2,14.4,9.23076923076923,6.6,4.615384615384615,3.9692307692307693,0.6135725049438034,0.0,0.0,3.9692307692307693,0.6135725049438034
am_peak,4217,0.2576370337296332,006,1,1,2,14.4,9.23076923076923,6.6,4.615384615384615,3.9692307692307693,1.0226208415730056,0.0,0.0,3.9692307692307693,1.0226208415730056
am_peak,4219,0.15458222023777993,001,2,2,4,15.0,6.0,6.75,3.0,7.5,1.1593666517833494,0.0,0.0,7.5,1.1593666517833494
am_peak,4227,0.15458222023777993,006,1,1,2,14.4,9.23076923076923,6.6,4.615384615384615,3.9692307692307693,0.6135725049438034,0.0,0.0,3.9692307692307693,0.6135725049438034
am_peak,4228,1.3912399821400192,006,1,1,2,14.4,9.23076923076923,6.6,4.615384615384615,3.9692307692307693,5.52215254449423,0.0,0.0,3.9692307692307693,5.52215254449423
am_peak,4230,0.46374666071333975,006,1,1,2,14.4,9.23076923076923,6.6,4.615384615384615,3.9692307692307693,1.84071751483141,0.0,0.0,3.9692307692307693,1.84071751483141
am_peak,4230,0.46374666071333975,008,1,1,2,30.0,15.0,10.5,6.75,7.5,3.4780999553500482,0.0,0.0,7.5,3.4780999553500482
am_peak,4231,0.46374666071333975,006,1,1,2,14.4,9.23076923076923,6.6,4.615384615384615,3.9692307692307693,1.84071751483141,0.0,0.0,3.9692307692307693,1.84071751483141
am_peak,4232,0.20610962698370655,102,1,1,2,30.0,10.0,10.5,5.0,11.0,2.267205896820772,0.0,0.0,11.0,2.267205896820772
am_peak,4233,0.20610962698370655,102,1,1,2,30.0,25.714285714285715,10.5,9.428571428571429,2.1428571428571423,0.44166348639365677,0.0,0.0,2.1428571428571423,0.44166348639365677
am_peak,4234,0.20610962698370655,006,1,1,2,14.4,9.23076923076923,6.6,4.615384615384615,3.9692307692307693,0.8180966732584045,0.0,0.0,3.9692307692307693,0.8180966732584045
am_peak,4240,0.20610962698370655,031,1,1,2,30.0,25.714285714285715,10.5,9.428571428571429,2.1428571428571423,0.44166348639365677,0.0,0.0,2.1428571428571423,0.44166348639365677
am_peak,4241,0.15458222023777993,006,1,1,2,14.4,9.23076923076923,6.6,4.615384615384615,3.9692307692307693,0.6135725049438034,0.0,0.0,3.9692307692307693,0.6135725049438034
am_peak,4252,0.15458222023777993,007,2,2,4,15.0,10.0,6.75,5.0,3.5,0.5410377708322297,0.0,0.0,3.5,0.5410377708322297
am_peak,4278,0.2576370337296332,001,2,1,3,15.0,7.5,6.75,3.75,6.0,1.5458222023777992,0.0,0.0,6.0,1.5458222023777992
am_peak,4289,0.4122192539674131,007,2,2,4,15.0,10.0,6.75,5.0,3.5,1.4427673888859458,0.0,0.0,3.5,1.4427673888859458
am_peak,4294,0.15458222023777993,102,1,1,2,30.0,10.0,10.5,5.0,11.0,1.7004044226155792,0.0,0.0,11.0,1.7004044226155792
am_peak,4348,0.10305481349185328,001,2,1,3,15.0,7.5,6.75,3.75,6.0,0.6183288809511196,0.0,0.0,6.0,0.6183288809511196
am_peak,4355,0.10305481349185328,008,2,1,3,15.0,10.434782608695652,6.75,5.217391304347826,3.0652173913043477,0.3158854065728546,0.0,0.0,3.0652173913043477,0.3158854065728546
am_peak,4360,0.10305481349185328,006,1,8,9,14.4,4.04494382022472,6.6,2.02247191011236,9.15505617977528,0.9434726071141801,0.0,0.0,9.15505617977528,0.9434726071141801
am_peak,4371,0.15458222023777993,102,1,1,2,30.0,10.0,10.5,5.0,11.0,1.7004044226155792,0.0,0.0,11.0,1.7004044226155792
am_peak,4373,0.10305481349185328,035,1,1,2,60.0,45.0,18.0,14.25,7.5,0.7729111011888996,0.0,0.0,7.5,0.7729111011888996
am_peak,4388,0.10305481349185328,102,1,1,2,30.0,10.0,10.5,5.0,11.0,1.133602948410386,0.0,0.0,11.0,1.133602948410386
am_peak,4400,0.10305481349185328,102,1,1,2,30.0,10.0,10.5,5.0,11.0,1.133602948410386,0.0,0.0,11.0,1.133602948410386
am_peak,4402,0.10305481349185328,102,1,1,2,30.0,25.714285714285715,10.5,9.428571428571429,2.1428571428571423,0.22083174319682838,0.0,0.0,2.1428571428571423,0.22083174319682838
am_peak,4413,0.10305481349185328,001,2,2,4,15.0,5.999999999999999,6.75,2.9999999999999996,7.500000000000001,0.7729111011888996,0.0,0.0,7.500000000000001,0.7729111011888996
am_peak,4420,0.15458222023777993,006,1,8,9,14.4,4.04494382022472,6.6,2.02247191011236,9.15505617977528,1.4152089106712704,0.0,0.0,9.15505617977528,1.4152089106712704
am_peak,4421,0.566801474205193,006,1,8,9,14.4,4.04494382022472,6.6,2.02247191011236,9.15505617977528,5.18909933912799,0.0,0.0,9.15505617977528,5.18909933912799
am_peak,4424,0.10305481349185328,006,1,1,2,14.4,9.23076923076923,6.6,4.615384615384615,3.9692307692307693,0.40904833662920226,0.0,0.0,3.9692307692307693,0.40904833662920226
am_peak,4428,0.20610962698370655,102,1,1,2,30.0,10.0,10.5,5.0,11.0,2.267205896820772,0.0,0.0,11.0,2.267205896820772
am_peak,4435,0.10305481349185328,003,1,1,2,34.285714285714285,28.799999999999997,11.571428571428571,10.2,2.7428571428571438,0.2826646312919405,0.0,0.0,2.7428571428571438,0.2826646312919405
am_peak,4435,0.10305481349185328,031,1,1,2,30.0,25.714285714285715,10.5,9.428571428571429,2.1428571428571423,0.22083174319682838,0.0,0.0,2.1428571428571423,0.22083174319682838
am_peak,4451,0.15458222023777993,006,1,8,9,14.4,4.04494382022472,6.6,2.02247191011236,9.15505617977528,1.4152089106712704,0.0,0.0,9.15505617977528,1.4152089106712704
am_peak,4455,0.20610962698370655,006,1,1,2,14.4,9.23076923076923,6.6,4.615384615384615,3.9692307692307693,0.8180966732584045,0.0,0.0,3.9692307692307693,0.8180966732584045
am_peak,4473,0.10305481349185328,001,2,2,4,15.0,5.999999999999999,6.75,2.9999999999999996,7.500000000000001,0.7729111011888996,0.0,0.0,7.500000000000001,0.7729111011888996
am_peak,4478,0.10305481349185328,006,1,8,9,14.4,4.04494382022472,6.6,2.02247191011236,9.15505617977528,0.9434726071141801,0.0,0.0,9.15505617977528,0.9434726071141801
am_peak,4479,0.30916444047555985,006,1,8,9,14.4,4.04494382022472,6.6,2.02247191011236,9.15505617977528,2.830417821342541,0.0,0.0,9.15505617977528,2.830417821342541
am_peak,4484,0.10305481349185328,102,1,1,2,30.0,10.0,10.5,5.0,11.0,1.133602948410386,0.0,0.0,11.0,1.133602948410386
am_peak,4485,0.10305481349185328,102,1,1,2,30.0,10.0,10.5,5.0,11.0,1.133602948410386,0.0,0.0,11.0,1.133602948410386
am_peak,4507,0.4122192539674131,006,1,8,9,14.4,4.04494382022472,6.6,2.02247191011236,9.15505617977528,3.7738904284567205,0.0,0.0,9.15505617977528,3.7738904284567205
am_peak,4510,0.15458222023777993,006,1,1,2,14.4,9.23076923076923,6.6,4.615384615384615,3.9692307692307693,0.6135725049438034,0.0,0.0,3.9692307692307693,0.6135725049438034
am_peak,4528,0.10305481349185328,001,2,1,3,15.0,7.5,6.75,3.75,6.0,0.6183288809511196,0.0,0.0,6.0,0.6183288809511196
am_peak,4535,0.10305481349185328,001,2,3,5,15.0,5.0,6.75,2.5,8.5,0.8759659146807528,0.0,0.0,8.5,0.8759659146807528
am_peak,4542,0.20610962698370655,006,1,8,9,14.4,4.04494382022472,6.6,2.02247191011236,9.15505617977528,1.8869452142283603,0.0,0.0,9.15505617977528,1.8869452142283603
am_peak,4543,0.8759659146807529,006,1,8,9,14.4,4.04494382022472,6.6,2.02247191011236,9.15505617977528,8.019517160470532,0.0,0.0,9.15505617977528,8.019517160470532
am_peak,4557,0.20610962698370655,102,1,1,2,30.0,10.0,10.5,5.0,11.0,2.267205896820772,0.0,0.0,11.0,2.267205896820772
am_peak,4558,0.10305481349185328,102,1,1,2,30.0,10.0,10.5,5.0,11.0,1.133602948410386,0.0,0.0,11.0,1.133602948410386
am_peak,4561,0.10305481349185328,035,1,1,2,60.0,45.0,18.0,14.25,7.5,0.7729111011888996,0.0,0.0,7.5,0.7729111011888996
am_peak,4574,0.15458222023777993,006,1,1,2,14.4,11.25,6.6,5.625,1.9499999999999993,0.30143532946367074,0.0,0.0,1.9499999999999993,0.30143532946367074
am_peak,4597,0.15458222023777993,001,2,2,4,15.0,6.0,6.75,3.0,7.5,1.1593666517833494,0.0,0.0,7.5,1.1593666517833494
am_peak,4602,0.20610962698370655,006,1,8,9,14.4,4.04494382022472,6.6,2.02247191011236,9.15505617977528,1.8869452142283603,0.0,0.0,9.15505617977528,1.8869452142283603
am_peak,4603,1.2366577619022394,006,1,8,9,14.4,4.04494382022472,6.6,2.02247191011236,9.15505617977528,11.321671285370163,0.0,0.0,9.15505617977528,11.321671285370163
am_peak,4606,0.2576370337296332,006,1,1,2,14.4,9.23076923076923,6.6,4.615384615384615,3.9692307692307693,1.0226208415730056,0.0,0.0,3.9692307692307693,1.0226208415730056
am_peak,4609,0.15458222023777993,102,1,1,2,30.0,10.0,10.5,5.0,11.0,1.7004044226155792,0.0,0.0,11.0,1.7004044226155792
am_peak,4625,0.10305481349185328,003,1,1,2,34.285714285714285,28.799999999999997,11.571428571428571,10.2,2.7428571428571438,0.2826646312919405,0.0,0.0,2.7428571428571438,0.2826646312919405
am_peak,4625,0.10305481349185328,031,1,1,2,30.0,25.714285714285715,10.5,9.428571428571429,2.1428571428571423,0.22083174319682838,0.0,0.0,2.1428571428571423,0.22083174319682838
am_peak,4647,0.10305481349185328,008,1,1,2,30.0,15.0,10.5,6.75,7.5,0.7729111011888996,0.0,0.0,7.5,0.7729111011888996
am_peak,4649,0.10305481349185328,102,1,1,2,30.0,10.0,10.5,5.0,11.0,1.133602948410386,0.0,0.0,11.0,1.133602948410386
am_peak,4653,0.10305481349185328,007,1,2,3,30.0,18.0,10.5,7.5,6.0,0.6183288809511196,0.0,0.0,6.0,0.6183288809511196
am_peak,4654,0.2576370337296332,010,2,1,3,14.4,11.612903225806452,6.6,5.806451612903226,1.5870967741935473,0.408894905145095,0.0,0.0,1.5870967741935473,0.408894905145095
am_peak,4664,0.10305481349185328,001,2,1,3,15.0,7.5,6.75,3.75,6.0,0.6183288809511196,0.0,0.0,6.0,0.6183288809511196
am_peak,4667,0.10305481349185328,001,2,2,4,15.0,6.0,6.75,3.0,7.5,0.7729111011888996,0.0,0.0,7.5,0.7729111011888996
am_peak,4668,0.15458222023777993,001,2,2,4,15.0,6.0,6.75,3.0,7.5,1.1593666517833494,0.0,0.0,7.5,1.1593666517833494
am_peak,4676,0.15458222023777993,006,1,8,9,14.4,4.04494382022472,6.6,2.02247191011236,9.15505617977528,1.4152089106712704,0.0,0.0,9.15505617977528,1.4152089106712704
am_peak,4677,0.9790207281726062,006,1,8,9,14.4,4.04494382022472,6.6,2.02247191011236,9.15505617977528,8.962989767584713,0.0,0.0,9.15505617977528,8.962989767584713
am_peak,4684,0.15458222023777993,006,1,1,2,14.4,9.23076923076923,6.6,4.615384615384615,3.9692307692307693,0.6135725049438034,0.0,0.0,3.9692307692307693,0.6135725049438034
am_peak,4686,0.10305481349185328,102,1,1,2,30.0,10.0,10.5,5.0,11.0,1.133602948410386,0.0,0.0,11.0,1.133602948410386
am_peak,4688,0.10305481349185328,102,1,1,2,30.0,10.0,10.5,5.0,11.0,1.133602948410386,0.0,0.0,11.0,1.133602948410386
am_peak,4689,0.15458222023777993,101,1,1,2,30.0,25.714285714285715,10.5,9.428571428571429,2.1428571428571423,0.3312476147952426,0.0,0.0,2.1428571428571423,0.3312476147952426
am_peak,4691,0.10305481349185328,102,1,1,2,30.0,25.714285714285715,10.5,9.428571428571429,2.1428571428571423,0.22083174319682838,0.0,0.0,2.1428571428571423,0.22083174319682838
am_peak,4713,0.15458222023777993,001,2,2,4,15.0,5.999999999999999,6.75,2.9999999999999996,7.500000000000001,1.1593666517833496,0.0,0.0,7.500000000000001,1.1593666517833496
am_peak,4716,0.10305481349185328,001,2,2,4,15.0,6.0,6.75,3.0,7.5,0.7729111011888996,0.0,0.0,7.5,0.7729111011888996
am_peak,4719,0.10305481349185328,006,1,8,9,14.4,4.04494382022472,6.6,2.02247191011236,9.15505617977528,0.9434726071141801,0.0,0.0,9.15505617977528,0.9434726071141801
am_peak,4720,0.2576370337296332,006,1,8,9,14.4,4.04494382022472,6.6,2.02247191011236,9.15505617977528,2.3586815177854503,0.0,0.0,9.15505617977528,2.3586815177854503
am_peak,4750,0.10305481349185328,004,1,2,3,30.0,7.5,10.5,3.75,13.5,1.3912399821400192,0.0,0.0,13.5,1.3912399821400192
am_peak,4753,0.10305481349185328,102,1,1,2,30.0,10.0,10.5,5.0,11.0,1.133602948410386,0.0,0.0,11.0,1.133602948410386
am_peak,4754,0.20610962698370655,102,1,1,2,30.0,10.0,10.5,5.0,11.0,2.267205896820772,0.0,0.0,11.0,2.267205896820772
am_peak,4765,0.9274933214266795,010,2,1,3,14.4,11.612903225806452,6.6,5.806451612903226,1.5870967741935473,1.472021658522342,0.0,0.0,1.5870967741935473,1.472021658522342
am_peak,4784,0.2576370337296332,006,1,8,9,14.4,4.04494382022472,6.6,2.02247191011236,9.15505617977528,2.3586815177854503,0.0,0.0,9.15505617977528,2.3586815177854503
am_peak,4788,0.20610962698370655,102,1,1,2,30.0,10.0,10.5,5.0,11.0,2.267205896820772,0.0,0.0,11.0,2.267205896820772
am_peak,4810,0.10305481349185328,001,2,2,4,15.0,6.0,6.75,3.0,7.5,0.7729111011888996,0.0,0.0,7.5,0.7729111011888996
am_peak,4828,0.10305481349185328,008,1,1,2,30.0,15.0,10.5,6.75,7.5,0.7729111011888996,0.0,0.0,7.5,0.7729111011888996
am_peak,4831,0.10305481349185328,102,1,1,2,30.0,10.0,10.5,5.0,11.0,1.133602948410386,0.0,0.0,11.0,1.133602948410386
am_peak,4841,0.10305481349185328,007,1,2,3,30.0,18.0,10.5,7.5,6.0,0.6183288809511196,0.0,0.0,6.0,0.6183288809511196
am_peak,4846,0.8244385079348262,010,2,1,3,14.4,11.612903225806452,6.6,5.806451612903226,1.5870967741935473,1.308463696464304,0.0,0.0,1.5870967741935473,1.308463696464304
am_peak,4865,0.15458222023777993,006,1,8,9,14.4,4.04494382022472,6.6,2.02247191011236,9.15505617977528,1.4152089106712704,0.0,0.0,9.15505617977528,1.4152089106712704
am_peak,4868,0.10305481349185328,102,1,1,2,30.0,10.0,10.5,5.0,11.0,1.133602948410386,0.0,0.0,11.0,1.133602948410386
am_peak,4882,0.2576370337296332,006,1,8,9,14.4,4.04494382022472,6.6,2.02247191011236,9.15505617977528,2.3586815177854503,0.0,0.0,9.15505617977528,2.3586815177854503
am_peak,4887,0.20610962698370655,102,1,1,2,30.0,10.0,10.5,5.0,11.0,2.267205896820772,0.0,0.0,11.0,2.267205896820772
am_peak,4900,0.15458222023777993,102,1,1,2,30.0,10.0,10.5,5.0,11.0,1.7004044226155792,0.0,0.0,11.0,1.7004044226155792
am_peak,4905,0.566801474205193,010,2,1,3,14.4,11.612903225806452,6.6,5.806451612903226,1.5870967741935473,0.899568791319209,0.0,0.0,1.5870967741935473,0.899568791319209
am_peak,4913,0.15458222023777993,008,2,1,3,15.0,10.434782608695652,6.75,5.217391304347826,3.0652173913043477,0.4738281098592819,0.0,0.0,3.0652173913043477,0.4738281098592819
am_peak,4925,0.15458222023777993,001,2,2,4,15.0,6.0,6.75,3.0,7.5,1.1593666517833494,0.0,0.0,7.5,1.1593666517833494
am_peak,4943,0.566801474205193,010,2,1,3,14.4,11.612903225806452,6.6,5.806451612903226,1.5870967741935473,0.899568791319209,0.0,0.0,1.5870967741935473,0.899568791319209
am_peak,4956,0.15458222023777993,010,2,1,3,14.4,11.612903225806452,6.6,5.806451612903226,1.5870967741935473,0.245336943087057,0.0,0.0,1.5870967741935473,0.245336943087057
am_peak,4969,0.15458222023777993,008,1,1,2,30.0,15.0,10.5,6.75,7.5,1.1593666517833494,0.0,0.0,7.5,1.1593666517833494
am_peak,4971,0.20610962698370655,102,1,1,2,30.0,10.0,10.5,5.0,11.0,2.267205896820772,0.0,0.0,11.0,2.267205896820772
am_peak,4973,0.2576370337296332,102,1,1,2,30.0,25.714285714285715,10.5,9.428571428571429,2.1428571428571423,0.552079357992071,0.0,0.0,2.1428571428571423,0.552079357992071
am_peak,4999,0.15458222023777993,102,1,1,2,30.0,10.0,10.5,5.0,11.0,1.7004044226155792,0.0,0.0,11.0,1.7004044226155792
am_peak,5005,1.0305481349185328,010,2,1,3,14.4,11.612903225806452,6.6,5.806451612903226,1.5870967741935473,1.63557962058038,0.0,0.0,1.5870967741935473,1.63557962058038
am_peak,5023,0.3606918472214865,010,2,1,3,14.4,11.612903225806452,6.6,5.806451612903226,1.5870967741935473,0.572452867203133,0.0,0.0,1.5870967741935473,0.572452867203133
am_peak,5031,0.15458222023777993,001,2,2,4,15.0,6.0,6.75,3.0,7.5,1.1593666517833494,0.0,0.0,7.5,1.1593666517833494
am_peak,5042,0.721383694442973,010,2,1,3,14.4,11.612903225806452,6.6,5.806451612903226,1.5870967741935473,1.144905734406266,0.0,0.0,1.5870967741935473,1.144905734406266
am_peak,5056,0.15458222023777993,102,1,1,2,30.0,10.0,10.5,5.0,11.0,1.7004044226155792,0.0,0.0,11.0,1.7004044226155792
am_peak,5060,0.9274933214266795,010,2,1,3,14.4,11.612903225806452,6.6,5.806451612903226,1.5870967741935473,1.472021658522342,0.0,0.0,1.5870967741935473,1.472021658522342
am_peak,5073,0.6698562876970463,010,2,1,3,14.4,11.612903225806452,6.6,5.806451612903226,1.5870967741935473,1.063126753377247,0.0,0.0,1.5870967741935473,1.063126753377247
am_peak,5084,0.3606918472214865,010,2,1,3,14.4,11.612903225806452,6.6,5.806451612903226,1.5870967741935473,0.572452867203133,0.0,0.0,1.5870967741935473,0.572452867203133
am_peak,5114,0.15458222023777993,001,2,2,4,15.0,6.0,6.75,3.0,7.5,1.1593666517833494,0.0,0.0,7.5,1.1593666517833494
am_peak,5123,0.20610962698370655,102,1,1,2,30.0,10.0,10.5,5.0,11.0,2.267205896820772,0.0,0.0,11.0,2.267205896820772
am_peak,5129,0.6183288809511197,010,2,1,3,14.4,11.612903225806452,6.6,5.806451612903226,1.5870967741935473,0.981347772348228,0.0,0.0,1.5870967741935473,0.981347772348228
am_peak,5140,0.20610962698370655,006,1,8,9,14.4,4.04494382022472,6.6,2.02247191011236,9.15505617977528,1.8869452142283603,0.0,0.0,9.15505617977528,1.8869452142283603
am_peak,5156,0.20610962698370655,008,1,1,2,30.0,15.0,10.5,6.75,7.5,1.5458222023777992,0.0,0.0,7.5,1.5458222023777992
am_peak,5160,0.15458222023777993,010,2,1,3,14.4,11.612903225806452,6.6,5.806451612903226,1.5870967741935473,0.245336943087057,0.0,0.0,1.5870967741935473,0.245336943087057
am_peak,5165,0.15458222023777993,006,1,1,2,14.4,9.23076923076923,6.6,4.615384615384615,3.9692307692307693,0.6135725049438034,0.0,0.0,3.9692307692307693,0.6135725049438034
am_peak,5166,0.2576370337296332,006,1,1,2,14.4,9.23076923076923,6.6,4.615384615384615,3.9692307692307693,1.0226208415730056,0.0,0.0,3.9692307692307693,1.0226208415730056
am_peak,5171,0.6698562876970463,006,1,1,2,14.4,9.23076923076923,6.6,4.615384615384615,3.9692307692307693,2.658814188089815,0.0,0.0,3.9692307692307693,2.658814188089815
am_peak,5175,0.20610962698370655,006,1,1,2,14.4,9.23076923076923,6.6,4.615384615384615,3.9692307692307693,0.8180966732584045,0.0,0.0,3.9692307692307693,0.8180966732584045
am_peak,5176,0.15458222023777993,006,1,1,2,14.4,9.23076923076923,6.6,4.615384615384615,3.9692307692307693,0.6135725049438034,0.0,0.0,3.9692307692307693,0.6135725049438034
am_peak,5176,0.15458222023777993,008,1,1,2,30.0,15.0,10.5,6.75,7.5,1.1593666517833494,0.0,0.0,7.5,1.1593666517833494
am_peak,5177,0.15458222023777993,006,1,1,2,14.4,9.23076923076923,6.6,4.615384615384615,3.9692307692307693,0.6135725049438034,0.0,0.0,3.9692307692307693,0.6135725049438034
am_peak,5179,0.2576370337296332,006,1,1,2,14.4,9.23076923076923,6.6,4.615384615384615,3.9692307692307693,1.0226208415730056,0.0,0.0,3.9692307692307693,1.0226208415730056
am_peak,5184,0.15458222023777993,006,1,1,2,14.4,9.23076923076923,6.6,4.615384615384615,3.9692307692307693,0.6135725049438034,0.0,0.0,3.9692307692307693,0.6135725049438034
am_peak,5187,0.5152740674592664,006,1,1,2,14.4,9.23076923076923,6.6,4.615384615384615,3.9692307692307693,2.045241683146011,0.0,0.0,3.9692307692307693,2.045241683146011
am_peak,5196,0.15458222023777993,102,1,1,2,30.0,10.0,10.5,5.0,11.0,1.7004044226155792,0.0,0.0,11.0,1.7004044226155792
am_peak,5210,0.20610962698370655,102,1,1,2,30.0,10.0,10.5,5.0,11.0,2.267205896820772,0.0,0.0,11.0,2.267205896820772
am_peak,5215,0.2576370337296332,010,2,1,3,14.4,11.612903225806452,6.6,5.806451612903226,1.5870967741935473,0.408894905145095,0.0,0.0,1.5870967741935473,0.408894905145095
am_peak,5223,0.15458222023777993,001,2,2,4,15.0,6.0,6.75,3.0,7.5,1.1593666517833494,0.0,0.0,7.5,1.1593666517833494
am_peak,5244,0.15458222023777993,102,1,1,2,30.0,10.0,10.5,5.0,11.0,1.7004044226155792,0.0,0.0,11.0,1.7004044226155792
am_peak,5273,0.20610962698370655,004,1,1,2,30.0,15.0,10.5,6.75,7.5,1.5458222023777992,0.0,0.0,7.5,1.5458222023777992
am_peak,5274,0.20610962698370655,005,2,1,3,30.0,15.0,10.5,6.75,7.5,1.5458222023777992,0.0,0.0,7.5,1.5458222023777992
am_peak,5277,0.15458222023777993,102,1,1,2,30.0,10.0,10.5,5.0,11.0,1.7004044226155792,0.0,0.0,11.0,1.7004044226155792
am_peak,5299,0.2576370337296332,001,2,1,3,15.0,7.5,6.75,3.75,6.0,1.5458222023777992,0.0,0.0,6.0,1.5458222023777992
am_peak,5302,0.20610962698370655,001,2,1,3,15.0,7.5,6.75,3.75,6.0,1.2366577619022392,0.0,0.0,6.0,1.2366577619022392
am_peak,5303,0.30916444047555985,001,2,1,3,15.0,7.5,6.75,3.75,6.0,1.8549866428533592,0.0,0.0,6.0,1.8549866428533592
am_peak,5304,0.15458222023777993,007,2,1,3,15.0,12.0,6.75,6.0,1.5,0.2318733303566699,0.0,0.0,1.5,0.2318733303566699
am_peak,5307,0.20610962698370655,006,1,6,7,14.4,5.9504132231404965,6.6,2.9752066115702482,7.249586776859503,1.4942096263645235,0.0,0.0,7.249586776859503,1.4942096263645235
am_peak,5309,0.20610962698370655,006,1,1,2,14.4,9.23076923076923,6.6,4.615384615384615,3.9692307692307693,0.8180966732584045,0.0,0.0,3.9692307692307693,0.8180966732584045
am_peak,5310,0.20610962698370655,001,2,2,4,15.0,7.5,6.75,3.75,6.0,1.2366577619022392,0.0,0.0,6.0,1.2366577619022392
am_peak,5324,0.3606918472214865,001,2,2,4,15.0,5.999999999999999,6.75,2.9999999999999996,7.500000000000001,2.705188854161149,0.0,0.0,7.500000000000001,2.705188854161149
am_peak,5325,0.15458222023777993,001,2,2,4,15.0,5.999999999999999,6.75,2.9999999999999996,7.500000000000001,1.1593666517833496,0.0,0.0,7.500000000000001,1.1593666517833496
am_peak,5335,0.2576370337296332,001,2,2,4,15.0,5.999999999999999,6.75,2.9999999999999996,7.500000000000001,1.9322777529722492,0.0,0.0,7.500000000000001,1.9322777529722492
am_peak,5337,0.20610962698370655,006,1,1,2,14.4,9.23076923076923,6.6,4.615384615384615,3.9692307692307693,0.8180966732584045,0.0,0.0,3.9692307692307693,0.8180966732584045
am_peak,5339,1.1851303551563128,001,2,1,3,15.0,10.0,6.75,5.0,3.5,4.147956243047095,0.0,0.0,3.5,4.147956243047095
am_peak,5343,0.20610962698370655,001,2,2,4,15.0,5.999999999999999,6.75,2.9999999999999996,7.500000000000001,1.5458222023777992,0.0,0.0,7.500000000000001,1.5458222023777992
am_peak,5344,0.15458222023777993,001,2,2,4,15.0,5.999999999999999,6.75,2.9999999999999996,7.500000000000001,1.1593666517833496,0.0,0.0,7.500000000000001,1.1593666517833496
am_peak,5345,0.15458222023777993,001,2,2,4,15.0,5.999999999999999,6.75,2.9999999999999996,7.500000000000001,1.1593666517833496,0.0,0.0,7.500000000000001,1.1593666517833496
am_peak,5350,0.15458222023777993,001,2,1,3,15.0,10.0,6.75,5.0,3.5,0.5410377708322297,0.0,0.0,3.5,0.5410377708322297
am_peak,5351,0.15458222023777993,001,2,1,3,15.0,10.0,6.75,5.0,3.5,0.5410377708322297,0.0,0.0,3.5,0.5410377708322297
am_peak,5364,0.15458222023777993,006,1,1,2,14.4,9.23076923076923,6.6,4.615384615384615,3.9692307692307693,0.6135725049438034,0.0,0.0,3.9692307692307693,0.6135725049438034
am_peak,5440,0.15458222023777993,008,1,1,2,30.0,15.0,10.5,6.75,7.5,1.1593666517833494,0.0,0.0,7.5,1.1593666517833494
am_peak,5448,0.15458222023777993,035,1,1,2,60.0,45.0,18.0,14.25,7.5,1.1593666517833494,0.0,0.0,7.5,1.1593666517833494
am_peak,5449,0.15458222023777993,035,1,1,2,60.0,45.0,18.0,14.25,7.5,1.1593666517833494,0.0,0.0,7.5,1.1593666517833494
am_peak,5508,0.15458222023777993,006,1,1,2,14.4,9.23076923076923,6.6,4.615384615384615,3.9692307692307693,0.6135725049438034,0.0,0.0,3.9692307692307693,0.6135725049438034
am_peak,5679,0.15458222023777993,004,1,1,2,30.0,15.0,10.5,6.75,7.5,1.1593666517833494,0.0,0.0,7.5,1.1593666517833494
am_peak,5719,0.4122192539674131,004,1,1,2,30.0,15.0,10.5,6.75,7.5,3.0916444047555984,0.0,0.0,7.5,3.0916444047555984
am_peak,5721,0.15458222023777993,004,1,1,2,30.0,15.0,10.5,6.75,7.5,1.1593666517833494,0.0,0.0,7.5,1.1593666517833494
am_peak,5724,0.15458222023777993,004,1,1,2,30.0,15.0,10.5,6.75,7.5,1.1593666517833494,0.0,0.0,7.5,1.1593666517833494
am_peak,5740,0.15458222023777993,004,1,1,2,30.0,15.0,10.5,6.75,7.5,1.1593666517833494,0.0,0.0,7.5,1.1593666517833494
am_peak,5742,0.15458222023777993,006,1,1,2,14.4,9.23076923076923,6.6,4.615384615384615,3.9692307692307693,0.6135725049438034,0.0,0.0,3.9692307692307693,0.6135725049438034
am_peak,5743,0.15458222023777993,004,1,1,2,30.0,15.0,10.5,6.75,7.5,1.1593666517833494,0.0,0.0,7.5,1.1593666517833494
am_peak,5770,0.15458222023777993,004,1,2,3,30.0,7.5,10.5,3.75,13.5,2.086859973210029,0.0,0.0,13.5,2.086859973210029
am_peak,5776,0.15458222023777993,102,1,1,2,30.0,10.0,10.5,5.0,11.0,1.7004044226155792,0.0,0.0,11.0,1.7004044226155792
am_peak,5802,0.15458222023777993,004,1,1,2,30.0,15.0,10.5,6.75,7.5,1.1593666517833494,0.0,0.0,7.5,1.1593666517833494
am_peak,5825,0.15458222023777993,006,1,1,2,14.4,9.23076923076923,6.6,4.615384615384615,3.9692307692307693,0.6135725049438034,0.0,0.0,3.9692307692307693,0.6135725049438034
am_peak,5849,0.2576370337296332,006,1,1,2,14.4,9.23076923076923,6.6,4.615384615384615,3.9692307692307693,1.0226208415730056,0.0,0.0,3.9692307692307693,1.0226208415730056
am_peak,5860,0.20610962698370655,102,1,1,2,30.0,10.0,10.5,5.0,11.0,2.267205896820772,0.0,0.0,11.0,2.267205896820772
am_peak,5872,0.7729111011888996,004,1,1,2,30.0,15.0,10.5,6.75,7.5,5.796833258916747,0.0,0.0,7.5,5.796833258916747
am_peak,5883,0.20610962698370655,004,1,1,2,30.0,15.0,10.5,6.75,7.5,1.5458222023777992,0.0,0.0,7.5,1.5458222023777992
am_peak,5887,0.15458222023777993,102,1,1,2,30.0,10.0,10.5,5.0,11.0,1.7004044226155792,0.0,0.0,11.0,1.7004044226155792
am_peak,5892,0.3606918472214865,001,2,1,3,15.0,7.5,6.75,3.75,6.0,2.1641510833289193,0.0,0.0,6.0,2.1641510833289193
am_peak,5893,0.2576370337296332,001,2,1,3,15.0,7.5,6.75,3.75,6.0,1.5458222023777992,0.0,0.0,6.0,1.5458222023777992
am_peak,5904,0.20610962698370655,001,2,2,4,15.0,7.5,6.75,3.75,6.0,1.2366577619022392,0.0,0.0,6.0,1.2366577619022392
am_peak,5913,0.15458222023777993,102,1,1,2,30.0,10.0,10.5,5.0,11.0,1.7004044226155792,0.0,0.0,11.0,1.7004044226155792
am_peak,5928,0.15458222023777993,001,2,2,4,15.0,5.999999999999999,6.75,2.9999999999999996,7.500000000000001,1.1593666517833496,0.0,0.0,7.500000000000001,1.1593666517833496
am_peak,5929,0.15458222023777993,001,2,1,3,15.0,7.5,6.75,3.75,6.0,0.9274933214266796,0.0,0.0,6.0,0.9274933214266796
am_peak,5982,0.2576370337296332,102,1,1,2,30.0,10.0,10.5,5.0,11.0,2.8340073710259652,0.0,0.0,11.0,2.8340073710259652
am_peak,6005,0.15458222023777993,102,1,1,2,30.0,10.0,10.5,5.0,11.0,1.7004044226155792,0.0,0.0,11.0,1.7004044226155792
am_peak,6042,0.15458222023777993,102,1,1,2,30.0,10.0,10.5,5.0,11.0,1.7004044226155792,0.0,0.0,11.0,1.7004044226155792
am_peak,6118,0.20610962698370655,001,2,1,3,15.0,7.5,6.75,3.75,6.0,1.2366577619022392,0.0,0.0,6.0,1.2366577619022392
am_peak,6119,0.15458222023777993,012,1,1,2,25.714285714285715,9.473684210526315,9.428571428571429,4.7368421052631575,9.383458646616543,1.4505158711033788,0.0,0.0,9.383458646616543,1.4505158711033788
am_peak,6150,0.20610962698370655,001,2,1,3,15.0,7.5,6.75,3.75,6.0,1.2366577619022392,0.0,0.0,6.0,1.2366577619022392
am_peak,6165,0.15458222023777993,102,1,1,2,30.0,10.0,10.5,5.0,11.0,1.7004044226155792,0.0,0.0,11.0,1.7004044226155792
am_peak,6182,0.20610962698370655,007,2,2,4,15.0,10.0,6.75,5.0,3.5,0.7213836944429729,0.0,0.0,3.5,0.7213836944429729
am_peak,6186,0.4122192539674131,006,1,1,2,14.4,9.23076923076923,6.6,4.615384615384615,3.9692307692307693,1.636193346516809,0.0,0.0,3.9692307692307693,1.636193346516809
am_peak,6203,0.15458222023777993,007,2,2,4,15.0,10.0,6.75,5.0,3.5,0.5410377708322297,0.0,0.0,3.5,0.5410377708322297
am_peak,6208,0.2576370337296332,006,1,1,2,14.4,9.23076923076923,6.6,4.615384615384615,3.9692307692307693,1.0226208415730056,0.0,0.0,3.9692307692307693,1.0226208415730056
am_peak,6235,0.15458222023777993,102,1,1,2,30.0,10.0,10.5,5.0,11.0,1.7004044226155792,0.0,0.0,11.0,1.7004044226155792
am_peak,6236,0.2576370337296332,102,1,1,2,30.0,10.0,10.5,5.0,11.0,2.8340073710259652,0.0,0.0,11.0,2.8340073710259652
am_peak,6236,0.2576370337296332,007,2,2,4,15.0,10.0,6.75,5.0,3.5,0.9017296180537162,0.0,0.0,3.5,0.9017296180537162
am_peak,6237,2.318733303566699,102,1,1,2,30.0,10.0,10.5,5.0,11.0,25.506066339233687,0.0,0.0,11.0,25.506066339233687
am_peak,6242,0.30916444047555985,102,1,1,2,30.0,10.0,10.5,5.0,11.0,3.4008088452311585,0.0,0.0,11.0,3.4008088452311585
am_peak,6243,0.9274933214266795,102,1,1,2,30.0,10.0,10.5,5.0,11.0,10.202426535693474,0.0,0.0,11.0,10.202426535693474
am_peak,6244,0.15458222023777993,102,1,1,2,30.0,10.0,10.5,5.0,11.0,1.7004044226155792,0.0,0.0,11.0,1.7004044226155792
am_peak,6246,0.15458222023777993,102,1,1,2,30.0,10.0,10.5,5.0,11.0,1.7004044226155792,0.0,0.0,11.0,1.7004044226155792
am_peak,6254,0.15458222023777993,102,1,1,2,30.0,10.0,10.5,5.0,11.0,1.7004044226155792,0.0,0.0,11.0,1.7004044226155792
am_peak,6263,0.3606918472214865,001,1,1,2,30.0,22.5,10.5,8.625,3.75,1.3525944270805743,0.0,0.0,3.75,1.3525944270805743
am_peak,6268,0.20610962698370655,102,1,1,2,30.0,10.0,10.5,5.0,11.0,2.267205896820772,0.0,0.0,11.0,2.267205896820772
am_peak,6269,0.15458222023777993,102,1,1,2,30.0,10.0,10.5,5.0,11.0,1.7004044226155792,0.0,0.0,11.0,1.7004044226155792
am_peak,6270,0.2576370337296332,034,1,1,2,15.0,12.0,6.75,6.0,1.5,0.3864555505944498,0.0,0.0,1.5,0.3864555505944498
am_peak,6277,0.3606918472214865,073,1,1,2,90.0,60.0,25.5,18.0,15.0,5.410377708322297,0.0,0.0,15.0,5.410377708322297
am_peak,6278,0.5152740674592664,073,1,1,2,90.0,60.0,25.5,18.0,15.0,7.729111011888996,0.0,0.0,15.0,7.729111011888996
am_peak,6278,0.5152740674592664,001,2,2,4,15.0,6.0,6.75,3.0,7.5,3.864555505944498,0.0,0.0,7.5,3.864555505944498
am_peak,6279,0.3606918472214865,073,1,1,2,90.0,60.0,25.5,18.0,15.0,5.410377708322297,0.0,0.0,15.0,5.410377708322297
am_peak,6279,0.3606918472214865,007,2,2,4,15.0,10.0,6.75,5.0,3.5,1.2624214652752028,0.0,0.0,3.5,1.2624214652752028
am_peak,6280,2.627897744042259,073,1,1,2,90.0,60.0,25.5,18.0,15.0,39.41846616063388,0.0,0.0,15.0,39.41846616063388
am_peak,6281,0.20610962698370655,073,1,1,2,90.0,60.0,25.5,18.0,15.0,3.0916444047555984,0.0,0.0,15.0,3.0916444047555984
am_peak,6283,0.30916444047555985,073,1,1,2,90.0,60.0,25.5,18.0,15.0,4.637466607133398,0.0,0.0,15.0,4.637466607133398
am_peak,6284,0.15458222023777993,073,1,1,2,90.0,60.0,25.5,18.0,15.0,2.318733303566699,0.0,0.0,15.0,2.318733303566699
am_peak,6293,0.2576370337296332,073,1,1,2,90.0,60.0,25.5,18.0,15.0,3.864555505944498,0.0,0.0,15.0,3.864555505944498
am_peak,6293,0.2576370337296332,101,1,1,2,30.0,25.714285714285715,10.5,9.428571428571429,2.1428571428571423,0.552079357992071,0.0,0.0,2.1428571428571423,0.552079357992071
am_peak,6294,0.15458222023777993,073,1,1,2,90.0,60.0,25.5,18.0,15.0,2.318733303566699,0.0,0.0,15.0,2.318733303566699
am_peak,6297,0.20610962698370655,073,1,1,2,90.0,60.0,25.5,18.0,15.0,3.0916444047555984,0.0,0.0,15.0,3.0916444047555984
am_peak,6301,0.5152740674592664,073,1,1,2,90.0,60.0,25.5,18.0,15.0,7.729111011888996,0.0,0.0,15.0,7.729111011888996
am_peak,6304,0.2576370337296332,073,1,1,2,90.0,60.0,25.5,18.0,15.0,3.864555505944498,0.0,0.0,15.0,3.864555505944498
am_peak,6306,0.3606918472214865,073,1,1,2,90.0,60.0,25.5,18.0,15.0,5.410377708322297,0.0,0.0,15.0,5.410377708322297
am_peak,6307,0.2576370337296332,073,1,1,2,90.0,60.0,25.5,18.0,15.0,3.864555505944498,0.0,0.0,15.0,3.864555505944498
am_peak,6308,0.15458222023777993,073,1,1,2,90.0,60.0,25.5,18.0,15.0,2.318733303566699,0.0,0.0,15.0,2.318733303566699
am_peak,6309,0.15458222023777993,073,1,1,2,90.0,60.0,25.5,18.0,15.0,2.318733303566699,0.0,0.0,15.0,2.318733303566699
am_peak,6310,0.20610962698370655,073,1,1,2,90.0,60.0,25.5,18.0,15.0,3.0916444047555984,0.0,0.0,15.0,3.0916444047555984
am_peak,6311,0.15458222023777993,073,1,1,2,90.0,60.0,25.5,18.0,15.0,2.318733303566699,0.0,0.0,15.0,2.318733303566699
am_peak,6313,0.20610962698370655,073,1,1,2,90.0,60.0,25.5,18.0,15.0,3.0916444047555984,0.0,0.0,15.0,3.0916444047555984
am_peak,6336,0.15458222023777993,001,1,1,2,30.0,22.5,10.5,8.625,3.75,0.5796833258916747,0.0,0.0,3.75,0.5796833258916747
am_peak,6373,0.46374666071333975,102,1,1,2,30.0,10.0,10.5,5.0,11.0,5.101213267846737,0.0,0.0,11.0,5.101213267846737
am_peak,6373,0.46374666071333975,007,2,2,4,15.0,10.0,6.75,5.0,3.5,1.6231133124966892,0.0,0.0,3.5,1.6231133124966892
am_peak,6374,1.3397125753940926,102,1,1,2,30.0,10.0,10.5,5.0,11.0,14.736838329335018,0.0,0.0,11.0,14.736838329335018
am_peak,6376,0.7729111011888996,102,1,1,2,30.0,10.0,10.5,5.0,11.0,8.502022113077896,0.0,0.0,11.0,8.502022113077896
am_peak,6378,0.15458222023777993,102,1,1,2,30.0,10.0,10.5,5.0,11.0,1.7004044226155792,0.0,0.0,11.0,1.7004044226155792
am_peak,6386,0.20610962698370655,034,1,1,2,15.0,12.0,6.75,6.0,1.5,0.3091644404755598,0.0,0.0,1.5,0.3091644404755598
am_peak,6392,0.15458222023777993,001,1,1,2,30.0,22.5,10.5,8.625,3.75,0.5796833258916747,0.0,0.0,3.75,0.5796833258916747
am_peak,6399,0.20610962698370655,102,1,1,2,30.0,10.0,10.5,5.0,11.0,2.267205896820772,0.0,0.0,11.0,2.267205896820772
am_peak,6400,0.20610962698370655,102,1,1,2,30.0,10.0,10.5,5.0,11.0,2.267205896820772,0.0,0.0,11.0,2.267205896820772
am_peak,6401,0.30916444047555985,034,1,1,2,15.0,12.0,6.75,6.0,1.5,0.4637466607133398,0.0,0.0,1.5,0.4637466607133398
am_peak,6406,0.20610962698370655,102,1,1,2,30.0,10.0,10.5,5.0,11.0,2.267205896820772,0.0,0.0,11.0,2.267205896820772
am_peak,6406,0.20610962698370655,007,2,2,4,15.0,10.0,6.75,5.0,3.5,0.7213836944429729,0.0,0.0,3.5,0.7213836944429729
am_peak,6407,1.0305481349185328,102,1,1,2,30.0,10.0,10.5,5.0,11.0,11.336029484103861,0.0,0.0,11.0,11.336029484103861
am_peak,6409,0.5152740674592664,102,1,1,2,30.0,10.0,10.5,5.0,11.0,5.6680147420519305,0.0,0.0,11.0,5.6680147420519305
am_peak,6411,0.15458222023777993,001,1,1,2,30.0,22.5,10.5,8.625,3.75,0.5796833258916747,0.0,0.0,3.75,0.5796833258916747
am_peak,6414,0.15458222023777993,102,1,1,2,30.0,10.0,10.5,5.0,11.0,1.7004044226155792,0.0,0.0,11.0,1.7004044226155792
am_peak,6426,0.3606918472214865,007,2,2,4,15.0,10.0,6.75,5.0,3.5,1.2624214652752028,0.0,0.0,3.5,1.2624214652752028
am_peak,6433,0.15458222023777993,001,1,1,2,30.0,22.5,10.5,8.625,3.75,0.5796833258916747,0.0,0.0,3.75,0.5796833258916747
am_peak,6435,0.15458222023777993,001,1,1,2,30.0,22.5,10.5,8.625,3.75,0.5796833258916747,0.0,0.0,3.75,0.5796833258916747
am_peak,6437,0.15458222023777993,001,1,1,2,30.0,22.5,10.5,8.625,3.75,0.5796833258916747,0.0,0.0,3.75,0.5796833258916747
am_peak,6439,0.15458222023777993,001,1,1,2,30.0,22.5,10.5,8.625,3.75,0.5796833258916747,0.0,0.0,3.75,0.5796833258916747
am_peak,6440,0.20610962698370655,001,1,1,2,30.0,22.5,10.5,8.625,3.75,0.7729111011888996,0.0,0.0,3.75,0.7729111011888996
am_peak,6461,0.15458222023777993,007,2,2,4,15.0,10.0,6.75,5.0,3.5,0.5410377708322297,0.0,0.0,3.5,0.5410377708322297
am_peak,6466,0.30916444047555985,001,1,1,2,30.0,22.5,10.5,8.625,3.75,1.1593666517833494,0.0,0.0,3.75,1.1593666517833494
am_peak,6468,0.30916444047555985,001,1,1,2,30.0,22.5,10.5,8.625,3.75,1.1593666517833494,0.0,0.0,3.75,1.1593666517833494
am_peak,6470,0.15458222023777993,001,1,1,2,30.0,22.5,10.5,8.625,3.75,0.5796833258916747,0.0,0.0,3.75,0.5796833258916747
am_peak,6471,0.20610962698370655,001,1,1,2,30.0,22.5,10.5,8.625,3.75,0.7729111011888996,0.0,0.0,3.75,0.7729111011888996
am_peak,6472,0.15458222023777993,001,1,1,2,30.0,22.5,10.5,8.625,3.75,0.5796833258916747,0.0,0.0,3.75,0.5796833258916747
am_peak,6481,0.30916444047555985,001,1,1,2,30.0,22.5,10.5,8.625,3.75,1.1593666517833494,0.0,0.0,3.75,1.1593666517833494
am_peak,6495,0.20610962698370655,007,2,2,4,15.0,10.0,6.75,5.0,3.5,0.7213836944429729,0.0,0.0,3.5,0.7213836944429729
am_peak,6502,0.15458222023777993,001,1,1,2,30.0,22.5,10.5,8.625,3.75,0.5796833258916747,0.0,0.0,3.75,0.5796833258916747
am_peak,6504,0.2576370337296332,001,1,1,2,30.0,22.5,10.5,8.625,3.75,0.9661388764861245,0.0,0.0,3.75,0.9661388764861245
am_peak,6505,0.15458222023777993,001,1,1,2,30.0,22.5,10.5,8.625,3.75,0.5796833258916747,0.0,0.0,3.75,0.5796833258916747
am_peak,6523,0.15458222023777993,001,2,2,4,15.0,6.0,6.75,3.0,7.5,1.1593666517833494,0.0,0.0,7.5,1.1593666517833494
am_peak,6524,0.20610962698370655,007,2,2,4,15.0,10.0,6.75,5.0,3.5,0.7213836944429729,0.0,0.0,3.5,0.7213836944429729
am_peak,6529,0.20610962698370655,001,1,1,2,30.0,22.5,10.5,8.625,3.75,0.7729111011888996,0.0,0.0,3.75,0.7729111011888996
am_peak,6531,0.20610962698370655,001,1,1,2,30.0,22.5,10.5,8.625,3.75,0.7729111011888996,0.0,0.0,3.75,0.7729111011888996
am_peak,6532,0.20610962698370655,001,1,1,2,30.0,22.5,10.5,8.625,3.75,0.7729111011888996,0.0,0.0,3.75,0.7729111011888996
am_peak,6533,0.2576370337296332,001,1,1,2,30.0,22.5,10.5,8.625,3.75,0.9661388764861245,0.0,0.0,3.75,0.9661388764861245
am_peak,6556,0.4122192539674131,102,1,1,2,30.0,10.0,10.5,5.0,11.0,4.534411793641544,0.0,0.0,11.0,4.534411793641544
am_peak,6558,0.2576370337296332,001,1,1,2,30.0,22.5,10.5,8.625,3.75,0.9661388764861245,0.0,0.0,3.75,0.9661388764861245
am_peak,6561,0.15458222023777993,032,1,1,2,60.0,45.0,18.0,14.25,7.5,1.1593666517833494,0.0,0.0,7.5,1.1593666517833494
am_peak,6572,0.20610962698370655,102,1,1,2,30.0,10.0,10.5,5.0,11.0,2.267205896820772,0.0,0.0,11.0,2.267205896820772
am_peak,6573,0.2576370337296332,102,1,1,2,30.0,10.0,10.5,5.0,11.0,2.8340073710259652,0.0,0.0,11.0,2.8340073710259652
am_peak,6577,0.15458222023777993,032,1,1,2,60.0,45.0,18.0,14.25,7.5,1.1593666517833494,0.0,0.0,7.5,1.1593666517833494
am_peak,6591,0.9274933214266795,102,1,1,2,30.0,10.0,10.5,5.0,11.0,10.202426535693474,0.0,0.0,11.0,10.202426535693474
am_peak,6594,0.2576370337296332,001,1,1,2,30.0,22.5,10.5,8.625,3.75,0.9661388764861245,0.0,0.0,3.75,0.9661388764861245
am_peak,6595,0.20610962698370655,001,1,1,2,30.0,22.5,10.5,8.625,3.75,0.7729111011888996,0.0,0.0,3.75,0.7729111011888996
am_peak,6596,0.2576370337296332,032,1,1,2,60.0,45.0,18.0,14.25,7.5,1.932277752972249,0.0,0.0,7.5,1.932277752972249
am_peak,6597,0.15458222023777993,001,1,1,2,30.0,22.5,10.5,8.625,3.75,0.5796833258916747,0.0,0.0,3.75,0.5796833258916747
am_peak,6599,0.2576370337296332,032,1,1,2,60.0,45.0,18.0,14.25,7.5,1.932277752972249,0.0,0.0,7.5,1.932277752972249
am_peak,6618,0.20610962698370655,001,1,1,2,30.0,22.5,10.5,8.625,3.75,0.7729111011888996,0.0,0.0,3.75,0.7729111011888996
am_peak,6620,0.4122192539674131,032,1,1,2,60.0,45.0,18.0,14.25,7.5,3.0916444047555984,0.0,0.0,7.5,3.0916444047555984
am_peak,6636,0.3606918472214865,102,1,1,2,30.0,10.0,10.5,5.0,11.0,3.9676103194363517,0.0,0.0,11.0,3.9676103194363517
am_peak,6638,0.2576370337296332,001,1,1,2,30.0,22.5,10.5,8.625,3.75,0.9661388764861245,0.0,0.0,3.75,0.9661388764861245
am_peak,6639,0.20610962698370655,001,1,1,2,30.0,22.5,10.5,8.625,3.75,0.7729111011888996,0.0,0.0,3.75,0.7729111011888996
am_peak,6640,0.2576370337296332,032,1,1,2,60.0,45.0,18.0,14.25,7.5,1.932277752972249,0.0,0.0,7.5,1.932277752972249
am_peak,6643,0.15458222023777993,032,1,1,2,60.0,45.0,18.0,14.25,7.5,1.1593666517833494,0.0,0.0,7.5,1.1593666517833494
am_peak,6658,0.20610962698370655,073,1,1,2,90.0,60.0,25.5,18.0,15.0,3.0916444047555984,0.0,0.0,15.0,3.0916444047555984
am_peak,6660,0.2576370337296332,073,1,1,2,90.0,60.0,25.5,18.0,15.0,3.864555505944498,0.0,0.0,15.0,3.864555505944498
am_peak,6660,0.2576370337296332,001,2,2,4,15.0,6.0,6.75,3.0,7.5,1.932277752972249,0.0,0.0,7.5,1.932277752972249
am_peak,6661,0.15458222023777993,073,1,1,2,90.0,60.0,25.5,18.0,15.0,2.318733303566699,0.0,0.0,15.0,2.318733303566699
am_peak,6662,0.15458222023777993,073,1,1,2,90.0,60.0,25.5,18.0,15.0,2.318733303566699,0.0,0.0,15.0,2.318733303566699
am_peak,6663,0.2576370337296332,073,1,1,2,90.0,60.0,25.5,18.0,15.0,3.864555505944498,0.0,0.0,15.0,3.864555505944498
am_peak,6663,0.2576370337296332,007,2,2,4,15.0,10.0,6.75,5.0,3.5,0.9017296180537162,0.0,0.0,3.5,0.9017296180537162
am_peak,6664,1.8034592361074324,073,1,1,2,90.0,60.0,25.5,18.0,15.0,27.051888541611486,0.0,0.0,15.0,27.051888541611486
am_peak,6665,0.20610962698370655,073,1,1,2,90.0,60.0,25.5,18.0,15.0,3.0916444047555984,0.0,0.0,15.0,3.0916444047555984
am_peak,6666,0.15458222023777993,073,1,1,2,90.0,60.0,25.5,18.0,15.0,2.318733303566699,0.0,0.0,15.0,2.318733303566699
am_peak,6667,0.30916444047555985,073,1,1,2,90.0,60.0,25.5,18.0,15.0,4.637466607133398,0.0,0.0,15.0,4.637466607133398
am_peak,6669,0.20610962698370655,073,1,1,2,90.0,60.0,25.5,18.0,15.0,3.0916444047555984,0.0,0.0,15.0,3.0916444047555984
am_peak,6670,0.30916444047555985,073,1,1,2,90.0,60.0,25.5,18.0,15.0,4.637466607133398,0.0,0.0,15.0,4.637466607133398
am_peak,6671,0.2576370337296332,073,1,1,2,90.0,60.0,25.5,18.0,15.0,3.864555505944498,0.0,0.0,15.0,3.864555505944498
am_peak,6672,0.4122192539674131,001,1,1,2,30.0,22.5,10.5,8.625,3.75,1.5458222023777992,0.0,0.0,3.75,1.5458222023777992
am_peak,6673,0.30916444047555985,073,1,1,2,90.0,60.0,25.5,18.0,15.0,4.637466607133398,0.0,0.0,15.0,4.637466607133398
am_peak,6674,0.15458222023777993,001,1,1,2,30.0,22.5,10.5,8.625,3.75,0.5796833258916747,0.0,0.0,3.75,0.5796833258916747
am_peak,6676,0.15458222023777993,001,1,1,2,30.0,22.5,10.5,8.625,3.75,0.5796833258916747,0.0,0.0,3.75,0.5796833258916747
am_peak,6677,0.15458222023777993,001,1,1,2,30.0,22.5,10.5,8.625,3.75,0.5796833258916747,0.0,0.0,3.75,0.5796833258916747
am_peak,6678,0.15458222023777993,001,1,1,2,30.0,22.5,10.5,8.625,3.75,0.5796833258916747,0.0,0.0,3.75,0.5796833258916747
am_peak,6681,0.566801474205193,032,1,1,2,60.0,45.0,18.0,14.25,7.5,4.251011056538948,0.0,0.0,7.5,4.251011056538948
am_peak,6688,0.15458222023777993,073,1,1,2,90.0,60.0,25.5,18.0,15.0,2.318733303566699,0.0,0.0,15.0,2.318733303566699
am_peak,6697,0.4122192539674131,102,1,1,2,30.0,10.0,10.5,5.0,11.0,4.534411793641544,0.0,0.0,11.0,4.534411793641544
am_peak,6701,0.7729111011888996,102,1,1,2,30.0,10.0,10.5,5.0,11.0,8.502022113077896,0.0,0.0,11.0,8.502022113077896
am_peak,6704,0.7729111011888996,102,1,1,2,30.0,10.0,10.5,5.0,11.0,8.502022113077896,0.0,0.0,11.0,8.502022113077896
am_peak,6714,0.20610962698370655,102,1,1,2,30.0,10.0,10.5,5.0,11.0,2.267205896820772,0.0,0.0,11.0,2.267205896820772
am_peak,6715,0.30916444047555985,001,1,1,2,30.0,22.5,10.5,8.625,3.75,1.1593666517833494,0.0,0.0,3.75,1.1593666517833494
am_peak,6723,0.2576370337296332,102,1,1,2,30.0,10.0,10.5,5.0,11.0,2.8340073710259652,0.0,0.0,11.0,2.8340073710259652
am_peak,6726,0.15458222023777993,102,1,1,2,30.0,10.0,10.5,5.0,11.0,1.7004044226155792,0.0,0.0,11.0,1.7004044226155792
am_peak,6727,0.2576370337296332,034,1,1,2,15.0,12.0,6.75,6.0,1.5,0.3864555505944498,0.0,0.0,1.5,0.3864555505944498
am_peak,6737,0.566801474205193,007,2,2,4,15.0,10.0,6.75,5.0,3.5,1.9838051597181754,0.0,0.0,3.5,1.9838051597181754
am_peak,6746,0.20610962698370655,008,1,1,2,30.0,15.0,10.5,6.75,7.5,1.5458222023777992,0.0,0.0,7.5,1.5458222023777992
am_peak,6747,0.8759659146807529,001,1,1,2,30.0,22.5,10.5,8.625,3.75,3.2848721800528233,0.0,0.0,3.75,3.2848721800528233
am_peak,6789,0.30916444047555985,007,2,2,4,15.0,10.0,6.75,5.0,3.5,1.0820755416644594,0.0,0.0,3.5,1.0820755416644594
am_peak,6795,0.15458222023777993,006,1,1,2,14.4,9.23076923076923,6.6,4.615384615384615,3.9692307692307693,0.6135725049438034,0.0,0.0,3.9692307692307693,0.6135725049438034
am_peak,6796,0.15458222023777993,008,1,1,2,30.0,15.0,10.5,6.75,7.5,1.1593666517833494,0.0,0.0,7.5,1.1593666517833494
am_peak,6797,0.4122192539674131,001,1,1,2,30.0,22.5,10.5,8.625,3.75,1.5458222023777992,0.0,0.0,3.75,1.5458222023777992
am_peak,6799,0.2576370337296332,001,1,1,2,30.0,22.5,10.5,8.625,3.75,0.9661388764861245,0.0,0.0,3.75,0.9661388764861245
am_peak,6805,0.566801474205193,001,1,1,2,30.0,22.5,10.5,8.625,3.75,2.125505528269474,0.0,0.0,3.75,2.125505528269474
am_peak,6807,0.15458222023777993,001,1,1,2,30.0,22.5,10.5,8.625,3.75,0.5796833258916747,0.0,0.0,3.75,0.5796833258916747
am_peak,6814,0.15458222023777993,001,1,1,2,30.0,22.5,10.5,8.625,3.75,0.5796833258916747,0.0,0.0,3.75,0.5796833258916747
am_peak,6816,0.15458222023777993,001,1,1,2,30.0,22.5,10.5,8.625,3.75,0.5796833258916747,0.0,0.0,3.75,0.5796833258916747
am_peak,6828,0.30916444047555985,001,2,1,3,15.0,7.5,6.75,3.75,6.0,1.8549866428533592,0.0,0.0,6.0,1.8549866428533592
am_peak,6831,0.15458222023777993,007,2,2,4,15.0,10.0,6.75,5.0,3.5,0.5410377708322297,0.0,0.0,3.5,0.5410377708322297
am_peak,6838,0.15458222023777993,102,1,1,2,30.0,10.0,10.5,5.0,11.0,1.7004044226155792,0.0,0.0,11.0,1.7004044226155792
am_peak,6839,0.20610962698370655,102,1,1,2,30.0,10.0,10.5,5.0,11.0,2.267205896820772,0.0,0.0,11.0,2.267205896820772
am_peak,6840,0.15458222023777993,032,1,1,2,60.0,45.0,18.0,14.25,7.5,1.1593666517833494,0.0,0.0,7.5,1.1593666517833494
am_peak,6841,0.15458222023777993,102,1,1,2,30.0,10.0,10.5,5.0,11.0,1.7004044226155792,0.0,0.0,11.0,1.7004044226155792
am_peak,6843,0.15458222023777993,102,1,1,2,30.0,10.0,10.5,5.0,11.0,1.7004044226155792,0.0,0.0,11.0,1.7004044226155792
am_peak,6846,0.15458222023777993,101,1,1,2,30.0,25.714285714285715,10.5,9.428571428571429,2.1428571428571423,0.3312476147952426,0.0,0.0,2.1428571428571423,0.3312476147952426
am_peak,6847,0.30916444047555985,007,1,1,2,30.0,20.0,10.5,8.0,5.0,1.5458222023777992,0.0,0.0,5.0,1.5458222023777992
am_peak,6863,0.20610962698370655,007,2,2,4,15.0,10.0,6.75,5.0,3.5,0.7213836944429729,0.0,0.0,3.5,0.7213836944429729
am_peak,6867,0.15458222023777993,008,1,1,2,30.0,15.0,10.5,6.75,7.5,1.1593666517833494,0.0,0.0,7.5,1.1593666517833494
am_peak,6868,0.20610962698370655,001,1,1,2,30.0,22.5,10.5,8.625,3.75,0.7729111011888996,0.0,0.0,3.75,0.7729111011888996
am_peak,6876,0.2576370337296332,001,1,1,2,30.0,22.5,10.5,8.625,3.75,0.9661388764861245,0.0,0.0,3.75,0.9661388764861245
am_peak,6885,0.15458222023777993,034,1,1,2,15.0,12.0,6.75,6.0,1.5,0.2318733303566699,0.0,0.0,1.5,0.2318733303566699
am_peak,6890,0.2576370337296332,007,2,2,4,15.0,10.0,6.75,5.0,3.5,0.9017296180537162,0.0,0.0,3.5,0.9017296180537162
am_peak,6897,0.15458222023777993,001,1,1,2,30.0,22.5,10.5,8.625,3.75,0.5796833258916747,0.0,0.0,3.75,0.5796833258916747
am_peak,6898,0.30916444047555985,001,1,1,2,30.0,22.5,10.5,8.625,3.75,1.1593666517833494,0.0,0.0,3.75,1.1593666517833494
am_peak,6899,0.20610962698370655,001,1,1,2,30.0,22.5,10.5,8.625,3.75,0.7729111011888996,0.0,0.0,3.75,0.7729111011888996
am_peak,6924,0.30916444047555985,007,2,2,4,15.0,10.0,6.75,5.0,3.5,1.0820755416644594,0.0,0.0,3.5,1.0820755416644594
am_peak,6929,0.20610962698370655,008,1,1,2,30.0,15.0,10.5,6.75,7.5,1.5458222023777992,0.0,0.0,7.5,1.5458222023777992
am_peak,6935,0.2576370337296332,001,1,1,2,30.0,22.5,10.5,8.625,3.75,0.9661388764861245,0.0,0.0,3.75,0.9661388764861245
am_peak,6945,0.15458222023777993,001,1,1,2,30.0,22.5,10.5,8.625,3.75,0.5796833258916747,0.0,0.0,3.75,0.5796833258916747
am_peak,6949,0.20610962698370655,001,1,1,2,30.0,22.5,10.5,8.625,3.75,0.7729111011888996,0.0,0.0,3.75,0.7729111011888996
am_peak,6961,0.15458222023777993,034,1,1,2,15.0,12.0,6.75,6.0,1.5,0.2318733303566699,0.0,0.0,1.5,0.2318733303566699
am_peak,6966,0.15458222023777993,102,1,1,2,30.0,10.0,10.5,5.0,11.0,1.7004044226155792,0.0,0.0,11.0,1.7004044226155792
am_peak,6967,0.3606918472214865,102,1,1,2,30.0,10.0,10.5,5.0,11.0,3.9676103194363517,0.0,0.0,11.0,3.9676103194363517
am_peak,6967,0.3606918472214865,007,2,2,4,15.0,10.0,6.75,5.0,3.5,1.2624214652752028,0.0,0.0,3.5,1.2624214652752028
am_peak,6968,1.8034592361074324,102,1,1,2,30.0,10.0,10.5,5.0,11.0,19.838051597181757,0.0,0.0,11.0,19.838051597181757
am_peak,6970,0.20610962698370655,102,1,1,2,30.0,10.0,10.5,5.0,11.0,2.267205896820772,0.0,0.0,11.0,2.267205896820772
am_peak,6971,0.721383694442973,102,1,1,2,30.0,10.0,10.5,5.0,11.0,7.935220638872703,0.0,0.0,11.0,7.935220638872703
am_peak,6972,0.2576370337296332,102,1,1,2,30.0,10.0,10.5,5.0,11.0,2.8340073710259652,0.0,0.0,11.0,2.8340073710259652
am_peak,6977,0.20610962698370655,073,1,1,2,90.0,60.0,25.5,18.0,15.0,3.0916444047555984,0.0,0.0,15.0,3.0916444047555984
am_peak,6987,0.15458222023777993,102,1,1,2,30.0,10.0,10.5,5.0,11.0,1.7004044226155792,0.0,0.0,11.0,1.7004044226155792
am_peak,6988,0.20610962698370655,001,1,1,2,30.0,22.5,10.5,8.625,3.75,0.7729111011888996,0.0,0.0,3.75,0.7729111011888996
am_peak,7001,0.15458222023777993,001,1,1,2,30.0,22.5,10.5,8.625,3.75,0.5796833258916747,0.0,0.0,3.75,0.5796833258916747
am_peak,7003,0.20610962698370655,102,1,1,2,30.0,10.0,10.5,5.0,11.0,2.267205896820772,0.0,0.0,11.0,2.267205896820772
am_peak,7005,0.2576370337296332,102,1,1,2,30.0,10.0,10.5,5.0,11.0,2.8340073710259652,0.0,0.0,11.0,2.8340073710259652
am_peak,7007,0.15458222023777993,102,1,1,2,30.0,10.0,10.5,5.0,11.0,1.7004044226155792,0.0,0.0,11.0,1.7004044226155792
am_peak,7008,0.3606918472214865,034,1,1,2,15.0,12.0,6.75,6.0,1.5,0.5410377708322298,0.0,0.0,1.5,0.5410377708322298
am_peak,7015,0.20610962698370655,007,2,2,4,15.0,10.0,6.75,5.0,3.5,0.7213836944429729,0.0,0.0,3.5,0.7213836944429729
am_peak,7020,0.2576370337296332,008,1,1,2,30.0,15.0,10.5,6.75,7.5,1.932277752972249,0.0,0.0,7.5,1.932277752972249
am_peak,7032,0.15458222023777993,001,1,1,2,30.0,22.5,10.5,8.625,3.75,0.5796833258916747,0.0,0.0,3.75,0.5796833258916747
am_peak,7038,0.30916444047555985,001,1,1,2,30.0,22.5,10.5,8.625,3.75,1.1593666517833494,0.0,0.0,3.75,1.1593666517833494
am_peak,7042,0.30916444047555985,034,1,1,2,15.0,12.0,6.75,6.0,1.5,0.4637466607133398,0.0,0.0,1.5,0.4637466607133398
am_peak,7049,0.15458222023777993,007,2,2,4,15.0,10.0,6.75,5.0,3.5,0.5410377708322297,0.0,0.0,3.5,0.5410377708322297
am_peak,7059,0.15458222023777993,001,1,1,2,30.0,22.5,10.5,8.625,3.75,0.5796833258916747,0.0,0.0,3.75,0.5796833258916747
am_peak,7070,0.5152740674592664,034,1,1,2,15.0,12.0,6.75,6.0,1.5,0.7729111011888996,0.0,0.0,1.5,0.7729111011888996
am_peak,7076,0.2576370337296332,007,2,2,4,15.0,10.0,6.75,5.0,3.5,0.9017296180537162,0.0,0.0,3.5,0.9017296180537162
am_peak,7083,0.20610962698370655,001,1,1,2,30.0,22.5,10.5,8.625,3.75,0.7729111011888996,0.0,0.0,3.75,0.7729111011888996
am_peak,7095,0.2576370337296332,034,1,1,2,15.0,12.0,6.75,6.0,1.5,0.3864555505944498,0.0,0.0,1.5,0.3864555505944498
am_peak,7103,0.2576370337296332,102,1,1,2,30.0,10.0,10.5,5.0,11.0,2.8340073710259652,0.0,0.0,11.0,2.8340073710259652
am_peak,7103,0.2576370337296332,007,2,2,4,15.0,10.0,6.75,5.0,3.5,0.9017296180537162,0.0,0.0,3.5,0.9017296180537162
am_peak,7104,2.1126236765829924,102,1,1,2,30.0,10.0,10.5,5.0,11.0,23.238860442412918,0.0,0.0,11.0,23.238860442412918
am_peak,7106,0.15458222023777993,102,1,1,2,30.0,10.0,10.5,5.0,11.0,1.7004044226155792,0.0,0.0,11.0,1.7004044226155792
am_peak,7107,1.0305481349185328,102,1,1,2,30.0,10.0,10.5,5.0,11.0,11.336029484103861,0.0,0.0,11.0,11.336029484103861
am_peak,7108,0.20610962698370655,102,1,1,2,30.0,10.0,10.5,5.0,11.0,2.267205896820772,0.0,0.0,11.0,2.267205896820772
am_peak,7108,0.20610962698370655,006,1,1,2,14.4,9.23076923076923,6.6,4.615384615384615,3.9692307692307693,0.8180966732584045,0.0,0.0,3.9692307692307693,0.8180966732584045
am_peak,7117,0.15458222023777993,001,1,1,2,30.0,22.5,10.5,8.625,3.75,0.5796833258916747,0.0,0.0,3.75,0.5796833258916747
am_peak,7125,0.20610962698370655,034,1,1,2,15.0,12.0,6.75,6.0,1.5,0.3091644404755598,0.0,0.0,1.5,0.3091644404755598
am_peak,7128,0.2576370337296332,102,1,1,2,30.0,10.0,10.5,5.0,11.0,2.8340073710259652,0.0,0.0,11.0,2.8340073710259652
am_peak,7134,0.2576370337296332,001,1,1,2,30.0,22.5,10.5,8.625,3.75,0.9661388764861245,0.0,0.0,3.75,0.9661388764861245
am_peak,7141,0.20610962698370655,102,1,1,2,30.0,10.0,10.5,5.0,11.0,2.267205896820772,0.0,0.0,11.0,2.267205896820772
am_peak,7143,0.20610962698370655,102,1,1,2,30.0,10.0,10.5,5.0,11.0,2.267205896820772,0.0,0.0,11.0,2.267205896820772
am_peak,7144,0.20610962698370655,102,1,1,2,30.0,10.0,10.5,5.0,11.0,2.267205896820772,0.0,0.0,11.0,2.267205896820772
am_peak,7145,0.3606918472214865,034,1,1,2,15.0,12.0,6.75,6.0,1.5,0.5410377708322298,0.0,0.0,1.5,0.5410377708322298
am_peak,7154,0.20610962698370655,102,1,1,2,30.0,10.0,10.5,5.0,11.0,2.267205896820772,0.0,0.0,11.0,2.267205896820772
am_peak,7154,0.20610962698370655,007,2,2,4,15.0,10.0,6.75,5.0,3.5,0.7213836944429729,0.0,0.0,3.5,0.7213836944429729
am_peak,7155,1.0820755416644594,102,1,1,2,30.0,10.0,10.5,5.0,11.0,11.902830958309053,0.0,0.0,11.0,11.902830958309053
am_peak,7157,0.6183288809511197,102,1,1,2,30.0,10.0,10.5,5.0,11.0,6.801617690462317,0.0,0.0,11.0,6.801617690462317
am_peak,7162,0.3606918472214865,073,1,1,2,90.0,60.0,25.5,18.0,15.0,5.410377708322297,0.0,0.0,15.0,5.410377708322297
am_peak,7176,0.15458222023777993,102,1,1,2,30.0,10.0,10.5,5.0,11.0,1.7004044226155792,0.0,0.0,11.0,1.7004044226155792
am_peak,7177,0.15458222023777993,102,1,1,2,30.0,10.0,10.5,5.0,11.0,1.7004044226155792,0.0,0.0,11.0,1.7004044226155792
am_peak,7178,0.15458222023777993,102,1,1,2,30.0,10.0,10.5,5.0,11.0,1.7004044226155792,0.0,0.0,11.0,1.7004044226155792
am_peak,7179,0.20610962698370655,034,1,1,2,15.0,12.0,6.75,6.0,1.5,0.3091644404755598,0.0,0.0,1.5,0.3091644404755598
am_peak,7183,1.3397125753940926,001,1,1,2,30.0,18.94736842105263,10.5,7.7368421052631575,5.526315789473685,7.403674758756829,0.0,0.0,5.526315789473685,7.403674758756829
am_peak,7202,0.20610962698370655,001,1,1,2,30.0,18.94736842105263,10.5,7.7368421052631575,5.526315789473685,1.139026885962589,0.0,0.0,5.526315789473685,1.139026885962589
am_peak,7205,0.20610962698370655,001,1,1,2,30.0,18.94736842105263,10.5,7.7368421052631575,5.526315789473685,1.139026885962589,0.0,0.0,5.526315789473685,1.139026885962589
am_peak,7210,0.566801474205193,034,1,1,2,15.0,12.0,6.75,6.0,1.5,0.8502022113077895,0.0,0.0,1.5,0.8502022113077895
am_peak,7220,0.15458222023777993,007,2,2,4,15.0,10.0,6.75,5.0,3.5,0.5410377708322297,0.0,0.0,3.5,0.5410377708322297
am_peak,7224,0.15458222023777993,006,1,1,2,14.4,9.23076923076923,6.6,4.615384615384615,3.9692307692307693,0.6135725049438034,0.0,0.0,3.9692307692307693,0.6135725049438034
am_peak,7251,0.30916444047555985,102,1,1,2,30.0,10.0,10.5,5.0,11.0,3.4008088452311585,0.0,0.0,11.0,3.4008088452311585
am_peak,7253,0.46374666071333975,102,1,1,2,30.0,10.0,10.5,5.0,11.0,5.101213267846737,0.0,0.0,11.0,5.101213267846737
am_peak,7259,0.15458222023777993,001,1,1,2,30.0,22.5,10.5,8.625,3.75,0.5796833258916747,0.0,0.0,3.75,0.5796833258916747
am_peak,7272,0.20610962698370655,001,2,1,3,15.0,7.5,6.75,3.75,6.0,1.2366577619022392,0.0,0.0,6.0,1.2366577619022392
am_peak,7274,0.2576370337296332,007,2,2,4,15.0,10.0,6.75,5.0,3.5,0.9017296180537162,0.0,0.0,3.5,0.9017296180537162
am_peak,7282,0.2576370337296332,102,1,1,2,30.0,10.0,10.5,5.0,11.0,2.8340073710259652,0.0,0.0,11.0,2.8340073710259652
am_peak,7285,0.5152740674592664,102,1,1,2,30.0,10.0,10.5,5.0,11.0,5.6680147420519305,0.0,0.0,11.0,5.6680147420519305
am_peak,7291,0.30916444047555985,101,1,1,2,30.0,25.714285714285715,10.5,9.428571428571429,2.1428571428571423,0.6624952295904852,0.0,0.0,2.1428571428571423,0.6624952295904852
am_peak,7293,0.46374666071333975,102,1,1,2,30.0,25.714285714285715,10.5,9.428571428571429,2.1428571428571423,0.9937428443857278,0.0,0.0,2.1428571428571423,0.9937428443857278
am_peak,7295,0.20610962698370655,007,1,1,2,30.0,20.0,10.5,8.0,5.0,1.0305481349185328,0.0,0.0,5.0,1.0305481349185328
am_peak,7316,2.267205896820772,102,1,1,2,30.0,10.0,10.5,5.0,11.0,24.93926486502849,0.0,0.0,11.0,24.93926486502849
am_peak,7319,0.20610962698370655,102,1,1,2,30.0,10.0,10.5,5.0,11.0,2.267205896820772,0.0,0.0,11.0,2.267205896820772
am_peak,7320,0.9274933214266795,102,1,1,2,30.0,10.0,10.5,5.0,11.0,10.202426535693474,0.0,0.0,11.0,10.202426535693474
am_peak,7326,0.15458222023777993,001,1,1,2,30.0,22.5,10.5,8.625,3.75,0.5796833258916747,0.0,0.0,3.75,0.5796833258916747
am_peak,7335,0.20610962698370655,001,1,1,2,30.0,22.5,10.5,8.625,3.75,0.7729111011888996,0.0,0.0,3.75,0.7729111011888996
am_peak,7339,0.20610962698370655,102,1,1,2,30.0,10.0,10.5,5.0,11.0,2.267205896820772,0.0,0.0,11.0,2.267205896820772
am_peak,7340,0.2576370337296332,102,1,1,2,30.0,10.0,10.5,5.0,11.0,2.8340073710259652,0.0,0.0,11.0,2.8340073710259652
am_peak,7341,0.3606918472214865,034,1,1,2,15.0,12.0,6.75,6.0,1.5,0.5410377708322298,0.0,0.0,1.5,0.5410377708322298
am_peak,7350,0.15458222023777993,001,2,2,4,15.0,5.999999999999999,6.75,2.9999999999999996,7.500000000000001,1.1593666517833496,0.0,0.0,7.500000000000001,1.1593666517833496
am_peak,7354,0.3606918472214865,007,2,2,4,15.0,10.0,6.75,5.0,3.5,1.2624214652752028,0.0,0.0,3.5,1.2624214652752028
am_peak,7364,0.4122192539674131,102,1,1,2,30.0,10.0,10.5,5.0,11.0,4.534411793641544,0.0,0.0,11.0,4.534411793641544
am_peak,7367,0.15458222023777993,102,1,1,2,30.0,10.0,10.5,5.0,11.0,1.7004044226155792,0.0,0.0,11.0,1.7004044226155792
am_peak,7368,0.20610962698370655,102,1,1,2,30.0,10.0,10.5,5.0,11.0,2.267205896820772,0.0,0.0,11.0,2.267205896820772
am_peak,7370,0.9790207281726062,102,1,1,2,30.0,10.0,10.5,5.0,11.0,10.769228009898669,0.0,0.0,11.0,10.769228009898669
am_peak,7373,0.5152740674592664,102,1,1,2,30.0,10.0,10.5,5.0,11.0,5.6680147420519305,0.0,0.0,11.0,5.6680147420519305
am_peak,7379,0.6183288809511197,101,1,1,2,30.0,25.714285714285715,10.5,9.428571428571429,2.1428571428571423,1.3249904591809705,0.0,0.0,2.1428571428571423,1.3249904591809705
am_peak,7380,0.3606918472214865,102,1,1,2,30.0,25.714285714285715,10.5,9.428571428571429,2.1428571428571423,0.7729111011888995,0.0,0.0,2.1428571428571423,0.7729111011888995
am_peak,7385,0.15458222023777993,007,1,1,2,30.0,20.0,10.5,8.0,5.0,0.7729111011888996,0.0,0.0,5.0,0.7729111011888996
am_peak,7399,0.20610962698370655,102,1,1,2,30.0,10.0,10.5,5.0,11.0,2.267205896820772,0.0,0.0,11.0,2.267205896820772
am_peak,7411,0.30916444047555985,102,1,1,2,30.0,10.0,10.5,5.0,11.0,3.4008088452311585,0.0,0.0,11.0,3.4008088452311585
am_peak,7411,0.30916444047555985,007,2,2,4,15.0,10.0,6.75,5.0,3.5,1.0820755416644594,0.0,0.0,3.5,1.0820755416644594
am_peak,7412,2.1126236765829924,102,1,1,2,30.0,10.0,10.5,5.0,11.0,23.238860442412918,0.0,0.0,11.0,23.238860442412918
am_peak,7417,1.442767388885946,102,1,1,2,30.0,10.0,10.5,5.0,11.0,15.870441277745407,0.0,0.0,11.0,15.870441277745407
am_peak,7418,0.15458222023777993,102,1,1,2,30.0,10.0,10.5,5.0,11.0,1.7004044226155792,0.0,0.0,11.0,1.7004044226155792
am_peak,7420,0.15458222023777993,102,1,1,2,30.0,10.0,10.5,5.0,11.0,1.7004044226155792,0.0,0.0,11.0,1.7004044226155792
am_peak,7422,0.2576370337296332,102,1,1,2,30.0,10.0,10.5,5.0,11.0,2.8340073710259652,0.0,0.0,11.0,2.8340073710259652
am_peak,7427,0.15458222023777993,001,1,1,2,30.0,22.5,10.5,8.625,3.75,0.5796833258916747,0.0,0.0,3.75,0.5796833258916747
am_peak,7432,0.2576370337296332,102,1,1,2,30.0,10.0,10.5,5.0,11.0,2.8340073710259652,0.0,0.0,11.0,2.8340073710259652
am_peak,7433,0.20610962698370655,001,1,1,2,30.0,22.5,10.5,8.625,3.75,0.7729111011888996,0.0,0.0,3.75,0.7729111011888996
am_peak,7448,0.46374666071333975,001,1,1,2,30.0,22.5,10.5,8.625,3.75,1.7390499776750241,0.0,0.0,3.75,1.7390499776750241
am_peak,7457,0.15458222023777993,102,1,1,2,30.0,10.0,10.5,5.0,11.0,1.7004044226155792,0.0,0.0,11.0,1.7004044226155792
am_peak,7458,0.15458222023777993,102,1,1,2,30.0,10.0,10.5,5.0,11.0,1.7004044226155792,0.0,0.0,11.0,1.7004044226155792
am_peak,7459,0.20610962698370655,102,1,1,2,30.0,10.0,10.5,5.0,11.0,2.267205896820772,0.0,0.0,11.0,2.267205896820772
am_peak,7460,0.9790207281726062,034,1,1,2,15.0,12.0,6.75,6.0,1.5,1.4685310922589094,0.0,0.0,1.5,1.4685310922589094
am_peak,7466,0.20610962698370655,001,2,2,4,15.0,5.999999999999999,6.75,2.9999999999999996,7.500000000000001,1.5458222023777992,0.0,0.0,7.500000000000001,1.5458222023777992
am_peak,7468,0.20610962698370655,007,2,2,4,15.0,10.0,6.75,5.0,3.5,0.7213836944429729,0.0,0.0,3.5,0.7213836944429729
am_peak,7471,0.20610962698370655,006,1,1,2,14.4,9.23076923076923,6.6,4.615384615384615,3.9692307692307693,0.8180966732584045,0.0,0.0,3.9692307692307693,0.8180966732584045
am_peak,7475,0.15458222023777993,102,1,1,2,30.0,10.0,10.5,5.0,11.0,1.7004044226155792,0.0,0.0,11.0,1.7004044226155792
am_peak,7476,0.15458222023777993,102,1,1,2,30.0,10.0,10.5,5.0,11.0,1.7004044226155792,0.0,0.0,11.0,1.7004044226155792
am_peak,7477,0.6183288809511197,102,1,1,2,30.0,10.0,10.5,5.0,11.0,6.801617690462317,0.0,0.0,11.0,6.801617690462317
am_peak,7478,0.15458222023777993,102,1,1,2,30.0,10.0,10.5,5.0,11.0,1.7004044226155792,0.0,0.0,11.0,1.7004044226155792
am_peak,7481,0.2576370337296332,102,1,1,2,30.0,25.714285714285715,10.5,9.428571428571429,2.1428571428571423,0.552079357992071,0.0,0.0,2.1428571428571423,0.552079357992071
am_peak,7492,0.15458222023777993,102,1,1,2,30.0,10.0,10.5,5.0,11.0,1.7004044226155792,0.0,0.0,11.0,1.7004044226155792
am_peak,7494,0.15458222023777993,001,2,1,3,15.0,7.5,6.75,3.75,6.0,0.9274933214266796,0.0,0.0,6.0,0.9274933214266796
am_peak,7497,0.20610962698370655,007,2,2,4,15.0,10.0,6.75,5.0,3.5,0.7213836944429729,0.0,0.0,3.5,0.7213836944429729
am_peak,7504,0.15458222023777993,102,1,1,2,30.0,10.0,10.5,5.0,11.0,1.7004044226155792,0.0,0.0,11.0,1.7004044226155792
am_peak,7507,0.7729111011888996,102,1,1,2,30.0,10.0,10.5,5.0,11.0,8.502022113077896,0.0,0.0,11.0,8.502022113077896
am_peak,7513,0.20610962698370655,102,1,1,2,30.0,10.0,10.5,5.0,11.0,2.267205896820772,0.0,0.0,11.0,2.267205896820772
am_peak,7514,0.2576370337296332,101,1,1,2,30.0,25.714285714285715,10.5,9.428571428571429,2.1428571428571423,0.552079357992071,0.0,0.0,2.1428571428571423,0.552079357992071
am_peak,7515,0.2576370337296332,102,1,1,2,30.0,25.714285714285715,10.5,9.428571428571429,2.1428571428571423,0.552079357992071,0.0,0.0,2.1428571428571423,0.552079357992071
am_peak,7517,0.15458222023777993,007,1,1,2,30.0,20.0,10.5,8.0,5.0,0.7729111011888996,0.0,0.0,5.0,0.7729111011888996
am_peak,7526,0.15458222023777993,003,1,1,2,34.285714285714285,28.799999999999997,11.571428571428571,10.2,2.7428571428571438,0.4239969469379108,0.0,0.0,2.7428571428571438,0.4239969469379108
am_peak,7526,0.15458222023777993,031,1,1,2,30.0,25.714285714285715,10.5,9.428571428571429,2.1428571428571423,0.3312476147952426,0.0,0.0,2.1428571428571423,0.3312476147952426
am_peak,7532,0.15458222023777993,102,1,1,2,30.0,10.0,10.5,5.0,11.0,1.7004044226155792,0.0,0.0,11.0,1.7004044226155792
am_peak,7536,0.20610962698370655,012,1,1,2,25.714285714285715,9.473684210526315,9.428571428571429,4.7368421052631575,9.383458646616543,1.9340211614711715,0.0,0.0,9.383458646616543,1.9340211614711715
am_peak,7543,0.3606918472214865,102,1,1,2,30.0,10.0,10.5,5.0,11.0,3.9676103194363517,0.0,0.0,11.0,3.9676103194363517
am_peak,7545,0.2576370337296332,101,1,1,2,30.0,25.714285714285715,10.5,9.428571428571429,2.1428571428571423,0.552079357992071,0.0,0.0,2.1428571428571423,0.552079357992071
am_peak,7546,0.15458222023777993,102,1,1,2,30.0,25.714285714285715,10.5,9.428571428571429,2.1428571428571423,0.3312476147952426,0.0,0.0,2.1428571428571423,0.3312476147952426
am_peak,7558,0.15458222023777993,102,1,1,2,30.0,10.0,10.5,5.0,11.0,1.7004044226155792,0.0,0.0,11.0,1.7004044226155792
am_peak,7561,0.2576370337296332,001,2,1,3,15.0,7.5,6.75,3.75,6.0,1.5458222023777992,0.0,0.0,6.0,1.5458222023777992
am_peak,7564,0.46374666071333975,007,2,2,4,15.0,10.0,6.75,5.0,3.5,1.6231133124966892,0.0,0.0,3.5,1.6231133124966892
am_peak,7573,0.20610962698370655,006,1,1,2,14.4,9.23076923076923,6.6,4.615384615384615,3.9692307692307693,0.8180966732584045,0.0,0.0,3.9692307692307693,0.8180966732584045
am_peak,7578,0.20610962698370655,102,1,1,2,30.0,10.0,10.5,5.0,11.0,2.267205896820772,0.0,0.0,11.0,2.267205896820772
am_peak,7580,0.2576370337296332,102,1,1,2,30.0,10.0,10.5,5.0,11.0,2.8340073710259652,0.0,0.0,11.0,2.8340073710259652
am_peak,7590,0.46374666071333975,101,1,1,2,30.0,25.714285714285715,10.5,9.428571428571429,2.1428571428571423,0.9937428443857278,0.0,0.0,2.1428571428571423,0.9937428443857278
am_peak,7591,0.30916444047555985,102,1,1,2,30.0,25.714285714285715,10.5,9.428571428571429,2.1428571428571423,0.6624952295904852,0.0,0.0,2.1428571428571423,0.6624952295904852
am_peak,7594,0.20610962698370655,007,1,1,2,30.0,20.0,10.5,8.0,5.0,1.0305481349185328,0.0,0.0,5.0,1.0305481349185328
am_peak,7596,0.30916444047555985,007,1,1,2,30.0,20.0,10.5,8.0,5.0,1.5458222023777992,0.0,0.0,5.0,1.5458222023777992
am_peak,7602,0.2576370337296332,003,1,1,2,34.285714285714285,28.799999999999997,11.571428571428571,10.2,2.7428571428571438,0.7066615782298513,0.0,0.0,2.7428571428571438,0.7066615782298513
am_peak,7602,0.2576370337296332,031,1,1,2,30.0,25.714285714285715,10.5,9.428571428571429,2.1428571428571423,0.552079357992071,0.0,0.0,2.1428571428571423,0.552079357992071
am_peak,7613,0.15458222023777993,001,2,2,4,15.0,5.999999999999999,6.75,2.9999999999999996,7.500000000000001,1.1593666517833496,0.0,0.0,7.500000000000001,1.1593666517833496
am_peak,7614,0.3606918472214865,001,2,1,3,15.0,7.5,6.75,3.75,6.0,2.1641510833289193,0.0,0.0,6.0,2.1641510833289193
am_peak,7615,0.20610962698370655,001,2,2,4,15.0,5.999999999999999,6.75,2.9999999999999996,7.500000000000001,1.5458222023777992,0.0,0.0,7.500000000000001,1.5458222023777992
am_peak,7619,0.2576370337296332,001,2,2,4,15.0,6.0,6.75,3.0,7.5,1.932277752972249,0.0,0.0,7.5,1.932277752972249
am_peak,7621,0.46374666071333975,007,2,2,4,15.0,10.0,6.75,5.0,3.5,1.6231133124966892,0.0,0.0,3.5,1.6231133124966892
am_peak,7631,0.6698562876970463,006,1,1,2,14.4,9.23076923076923,6.6,4.615384615384615,3.9692307692307693,2.658814188089815,0.0,0.0,3.9692307692307693,2.658814188089815
am_peak,7634,0.15458222023777993,102,1,1,2,30.0,10.0,10.5,5.0,11.0,1.7004044226155792,0.0,0.0,11.0,1.7004044226155792
am_peak,7637,0.6183288809511197,102,1,1,2,30.0,10.0,10.5,5.0,11.0,6.801617690462317,0.0,0.0,11.0,6.801617690462317
am_peak,7646,0.15458222023777993,102,1,1,2,30.0,10.0,10.5,5.0,11.0,1.7004044226155792,0.0,0.0,11.0,1.7004044226155792
am_peak,7649,0.3606918472214865,101,1,1,2,30.0,25.714285714285715,10.5,9.428571428571429,2.1428571428571423,0.7729111011888995,0.0,0.0,2.1428571428571423,0.7729111011888995
am_peak,7650,0.46374666071333975,102,1,1,2,30.0,25.714285714285715,10.5,9.428571428571429,2.1428571428571423,0.9937428443857278,0.0,0.0,2.1428571428571423,0.9937428443857278
am_peak,7653,0.2576370337296332,007,1,1,2,30.0,20.0,10.5,8.0,5.0,1.288185168648166,0.0,0.0,5.0,1.288185168648166
am_peak,7655,0.5152740674592664,007,1,1,2,30.0,20.0,10.5,8.0,5.0,2.576370337296332,0.0,0.0,5.0,2.576370337296332
am_peak,7664,0.30916444047555985,003,1,1,2,34.285714285714285,28.799999999999997,11.571428571428571,10.2,2.7428571428571438,0.8479938938758216,0.0,0.0,2.7428571428571438,0.8479938938758216
am_peak,7664,0.30916444047555985,031,1,1,2,30.0,25.714285714285715,10.5,9.428571428571429,2.1428571428571423,0.6624952295904852,0.0,0.0,2.1428571428571423,0.6624952295904852
am_peak,7676,0.15458222023777993,001,2,1,3,15.0,7.5,6.75,3.75,6.0,0.9274933214266796,0.0,0.0,6.0,0.9274933214266796
am_peak,7684,0.46374666071333975,007,2,2,4,15.0,10.0,6.75,5.0,3.5,1.6231133124966892,0.0,0.0,3.5,1.6231133124966892
am_peak,7693,0.15458222023777993,006,1,1,2,14.4,9.23076923076923,6.6,4.615384615384615,3.9692307692307693,0.6135725049438034,0.0,0.0,3.9692307692307693,0.6135725049438034
am_peak,7698,0.2576370337296332,102,1,1,2,30.0,10.0,10.5,5.0,11.0,2.8340073710259652,0.0,0.0,11.0,2.8340073710259652
am_peak,7702,0.8244385079348262,102,1,1,2,30.0,10.0,10.5,5.0,11.0,9.068823587283088,0.0,0.0,11.0,9.068823587283088
am_peak,7706,0.2576370337296332,102,1,1,2,30.0,10.0,10.5,5.0,11.0,2.8340073710259652,0.0,0.0,11.0,2.8340073710259652
am_peak,7712,0.5152740674592664,101,1,1,2,30.0,25.714285714285715,10.5,9.428571428571429,2.1428571428571423,1.104158715984142,0.0,0.0,2.1428571428571423,1.104158715984142
am_peak,7714,0.30916444047555985,102,1,1,2,30.0,25.714285714285715,10.5,9.428571428571429,2.1428571428571423,0.6624952295904852,0.0,0.0,2.1428571428571423,0.6624952295904852
am_peak,7718,0.15458222023777993,007,1,1,2,30.0,20.0,10.5,8.0,5.0,0.7729111011888996,0.0,0.0,5.0,0.7729111011888996
am_peak,7730,0.15458222023777993,003,1,1,2,34.285714285714285,28.799999999999997,11.571428571428571,10.2,2.7428571428571438,0.4239969469379108,0.0,0.0,2.7428571428571438,0.4239969469379108
am_peak,7730,0.15458222023777993,031,1,1,2,30.0,25.714285714285715,10.5,9.428571428571429,2.1428571428571423,0.3312476147952426,0.0,0.0,2.1428571428571423,0.3312476147952426
am_peak,7741,0.15458222023777993,001,2,1,3,15.0,7.5,6.75,3.75,6.0,0.9274933214266796,0.0,0.0,6.0,0.9274933214266796
am_peak,7746,0.20610962698370655,007,2,2,4,15.0,10.0,6.75,5.0,3.5,0.7213836944429729,0.0,0.0,3.5,0.7213836944429729
am_peak,7751,0.15458222023777993,006,1,1,2,14.4,9.23076923076923,6.6,4.615384615384615,3.9692307692307693,0.6135725049438034,0.0,0.0,3.9692307692307693,0.6135725049438034
am_peak,7757,0.3606918472214865,102,1,1,2,30.0,10.0,10.5,5.0,11.0,3.9676103194363517,0.0,0.0,11.0,3.9676103194363517
am_peak,7763,0.2576370337296332,035,1,1,2,60.0,45.0,18.0,14.25,7.5,1.932277752972249,0.0,0.0,7.5,1.932277752972249
am_peak,7765,0.3606918472214865,101,1,1,2,30.0,25.714285714285715,10.5,9.428571428571429,2.1428571428571423,0.7729111011888995,0.0,0.0,2.1428571428571423,0.7729111011888995
am_peak,7767,0.15458222023777993,007,1,1,2,30.0,20.0,10.5,8.0,5.0,0.7729111011888996,0.0,0.0,5.0,0.7729111011888996
am_peak,7768,0.20610962698370655,007,1,1,2,30.0,20.0,10.5,8.0,5.0,1.0305481349185328,0.0,0.0,5.0,1.0305481349185328
am_peak,7787,0.15458222023777993,001,2,2,4,15.0,6.0,6.75,3.0,7.5,1.1593666517833494,0.0,0.0,7.5,1.1593666517833494
am_peak,7794,0.15458222023777993,102,1,1,2,30.0,10.0,10.5,5.0,11.0,1.7004044226155792,0.0,0.0,11.0,1.7004044226155792
am_peak,7796,0.30916444047555985,102,1,1,2,30.0,10.0,10.5,5.0,11.0,3.4008088452311585,0.0,0.0,11.0,3.4008088452311585
am_peak,7797,0.15458222023777993,007,1,1,2,30.0,20.0,10.5,8.0,5.0,0.7729111011888996,0.0,0.0,5.0,0.7729111011888996
am_peak,7806,0.15458222023777993,001,2,2,4,15.0,5.999999999999999,6.75,2.9999999999999996,7.500000000000001,1.1593666517833496,0.0,0.0,7.500000000000001,1.1593666517833496
am_peak,7808,0.20610962698370655,007,2,2,4,15.0,10.0,6.75,5.0,3.5,0.7213836944429729,0.0,0.0,3.5,0.7213836944429729
am_peak,7811,0.20610962698370655,006,1,1,2,14.4,9.23076923076923,6.6,4.615384615384615,3.9692307692307693,0.8180966732584045,0.0,0.0,3.9692307692307693,0.8180966732584045
am_peak,7814,0.15458222023777993,102,1,1,2,30.0,10.0,10.5,5.0,11.0,1.7004044226155792,0.0,0.0,11.0,1.7004044226155792
am_peak,7815,0.46374666071333975,102,1,1,2,30.0,10.0,10.5,5.0,11.0,5.101213267846737,0.0,0.0,11.0,5.101213267846737
am_peak,7818,0.15458222023777993,101,1,1,2,30.0,25.714285714285715,10.5,9.428571428571429,2.1428571428571423,0.3312476147952426,0.0,0.0,2.1428571428571423,0.3312476147952426
am_peak,7821,0.15458222023777993,102,1,1,2,30.0,25.714285714285715,10.5,9.428571428571429,2.1428571428571423,0.3312476147952426,0.0,0.0,2.1428571428571423,0.3312476147952426
am_peak,7824,0.4122192539674131,007,1,1,2,30.0,20.0,10.5,8.0,5.0,2.0610962698370656,0.0,0.0,5.0,2.0610962698370656
am_peak,7843,0.30916444047555985,007,2,2,4,15.0,10.0,6.75,5.0,3.5,1.0820755416644594,0.0,0.0,3.5,1.0820755416644594
am_peak,7850,0.20610962698370655,102,1,1,2,30.0,10.0,10.5,5.0,11.0,2.267205896820772,0.0,0.0,11.0,2.267205896820772
am_peak,7852,0.46374666071333975,102,1,1,2,30.0,10.0,10.5,5.0,11.0,5.101213267846737,0.0,0.0,11.0,5.101213267846737
am_peak,7861,0.566801474205193,102,1,1,2,30.0,25.714285714285715,10.5,9.428571428571429,2.1428571428571423,1.2145745875825562,0.0,0.0,2.1428571428571423,1.2145745875825562
am_peak,7864,0.2576370337296332,007,1,1,2,30.0,20.0,10.5,8.0,5.0,1.288185168648166,0.0,0.0,5.0,1.288185168648166
am_peak,7886,0.3606918472214865,007,2,2,4,15.0,10.0,6.75,5.0,3.5,1.2624214652752028,0.0,0.0,3.5,1.2624214652752028
am_peak,7899,0.15458222023777993,001,1,1,2,30.0,22.5,10.5,8.625,3.75,0.5796833258916747,0.0,0.0,3.75,0.5796833258916747
am_peak,7911,0.3606918472214865,001,1,1,2,30.0,22.5,10.5,8.625,3.75,1.3525944270805743,0.0,0.0,3.75,1.3525944270805743
am_peak,7920,0.15458222023777993,034,1,1,2,15.0,12.0,6.75,6.0,1.5,0.2318733303566699,0.0,0.0,1.5,0.2318733303566699
am_peak,7941,0.20610962698370655,001,1,1,2,30.0,22.5,10.5,8.625,3.75,0.7729111011888996,0.0,0.0,3.75,0.7729111011888996
am_peak,7951,0.15458222023777993,001,1,1,2,30.0,22.5,10.5,8.625,3.75,0.5796833258916747,0.0,0.0,3.75,0.5796833258916747
am_peak,7953,0.20610962698370655,001,1,1,2,30.0,22.5,10.5,8.625,3.75,0.7729111011888996,0.0,0.0,3.75,0.7729111011888996
am_peak,7958,0.46374666071333975,034,1,1,2,15.0,12.0,6.75,6.0,1.5,0.6956199910700096,0.0,0.0,1.5,0.6956199910700096
am_peak,7964,0.2576370337296332,007,2,2,4,15.0,10.0,6.75,5.0,3.5,0.9017296180537162,0.0,0.0,3.5,0.9017296180537162
am_peak,7973,0.4122192539674131,034,1,1,2,15.0,12.0,6.75,6.0,1.5,0.6183288809511196,0.0,0.0,1.5,0.6183288809511196
am_peak,7979,0.15458222023777993,007,2,2,4,15.0,10.0,6.75,5.0,3.5,0.5410377708322297,0.0,0.0,3.5,0.5410377708322297
am_peak,7995,0.30916444047555985,001,1,1,2,30.0,22.5,10.5,8.625,3.75,1.1593666517833494,0.0,0.0,3.75,1.1593666517833494
am_peak,8019,0.15458222023777993,001,1,1,2,30.0,22.5,10.5,8.625,3.75,0.5796833258916747,0.0,0.0,3.75,0.5796833258916747
am_peak,8022,0.15458222023777993,034,1,1,2,15.0,12.0,6.75,6.0,1.5,0.2318733303566699,0.0,0.0,1.5,0.2318733303566699
am_peak,8032,0.10305481349185328,007,2,2,4,15.0,10.0,6.75,5.0,3.5,0.36069184722148645,0.0,0.0,3.5,0.36069184722148645
am_peak,8039,0.3606918472214865,001,1,1,2,30.0,22.5,10.5,8.625,3.75,1.3525944270805743,0.0,0.0,3.75,1.3525944270805743
am_peak,8041,0.46374666071333975,001,1,1,2,30.0,22.5,10.5,8.625,3.75,1.7390499776750241,0.0,0.0,3.75,1.7390499776750241
am_peak,8044,0.15458222023777993,001,1,1,2,30.0,22.5,10.5,8.625,3.75,0.5796833258916747,0.0,0.0,3.75,0.5796833258916747
am_peak,8046,0.10305481349185328,034,1,1,2,15.0,10.0,6.75,5.0,3.5,0.36069184722148645,0.0,0.0,3.5,0.36069184722148645
am_peak,8048,0.10305481349185328,001,1,1,2,30.0,22.5,10.5,8.625,3.75,0.3864555505944498,0.0,0.0,3.75,0.3864555505944498
am_peak,8049,0.10305481349185328,001,1,1,2,30.0,22.5,10.5,8.625,3.75,0.3864555505944498,0.0,0.0,3.75,0.3864555505944498
am_peak,8052,0.2576370337296332,001,1,1,2,30.0,22.5,10.5,8.625,3.75,0.9661388764861245,0.0,0.0,3.75,0.9661388764861245
am_peak,8075,2.267205896820772,102,1,1,2,30.0,10.0,10.5,5.0,11.0,24.93926486502849,0.0,0.0,11.0,24.93926486502849
am_peak,8077,0.20610962698370655,102,1,1,2,30.0,10.0,10.5,5.0,11.0,2.267205896820772,0.0,0.0,11.0,2.267205896820772
am_peak,8078,0.9274933214266795,102,1,1,2,30.0,10.0,10.5,5.0,11.0,10.202426535693474,0.0,0.0,11.0,10.202426535693474
am_peak,8094,0.15458222023777993,034,1,1,2,15.0,12.0,6.75,6.0,1.5,0.2318733303566699,0.0,0.0,1.5,0.2318733303566699
am_peak,8107,0.15458222023777993,001,1,1,2,30.0,22.5,10.5,8.625,3.75,0.5796833258916747,0.0,0.0,3.75,0.5796833258916747
am_peak,8111,0.15458222023777993,102,1,1,2,30.0,10.0,10.5,5.0,11.0,1.7004044226155792,0.0,0.0,11.0,1.7004044226155792
am_peak,8115,0.15458222023777993,102,1,1,2,30.0,10.0,10.5,5.0,11.0,1.7004044226155792,0.0,0.0,11.0,1.7004044226155792
am_peak,8117,0.566801474205193,034,1,1,2,15.0,12.0,6.75,6.0,1.5,0.8502022113077895,0.0,0.0,1.5,0.8502022113077895
am_peak,8125,0.2576370337296332,001,2,1,3,15.0,7.5,6.75,3.75,6.0,1.5458222023777992,0.0,0.0,6.0,1.5458222023777992
am_peak,8127,0.2576370337296332,007,2,2,4,15.0,10.0,6.75,5.0,3.5,0.9017296180537162,0.0,0.0,3.5,0.9017296180537162
am_peak,8132,0.15458222023777993,006,1,1,2,14.4,9.23076923076923,6.6,4.615384615384615,3.9692307692307693,0.6135725049438034,0.0,0.0,3.9692307692307693,0.6135725049438034
am_peak,8136,0.3606918472214865,102,1,1,2,30.0,10.0,10.5,5.0,11.0,3.9676103194363517,0.0,0.0,11.0,3.9676103194363517
am_peak,8137,0.15458222023777993,102,1,1,2,30.0,10.0,10.5,5.0,11.0,1.7004044226155792,0.0,0.0,11.0,1.7004044226155792
am_peak,8138,0.4122192539674131,102,1,1,2,30.0,10.0,10.5,5.0,11.0,4.534411793641544,0.0,0.0,11.0,4.534411793641544
am_peak,8139,0.2576370337296332,102,1,1,2,30.0,10.0,10.5,5.0,11.0,2.8340073710259652,0.0,0.0,11.0,2.8340073710259652
am_peak,8144,0.5152740674592664,101,1,1,2,30.0,25.714285714285715,10.5,9.428571428571429,2.1428571428571423,1.104158715984142,0.0,0.0,2.1428571428571423,1.104158715984142
am_peak,8145,0.566801474205193,102,1,1,2,30.0,25.714285714285715,10.5,9.428571428571429,2.1428571428571423,1.2145745875825562,0.0,0.0,2.1428571428571423,1.2145745875825562
am_peak,8149,0.2576370337296332,007,1,1,2,30.0,20.0,10.5,8.0,5.0,1.288185168648166,0.0,0.0,5.0,1.288185168648166
am_peak,8150,0.2576370337296332,007,1,1,2,30.0,20.0,10.5,8.0,5.0,1.288185168648166,0.0,0.0,5.0,1.288185168648166
am_peak,8158,0.20610962698370655,003,1,1,2,34.285714285714285,28.799999999999997,11.571428571428571,10.2,2.7428571428571438,0.565329262583881,0.0,0.0,2.7428571428571438,0.565329262583881
am_peak,8158,0.20610962698370655,031,1,1,2,30.0,25.714285714285715,10.5,9.428571428571429,2.1428571428571423,0.44166348639365677,0.0,0.0,2.1428571428571423,0.44166348639365677
am_peak,8170,0.15458222023777993,007,2,2,4,15.0,10.0,6.75,5.0,3.5,0.5410377708322297,0.0,0.0,3.5,0.5410377708322297
am_peak,8177,0.30916444047555985,102,1,1,2,30.0,10.0,10.5,5.0,11.0,3.4008088452311585,0.0,0.0,11.0,3.4008088452311585
am_peak,8178,0.15458222023777993,102,1,1,2,30.0,10.0,10.5,5.0,11.0,1.7004044226155792,0.0,0.0,11.0,1.7004044226155792
am_peak,8179,0.46374666071333975,102,1,1,2,30.0,10.0,10.5,5.0,11.0,5.101213267846737,0.0,0.0,11.0,5.101213267846737
am_peak,8180,0.20610962698370655,102,1,1,2,30.0,10.0,10.5,5.0,11.0,2.267205896820772,0.0,0.0,11.0,2.267205896820772
am_peak,8184,0.3606918472214865,101,1,1,2,30.0,25.714285714285715,10.5,9.428571428571429,2.1428571428571423,0.7729111011888995,0.0,0.0,2.1428571428571423,0.7729111011888995
am_peak,8185,0.2576370337296332,102,1,1,2,30.0,25.714285714285715,10.5,9.428571428571429,2.1428571428571423,0.552079357992071,0.0,0.0,2.1428571428571423,0.552079357992071
am_peak,8197,0.15458222023777993,001,2,1,3,15.0,7.5,6.75,3.75,6.0,0.9274933214266796,0.0,0.0,6.0,0.9274933214266796
am_peak,8198,0.15458222023777993,007,2,2,4,15.0,10.0,6.75,5.0,3.5,0.5410377708322297,0.0,0.0,3.5,0.5410377708322297
am_peak,8203,0.2576370337296332,006,1,1,2,14.4,9.23076923076923,6.6,4.615384615384615,3.9692307692307693,1.0226208415730056,0.0,0.0,3.9692307692307693,1.0226208415730056
am_peak,8206,0.15458222023777993,032,1,1,2,60.0,45.0,18.0,14.25,7.5,1.1593666517833494,0.0,0.0,7.5,1.1593666517833494
am_peak,8220,0.15458222023777993,007,2,2,4,15.0,10.0,6.75,5.0,3.5,0.5410377708322297,0.0,0.0,3.5,0.5410377708322297
am_peak,8228,0.2576370337296332,102,1,1,2,30.0,10.0,10.5,5.0,11.0,2.8340073710259652,0.0,0.0,11.0,2.8340073710259652
am_peak,8248,0.2576370337296332,007,2,2,4,15.0,10.0,6.75,5.0,3.5,0.9017296180537162,0.0,0.0,3.5,0.9017296180537162
am_peak,8256,0.30916444047555985,102,1,1,2,30.0,10.0,10.5,5.0,11.0,3.4008088452311585,0.0,0.0,11.0,3.4008088452311585
am_peak,8272,0.15458222023777993,001,2,1,3,15.0,7.5,6.75,3.75,6.0,0.9274933214266796,0.0,0.0,6.0,0.9274933214266796
am_peak,8275,0.15458222023777993,001,2,2,4,15.0,6.0,6.75,3.0,7.5,1.1593666517833494,0.0,0.0,7.5,1.1593666517833494
am_peak,8277,0.5152740674592664,007,2,2,4,15.0,10.0,6.75,5.0,3.5,1.8034592361074324,0.0,0.0,3.5,1.8034592361074324
am_peak,8282,0.20610962698370655,006,1,1,2,14.4,9.23076923076923,6.6,4.615384615384615,3.9692307692307693,0.8180966732584045,0.0,0.0,3.9692307692307693,0.8180966732584045
am_peak,8287,0.30916444047555985,102,1,1,2,30.0,10.0,10.5,5.0,11.0,3.4008088452311585,0.0,0.0,11.0,3.4008088452311585
am_peak,8308,0.2576370337296332,007,2,2,4,15.0,10.0,6.75,5.0,3.5,0.9017296180537162,0.0,0.0,3.5,0.9017296180537162
am_peak,8331,0.15458222023777993,007,2,2,4,15.0,10.0,6.75,5.0,3.5,0.5410377708322297,0.0,0.0,3.5,0.5410377708322297
am_peak,8337,0.15458222023777993,001,1,1,2,30.0,22.5,10.5,8.625,3.75,0.5796833258916747,0.0,0.0,3.75,0.5796833258916747
am_peak,8396,0.30916444047555985,007,2,2,4,15.0,10.0,6.75,5.0,3.5,1.0820755416644594,0.0,0.0,3.5,1.0820755416644594
am_peak,8404,0.15458222023777993,032,1,1,2,60.0,45.0,18.0,14.25,7.5,1.1593666517833494,0.0,0.0,7.5,1.1593666517833494
am_peak,8405,0.15458222023777993,102,1,1,2,30.0,10.0,10.5,5.0,11.0,1.7004044226155792,0.0,0.0,11.0,1.7004044226155792
am_peak,8416,0.15458222023777993,001,2,1,3,15.0,7.5,6.75,3.75,6.0,0.9274933214266796,0.0,0.0,6.0,0.9274933214266796
am_peak,8423,0.2576370337296332,006,1,1,2,14.4,9.23076923076923,6.6,4.615384615384615,3.9692307692307693,1.0226208415730056,0.0,0.0,3.9692307692307693,1.0226208415730056
am_peak,8447,0.30916444047555985,007,2,2,4,15.0,10.0,6.75,5.0,3.5,1.0820755416644594,0.0,0.0,3.5,1.0820755416644594
am_peak,8479,0.2576370337296332,001,2,1,3,15.0,7.5,6.75,3.75,6.0,1.5458222023777992,0.0,0.0,6.0,1.5458222023777992
am_peak,8489,0.2576370337296332,007,2,2,4,15.0,10.0,6.75,5.0,3.5,0.9017296180537162,0.0,0.0,3.5,0.9017296180537162
am_peak,8492,0.2576370337296332,102,1,1,2,30.0,10.0,10.5,5.0,11.0,2.8340073710259652,0.0,0.0,11.0,2.8340073710259652
am_peak,8498,0.15458222023777993,032,1,1,2,60.0,45.0,18.0,14.25,7.5,1.1593666517833494,0.0,0.0,7.5,1.1593666517833494
am_peak,8528,0.20610962698370655,001,2,2,4,15.0,6.0,6.75,3.0,7.5,1.5458222023777992,0.0,0.0,7.5,1.5458222023777992
am_peak,8531,0.15458222023777993,007,2,2,4,15.0,10.0,6.75,5.0,3.5,0.5410377708322297,0.0,0.0,3.5,0.5410377708322297
am_peak,8537,0.15458222023777993,006,1,1,2,14.4,9.23076923076923,6.6,4.615384615384615,3.9692307692307693,0.6135725049438034,0.0,0.0,3.9692307692307693,0.6135725049438034
am_peak,8541,0.15458222023777993,032,1,1,2,60.0,45.0,18.0,14.25,7.5,1.1593666517833494,0.0,0.0,7.5,1.1593666517833494
am_peak,8567,0.3606918472214865,007,2,2,4,15.0,10.0,6.75,5.0,3.5,1.2624214652752028,0.0,0.0,3.5,1.2624214652752028
am_peak,8582,0.15458222023777993,034,1,1,2,15.0,12.0,6.75,6.0,1.5,0.2318733303566699,0.0,0.0,1.5,0.2318733303566699
am_peak,8593,0.30916444047555985,034,1,1,2,15.0,12.0,6.75,6.0,1.5,0.4637466607133398,0.0,0.0,1.5,0.4637466607133398
am_peak,8602,0.2576370337296332,007,2,2,4,15.0,10.0,6.75,5.0,3.5,0.9017296180537162,0.0,0.0,3.5,0.9017296180537162
am_peak,8628,0.4122192539674131,034,1,1,2,15.0,12.0,6.75,6.0,1.5,0.6183288809511196,0.0,0.0,1.5,0.6183288809511196
am_peak,8633,0.30916444047555985,007,2,2,4,15.0,10.0,6.75,5.0,3.5,1.0820755416644594,0.0,0.0,3.5,1.0820755416644594
am_peak,8648,0.2576370337296332,034,1,1,2,15.0,12.0,6.75,6.0,1.5,0.3864555505944498,0.0,0.0,1.5,0.3864555505944498
am_peak,8676,0.2576370337296332,007,2,2,4,15.0,10.0,6.75,5.0,3.5,0.9017296180537162,0.0,0.0,3.5,0.9017296180537162
am_peak,8688,0.15458222023777993,034,1,1,2,15.0,12.0,6.75,6.0,1.5,0.2318733303566699,0.0,0.0,1.5,0.2318733303566699
am_peak,8694,0.8759659146807529,034,1,1,2,15.0,12.0,6.75,6.0,1.5,1.3139488720211294,0.0,0.0,1.5,1.3139488720211294
am_peak,8711,0.15458222023777993,021,1,1,2,51.42857142857143,32.72727272727273,15.857142857142858,11.181818181818182,9.350649350649352,1.445444137288332,0.0,0.0,9.350649350649352,1.445444137288332
am_peak,8712,0.20610962698370655,034,1,1,2,15.0,12.0,6.75,6.0,1.5,0.3091644404755598,0.0,0.0,1.5,0.3091644404755598
am_peak,8720,0.15458222023777993,007,2,2,4,15.0,10.0,6.75,5.0,3.5,0.5410377708322297,0.0,0.0,3.5,0.5410377708322297
am_peak,8738,0.15458222023777993,034,1,1,2,15.0,12.0,6.75,6.0,1.5,0.2318733303566699,0.0,0.0,1.5,0.2318733303566699
am_peak,8753,0.30916444047555985,034,1,1,2,15.0,12.0,6.75,6.0,1.5,0.4637466607133398,0.0,0.0,1.5,0.4637466607133398
am_peak,8759,0.15458222023777993,034,1,1,2,15.0,12.0,6.75,6.0,1.5,0.2318733303566699,0.0,0.0,1.5,0.2318733303566699
am_peak,8767,0.15458222023777993,007,2,2,4,15.0,10.0,6.75,5.0,3.5,0.5410377708322297,0.0,0.0,3.5,0.5410377708322297
am_peak,8784,0.30916444047555985,034,1,1,2,15.0,12.0,6.75,6.0,1.5,0.4637466607133398,0.0,0.0,1.5,0.4637466607133398
am_peak,8809,0.46374666071333975,034,1,1,2,15.0,12.0,6.75,6.0,1.5,0.6956199910700096,0.0,0.0,1.5,0.6956199910700096
am_peak,8811,0.15458222023777993,034,1,1,2,15.0,12.0,6.75,6.0,1.5,0.2318733303566699,0.0,0.0,1.5,0.2318733303566699
am_peak,8817,0.20610962698370655,102,1,1,2,30.0,10.0,10.5,5.0,11.0,2.267205896820772,0.0,0.0,11.0,2.267205896820772
am_peak,8818,0.15458222023777993,102,1,1,2,30.0,10.0,10.5,5.0,11.0,1.7004044226155792,0.0,0.0,11.0,1.7004044226155792
am_peak,8819,0.3606918472214865,102,1,1,2,30.0,10.0,10.5,5.0,11.0,3.9676103194363517,0.0,0.0,11.0,3.9676103194363517
am_peak,8821,0.2576370337296332,102,1,1,2,30.0,10.0,10.5,5.0,11.0,2.8340073710259652,0.0,0.0,11.0,2.8340073710259652
am_peak,8822,0.15458222023777993,102,1,1,2,30.0,10.0,10.5,5.0,11.0,1.7004044226155792,0.0,0.0,11.0,1.7004044226155792
am_peak,8827,1.6488770158696524,102,1,1,2,30.0,10.0,10.5,5.0,11.0,18.137647174566176,0.0,0.0,11.0,18.137647174566176
am_peak,8828,0.15458222023777993,102,1,1,2,30.0,10.0,10.5,5.0,11.0,1.7004044226155792,0.0,0.0,11.0,1.7004044226155792
am_peak,8830,0.721383694442973,102,1,1,2,30.0,10.0,10.5,5.0,11.0,7.935220638872703,0.0,0.0,11.0,7.935220638872703
am_peak,8831,0.15458222023777993,102,1,1,2,30.0,10.0,10.5,5.0,11.0,1.7004044226155792,0.0,0.0,11.0,1.7004044226155792
am_peak,8832,0.20610962698370655,034,1,1,2,15.0,12.0,6.75,6.0,1.5,0.3091644404755598,0.0,0.0,1.5,0.3091644404755598
am_peak,8834,0.2576370337296332,102,1,1,2,30.0,10.0,10.5,5.0,11.0,2.8340073710259652,0.0,0.0,11.0,2.8340073710259652
am_peak,8839,0.15458222023777993,102,1,1,2,30.0,10.0,10.5,5.0,11.0,1.7004044226155792,0.0,0.0,11.0,1.7004044226155792
am_peak,8845,0.20610962698370655,034,1,1,2,15.0,12.0,6.75,6.0,1.5,0.3091644404755598,0.0,0.0,1.5,0.3091644404755598
am_peak,8859,0.15458222023777993,102,1,1,2,30.0,10.0,10.5,5.0,11.0,1.7004044226155792,0.0,0.0,11.0,1.7004044226155792
am_peak,8860,0.20610962698370655,102,1,1,2,30.0,10.0,10.5,5.0,11.0,2.267205896820772,0.0,0.0,11.0,2.267205896820772
am_peak,8862,0.20610962698370655,102,1,1,2,30.0,10.0,10.5,5.0,11.0,2.267205896820772,0.0,0.0,11.0,2.267205896820772
am_peak,8863,0.20610962698370655,102,1,1,2,30.0,10.0,10.5,5.0,11.0,2.267205896820772,0.0,0.0,11.0,2.267205896820772
am_peak,8864,0.3606918472214865,102,1,1,2,30.0,10.0,10.5,5.0,11.0,3.9676103194363517,0.0,0.0,11.0,3.9676103194363517
am_peak,8867,0.20610962698370655,102,1,1,2,30.0,10.0,10.5,5.0,11.0,2.267205896820772,0.0,0.0,11.0,2.267205896820772
am_peak,8868,0.2576370337296332,034,1,1,2,15.0,12.0,6.75,6.0,1.5,0.3864555505944498,0.0,0.0,1.5,0.3864555505944498
am_peak,8876,0.30916444047555985,007,2,2,4,15.0,10.0,6.75,5.0,3.5,1.0820755416644594,0.0,0.0,3.5,1.0820755416644594
am_peak,8893,0.15458222023777993,021,1,1,2,51.42857142857143,32.72727272727273,15.857142857142858,11.181818181818182,9.350649350649352,1.445444137288332,0.0,0.0,9.350649350649352,1.445444137288332
am_peak,8897,0.15458222023777993,034,1,1,2,15.0,12.0,6.75,6.0,1.5,0.2318733303566699,0.0,0.0,1.5,0.2318733303566699
am_peak,8902,0.20610962698370655,034,1,1,2,15.0,12.0,6.75,6.0,1.5,0.3091644404755598,0.0,0.0,1.5,0.3091644404755598
am_peak,8904,0.15458222023777993,034,1,1,2,15.0,12.0,6.75,6.0,1.5,0.2318733303566699,0.0,0.0,1.5,0.2318733303566699
am_peak,8905,0.3606918472214865,034,1,1,2,15.0,12.0,6.75,6.0,1.5,0.5410377708322298,0.0,0.0,1.5,0.5410377708322298
am_peak,8909,0.15458222023777993,034,1,1,2,15.0,12.0,6.75,6.0,1.5,0.2318733303566699,0.0,0.0,1.5,0.2318733303566699
am_peak,8917,0.30916444047555985,034,1,1,2,15.0,12.0,6.75,6.0,1.5,0.4637466607133398,0.0,0.0,1.5,0.4637466607133398
am_peak,8923,0.15458222023777993,034,1,1,2,15.0,12.0,6.75,6.0,1.5,0.2318733303566699,0.0,0.0,1.5,0.2318733303566699
am_peak,8924,0.15458222023777993,034,1,1,2,15.0,12.0,6.75,6.0,1.5,0.2318733303566699,0.0,0.0,1.5,0.2318733303566699
am_peak,8925,0.20610962698370655,034,1,1,2,15.0,12.0,6.75,6.0,1.5,0.3091644404755598,0.0,0.0,1.5,0.3091644404755598
am_peak,8926,0.20610962698370655,034,1,1,2,15.0,12.0,6.75,6.0,1.5,0.3091644404755598,0.0,0.0,1.5,0.3091644404755598
am_peak,8927,0.15458222023777993,034,1,1,2,15.0,12.0,6.75,6.0,1.5,0.2318733303566699,0.0,0.0,1.5,0.2318733303566699
am_peak,8930,0.15458222023777993,034,1,1,2,15.0,12.0,6.75,6.0,1.5,0.2318733303566699,0.0,0.0,1.5,0.2318733303566699
am_peak,8938,0.20610962698370655,034,1,1,2,15.0,12.0,6.75,6.0,1.5,0.3091644404755598,0.0,0.0,1.5,0.3091644404755598
am_peak,8939,0.20610962698370655,034,1,1,2,15.0,12.0,6.75,6.0,1.5,0.3091644404755598,0.0,0.0,1.5,0.3091644404755598
am_peak,8950,0.3606918472214865,034,1,1,2,15.0,12.0,6.75,6.0,1.5,0.5410377708322298,0.0,0.0,1.5,0.5410377708322298
am_peak,8952,0.20610962698370655,034,1,1,2,15.0,12.0,6.75,6.0,1.5,0.3091644404755598,0.0,0.0,1.5,0.3091644404755598
am_peak,8953,0.3606918472214865,034,1,1,2,15.0,12.0,6.75,6.0,1.5,0.5410377708322298,0.0,0.0,1.5,0.5410377708322298
am_peak,8956,0.15458222023777993,034,1,1,2,15.0,12.0,6.75,6.0,1.5,0.2318733303566699,0.0,0.0,1.5,0.2318733303566699
am_peak,8959,0.20610962698370655,008,2,1,3,15.0,12.0,6.75,6.0,1.5,0.3091644404755598,0.0,0.0,1.5,0.3091644404755598
am_peak,8960,0.30916444047555985,034,1,1,2,15.0,12.0,6.75,6.0,1.5,0.4637466607133398,0.0,0.0,1.5,0.4637466607133398
am_peak,8961,0.15458222023777993,034,1,1,2,15.0,12.0,6.75,6.0,1.5,0.2318733303566699,0.0,0.0,1.5,0.2318733303566699
am_peak,8975,0.20610962698370655,034,1,1,2,15.0,12.0,6.75,6.0,1.5,0.3091644404755598,0.0,0.0,1.5,0.3091644404755598
am_peak,8976,0.20610962698370655,034,1,1,2,15.0,12.0,6.75,6.0,1.5,0.3091644404755598,0.0,0.0,1.5,0.3091644404755598
am_peak,8985,0.4122192539674131,034,1,1,2,15.0,12.0,6.75,6.0,1.5,0.6183288809511196,0.0,0.0,1.5,0.6183288809511196
am_peak,8986,0.3606918472214865,034,1,1,2,15.0,12.0,6.75,6.0,1.5,0.5410377708322298,0.0,0.0,1.5,0.5410377708322298
am_peak,8987,0.2576370337296332,034,1,1,2,15.0,12.0,6.75,6.0,1.5,0.3864555505944498,0.0,0.0,1.5,0.3864555505944498
am_peak,8988,0.15458222023777993,034,1,1,2,15.0,12.0,6.75,6.0,1.5,0.2318733303566699,0.0,0.0,1.5,0.2318733303566699
am_peak,8990,0.15458222023777993,034,1,1,2,15.0,12.0,6.75,6.0,1.5,0.2318733303566699,0.0,0.0,1.5,0.2318733303566699
am_peak,9013,0.15458222023777993,035,1,1,2,60.0,45.0,18.0,14.25,7.5,1.1593666517833494,0.0,0.0,7.5,1.1593666517833494
am_peak,9018,0.30916444047555985,035,1,1,2,60.0,45.0,18.0,14.25,7.5,2.318733303566699,0.0,0.0,7.5,2.318733303566699
am_peak,9033,0.15458222023777993,008,2,1,3,15.0,12.0,6.75,6.0,1.5,0.2318733303566699,0.0,0.0,1.5,0.2318733303566699
am_peak,9042,0.15458222023777993,035,1,1,2,60.0,45.0,18.0,14.25,7.5,1.1593666517833494,0.0,0.0,7.5,1.1593666517833494
am_peak,9045,0.15458222023777993,035,1,1,2,60.0,45.0,18.0,14.25,7.5,1.1593666517833494,0.0,0.0,7.5,1.1593666517833494
am_peak,9048,0.2576370337296332,035,1,1,2,60.0,45.0,18.0,14.25,7.5,1.932277752972249,0.0,0.0,7.5,1.932277752972249
am_peak,9052,0.566801474205193,008,2,1,3,15.0,12.0,6.75,6.0,1.5,0.8502022113077895,0.0,0.0,1.5,0.8502022113077895
am_peak,9057,0.20610962698370655,001,2,1,3,15.0,7.5,6.75,3.75,6.0,1.2366577619022392,0.0,0.0,6.0,1.2366577619022392
am_peak,9070,0.15458222023777993,035,1,1,2,60.0,45.0,18.0,14.25,7.5,1.1593666517833494,0.0,0.0,7.5,1.1593666517833494
am_peak,9071,0.15458222023777993,035,1,1,2,60.0,45.0,18.0,14.25,7.5,1.1593666517833494,0.0,0.0,7.5,1.1593666517833494
am_peak,9088,0.3606918472214865,002,2,1,3,15.0,7.5,6.75,3.75,6.0,2.1641510833289193,0.0,0.0,6.0,2.1641510833289193
am_peak,9109,0.15458222023777993,035,1,1,2,60.0,45.0,18.0,14.25,7.5,1.1593666517833494,0.0,0.0,7.5,1.1593666517833494
am_peak,9134,0.6698562876970463,034,1,1,2,15.0,12.0,6.75,6.0,1.5,1.0047844315455694,0.0,0.0,1.5,1.0047844315455694
am_peak,9135,0.4122192539674131,034,1,1,2,15.0,12.0,6.75,6.0,1.5,0.6183288809511196,0.0,0.0,1.5,0.6183288809511196
am_peak,9136,0.15458222023777993,034,1,1,2,15.0,12.0,6.75,6.0,1.5,0.2318733303566699,0.0,0.0,1.5,0.2318733303566699
am_peak,9137,0.15458222023777993,034,1,1,2,15.0,12.0,6.75,6.0,1.5,0.2318733303566699,0.0,0.0,1.5,0.2318733303566699
am_peak,9139,1.9580414563452124,034,1,1,2,15.0,12.0,6.75,6.0,1.5,2.937062184517819,0.0,0.0,1.5,2.937062184517819
am_peak,9140,0.20610962698370655,034,1,1,2,15.0,12.0,6.75,6.0,1.5,0.3091644404755598,0.0,0.0,1.5,0.3091644404755598
am_peak,9141,0.30916444047555985,034,1,1,2,15.0,12.0,6.75,6.0,1.5,0.4637466607133398,0.0,0.0,1.5,0.4637466607133398
am_peak,9146,1.288185168648166,034,1,1,2,15.0,12.0,6.75,6.0,1.5,1.932277752972249,0.0,0.0,1.5,1.932277752972249
am_peak,9149,0.566801474205193,034,1,1,2,15.0,12.0,6.75,6.0,1.5,0.8502022113077895,0.0,0.0,1.5,0.8502022113077895
am_peak,9150,0.4122192539674131,034,1,1,2,15.0,12.0,6.75,6.0,1.5,0.6183288809511196,0.0,0.0,1.5,0.6183288809511196
am_peak,9151,0.2576370337296332,034,1,1,2,15.0,12.0,6.75,6.0,1.5,0.3864555505944498,0.0,0.0,1.5,0.3864555505944498
am_peak,9152,0.15458222023777993,034,1,1,2,15.0,12.0,6.75,6.0,1.5,0.2318733303566699,0.0,0.0,1.5,0.2318733303566699
am_peak,9153,0.15458222023777993,034,1,1,2,15.0,12.0,6.75,6.0,1.5,0.2318733303566699,0.0,0.0,1.5,0.2318733303566699
am_peak,9154,0.15458222023777993,034,1,1,2,15.0,12.0,6.75,6.0,1.5,0.2318733303566699,0.0,0.0,1.5,0.2318733303566699
am_peak,9155,0.4122192539674131,034,1,1,2,15.0,12.0,6.75,6.0,1.5,0.6183288809511196,0.0,0.0,1.5,0.6183288809511196
am_peak,9156,0.566801474205193,034,1,1,2,15.0,12.0,6.75,6.0,1.5,0.8502022113077895,0.0,0.0,1.5,0.8502022113077895
am_peak,9157,0.6183288809511197,034,1,1,2,15.0,12.0,6.75,6.0,1.5,0.9274933214266796,0.0,0.0,1.5,0.9274933214266796
am_peak,9158,0.20610962698370655,034,1,1,2,15.0,12.0,6.75,6.0,1.5,0.3091644404755598,0.0,0.0,1.5,0.3091644404755598
am_peak,9159,0.20610962698370655,034,1,1,2,15.0,12.0,6.75,6.0,1.5,0.3091644404755598,0.0,0.0,1.5,0.3091644404755598
am_peak,9168,0.30916444047555985,034,1,1,2,15.0,12.0,6.75,6.0,1.5,0.4637466607133398,0.0,0.0,1.5,0.4637466607133398
am_peak,9179,0.20610962698370655,034,1,1,2,15.0,12.0,6.75,6.0,1.5,0.3091644404755598,0.0,0.0,1.5,0.3091644404755598
am_peak,9180,0.2576370337296332,034,1,1,2,15.0,12.0,6.75,6.0,1.5,0.3864555505944498,0.0,0.0,1.5,0.3864555505944498
am_peak,9181,0.20610962698370655,034,1,1,2,15.0,12.0,6.75,6.0,1.5,0.3091644404755598,0.0,0.0,1.5,0.3091644404755598
am_peak,9182,0.2576370337296332,034,1,1,2,15.0,12.0,6.75,6.0,1.5,0.3864555505944498,0.0,0.0,1.5,0.3864555505944498
am_peak,9183,0.15458222023777993,034,1,1,2,15.0,12.0,6.75,6.0,1.5,0.2318733303566699,0.0,0.0,1.5,0.2318733303566699
am_peak,9189,0.3606918472214865,034,1,1,2,15.0,12.0,6.75,6.0,1.5,0.5410377708322298,0.0,0.0,1.5,0.5410377708322298
am_peak,9190,0.721383694442973,034,1,1,2,15.0,12.0,6.75,6.0,1.5,1.0820755416644596,0.0,0.0,1.5,1.0820755416644596
am_peak,9192,0.15458222023777993,034,1,1,2,15.0,12.0,6.75,6.0,1.5,0.2318733303566699,0.0,0.0,1.5,0.2318733303566699
am_peak,9194,0.20610962698370655,035,1,1,2,60.0,45.0,18.0,14.25,7.5,1.5458222023777992,0.0,0.0,7.5,1.5458222023777992
am_peak,9201,0.15458222023777993,035,1,1,2,60.0,45.0,18.0,14.25,7.5,1.1593666517833494,0.0,0.0,7.5,1.1593666517833494
am_peak,9203,0.15458222023777993,035,1,1,2,60.0,45.0,18.0,14.25,7.5,1.1593666517833494,0.0,0.0,7.5,1.1593666517833494
am_peak,9203,0.15458222023777993,101,1,1,2,30.0,25.714285714285715,10.5,9.428571428571429,2.1428571428571423,0.3312476147952426,0.0,0.0,2.1428571428571423,0.3312476147952426
am_peak,9205,0.30916444047555985,023,1,2,3,15.0,8.571428571428571,6.75,4.285714285714286,4.928571428571429,1.5237390280581165,0.0,0.0,4.928571428571429,1.5237390280581165
am_peak,9207,0.20610962698370655,035,1,1,2,60.0,45.0,18.0,14.25,7.5,1.5458222023777992,0.0,0.0,7.5,1.5458222023777992
am_peak,9227,0.20610962698370655,035,1,1,2,60.0,45.0,18.0,14.25,7.5,1.5458222023777992,0.0,0.0,7.5,1.5458222023777992
am_peak,9228,0.3606918472214865,035,1,1,2,60.0,45.0,18.0,14.25,7.5,2.7051888541611486,0.0,0.0,7.5,2.7051888541611486
am_peak,9230,0.20610962698370655,035,1,1,2,60.0,45.0,18.0,14.25,7.5,1.5458222023777992,0.0,0.0,7.5,1.5458222023777992
am_peak,9242,0.30916444047555985,035,1,1,2,60.0,45.0,18.0,14.25,7.5,2.318733303566699,0.0,0.0,7.5,2.318733303566699
am_peak,9243,0.3606918472214865,035,1,1,2,60.0,45.0,18.0,14.25,7.5,2.7051888541611486,0.0,0.0,7.5,2.7051888541611486
am_peak,9247,0.20610962698370655,035,1,1,2,60.0,45.0,18.0,14.25,7.5,1.5458222023777992,0.0,0.0,7.5,1.5458222023777992
am_peak,9247,0.20610962698370655,101,1,1,2,30.0,25.714285714285715,10.5,9.428571428571429,2.1428571428571423,0.44166348639365677,0.0,0.0,2.1428571428571423,0.44166348639365677
am_peak,9248,0.2576370337296332,035,1,1,2,60.0,45.0,18.0,14.25,7.5,1.932277752972249,0.0,0.0,7.5,1.932277752972249
am_peak,9248,0.2576370337296332,101,1,1,2,30.0,25.714285714285715,10.5,9.428571428571429,2.1428571428571423,0.552079357992071,0.0,0.0,2.1428571428571423,0.552079357992071
am_peak,9254,0.15458222023777993,035,1,1,2,60.0,45.0,18.0,14.25,7.5,1.1593666517833494,0.0,0.0,7.5,1.1593666517833494
am_peak,9255,0.15458222023777993,035,1,1,2,60.0,45.0,18.0,14.25,7.5,1.1593666517833494,0.0,0.0,7.5,1.1593666517833494
am_peak,9257,0.2576370337296332,035,1,1,2,60.0,45.0,18.0,14.25,7.5,1.932277752972249,0.0,0.0,7.5,1.932277752972249
am_peak,9258,0.3606918472214865,035,1,1,2,60.0,45.0,18.0,14.25,7.5,2.7051888541611486,0.0,0.0,7.5,2.7051888541611486
am_peak,9259,0.20610962698370655,035,1,1,2,60.0,45.0,18.0,14.25,7.5,1.5458222023777992,0.0,0.0,7.5,1.5458222023777992
am_peak,9263,0.20610962698370655,035,1,1,2,60.0,45.0,18.0,14.25,7.5,1.5458222023777992,0.0,0.0,7.5,1.5458222023777992
am_peak,9268,0.20610962698370655,035,1,1,2,60.0,45.0,18.0,14.25,7.5,1.5458222023777992,0.0,0.0,7.5,1.5458222023777992
am_peak,9271,0.8244385079348262,023,1,2,3,15.0,8.571428571428571,6.75,4.285714285714286,4.928571428571429,4.063304074821644,0.0,0.0,4.928571428571429,4.063304074821644
am_peak,9278,0.20610962698370655,001,2,2,4,15.0,6.0,6.75,3.0,7.5,1.5458222023777992,0.0,0.0,7.5,1.5458222023777992
am_peak,9293,0.15458222023777993,035,1,1,2,60.0,45.0,18.0,14.25,7.5,1.1593666517833494,0.0,0.0,7.5,1.1593666517833494
am_peak,9294,0.2576370337296332,035,1,1,2,60.0,45.0,18.0,14.25,7.5,1.932277752972249,0.0,0.0,7.5,1.932277752972249
am_peak,9314,0.15458222023777993,021,1,1,2,51.42857142857143,32.72727272727273,15.857142857142858,11.181818181818182,9.350649350649352,1.445444137288332,0.0,0.0,9.350649350649352,1.445444137288332
am_peak,9339,0.30916444047555985,035,1,1,2,60.0,45.0,18.0,14.25,7.5,2.318733303566699,0.0,0.0,7.5,2.318733303566699
am_peak,9340,0.20610962698370655,035,1,1,2,60.0,45.0,18.0,14.25,7.5,1.5458222023777992,0.0,0.0,7.5,1.5458222023777992
am_peak,9384,0.20610962698370655,035,1,1,2,60.0,45.0,18.0,14.25,7.5,1.5458222023777992,0.0,0.0,7.5,1.5458222023777992
am_peak,9385,0.15458222023777993,035,1,1,2,60.0,45.0,18.0,14.25,7.5,1.1593666517833494,0.0,0.0,7.5,1.1593666517833494
am_peak,9407,0.15458222023777993,001,2,2,4,15.0,5.999999999999999,6.75,2.9999999999999996,7.500000000000001,1.1593666517833496,0.0,0.0,7.500000000000001,1.1593666517833496
am_peak,9409,0.15458222023777993,001,2,2,4,15.0,6.0,6.75,3.0,7.5,1.1593666517833494,0.0,0.0,7.5,1.1593666517833494
am_peak,9419,0.15458222023777993,035,1,1,2,60.0,45.0,18.0,14.25,7.5,1.1593666517833494,0.0,0.0,7.5,1.1593666517833494
am_peak,9420,0.20610962698370655,035,1,1,2,60.0,45.0,18.0,14.25,7.5,1.5458222023777992,0.0,0.0,7.5,1.5458222023777992
am_peak,9444,0.15458222023777993,035,1,1,2,60.0,45.0,18.0,14.25,7.5,1.1593666517833494,0.0,0.0,7.5,1.1593666517833494
am_peak,9516,0.2576370337296332,035,1,1,2,60.0,45.0,18.0,14.25,7.5,1.932277752972249,0.0,0.0,7.5,1.932277752972249
am_peak,9536,0.15458222023777993,035,1,1,2,60.0,45.0,18.0,14.25,7.5,1.1593666517833494,0.0,0.0,7.5,1.1593666517833494
am_peak,9561,0.2576370337296332,035,1,1,2,60.0,45.0,18.0,14.25,7.5,1.932277752972249,0.0,0.0,7.5,1.932277752972249
am_peak,9578,0.15458222023777993,008,2,1,3,15.0,12.0,6.75,6.0,1.5,0.2318733303566699,0.0,0.0,1.5,0.2318733303566699
am_peak,9592,0.20610962698370655,008,2,1,3,15.0,12.0,6.75,6.0,1.5,0.3091644404755598,0.0,0.0,1.5,0.3091644404755598
am_peak,9593,0.15458222023777993,035,1,1,2,60.0,45.0,18.0,14.25,7.5,1.1593666517833494,0.0,0.0,7.5,1.1593666517833494
am_peak,9595,0.15458222023777993,035,1,1,2,60.0,45.0,18.0,14.25,7.5,1.1593666517833494,0.0,0.0,7.5,1.1593666517833494
am_peak,9596,0.20610962698370655,035,1,1,2,60.0,45.0,18.0,14.25,7.5,1.5458222023777992,0.0,0.0,7.5,1.5458222023777992
am_peak,9599,0.20610962698370655,035,1,1,2,60.0,45.0,18.0,14.25,7.5,1.5458222023777992,0.0,0.0,7.5,1.5458222023777992
am_peak,9601,0.20610962698370655,021,1,1,2,51.42857142857143,32.72727272727273,15.857142857142858,11.181818181818182,9.350649350649352,1.9272588497177758,0.0,0.0,9.350649350649352,1.9272588497177758
am_peak,9602,0.15458222023777993,021,1,1,2,51.42857142857143,32.72727272727273,15.857142857142858,11.181818181818182,9.350649350649352,1.445444137288332,0.0,0.0,9.350649350649352,1.445444137288332
am_peak,9606,0.566801474205193,008,2,1,3,15.0,12.0,6.75,6.0,1.5,0.8502022113077895,0.0,0.0,1.5,0.8502022113077895
am_peak,9610,0.5152740674592664,034,1,1,2,15.0,12.0,6.75,6.0,1.5,0.7729111011888996,0.0,0.0,1.5,0.7729111011888996
am_peak,9611,0.5152740674592664,034,1,1,2,15.0,12.0,6.75,6.0,1.5,0.7729111011888996,0.0,0.0,1.5,0.7729111011888996
am_peak,9612,0.20610962698370655,034,1,1,2,15.0,12.0,6.75,6.0,1.5,0.3091644404755598,0.0,0.0,1.5,0.3091644404755598
am_peak,9614,0.20610962698370655,001,2,2,4,15.0,5.999999999999999,6.75,2.9999999999999996,7.500000000000001,1.5458222023777992,0.0,0.0,7.500000000000001,1.5458222023777992
am_peak,9619,0.20610962698370655,006,1,6,7,14.4,5.9504132231404965,6.6,2.9752066115702482,7.249586776859503,1.4942096263645235,0.0,0.0,7.249586776859503,1.4942096263645235
am_peak,9621,0.2576370337296332,034,1,1,2,15.0,12.0,6.75,6.0,1.5,0.3864555505944498,0.0,0.0,1.5,0.3864555505944498
am_peak,9622,0.15458222023777993,034,1,1,2,15.0,12.0,6.75,6.0,1.5,0.2318733303566699,0.0,0.0,1.5,0.2318733303566699
am_peak,9623,0.8244385079348262,034,1,1,2,15.0,12.0,6.75,6.0,1.5,1.2366577619022392,0.0,0.0,1.5,1.2366577619022392
am_peak,9624,0.15458222023777993,034,1,1,2,15.0,12.0,6.75,6.0,1.5,0.2318733303566699,0.0,0.0,1.5,0.2318733303566699
am_peak,9625,0.15458222023777993,035,1,1,2,60.0,45.0,18.0,14.25,7.5,1.1593666517833494,0.0,0.0,7.5,1.1593666517833494
am_peak,9647,0.7729111011888996,008,2,1,3,15.0,12.0,6.75,6.0,1.5,1.1593666517833494,0.0,0.0,1.5,1.1593666517833494
am_peak,9651,0.2576370337296332,034,1,1,2,15.0,12.0,6.75,6.0,1.5,0.3864555505944498,0.0,0.0,1.5,0.3864555505944498
am_peak,9652,0.3606918472214865,034,1,1,2,15.0,12.0,6.75,6.0,1.5,0.5410377708322298,0.0,0.0,1.5,0.5410377708322298
am_peak,9659,0.20610962698370655,034,1,1,2,15.0,12.0,6.75,6.0,1.5,0.3091644404755598,0.0,0.0,1.5,0.3091644404755598
am_peak,9661,0.46374666071333975,034,1,1,2,15.0,12.0,6.75,6.0,1.5,0.6956199910700096,0.0,0.0,1.5,0.6956199910700096
am_peak,9662,0.566801474205193,034,1,1,2,15.0,12.0,6.75,6.0,1.5,0.8502022113077895,0.0,0.0,1.5,0.8502022113077895
am_peak,9663,0.30916444047555985,034,1,1,2,15.0,12.0,6.75,6.0,1.5,0.4637466607133398,0.0,0.0,1.5,0.4637466607133398
am_peak,9664,0.2576370337296332,034,1,1,2,15.0,12.0,6.75,6.0,1.5,0.3864555505944498,0.0,0.0,1.5,0.3864555505944498
am_peak,9665,0.20610962698370655,035,1,1,2,60.0,45.0,18.0,14.25,7.5,1.5458222023777992,0.0,0.0,7.5,1.5458222023777992
am_peak,9668,0.15458222023777993,034,1,1,2,15.0,12.0,6.75,6.0,1.5,0.2318733303566699,0.0,0.0,1.5,0.2318733303566699
am_peak,9669,0.15458222023777993,034,1,1,2,15.0,12.0,6.75,6.0,1.5,0.2318733303566699,0.0,0.0,1.5,0.2318733303566699
am_peak,9677,0.566801474205193,008,2,1,3,15.0,12.0,6.75,6.0,1.5,0.8502022113077895,0.0,0.0,1.5,0.8502022113077895
am_peak,9680,0.2576370337296332,035,1,1,2,60.0,45.0,18.0,14.25,7.5,1.932277752972249,0.0,0.0,7.5,1.932277752972249
am_peak,9696,0.2576370337296332,035,1,1,2,60.0,45.0,18.0,14.25,7.5,1.932277752972249,0.0,0.0,7.5,1.932277752972249
am_peak,9699,0.20610962698370655,035,1,1,2,60.0,45.0,18.0,14.25,7.5,1.5458222023777992,0.0,0.0,7.5,1.5458222023777992
am_peak,9707,0.6183288809511197,008,2,1,3,15.0,12.0,6.75,6.0,1.5,0.9274933214266796,0.0,0.0,1.5,0.9274933214266796
am_peak,9711,0.721383694442973,034,1,1,2,15.0,12.0,6.75,6.0,1.5,1.0820755416644596,0.0,0.0,1.5,1.0820755416644596
am_peak,9712,0.20610962698370655,034,1,1,2,15.0,12.0,6.75,6.0,1.5,0.3091644404755598,0.0,0.0,1.5,0.3091644404755598
am_peak,9717,0.20610962698370655,034,1,1,2,15.0,12.0,6.75,6.0,1.5,0.3091644404755598,0.0,0.0,1.5,0.3091644404755598
am_peak,9720,0.30916444047555985,034,1,1,2,15.0,12.0,6.75,6.0,1.5,0.4637466607133398,0.0,0.0,1.5,0.4637466607133398
am_peak,9725,0.15458222023777993,034,1,1,2,15.0,12.0,6.75,6.0,1.5,0.2318733303566699,0.0,0.0,1.5,0.2318733303566699
am_peak,9732,0.3606918472214865,008,2,1,3,15.0,12.0,6.75,6.0,1.5,0.5410377708322298,0.0,0.0,1.5,0.5410377708322298
am_peak,9736,0.6183288809511197,034,1,1,2,15.0,12.0,6.75,6.0,1.5,0.9274933214266796,0.0,0.0,1.5,0.9274933214266796
am_peak,9737,0.46374666071333975,034,1,1,2,15.0,12.0,6.75,6.0,1.5,0.6956199910700096,0.0,0.0,1.5,0.6956199910700096
am_peak,9745,0.20610962698370655,034,1,1,2,15.0,12.0,6.75,6.0,1.5,0.3091644404755598,0.0,0.0,1.5,0.3091644404755598
am_peak,9747,0.4122192539674131,034,1,1,2,15.0,12.0,6.75,6.0,1.5,0.6183288809511196,0.0,0.0,1.5,0.6183288809511196
am_peak,9748,0.2576370337296332,034,1,1,2,15.0,12.0,6.75,6.0,1.5,0.3864555505944498,0.0,0.0,1.5,0.3864555505944498
am_peak,9749,0.20610962698370655,034,1,1,2,15.0,12.0,6.75,6.0,1.5,0.3091644404755598,0.0,0.0,1.5,0.3091644404755598
am_peak,9750,0.5152740674592664,034,1,1,2,15.0,12.0,6.75,6.0,1.5,0.7729111011888996,0.0,0.0,1.5,0.7729111011888996
am_peak,9751,0.15458222023777993,035,1,1,2,60.0,45.0,18.0,14.25,7.5,1.1593666517833494,0.0,0.0,7.5,1.1593666517833494
am_peak,9756,0.15458222023777993,034,1,1,2,15.0,12.0,6.75,6.0,1.5,0.2318733303566699,0.0,0.0,1.5,0.2318733303566699
am_peak,9762,0.15458222023777993,034,1,1,2,15.0,12.0,6.75,6.0,1.5,0.2318733303566699,0.0,0.0,1.5,0.2318733303566699
am_peak,9765,0.20610962698370655,003,1,1,2,34.285714285714285,28.799999999999997,11.571428571428571,10.2,2.7428571428571438,0.565329262583881,0.0,0.0,2.7428571428571438,0.565329262583881
am_peak,9765,0.20610962698370655,031,1,1,2,30.0,25.714285714285715,10.5,9.428571428571429,2.1428571428571423,0.44166348639365677,0.0,0.0,2.1428571428571423,0.44166348639365677
am_peak,9767,0.15458222023777993,003,1,1,2,34.285714285714285,28.799999999999997,11.571428571428571,10.2,2.7428571428571438,0.4239969469379108,0.0,0.0,2.7428571428571438,0.4239969469379108
am_peak,9767,0.15458222023777993,031,1,1,2,30.0,25.714285714285715,10.5,9.428571428571429,2.1428571428571423,0.3312476147952426,0.0,0.0,2.1428571428571423,0.3312476147952426
am_peak,9770,0.6698562876970463,008,2,1,3,15.0,12.0,6.75,6.0,1.5,1.0047844315455694,0.0,0.0,1.5,1.0047844315455694
am_peak,9773,0.20610962698370655,034,1,1,2,15.0,12.0,6.75,6.0,1.5,0.3091644404755598,0.0,0.0,1.5,0.3091644404755598
am_peak,9776,0.15458222023777993,001,2,2,4,15.0,6.0,6.75,3.0,7.5,1.1593666517833494,0.0,0.0,7.5,1.1593666517833494
am_peak,9781,0.20610962698370655,034,1,1,2,15.0,12.0,6.75,6.0,1.5,0.3091644404755598,0.0,0.0,1.5,0.3091644404755598
am_peak,9782,0.15458222023777993,034,1,1,2,15.0,12.0,6.75,6.0,1.5,0.2318733303566699,0.0,0.0,1.5,0.2318733303566699
am_peak,9783,0.20610962698370655,034,1,1,2,15.0,12.0,6.75,6.0,1.5,0.3091644404755598,0.0,0.0,1.5,0.3091644404755598
am_peak,9784,0.15458222023777993,035,1,1,2,60.0,45.0,18.0,14.25,7.5,1.1593666517833494,0.0,0.0,7.5,1.1593666517833494
am_peak,9794,0.30916444047555985,034,1,1,2,15.0,12.0,6.75,6.0,1.5,0.4637466607133398,0.0,0.0,1.5,0.4637466607133398
am_peak,9795,0.20610962698370655,034,1,1,2,15.0,12.0,6.75,6.0,1.5,0.3091644404755598,0.0,0.0,1.5,0.3091644404755598
am_peak,9796,0.15458222023777993,034,1,1,2,15.0,12.0,6.75,6.0,1.5,0.2318733303566699,0.0,0.0,1.5,0.2318733303566699
am_peak,9799,0.15458222023777993,001,2,2,4,15.0,5.999999999999999,6.75,2.9999999999999996,7.500000000000001,1.1593666517833496,0.0,0.0,7.500000000000001,1.1593666517833496
am_peak,9810,0.4122192539674131,034,1,1,2,15.0,12.0,6.75,6.0,1.5,0.6183288809511196,0.0,0.0,1.5,0.6183288809511196
am_peak,9812,0.15458222023777993,034,1,1,2,15.0,12.0,6.75,6.0,1.5,0.2318733303566699,0.0,0.0,1.5,0.2318733303566699
am_peak,9813,0.30916444047555985,034,1,1,2,15.0,12.0,6.75,6.0,1.5,0.4637466607133398,0.0,0.0,1.5,0.4637466607133398
am_peak,9814,0.15458222023777993,034,1,1,2,15.0,12.0,6.75,6.0,1.5,0.2318733303566699,0.0,0.0,1.5,0.2318733303566699
am_peak,9815,0.2576370337296332,034,1,1,2,15.0,12.0,6.75,6.0,1.5,0.3864555505944498,0.0,0.0,1.5,0.3864555505944498
am_peak,9817,0.20610962698370655,035,1,1,2,60.0,45.0,18.0,14.25,7.5,1.5458222023777992,0.0,0.0,7.5,1.5458222023777992
am_peak,9824,0.15458222023777993,034,1,1,2,15.0,12.0,6.75,6.0,1.5,0.2318733303566699,0.0,0.0,1.5,0.2318733303566699
am_peak,9825,0.20610962698370655,034,1,1,2,15.0,12.0,6.75,6.0,1.5,0.3091644404755598,0.0,0.0,1.5,0.3091644404755598
am_peak,9831,0.15458222023777993,003,1,1,2,34.285714285714285,28.799999999999997,11.571428571428571,10.2,2.7428571428571438,0.4239969469379108,0.0,0.0,2.7428571428571438,0.4239969469379108
am_peak,9831,0.15458222023777993,031,1,1,2,30.0,25.714285714285715,10.5,9.428571428571429,2.1428571428571423,0.3312476147952426,0.0,0.0,2.1428571428571423,0.3312476147952426
am_peak,9837,0.3606918472214865,008,2,1,3,15.0,12.0,6.75,6.0,1.5,0.5410377708322298,0.0,0.0,1.5,0.5410377708322298
am_peak,9844,0.6698562876970463,101,1,1,2,30.0,25.714285714285715,10.5,9.428571428571429,2.1428571428571423,1.4354063307793845,0.0,0.0,2.1428571428571423,1.4354063307793845
am_peak,9845,0.2576370337296332,101,1,1,2,30.0,25.714285714285715,10.5,9.428571428571429,2.1428571428571423,0.552079357992071,0.0,0.0,2.1428571428571423,0.552079357992071
am_peak,9846,0.3606918472214865,101,1,1,2,30.0,25.714285714285715,10.5,9.428571428571429,2.1428571428571423,0.7729111011888995,0.0,0.0,2.1428571428571423,0.7729111011888995
am_peak,9847,0.15458222023777993,101,1,1,2,30.0,25.714285714285715,10.5,9.428571428571429,2.1428571428571423,0.3312476147952426,0.0,0.0,2.1428571428571423,0.3312476147952426
am_peak,9849,0.15458222023777993,101,1,1,2,30.0,25.714285714285715,10.5,9.428571428571429,2.1428571428571423,0.3312476147952426,0.0,0.0,2.1428571428571423,0.3312476147952426
am_peak,9852,0.20610962698370655,035,1,1,2,60.0,45.0,18.0,14.25,7.5,1.5458222023777992,0.0,0.0,7.5,1.5458222023777992
am_peak,9853,0.20610962698370655,035,1,1,2,60.0,45.0,18.0,14.25,7.5,1.5458222023777992,0.0,0.0,7.5,1.5458222023777992
am_peak,9862,0.15458222023777993,021,1,1,2,51.42857142857143,32.72727272727273,15.857142857142858,11.181818181818182,9.350649350649352,1.445444137288332,0.0,0.0,9.350649350649352,1.445444137288332
am_peak,9863,0.15458222023777993,021,1,1,2,51.42857142857143,32.72727272727273,15.857142857142858,11.181818181818182,9.350649350649352,1.445444137288332,0.0,0.0,9.350649350649352,1.445444137288332
am_peak,9864,0.20610962698370655,101,1,1,2,30.0,25.714285714285715,10.5,9.428571428571429,2.1428571428571423,0.44166348639365677,0.0,0.0,2.1428571428571423,0.44166348639365677
am_peak,9866,0.20610962698370655,101,1,1,2,30.0,25.714285714285715,10.5,9.428571428571429,2.1428571428571423,0.44166348639365677,0.0,0.0,2.1428571428571423,0.44166348639365677
am_peak,9867,0.15458222023777993,101,1,1,2,30.0,25.714285714285715,10.5,9.428571428571429,2.1428571428571423,0.3312476147952426,0.0,0.0,2.1428571428571423,0.3312476147952426
am_peak,9878,0.15458222023777993,101,1,1,2,30.0,25.714285714285715,10.5,9.428571428571429,2.1428571428571423,0.3312476147952426,0.0,0.0,2.1428571428571423,0.3312476147952426
am_peak,9879,0.8759659146807529,101,1,1,2,30.0,25.714285714285715,10.5,9.428571428571429,2.1428571428571423,1.8770698171730416,0.0,0.0,2.1428571428571423,1.8770698171730416
am_peak,9881,0.2576370337296332,101,1,1,2,30.0,25.714285714285715,10.5,9.428571428571429,2.1428571428571423,0.552079357992071,0.0,0.0,2.1428571428571423,0.552079357992071
am_peak,9882,0.5152740674592664,101,1,1,2,30.0,25.714285714285715,10.5,9.428571428571429,2.1428571428571423,1.104158715984142,0.0,0.0,2.1428571428571423,1.104158715984142
am_peak,9884,0.2576370337296332,101,1,1,2,30.0,25.714285714285715,10.5,9.428571428571429,2.1428571428571423,0.552079357992071,0.0,0.0,2.1428571428571423,0.552079357992071
am_peak,9892,0.20610962698370655,035,1,1,2,60.0,45.0,18.0,14.25,7.5,1.5458222023777992,0.0,0.0,7.5,1.5458222023777992
am_peak,9899,0.20610962698370655,035,1,1,2,60.0,45.0,18.0,14.25,7.5,1.5458222023777992,0.0,0.0,7.5,1.5458222023777992
am_peak,9909,0.20610962698370655,023,1,1,2,15.0,10.0,6.75,5.0,3.5,0.7213836944429729,0.0,0.0,3.5,0.7213836944429729
am_peak,9914,0.3606918472214865,021,1,1,2,51.42857142857143,32.72727272727273,15.857142857142858,11.181818181818182,9.350649350649352,3.3727029870061083,0.0,0.0,9.350649350649352,3.3727029870061083
am_peak,9915,0.15458222023777993,101,1,1,2,30.0,25.714285714285715,10.5,9.428571428571429,2.1428571428571423,0.3312476147952426,0.0,0.0,2.1428571428571423,0.3312476147952426
am_peak,9917,0.3606918472214865,101,1,1,2,30.0,25.714285714285715,10.5,9.428571428571429,2.1428571428571423,0.7729111011888995,0.0,0.0,2.1428571428571423,0.7729111011888995
am_peak,9919,0.2576370337296332,101,1,1,2,30.0,25.714285714285715,10.5,9.428571428571429,2.1428571428571423,0.552079357992071,0.0,0.0,2.1428571428571423,0.552079357992071
am_peak,9920,0.20610962698370655,023,1,1,2,15.0,10.0,6.75,5.0,3.5,0.7213836944429729,0.0,0.0,3.5,0.7213836944429729
am_peak,9925,0.15458222023777993,101,1,1,2,30.0,25.714285714285715,10.5,9.428571428571429,2.1428571428571423,0.3312476147952426,0.0,0.0,2.1428571428571423,0.3312476147952426
am_peak,9926,0.15458222023777993,101,1,1,2,30.0,25.714285714285715,10.5,9.428571428571429,2.1428571428571423,0.3312476147952426,0.0,0.0,2.1428571428571423,0.3312476147952426
am_peak,9934,0.15458222023777993,035,1,1,2,60.0,45.0,18.0,14.25,7.5,1.1593666517833494,0.0,0.0,7.5,1.1593666517833494
am_peak,9934,0.15458222023777993,101,1,1,2,30.0,25.714285714285715,10.5,9.428571428571429,2.1428571428571423,0.3312476147952426,0.0,0.0,2.1428571428571423,0.3312476147952426
am_peak,9935,0.3606918472214865,035,1,1,2,60.0,45.0,18.0,14.25,7.5,2.7051888541611486,0.0,0.0,7.5,2.7051888541611486
am_peak,9935,0.3606918472214865,101,1,1,2,30.0,25.714285714285715,10.5,9.428571428571429,2.1428571428571423,0.7729111011888995,0.0,0.0,2.1428571428571423,0.7729111011888995
am_peak,9940,0.20610962698370655,035,1,1,2,60.0,45.0,18.0,14.25,7.5,1.5458222023777992,0.0,0.0,7.5,1.5458222023777992
am_peak,9942,0.20610962698370655,035,1,1,2,60.0,45.0,18.0,14.25,7.5,1.5458222023777992,0.0,0.0,7.5,1.5458222023777992
am_peak,9947,0.5152740674592664,023,1,2,3,15.0,8.571428571428571,6.75,4.285714285714286,4.928571428571429,2.5395650467635273,0.0,0.0,4.928571428571429,2.5395650467635273
am_peak,9950,0.30916444047555985,034,1,1,2,15.0,12.0,6.75,6.0,1.5,0.4637466607133398,0.0,0.0,1.5,0.4637466607133398
am_peak,9951,0.20610962698370655,034,1,1,2,15.0,12.0,6.75,6.0,1.5,0.3091644404755598,0.0,0.0,1.5,0.3091644404755598
am_peak,9956,0.20610962698370655,034,1,1,2,15.0,12.0,6.75,6.0,1.5,0.3091644404755598,0.0,0.0,1.5,0.3091644404755598
am_peak,9958,0.15458222023777993,034,1,1,2,15.0,12.0,6.75,6.0,1.5,0.2318733303566699,0.0,0.0,1.5,0.2318733303566699
am_peak,9959,0.15458222023777993,034,1,1,2,15.0,12.0,6.75,6.0,1.5,0.2318733303566699,0.0,0.0,1.5,0.2318733303566699
am_peak,9960,0.566801474205193,034,1,1,2,15.0,12.0,6.75,6.0,1.5,0.8502022113077895,0.0,0.0,1.5,0.8502022113077895
am_peak,9961,0.15458222023777993,034,1,1,2,15.0,12.0,6.75,6.0,1.5,0.2318733303566699,0.0,0.0,1.5,0.2318733303566699
am_peak,9964,0.2576370337296332,034,1,1,2,15.0,12.0,6.75,6.0,1.5,0.3864555505944498,0.0,0.0,1.5,0.3864555505944498
am_peak,9975,0.9790207281726062,008,2,1,3,15.0,12.0,6.75,6.0,1.5,1.4685310922589094,0.0,0.0,1.5,1.4685310922589094
am_peak,9982,0.15458222023777993,001,2,1,3,15.0,7.5,6.75,3.75,6.0,0.9274933214266796,0.0,0.0,6.0,0.9274933214266796
am_peak,9987,0.15458222023777993,001,2,2,4,15.0,6.0,6.75,3.0,7.5,1.1593666517833494,0.0,0.0,7.5,1.1593666517833494
am_peak,9988,0.6698562876970463,007,2,2,4,15.0,10.0,6.75,5.0,3.5,2.3444970069396622,0.0,0.0,3.5,2.3444970069396622
am_peak,9996,0.15458222023777993,006,1,1,2,14.4,9.23076923076923,6.6,4.615384615384615,3.9692307692307693,0.6135725049438034,0.0,0.0,3.9692307692307693,0.6135725049438034
am_peak,10002,0.20610962698370655,032,1,1,2,60.0,45.0,18.0,14.25,7.5,1.5458222023777992,0.0,0.0,7.5,1.5458222023777992
am_peak,10003,0.20610962698370655,102,1,1,2,30.0,10.0,10.5,5.0,11.0,2.267205896820772,0.0,0.0,11.0,2.267205896820772
am_peak,10007,0.2576370337296332,102,1,1,2,30.0,10.0,10.5,5.0,11.0,2.8340073710259652,0.0,0.0,11.0,2.8340073710259652
am_peak,10014,0.20610962698370655,102,1,1,2,30.0,10.0,10.5,5.0,11.0,2.267205896820772,0.0,0.0,11.0,2.267205896820772
am_peak,10018,0.2576370337296332,101,1,1,2,30.0,25.714285714285715,10.5,9.428571428571429,2.1428571428571423,0.552079357992071,0.0,0.0,2.1428571428571423,0.552079357992071
am_peak,10019,0.2576370337296332,102,1,1,2,30.0,25.714285714285715,10.5,9.428571428571429,2.1428571428571423,0.552079357992071,0.0,0.0,2.1428571428571423,0.552079357992071
am_peak,10021,0.20610962698370655,007,1,1,2,30.0,20.0,10.5,8.0,5.0,1.0305481349185328,0.0,0.0,5.0,1.0305481349185328
am_peak,10031,0.2576370337296332,003,1,1,2,34.285714285714285,28.799999999999997,11.571428571428571,10.2,2.7428571428571438,0.7066615782298513,0.0,0.0,2.7428571428571438,0.7066615782298513
am_peak,10031,0.2576370337296332,031,1,1,2,30.0,25.714285714285715,10.5,9.428571428571429,2.1428571428571423,0.552079357992071,0.0,0.0,2.1428571428571423,0.552079357992071
am_peak,10043,0.5152740674592664,007,2,2,4,15.0,10.0,6.75,5.0,3.5,1.8034592361074324,0.0,0.0,3.5,1.8034592361074324
am_peak,10052,0.20610962698370655,101,1,1,2,30.0,25.714285714285715,10.5,9.428571428571429,2.1428571428571423,0.44166348639365677,0.0,0.0,2.1428571428571423,0.44166348639365677
am_peak,10064,0.15458222023777993,001,2,2,4,15.0,6.0,6.75,3.0,7.5,1.1593666517833494,0.0,0.0,7.5,1.1593666517833494
am_peak,10066,1.7004044226155792,101,1,1,2,30.0,25.714285714285715,10.5,9.428571428571429,2.1428571428571423,3.643723762747669,0.0,0.0,2.1428571428571423,3.643723762747669
am_peak,10067,0.30916444047555985,101,1,1,2,30.0,25.714285714285715,10.5,9.428571428571429,2.1428571428571423,0.6624952295904852,0.0,0.0,2.1428571428571423,0.6624952295904852
am_peak,10069,0.721383694442973,101,1,1,2,30.0,25.714285714285715,10.5,9.428571428571429,2.1428571428571423,1.545822202377799,0.0,0.0,2.1428571428571423,1.545822202377799
am_peak,10070,0.20610962698370655,101,1,1,2,30.0,25.714285714285715,10.5,9.428571428571429,2.1428571428571423,0.44166348639365677,0.0,0.0,2.1428571428571423,0.44166348639365677
am_peak,10073,0.5152740674592664,101,1,1,2,30.0,25.714285714285715,10.5,9.428571428571429,2.1428571428571423,1.104158715984142,0.0,0.0,2.1428571428571423,1.104158715984142
am_peak,10088,0.15458222023777993,101,1,1,2,30.0,25.714285714285715,10.5,9.428571428571429,2.1428571428571423,0.3312476147952426,0.0,0.0,2.1428571428571423,0.3312476147952426
am_peak,10094,0.20610962698370655,034,1,1,2,15.0,12.0,6.75,6.0,1.5,0.3091644404755598,0.0,0.0,1.5,0.3091644404755598
am_peak,10099,0.30916444047555985,034,1,1,2,15.0,12.0,6.75,6.0,1.5,0.4637466607133398,0.0,0.0,1.5,0.4637466607133398
am_peak,10100,0.20610962698370655,034,1,1,2,15.0,12.0,6.75,6.0,1.5,0.3091644404755598,0.0,0.0,1.5,0.3091644404755598
am_peak,10101,0.15458222023777993,034,1,1,2,15.0,12.0,6.75,6.0,1.5,0.2318733303566699,0.0,0.0,1.5,0.2318733303566699
am_peak,10102,0.3606918472214865,034,1,1,2,15.0,12.0,6.75,6.0,1.5,0.5410377708322298,0.0,0.0,1.5,0.5410377708322298
am_peak,10103,0.20610962698370655,034,1,1,2,15.0,12.0,6.75,6.0,1.5,0.3091644404755598,0.0,0.0,1.5,0.3091644404755598
am_peak,10104,0.20610962698370655,035,1,1,2,60.0,45.0,18.0,14.25,7.5,1.5458222023777992,0.0,0.0,7.5,1.5458222023777992
am_peak,10114,0.2576370337296332,008,2,1,3,15.0,12.0,6.75,6.0,1.5,0.3864555505944498,0.0,0.0,1.5,0.3864555505944498
am_peak,10118,0.4122192539674131,034,1,1,2,15.0,12.0,6.75,6.0,1.5,0.6183288809511196,0.0,0.0,1.5,0.6183288809511196
am_peak,10119,0.46374666071333975,034,1,1,2,15.0,12.0,6.75,6.0,1.5,0.6956199910700096,0.0,0.0,1.5,0.6956199910700096
am_peak,10121,0.30916444047555985,001,2,2,4,15.0,5.999999999999999,6.75,2.9999999999999996,7.500000000000001,2.3187333035666993,0.0,0.0,7.500000000000001,2.3187333035666993
am_peak,10123,0.15458222023777993,001,2,2,4,15.0,6.0,6.75,3.0,7.5,1.1593666517833494,0.0,0.0,7.5,1.1593666517833494
am_peak,10128,0.15458222023777993,006,1,6,7,14.4,5.9504132231404965,6.6,2.9752066115702482,7.249586776859503,1.1206572197733928,0.0,0.0,7.249586776859503,1.1206572197733928
am_peak,10132,0.15458222023777993,006,1,1,2,14.4,9.23076923076923,6.6,4.615384615384615,3.9692307692307693,0.6135725049438034,0.0,0.0,3.9692307692307693,0.6135725049438034
am_peak,10133,0.3606918472214865,034,1,1,2,15.0,12.0,6.75,6.0,1.5,0.5410377708322298,0.0,0.0,1.5,0.5410377708322298
am_peak,10135,0.15458222023777993,034,1,1,2,15.0,12.0,6.75,6.0,1.5,0.2318733303566699,0.0,0.0,1.5,0.2318733303566699
am_peak,10136,0.6183288809511197,034,1,1,2,15.0,12.0,6.75,6.0,1.5,0.9274933214266796,0.0,0.0,1.5,0.9274933214266796
am_peak,10137,0.15458222023777993,034,1,1,2,15.0,12.0,6.75,6.0,1.5,0.2318733303566699,0.0,0.0,1.5,0.2318733303566699
am_peak,10138,0.30916444047555985,034,1,1,2,15.0,12.0,6.75,6.0,1.5,0.4637466607133398,0.0,0.0,1.5,0.4637466607133398
am_peak,10139,0.4122192539674131,034,1,1,2,15.0,12.0,6.75,6.0,1.5,0.6183288809511196,0.0,0.0,1.5,0.6183288809511196
am_peak,10140,0.4122192539674131,034,1,1,2,15.0,12.0,6.75,6.0,1.5,0.6183288809511196,0.0,0.0,1.5,0.6183288809511196
am_peak,10142,0.15458222023777993,035,1,1,2,60.0,45.0,18.0,14.25,7.5,1.1593666517833494,0.0,0.0,7.5,1.1593666517833494
am_peak,10144,0.15458222023777993,035,1,1,2,60.0,45.0,18.0,14.25,7.5,1.1593666517833494,0.0,0.0,7.5,1.1593666517833494
am_peak,10149,0.20610962698370655,034,1,1,2,15.0,12.0,6.75,6.0,1.5,0.3091644404755598,0.0,0.0,1.5,0.3091644404755598
am_peak,10166,0.7729111011888996,008,2,1,3,15.0,12.0,6.75,6.0,1.5,1.1593666517833494,0.0,0.0,1.5,1.1593666517833494
am_peak,10169,0.3606918472214865,034,1,1,2,15.0,12.0,6.75,6.0,1.5,0.5410377708322298,0.0,0.0,1.5,0.5410377708322298
am_peak,10177,0.3606918472214865,034,1,1,2,15.0,12.0,6.75,6.0,1.5,0.5410377708322298,0.0,0.0,1.5,0.5410377708322298
am_peak,10179,0.15458222023777993,034,1,1,2,15.0,12.0,6.75,6.0,1.5,0.2318733303566699,0.0,0.0,1.5,0.2318733303566699
am_peak,10180,0.2576370337296332,034,1,1,2,15.0,12.0,6.75,6.0,1.5,0.3864555505944498,0.0,0.0,1.5,0.3864555505944498
am_peak,10181,0.4122192539674131,034,1,1,2,15.0,12.0,6.75,6.0,1.5,0.6183288809511196,0.0,0.0,1.5,0.6183288809511196
am_peak,10182,0.46374666071333975,034,1,1,2,15.0,12.0,6.75,6.0,1.5,0.6956199910700096,0.0,0.0,1.5,0.6956199910700096
am_peak,10183,0.3606918472214865,034,1,1,2,15.0,12.0,6.75,6.0,1.5,0.5410377708322298,0.0,0.0,1.5,0.5410377708322298
am_peak,10184,0.2576370337296332,035,1,1,2,60.0,45.0,18.0,14.25,7.5,1.932277752972249,0.0,0.0,7.5,1.932277752972249
am_peak,10185,0.15458222023777993,035,1,1,2,60.0,45.0,18.0,14.25,7.5,1.1593666517833494,0.0,0.0,7.5,1.1593666517833494
am_peak,10189,0.46374666071333975,034,1,1,2,15.0,12.0,6.75,6.0,1.5,0.6956199910700096,0.0,0.0,1.5,0.6956199910700096
am_peak,10190,0.30916444047555985,034,1,1,2,15.0,12.0,6.75,6.0,1.5,0.4637466607133398,0.0,0.0,1.5,0.4637466607133398
am_peak,10198,0.8244385079348262,008,2,1,3,15.0,12.0,6.75,6.0,1.5,1.2366577619022392,0.0,0.0,1.5,1.2366577619022392
am_peak,10291,0.15458222023777993,006,1,1,2,14.4,9.23076923076923,6.6,4.615384615384615,3.9692307692307693,0.6135725049438034,0.0,0.0,3.9692307692307693,0.6135725049438034
am_peak,10356,0.566801474205193,034,1,1,2,15.0,12.0,6.75,6.0,1.5,0.8502022113077895,0.0,0.0,1.5,0.8502022113077895
am_peak,10370,0.15458222023777993,012,1,1,2,25.714285714285715,13.846153846153847,9.428571428571429,6.461538461538462,5.934065934065934,0.9173010871252875,0.0,0.0,5.934065934065934,0.9173010871252875
am_peak,10372,0.46374666071333975,007,2,2,4,15.0,10.0,6.75,5.0,3.5,1.6231133124966892,0.0,0.0,3.5,1.6231133124966892
am_peak,10393,0.2576370337296332,034,1,1,2,15.0,12.0,6.75,6.0,1.5,0.3864555505944498,0.0,0.0,1.5,0.3864555505944498
am_peak,10415,0.30916444047555985,021,1,1,2,51.42857142857143,32.72727272727273,15.857142857142858,11.181818181818182,9.350649350649352,2.890888274576664,0.0,0.0,9.350649350649352,2.890888274576664
am_peak,10416,0.15458222023777993,021,1,1,2,51.42857142857143,32.72727272727273,15.857142857142858,11.181818181818182,9.350649350649352,1.445444137288332,0.0,0.0,9.350649350649352,1.445444137288332
am_peak,10431,2.0610962698370656,034,1,1,2,15.0,12.0,6.75,6.0,1.5,3.0916444047555984,0.0,0.0,1.5,3.0916444047555984
am_peak,10464,0.15458222023777993,021,1,1,2,51.42857142857143,32.72727272727273,15.857142857142858,11.181818181818182,9.350649350649352,1.445444137288332,0.0,0.0,9.350649350649352,1.445444137288332
am_peak,10466,0.5152740674592664,034,1,1,2,15.0,12.0,6.75,6.0,1.5,0.7729111011888996,0.0,0.0,1.5,0.7729111011888996
am_peak,10498,0.46374666071333975,034,1,1,2,15.0,12.0,6.75,6.0,1.5,0.6956199910700096,0.0,0.0,1.5,0.6956199910700096
am_peak,10507,0.15458222023777993,007,2,2,4,15.0,10.0,6.75,5.0,3.5,0.5410377708322297,0.0,0.0,3.5,0.5410377708322297
am_peak,10517,0.15458222023777993,034,1,1,2,15.0,12.0,6.75,6.0,1.5,0.2318733303566699,0.0,0.0,1.5,0.2318733303566699
am_peak,10531,0.4122192539674131,034,1,1,2,15.0,12.0,6.75,6.0,1.5,0.6183288809511196,0.0,0.0,1.5,0.6183288809511196
am_peak,10545,0.3606918472214865,007,2,2,4,15.0,10.0,6.75,5.0,3.5,1.2624214652752028,0.0,0.0,3.5,1.2624214652752028
am_peak,10565,0.15458222023777993,034,1,1,2,15.0,12.0,6.75,6.0,1.5,0.2318733303566699,0.0,0.0,1.5,0.2318733303566699
am_peak,10566,0.15458222023777993,035,1,1,2,60.0,45.0,18.0,14.25,7.5,1.1593666517833494,0.0,0.0,7.5,1.1593666517833494
am_peak,10580,0.20610962698370655,021,1,1,2,51.42857142857143,32.72727272727273,15.857142857142858,11.181818181818182,9.350649350649352,1.9272588497177758,0.0,0.0,9.350649350649352,1.9272588497177758
am_peak,10582,0.4122192539674131,034,1,1,2,15.0,12.0,6.75,6.0,1.5,0.6183288809511196,0.0,0.0,1.5,0.6183288809511196
am_peak,10590,0.2576370337296332,007,2,2,4,15.0,10.0,6.75,5.0,3.5,0.9017296180537162,0.0,0.0,3.5,0.9017296180537162
am_peak,10607,0.2576370337296332,034,1,1,2,15.0,12.0,6.75,6.0,1.5,0.3864555505944498,0.0,0.0,1.5,0.3864555505944498
am_peak,10614,1.5973496091237258,034,1,1,2,15.0,10.0,6.75,5.0,3.5,5.590723631933041,0.0,0.0,3.5,5.590723631933041
am_peak,10615,0.15458222023777993,034,1,1,2,15.0,10.0,6.75,5.0,3.5,0.5410377708322297,0.0,0.0,3.5,0.5410377708322297
am_peak,10617,0.15458222023777993,034,1,1,2,15.0,10.0,6.75,5.0,3.5,0.5410377708322297,0.0,0.0,3.5,0.5410377708322297
am_peak,10618,0.15458222023777993,034,1,1,2,15.0,10.0,6.75,5.0,3.5,0.5410377708322297,0.0,0.0,3.5,0.5410377708322297
am_peak,10619,0.30916444047555985,034,1,1,2,15.0,10.0,6.75,5.0,3.5,1.0820755416644594,0.0,0.0,3.5,1.0820755416644594
am_peak,10619,0.30916444047555985,007,1,1,2,30.0,20.0,10.5,8.0,5.0,1.5458222023777992,0.0,0.0,5.0,1.5458222023777992
am_peak,10620,1.7004044226155792,034,1,1,2,15.0,10.0,6.75,5.0,3.5,5.9514154791545275,0.0,0.0,3.5,5.9514154791545275
am_peak,10620,1.7004044226155792,007,1,1,2,30.0,20.0,10.5,8.0,5.0,8.502022113077896,0.0,0.0,5.0,8.502022113077896
am_peak,10623,0.30916444047555985,034,1,1,2,15.0,10.0,6.75,5.0,3.5,1.0820755416644594,0.0,0.0,3.5,1.0820755416644594
am_peak,10624,1.0820755416644594,034,1,1,2,15.0,10.0,6.75,5.0,3.5,3.787264395825608,0.0,0.0,3.5,3.787264395825608
am_peak,10627,0.20610962698370655,034,1,1,2,15.0,10.0,6.75,5.0,3.5,0.7213836944429729,0.0,0.0,3.5,0.7213836944429729
am_peak,10627,0.20610962698370655,007,1,2,3,30.0,18.0,10.5,7.5,6.0,1.2366577619022392,0.0,0.0,6.0,1.2366577619022392
am_peak,10634,0.15458222023777993,034,1,1,2,15.0,10.0,6.75,5.0,3.5,0.5410377708322297,0.0,0.0,3.5,0.5410377708322297
am_peak,10638,0.5152740674592664,034,1,1,2,15.0,10.0,6.75,5.0,3.5,1.8034592361074324,0.0,0.0,3.5,1.8034592361074324
am_peak,10639,0.2576370337296332,034,1,1,2,15.0,10.0,6.75,5.0,3.5,0.9017296180537162,0.0,0.0,3.5,0.9017296180537162
am_peak,10640,0.2576370337296332,034,1,1,2,15.0,10.0,6.75,5.0,3.5,0.9017296180537162,0.0,0.0,3.5,0.9017296180537162
am_peak,10642,0.20610962698370655,034,1,1,2,15.0,10.0,6.75,5.0,3.5,0.7213836944429729,0.0,0.0,3.5,0.7213836944429729
am_peak,10643,0.20610962698370655,034,1,1,2,15.0,10.0,6.75,5.0,3.5,0.7213836944429729,0.0,0.0,3.5,0.7213836944429729
am_peak,10644,0.15458222023777993,034,1,1,2,15.0,10.0,6.75,5.0,3.5,0.5410377708322297,0.0,0.0,3.5,0.5410377708322297
am_peak,10644,0.15458222023777993,007,1,1,2,30.0,20.0,10.5,8.0,5.0,0.7729111011888996,0.0,0.0,5.0,0.7729111011888996
am_peak,10651,1.9065140495992856,034,1,1,2,15.0,10.0,6.75,5.0,3.5,6.672799173597499,0.0,0.0,3.5,6.672799173597499
am_peak,10652,0.20610962698370655,034,1,1,2,15.0,10.0,6.75,5.0,3.5,0.7213836944429729,0.0,0.0,3.5,0.7213836944429729
am_peak,10653,0.20610962698370655,034,1,1,2,15.0,10.0,6.75,5.0,3.5,0.7213836944429729,0.0,0.0,3.5,0.7213836944429729
am_peak,10656,0.15458222023777993,034,1,1,2,15.0,10.0,6.75,5.0,3.5,0.5410377708322297,0.0,0.0,3.5,0.5410377708322297
am_peak,10657,0.20610962698370655,034,1,1,2,15.0,10.0,6.75,5.0,3.5,0.7213836944429729,0.0,0.0,3.5,0.7213836944429729
am_peak,10657,0.20610962698370655,007,1,1,2,30.0,20.0,10.5,8.0,5.0,1.0305481349185328,0.0,0.0,5.0,1.0305481349185328
am_peak,10658,0.4122192539674131,034,1,1,2,15.0,10.0,6.75,5.0,3.5,1.4427673888859458,0.0,0.0,3.5,1.4427673888859458
am_peak,10658,0.4122192539674131,007,1,1,2,30.0,20.0,10.5,8.0,5.0,2.0610962698370656,0.0,0.0,5.0,2.0610962698370656
am_peak,10659,2.524842930550405,034,1,1,2,15.0,10.0,6.75,5.0,3.5,8.836950256926418,0.0,0.0,3.5,8.836950256926418
am_peak,10659,2.524842930550405,007,1,1,2,30.0,20.0,10.5,8.0,5.0,12.624214652752027,0.0,0.0,5.0,12.624214652752027
am_peak,10661,0.2576370337296332,034,1,1,2,15.0,10.0,6.75,5.0,3.5,0.9017296180537162,0.0,0.0,3.5,0.9017296180537162
am_peak,10662,1.2366577619022394,034,1,1,2,15.0,10.0,6.75,5.0,3.5,4.328302166657838,0.0,0.0,3.5,4.328302166657838
am_peak,10665,0.20610962698370655,034,1,1,2,15.0,10.0,6.75,5.0,3.5,0.7213836944429729,0.0,0.0,3.5,0.7213836944429729
am_peak,10668,0.30916444047555985,034,1,1,2,15.0,10.0,6.75,5.0,3.5,1.0820755416644594,0.0,0.0,3.5,1.0820755416644594
am_peak,10668,0.30916444047555985,007,1,2,3,30.0,18.0,10.5,7.5,6.0,1.8549866428533592,0.0,0.0,6.0,1.8549866428533592
am_peak,10677,0.20610962698370655,034,1,1,2,15.0,10.0,6.75,5.0,3.5,0.7213836944429729,0.0,0.0,3.5,0.7213836944429729
am_peak,10678,0.20610962698370655,034,1,1,2,15.0,10.0,6.75,5.0,3.5,0.7213836944429729,0.0,0.0,3.5,0.7213836944429729
am_peak,10681,0.15458222023777993,034,1,1,2,15.0,10.0,6.75,5.0,3.5,0.5410377708322297,0.0,0.0,3.5,0.5410377708322297
am_peak,10684,0.9790207281726062,034,1,1,2,15.0,10.0,6.75,5.0,3.5,3.426572548604122,0.0,0.0,3.5,3.426572548604122
am_peak,10685,0.5152740674592664,034,1,1,2,15.0,10.0,6.75,5.0,3.5,1.8034592361074324,0.0,0.0,3.5,1.8034592361074324
am_peak,10686,0.20610962698370655,034,1,1,2,15.0,10.0,6.75,5.0,3.5,0.7213836944429729,0.0,0.0,3.5,0.7213836944429729
am_peak,10687,0.15458222023777993,034,1,1,2,15.0,10.0,6.75,5.0,3.5,0.5410377708322297,0.0,0.0,3.5,0.5410377708322297
am_peak,10688,0.30916444047555985,034,1,1,2,15.0,10.0,6.75,5.0,3.5,1.0820755416644594,0.0,0.0,3.5,1.0820755416644594
am_peak,10691,0.2576370337296332,034,1,1,2,15.0,10.0,6.75,5.0,3.5,0.9017296180537162,0.0,0.0,3.5,0.9017296180537162
am_peak,10747,0.46374666071333975,034,1,1,2,15.0,12.0,6.75,6.0,1.5,0.6956199910700096,0.0,0.0,1.5,0.6956199910700096
am_peak,10748,0.7729111011888996,034,1,1,2,15.0,12.0,6.75,6.0,1.5,1.1593666517833494,0.0,0.0,1.5,1.1593666517833494
am_peak,10754,0.15458222023777993,034,1,1,2,15.0,12.0,6.75,6.0,1.5,0.2318733303566699,0.0,0.0,1.5,0.2318733303566699
am_peak,10771,0.46374666071333975,034,1,1,2,15.0,12.0,6.75,6.0,1.5,0.6956199910700096,0.0,0.0,1.5,0.6956199910700096
am_peak,10773,0.3606918472214865,034,1,1,2,15.0,12.0,6.75,6.0,1.5,0.5410377708322298,0.0,0.0,1.5,0.5410377708322298
am_peak,10775,0.2576370337296332,034,1,1,2,15.0,12.0,6.75,6.0,1.5,0.3864555505944498,0.0,0.0,1.5,0.3864555505944498
am_peak,10776,0.6698562876970463,034,1,1,2,15.0,12.0,6.75,6.0,1.5,1.0047844315455694,0.0,0.0,1.5,1.0047844315455694
am_peak,10777,0.46374666071333975,034,1,1,2,15.0,12.0,6.75,6.0,1.5,0.6956199910700096,0.0,0.0,1.5,0.6956199910700096
am_peak,10778,0.20610962698370655,034,1,1,2,15.0,12.0,6.75,6.0,1.5,0.3091644404755598,0.0,0.0,1.5,0.3091644404755598
am_peak,10783,0.2576370337296332,034,1,1,2,15.0,12.0,6.75,6.0,1.5,0.3864555505944498,0.0,0.0,1.5,0.3864555505944498
am_peak,10787,0.6183288809511197,034,1,1,2,15.0,12.0,6.75,6.0,1.5,0.9274933214266796,0.0,0.0,1.5,0.9274933214266796
am_peak,10788,0.30916444047555985,034,1,1,2,15.0,12.0,6.75,6.0,1.5,0.4637466607133398,0.0,0.0,1.5,0.4637466607133398
am_peak,10796,0.2576370337296332,034,1,1,2,15.0,12.0,6.75,6.0,1.5,0.3864555505944498,0.0,0.0,1.5,0.3864555505944498
am_peak,10798,1.5458222023777992,034,1,1,2,15.0,12.0,6.75,6.0,1.5,2.318733303566699,0.0,0.0,1.5,2.318733303566699
am_peak,10804,0.30916444047555985,034,1,1,2,15.0,12.0,6.75,6.0,1.5,0.4637466607133398,0.0,0.0,1.5,0.4637466607133398
am_peak,10808,0.2576370337296332,021,1,1,2,51.42857142857143,32.72727272727273,15.857142857142858,11.181818181818182,9.350649350649352,2.4090735621472197,0.0,0.0,9.350649350649352,2.4090735621472197
am_peak,10809,0.20610962698370655,021,1,1,2,51.42857142857143,32.72727272727273,15.857142857142858,11.181818181818182,9.350649350649352,1.9272588497177758,0.0,0.0,9.350649350649352,1.9272588497177758
am_peak,10818,0.30916444047555985,034,1,1,2,15.0,12.0,6.75,6.0,1.5,0.4637466607133398,0.0,0.0,1.5,0.4637466607133398
am_peak,10819,0.30916444047555985,034,1,1,2,15.0,12.0,6.75,6.0,1.5,0.4637466607133398,0.0,0.0,1.5,0.4637466607133398
am_peak,10820,0.20610962698370655,034,1,1,2,15.0,12.0,6.75,6.0,1.5,0.3091644404755598,0.0,0.0,1.5,0.3091644404755598
am_peak,10821,0.20610962698370655,034,1,1,2,15.0,12.0,6.75,6.0,1.5,0.3091644404755598,0.0,0.0,1.5,0.3091644404755598
am_peak,10825,0.3606918472214865,034,1,1,2,15.0,12.0,6.75,6.0,1.5,0.5410377708322298,0.0,0.0,1.5,0.5410377708322298
am_peak,10826,0.8759659146807529,034,1,1,2,15.0,12.0,6.75,6.0,1.5,1.3139488720211294,0.0,0.0,1.5,1.3139488720211294
am_peak,10842,0.30916444047555985,007,1,2,3,30.0,18.0,10.5,7.5,6.0,1.8549866428533592,0.0,0.0,6.0,1.8549866428533592
am_peak,10862,0.15458222023777993,034,1,1,2,15.0,10.0,6.75,5.0,3.5,0.5410377708322297,0.0,0.0,3.5,0.5410377708322297
am_peak,10870,0.20610962698370655,021,1,1,2,51.42857142857143,32.72727272727273,15.857142857142858,11.181818181818182,9.350649350649352,1.9272588497177758,0.0,0.0,9.350649350649352,1.9272588497177758
am_peak,10873,0.30916444047555985,023,1,1,2,15.0,10.0,6.75,5.0,3.5,1.0820755416644594,0.0,0.0,3.5,1.0820755416644594
am_peak,10875,0.15458222023777993,023,1,1,2,15.0,10.0,6.75,5.0,3.5,0.5410377708322297,0.0,0.0,3.5,0.5410377708322297
am_peak,10880,2.0610962698370656,023,1,2,3,15.0,8.571428571428571,6.75,4.285714285714286,4.928571428571429,10.15826018705411,0.0,0.0,4.928571428571429,10.15826018705411
am_peak,10922,0.15458222023777993,023,1,1,2,15.0,10.0,6.75,5.0,3.5,0.5410377708322297,0.0,0.0,3.5,0.5410377708322297
am_peak,10924,0.9790207281726062,023,1,2,3,15.0,8.571428571428571,6.75,4.285714285714286,4.928571428571429,4.825173588850702,0.0,0.0,4.928571428571429,4.825173588850702
am_peak,10934,0.15458222023777993,006,1,1,2,14.4,9.23076923076923,6.6,4.615384615384615,3.9692307692307693,0.6135725049438034,0.0,0.0,3.9692307692307693,0.6135725049438034
am_peak,10949,0.15458222023777993,034,1,1,2,15.0,10.0,6.75,5.0,3.5,0.5410377708322297,0.0,0.0,3.5,0.5410377708322297
am_peak,10954,1.7004044226155792,023,1,2,3,15.0,8.571428571428571,6.75,4.285714285714286,4.928571428571429,8.380564654319642,0.0,0.0,4.928571428571429,8.380564654319642
am_peak,10958,0.46374666071333975,101,1,1,2,30.0,25.714285714285715,10.5,9.428571428571429,2.1428571428571423,0.9937428443857278,0.0,0.0,2.1428571428571423,0.9937428443857278
am_peak,10959,0.20610962698370655,101,1,1,2,30.0,25.714285714285715,10.5,9.428571428571429,2.1428571428571423,0.44166348639365677,0.0,0.0,2.1428571428571423,0.44166348639365677
am_peak,10960,0.46374666071333975,101,1,1,2,30.0,25.714285714285715,10.5,9.428571428571429,2.1428571428571423,0.9937428443857278,0.0,0.0,2.1428571428571423,0.9937428443857278
am_peak,10961,0.15458222023777993,101,1,1,2,30.0,25.714285714285715,10.5,9.428571428571429,2.1428571428571423,0.3312476147952426,0.0,0.0,2.1428571428571423,0.3312476147952426
am_peak,10963,0.2576370337296332,101,1,1,2,30.0,25.714285714285715,10.5,9.428571428571429,2.1428571428571423,0.552079357992071,0.0,0.0,2.1428571428571423,0.552079357992071
am_peak,10976,0.15458222023777993,101,1,1,2,30.0,25.714285714285715,10.5,9.428571428571429,2.1428571428571423,0.3312476147952426,0.0,0.0,2.1428571428571423,0.3312476147952426
am_peak,10998,0.6698562876970463,023,1,2,3,15.0,8.571428571428571,6.75,4.285714285714286,4.928571428571429,3.3014345607925857,0.0,0.0,4.928571428571429,3.3014345607925857
am_peak,11032,1.5973496091237258,023,1,2,3,15.0,8.571428571428571,6.75,4.285714285714286,4.928571428571429,7.872651644966934,0.0,0.0,4.928571428571429,7.872651644966934
am_peak,11055,1.2366577619022394,034,1,1,2,15.0,10.0,6.75,5.0,3.5,4.328302166657838,0.0,0.0,3.5,4.328302166657838
am_peak,11057,0.2576370337296332,034,1,1,2,15.0,10.0,6.75,5.0,3.5,0.9017296180537162,0.0,0.0,3.5,0.9017296180537162
am_peak,11059,0.15458222023777993,034,1,1,2,15.0,10.0,6.75,5.0,3.5,0.5410377708322297,0.0,0.0,3.5,0.5410377708322297
am_peak,11059,0.15458222023777993,007,1,1,2,30.0,20.0,10.5,8.0,5.0,0.7729111011888996,0.0,0.0,5.0,0.7729111011888996
am_peak,11060,0.5152740674592664,034,1,1,2,15.0,10.0,6.75,5.0,3.5,1.8034592361074324,0.0,0.0,3.5,1.8034592361074324
am_peak,11060,0.5152740674592664,007,1,1,2,30.0,20.0,10.5,8.0,5.0,2.576370337296332,0.0,0.0,5.0,2.576370337296332
am_peak,11061,2.267205896820772,034,1,1,2,15.0,10.0,6.75,5.0,3.5,7.935220638872702,0.0,0.0,3.5,7.935220638872702
am_peak,11061,2.267205896820772,007,1,1,2,30.0,20.0,10.5,8.0,5.0,11.336029484103861,0.0,0.0,5.0,11.336029484103861
am_peak,11064,1.7519318293615058,034,1,1,2,15.0,10.0,6.75,5.0,3.5,6.13176140276527,0.0,0.0,3.5,6.13176140276527
am_peak,11066,0.3606918472214865,034,1,1,2,15.0,10.0,6.75,5.0,3.5,1.2624214652752028,0.0,0.0,3.5,1.2624214652752028
am_peak,11066,0.3606918472214865,007,1,2,3,30.0,18.0,10.5,7.5,6.0,2.1641510833289193,0.0,0.0,6.0,2.1641510833289193
am_peak,11079,0.15458222023777993,034,1,1,2,15.0,10.0,6.75,5.0,3.5,0.5410377708322297,0.0,0.0,3.5,0.5410377708322297
am_peak,11082,1.288185168648166,034,1,1,2,15.0,10.0,6.75,5.0,3.5,4.508648090268581,0.0,0.0,3.5,4.508648090268581
am_peak,11083,0.30916444047555985,034,1,1,2,15.0,10.0,6.75,5.0,3.5,1.0820755416644594,0.0,0.0,3.5,1.0820755416644594
am_peak,11086,0.15458222023777993,034,1,1,2,15.0,10.0,6.75,5.0,3.5,0.5410377708322297,0.0,0.0,3.5,0.5410377708322297
am_peak,11101,0.15458222023777993,006,1,8,9,14.4,4.04494382022472,6.6,2.02247191011236,9.15505617977528,1.4152089106712704,0.0,0.0,9.15505617977528,1.4152089106712704
am_peak,11102,0.46374666071333975,006,1,8,9,14.4,4.04494382022472,6.6,2.02247191011236,9.15505617977528,4.245626732013811,0.0,0.0,9.15505617977528,4.245626732013811
am_peak,11108,0.2576370337296332,101,1,1,2,30.0,25.714285714285715,10.5,9.428571428571429,2.1428571428571423,0.552079357992071,0.0,0.0,2.1428571428571423,0.552079357992071
am_peak,11137,0.30916444047555985,006,1,8,9,14.4,4.04494382022472,6.6,2.02247191011236,9.15505617977528,2.830417821342541,0.0,0.0,9.15505617977528,2.830417821342541
am_peak,11138,0.6698562876970463,006,1,8,9,14.4,4.04494382022472,6.6,2.02247191011236,9.15505617977528,6.132571946242171,0.0,0.0,9.15505617977528,6.132571946242171
am_peak,11140,0.20610962698370655,102,1,1,2,30.0,10.0,10.5,5.0,11.0,2.267205896820772,0.0,0.0,11.0,2.267205896820772
am_peak,11144,0.3606918472214865,102,1,1,2,30.0,25.714285714285715,10.5,9.428571428571429,2.1428571428571423,0.7729111011888995,0.0,0.0,2.1428571428571423,0.7729111011888995
am_peak,11153,0.20610962698370655,003,1,1,2,34.285714285714285,28.799999999999997,11.571428571428571,10.2,2.7428571428571438,0.565329262583881,0.0,0.0,2.7428571428571438,0.565329262583881
am_peak,11153,0.20610962698370655,031,1,1,2,30.0,25.714285714285715,10.5,9.428571428571429,2.1428571428571423,0.44166348639365677,0.0,0.0,2.1428571428571423,0.44166348639365677
am_peak,11178,1.288185168648166,006,1,8,9,14.4,4.04494382022472,6.6,2.02247191011236,9.15505617977528,11.793407588927252,0.0,0.0,9.15505617977528,11.793407588927252
am_peak,11186,0.46374666071333975,101,1,1,2,30.0,25.714285714285715,10.5,9.428571428571429,2.1428571428571423,0.9937428443857278,0.0,0.0,2.1428571428571423,0.9937428443857278
am_peak,11199,0.15458222023777993,003,1,1,2,34.285714285714285,28.799999999999997,11.571428571428571,10.2,2.7428571428571438,0.4239969469379108,0.0,0.0,2.7428571428571438,0.4239969469379108
am_peak,11199,0.15458222023777993,031,1,1,2,30.0,25.714285714285715,10.5,9.428571428571429,2.1428571428571423,0.3312476147952426,0.0,0.0,2.1428571428571423,0.3312476147952426
am_peak,11253,2.267205896820772,023,1,2,3,15.0,8.571428571428571,6.75,4.285714285714286,4.928571428571429,11.17408620575952,0.0,0.0,4.928571428571429,11.17408620575952
am_peak,11287,1.3912399821400192,023,1,2,3,15.0,8.571428571428571,6.75,4.285714285714286,4.928571428571429,6.856825626261523,0.0,0.0,4.928571428571429,6.856825626261523
am_peak,11295,0.5152740674592664,006,1,8,9,14.4,4.04494382022472,6.6,2.02247191011236,9.15505617977528,4.717363035570901,0.0,0.0,9.15505617977528,4.717363035570901
am_peak,11298,0.20610962698370655,101,1,1,2,30.0,25.714285714285715,10.5,9.428571428571429,2.1428571428571423,0.44166348639365677,0.0,0.0,2.1428571428571423,0.44166348639365677
am_peak,11308,0.15458222023777993,023,1,1,2,15.0,5.999999999999999,6.75,2.9999999999999996,7.500000000000001,1.1593666517833496,0.0,0.0,7.500000000000001,1.1593666517833496
am_peak,11309,0.9274933214266795,023,1,1,2,15.0,5.999999999999999,6.75,2.9999999999999996,7.500000000000001,6.956199910700097,0.0,0.0,7.500000000000001,6.956199910700097
am_peak,11316,0.20610962698370655,023,1,1,2,15.0,5.999999999999999,6.75,2.9999999999999996,7.500000000000001,1.5458222023777992,0.0,0.0,7.500000000000001,1.5458222023777992
am_peak,11317,0.3606918472214865,023,1,1,2,15.0,5.999999999999999,6.75,2.9999999999999996,7.500000000000001,2.705188854161149,0.0,0.0,7.500000000000001,2.705188854161149
am_peak,11318,0.15458222023777993,023,1,1,2,15.0,5.999999999999999,6.75,2.9999999999999996,7.500000000000001,1.1593666517833496,0.0,0.0,7.500000000000001,1.1593666517833496
am_peak,11319,0.15458222023777993,023,1,1,2,15.0,5.999999999999999,6.75,2.9999999999999996,7.500000000000001,1.1593666517833496,0.0,0.0,7.500000000000001,1.1593666517833496
am_peak,11320,0.15458222023777993,023,1,1,2,15.0,5.999999999999999,6.75,2.9999999999999996,7.500000000000001,1.1593666517833496,0.0,0.0,7.500000000000001,1.1593666517833496
am_peak,11321,0.15458222023777993,023,1,1,2,15.0,5.999999999999999,6.75,2.9999999999999996,7.500000000000001,1.1593666517833496,0.0,0.0,7.500000000000001,1.1593666517833496
am_peak,11322,0.20610962698370655,023,1,1,2,15.0,5.999999999999999,6.75,2.9999999999999996,7.500000000000001,1.5458222023777992,0.0,0.0,7.500000000000001,1.5458222023777992
am_peak,11323,0.2576370337296332,023,1,1,2,15.0,5.999999999999999,6.75,2.9999999999999996,7.500000000000001,1.9322777529722492,0.0,0.0,7.500000000000001,1.9322777529722492
am_peak,11324,0.20610962698370655,023,1,1,2,15.0,5.999999999999999,6.75,2.9999999999999996,7.500000000000001,1.5458222023777992,0.0,0.0,7.500000000000001,1.5458222023777992
am_peak,11325,0.30916444047555985,023,1,1,2,15.0,5.999999999999999,6.75,2.9999999999999996,7.500000000000001,2.3187333035666993,0.0,0.0,7.500000000000001,2.3187333035666993
am_peak,11326,0.8759659146807529,023,1,1,2,15.0,5.999999999999999,6.75,2.9999999999999996,7.500000000000001,6.5697443601056476,0.0,0.0,7.500000000000001,6.5697443601056476
am_peak,11327,0.30916444047555985,023,1,1,2,15.0,5.999999999999999,6.75,2.9999999999999996,7.500000000000001,2.3187333035666993,0.0,0.0,7.500000000000001,2.3187333035666993
am_peak,11329,0.20610962698370655,023,1,1,2,15.0,5.999999999999999,6.75,2.9999999999999996,7.500000000000001,1.5458222023777992,0.0,0.0,7.500000000000001,1.5458222023777992
am_peak,11330,0.15458222023777993,023,1,1,2,15.0,5.999999999999999,6.75,2.9999999999999996,7.500000000000001,1.1593666517833496,0.0,0.0,7.500000000000001,1.1593666517833496
am_peak,11331,0.15458222023777993,023,1,1,2,15.0,5.999999999999999,6.75,2.9999999999999996,7.500000000000001,1.1593666517833496,0.0,0.0,7.500000000000001,1.1593666517833496
am_peak,11331,0.15458222023777993,021,1,1,2,51.42857142857143,32.72727272727273,15.857142857142858,11.181818181818182,9.350649350649352,1.445444137288332,0.0,0.0,9.350649350649352,1.445444137288332
am_peak,11336,0.20610962698370655,023,1,1,2,15.0,5.999999999999999,6.75,2.9999999999999996,7.500000000000001,1.5458222023777992,0.0,0.0,7.500000000000001,1.5458222023777992
am_peak,11337,0.3606918472214865,023,1,1,2,15.0,5.999999999999999,6.75,2.9999999999999996,7.500000000000001,2.705188854161149,0.0,0.0,7.500000000000001,2.705188854161149
am_peak,11338,1.0305481349185328,023,1,1,2,15.0,5.999999999999999,6.75,2.9999999999999996,7.500000000000001,7.729111011888997,0.0,0.0,7.500000000000001,7.729111011888997
am_peak,11344,0.20610962698370655,007,1,1,2,30.0,20.0,10.5,8.0,5.0,1.0305481349185328,0.0,0.0,5.0,1.0305481349185328
am_peak,11345,1.1851303551563128,007,1,1,2,30.0,20.0,10.5,8.0,5.0,5.925651775781564,0.0,0.0,5.0,5.925651775781564
am_peak,11349,0.15458222023777993,007,1,2,3,30.0,18.0,10.5,7.5,6.0,0.9274933214266796,0.0,0.0,6.0,0.9274933214266796
am_peak,11356,0.30916444047555985,023,1,1,2,15.0,10.0,6.75,5.0,3.5,1.0820755416644594,0.0,0.0,3.5,1.0820755416644594
am_peak,11366,0.9790207281726062,023,1,2,3,15.0,8.571428571428571,6.75,4.285714285714286,4.928571428571429,4.825173588850702,0.0,0.0,4.928571428571429,4.825173588850702
am_peak,11374,0.2576370337296332,006,1,6,7,14.4,5.9504132231404965,6.6,2.9752066115702482,7.249586776859503,1.8677620329556546,0.0,0.0,7.249586776859503,1.8677620329556546
am_peak,11376,0.15458222023777993,102,1,1,2,30.0,10.0,10.5,5.0,11.0,1.7004044226155792,0.0,0.0,11.0,1.7004044226155792
am_peak,11380,0.15458222023777993,102,1,1,2,30.0,25.714285714285715,10.5,9.428571428571429,2.1428571428571423,0.3312476147952426,0.0,0.0,2.1428571428571423,0.3312476147952426
am_peak,11382,0.20610962698370655,007,1,2,3,30.0,18.0,10.5,7.5,6.0,1.2366577619022392,0.0,0.0,6.0,1.2366577619022392
am_peak,11383,0.30916444047555985,007,1,2,3,30.0,18.0,10.5,7.5,6.0,1.8549866428533592,0.0,0.0,6.0,1.8549866428533592
am_peak,11385,0.566801474205193,007,1,2,3,30.0,18.0,10.5,7.5,6.0,3.400808845231158,0.0,0.0,6.0,3.400808845231158
am_peak,11392,0.6183288809511197,007,1,1,2,30.0,20.0,10.5,8.0,5.0,3.0916444047555984,0.0,0.0,5.0,3.0916444047555984
am_peak,11395,0.20610962698370655,007,1,2,3,30.0,18.0,10.5,7.5,6.0,1.2366577619022392,0.0,0.0,6.0,1.2366577619022392
am_peak,11406,0.9790207281726062,023,1,2,3,15.0,8.571428571428571,6.75,4.285714285714286,4.928571428571429,4.825173588850702,0.0,0.0,4.928571428571429,4.825173588850702
am_peak,11419,0.15458222023777993,023,1,1,2,15.0,10.0,6.75,5.0,3.5,0.5410377708322297,0.0,0.0,3.5,0.5410377708322297
am_peak,11427,0.9790207281726062,023,1,2,3,15.0,8.571428571428571,6.75,4.285714285714286,4.928571428571429,4.825173588850702,0.0,0.0,4.928571428571429,4.825173588850702
am_peak,11434,0.20610962698370655,007,1,1,2,30.0,20.0,10.5,8.0,5.0,1.0305481349185328,0.0,0.0,5.0,1.0305481349185328
am_peak,11435,1.0820755416644594,007,1,1,2,30.0,20.0,10.5,8.0,5.0,5.410377708322297,0.0,0.0,5.0,5.410377708322297
am_peak,11452,0.15458222023777993,007,1,1,2,30.0,20.0,10.5,8.0,5.0,0.7729111011888996,0.0,0.0,5.0,0.7729111011888996
am_peak,11453,0.6183288809511197,023,1,2,3,15.0,8.571428571428571,6.75,4.285714285714286,4.928571428571429,3.047478056116233,0.0,0.0,4.928571428571429,3.047478056116233
am_peak,11460,0.20610962698370655,007,1,1,2,30.0,20.0,10.5,8.0,5.0,1.0305481349185328,0.0,0.0,5.0,1.0305481349185328
am_peak,11461,0.9790207281726062,007,1,1,2,30.0,20.0,10.5,8.0,5.0,4.895103640863031,0.0,0.0,5.0,4.895103640863031
am_peak,11473,0.15458222023777993,023,1,1,2,15.0,10.0,6.75,5.0,3.5,0.5410377708322297,0.0,0.0,3.5,0.5410377708322297
am_peak,11483,1.133602948410386,023,1,2,3,15.0,8.571428571428571,6.75,4.285714285714286,4.928571428571429,5.58704310287976,0.0,0.0,4.928571428571429,5.58704310287976
am_peak,11537,2.2156784900748456,023,1,2,3,15.0,8.571428571428571,6.75,4.285714285714286,4.928571428571429,10.920129701083168,0.0,0.0,4.928571428571429,10.920129701083168
am_peak,11570,1.6488770158696524,023,1,2,3,15.0,8.571428571428571,6.75,4.285714285714286,4.928571428571429,8.126608149643287,0.0,0.0,4.928571428571429,8.126608149643287
am_peak,11613,2.2156784900748456,023,1,2,3,15.0,8.571428571428571,6.75,4.285714285714286,4.928571428571429,10.920129701083168,0.0,0.0,4.928571428571429,10.920129701083168
am_peak,11621,0.2576370337296332,007,1,1,2,30.0,20.0,10.5,8.0,5.0,1.288185168648166,0.0,0.0,5.0,1.288185168648166
am_peak,11622,0.20610962698370655,007,1,1,2,30.0,20.0,10.5,8.0,5.0,1.0305481349185328,0.0,0.0,5.0,1.0305481349185328
am_peak,11623,0.721383694442973,007,1,1,2,30.0,20.0,10.5,8.0,5.0,3.606918472214865,0.0,0.0,5.0,3.606918472214865
am_peak,11624,4.225247353165985,007,1,1,2,30.0,20.0,10.5,8.0,5.0,21.126236765829923,0.0,0.0,5.0,21.126236765829923
am_peak,11642,0.15458222023777993,034,1,1,2,15.0,10.0,6.75,5.0,3.5,0.5410377708322297,0.0,0.0,3.5,0.5410377708322297
am_peak,11648,0.20610962698370655,034,1,1,2,15.0,10.0,6.75,5.0,3.5,0.7213836944429729,0.0,0.0,3.5,0.7213836944429729
am_peak,11654,0.20610962698370655,021,1,1,2,51.42857142857143,32.72727272727273,15.857142857142858,11.181818181818182,9.350649350649352,1.9272588497177758,0.0,0.0,9.350649350649352,1.9272588497177758
am_peak,11664,0.20610962698370655,007,1,1,2,30.0,20.0,10.5,8.0,5.0,1.0305481349185328,0.0,0.0,5.0,1.0305481349185328
am_peak,11666,3.0916444047555984,023,1,2,3,15.0,8.571428571428571,6.75,4.285714285714286,4.928571428571429,15.237390280581165,0.0,0.0,4.928571428571429,15.237390280581165
am_peak,11702,1.8034592361074324,023,1,2,3,15.0,8.571428571428571,6.75,4.285714285714286,4.928571428571429,8.888477663672345,0.0,0.0,4.928571428571429,8.888477663672345
am_peak,11706,1.5973496091237258,034,1,1,2,15.0,10.0,6.75,5.0,3.5,5.590723631933041,0.0,0.0,3.5,5.590723631933041
am_peak,11708,0.2576370337296332,034,1,1,2,15.0,10.0,6.75,5.0,3.5,0.9017296180537162,0.0,0.0,3.5,0.9017296180537162
am_peak,11708,0.2576370337296332,007,1,1,2,30.0,20.0,10.5,8.0,5.0,1.288185168648166,0.0,0.0,5.0,1.288185168648166
am_peak,11709,1.5458222023777992,034,1,1,2,15.0,10.0,6.75,5.0,3.5,5.410377708322297,0.0,0.0,3.5,5.410377708322297
am_peak,11709,1.5458222023777992,007,1,1,2,30.0,20.0,10.5,8.0,5.0,7.729111011888996,0.0,0.0,5.0,7.729111011888996
am_peak,11712,0.721383694442973,034,1,1,2,15.0,10.0,6.75,5.0,3.5,2.5248429305504057,0.0,0.0,3.5,2.5248429305504057
am_peak,11713,0.15458222023777993,034,1,1,2,15.0,10.0,6.75,5.0,3.5,0.5410377708322297,0.0,0.0,3.5,0.5410377708322297
am_peak,11715,0.15458222023777993,034,1,1,2,15.0,10.0,6.75,5.0,3.5,0.5410377708322297,0.0,0.0,3.5,0.5410377708322297
am_peak,11715,0.15458222023777993,007,1,2,3,30.0,18.0,10.5,7.5,6.0,0.9274933214266796,0.0,0.0,6.0,0.9274933214266796
am_peak,11720,0.15458222023777993,034,1,1,2,15.0,10.0,6.75,5.0,3.5,0.5410377708322297,0.0,0.0,3.5,0.5410377708322297
am_peak,11721,0.30916444047555985,034,1,1,2,15.0,10.0,6.75,5.0,3.5,1.0820755416644594,0.0,0.0,3.5,1.0820755416644594
am_peak,11726,0.566801474205193,034,1,1,2,15.0,10.0,6.75,5.0,3.5,1.9838051597181754,0.0,0.0,3.5,1.9838051597181754
am_peak,11727,0.4122192539674131,034,1,1,2,15.0,10.0,6.75,5.0,3.5,1.4427673888859458,0.0,0.0,3.5,1.4427673888859458
am_peak,11729,0.15458222023777993,034,1,1,2,15.0,10.0,6.75,5.0,3.5,0.5410377708322297,0.0,0.0,3.5,0.5410377708322297
am_peak,11730,0.15458222023777993,034,1,1,2,15.0,10.0,6.75,5.0,3.5,0.5410377708322297,0.0,0.0,3.5,0.5410377708322297
am_peak,11732,0.15458222023777993,034,1,1,2,15.0,10.0,6.75,5.0,3.5,0.5410377708322297,0.0,0.0,3.5,0.5410377708322297
am_peak,11743,0.15458222023777993,007,1,1,2,30.0,20.0,10.5,8.0,5.0,0.7729111011888996,0.0,0.0,5.0,0.7729111011888996
am_peak,11744,0.30916444047555985,007,1,1,2,30.0,20.0,10.5,8.0,5.0,1.5458222023777992,0.0,0.0,5.0,1.5458222023777992
am_peak,11745,3.864555505944498,007,1,1,2,30.0,20.0,10.5,8.0,5.0,19.32277752972249,0.0,0.0,5.0,19.32277752972249
am_peak,11757,0.20610962698370655,001,1,1,2,30.0,22.5,10.5,8.625,3.75,0.7729111011888996,0.0,0.0,3.75,0.7729111011888996
am_peak,11771,0.15458222023777993,034,1,1,2,15.0,10.0,6.75,5.0,3.5,0.5410377708322297,0.0,0.0,3.5,0.5410377708322297
am_peak,11773,0.15458222023777993,023,1,1,2,15.0,10.0,6.75,5.0,3.5,0.5410377708322297,0.0,0.0,3.5,0.5410377708322297
am_peak,11794,0.15458222023777993,007,1,1,2,30.0,20.0,10.5,8.0,5.0,0.7729111011888996,0.0,0.0,5.0,0.7729111011888996
am_peak,11796,3.1431718115015252,023,1,2,3,15.0,8.571428571428571,6.75,4.285714285714286,4.928571428571429,15.491346785257518,0.0,0.0,4.928571428571429,15.491346785257518
am_peak,11806,0.46374666071333975,007,1,1,2,30.0,20.0,10.5,8.0,5.0,2.318733303566699,0.0,0.0,5.0,2.318733303566699
am_peak,11807,2.8340073710259652,007,1,1,2,30.0,20.0,10.5,8.0,5.0,14.170036855129826,0.0,0.0,5.0,14.170036855129826
am_peak,11825,0.2576370337296332,023,1,1,2,15.0,10.0,6.75,5.0,3.5,0.9017296180537162,0.0,0.0,3.5,0.9017296180537162
am_peak,11842,3.1431718115015252,023,1,2,3,15.0,8.571428571428571,6.75,4.285714285714286,4.928571428571429,15.491346785257518,0.0,0.0,4.928571428571429,15.491346785257518
am_peak,11961,0.20610962698370655,102,1,1,2,30.0,10.0,10.5,5.0,11.0,2.267205896820772,0.0,0.0,11.0,2.267205896820772
am_peak,12050,0.15458222023777993,035,1,1,2,60.0,45.0,18.0,14.25,7.5,1.1593666517833494,0.0,0.0,7.5,1.1593666517833494
am_peak,12064,0.15458222023777993,021,1,1,2,51.42857142857143,32.72727272727273,15.857142857142858,11.181818181818182,9.350649350649352,1.445444137288332,0.0,0.0,9.350649350649352,1.445444137288332
am_peak,12103,0.15458222023777993,034,1,1,2,15.0,12.0,6.75,6.0,1.5,0.2318733303566699,0.0,0.0,1.5,0.2318733303566699
am_peak,12104,0.15458222023777993,034,1,1,2,15.0,12.0,6.75,6.0,1.5,0.2318733303566699,0.0,0.0,1.5,0.2318733303566699
am_peak,12106,2.7824799642800384,034,1,1,2,15.0,12.0,6.75,6.0,1.5,4.173719946420057,0.0,0.0,1.5,4.173719946420057
am_peak,12111,0.20610962698370655,021,1,1,2,51.42857142857143,32.72727272727273,15.857142857142858,11.181818181818182,9.350649350649352,1.9272588497177758,0.0,0.0,9.350649350649352,1.9272588497177758
am_peak,12112,0.20610962698370655,021,1,1,2,51.42857142857143,32.72727272727273,15.857142857142858,11.181818181818182,9.350649350649352,1.9272588497177758,0.0,0.0,9.350649350649352,1.9272588497177758
am_peak,12123,0.46374666071333975,034,1,1,2,15.0,12.0,6.75,6.0,1.5,0.6956199910700096,0.0,0.0,1.5,0.6956199910700096
am_peak,12125,0.15458222023777993,034,1,1,2,15.0,12.0,6.75,6.0,1.5,0.2318733303566699,0.0,0.0,1.5,0.2318733303566699
am_peak,12129,0.15458222023777993,034,1,1,2,15.0,12.0,6.75,6.0,1.5,0.2318733303566699,0.0,0.0,1.5,0.2318733303566699
am_peak,12130,0.8759659146807529,034,1,1,2,15.0,12.0,6.75,6.0,1.5,1.3139488720211294,0.0,0.0,1.5,1.3139488720211294
am_peak,12138,0.15458222023777993,001,1,1,2,30.0,22.5,10.5,8.625,3.75,0.5796833258916747,0.0,0.0,3.75,0.5796833258916747
am_peak,12142,0.20610962698370655,021,1,1,2,51.42857142857143,32.72727272727273,15.857142857142858,11.181818181818182,9.350649350649352,1.9272588497177758,0.0,0.0,9.350649350649352,1.9272588497177758
am_peak,12158,0.15458222023777993,001,2,2,4,15.0,6.0,6.75,3.0,7.5,1.1593666517833494,0.0,0.0,7.5,1.1593666517833494
am_peak,12162,0.15458222023777993,006,1,1,2,14.4,9.23076923076923,6.6,4.615384615384615,3.9692307692307693,0.6135725049438034,0.0,0.0,3.9692307692307693,0.6135725049438034
am_peak,12223,0.15458222023777993,001,1,1,2,30.0,22.5,10.5,8.625,3.75,0.5796833258916747,0.0,0.0,3.75,0.5796833258916747
am_peak,12224,0.15458222023777993,001,1,1,2,30.0,22.5,10.5,8.625,3.75,0.5796833258916747,0.0,0.0,3.75,0.5796833258916747
am_peak,12237,0.15458222023777993,023,1,1,2,15.0,10.0,6.75,5.0,3.5,0.5410377708322297,0.0,0.0,3.5,0.5410377708322297
am_peak,12258,0.15458222023777993,001,2,2,4,15.0,6.0,6.75,3.0,7.5,1.1593666517833494,0.0,0.0,7.5,1.1593666517833494
am_peak,12291,0.15458222023777993,001,2,2,4,15.0,6.0,6.75,3.0,7.5,1.1593666517833494,0.0,0.0,7.5,1.1593666517833494
am_peak,12292,0.15458222023777993,001,2,2,4,15.0,6.0,6.75,3.0,7.5,1.1593666517833494,0.0,0.0,7.5,1.1593666517833494
am_peak,12343,0.20610962698370655,002,2,1,3,15.0,7.5,6.75,3.75,6.0,1.2366577619022392,0.0,0.0,6.0,1.2366577619022392
am_peak,12345,0.15458222023777993,002,2,1,3,15.0,7.5,6.75,3.75,6.0,0.9274933214266796,0.0,0.0,6.0,0.9274933214266796
am_peak,12346,0.6183288809511197,001,2,1,3,15.0,7.5,6.75,3.75,6.0,3.7099732857067185,0.0,0.0,6.0,3.7099732857067185
am_peak,12357,0.15458222023777993,001,1,1,2,30.0,22.5,10.5,8.625,3.75,0.5796833258916747,0.0,0.0,3.75,0.5796833258916747
am_peak,12362,0.15458222023777993,031,1,1,2,30.0,20.0,10.5,8.0,5.0,0.7729111011888996,0.0,0.0,5.0,0.7729111011888996
am_peak,12367,0.30916444047555985,031,1,1,2,30.0,20.0,10.5,8.0,5.0,1.5458222023777992,0.0,0.0,5.0,1.5458222023777992
am_peak,12369,0.15458222023777993,031,1,1,2,30.0,20.0,10.5,8.0,5.0,0.7729111011888996,0.0,0.0,5.0,0.7729111011888996
am_peak,12371,0.20610962698370655,023,1,1,2,15.0,10.0,6.75,5.0,3.5,0.7213836944429729,0.0,0.0,3.5,0.7213836944429729
am_peak,12372,0.15458222023777993,031,1,1,2,30.0,20.0,10.5,8.0,5.0,0.7729111011888996,0.0,0.0,5.0,0.7729111011888996
am_peak,12373,1.0820755416644594,031,1,1,2,30.0,20.0,10.5,8.0,5.0,5.410377708322297,0.0,0.0,5.0,5.410377708322297
am_peak,12389,0.15458222023777993,031,1,1,2,30.0,20.0,10.5,8.0,5.0,0.7729111011888996,0.0,0.0,5.0,0.7729111011888996
am_peak,12393,1.0305481349185328,031,1,1,2,30.0,20.0,10.5,8.0,5.0,5.152740674592664,0.0,0.0,5.0,5.152740674592664
am_peak,12422,0.15458222023777993,023,1,1,2,15.0,5.999999999999999,6.75,2.9999999999999996,7.500000000000001,1.1593666517833496,0.0,0.0,7.500000000000001,1.1593666517833496
am_peak,12423,0.20610962698370655,023,1,1,2,15.0,5.999999999999999,6.75,2.9999999999999996,7.500000000000001,1.5458222023777992,0.0,0.0,7.500000000000001,1.5458222023777992
am_peak,12424,0.7729111011888996,023,1,1,2,15.0,5.999999999999999,6.75,2.9999999999999996,7.500000000000001,5.796833258916748,0.0,0.0,7.500000000000001,5.796833258916748
am_peak,12427,0.15458222023777993,008,2,1,3,15.0,10.434782608695652,6.75,5.217391304347826,3.0652173913043477,0.4738281098592819,0.0,0.0,3.0652173913043477,0.4738281098592819
am_peak,12434,0.2576370337296332,023,1,1,2,15.0,5.999999999999999,6.75,2.9999999999999996,7.500000000000001,1.9322777529722492,0.0,0.0,7.500000000000001,1.9322777529722492
am_peak,12435,0.15458222023777993,023,1,1,2,15.0,5.999999999999999,6.75,2.9999999999999996,7.500000000000001,1.1593666517833496,0.0,0.0,7.500000000000001,1.1593666517833496
am_peak,12436,0.15458222023777993,023,1,1,2,15.0,5.999999999999999,6.75,2.9999999999999996,7.500000000000001,1.1593666517833496,0.0,0.0,7.500000000000001,1.1593666517833496
am_peak,12437,0.20610962698370655,023,1,1,2,15.0,5.999999999999999,6.75,2.9999999999999996,7.500000000000001,1.5458222023777992,0.0,0.0,7.500000000000001,1.5458222023777992
am_peak,12438,0.15458222023777993,023,1,1,2,15.0,5.999999999999999,6.75,2.9999999999999996,7.500000000000001,1.1593666517833496,0.0,0.0,7.500000000000001,1.1593666517833496
am_peak,12439,0.15458222023777993,023,1,1,2,15.0,5.999999999999999,6.75,2.9999999999999996,7.500000000000001,1.1593666517833496,0.0,0.0,7.500000000000001,1.1593666517833496
am_peak,12440,0.15458222023777993,023,1,1,2,15.0,5.999999999999999,6.75,2.9999999999999996,7.500000000000001,1.1593666517833496,0.0,0.0,7.500000000000001,1.1593666517833496
am_peak,12442,0.15458222023777993,023,1,1,2,15.0,5.999999999999999,6.75,2.9999999999999996,7.500000000000001,1.1593666517833496,0.0,0.0,7.500000000000001,1.1593666517833496
am_peak,12443,0.2576370337296332,023,1,1,2,15.0,5.999999999999999,6.75,2.9999999999999996,7.500000000000001,1.9322777529722492,0.0,0.0,7.500000000000001,1.9322777529722492
am_peak,12444,0.15458222023777993,023,1,1,2,15.0,5.999999999999999,6.75,2.9999999999999996,7.500000000000001,1.1593666517833496,0.0,0.0,7.500000000000001,1.1593666517833496
am_peak,12446,0.15458222023777993,023,1,1,2,15.0,5.999999999999999,6.75,2.9999999999999996,7.500000000000001,1.1593666517833496,0.0,0.0,7.500000000000001,1.1593666517833496
am_peak,12447,0.6698562876970463,023,1,1,2,15.0,5.999999999999999,6.75,2.9999999999999996,7.500000000000001,5.0239221577278474,0.0,0.0,7.500000000000001,5.0239221577278474
am_peak,12448,0.4122192539674131,023,1,1,2,15.0,5.999999999999999,6.75,2.9999999999999996,7.500000000000001,3.0916444047555984,0.0,0.0,7.500000000000001,3.0916444047555984
am_peak,12450,0.15458222023777993,023,1,1,2,15.0,5.999999999999999,6.75,2.9999999999999996,7.500000000000001,1.1593666517833496,0.0,0.0,7.500000000000001,1.1593666517833496
am_peak,12455,0.3606918472214865,023,1,1,2,15.0,5.999999999999999,6.75,2.9999999999999996,7.500000000000001,2.705188854161149,0.0,0.0,7.500000000000001,2.705188854161149
am_peak,12456,1.442767388885946,023,1,1,2,15.0,5.999999999999999,6.75,2.9999999999999996,7.500000000000001,10.820755416644596,0.0,0.0,7.500000000000001,10.820755416644596
am_peak,12461,0.15458222023777993,001,2,2,4,15.0,5.999999999999999,6.75,2.9999999999999996,7.500000000000001,1.1593666517833496,0.0,0.0,7.500000000000001,1.1593666517833496
am_peak,12475,0.15458222023777993,034,1,1,2,15.0,10.0,6.75,5.0,3.5,0.5410377708322297,0.0,0.0,3.5,0.5410377708322297
am_peak,12490,0.7729111011888996,023,1,1,2,15.0,5.999999999999999,6.75,2.9999999999999996,7.500000000000001,5.796833258916748,0.0,0.0,7.500000000000001,5.796833258916748
am_peak,12503,0.2576370337296332,023,1,1,2,15.0,5.999999999999999,6.75,2.9999999999999996,7.500000000000001,1.9322777529722492,0.0,0.0,7.500000000000001,1.9322777529722492
am_peak,12505,0.20610962698370655,023,1,1,2,15.0,5.999999999999999,6.75,2.9999999999999996,7.500000000000001,1.5458222023777992,0.0,0.0,7.500000000000001,1.5458222023777992
am_peak,12507,0.15458222023777993,023,1,1,2,15.0,5.999999999999999,6.75,2.9999999999999996,7.500000000000001,1.1593666517833496,0.0,0.0,7.500000000000001,1.1593666517833496
am_peak,12508,0.46374666071333975,023,1,1,2,15.0,5.999999999999999,6.75,2.9999999999999996,7.500000000000001,3.4780999553500487,0.0,0.0,7.500000000000001,3.4780999553500487
am_peak,12516,1.2366577619022394,023,1,1,2,15.0,5.999999999999999,6.75,2.9999999999999996,7.500000000000001,9.274933214266797,0.0,0.0,7.500000000000001,9.274933214266797
am_peak,12532,0.15458222023777993,035,1,1,2,60.0,45.0,18.0,14.25,7.5,1.1593666517833494,0.0,0.0,7.5,1.1593666517833494
am_peak,12572,0.20610962698370655,021,1,1,2,51.42857142857143,32.72727272727273,15.857142857142858,11.181818181818182,9.350649350649352,1.9272588497177758,0.0,0.0,9.350649350649352,1.9272588497177758
am_peak,12645,0.20610962698370655,035,1,1,2,60.0,45.0,18.0,14.25,7.5,1.5458222023777992,0.0,0.0,7.5,1.5458222023777992
am_peak,12653,0.15458222023777993,021,1,1,2,51.42857142857143,32.72727272727273,15.857142857142858,11.181818181818182,9.350649350649352,1.445444137288332,0.0,0.0,9.350649350649352,1.445444137288332
am_peak,12695,0.15458222023777993,021,1,1,2,51.42857142857143,32.72727272727273,15.857142857142858,11.181818181818182,9.350649350649352,1.445444137288332,0.0,0.0,9.350649350649352,1.445444137288332
am_peak,12805,0.2576370337296332,021,1,1,2,51.42857142857143,32.72727272727273,15.857142857142858,11.181818181818182,9.350649350649352,2.4090735621472197,0.0,0.0,9.350649350649352,2.4090735621472197
am_peak,12856,0.15458222023777993,021,1,1,2,51.42857142857143,32.72727272727273,15.857142857142858,11.181818181818182,9.350649350649352,1.445444137288332,0.0,0.0,9.350649350649352,1.445444137288332
am_peak,12868,0.46374666071333975,034,1,1,2,15.0,12.0,6.75,6.0,1.5,0.6956199910700096,0.0,0.0,1.5,0.6956199910700096
am_peak,12869,0.15458222023777993,034,1,1,2,15.0,12.0,6.75,6.0,1.5,0.2318733303566699,0.0,0.0,1.5,0.2318733303566699
am_peak,12870,0.15458222023777993,034,1,1,2,15.0,12.0,6.75,6.0,1.5,0.2318733303566699,0.0,0.0,1.5,0.2318733303566699
am_peak,12871,0.15458222023777993,034,1,1,2,15.0,12.0,6.75,6.0,1.5,0.2318733303566699,0.0,0.0,1.5,0.2318733303566699
am_peak,12872,1.6488770158696524,034,1,1,2,15.0,12.0,6.75,6.0,1.5,2.4733155238044784,0.0,0.0,1.5,2.4733155238044784
am_peak,12873,0.20610962698370655,034,1,1,2,15.0,12.0,6.75,6.0,1.5,0.3091644404755598,0.0,0.0,1.5,0.3091644404755598
am_peak,12876,1.7004044226155792,034,1,1,2,15.0,12.0,6.75,6.0,1.5,2.550606633923369,0.0,0.0,1.5,2.550606633923369
am_peak,12878,0.8244385079348262,034,1,1,2,15.0,12.0,6.75,6.0,1.5,1.2366577619022392,0.0,0.0,1.5,1.2366577619022392
am_peak,12879,0.20610962698370655,034,1,1,2,15.0,12.0,6.75,6.0,1.5,0.3091644404755598,0.0,0.0,1.5,0.3091644404755598
am_peak,12880,0.2576370337296332,034,1,1,2,15.0,12.0,6.75,6.0,1.5,0.3864555505944498,0.0,0.0,1.5,0.3864555505944498
am_peak,12881,0.2576370337296332,034,1,1,2,15.0,12.0,6.75,6.0,1.5,0.3864555505944498,0.0,0.0,1.5,0.3864555505944498
am_peak,12882,0.20610962698370655,034,1,1,2,15.0,12.0,6.75,6.0,1.5,0.3091644404755598,0.0,0.0,1.5,0.3091644404755598
am_peak,12883,0.20610962698370655,034,1,1,2,15.0,12.0,6.75,6.0,1.5,0.3091644404755598,0.0,0.0,1.5,0.3091644404755598
am_peak,12884,0.15458222023777993,034,1,1,2,15.0,12.0,6.75,6.0,1.5,0.2318733303566699,0.0,0.0,1.5,0.2318733303566699
am_peak,12885,0.5152740674592664,034,1,1,2,15.0,12.0,6.75,6.0,1.5,0.7729111011888996,0.0,0.0,1.5,0.7729111011888996
am_peak,12891,0.15458222023777993,034,1,1,2,15.0,12.0,6.75,6.0,1.5,0.2318733303566699,0.0,0.0,1.5,0.2318733303566699
am_peak,12893,0.15458222023777993,034,1,1,2,15.0,12.0,6.75,6.0,1.5,0.2318733303566699,0.0,0.0,1.5,0.2318733303566699
am_peak,12897,0.20610962698370655,034,1,1,2,15.0,12.0,6.75,6.0,1.5,0.3091644404755598,0.0,0.0,1.5,0.3091644404755598
am_peak,12898,0.3606918472214865,034,1,1,2,15.0,12.0,6.75,6.0,1.5,0.5410377708322298,0.0,0.0,1.5,0.5410377708322298
am_peak,12909,0.20610962698370655,102,1,1,2,30.0,10.0,10.5,5.0,11.0,2.267205896820772,0.0,0.0,11.0,2.267205896820772
am_peak,12939,0.15458222023777993,021,1,1,2,51.42857142857143,32.72727272727273,15.857142857142858,11.181818181818182,9.350649350649352,1.445444137288332,0.0,0.0,9.350649350649352,1.445444137288332
am_peak,12940,0.15458222023777993,021,1,1,2,51.42857142857143,32.72727272727273,15.857142857142858,11.181818181818182,9.350649350649352,1.445444137288332,0.0,0.0,9.350649350649352,1.445444137288332
am_peak,12954,0.30916444047555985,007,2,2,4,15.0,10.0,6.75,5.0,3.5,1.0820755416644594,0.0,0.0,3.5,1.0820755416644594
am_peak,12979,0.20610962698370655,102,1,1,2,30.0,10.0,10.5,5.0,11.0,2.267205896820772,0.0,0.0,11.0,2.267205896820772
am_peak,12980,1.0305481349185328,102,1,1,2,30.0,10.0,10.5,5.0,11.0,11.336029484103861,0.0,0.0,11.0,11.336029484103861
am_peak,12981,0.20610962698370655,001,1,1,2,30.0,22.5,10.5,8.625,3.75,0.7729111011888996,0.0,0.0,3.75,0.7729111011888996
am_peak,12988,0.2576370337296332,001,1,1,2,30.0,22.5,10.5,8.625,3.75,0.9661388764861245,0.0,0.0,3.75,0.9661388764861245
am_peak,13002,0.4122192539674131,007,2,2,4,15.0,10.0,6.75,5.0,3.5,1.4427673888859458,0.0,0.0,3.5,1.4427673888859458
am_peak,13008,0.30916444047555985,001,1,1,2,30.0,22.5,10.5,8.625,3.75,1.1593666517833494,0.0,0.0,3.75,1.1593666517833494
am_peak,13011,0.15458222023777993,001,1,1,2,30.0,22.5,10.5,8.625,3.75,0.5796833258916747,0.0,0.0,3.75,0.5796833258916747
am_peak,13013,0.20610962698370655,001,1,1,2,30.0,22.5,10.5,8.625,3.75,0.7729111011888996,0.0,0.0,3.75,0.7729111011888996
am_peak,13017,0.15458222023777993,102,1,1,2,30.0,10.0,10.5,5.0,11.0,1.7004044226155792,0.0,0.0,11.0,1.7004044226155792
am_peak,13024,0.4122192539674131,001,1,1,2,30.0,22.5,10.5,8.625,3.75,1.5458222023777992,0.0,0.0,3.75,1.5458222023777992
am_peak,13025,0.15458222023777993,001,1,1,2,30.0,22.5,10.5,8.625,3.75,0.5796833258916747,0.0,0.0,3.75,0.5796833258916747
am_peak,13037,0.20610962698370655,007,2,2,4,15.0,10.0,6.75,5.0,3.5,0.7213836944429729,0.0,0.0,3.5,0.7213836944429729
am_peak,13050,0.30916444047555985,034,1,1,2,15.0,12.0,6.75,6.0,1.5,0.4637466607133398,0.0,0.0,1.5,0.4637466607133398
am_peak,13055,0.3606918472214865,102,1,1,2,30.0,10.0,10.5,5.0,11.0,3.9676103194363517,0.0,0.0,11.0,3.9676103194363517
am_peak,13057,0.9790207281726062,102,1,1,2,30.0,10.0,10.5,5.0,11.0,10.769228009898669,0.0,0.0,11.0,10.769228009898669
am_peak,13059,0.46374666071333975,102,1,1,2,30.0,10.0,10.5,5.0,11.0,5.101213267846737,0.0,0.0,11.0,5.101213267846737
am_peak,13060,0.15458222023777993,102,1,1,2,30.0,10.0,10.5,5.0,11.0,1.7004044226155792,0.0,0.0,11.0,1.7004044226155792
am_peak,13064,0.15458222023777993,001,1,1,2,30.0,22.5,10.5,8.625,3.75,0.5796833258916747,0.0,0.0,3.75,0.5796833258916747
am_peak,13071,0.15458222023777993,001,1,1,2,30.0,22.5,10.5,8.625,3.75,0.5796833258916747,0.0,0.0,3.75,0.5796833258916747
am_peak,13072,0.2576370337296332,102,1,1,2,30.0,10.0,10.5,5.0,11.0,2.8340073710259652,0.0,0.0,11.0,2.8340073710259652
am_peak,13073,0.2576370337296332,034,1,1,2,15.0,12.0,6.75,6.0,1.5,0.3864555505944498,0.0,0.0,1.5,0.3864555505944498
am_peak,13082,0.20610962698370655,102,1,1,2,30.0,10.0,10.5,5.0,11.0,2.267205896820772,0.0,0.0,11.0,2.267205896820772
am_peak,13082,0.20610962698370655,007,2,2,4,15.0,10.0,6.75,5.0,3.5,0.7213836944429729,0.0,0.0,3.5,0.7213836944429729
am_peak,13083,1.3397125753940926,102,1,1,2,30.0,10.0,10.5,5.0,11.0,14.736838329335018,0.0,0.0,11.0,14.736838329335018
am_peak,13085,0.7729111011888996,102,1,1,2,30.0,10.0,10.5,5.0,11.0,8.502022113077896,0.0,0.0,11.0,8.502022113077896
am_peak,13092,0.20610962698370655,102,1,1,2,30.0,10.0,10.5,5.0,11.0,2.267205896820772,0.0,0.0,11.0,2.267205896820772
am_peak,13099,0.15458222023777993,102,1,1,2,30.0,10.0,10.5,5.0,11.0,1.7004044226155792,0.0,0.0,11.0,1.7004044226155792
am_peak,13101,0.15458222023777993,034,1,1,2,15.0,12.0,6.75,6.0,1.5,0.2318733303566699,0.0,0.0,1.5,0.2318733303566699
am_peak,13110,0.3606918472214865,007,2,2,4,15.0,10.0,6.75,5.0,3.5,1.2624214652752028,0.0,0.0,3.5,1.2624214652752028
am_peak,13131,0.15458222023777993,012,1,1,2,25.714285714285715,9.473684210526315,9.428571428571429,4.7368421052631575,9.383458646616543,1.4505158711033788,0.0,0.0,9.383458646616543,1.4505158711033788
am_peak,13132,0.15458222023777993,007,2,2,4,15.0,10.0,6.75,5.0,3.5,0.5410377708322297,0.0,0.0,3.5,0.5410377708322297
am_peak,13137,0.2576370337296332,006,1,1,2,14.4,9.23076923076923,6.6,4.615384615384615,3.9692307692307693,1.0226208415730056,0.0,0.0,3.9692307692307693,1.0226208415730056
am_peak,13145,0.15458222023777993,101,1,1,2,30.0,25.714285714285715,10.5,9.428571428571429,2.1428571428571423,0.3312476147952426,0.0,0.0,2.1428571428571423,0.3312476147952426
am_peak,13146,0.15458222023777993,102,1,1,2,30.0,25.714285714285715,10.5,9.428571428571429,2.1428571428571423,0.3312476147952426,0.0,0.0,2.1428571428571423,0.3312476147952426
am_peak,13148,0.15458222023777993,007,1,1,2,30.0,20.0,10.5,8.0,5.0,0.7729111011888996,0.0,0.0,5.0,0.7729111011888996
am_peak,13149,0.2576370337296332,007,1,1,2,30.0,20.0,10.5,8.0,5.0,1.288185168648166,0.0,0.0,5.0,1.288185168648166
am_peak,13156,0.20610962698370655,003,1,1,2,34.285714285714285,28.799999999999997,11.571428571428571,10.2,2.7428571428571438,0.565329262583881,0.0,0.0,2.7428571428571438,0.565329262583881
am_peak,13156,0.20610962698370655,031,1,1,2,30.0,25.714285714285715,10.5,9.428571428571429,2.1428571428571423,0.44166348639365677,0.0,0.0,2.1428571428571423,0.44166348639365677
am_peak,13255,0.15458222023777993,007,2,2,4,15.0,10.0,6.75,5.0,3.5,0.5410377708322297,0.0,0.0,3.5,0.5410377708322297
am_peak,13346,0.20610962698370655,001,1,1,2,30.0,22.5,10.5,8.625,3.75,0.7729111011888996,0.0,0.0,3.75,0.7729111011888996
am_peak,13376,0.20610962698370655,021,1,1,2,51.42857142857143,27.692307692307693,15.857142857142858,9.923076923076923,11.868131868131869,2.4461362323340996,0.0,0.0,11.868131868131869,2.4461362323340996
am_peak,13382,0.20610962698370655,007,2,2,4,15.0,10.0,6.75,5.0,3.5,0.7213836944429729,0.0,0.0,3.5,0.7213836944429729
am_peak,13389,0.15458222023777993,006,1,1,2,14.4,9.23076923076923,6.6,4.615384615384615,3.9692307692307693,0.6135725049438034,0.0,0.0,3.9692307692307693,0.6135725049438034
am_peak,13400,0.46374666071333975,021,1,1,2,51.42857142857143,27.692307692307693,15.857142857142858,9.923076923076923,11.868131868131869,5.5038065227517246,0.0,0.0,11.868131868131869,5.5038065227517246
am_peak,13401,0.3606918472214865,021,1,1,2,51.42857142857143,32.72727272727273,15.857142857142858,11.181818181818182,9.350649350649352,3.3727029870061083,0.0,0.0,9.350649350649352,3.3727029870061083
am_peak,13418,0.9790207281726062,102,1,1,2,30.0,10.0,10.5,5.0,11.0,10.769228009898669,0.0,0.0,11.0,10.769228009898669
am_peak,13423,0.6183288809511197,001,1,1,2,30.0,22.5,10.5,8.625,3.75,2.318733303566699,0.0,0.0,3.75,2.318733303566699
am_peak,13424,0.15458222023777993,001,1,1,2,30.0,22.5,10.5,8.625,3.75,0.5796833258916747,0.0,0.0,3.75,0.5796833258916747
am_peak,13425,0.20610962698370655,001,1,1,2,30.0,22.5,10.5,8.625,3.75,0.7729111011888996,0.0,0.0,3.75,0.7729111011888996
am_peak,13426,0.15458222023777993,001,1,1,2,30.0,22.5,10.5,8.625,3.75,0.5796833258916747,0.0,0.0,3.75,0.5796833258916747
am_peak,13434,0.15458222023777993,021,1,1,2,51.42857142857143,32.72727272727273,15.857142857142858,11.181818181818182,9.350649350649352,1.445444137288332,0.0,0.0,9.350649350649352,1.445444137288332
am_peak,13449,0.15458222023777993,102,1,1,2,30.0,10.0,10.5,5.0,11.0,1.7004044226155792,0.0,0.0,11.0,1.7004044226155792
am_peak,13450,0.8244385079348262,102,1,1,2,30.0,10.0,10.5,5.0,11.0,9.068823587283088,0.0,0.0,11.0,9.068823587283088
am_peak,13451,0.46374666071333975,001,1,1,2,30.0,22.5,10.5,8.625,3.75,1.7390499776750241,0.0,0.0,3.75,1.7390499776750241
am_peak,13452,0.15458222023777993,001,1,1,2,30.0,22.5,10.5,8.625,3.75,0.5796833258916747,0.0,0.0,3.75,0.5796833258916747
am_peak,13463,0.2576370337296332,001,2,1,3,15.0,7.5,6.75,3.75,6.0,1.5458222023777992,0.0,0.0,6.0,1.5458222023777992
am_peak,13467,0.30916444047555985,001,2,2,4,15.0,6.0,6.75,3.0,7.5,2.318733303566699,0.0,0.0,7.5,2.318733303566699
am_peak,13471,0.5152740674592664,007,2,2,4,15.0,10.0,6.75,5.0,3.5,1.8034592361074324,0.0,0.0,3.5,1.8034592361074324
am_peak,13489,0.2576370337296332,101,1,1,2,30.0,25.714285714285715,10.5,9.428571428571429,2.1428571428571423,0.552079357992071,0.0,0.0,2.1428571428571423,0.552079357992071
am_peak,13491,0.3606918472214865,007,1,1,2,30.0,20.0,10.5,8.0,5.0,1.8034592361074324,0.0,0.0,5.0,1.8034592361074324
am_peak,13525,0.30916444047555985,007,2,2,4,15.0,10.0,6.75,5.0,3.5,1.0820755416644594,0.0,0.0,3.5,1.0820755416644594
am_peak,13548,1.3912399821400192,102,1,2,3,30.0,6.0,10.5,3.0,15.0,20.86859973210029,0.0,0.0,15.0,20.86859973210029
am_peak,13549,0.15458222023777993,001,2,1,3,15.0,7.5,6.75,3.75,6.0,0.9274933214266796,0.0,0.0,6.0,0.9274933214266796
am_peak,13553,0.2576370337296332,001,2,2,4,15.0,6.0,6.75,3.0,7.5,1.932277752972249,0.0,0.0,7.5,1.932277752972249
am_peak,13555,0.2576370337296332,007,2,2,4,15.0,10.0,6.75,5.0,3.5,0.9017296180537162,0.0,0.0,3.5,0.9017296180537162
am_peak,13567,0.3606918472214865,102,1,1,2,30.0,25.714285714285715,10.5,9.428571428571429,2.1428571428571423,0.7729111011888995,0.0,0.0,2.1428571428571423,0.7729111011888995
am_peak,13590,0.9274933214266795,102,1,2,3,30.0,6.0,10.5,3.0,15.0,13.912399821400193,0.0,0.0,15.0,13.912399821400193
am_peak,13594,0.2576370337296332,007,2,2,4,15.0,10.0,6.75,5.0,3.5,0.9017296180537162,0.0,0.0,3.5,0.9017296180537162
am_peak,13606,0.15458222023777993,101,1,1,2,30.0,25.714285714285715,10.5,9.428571428571429,2.1428571428571423,0.3312476147952426,0.0,0.0,2.1428571428571423,0.3312476147952426
am_peak,13607,0.20610962698370655,102,1,1,2,30.0,25.714285714285715,10.5,9.428571428571429,2.1428571428571423,0.44166348639365677,0.0,0.0,2.1428571428571423,0.44166348639365677
am_peak,13608,0.20610962698370655,007,1,1,2,30.0,20.0,10.5,8.0,5.0,1.0305481349185328,0.0,0.0,5.0,1.0305481349185328
am_peak,13610,0.15458222023777993,007,1,1,2,30.0,20.0,10.5,8.0,5.0,0.7729111011888996,0.0,0.0,5.0,0.7729111011888996
am_peak,13629,0.15458222023777993,021,1,1,2,51.42857142857143,32.72727272727273,15.857142857142858,11.181818181818182,9.350649350649352,1.445444137288332,0.0,0.0,9.350649350649352,1.445444137288332
am_peak,13633,2.2156784900748456,102,1,2,3,30.0,6.0,10.5,3.0,15.0,33.23517735112269,0.0,0.0,15.0,33.23517735112269
am_peak,13635,0.4122192539674131,001,2,1,3,15.0,7.5,6.75,3.75,6.0,2.4733155238044784,0.0,0.0,6.0,2.4733155238044784
am_peak,13639,0.2576370337296332,001,2,2,4,15.0,6.0,6.75,3.0,7.5,1.932277752972249,0.0,0.0,7.5,1.932277752972249
am_peak,13640,0.15458222023777993,001,2,2,4,15.0,6.0,6.75,3.0,7.5,1.1593666517833494,0.0,0.0,7.5,1.1593666517833494
am_peak,13643,0.15458222023777993,008,2,1,3,15.0,10.434782608695652,6.75,5.217391304347826,3.0652173913043477,0.4738281098592819,0.0,0.0,3.0652173913043477,0.4738281098592819
am_peak,13644,0.566801474205193,007,2,2,4,15.0,10.0,6.75,5.0,3.5,1.9838051597181754,0.0,0.0,3.5,1.9838051597181754
am_peak,13666,0.3606918472214865,101,1,1,2,30.0,25.714285714285715,10.5,9.428571428571429,2.1428571428571423,0.7729111011888995,0.0,0.0,2.1428571428571423,0.7729111011888995
am_peak,13668,0.15458222023777993,102,1,1,2,30.0,25.714285714285715,10.5,9.428571428571429,2.1428571428571423,0.3312476147952426,0.0,0.0,2.1428571428571423,0.3312476147952426
am_peak,13670,0.15458222023777993,101,1,1,2,30.0,25.714285714285715,10.5,9.428571428571429,2.1428571428571423,0.3312476147952426,0.0,0.0,2.1428571428571423,0.3312476147952426
am_peak,13671,0.15458222023777993,007,1,1,2,30.0,20.0,10.5,8.0,5.0,0.7729111011888996,0.0,0.0,5.0,0.7729111011888996
am_peak,13703,0.2576370337296332,021,1,1,2,51.42857142857143,32.72727272727273,15.857142857142858,11.181818181818182,9.350649350649352,2.4090735621472197,0.0,0.0,9.350649350649352,2.4090735621472197
am_peak,13704,0.20610962698370655,021,1,1,2,51.42857142857143,32.72727272727273,15.857142857142858,11.181818181818182,9.350649350649352,1.9272588497177758,0.0,0.0,9.350649350649352,1.9272588497177758
am_peak,13705,0.15458222023777993,102,1,1,2,30.0,10.0,10.5,5.0,11.0,1.7004044226155792,0.0,0.0,11.0,1.7004044226155792
am_peak,13783,0.20610962698370655,006,1,1,2,14.4,11.25,6.6,5.625,1.9499999999999993,0.40191377261822764,0.0,0.0,1.9499999999999993,0.40191377261822764
am_peak,13829,0.15458222023777993,102,1,1,2,30.0,25.714285714285715,10.5,9.428571428571429,2.1428571428571423,0.3312476147952426,0.0,0.0,2.1428571428571423,0.3312476147952426
am_peak,13861,0.9274933214266795,010,2,1,3,14.4,11.612903225806452,6.6,5.806451612903226,1.5870967741935473,1.472021658522342,0.0,0.0,1.5870967741935473,1.472021658522342
am_peak,13872,0.15458222023777993,001,2,3,5,15.0,5.0,6.75,2.5,8.5,1.3139488720211294,0.0,0.0,8.5,1.3139488720211294
am_peak,13885,0.15458222023777993,102,1,1,2,30.0,10.0,10.5,5.0,11.0,1.7004044226155792,0.0,0.0,11.0,1.7004044226155792
am_peak,13887,0.20610962698370655,101,1,1,2,30.0,25.714285714285715,10.5,9.428571428571429,2.1428571428571423,0.44166348639365677,0.0,0.0,2.1428571428571423,0.44166348639365677
am_peak,13889,0.30916444047555985,102,1,1,2,30.0,25.714285714285715,10.5,9.428571428571429,2.1428571428571423,0.6624952295904852,0.0,0.0,2.1428571428571423,0.6624952295904852
am_peak,13924,0.3606918472214865,006,1,1,2,14.4,9.23076923076923,6.6,4.615384615384615,3.9692307692307693,1.431669178202208,0.0,0.0,3.9692307692307693,1.431669178202208
am_peak,13928,0.46374666071333975,006,1,1,2,14.4,9.23076923076923,6.6,4.615384615384615,3.9692307692307693,1.84071751483141,0.0,0.0,3.9692307692307693,1.84071751483141
am_peak,13971,0.20610962698370655,008,1,1,2,30.0,15.0,10.5,6.75,7.5,1.5458222023777992,0.0,0.0,7.5,1.5458222023777992
am_peak,13978,0.15458222023777993,101,1,1,2,30.0,25.714285714285715,10.5,9.428571428571429,2.1428571428571423,0.3312476147952426,0.0,0.0,2.1428571428571423,0.3312476147952426
am_peak,13979,0.2576370337296332,102,1,1,2,30.0,25.714285714285715,10.5,9.428571428571429,2.1428571428571423,0.552079357992071,0.0,0.0,2.1428571428571423,0.552079357992071
am_peak,13980,0.15458222023777993,034,1,1,2,15.0,10.0,6.75,5.0,3.5,0.5410377708322297,0.0,0.0,3.5,0.5410377708322297
am_peak,13991,0.8244385079348262,010,2,1,3,14.4,11.612903225806452,6.6,5.806451612903226,1.5870967741935473,1.308463696464304,0.0,0.0,1.5870967741935473,1.308463696464304
am_peak,14016,0.2576370337296332,101,1,1,2,30.0,25.714285714285715,10.5,9.428571428571429,2.1428571428571423,0.552079357992071,0.0,0.0,2.1428571428571423,0.552079357992071
am_peak,14024,0.7729111011888996,010,2,1,3,14.4,11.612903225806452,6.6,5.806451612903226,1.5870967741935473,1.2266847154352851,0.0,0.0,1.5870967741935473,1.2266847154352851
am_peak,14057,1.3397125753940926,010,2,1,3,14.4,11.612903225806452,6.6,5.806451612903226,1.5870967741935473,2.126253506754494,0.0,0.0,1.5870967741935473,2.126253506754494
am_peak,14075,0.20610962698370655,001,2,1,3,15.0,7.5,6.75,3.75,6.0,1.2366577619022392,0.0,0.0,6.0,1.2366577619022392
am_peak,14077,0.15458222023777993,001,2,2,4,15.0,6.0,6.75,3.0,7.5,1.1593666517833494,0.0,0.0,7.5,1.1593666517833494
am_peak,14078,0.15458222023777993,012,1,1,2,25.714285714285715,9.473684210526315,9.428571428571429,4.7368421052631575,9.383458646616543,1.4505158711033788,0.0,0.0,9.383458646616543,1.4505158711033788
am_peak,14083,0.15458222023777993,006,1,1,2,14.4,9.23076923076923,6.6,4.615384615384615,3.9692307692307693,0.6135725049438034,0.0,0.0,3.9692307692307693,0.6135725049438034
am_peak,14094,0.20610962698370655,101,1,1,2,30.0,25.714285714285715,10.5,9.428571428571429,2.1428571428571423,0.44166348639365677,0.0,0.0,2.1428571428571423,0.44166348639365677
am_peak,14176,0.15458222023777993,001,1,1,2,30.0,22.5,10.5,8.625,3.75,0.5796833258916747,0.0,0.0,3.75,0.5796833258916747
am_peak,14203,0.15458222023777993,001,2,2,4,15.0,6.0,6.75,3.0,7.5,1.1593666517833494,0.0,0.0,7.5,1.1593666517833494
am_peak,14210,0.15458222023777993,006,1,1,2,14.4,9.23076923076923,6.6,4.615384615384615,3.9692307692307693,0.6135725049438034,0.0,0.0,3.9692307692307693,0.6135725049438034
am_peak,14256,0.15458222023777993,006,1,1,2,14.4,9.23076923076923,6.6,4.615384615384615,3.9692307692307693,0.6135725049438034,0.0,0.0,3.9692307692307693,0.6135725049438034
am_peak,14261,0.15458222023777993,102,1,1,2,30.0,25.714285714285715,10.5,9.428571428571429,2.1428571428571423,0.3312476147952426,0.0,0.0,2.1428571428571423,0.3312476147952426
am_peak,14314,0.15458222023777993,001,2,1,3,15.0,7.5,6.75,3.75,6.0,0.9274933214266796,0.0,0.0,6.0,0.9274933214266796
am_peak,14321,0.4122192539674131,007,2,2,4,15.0,10.0,6.75,5.0,3.5,1.4427673888859458,0.0,0.0,3.5,1.4427673888859458
am_peak,14324,0.3606918472214865,102,1,1,2,30.0,10.0,10.5,5.0,11.0,3.9676103194363517,0.0,0.0,11.0,3.9676103194363517
am_peak,14343,0.15458222023777993,034,1,1,2,15.0,12.0,6.75,6.0,1.5,0.2318733303566699,0.0,0.0,1.5,0.2318733303566699
am_peak,14397,0.15458222023777993,006,1,8,9,14.4,4.04494382022472,6.6,2.02247191011236,9.15505617977528,1.4152089106712704,0.0,0.0,9.15505617977528,1.4152089106712704
am_peak,14404,0.15458222023777993,102,1,1,2,30.0,25.714285714285715,10.5,9.428571428571429,2.1428571428571423,0.3312476147952426,0.0,0.0,2.1428571428571423,0.3312476147952426
am_peak,14413,0.15458222023777993,010,2,1,3,14.4,11.612903225806452,6.6,5.806451612903226,1.5870967741935473,0.245336943087057,0.0,0.0,1.5870967741935473,0.245336943087057
am_peak,14422,0.15458222023777993,007,1,2,3,30.0,18.0,10.5,7.5,6.0,0.9274933214266796,0.0,0.0,6.0,0.9274933214266796
am_peak,14425,0.5152740674592664,010,2,1,3,14.4,11.612903225806452,6.6,5.806451612903226,1.5870967741935473,0.81778981029019,0.0,0.0,1.5870967741935473,0.81778981029019
am_peak,14439,0.5152740674592664,035,1,1,2,60.0,45.0,18.0,14.25,7.5,3.864555505944498,0.0,0.0,7.5,3.864555505944498
am_peak,14444,0.15458222023777993,007,1,2,3,30.0,18.0,10.5,7.5,6.0,0.9274933214266796,0.0,0.0,6.0,0.9274933214266796
am_peak,14454,1.6488770158696524,010,2,1,3,14.4,11.612903225806452,6.6,5.806451612903226,1.5870967741935473,2.616927392928608,0.0,0.0,1.5870967741935473,2.616927392928608
am_peak,14470,0.20610962698370655,001,2,1,3,15.0,7.5,6.75,3.75,6.0,1.2366577619022392,0.0,0.0,6.0,1.2366577619022392
am_peak,14507,0.15458222023777993,001,2,1,3,15.0,7.5,6.75,3.75,6.0,0.9274933214266796,0.0,0.0,6.0,0.9274933214266796
am_peak,14514,0.2576370337296332,007,2,2,4,15.0,10.0,6.75,5.0,3.5,0.9017296180537162,0.0,0.0,3.5,0.9017296180537162
am_peak,14518,0.4122192539674131,102,1,1,2,30.0,10.0,10.5,5.0,11.0,4.534411793641544,0.0,0.0,11.0,4.534411793641544
am_peak,14563,0.15458222023777993,001,2,1,3,15.0,7.5,6.75,3.75,6.0,0.9274933214266796,0.0,0.0,6.0,0.9274933214266796
am_peak,14567,0.30916444047555985,007,2,2,4,15.0,10.0,6.75,5.0,3.5,1.0820755416644594,0.0,0.0,3.5,1.0820755416644594
am_peak,14572,0.20610962698370655,102,1,1,2,30.0,10.0,10.5,5.0,11.0,2.267205896820772,0.0,0.0,11.0,2.267205896820772
am_peak,14659,1.3397125753940926,010,2,1,3,14.4,11.612903225806452,6.6,5.806451612903226,1.5870967741935473,2.126253506754494,0.0,0.0,1.5870967741935473,2.126253506754494
am_peak,14693,1.5458222023777992,010,2,1,3,14.4,11.612903225806452,6.6,5.806451612903226,1.5870967741935473,2.4533694308705702,0.0,0.0,1.5870967741935473,2.4533694308705702
am_peak,14699,0.15458222023777993,003,1,1,2,34.285714285714285,28.799999999999997,11.571428571428571,10.2,2.7428571428571438,0.4239969469379108,0.0,0.0,2.7428571428571438,0.4239969469379108
am_peak,14699,0.15458222023777993,031,1,1,2,30.0,25.714285714285715,10.5,9.428571428571429,2.1428571428571423,0.3312476147952426,0.0,0.0,2.1428571428571423,0.3312476147952426
am_peak,14713,0.566801474205193,006,1,8,9,14.4,4.04494382022472,6.6,2.02247191011236,9.15505617977528,5.18909933912799,0.0,0.0,9.15505617977528,5.18909933912799
am_peak,14719,0.15458222023777993,102,1,1,2,30.0,25.714285714285715,10.5,9.428571428571429,2.1428571428571423,0.3312476147952426,0.0,0.0,2.1428571428571423,0.3312476147952426
am_peak,14735,0.15458222023777993,102,1,1,2,30.0,10.0,10.5,5.0,11.0,1.7004044226155792,0.0,0.0,11.0,1.7004044226155792
am_peak,14740,0.6183288809511197,010,2,1,3,14.4,11.612903225806452,6.6,5.806451612903226,1.5870967741935473,0.981347772348228,0.0,0.0,1.5870967741935473,0.981347772348228
am_peak,14750,0.4122192539674131,102,1,1,2,30.0,10.0,10.5,5.0,11.0,4.534411793641544,0.0,0.0,11.0,4.534411793641544
am_peak,14766,0.2576370337296332,102,1,1,2,30.0,10.0,10.5,5.0,11.0,2.8340073710259652,0.0,0.0,11.0,2.8340073710259652
am_peak,14783,0.15458222023777993,008,1,1,2,30.0,15.0,10.5,6.75,7.5,1.1593666517833494,0.0,0.0,7.5,1.1593666517833494
am_peak,14803,0.15458222023777993,102,1,1,2,30.0,10.0,10.5,5.0,11.0,1.7004044226155792,0.0,0.0,11.0,1.7004044226155792
am_peak,14813,0.15458222023777993,006,1,1,2,14.4,9.23076923076923,6.6,4.615384615384615,3.9692307692307693,0.6135725049438034,0.0,0.0,3.9692307692307693,0.6135725049438034
am_peak,14816,0.20610962698370655,101,1,1,2,30.0,25.714285714285715,10.5,9.428571428571429,2.1428571428571423,0.44166348639365677,0.0,0.0,2.1428571428571423,0.44166348639365677
am_peak,14837,0.46374666071333975,010,2,1,3,14.4,11.612903225806452,6.6,5.806451612903226,1.5870967741935473,0.736010829261171,0.0,0.0,1.5870967741935473,0.736010829261171
am_peak,14849,0.15458222023777993,006,1,1,2,14.4,9.23076923076923,6.6,4.615384615384615,3.9692307692307693,0.6135725049438034,0.0,0.0,3.9692307692307693,0.6135725049438034
am_peak,14860,0.15458222023777993,001,2,2,4,15.0,6.0,6.75,3.0,7.5,1.1593666517833494,0.0,0.0,7.5,1.1593666517833494
am_peak,14881,0.20610962698370655,008,1,1,2,30.0,15.0,10.5,6.75,7.5,1.5458222023777992,0.0,0.0,7.5,1.5458222023777992
am_peak,14882,0.2576370337296332,008,1,1,2,30.0,15.0,10.5,6.75,7.5,1.932277752972249,0.0,0.0,7.5,1.932277752972249
am_peak,14907,0.15458222023777993,102,1,1,2,30.0,10.0,10.5,5.0,11.0,1.7004044226155792,0.0,0.0,11.0,1.7004044226155792
am_peak,14948,0.15458222023777993,001,2,2,4,15.0,6.0,6.75,3.0,7.5,1.1593666517833494,0.0,0.0,7.5,1.1593666517833494
am_peak,14965,0.2576370337296332,102,1,1,2,30.0,25.714285714285715,10.5,9.428571428571429,2.1428571428571423,0.552079357992071,0.0,0.0,2.1428571428571423,0.552079357992071
am_peak,14969,0.15458222023777993,101,1,1,2,30.0,25.714285714285715,10.5,9.428571428571429,2.1428571428571423,0.3312476147952426,0.0,0.0,2.1428571428571423,0.3312476147952426
am_peak,14979,1.3397125753940926,010,2,1,3,14.4,11.612903225806452,6.6,5.806451612903226,1.5870967741935473,2.126253506754494,0.0,0.0,1.5870967741935473,2.126253506754494
am_peak,15002,0.15458222023777993,006,1,1,2,14.4,9.23076923076923,6.6,4.615384615384615,3.9692307692307693,0.6135725049438034,0.0,0.0,3.9692307692307693,0.6135725049438034
am_peak,15007,0.3606918472214865,006,1,1,2,14.4,9.23076923076923,6.6,4.615384615384615,3.9692307692307693,1.431669178202208,0.0,0.0,3.9692307692307693,1.431669178202208
am_peak,15012,0.2576370337296332,101,1,1,2,30.0,25.714285714285715,10.5,9.428571428571429,2.1428571428571423,0.552079357992071,0.0,0.0,2.1428571428571423,0.552079357992071
am_peak,15013,0.20610962698370655,102,1,1,2,30.0,25.714285714285715,10.5,9.428571428571429,2.1428571428571423,0.44166348639365677,0.0,0.0,2.1428571428571423,0.44166348639365677
am_peak,15048,0.2576370337296332,001,2,1,3,15.0,7.5,6.75,3.75,6.0,1.5458222023777992,0.0,0.0,6.0,1.5458222023777992
am_peak,15057,0.15458222023777993,008,1,1,2,30.0,15.0,10.5,6.75,7.5,1.1593666517833494,0.0,0.0,7.5,1.1593666517833494
am_peak,15106,0.15458222023777993,102,1,1,2,30.0,10.0,10.5,5.0,11.0,1.7004044226155792,0.0,0.0,11.0,1.7004044226155792
am_peak,15107,0.15458222023777993,102,1,1,2,30.0,10.0,10.5,5.0,11.0,1.7004044226155792,0.0,0.0,11.0,1.7004044226155792
am_peak,15111,0.15458222023777993,007,1,2,3,30.0,18.0,10.5,7.5,6.0,0.9274933214266796,0.0,0.0,6.0,0.9274933214266796
am_peak,15112,0.15458222023777993,007,1,2,3,30.0,18.0,10.5,7.5,6.0,0.9274933214266796,0.0,0.0,6.0,0.9274933214266796
am_peak,15176,0.2576370337296332,001,2,1,3,15.0,7.5,6.75,3.75,6.0,1.5458222023777992,0.0,0.0,6.0,1.5458222023777992
am_peak,15184,0.30916444047555985,007,2,2,4,15.0,10.0,6.75,5.0,3.5,1.0820755416644594,0.0,0.0,3.5,1.0820755416644594
am_peak,15187,0.20610962698370655,007,2,1,3,15.0,12.0,6.75,6.0,1.5,0.3091644404755598,0.0,0.0,1.5,0.3091644404755598
am_peak,15192,0.3606918472214865,006,1,1,2,14.4,9.23076923076923,6.6,4.615384615384615,3.9692307692307693,1.431669178202208,0.0,0.0,3.9692307692307693,1.431669178202208
am_peak,15198,0.15458222023777993,102,1,1,2,30.0,10.0,10.5,5.0,11.0,1.7004044226155792,0.0,0.0,11.0,1.7004044226155792
am_peak,15215,0.15458222023777993,001,2,1,3,15.0,7.5,6.75,3.75,6.0,0.9274933214266796,0.0,0.0,6.0,0.9274933214266796
am_peak,15224,0.20610962698370655,102,1,1,2,30.0,10.0,10.5,5.0,11.0,2.267205896820772,0.0,0.0,11.0,2.267205896820772
am_peak,15254,0.15458222023777993,012,1,1,2,25.714285714285715,9.473684210526315,9.428571428571429,4.7368421052631575,9.383458646616543,1.4505158711033788,0.0,0.0,9.383458646616543,1.4505158711033788
am_peak,15256,0.2576370337296332,007,2,2,4,15.0,10.0,6.75,5.0,3.5,0.9017296180537162,0.0,0.0,3.5,0.9017296180537162
am_peak,15264,0.2576370337296332,102,1,1,2,30.0,10.0,10.5,5.0,11.0,2.8340073710259652,0.0,0.0,11.0,2.8340073710259652
am_peak,15268,0.20610962698370655,031,1,1,2,30.0,25.714285714285715,10.5,9.428571428571429,2.1428571428571423,0.44166348639365677,0.0,0.0,2.1428571428571423,0.44166348639365677
am_peak,15272,0.4122192539674131,031,1,1,2,30.0,25.714285714285715,10.5,9.428571428571429,2.1428571428571423,0.8833269727873135,0.0,0.0,2.1428571428571423,0.8833269727873135
am_peak,15287,0.15458222023777993,012,1,1,2,25.714285714285715,9.473684210526315,9.428571428571429,4.7368421052631575,9.383458646616543,1.4505158711033788,0.0,0.0,9.383458646616543,1.4505158711033788
am_peak,15290,0.4122192539674131,007,2,2,4,15.0,10.0,6.75,5.0,3.5,1.4427673888859458,0.0,0.0,3.5,1.4427673888859458
am_peak,15292,0.4122192539674131,003,1,1,2,25.714285714285715,22.5,9.428571428571429,8.625,1.6071428571428577,0.6624952295904856,0.0,0.0,1.6071428571428577,0.6624952295904856
am_peak,15294,0.46374666071333975,003,1,1,2,25.714285714285715,22.5,9.428571428571429,8.625,1.6071428571428577,0.7453071332892963,0.0,0.0,1.6071428571428577,0.7453071332892963
am_peak,15296,2.1126236765829924,003,1,1,2,25.714285714285715,22.5,9.428571428571429,8.625,1.6071428571428577,3.3952880516512387,0.0,0.0,1.6071428571428577,3.3952880516512387
am_peak,15301,0.15458222023777993,003,1,1,2,25.714285714285715,22.5,9.428571428571429,8.625,1.6071428571428577,0.24843571109643212,0.0,0.0,1.6071428571428577,0.24843571109643212
am_peak,15304,0.15458222023777993,102,1,1,2,30.0,10.0,10.5,5.0,11.0,1.7004044226155792,0.0,0.0,11.0,1.7004044226155792
am_peak,15305,0.6183288809511197,102,1,1,2,30.0,10.0,10.5,5.0,11.0,6.801617690462317,0.0,0.0,11.0,6.801617690462317
am_peak,15315,0.15458222023777993,102,1,1,2,30.0,10.0,10.5,5.0,11.0,1.7004044226155792,0.0,0.0,11.0,1.7004044226155792
am_peak,15324,0.20610962698370655,031,1,1,2,30.0,25.714285714285715,10.5,9.428571428571429,2.1428571428571423,0.44166348639365677,0.0,0.0,2.1428571428571423,0.44166348639365677
am_peak,15326,0.20610962698370655,031,1,1,2,30.0,25.714285714285715,10.5,9.428571428571429,2.1428571428571423,0.44166348639365677,0.0,0.0,2.1428571428571423,0.44166348639365677
am_peak,15328,0.6183288809511197,031,1,1,2,30.0,25.714285714285715,10.5,9.428571428571429,2.1428571428571423,1.3249904591809705,0.0,0.0,2.1428571428571423,1.3249904591809705
am_peak,15330,0.2576370337296332,003,1,1,2,25.714285714285715,22.5,9.428571428571429,8.625,1.6071428571428577,0.4140595184940535,0.0,0.0,1.6071428571428577,0.4140595184940535
am_peak,15331,0.15458222023777993,003,1,1,2,25.714285714285715,22.5,9.428571428571429,8.625,1.6071428571428577,0.24843571109643212,0.0,0.0,1.6071428571428577,0.24843571109643212
am_peak,15350,0.15458222023777993,031,1,1,2,30.0,25.714285714285715,10.5,9.428571428571429,2.1428571428571423,0.3312476147952426,0.0,0.0,2.1428571428571423,0.3312476147952426
am_peak,15363,0.30916444047555985,007,2,2,4,15.0,10.0,6.75,5.0,3.5,1.0820755416644594,0.0,0.0,3.5,1.0820755416644594
am_peak,15393,0.2576370337296332,007,2,2,4,15.0,10.0,6.75,5.0,3.5,0.9017296180537162,0.0,0.0,3.5,0.9017296180537162
am_peak,15449,0.2576370337296332,022,2,1,3,21.176470588235293,12.413793103448278,8.294117647058822,6.103448275862069,4.381338742393506,1.1287951173549844,0.0,0.0,4.381338742393506,1.1287951173549844
am_peak,15559,0.15458222023777993,102,1,1,2,30.0,10.0,10.5,5.0,11.0,1.7004044226155792,0.0,0.0,11.0,1.7004044226155792
am_peak,15754,0.30916444047555985,102,1,1,2,30.0,10.0,10.5,5.0,11.0,3.4008088452311585,0.0,0.0,11.0,3.4008088452311585
am_peak,15852,0.15458222023777993,007,2,2,4,15.0,10.0,6.75,5.0,3.5,0.5410377708322297,0.0,0.0,3.5,0.5410377708322297
am_peak,15894,0.20610962698370655,007,2,2,4,15.0,10.0,6.75,5.0,3.5,0.7213836944429729,0.0,0.0,3.5,0.7213836944429729
am_peak,15992,0.6183288809511197,006,1,8,9,14.4,4.04494382022472,6.6,2.02247191011236,9.15505617977528,5.660835642685082,0.0,0.0,9.15505617977528,5.660835642685082
am_peak,16007,0.30916444047555985,001,2,2,4,15.0,6.0,6.75,3.0,7.5,2.318733303566699,0.0,0.0,7.5,2.318733303566699
am_peak,16011,0.15458222023777993,006,1,8,9,14.4,4.04494382022472,6.6,2.02247191011236,9.15505617977528,1.4152089106712704,0.0,0.0,9.15505617977528,1.4152089106712704
am_peak,16012,0.9790207281726062,006,1,8,9,14.4,4.04494382022472,6.6,2.02247191011236,9.15505617977528,8.962989767584713,0.0,0.0,9.15505617977528,8.962989767584713
am_peak,16013,0.3606918472214865,006,1,1,2,14.4,9.23076923076923,6.6,4.615384615384615,3.9692307692307693,1.431669178202208,0.0,0.0,3.9692307692307693,1.431669178202208
am_peak,16033,0.2576370337296332,007,2,2,4,15.0,10.0,6.75,5.0,3.5,0.9017296180537162,0.0,0.0,3.5,0.9017296180537162
am_peak,16062,0.15458222023777993,006,1,8,9,14.4,4.04494382022472,6.6,2.02247191011236,9.15505617977528,1.4152089106712704,0.0,0.0,9.15505617977528,1.4152089106712704
am_peak,16063,1.3912399821400192,006,1,8,9,14.4,4.04494382022472,6.6,2.02247191011236,9.15505617977528,12.736880196041431,0.0,0.0,9.15505617977528,12.736880196041431
am_peak,16065,0.2576370337296332,006,1,1,2,14.4,9.23076923076923,6.6,4.615384615384615,3.9692307692307693,1.0226208415730056,0.0,0.0,3.9692307692307693,1.0226208415730056
am_peak,16070,0.15458222023777993,003,1,1,2,34.285714285714285,28.799999999999997,11.571428571428571,10.2,2.7428571428571438,0.4239969469379108,0.0,0.0,2.7428571428571438,0.4239969469379108
am_peak,16070,0.15458222023777993,031,1,1,2,30.0,25.714285714285715,10.5,9.428571428571429,2.1428571428571423,0.3312476147952426,0.0,0.0,2.1428571428571423,0.3312476147952426
am_peak,16084,0.566801474205193,006,1,8,9,14.4,4.04494382022472,6.6,2.02247191011236,9.15505617977528,5.18909933912799,0.0,0.0,9.15505617977528,5.18909933912799
am_peak,16086,0.20610962698370655,006,1,1,2,14.4,9.23076923076923,6.6,4.615384615384615,3.9692307692307693,0.8180966732584045,0.0,0.0,3.9692307692307693,0.8180966732584045
am_peak,16090,0.15458222023777993,101,1,1,2,30.0,25.714285714285715,10.5,9.428571428571429,2.1428571428571423,0.3312476147952426,0.0,0.0,2.1428571428571423,0.3312476147952426
am_peak,16091,0.15458222023777993,102,1,1,2,30.0,25.714285714285715,10.5,9.428571428571429,2.1428571428571423,0.3312476147952426,0.0,0.0,2.1428571428571423,0.3312476147952426
am_peak,16160,0.5152740674592664,006,1,8,9,14.4,4.04494382022472,6.6,2.02247191011236,9.15505617977528,4.717363035570901,0.0,0.0,9.15505617977528,4.717363035570901
am_peak,16161,0.30916444047555985,006,1,1,2,14.4,9.23076923076923,6.6,4.615384615384615,3.9692307692307693,1.2271450098876069,0.0,0.0,3.9692307692307693,1.2271450098876069
am_peak,16173,0.15458222023777993,003,1,1,2,34.285714285714285,28.799999999999997,11.571428571428571,10.2,2.7428571428571438,0.4239969469379108,0.0,0.0,2.7428571428571438,0.4239969469379108
am_peak,16173,0.15458222023777993,031,1,1,2,30.0,25.714285714285715,10.5,9.428571428571429,2.1428571428571423,0.3312476147952426,0.0,0.0,2.1428571428571423,0.3312476147952426
am_peak,16235,0.5152740674592664,023,1,2,3,15.0,8.571428571428571,6.75,4.285714285714286,4.928571428571429,2.5395650467635273,0.0,0.0,4.928571428571429,2.5395650467635273
am_peak,16250,0.4122192539674131,006,1,8,9,14.4,4.04494382022472,6.6,2.02247191011236,9.15505617977528,3.7738904284567205,0.0,0.0,9.15505617977528,3.7738904284567205
am_peak,16251,0.15458222023777993,006,1,1,2,14.4,9.23076923076923,6.6,4.615384615384615,3.9692307692307693,0.6135725049438034,0.0,0.0,3.9692307692307693,0.6135725049438034
am_peak,16254,0.15458222023777993,101,1,1,2,30.0,25.714285714285715,10.5,9.428571428571429,2.1428571428571423,0.3312476147952426,0.0,0.0,2.1428571428571423,0.3312476147952426
am_peak,16255,0.15458222023777993,102,1,1,2,30.0,25.714285714285715,10.5,9.428571428571429,2.1428571428571423,0.3312476147952426,0.0,0.0,2.1428571428571423,0.3312476147952426
am_peak,16265,0.15458222023777993,003,1,1,2,34.285714285714285,28.799999999999997,11.571428571428571,10.2,2.7428571428571438,0.4239969469379108,0.0,0.0,2.7428571428571438,0.4239969469379108
am_peak,16265,0.15458222023777993,031,1,1,2,30.0,25.714285714285715,10.5,9.428571428571429,2.1428571428571423,0.3312476147952426,0.0,0.0,2.1428571428571423,0.3312476147952426
am_peak,16287,0.6183288809511197,023,1,2,3,15.0,8.571428571428571,6.75,4.285714285714286,4.928571428571429,3.047478056116233,0.0,0.0,4.928571428571429,3.047478056116233
am_peak,16329,0.15458222023777993,001,2,2,4,15.0,5.999999999999999,6.75,2.9999999999999996,7.500000000000001,1.1593666517833496,0.0,0.0,7.500000000000001,1.1593666517833496
am_peak,16335,0.566801474205193,006,1,8,9,14.4,4.04494382022472,6.6,2.02247191011236,9.15505617977528,5.18909933912799,0.0,0.0,9.15505617977528,5.18909933912799
am_peak,16338,0.15458222023777993,006,1,1,2,14.4,9.23076923076923,6.6,4.615384615384615,3.9692307692307693,0.6135725049438034,0.0,0.0,3.9692307692307693,0.6135725049438034
am_peak,16341,0.15458222023777993,102,1,1,2,30.0,10.0,10.5,5.0,11.0,1.7004044226155792,0.0,0.0,11.0,1.7004044226155792
am_peak,16345,0.15458222023777993,101,1,1,2,30.0,25.714285714285715,10.5,9.428571428571429,2.1428571428571423,0.3312476147952426,0.0,0.0,2.1428571428571423,0.3312476147952426
am_peak,16346,0.2576370337296332,102,1,1,2,30.0,25.714285714285715,10.5,9.428571428571429,2.1428571428571423,0.552079357992071,0.0,0.0,2.1428571428571423,0.552079357992071
am_peak,16364,0.15458222023777993,102,1,1,2,30.0,10.0,10.5,5.0,11.0,1.7004044226155792,0.0,0.0,11.0,1.7004044226155792
am_peak,16372,0.15458222023777993,001,2,2,4,15.0,6.0,6.75,3.0,7.5,1.1593666517833494,0.0,0.0,7.5,1.1593666517833494
am_peak,16376,0.721383694442973,006,1,8,9,14.4,4.04494382022472,6.6,2.02247191011236,9.15505617977528,6.604308249799262,0.0,0.0,9.15505617977528,6.604308249799262
am_peak,16380,0.2576370337296332,102,1,1,2,30.0,10.0,10.5,5.0,11.0,2.8340073710259652,0.0,0.0,11.0,2.8340073710259652
am_peak,16382,0.2576370337296332,101,1,1,2,30.0,25.714285714285715,10.5,9.428571428571429,2.1428571428571423,0.552079357992071,0.0,0.0,2.1428571428571423,0.552079357992071
am_peak,16383,0.20610962698370655,102,1,1,2,30.0,25.714285714285715,10.5,9.428571428571429,2.1428571428571423,0.44166348639365677,0.0,0.0,2.1428571428571423,0.44166348639365677
am_peak,16409,0.2576370337296332,007,2,2,4,15.0,10.0,6.75,5.0,3.5,0.9017296180537162,0.0,0.0,3.5,0.9017296180537162
am_peak,16489,0.15458222023777993,007,2,2,4,15.0,10.0,6.75,5.0,3.5,0.5410377708322297,0.0,0.0,3.5,0.5410377708322297
am_peak,16562,0.15458222023777993,007,2,2,4,15.0,10.0,6.75,5.0,3.5,0.5410377708322297,0.0,0.0,3.5,0.5410377708322297
am_peak,16607,0.2576370337296332,007,2,2,4,15.0,10.0,6.75,5.0,3.5,0.9017296180537162,0.0,0.0,3.5,0.9017296180537162
am_peak,16689,0.20610962698370655,006,1,1,2,14.4,9.23076923076923,6.6,4.615384615384615,3.9692307692307693,0.8180966732584045,0.0,0.0,3.9692307692307693,0.8180966732584045
am_peak,16843,0.15458222023777993,006,1,1,2,14.4,9.23076923076923,6.6,4.615384615384615,3.9692307692307693,0.6135725049438034,0.0,0.0,3.9692307692307693,0.6135725049438034
am_peak,16844,0.15458222023777993,001,2,2,4,15.0,7.5,6.75,3.75,6.0,0.9274933214266796,0.0,0.0,6.0,0.9274933214266796
am_peak,16845,0.15458222023777993,102,1,1,2,30.0,10.0,10.5,5.0,11.0,1.7004044226155792,0.0,0.0,11.0,1.7004044226155792
am_peak,16846,0.15458222023777993,102,1,1,2,30.0,10.0,10.5,5.0,11.0,1.7004044226155792,0.0,0.0,11.0,1.7004044226155792
am_peak,16847,0.2576370337296332,102,1,1,2,30.0,10.0,10.5,5.0,11.0,2.8340073710259652,0.0,0.0,11.0,2.8340073710259652
am_peak,16849,0.15458222023777993,023,1,1,2,15.0,10.0,6.75,5.0,3.5,0.5410377708322297,0.0,0.0,3.5,0.5410377708322297
am_peak,16929,0.15458222023777993,102,1,1,2,30.0,10.0,10.5,5.0,11.0,1.7004044226155792,0.0,0.0,11.0,1.7004044226155792
am_peak,17002,0.2576370337296332,006,1,1,2,14.4,9.23076923076923,6.6,4.615384615384615,3.9692307692307693,1.0226208415730056,0.0,0.0,3.9692307692307693,1.0226208415730056
am_peak,17033,0.20610962698370655,007,2,2,4,15.0,10.0,6.75,5.0,3.5,0.7213836944429729,0.0,0.0,3.5,0.7213836944429729
am_peak,17109,1.7004044226155792,023,1,2,3,15.0,8.571428571428571,6.75,4.285714285714286,4.928571428571429,8.380564654319642,0.0,0.0,4.928571428571429,8.380564654319642
am_peak,17155,0.9274933214266795,023,1,2,3,15.0,8.571428571428571,6.75,4.285714285714286,4.928571428571429,4.571217084174349,0.0,0.0,4.928571428571429,4.571217084174349
am_peak,17204,1.7519318293615058,023,1,2,3,15.0,8.571428571428571,6.75,4.285714285714286,4.928571428571429,8.634521158995993,0.0,0.0,4.928571428571429,8.634521158995993
am_peak,17218,0.2576370337296332,007,2,2,4,15.0,10.0,6.75,5.0,3.5,0.9017296180537162,0.0,0.0,3.5,0.9017296180537162
am_peak,17222,0.46374666071333975,006,1,6,7,14.4,5.9504132231404965,6.6,2.9752066115702482,7.249586776859503,3.361971659320178,0.0,0.0,7.249586776859503,3.361971659320178
am_peak,17233,0.4122192539674131,102,1,1,2,30.0,10.0,10.5,5.0,11.0,4.534411793641544,0.0,0.0,11.0,4.534411793641544
am_peak,17236,0.20610962698370655,023,1,1,2,15.0,10.0,6.75,5.0,3.5,0.7213836944429729,0.0,0.0,3.5,0.7213836944429729
am_peak,17237,0.15458222023777993,023,1,1,2,15.0,10.0,6.75,5.0,3.5,0.5410377708322297,0.0,0.0,3.5,0.5410377708322297
am_peak,17240,0.15458222023777993,023,1,1,2,15.0,10.0,6.75,5.0,3.5,0.5410377708322297,0.0,0.0,3.5,0.5410377708322297
am_peak,17303,0.15458222023777993,007,2,2,4,15.0,10.0,6.75,5.0,3.5,0.5410377708322297,0.0,0.0,3.5,0.5410377708322297
am_peak,17305,0.20610962698370655,006,1,6,7,14.4,5.9504132231404965,6.6,2.9752066115702482,7.249586776859503,1.4942096263645235,0.0,0.0,7.249586776859503,1.4942096263645235
am_peak,17326,0.15458222023777993,007,2,2,4,15.0,10.0,6.75,5.0,3.5,0.5410377708322297,0.0,0.0,3.5,0.5410377708322297
am_peak,17332,0.15458222023777993,102,1,1,2,30.0,10.0,10.5,5.0,11.0,1.7004044226155792,0.0,0.0,11.0,1.7004044226155792
am_peak,17353,0.3606918472214865,007,2,2,4,15.0,10.0,6.75,5.0,3.5,1.2624214652752028,0.0,0.0,3.5,1.2624214652752028
am_peak,17408,0.20610962698370655,007,2,2,4,15.0,10.0,6.75,5.0,3.5,0.7213836944429729,0.0,0.0,3.5,0.7213836944429729
am_peak,17475,0.4122192539674131,007,2,2,4,15.0,10.0,6.75,5.0,3.5,1.4427673888859458,0.0,0.0,3.5,1.4427673888859458
am_peak,17569,0.7729111011888996,023,1,2,3,15.0,8.571428571428571,6.75,4.285714285714286,4.928571428571429,3.8093475701452912,0.0,0.0,4.928571428571429,3.8093475701452912
am_peak,17576,0.15458222023777993,006,1,6,7,14.4,5.9504132231404965,6.6,2.9752066115702482,7.249586776859503,1.1206572197733928,0.0,0.0,7.249586776859503,1.1206572197733928
am_peak,17579,0.15458222023777993,102,1,1,2,30.0,10.0,10.5,5.0,11.0,1.7004044226155792,0.0,0.0,11.0,1.7004044226155792
am_peak,17598,0.2576370337296332,007,2,2,4,15.0,10.0,6.75,5.0,3.5,0.9017296180537162,0.0,0.0,3.5,0.9017296180537162
am_peak,17602,0.20610962698370655,006,1,6,7,14.4,5.9504132231404965,6.6,2.9752066115702482,7.249586776859503,1.4942096263645235,0.0,0.0,7.249586776859503,1.4942096263645235
am_peak,17604,0.15458222023777993,004,1,1,2,30.0,15.0,10.5,6.75,7.5,1.1593666517833494,0.0,0.0,7.5,1.1593666517833494
am_peak,17746,0.15458222023777993,001,2,2,4,15.0,5.999999999999999,6.75,2.9999999999999996,7.500000000000001,1.1593666517833496,0.0,0.0,7.500000000000001,1.1593666517833496
am_peak,17749,0.15458222023777993,001,2,2,4,15.0,6.0,6.75,3.0,7.5,1.1593666517833494,0.0,0.0,7.5,1.1593666517833494
am_peak,17758,0.46374666071333975,006,1,8,9,14.4,4.04494382022472,6.6,2.02247191011236,9.15505617977528,4.245626732013811,0.0,0.0,9.15505617977528,4.245626732013811
am_peak,17759,1.3912399821400192,006,1,8,9,14.4,4.04494382022472,6.6,2.02247191011236,9.15505617977528,12.736880196041431,0.0,0.0,9.15505617977528,12.736880196041431
am_peak,17763,0.20610962698370655,006,1,1,2,14.4,9.23076923076923,6.6,4.615384615384615,3.9692307692307693,0.8180966732584045,0.0,0.0,3.9692307692307693,0.8180966732584045
am_peak,17772,0.30916444047555985,101,1,1,2,30.0,25.714285714285715,10.5,9.428571428571429,2.1428571428571423,0.6624952295904852,0.0,0.0,2.1428571428571423,0.6624952295904852
am_peak,17773,0.30916444047555985,102,1,1,2,30.0,25.714285714285715,10.5,9.428571428571429,2.1428571428571423,0.6624952295904852,0.0,0.0,2.1428571428571423,0.6624952295904852
am_peak,17804,0.15458222023777993,006,1,1,2,14.4,9.23076923076923,6.6,4.615384615384615,3.9692307692307693,0.6135725049438034,0.0,0.0,3.9692307692307693,0.6135725049438034
am_peak,17841,0.30916444047555985,006,1,1,2,14.4,9.23076923076923,6.6,4.615384615384615,3.9692307692307693,1.2271450098876069,0.0,0.0,3.9692307692307693,1.2271450098876069
am_peak,17892,0.15458222023777993,006,1,1,2,14.4,9.23076923076923,6.6,4.615384615384615,3.9692307692307693,0.6135725049438034,0.0,0.0,3.9692307692307693,0.6135725049438034
am_peak,17952,0.15458222023777993,025,1,1,2,51.42857142857143,18.94736842105263,15.857142857142858,7.7368421052631575,16.2406015037594,2.5105082384481556,0.0,0.0,16.2406015037594,2.5105082384481556
am_peak,17977,0.15458222023777993,006,1,1,2,14.4,9.23076923076923,6.6,4.615384615384615,3.9692307692307693,0.6135725049438034,0.0,0.0,3.9692307692307693,0.6135725049438034
am_peak,18025,0.10305481349185328,006,1,1,2,14.4,9.23076923076923,6.6,4.615384615384615,3.9692307692307693,0.40904833662920226,0.0,0.0,3.9692307692307693,0.40904833662920226
am_peak,18028,0.10305481349185328,006,1,1,2,14.4,9.23076923076923,6.6,4.615384615384615,3.9692307692307693,0.40904833662920226,0.0,0.0,3.9692307692307693,0.40904833662920226
am_peak,18030,0.3606918472214865,102,1,1,2,30.0,10.0,10.5,5.0,11.0,3.9676103194363517,0.0,0.0,11.0,3.9676103194363517
am_peak,18075,0.10305481349185328,007,2,2,4,15.0,10.0,6.75,5.0,3.5,0.36069184722148645,0.0,0.0,3.5,0.36069184722148645
am_peak,18080,0.2576370337296332,006,1,6,7,14.4,5.9504132231404965,6.6,2.9752066115702482,7.249586776859503,1.8677620329556546,0.0,0.0,7.249586776859503,1.8677620329556546
am_peak,18082,0.15458222023777993,006,1,1,2,14.4,9.23076923076923,6.6,4.615384615384615,3.9692307692307693,0.6135725049438034,0.0,0.0,3.9692307692307693,0.6135725049438034
am_peak,18092,0.10305481349185328,102,1,1,2,30.0,10.0,10.5,5.0,11.0,1.133602948410386,0.0,0.0,11.0,1.133602948410386
am_peak,18095,0.10305481349185328,102,1,1,2,30.0,10.0,10.5,5.0,11.0,1.133602948410386,0.0,0.0,11.0,1.133602948410386
am_peak,18098,0.15458222023777993,102,1,1,2,30.0,10.0,10.5,5.0,11.0,1.7004044226155792,0.0,0.0,11.0,1.7004044226155792
am_peak,18100,0.10305481349185328,023,1,1,2,15.0,10.0,6.75,5.0,3.5,0.36069184722148645,0.0,0.0,3.5,0.36069184722148645
am_peak,18104,0.10305481349185328,023,1,1,2,15.0,10.0,6.75,5.0,3.5,0.36069184722148645,0.0,0.0,3.5,0.36069184722148645
am_peak,18107,0.10305481349185328,023,1,1,2,15.0,10.0,6.75,5.0,3.5,0.36069184722148645,0.0,0.0,3.5,0.36069184722148645
am_peak,18215,0.10305481349185328,007,2,2,4,15.0,10.0,6.75,5.0,3.5,0.36069184722148645,0.0,0.0,3.5,0.36069184722148645
am_peak,18220,0.15458222023777993,006,1,6,7,14.4,5.9504132231404965,6.6,2.9752066115702482,7.249586776859503,1.1206572197733928,0.0,0.0,7.249586776859503,1.1206572197733928
am_peak,18224,0.15458222023777993,001,2,2,4,15.0,7.5,6.75,3.75,6.0,0.9274933214266796,0.0,0.0,6.0,0.9274933214266796
am_peak,18228,0.10305481349185328,102,1,1,2,30.0,10.0,10.5,5.0,11.0,1.133602948410386,0.0,0.0,11.0,1.133602948410386
am_peak,18229,0.10305481349185328,102,1,1,2,30.0,10.0,10.5,5.0,11.0,1.133602948410386,0.0,0.0,11.0,1.133602948410386
am_peak,18279,0.20610962698370655,102,1,1,2,30.0,10.0,10.5,5.0,11.0,2.267205896820772,0.0,0.0,11.0,2.267205896820772
am_peak,18329,0.15458222023777993,007,2,2,4,15.0,10.0,6.75,5.0,3.5,0.5410377708322297,0.0,0.0,3.5,0.5410377708322297
am_peak,18333,0.10305481349185328,006,1,6,7,14.4,5.9504132231404965,6.6,2.9752066115702482,7.249586776859503,0.7471048131822617,0.0,0.0,7.249586776859503,0.7471048131822617
am_peak,18335,0.10305481349185328,006,1,1,2,14.4,9.23076923076923,6.6,4.615384615384615,3.9692307692307693,0.40904833662920226,0.0,0.0,3.9692307692307693,0.40904833662920226
am_peak,18345,0.10305481349185328,102,1,1,2,30.0,10.0,10.5,5.0,11.0,1.133602948410386,0.0,0.0,11.0,1.133602948410386
am_peak,18346,0.10305481349185328,102,1,1,2,30.0,10.0,10.5,5.0,11.0,1.133602948410386,0.0,0.0,11.0,1.133602948410386
am_peak,18347,0.20610962698370655,102,1,1,2,30.0,10.0,10.5,5.0,11.0,2.267205896820772,0.0,0.0,11.0,2.267205896820772
am_peak,18472,0.15458222023777993,102,1,1,2,30.0,10.0,10.5,5.0,11.0,1.7004044226155792,0.0,0.0,11.0,1.7004044226155792
am_peak,18507,0.15458222023777993,001,2,2,4,15.0,7.5,6.75,3.75,6.0,0.9274933214266796,0.0,0.0,6.0,0.9274933214266796
am_peak,18569,0.10305481349185328,031,1,1,2,30.0,25.714285714285715,10.5,9.428571428571429,2.1428571428571423,0.22083174319682838,0.0,0.0,2.1428571428571423,0.22083174319682838
am_peak,18571,0.20610962698370655,031,1,1,2,30.0,25.714285714285715,10.5,9.428571428571429,2.1428571428571423,0.44166348639365677,0.0,0.0,2.1428571428571423,0.44166348639365677
am_peak,18589,0.15458222023777993,001,2,2,4,15.0,5.999999999999999,6.75,2.9999999999999996,7.500000000000001,1.1593666517833496,0.0,0.0,7.500000000000001,1.1593666517833496
am_peak,18591,0.10305481349185328,001,2,2,4,15.0,6.0,6.75,3.0,7.5,0.7729111011888996,0.0,0.0,7.5,0.7729111011888996
am_peak,18592,0.10305481349185328,012,1,1,2,25.714285714285715,9.473684210526315,9.428571428571429,4.7368421052631575,9.383458646616543,0.9670105807355858,0.0,0.0,9.383458646616543,0.9670105807355858
am_peak,18603,0.20610962698370655,008,1,1,2,30.0,15.0,10.5,6.75,7.5,1.5458222023777992,0.0,0.0,7.5,1.5458222023777992
am_peak,18609,0.10305481349185328,102,1,1,2,30.0,10.0,10.5,5.0,11.0,1.133602948410386,0.0,0.0,11.0,1.133602948410386
am_peak,18611,0.10305481349185328,035,1,1,2,60.0,45.0,18.0,14.25,7.5,0.7729111011888996,0.0,0.0,7.5,0.7729111011888996
am_peak,18615,0.10305481349185328,007,1,2,3,30.0,18.0,10.5,7.5,6.0,0.6183288809511196,0.0,0.0,6.0,0.6183288809511196
am_peak,18626,0.15458222023777993,031,1,1,2,30.0,25.714285714285715,10.5,9.428571428571429,2.1428571428571423,0.3312476147952426,0.0,0.0,2.1428571428571423,0.3312476147952426
am_peak,18644,0.15458222023777993,001,2,1,3,15.0,7.5,6.75,3.75,6.0,0.9274933214266796,0.0,0.0,6.0,0.9274933214266796
am_peak,18653,0.10305481349185328,008,1,1,2,30.0,15.0,10.5,6.75,7.5,0.7729111011888996,0.0,0.0,7.5,0.7729111011888996
am_peak,18659,0.15458222023777993,102,1,1,2,30.0,10.0,10.5,5.0,11.0,1.7004044226155792,0.0,0.0,11.0,1.7004044226155792
am_peak,18700,0.10305481349185328,102,1,1,2,30.0,10.0,10.5,5.0,11.0,1.133602948410386,0.0,0.0,11.0,1.133602948410386
am_peak,18729,0.10305481349185328,001,2,2,4,15.0,6.0,6.75,3.0,7.5,0.7729111011888996,0.0,0.0,7.5,0.7729111011888996
am_peak,18737,0.10305481349185328,008,1,1,2,30.0,15.0,10.5,6.75,7.5,0.7729111011888996,0.0,0.0,7.5,0.7729111011888996
am_peak,18740,0.20610962698370655,102,1,1,2,30.0,10.0,10.5,5.0,11.0,2.267205896820772,0.0,0.0,11.0,2.267205896820772
am_peak,18747,0.2576370337296332,007,1,2,3,30.0,18.0,10.5,7.5,6.0,1.5458222023777992,0.0,0.0,6.0,1.5458222023777992
am_peak,18774,0.20610962698370655,102,1,1,2,30.0,10.0,10.5,5.0,11.0,2.267205896820772,0.0,0.0,11.0,2.267205896820772
am_peak,18783,0.2576370337296332,031,1,1,2,30.0,25.714285714285715,10.5,9.428571428571429,2.1428571428571423,0.552079357992071,0.0,0.0,2.1428571428571423,0.552079357992071
am_peak,18797,0.10305481349185328,102,1,1,2,30.0,10.0,10.5,5.0,11.0,1.133602948410386,0.0,0.0,11.0,1.133602948410386
am_peak,18800,0.2576370337296332,001,2,2,4,15.0,6.0,6.75,3.0,7.5,1.932277752972249,0.0,0.0,7.5,1.932277752972249
am_peak,18801,0.10305481349185328,012,1,1,2,25.714285714285715,9.473684210526315,9.428571428571429,4.7368421052631575,9.383458646616543,0.9670105807355858,0.0,0.0,9.383458646616543,0.9670105807355858
am_peak,18812,0.15458222023777993,008,1,1,2,30.0,15.0,10.5,6.75,7.5,1.1593666517833494,0.0,0.0,7.5,1.1593666517833494
am_peak,18816,0.15458222023777993,102,1,1,2,30.0,10.0,10.5,5.0,11.0,1.7004044226155792,0.0,0.0,11.0,1.7004044226155792
am_peak,18819,0.15458222023777993,007,1,2,3,30.0,18.0,10.5,7.5,6.0,0.9274933214266796,0.0,0.0,6.0,0.9274933214266796
am_peak,18832,0.10305481349185328,031,1,1,2,30.0,25.714285714285715,10.5,9.428571428571429,2.1428571428571423,0.22083174319682838,0.0,0.0,2.1428571428571423,0.22083174319682838
am_peak,18852,0.15458222023777993,102,1,1,2,30.0,10.0,10.5,5.0,11.0,1.7004044226155792,0.0,0.0,11.0,1.7004044226155792
am_peak,18855,0.15458222023777993,001,2,1,3,15.0,7.5,6.75,3.75,6.0,0.9274933214266796,0.0,0.0,6.0,0.9274933214266796
am_peak,18882,0.10305481349185328,102,1,1,2,30.0,10.0,10.5,5.0,11.0,1.133602948410386,0.0,0.0,11.0,1.133602948410386
am_peak,18883,0.20610962698370655,102,1,1,2,30.0,10.0,10.5,5.0,11.0,2.267205896820772,0.0,0.0,11.0,2.267205896820772
am_peak,18888,0.30916444047555985,102,1,1,2,30.0,10.0,10.5,5.0,11.0,3.4008088452311585,0.0,0.0,11.0,3.4008088452311585
am_peak,18893,0.15458222023777993,102,1,1,2,30.0,10.0,10.5,5.0,11.0,1.7004044226155792,0.0,0.0,11.0,1.7004044226155792
am_peak,18904,0.20610962698370655,007,1,2,3,30.0,18.0,10.5,7.5,6.0,1.2366577619022392,0.0,0.0,6.0,1.2366577619022392
am_peak,18943,0.15458222023777993,102,1,1,2,30.0,10.0,10.5,5.0,11.0,1.7004044226155792,0.0,0.0,11.0,1.7004044226155792
am_peak,18950,0.10305481349185328,001,2,2,4,15.0,6.0,6.75,3.0,7.5,0.7729111011888996,0.0,0.0,7.5,0.7729111011888996
am_peak,18966,0.15458222023777993,102,1,1,2,30.0,10.0,10.5,5.0,11.0,1.7004044226155792,0.0,0.0,11.0,1.7004044226155792
am_peak,18967,0.15458222023777993,102,1,1,2,30.0,10.0,10.5,5.0,11.0,1.7004044226155792,0.0,0.0,11.0,1.7004044226155792
am_peak,18969,0.10305481349185328,102,1,1,2,30.0,10.0,10.5,5.0,11.0,1.133602948410386,0.0,0.0,11.0,1.133602948410386
am_peak,18977,0.10305481349185328,007,1,2,3,30.0,18.0,10.5,7.5,6.0,0.6183288809511196,0.0,0.0,6.0,0.6183288809511196
am_peak,18979,0.10305481349185328,007,1,2,3,30.0,18.0,10.5,7.5,6.0,0.6183288809511196,0.0,0.0,6.0,0.6183288809511196
am_peak,19012,0.10305481349185328,001,2,1,3,15.0,7.5,6.75,3.75,6.0,0.6183288809511196,0.0,0.0,6.0,0.6183288809511196
am_peak,19026,0.10305481349185328,007,1,2,3,30.0,18.0,10.5,7.5,6.0,0.6183288809511196,0.0,0.0,6.0,0.6183288809511196
am_peak,19048,0.4122192539674131,034,1,1,2,15.0,12.0,6.75,6.0,1.5,0.6183288809511196,0.0,0.0,1.5,0.6183288809511196
am_peak,19049,0.3606918472214865,034,1,1,2,15.0,12.0,6.75,6.0,1.5,0.5410377708322298,0.0,0.0,1.5,0.5410377708322298
am_peak,19062,0.15458222023777993,007,2,2,4,15.0,10.0,6.75,5.0,3.5,0.5410377708322297,0.0,0.0,3.5,0.5410377708322297
am_peak,19070,0.5152740674592664,034,1,1,2,15.0,12.0,6.75,6.0,1.5,0.7729111011888996,0.0,0.0,1.5,0.7729111011888996
am_peak,19072,0.30916444047555985,034,1,1,2,15.0,12.0,6.75,6.0,1.5,0.4637466607133398,0.0,0.0,1.5,0.4637466607133398
am_peak,19074,0.30916444047555985,034,1,1,2,15.0,12.0,6.75,6.0,1.5,0.4637466607133398,0.0,0.0,1.5,0.4637466607133398
am_peak,19076,0.3606918472214865,034,1,1,2,15.0,12.0,6.75,6.0,1.5,0.5410377708322298,0.0,0.0,1.5,0.5410377708322298
am_peak,19077,0.10305481349185328,034,1,1,2,15.0,12.0,6.75,6.0,1.5,0.1545822202377799,0.0,0.0,1.5,0.1545822202377799
am_peak,19078,0.9790207281726062,034,1,1,2,15.0,12.0,6.75,6.0,1.5,1.4685310922589094,0.0,0.0,1.5,1.4685310922589094
am_peak,19079,0.20610962698370655,034,1,1,2,15.0,12.0,6.75,6.0,1.5,0.3091644404755598,0.0,0.0,1.5,0.3091644404755598
am_peak,19088,0.30916444047555985,008,2,1,3,15.0,12.0,6.75,6.0,1.5,0.4637466607133398,0.0,0.0,1.5,0.4637466607133398
am_peak,19089,0.10305481349185328,008,2,1,3,15.0,12.0,6.75,6.0,1.5,0.1545822202377799,0.0,0.0,1.5,0.1545822202377799
am_peak,19090,0.10305481349185328,008,2,1,3,15.0,12.0,6.75,6.0,1.5,0.1545822202377799,0.0,0.0,1.5,0.1545822202377799
am_peak,19091,0.20610962698370655,008,2,1,3,15.0,12.0,6.75,6.0,1.5,0.3091644404755598,0.0,0.0,1.5,0.3091644404755598
am_peak,19092,0.5152740674592664,034,1,1,2,15.0,12.0,6.75,6.0,1.5,0.7729111011888996,0.0,0.0,1.5,0.7729111011888996
am_peak,19099,0.15458222023777993,023,1,1,2,15.0,10.0,6.75,5.0,3.5,0.5410377708322297,0.0,0.0,3.5,0.5410377708322297
am_peak,19106,0.10305481349185328,034,1,1,2,15.0,12.0,6.75,6.0,1.5,0.1545822202377799,0.0,0.0,1.5,0.1545822202377799
am_peak,19137,0.10305481349185328,034,1,1,2,15.0,12.0,6.75,6.0,1.5,0.1545822202377799,0.0,0.0,1.5,0.1545822202377799
am_peak,19152,0.10305481349185328,008,2,1,3,15.0,10.434782608695652,6.75,5.217391304347826,3.0652173913043477,0.3158854065728546,0.0,0.0,3.0652173913043477,0.3158854065728546
am_peak,19173,0.10305481349185328,023,1,2,3,15.0,5.454545454545454,6.75,2.727272727272727,8.045454545454547,0.8291228176390015,0.0,0.0,8.045454545454547,0.8291228176390015
am_peak,19178,0.10305481349185328,023,1,2,3,15.0,5.454545454545454,6.75,2.727272727272727,8.045454545454547,0.8291228176390015,0.0,0.0,8.045454545454547,0.8291228176390015
am_peak,19180,0.10305481349185328,023,1,1,2,15.0,10.0,6.75,5.0,3.5,0.36069184722148645,0.0,0.0,3.5,0.36069184722148645
am_peak,19181,0.20610962698370655,023,1,2,3,15.0,5.454545454545454,6.75,2.727272727272727,8.045454545454547,1.658245635278003,0.0,0.0,8.045454545454547,1.658245635278003
am_peak,19182,0.10305481349185328,023,1,2,3,15.0,5.454545454545454,6.75,2.727272727272727,8.045454545454547,0.8291228176390015,0.0,0.0,8.045454545454547,0.8291228176390015
am_peak,19183,0.4122192539674131,023,1,2,3,15.0,5.454545454545454,6.75,2.727272727272727,8.045454545454547,3.316491270556006,0.0,0.0,8.045454545454547,3.316491270556006
am_peak,19192,0.10305481349185328,021,1,1,2,51.42857142857143,32.72727272727273,15.857142857142858,11.181818181818182,9.350649350649352,0.9636294248588879,0.0,0.0,9.350649350649352,0.9636294248588879
am_peak,19193,0.10305481349185328,021,1,1,2,51.42857142857143,32.72727272727273,15.857142857142858,11.181818181818182,9.350649350649352,0.9636294248588879,0.0,0.0,9.350649350649352,0.9636294248588879
am_peak,19206,0.15458222023777993,023,1,2,3,15.0,5.454545454545454,6.75,2.727272727272727,8.045454545454547,1.2436842264585024,0.0,0.0,8.045454545454547,1.2436842264585024
am_peak,19276,0.10305481349185328,006,1,1,2,14.4,9.23076923076923,6.6,4.615384615384615,3.9692307692307693,0.40904833662920226,0.0,0.0,3.9692307692307693,0.40904833662920226
am_peak,19339,1.6488770158696524,023,1,2,3,15.0,8.571428571428571,6.75,4.285714285714286,4.928571428571429,8.126608149643287,0.0,0.0,4.928571428571429,8.126608149643287
am_peak,19386,0.10305481349185328,034,1,1,2,15.0,10.0,6.75,5.0,3.5,0.36069184722148645,0.0,0.0,3.5,0.36069184722148645
am_peak,19424,1.288185168648166,023,1,2,3,15.0,8.571428571428571,6.75,4.285714285714286,4.928571428571429,6.348912616908819,0.0,0.0,4.928571428571429,6.348912616908819
am_peak,19470,0.10305481349185328,023,1,1,2,15.0,10.0,6.75,5.0,3.5,0.36069184722148645,0.0,0.0,3.5,0.36069184722148645
am_peak,19512,1.442767388885946,023,1,2,3,15.0,8.571428571428571,6.75,4.285714285714286,4.928571428571429,7.110782130937877,0.0,0.0,4.928571428571429,7.110782130937877
am_peak,19533,0.15458222023777993,007,2,2,4,15.0,10.0,6.75,5.0,3.5,0.5410377708322297,0.0,0.0,3.5,0.5410377708322297
am_peak,19537,0.10305481349185328,006,1,6,7,14.4,5.9504132231404965,6.6,2.9752066115702482,7.249586776859503,0.7471048131822617,0.0,0.0,7.249586776859503,0.7471048131822617
am_peak,19543,0.15458222023777993,004,1,1,2,30.0,15.0,10.5,6.75,7.5,1.1593666517833494,0.0,0.0,7.5,1.1593666517833494
am_peak,19548,0.10305481349185328,102,1,1,2,30.0,10.0,10.5,5.0,11.0,1.133602948410386,0.0,0.0,11.0,1.133602948410386
am_peak,19608,0.20610962698370655,007,2,2,4,15.0,10.0,6.75,5.0,3.5,0.7213836944429729,0.0,0.0,3.5,0.7213836944429729
am_peak,19614,0.10305481349185328,004,1,1,2,30.0,15.0,10.5,6.75,7.5,0.7729111011888996,0.0,0.0,7.5,0.7729111011888996
am_peak,19680,0.15458222023777993,102,1,1,2,30.0,10.0,10.5,5.0,11.0,1.7004044226155792,0.0,0.0,11.0,1.7004044226155792
am_peak,19681,0.10305481349185328,102,1,1,2,30.0,10.0,10.5,5.0,11.0,1.133602948410386,0.0,0.0,11.0,1.133602948410386
am_peak,19688,0.10305481349185328,102,1,1,2,30.0,10.0,10.5,5.0,11.0,1.133602948410386,0.0,0.0,11.0,1.133602948410386
am_peak,19748,0.9274933214266795,007,2,2,4,15.0,10.0,6.75,5.0,3.5,3.2462266249933784,0.0,0.0,3.5,3.2462266249933784
am_peak,19757,0.15458222023777993,006,1,1,2,14.4,9.23076923076923,6.6,4.615384615384615,3.9692307692307693,0.6135725049438034,0.0,0.0,3.9692307692307693,0.6135725049438034
am_peak,19767,0.10305481349185328,001,1,1,2,30.0,22.5,10.5,8.625,3.75,0.3864555505944498,0.0,0.0,3.75,0.3864555505944498
am_peak,19786,0.3606918472214865,021,1,1,2,51.42857142857143,27.692307692307693,15.857142857142858,9.923076923076923,11.868131868131869,4.280738406584675,0.0,0.0,11.868131868131869,4.280738406584675
am_peak,19788,0.566801474205193,021,1,1,2,51.42857142857143,32.72727272727273,15.857142857142858,11.181818181818182,9.350649350649352,5.299961836723884,0.0,0.0,9.350649350649352,5.299961836723884
am_peak,19789,0.4122192539674131,021,1,1,2,51.42857142857143,32.72727272727273,15.857142857142858,11.181818181818182,9.350649350649352,3.8545176994355517,0.0,0.0,9.350649350649352,3.8545176994355517
am_peak,19810,0.10305481349185328,102,1,1,2,30.0,10.0,10.5,5.0,11.0,1.133602948410386,0.0,0.0,11.0,1.133602948410386
am_peak,19812,2.3702607103126256,102,1,2,3,30.0,6.0,10.5,3.0,15.0,35.55391065468938,0.0,0.0,15.0,35.55391065468938
am_peak,19814,0.2576370337296332,001,2,1,3,15.0,7.5,6.75,3.75,6.0,1.5458222023777992,0.0,0.0,6.0,1.5458222023777992
am_peak,19815,0.10305481349185328,001,2,1,3,15.0,7.5,6.75,3.75,6.0,0.6183288809511196,0.0,0.0,6.0,0.6183288809511196
am_peak,19821,0.15458222023777993,012,1,1,2,25.714285714285715,9.473684210526315,9.428571428571429,4.7368421052631575,9.383458646616543,1.4505158711033788,0.0,0.0,9.383458646616543,1.4505158711033788
am_peak,19825,0.2576370337296332,008,2,1,3,15.0,10.434782608695652,6.75,5.217391304347826,3.0652173913043477,0.7897135164321365,0.0,0.0,3.0652173913043477,0.7897135164321365
am_peak,19827,0.6183288809511197,007,2,2,4,15.0,10.0,6.75,5.0,3.5,2.164151083328919,0.0,0.0,3.5,2.164151083328919
am_peak,19839,0.30916444047555985,006,1,1,2,14.4,9.23076923076923,6.6,4.615384615384615,3.9692307692307693,1.2271450098876069,0.0,0.0,3.9692307692307693,1.2271450098876069
am_peak,19859,0.15458222023777993,101,1,1,2,30.0,25.714285714285715,10.5,9.428571428571429,2.1428571428571423,0.3312476147952426,0.0,0.0,2.1428571428571423,0.3312476147952426
am_peak,19860,0.30916444047555985,102,1,1,2,30.0,25.714285714285715,10.5,9.428571428571429,2.1428571428571423,0.6624952295904852,0.0,0.0,2.1428571428571423,0.6624952295904852
am_peak,19874,0.6183288809511197,021,1,1,2,51.42857142857143,32.72727272727273,15.857142857142858,11.181818181818182,9.350649350649352,5.781776549153328,0.0,0.0,9.350649350649352,5.781776549153328
am_peak,19875,0.5152740674592664,021,1,1,2,51.42857142857143,32.72727272727273,15.857142857142858,11.181818181818182,9.350649350649352,4.818147124294439,0.0,0.0,9.350649350649352,4.818147124294439
am_peak,19901,0.10305481349185328,034,1,1,2,15.0,12.0,6.75,6.0,1.5,0.1545822202377799,0.0,0.0,1.5,0.1545822202377799
am_peak,19903,0.2576370337296332,102,1,1,2,30.0,10.0,10.5,5.0,11.0,2.8340073710259652,0.0,0.0,11.0,2.8340073710259652
am_peak,19908,0.15458222023777993,102,1,1,2,30.0,10.0,10.5,5.0,11.0,1.7004044226155792,0.0,0.0,11.0,1.7004044226155792
am_peak,19910,1.4942947956318726,102,1,1,2,30.0,10.0,10.5,5.0,11.0,16.4372427519506,0.0,0.0,11.0,16.4372427519506
am_peak,19912,0.15458222023777993,102,1,1,2,30.0,10.0,10.5,5.0,11.0,1.7004044226155792,0.0,0.0,11.0,1.7004044226155792
am_peak,19913,0.9790207281726062,102,1,1,2,30.0,10.0,10.5,5.0,11.0,10.769228009898669,0.0,0.0,11.0,10.769228009898669
am_peak,19914,0.15458222023777993,102,1,1,2,30.0,10.0,10.5,5.0,11.0,1.7004044226155792,0.0,0.0,11.0,1.7004044226155792
am_peak,19915,0.2576370337296332,102,1,1,2,30.0,10.0,10.5,5.0,11.0,2.8340073710259652,0.0,0.0,11.0,2.8340073710259652
am_peak,19918,0.2576370337296332,102,1,1,2,30.0,10.0,10.5,5.0,11.0,2.8340073710259652,0.0,0.0,11.0,2.8340073710259652
am_peak,19924,0.2576370337296332,034,1,1,2,15.0,12.0,6.75,6.0,1.5,0.3864555505944498,0.0,0.0,1.5,0.3864555505944498
am_peak,19937,0.15458222023777993,102,1,1,2,30.0,10.0,10.5,5.0,11.0,1.7004044226155792,0.0,0.0,11.0,1.7004044226155792
am_peak,19940,0.15458222023777993,102,1,1,2,30.0,10.0,10.5,5.0,11.0,1.7004044226155792,0.0,0.0,11.0,1.7004044226155792
am_peak,19941,0.4122192539674131,102,1,1,2,30.0,10.0,10.5,5.0,11.0,4.534411793641544,0.0,0.0,11.0,4.534411793641544
am_peak,19942,0.10305481349185328,102,1,1,2,30.0,10.0,10.5,5.0,11.0,1.133602948410386,0.0,0.0,11.0,1.133602948410386
am_peak,19944,0.3606918472214865,102,1,1,2,30.0,10.0,10.5,5.0,11.0,3.9676103194363517,0.0,0.0,11.0,3.9676103194363517
am_peak,19946,0.20610962698370655,102,1,1,2,30.0,10.0,10.5,5.0,11.0,2.267205896820772,0.0,0.0,11.0,2.267205896820772
am_peak,19948,0.20610962698370655,102,1,1,2,30.0,10.0,10.5,5.0,11.0,2.267205896820772,0.0,0.0,11.0,2.267205896820772
am_peak,19949,0.10305481349185328,102,1,1,2,30.0,10.0,10.5,5.0,11.0,1.133602948410386,0.0,0.0,11.0,1.133602948410386
am_peak,19950,0.4122192539674131,034,1,1,2,15.0,12.0,6.75,6.0,1.5,0.6183288809511196,0.0,0.0,1.5,0.6183288809511196
midday,93,0.15458222023777993,002,2,1,3,14.4,7.346938775510203,6.6,3.6734693877551017,5.853061224489796,0.9047791992692915,0.0,0.0,5.853061224489796,0.9047791992692915
midday,98,0.15458222023777993,007,2,1,3,15.0,12.0,6.75,6.0,1.5,0.2318733303566699,0.0,0.0,1.5,0.2318733303566699
midday,115,0.15458222023777993,034,1,1,2,15.0,12.0,6.75,6.0,1.5,0.2318733303566699,0.0,0.0,1.5,0.2318733303566699
midday,116,0.15458222023777993,034,1,1,2,15.0,12.0,6.75,6.0,1.5,0.2318733303566699,0.0,0.0,1.5,0.2318733303566699
midday,140,0.5410377708322297,034,1,1,2,15.0,12.0,6.75,6.0,1.5,0.8115566562483445,0.0,0.0,1.5,0.8115566562483445
midday,158,0.4637466607133398,007,2,2,4,15.0,10.0,6.75,5.0,3.5,1.6231133124966894,0.0,0.0,3.5,1.6231133124966894
midday,219,0.6183288809511197,034,1,1,2,15.0,12.0,6.75,6.0,1.5,0.9274933214266796,0.0,0.0,1.5,0.9274933214266796
midday,224,0.3864555505944498,034,1,1,2,15.0,12.0,6.75,6.0,1.5,0.5796833258916747,0.0,0.0,1.5,0.5796833258916747
midday,225,0.2318733303566699,034,1,1,2,15.0,12.0,6.75,6.0,1.5,0.34780999553500486,0.0,0.0,1.5,0.34780999553500486
midday,229,0.30916444047555985,034,1,1,2,15.0,12.0,6.75,6.0,1.5,0.4637466607133398,0.0,0.0,1.5,0.4637466607133398
midday,230,4.328302166657838,034,1,1,2,15.0,12.0,6.75,6.0,1.5,6.492453249986756,0.0,0.0,1.5,6.492453249986756
midday,239,0.15458222023777993,001,2,2,4,15.0,5.901639344262295,6.75,2.9508196721311477,7.598360655737705,1.1745714603313278,0.0,0.0,7.598360655737705,1.1745714603313278
midday,250,0.15458222023777993,008,1,1,2,30.0,15.0,10.5,6.75,7.5,1.1593666517833494,0.0,0.0,7.5,1.1593666517833494
midday,251,0.2318733303566699,034,1,1,2,15.0,12.0,6.75,6.0,1.5,0.34780999553500486,0.0,0.0,1.5,0.34780999553500486
midday,252,0.6183288809511197,034,1,1,2,15.0,12.0,6.75,6.0,1.5,0.9274933214266796,0.0,0.0,1.5,0.9274933214266796
midday,254,0.15458222023777993,034,1,1,2,15.0,12.0,6.75,6.0,1.5,0.2318733303566699,0.0,0.0,1.5,0.2318733303566699
midday,256,0.15458222023777993,034,1,1,2,15.0,12.0,6.75,6.0,1.5,0.2318733303566699,0.0,0.0,1.5,0.2318733303566699
midday,257,0.2318733303566699,034,1,1,2,15.0,12.0,6.75,6.0,1.5,0.34780999553500486,0.0,0.0,1.5,0.34780999553500486
midday,258,0.4637466607133398,034,1,1,2,15.0,12.0,6.75,6.0,1.5,0.6956199910700097,0.0,0.0,1.5,0.6956199910700097
midday,260,0.15458222023777993,034,1,1,2,15.0,12.0,6.75,6.0,1.5,0.2318733303566699,0.0,0.0,1.5,0.2318733303566699
midday,261,0.2318733303566699,034,1,1,2,15.0,12.0,6.75,6.0,1.5,0.34780999553500486,0.0,0.0,1.5,0.34780999553500486
midday,262,0.5410377708322297,034,1,1,2,15.0,12.0,6.75,6.0,1.5,0.8115566562483445,0.0,0.0,1.5,0.8115566562483445
midday,267,0.30916444047555985,034,1,1,2,15.0,12.0,6.75,6.0,1.5,0.4637466607133398,0.0,0.0,1.5,0.4637466607133398
midday,273,0.15458222023777993,034,1,1,2,15.0,12.0,6.75,6.0,1.5,0.2318733303566699,0.0,0.0,1.5,0.2318733303566699
midday,292,0.2318733303566699,011,1,1,2,60.0,12.0,18.0,6.0,24.0,5.564959928560078,0.0,0.0,24.0,5.564959928560078
midday,294,0.15458222023777993,034,1,1,2,15.0,12.0,6.75,6.0,1.5,0.2318733303566699,0.0,0.0,1.5,0.2318733303566699
midday,296,0.15458222023777993,034,1,1,2,15.0,12.0,6.75,6.0,1.5,0.2318733303566699,0.0,0.0,1.5,0.2318733303566699
midday,316,0.15458222023777993,002,2,1,3,14.4,9.72972972972973,6.6,4.864864864864865,3.4702702702702695,0.5364420832035388,0.0,0.0,3.4702702702702695,0.5364420832035388
midday,317,0.15458222023777993,034,1,1,2,15.0,12.0,6.75,6.0,1.5,0.2318733303566699,0.0,0.0,1.5,0.2318733303566699
midday,337,0.2318733303566699,011,1,1,2,60.0,12.0,18.0,6.0,24.0,5.564959928560078,0.0,0.0,24.0,5.564959928560078
midday,347,0.2318733303566699,002,2,1,3,14.4,9.72972972972973,6.6,4.864864864864865,3.4702702702702695,0.8046631248053083,0.0,0.0,3.4702702702702695,0.8046631248053083
midday,349,2.473315523804479,002,2,1,3,14.4,9.72972972972973,6.6,4.864864864864865,3.4702702702702695,8.583073331256621,0.0,0.0,3.4702702702702695,8.583073331256621
midday,352,0.15458222023777993,102,1,1,2,30.0,9.72972972972973,10.5,4.864864864864865,11.27027027027027,1.7421834010582224,0.0,0.0,11.27027027027027,1.7421834010582224
midday,353,0.8502022113077896,002,2,1,3,14.4,9.72972972972973,6.6,4.864864864864865,3.4702702702702695,2.9504314576194637,0.0,0.0,3.4702702702702695,2.9504314576194637
midday,354,0.30916444047555985,002,2,1,3,14.4,9.72972972972973,6.6,4.864864864864865,3.4702702702702695,1.0728841664070776,0.0,0.0,3.4702702702702695,1.0728841664070776
midday,355,0.15458222023777993,102,1,1,2,30.0,9.72972972972973,10.5,4.864864864864865,11.27027027027027,1.7421834010582224,0.0,0.0,11.27027027027027,1.7421834010582224
midday,367,0.15458222023777993,002,2,1,3,14.4,9.72972972972973,6.6,4.864864864864865,3.4702702702702695,0.5364420832035388,0.0,0.0,3.4702702702702695,0.5364420832035388
midday,368,0.2318733303566699,102,1,1,2,30.0,9.72972972972973,10.5,4.864864864864865,11.27027027027027,2.613275101587334,0.0,0.0,11.27027027027027,2.613275101587334
midday,369,0.2318733303566699,002,2,1,3,14.4,9.72972972972973,6.6,4.864864864864865,3.4702702702702695,0.8046631248053083,0.0,0.0,3.4702702702702695,0.8046631248053083
midday,370,0.15458222023777993,002,2,1,3,14.4,9.72972972972973,6.6,4.864864864864865,3.4702702702702695,0.5364420832035388,0.0,0.0,3.4702702702702695,0.5364420832035388
midday,380,0.15458222023777993,034,1,1,2,15.0,12.0,6.75,6.0,1.5,0.2318733303566699,0.0,0.0,1.5,0.2318733303566699
midday,387,0.30916444047555985,102,1,1,2,30.0,9.72972972972973,10.5,4.864864864864865,11.27027027027027,3.484366802116445,0.0,0.0,11.27027027027027,3.484366802116445
midday,387,0.30916444047555985,007,2,2,4,15.0,10.0,6.75,5.0,3.5,1.0820755416644594,0.0,0.0,3.5,1.0820755416644594
midday,402,0.30916444047555985,034,1,1,2,15.0,12.0,6.75,6.0,1.5,0.4637466607133398,0.0,0.0,1.5,0.4637466607133398
midday,418,0.2318733303566699,034,1,1,2,15.0,12.0,6.75,6.0,1.5,0.34780999553500486,0.0,0.0,1.5,0.34780999553500486
midday,431,0.5410377708322297,007,2,2,4,15.0,10.0,6.75,5.0,3.5,1.893632197912804,0.0,0.0,3.5,1.893632197912804
midday,462,0.2318733303566699,002,2,2,4,14.4,7.346938775510203,6.6,3.6734693877551017,5.853061224489796,1.3571687989039374,0.0,0.0,5.853061224489796,1.3571687989039374
midday,462,0.2318733303566699,034,1,1,2,15.0,12.0,6.75,6.0,1.5,0.34780999553500486,0.0,0.0,1.5,0.34780999553500486
midday,464,0.15458222023777993,002,2,1,3,14.4,9.72972972972973,6.6,4.864864864864865,3.4702702702702695,0.5364420832035388,0.0,0.0,3.4702702702702695,0.5364420832035388
midday,466,0.15458222023777993,002,2,1,3,14.4,9.72972972972973,6.6,4.864864864864865,3.4702702702702695,0.5364420832035388,0.0,0.0,3.4702702702702695,0.5364420832035388
midday,468,0.2318733303566699,002,2,1,3,14.4,9.72972972972973,6.6,4.864864864864865,3.4702702702702695,0.8046631248053083,0.0,0.0,3.4702702702702695,0.8046631248053083
midday,471,0.15458222023777993,102,1,1,2,30.0,9.72972972972973,10.5,4.864864864864865,11.27027027027027,1.7421834010582224,0.0,0.0,11.27027027027027,1.7421834010582224
midday,471,0.15458222023777993,007,2,2,4,15.0,10.0,6.75,5.0,3.5,0.5410377708322297,0.0,0.0,3.5,0.5410377708322297
midday,472,1.7004044226155792,002,2,1,3,14.4,9.72972972972973,6.6,4.864864864864865,3.4702702702702695,5.900862915238927,0.0,0.0,3.4702702702702695,5.900862915238927
midday,476,0.15458222023777993,102,1,1,2,30.0,9.72972972972973,10.5,4.864864864864865,11.27027027027027,1.7421834010582224,0.0,0.0,11.27027027027027,1.7421834010582224
midday,477,1.0047844315455696,002,2,1,3,14.4,9.72972972972973,6.6,4.864864864864865,3.4702702702702695,3.486873540823003,0.0,0.0,3.4702702702702695,3.486873540823003
midday,478,0.2318733303566699,002,2,1,3,14.4,9.72972972972973,6.6,4.864864864864865,3.4702702702702695,0.8046631248053083,0.0,0.0,3.4702702702702695,0.8046631248053083
midday,479,0.2318733303566699,002,2,1,3,14.4,9.72972972972973,6.6,4.864864864864865,3.4702702702702695,0.8046631248053083,0.0,0.0,3.4702702702702695,0.8046631248053083
midday,480,0.15458222023777993,102,1,1,2,30.0,9.72972972972973,10.5,4.864864864864865,11.27027027027027,1.7421834010582224,0.0,0.0,11.27027027027027,1.7421834010582224
midday,484,0.15458222023777993,002,2,2,4,14.4,7.346938775510203,6.6,3.6734693877551017,5.853061224489796,0.9047791992692915,0.0,0.0,5.853061224489796,0.9047791992692915
midday,484,0.15458222023777993,034,1,1,2,15.0,12.0,6.75,6.0,1.5,0.2318733303566699,0.0,0.0,1.5,0.2318733303566699
midday,487,0.15458222023777993,002,2,2,4,14.4,7.346938775510203,6.6,3.6734693877551017,5.853061224489796,0.9047791992692915,0.0,0.0,5.853061224489796,0.9047791992692915
midday,488,0.15458222023777993,002,2,1,3,14.4,9.72972972972973,6.6,4.864864864864865,3.4702702702702695,0.5364420832035388,0.0,0.0,3.4702702702702695,0.5364420832035388
midday,491,0.2318733303566699,002,2,1,3,14.4,9.72972972972973,6.6,4.864864864864865,3.4702702702702695,0.8046631248053083,0.0,0.0,3.4702702702702695,0.8046631248053083
midday,492,0.15458222023777993,002,2,1,3,14.4,9.72972972972973,6.6,4.864864864864865,3.4702702702702695,0.5364420832035388,0.0,0.0,3.4702702702702695,0.5364420832035388
midday,493,0.15458222023777993,002,2,2,4,14.4,7.346938775510203,6.6,3.6734693877551017,5.853061224489796,0.9047791992692915,0.0,0.0,5.853061224489796,0.9047791992692915
midday,494,0.3864555505944498,002,2,2,4,14.4,7.346938775510203,6.6,3.6734693877551017,5.853061224489796,2.2619479981732287,0.0,0.0,5.853061224489796,2.2619479981732287
midday,496,0.15458222023777993,034,1,1,2,15.0,12.0,6.75,6.0,1.5,0.2318733303566699,0.0,0.0,1.5,0.2318733303566699
midday,497,0.2318733303566699,034,1,1,2,15.0,12.0,6.75,6.0,1.5,0.34780999553500486,0.0,0.0,1.5,0.34780999553500486
midday,502,0.15458222023777993,007,2,2,4,15.0,10.0,6.75,5.0,3.5,0.5410377708322297,0.0,0.0,3.5,0.5410377708322297
midday,510,0.5410377708322297,034,1,1,2,15.0,12.0,6.75,6.0,1.5,0.8115566562483445,0.0,0.0,1.5,0.8115566562483445
midday,511,0.15458222023777993,034,1,1,2,15.0,12.0,6.75,6.0,1.5,0.2318733303566699,0.0,0.0,1.5,0.2318733303566699
midday,512,0.15458222023777993,034,1,1,2,15.0,12.0,6.75,6.0,1.5,0.2318733303566699,0.0,0.0,1.5,0.2318733303566699
midday,514,0.30916444047555985,034,1,1,2,15.0,12.0,6.75,6.0,1.5,0.4637466607133398,0.0,0.0,1.5,0.4637466607133398
midday,515,0.15458222023777993,034,1,1,2,15.0,12.0,6.75,6.0,1.5,0.2318733303566699,0.0,0.0,1.5,0.2318733303566699
midday,516,0.2318733303566699,034,1,1,2,15.0,12.0,6.75,6.0,1.5,0.34780999553500486,0.0,0.0,1.5,0.34780999553500486
midday,518,0.15458222023777993,034,1,1,2,15.0,12.0,6.75,6.0,1.5,0.2318733303566699,0.0,0.0,1.5,0.2318733303566699
midday,532,0.15458222023777993,002,2,1,3,14.4,9.72972972972973,6.6,4.864864864864865,3.4702702702702695,0.5364420832035388,0.0,0.0,3.4702702702702695,0.5364420832035388
midday,532,0.15458222023777993,034,1,1,2,15.0,12.0,6.75,6.0,1.5,0.2318733303566699,0.0,0.0,1.5,0.2318733303566699
midday,533,0.15458222023777993,002,2,1,3,14.4,9.72972972972973,6.6,4.864864864864865,3.4702702702702695,0.5364420832035388,0.0,0.0,3.4702702702702695,0.5364420832035388
midday,534,0.15458222023777993,002,2,1,3,14.4,9.72972972972973,6.6,4.864864864864865,3.4702702702702695,0.5364420832035388,0.0,0.0,3.4702702702702695,0.5364420832035388
midday,538,0.15458222023777993,002,2,1,3,14.4,9.72972972972973,6.6,4.864864864864865,3.4702702702702695,0.5364420832035388,0.0,0.0,3.4702702702702695,0.5364420832035388
midday,540,0.15458222023777993,002,2,1,3,14.4,9.72972972972973,6.6,4.864864864864865,3.4702702702702695,0.5364420832035388,0.0,0.0,3.4702702702702695,0.5364420832035388
midday,541,0.15458222023777993,002,2,1,3,14.4,9.72972972972973,6.6,4.864864864864865,3.4702702702702695,0.5364420832035388,0.0,0.0,3.4702702702702695,0.5364420832035388
midday,542,0.2318733303566699,002,2,1,3,14.4,9.72972972972973,6.6,4.864864864864865,3.4702702702702695,0.8046631248053083,0.0,0.0,3.4702702702702695,0.8046631248053083
midday,543,0.2318733303566699,102,1,1,2,30.0,9.72972972972973,10.5,4.864864864864865,11.27027027027027,2.613275101587334,0.0,0.0,11.27027027027027,2.613275101587334
midday,543,0.2318733303566699,007,2,2,4,15.0,10.0,6.75,5.0,3.5,0.8115566562483447,0.0,0.0,3.5,0.8115566562483447
midday,544,2.164151083328919,002,2,1,3,14.4,9.72972972972973,6.6,4.864864864864865,3.4702702702702695,7.510189164849543,0.0,0.0,3.4702702702702695,7.510189164849543
midday,548,0.3864555505944498,002,2,1,3,14.4,9.72972972972973,6.6,4.864864864864865,3.4702702702702695,1.341105208008847,0.0,0.0,3.4702702702702695,1.341105208008847
midday,549,1.7776955327344692,002,2,1,3,14.4,9.72972972972973,6.6,4.864864864864865,3.4702702702702695,6.169083956840697,0.0,0.0,3.4702702702702695,6.169083956840697
midday,550,0.15458222023777993,002,2,1,3,14.4,9.72972972972973,6.6,4.864864864864865,3.4702702702702695,0.5364420832035388,0.0,0.0,3.4702702702702695,0.5364420832035388
midday,551,0.15458222023777993,002,2,1,3,14.4,9.72972972972973,6.6,4.864864864864865,3.4702702702702695,0.5364420832035388,0.0,0.0,3.4702702702702695,0.5364420832035388
midday,552,0.2318733303566699,002,2,1,3,14.4,9.72972972972973,6.6,4.864864864864865,3.4702702702702695,0.8046631248053083,0.0,0.0,3.4702702702702695,0.8046631248053083
midday,553,0.8502022113077896,002,2,1,3,14.4,9.72972972972973,6.6,4.864864864864865,3.4702702702702695,2.9504314576194637,0.0,0.0,3.4702702702702695,2.9504314576194637
midday,554,0.15458222023777993,002,2,1,3,14.4,9.72972972972973,6.6,4.864864864864865,3.4702702702702695,0.5364420832035388,0.0,0.0,3.4702702702702695,0.5364420832035388
midday,555,0.15458222023777993,002,2,1,3,14.4,9.72972972972973,6.6,4.864864864864865,3.4702702702702695,0.5364420832035388,0.0,0.0,3.4702702702702695,0.5364420832035388
midday,558,0.15458222023777993,002,2,1,3,14.4,9.72972972972973,6.6,4.864864864864865,3.4702702702702695,0.5364420832035388,0.0,0.0,3.4702702702702695,0.5364420832035388
midday,563,0.30916444047555985,002,2,1,3,14.4,9.72972972972973,6.6,4.864864864864865,3.4702702702702695,1.0728841664070776,0.0,0.0,3.4702702702702695,1.0728841664070776
midday,564,0.15458222023777993,002,2,1,3,14.4,9.72972972972973,6.6,4.864864864864865,3.4702702702702695,0.5364420832035388,0.0,0.0,3.4702702702702695,0.5364420832035388
midday,565,0.15458222023777993,002,2,1,3,14.4,9.72972972972973,6.6,4.864864864864865,3.4702702702702695,0.5364420832035388,0.0,0.0,3.4702702702702695,0.5364420832035388
midday,568,0.3864555505944498,102,1,1,2,30.0,9.72972972972973,10.5,4.864864864864865,11.27027027027027,4.355458502645556,0.0,0.0,11.27027027027027,4.355458502645556
midday,569,0.15458222023777993,002,2,1,3,14.4,9.72972972972973,6.6,4.864864864864865,3.4702702702702695,0.5364420832035388,0.0,0.0,3.4702702702702695,0.5364420832035388
midday,571,0.6183288809511197,002,2,1,3,14.4,9.72972972972973,6.6,4.864864864864865,3.4702702702702695,2.1457683328141552,0.0,0.0,3.4702702702702695,2.1457683328141552
midday,571,0.6183288809511197,034,1,1,2,15.0,12.0,6.75,6.0,1.5,0.9274933214266796,0.0,0.0,1.5,0.9274933214266796
midday,572,1.1593666517833494,002,2,1,3,14.4,9.72972972972973,6.6,4.864864864864865,3.4702702702702695,4.023315624026542,0.0,0.0,3.4702702702702695,4.023315624026542
midday,573,0.4637466607133398,002,2,1,3,14.4,9.72972972972973,6.6,4.864864864864865,3.4702702702702695,1.6093262496106167,0.0,0.0,3.4702702702702695,1.6093262496106167
midday,575,0.4637466607133398,034,1,1,2,15.0,12.0,6.75,6.0,1.5,0.6956199910700097,0.0,0.0,1.5,0.6956199910700097
midday,576,0.2318733303566699,034,1,1,2,15.0,12.0,6.75,6.0,1.5,0.34780999553500486,0.0,0.0,1.5,0.34780999553500486
midday,587,0.3864555505944498,007,2,2,4,15.0,10.0,6.75,5.0,3.5,1.3525944270805743,0.0,0.0,3.5,1.3525944270805743
midday,594,0.2318733303566699,034,1,1,2,15.0,12.0,6.75,6.0,1.5,0.34780999553500486,0.0,0.0,1.5,0.34780999553500486
midday,596,0.15458222023777993,034,1,1,2,15.0,12.0,6.75,6.0,1.5,0.2318733303566699,0.0,0.0,1.5,0.2318733303566699
midday,598,0.3864555505944498,034,1,1,2,15.0,12.0,6.75,6.0,1.5,0.5796833258916747,0.0,0.0,1.5,0.5796833258916747
midday,599,0.15458222023777993,034,1,1,2,15.0,12.0,6.75,6.0,1.5,0.2318733303566699,0.0,0.0,1.5,0.2318733303566699
midday,600,0.4637466607133398,034,1,1,2,15.0,12.0,6.75,6.0,1.5,0.6956199910700097,0.0,0.0,1.5,0.6956199910700097
midday,601,0.30916444047555985,034,1,1,2,15.0,12.0,6.75,6.0,1.5,0.4637466607133398,0.0,0.0,1.5,0.4637466607133398
midday,603,0.2318733303566699,034,1,1,2,15.0,12.0,6.75,6.0,1.5,0.34780999553500486,0.0,0.0,1.5,0.34780999553500486
midday,634,0.30916444047555985,102,1,1,2,30.0,9.72972972972973,10.5,4.864864864864865,11.27027027027027,3.484366802116445,0.0,0.0,11.27027027027027,3.484366802116445
midday,634,0.30916444047555985,007,2,2,4,15.0,10.0,6.75,5.0,3.5,1.0820755416644594,0.0,0.0,3.5,1.0820755416644594
midday,663,0.15458222023777993,102,1,1,2,30.0,9.72972972972973,10.5,4.864864864864865,11.27027027027027,1.7421834010582224,0.0,0.0,11.27027027027027,1.7421834010582224
midday,690,0.6183288809511197,007,2,2,4,15.0,10.0,6.75,5.0,3.5,2.164151083328919,0.0,0.0,3.5,2.164151083328919
midday,733,0.6956199910700097,007,2,2,4,15.0,10.0,6.75,5.0,3.5,2.434669968745034,0.0,0.0,3.5,2.434669968745034
midday,771,0.2318733303566699,002,2,1,3,14.4,9.72972972972973,6.6,4.864864864864865,3.4702702702702695,0.8046631248053083,0.0,0.0,3.4702702702702695,0.8046631248053083
midday,871,0.2318733303566699,002,2,1,3,14.4,7.346938775510203,6.6,3.6734693877551017,5.853061224489796,1.3571687989039374,0.0,0.0,5.853061224489796,1.3571687989039374
midday,957,0.30916444047555985,002,2,1,3,14.4,7.346938775510203,6.6,3.6734693877551017,5.853061224489796,1.809558398538583,0.0,0.0,5.853061224489796,1.809558398538583
midday,976,0.2318733303566699,002,2,1,3,14.4,7.346938775510203,6.6,3.6734693877551017,5.853061224489796,1.3571687989039374,0.0,0.0,5.853061224489796,1.3571687989039374
midday,979,0.2318733303566699,006,1,1,2,14.693877551020408,9.72972972972973,6.673469387755102,4.864864864864865,3.6172090457804735,0.8387343080413905,-1.7763568394002505e-15,-4.118897762535843e-16,3.6172090457804753,0.8387343080413908
midday,1003,0.30916444047555985,002,2,1,3,14.4,9.72972972972973,6.6,4.864864864864865,3.4702702702702695,1.0728841664070776,0.0,0.0,3.4702702702702695,1.0728841664070776
midday,1005,0.2318733303566699,002,2,1,3,14.4,9.72972972972973,6.6,4.864864864864865,3.4702702702702695,0.8046631248053083,0.0,0.0,3.4702702702702695,0.8046631248053083
midday,1008,0.3864555505944498,002,2,1,3,14.4,9.72972972972973,6.6,4.864864864864865,3.4702702702702695,1.341105208008847,0.0,0.0,3.4702702702702695,1.341105208008847
midday,1009,0.30916444047555985,002,2,1,3,14.4,9.72972972972973,6.6,4.864864864864865,3.4702702702702695,1.0728841664070776,0.0,0.0,3.4702702702702695,1.0728841664070776
midday,1010,0.2318733303566699,002,2,1,3,14.4,9.72972972972973,6.6,4.864864864864865,3.4702702702702695,0.8046631248053083,0.0,0.0,3.4702702702702695,0.8046631248053083
midday,1011,0.2318733303566699,102,1,1,2,30.0,9.72972972972973,10.5,4.864864864864865,11.27027027027027,2.613275101587334,0.0,0.0,11.27027027027027,2.613275101587334
midday,1011,0.2318733303566699,007,2,2,4,15.0,10.0,6.75,5.0,3.5,0.8115566562483447,0.0,0.0,3.5,0.8115566562483447
midday,1012,4.560175497014508,002,2,1,3,14.4,9.72972972972973,6.6,4.864864864864865,3.4702702702702695,15.825041454504397,0.0,0.0,3.4702702702702695,15.825041454504397
midday,1016,0.2318733303566699,002,2,1,3,14.4,9.72972972972973,6.6,4.864864864864865,3.4702702702702695,0.8046631248053083,0.0,0.0,3.4702702702702695,0.8046631248053083
midday,1017,1.7776955327344692,002,2,1,3,14.4,9.72972972972973,6.6,4.864864864864865,3.4702702702702695,6.169083956840697,0.0,0.0,3.4702702702702695,6.169083956840697
midday,1018,0.4637466607133398,002,2,1,3,14.4,9.72972972972973,6.6,4.864864864864865,3.4702702702702695,1.6093262496106167,0.0,0.0,3.4702702702702695,1.6093262496106167
midday,1019,0.6183288809511197,002,2,1,3,14.4,9.72972972972973,6.6,4.864864864864865,3.4702702702702695,2.1457683328141552,0.0,0.0,3.4702702702702695,2.1457683328141552
midday,1020,0.5410377708322297,002,2,1,3,14.4,9.72972972972973,6.6,4.864864864864865,3.4702702702702695,1.8775472912123858,0.0,0.0,3.4702702702702695,1.8775472912123858
midday,1021,0.6183288809511197,002,2,1,3,14.4,9.72972972972973,6.6,4.864864864864865,3.4702702702702695,2.1457683328141552,0.0,0.0,3.4702702702702695,2.1457683328141552
midday,1023,0.2318733303566699,002,2,1,3,14.4,9.72972972972973,6.6,4.864864864864865,3.4702702702702695,0.8046631248053083,0.0,0.0,3.4702702702702695,0.8046631248053083
midday,1024,0.2318733303566699,002,2,1,3,14.4,9.72972972972973,6.6,4.864864864864865,3.4702702702702695,0.8046631248053083,0.0,0.0,3.4702702702702695,0.8046631248053083
midday,1034,0.30916444047555985,102,1,1,2,30.0,9.72972972972973,10.5,4.864864864864865,11.27027027027027,3.484366802116445,0.0,0.0,11.27027027027027,3.484366802116445
midday,1038,0.6956199910700097,102,1,1,2,30.0,9.72972972972973,10.5,4.864864864864865,11.27027027027027,7.839825304762002,0.0,0.0,11.27027027027027,7.839825304762002
midday,1053,0.4637466607133398,007,2,2,4,15.0,10.0,6.75,5.0,3.5,1.6231133124966894,0.0,0.0,3.5,1.6231133124966894
midday,1086,0.30916444047555985,007,2,2,4,15.0,10.0,6.75,5.0,3.5,1.0820755416644594,0.0,0.0,3.5,1.0820755416644594
midday,1107,0.2318733303566699,008,2,1,3,15.0,10.12987012987013,6.75,5.064935064935065,3.3701298701298708,0.7814432367215045,0.0,0.0,3.3701298701298708,0.7814432367215045
midday,1108,0.6956199910700097,007,2,2,4,15.0,10.0,6.75,5.0,3.5,2.434669968745034,0.0,0.0,3.5,2.434669968745034
midday,1113,0.3864555505944498,034,1,1,2,15.0,12.0,6.75,6.0,1.5,0.5796833258916747,0.0,0.0,1.5,0.5796833258916747
midday,1115,0.30916444047555985,034,1,1,2,15.0,12.0,6.75,6.0,1.5,0.4637466607133398,0.0,0.0,1.5,0.4637466607133398
midday,1138,0.30916444047555985,008,1,1,2,30.0,15.0,10.5,6.75,7.5,2.318733303566699,0.0,0.0,7.5,2.318733303566699
midday,1139,0.4637466607133398,034,1,1,2,15.0,12.0,6.75,6.0,1.5,0.6956199910700097,0.0,0.0,1.5,0.6956199910700097
midday,1151,0.2318733303566699,102,1,1,2,30.0,9.72972972972973,10.5,4.864864864864865,11.27027027027027,2.613275101587334,0.0,0.0,11.27027027027027,2.613275101587334
midday,1152,0.2318733303566699,102,1,1,2,30.0,9.72972972972973,10.5,4.864864864864865,11.27027027027027,2.613275101587334,0.0,0.0,11.27027027027027,2.613275101587334
midday,1152,0.2318733303566699,007,2,2,4,15.0,10.0,6.75,5.0,3.5,0.8115566562483447,0.0,0.0,3.5,0.8115566562483447
midday,1153,1.932277752972249,002,2,1,3,14.4,9.72972972972973,6.6,4.864864864864865,3.4702702702702695,6.705526040044235,0.0,0.0,3.4702702702702695,6.705526040044235
midday,1155,1.1593666517833494,002,2,1,3,14.4,9.72972972972973,6.6,4.864864864864865,3.4702702702702695,4.023315624026542,0.0,0.0,3.4702702702702695,4.023315624026542
midday,1156,0.2318733303566699,002,2,1,3,14.4,9.72972972972973,6.6,4.864864864864865,3.4702702702702695,0.8046631248053083,0.0,0.0,3.4702702702702695,0.8046631248053083
midday,1162,0.2318733303566699,002,2,1,3,14.4,9.72972972972973,6.6,4.864864864864865,3.4702702702702695,0.8046631248053083,0.0,0.0,3.4702702702702695,0.8046631248053083
midday,1164,0.6183288809511197,102,1,1,2,30.0,9.72972972972973,10.5,4.864864864864865,11.27027027027027,6.96873360423289,0.0,0.0,11.27027027027027,6.96873360423289
midday,1165,0.2318733303566699,034,1,1,2,15.0,12.0,6.75,6.0,1.5,0.34780999553500486,0.0,0.0,1.5,0.34780999553500486
midday,1174,0.2318733303566699,008,2,1,3,15.0,10.12987012987013,6.75,5.064935064935065,3.3701298701298708,0.7814432367215045,0.0,0.0,3.3701298701298708,0.7814432367215045
midday,1178,0.30916444047555985,034,1,1,2,15.0,12.0,6.75,6.0,1.5,0.4637466607133398,0.0,0.0,1.5,0.4637466607133398
midday,1179,0.5410377708322297,034,1,1,2,15.0,12.0,6.75,6.0,1.5,0.8115566562483445,0.0,0.0,1.5,0.8115566562483445
midday,1181,0.2318733303566699,034,1,1,2,15.0,12.0,6.75,6.0,1.5,0.34780999553500486,0.0,0.0,1.5,0.34780999553500486
midday,1197,0.5410377708322297,007,2,2,4,15.0,10.0,6.75,5.0,3.5,1.893632197912804,0.0,0.0,3.5,1.893632197912804
midday,1204,0.2318733303566699,002,2,1,3,14.4,9.72972972972973,6.6,4.864864864864865,3.4702702702702695,0.8046631248053083,0.0,0.0,3.4702702702702695,0.8046631248053083
midday,1205,0.4637466607133398,002,2,1,3,14.4,9.72972972972973,6.6,4.864864864864865,3.4702702702702695,1.6093262496106167,0.0,0.0,3.4702702702702695,1.6093262496106167
midday,1227,0.3864555505944498,102,1,1,2,30.0,9.72972972972973,10.5,4.864864864864865,11.27027027027027,4.355458502645556,0.0,0.0,11.27027027027027,4.355458502645556
midday,1227,0.3864555505944498,007,2,2,4,15.0,10.0,6.75,5.0,3.5,1.3525944270805743,0.0,0.0,3.5,1.3525944270805743
midday,1250,0.2318733303566699,002,2,1,3,14.4,9.72972972972973,6.6,4.864864864864865,3.4702702702702695,0.8046631248053083,0.0,0.0,3.4702702702702695,0.8046631248053083
midday,1258,0.5410377708322297,102,1,1,2,30.0,9.72972972972973,10.5,4.864864864864865,11.27027027027027,6.097641903703778,0.0,0.0,11.27027027027027,6.097641903703778
midday,1258,0.5410377708322297,007,2,2,4,15.0,10.0,6.75,5.0,3.5,1.893632197912804,0.0,0.0,3.5,1.893632197912804
midday,1259,3.1689355148744887,002,2,1,3,14.4,9.72972972972973,6.6,4.864864864864865,3.4702702702702695,10.997062705672548,0.0,0.0,3.4702702702702695,10.997062705672548
midday,1261,0.6956199910700097,002,2,1,3,14.4,9.72972972972973,6.6,4.864864864864865,3.4702702702702695,2.413989374415925,0.0,0.0,3.4702702702702695,2.413989374415925
midday,1262,2.164151083328919,002,2,1,3,14.4,9.72972972972973,6.6,4.864864864864865,3.4702702702702695,7.510189164849543,0.0,0.0,3.4702702702702695,7.510189164849543
midday,1263,0.3864555505944498,002,2,1,3,14.4,9.72972972972973,6.6,4.864864864864865,3.4702702702702695,1.341105208008847,0.0,0.0,3.4702702702702695,1.341105208008847
midday,1264,0.4637466607133398,002,2,1,3,14.4,9.72972972972973,6.6,4.864864864864865,3.4702702702702695,1.6093262496106167,0.0,0.0,3.4702702702702695,1.6093262496106167
midday,1273,0.4637466607133398,002,2,1,3,14.4,9.72972972972973,6.6,4.864864864864865,3.4702702702702695,1.6093262496106167,0.0,0.0,3.4702702702702695,1.6093262496106167
midday,1277,0.2318733303566699,102,1,1,2,30.0,9.72972972972973,10.5,4.864864864864865,11.27027027027027,2.613275101587334,0.0,0.0,11.27027027027027,2.613275101587334
midday,1278,0.2318733303566699,002,2,1,3,14.4,9.72972972972973,6.6,4.864864864864865,3.4702702702702695,0.8046631248053083,0.0,0.0,3.4702702702702695,0.8046631248053083
midday,1279,0.2318733303566699,102,1,1,2,30.0,9.72972972972973,10.5,4.864864864864865,11.27027027027027,2.613275101587334,0.0,0.0,11.27027027027027,2.613275101587334
midday,1282,0.2318733303566699,102,1,1,2,30.0,9.72972972972973,10.5,4.864864864864865,11.27027027027027,2.613275101587334,0.0,0.0,11.27027027027027,2.613275101587334
midday,1283,0.30916444047555985,002,2,1,3,14.4,9.72972972972973,6.6,4.864864864864865,3.4702702702702695,1.0728841664070776,0.0,0.0,3.4702702702702695,1.0728841664070776
midday,1285,0.3864555505944498,002,2,1,3,14.4,9.72972972972973,6.6,4.864864864864865,3.4702702702702695,1.341105208008847,0.0,0.0,3.4702702702702695,1.341105208008847
midday,1293,0.30916444047555985,007,2,2,4,15.0,10.0,6.75,5.0,3.5,1.0820755416644594,0.0,0.0,3.5,1.0820755416644594
midday,1316,0.3864555505944498,008,2,1,3,15.0,10.12987012987013,6.75,5.064935064935065,3.3701298701298708,1.302405394535841,0.0,0.0,3.3701298701298708,1.302405394535841
midday,1317,0.3864555505944498,007,2,2,4,15.0,10.0,6.75,5.0,3.5,1.3525944270805743,0.0,0.0,3.5,1.3525944270805743
midday,1322,0.3864555505944498,002,2,1,3,14.4,9.72972972972973,6.6,4.864864864864865,3.4702702702702695,1.341105208008847,0.0,0.0,3.4702702702702695,1.341105208008847
midday,1324,0.30916444047555985,002,2,1,3,14.4,9.72972972972973,6.6,4.864864864864865,3.4702702702702695,1.0728841664070776,0.0,0.0,3.4702702702702695,1.0728841664070776
midday,1328,0.2318733303566699,002,2,1,3,14.4,9.72972972972973,6.6,4.864864864864865,3.4702702702702695,0.8046631248053083,0.0,0.0,3.4702702702702695,0.8046631248053083
midday,1344,0.30916444047555985,007,2,2,4,15.0,10.0,6.75,5.0,3.5,1.0820755416644594,0.0,0.0,3.5,1.0820755416644594
midday,1355,2.318733303566699,002,2,1,3,14.4,9.72972972972973,6.6,4.864864864864865,3.4702702702702695,8.046631248053083,0.0,0.0,3.4702702702702695,8.046631248053083
midday,1358,0.30916444047555985,102,1,1,2,30.0,9.72972972972973,10.5,4.864864864864865,11.27027027027027,3.484366802116445,0.0,0.0,11.27027027027027,3.484366802116445
midday,1358,0.30916444047555985,007,2,2,4,15.0,10.0,6.75,5.0,3.5,1.0820755416644594,0.0,0.0,3.5,1.0820755416644594
midday,1359,1.0820755416644594,002,2,1,3,14.4,9.72972972972973,6.6,4.864864864864865,3.4702702702702695,3.7550945824247717,0.0,0.0,3.4702702702702695,3.7550945824247717
midday,1361,1.1593666517833494,002,2,1,3,14.4,9.72972972972973,6.6,4.864864864864865,3.4702702702702695,4.023315624026542,0.0,0.0,3.4702702702702695,4.023315624026542
midday,1362,0.5410377708322297,002,2,1,3,14.4,9.72972972972973,6.6,4.864864864864865,3.4702702702702695,1.8775472912123858,0.0,0.0,3.4702702702702695,1.8775472912123858
midday,1373,1.8549866428533592,002,2,1,3,14.4,9.72972972972973,6.6,4.864864864864865,3.4702702702702695,6.437304998442467,0.0,0.0,3.4702702702702695,6.437304998442467
midday,1376,1.3912399821400194,002,2,1,3,14.4,9.72972972972973,6.6,4.864864864864865,3.4702702702702695,4.82797874883185,0.0,0.0,3.4702702702702695,4.82797874883185
midday,1378,1.1593666517833494,002,2,1,3,14.4,9.72972972972973,6.6,4.864864864864865,3.4702702702702695,4.023315624026542,0.0,0.0,3.4702702702702695,4.023315624026542
midday,1379,0.2318733303566699,002,2,1,3,14.4,9.72972972972973,6.6,4.864864864864865,3.4702702702702695,0.8046631248053083,0.0,0.0,3.4702702702702695,0.8046631248053083
midday,1380,0.30916444047555985,002,2,1,3,14.4,9.72972972972973,6.6,4.864864864864865,3.4702702702702695,1.0728841664070776,0.0,0.0,3.4702702702702695,1.0728841664070776
midday,1420,0.30916444047555985,002,2,1,3,14.4,7.346938775510203,6.6,3.6734693877551017,5.853061224489796,1.809558398538583,0.0,0.0,5.853061224489796,1.809558398538583
midday,1421,0.3864555505944498,002,2,1,3,14.4,7.346938775510203,6.6,3.6734693877551017,5.853061224489796,2.2619479981732287,0.0,0.0,5.853061224489796,2.2619479981732287
midday,1475,0.3864555505944498,002,2,1,3,14.4,9.72972972972973,6.6,4.864864864864865,3.4702702702702695,1.341105208008847,0.0,0.0,3.4702702702702695,1.341105208008847
midday,1546,0.30916444047555985,002,2,1,3,14.4,9.72972972972973,6.6,4.864864864864865,3.4702702702702695,1.0728841664070776,0.0,0.0,3.4702702702702695,1.0728841664070776
midday,1608,0.2318733303566699,002,2,1,3,14.4,7.346938775510203,6.6,3.6734693877551017,5.853061224489796,1.3571687989039374,0.0,0.0,5.853061224489796,1.3571687989039374
midday,1609,0.2318733303566699,002,2,1,3,14.4,7.346938775510203,6.6,3.6734693877551017,5.853061224489796,1.3571687989039374,0.0,0.0,5.853061224489796,1.3571687989039374
midday,1634,0.30916444047555985,002,2,2,4,14.4,5.9016393442622945,6.6,2.9508196721311473,7.298360655737705,2.2563935885199875,0.0,0.0,7.298360655737705,2.2563935885199875
midday,1704,0.2318733303566699,002,2,1,3,14.4,7.346938775510203,6.6,3.6734693877551017,5.853061224489796,1.3571687989039374,0.0,0.0,5.853061224489796,1.3571687989039374
midday,1787,0.2318733303566699,002,2,2,4,14.4,5.9016393442622945,6.6,2.9508196721311473,7.298360655737705,1.6922951913899908,0.0,0.0,7.298360655737705,1.6922951913899908
midday,1821,0.30916444047555985,007,2,2,4,15.0,10.0,6.75,5.0,3.5,1.0820755416644594,0.0,0.0,3.5,1.0820755416644594
midday,1838,0.3864555505944498,008,2,1,3,15.0,10.12987012987013,6.75,5.064935064935065,3.3701298701298708,1.302405394535841,0.0,0.0,3.3701298701298708,1.302405394535841
midday,1839,0.30916444047555985,007,2,2,4,15.0,10.0,6.75,5.0,3.5,1.0820755416644594,0.0,0.0,3.5,1.0820755416644594
midday,1875,0.2318733303566699,002,2,1,3,14.4,7.346938775510203,6.6,3.6734693877551017,5.853061224489796,1.3571687989039374,0.0,0.0,5.853061224489796,1.3571687989039374
midday,1876,1.3139488720211294,002,2,1,3,14.4,7.346938775510203,6.6,3.6734693877551017,5.853061224489796,7.690623193788978,0.0,0.0,5.853061224489796,7.690623193788978
midday,1878,0.2318733303566699,002,2,1,3,14.4,7.346938775510203,6.6,3.6734693877551017,5.853061224489796,1.3571687989039374,0.0,0.0,5.853061224489796,1.3571687989039374
midday,1881,0.2318733303566699,002,2,1,3,14.4,9.72972972972973,6.6,4.864864864864865,3.4702702702702695,0.8046631248053083,0.0,0.0,3.4702702702702695,0.8046631248053083
midday,1890,0.2318733303566699,002,2,1,3,14.4,9.72972972972973,6.6,4.864864864864865,3.4702702702702695,0.8046631248053083,0.0,0.0,3.4702702702702695,0.8046631248053083
midday,1893,0.30916444047555985,007,2,2,4,15.0,10.0,6.75,5.0,3.5,1.0820755416644594,0.0,0.0,3.5,1.0820755416644594
midday,1895,0.2318733303566699,002,2,1,3,14.4,9.72972972972973,6.6,4.864864864864865,3.4702702702702695,0.8046631248053083,0.0,0.0,3.4702702702702695,0.8046631248053083
midday,1932,0.30916444047555985,002,2,1,3,14.4,7.346938775510203,6.6,3.6734693877551017,5.853061224489796,1.809558398538583,0.0,0.0,5.853061224489796,1.809558398538583
midday,1940,0.2318733303566699,034,1,1,2,15.0,12.0,6.75,6.0,1.5,0.34780999553500486,0.0,0.0,1.5,0.34780999553500486
midday,1941,0.2318733303566699,034,1,1,2,15.0,12.0,6.75,6.0,1.5,0.34780999553500486,0.0,0.0,1.5,0.34780999553500486
midday,1957,0.2318733303566699,002,2,1,3,14.4,7.346938775510203,6.6,3.6734693877551017,5.853061224489796,1.3571687989039374,0.0,0.0,5.853061224489796,1.3571687989039374
midday,1958,0.2318733303566699,002,2,1,3,14.4,7.346938775510203,6.6,3.6734693877551017,5.853061224489796,1.3571687989039374,0.0,0.0,5.853061224489796,1.3571687989039374
midday,1959,0.2318733303566699,002,2,2,4,14.4,5.9016393442622945,6.6,2.9508196721311473,7.298360655737705,1.6922951913899908,0.0,0.0,7.298360655737705,1.6922951913899908
midday,1960,0.6183288809511197,002,2,2,4,14.4,5.9016393442622945,6.6,2.9508196721311473,7.298360655737705,4.512787177039975,0.0,0.0,7.298360655737705,4.512787177039975
midday,1962,0.30916444047555985,002,2,2,4,14.4,5.9016393442622945,6.6,2.9508196721311473,7.298360655737705,2.2563935885199875,0.0,0.0,7.298360655737705,2.2563935885199875
midday,1966,0.30916444047555985,002,2,1,3,14.4,7.346938775510203,6.6,3.6734693877551017,5.853061224489796,1.809558398538583,0.0,0.0,5.853061224489796,1.809558398538583
midday,1968,0.5410377708322297,002,2,1,3,14.4,7.346938775510203,6.6,3.6734693877551017,5.853061224489796,3.16672719744252,0.0,0.0,5.853061224489796,3.16672719744252
midday,1969,0.9274933214266796,002,2,2,4,14.4,5.9016393442622945,6.6,2.9508196721311473,7.298360655737705,6.769180765559963,0.0,0.0,7.298360655737705,6.769180765559963
midday,1970,0.8502022113077896,002,2,2,4,14.4,5.9016393442622945,6.6,2.9508196721311473,7.298360655737705,6.205082368429966,0.0,0.0,7.298360655737705,6.205082368429966
midday,1971,0.2318733303566699,002,2,1,3,14.4,9.72972972972973,6.6,4.864864864864865,3.4702702702702695,0.8046631248053083,0.0,0.0,3.4702702702702695,0.8046631248053083
midday,1973,0.30916444047555985,002,2,2,4,14.4,5.9016393442622945,6.6,2.9508196721311473,7.298360655737705,2.2563935885199875,0.0,0.0,7.298360655737705,2.2563935885199875
midday,1976,0.30916444047555985,008,2,1,3,15.0,10.2,6.75,5.1,3.3000000000000007,1.0202426535693478,0.0,0.0,3.3000000000000007,1.0202426535693478
midday,1977,1.4685310922589094,008,2,1,3,15.0,10.2,6.75,5.1,3.3000000000000007,4.846152604454402,0.0,0.0,3.3000000000000007,4.846152604454402
midday,1977,1.4685310922589094,002,2,1,3,14.4,9.72972972972973,6.6,4.864864864864865,3.4702702702702695,5.096199790433619,0.0,0.0,3.4702702702702695,5.096199790433619
midday,1986,0.30916444047555985,007,2,2,4,15.0,10.0,6.75,5.0,3.5,1.0820755416644594,0.0,0.0,3.5,1.0820755416644594
midday,1991,0.2318733303566699,008,2,1,3,15.0,10.2,6.75,5.1,3.3000000000000007,0.7651819901770108,0.0,0.0,3.3000000000000007,0.7651819901770108
midday,1993,0.2318733303566699,008,2,1,3,15.0,10.2,6.75,5.1,3.3000000000000007,0.7651819901770108,0.0,0.0,3.3000000000000007,0.7651819901770108
midday,1994,0.2318733303566699,008,2,1,3,15.0,10.2,6.75,5.1,3.3000000000000007,0.7651819901770108,0.0,0.0,3.3000000000000007,0.7651819901770108
midday,2007,0.2318733303566699,002,2,1,3,14.4,7.346938775510203,6.6,3.6734693877551017,5.853061224489796,1.3571687989039374,0.0,0.0,5.853061224489796,1.3571687989039374
midday,2016,0.3864555505944498,002,2,1,3,14.4,9.72972972972973,6.6,4.864864864864865,3.4702702702702695,1.341105208008847,0.0,0.0,3.4702702702702695,1.341105208008847
midday,2017,0.4637466607133398,002,2,1,3,14.4,9.72972972972973,6.6,4.864864864864865,3.4702702702702695,1.6093262496106167,0.0,0.0,3.4702702702702695,1.6093262496106167
midday,2036,0.2318733303566699,002,2,1,3,14.4,7.346938775510203,6.6,3.6734693877551017,5.853061224489796,1.3571687989039374,0.0,0.0,5.853061224489796,1.3571687989039374
midday,2041,0.2318733303566699,002,2,1,3,14.4,7.346938775510203,6.6,3.6734693877551017,5.853061224489796,1.3571687989039374,0.0,0.0,5.853061224489796,1.3571687989039374
midday,2042,0.4637466607133398,002,2,2,4,14.4,5.9016393442622945,6.6,2.9508196721311473,7.298360655737705,3.3845903827799817,0.0,0.0,7.298360655737705,3.3845903827799817
midday,2049,0.2318733303566699,002,2,1,3,14.4,7.346938775510203,6.6,3.6734693877551017,5.853061224489796,1.3571687989039374,0.0,0.0,5.853061224489796,1.3571687989039374
midday,2114,0.8502022113077896,008,2,1,3,15.0,10.2,6.75,5.1,3.3000000000000007,2.8056672973157064,0.0,0.0,3.3000000000000007,2.8056672973157064
midday,2115,0.6956199910700097,008,2,1,3,15.0,10.2,6.75,5.1,3.3000000000000007,2.2955459705310326,0.0,0.0,3.3000000000000007,2.2955459705310326
midday,2128,0.3864555505944498,007,2,2,4,15.0,10.0,6.75,5.0,3.5,1.3525944270805743,0.0,0.0,3.5,1.3525944270805743
midday,2140,0.4637466607133398,008,2,1,3,15.0,10.2,6.75,5.1,3.3000000000000007,1.5303639803540217,0.0,0.0,3.3000000000000007,1.5303639803540217
midday,2141,0.3864555505944498,008,2,1,3,15.0,10.2,6.75,5.1,3.3000000000000007,1.2753033169616845,0.0,0.0,3.3000000000000007,1.2753033169616845
midday,2148,0.4637466607133398,008,2,1,3,15.0,10.2,6.75,5.1,3.3000000000000007,1.5303639803540217,0.0,0.0,3.3000000000000007,1.5303639803540217
midday,2152,0.2318733303566699,008,2,1,3,15.0,10.2,6.75,5.1,3.3000000000000007,0.7651819901770108,0.0,0.0,3.3000000000000007,0.7651819901770108
midday,2167,0.4637466607133398,002,2,1,3,14.4,7.346938775510203,6.6,3.6734693877551017,5.853061224489796,2.7143375978078748,0.0,0.0,5.853061224489796,2.7143375978078748
midday,2169,0.30916444047555985,007,2,2,4,15.0,10.0,6.75,5.0,3.5,1.0820755416644594,0.0,0.0,3.5,1.0820755416644594
midday,2176,0.2318733303566699,008,2,1,3,15.0,10.2,6.75,5.1,3.3000000000000007,0.7651819901770108,0.0,0.0,3.3000000000000007,0.7651819901770108
midday,2182,0.2318733303566699,002,2,1,3,14.4,7.346938775510203,6.6,3.6734693877551017,5.853061224489796,1.3571687989039374,0.0,0.0,5.853061224489796,1.3571687989039374
midday,2186,0.6956199910700097,002,2,1,3,14.4,7.346938775510203,6.6,3.6734693877551017,5.853061224489796,4.071506396711812,0.0,0.0,5.853061224489796,4.071506396711812
midday,2187,0.6956199910700097,002,2,1,3,14.4,7.346938775510203,6.6,3.6734693877551017,5.853061224489796,4.071506396711812,0.0,0.0,5.853061224489796,4.071506396711812
midday,2188,0.2318733303566699,002,2,1,3,14.4,7.346938775510203,6.6,3.6734693877551017,5.853061224489796,1.3571687989039374,0.0,0.0,5.853061224489796,1.3571687989039374
midday,2189,0.3864555505944498,002,2,1,3,14.4,7.346938775510203,6.6,3.6734693877551017,5.853061224489796,2.2619479981732287,0.0,0.0,5.853061224489796,2.2619479981732287
midday,2189,0.3864555505944498,007,2,2,4,15.0,10.0,6.75,5.0,3.5,1.3525944270805743,0.0,0.0,3.5,1.3525944270805743
midday,2190,2.086859973210029,002,2,1,3,14.4,7.346938775510203,6.6,3.6734693877551017,5.853061224489796,12.214519190135436,0.0,0.0,5.853061224489796,12.214519190135436
midday,2192,1.3912399821400194,002,2,1,3,14.4,7.346938775510203,6.6,3.6734693877551017,5.853061224489796,8.143012793423624,0.0,0.0,5.853061224489796,8.143012793423624
midday,2201,0.30916444047555985,002,2,1,3,14.4,7.346938775510203,6.6,3.6734693877551017,5.853061224489796,1.809558398538583,0.0,0.0,5.853061224489796,1.809558398538583
midday,2204,0.30916444047555985,002,2,1,3,14.4,7.346938775510203,6.6,3.6734693877551017,5.853061224489796,1.809558398538583,0.0,0.0,5.853061224489796,1.809558398538583
midday,2208,0.2318733303566699,002,2,1,3,14.4,7.346938775510203,6.6,3.6734693877551017,5.853061224489796,1.3571687989039374,0.0,0.0,5.853061224489796,1.3571687989039374
midday,2209,0.4637466607133398,002,2,1,3,14.4,7.346938775510203,6.6,3.6734693877551017,5.853061224489796,2.7143375978078748,0.0,0.0,5.853061224489796,2.7143375978078748
midday,2210,0.6956199910700097,002,2,1,3,14.4,7.346938775510203,6.6,3.6734693877551017,5.853061224489796,4.071506396711812,0.0,0.0,5.853061224489796,4.071506396711812
midday,2211,0.5410377708322297,002,2,1,3,14.4,7.346938775510203,6.6,3.6734693877551017,5.853061224489796,3.16672719744252,0.0,0.0,5.853061224489796,3.16672719744252
midday,2214,0.30916444047555985,002,2,1,3,14.4,7.346938775510203,6.6,3.6734693877551017,5.853061224489796,1.809558398538583,0.0,0.0,5.853061224489796,1.809558398538583
midday,2215,0.30916444047555985,002,2,1,3,14.4,7.346938775510203,6.6,3.6734693877551017,5.853061224489796,1.809558398538583,0.0,0.0,5.853061224489796,1.809558398538583
midday,2216,0.2318733303566699,004,1,1,2,30.0,11.999999999999998,10.5,5.999999999999999,9.000000000000002,2.0868599732100295,0.0,0.0,9.000000000000002,2.0868599732100295
midday,2217,0.2318733303566699,002,2,2,4,14.4,5.9016393442622945,6.6,2.9508196721311473,7.298360655737705,1.6922951913899908,0.0,0.0,7.298360655737705,1.6922951913899908
midday,2219,0.8502022113077896,002,2,2,4,14.4,5.9016393442622945,6.6,2.9508196721311473,7.298360655737705,6.205082368429966,0.0,0.0,7.298360655737705,6.205082368429966
midday,2225,0.2318733303566699,002,2,1,3,14.4,7.346938775510203,6.6,3.6734693877551017,5.853061224489796,1.3571687989039374,0.0,0.0,5.853061224489796,1.3571687989039374
midday,2226,0.30916444047555985,002,2,1,3,14.4,7.346938775510203,6.6,3.6734693877551017,5.853061224489796,1.809558398538583,0.0,0.0,5.853061224489796,1.809558398538583
midday,2227,0.2318733303566699,002,2,1,3,14.4,7.346938775510203,6.6,3.6734693877551017,5.853061224489796,1.3571687989039374,0.0,0.0,5.853061224489796,1.3571687989039374
midday,2228,0.6956199910700097,002,2,1,3,14.4,7.346938775510203,6.6,3.6734693877551017,5.853061224489796,4.071506396711812,0.0,0.0,5.853061224489796,4.071506396711812
midday,2229,0.2318733303566699,002,2,1,3,14.4,7.346938775510203,6.6,3.6734693877551017,5.853061224489796,1.3571687989039374,0.0,0.0,5.853061224489796,1.3571687989039374
midday,2231,0.2318733303566699,002,2,1,3,14.4,7.346938775510203,6.6,3.6734693877551017,5.853061224489796,1.3571687989039374,0.0,0.0,5.853061224489796,1.3571687989039374
midday,2234,0.30916444047555985,002,2,1,3,14.4,7.346938775510203,6.6,3.6734693877551017,5.853061224489796,1.809558398538583,0.0,0.0,5.853061224489796,1.809558398538583
midday,2235,0.3864555505944498,002,2,1,3,14.4,7.346938775510203,6.6,3.6734693877551017,5.853061224489796,2.2619479981732287,0.0,0.0,5.853061224489796,2.2619479981732287
midday,2236,0.30916444047555985,002,2,1,3,14.4,7.346938775510203,6.6,3.6734693877551017,5.853061224489796,1.809558398538583,0.0,0.0,5.853061224489796,1.809558398538583
midday,2240,0.3864555505944498,002,2,1,3,14.4,9.72972972972973,6.6,4.864864864864865,3.4702702702702695,1.341105208008847,0.0,0.0,3.4702702702702695,1.341105208008847
midday,2243,0.3864555505944498,002,2,1,3,14.4,7.346938775510203,6.6,3.6734693877551017,5.853061224489796,2.2619479981732287,0.0,0.0,5.853061224489796,2.2619479981732287
midday,2247,0.2318733303566699,002,2,1,3,14.4,7.346938775510203,6.6,3.6734693877551017,5.853061224489796,1.3571687989039374,0.0,0.0,5.853061224489796,1.3571687989039374
midday,2250,0.30916444047555985,002,2,1,3,14.4,7.346938775510203,6.6,3.6734693877551017,5.853061224489796,1.809558398538583,0.0,0.0,5.853061224489796,1.809558398538583
midday,2260,0.5410377708322297,002,2,1,3,14.4,7.346938775510203,6.6,3.6734693877551017,5.853061224489796,3.16672719744252,0.0,0.0,5.853061224489796,3.16672719744252
midday,2261,0.6956199910700097,002,2,1,3,14.4,7.346938775510203,6.6,3.6734693877551017,5.853061224489796,4.071506396711812,0.0,0.0,5.853061224489796,4.071506396711812
midday,2262,0.2318733303566699,002,2,1,3,14.4,7.346938775510203,6.6,3.6734693877551017,5.853061224489796,1.3571687989039374,0.0,0.0,5.853061224489796,1.3571687989039374
midday,2263,0.2318733303566699,002,2,1,3,14.4,7.346938775510203,6.6,3.6734693877551017,5.853061224489796,1.3571687989039374,0.0,0.0,5.853061224489796,1.3571687989039374
midday,2264,0.2318733303566699,002,2,1,3,14.4,7.346938775510203,6.6,3.6734693877551017,5.853061224489796,1.3571687989039374,0.0,0.0,5.853061224489796,1.3571687989039374
midday,2265,0.2318733303566699,002,2,1,3,14.4,7.346938775510203,6.6,3.6734693877551017,5.853061224489796,1.3571687989039374,0.0,0.0,5.853061224489796,1.3571687989039374
midday,2265,0.2318733303566699,007,2,2,4,15.0,10.0,6.75,5.0,3.5,0.8115566562483447,0.0,0.0,3.5,0.8115566562483447
midday,2266,2.318733303566699,002,2,1,3,14.4,7.346938775510203,6.6,3.6734693877551017,5.853061224489796,13.571687989039372,0.0,0.0,5.853061224489796,13.571687989039372
midday,2269,1.0047844315455696,002,2,1,3,14.4,7.346938775510203,6.6,3.6734693877551017,5.853061224489796,5.881064795250396,0.0,0.0,5.853061224489796,5.881064795250396
midday,2275,0.2318733303566699,002,2,1,3,14.4,7.346938775510203,6.6,3.6734693877551017,5.853061224489796,1.3571687989039374,0.0,0.0,5.853061224489796,1.3571687989039374
midday,2276,0.2318733303566699,002,2,1,3,14.4,7.346938775510203,6.6,3.6734693877551017,5.853061224489796,1.3571687989039374,0.0,0.0,5.853061224489796,1.3571687989039374
midday,2277,0.5410377708322297,002,2,1,3,14.4,7.346938775510203,6.6,3.6734693877551017,5.853061224489796,3.16672719744252,0.0,0.0,5.853061224489796,3.16672719744252
midday,2283,0.30916444047555985,002,2,1,3,14.4,7.346938775510203,6.6,3.6734693877551017,5.853061224489796,1.809558398538583,0.0,0.0,5.853061224489796,1.809558398538583
midday,2286,0.4637466607133398,002,2,1,3,14.4,7.346938775510203,6.6,3.6734693877551017,5.853061224489796,2.7143375978078748,0.0,0.0,5.853061224489796,2.7143375978078748
midday,2296,0.30916444047555985,007,2,2,4,15.0,10.0,6.75,5.0,3.5,1.0820755416644594,0.0,0.0,3.5,1.0820755416644594
midday,2304,0.5410377708322297,102,1,1,2,30.0,9.72972972972973,10.5,4.864864864864865,11.27027027027027,6.097641903703778,0.0,0.0,11.27027027027027,6.097641903703778
midday,2331,0.2318733303566699,007,2,2,4,15.0,10.0,6.75,5.0,3.5,0.8115566562483447,0.0,0.0,3.5,0.8115566562483447
midday,2338,0.5410377708322297,102,1,1,2,30.0,9.72972972972973,10.5,4.864864864864865,11.27027027027027,6.097641903703778,0.0,0.0,11.27027027027027,6.097641903703778
midday,2339,0.2318733303566699,102,1,1,2,30.0,9.72972972972973,10.5,4.864864864864865,11.27027027027027,2.613275101587334,0.0,0.0,11.27027027027027,2.613275101587334
midday,2362,0.30916444047555985,007,2,2,4,15.0,10.0,6.75,5.0,3.5,1.0820755416644594,0.0,0.0,3.5,1.0820755416644594
midday,2371,0.4637466607133398,002,2,1,3,14.4,9.72972972972973,6.6,4.864864864864865,3.4702702702702695,1.6093262496106167,0.0,0.0,3.4702702702702695,1.6093262496106167
midday,2373,0.2318733303566699,002,2,1,3,14.4,9.72972972972973,6.6,4.864864864864865,3.4702702702702695,0.8046631248053083,0.0,0.0,3.4702702702702695,0.8046631248053083
midday,2374,0.4637466607133398,002,2,1,3,14.4,9.72972972972973,6.6,4.864864864864865,3.4702702702702695,1.6093262496106167,0.0,0.0,3.4702702702702695,1.6093262496106167
midday,2405,0.30916444047555985,007,2,2,4,15.0,10.0,6.75,5.0,3.5,1.0820755416644594,0.0,0.0,3.5,1.0820755416644594
midday,2424,0.3864555505944498,007,2,2,4,15.0,10.0,6.75,5.0,3.5,1.3525944270805743,0.0,0.0,3.5,1.3525944270805743
midday,2429,0.30916444047555985,102,1,1,2,30.0,9.72972972972973,10.5,4.864864864864865,11.27027027027027,3.484366802116445,0.0,0.0,11.27027027027027,3.484366802116445
midday,2440,0.5410377708322297,003,1,1,2,28.8,15.129789864029666,10.2,6.782447466007417,6.835105067985165,3.6980500093867694,0.0,0.0,6.835105067985165,3.6980500093867694
midday,2463,0.5410377708322297,002,2,1,3,14.4,9.72972972972973,6.6,4.864864864864865,3.4702702702702695,1.8775472912123858,0.0,0.0,3.4702702702702695,1.8775472912123858
midday,2466,0.30916444047555985,002,2,1,3,14.4,9.72972972972973,6.6,4.864864864864865,3.4702702702702695,1.0728841664070776,0.0,0.0,3.4702702702702695,1.0728841664070776
midday,2493,0.4637466607133398,007,2,2,4,15.0,10.0,6.75,5.0,3.5,1.6231133124966894,0.0,0.0,3.5,1.6231133124966894
midday,2533,0.4637466607133398,002,2,1,3,14.4,9.72972972972973,6.6,4.864864864864865,3.4702702702702695,1.6093262496106167,0.0,0.0,3.4702702702702695,1.6093262496106167
midday,2565,0.9274933214266796,002,2,1,3,14.4,9.72972972972973,6.6,4.864864864864865,3.4702702702702695,3.2186524992212333,0.0,0.0,3.4702702702702695,3.2186524992212333
midday,2567,0.2318733303566699,002,2,1,3,14.4,9.72972972972973,6.6,4.864864864864865,3.4702702702702695,0.8046631248053083,0.0,0.0,3.4702702702702695,0.8046631248053083
midday,2591,0.3864555505944498,007,2,2,4,15.0,10.0,6.75,5.0,3.5,1.3525944270805743,0.0,0.0,3.5,1.3525944270805743
midday,2598,1.0047844315455696,102,1,1,2,30.0,9.72972972972973,10.5,4.864864864864865,11.27027027027027,11.324192106878447,0.0,0.0,11.27027027027027,11.324192106878447
midday,2619,0.6183288809511197,002,2,2,4,14.4,5.9016393442622945,6.6,2.9508196721311473,7.298360655737705,4.512787177039975,0.0,0.0,7.298360655737705,4.512787177039975
midday,2620,0.2318733303566699,002,2,2,4,14.4,5.9016393442622945,6.6,2.9508196721311473,7.298360655737705,1.6922951913899908,0.0,0.0,7.298360655737705,1.6922951913899908
midday,2621,0.2318733303566699,012,1,1,2,20.0,8.571428571428571,8.0,4.285714285714286,7.428571428571429,1.7224875969352622,0.0,0.0,7.428571428571429,1.7224875969352622
midday,2623,0.3864555505944498,007,2,2,4,15.0,10.0,6.75,5.0,3.5,1.3525944270805743,0.0,0.0,3.5,1.3525944270805743
midday,2629,0.3864555505944498,102,1,1,2,30.0,9.72972972972973,10.5,4.864864864864865,11.27027027027027,4.355458502645556,0.0,0.0,11.27027027027027,4.355458502645556
midday,2662,0.6956199910700097,007,2,2,4,15.0,10.0,6.75,5.0,3.5,2.434669968745034,0.0,0.0,3.5,2.434669968745034
midday,2671,0.6956199910700097,102,1,1,2,30.0,9.72972972972973,10.5,4.864864864864865,11.27027027027027,7.839825304762002,0.0,0.0,11.27027027027027,7.839825304762002
midday,2673,0.2318733303566699,002,2,1,3,14.4,9.72972972972973,6.6,4.864864864864865,3.4702702702702695,0.8046631248053083,0.0,0.0,3.4702702702702695,0.8046631248053083
midday,2701,0.4637466607133398,002,2,1,3,14.4,7.346938775510203,6.6,3.6734693877551017,5.853061224489796,2.7143375978078748,0.0,0.0,5.853061224489796,2.7143375978078748
midday,2708,0.2318733303566699,002,2,2,4,14.4,7.346938775510203,6.6,3.6734693877551017,5.853061224489796,1.3571687989039374,0.0,0.0,5.853061224489796,1.3571687989039374
midday,2709,0.7729111011888996,002,2,2,4,14.4,7.346938775510203,6.6,3.6734693877551017,5.853061224489796,4.523895996346457,0.0,0.0,5.853061224489796,4.523895996346457
midday,2709,0.7729111011888996,007,2,2,4,15.0,10.0,6.75,5.0,3.5,2.7051888541611486,0.0,0.0,3.5,2.7051888541611486
midday,2710,5.487668818441187,002,2,2,4,14.4,7.346938775510203,6.6,3.6734693877551017,5.853061224489796,32.11966157405985,0.0,0.0,5.853061224489796,32.11966157405985
midday,2714,1.932277752972249,002,2,2,4,14.4,5.9016393442622945,6.6,2.9508196721311473,7.298360655737705,14.102459928249923,0.0,0.0,7.298360655737705,14.102459928249923
midday,2724,0.30916444047555985,002,2,2,4,14.4,5.9016393442622945,6.6,2.9508196721311473,7.298360655737705,2.2563935885199875,0.0,0.0,7.298360655737705,2.2563935885199875
midday,2725,1.0047844315455696,002,2,1,3,14.4,7.346938775510203,6.6,3.6734693877551017,5.853061224489796,5.881064795250396,0.0,0.0,5.853061224489796,5.881064795250396
midday,2732,0.30916444047555985,002,2,2,4,14.4,5.9016393442622945,6.6,2.9508196721311473,7.298360655737705,2.2563935885199875,0.0,0.0,7.298360655737705,2.2563935885199875
midday,2734,0.3864555505944498,002,2,2,4,14.4,5.9016393442622945,6.6,2.9508196721311473,7.298360655737705,2.8204919856499844,0.0,0.0,7.298360655737705,2.8204919856499844
midday,2735,2.0095688630911392,002,2,2,4,14.4,7.346938775510203,6.6,3.6734693877551017,5.853061224489796,11.762129590500791,0.0,0.0,5.853061224489796,11.762129590500791
midday,2736,0.5410377708322297,002,2,2,4,14.4,7.346938775510203,6.6,3.6734693877551017,5.853061224489796,3.16672719744252,0.0,0.0,5.853061224489796,3.16672719744252
midday,2744,0.30916444047555985,002,2,1,3,14.4,9.72972972972973,6.6,4.864864864864865,3.4702702702702695,1.0728841664070776,0.0,0.0,3.4702702702702695,1.0728841664070776
midday,2744,0.30916444047555985,007,2,2,4,15.0,10.0,6.75,5.0,3.5,1.0820755416644594,0.0,0.0,3.5,1.0820755416644594
midday,2745,3.7099732857067185,002,2,1,3,14.4,9.72972972972973,6.6,4.864864864864865,3.4702702702702695,12.874609996884933,0.0,0.0,3.4702702702702695,12.874609996884933
midday,2746,0.4637466607133398,002,2,2,4,14.4,5.9016393442622945,6.6,2.9508196721311473,7.298360655737705,3.3845903827799817,0.0,0.0,7.298360655737705,3.3845903827799817
midday,2749,1.1593666517833494,002,2,2,4,14.4,5.9016393442622945,6.6,2.9508196721311473,7.298360655737705,8.461475956949954,0.0,0.0,7.298360655737705,8.461475956949954
midday,2755,0.30916444047555985,002,2,2,4,14.4,5.9016393442622945,6.6,2.9508196721311473,7.298360655737705,2.2563935885199875,0.0,0.0,7.298360655737705,2.2563935885199875
midday,2756,0.2318733303566699,002,2,2,4,14.4,5.9016393442622945,6.6,2.9508196721311473,7.298360655737705,1.6922951913899908,0.0,0.0,7.298360655737705,1.6922951913899908
midday,2757,0.6183288809511197,002,2,1,3,14.4,7.346938775510203,6.6,3.6734693877551017,5.853061224489796,3.619116797077166,0.0,0.0,5.853061224489796,3.619116797077166
midday,2761,1.2366577619022394,002,2,1,3,14.4,9.72972972972973,6.6,4.864864864864865,3.4702702702702695,4.2915366656283105,0.0,0.0,3.4702702702702695,4.2915366656283105
midday,2762,1.0820755416644594,002,2,1,3,14.4,9.72972972972973,6.6,4.864864864864865,3.4702702702702695,3.7550945824247717,0.0,0.0,3.4702702702702695,3.7550945824247717
midday,2763,0.7729111011888996,002,2,1,3,14.4,7.346938775510203,6.6,3.6734693877551017,5.853061224489796,4.523895996346457,0.0,0.0,5.853061224489796,4.523895996346457
midday,2764,0.30916444047555985,002,2,1,3,14.4,7.346938775510203,6.6,3.6734693877551017,5.853061224489796,1.809558398538583,0.0,0.0,5.853061224489796,1.809558398538583
midday,2766,0.5410377708322297,002,2,1,3,14.4,7.346938775510203,6.6,3.6734693877551017,5.853061224489796,3.16672719744252,0.0,0.0,5.853061224489796,3.16672719744252
midday,2775,0.2318733303566699,002,2,2,4,14.4,5.9016393442622945,6.6,2.9508196721311473,7.298360655737705,1.6922951913899908,0.0,0.0,7.298360655737705,1.6922951913899908
midday,2776,0.6956199910700097,007,2,2,4,15.0,10.0,6.75,5.0,3.5,2.434669968745034,0.0,0.0,3.5,2.434669968745034
midday,2777,4.482884386895618,002,2,1,3,14.4,9.72972972972973,6.6,4.864864864864865,3.4702702702702695,15.556820412902628,0.0,0.0,3.4702702702702695,15.556820412902628
midday,2780,3.0143532946367086,002,2,2,4,14.4,5.9016393442622945,6.6,2.9508196721311473,7.298360655737705,21.99983748806988,0.0,0.0,7.298360655737705,21.99983748806988
midday,2786,0.4637466607133398,002,2,1,3,14.4,7.346938775510203,6.6,3.6734693877551017,5.853061224489796,2.7143375978078748,0.0,0.0,5.853061224489796,2.7143375978078748
midday,2787,0.4637466607133398,002,2,1,3,14.4,7.346938775510203,6.6,3.6734693877551017,5.853061224489796,2.7143375978078748,0.0,0.0,5.853061224489796,2.7143375978078748
midday,2788,0.30916444047555985,002,2,2,4,14.4,5.9016393442622945,6.6,2.9508196721311473,7.298360655737705,2.2563935885199875,0.0,0.0,7.298360655737705,2.2563935885199875
midday,2789,0.4637466607133398,002,2,2,4,14.4,5.9016393442622945,6.6,2.9508196721311473,7.298360655737705,3.3845903827799817,0.0,0.0,7.298360655737705,3.3845903827799817
midday,2790,2.473315523804479,002,2,1,3,14.4,7.346938775510203,6.6,3.6734693877551017,5.853061224489796,14.476467188308664,0.0,0.0,5.853061224489796,14.476467188308664
midday,2791,0.3864555505944498,002,2,1,3,14.4,9.72972972972973,6.6,4.864864864864865,3.4702702702702695,1.341105208008847,0.0,0.0,3.4702702702702695,1.341105208008847
midday,2798,0.30916444047555985,002,2,1,3,14.4,9.72972972972973,6.6,4.864864864864865,3.4702702702702695,1.0728841664070776,0.0,0.0,3.4702702702702695,1.0728841664070776
midday,2800,1.7004044226155792,002,2,1,3,14.4,9.72972972972973,6.6,4.864864864864865,3.4702702702702695,5.900862915238927,0.0,0.0,3.4702702702702695,5.900862915238927
midday,2801,0.8502022113077896,002,2,1,3,14.4,9.72972972972973,6.6,4.864864864864865,3.4702702702702695,2.9504314576194637,0.0,0.0,3.4702702702702695,2.9504314576194637
midday,2803,0.9274933214266796,002,2,1,3,14.4,7.346938775510203,6.6,3.6734693877551017,5.853061224489796,5.4286751956157495,0.0,0.0,5.853061224489796,5.4286751956157495
midday,2804,0.6183288809511197,002,2,1,3,14.4,7.346938775510203,6.6,3.6734693877551017,5.853061224489796,3.619116797077166,0.0,0.0,5.853061224489796,3.619116797077166
midday,2806,0.9274933214266796,002,2,1,3,14.4,7.346938775510203,6.6,3.6734693877551017,5.853061224489796,5.4286751956157495,0.0,0.0,5.853061224489796,5.4286751956157495
midday,2808,0.2318733303566699,002,2,1,3,14.4,7.346938775510203,6.6,3.6734693877551017,5.853061224489796,1.3571687989039374,0.0,0.0,5.853061224489796,1.3571687989039374
midday,2818,0.30916444047555985,002,2,2,4,14.4,5.9016393442622945,6.6,2.9508196721311473,7.298360655737705,2.2563935885199875,0.0,0.0,7.298360655737705,2.2563935885199875
midday,2820,0.8502022113077896,007,2,2,4,15.0,10.0,6.75,5.0,3.5,2.9757077395772638,0.0,0.0,3.5,2.9757077395772638
midday,2822,0.5410377708322297,002,2,2,4,14.4,5.9016393442622945,6.6,2.9508196721311473,7.298360655737705,3.948688779909978,0.0,0.0,7.298360655737705,3.948688779909978
midday,2825,4.869339937490068,002,2,2,4,14.4,5.9016393442622945,6.6,2.9508196721311473,7.298360655737705,35.538199019189804,0.0,0.0,7.298360655737705,35.538199019189804
midday,2839,0.4637466607133398,002,2,1,3,14.4,7.346938775510203,6.6,3.6734693877551017,5.853061224489796,2.7143375978078748,0.0,0.0,5.853061224489796,2.7143375978078748
midday,2840,0.5410377708322297,002,2,1,3,14.4,7.346938775510203,6.6,3.6734693877551017,5.853061224489796,3.16672719744252,0.0,0.0,5.853061224489796,3.16672719744252
midday,2843,0.4637466607133398,002,2,1,3,14.4,7.346938775510203,6.6,3.6734693877551017,5.853061224489796,2.7143375978078748,0.0,0.0,5.853061224489796,2.7143375978078748
midday,2927,0.2318733303566699,002,2,2,4,14.4,5.9016393442622945,6.6,2.9508196721311473,7.298360655737705,1.6922951913899908,0.0,0.0,7.298360655737705,1.6922951913899908
midday,2951,0.30916444047555985,002,2,2,4,14.4,5.9016393442622945,6.6,2.9508196721311473,7.298360655737705,2.2563935885199875,0.0,0.0,7.298360655737705,2.2563935885199875
midday,3048,0.30916444047555985,002,2,2,4,14.4,5.9016393442622945,6.6,2.9508196721311473,7.298360655737705,2.2563935885199875,0.0,0.0,7.298360655737705,2.2563935885199875
midday,3049,0.2318733303566699,012,1,1,2,20.0,8.571428571428571,8.0,4.285714285714286,7.428571428571429,1.7224875969352622,0.0,0.0,7.428571428571429,1.7224875969352622
midday,3060,0.4637466607133398,006,1,1,2,14.693877551020408,9.72972972972973,6.673469387755102,4.864864864864865,3.6172090457804735,1.677468616082781,-1.7763568394002505e-15,-8.237795525071686e-16,3.6172090457804753,1.6774686160827816
midday,3084,0.2318733303566699,102,1,1,2,30.0,9.72972972972973,10.5,4.864864864864865,11.27027027027027,2.613275101587334,0.0,0.0,11.27027027027027,2.613275101587334
midday,3104,0.30916444047555985,102,1,1,2,30.0,9.72972972972973,10.5,4.864864864864865,11.27027027027027,3.484366802116445,0.0,0.0,11.27027027027027,3.484366802116445
midday,3143,0.30916444047555985,002,2,2,4,14.4,5.9016393442622945,6.6,2.9508196721311473,7.298360655737705,2.2563935885199875,0.0,0.0,7.298360655737705,2.2563935885199875
midday,3145,0.30916444047555985,002,2,2,4,14.4,5.9016393442622945,6.6,2.9508196721311473,7.298360655737705,2.2563935885199875,0.0,0.0,7.298360655737705,2.2563935885199875
midday,3152,0.5410377708322297,010,2,1,3,15.0,8.571428571428571,6.75,4.285714285714286,4.928571428571429,2.6665432991017037,0.0,0.0,4.928571428571429,2.6665432991017037
midday,3203,0.4637466607133398,006,1,8,9,14.693877551020408,5.9016393442622945,6.673469387755102,2.9508196721311473,7.445299431247909,3.452732749252146,-1.7763568394002505e-15,-8.237795525071686e-16,7.445299431247911,3.4527327492521467
midday,3245,1.1593666517833494,006,1,8,9,14.693877551020408,5.9016393442622945,6.673469387755102,2.9508196721311473,7.445299431247909,8.631831873130364,-1.7763568394002505e-15,-2.0594488812679213e-15,7.445299431247911,8.631831873130366
midday,3246,0.2318733303566699,006,1,1,2,14.693877551020408,9.72972972972973,6.673469387755102,4.864864864864865,3.6172090457804735,0.8387343080413905,-1.7763568394002505e-15,-4.118897762535843e-16,3.6172090457804753,0.8387343080413908
midday,3282,0.30916444047555985,001,2,1,3,15.0,7.346938775510205,6.75,3.6734693877551026,6.153061224489795,1.9023077306812506,0.0,0.0,6.153061224489795,1.9023077306812506
midday,3374,0.3864555505944498,007,2,2,4,15.0,10.0,6.75,5.0,3.5,1.3525944270805743,0.0,0.0,3.5,1.3525944270805743
midday,3496,0.4637466607133398,007,2,2,4,15.0,10.0,6.75,5.0,3.5,1.6231133124966894,0.0,0.0,3.5,1.6231133124966894
midday,3534,0.4637466607133398,007,2,2,4,15.0,10.0,6.75,5.0,3.5,1.6231133124966894,0.0,0.0,3.5,1.6231133124966894
midday,3657,0.3864555505944498,002,2,2,4,14.4,5.9016393442622945,6.6,2.9508196721311473,7.298360655737705,2.8204919856499844,0.0,0.0,7.298360655737705,2.8204919856499844
midday,3674,0.2318733303566699,002,2,2,4,14.4,5.9016393442622945,6.6,2.9508196721311473,7.298360655737705,1.6922951913899908,0.0,0.0,7.298360655737705,1.6922951913899908
midday,3677,0.2318733303566699,002,2,3,5,14.4,5.9016393442622945,6.6,2.9508196721311473,7.298360655737705,1.6922951913899908,0.0,0.0,7.298360655737705,1.6922951913899908
midday,3678,0.4637466607133398,007,2,2,4,15.0,10.0,6.75,5.0,3.5,1.6231133124966894,0.0,0.0,3.5,1.6231133124966894
midday,3679,4.0191377261822785,008,2,1,3,15.0,9.863013698630137,6.75,4.931506849315069,3.6369863013698627,14.617548853443765,0.0,0.0,3.6369863013698627,14.617548853443765
midday,3681,2.0095688630911392,002,2,2,4,14.4,5.9016393442622945,6.6,2.9508196721311473,7.298360655737705,14.66655832537992,0.0,0.0,7.298360655737705,14.66655832537992
midday,3683,0.30916444047555985,102,1,1,2,30.0,9.72972972972973,10.5,4.864864864864865,11.27027027027027,3.484366802116445,0.0,0.0,11.27027027027027,3.484366802116445
midday,3685,0.2318733303566699,002,2,3,5,14.4,5.9016393442622945,6.6,2.9508196721311473,7.298360655737705,1.6922951913899908,0.0,0.0,7.298360655737705,1.6922951913899908
midday,3686,0.3864555505944498,002,2,3,5,14.4,5.9016393442622945,6.6,2.9508196721311473,7.298360655737705,2.8204919856499844,0.0,0.0,7.298360655737705,2.8204919856499844
midday,3689,0.30916444047555985,002,2,1,3,14.4,9.72972972972973,6.6,4.864864864864865,3.4702702702702695,1.0728841664070776,0.0,0.0,3.4702702702702695,1.0728841664070776
midday,3689,0.30916444047555985,007,1,1,2,30.0,20.0,10.5,8.0,5.0,1.5458222023777992,0.0,0.0,5.0,1.5458222023777992
midday,3690,0.2318733303566699,002,2,1,3,14.4,9.72972972972973,6.6,4.864864864864865,3.4702702702702695,0.8046631248053083,0.0,0.0,3.4702702702702695,0.8046631248053083
midday,3693,1.5458222023777992,002,2,1,3,14.4,9.72972972972973,6.6,4.864864864864865,3.4702702702702695,5.364420832035388,0.0,0.0,3.4702702702702695,5.364420832035388
midday,3695,0.4637466607133398,002,2,1,3,14.4,9.72972972972973,6.6,4.864864864864865,3.4702702702702695,1.6093262496106167,0.0,0.0,3.4702702702702695,1.6093262496106167
midday,3700,0.30916444047555985,007,2,2,4,15.0,10.0,6.75,5.0,3.5,1.0820755416644594,0.0,0.0,3.5,1.0820755416644594
midday,3704,0.30916444047555985,012,1,1,2,20.0,8.571428571428571,8.0,4.285714285714286,7.428571428571429,2.2966501292470163,0.0,0.0,7.428571428571429,2.2966501292470163
midday,3705,0.5410377708322297,012,1,1,2,20.0,8.571428571428571,8.0,4.285714285714286,7.428571428571429,4.019137726182278,0.0,0.0,7.428571428571429,4.019137726182278
midday,3706,0.5410377708322297,008,2,1,3,15.0,10.12987012987013,6.75,5.064935064935065,3.3701298701298708,1.8233675523501771,0.0,0.0,3.3701298701298708,1.8233675523501771
midday,3714,1.932277752972249,007,2,1,3,15.0,12.0,6.75,6.0,1.5,2.8984166294583735,0.0,0.0,1.5,2.8984166294583735
midday,3715,0.6183288809511197,007,2,1,3,15.0,12.0,6.75,6.0,1.5,0.9274933214266796,0.0,0.0,1.5,0.9274933214266796
midday,3723,0.4637466607133398,007,1,1,2,30.0,20.0,10.5,8.0,5.0,2.318733303566699,0.0,0.0,5.0,2.318733303566699
midday,3740,0.6183288809511197,002,2,2,4,14.4,5.9016393442622945,6.6,2.9508196721311473,7.298360655737705,4.512787177039975,0.0,0.0,7.298360655737705,4.512787177039975
midday,3743,1.0820755416644594,002,2,2,4,14.4,5.9016393442622945,6.6,2.9508196721311473,7.298360655737705,7.897377559819956,0.0,0.0,7.298360655737705,7.897377559819956
midday,3744,0.5410377708322297,002,2,2,4,14.4,5.9016393442622945,6.6,2.9508196721311473,7.298360655737705,3.948688779909978,0.0,0.0,7.298360655737705,3.948688779909978
midday,3746,0.6956199910700097,008,2,1,3,15.0,10.12987012987013,6.75,5.064935064935065,3.3701298701298708,2.3443297101645135,0.0,0.0,3.3701298701298708,2.3443297101645135
midday,3748,1.1593666517833494,007,2,2,4,15.0,10.0,6.75,5.0,3.5,4.057783281241723,0.0,0.0,3.5,4.057783281241723
midday,3751,0.9274933214266796,007,2,1,3,15.0,12.0,6.75,6.0,1.5,1.3912399821400194,0.0,0.0,1.5,1.3912399821400194
midday,3753,2.937062184517819,101,2,6,8,15.0,10.0,6.75,5.0,3.5,10.279717645812365,0.0,0.0,3.5,10.279717645812365
midday,3757,0.6183288809511197,102,1,1,2,30.0,9.72972972972973,10.5,4.864864864864865,11.27027027027027,6.96873360423289,0.0,0.0,11.27027027027027,6.96873360423289
midday,3759,0.2318733303566699,102,1,1,2,30.0,9.72972972972973,10.5,4.864864864864865,11.27027027027027,2.613275101587334,0.0,0.0,11.27027027027027,2.613275101587334
midday,3762,0.2318733303566699,007,1,1,2,30.0,20.0,10.5,8.0,5.0,1.1593666517833494,0.0,0.0,5.0,1.1593666517833494
midday,3765,1.0820755416644594,007,1,1,2,30.0,20.0,10.5,8.0,5.0,5.410377708322297,0.0,0.0,5.0,5.410377708322297
midday,3784,0.9274933214266796,002,2,2,4,14.4,5.9016393442622945,6.6,2.9508196721311473,7.298360655737705,6.769180765559963,0.0,0.0,7.298360655737705,6.769180765559963
midday,3785,0.2318733303566699,002,2,2,4,14.4,5.9016393442622945,6.6,2.9508196721311473,7.298360655737705,1.6922951913899908,0.0,0.0,7.298360655737705,1.6922951913899908
midday,3786,0.6183288809511197,007,2,2,4,15.0,10.0,6.75,5.0,3.5,2.164151083328919,0.0,0.0,3.5,2.164151083328919
midday,3797,0.6183288809511197,102,1,1,2,30.0,9.72972972972973,10.5,4.864864864864865,11.27027027027027,6.96873360423289,0.0,0.0,11.27027027027027,6.96873360423289
midday,3826,1.2366577619022394,002,2,2,4,14.4,5.9016393442622945,6.6,2.9508196721311473,7.298360655737705,9.02557435407995,0.0,0.0,7.298360655737705,9.02557435407995
midday,3827,0.4637466607133398,002,2,2,4,14.4,5.9016393442622945,6.6,2.9508196721311473,7.298360655737705,3.3845903827799817,0.0,0.0,7.298360655737705,3.3845903827799817
midday,3830,0.4637466607133398,007,2,2,4,15.0,10.0,6.75,5.0,3.5,1.6231133124966894,0.0,0.0,3.5,1.6231133124966894
midday,3840,1.4685310922589094,102,1,1,2,30.0,9.72972972972973,10.5,4.864864864864865,11.27027027027027,16.550742310053113,0.0,0.0,11.27027027027027,16.550742310053113
midday,3867,0.6183288809511197,002,2,2,4,14.4,5.9016393442622945,6.6,2.9508196721311473,7.298360655737705,4.512787177039975,0.0,0.0,7.298360655737705,4.512787177039975
midday,3888,0.30916444047555985,007,2,2,4,15.0,10.0,6.75,5.0,3.5,1.0820755416644594,0.0,0.0,3.5,1.0820755416644594
midday,3890,1.6231133124966892,007,2,2,4,15.0,10.0,6.75,5.0,3.5,5.680896593738412,0.0,0.0,3.5,5.680896593738412
midday,3890,1.6231133124966892,102,1,2,3,30.0,5.901639344262295,10.5,2.9508196721311477,15.098360655737704,24.50635017720411,0.0,0.0,15.098360655737704,24.50635017720411
midday,3891,0.2318733303566699,007,2,1,3,15.0,12.0,6.75,6.0,1.5,0.34780999553500486,0.0,0.0,1.5,0.34780999553500486
midday,3892,0.2318733303566699,007,2,1,3,15.0,12.0,6.75,6.0,1.5,0.34780999553500486,0.0,0.0,1.5,0.34780999553500486
midday,3893,0.3864555505944498,007,2,1,3,15.0,12.0,6.75,6.0,1.5,0.5796833258916747,0.0,0.0,1.5,0.5796833258916747
midday,3893,0.3864555505944498,012,1,1,2,20.0,8.571428571428571,8.0,4.285714285714286,7.428571428571429,2.87081266155877,0.0,0.0,7.428571428571429,2.87081266155877
midday,3894,0.30916444047555985,007,2,1,3,15.0,12.0,6.75,6.0,1.5,0.4637466607133398,0.0,0.0,1.5,0.4637466607133398
midday,3894,0.30916444047555985,012,1,1,2,20.0,8.571428571428571,8.0,4.285714285714286,7.428571428571429,2.2966501292470163,0.0,0.0,7.428571428571429,2.2966501292470163
midday,3895,0.30916444047555985,007,2,1,3,15.0,12.0,6.75,6.0,1.5,0.4637466607133398,0.0,0.0,1.5,0.4637466607133398
midday,3896,0.9274933214266796,007,2,1,3,15.0,12.0,6.75,6.0,1.5,1.3912399821400194,0.0,0.0,1.5,1.3912399821400194
midday,3897,4.096428836301168,007,2,2,4,15.0,10.0,6.75,5.0,3.5,14.337500927054089,0.0,0.0,3.5,14.337500927054089
midday,3901,2.473315523804479,007,2,1,3,15.0,12.0,6.75,6.0,1.5,3.7099732857067185,0.0,0.0,1.5,3.7099732857067185
midday,3904,0.2318733303566699,007,2,1,3,15.0,12.0,6.75,6.0,1.5,0.34780999553500486,0.0,0.0,1.5,0.34780999553500486
midday,3909,0.2318733303566699,007,2,2,4,15.0,10.0,6.75,5.0,3.5,0.8115566562483447,0.0,0.0,3.5,0.8115566562483447
midday,3910,0.2318733303566699,007,2,1,3,15.0,12.0,6.75,6.0,1.5,0.34780999553500486,0.0,0.0,1.5,0.34780999553500486
midday,3915,0.30916444047555985,007,2,1,3,15.0,12.0,6.75,6.0,1.5,0.4637466607133398,0.0,0.0,1.5,0.4637466607133398
midday,3931,0.2318733303566699,006,1,1,2,14.693877551020408,9.72972972972973,6.673469387755102,4.864864864864865,3.6172090457804735,0.8387343080413905,-1.7763568394002505e-15,-4.118897762535843e-16,3.6172090457804753,0.8387343080413908
midday,3971,0.30916444047555985,006,1,1,2,14.693877551020408,9.72972972972973,6.673469387755102,4.864864864864865,3.6172090457804735,1.1183124107218538,-1.7763568394002505e-15,-5.491863683381124e-16,3.6172090457804753,1.1183124107218545
midday,4009,0.5410377708322297,002,2,2,4,14.4,5.9016393442622945,6.6,2.9508196721311473,7.298360655737705,3.948688779909978,0.0,0.0,7.298360655737705,3.948688779909978
midday,4012,1.0047844315455696,006,1,8,9,14.693877551020408,5.9016393442622945,6.673469387755102,2.9508196721311473,7.445299431247909,7.480920956712983,-1.7763568394002505e-15,-1.7848556970988654e-15,7.445299431247911,7.480920956712985
midday,4028,0.4637466607133398,008,1,1,2,30.0,15.0,10.5,6.75,7.5,3.4780999553500487,0.0,0.0,7.5,3.4780999553500487
midday,4103,0.5410377708322297,007,1,2,3,30.0,20.0,10.5,8.0,5.0,2.7051888541611486,0.0,0.0,5.0,2.7051888541611486
midday,4145,0.4637466607133398,002,2,2,4,14.4,9.72972972972973,6.6,4.864864864864865,3.4702702702702695,1.6093262496106167,0.0,0.0,3.4702702702702695,1.6093262496106167
midday,4159,0.6183288809511197,001,2,1,3,15.0,7.346938775510205,6.75,3.6734693877551026,6.153061224489795,3.804615461362501,0.0,0.0,6.153061224489795,3.804615461362501
midday,4163,0.3864555505944498,001,2,2,4,15.0,5.901639344262295,6.75,2.9508196721311477,7.598360655737705,2.9364286508283195,0.0,0.0,7.598360655737705,2.9364286508283195
midday,4164,0.8502022113077896,001,2,2,4,15.0,5.901639344262295,6.75,2.9508196721311477,7.598360655737705,6.4601430318223025,0.0,0.0,7.598360655737705,6.4601430318223025
midday,4165,0.7729111011888996,001,2,2,4,15.0,5.901639344262295,6.75,2.9508196721311477,7.598360655737705,5.872857301656639,0.0,0.0,7.598360655737705,5.872857301656639
midday,4169,0.3864555505944498,001,2,3,5,15.0,4.931506849315069,6.75,2.4657534246575343,8.568493150684931,3.3113417383127173,0.0,0.0,8.568493150684931,3.3113417383127173
midday,4172,7.342655461294546,101,2,2,4,15.0,4.931506849315069,6.75,2.4657534246575343,8.568493150684931,62.91549302794162,0.0,0.0,8.568493150684931,62.91549302794162
midday,4174,0.2318733303566699,007,2,1,3,15.0,12.0,6.75,6.0,1.5,0.34780999553500486,0.0,0.0,1.5,0.34780999553500486
midday,4179,1.4685310922589094,002,2,1,3,14.4,9.72972972972973,6.6,4.864864864864865,3.4702702702702695,5.096199790433619,0.0,0.0,3.4702702702702695,5.096199790433619
midday,4181,0.6183288809511197,006,1,1,2,14.693877551020408,9.72972972972973,6.673469387755102,4.864864864864865,3.6172090457804735,2.2366248214437077,-1.7763568394002505e-15,-1.0983727366762247e-15,3.6172090457804753,2.236624821443709
midday,4185,1.1593666517833494,008,1,1,2,30.0,15.0,10.5,6.75,7.5,8.69524988837512,0.0,0.0,7.5,8.69524988837512
midday,4186,0.2318733303566699,004,1,1,2,30.0,15.0,10.5,6.75,7.5,1.7390499776750243,0.0,0.0,7.5,1.7390499776750243
midday,4187,0.30916444047555985,008,1,1,2,30.0,15.0,10.5,6.75,7.5,2.318733303566699,0.0,0.0,7.5,2.318733303566699
midday,4189,0.7729111011888996,102,1,1,2,30.0,9.72972972972973,10.5,4.864864864864865,11.27027027027027,8.710917005291112,0.0,0.0,11.27027027027027,8.710917005291112
midday,4192,0.2318733303566699,102,1,1,2,30.0,9.72972972972973,10.5,4.864864864864865,11.27027027027027,2.613275101587334,0.0,0.0,11.27027027027027,2.613275101587334
midday,4200,0.2318733303566699,007,1,1,2,30.0,20.0,10.5,8.0,5.0,1.1593666517833494,0.0,0.0,5.0,1.1593666517833494
midday,4202,1.5458222023777992,007,1,1,2,30.0,20.0,10.5,8.0,5.0,7.729111011888996,0.0,0.0,5.0,7.729111011888996
midday,4208,0.30916444047555985,002,2,4,6,14.4,3.711340206185567,6.6,1.8556701030927836,9.488659793814431,2.9335561960175798,0.0,0.0,9.488659793814431,2.9335561960175798
midday,4219,0.2318733303566699,002,2,2,4,14.4,5.9016393442622945,6.6,2.9508196721311473,7.298360655737705,1.6922951913899908,0.0,0.0,7.298360655737705,1.6922951913899908
midday,4227,0.2318733303566699,006,1,1,2,14.693877551020408,9.72972972972973,6.673469387755102,4.864864864864865,3.6172090457804735,0.8387343080413905,-1.7763568394002505e-15,-4.118897762535843e-16,3.6172090457804753,0.8387343080413908
midday,4228,2.086859973210029,006,1,1,2,14.693877551020408,9.72972972972973,6.673469387755102,4.864864864864865,3.6172090457804735,7.548608772372513,-1.7763568394002505e-15,-3.7070079862822585e-15,3.6172090457804753,7.548608772372518
midday,4230,0.6956199910700097,006,1,1,2,14.693877551020408,9.72972972972973,6.673469387755102,4.864864864864865,3.6172090457804735,2.5162029241241712,-1.7763568394002505e-15,-1.235669328760753e-15,3.6172090457804753,2.5162029241241726
midday,4230,0.6956199910700097,008,1,1,2,30.0,15.0,10.5,6.75,7.5,5.217149933025073,0.0,0.0,7.5,5.217149933025073
midday,4231,0.6956199910700097,102,1,1,2,30.0,9.72972972972973,10.5,4.864864864864865,11.27027027027027,7.839825304762002,0.0,0.0,11.27027027027027,7.839825304762002
midday,4232,0.30916444047555985,102,1,1,2,30.0,9.72972972972973,10.5,4.864864864864865,11.27027027027027,3.484366802116445,0.0,0.0,11.27027027027027,3.484366802116445
midday,4241,0.2318733303566699,006,1,1,2,14.693877551020408,9.72972972972973,6.673469387755102,4.864864864864865,3.6172090457804735,0.8387343080413905,-1.7763568394002505e-15,-4.118897762535843e-16,3.6172090457804753,0.8387343080413908
midday,4252,0.2318733303566699,007,2,2,4,15.0,10.0,6.75,5.0,3.5,0.8115566562483447,0.0,0.0,3.5,0.8115566562483447
midday,4278,0.3864555505944498,002,2,1,3,14.4,7.346938775510203,6.6,3.6734693877551017,5.853061224489796,2.2619479981732287,0.0,0.0,5.853061224489796,2.2619479981732287
midday,4289,0.6183288809511197,007,2,2,4,15.0,10.0,6.75,5.0,3.5,2.164151083328919,0.0,0.0,3.5,2.164151083328919
midday,4339,0.15458222023777993,102,1,1,2,30.0,9.72972972972973,10.5,4.864864864864865,11.27027027027027,1.7421834010582224,0.0,0.0,11.27027027027027,1.7421834010582224
midday,4348,0.15458222023777993,002,2,1,3,14.4,7.346938775510203,6.6,3.6734693877551017,5.853061224489796,0.9047791992692915,0.0,0.0,5.853061224489796,0.9047791992692915
midday,4355,0.15458222023777993,002,2,3,5,14.4,4.931506849315069,6.6,2.4657534246575343,8.26849315068493,1.2781620292537528,0.0,0.0,8.26849315068493,1.2781620292537528
midday,4360,0.15458222023777993,002,2,1,3,14.4,9.72972972972973,6.6,4.864864864864865,3.4702702702702695,0.5364420832035388,0.0,0.0,3.4702702702702695,0.5364420832035388
midday,4361,0.5410377708322297,006,1,6,7,14.693877551020408,5.9016393442622945,6.673469387755102,2.9508196721311473,7.445299431247909,4.028188207460836,-1.7763568394002505e-15,-9.610761445916966e-16,7.445299431247911,4.028188207460837
midday,4371,0.2318733303566699,102,1,1,2,30.0,9.72972972972973,10.5,4.864864864864865,11.27027027027027,2.613275101587334,0.0,0.0,11.27027027027027,2.613275101587334
midday,4388,0.15458222023777993,102,1,1,2,30.0,9.72972972972973,10.5,4.864864864864865,11.27027027027027,1.7421834010582224,0.0,0.0,11.27027027027027,1.7421834010582224
midday,4400,0.15458222023777993,102,1,1,2,30.0,9.72972972972973,10.5,4.864864864864865,11.27027027027027,1.7421834010582224,0.0,0.0,11.27027027027027,1.7421834010582224
midday,4413,0.15458222023777993,002,2,2,4,14.4,5.9016393442622945,6.6,2.9508196721311473,7.298360655737705,1.1281967942599938,0.0,0.0,7.298360655737705,1.1281967942599938
midday,4420,0.2318733303566699,002,2,1,3,14.4,9.72972972972973,6.6,4.864864864864865,3.4702702702702695,0.8046631248053083,0.0,0.0,3.4702702702702695,0.8046631248053083
midday,4421,0.8502022113077896,101,2,8,10,15.0,5.999999999999999,6.75,2.9999999999999996,7.500000000000001,6.376516584808423,0.0,0.0,7.500000000000001,6.376516584808423
midday,4424,0.15458222023777993,006,1,1,2,14.693877551020408,9.72972972972973,6.673469387755102,4.864864864864865,3.6172090457804735,0.5591562053609269,-1.7763568394002505e-15,-2.745931841690562e-16,3.6172090457804753,0.5591562053609272
midday,4427,0.5410377708322297,102,1,1,2,30.0,9.72972972972973,10.5,4.864864864864865,11.27027027027027,6.097641903703778,0.0,0.0,11.27027027027027,6.097641903703778
midday,4428,0.30916444047555985,102,1,1,2,30.0,9.72972972972973,10.5,4.864864864864865,11.27027027027027,3.484366802116445,0.0,0.0,11.27027027027027,3.484366802116445
midday,4451,0.2318733303566699,101,2,8,10,15.0,5.999999999999999,6.75,2.9999999999999996,7.500000000000001,1.7390499776750246,0.0,0.0,7.500000000000001,1.7390499776750246
midday,4455,0.30916444047555985,006,1,1,2,14.693877551020408,9.72972972972973,6.673469387755102,4.864864864864865,3.6172090457804735,1.1183124107218538,-1.7763568394002505e-15,-5.491863683381124e-16,3.6172090457804753,1.1183124107218545
midday,4473,0.15458222023777993,002,2,2,4,14.4,5.9016393442622945,6.6,2.9508196721311473,7.298360655737705,1.1281967942599938,0.0,0.0,7.298360655737705,1.1281967942599938
midday,4478,0.15458222023777993,002,2,1,3,14.4,9.72972972972973,6.6,4.864864864864865,3.4702702702702695,0.5364420832035388,0.0,0.0,3.4702702702702695,0.5364420832035388
midday,4479,0.4637466607133398,101,2,8,10,15.0,5.999999999999999,6.75,2.9999999999999996,7.500000000000001,3.478099955350049,0.0,0.0,7.500000000000001,3.478099955350049
midday,4484,0.15458222023777993,002,2,1,3,14.4,9.72972972972973,6.6,4.864864864864865,3.4702702702702695,0.5364420832035388,0.0,0.0,3.4702702702702695,0.5364420832035388
midday,4485,0.15458222023777993,002,2,1,3,14.4,9.72972972972973,6.6,4.864864864864865,3.4702702702702695,0.5364420832035388,0.0,0.0,3.4702702702702695,0.5364420832035388
midday,4507,0.6183288809511197,101,2,8,10,15.0,5.999999999999999,6.75,2.9999999999999996,7.500000000000001,4.6374666071333985,0.0,0.0,7.500000000000001,4.6374666071333985
midday,4510,0.2318733303566699,006,1,1,2,14.693877551020408,9.72972972972973,6.673469387755102,4.864864864864865,3.6172090457804735,0.8387343080413905,-1.7763568394002505e-15,-4.118897762535843e-16,3.6172090457804753,0.8387343080413908
midday,4511,0.2318733303566699,102,1,1,2,30.0,9.72972972972973,10.5,4.864864864864865,11.27027027027027,2.613275101587334,0.0,0.0,11.27027027027027,2.613275101587334
midday,4528,0.15458222023777993,002,2,1,3,14.4,7.346938775510203,6.6,3.6734693877551017,5.853061224489796,0.9047791992692915,0.0,0.0,5.853061224489796,0.9047791992692915
midday,4535,0.15458222023777993,002,2,3,5,14.4,4.931506849315069,6.6,2.4657534246575343,8.26849315068493,1.2781620292537528,0.0,0.0,8.26849315068493,1.2781620292537528
midday,4542,0.30916444047555985,002,2,1,3,14.4,9.72972972972973,6.6,4.864864864864865,3.4702702702702695,1.0728841664070776,0.0,0.0,3.4702702702702695,1.0728841664070776
midday,4543,1.3139488720211294,101,2,8,10,15.0,5.999999999999999,6.75,2.9999999999999996,7.500000000000001,9.854616540158473,0.0,0.0,7.500000000000001,9.854616540158473
midday,4554,0.15458222023777993,102,1,1,2,30.0,9.72972972972973,10.5,4.864864864864865,11.27027027027027,1.7421834010582224,0.0,0.0,11.27027027027027,1.7421834010582224
midday,4557,0.30916444047555985,002,2,1,3,14.4,9.72972972972973,6.6,4.864864864864865,3.4702702702702695,1.0728841664070776,0.0,0.0,3.4702702702702695,1.0728841664070776
midday,4558,0.15458222023777993,102,1,1,2,30.0,9.72972972972973,10.5,4.864864864864865,11.27027027027027,1.7421834010582224,0.0,0.0,11.27027027027027,1.7421834010582224
midday,4574,0.2318733303566699,006,1,1,2,14.693877551020408,11.80327868852459,6.673469387755102,5.901639344262295,1.5436600869856125,0.3579336053080207,-1.7763568394002505e-15,-4.118897762535843e-16,1.5436600869856143,0.35793360530802115
midday,4597,0.2318733303566699,002,2,2,4,14.4,5.9016393442622945,6.6,2.9508196721311473,7.298360655737705,1.6922951913899908,0.0,0.0,7.298360655737705,1.6922951913899908
midday,4602,0.30916444047555985,002,2,1,3,14.4,9.72972972972973,6.6,4.864864864864865,3.4702702702702695,1.0728841664070776,0.0,0.0,3.4702702702702695,1.0728841664070776
midday,4603,1.8549866428533592,101,2,8,10,15.0,5.999999999999999,6.75,2.9999999999999996,7.500000000000001,13.912399821400196,0.0,0.0,7.500000000000001,13.912399821400196
midday,4606,0.3864555505944498,006,1,1,2,14.693877551020408,9.72972972972973,6.673469387755102,4.864864864864865,3.6172090457804735,1.3978905134023172,-1.7763568394002505e-15,-6.864829604226404e-16,3.6172090457804753,1.397890513402318
midday,4607,0.30916444047555985,102,1,1,2,30.0,9.72972972972973,10.5,4.864864864864865,11.27027027027027,3.484366802116445,0.0,0.0,11.27027027027027,3.484366802116445
midday,4609,0.2318733303566699,102,1,1,2,30.0,9.72972972972973,10.5,4.864864864864865,11.27027027027027,2.613275101587334,0.0,0.0,11.27027027027027,2.613275101587334
midday,4647,0.15458222023777993,008,1,1,2,30.0,15.0,10.5,6.75,7.5,1.1593666517833494,0.0,0.0,7.5,1.1593666517833494
midday,4648,0.3864555505944498,102,1,1,2,30.0,9.72972972972973,10.5,4.864864864864865,11.27027027027027,4.355458502645556,0.0,0.0,11.27027027027027,4.355458502645556
midday,4649,0.15458222023777993,102,1,1,2,30.0,9.72972972972973,10.5,4.864864864864865,11.27027027027027,1.7421834010582224,0.0,0.0,11.27027027027027,1.7421834010582224
midday,4653,0.15458222023777993,007,1,2,3,30.0,20.0,10.5,8.0,5.0,0.7729111011888996,0.0,0.0,5.0,0.7729111011888996
midday,4654,0.3864555505944498,010,2,1,3,15.0,12.0,6.75,6.0,1.5,0.5796833258916747,0.0,0.0,1.5,0.5796833258916747
midday,4664,0.15458222023777993,002,2,1,3,14.4,7.346938775510203,6.6,3.6734693877551017,5.853061224489796,0.9047791992692915,0.0,0.0,5.853061224489796,0.9047791992692915
midday,4667,0.15458222023777993,002,2,2,4,14.4,5.9016393442622945,6.6,2.9508196721311473,7.298360655737705,1.1281967942599938,0.0,0.0,7.298360655737705,1.1281967942599938
midday,4668,0.2318733303566699,002,2,2,4,14.4,5.9016393442622945,6.6,2.9508196721311473,7.298360655737705,1.6922951913899908,0.0,0.0,7.298360655737705,1.6922951913899908
midday,4676,0.2318733303566699,002,2,1,3,14.4,9.72972972972973,6.6,4.864864864864865,3.4702702702702695,0.8046631248053083,0.0,0.0,3.4702702702702695,0.8046631248053083
midday,4677,1.4685310922589094,006,1,8,9,14.693877551020408,5.9016393442622945,6.673469387755102,2.9508196721311473,7.445299431247909,10.93365370596513,-1.7763568394002505e-15,-2.608635249606034e-15,7.445299431247911,10.933653705965131
midday,4684,0.2318733303566699,006,1,1,2,14.693877551020408,9.72972972972973,6.673469387755102,4.864864864864865,3.6172090457804735,0.8387343080413905,-1.7763568394002505e-15,-4.118897762535843e-16,3.6172090457804753,0.8387343080413908
midday,4685,0.2318733303566699,102,1,1,2,30.0,9.72972972972973,10.5,4.864864864864865,11.27027027027027,2.613275101587334,0.0,0.0,11.27027027027027,2.613275101587334
midday,4686,0.15458222023777993,102,1,1,2,30.0,9.72972972972973,10.5,4.864864864864865,11.27027027027027,1.7421834010582224,0.0,0.0,11.27027027027027,1.7421834010582224
midday,4688,0.15458222023777993,102,1,1,2,30.0,9.72972972972973,10.5,4.864864864864865,11.27027027027027,1.7421834010582224,0.0,0.0,11.27027027027027,1.7421834010582224
midday,4713,0.2318733303566699,002,2,2,4,14.4,5.9016393442622945,6.6,2.9508196721311473,7.298360655737705,1.6922951913899908,0.0,0.0,7.298360655737705,1.6922951913899908
midday,4716,0.15458222023777993,002,2,2,4,14.4,5.9016393442622945,6.6,2.9508196721311473,7.298360655737705,1.1281967942599938,0.0,0.0,7.298360655737705,1.1281967942599938
midday,4719,0.15458222023777993,002,2,1,3,14.4,9.72972972972973,6.6,4.864864864864865,3.4702702702702695,0.5364420832035388,0.0,0.0,3.4702702702702695,0.5364420832035388
midday,4720,0.3864555505944498,101,2,8,10,15.0,5.999999999999999,6.75,2.9999999999999996,7.500000000000001,2.898416629458374,0.0,0.0,7.500000000000001,2.898416629458374
midday,4753,0.15458222023777993,002,2,1,3,14.4,9.72972972972973,6.6,4.864864864864865,3.4702702702702695,0.5364420832035388,0.0,0.0,3.4702702702702695,0.5364420832035388
midday,4754,0.30916444047555985,102,1,1,2,30.0,9.72972972972973,10.5,4.864864864864865,11.27027027027027,3.484366802116445,0.0,0.0,11.27027027027027,3.484366802116445
midday,4765,1.3912399821400194,010,2,1,3,15.0,12.0,6.75,6.0,1.5,2.086859973210029,0.0,0.0,1.5,2.086859973210029
midday,4784,0.3864555505944498,101,2,8,10,15.0,5.999999999999999,6.75,2.9999999999999996,7.500000000000001,2.898416629458374,0.0,0.0,7.500000000000001,2.898416629458374
midday,4788,0.30916444047555985,102,1,1,2,30.0,9.72972972972973,10.5,4.864864864864865,11.27027027027027,3.484366802116445,0.0,0.0,11.27027027027027,3.484366802116445
midday,4810,0.15458222023777993,001,2,2,4,15.0,5.901639344262295,6.75,2.9508196721311477,7.598360655737705,1.1745714603313278,0.0,0.0,7.598360655737705,1.1745714603313278
midday,4828,0.15458222023777993,008,1,1,2,30.0,15.0,10.5,6.75,7.5,1.1593666517833494,0.0,0.0,7.5,1.1593666517833494
midday,4829,0.30916444047555985,102,1,1,2,30.0,9.72972972972973,10.5,4.864864864864865,11.27027027027027,3.484366802116445,0.0,0.0,11.27027027027027,3.484366802116445
midday,4831,0.15458222023777993,002,2,1,3,14.4,9.72972972972973,6.6,4.864864864864865,3.4702702702702695,0.5364420832035388,0.0,0.0,3.4702702702702695,0.5364420832035388
midday,4841,0.15458222023777993,007,1,2,3,30.0,20.0,10.5,8.0,5.0,0.7729111011888996,0.0,0.0,5.0,0.7729111011888996
midday,4846,1.2366577619022394,010,2,1,3,15.0,12.0,6.75,6.0,1.5,1.8549866428533592,0.0,0.0,1.5,1.8549866428533592
midday,4865,0.2318733303566699,101,2,8,10,15.0,5.999999999999999,6.75,2.9999999999999996,7.500000000000001,1.7390499776750246,0.0,0.0,7.500000000000001,1.7390499776750246
midday,4868,0.15458222023777993,102,1,1,2,30.0,9.72972972972973,10.5,4.864864864864865,11.27027027027027,1.7421834010582224,0.0,0.0,11.27027027027027,1.7421834010582224
midday,4882,0.3864555505944498,101,2,8,10,15.0,5.999999999999999,6.75,2.9999999999999996,7.500000000000001,2.898416629458374,0.0,0.0,7.500000000000001,2.898416629458374
midday,4887,0.30916444047555985,002,2,1,3,14.4,9.72972972972973,6.6,4.864864864864865,3.4702702702702695,1.0728841664070776,0.0,0.0,3.4702702702702695,1.0728841664070776
midday,4900,0.2318733303566699,102,1,1,2,30.0,9.72972972972973,10.5,4.864864864864865,11.27027027027027,2.613275101587334,0.0,0.0,11.27027027027027,2.613275101587334
midday,4905,0.8502022113077896,010,2,1,3,15.0,12.0,6.75,6.0,1.5,1.2753033169616845,0.0,0.0,1.5,1.2753033169616845
midday,4913,0.2318733303566699,008,2,1,3,15.0,10.12987012987013,6.75,5.064935064935065,3.3701298701298708,0.7814432367215045,0.0,0.0,3.3701298701298708,0.7814432367215045
midday,4925,0.2318733303566699,002,2,2,4,14.4,5.9016393442622945,6.6,2.9508196721311473,7.298360655737705,1.6922951913899908,0.0,0.0,7.298360655737705,1.6922951913899908
midday,4934,0.3864555505944498,102,1,1,2,30.0,9.72972972972973,10.5,4.864864864864865,11.27027027027027,4.355458502645556,0.0,0.0,11.27027027027027,4.355458502645556
midday,4943,0.8502022113077896,010,2,1,3,15.0,12.0,6.75,6.0,1.5,1.2753033169616845,0.0,0.0,1.5,1.2753033169616845
midday,4954,0.30916444047555985,102,1,1,2,30.0,9.72972972972973,10.5,4.864864864864865,11.27027027027027,3.484366802116445,0.0,0.0,11.27027027027027,3.484366802116445
midday,4956,0.2318733303566699,010,2,1,3,15.0,12.0,6.75,6.0,1.5,0.34780999553500486,0.0,0.0,1.5,0.34780999553500486
midday,4969,0.2318733303566699,008,1,1,2,30.0,15.0,10.5,6.75,7.5,1.7390499776750243,0.0,0.0,7.5,1.7390499776750243
midday,4971,0.30916444047555985,102,1,1,2,30.0,9.72972972972973,10.5,4.864864864864865,11.27027027027027,3.484366802116445,0.0,0.0,11.27027027027027,3.484366802116445
midday,4998,0.2318733303566699,102,1,1,2,30.0,9.72972972972973,10.5,4.864864864864865,11.27027027027027,2.613275101587334,0.0,0.0,11.27027027027027,2.613275101587334
midday,4999,0.2318733303566699,102,1,1,2,30.0,9.72972972972973,10.5,4.864864864864865,11.27027027027027,2.613275101587334,0.0,0.0,11.27027027027027,2.613275101587334
midday,5005,1.5458222023777992,010,2,1,3,15.0,12.0,6.75,6.0,1.5,2.318733303566699,0.0,0.0,1.5,2.318733303566699
midday,5023,0.5410377708322297,010,2,1,3,15.0,12.0,6.75,6.0,1.5,0.8115566562483445,0.0,0.0,1.5,0.8115566562483445
midday,5031,0.2318733303566699,002,2,2,4,14.4,5.9016393442622945,6.6,2.9508196721311473,7.298360655737705,1.6922951913899908,0.0,0.0,7.298360655737705,1.6922951913899908
midday,5042,1.0820755416644594,010,2,1,3,15.0,12.0,6.75,6.0,1.5,1.623113312496689,0.0,0.0,1.5,1.623113312496689
midday,5055,0.30916444047555985,102,1,1,2,30.0,9.72972972972973,10.5,4.864864864864865,11.27027027027027,3.484366802116445,0.0,0.0,11.27027027027027,3.484366802116445
midday,5056,0.2318733303566699,102,1,1,2,30.0,9.72972972972973,10.5,4.864864864864865,11.27027027027027,2.613275101587334,0.0,0.0,11.27027027027027,2.613275101587334
midday,5060,1.3912399821400194,010,2,1,3,15.0,12.0,6.75,6.0,1.5,2.086859973210029,0.0,0.0,1.5,2.086859973210029
midday,5071,0.2318733303566699,102,1,1,2,30.0,9.72972972972973,10.5,4.864864864864865,11.27027027027027,2.613275101587334,0.0,0.0,11.27027027027027,2.613275101587334
midday,5073,1.0047844315455696,010,2,1,3,15.0,12.0,6.75,6.0,1.5,1.5071766473183543,0.0,0.0,1.5,1.5071766473183543
midday,5081,0.2318733303566699,102,1,1,2,30.0,9.72972972972973,10.5,4.864864864864865,11.27027027027027,2.613275101587334,0.0,0.0,11.27027027027027,2.613275101587334
midday,5084,0.5410377708322297,010,2,1,3,15.0,12.0,6.75,6.0,1.5,0.8115566562483445,0.0,0.0,1.5,0.8115566562483445
midday,5114,0.2318733303566699,001,2,2,4,15.0,5.901639344262295,6.75,2.9508196721311477,7.598360655737705,1.7618571904969917,0.0,0.0,7.598360655737705,1.7618571904969917
midday,5122,0.30916444047555985,102,1,1,2,30.0,9.72972972972973,10.5,4.864864864864865,11.27027027027027,3.484366802116445,0.0,0.0,11.27027027027027,3.484366802116445
midday,5123,0.30916444047555985,102,1,1,2,30.0,9.72972972972973,10.5,4.864864864864865,11.27027027027027,3.484366802116445,0.0,0.0,11.27027027027027,3.484366802116445
midday,5129,0.9274933214266796,010,2,1,3,15.0,12.0,6.75,6.0,1.5,1.3912399821400194,0.0,0.0,1.5,1.3912399821400194
midday,5140,0.30916444047555985,101,2,8,10,15.0,5.999999999999999,6.75,2.9999999999999996,7.500000000000001,2.3187333035666993,0.0,0.0,7.500000000000001,2.3187333035666993
midday,5156,0.30916444047555985,008,1,1,2,30.0,15.0,10.5,6.75,7.5,2.318733303566699,0.0,0.0,7.5,2.318733303566699
midday,5160,0.2318733303566699,010,2,1,3,15.0,12.0,6.75,6.0,1.5,0.34780999553500486,0.0,0.0,1.5,0.34780999553500486
midday,5165,0.2318733303566699,006,1,1,2,14.693877551020408,9.72972972972973,6.673469387755102,4.864864864864865,3.6172090457804735,0.8387343080413905,-1.7763568394002505e-15,-4.118897762535843e-16,3.6172090457804753,0.8387343080413908
midday,5166,0.3864555505944498,006,1,1,2,14.693877551020408,9.72972972972973,6.673469387755102,4.864864864864865,3.6172090457804735,1.3978905134023172,-1.7763568394002505e-15,-6.864829604226404e-16,3.6172090457804753,1.397890513402318
midday,5171,1.0047844315455696,006,1,1,2,14.693877551020408,9.72972972972973,6.673469387755102,4.864864864864865,3.6172090457804735,3.6345153348460255,-1.7763568394002505e-15,-1.7848556970988654e-15,3.6172090457804753,3.6345153348460273
midday,5175,0.30916444047555985,006,1,1,2,14.693877551020408,9.72972972972973,6.673469387755102,4.864864864864865,3.6172090457804735,1.1183124107218538,-1.7763568394002505e-15,-5.491863683381124e-16,3.6172090457804753,1.1183124107218545
midday,5176,0.2318733303566699,006,1,1,2,14.693877551020408,9.72972972972973,6.673469387755102,4.864864864864865,3.6172090457804735,0.8387343080413905,-1.7763568394002505e-15,-4.118897762535843e-16,3.6172090457804753,0.8387343080413908
midday,5176,0.2318733303566699,008,1,1,2,30.0,15.0,10.5,6.75,7.5,1.7390499776750243,0.0,0.0,7.5,1.7390499776750243
midday,5177,0.2318733303566699,006,1,1,2,14.693877551020408,9.72972972972973,6.673469387755102,4.864864864864865,3.6172090457804735,0.8387343080413905,-1.7763568394002505e-15,-4.118897762535843e-16,3.6172090457804753,0.8387343080413908
midday,5179,0.3864555505944498,006,1,1,2,14.693877551020408,9.72972972972973,6.673469387755102,4.864864864864865,3.6172090457804735,1.3978905134023172,-1.7763568394002505e-15,-6.864829604226404e-16,3.6172090457804753,1.397890513402318
midday,5184,0.2318733303566699,006,1,1,2,14.693877551020408,9.72972972972973,6.673469387755102,4.864864864864865,3.6172090457804735,0.8387343080413905,-1.7763568394002505e-15,-4.118897762535843e-16,3.6172090457804753,0.8387343080413908
midday,5187,0.7729111011888996,006,1,1,2,14.693877551020408,9.72972972972973,6.673469387755102,4.864864864864865,3.6172090457804735,2.7957810268046344,-1.7763568394002505e-15,-1.3729659208452809e-15,3.6172090457804753,2.795781026804636
midday,5196,0.2318733303566699,102,1,1,2,30.0,9.72972972972973,10.5,4.864864864864865,11.27027027027027,2.613275101587334,0.0,0.0,11.27027027027027,2.613275101587334
midday,5209,0.2318733303566699,102,1,1,2,30.0,9.72972972972973,10.5,4.864864864864865,11.27027027027027,2.613275101587334,0.0,0.0,11.27027027027027,2.613275101587334
midday,5210,0.30916444047555985,002,2,1,3,14.4,9.72972972972973,6.6,4.864864864864865,3.4702702702702695,1.0728841664070776,0.0,0.0,3.4702702702702695,1.0728841664070776
midday,5215,0.3864555505944498,010,2,1,3,15.0,12.0,6.75,6.0,1.5,0.5796833258916747,0.0,0.0,1.5,0.5796833258916747
midday,5223,0.2318733303566699,002,2,2,4,14.4,5.9016393442622945,6.6,2.9508196721311473,7.298360655737705,1.6922951913899908,0.0,0.0,7.298360655737705,1.6922951913899908
midday,5244,0.2318733303566699,102,1,1,2,30.0,9.72972972972973,10.5,4.864864864864865,11.27027027027027,2.613275101587334,0.0,0.0,11.27027027027027,2.613275101587334
midday,5257,0.2318733303566699,008,1,1,2,30.0,10.0,10.5,5.0,11.0,2.550606633923369,0.0,0.0,11.0,2.550606633923369
midday,5263,3.6326821755878282,002,2,1,3,14.4,9.72972972972973,6.6,4.864864864864865,3.4702702702702695,12.606388955283164,0.0,0.0,3.4702702702702695,12.606388955283164
midday,5269,0.30916444047555985,002,2,1,3,14.4,9.72972972972973,6.6,4.864864864864865,3.4702702702702695,1.0728841664070776,0.0,0.0,3.4702702702702695,1.0728841664070776
midday,5273,0.30916444047555985,004,1,1,2,30.0,15.0,10.5,6.75,7.5,2.318733303566699,0.0,0.0,7.5,2.318733303566699
midday,5274,0.30916444047555985,002,2,2,4,14.4,9.72972972972973,6.6,4.864864864864865,3.4702702702702695,1.0728841664070776,0.0,0.0,3.4702702702702695,1.0728841664070776
midday,5274,0.30916444047555985,008,1,1,2,30.0,15.0,10.5,6.75,7.5,2.318733303566699,0.0,0.0,7.5,2.318733303566699
midday,5277,0.2318733303566699,002,2,1,3,14.4,9.72972972972973,6.6,4.864864864864865,3.4702702702702695,0.8046631248053083,0.0,0.0,3.4702702702702695,0.8046631248053083
midday,5299,0.3864555505944498,001,2,1,3,15.0,7.346938775510205,6.75,3.6734693877551026,6.153061224489795,2.3778846633515633,0.0,0.0,6.153061224489795,2.3778846633515633
midday,5302,0.30916444047555985,001,2,1,3,15.0,7.346938775510205,6.75,3.6734693877551026,6.153061224489795,1.9023077306812506,0.0,0.0,6.153061224489795,1.9023077306812506
midday,5303,0.4637466607133398,001,2,1,3,15.0,7.346938775510205,6.75,3.6734693877551026,6.153061224489795,2.853461596021876,0.0,0.0,6.153061224489795,2.853461596021876
midday,5304,0.2318733303566699,007,2,1,3,15.0,12.0,6.75,6.0,1.5,0.34780999553500486,0.0,0.0,1.5,0.34780999553500486
midday,5305,2.627897744042259,101,2,3,5,15.0,4.235294117647059,6.75,2.1176470588235294,9.264705882352942,24.346699687450343,0.0,0.0,9.264705882352942,24.346699687450343
midday,5307,0.30916444047555985,002,2,1,3,14.4,9.72972972972973,6.6,4.864864864864865,3.4702702702702695,1.0728841664070776,0.0,0.0,3.4702702702702695,1.0728841664070776
midday,5309,0.30916444047555985,006,1,1,2,14.693877551020408,9.72972972972973,6.673469387755102,4.864864864864865,3.6172090457804735,1.1183124107218538,-1.7763568394002505e-15,-5.491863683381124e-16,3.6172090457804753,1.1183124107218545
midday,5310,0.30916444047555985,001,2,2,4,15.0,7.5,6.75,3.75,6.0,1.8549866428533592,0.0,0.0,6.0,1.8549866428533592
midday,5314,0.2318733303566699,102,1,1,2,30.0,9.72972972972973,10.5,4.864864864864865,11.27027027027027,2.613275101587334,0.0,0.0,11.27027027027027,2.613275101587334
midday,5324,0.5410377708322297,004,1,1,2,30.0,15.0,10.5,6.75,7.5,4.057783281241723,0.0,0.0,7.5,4.057783281241723
midday,5325,0.2318733303566699,004,1,1,2,30.0,15.0,10.5,6.75,7.5,1.7390499776750243,0.0,0.0,7.5,1.7390499776750243
midday,5335,0.3864555505944498,004,1,1,2,30.0,15.0,10.5,6.75,7.5,2.8984166294583735,0.0,0.0,7.5,2.8984166294583735
midday,5337,0.30916444047555985,006,1,1,2,14.693877551020408,9.72972972972973,6.673469387755102,4.864864864864865,3.6172090457804735,1.1183124107218538,-1.7763568394002505e-15,-5.491863683381124e-16,3.6172090457804753,1.1183124107218545
midday,5343,0.30916444047555985,004,1,1,2,30.0,15.0,10.5,6.75,7.5,2.318733303566699,0.0,0.0,7.5,2.318733303566699
midday,5344,0.2318733303566699,004,1,1,2,30.0,15.0,10.5,6.75,7.5,1.7390499776750243,0.0,0.0,7.5,1.7390499776750243
midday,5345,0.2318733303566699,004,1,1,2,30.0,15.0,10.5,6.75,7.5,1.7390499776750243,0.0,0.0,7.5,1.7390499776750243
midday,5364,0.2318733303566699,006,1,1,2,14.693877551020408,9.72972972972973,6.673469387755102,4.864864864864865,3.6172090457804735,0.8387343080413905,-1.7763568394002505e-15,-4.118897762535843e-16,3.6172090457804753,0.8387343080413908
midday,5440,0.2318733303566699,005,2,1,3,30.0,15.0,10.5,6.75,7.5,1.7390499776750243,0.0,0.0,7.5,1.7390499776750243
midday,5508,0.2318733303566699,006,1,1,2,14.693877551020408,9.72972972972973,6.673469387755102,4.864864864864865,3.6172090457804735,0.8387343080413905,-1.7763568394002505e-15,-4.118897762535843e-16,3.6172090457804753,0.8387343080413908
midday,5627,0.4637466607133398,004,1,1,2,30.0,15.0,10.5,6.75,7.5,3.4780999553500487,0.0,0.0,7.5,3.4780999553500487
midday,5679,0.2318733303566699,004,1,1,2,30.0,15.0,10.5,6.75,7.5,1.7390499776750243,0.0,0.0,7.5,1.7390499776750243
midday,5697,0.5410377708322297,102,1,1,2,30.0,9.72972972972973,10.5,4.864864864864865,11.27027027027027,6.097641903703778,0.0,0.0,11.27027027027027,6.097641903703778
midday,5702,0.5410377708322297,102,1,1,2,30.0,10.0,10.5,5.0,11.0,5.951415479154527,0.0,0.0,11.0,5.951415479154527
midday,5721,0.2318733303566699,004,1,1,2,30.0,15.0,10.5,6.75,7.5,1.7390499776750243,0.0,0.0,7.5,1.7390499776750243
midday,5724,0.2318733303566699,004,1,1,2,30.0,15.0,10.5,6.75,7.5,1.7390499776750243,0.0,0.0,7.5,1.7390499776750243
midday,5740,0.2318733303566699,004,1,1,2,30.0,15.0,10.5,6.75,7.5,1.7390499776750243,0.0,0.0,7.5,1.7390499776750243
midday,5742,0.2318733303566699,006,1,1,2,14.693877551020408,9.72972972972973,6.673469387755102,4.864864864864865,3.6172090457804735,0.8387343080413905,-1.7763568394002505e-15,-4.118897762535843e-16,3.6172090457804753,0.8387343080413908
midday,5743,0.2318733303566699,004,1,1,2,30.0,15.0,10.5,6.75,7.5,1.7390499776750243,0.0,0.0,7.5,1.7390499776750243
midday,5747,0.5410377708322297,004,1,1,2,30.0,15.0,10.5,6.75,7.5,4.057783281241723,0.0,0.0,7.5,4.057783281241723
midday,5750,1.2366577619022394,007,1,1,2,30.0,20.0,10.5,8.0,5.0,6.183288809511197,0.0,0.0,5.0,6.183288809511197
midday,5770,0.2318733303566699,004,1,2,3,30.0,7.5,10.5,3.75,13.5,3.1302899598150438,0.0,0.0,13.5,3.1302899598150438
midday,5776,0.2318733303566699,102,1,1,2,30.0,9.72972972972973,10.5,4.864864864864865,11.27027027027027,2.613275101587334,0.0,0.0,11.27027027027027,2.613275101587334
midday,5781,1.4685310922589094,007,1,1,2,30.0,20.0,10.5,8.0,5.0,7.342655461294547,0.0,0.0,5.0,7.342655461294547
midday,5806,0.5410377708322297,102,1,1,2,30.0,9.72972972972973,10.5,4.864864864864865,11.27027027027027,6.097641903703778,0.0,0.0,11.27027027027027,6.097641903703778
midday,5825,0.2318733303566699,006,1,1,2,14.693877551020408,9.72972972972973,6.673469387755102,4.864864864864865,3.6172090457804735,0.8387343080413905,-1.7763568394002505e-15,-4.118897762535843e-16,3.6172090457804753,0.8387343080413908
midday,5849,0.3864555505944498,006,1,1,2,14.693877551020408,9.72972972972973,6.673469387755102,4.864864864864865,3.6172090457804735,1.3978905134023172,-1.7763568394002505e-15,-6.864829604226404e-16,3.6172090457804753,1.397890513402318
midday,5858,0.6183288809511197,102,1,1,2,30.0,9.72972972972973,10.5,4.864864864864865,11.27027027027027,6.96873360423289,0.0,0.0,11.27027027027027,6.96873360423289
midday,5860,0.30916444047555985,102,1,1,2,30.0,9.72972972972973,10.5,4.864864864864865,11.27027027027027,3.484366802116445,0.0,0.0,11.27027027027027,3.484366802116445
midday,5881,0.5410377708322297,004,1,1,2,30.0,15.0,10.5,6.75,7.5,4.057783281241723,0.0,0.0,7.5,4.057783281241723
midday,5883,0.30916444047555985,004,1,1,2,30.0,15.0,10.5,6.75,7.5,2.318733303566699,0.0,0.0,7.5,2.318733303566699
midday,5892,0.5410377708322297,001,2,1,3,15.0,7.346938775510205,6.75,3.6734693877551026,6.153061224489795,3.3290385286921884,0.0,0.0,6.153061224489795,3.3290385286921884
midday,5893,0.3864555505944498,001,2,1,3,15.0,7.346938775510205,6.75,3.6734693877551026,6.153061224489795,2.3778846633515633,0.0,0.0,6.153061224489795,2.3778846633515633
midday,5912,0.4637466607133398,102,1,1,2,30.0,9.72972972972973,10.5,4.864864864864865,11.27027027027027,5.226550203174668,0.0,0.0,11.27027027027027,5.226550203174668
midday,5913,0.2318733303566699,102,1,1,2,30.0,9.72972972972973,10.5,4.864864864864865,11.27027027027027,2.613275101587334,0.0,0.0,11.27027027027027,2.613275101587334
midday,5928,0.2318733303566699,002,2,2,4,14.4,5.9016393442622945,6.6,2.9508196721311473,7.298360655737705,1.6922951913899908,0.0,0.0,7.298360655737705,1.6922951913899908
midday,5929,0.2318733303566699,001,2,1,3,15.0,7.346938775510205,6.75,3.6734693877551026,6.153061224489795,1.426730798010938,0.0,0.0,6.153061224489795,1.426730798010938
midday,5940,0.4637466607133398,102,1,1,2,30.0,9.72972972972973,10.5,4.864864864864865,11.27027027027027,5.226550203174668,0.0,0.0,11.27027027027027,5.226550203174668
midday,5979,0.30916444047555985,102,1,1,2,30.0,9.72972972972973,10.5,4.864864864864865,11.27027027027027,3.484366802116445,0.0,0.0,11.27027027027027,3.484366802116445
midday,5982,0.3864555505944498,102,1,1,2,30.0,9.72972972972973,10.5,4.864864864864865,11.27027027027027,4.355458502645556,0.0,0.0,11.27027027027027,4.355458502645556
midday,6005,0.2318733303566699,102,1,1,2,30.0,9.72972972972973,10.5,4.864864864864865,11.27027027027027,2.613275101587334,0.0,0.0,11.27027027027027,2.613275101587334
midday,6040,0.3864555505944498,102,1,1,2,30.0,9.72972972972973,10.5,4.864864864864865,11.27027027027027,4.355458502645556,0.0,0.0,11.27027027027027,4.355458502645556
midday,6042,0.2318733303566699,102,1,1,2,30.0,9.72972972972973,10.5,4.864864864864865,11.27027027027027,2.613275101587334,0.0,0.0,11.27027027027027,2.613275101587334
midday,6118,0.30916444047555985,001,2,1,3,15.0,7.346938775510205,6.75,3.6734693877551026,6.153061224489795,1.9023077306812506,0.0,0.0,6.153061224489795,1.9023077306812506
midday,6119,0.2318733303566699,012,1,1,2,20.0,8.571428571428571,8.0,4.285714285714286,7.428571428571429,1.7224875969352622,0.0,0.0,7.428571428571429,1.7224875969352622
midday,6130,0.5410377708322297,102,1,1,2,30.0,9.72972972972973,10.5,4.864864864864865,11.27027027027027,6.097641903703778,0.0,0.0,11.27027027027027,6.097641903703778
midday,6150,0.30916444047555985,001,2,1,3,15.0,7.346938775510205,6.75,3.6734693877551026,6.153061224489795,1.9023077306812506,0.0,0.0,6.153061224489795,1.9023077306812506
midday,6164,0.3864555505944498,102,1,1,2,30.0,9.72972972972973,10.5,4.864864864864865,11.27027027027027,4.355458502645556,0.0,0.0,11.27027027027027,4.355458502645556
midday,6165,0.2318733303566699,102,1,1,2,30.0,9.72972972972973,10.5,4.864864864864865,11.27027027027027,2.613275101587334,0.0,0.0,11.27027027027027,2.613275101587334
midday,6230,0.2318733303566699,002,2,1,3,14.4,9.72972972972973,6.6,4.864864864864865,3.4702702702702695,0.8046631248053083,0.0,0.0,3.4702702702702695,0.8046631248053083
midday,6235,0.2318733303566699,102,1,1,2,30.0,9.72972972972973,10.5,4.864864864864865,11.27027027027027,2.613275101587334,0.0,0.0,11.27027027027027,2.613275101587334
midday,6236,0.3864555505944498,102,1,1,2,30.0,9.72972972972973,10.5,4.864864864864865,11.27027027027027,4.355458502645556,0.0,0.0,11.27027027027027,4.355458502645556
midday,6236,0.3864555505944498,007,2,2,4,15.0,10.0,6.75,5.0,3.5,1.3525944270805743,0.0,0.0,3.5,1.3525944270805743
midday,6237,3.4780999553500482,102,1,1,2,30.0,9.72972972972973,10.5,4.864864864864865,11.27027027027027,39.19912652381,0.0,0.0,11.27027027027027,39.19912652381
midday,6242,0.4637466607133398,102,1,1,2,30.0,9.72972972972973,10.5,4.864864864864865,11.27027027027027,5.226550203174668,0.0,0.0,11.27027027027027,5.226550203174668
midday,6243,1.3912399821400194,102,1,1,2,30.0,9.72972972972973,10.5,4.864864864864865,11.27027027027027,15.679650609524003,0.0,0.0,11.27027027027027,15.679650609524003
midday,6244,0.2318733303566699,102,1,1,2,30.0,9.72972972972973,10.5,4.864864864864865,11.27027027027027,2.613275101587334,0.0,0.0,11.27027027027027,2.613275101587334
midday,6246,0.2318733303566699,102,1,1,2,30.0,9.72972972972973,10.5,4.864864864864865,11.27027027027027,2.613275101587334,0.0,0.0,11.27027027027027,2.613275101587334
midday,6266,0.2318733303566699,102,1,1,2,30.0,9.72972972972973,10.5,4.864864864864865,11.27027027027027,2.613275101587334,0.0,0.0,11.27027027027027,2.613275101587334
midday,6268,0.30916444047555985,102,1,1,2,30.0,9.72972972972973,10.5,4.864864864864865,11.27027027027027,3.484366802116445,0.0,0.0,11.27027027027027,3.484366802116445
midday,6269,0.2318733303566699,102,1,1,2,30.0,9.72972972972973,10.5,4.864864864864865,11.27027027027027,2.613275101587334,0.0,0.0,11.27027027027027,2.613275101587334
midday,6373,0.6956199910700097,102,1,1,2,30.0,9.72972972972973,10.5,4.864864864864865,11.27027027027027,7.839825304762002,0.0,0.0,11.27027027027027,7.839825304762002
midday,6373,0.6956199910700097,007,2,2,4,15.0,10.0,6.75,5.0,3.5,2.434669968745034,0.0,0.0,3.5,2.434669968745034
midday,6374,2.0095688630911392,102,1,1,2,30.0,9.72972972972973,10.5,4.864864864864865,11.27027027027027,22.648384213756895,0.0,0.0,11.27027027027027,22.648384213756895
midday,6376,1.1593666517833494,102,1,1,2,30.0,9.72972972972973,10.5,4.864864864864865,11.27027027027027,13.066375507936668,0.0,0.0,11.27027027027027,13.066375507936668
midday,6378,0.2318733303566699,102,1,1,2,30.0,9.72972972972973,10.5,4.864864864864865,11.27027027027027,2.613275101587334,0.0,0.0,11.27027027027027,2.613275101587334
midday,6386,0.30916444047555985,034,1,1,2,15.0,12.0,6.75,6.0,1.5,0.4637466607133398,0.0,0.0,1.5,0.4637466607133398
midday,6394,0.2318733303566699,002,2,1,3,14.4,9.72972972972973,6.6,4.864864864864865,3.4702702702702695,0.8046631248053083,0.0,0.0,3.4702702702702695,0.8046631248053083
midday,6396,0.2318733303566699,102,1,1,2,30.0,9.72972972972973,10.5,4.864864864864865,11.27027027027027,2.613275101587334,0.0,0.0,11.27027027027027,2.613275101587334
midday,6399,0.30916444047555985,102,1,1,2,30.0,9.72972972972973,10.5,4.864864864864865,11.27027027027027,3.484366802116445,0.0,0.0,11.27027027027027,3.484366802116445
midday,6400,0.30916444047555985,102,1,1,2,30.0,9.72972972972973,10.5,4.864864864864865,11.27027027027027,3.484366802116445,0.0,0.0,11.27027027027027,3.484366802116445
midday,6405,0.2318733303566699,002,2,1,3,14.4,9.72972972972973,6.6,4.864864864864865,3.4702702702702695,0.8046631248053083,0.0,0.0,3.4702702702702695,0.8046631248053083
midday,6406,0.30916444047555985,102,1,1,2,30.0,9.72972972972973,10.5,4.864864864864865,11.27027027027027,3.484366802116445,0.0,0.0,11.27027027027027,3.484366802116445
midday,6406,0.30916444047555985,007,2,2,4,15.0,10.0,6.75,5.0,3.5,1.0820755416644594,0.0,0.0,3.5,1.0820755416644594
midday,6407,1.5458222023777992,002,2,1,3,14.4,9.72972972972973,6.6,4.864864864864865,3.4702702702702695,5.364420832035388,0.0,0.0,3.4702702702702695,5.364420832035388
midday,6409,0.7729111011888996,002,2,1,3,14.4,9.72972972972973,6.6,4.864864864864865,3.4702702702702695,2.682210416017694,0.0,0.0,3.4702702702702695,2.682210416017694
midday,6414,0.2318733303566699,002,2,1,3,14.4,9.72972972972973,6.6,4.864864864864865,3.4702702702702695,0.8046631248053083,0.0,0.0,3.4702702702702695,0.8046631248053083
midday,6415,0.30916444047555985,002,2,1,3,14.4,9.72972972972973,6.6,4.864864864864865,3.4702702702702695,1.0728841664070776,0.0,0.0,3.4702702702702695,1.0728841664070776
midday,6426,0.5410377708322297,007,2,2,4,15.0,10.0,6.75,5.0,3.5,1.893632197912804,0.0,0.0,3.5,1.893632197912804
midday,6461,0.2318733303566699,007,2,2,4,15.0,10.0,6.75,5.0,3.5,0.8115566562483447,0.0,0.0,3.5,0.8115566562483447
midday,6494,0.30916444047555985,002,2,2,4,14.4,5.9016393442622945,6.6,2.9508196721311473,7.298360655737705,2.2563935885199875,0.0,0.0,7.298360655737705,2.2563935885199875
midday,6495,0.30916444047555985,007,2,2,4,15.0,10.0,6.75,5.0,3.5,1.0820755416644594,0.0,0.0,3.5,1.0820755416644594
midday,6524,0.30916444047555985,007,2,2,4,15.0,10.0,6.75,5.0,3.5,1.0820755416644594,0.0,0.0,3.5,1.0820755416644594
midday,6556,0.6183288809511197,102,1,1,2,30.0,9.72972972972973,10.5,4.864864864864865,11.27027027027027,6.96873360423289,0.0,0.0,11.27027027027027,6.96873360423289
midday,6572,0.30916444047555985,002,2,1,3,14.4,9.72972972972973,6.6,4.864864864864865,3.4702702702702695,1.0728841664070776,0.0,0.0,3.4702702702702695,1.0728841664070776
midday,6573,0.3864555505944498,102,1,1,2,30.0,9.72972972972973,10.5,4.864864864864865,11.27027027027027,4.355458502645556,0.0,0.0,11.27027027027027,4.355458502645556
midday,6591,1.3912399821400194,102,1,1,2,30.0,9.72972972972973,10.5,4.864864864864865,11.27027027027027,15.679650609524003,0.0,0.0,11.27027027027027,15.679650609524003
midday,6636,0.5410377708322297,102,1,1,2,30.0,9.72972972972973,10.5,4.864864864864865,11.27027027027027,6.097641903703778,0.0,0.0,11.27027027027027,6.097641903703778
midday,6667,0.4637466607133398,102,1,1,2,30.0,9.72972972972973,10.5,4.864864864864865,11.27027027027027,5.226550203174668,0.0,0.0,11.27027027027027,5.226550203174668
midday,6698,0.2318733303566699,002,2,1,3,14.4,9.72972972972973,6.6,4.864864864864865,3.4702702702702695,0.8046631248053083,0.0,0.0,3.4702702702702695,0.8046631248053083
midday,6700,0.2318733303566699,002,2,1,3,14.4,9.72972972972973,6.6,4.864864864864865,3.4702702702702695,0.8046631248053083,0.0,0.0,3.4702702702702695,0.8046631248053083
midday,6701,1.1593666517833494,002,2,1,3,14.4,9.72972972972973,6.6,4.864864864864865,3.4702702702702695,4.023315624026542,0.0,0.0,3.4702702702702695,4.023315624026542
midday,6704,1.1593666517833494,002,2,1,3,14.4,9.72972972972973,6.6,4.864864864864865,3.4702702702702695,4.023315624026542,0.0,0.0,3.4702702702702695,4.023315624026542
midday,6714,0.30916444047555985,002,2,1,3,14.4,9.72972972972973,6.6,4.864864864864865,3.4702702702702695,1.0728841664070776,0.0,0.0,3.4702702702702695,1.0728841664070776
midday,6723,0.3864555505944498,102,1,1,2,30.0,9.72972972972973,10.5,4.864864864864865,11.27027027027027,4.355458502645556,0.0,0.0,11.27027027027027,4.355458502645556
midday,6724,0.2318733303566699,002,2,1,3,14.4,9.72972972972973,6.6,4.864864864864865,3.4702702702702695,0.8046631248053083,0.0,0.0,3.4702702702702695,0.8046631248053083
midday,6725,0.3864555505944498,002,2,1,3,14.4,9.72972972972973,6.6,4.864864864864865,3.4702702702702695,1.341105208008847,0.0,0.0,3.4702702702702695,1.341105208008847
midday,6726,0.2318733303566699,102,1,1,2,30.0,9.72972972972973,10.5,4.864864864864865,11.27027027027027,2.613275101587334,0.0,0.0,11.27027027027027,2.613275101587334
midday,6737,0.8502022113077896,007,2,2,4,15.0,10.0,6.75,5.0,3.5,2.9757077395772638,0.0,0.0,3.5,2.9757077395772638
midday,6789,0.4637466607133398,007,2,2,4,15.0,10.0,6.75,5.0,3.5,1.6231133124966894,0.0,0.0,3.5,1.6231133124966894
midday,6795,0.2318733303566699,006,1,1,2,14.693877551020408,9.72972972972973,6.673469387755102,4.864864864864865,3.6172090457804735,0.8387343080413905,-1.7763568394002505e-15,-4.118897762535843e-16,3.6172090457804753,0.8387343080413908
midday,6863,0.30916444047555985,007,2,2,4,15.0,10.0,6.75,5.0,3.5,1.0820755416644594,0.0,0.0,3.5,1.0820755416644594
midday,6885,0.2318733303566699,034,1,1,2,15.0,12.0,6.75,6.0,1.5,0.34780999553500486,0.0,0.0,1.5,0.34780999553500486
midday,6890,0.3864555505944498,007,2,2,4,15.0,10.0,6.75,5.0,3.5,1.3525944270805743,0.0,0.0,3.5,1.3525944270805743
midday,6924,0.4637466607133398,007,2,2,4,15.0,10.0,6.75,5.0,3.5,1.6231133124966894,0.0,0.0,3.5,1.6231133124966894
midday,6956,0.4637466607133398,034,1,1,2,15.0,12.0,6.75,6.0,1.5,0.6956199910700097,0.0,0.0,1.5,0.6956199910700097
midday,6961,0.2318733303566699,034,1,1,2,15.0,12.0,6.75,6.0,1.5,0.34780999553500486,0.0,0.0,1.5,0.34780999553500486
midday,6962,0.2318733303566699,002,2,1,3,14.4,9.72972972972973,6.6,4.864864864864865,3.4702702702702695,0.8046631248053083,0.0,0.0,3.4702702702702695,0.8046631248053083
midday,6965,0.2318733303566699,002,2,1,3,14.4,9.72972972972973,6.6,4.864864864864865,3.4702702702702695,0.8046631248053083,0.0,0.0,3.4702702702702695,0.8046631248053083
midday,6966,0.2318733303566699,002,2,1,3,14.4,9.72972972972973,6.6,4.864864864864865,3.4702702702702695,0.8046631248053083,0.0,0.0,3.4702702702702695,0.8046631248053083
midday,6967,0.5410377708322297,102,1,1,2,30.0,9.72972972972973,10.5,4.864864864864865,11.27027027027027,6.097641903703778,0.0,0.0,11.27027027027027,6.097641903703778
midday,6967,0.5410377708322297,007,2,2,4,15.0,10.0,6.75,5.0,3.5,1.893632197912804,0.0,0.0,3.5,1.893632197912804
midday,6968,2.7051888541611486,002,2,1,3,14.4,9.72972972972973,6.6,4.864864864864865,3.4702702702702695,9.38773645606193,0.0,0.0,3.4702702702702695,9.38773645606193
midday,6970,0.30916444047555985,102,1,1,2,30.0,9.72972972972973,10.5,4.864864864864865,11.27027027027027,3.484366802116445,0.0,0.0,11.27027027027027,3.484366802116445
midday,6971,1.0820755416644594,002,2,1,3,14.4,9.72972972972973,6.6,4.864864864864865,3.4702702702702695,3.7550945824247717,0.0,0.0,3.4702702702702695,3.7550945824247717
midday,6972,0.3864555505944498,002,2,1,3,14.4,9.72972972972973,6.6,4.864864864864865,3.4702702702702695,1.341105208008847,0.0,0.0,3.4702702702702695,1.341105208008847
midday,6987,0.2318733303566699,002,2,1,3,14.4,9.72972972972973,6.6,4.864864864864865,3.4702702702702695,0.8046631248053083,0.0,0.0,3.4702702702702695,0.8046631248053083
midday,7000,0.3864555505944498,002,2,1,3,14.4,9.72972972972973,6.6,4.864864864864865,3.4702702702702695,1.341105208008847,0.0,0.0,3.4702702702702695,1.341105208008847
midday,7003,0.30916444047555985,102,1,1,2,30.0,9.72972972972973,10.5,4.864864864864865,11.27027027027027,3.484366802116445,0.0,0.0,11.27027027027027,3.484366802116445
midday,7004,0.2318733303566699,002,2,1,3,14.4,9.72972972972973,6.6,4.864864864864865,3.4702702702702695,0.8046631248053083,0.0,0.0,3.4702702702702695,0.8046631248053083
midday,7006,0.30916444047555985,002,2,1,3,14.4,9.72972972972973,6.6,4.864864864864865,3.4702702702702695,1.0728841664070776,0.0,0.0,3.4702702702702695,1.0728841664070776
midday,7007,0.2318733303566699,102,1,1,2,30.0,9.72972972972973,10.5,4.864864864864865,11.27027027027027,2.613275101587334,0.0,0.0,11.27027027027027,2.613275101587334
midday,7015,0.30916444047555985,007,2,2,4,15.0,10.0,6.75,5.0,3.5,1.0820755416644594,0.0,0.0,3.5,1.0820755416644594
midday,7042,0.4637466607133398,034,1,1,2,15.0,12.0,6.75,6.0,1.5,0.6956199910700097,0.0,0.0,1.5,0.6956199910700097
midday,7049,0.2318733303566699,007,2,2,4,15.0,10.0,6.75,5.0,3.5,0.8115566562483447,0.0,0.0,3.5,0.8115566562483447
midday,7070,0.7729111011888996,034,1,1,2,15.0,12.0,6.75,6.0,1.5,1.1593666517833494,0.0,0.0,1.5,1.1593666517833494
midday,7076,0.3864555505944498,007,2,2,4,15.0,10.0,6.75,5.0,3.5,1.3525944270805743,0.0,0.0,3.5,1.3525944270805743
midday,7095,0.3864555505944498,034,1,1,2,15.0,12.0,6.75,6.0,1.5,0.5796833258916747,0.0,0.0,1.5,0.5796833258916747
midday,7100,0.30916444047555985,002,2,1,3,14.4,9.72972972972973,6.6,4.864864864864865,3.4702702702702695,1.0728841664070776,0.0,0.0,3.4702702702702695,1.0728841664070776
midday,7103,0.3864555505944498,102,1,1,2,30.0,9.72972972972973,10.5,4.864864864864865,11.27027027027027,4.355458502645556,0.0,0.0,11.27027027027027,4.355458502645556
midday,7103,0.3864555505944498,007,2,2,4,15.0,10.0,6.75,5.0,3.5,1.3525944270805743,0.0,0.0,3.5,1.3525944270805743
midday,7104,3.1689355148744887,102,1,1,2,30.0,9.72972972972973,10.5,4.864864864864865,11.27027027027027,35.71475972169356,0.0,0.0,11.27027027027027,35.71475972169356
midday,7106,0.2318733303566699,102,1,1,2,30.0,9.72972972972973,10.5,4.864864864864865,11.27027027027027,2.613275101587334,0.0,0.0,11.27027027027027,2.613275101587334
midday,7107,1.5458222023777992,102,1,1,2,30.0,9.72972972972973,10.5,4.864864864864865,11.27027027027027,17.421834010582224,0.0,0.0,11.27027027027027,17.421834010582224
midday,7108,0.30916444047555985,102,1,1,2,30.0,9.72972972972973,10.5,4.864864864864865,11.27027027027027,3.484366802116445,0.0,0.0,11.27027027027027,3.484366802116445
midday,7108,0.30916444047555985,006,1,1,2,14.693877551020408,9.72972972972973,6.673469387755102,4.864864864864865,3.6172090457804735,1.1183124107218538,-1.7763568394002505e-15,-5.491863683381124e-16,3.6172090457804753,1.1183124107218545
midday,7125,0.30916444047555985,034,1,1,2,15.0,12.0,6.75,6.0,1.5,0.4637466607133398,0.0,0.0,1.5,0.4637466607133398
midday,7138,0.6956199910700097,102,1,1,2,30.0,9.72972972972973,10.5,4.864864864864865,11.27027027027027,7.839825304762002,0.0,0.0,11.27027027027027,7.839825304762002
midday,7139,0.2318733303566699,002,2,1,3,14.4,9.72972972972973,6.6,4.864864864864865,3.4702702702702695,0.8046631248053083,0.0,0.0,3.4702702702702695,0.8046631248053083
midday,7140,0.3864555505944498,002,2,1,3,14.4,9.72972972972973,6.6,4.864864864864865,3.4702702702702695,1.341105208008847,0.0,0.0,3.4702702702702695,1.341105208008847
midday,7141,0.30916444047555985,102,1,1,2,30.0,9.72972972972973,10.5,4.864864864864865,11.27027027027027,3.484366802116445,0.0,0.0,11.27027027027027,3.484366802116445
midday,7143,0.30916444047555985,102,1,1,2,30.0,9.72972972972973,10.5,4.864864864864865,11.27027027027027,3.484366802116445,0.0,0.0,11.27027027027027,3.484366802116445
midday,7144,0.30916444047555985,102,1,1,2,30.0,9.72972972972973,10.5,4.864864864864865,11.27027027027027,3.484366802116445,0.0,0.0,11.27027027027027,3.484366802116445
midday,7151,0.2318733303566699,002,2,1,3,14.4,9.72972972972973,6.6,4.864864864864865,3.4702702702702695,0.8046631248053083,0.0,0.0,3.4702702702702695,0.8046631248053083
midday,7153,0.2318733303566699,002,2,1,3,14.4,9.72972972972973,6.6,4.864864864864865,3.4702702702702695,0.8046631248053083,0.0,0.0,3.4702702702702695,0.8046631248053083
midday,7154,0.30916444047555985,102,1,1,2,30.0,9.72972972972973,10.5,4.864864864864865,11.27027027027027,3.484366802116445,0.0,0.0,11.27027027027027,3.484366802116445
midday,7154,0.30916444047555985,007,2,2,4,15.0,10.0,6.75,5.0,3.5,1.0820755416644594,0.0,0.0,3.5,1.0820755416644594
midday,7155,1.6231133124966892,102,1,1,2,30.0,9.72972972972973,10.5,4.864864864864865,11.27027027027027,18.292925711111334,0.0,0.0,11.27027027027027,18.292925711111334
midday,7157,0.9274933214266796,102,1,1,2,30.0,9.72972972972973,10.5,4.864864864864865,11.27027027027027,10.453100406349336,0.0,0.0,11.27027027027027,10.453100406349336
midday,7175,0.5410377708322297,102,1,1,2,30.0,9.72972972972973,10.5,4.864864864864865,11.27027027027027,6.097641903703778,0.0,0.0,11.27027027027027,6.097641903703778
midday,7176,0.2318733303566699,102,1,1,2,30.0,9.72972972972973,10.5,4.864864864864865,11.27027027027027,2.613275101587334,0.0,0.0,11.27027027027027,2.613275101587334
midday,7177,0.2318733303566699,102,1,1,2,30.0,9.72972972972973,10.5,4.864864864864865,11.27027027027027,2.613275101587334,0.0,0.0,11.27027027027027,2.613275101587334
midday,7178,0.2318733303566699,102,1,1,2,30.0,9.72972972972973,10.5,4.864864864864865,11.27027027027027,2.613275101587334,0.0,0.0,11.27027027027027,2.613275101587334
midday,7183,2.0095688630911392,001,1,1,2,30.0,20.0,10.5,8.0,5.0,10.047844315455697,0.0,0.0,5.0,10.047844315455697
midday,7184,0.2318733303566699,001,1,1,2,30.0,20.0,10.5,8.0,5.0,1.1593666517833494,0.0,0.0,5.0,1.1593666517833494
midday,7186,2.0095688630911392,001,1,1,2,30.0,20.0,10.5,8.0,5.0,10.047844315455697,0.0,0.0,5.0,10.047844315455697
midday,7188,1.0820755416644594,102,1,1,2,30.0,9.72972972972973,10.5,4.864864864864865,11.27027027027027,12.195283807407556,0.0,0.0,11.27027027027027,12.195283807407556
midday,7195,0.30916444047555985,001,1,1,2,30.0,20.0,10.5,8.0,5.0,1.5458222023777992,0.0,0.0,5.0,1.5458222023777992
midday,7202,0.30916444047555985,001,1,1,2,30.0,20.0,10.5,8.0,5.0,1.5458222023777992,0.0,0.0,5.0,1.5458222023777992
midday,7205,0.30916444047555985,001,1,1,2,30.0,20.0,10.5,8.0,5.0,1.5458222023777992,0.0,0.0,5.0,1.5458222023777992
midday,7208,0.30916444047555985,001,1,1,2,30.0,20.0,10.5,8.0,5.0,1.5458222023777992,0.0,0.0,5.0,1.5458222023777992
midday,7209,0.2318733303566699,001,1,1,2,30.0,20.0,10.5,8.0,5.0,1.1593666517833494,0.0,0.0,5.0,1.1593666517833494
midday,7210,0.8502022113077896,034,1,1,2,15.0,12.0,6.75,6.0,1.5,1.2753033169616845,0.0,0.0,1.5,1.2753033169616845
midday,7220,0.2318733303566699,007,2,2,4,15.0,10.0,6.75,5.0,3.5,0.8115566562483447,0.0,0.0,3.5,0.8115566562483447
midday,7251,0.4637466607133398,002,2,1,3,14.4,9.72972972972973,6.6,4.864864864864865,3.4702702702702695,1.6093262496106167,0.0,0.0,3.4702702702702695,1.6093262496106167
midday,7253,0.6956199910700097,002,2,1,3,14.4,9.72972972972973,6.6,4.864864864864865,3.4702702702702695,2.413989374415925,0.0,0.0,3.4702702702702695,2.413989374415925
midday,7314,0.30916444047555985,002,2,1,3,14.4,9.72972972972973,6.6,4.864864864864865,3.4702702702702695,1.0728841664070776,0.0,0.0,3.4702702702702695,1.0728841664070776
midday,7316,3.4008088452311585,002,2,1,3,14.4,9.72972972972973,6.6,4.864864864864865,3.4702702702702695,11.801725830477855,0.0,0.0,3.4702702702702695,11.801725830477855
midday,7319,0.30916444047555985,102,1,1,2,30.0,9.72972972972973,10.5,4.864864864864865,11.27027027027027,3.484366802116445,0.0,0.0,11.27027027027027,3.484366802116445
midday,7320,1.3912399821400194,002,2,1,3,14.4,9.72972972972973,6.6,4.864864864864865,3.4702702702702695,4.82797874883185,0.0,0.0,3.4702702702702695,4.82797874883185
midday,7337,0.4637466607133398,102,1,1,2,30.0,9.72972972972973,10.5,4.864864864864865,11.27027027027027,5.226550203174668,0.0,0.0,11.27027027027027,5.226550203174668
midday,7339,0.30916444047555985,102,1,1,2,30.0,9.72972972972973,10.5,4.864864864864865,11.27027027027027,3.484366802116445,0.0,0.0,11.27027027027027,3.484366802116445
midday,7340,0.3864555505944498,002,2,1,3,14.4,9.72972972972973,6.6,4.864864864864865,3.4702702702702695,1.341105208008847,0.0,0.0,3.4702702702702695,1.341105208008847
midday,7408,0.5410377708322297,002,2,1,3,14.4,9.72972972972973,6.6,4.864864864864865,3.4702702702702695,1.8775472912123858,0.0,0.0,3.4702702702702695,1.8775472912123858
midday,7411,0.4637466607133398,102,1,1,2,30.0,9.72972972972973,10.5,4.864864864864865,11.27027027027027,5.226550203174668,0.0,0.0,11.27027027027027,5.226550203174668
midday,7411,0.4637466607133398,007,2,2,4,15.0,10.0,6.75,5.0,3.5,1.6231133124966894,0.0,0.0,3.5,1.6231133124966894
midday,7412,3.1689355148744887,102,1,1,2,30.0,9.72972972972973,10.5,4.864864864864865,11.27027027027027,35.71475972169356,0.0,0.0,11.27027027027027,35.71475972169356
midday,7417,2.164151083328919,102,1,1,2,30.0,9.72972972972973,10.5,4.864864864864865,11.27027027027027,24.39056761481511,0.0,0.0,11.27027027027027,24.39056761481511
midday,7418,0.2318733303566699,102,1,1,2,30.0,9.72972972972973,10.5,4.864864864864865,11.27027027027027,2.613275101587334,0.0,0.0,11.27027027027027,2.613275101587334
midday,7420,0.2318733303566699,102,1,1,2,30.0,9.72972972972973,10.5,4.864864864864865,11.27027027027027,2.613275101587334,0.0,0.0,11.27027027027027,2.613275101587334
midday,7422,0.3864555505944498,102,1,1,2,30.0,9.72972972972973,10.5,4.864864864864865,11.27027027027027,4.355458502645556,0.0,0.0,11.27027027027027,4.355458502645556
midday,7432,0.3864555505944498,102,1,1,2,30.0,9.72972972972973,10.5,4.864864864864865,11.27027027027027,4.355458502645556,0.0,0.0,11.27027027027027,4.355458502645556
midday,7452,0.6183288809511197,102,1,1,2,30.0,9.72972972972973,10.5,4.864864864864865,11.27027027027027,6.96873360423289,0.0,0.0,11.27027027027027,6.96873360423289
midday,7456,0.4637466607133398,002,2,1,3,14.4,9.72972972972973,6.6,4.864864864864865,3.4702702702702695,1.6093262496106167,0.0,0.0,3.4702702702702695,1.6093262496106167
midday,7457,0.2318733303566699,102,1,1,2,30.0,9.72972972972973,10.5,4.864864864864865,11.27027027027027,2.613275101587334,0.0,0.0,11.27027027027027,2.613275101587334
midday,7458,0.2318733303566699,102,1,1,2,30.0,9.72972972972973,10.5,4.864864864864865,11.27027027027027,2.613275101587334,0.0,0.0,11.27027027027027,2.613275101587334
midday,7459,0.30916444047555985,102,1,1,2,30.0,9.72972972972973,10.5,4.864864864864865,11.27027027027027,3.484366802116445,0.0,0.0,11.27027027027027,3.484366802116445
midday,7886,0.5410377708322297,007,2,2,4,15.0,10.0,6.75,5.0,3.5,1.893632197912804,0.0,0.0,3.5,1.893632197912804
midday,7920,0.2318733303566699,034,1,1,2,15.0,12.0,6.75,6.0,1.5,0.34780999553500486,0.0,0.0,1.5,0.34780999553500486
midday,7958,0.6956199910700097,034,1,1,2,15.0,12.0,6.75,6.0,1.5,1.0434299866050145,0.0,0.0,1.5,1.0434299866050145
midday,7964,0.3864555505944498,007,2,2,4,15.0,10.0,6.75,5.0,3.5,1.3525944270805743,0.0,0.0,3.5,1.3525944270805743
midday,7973,0.6183288809511197,034,1,1,2,15.0,12.0,6.75,6.0,1.5,0.9274933214266796,0.0,0.0,1.5,0.9274933214266796
midday,7979,0.2318733303566699,007,2,2,4,15.0,10.0,6.75,5.0,3.5,0.8115566562483447,0.0,0.0,3.5,0.8115566562483447
midday,8022,0.2318733303566699,034,1,1,2,15.0,12.0,6.75,6.0,1.5,0.34780999553500486,0.0,0.0,1.5,0.34780999553500486
midday,8032,0.15458222023777993,007,2,2,4,15.0,10.0,6.75,5.0,3.5,0.5410377708322297,0.0,0.0,3.5,0.5410377708322297
midday,8046,0.15458222023777993,034,1,1,2,15.0,10.0,6.75,5.0,3.5,0.5410377708322297,0.0,0.0,3.5,0.5410377708322297
midday,8065,0.15458222023777993,002,2,1,3,14.4,9.72972972972973,6.6,4.864864864864865,3.4702702702702695,0.5364420832035388,0.0,0.0,3.4702702702702695,0.5364420832035388
midday,8067,0.30916444047555985,002,2,1,3,14.4,9.72972972972973,6.6,4.864864864864865,3.4702702702702695,1.0728841664070776,0.0,0.0,3.4702702702702695,1.0728841664070776
midday,8069,0.15458222023777993,002,2,1,3,14.4,9.72972972972973,6.6,4.864864864864865,3.4702702702702695,0.5364420832035388,0.0,0.0,3.4702702702702695,0.5364420832035388
midday,8074,0.3864555505944498,102,1,1,2,30.0,9.72972972972973,10.5,4.864864864864865,11.27027027027027,4.355458502645556,0.0,0.0,11.27027027027027,4.355458502645556
midday,8074,0.3864555505944498,007,2,2,4,15.0,10.0,6.75,5.0,3.5,1.3525944270805743,0.0,0.0,3.5,1.3525944270805743
midday,8075,3.4008088452311585,002,2,1,3,14.4,9.72972972972973,6.6,4.864864864864865,3.4702702702702695,11.801725830477855,0.0,0.0,3.4702702702702695,11.801725830477855
midday,8077,0.30916444047555985,102,1,1,2,30.0,9.72972972972973,10.5,4.864864864864865,11.27027027027027,3.484366802116445,0.0,0.0,11.27027027027027,3.484366802116445
midday,8078,1.3912399821400194,002,2,1,3,14.4,9.72972972972973,6.6,4.864864864864865,3.4702702702702695,4.82797874883185,0.0,0.0,3.4702702702702695,4.82797874883185
midday,8079,0.30916444047555985,002,2,1,3,14.4,9.72972972972973,6.6,4.864864864864865,3.4702702702702695,1.0728841664070776,0.0,0.0,3.4702702702702695,1.0728841664070776
midday,8080,0.2318733303566699,102,1,1,2,30.0,9.72972972972973,10.5,4.864864864864865,11.27027027027027,2.613275101587334,0.0,0.0,11.27027027027027,2.613275101587334
midday,8094,0.2318733303566699,034,1,1,2,15.0,12.0,6.75,6.0,1.5,0.34780999553500486,0.0,0.0,1.5,0.34780999553500486
midday,8105,0.2318733303566699,002,2,1,3,14.4,9.72972972972973,6.6,4.864864864864865,3.4702702702702695,0.8046631248053083,0.0,0.0,3.4702702702702695,0.8046631248053083
midday,8111,0.2318733303566699,002,2,1,3,14.4,9.72972972972973,6.6,4.864864864864865,3.4702702702702695,0.8046631248053083,0.0,0.0,3.4702702702702695,0.8046631248053083
midday,8112,0.2318733303566699,002,2,1,3,14.4,9.72972972972973,6.6,4.864864864864865,3.4702702702702695,0.8046631248053083,0.0,0.0,3.4702702702702695,0.8046631248053083
midday,8113,0.2318733303566699,002,2,1,3,14.4,9.72972972972973,6.6,4.864864864864865,3.4702702702702695,0.8046631248053083,0.0,0.0,3.4702702702702695,0.8046631248053083
midday,8115,0.2318733303566699,102,1,1,2,30.0,9.72972972972973,10.5,4.864864864864865,11.27027027027027,2.613275101587334,0.0,0.0,11.27027027027027,2.613275101587334
midday,8119,0.30916444047555985,002,2,1,3,14.4,9.72972972972973,6.6,4.864864864864865,3.4702702702702695,1.0728841664070776,0.0,0.0,3.4702702702702695,1.0728841664070776
midday,8220,0.2318733303566699,007,2,2,4,15.0,10.0,6.75,5.0,3.5,0.8115566562483447,0.0,0.0,3.5,0.8115566562483447
midday,8226,0.5410377708322297,102,1,1,2,30.0,9.72972972972973,10.5,4.864864864864865,11.27027027027027,6.097641903703778,0.0,0.0,11.27027027027027,6.097641903703778
midday,8228,0.3864555505944498,102,1,1,2,30.0,9.72972972972973,10.5,4.864864864864865,11.27027027027027,4.355458502645556,0.0,0.0,11.27027027027027,4.355458502645556
midday,8248,0.3864555505944498,007,2,2,4,15.0,10.0,6.75,5.0,3.5,1.3525944270805743,0.0,0.0,3.5,1.3525944270805743
midday,8254,0.3864555505944498,102,1,1,2,30.0,9.72972972972973,10.5,4.864864864864865,11.27027027027027,4.355458502645556,0.0,0.0,11.27027027027027,4.355458502645556
midday,8256,0.4637466607133398,102,1,1,2,30.0,9.72972972972973,10.5,4.864864864864865,11.27027027027027,5.226550203174668,0.0,0.0,11.27027027027027,5.226550203174668
midday,8308,0.3864555505944498,007,2,2,4,15.0,10.0,6.75,5.0,3.5,1.3525944270805743,0.0,0.0,3.5,1.3525944270805743
midday,8330,0.2318733303566699,012,1,1,2,20.0,8.571428571428571,8.0,4.285714285714286,7.428571428571429,1.7224875969352622,0.0,0.0,7.428571428571429,1.7224875969352622
midday,8331,0.2318733303566699,007,2,2,4,15.0,10.0,6.75,5.0,3.5,0.8115566562483447,0.0,0.0,3.5,0.8115566562483447
midday,8357,0.4637466607133398,002,2,1,3,14.4,9.72972972972973,6.6,4.864864864864865,3.4702702702702695,1.6093262496106167,0.0,0.0,3.4702702702702695,1.6093262496106167
midday,8358,0.2318733303566699,002,2,1,3,14.4,9.72972972972973,6.6,4.864864864864865,3.4702702702702695,0.8046631248053083,0.0,0.0,3.4702702702702695,0.8046631248053083
midday,8381,0.30916444047555985,102,1,1,2,30.0,9.72972972972973,10.5,4.864864864864865,11.27027027027027,3.484366802116445,0.0,0.0,11.27027027027027,3.484366802116445
midday,8396,0.4637466607133398,007,2,2,4,15.0,10.0,6.75,5.0,3.5,1.6231133124966894,0.0,0.0,3.5,1.6231133124966894
midday,8403,0.4637466607133398,102,1,1,2,30.0,9.72972972972973,10.5,4.864864864864865,11.27027027027027,5.226550203174668,0.0,0.0,11.27027027027027,5.226550203174668
midday,8405,0.2318733303566699,002,2,1,3,14.4,9.72972972972973,6.6,4.864864864864865,3.4702702702702695,0.8046631248053083,0.0,0.0,3.4702702702702695,0.8046631248053083
midday,8447,0.4637466607133398,007,2,2,4,15.0,10.0,6.75,5.0,3.5,1.6231133124966894,0.0,0.0,3.5,1.6231133124966894
midday,8453,0.3864555505944498,002,2,1,3,14.4,9.72972972972973,6.6,4.864864864864865,3.4702702702702695,1.341105208008847,0.0,0.0,3.4702702702702695,1.341105208008847
midday,8479,0.3864555505944498,002,2,1,3,14.4,7.346938775510203,6.6,3.6734693877551017,5.853061224489796,2.2619479981732287,0.0,0.0,5.853061224489796,2.2619479981732287
midday,8489,0.3864555505944498,007,2,2,4,15.0,10.0,6.75,5.0,3.5,1.3525944270805743,0.0,0.0,3.5,1.3525944270805743
midday,8567,0.5410377708322297,007,2,2,4,15.0,10.0,6.75,5.0,3.5,1.893632197912804,0.0,0.0,3.5,1.893632197912804
midday,8582,0.2318733303566699,034,1,1,2,15.0,12.0,6.75,6.0,1.5,0.34780999553500486,0.0,0.0,1.5,0.34780999553500486
midday,8602,0.3864555505944498,007,2,2,4,15.0,10.0,6.75,5.0,3.5,1.3525944270805743,0.0,0.0,3.5,1.3525944270805743
midday,8633,0.4637466607133398,007,2,2,4,15.0,10.0,6.75,5.0,3.5,1.6231133124966894,0.0,0.0,3.5,1.6231133124966894
midday,8676,0.3864555505944498,007,2,2,4,15.0,10.0,6.75,5.0,3.5,1.3525944270805743,0.0,0.0,3.5,1.3525944270805743
midday,8688,0.2318733303566699,034,1,1,2,15.0,12.0,6.75,6.0,1.5,0.34780999553500486,0.0,0.0,1.5,0.34780999553500486
midday,8720,0.2318733303566699,007,2,2,4,15.0,10.0,6.75,5.0,3.5,0.8115566562483447,0.0,0.0,3.5,0.8115566562483447
midday,8738,0.2318733303566699,034,1,1,2,15.0,12.0,6.75,6.0,1.5,0.34780999553500486,0.0,0.0,1.5,0.34780999553500486
midday,8759,0.2318733303566699,034,1,1,2,15.0,12.0,6.75,6.0,1.5,0.34780999553500486,0.0,0.0,1.5,0.34780999553500486
midday,8767,0.2318733303566699,007,2,2,4,15.0,10.0,6.75,5.0,3.5,0.8115566562483447,0.0,0.0,3.5,0.8115566562483447
midday,8784,0.4637466607133398,034,1,1,2,15.0,12.0,6.75,6.0,1.5,0.6956199910700097,0.0,0.0,1.5,0.6956199910700097
midday,8811,0.2318733303566699,034,1,1,2,15.0,12.0,6.75,6.0,1.5,0.34780999553500486,0.0,0.0,1.5,0.34780999553500486
midday,8817,0.30916444047555985,002,2,1,3,14.4,9.72972972972973,6.6,4.864864864864865,3.4702702702702695,1.0728841664070776,0.0,0.0,3.4702702702702695,1.0728841664070776
midday,8822,0.2318733303566699,002,2,1,3,14.4,9.72972972972973,6.6,4.864864864864865,3.4702702702702695,0.8046631248053083,0.0,0.0,3.4702702702702695,0.8046631248053083
midday,8827,2.473315523804479,002,2,1,3,14.4,9.72972972972973,6.6,4.864864864864865,3.4702702702702695,8.583073331256621,0.0,0.0,3.4702702702702695,8.583073331256621
midday,8830,1.0820755416644594,002,2,1,3,14.4,9.72972972972973,6.6,4.864864864864865,3.4702702702702695,3.7550945824247717,0.0,0.0,3.4702702702702695,3.7550945824247717
midday,8831,0.2318733303566699,002,2,1,3,14.4,9.72972972972973,6.6,4.864864864864865,3.4702702702702695,0.8046631248053083,0.0,0.0,3.4702702702702695,0.8046631248053083
midday,8832,0.30916444047555985,034,1,1,2,15.0,12.0,6.75,6.0,1.5,0.4637466607133398,0.0,0.0,1.5,0.4637466607133398
midday,8845,0.30916444047555985,034,1,1,2,15.0,12.0,6.75,6.0,1.5,0.4637466607133398,0.0,0.0,1.5,0.4637466607133398
midday,8859,0.2318733303566699,102,1,1,2,30.0,9.72972972972973,10.5,4.864864864864865,11.27027027027027,2.613275101587334,0.0,0.0,11.27027027027027,2.613275101587334
midday,8860,0.30916444047555985,002,2,1,3,14.4,9.72972972972973,6.6,4.864864864864865,3.4702702702702695,1.0728841664070776,0.0,0.0,3.4702702702702695,1.0728841664070776
midday,8861,0.2318733303566699,002,2,1,3,14.4,9.72972972972973,6.6,4.864864864864865,3.4702702702702695,0.8046631248053083,0.0,0.0,3.4702702702702695,0.8046631248053083
midday,8863,0.30916444047555985,002,2,1,3,14.4,9.72972972972973,6.6,4.864864864864865,3.4702702702702695,1.0728841664070776,0.0,0.0,3.4702702702702695,1.0728841664070776
midday,8864,0.5410377708322297,102,1,1,2,30.0,9.72972972972973,10.5,4.864864864864865,11.27027027027027,6.097641903703778,0.0,0.0,11.27027027027027,6.097641903703778
midday,8867,0.30916444047555985,002,2,1,3,14.4,9.72972972972973,6.6,4.864864864864865,3.4702702702702695,1.0728841664070776,0.0,0.0,3.4702702702702695,1.0728841664070776
midday,8876,0.4637466607133398,007,2,2,4,15.0,10.0,6.75,5.0,3.5,1.6231133124966894,0.0,0.0,3.5,1.6231133124966894
midday,8897,0.2318733303566699,034,1,1,2,15.0,12.0,6.75,6.0,1.5,0.34780999553500486,0.0,0.0,1.5,0.34780999553500486
midday,8902,0.30916444047555985,034,1,1,2,15.0,12.0,6.75,6.0,1.5,0.4637466607133398,0.0,0.0,1.5,0.4637466607133398
midday,8904,0.2318733303566699,034,1,1,2,15.0,12.0,6.75,6.0,1.5,0.34780999553500486,0.0,0.0,1.5,0.34780999553500486
midday,8905,0.5410377708322297,034,1,1,2,15.0,12.0,6.75,6.0,1.5,0.8115566562483445,0.0,0.0,1.5,0.8115566562483445
midday,8909,0.2318733303566699,034,1,1,2,15.0,12.0,6.75,6.0,1.5,0.34780999553500486,0.0,0.0,1.5,0.34780999553500486
midday,8917,0.4637466607133398,034,1,1,2,15.0,12.0,6.75,6.0,1.5,0.6956199910700097,0.0,0.0,1.5,0.6956199910700097
midday,8923,0.2318733303566699,034,1,1,2,15.0,12.0,6.75,6.0,1.5,0.34780999553500486,0.0,0.0,1.5,0.34780999553500486
midday,8924,0.2318733303566699,034,1,1,2,15.0,12.0,6.75,6.0,1.5,0.34780999553500486,0.0,0.0,1.5,0.34780999553500486
midday,8925,0.30916444047555985,034,1,1,2,15.0,12.0,6.75,6.0,1.5,0.4637466607133398,0.0,0.0,1.5,0.4637466607133398
midday,8926,0.30916444047555985,034,1,1,2,15.0,12.0,6.75,6.0,1.5,0.4637466607133398,0.0,0.0,1.5,0.4637466607133398
midday,8927,0.2318733303566699,034,1,1,2,15.0,12.0,6.75,6.0,1.5,0.34780999553500486,0.0,0.0,1.5,0.34780999553500486
midday,8930,0.2318733303566699,034,1,1,2,15.0,12.0,6.75,6.0,1.5,0.34780999553500486,0.0,0.0,1.5,0.34780999553500486
midday,8938,0.30916444047555985,034,1,1,2,15.0,12.0,6.75,6.0,1.5,0.4637466607133398,0.0,0.0,1.5,0.4637466607133398
midday,8939,0.30916444047555985,034,1,1,2,15.0,12.0,6.75,6.0,1.5,0.4637466607133398,0.0,0.0,1.5,0.4637466607133398
midday,8975,0.30916444047555985,034,1,1,2,15.0,12.0,6.75,6.0,1.5,0.4637466607133398,0.0,0.0,1.5,0.4637466607133398
midday,8976,0.30916444047555985,034,1,1,2,15.0,12.0,6.75,6.0,1.5,0.4637466607133398,0.0,0.0,1.5,0.4637466607133398
midday,8985,0.6183288809511197,034,1,1,2,15.0,12.0,6.75,6.0,1.5,0.9274933214266796,0.0,0.0,1.5,0.9274933214266796
midday,8986,0.5410377708322297,034,1,1,2,15.0,12.0,6.75,6.0,1.5,0.8115566562483445,0.0,0.0,1.5,0.8115566562483445
midday,8987,0.3864555505944498,034,1,1,2,15.0,12.0,6.75,6.0,1.5,0.5796833258916747,0.0,0.0,1.5,0.5796833258916747
midday,8988,0.2318733303566699,034,1,1,2,15.0,12.0,6.75,6.0,1.5,0.34780999553500486,0.0,0.0,1.5,0.34780999553500486
midday,8990,0.2318733303566699,034,1,1,2,15.0,12.0,6.75,6.0,1.5,0.34780999553500486,0.0,0.0,1.5,0.34780999553500486
midday,9033,0.2318733303566699,008,2,1,3,15.0,12.0,6.75,6.0,1.5,0.34780999553500486,0.0,0.0,1.5,0.34780999553500486
midday,9052,0.8502022113077896,008,2,1,3,15.0,12.0,6.75,6.0,1.5,1.2753033169616845,0.0,0.0,1.5,1.2753033169616845
midday,9057,0.30916444047555985,002,2,1,3,14.4,7.346938775510203,6.6,3.6734693877551017,5.853061224489796,1.809558398538583,0.0,0.0,5.853061224489796,1.809558398538583
midday,9088,0.5410377708322297,002,2,1,3,14.4,7.346938775510203,6.6,3.6734693877551017,5.853061224489796,3.16672719744252,0.0,0.0,5.853061224489796,3.16672719744252
midday,9134,1.0047844315455696,034,1,1,2,15.0,12.0,6.75,6.0,1.5,1.5071766473183543,0.0,0.0,1.5,1.5071766473183543
midday,9135,0.6183288809511197,034,1,1,2,15.0,12.0,6.75,6.0,1.5,0.9274933214266796,0.0,0.0,1.5,0.9274933214266796
midday,9136,0.2318733303566699,034,1,1,2,15.0,12.0,6.75,6.0,1.5,0.34780999553500486,0.0,0.0,1.5,0.34780999553500486
midday,9137,0.2318733303566699,034,1,1,2,15.0,12.0,6.75,6.0,1.5,0.34780999553500486,0.0,0.0,1.5,0.34780999553500486
midday,9139,2.937062184517819,034,1,1,2,15.0,12.0,6.75,6.0,1.5,4.405593276776728,0.0,0.0,1.5,4.405593276776728
midday,9140,0.30916444047555985,034,1,1,2,15.0,12.0,6.75,6.0,1.5,0.4637466607133398,0.0,0.0,1.5,0.4637466607133398
midday,9141,0.4637466607133398,034,1,1,2,15.0,12.0,6.75,6.0,1.5,0.6956199910700097,0.0,0.0,1.5,0.6956199910700097
midday,9146,1.932277752972249,034,1,1,2,15.0,12.0,6.75,6.0,1.5,2.8984166294583735,0.0,0.0,1.5,2.8984166294583735
midday,9149,0.8502022113077896,034,1,1,2,15.0,12.0,6.75,6.0,1.5,1.2753033169616845,0.0,0.0,1.5,1.2753033169616845
midday,9150,0.6183288809511197,034,1,1,2,15.0,12.0,6.75,6.0,1.5,0.9274933214266796,0.0,0.0,1.5,0.9274933214266796
midday,9152,0.2318733303566699,034,1,1,2,15.0,12.0,6.75,6.0,1.5,0.34780999553500486,0.0,0.0,1.5,0.34780999553500486
midday,9153,0.2318733303566699,034,1,1,2,15.0,12.0,6.75,6.0,1.5,0.34780999553500486,0.0,0.0,1.5,0.34780999553500486
midday,9154,0.2318733303566699,034,1,1,2,15.0,12.0,6.75,6.0,1.5,0.34780999553500486,0.0,0.0,1.5,0.34780999553500486
midday,9155,0.6183288809511197,034,1,1,2,15.0,12.0,6.75,6.0,1.5,0.9274933214266796,0.0,0.0,1.5,0.9274933214266796
midday,9156,0.8502022113077896,034,1,1,2,15.0,12.0,6.75,6.0,1.5,1.2753033169616845,0.0,0.0,1.5,1.2753033169616845
midday,9157,0.9274933214266796,034,1,1,2,15.0,12.0,6.75,6.0,1.5,1.3912399821400194,0.0,0.0,1.5,1.3912399821400194
midday,9158,0.30916444047555985,034,1,1,2,15.0,12.0,6.75,6.0,1.5,0.4637466607133398,0.0,0.0,1.5,0.4637466607133398
midday,9159,0.30916444047555985,034,1,1,2,15.0,12.0,6.75,6.0,1.5,0.4637466607133398,0.0,0.0,1.5,0.4637466607133398
midday,9168,0.4637466607133398,034,1,1,2,15.0,12.0,6.75,6.0,1.5,0.6956199910700097,0.0,0.0,1.5,0.6956199910700097
midday,9177,0.5410377708322297,034,1,1,2,15.0,12.0,6.75,6.0,1.5,0.8115566562483445,0.0,0.0,1.5,0.8115566562483445
midday,9179,0.30916444047555985,034,1,1,2,15.0,12.0,6.75,6.0,1.5,0.4637466607133398,0.0,0.0,1.5,0.4637466607133398
midday,9180,0.3864555505944498,034,1,1,2,15.0,12.0,6.75,6.0,1.5,0.5796833258916747,0.0,0.0,1.5,0.5796833258916747
midday,9181,0.30916444047555985,034,1,1,2,15.0,12.0,6.75,6.0,1.5,0.4637466607133398,0.0,0.0,1.5,0.4637466607133398
midday,9182,0.3864555505944498,034,1,1,2,15.0,12.0,6.75,6.0,1.5,0.5796833258916747,0.0,0.0,1.5,0.5796833258916747
midday,9183,0.2318733303566699,034,1,1,2,15.0,12.0,6.75,6.0,1.5,0.34780999553500486,0.0,0.0,1.5,0.34780999553500486
midday,9189,0.5410377708322297,034,1,1,2,15.0,12.0,6.75,6.0,1.5,0.8115566562483445,0.0,0.0,1.5,0.8115566562483445
midday,9192,0.2318733303566699,034,1,1,2,15.0,12.0,6.75,6.0,1.5,0.34780999553500486,0.0,0.0,1.5,0.34780999553500486
midday,9205,0.4637466607133398,023,1,2,3,15.0,8.571428571428571,6.75,4.285714285714286,4.928571428571429,2.285608542087175,0.0,0.0,4.928571428571429,2.285608542087175
midday,9271,1.2366577619022394,023,1,2,3,15.0,8.571428571428571,6.75,4.285714285714286,4.928571428571429,6.094956112232466,0.0,0.0,4.928571428571429,6.094956112232466
midday,9278,0.30916444047555985,002,2,2,4,14.4,5.9016393442622945,6.6,2.9508196721311473,7.298360655737705,2.2563935885199875,0.0,0.0,7.298360655737705,2.2563935885199875
midday,9407,0.2318733303566699,002,2,2,4,14.4,5.9016393442622945,6.6,2.9508196721311473,7.298360655737705,1.6922951913899908,0.0,0.0,7.298360655737705,1.6922951913899908
midday,9409,0.2318733303566699,002,2,2,4,14.4,5.9016393442622945,6.6,2.9508196721311473,7.298360655737705,1.6922951913899908,0.0,0.0,7.298360655737705,1.6922951913899908
midday,9461,0.3864555505944498,002,2,2,4,14.4,5.9016393442622945,6.6,2.9508196721311473,7.298360655737705,2.8204919856499844,0.0,0.0,7.298360655737705,2.8204919856499844
midday,9551,0.2318733303566699,002,2,1,3,14.4,7.346938775510203,6.6,3.6734693877551017,5.853061224489796,1.3571687989039374,0.0,0.0,5.853061224489796,1.3571687989039374
midday,9578,0.2318733303566699,002,2,1,3,14.4,7.346938775510203,6.6,3.6734693877551017,5.853061224489796,1.3571687989039374,0.0,0.0,5.853061224489796,1.3571687989039374
midday,9592,0.30916444047555985,008,2,1,3,15.0,12.0,6.75,6.0,1.5,0.4637466607133398,0.0,0.0,1.5,0.4637466607133398
midday,9606,0.8502022113077896,008,2,1,3,15.0,12.0,6.75,6.0,1.5,1.2753033169616845,0.0,0.0,1.5,1.2753033169616845
midday,9707,0.9274933214266796,008,2,1,3,15.0,12.0,6.75,6.0,1.5,1.3912399821400194,0.0,0.0,1.5,1.3912399821400194
midday,9909,0.30916444047555985,023,1,1,2,15.0,10.0,6.75,5.0,3.5,1.0820755416644594,0.0,0.0,3.5,1.0820755416644594
midday,9920,0.30916444047555985,023,1,1,2,15.0,10.0,6.75,5.0,3.5,1.0820755416644594,0.0,0.0,3.5,1.0820755416644594
midday,9947,0.7729111011888996,023,1,2,3,15.0,8.571428571428571,6.75,4.285714285714286,4.928571428571429,3.8093475701452912,0.0,0.0,4.928571428571429,3.8093475701452912
midday,10064,0.2318733303566699,002,2,2,4,14.4,5.9016393442622945,6.6,2.9508196721311473,7.298360655737705,1.6922951913899908,0.0,0.0,7.298360655737705,1.6922951913899908
midday,10370,0.2318733303566699,002,2,1,3,14.4,7.346938775510203,6.6,3.6734693877551017,5.853061224489796,1.3571687989039374,0.0,0.0,5.853061224489796,1.3571687989039374
midday,10372,0.6956199910700097,007,2,2,4,15.0,10.0,6.75,5.0,3.5,2.434669968745034,0.0,0.0,3.5,2.434669968745034
midday,10393,0.3864555505944498,034,1,1,2,15.0,12.0,6.75,6.0,1.5,0.5796833258916747,0.0,0.0,1.5,0.5796833258916747
midday,10466,0.7729111011888996,034,1,1,2,15.0,12.0,6.75,6.0,1.5,1.1593666517833494,0.0,0.0,1.5,1.1593666517833494
midday,10498,0.6956199910700097,034,1,1,2,15.0,12.0,6.75,6.0,1.5,1.0434299866050145,0.0,0.0,1.5,1.0434299866050145
midday,10507,0.2318733303566699,007,2,2,4,15.0,10.0,6.75,5.0,3.5,0.8115566562483447,0.0,0.0,3.5,0.8115566562483447
midday,10517,0.2318733303566699,034,1,1,2,15.0,12.0,6.75,6.0,1.5,0.34780999553500486,0.0,0.0,1.5,0.34780999553500486
midday,10545,0.5410377708322297,007,2,2,4,15.0,10.0,6.75,5.0,3.5,1.893632197912804,0.0,0.0,3.5,1.893632197912804
midday,10565,0.2318733303566699,034,1,1,2,15.0,12.0,6.75,6.0,1.5,0.34780999553500486,0.0,0.0,1.5,0.34780999553500486
midday,10590,0.3864555505944498,007,2,2,4,15.0,10.0,6.75,5.0,3.5,1.3525944270805743,0.0,0.0,3.5,1.3525944270805743
midday,10607,0.3864555505944498,034,1,1,2,15.0,12.0,6.75,6.0,1.5,0.5796833258916747,0.0,0.0,1.5,0.5796833258916747
midday,10614,2.396024413685589,034,1,1,2,15.0,10.0,6.75,5.0,3.5,8.386085447899562,0.0,0.0,3.5,8.386085447899562
midday,10615,0.2318733303566699,034,1,1,2,15.0,10.0,6.75,5.0,3.5,0.8115566562483447,0.0,0.0,3.5,0.8115566562483447
midday,10617,0.2318733303566699,034,1,1,2,15.0,10.0,6.75,5.0,3.5,0.8115566562483447,0.0,0.0,3.5,0.8115566562483447
midday,10618,0.2318733303566699,034,1,1,2,15.0,10.0,6.75,5.0,3.5,0.8115566562483447,0.0,0.0,3.5,0.8115566562483447
midday,10619,0.4637466607133398,034,1,1,2,15.0,10.0,6.75,5.0,3.5,1.6231133124966894,0.0,0.0,3.5,1.6231133124966894
midday,10619,0.4637466607133398,007,1,1,2,30.0,20.0,10.5,8.0,5.0,2.318733303566699,0.0,0.0,5.0,2.318733303566699
midday,10620,2.5506066339233686,034,1,1,2,15.0,10.0,6.75,5.0,3.5,8.92712321873179,0.0,0.0,3.5,8.92712321873179
midday,10620,2.5506066339233686,007,1,1,2,30.0,20.0,10.5,8.0,5.0,12.753033169616844,0.0,0.0,5.0,12.753033169616844
midday,10623,0.4637466607133398,034,1,1,2,15.0,10.0,6.75,5.0,3.5,1.6231133124966894,0.0,0.0,3.5,1.6231133124966894
midday,10624,1.6231133124966892,034,1,1,2,15.0,10.0,6.75,5.0,3.5,5.680896593738412,0.0,0.0,3.5,5.680896593738412
midday,10634,0.2318733303566699,034,1,1,2,15.0,10.0,6.75,5.0,3.5,0.8115566562483447,0.0,0.0,3.5,0.8115566562483447
midday,10638,0.7729111011888996,034,1,1,2,15.0,10.0,6.75,5.0,3.5,2.7051888541611486,0.0,0.0,3.5,2.7051888541611486
midday,10639,0.3864555505944498,034,1,1,2,15.0,10.0,6.75,5.0,3.5,1.3525944270805743,0.0,0.0,3.5,1.3525944270805743
midday,10640,0.3864555505944498,034,1,1,2,15.0,10.0,6.75,5.0,3.5,1.3525944270805743,0.0,0.0,3.5,1.3525944270805743
midday,10642,0.30916444047555985,034,1,1,2,15.0,10.0,6.75,5.0,3.5,1.0820755416644594,0.0,0.0,3.5,1.0820755416644594
midday,10643,0.30916444047555985,034,1,1,2,15.0,10.0,6.75,5.0,3.5,1.0820755416644594,0.0,0.0,3.5,1.0820755416644594
midday,10644,0.2318733303566699,034,1,1,2,15.0,10.0,6.75,5.0,3.5,0.8115566562483447,0.0,0.0,3.5,0.8115566562483447
midday,10644,0.2318733303566699,007,1,1,2,30.0,20.0,10.5,8.0,5.0,1.1593666517833494,0.0,0.0,5.0,1.1593666517833494
midday,10651,2.8597710743989286,034,1,1,2,15.0,10.0,6.75,5.0,3.5,10.00919876039625,0.0,0.0,3.5,10.00919876039625
midday,10652,0.30916444047555985,034,1,1,2,15.0,10.0,6.75,5.0,3.5,1.0820755416644594,0.0,0.0,3.5,1.0820755416644594
midday,10653,0.30916444047555985,034,1,1,2,15.0,10.0,6.75,5.0,3.5,1.0820755416644594,0.0,0.0,3.5,1.0820755416644594
midday,10656,0.2318733303566699,034,1,1,2,15.0,10.0,6.75,5.0,3.5,0.8115566562483447,0.0,0.0,3.5,0.8115566562483447
midday,10658,0.6183288809511197,034,1,1,2,15.0,10.0,6.75,5.0,3.5,2.164151083328919,0.0,0.0,3.5,2.164151083328919
midday,10658,0.6183288809511197,007,1,1,2,30.0,20.0,10.5,8.0,5.0,3.0916444047555984,0.0,0.0,5.0,3.0916444047555984
midday,10659,3.7872643958256083,034,1,1,2,15.0,10.0,6.75,5.0,3.5,13.255425385389628,0.0,0.0,3.5,13.255425385389628
midday,10659,3.7872643958256083,007,1,1,2,30.0,20.0,10.5,8.0,5.0,18.936321979128042,0.0,0.0,5.0,18.936321979128042
midday,10677,0.30916444047555985,034,1,1,2,15.0,10.0,6.75,5.0,3.5,1.0820755416644594,0.0,0.0,3.5,1.0820755416644594
midday,10678,0.30916444047555985,034,1,1,2,15.0,10.0,6.75,5.0,3.5,1.0820755416644594,0.0,0.0,3.5,1.0820755416644594
midday,10681,0.2318733303566699,034,1,1,2,15.0,10.0,6.75,5.0,3.5,0.8115566562483447,0.0,0.0,3.5,0.8115566562483447
midday,10684,1.4685310922589094,034,1,1,2,15.0,10.0,6.75,5.0,3.5,5.139858822906183,0.0,0.0,3.5,5.139858822906183
midday,10685,0.7729111011888996,034,1,1,2,15.0,10.0,6.75,5.0,3.5,2.7051888541611486,0.0,0.0,3.5,2.7051888541611486
midday,10686,0.30916444047555985,034,1,1,2,15.0,10.0,6.75,5.0,3.5,1.0820755416644594,0.0,0.0,3.5,1.0820755416644594
midday,10687,0.2318733303566699,034,1,1,2,15.0,10.0,6.75,5.0,3.5,0.8115566562483447,0.0,0.0,3.5,0.8115566562483447
midday,10688,0.4637466607133398,034,1,1,2,15.0,10.0,6.75,5.0,3.5,1.6231133124966894,0.0,0.0,3.5,1.6231133124966894
midday,10691,0.3864555505944498,034,1,1,2,15.0,10.0,6.75,5.0,3.5,1.3525944270805743,0.0,0.0,3.5,1.3525944270805743
midday,10702,0.2318733303566699,002,2,2,4,14.4,5.9016393442622945,6.6,2.9508196721311473,7.298360655737705,1.6922951913899908,0.0,0.0,7.298360655737705,1.6922951913899908
midday,10747,0.6956199910700097,034,1,1,2,15.0,12.0,6.75,6.0,1.5,1.0434299866050145,0.0,0.0,1.5,1.0434299866050145
midday,10748,1.1593666517833494,034,1,1,2,15.0,12.0,6.75,6.0,1.5,1.7390499776750241,0.0,0.0,1.5,1.7390499776750241
midday,10754,0.2318733303566699,034,1,1,2,15.0,12.0,6.75,6.0,1.5,0.34780999553500486,0.0,0.0,1.5,0.34780999553500486
midday,10771,0.6956199910700097,034,1,1,2,15.0,12.0,6.75,6.0,1.5,1.0434299866050145,0.0,0.0,1.5,1.0434299866050145
midday,10773,0.5410377708322297,034,1,1,2,15.0,12.0,6.75,6.0,1.5,0.8115566562483445,0.0,0.0,1.5,0.8115566562483445
midday,10775,0.3864555505944498,034,1,1,2,15.0,12.0,6.75,6.0,1.5,0.5796833258916747,0.0,0.0,1.5,0.5796833258916747
midday,10776,1.0047844315455696,034,1,1,2,15.0,12.0,6.75,6.0,1.5,1.5071766473183543,0.0,0.0,1.5,1.5071766473183543
midday,10777,0.6956199910700097,034,1,1,2,15.0,12.0,6.75,6.0,1.5,1.0434299866050145,0.0,0.0,1.5,1.0434299866050145
midday,10778,0.30916444047555985,034,1,1,2,15.0,12.0,6.75,6.0,1.5,0.4637466607133398,0.0,0.0,1.5,0.4637466607133398
midday,10783,0.3864555505944498,034,1,1,2,15.0,12.0,6.75,6.0,1.5,0.5796833258916747,0.0,0.0,1.5,0.5796833258916747
midday,10787,0.9274933214266796,034,1,1,2,15.0,12.0,6.75,6.0,1.5,1.3912399821400194,0.0,0.0,1.5,1.3912399821400194
midday,10788,0.4637466607133398,034,1,1,2,15.0,12.0,6.75,6.0,1.5,0.6956199910700097,0.0,0.0,1.5,0.6956199910700097
midday,10796,0.3864555505944498,034,1,1,2,15.0,12.0,6.75,6.0,1.5,0.5796833258916747,0.0,0.0,1.5,0.5796833258916747
midday,10798,2.318733303566699,034,1,1,2,15.0,12.0,6.75,6.0,1.5,3.4780999553500482,0.0,0.0,1.5,3.4780999553500482
midday,10804,0.4637466607133398,034,1,1,2,15.0,12.0,6.75,6.0,1.5,0.6956199910700097,0.0,0.0,1.5,0.6956199910700097
midday,10818,0.4637466607133398,034,1,1,2,15.0,12.0,6.75,6.0,1.5,0.6956199910700097,0.0,0.0,1.5,0.6956199910700097
midday,10819,0.4637466607133398,034,1,1,2,15.0,12.0,6.75,6.0,1.5,0.6956199910700097,0.0,0.0,1.5,0.6956199910700097
midday,10820,0.30916444047555985,034,1,1,2,15.0,12.0,6.75,6.0,1.5,0.4637466607133398,0.0,0.0,1.5,0.4637466607133398
midday,10821,0.30916444047555985,034,1,1,2,15.0,12.0,6.75,6.0,1.5,0.4637466607133398,0.0,0.0,1.5,0.4637466607133398
midday,10825,0.5410377708322297,034,1,1,2,15.0,12.0,6.75,6.0,1.5,0.8115566562483445,0.0,0.0,1.5,0.8115566562483445
midday,10826,1.3139488720211294,034,1,1,2,15.0,12.0,6.75,6.0,1.5,1.9709233080316941,0.0,0.0,1.5,1.9709233080316941
midday,10862,0.2318733303566699,034,1,1,2,15.0,10.0,6.75,5.0,3.5,0.8115566562483447,0.0,0.0,3.5,0.8115566562483447
midday,10873,0.4637466607133398,023,1,1,2,15.0,10.0,6.75,5.0,3.5,1.6231133124966894,0.0,0.0,3.5,1.6231133124966894
midday,10875,0.2318733303566699,023,1,1,2,15.0,10.0,6.75,5.0,3.5,0.8115566562483447,0.0,0.0,3.5,0.8115566562483447
midday,10880,3.0916444047555984,023,1,2,3,15.0,8.571428571428571,6.75,4.285714285714286,4.928571428571429,15.237390280581165,0.0,0.0,4.928571428571429,15.237390280581165
midday,10886,0.2318733303566699,002,2,2,4,14.4,5.9016393442622945,6.6,2.9508196721311473,7.298360655737705,1.6922951913899908,0.0,0.0,7.298360655737705,1.6922951913899908
midday,10922,0.2318733303566699,023,1,1,2,15.0,10.0,6.75,5.0,3.5,0.8115566562483447,0.0,0.0,3.5,0.8115566562483447
midday,10924,1.4685310922589094,023,1,2,3,15.0,8.571428571428571,6.75,4.285714285714286,4.928571428571429,7.237760383276054,0.0,0.0,4.928571428571429,7.237760383276054
midday,10934,0.2318733303566699,006,1,1,2,14.693877551020408,9.72972972972973,6.673469387755102,4.864864864864865,3.6172090457804735,0.8387343080413905,-1.7763568394002505e-15,-4.118897762535843e-16,3.6172090457804753,0.8387343080413908
midday,10949,0.2318733303566699,034,1,1,2,15.0,10.0,6.75,5.0,3.5,0.8115566562483447,0.0,0.0,3.5,0.8115566562483447
midday,10954,2.5506066339233686,023,1,2,3,15.0,8.571428571428571,6.75,4.285714285714286,4.928571428571429,12.57084698147946,0.0,0.0,4.928571428571429,12.57084698147946
midday,10998,1.0047844315455696,023,1,2,3,15.0,8.571428571428571,6.75,4.285714285714286,4.928571428571429,4.952151841188879,0.0,0.0,4.928571428571429,4.952151841188879
midday,11032,2.396024413685589,023,1,2,3,15.0,8.571428571428571,6.75,4.285714285714286,4.928571428571429,11.808977467450404,0.0,0.0,4.928571428571429,11.808977467450404
midday,11055,1.8549866428533592,034,1,1,2,15.0,10.0,6.75,5.0,3.5,6.492453249986758,0.0,0.0,3.5,6.492453249986758
midday,11057,0.3864555505944498,034,1,1,2,15.0,10.0,6.75,5.0,3.5,1.3525944270805743,0.0,0.0,3.5,1.3525944270805743
midday,11060,0.7729111011888996,034,1,1,2,15.0,10.0,6.75,5.0,3.5,2.7051888541611486,0.0,0.0,3.5,2.7051888541611486
midday,11060,0.7729111011888996,007,1,1,2,30.0,20.0,10.5,8.0,5.0,3.864555505944498,0.0,0.0,5.0,3.864555505944498
midday,11061,3.4008088452311585,034,1,1,2,15.0,10.0,6.75,5.0,3.5,11.902830958309055,0.0,0.0,3.5,11.902830958309055
midday,11061,3.4008088452311585,007,1,1,2,30.0,20.0,10.5,8.0,5.0,17.00404422615579,0.0,0.0,5.0,17.00404422615579
midday,11079,0.2318733303566699,034,1,1,2,15.0,10.0,6.75,5.0,3.5,0.8115566562483447,0.0,0.0,3.5,0.8115566562483447
midday,11082,1.932277752972249,034,1,1,2,15.0,10.0,6.75,5.0,3.5,6.762972135402872,0.0,0.0,3.5,6.762972135402872
midday,11083,0.4637466607133398,034,1,1,2,15.0,10.0,6.75,5.0,3.5,1.6231133124966894,0.0,0.0,3.5,1.6231133124966894
midday,11086,0.2318733303566699,034,1,1,2,15.0,10.0,6.75,5.0,3.5,0.8115566562483447,0.0,0.0,3.5,0.8115566562483447
midday,11097,0.2318733303566699,002,2,1,3,14.4,7.346938775510203,6.6,3.6734693877551017,5.853061224489796,1.3571687989039374,0.0,0.0,5.853061224489796,1.3571687989039374
midday,11101,0.2318733303566699,002,2,1,3,14.4,9.72972972972973,6.6,4.864864864864865,3.4702702702702695,0.8046631248053083,0.0,0.0,3.4702702702702695,0.8046631248053083
midday,11102,0.6956199910700097,101,2,8,10,15.0,5.999999999999999,6.75,2.9999999999999996,7.500000000000001,5.217149933025073,0.0,0.0,7.500000000000001,5.217149933025073
midday,11104,0.3864555505944498,102,1,1,2,30.0,9.72972972972973,10.5,4.864864864864865,11.27027027027027,4.355458502645556,0.0,0.0,11.27027027027027,4.355458502645556
midday,11131,0.30916444047555985,002,2,1,3,14.4,7.346938775510203,6.6,3.6734693877551017,5.853061224489796,1.809558398538583,0.0,0.0,5.853061224489796,1.809558398538583
midday,11137,0.4637466607133398,002,2,1,3,14.4,9.72972972972973,6.6,4.864864864864865,3.4702702702702695,1.6093262496106167,0.0,0.0,3.4702702702702695,1.6093262496106167
midday,11138,1.0047844315455696,101,2,8,10,15.0,5.999999999999999,6.75,2.9999999999999996,7.500000000000001,7.535883236591773,0.0,0.0,7.500000000000001,7.535883236591773
midday,11139,0.30916444047555985,102,1,1,2,30.0,9.72972972972973,10.5,4.864864864864865,11.27027027027027,3.484366802116445,0.0,0.0,11.27027027027027,3.484366802116445
midday,11140,0.30916444047555985,102,1,1,2,30.0,9.72972972972973,10.5,4.864864864864865,11.27027027027027,3.484366802116445,0.0,0.0,11.27027027027027,3.484366802116445
midday,11171,0.2318733303566699,002,2,1,3,14.4,7.346938775510203,6.6,3.6734693877551017,5.853061224489796,1.3571687989039374,0.0,0.0,5.853061224489796,1.3571687989039374
midday,11178,1.932277752972249,101,2,8,10,15.0,5.999999999999999,6.75,2.9999999999999996,7.500000000000001,14.492083147291869,0.0,0.0,7.500000000000001,14.492083147291869
midday,11180,0.6956199910700097,102,1,1,2,30.0,9.72972972972973,10.5,4.864864864864865,11.27027027027027,7.839825304762002,0.0,0.0,11.27027027027027,7.839825304762002
midday,11253,3.4008088452311585,023,1,2,3,15.0,8.571428571428571,6.75,4.285714285714286,4.928571428571429,16.761129308639283,0.0,0.0,4.928571428571429,16.761129308639283
midday,11287,2.086859973210029,023,1,2,3,15.0,8.571428571428571,6.75,4.285714285714286,4.928571428571429,10.285238439392286,0.0,0.0,4.928571428571429,10.285238439392286
midday,11295,0.7729111011888996,101,2,8,10,15.0,5.999999999999999,6.75,2.9999999999999996,7.500000000000001,5.796833258916748,0.0,0.0,7.500000000000001,5.796833258916748
midday,11296,0.2318733303566699,102,1,1,2,30.0,9.72972972972973,10.5,4.864864864864865,11.27027027027027,2.613275101587334,0.0,0.0,11.27027027027027,2.613275101587334
midday,11308,0.2318733303566699,023,1,1,2,15.0,5.999999999999999,6.75,2.9999999999999996,7.500000000000001,1.7390499776750246,0.0,0.0,7.500000000000001,1.7390499776750246
midday,11309,1.3912399821400194,023,1,1,2,15.0,5.999999999999999,6.75,2.9999999999999996,7.500000000000001,10.434299866050146,0.0,0.0,7.500000000000001,10.434299866050146
midday,11315,0.3864555505944498,023,1,1,2,15.0,5.999999999999999,6.75,2.9999999999999996,7.500000000000001,2.898416629458374,0.0,0.0,7.500000000000001,2.898416629458374
midday,11316,0.30916444047555985,023,1,1,2,15.0,5.999999999999999,6.75,2.9999999999999996,7.500000000000001,2.3187333035666993,0.0,0.0,7.500000000000001,2.3187333035666993
midday,11317,0.5410377708322297,023,1,1,2,15.0,5.999999999999999,6.75,2.9999999999999996,7.500000000000001,4.057783281241723,0.0,0.0,7.500000000000001,4.057783281241723
midday,11318,0.2318733303566699,023,1,1,2,15.0,5.999999999999999,6.75,2.9999999999999996,7.500000000000001,1.7390499776750246,0.0,0.0,7.500000000000001,1.7390499776750246
midday,11319,0.2318733303566699,023,1,1,2,15.0,5.999999999999999,6.75,2.9999999999999996,7.500000000000001,1.7390499776750246,0.0,0.0,7.500000000000001,1.7390499776750246
midday,11320,0.2318733303566699,023,1,1,2,15.0,5.999999999999999,6.75,2.9999999999999996,7.500000000000001,1.7390499776750246,0.0,0.0,7.500000000000001,1.7390499776750246
midday,11321,0.2318733303566699,023,1,1,2,15.0,5.999999999999999,6.75,2.9999999999999996,7.500000000000001,1.7390499776750246,0.0,0.0,7.500000000000001,1.7390499776750246
midday,11322,0.30916444047555985,023,1,1,2,15.0,5.999999999999999,6.75,2.9999999999999996,7.500000000000001,2.3187333035666993,0.0,0.0,7.500000000000001,2.3187333035666993
midday,11323,0.3864555505944498,023,1,1,2,15.0,5.999999999999999,6.75,2.9999999999999996,7.500000000000001,2.898416629458374,0.0,0.0,7.500000000000001,2.898416629458374
midday,11324,0.30916444047555985,023,1,1,2,15.0,5.999999999999999,6.75,2.9999999999999996,7.500000000000001,2.3187333035666993,0.0,0.0,7.500000000000001,2.3187333035666993
midday,11325,0.4637466607133398,023,1,1,2,15.0,5.999999999999999,6.75,2.9999999999999996,7.500000000000001,3.478099955350049,0.0,0.0,7.500000000000001,3.478099955350049
midday,11326,1.3139488720211294,023,1,1,2,15.0,5.999999999999999,6.75,2.9999999999999996,7.500000000000001,9.854616540158473,0.0,0.0,7.500000000000001,9.854616540158473
midday,11327,0.4637466607133398,023,1,1,2,15.0,5.999999999999999,6.75,2.9999999999999996,7.500000000000001,3.478099955350049,0.0,0.0,7.500000000000001,3.478099955350049
midday,11329,0.30916444047555985,023,1,1,2,15.0,5.999999999999999,6.75,2.9999999999999996,7.500000000000001,2.3187333035666993,0.0,0.0,7.500000000000001,2.3187333035666993
midday,11330,0.2318733303566699,023,1,1,2,15.0,5.999999999999999,6.75,2.9999999999999996,7.500000000000001,1.7390499776750246,0.0,0.0,7.500000000000001,1.7390499776750246
midday,11331,0.2318733303566699,023,1,1,2,15.0,5.999999999999999,6.75,2.9999999999999996,7.500000000000001,1.7390499776750246,0.0,0.0,7.500000000000001,1.7390499776750246
midday,11336,0.30916444047555985,023,1,1,2,15.0,5.999999999999999,6.75,2.9999999999999996,7.500000000000001,2.3187333035666993,0.0,0.0,7.500000000000001,2.3187333035666993
midday,11337,0.5410377708322297,023,1,1,2,15.0,5.999999999999999,6.75,2.9999999999999996,7.500000000000001,4.057783281241723,0.0,0.0,7.500000000000001,4.057783281241723
midday,11338,1.5458222023777992,023,1,1,2,15.0,5.999999999999999,6.75,2.9999999999999996,7.500000000000001,11.593666517833496,0.0,0.0,7.500000000000001,11.593666517833496
midday,11344,0.30916444047555985,007,1,1,2,30.0,20.0,10.5,8.0,5.0,1.5458222023777992,0.0,0.0,5.0,1.5458222023777992
midday,11345,1.7776955327344692,007,1,1,2,30.0,20.0,10.5,8.0,5.0,8.888477663672345,0.0,0.0,5.0,8.888477663672345
midday,11356,0.4637466607133398,023,1,1,2,15.0,10.0,6.75,5.0,3.5,1.6231133124966894,0.0,0.0,3.5,1.6231133124966894
midday,11366,1.4685310922589094,023,1,2,3,15.0,8.571428571428571,6.75,4.285714285714286,4.928571428571429,7.237760383276054,0.0,0.0,4.928571428571429,7.237760383276054
midday,11392,0.9274933214266796,007,1,1,2,30.0,20.0,10.5,8.0,5.0,4.637466607133398,0.0,0.0,5.0,4.637466607133398
midday,11406,1.4685310922589094,023,1,2,3,15.0,8.571428571428571,6.75,4.285714285714286,4.928571428571429,7.237760383276054,0.0,0.0,4.928571428571429,7.237760383276054
midday,11412,0.2318733303566699,007,1,1,2,30.0,20.0,10.5,8.0,5.0,1.1593666517833494,0.0,0.0,5.0,1.1593666517833494
midday,11413,0.4637466607133398,007,1,1,2,30.0,20.0,10.5,8.0,5.0,2.318733303566699,0.0,0.0,5.0,2.318733303566699
midday,11419,0.2318733303566699,023,1,1,2,15.0,10.0,6.75,5.0,3.5,0.8115566562483447,0.0,0.0,3.5,0.8115566562483447
midday,11427,1.4685310922589094,023,1,2,3,15.0,8.571428571428571,6.75,4.285714285714286,4.928571428571429,7.237760383276054,0.0,0.0,4.928571428571429,7.237760383276054
midday,11434,0.30916444047555985,007,1,1,2,30.0,20.0,10.5,8.0,5.0,1.5458222023777992,0.0,0.0,5.0,1.5458222023777992
midday,11435,1.6231133124966892,007,1,1,2,30.0,20.0,10.5,8.0,5.0,8.115566562483446,0.0,0.0,5.0,8.115566562483446
midday,11452,0.2318733303566699,007,1,1,2,30.0,20.0,10.5,8.0,5.0,1.1593666517833494,0.0,0.0,5.0,1.1593666517833494
midday,11453,0.9274933214266796,023,1,2,3,15.0,8.571428571428571,6.75,4.285714285714286,4.928571428571429,4.57121708417435,0.0,0.0,4.928571428571429,4.57121708417435
midday,11460,0.30916444047555985,007,1,1,2,30.0,20.0,10.5,8.0,5.0,1.5458222023777992,0.0,0.0,5.0,1.5458222023777992
midday,11461,1.4685310922589094,007,1,1,2,30.0,20.0,10.5,8.0,5.0,7.342655461294547,0.0,0.0,5.0,7.342655461294547
midday,11473,0.2318733303566699,023,1,1,2,15.0,10.0,6.75,5.0,3.5,0.8115566562483447,0.0,0.0,3.5,0.8115566562483447
midday,11483,1.7004044226155792,023,1,2,3,15.0,8.571428571428571,6.75,4.285714285714286,4.928571428571429,8.380564654319642,0.0,0.0,4.928571428571429,8.380564654319642
midday,11537,3.3235177351122687,023,1,2,3,15.0,8.571428571428571,6.75,4.285714285714286,4.928571428571429,16.380194551624754,0.0,0.0,4.928571428571429,16.380194551624754
midday,11570,2.473315523804479,023,1,2,3,15.0,8.571428571428571,6.75,4.285714285714286,4.928571428571429,12.189912224464932,0.0,0.0,4.928571428571429,12.189912224464932
midday,11572,0.30916444047555985,024,1,1,2,30.0,19.45945945945946,10.5,7.864864864864865,5.27027027027027,1.6293801592630857,0.0,0.0,5.27027027027027,1.6293801592630857
midday,11573,0.6956199910700097,024,1,1,2,30.0,19.45945945945946,10.5,7.864864864864865,5.27027027027027,3.666105358341943,0.0,0.0,5.27027027027027,3.666105358341943
midday,11574,0.4637466607133398,024,1,1,2,30.0,19.45945945945946,10.5,7.864864864864865,5.27027027027027,2.4440702388946285,0.0,0.0,5.27027027027027,2.4440702388946285
midday,11575,2.5506066339233686,024,1,1,2,30.0,19.45945945945946,10.5,7.864864864864865,5.27027027027027,13.442386313920457,0.0,0.0,5.27027027027027,13.442386313920457
midday,11578,0.30916444047555985,024,1,1,2,30.0,19.45945945945946,10.5,7.864864864864865,5.27027027027027,1.6293801592630857,0.0,0.0,5.27027027027027,1.6293801592630857
midday,11589,0.6183288809511197,024,1,1,2,30.0,19.45945945945946,10.5,7.864864864864865,5.27027027027027,3.2587603185261713,0.0,0.0,5.27027027027027,3.2587603185261713
midday,11591,0.2318733303566699,024,1,1,2,30.0,19.45945945945946,10.5,7.864864864864865,5.27027027027027,1.2220351194473142,0.0,0.0,5.27027027027027,1.2220351194473142
midday,11592,0.2318733303566699,024,1,1,2,30.0,19.45945945945946,10.5,7.864864864864865,5.27027027027027,1.2220351194473142,0.0,0.0,5.27027027027027,1.2220351194473142
midday,11593,0.8502022113077896,024,1,1,2,30.0,19.45945945945946,10.5,7.864864864864865,5.27027027027027,4.480795437973486,0.0,0.0,5.27027027027027,4.480795437973486
midday,11594,0.3864555505944498,024,1,1,2,30.0,19.45945945945946,10.5,7.864864864864865,5.27027027027027,2.036725199078857,0.0,0.0,5.27027027027027,2.036725199078857
midday,11595,0.8502022113077896,024,1,1,2,30.0,19.45945945945946,10.5,7.864864864864865,5.27027027027027,4.480795437973486,0.0,0.0,5.27027027027027,4.480795437973486
midday,11601,0.7729111011888996,024,1,1,2,30.0,19.45945945945946,10.5,7.864864864864865,5.27027027027027,4.073450398157714,0.0,0.0,5.27027027027027,4.073450398157714
midday,11602,0.3864555505944498,024,1,1,2,30.0,19.45945945945946,10.5,7.864864864864865,5.27027027027027,2.036725199078857,0.0,0.0,5.27027027027027,2.036725199078857
midday,11603,0.2318733303566699,024,1,1,2,30.0,19.45945945945946,10.5,7.864864864864865,5.27027027027027,1.2220351194473142,0.0,0.0,5.27027027027027,1.2220351194473142
midday,11604,0.30916444047555985,024,1,1,2,30.0,19.45945945945946,10.5,7.864864864864865,5.27027027027027,1.6293801592630857,0.0,0.0,5.27027027027027,1.6293801592630857
midday,11612,0.3864555505944498,024,1,1,2,30.0,19.45945945945946,10.5,7.864864864864865,5.27027027027027,2.036725199078857,0.0,0.0,5.27027027027027,2.036725199078857
midday,11613,3.3235177351122687,024,1,1,2,30.0,19.45945945945946,10.5,7.864864864864865,5.27027027027027,17.515836712078173,0.0,0.0,5.27027027027027,17.515836712078173
midday,11613,3.3235177351122687,023,1,2,3,15.0,8.571428571428571,6.75,4.285714285714286,4.928571428571429,16.380194551624754,0.0,0.0,4.928571428571429,16.380194551624754
midday,11621,0.3864555505944498,007,1,1,2,30.0,20.0,10.5,8.0,5.0,1.932277752972249,0.0,0.0,5.0,1.932277752972249
midday,11622,0.30916444047555985,007,1,1,2,30.0,20.0,10.5,8.0,5.0,1.5458222023777992,0.0,0.0,5.0,1.5458222023777992
midday,11623,1.0820755416644594,007,1,1,2,30.0,20.0,10.5,8.0,5.0,5.410377708322297,0.0,0.0,5.0,5.410377708322297
midday,11624,6.337871029748977,007,1,1,2,30.0,20.0,10.5,8.0,5.0,31.689355148744887,0.0,0.0,5.0,31.689355148744887
midday,11642,0.2318733303566699,034,1,1,2,15.0,10.0,6.75,5.0,3.5,0.8115566562483447,0.0,0.0,3.5,0.8115566562483447
midday,11648,0.30916444047555985,034,1,1,2,15.0,10.0,6.75,5.0,3.5,1.0820755416644594,0.0,0.0,3.5,1.0820755416644594
midday,11664,0.30916444047555985,007,1,1,2,30.0,20.0,10.5,8.0,5.0,1.5458222023777992,0.0,0.0,5.0,1.5458222023777992
midday,11666,4.637466607133398,023,1,2,3,15.0,8.571428571428571,6.75,4.285714285714286,4.928571428571429,22.856085420871747,0.0,0.0,4.928571428571429,22.856085420871747
midday,11702,2.7051888541611486,023,1,2,3,15.0,8.571428571428571,6.75,4.285714285714286,4.928571428571429,13.33271649550852,0.0,0.0,4.928571428571429,13.33271649550852
midday,11706,2.396024413685589,034,1,1,2,15.0,10.0,6.75,5.0,3.5,8.386085447899562,0.0,0.0,3.5,8.386085447899562
midday,11708,0.3864555505944498,034,1,1,2,15.0,10.0,6.75,5.0,3.5,1.3525944270805743,0.0,0.0,3.5,1.3525944270805743
midday,11708,0.3864555505944498,007,1,1,2,30.0,20.0,10.5,8.0,5.0,1.932277752972249,0.0,0.0,5.0,1.932277752972249
midday,11709,2.318733303566699,034,1,1,2,15.0,10.0,6.75,5.0,3.5,8.115566562483446,0.0,0.0,3.5,8.115566562483446
midday,11709,2.318733303566699,007,1,1,2,30.0,20.0,10.5,8.0,5.0,11.593666517833494,0.0,0.0,5.0,11.593666517833494
midday,11713,0.2318733303566699,034,1,1,2,15.0,10.0,6.75,5.0,3.5,0.8115566562483447,0.0,0.0,3.5,0.8115566562483447
midday,11720,0.2318733303566699,034,1,1,2,15.0,10.0,6.75,5.0,3.5,0.8115566562483447,0.0,0.0,3.5,0.8115566562483447
midday,11721,0.4637466607133398,034,1,1,2,15.0,10.0,6.75,5.0,3.5,1.6231133124966894,0.0,0.0,3.5,1.6231133124966894
midday,11726,0.8502022113077896,034,1,1,2,15.0,10.0,6.75,5.0,3.5,2.9757077395772638,0.0,0.0,3.5,2.9757077395772638
midday,11727,0.6183288809511197,034,1,1,2,15.0,10.0,6.75,5.0,3.5,2.164151083328919,0.0,0.0,3.5,2.164151083328919
midday,11729,0.2318733303566699,034,1,1,2,15.0,10.0,6.75,5.0,3.5,0.8115566562483447,0.0,0.0,3.5,0.8115566562483447
midday,11730,0.2318733303566699,034,1,1,2,15.0,10.0,6.75,5.0,3.5,0.8115566562483447,0.0,0.0,3.5,0.8115566562483447
midday,11732,0.2318733303566699,034,1,1,2,15.0,10.0,6.75,5.0,3.5,0.8115566562483447,0.0,0.0,3.5,0.8115566562483447
midday,11743,0.2318733303566699,007,1,1,2,30.0,20.0,10.5,8.0,5.0,1.1593666517833494,0.0,0.0,5.0,1.1593666517833494
midday,11744,0.4637466607133398,007,1,1,2,30.0,20.0,10.5,8.0,5.0,2.318733303566699,0.0,0.0,5.0,2.318733303566699
midday,11745,5.796833258916747,007,1,1,2,30.0,20.0,10.5,8.0,5.0,28.984166294583737,0.0,0.0,5.0,28.984166294583737
midday,11771,0.2318733303566699,034,1,1,2,15.0,10.0,6.75,5.0,3.5,0.8115566562483447,0.0,0.0,3.5,0.8115566562483447
midday,11773,0.2318733303566699,023,1,1,2,15.0,10.0,6.75,5.0,3.5,0.8115566562483447,0.0,0.0,3.5,0.8115566562483447
midday,11794,0.2318733303566699,007,1,1,2,30.0,20.0,10.5,8.0,5.0,1.1593666517833494,0.0,0.0,5.0,1.1593666517833494
midday,11796,4.714757717252287,023,1,2,3,15.0,8.571428571428571,6.75,4.285714285714286,4.928571428571429,23.237020177886276,0.0,0.0,4.928571428571429,23.237020177886276
midday,11806,0.6956199910700097,007,1,1,2,30.0,20.0,10.5,8.0,5.0,3.4780999553500487,0.0,0.0,5.0,3.4780999553500487
midday,11807,4.251011056538948,007,1,1,2,30.0,20.0,10.5,8.0,5.0,21.25505528269474,0.0,0.0,5.0,21.25505528269474
midday,11825,0.3864555505944498,023,1,1,2,15.0,10.0,6.75,5.0,3.5,1.3525944270805743,0.0,0.0,3.5,1.3525944270805743
midday,11842,4.714757717252287,023,1,2,3,15.0,8.571428571428571,6.75,4.285714285714286,4.928571428571429,23.237020177886276,0.0,0.0,4.928571428571429,23.237020177886276
midday,11921,0.3864555505944498,002,2,1,3,14.4,9.72972972972973,6.6,4.864864864864865,3.4702702702702695,1.341105208008847,0.0,0.0,3.4702702702702695,1.341105208008847
midday,11923,0.2318733303566699,002,2,1,3,14.4,9.72972972972973,6.6,4.864864864864865,3.4702702702702695,0.8046631248053083,0.0,0.0,3.4702702702702695,0.8046631248053083
midday,11957,0.2318733303566699,002,2,1,3,14.4,9.72972972972973,6.6,4.864864864864865,3.4702702702702695,0.8046631248053083,0.0,0.0,3.4702702702702695,0.8046631248053083
midday,11961,0.30916444047555985,002,2,1,3,14.4,9.72972972972973,6.6,4.864864864864865,3.4702702702702695,1.0728841664070776,0.0,0.0,3.4702702702702695,1.0728841664070776
midday,11992,0.2318733303566699,101,2,1,3,15.0,10.0,6.75,5.0,3.5,0.8115566562483447,0.0,0.0,3.5,0.8115566562483447
midday,12103,0.2318733303566699,034,1,1,2,15.0,12.0,6.75,6.0,1.5,0.34780999553500486,0.0,0.0,1.5,0.34780999553500486
midday,12104,0.2318733303566699,034,1,1,2,15.0,12.0,6.75,6.0,1.5,0.34780999553500486,0.0,0.0,1.5,0.34780999553500486
midday,12106,4.173719946420058,034,1,1,2,15.0,12.0,6.75,6.0,1.5,6.2605799196300875,0.0,0.0,1.5,6.2605799196300875
midday,12123,0.6956199910700097,034,1,1,2,15.0,12.0,6.75,6.0,1.5,1.0434299866050145,0.0,0.0,1.5,1.0434299866050145
midday,12125,0.2318733303566699,034,1,1,2,15.0,12.0,6.75,6.0,1.5,0.34780999553500486,0.0,0.0,1.5,0.34780999553500486
midday,12129,0.2318733303566699,034,1,1,2,15.0,12.0,6.75,6.0,1.5,0.34780999553500486,0.0,0.0,1.5,0.34780999553500486
midday,12130,1.3139488720211294,034,1,1,2,15.0,12.0,6.75,6.0,1.5,1.9709233080316941,0.0,0.0,1.5,1.9709233080316941
midday,12138,0.2318733303566699,002,2,1,3,14.4,9.72972972972973,6.6,4.864864864864865,3.4702702702702695,0.8046631248053083,0.0,0.0,3.4702702702702695,0.8046631248053083
midday,12158,0.2318733303566699,002,2,2,4,14.4,5.9016393442622945,6.6,2.9508196721311473,7.298360655737705,1.6922951913899908,0.0,0.0,7.298360655737705,1.6922951913899908
midday,12162,0.2318733303566699,002,2,1,3,14.4,9.72972972972973,6.6,4.864864864864865,3.4702702702702695,0.8046631248053083,0.0,0.0,3.4702702702702695,0.8046631248053083
midday,12223,0.2318733303566699,002,2,1,3,14.4,9.72972972972973,6.6,4.864864864864865,3.4702702702702695,0.8046631248053083,0.0,0.0,3.4702702702702695,0.8046631248053083
midday,12224,0.2318733303566699,002,2,1,3,14.4,9.72972972972973,6.6,4.864864864864865,3.4702702702702695,0.8046631248053083,0.0,0.0,3.4702702702702695,0.8046631248053083
midday,12237,0.2318733303566699,023,1,1,2,15.0,10.0,6.75,5.0,3.5,0.8115566562483447,0.0,0.0,3.5,0.8115566562483447
midday,12258,0.2318733303566699,002,2,2,4,14.4,5.9016393442622945,6.6,2.9508196721311473,7.298360655737705,1.6922951913899908,0.0,0.0,7.298360655737705,1.6922951913899908
midday,12291,0.2318733303566699,002,2,2,4,14.4,5.9016393442622945,6.6,2.9508196721311473,7.298360655737705,1.6922951913899908,0.0,0.0,7.298360655737705,1.6922951913899908
midday,12292,0.2318733303566699,002,2,2,4,14.4,5.9016393442622945,6.6,2.9508196721311473,7.298360655737705,1.6922951913899908,0.0,0.0,7.298360655737705,1.6922951913899908
midday,12343,0.30916444047555985,002,2,1,3,14.4,7.346938775510203,6.6,3.6734693877551017,5.853061224489796,1.809558398538583,0.0,0.0,5.853061224489796,1.809558398538583
midday,12345,0.2318733303566699,002,2,1,3,14.4,7.346938775510203,6.6,3.6734693877551017,5.853061224489796,1.3571687989039374,0.0,0.0,5.853061224489796,1.3571687989039374
midday,12346,0.9274933214266796,002,2,1,3,14.4,7.346938775510203,6.6,3.6734693877551017,5.853061224489796,5.4286751956157495,0.0,0.0,5.853061224489796,5.4286751956157495
midday,12357,0.2318733303566699,002,2,1,3,14.4,9.72972972972973,6.6,4.864864864864865,3.4702702702702695,0.8046631248053083,0.0,0.0,3.4702702702702695,0.8046631248053083
midday,12362,0.2318733303566699,031,1,1,2,30.0,20.0,10.5,8.0,5.0,1.1593666517833494,0.0,0.0,5.0,1.1593666517833494
midday,12367,0.4637466607133398,031,1,1,2,30.0,20.0,10.5,8.0,5.0,2.318733303566699,0.0,0.0,5.0,2.318733303566699
midday,12369,0.2318733303566699,031,1,1,2,30.0,20.0,10.5,8.0,5.0,1.1593666517833494,0.0,0.0,5.0,1.1593666517833494
midday,12371,0.30916444047555985,023,1,1,2,15.0,10.0,6.75,5.0,3.5,1.0820755416644594,0.0,0.0,3.5,1.0820755416644594
midday,12372,0.2318733303566699,031,1,1,2,30.0,20.0,10.5,8.0,5.0,1.1593666517833494,0.0,0.0,5.0,1.1593666517833494
midday,12373,1.6231133124966892,031,1,1,2,30.0,20.0,10.5,8.0,5.0,8.115566562483446,0.0,0.0,5.0,8.115566562483446
midday,12389,0.2318733303566699,031,1,1,2,30.0,20.0,10.5,8.0,5.0,1.1593666517833494,0.0,0.0,5.0,1.1593666517833494
midday,12393,1.5458222023777992,031,1,1,2,30.0,20.0,10.5,8.0,5.0,7.729111011888996,0.0,0.0,5.0,7.729111011888996
midday,12422,0.2318733303566699,023,1,1,2,15.0,5.999999999999999,6.75,2.9999999999999996,7.500000000000001,1.7390499776750246,0.0,0.0,7.500000000000001,1.7390499776750246
midday,12423,0.30916444047555985,023,1,1,2,15.0,5.999999999999999,6.75,2.9999999999999996,7.500000000000001,2.3187333035666993,0.0,0.0,7.500000000000001,2.3187333035666993
midday,12424,1.1593666517833494,023,1,1,2,15.0,5.999999999999999,6.75,2.9999999999999996,7.500000000000001,8.695249888375121,0.0,0.0,7.500000000000001,8.695249888375121
midday,12427,0.2318733303566699,008,2,1,3,15.0,10.12987012987013,6.75,5.064935064935065,3.3701298701298708,0.7814432367215045,0.0,0.0,3.3701298701298708,0.7814432367215045
midday,12433,0.30916444047555985,023,1,1,2,15.0,5.999999999999999,6.75,2.9999999999999996,7.500000000000001,2.3187333035666993,0.0,0.0,7.500000000000001,2.3187333035666993
midday,12434,0.3864555505944498,023,1,1,2,15.0,5.999999999999999,6.75,2.9999999999999996,7.500000000000001,2.898416629458374,0.0,0.0,7.500000000000001,2.898416629458374
midday,12435,0.2318733303566699,023,1,1,2,15.0,5.999999999999999,6.75,2.9999999999999996,7.500000000000001,1.7390499776750246,0.0,0.0,7.500000000000001,1.7390499776750246
midday,12436,0.2318733303566699,023,1,1,2,15.0,5.999999999999999,6.75,2.9999999999999996,7.500000000000001,1.7390499776750246,0.0,0.0,7.500000000000001,1.7390499776750246
midday,12437,0.30916444047555985,023,1,1,2,15.0,5.999999999999999,6.75,2.9999999999999996,7.500000000000001,2.3187333035666993,0.0,0.0,7.500000000000001,2.3187333035666993
midday,12438,0.2318733303566699,023,1,1,2,15.0,5.999999999999999,6.75,2.9999999999999996,7.500000000000001,1.7390499776750246,0.0,0.0,7.500000000000001,1.7390499776750246
midday,12439,0.2318733303566699,023,1,1,2,15.0,5.999999999999999,6.75,2.9999999999999996,7.500000000000001,1.7390499776750246,0.0,0.0,7.500000000000001,1.7390499776750246
midday,12440,0.2318733303566699,023,1,1,2,15.0,5.999999999999999,6.75,2.9999999999999996,7.500000000000001,1.7390499776750246,0.0,0.0,7.500000000000001,1.7390499776750246
midday,12442,0.2318733303566699,023,1,1,2,15.0,5.999999999999999,6.75,2.9999999999999996,7.500000000000001,1.7390499776750246,0.0,0.0,7.500000000000001,1.7390499776750246
midday,12443,0.3864555505944498,023,1,1,2,15.0,5.999999999999999,6.75,2.9999999999999996,7.500000000000001,2.898416629458374,0.0,0.0,7.500000000000001,2.898416629458374
midday,12444,0.2318733303566699,023,1,1,2,15.0,5.999999999999999,6.75,2.9999999999999996,7.500000000000001,1.7390499776750246,0.0,0.0,7.500000000000001,1.7390499776750246
midday,12446,0.2318733303566699,023,1,1,2,15.0,5.999999999999999,6.75,2.9999999999999996,7.500000000000001,1.7390499776750246,0.0,0.0,7.500000000000001,1.7390499776750246
midday,12447,1.0047844315455696,023,1,1,2,15.0,5.999999999999999,6.75,2.9999999999999996,7.500000000000001,7.535883236591773,0.0,0.0,7.500000000000001,7.535883236591773
midday,12448,0.6183288809511197,023,1,1,2,15.0,5.999999999999999,6.75,2.9999999999999996,7.500000000000001,4.6374666071333985,0.0,0.0,7.500000000000001,4.6374666071333985
midday,12450,0.2318733303566699,023,1,1,2,15.0,5.999999999999999,6.75,2.9999999999999996,7.500000000000001,1.7390499776750246,0.0,0.0,7.500000000000001,1.7390499776750246
midday,12455,0.5410377708322297,023,1,1,2,15.0,5.999999999999999,6.75,2.9999999999999996,7.500000000000001,4.057783281241723,0.0,0.0,7.500000000000001,4.057783281241723
midday,12456,2.164151083328919,023,1,1,2,15.0,5.999999999999999,6.75,2.9999999999999996,7.500000000000001,16.23113312496689,0.0,0.0,7.500000000000001,16.23113312496689
midday,12461,0.2318733303566699,002,2,2,4,14.4,5.9016393442622945,6.6,2.9508196721311473,7.298360655737705,1.6922951913899908,0.0,0.0,7.298360655737705,1.6922951913899908
midday,12475,0.2318733303566699,034,1,1,2,15.0,10.0,6.75,5.0,3.5,0.8115566562483447,0.0,0.0,3.5,0.8115566562483447
midday,12490,1.1593666517833494,023,1,1,2,15.0,5.999999999999999,6.75,2.9999999999999996,7.500000000000001,8.695249888375121,0.0,0.0,7.500000000000001,8.695249888375121
midday,12500,0.30916444047555985,023,1,1,2,15.0,5.999999999999999,6.75,2.9999999999999996,7.500000000000001,2.3187333035666993,0.0,0.0,7.500000000000001,2.3187333035666993
midday,12503,0.3864555505944498,023,1,1,2,15.0,5.999999999999999,6.75,2.9999999999999996,7.500000000000001,2.898416629458374,0.0,0.0,7.500000000000001,2.898416629458374
midday,12505,0.30916444047555985,023,1,1,2,15.0,5.999999999999999,6.75,2.9999999999999996,7.500000000000001,2.3187333035666993,0.0,0.0,7.500000000000001,2.3187333035666993
midday,12507,0.2318733303566699,023,1,1,2,15.0,5.999999999999999,6.75,2.9999999999999996,7.500000000000001,1.7390499776750246,0.0,0.0,7.500000000000001,1.7390499776750246
midday,12508,0.6956199910700097,023,1,1,2,15.0,5.999999999999999,6.75,2.9999999999999996,7.500000000000001,5.217149933025073,0.0,0.0,7.500000000000001,5.217149933025073
midday,12516,1.8549866428533592,023,1,1,2,15.0,5.999999999999999,6.75,2.9999999999999996,7.500000000000001,13.912399821400196,0.0,0.0,7.500000000000001,13.912399821400196
midday,12868,0.6956199910700097,034,1,1,2,15.0,12.0,6.75,6.0,1.5,1.0434299866050145,0.0,0.0,1.5,1.0434299866050145
midday,12869,0.2318733303566699,034,1,1,2,15.0,12.0,6.75,6.0,1.5,0.34780999553500486,0.0,0.0,1.5,0.34780999553500486
midday,12870,0.2318733303566699,034,1,1,2,15.0,12.0,6.75,6.0,1.5,0.34780999553500486,0.0,0.0,1.5,0.34780999553500486
midday,12871,0.2318733303566699,034,1,1,2,15.0,12.0,6.75,6.0,1.5,0.34780999553500486,0.0,0.0,1.5,0.34780999553500486
midday,12872,2.473315523804479,034,1,1,2,15.0,12.0,6.75,6.0,1.5,3.7099732857067185,0.0,0.0,1.5,3.7099732857067185
midday,12873,0.30916444047555985,034,1,1,2,15.0,12.0,6.75,6.0,1.5,0.4637466607133398,0.0,0.0,1.5,0.4637466607133398
midday,12876,2.5506066339233686,034,1,1,2,15.0,12.0,6.75,6.0,1.5,3.8259099508850527,0.0,0.0,1.5,3.8259099508850527
midday,12878,1.2366577619022394,034,1,1,2,15.0,12.0,6.75,6.0,1.5,1.8549866428533592,0.0,0.0,1.5,1.8549866428533592
midday,12879,0.30916444047555985,034,1,1,2,15.0,12.0,6.75,6.0,1.5,0.4637466607133398,0.0,0.0,1.5,0.4637466607133398
midday,12880,0.3864555505944498,034,1,1,2,15.0,12.0,6.75,6.0,1.5,0.5796833258916747,0.0,0.0,1.5,0.5796833258916747
midday,12882,0.30916444047555985,034,1,1,2,15.0,12.0,6.75,6.0,1.5,0.4637466607133398,0.0,0.0,1.5,0.4637466607133398
midday,12883,0.30916444047555985,034,1,1,2,15.0,12.0,6.75,6.0,1.5,0.4637466607133398,0.0,0.0,1.5,0.4637466607133398
midday,12884,0.2318733303566699,034,1,1,2,15.0,12.0,6.75,6.0,1.5,0.34780999553500486,0.0,0.0,1.5,0.34780999553500486
midday,12885,0.7729111011888996,034,1,1,2,15.0,12.0,6.75,6.0,1.5,1.1593666517833494,0.0,0.0,1.5,1.1593666517833494
midday,12893,0.2318733303566699,034,1,1,2,15.0,12.0,6.75,6.0,1.5,0.34780999553500486,0.0,0.0,1.5,0.34780999553500486
midday,12897,0.30916444047555985,034,1,1,2,15.0,12.0,6.75,6.0,1.5,0.4637466607133398,0.0,0.0,1.5,0.4637466607133398
midday,12909,0.30916444047555985,002,2,1,3,14.4,9.72972972972973,6.6,4.864864864864865,3.4702702702702695,1.0728841664070776,0.0,0.0,3.4702702702702695,1.0728841664070776
midday,12954,0.4637466607133398,007,2,2,4,15.0,10.0,6.75,5.0,3.5,1.6231133124966894,0.0,0.0,3.5,1.6231133124966894
midday,12979,0.30916444047555985,002,2,1,3,14.4,9.72972972972973,6.6,4.864864864864865,3.4702702702702695,1.0728841664070776,0.0,0.0,3.4702702702702695,1.0728841664070776
midday,12980,1.5458222023777992,102,1,1,2,30.0,9.72972972972973,10.5,4.864864864864865,11.27027027027027,17.421834010582224,0.0,0.0,11.27027027027027,17.421834010582224
midday,13002,0.6183288809511197,007,2,2,4,15.0,10.0,6.75,5.0,3.5,2.164151083328919,0.0,0.0,3.5,2.164151083328919
midday,13017,0.2318733303566699,002,2,1,3,14.4,9.72972972972973,6.6,4.864864864864865,3.4702702702702695,0.8046631248053083,0.0,0.0,3.4702702702702695,0.8046631248053083
midday,13037,0.30916444047555985,007,2,2,4,15.0,10.0,6.75,5.0,3.5,1.0820755416644594,0.0,0.0,3.5,1.0820755416644594
midday,13050,0.4637466607133398,034,1,1,2,15.0,12.0,6.75,6.0,1.5,0.6956199910700097,0.0,0.0,1.5,0.6956199910700097
midday,13057,1.4685310922589094,002,2,1,3,14.4,9.72972972972973,6.6,4.864864864864865,3.4702702702702695,5.096199790433619,0.0,0.0,3.4702702702702695,5.096199790433619
midday,13059,0.6956199910700097,002,2,1,3,14.4,9.72972972972973,6.6,4.864864864864865,3.4702702702702695,2.413989374415925,0.0,0.0,3.4702702702702695,2.413989374415925
midday,13060,0.2318733303566699,002,2,1,3,14.4,9.72972972972973,6.6,4.864864864864865,3.4702702702702695,0.8046631248053083,0.0,0.0,3.4702702702702695,0.8046631248053083
midday,13072,0.3864555505944498,102,1,1,2,30.0,9.72972972972973,10.5,4.864864864864865,11.27027027027027,4.355458502645556,0.0,0.0,11.27027027027027,4.355458502645556
midday,13082,0.30916444047555985,102,1,1,2,30.0,9.72972972972973,10.5,4.864864864864865,11.27027027027027,3.484366802116445,0.0,0.0,11.27027027027027,3.484366802116445
midday,13082,0.30916444047555985,007,2,2,4,15.0,10.0,6.75,5.0,3.5,1.0820755416644594,0.0,0.0,3.5,1.0820755416644594
midday,13083,2.0095688630911392,002,2,1,3,14.4,9.72972972972973,6.6,4.864864864864865,3.4702702702702695,6.973747081646006,0.0,0.0,3.4702702702702695,6.973747081646006
midday,13085,1.1593666517833494,002,2,1,3,14.4,9.72972972972973,6.6,4.864864864864865,3.4702702702702695,4.023315624026542,0.0,0.0,3.4702702702702695,4.023315624026542
midday,13098,0.4637466607133398,002,2,1,3,14.4,9.72972972972973,6.6,4.864864864864865,3.4702702702702695,1.6093262496106167,0.0,0.0,3.4702702702702695,1.6093262496106167
midday,13099,0.2318733303566699,102,1,1,2,30.0,9.72972972972973,10.5,4.864864864864865,11.27027027027027,2.613275101587334,0.0,0.0,11.27027027027027,2.613275101587334
midday,13110,0.5410377708322297,007,2,2,4,15.0,10.0,6.75,5.0,3.5,1.893632197912804,0.0,0.0,3.5,1.893632197912804
midday,13227,0.3864555505944498,002,2,1,3,14.4,9.72972972972973,6.6,4.864864864864865,3.4702702702702695,1.341105208008847,0.0,0.0,3.4702702702702695,1.341105208008847
midday,13255,0.2318733303566699,007,2,2,4,15.0,10.0,6.75,5.0,3.5,0.8115566562483447,0.0,0.0,3.5,0.8115566562483447
midday,13263,0.3864555505944498,002,2,1,3,14.4,9.72972972972973,6.6,4.864864864864865,3.4702702702702695,1.341105208008847,0.0,0.0,3.4702702702702695,1.341105208008847
midday,13400,0.6956199910700097,021,1,1,2,60.0,30.0,18.0,10.5,15.0,10.434299866050146,0.0,0.0,15.0,10.434299866050146
midday,13418,1.4685310922589094,102,1,1,2,30.0,9.72972972972973,10.5,4.864864864864865,11.27027027027027,16.550742310053113,0.0,0.0,11.27027027027027,16.550742310053113
midday,13449,0.2318733303566699,102,1,1,2,30.0,9.72972972972973,10.5,4.864864864864865,11.27027027027027,2.613275101587334,0.0,0.0,11.27027027027027,2.613275101587334
midday,13450,1.2366577619022394,102,1,1,2,30.0,9.72972972972973,10.5,4.864864864864865,11.27027027027027,13.93746720846578,0.0,0.0,11.27027027027027,13.93746720846578
midday,13478,0.2318733303566699,004,1,1,2,30.0,15.0,10.5,6.75,7.5,1.7390499776750243,0.0,0.0,7.5,1.7390499776750243
midday,13488,0.2318733303566699,034,1,1,2,15.0,12.0,6.75,6.0,1.5,0.34780999553500486,0.0,0.0,1.5,0.34780999553500486
midday,13525,0.4637466607133398,007,2,2,4,15.0,10.0,6.75,5.0,3.5,1.6231133124966894,0.0,0.0,3.5,1.6231133124966894
midday,13665,0.2318733303566699,034,1,1,2,15.0,12.0,6.75,6.0,1.5,0.34780999553500486,0.0,0.0,1.5,0.34780999553500486
midday,13783,0.30916444047555985,006,1,1,2,14.693877551020408,11.80327868852459,6.673469387755102,5.901639344262295,1.5436600869856125,0.47724480707736094,-1.7763568394002505e-15,-5.491863683381124e-16,1.5436600869856143,0.4772448070773615
midday,13861,1.3912399821400194,010,2,1,3,15.0,12.0,6.75,6.0,1.5,2.086859973210029,0.0,0.0,1.5,2.086859973210029
midday,13872,0.2318733303566699,002,2,3,5,14.4,4.931506849315069,6.6,2.4657534246575343,8.26849315068493,1.9172430438806294,0.0,0.0,8.26849315068493,1.9172430438806294
midday,13885,0.2318733303566699,102,1,1,2,30.0,9.72972972972973,10.5,4.864864864864865,11.27027027027027,2.613275101587334,0.0,0.0,11.27027027027027,2.613275101587334
midday,13924,0.5410377708322297,006,1,1,2,14.693877551020408,9.72972972972973,6.673469387755102,4.864864864864865,3.6172090457804735,1.957046718763244,-1.7763568394002505e-15,-9.610761445916966e-16,3.6172090457804753,1.957046718763245
midday,13928,0.6956199910700097,006,1,1,2,14.693877551020408,9.72972972972973,6.673469387755102,4.864864864864865,3.6172090457804735,2.5162029241241712,-1.7763568394002505e-15,-1.235669328760753e-15,3.6172090457804753,2.5162029241241726
midday,13961,1.7004044226155792,102,1,2,3,30.0,5.901639344262295,10.5,2.9508196721311477,15.098360655737704,25.67331923326145,0.0,0.0,15.098360655737704,25.67331923326145
midday,13971,0.30916444047555985,008,1,1,2,30.0,15.0,10.5,6.75,7.5,2.318733303566699,0.0,0.0,7.5,2.318733303566699
midday,13980,0.2318733303566699,034,1,1,2,15.0,10.0,6.75,5.0,3.5,0.8115566562483447,0.0,0.0,3.5,0.8115566562483447
midday,14002,0.4637466607133398,102,1,2,3,30.0,5.901639344262295,10.5,2.9508196721311477,15.098360655737704,7.001814336344031,0.0,0.0,15.098360655737704,7.001814336344031
midday,14004,0.2318733303566699,002,2,3,5,14.4,4.931506849315069,6.6,2.4657534246575343,8.26849315068493,1.9172430438806294,0.0,0.0,8.26849315068493,1.9172430438806294
midday,14024,1.1593666517833494,010,2,1,3,15.0,12.0,6.75,6.0,1.5,1.7390499776750241,0.0,0.0,1.5,1.7390499776750241
midday,14057,2.0095688630911392,010,2,1,3,15.0,12.0,6.75,6.0,1.5,3.0143532946367086,0.0,0.0,1.5,3.0143532946367086
midday,14075,0.30916444047555985,002,2,1,3,14.4,7.346938775510203,6.6,3.6734693877551017,5.853061224489796,1.809558398538583,0.0,0.0,5.853061224489796,1.809558398538583
midday,14077,0.2318733303566699,002,2,2,4,14.4,5.9016393442622945,6.6,2.9508196721311473,7.298360655737705,1.6922951913899908,0.0,0.0,7.298360655737705,1.6922951913899908
midday,14078,0.2318733303566699,012,1,1,2,20.0,8.571428571428571,8.0,4.285714285714286,7.428571428571429,1.7224875969352622,0.0,0.0,7.428571428571429,1.7224875969352622
midday,14083,0.2318733303566699,006,1,1,2,14.693877551020408,9.72972972972973,6.673469387755102,4.864864864864865,3.6172090457804735,0.8387343080413905,-1.7763568394002505e-15,-4.118897762535843e-16,3.6172090457804753,0.8387343080413908
midday,14203,0.2318733303566699,002,2,2,4,14.4,5.9016393442622945,6.6,2.9508196721311473,7.298360655737705,1.6922951913899908,0.0,0.0,7.298360655737705,1.6922951913899908
midday,14210,0.2318733303566699,006,1,1,2,14.693877551020408,9.72972972972973,6.673469387755102,4.864864864864865,3.6172090457804735,0.8387343080413905,-1.7763568394002505e-15,-4.118897762535843e-16,3.6172090457804753,0.8387343080413908
midday,14256,0.2318733303566699,006,1,1,2,14.693877551020408,9.72972972972973,6.673469387755102,4.864864864864865,3.6172090457804735,0.8387343080413905,-1.7763568394002505e-15,-4.118897762535843e-16,3.6172090457804753,0.8387343080413908
midday,14314,0.2318733303566699,002,2,1,3,14.4,7.346938775510203,6.6,3.6734693877551017,5.853061224489796,1.3571687989039374,0.0,0.0,5.853061224489796,1.3571687989039374
midday,14321,0.6183288809511197,007,2,2,4,15.0,10.0,6.75,5.0,3.5,2.164151083328919,0.0,0.0,3.5,2.164151083328919
midday,14343,0.2318733303566699,034,1,1,2,15.0,12.0,6.75,6.0,1.5,0.34780999553500486,0.0,0.0,1.5,0.34780999553500486
midday,14397,0.2318733303566699,006,1,8,9,14.693877551020408,5.9016393442622945,6.673469387755102,2.9508196721311473,7.445299431247909,1.726366374626073,-1.7763568394002505e-15,-4.118897762535843e-16,7.445299431247911,1.7263663746260733
midday,14399,0.30916444047555985,102,1,1,2,30.0,9.72972972972973,10.5,4.864864864864865,11.27027027027027,3.484366802116445,0.0,0.0,11.27027027027027,3.484366802116445
midday,14401,0.2318733303566699,102,1,1,2,30.0,9.72972972972973,10.5,4.864864864864865,11.27027027027027,2.613275101587334,0.0,0.0,11.27027027027027,2.613275101587334
midday,14413,0.2318733303566699,010,2,1,3,15.0,12.0,6.75,6.0,1.5,0.34780999553500486,0.0,0.0,1.5,0.34780999553500486
midday,14422,0.2318733303566699,007,1,2,3,30.0,20.0,10.5,8.0,5.0,1.1593666517833494,0.0,0.0,5.0,1.1593666517833494
midday,14425,0.7729111011888996,010,2,1,3,15.0,12.0,6.75,6.0,1.5,1.1593666517833494,0.0,0.0,1.5,1.1593666517833494
midday,14444,0.2318733303566699,007,1,2,3,30.0,20.0,10.5,8.0,5.0,1.1593666517833494,0.0,0.0,5.0,1.1593666517833494
midday,14454,2.473315523804479,010,2,1,3,15.0,12.0,6.75,6.0,1.5,3.7099732857067185,0.0,0.0,1.5,3.7099732857067185
midday,14470,0.30916444047555985,002,2,1,3,14.4,7.346938775510203,6.6,3.6734693877551017,5.853061224489796,1.809558398538583,0.0,0.0,5.853061224489796,1.809558398538583
midday,14507,0.2318733303566699,002,2,1,3,14.4,7.346938775510203,6.6,3.6734693877551017,5.853061224489796,1.3571687989039374,0.0,0.0,5.853061224489796,1.3571687989039374
midday,14514,0.3864555505944498,007,2,2,4,15.0,10.0,6.75,5.0,3.5,1.3525944270805743,0.0,0.0,3.5,1.3525944270805743
midday,14557,0.30916444047555985,002,2,1,3,14.4,9.72972972972973,6.6,4.864864864864865,3.4702702702702695,1.0728841664070776,0.0,0.0,3.4702702702702695,1.0728841664070776
midday,14563,0.2318733303566699,002,2,1,3,14.4,7.346938775510203,6.6,3.6734693877551017,5.853061224489796,1.3571687989039374,0.0,0.0,5.853061224489796,1.3571687989039374
midday,14567,0.4637466607133398,007,2,2,4,15.0,10.0,6.75,5.0,3.5,1.6231133124966894,0.0,0.0,3.5,1.6231133124966894
midday,14648,0.5410377708322297,102,1,1,2,30.0,9.72972972972973,10.5,4.864864864864865,11.27027027027027,6.097641903703778,0.0,0.0,11.27027027027027,6.097641903703778
midday,14650,0.2318733303566699,102,1,1,2,30.0,9.72972972972973,10.5,4.864864864864865,11.27027027027027,2.613275101587334,0.0,0.0,11.27027027027027,2.613275101587334
midday,14659,2.0095688630911392,010,2,1,3,15.0,12.0,6.75,6.0,1.5,3.0143532946367086,0.0,0.0,1.5,3.0143532946367086
midday,14693,2.318733303566699,010,2,1,3,15.0,12.0,6.75,6.0,1.5,3.4780999553500482,0.0,0.0,1.5,3.4780999553500482
midday,14713,0.8502022113077896,006,1,8,9,14.693877551020408,5.9016393442622945,6.673469387755102,2.9508196721311473,7.445299431247909,6.3300100402956,-1.7763568394002505e-15,-1.510262512929809e-15,7.445299431247911,6.330010040295602
midday,14735,0.2318733303566699,102,1,1,2,30.0,9.72972972972973,10.5,4.864864864864865,11.27027027027027,2.613275101587334,0.0,0.0,11.27027027027027,2.613275101587334
midday,14740,0.9274933214266796,010,2,1,3,15.0,12.0,6.75,6.0,1.5,1.3912399821400194,0.0,0.0,1.5,1.3912399821400194
midday,14750,0.6183288809511197,102,1,1,2,30.0,9.72972972972973,10.5,4.864864864864865,11.27027027027027,6.96873360423289,0.0,0.0,11.27027027027027,6.96873360423289
midday,14766,0.3864555505944498,102,1,1,2,30.0,9.72972972972973,10.5,4.864864864864865,11.27027027027027,4.355458502645556,0.0,0.0,11.27027027027027,4.355458502645556
midday,14783,0.2318733303566699,008,1,1,2,30.0,15.0,10.5,6.75,7.5,1.7390499776750243,0.0,0.0,7.5,1.7390499776750243
midday,14784,0.2318733303566699,102,1,1,2,30.0,9.72972972972973,10.5,4.864864864864865,11.27027027027027,2.613275101587334,0.0,0.0,11.27027027027027,2.613275101587334
midday,14803,0.2318733303566699,102,1,1,2,30.0,9.72972972972973,10.5,4.864864864864865,11.27027027027027,2.613275101587334,0.0,0.0,11.27027027027027,2.613275101587334
midday,14813,0.2318733303566699,006,1,1,2,14.693877551020408,9.72972972972973,6.673469387755102,4.864864864864865,3.6172090457804735,0.8387343080413905,-1.7763568394002505e-15,-4.118897762535843e-16,3.6172090457804753,0.8387343080413908
midday,14834,0.2318733303566699,102,1,1,2,30.0,9.72972972972973,10.5,4.864864864864865,11.27027027027027,2.613275101587334,0.0,0.0,11.27027027027027,2.613275101587334
midday,14837,0.6956199910700097,010,2,1,3,15.0,12.0,6.75,6.0,1.5,1.0434299866050145,0.0,0.0,1.5,1.0434299866050145
midday,14849,0.2318733303566699,006,1,1,2,14.693877551020408,9.72972972972973,6.673469387755102,4.864864864864865,3.6172090457804735,0.8387343080413905,-1.7763568394002505e-15,-4.118897762535843e-16,3.6172090457804753,0.8387343080413908
midday,14860,0.2318733303566699,002,2,2,4,14.4,5.9016393442622945,6.6,2.9508196721311473,7.298360655737705,1.6922951913899908,0.0,0.0,7.298360655737705,1.6922951913899908
midday,14881,0.30916444047555985,008,1,1,2,30.0,15.0,10.5,6.75,7.5,2.318733303566699,0.0,0.0,7.5,2.318733303566699
midday,14882,0.3864555505944498,008,1,1,2,30.0,15.0,10.5,6.75,7.5,2.8984166294583735,0.0,0.0,7.5,2.8984166294583735
midday,14907,0.2318733303566699,102,1,1,2,30.0,9.72972972972973,10.5,4.864864864864865,11.27027027027027,2.613275101587334,0.0,0.0,11.27027027027027,2.613275101587334
midday,14948,0.2318733303566699,002,2,2,4,14.4,5.9016393442622945,6.6,2.9508196721311473,7.298360655737705,1.6922951913899908,0.0,0.0,7.298360655737705,1.6922951913899908
midday,14956,0.2318733303566699,006,1,1,2,14.693877551020408,9.72972972972973,6.673469387755102,4.864864864864865,3.6172090457804735,0.8387343080413905,-1.7763568394002505e-15,-4.118897762535843e-16,3.6172090457804753,0.8387343080413908
midday,14979,2.0095688630911392,010,2,1,3,15.0,12.0,6.75,6.0,1.5,3.0143532946367086,0.0,0.0,1.5,3.0143532946367086
midday,15002,0.2318733303566699,006,1,1,2,14.693877551020408,9.72972972972973,6.673469387755102,4.864864864864865,3.6172090457804735,0.8387343080413905,-1.7763568394002505e-15,-4.118897762535843e-16,3.6172090457804753,0.8387343080413908
midday,15007,0.5410377708322297,006,1,1,2,14.693877551020408,9.72972972972973,6.673469387755102,4.864864864864865,3.6172090457804735,1.957046718763244,-1.7763568394002505e-15,-9.610761445916966e-16,3.6172090457804753,1.957046718763245
midday,15008,0.4637466607133398,102,1,1,2,30.0,9.72972972972973,10.5,4.864864864864865,11.27027027027027,5.226550203174668,0.0,0.0,11.27027027027027,5.226550203174668
midday,15048,0.3864555505944498,002,2,1,3,14.4,7.346938775510203,6.6,3.6734693877551017,5.853061224489796,2.2619479981732287,0.0,0.0,5.853061224489796,2.2619479981732287
midday,15057,0.2318733303566699,008,1,1,2,30.0,15.0,10.5,6.75,7.5,1.7390499776750243,0.0,0.0,7.5,1.7390499776750243
midday,15059,1.5458222023777992,102,1,1,2,30.0,9.72972972972973,10.5,4.864864864864865,11.27027027027027,17.421834010582224,0.0,0.0,11.27027027027027,17.421834010582224
midday,15104,0.6183288809511197,102,1,1,2,30.0,9.72972972972973,10.5,4.864864864864865,11.27027027027027,6.96873360423289,0.0,0.0,11.27027027027027,6.96873360423289
midday,15106,0.2318733303566699,102,1,1,2,30.0,9.72972972972973,10.5,4.864864864864865,11.27027027027027,2.613275101587334,0.0,0.0,11.27027027027027,2.613275101587334
midday,15107,0.2318733303566699,102,1,1,2,30.0,9.72972972972973,10.5,4.864864864864865,11.27027027027027,2.613275101587334,0.0,0.0,11.27027027027027,2.613275101587334
midday,15111,0.2318733303566699,007,1,2,3,30.0,20.0,10.5,8.0,5.0,1.1593666517833494,0.0,0.0,5.0,1.1593666517833494
midday,15112,0.2318733303566699,007,1,2,3,30.0,20.0,10.5,8.0,5.0,1.1593666517833494,0.0,0.0,5.0,1.1593666517833494
midday,15146,0.5410377708322297,007,2,2,4,15.0,10.0,6.75,5.0,3.5,1.893632197912804,0.0,0.0,3.5,1.893632197912804
midday,15156,0.6956199910700097,002,2,1,3,14.4,9.72972972972973,6.6,4.864864864864865,3.4702702702702695,2.413989374415925,0.0,0.0,3.4702702702702695,2.413989374415925
midday,15215,0.2318733303566699,002,2,1,3,14.4,7.346938775510203,6.6,3.6734693877551017,5.853061224489796,1.3571687989039374,0.0,0.0,5.853061224489796,1.3571687989039374
midday,15253,0.2318733303566699,002,2,2,4,14.4,5.9016393442622945,6.6,2.9508196721311473,7.298360655737705,1.6922951913899908,0.0,0.0,7.298360655737705,1.6922951913899908
midday,15254,0.2318733303566699,012,1,1,2,20.0,8.571428571428571,8.0,4.285714285714286,7.428571428571429,1.7224875969352622,0.0,0.0,7.428571428571429,1.7224875969352622
midday,15256,0.3864555505944498,007,2,2,4,15.0,10.0,6.75,5.0,3.5,1.3525944270805743,0.0,0.0,3.5,1.3525944270805743
midday,15262,0.3864555505944498,002,2,1,3,14.4,9.72972972972973,6.6,4.864864864864865,3.4702702702702695,1.341105208008847,0.0,0.0,3.4702702702702695,1.341105208008847
midday,15264,0.3864555505944498,002,2,1,3,14.4,9.72972972972973,6.6,4.864864864864865,3.4702702702702695,1.341105208008847,0.0,0.0,3.4702702702702695,1.341105208008847
midday,15287,0.2318733303566699,012,1,1,2,20.0,8.571428571428571,8.0,4.285714285714286,7.428571428571429,1.7224875969352622,0.0,0.0,7.428571428571429,1.7224875969352622
midday,15290,0.6183288809511197,007,2,2,4,15.0,10.0,6.75,5.0,3.5,2.164151083328919,0.0,0.0,3.5,2.164151083328919
midday,15302,0.6183288809511197,002,2,1,3,14.4,9.72972972972973,6.6,4.864864864864865,3.4702702702702695,2.1457683328141552,0.0,0.0,3.4702702702702695,2.1457683328141552
midday,15304,0.2318733303566699,002,2,1,3,14.4,9.72972972972973,6.6,4.864864864864865,3.4702702702702695,0.8046631248053083,0.0,0.0,3.4702702702702695,0.8046631248053083
midday,15305,0.9274933214266796,002,2,1,3,14.4,9.72972972972973,6.6,4.864864864864865,3.4702702702702695,3.2186524992212333,0.0,0.0,3.4702702702702695,3.2186524992212333
midday,15315,0.2318733303566699,002,2,1,3,14.4,9.72972972972973,6.6,4.864864864864865,3.4702702702702695,0.8046631248053083,0.0,0.0,3.4702702702702695,0.8046631248053083
midday,15344,0.3864555505944498,002,2,1,3,14.4,9.72972972972973,6.6,4.864864864864865,3.4702702702702695,1.341105208008847,0.0,0.0,3.4702702702702695,1.341105208008847
midday,15347,0.30916444047555985,002,2,1,3,14.4,9.72972972972973,6.6,4.864864864864865,3.4702702702702695,1.0728841664070776,0.0,0.0,3.4702702702702695,1.0728841664070776
midday,15363,0.4637466607133398,007,2,2,4,15.0,10.0,6.75,5.0,3.5,1.6231133124966894,0.0,0.0,3.5,1.6231133124966894
midday,15369,0.2318733303566699,002,2,1,3,14.4,9.72972972972973,6.6,4.864864864864865,3.4702702702702695,0.8046631248053083,0.0,0.0,3.4702702702702695,0.8046631248053083
midday,15371,0.2318733303566699,002,2,1,3,14.4,9.72972972972973,6.6,4.864864864864865,3.4702702702702695,0.8046631248053083,0.0,0.0,3.4702702702702695,0.8046631248053083
midday,15393,0.3864555505944498,007,2,2,4,15.0,10.0,6.75,5.0,3.5,1.3525944270805743,0.0,0.0,3.5,1.3525944270805743
midday,15400,0.5410377708322297,002,2,1,3,14.4,9.72972972972973,6.6,4.864864864864865,3.4702702702702695,1.8775472912123858,0.0,0.0,3.4702702702702695,1.8775472912123858
midday,15449,0.3864555505944498,022,2,1,3,22.5,12.857142857142858,8.625,6.214285714285714,4.821428571428571,1.86326783322324,0.0,0.0,4.821428571428571,1.86326783322324
midday,15502,0.5410377708322297,002,2,1,3,14.4,9.72972972972973,6.6,4.864864864864865,3.4702702702702695,1.8775472912123858,0.0,0.0,3.4702702702702695,1.8775472912123858
midday,15528,0.30916444047555985,002,2,1,3,14.4,9.72972972972973,6.6,4.864864864864865,3.4702702702702695,1.0728841664070776,0.0,0.0,3.4702702702702695,1.0728841664070776
midday,15556,0.4637466607133398,102,1,1,2,30.0,9.72972972972973,10.5,4.864864864864865,11.27027027027027,5.226550203174668,0.0,0.0,11.27027027027027,5.226550203174668
midday,15559,0.2318733303566699,102,1,1,2,30.0,9.72972972972973,10.5,4.864864864864865,11.27027027027027,2.613275101587334,0.0,0.0,11.27027027027027,2.613275101587334
midday,15682,0.30916444047555985,102,1,1,2,30.0,9.72972972972973,10.5,4.864864864864865,11.27027027027027,3.484366802116445,0.0,0.0,11.27027027027027,3.484366802116445
midday,15725,0.2318733303566699,102,1,1,2,30.0,9.72972972972973,10.5,4.864864864864865,11.27027027027027,2.613275101587334,0.0,0.0,11.27027027027027,2.613275101587334
midday,15754,0.4637466607133398,102,1,1,2,30.0,9.72972972972973,10.5,4.864864864864865,11.27027027027027,5.226550203174668,0.0,0.0,11.27027027027027,5.226550203174668
midday,15852,0.2318733303566699,007,2,2,4,15.0,10.0,6.75,5.0,3.5,0.8115566562483447,0.0,0.0,3.5,0.8115566562483447
midday,15894,0.30916444047555985,007,2,2,4,15.0,10.0,6.75,5.0,3.5,1.0820755416644594,0.0,0.0,3.5,1.0820755416644594
midday,15992,0.9274933214266796,101,2,8,10,15.0,5.999999999999999,6.75,2.9999999999999996,7.500000000000001,6.956199910700098,0.0,0.0,7.500000000000001,6.956199910700098
midday,15995,0.2318733303566699,102,1,1,2,30.0,9.72972972972973,10.5,4.864864864864865,11.27027027027027,2.613275101587334,0.0,0.0,11.27027027027027,2.613275101587334
midday,16005,0.30916444047555985,002,2,1,3,14.4,7.346938775510203,6.6,3.6734693877551017,5.853061224489796,1.809558398538583,0.0,0.0,5.853061224489796,1.809558398538583
midday,16007,0.4637466607133398,002,2,2,4,14.4,5.9016393442622945,6.6,2.9508196721311473,7.298360655737705,3.3845903827799817,0.0,0.0,7.298360655737705,3.3845903827799817
midday,16011,0.2318733303566699,002,2,1,3,14.4,9.72972972972973,6.6,4.864864864864865,3.4702702702702695,0.8046631248053083,0.0,0.0,3.4702702702702695,0.8046631248053083
midday,16012,1.4685310922589094,101,2,8,10,15.0,5.999999999999999,6.75,2.9999999999999996,7.500000000000001,11.013983191941822,0.0,0.0,7.500000000000001,11.013983191941822
midday,16013,0.5410377708322297,006,1,1,2,14.693877551020408,9.72972972972973,6.673469387755102,4.864864864864865,3.6172090457804735,1.957046718763244,-1.7763568394002505e-15,-9.610761445916966e-16,3.6172090457804753,1.957046718763245
midday,16015,0.4637466607133398,102,1,1,2,30.0,9.72972972972973,10.5,4.864864864864865,11.27027027027027,5.226550203174668,0.0,0.0,11.27027027027027,5.226550203174668
midday,16033,0.3864555505944498,007,2,2,4,15.0,10.0,6.75,5.0,3.5,1.3525944270805743,0.0,0.0,3.5,1.3525944270805743
midday,16062,0.2318733303566699,002,2,1,3,14.4,9.72972972972973,6.6,4.864864864864865,3.4702702702702695,0.8046631248053083,0.0,0.0,3.4702702702702695,0.8046631248053083
midday,16063,2.086859973210029,101,2,8,10,15.0,5.999999999999999,6.75,2.9999999999999996,7.500000000000001,15.65144979907522,0.0,0.0,7.500000000000001,15.65144979907522
midday,16065,0.3864555505944498,006,1,1,2,14.693877551020408,9.72972972972973,6.673469387755102,4.864864864864865,3.6172090457804735,1.3978905134023172,-1.7763568394002505e-15,-6.864829604226404e-16,3.6172090457804753,1.397890513402318
midday,16077,0.2318733303566699,002,2,1,3,14.4,7.346938775510203,6.6,3.6734693877551017,5.853061224489796,1.3571687989039374,0.0,0.0,5.853061224489796,1.3571687989039374
midday,16084,0.8502022113077896,101,2,8,10,15.0,5.999999999999999,6.75,2.9999999999999996,7.500000000000001,6.376516584808423,0.0,0.0,7.500000000000001,6.376516584808423
midday,16086,0.30916444047555985,006,1,1,2,14.693877551020408,9.72972972972973,6.673469387755102,4.864864864864865,3.6172090457804735,1.1183124107218538,-1.7763568394002505e-15,-5.491863683381124e-16,3.6172090457804753,1.1183124107218545
midday,16150,0.30916444047555985,002,2,1,3,14.4,7.346938775510203,6.6,3.6734693877551017,5.853061224489796,1.809558398538583,0.0,0.0,5.853061224489796,1.809558398538583
midday,16160,0.7729111011888996,101,2,8,10,15.0,5.999999999999999,6.75,2.9999999999999996,7.500000000000001,5.796833258916748,0.0,0.0,7.500000000000001,5.796833258916748
midday,16161,0.4637466607133398,006,1,1,2,14.693877551020408,9.72972972972973,6.673469387755102,4.864864864864865,3.6172090457804735,1.677468616082781,-1.7763568394002505e-15,-8.237795525071686e-16,3.6172090457804753,1.6774686160827816
midday,16163,0.4637466607133398,102,1,1,2,30.0,9.72972972972973,10.5,4.864864864864865,11.27027027027027,5.226550203174668,0.0,0.0,11.27027027027027,5.226550203174668
midday,16235,0.7729111011888996,023,1,2,3,15.0,8.571428571428571,6.75,4.285714285714286,4.928571428571429,3.8093475701452912,0.0,0.0,4.928571428571429,3.8093475701452912
midday,16250,0.6183288809511197,006,1,8,9,14.693877551020408,5.9016393442622945,6.673469387755102,2.9508196721311473,7.445299431247909,4.603643665669527,-1.7763568394002505e-15,-1.0983727366762247e-15,7.445299431247911,4.603643665669528
midday,16251,0.2318733303566699,006,1,1,2,14.693877551020408,9.72972972972973,6.673469387755102,4.864864864864865,3.6172090457804735,0.8387343080413905,-1.7763568394002505e-15,-4.118897762535843e-16,3.6172090457804753,0.8387343080413908
midday,16287,0.9274933214266796,023,1,2,3,15.0,8.571428571428571,6.75,4.285714285714286,4.928571428571429,4.57121708417435,0.0,0.0,4.928571428571429,4.57121708417435
midday,16329,0.2318733303566699,002,2,2,4,14.4,5.9016393442622945,6.6,2.9508196721311473,7.298360655737705,1.6922951913899908,0.0,0.0,7.298360655737705,1.6922951913899908
midday,16335,0.8502022113077896,006,1,8,9,14.693877551020408,5.9016393442622945,6.673469387755102,2.9508196721311473,7.445299431247909,6.3300100402956,-1.7763568394002505e-15,-1.510262512929809e-15,7.445299431247911,6.330010040295602
midday,16338,0.2318733303566699,006,1,1,2,14.693877551020408,9.72972972972973,6.673469387755102,4.864864864864865,3.6172090457804735,0.8387343080413905,-1.7763568394002505e-15,-4.118897762535843e-16,3.6172090457804753,0.8387343080413908
midday,16340,0.2318733303566699,102,1,1,2,30.0,9.72972972972973,10.5,4.864864864864865,11.27027027027027,2.613275101587334,0.0,0.0,11.27027027027027,2.613275101587334
midday,16341,0.2318733303566699,102,1,1,2,30.0,9.72972972972973,10.5,4.864864864864865,11.27027027027027,2.613275101587334,0.0,0.0,11.27027027027027,2.613275101587334
midday,16372,0.2318733303566699,002,2,2,4,14.4,5.9016393442622945,6.6,2.9508196721311473,7.298360655737705,1.6922951913899908,0.0,0.0,7.298360655737705,1.6922951913899908
midday,16376,1.0820755416644594,101,2,8,10,15.0,5.999999999999999,6.75,2.9999999999999996,7.500000000000001,8.115566562483446,0.0,0.0,7.500000000000001,8.115566562483446
midday,16377,0.2318733303566699,102,1,1,2,30.0,9.72972972972973,10.5,4.864864864864865,11.27027027027027,2.613275101587334,0.0,0.0,11.27027027027027,2.613275101587334
midday,16380,0.3864555505944498,002,2,1,3,14.4,9.72972972972973,6.6,4.864864864864865,3.4702702702702695,1.341105208008847,0.0,0.0,3.4702702702702695,1.341105208008847
midday,16409,0.3864555505944498,007,2,2,4,15.0,10.0,6.75,5.0,3.5,1.3525944270805743,0.0,0.0,3.5,1.3525944270805743
midday,16489,0.2318733303566699,007,2,2,4,15.0,10.0,6.75,5.0,3.5,0.8115566562483447,0.0,0.0,3.5,0.8115566562483447
midday,16562,0.2318733303566699,007,2,2,4,15.0,10.0,6.75,5.0,3.5,0.8115566562483447,0.0,0.0,3.5,0.8115566562483447
midday,16607,0.3864555505944498,007,2,2,4,15.0,10.0,6.75,5.0,3.5,1.3525944270805743,0.0,0.0,3.5,1.3525944270805743
midday,16641,0.2318733303566699,002,2,1,3,14.4,9.72972972972973,6.6,4.864864864864865,3.4702702702702695,0.8046631248053083,0.0,0.0,3.4702702702702695,0.8046631248053083
midday,16689,0.30916444047555985,006,1,1,2,14.693877551020408,9.72972972972973,6.673469387755102,4.864864864864865,3.6172090457804735,1.1183124107218538,-1.7763568394002505e-15,-5.491863683381124e-16,3.6172090457804753,1.1183124107218545
midday,16843,0.2318733303566699,006,1,1,2,14.693877551020408,9.72972972972973,6.673469387755102,4.864864864864865,3.6172090457804735,0.8387343080413905,-1.7763568394002505e-15,-4.118897762535843e-16,3.6172090457804753,0.8387343080413908
midday,16844,0.2318733303566699,004,1,1,2,30.0,15.0,10.5,6.75,7.5,1.7390499776750243,0.0,0.0,7.5,1.7390499776750243
midday,16845,0.2318733303566699,002,2,1,3,14.4,9.72972972972973,6.6,4.864864864864865,3.4702702702702695,0.8046631248053083,0.0,0.0,3.4702702702702695,0.8046631248053083
midday,16846,0.2318733303566699,002,2,1,3,14.4,9.72972972972973,6.6,4.864864864864865,3.4702702702702695,0.8046631248053083,0.0,0.0,3.4702702702702695,0.8046631248053083
midday,16847,0.3864555505944498,102,1,1,2,30.0,9.72972972972973,10.5,4.864864864864865,11.27027027027027,4.355458502645556,0.0,0.0,11.27027027027027,4.355458502645556
midday,16849,0.2318733303566699,023,1,1,2,15.0,10.0,6.75,5.0,3.5,0.8115566562483447,0.0,0.0,3.5,0.8115566562483447
midday,16927,0.30916444047555985,102,1,1,2,30.0,9.72972972972973,10.5,4.864864864864865,11.27027027027027,3.484366802116445,0.0,0.0,11.27027027027027,3.484366802116445
midday,16929,0.2318733303566699,102,1,1,2,30.0,9.72972972972973,10.5,4.864864864864865,11.27027027027027,2.613275101587334,0.0,0.0,11.27027027027027,2.613275101587334
midday,17002,0.3864555505944498,006,1,1,2,14.693877551020408,9.72972972972973,6.673469387755102,4.864864864864865,3.6172090457804735,1.3978905134023172,-1.7763568394002505e-15,-6.864829604226404e-16,3.6172090457804753,1.397890513402318
midday,17033,0.30916444047555985,007,2,2,4,15.0,10.0,6.75,5.0,3.5,1.0820755416644594,0.0,0.0,3.5,1.0820755416644594
midday,17109,2.5506066339233686,023,1,2,3,15.0,8.571428571428571,6.75,4.285714285714286,4.928571428571429,12.57084698147946,0.0,0.0,4.928571428571429,12.57084698147946
midday,17155,1.3912399821400194,023,1,2,3,15.0,8.571428571428571,6.75,4.285714285714286,4.928571428571429,6.856825626261525,0.0,0.0,4.928571428571429,6.856825626261525
midday,17204,2.627897744042259,023,1,2,3,15.0,8.571428571428571,6.75,4.285714285714286,4.928571428571429,12.95178173849399,0.0,0.0,4.928571428571429,12.95178173849399
midday,17218,0.3864555505944498,007,2,2,4,15.0,10.0,6.75,5.0,3.5,1.3525944270805743,0.0,0.0,3.5,1.3525944270805743
midday,17222,0.6956199910700097,002,2,1,3,14.4,9.72972972972973,6.6,4.864864864864865,3.4702702702702695,2.413989374415925,0.0,0.0,3.4702702702702695,2.413989374415925
midday,17230,0.3864555505944498,102,1,1,2,30.0,9.72972972972973,10.5,4.864864864864865,11.27027027027027,4.355458502645556,0.0,0.0,11.27027027027027,4.355458502645556
midday,17233,0.6183288809511197,102,1,1,2,30.0,9.72972972972973,10.5,4.864864864864865,11.27027027027027,6.96873360423289,0.0,0.0,11.27027027027027,6.96873360423289
midday,17236,0.30916444047555985,023,1,1,2,15.0,10.0,6.75,5.0,3.5,1.0820755416644594,0.0,0.0,3.5,1.0820755416644594
midday,17237,0.2318733303566699,023,1,1,2,15.0,10.0,6.75,5.0,3.5,0.8115566562483447,0.0,0.0,3.5,0.8115566562483447
midday,17240,0.2318733303566699,023,1,1,2,15.0,10.0,6.75,5.0,3.5,0.8115566562483447,0.0,0.0,3.5,0.8115566562483447
midday,17303,0.2318733303566699,007,2,2,4,15.0,10.0,6.75,5.0,3.5,0.8115566562483447,0.0,0.0,3.5,0.8115566562483447
midday,17305,0.30916444047555985,002,2,1,3,14.4,9.72972972972973,6.6,4.864864864864865,3.4702702702702695,1.0728841664070776,0.0,0.0,3.4702702702702695,1.0728841664070776
midday,17309,0.2318733303566699,102,1,1,2,30.0,9.72972972972973,10.5,4.864864864864865,11.27027027027027,2.613275101587334,0.0,0.0,11.27027027027027,2.613275101587334
midday,17326,0.2318733303566699,007,2,2,4,15.0,10.0,6.75,5.0,3.5,0.8115566562483447,0.0,0.0,3.5,0.8115566562483447
midday,17330,0.30916444047555985,102,1,1,2,30.0,9.72972972972973,10.5,4.864864864864865,11.27027027027027,3.484366802116445,0.0,0.0,11.27027027027027,3.484366802116445
midday,17332,0.2318733303566699,002,2,1,3,14.4,9.72972972972973,6.6,4.864864864864865,3.4702702702702695,0.8046631248053083,0.0,0.0,3.4702702702702695,0.8046631248053083
midday,17353,0.5410377708322297,007,2,2,4,15.0,10.0,6.75,5.0,3.5,1.893632197912804,0.0,0.0,3.5,1.893632197912804
midday,17408,0.30916444047555985,007,2,2,4,15.0,10.0,6.75,5.0,3.5,1.0820755416644594,0.0,0.0,3.5,1.0820755416644594
midday,17475,0.6183288809511197,007,2,2,4,15.0,10.0,6.75,5.0,3.5,2.164151083328919,0.0,0.0,3.5,2.164151083328919
midday,17569,1.1593666517833494,023,1,2,3,15.0,8.571428571428571,6.75,4.285714285714286,4.928571428571429,5.714021355217937,0.0,0.0,4.928571428571429,5.714021355217937
midday,17576,0.2318733303566699,002,2,1,3,14.4,9.72972972972973,6.6,4.864864864864865,3.4702702702702695,0.8046631248053083,0.0,0.0,3.4702702702702695,0.8046631248053083
midday,17579,0.2318733303566699,002,2,1,3,14.4,9.72972972972973,6.6,4.864864864864865,3.4702702702702695,0.8046631248053083,0.0,0.0,3.4702702702702695,0.8046631248053083
midday,17598,0.3864555505944498,007,2,2,4,15.0,10.0,6.75,5.0,3.5,1.3525944270805743,0.0,0.0,3.5,1.3525944270805743
midday,17602,0.30916444047555985,006,1,6,7,14.693877551020408,8.283185840707965,6.673469387755102,4.1415929203539825,5.063752934802238,1.5655323427946082,-1.7763568394002505e-15,-5.491863683381124e-16,5.06375293480224,1.5655323427946086
midday,17604,0.2318733303566699,004,1,1,2,30.0,15.0,10.5,6.75,7.5,1.7390499776750243,0.0,0.0,7.5,1.7390499776750243
midday,17606,0.3864555505944498,102,1,1,2,30.0,9.72972972972973,10.5,4.864864864864865,11.27027027027027,4.355458502645556,0.0,0.0,11.27027027027027,4.355458502645556
midday,17746,0.2318733303566699,002,2,2,4,14.4,5.9016393442622945,6.6,2.9508196721311473,7.298360655737705,1.6922951913899908,0.0,0.0,7.298360655737705,1.6922951913899908
midday,17749,0.2318733303566699,002,2,2,4,14.4,5.9016393442622945,6.6,2.9508196721311473,7.298360655737705,1.6922951913899908,0.0,0.0,7.298360655737705,1.6922951913899908
midday,17758,0.6956199910700097,002,2,1,3,14.4,9.72972972972973,6.6,4.864864864864865,3.4702702702702695,2.413989374415925,0.0,0.0,3.4702702702702695,2.413989374415925
midday,17759,2.086859973210029,101,2,8,10,15.0,5.999999999999999,6.75,2.9999999999999996,7.500000000000001,15.65144979907522,0.0,0.0,7.500000000000001,15.65144979907522
midday,17763,0.30916444047555985,006,1,1,2,14.693877551020408,9.72972972972973,6.673469387755102,4.864864864864865,3.6172090457804735,1.1183124107218538,-1.7763568394002505e-15,-5.491863683381124e-16,3.6172090457804753,1.1183124107218545
midday,17766,0.30916444047555985,102,1,1,2,30.0,9.72972972972973,10.5,4.864864864864865,11.27027027027027,3.484366802116445,0.0,0.0,11.27027027027027,3.484366802116445
midday,17804,0.2318733303566699,006,1,1,2,14.693877551020408,9.72972972972973,6.673469387755102,4.864864864864865,3.6172090457804735,0.8387343080413905,-1.7763568394002505e-15,-4.118897762535843e-16,3.6172090457804753,0.8387343080413908
midday,17841,0.4637466607133398,006,1,1,2,14.693877551020408,9.72972972972973,6.673469387755102,4.864864864864865,3.6172090457804735,1.677468616082781,-1.7763568394002505e-15,-8.237795525071686e-16,3.6172090457804753,1.6774686160827816
midday,17892,0.2318733303566699,006,1,1,2,14.693877551020408,9.72972972972973,6.673469387755102,4.864864864864865,3.6172090457804735,0.8387343080413905,-1.7763568394002505e-15,-4.118897762535843e-16,3.6172090457804753,0.8387343080413908
midday,17952,0.2318733303566699,002,1,1,2,30.000000000000004,19.459459459459463,10.5,7.864864864864866,5.270270270270268,1.222035119447314,-3.552713678800501e-15,-8.237795525071686e-16,5.270270270270272,1.2220351194473147
midday,18028,0.15458222023777993,006,1,1,2,14.693877551020408,9.72972972972973,6.673469387755102,4.864864864864865,3.6172090457804735,0.5591562053609269,-1.7763568394002505e-15,-2.745931841690562e-16,3.6172090457804753,0.5591562053609272
midday,18030,0.5410377708322297,102,1,1,2,30.0,9.72972972972973,10.5,4.864864864864865,11.27027027027027,6.097641903703778,0.0,0.0,11.27027027027027,6.097641903703778
midday,18075,0.15458222023777993,007,2,2,4,15.0,10.0,6.75,5.0,3.5,0.5410377708322297,0.0,0.0,3.5,0.5410377708322297
midday,18080,0.3864555505944498,002,2,1,3,14.4,9.72972972972973,6.6,4.864864864864865,3.4702702702702695,1.341105208008847,0.0,0.0,3.4702702702702695,1.341105208008847
midday,18082,0.2318733303566699,006,1,1,2,14.693877551020408,9.72972972972973,6.673469387755102,4.864864864864865,3.6172090457804735,0.8387343080413905,-1.7763568394002505e-15,-4.118897762535843e-16,3.6172090457804753,0.8387343080413908
midday,18089,0.2318733303566699,102,1,1,2,30.0,9.72972972972973,10.5,4.864864864864865,11.27027027027027,2.613275101587334,0.0,0.0,11.27027027027027,2.613275101587334
midday,18092,0.15458222023777993,002,2,1,3,14.4,9.72972972972973,6.6,4.864864864864865,3.4702702702702695,0.5364420832035388,0.0,0.0,3.4702702702702695,0.5364420832035388
midday,18095,0.15458222023777993,102,1,1,2,30.0,9.72972972972973,10.5,4.864864864864865,11.27027027027027,1.7421834010582224,0.0,0.0,11.27027027027027,1.7421834010582224
midday,18098,0.2318733303566699,002,2,1,3,14.4,9.72972972972973,6.6,4.864864864864865,3.4702702702702695,0.8046631248053083,0.0,0.0,3.4702702702702695,0.8046631248053083
midday,18100,0.15458222023777993,023,1,1,2,15.0,10.0,6.75,5.0,3.5,0.5410377708322297,0.0,0.0,3.5,0.5410377708322297
midday,18104,0.15458222023777993,023,1,1,2,15.0,10.0,6.75,5.0,3.5,0.5410377708322297,0.0,0.0,3.5,0.5410377708322297
midday,18107,0.15458222023777993,023,1,1,2,15.0,10.0,6.75,5.0,3.5,0.5410377708322297,0.0,0.0,3.5,0.5410377708322297
midday,18215,0.15458222023777993,007,2,2,4,15.0,10.0,6.75,5.0,3.5,0.5410377708322297,0.0,0.0,3.5,0.5410377708322297
midday,18220,0.2318733303566699,002,2,1,3,14.4,9.72972972972973,6.6,4.864864864864865,3.4702702702702695,0.8046631248053083,0.0,0.0,3.4702702702702695,0.8046631248053083
midday,18224,0.2318733303566699,004,1,1,2,30.0,15.0,10.5,6.75,7.5,1.7390499776750243,0.0,0.0,7.5,1.7390499776750243
midday,18228,0.15458222023777993,102,1,1,2,30.0,9.72972972972973,10.5,4.864864864864865,11.27027027027027,1.7421834010582224,0.0,0.0,11.27027027027027,1.7421834010582224
midday,18229,0.15458222023777993,002,2,1,3,14.4,9.72972972972973,6.6,4.864864864864865,3.4702702702702695,0.5364420832035388,0.0,0.0,3.4702702702702695,0.5364420832035388
midday,18277,0.9274933214266796,102,1,1,2,30.0,9.72972972972973,10.5,4.864864864864865,11.27027027027027,10.453100406349336,0.0,0.0,11.27027027027027,10.453100406349336
midday,18279,0.30916444047555985,102,1,1,2,30.0,9.72972972972973,10.5,4.864864864864865,11.27027027027027,3.484366802116445,0.0,0.0,11.27027027027027,3.484366802116445
midday,18329,0.2318733303566699,007,2,2,4,15.0,10.0,6.75,5.0,3.5,0.8115566562483447,0.0,0.0,3.5,0.8115566562483447
midday,18333,0.15458222023777993,002,2,1,3,14.4,9.72972972972973,6.6,4.864864864864865,3.4702702702702695,0.5364420832035388,0.0,0.0,3.4702702702702695,0.5364420832035388
midday,18335,0.15458222023777993,006,1,1,2,14.693877551020408,9.72972972972973,6.673469387755102,4.864864864864865,3.6172090457804735,0.5591562053609269,-1.7763568394002505e-15,-2.745931841690562e-16,3.6172090457804753,0.5591562053609272
midday,18342,0.15458222023777993,102,1,1,2,30.0,9.72972972972973,10.5,4.864864864864865,11.27027027027027,1.7421834010582224,0.0,0.0,11.27027027027027,1.7421834010582224
midday,18345,0.15458222023777993,002,2,1,3,14.4,9.72972972972973,6.6,4.864864864864865,3.4702702702702695,0.5364420832035388,0.0,0.0,3.4702702702702695,0.5364420832035388
midday,18346,0.15458222023777993,002,2,1,3,14.4,9.72972972972973,6.6,4.864864864864865,3.4702702702702695,0.5364420832035388,0.0,0.0,3.4702702702702695,0.5364420832035388
midday,18347,0.30916444047555985,102,1,1,2,30.0,9.72972972972973,10.5,4.864864864864865,11.27027027027027,3.484366802116445,0.0,0.0,11.27027027027027,3.484366802116445
midday,18470,0.4637466607133398,102,1,1,2,30.0,9.72972972972973,10.5,4.864864864864865,11.27027027027027,5.226550203174668,0.0,0.0,11.27027027027027,5.226550203174668
midday,18472,0.2318733303566699,102,1,1,2,30.0,9.72972972972973,10.5,4.864864864864865,11.27027027027027,2.613275101587334,0.0,0.0,11.27027027027027,2.613275101587334
midday,18507,0.2318733303566699,004,1,1,2,30.0,15.0,10.5,6.75,7.5,1.7390499776750243,0.0,0.0,7.5,1.7390499776750243
midday,18508,0.5410377708322297,102,1,1,2,30.0,9.72972972972973,10.5,4.864864864864865,11.27027027027027,6.097641903703778,0.0,0.0,11.27027027027027,6.097641903703778
midday,18555,0.2318733303566699,102,1,1,2,30.0,9.72972972972973,10.5,4.864864864864865,11.27027027027027,2.613275101587334,0.0,0.0,11.27027027027027,2.613275101587334
midday,18589,0.2318733303566699,001,2,2,4,15.0,5.9016393442622945,6.75,2.9508196721311473,7.5983606557377055,1.761857190496992,0.0,0.0,7.5983606557377055,1.761857190496992
midday,18591,0.15458222023777993,001,2,2,4,15.0,5.901639344262295,6.75,2.9508196721311477,7.598360655737705,1.1745714603313278,0.0,0.0,7.598360655737705,1.1745714603313278
midday,18592,0.15458222023777993,012,1,1,2,20.0,8.571428571428571,8.0,4.285714285714286,7.428571428571429,1.1483250646235081,0.0,0.0,7.428571428571429,1.1483250646235081
midday,18603,0.30916444047555985,008,1,1,2,30.0,15.0,10.5,6.75,7.5,2.318733303566699,0.0,0.0,7.5,2.318733303566699
midday,18605,0.4637466607133398,102,1,1,2,30.0,9.72972972972973,10.5,4.864864864864865,11.27027027027027,5.226550203174668,0.0,0.0,11.27027027027027,5.226550203174668
midday,18609,0.15458222023777993,102,1,1,2,30.0,9.72972972972973,10.5,4.864864864864865,11.27027027027027,1.7421834010582224,0.0,0.0,11.27027027027027,1.7421834010582224
midday,18615,0.15458222023777993,007,1,2,3,30.0,20.0,10.5,8.0,5.0,0.7729111011888996,0.0,0.0,5.0,0.7729111011888996
midday,18644,0.2318733303566699,002,2,1,3,14.4,7.346938775510203,6.6,3.6734693877551017,5.853061224489796,1.3571687989039374,0.0,0.0,5.853061224489796,1.3571687989039374
midday,18653,0.15458222023777993,008,1,1,2,30.0,15.0,10.5,6.75,7.5,1.1593666517833494,0.0,0.0,7.5,1.1593666517833494
midday,18656,0.3864555505944498,102,1,1,2,30.0,9.72972972972973,10.5,4.864864864864865,11.27027027027027,4.355458502645556,0.0,0.0,11.27027027027027,4.355458502645556
midday,18659,0.2318733303566699,102,1,1,2,30.0,9.72972972972973,10.5,4.864864864864865,11.27027027027027,2.613275101587334,0.0,0.0,11.27027027027027,2.613275101587334
midday,18698,0.15458222023777993,102,1,1,2,30.0,9.72972972972973,10.5,4.864864864864865,11.27027027027027,1.7421834010582224,0.0,0.0,11.27027027027027,1.7421834010582224
midday,18700,0.15458222023777993,002,2,1,3,14.4,9.72972972972973,6.6,4.864864864864865,3.4702702702702695,0.5364420832035388,0.0,0.0,3.4702702702702695,0.5364420832035388
midday,18729,0.15458222023777993,001,2,2,4,15.0,5.901639344262295,6.75,2.9508196721311477,7.598360655737705,1.1745714603313278,0.0,0.0,7.598360655737705,1.1745714603313278
midday,18737,0.15458222023777993,008,1,1,2,30.0,15.0,10.5,6.75,7.5,1.1593666517833494,0.0,0.0,7.5,1.1593666517833494
midday,18738,0.30916444047555985,102,1,1,2,30.0,9.72972972972973,10.5,4.864864864864865,11.27027027027027,3.484366802116445,0.0,0.0,11.27027027027027,3.484366802116445
midday,18740,0.30916444047555985,102,1,1,2,30.0,9.72972972972973,10.5,4.864864864864865,11.27027027027027,3.484366802116445,0.0,0.0,11.27027027027027,3.484366802116445
midday,18747,0.3864555505944498,007,1,2,3,30.0,20.0,10.5,8.0,5.0,1.932277752972249,0.0,0.0,5.0,1.932277752972249
midday,18771,0.15458222023777993,102,1,1,2,30.0,9.72972972972973,10.5,4.864864864864865,11.27027027027027,1.7421834010582224,0.0,0.0,11.27027027027027,1.7421834010582224
midday,18774,0.30916444047555985,102,1,1,2,30.0,9.72972972972973,10.5,4.864864864864865,11.27027027027027,3.484366802116445,0.0,0.0,11.27027027027027,3.484366802116445
midday,18800,0.3864555505944498,001,2,2,4,15.0,5.901639344262295,6.75,2.9508196721311477,7.598360655737705,2.9364286508283195,0.0,0.0,7.598360655737705,2.9364286508283195
midday,18801,0.15458222023777993,012,1,1,2,20.0,8.571428571428571,8.0,4.285714285714286,7.428571428571429,1.1483250646235081,0.0,0.0,7.428571428571429,1.1483250646235081
midday,18812,0.2318733303566699,008,1,1,2,30.0,15.0,10.5,6.75,7.5,1.7390499776750243,0.0,0.0,7.5,1.7390499776750243
midday,18814,0.30916444047555985,102,1,1,2,30.0,9.72972972972973,10.5,4.864864864864865,11.27027027027027,3.484366802116445,0.0,0.0,11.27027027027027,3.484366802116445
midday,18816,0.2318733303566699,102,1,1,2,30.0,9.72972972972973,10.5,4.864864864864865,11.27027027027027,2.613275101587334,0.0,0.0,11.27027027027027,2.613275101587334
midday,18819,0.2318733303566699,007,1,2,3,30.0,20.0,10.5,8.0,5.0,1.1593666517833494,0.0,0.0,5.0,1.1593666517833494
midday,18852,0.2318733303566699,002,2,1,3,14.4,9.72972972972973,6.6,4.864864864864865,3.4702702702702695,0.8046631248053083,0.0,0.0,3.4702702702702695,0.8046631248053083
midday,18855,0.2318733303566699,002,2,1,3,14.4,7.346938775510203,6.6,3.6734693877551017,5.853061224489796,1.3571687989039374,0.0,0.0,5.853061224489796,1.3571687989039374
midday,18856,0.2318733303566699,002,2,2,4,14.4,5.9016393442622945,6.6,2.9508196721311473,7.298360655737705,1.6922951913899908,0.0,0.0,7.298360655737705,1.6922951913899908
midday,18880,0.30916444047555985,102,1,1,2,30.0,9.72972972972973,10.5,4.864864864864865,11.27027027027027,3.484366802116445,0.0,0.0,11.27027027027027,3.484366802116445
midday,18882,0.15458222023777993,102,1,1,2,30.0,9.72972972972973,10.5,4.864864864864865,11.27027027027027,1.7421834010582224,0.0,0.0,11.27027027027027,1.7421834010582224
midday,18883,0.30916444047555985,002,2,1,3,14.4,9.72972972972973,6.6,4.864864864864865,3.4702702702702695,1.0728841664070776,0.0,0.0,3.4702702702702695,1.0728841664070776
midday,18888,0.4637466607133398,102,1,1,2,30.0,9.72972972972973,10.5,4.864864864864865,11.27027027027027,5.226550203174668,0.0,0.0,11.27027027027027,5.226550203174668
midday,18893,0.2318733303566699,002,2,1,3,14.4,9.72972972972973,6.6,4.864864864864865,3.4702702702702695,0.8046631248053083,0.0,0.0,3.4702702702702695,0.8046631248053083
midday,18904,0.30916444047555985,007,1,2,3,30.0,20.0,10.5,8.0,5.0,1.5458222023777992,0.0,0.0,5.0,1.5458222023777992
midday,18943,0.2318733303566699,002,2,1,3,14.4,9.72972972972973,6.6,4.864864864864865,3.4702702702702695,0.8046631248053083,0.0,0.0,3.4702702702702695,0.8046631248053083
midday,18950,0.15458222023777993,001,2,2,4,15.0,5.901639344262295,6.75,2.9508196721311477,7.598360655737705,1.1745714603313278,0.0,0.0,7.598360655737705,1.1745714603313278
midday,18963,0.4637466607133398,102,1,1,2,30.0,9.72972972972973,10.5,4.864864864864865,11.27027027027027,5.226550203174668,0.0,0.0,11.27027027027027,5.226550203174668
midday,18966,0.2318733303566699,102,1,1,2,30.0,9.72972972972973,10.5,4.864864864864865,11.27027027027027,2.613275101587334,0.0,0.0,11.27027027027027,2.613275101587334
midday,18967,0.2318733303566699,002,2,1,3,14.4,9.72972972972973,6.6,4.864864864864865,3.4702702702702695,0.8046631248053083,0.0,0.0,3.4702702702702695,0.8046631248053083
midday,18969,0.15458222023777993,102,1,1,2,30.0,9.72972972972973,10.5,4.864864864864865,11.27027027027027,1.7421834010582224,0.0,0.0,11.27027027027027,1.7421834010582224
midday,18977,0.15458222023777993,007,1,2,3,30.0,20.0,10.5,8.0,5.0,0.7729111011888996,0.0,0.0,5.0,0.7729111011888996
midday,18979,0.15458222023777993,007,1,2,3,30.0,20.0,10.5,8.0,5.0,0.7729111011888996,0.0,0.0,5.0,0.7729111011888996
midday,19012,0.15458222023777993,002,2,1,3,14.4,7.346938775510203,6.6,3.6734693877551017,5.853061224489796,0.9047791992692915,0.0,0.0,5.853061224489796,0.9047791992692915
midday,19019,0.30916444047555985,102,1,1,2,30.0,9.72972972972973,10.5,4.864864864864865,11.27027027027027,3.484366802116445,0.0,0.0,11.27027027027027,3.484366802116445
midday,19026,0.15458222023777993,007,1,2,3,30.0,20.0,10.5,8.0,5.0,0.7729111011888996,0.0,0.0,5.0,0.7729111011888996
midday,19048,0.6183288809511197,034,1,1,2,15.0,12.0,6.75,6.0,1.5,0.9274933214266796,0.0,0.0,1.5,0.9274933214266796
midday,19049,0.5410377708322297,034,1,1,2,15.0,12.0,6.75,6.0,1.5,0.8115566562483445,0.0,0.0,1.5,0.8115566562483445
midday,19062,0.2318733303566699,007,2,2,4,15.0,10.0,6.75,5.0,3.5,0.8115566562483447,0.0,0.0,3.5,0.8115566562483447
midday,19099,0.2318733303566699,023,1,1,2,15.0,10.0,6.75,5.0,3.5,0.8115566562483447,0.0,0.0,3.5,0.8115566562483447
midday,19173,0.15458222023777993,023,1,2,3,15.0,5.454545454545454,6.75,2.727272727272727,8.045454545454547,1.2436842264585024,0.0,0.0,8.045454545454547,1.2436842264585024
midday,19178,0.15458222023777993,023,1,2,3,15.0,5.454545454545454,6.75,2.727272727272727,8.045454545454547,1.2436842264585024,0.0,0.0,8.045454545454547,1.2436842264585024
midday,19180,0.15458222023777993,023,1,1,2,15.0,10.0,6.75,5.0,3.5,0.5410377708322297,0.0,0.0,3.5,0.5410377708322297
midday,19181,0.30916444047555985,023,1,2,3,15.0,5.454545454545454,6.75,2.727272727272727,8.045454545454547,2.487368452917005,0.0,0.0,8.045454545454547,2.487368452917005
midday,19182,0.15458222023777993,023,1,2,3,15.0,5.454545454545454,6.75,2.727272727272727,8.045454545454547,1.2436842264585024,0.0,0.0,8.045454545454547,1.2436842264585024
midday,19183,0.6183288809511197,023,1,2,3,15.0,5.454545454545454,6.75,2.727272727272727,8.045454545454547,4.97473690583401,0.0,0.0,8.045454545454547,4.97473690583401
midday,19206,0.2318733303566699,023,1,2,3,15.0,5.454545454545454,6.75,2.727272727272727,8.045454545454547,1.8655263396877537,0.0,0.0,8.045454545454547,1.8655263396877537
midday,19339,2.473315523804479,023,1,2,3,15.0,8.571428571428571,6.75,4.285714285714286,4.928571428571429,12.189912224464932,0.0,0.0,4.928571428571429,12.189912224464932
midday,19386,0.15458222023777993,034,1,1,2,15.0,10.0,6.75,5.0,3.5,0.5410377708322297,0.0,0.0,3.5,0.5410377708322297
midday,19424,1.932277752972249,023,1,2,3,15.0,8.571428571428571,6.75,4.285714285714286,4.928571428571429,9.523368925363227,0.0,0.0,4.928571428571429,9.523368925363227
midday,19470,0.15458222023777993,023,1,1,2,15.0,10.0,6.75,5.0,3.5,0.5410377708322297,0.0,0.0,3.5,0.5410377708322297
midday,19512,2.164151083328919,023,1,2,3,15.0,8.571428571428571,6.75,4.285714285714286,4.928571428571429,10.666173196406815,0.0,0.0,4.928571428571429,10.666173196406815
midday,19533,0.2318733303566699,007,2,2,4,15.0,10.0,6.75,5.0,3.5,0.8115566562483447,0.0,0.0,3.5,0.8115566562483447
midday,19537,0.15458222023777993,006,1,6,7,14.693877551020408,8.283185840707965,6.673469387755102,4.1415929203539825,5.063752934802238,0.7827661713973041,-1.7763568394002505e-15,-2.745931841690562e-16,5.06375293480224,0.7827661713973043
midday,19543,0.2318733303566699,004,1,1,2,30.0,15.0,10.5,6.75,7.5,1.7390499776750243,0.0,0.0,7.5,1.7390499776750243
midday,19548,0.15458222023777993,102,1,1,2,30.0,9.72972972972973,10.5,4.864864864864865,11.27027027027027,1.7421834010582224,0.0,0.0,11.27027027027027,1.7421834010582224
midday,19608,0.30916444047555985,007,2,2,4,15.0,10.0,6.75,5.0,3.5,1.0820755416644594,0.0,0.0,3.5,1.0820755416644594
midday,19614,0.15458222023777993,004,1,1,2,30.0,15.0,10.5,6.75,7.5,1.1593666517833494,0.0,0.0,7.5,1.1593666517833494
midday,19688,0.15458222023777993,102,1,1,2,30.0,9.72972972972973,10.5,4.864864864864865,11.27027027027027,1.7421834010582224,0.0,0.0,11.27027027027027,1.7421834010582224
midday,19786,0.5410377708322297,021,1,1,2,60.0,30.0,18.0,10.5,15.0,8.115566562483446,0.0,0.0,15.0,8.115566562483446
midday,19901,0.15458222023777993,034,1,1,2,15.0,12.0,6.75,6.0,1.5,0.2318733303566699,0.0,0.0,1.5,0.2318733303566699
midday,19904,0.2318733303566699,002,2,1,3,14.4,9.72972972972973,6.6,4.864864864864865,3.4702702702702695,0.8046631248053083,0.0,0.0,3.4702702702702695,0.8046631248053083
midday,19908,0.2318733303566699,002,2,1,3,14.4,9.72972972972973,6.6,4.864864864864865,3.4702702702702695,0.8046631248053083,0.0,0.0,3.4702702702702695,0.8046631248053083
midday,19910,2.241442193447809,002,2,1,3,14.4,9.72972972972973,6.6,4.864864864864865,3.4702702702702695,7.778410206451314,0.0,0.0,3.4702702702702695,7.778410206451314
midday,19912,0.2318733303566699,102,1,1,2,30.0,9.72972972972973,10.5,4.864864864864865,11.27027027027027,2.613275101587334,0.0,0.0,11.27027027027027,2.613275101587334
midday,19913,1.4685310922589094,002,2,1,3,14.4,9.72972972972973,6.6,4.864864864864865,3.4702702702702695,5.096199790433619,0.0,0.0,3.4702702702702695,5.096199790433619
midday,19914,0.2318733303566699,002,2,1,3,14.4,9.72972972972973,6.6,4.864864864864865,3.4702702702702695,0.8046631248053083,0.0,0.0,3.4702702702702695,0.8046631248053083
midday,19915,0.3864555505944498,002,2,1,3,14.4,9.72972972972973,6.6,4.864864864864865,3.4702702702702695,1.341105208008847,0.0,0.0,3.4702702702702695,1.341105208008847
midday,19924,0.3864555505944498,034,1,1,2,15.0,12.0,6.75,6.0,1.5,0.5796833258916747,0.0,0.0,1.5,0.5796833258916747
midday,19937,0.2318733303566699,102,1,1,2,30.0,9.72972972972973,10.5,4.864864864864865,11.27027027027027,2.613275101587334,0.0,0.0,11.27027027027027,2.613275101587334
midday,19940,0.2318733303566699,102,1,1,2,30.0,9.72972972972973,10.5,4.864864864864865,11.27027027027027,2.613275101587334,0.0,0.0,11.27027027027027,2.613275101587334
midday,19941,0.6183288809511197,102,1,1,2,30.0,9.72972972972973,10.5,4.864864864864865,11.27027027027027,6.96873360423289,0.0,0.0,11.27027027027027,6.96873360423289
midday,19942,0.15458222023777993,002,2,1,3,14.4,9.72972972972973,6.6,4.864864864864865,3.4702702702702695,0.5364420832035388,0.0,0.0,3.4702702702702695,0.5364420832035388
midday,19943,0.5410377708322297,002,2,1,3,14.4,9.72972972972973,6.6,4.864864864864865,3.4702702702702695,1.8775472912123858,0.0,0.0,3.4702702702702695,1.8775472912123858
midday,19948,0.30916444047555985,002,2,1,3,14.4,9.72972972972973,6.6,4.864864864864865,3.4702702702702695,1.0728841664070776,0.0,0.0,3.4702702702702695,1.0728841664070776
midday,19949,0.15458222023777993,002,2,1,3,14.4,9.72972972972973,6.6,4.864864864864865,3.4702702702702695,0.5364420832035388,0.0,0.0,3.4702702702702695,0.5364420832035388
