set_key,cardinality,members,lambda,seconds,incumbent_scale,edited_baseline_vh,modelB_gc,modelB_unserved,modelB_served,modelB_gc_per_trip,modelB_veh_hours,base_gc_this_network,base_unserved_this_network,gc_vs_base_pct,unserved_vs_base_pct,served_vs_base_pct,gc_per_trip_vs_base_pct,vh_vs_budget_pct,claim_gap_unserved_pct,gc_vs_noedit_pct,unserved_vs_noedit_pct,served_vs_noedit_pct,gc_per_trip_vs_noedit_pct,seed,sum_of_singles_unserved_pct,sum_of_singles_gc_pct,interaction_unserved_pts,interaction_gc_pts,interaction_class
<none>,0,[],2.0,37.24181866645813,1.0,2517.1833333333334,1785263.3794816681,9812.327818373697,21136.672181626305,84.46284089288012,2507.763673330894,1770600.9012074382,10423.684219641913,0.8281074670317246,-5.865070241826819,2.978548090613331,-2.0882413507028352,-0.37421430047231974,0.0,0.0,0.0,0.0,0.0,,,,,,
splice|011|034|WESHIGW,1,['splice|011|034|WESHIGW'],2.0,90.18874645233154,1.0,2516.233333333333,1787084.1295641689,9754.969670750388,21194.030329249614,84.32016477290007,2514.3822760235607,1769598.2317266962,10455.657047166675,0.988128125580845,-6.701514531850128,3.4190974992658107,-2.350600065623487,-0.11127744541608031,0.0,0.1019877572926653,-0.5845518890625012,0.2713679198429686,-0.16892176307566897,,-0.5845518890625012,0.1019877572926653,0.0,0.0,
splice|011|033|WESHIGW,1,['splice|011|033|WESHIGW'],2.0,83.67547750473022,1.000090852748455,2517.412026357532,1783946.343386127,9789.445622069155,21159.55437793085,84.30925866977428,2513.278362997813,1767610.9832195432,10456.83145916881,0.9241490532509777,-6.382295054726872,3.256784833532289,-2.2590629604068324,-0.15513253579148012,0.0,-0.07377264949688378,-0.23319844921705357,0.1082582731468662,-0.18183407221717962,,-0.23319844921705357,-0.07377264949688378,0.0,0.0,
splice|008|035|BOASHAN,1,['splice|008|035|BOASHAN'],2.0,89.41451573371887,1.0,2516.8114415760074,1785859.1098319974,9837.526788972158,21111.473211027842,84.59187532678352,2513.6204685926245,1772007.040795631,10444.036492290797,0.7817163655369441,-5.807234623953406,2.9578677528034225,-2.113632920692665,-0.14154172616385186,0.0,0.033369325623100465,0.2568093021849016,-0.11921919582198459,0.15277065338952234,,0.2568093021849016,0.033369325623100465,0.0,0.0,
splice|006|021|NMURBEAN,1,['splice|006|021|NMURBEAN'],2.0,91.21661424636841,1.000204836956281,2517.6989455057346,1784174.2894079576,9814.890189667009,21134.109810332997,84.4215491175138,2514.556743369353,1773266.1995563766,10392.78979024195,0.6151411364131221,-5.560582021177273,2.8113139274116516,-2.13611975871556,-0.10434639103151788,0.0,-0.06100444820790196,0.026113796244287002,-0.012122870011377351,-0.048887504765182666,,0.026113796244287002,-0.06100444820790196,0.0,0.0,
splice|002|034|WESHIGW,1,['splice|002|034|WESHIGW'],2.0,97.39484524726868,1.0,2516.366666666667,1785033.001634596,9817.455032991307,21131.544967008696,84.47243230068845,2514.1746912472513,1769479.3281653763,10490.965642673134,0.8789971841799193,-6.419910546101216,3.292156997676643,-2.3362468977688122,-0.11952415409083317,0.0,-0.012904417898218501,0.052252785603124074,-0.024257435482510914,0.011355772203414105,,0.052252785603124074,-0.012904417898218501,0.0,0.0,
splice|007|101|EMO4THW,1,['splice|007|101|EMO4THW'],2.0,92.89069032669067,1.0,2516.9,1782695.9637234793,9827.299532003246,21121.700467996758,84.40115730381605,2513.7307341194182,1768145.648349027,10495.347085963467,0.82291384694686,-6.365178287945062,3.2661527834070503,-2.365962971027602,-0.13716121381366353,0.0,-0.14381159596373871,0.15258065065371085,-0.07083287993917553,-0.07303044559240357,,0.15258065065371085,-0.14381159596373871,0.0,0.0,
splice|001|021|PICBETS+splice|033|034|WESHIGW,2,"['splice|001|021|PICBETS', 'splice|033|034|WESHIGW']",2.0,82.36617422103882,1.0000304409224634,2517.2599587160094,1782677.1555203376,9881.730749878348,21067.26925012166,84.61833066048857,2515.443869149029,1776873.4248894132,10410.262375031056,0.3266260021467682,-5.07702501735583,2.5733403620199935,-2.190349219342691,-0.06910359532695809,0.0,-0.144865121362725,0.7073034328785255,-0.32835316225879874,0.1840925144888761,,-0.11301535494729897,0.009237186657928831,0.8203187878258245,-0.15410230802065383,substituting
splice|005|021|NMURBEAN+splice|033|034|WESHIGW,2,"['splice|005|021|NMURBEAN', 'splice|033|034|WESHIGW']",2.0,89.70044159889221,1.0,2516.4113683599667,1784621.9815658964,9878.2456714759,21070.754328524104,84.69663466912529,2512.492902856298,1771216.6645666938,10511.86325640233,0.7568423032245031,-6.0276429541691545,3.100324633904128,-2.2730115923505156,-0.18633646643545498,0.0,-0.035927355209508516,0.6717860870768089,-0.3118648599730989,0.27680074903195795,,-0.08963893645981269,0.05010929158348887,0.7614250235366216,-0.08603664679299738,substituting
splice|002|011|HIGFITN+splice|033|034|WESHIGW,2,"['splice|002|011|HIGFITN', 'splice|033|034|WESHIGW']",2.0,95.05960273742676,1.0,2516.461829998961,1782422.4510175022,9880.461285774038,21068.538714225964,84.60114273677506,2514.4467686448675,1776018.872353478,10479.679091269953,0.3605580303062128,-5.717902239917738,2.9273946515751437,-2.493832307674826,-0.10871535069486571,0.0,-0.15913217605968422,0.6943659920611411,-0.32234718320307554,0.16374282753564007,,-0.16323016494081966,-0.003736841260892909,0.8575961570019608,-0.1553953347987913,substituting
splice|005|006|NMURBEAN+splice|011|034|WESHIGW,2,"['splice|005|006|NMURBEAN', 'splice|011|034|WESHIGW']",2.0,84.9233283996582,1.0,2515.6546548621627,1789015.6205081292,9805.843754724363,21143.15624527564,84.6144066550082,2515.021057945306,1770100.2352254735,10457.716448251318,1.0686053199832735,-6.2334133532178315,3.1812194286449547,-2.047479299391952,-0.08590059211793788,0.0,0.21017856914482547,-0.0660807890783266,0.030676842568300167,0.17944667800162684,,-0.8569657005918829,0.3269867809682969,0.7908849115135563,-0.11680821182347145,substituting
splice|008|035|BOASHAN+splice|011|034|WESHIGW,2,"['splice|008|035|BOASHAN', 'splice|011|034|WESHIGW']",2.0,86.87980937957764,1.0,2515.8614415760076,1787169.690129033,9841.956453121567,21107.043546878434,84.67172042165713,2514.2589279133563,1771028.3555483632,10470.08665494271,0.9114102848834404,-5.999283697662761,3.067204744888219,-2.0916395912170094,-0.11617768881794222,0.0,0.10678035909292838,0.301953168466218,-0.14017644070586366,0.24730346098815748,,-0.3277425868775996,0.13535708291576576,0.6296957553438176,-0.02857672382283738,substituting
splice|006|021|NMURBEAN+splice|011|034|WESHIGW,2,"['splice|006|021|NMURBEAN', 'splice|011|034|WESHIGW']",2.0,82.51136612892151,1.0,2516.748945505735,1784280.6267857237,9829.194668787797,21119.805331212203,84.48376293264405,2513.756950438249,1772186.2539631713,10425.77697680791,0.682454950516953,-5.722185591991924,2.9068646154941202,-2.1615755890421418,-0.13611971959733848,0.0,-0.05504805101809174,0.17189448545040786,-0.07979898760394066,0.024770703356358226,,-0.5584380928182142,0.04098330908476333,0.7303325782686221,-0.09603136010285507,substituting
splice|007|101|EMO4THW+splice|011|034|WESHIGW,2,"['splice|007|101|EMO4THW', 'splice|011|034|WESHIGW']",2.0,84.95575523376465,1.0,2515.95,1783217.2386173804,9836.581534780975,21112.418465219027,84.46295442443433,2514.342281273373,1767100.0541832962,10525.32896971275,0.9120697153468749,-6.543714091157494,3.3722998862956377,-2.379970430816458,-0.11286631459609398,0.0,-0.11461282899791758,0.24717596941536968,-0.11474709073816536,0.00013441597868091293,,-0.43197123840879037,-0.04182383867107342,0.67914720782416,-0.07278899032684416,substituting
splice|001|021|PICBETS+splice|005|006|NMURBEAN,2,"['splice|001|021|PICBETS', 'splice|005|006|NMURBEAN']",2.0,86.18918251991272,1.0,2516.1229469115056,1785728.3388834747,9892.781168075246,21056.218831924758,84.80764533924824,2515.005061381543,1773817.3351784756,10425.519685919991,0.6714898692655291,-5.109946879331362,2.5957513525581843,-1.8755761889984623,-0.08653608670234902,0.0,0.02604430288273285,0.8199211358481007,-0.38063394753069524,0.4082321204485817,,0.09930083523521649,0.11649316736042081,0.7206203006128842,-0.09044886447768796,substituting
splice|002|011|HIGFITN+splice|005|006|NMURBEAN,2,"['splice|002|011|HIGFITN', 'splice|005|006|NMURBEAN']",2.0,92.91264224052429,1.0,2515.324818194457,1784797.8093963442,9903.066980646872,21045.93301935313,84.80487929687433,2515.8168472369453,1771895.4670748012,10516.301285827198,0.7281661114491911,-5.831273643774171,3.0012398937540485,-2.2068411842901425,-0.054286315910834215,0.0,-0.0260785097972005,0.9247465428464885,-0.4292972966295605,0.40495725739084776,,0.04908602524169581,0.10351913944159907,0.8756605176047927,-0.12959764923879957,substituting
splice|002|033|WESHIGW+splice|005|006|NMURBEAN,2,"['splice|002|033|WESHIGW', 'splice|005|006|NMURBEAN']",2.0,88.25359153747559,1.0,2517.0394408781453,1776101.9254469757,10015.107631376623,20933.892368623376,84.84336759603647,2516.1684240219283,1773070.4209361891,10498.319912176683,0.1709748510262843,-4.6027582017156625,2.3628176604638673,-2.1412489999131368,-0.04031924484662053,0.0,-0.5131710054654404,2.0665821276702356,-0.9593743578007574,0.45052557921767544,,1.210457699033607,-0.3363457952790361,0.8561244286366287,-0.1768252101864043,substituting
splice|001|021|PICBETS+splice|011|033|WESHIGW,2,"['splice|001|021|PICBETS', 'splice|011|033|WESHIGW']",2.0,82.70139670372009,1.0,2516.9303184068744,1777890.19436624,9916.985165664895,21032.014834335107,84.53256658338816,2516.0873061954558,1768868.0349289156,10472.069840052463,0.5100527150227352,-5.300620439567149,2.7107807178700316,-2.1426455796225707,-0.043541808153724215,0.0,-0.4130026527272901,1.0665904077850508,-0.4951458128880648,0.08255191249897376,,0.13851619754754463,-0.1822785058120946,0.9280742102375061,-0.2307241469151955,substituting
splice|005|021|NMURBEAN+splice|011|033|WESHIGW,2,"['splice|005|021|NMURBEAN', 'splice|011|033|WESHIGW']",2.0,83.21133017539978,1.0,2516.0817280508318,1780900.7722123081,9898.012528882356,21050.987471117645,84.59939348003213,2514.967768897915,1763263.3241457802,10574.065746303691,1.0002730633028145,-6.393503063451811,3.3180633076088872,-2.2433543275054646,-0.08801760309148365,0.0,-0.24436771176176153,0.8732353025162398,-0.40538411048047784,0.16167179046842062,,0.1618926160350309,-0.14140640088653456,0.7113426864812089,-0.10296131087522697,substituting
splice|002|034|WESHIGW+splice|011|033|WESHIGW,2,"['splice|002|034|WESHIGW', 'splice|011|033|WESHIGW']",2.0,84.03682470321655,1.0,2516.5953596908653,1784819.662722121,9846.084271330592,21102.91572866941,84.57692224479437,2513.0587232250386,1766484.8675397616,10527.577554871534,1.0379254031139817,-6.473410240759403,3.33714894431123,-2.224972882149412,-0.16385815262938142,0.0,-0.024854414460451224,0.3440208437969883,-0.15970561811635697,0.1350669131043425,,-0.1809456636139295,-0.08667706739510228,0.5249665074109178,0.06182265293465106,substituting
splice|001|021|PICBETS+splice|008|035|BOASHAN,2,"['splice|001|021|PICBETS', 'splice|008|035|BOASHAN']",2.0,82.41701316833496,1.0,2516.3297336253504,1782844.5031410141,9940.402913923052,21008.597086076952,84.86261580610541,2514.731613835039,1773889.6854978865,10456.098955881305,0.5048125436624362,-4.932011873014908,2.516461875495457,-1.9622695663025658,-0.09739932192575074,0.0,-0.13549128764162033,1.3052468070780643,-0.6059378432366813,0.47331454755623614,,0.6285239489494998,-0.07513653069211035,0.6767228581285645,-0.06035475694950998,substituting
splice|001|021|PICBETS+splice|002|034|WESHIGW,2,"['splice|001|021|PICBETS', 'splice|002|034|WESHIGW']",2.0,86.71668553352356,1.0,2515.8849587160094,1781466.0274391156,9921.965181878579,21027.034818121425,84.72264600540922,2514.7975436028973,1770826.5793812387,10504.039835500576,0.600818181845586,-5.541436083046413,2.847032466381161,-2.184034123949874,-0.09478013376469363,0.0,-0.21270542409574933,1.1173430559421993,-0.5187068359804758,0.3075969382306143,,0.4239674323677223,-0.12141027421342931,0.693375623574477,-0.09129514988232001,substituting
splice|001|021|PICBETS+splice|007|101|EMO4THW,2,"['splice|001|021|PICBETS', 'splice|007|101|EMO4THW']",2.0,80.53899192810059,1.0,2516.4182920493427,1779440.7300354657,9935.857743192704,21013.1422568073,84.68227684790969,2512.72567586025,1769769.3569703915,10506.215196926838,0.5464764675115807,-5.4287623377538345,2.790018381685422,-2.182645697992791,-0.1770891064649116,0.0,-0.3261507244882278,1.2589257830103895,-0.584434123581612,0.25980176928677157,,0.524295297418309,-0.25231745227894953,0.7346304855920804,-0.07383327220927827,substituting
splice|006|021|NMURBEAN+splice|008|035|BOASHAN,2,"['splice|006|021|NMURBEAN', 'splice|008|035|BOASHAN']",2.0,84.57224488258362,1.0000570957280592,2517.3270537484086,1783825.1362375438,9903.713307752285,21045.286692247715,84.76126566119136,2512.986997070564,1774723.8217055253,10412.23875354448,0.5128299074315779,-4.8839203347991305,2.4761715817286367,-1.915900685976757,-0.16670761351389451,0.0,-0.08056196417034478,0.9313334314765553,-0.43235514367313543,0.3533207800690885,,0.2829230984291886,-0.027635122584801497,0.6484103330473667,-0.05292684158554328,substituting
splice|002|034|WESHIGW+splice|008|035|BOASHAN,2,"['splice|002|034|WESHIGW', 'splice|008|035|BOASHAN']",2.0,87.96228289604187,1.0,2515.994774909341,1784124.059011466,9912.547608344754,21036.452391655253,84.81107107770667,2514.302625240107,1770971.8010810774,10506.954810751282,0.742657670910396,-5.657273806853135,2.907767774230119,-2.1039326283607274,-0.11444172758811044,0.0,-0.06381806086969144,1.0213661001357455,-0.47415122451570646,0.41228803240018763,,0.3090620877880257,0.020464907724881964,0.7123040123477198,-0.0842829685945734,substituting
splice|007|101|EMO4THW+splice|008|035|BOASHAN,2,"['splice|007|101|EMO4THW', 'splice|008|035|BOASHAN']",2.0,84.47557020187378,1.0,2516.528108242674,1782870.1648159344,9908.416395977136,21040.58360402287,84.73482477335168,2513.2575310483153,1769520.1391308608,10515.984522285062,0.7544432747530472,-5.77756771151946,2.9734628595107004,-2.154943150532984,-0.15596012547165472,0.0,-0.1340538708875849,0.9792638340467175,-0.45460598895488147,0.32201602218955294,,0.40938995283861246,-0.11044227034063825,0.569873881208105,-0.023611600546946665,substituting
splice|002|034|WESHIGW+splice|005|021|NMURBEAN,2,"['splice|002|034|WESHIGW', 'splice|005|021|NMURBEAN']",2.0,92.97006130218506,1.0,2515.0363683599667,1782404.6617011286,9923.509144874575,21025.490855125427,84.77351011601368,2514.5647875407,1765068.5502058982,10607.947298280136,0.9821778022846894,-6.452126261190316,3.364811858275618,-2.305072696555366,-0.10402682069112767,0.0,-0.1601286293885451,1.133077986781994,-0.5260115005120136,0.36781763418016755,,0.44734385085520856,-0.08053816928786928,0.6857341359267854,-0.07959046010067583,substituting
splice|005|021|NMURBEAN+splice|007|101|EMO4THW,2,"['splice|005|021|NMURBEAN', 'splice|007|101|EMO4THW']",2.0,80.33825588226318,1.0,2515.5697016933,1780651.9242768625,9927.30328922279,21021.696710777214,84.70543309494013,2513.6378267426203,1763754.8750255872,10611.808746942435,0.9580157362303776,-6.450412686874629,3.3657816814636865,-2.329364617638352,-0.14085213992014456,0.0,-0.25830671584965437,1.1717451044980454,-0.5439620289377278,0.2872176681431693,,0.5476717159057953,-0.2114453473533895,0.62407338859225,-0.04686136849626488,substituting
splice|002|034|WESHIGW+splice|006|021|NMURBEAN,2,"['splice|002|034|WESHIGW', 'splice|006|021|NMURBEAN']",2.0,87.40021634101868,1.0,2516.882278839068,1782262.3309699513,9894.58739452015,21054.41260547985,84.65029941068413,2512.735990448332,1771991.9250468912,10458.402505112243,0.5795966549220211,-5.391025161983309,2.7515796488255306,-2.113819564941688,-0.17667933940720415,0.0,-0.16810116345903348,0.8383288621118146,-0.38917941026668235,0.22194199937195513,,0.07836658184741108,-0.07390886610612046,0.7599622802644035,-0.09419229735291301,substituting
splice|006|021|NMURBEAN+splice|007|101|EMO4THW,2,"['splice|006|021|NMURBEAN', 'splice|007|101|EMO4THW']",2.0,88.14342498779297,1.0100932000559322,2517.4156121724013,1780742.8254300342,9894.549953886055,21054.45004611395,84.57797859976439,2513.472922719745,1770727.5160154225,10465.825483008424,0.5656042120556481,-5.4584851433826405,2.7889989837682316,-2.1630668589969315,-0.14740327271574039,0.0,-0.2532149655669502,0.8379472948141453,-0.38900227436856616,0.13631758731664778,,0.17869444689799785,-0.20481604417164068,0.6592528479161475,-0.048398921395309547,substituting
splice|002|034|WESHIGW+splice|007|101|EMO4THW,2,"['splice|002|034|WESHIGW', 'splice|007|101|EMO4THW']",2.0,85.66063833236694,1.0,2516.0833333333335,1781970.9693713228,9897.517319472143,21051.48268052786,84.64824052605117,2512.706923652825,1767109.955450325,10560.673438473137,0.8409784504445517,-6.279487031433795,3.252626531166025,-2.335677223662236,-0.17783407434930343,0.0,-0.18442153399803596,0.8681884938549267,-0.40304121843975915,0.2195043775595762,,0.20483343625683492,-0.15671601386195722,0.6633550575980918,-0.027705520136078743,substituting
splice|001|021|PICBETS+splice|005|006|NMURBEAN+splice|033|034|WESHIGW,3,"['splice|001|021|PICBETS', 'splice|005|006|NMURBEAN', 'splice|033|034|WESHIGW']",2.0,74.20493292808533,1.0,2516.681280244839,1784487.1125138698,9931.66189924954,21017.33810075046,84.90547680013539,2514.6100118157397,1778466.2840001525,10402.431920173613,0.3385404923266222,-4.525576562641087,2.2912343272855296,-1.908955198166029,-0.10223019847290793,0.0,-0.04348192970965448,1.216164839625411,-0.5645831086862341,0.5240599328367734,,-0.3854291664766807,0.23423621033356046,1.6015940061020917,-0.27771814004321493,substituting
splice|002|011|HIGFITN+splice|005|006|NMURBEAN+splice|033|034|WESHIGW,3,"['splice|002|011|HIGFITN', 'splice|005|006|NMURBEAN', 'splice|033|034|WESHIGW']",2.0,76.11007618904114,1.0,2515.8831515277902,1784470.668994372,9940.957187821281,21008.042812178723,84.94226163514308,2513.8801598196783,1776745.177932547,10487.856911356272,0.4348114269720149,-5.214599399642905,2.672869844884307,-2.1797953259643843,-0.13122498746569455,0.0,-0.04440299937851222,1.3108955573897907,-0.6085601760876913,0.5676114338505123,,-0.43564397647020137,0.22126218241473872,1.746539533859992,-0.26566518179325094,substituting
splice|001|021|PICBETS+splice|008|035|BOASHAN+splice|033|034|WESHIGW,3,"['splice|001|021|PICBETS', 'splice|008|035|BOASHAN', 'splice|033|034|WESHIGW']",2.0,77.73252320289612,1.0,2516.888066958684,1782351.838274668,9974.114487965217,20974.885512034787,84.97552166623296,2513.968039921574,1778470.9707892141,10430.649416094035,0.21821370993373446,-4.3768600584389805,2.225007932591372,-1.9631147634451174,-0.12773377962508325,0.0,-0.1630874884044009,1.648810278113344,-0.7654311341033004,0.6069897341045571,,0.14379394723760264,0.042606512281029296,1.5050163308757414,-0.2056940006854302,substituting
splice|001|021|PICBETS+splice|007|101|EMO4THW+splice|033|034|WESHIGW,3,"['splice|001|021|PICBETS', 'splice|007|101|EMO4THW', 'splice|033|034|WESHIGW']",2.0,80.70257377624512,1.0,2516.976625382676,1778576.5710853199,9968.568175564747,20980.431824435254,84.77311553777778,2514.8697085199874,1774393.4085458417,10482.760691335114,0.23575169516134586,-4.9051250039065515,2.5123937427657728,-2.220845660201043,-0.09191324218257302,0.0,-0.37455584835273115,1.5922863573563983,-0.7391908993453877,0.36735047225224804,,0.039565295706411874,-0.13457440930580988,1.5527210616499865,-0.23998143904692126,substituting
splice|006|021|NMURBEAN+splice|008|035|BOASHAN+splice|033|034|WESHIGW,3,"['splice|006|021|NMURBEAN', 'splice|008|035|BOASHAN', 'splice|033|034|WESHIGW']",2.0,77.89750719070435,1.0102816935407535,2517.885387081742,1783753.6431492723,9932.89975794539,21016.100242054617,84.87557741944256,2513.7730603827767,1779888.5466512332,10378.02379758121,0.2171538496222647,-4.289102128861611,2.1638449981945085,-1.9054599487779988,-0.13547972074170467,0.0,-0.08456658831114128,1.228780181456246,-0.5704395589599898,0.4886604833549191,,-0.20180690328270856,0.09010792038833815,1.4305870847389546,-0.17467450869947942,substituting
splice|007|101|EMO4THW+splice|008|035|BOASHAN+splice|033|034|WESHIGW,3,"['splice|007|101|EMO4THW', 'splice|008|035|BOASHAN', 'splice|033|034|WESHIGW']",2.0,81.06936192512512,1.0,2517.0864415760075,1783436.347239584,9939.066144747867,21009.933855252133,84.88538610004974,2513.2616574010144,1774509.399729043,10484.325995039346,0.5030656649045673,-5.200714385926841,2.6643954854072005,-2.105237955460282,-0.15579619809120704,0.0,-0.10233964708414867,1.29162344267435,-0.599613436235924,0.500273496253234,,-0.07534004887328472,0.0073007726325013955,1.3669634915476347,-0.10964041971665006,substituting
splice|005|021|NMURBEAN+splice|007|101|EMO4THW+splice|033|034|WESHIGW,3,"['splice|005|021|NMURBEAN', 'splice|007|101|EMO4THW', 'splice|033|034|WESHIGW']",2.0,76.38868308067322,1.0,2516.1280350266334,1781585.9956384255,9950.601036174472,20998.398963825533,84.84389684697429,2514.9800296364556,1768734.085056674,10582.86445246903,0.726616323523821,-5.974407204535703,3.104483984303097,-2.306269881668077,-0.087530521424517,0.0,-0.2059855081052664,1.4091785390807798,-0.6541863194574726,0.4511521872410551,,0.06294171419389816,-0.09370230438024985,1.3462368248868817,-0.11228320372501654,substituting
splice|006|021|NMURBEAN+splice|007|101|EMO4THW+splice|033|034|WESHIGW,3,"['splice|006|021|NMURBEAN', 'splice|007|101|EMO4THW', 'splice|033|034|WESHIGW']",2.0,70.9804048538208,1.0003140860508377,2517.9739455057347,1780618.256307152,9926.108316333075,21022.891683666934,84.69901681939153,2513.8894391784934,1775808.7630277604,10434.45118093123,0.27083396475595656,-4.871773855506101,2.4779626843445035,-2.1537593661839605,-0.13085634690255254,0.0,-0.260192598352893,1.1595668231377587,-0.5383084762902168,0.27962110203105794,,-0.3060355548138993,-0.08707300119850103,1.465602377951658,-0.17311959715439196,substituting
splice|001|021|PICBETS+splice|005|006|NMURBEAN+splice|011|034|WESHIGW,3,"['splice|001|021|PICBETS', 'splice|005|006|NMURBEAN', 'splice|011|034|WESHIGW']",2.0,72.77877449989319,1.0,2515.1729469115057,1785279.5076923668,9916.40806646298,21032.59193353702,84.88157395597506,2514.209531840418,1772794.6782364878,10462.133751348136,0.7042456528749463,-5.216198701482233,2.663783119690466,-1.9086939982826845,-0.11814004381545118,0.0,0.0009034079163861009,1.0607090388316642,-0.49241549092936543,0.4957600983679811,,-0.48525105382728473,0.2184809246530861,1.545960092658949,-0.2175775167367,substituting
splice|002|033|WESHIGW+splice|005|006|NMURBEAN+splice|011|034|WESHIGW,3,"['splice|002|033|WESHIGW', 'splice|005|006|NMURBEAN', 'splice|011|034|WESHIGW']",2.0,73.98961091041565,1.0,2516.0894408781455,1776238.1760070655,10035.780266140211,20913.21973385979,84.93374997304822,2512.3763803466736,1771830.714789279,10533.21339440476,0.24875182380561522,-4.722520181056855,2.4365121847826243,-2.1357232048574204,-0.190965549588884,0.0,-0.5055390469737353,2.2772623571350348,-1.0571789440002588,0.5575340293908937,,0.6259058099711057,-0.23435803798637078,1.651356547163929,-0.2711810089873645,substituting
splice|001|021|PICBETS+splice|008|035|BOASHAN+splice|011|034|WESHIGW,3,"['splice|001|021|PICBETS', 'splice|008|035|BOASHAN', 'splice|011|034|WESHIGW']",2.0,86.31824398040771,1.0,2515.37973362535,1783438.7048066824,9951.812104823872,20997.187895176132,84.93702650612597,2514.579841851187,1772883.9299736428,10484.685108484062,0.595344943602516,-5.082393969362009,2.6039132337682513,-1.9575942348217246,-0.10342875894933101,0.0,-0.10220758998122914,1.421520856539149,-0.659916022974627,0.5614132892442392,,0.043972059886998593,0.026851226600554945,1.3775487966521505,-0.12905881658178409,substituting
splice|001|021|PICBETS+splice|007|101|EMO4THW+splice|011|034|WESHIGW,3,"['splice|001|021|PICBETS', 'splice|007|101|EMO4THW', 'splice|011|034|WESHIGW']",2.0,79.10740065574646,1.0,2515.468292049343,1781470.684236437,9927.03969304174,21021.960306958263,84.74331880679894,2514.562979841493,1768738.2374576554,10538.653348629803,0.7198604354866633,-5.803527598405955,2.9965863198457843,-2.2104867410741136,-0.10409863505533856,0.0,-0.21244457758003987,1.169058726852179,-0.5427149254259578,0.33207255516605194,,-0.06025659164419217,-0.15032969498628423,1.2293153184963712,-0.06211488259375564,substituting
splice|006|021|NMURBEAN+splice|008|035|BOASHAN+splice|011|034|WESHIGW,3,"['splice|006|021|NMURBEAN', 'splice|008|035|BOASHAN', 'splice|011|034|WESHIGW']",2.0,82.65950679779053,1.0,2516.377053748409,1784291.2026749072,9914.792109628335,21034.20789037167,84.82806730704891,2513.9553379590193,1773651.1792100032,10439.469328006811,0.5998938004057264,-5.025899323932892,2.5582117249272507,-1.909469648099904,-0.1282383897735162,0.0,-0.054455651638540825,1.0442403999464167,-0.4847702153591982,0.43241076230431386,,-0.3016287906333126,0.0743526347078638,1.3458691905797293,-0.12880828634640462,substituting
splice|007|101|EMO4THW+splice|008|035|BOASHAN+splice|011|034|WESHIGW,3,"['splice|007|101|EMO4THW', 'splice|008|035|BOASHAN', 'splice|011|034|WESHIGW']",2.0,77.4409384727478,1.0,2515.5781082426743,1783705.9231722092,9914.387486570013,21034.612513429987,84.79861095769485,2514.5364218873656,1768526.876170357,10540.222913927395,0.8582876068426781,-5.937591951024402,3.066501362222551,-2.142513548237357,-0.10515370139777547,0.0,-0.08723958197759396,1.0401167804973577,-0.4828558976518349,0.3975358409274543,,-0.17516193622388876,-0.008454513047972956,1.2152787167212464,-0.078785068929621,substituting
splice|005|021|NMURBEAN+splice|007|101|EMO4THW+splice|011|034|WESHIGW,3,"['splice|005|021|NMURBEAN', 'splice|007|101|EMO4THW', 'splice|011|034|WESHIGW']",2.0,81.94552803039551,1.0,2514.6197016933,1782574.7208343332,9922.099837979058,21026.90016202095,84.77591595046626,2515.96780340453,1762718.736169401,10642.179167755852,1.1264408925545144,-6.766277079402327,3.545997355890518,-2.336697240956531,-0.04828928877396166,0.0,-0.15060291261425052,1.118715371492307,-0.5193439093064911,0.37066602813322636,,-0.03688017315670589,-0.1094575900607242,1.155595544649013,-0.04114532255352632,substituting
splice|006|021|NMURBEAN+splice|007|101|EMO4THW+splice|011|034|WESHIGW,3,"['splice|006|021|NMURBEAN', 'splice|007|101|EMO4THW', 'splice|011|034|WESHIGW']",2.0,85.03967571258545,1.0,2516.4656121724015,1782485.221833555,9891.73676307251,21057.263236927494,84.6494248458491,2514.456079505493,1769675.339391794,10495.843952511548,0.7238549442726283,-5.755679983165929,2.953613554976142,-2.1657895567821273,-0.10834545866108547,0.0,-0.1556161225308772,0.8092773312171619,-0.3756927486808448,0.22090655606246123,,-0.40585744216450337,-0.10282828687897538,1.2151347733816653,-0.052787835651901815,substituting
splice|001|021|PICBETS+splice|005|006|NMURBEAN+splice|011|033|WESHIGW,3,"['splice|001|021|PICBETS', 'splice|005|006|NMURBEAN', 'splice|011|033|WESHIGW']",2.0,140.56144165992737,1.0,2516.351639935704,1780301.9734603309,9964.595278386132,20984.404721613864,84.83928884704677,2513.9967502863115,1770217.2814104317,10468.450326262653,0.5696866794715705,-4.813081518020656,2.460163696302642,-1.8450849077642828,-0.12659320458801027,0.0,-0.277908911276592,1.551797522778564,-0.7203946709492093,0.44569653375037266,,-0.13389761398183708,0.04272051786353703,1.6856951367604012,-0.32062942914012904,substituting
splice|002|034|WESHIGW+splice|005|006|NMURBEAN+splice|011|033|WESHIGW,3,"['splice|002|034|WESHIGW', 'splice|005|006|NMURBEAN', 'splice|011|033|WESHIGW']",2.0,75.50031399726868,1.0,2516.0166812196944,1782662.683997756,9927.340694792802,21021.6593052072,84.8012356263513,2514.4112191201166,1766664.8790660677,10529.798192230463,0.9055370444758903,-5.721453407171573,2.9504458749627593,-1.9863040058811454,-0.11012762465520964,0.0,-0.145675731312378,1.172126314448474,-0.5441389989436662,0.4006433242049523,,-0.4533594751433112,0.13832195628052935,1.6254857895917851,-0.28399768759290733,substituting
splice|001|021|PICBETS+splice|005|006|NMURBEAN+splice|008|035|BOASHAN,3,"['splice|001|021|PICBETS', 'splice|005|006|NMURBEAN', 'splice|008|035|BOASHAN']",2.0,91.75715017318726,1.0,2515.7510551541795,1786082.5211190865,9979.638282494818,20969.361717505188,85.1758172318649,2513.6833833930664,1775591.501746808,10444.810381565976,0.5908464509971845,-4.453619377256857,2.268668539101659,-1.6406022607627802,-0.1390423134429497,0.0,0.0458835176273098,1.7051047133569197,-0.7915648342531334,0.8441301896167541,,0.3561101374201181,0.14986249298352128,1.3489945759368016,-0.10397897535621148,substituting
splice|001|021|PICBETS+splice|002|034|WESHIGW+splice|005|006|NMURBEAN,3,"['splice|001|021|PICBETS', 'splice|002|034|WESHIGW', 'splice|005|006|NMURBEAN']",2.0,79.4340546131134,1.0,2515.306280244839,1784122.7055115555,9967.516210345992,20981.48378965401,85.0331999108332,2512.1624037450138,1772237.0049820554,10495.350636204108,0.6706608933279012,-5.0292214539010445,2.5806369145665142,-1.8619264596975937,-0.19946618594803844,0.0,-0.06389387600858054,1.5815655045860133,-0.7342139322537244,0.6752780417088156,,0.15155362083834056,0.10358874946220231,1.4300118837476727,-0.16748262547078285,substituting
splice|001|021|PICBETS+splice|005|006|NMURBEAN+splice|007|101|EMO4THW,3,"['splice|001|021|PICBETS', 'splice|005|006|NMURBEAN', 'splice|007|101|EMO4THW']",2.0,79.18873429298401,1.0,2515.8396135781722,1780997.3028998733,9985.029794338274,20963.970205661728,84.95515331436984,2513.512290169892,1771269.9680439876,10499.53493730606,0.549172911604634,-4.900266021685306,2.5159833833815037,-1.9185403162173431,-0.14583932424898638,0.0,-0.23896062792894135,1.7600510211368103,-0.8170726899701108,0.5828745709774097,,0.25188148588892734,-0.0273184286033179,1.508169535247883,-0.21164219932562345,substituting
splice|002|034|WESHIGW+splice|005|006|NMURBEAN+splice|008|035|BOASHAN,3,"['splice|002|034|WESHIGW', 'splice|005|006|NMURBEAN', 'splice|008|035|BOASHAN']",2.0,130.7370731830597,1.0,2515.416096438171,1784623.7809037666,9974.752693414648,20974.247306585356,85.08642788546896,2513.2084834913558,1771508.8007095344,10503.73367855371,0.7403282551562418,-5.036123356965183,2.587302981640227,-1.800393102072817,-0.15790863499457464,0.0,-0.03582656683895902,1.655314396822427,-0.7684505566687205,0.7382974406220821,,0.036648276258643975,0.2454639314005136,1.6186661205637831,-0.2812904982394726,substituting
splice|005|006|NMURBEAN+splice|007|101|EMO4THW+splice|008|035|BOASHAN,3,"['splice|005|006|NMURBEAN', 'splice|007|101|EMO4THW', 'splice|008|035|BOASHAN']",2.0,80.1861720085144,1.0,2515.949429771504,1785812.494854224,9946.896773916877,21002.103226083123,85.03017415114746,2514.862805161866,1770159.4906409702,10513.338229440087,0.884270840905188,-5.387836319552875,2.771828296450085,-1.8366487069784831,-0.09218749150043948,0.0,0.030758227545968353,1.3714274332661258,-0.6366610334249345,0.6716956856647194,,0.13697614130923075,0.11455675333499338,1.234451291956895,-0.08379852578902502,substituting
splice|002|034|WESHIGW+splice|005|006|NMURBEAN+splice|007|101|EMO4THW,3,"['splice|002|034|WESHIGW', 'splice|005|006|NMURBEAN', 'splice|007|101|EMO4THW']",2.0,83.9181981086731,1.0,2515.5046548621626,1782422.050361182,9955.320085248393,20993.679914751614,84.9027925356111,2514.8150985599555,1767420.3895533266,10560.146880911763,0.8487884883825902,-5.727446810012071,2.9664581530440826,-2.05665971486938,-0.09408272897794001,0.0,-0.15915461848049484,1.4572716028396604,-0.6765126773314423,0.5208818908766455,,-0.06758037527254679,0.06828300981367441,1.5248519781122072,-0.22743762829416925,substituting
splice|001|021|PICBETS+splice|008|035|BOASHAN+splice|011|033|WESHIGW,3,"['splice|001|021|PICBETS', 'splice|008|035|BOASHAN', 'splice|011|033|WESHIGW']",2.0,81.9945957660675,1.0,2516.558426649549,1778342.9778810786,9998.608404831688,20950.391595168312,84.88351970906402,2514.7593732842397,1770483.2864031724,10495.413224347085,0.4439291541618262,-4.733542252180389,2.4289374033251265,-1.9379369731691187,-0.09629652385644283,0.0,-0.3876403717304022,1.8984341932520632,-0.8813146405323158,0.4980637777947994,,0.39532549973244624,-0.14890918018899413,1.503108693519617,-0.2387311915414081,substituting
splice|001|021|PICBETS+splice|007|101|EMO4THW+splice|011|033|WESHIGW,3,"['splice|001|021|PICBETS', 'splice|007|101|EMO4THW', 'splice|011|033|WESHIGW']",2.0,77.65582966804504,1.0,2516.6469850735407,1776135.4252421851,9977.482055134962,20971.517944865038,84.69274517522844,2514.711629298373,1766408.654173169,10544.876288373389,0.5506523672218488,-5.380757608925446,2.7807821656909093,-2.169792593010178,-0.0981932464842572,0.0,-0.5112945431129168,1.6831300361980661,-0.7813634773823686,0.27219577262371786,,0.2910968482012555,-0.3260901017758333,1.3920331879968106,-0.18520444133708347,substituting
splice|006|021|NMURBEAN+splice|008|035|BOASHAN+splice|011|033|WESHIGW,3,"['splice|006|021|NMURBEAN', 'splice|008|035|BOASHAN', 'splice|011|033|WESHIGW']",2.0,80.68307495117188,1.0001479484765143,2517.5557467726076,1779047.5762686573,9964.642165097253,20984.35783490275,84.77970068303033,2514.811343320922,1771676.4015114503,10446.720976004775,0.41605649603497774,-4.614642355384202,2.351342552422153,-1.8908262540825782,-0.09423191314676949,0.0,-0.3481728961927999,1.5522753575185844,-0.7206164973120099,0.3751469720892464,,0.04972464921213504,-0.10140777208168528,1.5025507083064493,-0.24676512411111462,substituting
splice|007|101|EMO4THW+splice|008|035|BOASHAN+splice|011|033|WESHIGW,3,"['splice|007|101|EMO4THW', 'splice|008|035|BOASHAN', 'splice|011|033|WESHIGW']",2.0,77.900634765625,1.0,2516.7568012668726,1781892.223427849,9937.86400475274,21011.135995247263,84.8070386975228,2513.626956506707,1766566.2630474223,10549.35830857677,0.8675564965215932,-5.796507104388294,2.997573746999316,-2.068026627219255,-0.14128398116783902,0.0,-0.18883242061448202,1.27937211946767,-0.5939259751975956,0.40751388540103406,,0.1761915036215589,-0.18421491983752203,1.103180615846111,-0.004617500776959993,substituting
splice|005|021|NMURBEAN+splice|007|101|EMO4THW+splice|011|033|WESHIGW,3,"['splice|005|021|NMURBEAN', 'splice|007|101|EMO4THW', 'splice|011|033|WESHIGW']",2.0,78.31659603118896,1.0,2515.7983947174985,1778781.2520060306,9963.976381149667,20985.023618850337,84.7643197507862,2514.08270136356,1760849.3180324521,10645.008389716026,1.0183684537877102,-6.397665305969069,3.3541779450963816,-2.2600049052196924,-0.12317863100053117,0.0,-0.36309082178784813,1.5454901791194464,-0.7174665977352501,0.35693667738270207,,0.31447326668874176,-0.28521799685027327,1.2310169124307047,-0.07787282493757486,substituting
splice|006|021|NMURBEAN+splice|007|101|EMO4THW+splice|011|033|WESHIGW,3,"['splice|006|021|NMURBEAN', 'splice|007|101|EMO4THW', 'splice|011|033|WESHIGW']",2.0,79.33230495452881,1.0001831300315562,2517.6443051966,1778655.086470334,9931.619425497214,21017.38057450279,84.62781935005295,2513.197518447068,1767766.3004309786,10499.49813734008,0.6159629831556712,-5.408627197363658,2.776980660246764,-2.1026281013594383,-0.15834424268920122,0.0,-0.3701578762710489,1.2157319785030207,-0.564382160533361,0.19532667316040087,,-0.05450400231905572,-0.27858869366852446,1.2702359808220764,-0.09156918260252445,substituting
splice|001|021|PICBETS+splice|002|011|HIGFITN+splice|008|035|BOASHAN,3,"['splice|001|021|PICBETS', 'splice|002|011|HIGFITN', 'splice|008|035|BOASHAN']",2.0,76.15551900863647,1.0,2515.0498969576447,1775452.0221726124,10070.267616396015,20878.73238360399,85.03638964053535,2513.817104507784,1774574.4569395082,10554.51097030997,0.04945215060840891,-4.588022649994306,2.3743833601763686,-2.2710087555676273,-0.13372998227713095,0.0,-0.5495747810557949,2.628731966530129,-1.220342520363904,0.6790545304800055,,0.9500237857205773,-0.1966164149261429,1.6787081808095516,-0.35295836612965203,substituting
splice|001|021|PICBETS+splice|002|033|WESHIGW+splice|008|035|BOASHAN,3,"['splice|001|021|PICBETS', 'splice|002|033|WESHIGW', 'splice|008|035|BOASHAN']",2.0,80.31662034988403,1.0,2516.764519641333,1770181.1733307375,10164.489787384988,20784.510212615016,85.16828903941831,2513.478697719131,1775706.5219559919,10540.553907856975,-0.3111633908495226,-3.5677832850099733,1.8426886533843723,-2.114881365283283,-0.14717384964155755,0.0,-0.8448168670389444,3.588974762460184,-1.6661183273562696,0.8352171666033303,,2.1113954595124884,-0.636481349646778,1.4775793029476958,-0.20833551739216638,substituting
splice|001|021|PICBETS+splice|002|011|HIGFITN+splice|007|101|EMO4THW,3,"['splice|001|021|PICBETS', 'splice|002|011|HIGFITN', 'splice|007|101|EMO4THW']",2.0,79.3440809249878,1.0,2515.138455381637,1774170.12540213,10045.506235294633,20903.493764705374,84.87433466254994,2514.7041902098713,1770579.981316711,10603.811847796811,0.20276655803761479,-5.265140692006698,2.7441653934359156,-2.4735213193533445,-0.09848877873266382,0.0,-0.6213791313390948,2.3763822533966694,-1.1031936102203876,0.4871891181018828,,0.8457951341893866,-0.3737973365129821,1.5305871192072829,-0.24758179482611276,substituting
splice|001|021|PICBETS+splice|002|033|WESHIGW+splice|007|101|EMO4THW,3,"['splice|001|021|PICBETS', 'splice|002|033|WESHIGW', 'splice|007|101|EMO4THW']",2.0,78.84720087051392,1.0,2516.8530780653255,1767809.8588157403,10146.030603084391,20802.96939691561,84.97872707911823,2515.3597905370702,1771656.202349299,10589.484179930187,-0.2171043980462084,-4.1876787321355575,2.178114552255961,-2.3441604504036984,-0.07244378159172449,0.0,-0.9776440197297509,3.4008523857695927,-1.5787858270365551,0.6107847910211461,,2.0071668079812977,-0.8136622712336172,1.393685577788295,-0.16398174849613367,substituting
splice|002|034|WESHIGW+splice|005|021|NMURBEAN+splice|008|035|BOASHAN,3,"['splice|002|034|WESHIGW', 'splice|005|021|NMURBEAN', 'splice|008|035|BOASHAN']",2.0,78.32333374023438,1.0,2514.664476602641,1781190.725214893,10013.536960945125,20935.463039054877,85.08007307467244,2514.744559895477,1766651.4347811195,10625.730086555506,0.8229857994355827,-5.7614217623029536,3.0122767065421607,-2.125271838562859,-0.09688501451450282,0.0,-0.22812624252437352,2.0505750143677615,-0.9519433373543773,0.7307736458629366,,0.7041531530401102,-0.04716884366476881,1.3464218613276513,-0.1809573988596047,substituting
splice|005|021|NMURBEAN+splice|007|101|EMO4THW+splice|008|035|BOASHAN,3,"['splice|005|021|NMURBEAN', 'splice|007|101|EMO4THW', 'splice|008|035|BOASHAN']",2.0,82.85797309875488,1.0,2515.1978099359744,1781504.5577731777,9996.364683117403,20952.6353168826,85.02532167577648,2512.5969240598442,1765300.270709581,10633.604857538641,0.9179337550933031,-5.992701280125812,3.136735317982242,-2.151320338042617,-0.1822040219619514,0.0,-0.21054718041556564,1.8755678382360585,-0.8706993379198336,0.6659505848373382,,0.8044810180906969,-0.17807602173028902,1.0710868201453616,-0.03247115868527661,substituting
splice|002|034|WESHIGW+splice|006|021|NMURBEAN+splice|008|035|BOASHAN,3,"['splice|002|034|WESHIGW', 'splice|006|021|NMURBEAN', 'splice|008|035|BOASHAN']",2.0,84.28358888626099,1.0,2516.510387081742,1781620.0492763491,9983.587090491697,20965.412909508304,84.97901076245167,2514.1009131562673,1773495.4386373728,10474.868633926857,0.4581128579173921,-4.690097418920914,2.3995232552294743,-1.895917417967985,-0.12245513214106385,0.0,-0.20407802272720543,1.7453480487812145,-0.8102470939908568,0.6111206586410844,,0.3351758840323127,-0.04053954048302,1.4101721647489018,-0.16353848224418543,substituting
splice|006|021|NMURBEAN+splice|007|101|EMO4THW+splice|008|035|BOASHAN,3,"['splice|006|021|NMURBEAN', 'splice|007|101|EMO4THW', 'splice|008|035|BOASHAN']",2.0,138.5817084312439,1.0,2517.0437204150753,1780765.14111832,9977.255828043833,20971.74417195617,84.91259127123982,2513.6995923901604,1772170.3551507348,10485.368822737586,0.48498644290064785,-4.845923908674599,2.48300504584118,-1.9496096958191544,-0.13839837953160128,0.0,-0.2519649713900618,1.6808244967244867,-0.7802931712850514,0.5324831293918919,,0.43550374908289946,-0.1714467185485402,1.2453207476415873,-0.08051825284152159,substituting
splice|002|034|WESHIGW+splice|007|101|EMO4THW+splice|008|035|BOASHAN,3,"['splice|002|034|WESHIGW', 'splice|007|101|EMO4THW', 'splice|008|035|BOASHAN']",2.0,80.48424410820007,1.0,2515.7114415760075,1780414.4663365134,9994.562989163573,20954.43701083643,84.96598908459269,2514.5218167791636,1768599.6219634702,10577.056999385668,0.6680338628550997,-5.507146366479143,2.859295307298515,-2.130348490038636,-0.10573391770576368,0.0,-0.27160771911215464,1.8572063037747055,-0.8621753189146153,0.5957036092957058,,0.46164273844173653,-0.12334668823885675,1.395563565332969,-0.1482610308732979,substituting
splice|002|011|HIGFITN+splice|005|021|NMURBEAN+splice|007|101|EMO4THW,3,"['splice|002|011|HIGFITN', 'splice|005|021|NMURBEAN', 'splice|007|101|EMO4THW']",2.0,78.29026222229004,1.0,2514.2898650255943,1777916.071318054,10023.477218880722,20925.522781119278,84.96399778944762,2514.40777078256,1764276.3733586557,10696.5382535157,0.7731043823611561,-6.292325785061903,3.3233541831121816,-2.468222040325363,-0.1102646165664023,0.0,-0.4115531774223302,2.151878783662786,-0.9989718281696924,0.5933460102331756,,0.8691715526768728,-0.33292523158742204,1.2827072309859133,-0.07862794583490818,substituting
splice|002|033|WESHIGW+splice|005|021|NMURBEAN+splice|007|101|EMO4THW,3,"['splice|002|033|WESHIGW', 'splice|005|021|NMURBEAN', 'splice|007|101|EMO4THW']",2.0,77.98464751243591,1.0,2516.004487709283,1769267.0750955772,10140.348484603579,20808.651515396425,85.02555169355821,2515.2046487731814,1765575.4040311575,10682.188824328598,0.2090916681321442,-5.072371857825441,2.673535244535441,-2.4002714726183094,-0.07860708967637464,0.0,-0.896019297205064,3.3429444297168764,-1.5519030782670806,0.6662229149878351,,2.030543226468784,-0.7727901663080572,1.3124012032480925,-0.12322913089700682,substituting
splice|002|034|WESHIGW+splice|006|021|NMURBEAN+splice|007|101|EMO4THW,3,"['splice|002|034|WESHIGW', 'splice|006|021|NMURBEAN', 'splice|007|101|EMO4THW']",2.0,80.68047881126404,1.0,2516.5989455057347,1779719.05623647,9961.851508896743,20987.148491103257,84.80042236280538,2516.3248805229337,1769567.9623448553,10529.263856391388,0.5736481507137681,-5.388908049352558,2.778744757053331,-2.1454792151353153,-0.03410370627485726,0.0,-0.31056052058873185,1.523835050058775,-0.707413585441452,0.3996804587160341,,0.23094723250112192,-0.21772046206985918,1.292887817557653,-0.09284005851887267,substituting
splice|001|021|PICBETS+splice|005|006|NMURBEAN+splice|008|035|BOASHAN+splice|033|034|WESHIGW,4,"['splice|001|021|PICBETS', 'splice|005|006|NMURBEAN', 'splice|008|035|BOASHAN', 'splice|033|034|WESHIGW']",2.0,73.8173394203186,1.0,2516.309388487513,1785089.4719180746,10018.597071918426,20930.402928081574,85.28691387603837,2513.012855795863,1780224.7533600633,10419.028706147279,0.2732642914232919,-3.843272204371573,1.950473424912924,-1.6451214762871147,-0.16568032539560074,0.0,-0.009741283308239979,2.102143929175382,-0.9758832978638776,0.9756633502339573,,-0.12861986429177907,0.2676055359566609,2.230763793467161,-0.2773468192649009,substituting
splice|001|021|PICBETS+splice|005|006|NMURBEAN+splice|007|101|EMO4THW+splice|033|034|WESHIGW,4,"['splice|001|021|PICBETS', 'splice|005|006|NMURBEAN', 'splice|007|101|EMO4THW', 'splice|033|034|WESHIGW']",2.0,83.44055271148682,1.0,2516.3979469115056,1781047.6538524553,10013.509966487409,20935.490033512593,85.0731294563172,2513.9230762180537,1775942.6125628778,10475.712513946863,0.2874553070276509,-4.41213470533961,2.257588322218962,-1.9266374725984359,-0.1295200501332694,0.0,-0.23614026242093633,2.0502999067866012,-0.9518156235048036,0.7225527308643009,,-0.23284851582296984,0.09042461436982174,2.283148422609571,-0.3265648767907581,substituting
splice|005|006|NMURBEAN+splice|007|101|EMO4THW+splice|008|035|BOASHAN+splice|033|034|WESHIGW,4,"['splice|005|006|NMURBEAN', 'splice|007|101|EMO4THW', 'splice|008|035|BOASHAN', 'splice|033|034|WESHIGW']",2.0,81.66757798194885,1.0,2516.5077631048375,1784191.4624254017,9999.963250219631,20949.03674978037,85.16818619090479,2514.3057945261107,1775143.177230463,10481.692721605285,0.5097214304175646,-4.595912932962564,2.353653388954413,-1.801530182347022,-0.1143158215421769,0.0,-0.06004251633603408,1.9122417770693012,-0.8877245681514712,0.8350953988384369,,-0.3477538604026664,0.23229979630813302,2.2599956374719676,-0.2923423126441671,substituting
splice|001|021|PICBETS+splice|002|011|HIGFITN+splice|008|035|BOASHAN+splice|033|034|WESHIGW,4,"['splice|001|021|PICBETS', 'splice|002|011|HIGFITN', 'splice|008|035|BOASHAN', 'splice|033|034|WESHIGW']",2.0,73.94775605201721,1.0,2515.608230290978,1776348.0279072367,10088.46408833906,20860.535911660943,85.15351836739086,2515.2950460060856,1779051.3109536387,10528.536945482036,-0.15195081950463152,-4.179810161865061,2.155058168701074,-2.2583404381170014,-0.07501588391447545,0.0,-0.49938578681986145,2.814176972851379,-1.3064320986413414,0.817729391066413,,0.46529378400868016,-0.07887337195300326,2.3488831888426986,-0.4205124148668582,substituting
splice|001|021|PICBETS+splice|002|011|HIGFITN+splice|007|101|EMO4THW+splice|033|034|WESHIGW,4,"['splice|001|021|PICBETS', 'splice|002|011|HIGFITN', 'splice|007|101|EMO4THW', 'splice|033|034|WESHIGW']",2.0,72.76648235321045,1.0,2515.696788714971,1774763.292828256,10073.446268676478,20875.55373132352,85.01634570608992,2514.7118754093513,1775064.042360657,10580.35277748618,-0.016943024320459354,-4.791017081097171,2.4886606521880683,-2.444761850300392,-0.09818346924732602,0.0,-0.5881533657213445,2.6611264435522974,-1.2353810858161896,0.6553234621977433,,0.3610651324774894,-0.25605429353984244,2.300061311074808,-0.33209907218150203,substituting
splice|005|021|NMURBEAN+splice|007|101|EMO4THW+splice|008|035|BOASHAN+splice|033|034|WESHIGW,4,"['splice|005|021|NMURBEAN', 'splice|007|101|EMO4THW', 'splice|008|035|BOASHAN', 'splice|033|034|WESHIGW']",2.0,78.28569555282593,1.0,2515.756143269308,1780868.2837472581,10032.430065566386,20916.569934433614,85.14150691674969,2515.135301498999,1770302.5018752713,10601.807224942804,0.5968348268611923,-5.370566991982717,2.7983081777963603,-2.1415462860804646,-0.08136204491796528,0.0,-0.24618752532111765,2.2431195865729725,-1.0413287640616442,0.8035084028611861,,0.31975101637879977,-0.06033297875714938,1.9233685701941727,-0.18585454656396827,substituting
splice|006|021|NMURBEAN+splice|007|101|EMO4THW+splice|008|035|BOASHAN+splice|033|034|WESHIGW,4,"['splice|006|021|NMURBEAN', 'splice|007|101|EMO4THW', 'splice|008|035|BOASHAN', 'splice|033|034|WESHIGW']",2.0,82.52618050575256,1.0001663448226161,2517.6020537484087,1780598.581833365,10010.302161539817,20938.697838460186,85.03864927850302,2514.6886207091056,1777306.0746398496,10450.943580751962,0.18525268328823952,-4.216283590160186,2.1496741456832558,-1.923081477081745,-0.09910730740951834,0.0,-0.2612946471605593,2.017608327306508,-0.936639133468764,0.6817298347247869,,-0.04922625262899771,-0.05370367557540057,2.066834579935506,-0.2075909715851587,substituting
splice|002|011|HIGFITN+splice|005|021|NMURBEAN+splice|007|101|EMO4THW+splice|033|034|WESHIGW,4,"['splice|002|011|HIGFITN', 'splice|005|021|NMURBEAN', 'splice|007|101|EMO4THW', 'splice|033|034|WESHIGW']",2.0,80.08735537528992,1.0,2514.8481983589277,1778643.5627468936,10048.812987953877,20900.187012046128,85.1018013246363,2515.6568026762966,1769146.3424536192,10667.452517369253,0.5368250248932283,-5.799318332170467,3.0502580236798416,-2.4390361043143183,-0.060644397125231286,0.0,-0.3708033677751521,2.41008223489394,-1.1188382331337343,0.7564988638808945,,0.3844415509649757,-0.2151821886142824,2.0256406839289642,-0.1556211791608697,substituting
splice|001|021|PICBETS+splice|005|006|NMURBEAN+splice|008|035|BOASHAN+splice|011|034|WESHIGW,4,"['splice|001|021|PICBETS', 'splice|005|006|NMURBEAN', 'splice|008|035|BOASHAN', 'splice|011|034|WESHIGW']",2.0,75.57780838012695,1.0,2514.8010551541797,1785160.6918347245,10005.904310107064,20943.09568989294,85.23862557225657,2513.859281304788,1774576.0938427756,10475.927707306459,0.5964578261069997,-4.486699510837367,2.2958127167222564,-1.661216471607796,-0.13205442704657955,0.0,-0.005751960641986464,1.9727886727438193,-0.9158323981654837,0.9184922874667878,,-0.22844175164238312,0.25185025027618657,2.2012304243862024,-0.25760221091817304,substituting
splice|001|021|PICBETS+splice|005|006|NMURBEAN+splice|007|101|EMO4THW+splice|011|034|WESHIGW,4,"['splice|001|021|PICBETS', 'splice|005|006|NMURBEAN', 'splice|007|101|EMO4THW', 'splice|011|034|WESHIGW']",2.0,76.85083150863647,1.0,2514.889613578172,1782245.7064150777,9987.214106168178,20961.785893831824,85.02356218319728,2514.0982524691317,1770299.9075258737,10533.226941730602,0.6747895561887596,-5.183718518388957,2.6744656398953515,-1.9475884985074465,-0.12256083310849819,0.0,-0.16903237366950874,1.7823119144776634,-0.8274069176627874,0.6638674290251334,,-0.3326704031735739,0.07466932868934739,2.1149823176512372,-0.24370170235885613,substituting
splice|005|006|NMURBEAN+splice|007|101|EMO4THW+splice|008|035|BOASHAN+splice|011|034|WESHIGW,4,"['splice|005|006|NMURBEAN', 'splice|007|101|EMO4THW', 'splice|008|035|BOASHAN', 'splice|011|034|WESHIGW']",2.0,82.09116435050964,1.0,2514.999429771504,1784823.0006265016,9973.128944246006,20975.871055753993,85.08933888287315,2513.3026377522756,1769282.7089441055,10538.771694542906,0.8783385268977373,-5.3672549960428135,2.771369050025063,-1.8419823931759338,-0.15416817399306337,0.0,-0.02466744460385417,1.6387663442226863,-0.760768414680213,0.7417439235646528,,-0.44757574775327047,0.21654451062765867,2.0863420919759568,-0.24121195523151284,substituting
splice|001|021|PICBETS+splice|002|033|WESHIGW+splice|008|035|BOASHAN+splice|011|034|WESHIGW,4,"['splice|001|021|PICBETS', 'splice|002|033|WESHIGW', 'splice|008|035|BOASHAN', 'splice|011|034|WESHIGW']",2.0,73.28357076644897,1.0,2515.814519641333,1771032.533531126,10170.276393576762,20778.723606423242,85.23297999804252,2514.1670371297196,1774490.6698550538,10567.349895551488,-0.19488050191946993,-3.75755043506113,1.9481911422277953,-2.102118360449823,-0.11982822878536803,0.0,-0.797128654186241,3.647947580112465,-1.6934954193698504,0.9118081952028234,,1.5268435704499872,-0.5344935923541128,2.121104009662478,-0.26263506183212826,substituting
splice|001|021|PICBETS+splice|002|033|WESHIGW+splice|007|101|EMO4THW+splice|011|034|WESHIGW,4,"['splice|001|021|PICBETS', 'splice|002|033|WESHIGW', 'splice|007|101|EMO4THW', 'splice|011|034|WESHIGW']",2.0,73.39087724685669,1.0,2515.9030780653256,1767919.0839638303,10160.826152102867,20788.173847897135,85.04446311154298,2513.8772053044418,1770392.2659047283,10620.46068235628,-0.13969683377679232,-4.3278210239693475,2.261030775853534,-2.3476465975514005,-0.1313423613254927,0.0,-0.9715258665572102,3.5516376967818397,-1.6487852521652524,0.6886131374630233,,1.4226149189187964,-0.7116745139409519,2.1290227778630433,-0.25985135261625825,substituting
splice|005|021|NMURBEAN+splice|007|101|EMO4THW+splice|008|035|BOASHAN+splice|011|034|WESHIGW,4,"['splice|005|021|NMURBEAN', 'splice|007|101|EMO4THW', 'splice|008|035|BOASHAN', 'splice|011|034|WESHIGW']",2.0,78.8306736946106,1.0,2514.247809935974,1781155.8500266003,10012.875886508129,20936.124113491875,85.0757208149511,2514.4117052176766,1764303.315298474,10658.364792937682,0.9551948682517519,-6.05617202047034,3.1812158655579736,-2.1573897716098522,-0.11010831348491346,0.0,-0.23007974634310369,2.043837831823181,-0.9488157190078561,0.7256207766540346,,0.21992912902819572,-0.07608826443762373,1.8239087027949852,-0.15399148190547995,substituting
splice|006|021|NMURBEAN+splice|007|101|EMO4THW+splice|008|035|BOASHAN+splice|011|034|WESHIGW,4,"['splice|006|021|NMURBEAN', 'splice|007|101|EMO4THW', 'splice|008|035|BOASHAN', 'splice|011|034|WESHIGW']",2.0,80.80850219726562,1.0,2516.0937204150755,1781661.9678363064,9979.975342372727,20969.024657627273,84.96637287267649,2515.585042610984,1771163.3249949403,10509.789003967953,0.5927540782494578,-5.041144607139081,2.592143413452108,-1.94887178362676,-0.06349520518367235,0.0,-0.20172999047386453,1.7085397787577783,-0.7931595028699223,0.5961579961949903,,-0.14904813997960176,-0.06945896125587492,1.85758791873738,-0.1322710292179896,substituting
splice|002|033|WESHIGW+splice|005|021|NMURBEAN+splice|007|101|EMO4THW+splice|011|034|WESHIGW,4,"['splice|002|033|WESHIGW', 'splice|005|021|NMURBEAN', 'splice|007|101|EMO4THW', 'splice|011|034|WESHIGW']",2.0,78.06765818595886,1.0,2515.054487709283,1770692.7716890555,10144.78222638335,20804.217773616652,85.11220133133774,2512.7475601077203,1764160.2526366697,10714.778701032032,0.37029056984037023,-5.319722325144993,2.816992392377138,-2.3796667900958357,-0.1762197122026521,0.0,-0.8161601229305981,3.388129852196009,-1.5728796148839819,0.7688119788454406,,1.4459913374062827,-0.6708024090153919,1.9421385147897263,-0.14535771391520624,substituting
splice|001|021|PICBETS+splice|005|006|NMURBEAN+splice|008|035|BOASHAN+splice|011|033|WESHIGW,4,"['splice|001|021|PICBETS', 'splice|005|006|NMURBEAN', 'splice|008|035|BOASHAN', 'splice|011|033|WESHIGW']",2.0,79.34154653549194,1.0,2515.979748178378,1779782.3191747013,10050.705603988426,20898.294396011577,85.16399881486842,2515.4817236545655,1771965.6724570955,10488.033281216432,0.4411285635554707,-4.169777740992098,2.1373754389939714,-1.6607504041962207,-0.067599751525238,0.0,-0.3070169012573398,2.4293703800678745,-1.1277924148435536,0.8301377440968816,,0.12291168820306453,0.0760898434866375,2.30645869186481,-0.3831067447439773,substituting
splice|001|021|PICBETS+splice|005|006|NMURBEAN+splice|007|101|EMO4THW+splice|011|033|WESHIGW,4,"['splice|001|021|PICBETS', 'splice|005|006|NMURBEAN', 'splice|007|101|EMO4THW', 'splice|011|033|WESHIGW']",2.0,79.28765225410461,1.0,2516.0683066023707,1777472.0692713652,10031.847889766996,20917.152110233004,84.97677216784199,2513.9210468806273,1767758.0788268894,10541.778157238608,0.549509039773266,-4.83723201025118,2.4987735782981746,-1.9017442555406716,-0.12960066950650218,0.0,-0.4364235719978238,2.237186480686515,-1.038574424142913,0.6084702687346955,,0.018683036671873765,-0.10109107810020168,2.218503444014641,-0.3353324938976221,substituting
splice|005|006|NMURBEAN+splice|007|101|EMO4THW+splice|008|035|BOASHAN+splice|011|033|WESHIGW,4,"['splice|005|006|NMURBEAN', 'splice|007|101|EMO4THW', 'splice|008|035|BOASHAN', 'splice|011|033|WESHIGW']",2.0,81.24284386634827,1.0,2516.178122795702,1781012.7282160693,10012.152796605587,20936.847203394416,85.06594669742444,2513.2722403097064,1767062.662342161,10550.152165352212,0.789449416322241,-5.099446532282926,2.6374007645315167,-1.8004658481646563,-0.1553757714758075,0.0,-0.23809659204643285,2.0364686334441107,-0.9453946984407158,0.7140486848047134,,-0.09622230790782282,0.0407841038381096,2.1326909413519335,-0.27888069588454245,substituting
splice|001|021|PICBETS+splice|002|011|HIGFITN+splice|005|006|NMURBEAN+splice|008|035|BOASHAN,4,"['splice|001|021|PICBETS', 'splice|002|011|HIGFITN', 'splice|005|006|NMURBEAN', 'splice|008|035|BOASHAN']",2.0,77.08343148231506,1.0,2514.4712184864743,1778632.7681352068,10113.401107264084,20835.59889273592,85.36508968577358,2514.630115539281,1776209.7212936883,10548.025506837364,0.1364167087067658,-4.1204337180598465,2.1304099944781774,-1.9523991785396877,-0.10143153898414248,0.0,-0.3714080187085078,3.0683166569977827,-1.4244119713040737,1.0682198033543866,,0.6776099741911956,0.028382608749488725,2.390706682806587,-0.39979062745799654,substituting
splice|001|021|PICBETS+splice|002|033|WESHIGW+splice|005|006|NMURBEAN+splice|008|035|BOASHAN,4,"['splice|001|021|PICBETS', 'splice|002|033|WESHIGW', 'splice|005|006|NMURBEAN', 'splice|008|035|BOASHAN']",2.0,78.78165912628174,1.0,2516.1858411701623,1772558.7808204838,10210.68021632984,20738.319783670162,85.47263227256424,2513.8585797078413,1777389.5400977386,10530.448180737545,-0.27178956375478736,-3.0366035606407493,1.56606583678498,-1.8095171703245483,-0.13208229934882354,0.0,-0.7116372187544129,4.059713508656171,-1.8846505000083336,1.1955451284959562,,1.8389816479831067,-0.4114823259711464,2.220731860673064,-0.30015489278326646,substituting
splice|001|021|PICBETS+splice|002|011|HIGFITN+splice|005|006|NMURBEAN+splice|007|101|EMO4THW,4,"['splice|001|021|PICBETS', 'splice|002|011|HIGFITN', 'splice|005|006|NMURBEAN', 'splice|007|101|EMO4THW']",2.0,75.96275305747986,1.0,2514.559776910466,1776374.4665201542,10099.479012709005,20849.520987290995,85.19977353930378,2513.3867286377285,1772063.6363572911,10602.766362756916,0.24326610367810808,-4.746755071541974,2.473614325978546,-2.1765097649483645,-0.150827500139894,0.0,-0.49790485054898026,2.9264329489442353,-1.3585449585811649,0.8724933220731534,,0.5733813226600049,-0.14879831283735045,2.3530516262842305,-0.3491065377116298,substituting
splice|001|021|PICBETS+splice|002|033|WESHIGW+splice|005|006|NMURBEAN+splice|007|101|EMO4THW,4,"['splice|001|021|PICBETS', 'splice|002|033|WESHIGW', 'splice|005|006|NMURBEAN', 'splice|007|101|EMO4THW']",2.0,75.64221143722534,1.0,2516.274399594155,1768433.5080287945,10208.861210178495,20740.138789821507,85.26623307345832,2515.009400774039,1773173.1270828757,10585.193328481186,-0.26729589918151886,-3.555269201272948,1.8480440537133935,-2.0769568748706613,-0.08636369590194759,0.0,-0.9427108429099107,4.04117554106056,-1.8760445750277466,0.9511782602684482,,1.734752996451916,-0.5886632475579856,2.306422544608644,-0.3540475953519251,substituting
splice|002|034|WESHIGW+splice|005|006|NMURBEAN+splice|007|101|EMO4THW+splice|008|035|BOASHAN,4,"['splice|002|034|WESHIGW', 'splice|005|006|NMURBEAN', 'splice|007|101|EMO4THW', 'splice|008|035|BOASHAN']",2.0,78.38267731666565,1.0,2515.1327631048375,1781531.8972938824,10047.171585556873,20901.82841444313,85.23330409041377,2516.196634494149,1769116.7458239882,10574.216652289317,0.7017711804040205,-4.984246909848766,2.586751759456929,-1.837450301061061,-0.03919852901130838,0.0,-0.20901578056617964,2.3933542736253477,-1.1110725717141001,0.912191905208104,,0.18922892691235482,0.10165233543677488,2.204125346712993,-0.3106681160029545,substituting
splice|001|021|PICBETS+splice|002|034|WESHIGW+splice|008|035|BOASHAN+splice|011|033|WESHIGW,4,"['splice|001|021|PICBETS', 'splice|002|034|WESHIGW', 'splice|008|035|BOASHAN', 'splice|011|033|WESHIGW']",2.0,73.920090675354,1.0,2515.7417599828823,1777740.8813081677,10066.524456026558,20882.475543973444,85.13075365823728,2514.7674097047216,1769175.351853748,10561.937473081425,0.4841537864205936,-4.690550557769313,2.4300362860060876,-1.8997186471282568,-0.09597726143421026,0.0,-0.42136629586186913,2.590584439880561,-1.2026332029401954,0.7907770544969495,,0.4475782853355703,-0.16181359808721263,2.1430061545449908,-0.2595526977746565,substituting
splice|001|021|PICBETS+splice|002|034|WESHIGW+splice|007|101|EMO4THW+splice|011|033|WESHIGW,4,"['splice|001|021|PICBETS', 'splice|002|034|WESHIGW', 'splice|007|101|EMO4THW', 'splice|011|033|WESHIGW']",2.0,77.3354811668396,1.0,2515.830318406874,1776878.809087355,10035.904618363655,20913.095381636344,84.96488810774616,2515.644694932229,1765117.388864933,10613.196682541218,0.6663251009036308,-5.439379684041967,2.8387964574870805,-2.112501732244154,-0.06112540078941908,0.0,-0.46965453336905716,2.2785296631784746,-1.0577672685121775,0.5944001048967307,,0.34334963380437955,-0.3389945196740518,1.935180029374095,-0.13066001369500535,substituting
splice|005|021|NMURBEAN+splice|007|101|EMO4THW+splice|008|035|BOASHAN+splice|011|033|WESHIGW,4,"['splice|005|021|NMURBEAN', 'splice|007|101|EMO4THW', 'splice|008|035|BOASHAN', 'splice|011|033|WESHIGW']",2.0,77.15272116661072,1.0,2515.4265029601725,1777173.6309168905,10049.881049191941,20899.11895080806,85.03581586860035,2514.703686036838,1762407.2364445853,10667.222138998199,0.8378537132027741,-5.787271341705036,3.043821375212308,-2.140805370539367,-0.09850880798625283,0.0,-0.45314034095778055,2.4209671264083132,-1.1238913523234029,0.6783752117063058,,0.5712825688736434,-0.2518486712271728,1.8496845575346699,-0.20129166973060775,substituting
splice|006|021|NMURBEAN+splice|007|101|EMO4THW+splice|008|035|BOASHAN+splice|011|033|WESHIGW,4,"['splice|006|021|NMURBEAN', 'splice|007|101|EMO4THW', 'splice|008|035|BOASHAN', 'splice|011|033|WESHIGW']",2.0,85.52645587921143,1.0000353888033349,2517.2724134392743,1777460.6524241995,10020.906614972511,20928.09338502749,84.93180050963657,2515.0708032895855,1769255.7523680807,10519.030058579703,0.46374867201290915,-4.735450329861013,2.4381995912645893,-1.927455702198888,-0.08392436163759953,0.0,-0.4370630769188866,2.1256810866861597,-0.9868100087209064,0.5552259571178775,,0.2023052998658459,-0.245219368045424,1.9233757868203138,-0.19184370887346258,substituting
splice|002|034|WESHIGW+splice|005|021|NMURBEAN+splice|007|101|EMO4THW+splice|011|033|WESHIGW,4,"['splice|002|034|WESHIGW', 'splice|005|021|NMURBEAN', 'splice|007|101|EMO4THW', 'splice|011|033|WESHIGW']",2.0,76.83945727348328,1.0,2514.9817280508314,1778325.8046242124,10034.931985670524,20914.068014329478,85.03012438353817,2513.6331053175386,1759702.3105450438,10714.528734665131,1.0583320808052132,-6.342759124774955,3.3586088812652903,-2.2255299537772832,-0.14103970770747987,0.0,-0.38860231701329795,2.26861730893253,-1.053165632621833,0.6716367631743436,,0.36672605229186583,-0.29812241474849177,1.9018912566406643,-0.09047990226480618,substituting
splice|001|021|PICBETS+splice|002|011|HIGFITN+splice|007|101|EMO4THW+splice|008|035|BOASHAN,4,"['splice|001|021|PICBETS', 'splice|002|011|HIGFITN', 'splice|007|101|EMO4THW', 'splice|008|035|BOASHAN']",2.0,77.20209980010986,1.0,2514.7665636243114,1773574.6748631415,10130.76047762171,20818.23952237829,85.19330719375482,2514.874229164532,1772179.9946429962,10624.884565604701,0.07869856472599857,-4.650630177974724,2.431220633330833,-2.2966845987573037,-0.09173365079226947,0.0,-0.6547327835694672,3.2452305420508365,-1.506541126775962,0.8648374754539834,,1.1026044363742882,-0.3404280108898816,2.1426261056765483,-0.31430477267958556,substituting
splice|001|021|PICBETS+splice|002|033|WESHIGW+splice|007|101|EMO4THW+splice|008|035|BOASHAN,4,"['splice|001|021|PICBETS', 'splice|002|033|WESHIGW', 'splice|007|101|EMO4THW', 'splice|008|035|BOASHAN']",2.0,77.29640555381775,1.0,2516.481186308,1766863.8457996917,10239.170417637253,20709.82958236275,85.31522863444603,2515.3795325771725,1773322.8138886264,10612.259166011347,-0.36422968442904047,-3.51563924832341,1.8345552584834834,-2.1591737081105733,-0.07165949068048683,0.0,-1.0306341290279852,4.350064604081916,-2.0194408826314847,1.0091866820427509,,2.2639761101661993,-0.7802929456105168,2.0860884939157165,-0.25034118341746847,substituting
splice|002|034|WESHIGW+splice|005|021|NMURBEAN+splice|007|101|EMO4THW+splice|008|035|BOASHAN,4,"['splice|002|034|WESHIGW', 'splice|005|021|NMURBEAN', 'splice|007|101|EMO4THW', 'splice|008|035|BOASHAN']",2.0,78.98352694511414,1.0,2514.381143269308,1777372.8013814255,10095.292164533526,20853.707835466474,85.23054103398336,2513.898987508106,1764351.4080110441,10694.853216983243,0.7380272042892155,-5.6060708855510395,2.960189134960012,-2.1582729687471436,-0.13047702095174696,0.0,-0.44198397787857946,2.883763683781293,-1.338736503685789,0.9089205773659348,,0.856733803693821,-0.19098043962850753,2.027029880087472,-0.25100353825007193,substituting
splice|002|011|HIGFITN+splice|006|021|NMURBEAN+splice|007|101|EMO4THW+splice|008|035|BOASHAN,4,"['splice|002|011|HIGFITN', 'splice|006|021|NMURBEAN', 'splice|007|101|EMO4THW', 'splice|008|035|BOASHAN']",2.0,85.48264074325562,1.0,2515.76388374737,1777539.4955326095,10072.369224191005,20876.630775809,85.14494099269844,2514.5303104086697,1772646.9180817397,10570.615846229122,0.27600405929479876,-4.713506093553277,2.4449760995693293,-2.1172068390805543,-0.10539649176647403,0.0,-0.43264674769171174,2.6501500014133095,-1.230285465861336,0.8075741860061214,,0.757003585853977,-0.29292660278257276,1.8931464155593325,-0.13972014490913898,substituting
splice|002|033|WESHIGW+splice|006|021|NMURBEAN+splice|007|101|EMO4THW+splice|008|035|BOASHAN,4,"['splice|002|033|WESHIGW', 'splice|006|021|NMURBEAN', 'splice|007|101|EMO4THW', 'splice|008|035|BOASHAN']",2.0,79.52799129486084,1.0001172632496873,2517.478506431058,1768524.318933008,10199.10181588697,20749.898184113033,85.23050586759322,2513.6768226027525,1773997.6674954102,10558.840510327651,-0.30853189170928497,-3.406990512725505,1.7642760206112662,-2.03687187034155,-0.13930295358890454,0.0,-0.9376241478453506,3.9417150004816826,-1.8298717706824563,0.9088789420269361,,1.918375259645888,-0.7327915375032079,2.0233397408357945,-0.20483261034214273,substituting
splice|001|021|PICBETS+splice|005|006|NMURBEAN+splice|007|101|EMO4THW+splice|008|035|BOASHAN+splice|033|034|WESHIGW,5,"['splice|001|021|PICBETS', 'splice|005|006|NMURBEAN', 'splice|007|101|EMO4THW', 'splice|008|035|BOASHAN', 'splice|033|034|WESHIGW']",2.0,76.96612668037415,1.0,2516.0260551541796,1781000.7193461093,10103.173878607276,20845.826121392725,85.43680202332607,2513.9561194124353,1777696.25070561,10492.317608664374,0.1858848855189832,-3.7088443618571887,1.9022817219957133,-1.6843556468728593,-0.12820734501783893,0.0,-0.23876925861754383,2.9640882940026536,-1.3760257893690842,1.1531238117850728,,0.023960786361931774,0.12379393999292221,2.940127507640722,-0.36256319861046604,substituting
splice|002|011|HIGFITN+splice|005|006|NMURBEAN+splice|007|101|EMO4THW+splice|008|035|BOASHAN+splice|033|034|WESHIGW,5,"['splice|002|011|HIGFITN', 'splice|005|006|NMURBEAN', 'splice|007|101|EMO4THW', 'splice|008|035|BOASHAN', 'splice|033|034|WESHIGW']",2.0,78.94156122207642,1.0,2515.2279264371314,1781725.948493983,10100.032426803711,20848.967573196296,85.45871359043183,2514.1945931917558,1775899.4853750959,10571.156312127969,0.3280851853874056,-4.456692072406032,2.3119417959057698,-1.9390274250446815,-0.11873351066645776,0.0,-0.1981461687021402,2.932072936773311,-1.3611632236038784,1.1790660686096466,,-0.026254023631588908,0.11081991207410047,2.9583269604049,-0.30896608077624066,substituting
splice|002|011|HIGFITN+splice|005|021|NMURBEAN+splice|007|101|EMO4THW+splice|008|035|BOASHAN+splice|033|034|WESHIGW,5,"['splice|002|011|HIGFITN', 'splice|005|021|NMURBEAN', 'splice|007|101|EMO4THW', 'splice|008|035|BOASHAN', 'splice|033|034|WESHIGW']",2.0,72.92950820922852,1.0,2514.476306601602,1777215.0459324701,10134.511511452285,20814.488488547722,85.38355611814849,2514.7282496938687,1770852.3746340708,10685.884071224691,0.3592999275116915,-5.159821649732854,2.721065021344593,-2.2992023041643495,-0.09753296897184738,0.0,-0.45082051431171166,3.2834583092025804,-1.5242876944396744,1.090083183960222,,0.6412508531498773,-0.18181286299118193,2.642207456052703,-0.26900765132052973,substituting
splice|001|021|PICBETS+splice|002|033|WESHIGW+splice|005|006|NMURBEAN+splice|008|035|BOASHAN+splice|011|034|WESHIGW,5,"['splice|001|021|PICBETS', 'splice|002|033|WESHIGW', 'splice|005|006|NMURBEAN', 'splice|008|035|BOASHAN', 'splice|011|034|WESHIGW']",2.0,68.76284456253052,1.0,2515.2358411701625,1771063.1519518362,10237.843989056444,20711.15601094356,85.51252045110495,2513.703368395177,1776167.9385475796,10559.319608513655,-0.28740450072067825,-3.0444728578725377,1.5766584531233807,-1.8351292336558744,-0.13824837039374538,0.0,-0.7954135895598125,4.336546623380877,-2.013165398158745,1.2427708411514082,,1.2544297589206055,-0.30949456867848113,3.0821168644602714,-0.4859190208813313,substituting
splice|001|021|PICBETS+splice|002|033|WESHIGW+splice|005|006|NMURBEAN+splice|007|101|EMO4THW+splice|011|034|WESHIGW,5,"['splice|001|021|PICBETS', 'splice|002|033|WESHIGW', 'splice|005|006|NMURBEAN', 'splice|007|101|EMO4THW', 'splice|011|034|WESHIGW']",2.0,72.42540383338928,1.0,2515.324399594155,1769236.3522908883,10214.417710497353,20734.582289502647,85.3278029713,2515.543829854383,1771997.0105183283,10617.016928860423,-0.15579361652717783,-3.792018238839545,1.9801276489086694,-2.0944485113700617,-0.06513246203562195,0.0,-0.8977402088107045,4.097803289559265,-1.9023330099862568,1.024074100842598,,1.1502011073894147,-0.4866754902653203,2.9476021821698506,-0.4110647185453842,substituting
splice|001|021|PICBETS+splice|002|033|WESHIGW+splice|007|101|EMO4THW+splice|008|035|BOASHAN+splice|011|034|WESHIGW,5,"['splice|001|021|PICBETS', 'splice|002|033|WESHIGW', 'splice|007|101|EMO4THW', 'splice|008|035|BOASHAN', 'splice|011|034|WESHIGW']",2.0,70.439044713974,1.0,2515.5311863079996,1767868.251558324,10248.809949474635,20700.19005052537,85.40347925517987,2511.9053511688053,1772102.277773232,10637.207290180599,-0.23892674074253994,-3.651309315599227,1.9121765678427938,-2.1107421910014246,-0.20967809911321966,0.0,-0.9743732002386429,4.448303595030945,-2.065046604074039,1.1136712338301713,,1.679424221103698,-0.6783051883178515,2.7688793739272466,-0.29606801192079146,substituting
splice|002|033|WESHIGW+splice|006|021|NMURBEAN+splice|007|101|EMO4THW+splice|008|035|BOASHAN+splice|011|034|WESHIGW,5,"['splice|002|033|WESHIGW', 'splice|006|021|NMURBEAN', 'splice|007|101|EMO4THW', 'splice|008|035|BOASHAN', 'splice|011|034|WESHIGW']",2.0,72.79540634155273,1.0,2516.5285064310583,1769758.1934406722,10200.228901358954,20748.77109864105,85.2946029924916,2514.15230687896,1772686.0090334504,10584.392419245665,-0.16516267279474972,-3.6295282966661735,1.8864273046428348,-2.013604786929357,-0.12041341662466509,0.0,-0.8685097235063277,3.9532014234064716,-1.8352041402357133,0.9847668996433079,,1.3338233705833868,-0.6308037802105426,2.619378052823085,-0.2377059432957851,substituting
splice|001|021|PICBETS+splice|005|006|NMURBEAN+splice|007|101|EMO4THW+splice|008|035|BOASHAN+splice|011|033|WESHIGW,5,"['splice|001|021|PICBETS', 'splice|005|006|NMURBEAN', 'splice|007|101|EMO4THW', 'splice|008|035|BOASHAN', 'splice|011|033|WESHIGW']",2.0,76.24261045455933,1.0,2515.6964148450447,1777241.932896704,10120.496447541958,20828.503552458045,85.3273941846372,2513.6790139488166,1769557.4491902906,10560.945169290837,0.434260199347003,-4.170542642618935,2.1603273358155928,-1.6895669595838103,-0.13921589810768076,0.0,-0.4493144640256408,3.1406271261261054,-1.4579808331235067,1.023590116810702,,0.2754923388567754,-0.06772175247710122,2.86513478726933,-0.3815927115485396,substituting
splice|002|034|WESHIGW+splice|005|006|NMURBEAN+splice|007|101|EMO4THW+splice|008|035|BOASHAN+splice|011|033|WESHIGW,5,"['splice|002|034|WESHIGW', 'splice|005|006|NMURBEAN', 'splice|007|101|EMO4THW', 'splice|008|035|BOASHAN', 'splice|011|033|WESHIGW']",2.0,79.0254955291748,1.0,2515.3614561290356,1778492.2351205423,10102.140751764791,20846.859248235214,85.31223883382339,2513.9438917107973,1766055.6831926883,10613.792597010079,0.704199309580722,-4.820631650456598,2.5160886491379486,-1.7674194981808222,-0.1286931142296388,0.0,-0.37927985522739904,2.9535594280535316,-1.371137948778045,1.0056468998248747,,-0.04396952230469875,0.027879685939891097,2.9975289503582303,-0.40715954116729014,substituting
splice|001|021|PICBETS+splice|002|034|WESHIGW+splice|005|006|NMURBEAN+splice|007|101|EMO4THW+splice|008|035|BOASHAN,5,"['splice|001|021|PICBETS', 'splice|002|034|WESHIGW', 'splice|005|006|NMURBEAN', 'splice|007|101|EMO4THW', 'splice|008|035|BOASHAN']",2.0,77.10174822807312,1.0,2514.6510551541796,1781322.7832511452,10130.78645782974,20818.213542170262,85.5655928229779,2513.445908998171,1771674.3980789955,10583.50270625009,0.5445913302473127,-4.277565386296911,2.2229570036538693,-1.6418676612402816,-0.14847644530575632,0.0,-0.22072912466658545,3.2454953131480835,-1.5066640420949184,1.3056060137692338,,0.560943573676953,-0.006853520878435937,2.6845517394711305,-0.21387560378814952,substituting
splice|001|021|PICBETS+splice|002|034|WESHIGW+splice|007|101|EMO4THW+splice|008|035|BOASHAN+splice|011|033|WESHIGW,5,"['splice|001|021|PICBETS', 'splice|002|034|WESHIGW', 'splice|007|101|EMO4THW', 'splice|008|035|BOASHAN', 'splice|011|033|WESHIGW']",2.0,73.87694048881531,1.0,2515.458426649549,1775380.3272049313,10137.995621810709,20811.004378189296,85.30968976517038,2512.562430803771,1766855.597466139,10632.614895293216,0.48248027461994525,-4.651906218304425,2.434583076336372,-1.9057067868004096,-0.18357433359624808,0.0,-0.5535907132989126,3.3189657894143743,-1.540771416799025,1.002628923367932,,0.6001589359892812,-0.30562519405095134,2.718806853425093,-0.24796551924796129,substituting
splice|002|034|WESHIGW+splice|006|021|NMURBEAN+splice|007|101|EMO4THW+splice|008|035|BOASHAN+splice|011|033|WESHIGW,5,"['splice|002|034|WESHIGW', 'splice|006|021|NMURBEAN', 'splice|007|101|EMO4THW', 'splice|008|035|BOASHAN', 'splice|011|033|WESHIGW']",2.0,68.71749567985535,1.0,2516.455746772607,1777172.9884650307,10095.190051459793,20853.80994854021,85.22054209041235,2513.561982440676,1768186.0025900616,10582.851872242325,0.5082602091524668,-4.608037858505954,2.3944725223611574,-1.8421036475350538,-0.14386520221639776,0.0,-0.4531763273487588,2.882723022730982,-1.338253395120459,0.8970823021370755,,0.25455808546896996,-0.2581237859436425,2.628164937262012,-0.1950525414051163,substituting
splice|001|021|PICBETS+splice|002|033|WESHIGW+splice|005|006|NMURBEAN+splice|007|101|EMO4THW+splice|008|035|BOASHAN+splice|011|034|WESHIGW,6,"['splice|001|021|PICBETS', 'splice|002|033|WESHIGW', 'splice|005|006|NMURBEAN', 'splice|007|101|EMO4THW', 'splice|008|035|BOASHAN', 'splice|011|034|WESHIGW']",2.0,68.46875953674316,1.0,2514.952507836829,1768862.434443351,10305.946180467829,20643.053819532175,85.68802125437844,2512.7103007210007,1773812.2306338893,10628.738165174016,-0.2790484869285903,-3.036973718703917,1.5885227627971288,-1.8383683500215797,-0.17769991375278238,0.0,-0.9186848969634287,5.030593873655809,-2.3353646111009985,1.4505554733260206,,1.4070104095743163,-0.45330616464221984,3.6235834640814923,-0.46537873232120885,substituting
splice|001|021|PICBETS+splice|002|033|WESHIGW,2,"['splice|001|021|PICBETS', 'splice|002|033|WESHIGW']",2.0,87.16871166229248,1.0,2517.1364113986588,1770178.1778391574,10078.189491541661,20870.810508458344,84.81597670209092,2514.6312771573926,1774070.4834829918,10517.458233328713,-0.2193997183354668,-4.176567494178918,2.149953962375961,-2.319485803766619,-0.10138539144708414,0.0,-0.8449846569356323,2.7094658687425444,-1.2578218126459317,0.41809605913998293,20260825.0,1.8545861573275868,-0.6698506752698785,0.8548797114149576,-0.17513398166575378,substituting
splice|002|011|HIGFITN+splice|008|035|BOASHAN,2,"['splice|002|011|HIGFITN', 'splice|008|035|BOASHAN']",2.0,88.70108819007874,1.0,2515.531604908302,1782401.9612377535,9934.542987283392,21014.45701271661,84.81789275636089,2512.7200847034665,1772624.1678124003,10529.392673721626,0.5515999162653884,-5.649420672882776,2.913129899773881,-2.2946828901310723,-0.17731122603440452,0.0,-0.16027989353287753,1.245526761558513,-0.5782138638452894,0.4203645765728625,20260825.0,0.5783091389559791,-0.08811055861093209,0.6672176226025339,-0.07216933492194544,substituting
splice|002|033|WESHIGW+splice|006|021|NMURBEAN,2,"['splice|002|033|WESHIGW', 'splice|006|021|NMURBEAN']",2.0,94.49174094200134,1.0103813397925994,2518.1337315217174,1772765.5266486742,10028.732604376342,20920.26739562366,84.73914281896423,2512.499442427914,1774929.0482689333,10465.733476196716,-0.12189341440826951,-4.175539849302378,2.133453037446653,-2.208234799452069,-0.18607666924351784,0.0,-0.7000565281646276,2.205437792217113,-1.023835654653149,0.3271283835154515,20260825.0,1.5089853068072756,-0.6223492671625697,0.6964524854098375,-0.07770726100205794,substituting
splice|002|034|WESHIGW+splice|005|006|NMURBEAN,2,"['splice|002|034|WESHIGW', 'splice|005|006|NMURBEAN']",2.0,94.0751371383667,1.0,2515.787988195496,1786106.9504368615,9876.095865686684,21072.904134313318,84.75846229132307,2512.033154662552,1769813.046305799,10489.819140165675,0.9206567984722192,-5.850656396248388,2.999745095776807,-2.018537322952896,-0.2046008569412061,0.0,0.04725190495076248,0.6498768538244493,-0.3016938842833494,0.3500017230273711,20260825.0,-0.22016102592625764,0.21209460577741313,0.8700378797507069,-0.16484270082665065,substituting
splice|005|006|NMURBEAN+splice|033|034|WESHIGW,2,"['splice|005|006|NMURBEAN', 'splice|033|034|WESHIGW']",2.0,91.5592794418335,1.0,2517.162988195496,1788725.8026097263,9819.146462549206,21129.8535374508,84.65396125152348,2516.4266194130446,1776049.3022622708,10395.390199517125,0.7137470976345428,-5.543262214386968,2.803613294995899,-2.0328723187622466,-0.03006193113819222,0.0,0.1939446676525458,0.06949058675700392,-0.03225978109001604,0.2262774453510863,20260825.0,-0.7571438132412789,0.34274206664877127,0.8266343999982828,-0.14879739899622546,substituting
splice|005|021|NMURBEAN+splice|008|035|BOASHAN,2,"['splice|005|021|NMURBEAN', 'splice|008|035|BOASHAN']",2.0,88.89983987808228,1.0,2515.4811432693077,1784757.6804721188,9917.976231263263,21031.023768736737,84.86309083655813,2513.85115950364,1767763.1726540579,10562.29636769107,0.9613565935161938,-6.100189901873165,3.16049199541355,-2.131761257977638,-0.13237708138171822,0.0,-0.02832629713696022,1.0766906165908807,-0.4998346569494827,0.47387696109537636,20260825.0,0.6519003674369861,-0.03426442576655031,0.42479024915389463,0.005938128629590089,substituting
splice|005|021|NMURBEAN+splice|011|034|WESHIGW,2,"['splice|005|021|NMURBEAN', 'splice|011|034|WESHIGW']",2.0,91.80769991874695,1.0,2514.9030350266335,1785290.7637106054,9858.086292452866,21090.913707547137,84.6473883714085,2512.571488085778,1765211.6570144098,10572.641478756279,1.1374900350565653,-6.758530379935568,3.5067855012388405,-2.2890242941163708,-0.1832145154659126,0.0,0.0015339041427697708,0.4663365811472975,-0.2164885450555709,0.21849546685557275,20260825.0,-0.18946082381041673,0.03435400590301452,0.6557974049577142,-0.032820101760244746,substituting
splice|006|021|NMURBEAN+splice|011|033|WESHIGW,2,"['splice|006|021|NMURBEAN', 'splice|011|033|WESHIGW']",2.0,85.451984167099,1.0102986466017834,2517.927638529933,1779512.9747921953,9874.629381460196,21074.370618539808,84.4396735258466,2514.761511327913,1770216.6546030648,10426.996223916738,0.5251515493856385,-5.297468519165283,2.691583377936446,-2.1096488702269656,-0.09621158591628376,0.0,-0.3221039962821859,0.6349315293954882,-0.2947557806221468,-0.027429064412953785,20260825.0,-0.20708465297276657,-0.13477709770478574,0.8420161823682548,-0.18732689857740015,substituting
splice|007|101|EMO4THW+splice|011|033|WESHIGW,2,"['splice|007|101|EMO4THW', 'splice|011|033|WESHIGW']",2.0,89.88966727256775,1.0,2517.1286930241986,1782555.5773148641,9849.755045326401,21099.244954673602,84.48433018073558,2513.628761908815,1765170.0887323976,10528.403951362625,0.9849186032237389,-6.445885902282377,3.3233550304791803,-2.2632215403435407,-0.14121225806034143,0.0,-0.15167522047028204,0.3814306619742247,-0.17707246737372895,0.02544229820864441,20260825.0,-0.08061779856334272,-0.2175842454606225,0.46204846053756743,0.06590902499034046,substituting
splice|007|101|EMO4THW+splice|033|034|WESHIGW,2,"['splice|007|101|EMO4THW', 'splice|033|034|WESHIGW']",2.0,94.27231550216675,1.0001092490945567,2517.4583333333335,1783446.2643437323,9852.127495651903,21096.8725043481,84.53604978539644,2515.197210454103,1773115.0096458932,10466.492085615933,0.5826612848933266,-5.869823288820419,2.999459795314352,-2.346418627072233,-0.07890259135795441,0.0,-0.10178414898441845,0.40560892394647663,-0.1882967996863938,0.08667585856976245,20260825.0,-0.3321493510581863,-0.02606855299059907,0.737758275004663,-0.07571559599381938,substituting
splice|001|021|PICBETS+splice|002|011|HIGFITN+splice|005|006|NMURBEAN,3,"['splice|001|021|PICBETS', 'splice|002|011|HIGFITN', 'splice|005|006|NMURBEAN']",2.0,85.78985214233398,1.0,2514.8431102437994,1777782.3211924133,10038.199824695555,20910.80017530445,85.0174219201791,2514.7332352138255,1774570.1722713625,10531.466379799629,0.18100996913181788,-4.683740490784894,2.415896867269307,-2.1821679704996266,-0.09733490950233348,0.0,-0.4190450762187714,2.301920711402561,-1.0686261507059869,0.656597648665791,20260825.0,0.420800672006294,-0.004986716873611741,1.8811200393962668,-0.41405835934515967,substituting
splice|001|021|PICBETS+splice|002|034|WESHIGW+splice|008|035|BOASHAN,3,"['splice|001|021|PICBETS', 'splice|002|034|WESHIGW', 'splice|008|035|BOASHAN']",2.0,91.9550096988678,1.0,2515.513066958684,1781260.98491035,10013.956993391464,20935.04300660854,85.0851361684837,2515.6217301201345,1772469.3068276325,10523.544805470367,0.4960129943492708,-4.842358934168334,2.4948663676067406,-1.9501985261275445,-0.062037722581409493,0.0,-0.2241907058262771,2.0548556749216518,-0.9539305586289903,0.7367681089401223,20260825.0,0.6807767345526239,-0.08804094859032885,1.374078940369028,-0.13614975723594824,substituting
splice|002|011|HIGFITN+splice|005|006|NMURBEAN+splice|007|101|EMO4THW,3,"['splice|002|011|HIGFITN', 'splice|005|006|NMURBEAN', 'splice|007|101|EMO4THW']",2.0,82.0355122089386,1.0,2515.0414848611235,1781825.4862293382,9981.703839184669,20967.296160815335,84.98117604497318,2514.561495852168,1769404.848865201,10587.750679785177,0.7019669564092723,-5.724037701016249,2.9764717825974563,-2.208761658672931,-0.10415758941537678,0.0,-0.1925706476614164,1.7261553419955389,-0.8013372178720113,0.6136842505101603,20260825.0,0.20166667589540666,-0.04029245652213964,1.5244886661001322,-0.15227819113927676,substituting
splice|002|011|HIGFITN+splice|006|021|NMURBEAN+splice|033|034|WESHIGW,3,"['splice|002|011|HIGFITN', 'splice|006|021|NMURBEAN', 'splice|033|034|WESHIGW']",2.0,85.0859444141388,1.0,2516.9774421713623,1780409.149548133,9946.567239235399,21002.432760764605,84.77156764782882,2514.3774098017316,1778660.3549234099,10449.25624785048,0.09832088627164115,-4.8107635289209245,2.4521721573342647,-2.2975123137924824,-0.11147076553562618,0.0,-0.2719055344620691,1.3680690591109101,-0.6351019673683234,0.36551784392409026,20260825.0,-0.13711636869653265,-0.06474128946879487,1.5051854278074428,-0.20716424499327424,substituting
splice|002|011|HIGFITN+splice|007|101|EMO4THW+splice|033|034|WESHIGW,3,"['splice|002|011|HIGFITN', 'splice|007|101|EMO4THW', 'splice|033|034|WESHIGW']",2.0,92.49638938903809,1.0,2516.178496665628,1780787.025775149,9949.56761293238,20999.43238706762,84.8016743001033,2513.1807649959824,1773565.9914328887,10550.037112598351,0.4071477676692581,-5.69163400334316,2.943627590189002,-2.463950301632334,-0.1590098060934908,0.0,-0.25073912107124174,1.398646652445712,-0.6492970765662243,0.40116269313377195,20260825.0,-0.010649514287108808,-0.14754843722463162,1.4092961667328208,-0.10319068384661012,substituting
splice|002|033|WESHIGW+splice|005|006|NMURBEAN+splice|007|101|EMO4THW,3,"['splice|002|033|WESHIGW', 'splice|005|006|NMURBEAN', 'splice|007|101|EMO4THW']",2.0,84.05376553535461,1.0,2516.756107544812,1771650.9818897573,10110.482693065529,20838.51730693447,85.01809201656597,2514.1889290459617,1770644.102902885,10570.833223880329,0.05686512525140408,-4.354912437506176,2.2590379982279085,-2.1535239486749957,-0.11895852986625322,0.0,-0.7624867987749195,3.038574334354527,-1.4106046218146595,0.6573910110246439,20260825.0,1.3630383496873177,-0.4801573912427748,1.675535984667209,-0.28232940753214475,substituting
splice|002|033|WESHIGW+splice|006|021|NMURBEAN+splice|007|101|EMO4THW,3,"['splice|002|033|WESHIGW', 'splice|006|021|NMURBEAN', 'splice|007|101|EMO4THW']",2.0,80.21488118171692,1.000265004477909,2517.850398188384,1766532.3159153096,10134.824245309399,20814.1757546906,84.87159600913867,2513.533628469081,1772479.4289888917,10538.705890855392,-0.3355250829046086,-3.8323647108934655,1.9788134525951628,-2.269430734821787,-0.14499161884323764,0.0,-1.0492044917090548,3.2866454617611174,-1.5257672738854478,0.48394668227764726,20260825.0,1.6615659574609865,-0.7661608631263084,1.625079504300131,-0.28304362858274645,substituting
splice|002|033|WESHIGW+splice|006|021|NMURBEAN+splice|011|034|WESHIGW,3,"['splice|002|033|WESHIGW', 'splice|006|021|NMURBEAN', 'splice|011|034|WESHIGW']",2.0,88.72028064727783,1.0000001581880744,2517.1837315217176,1771203.0183854215,10054.60101687471,20894.39898312529,84.76927332611378,2513.699873438994,1773521.9820969158,10500.37259933338,-0.13075472054496773,-4.245292995478733,2.1799584574764053,-2.261415264699873,-0.13838721432047896,0.0,-0.7875790910094715,2.469069551950298,-1.1462220562403314,0.36280147576646105,20260825.0,0.9244334177447744,-0.5203615098699044,1.5446361342055237,-0.2672175811395672,substituting
splice|002|033|WESHIGW+splice|007|101|EMO4THW+splice|011|034|WESHIGW,3,"['splice|002|033|WESHIGW', 'splice|007|101|EMO4THW', 'splice|011|034|WESHIGW']",2.0,82.40953636169434,1.0,2516.3847860159826,1772198.9416329865,10049.422219431523,20899.577780568477,84.79592077121771,2514.1314448845587,1768621.5100731296,10597.394015204422,0.2022723086585687,-5.170816476076157,2.6925236081235093,-2.424958713613634,-0.12124219989703144,0.0,-0.7317933028164525,2.4162910722760778,-1.1217205765434057,0.3943507876558616,20260825.0,1.0509002721541982,-0.6031686576257411,1.3653908001218795,-0.12862464519071137,substituting
splice|002|034|WESHIGW+splice|006|021|NMURBEAN+splice|011|033|WESHIGW,3,"['splice|002|034|WESHIGW', 'splice|006|021|NMURBEAN', 'splice|011|033|WESHIGW']",2.0,81.87911605834961,1.0,2517.1109718632665,1780303.1420659458,9932.513640009212,21016.48635999079,84.70983739009387,2515.081470212458,1768976.4316431044,10495.782637896857,0.6402974183392862,-5.366622169306967,2.7539383555924113,-2.05699262829091,-0.08350059739558047,0.0,-0.27784345283341505,1.2248451525484816,-0.5686127910901173,0.2924321448375178,20260825.0,-0.1548318673696425,-0.14768151560300424,1.379677019918124,-0.1301619372304108,substituting
splice|005|006|NMURBEAN+splice|007|101|EMO4THW+splice|011|034|WESHIGW,3,"['splice|005|006|NMURBEAN', 'splice|007|101|EMO4THW', 'splice|011|034|WESHIGW']",2.0,88.14646363258362,1.0,2515.3713215288294,1784965.9239804354,9883.746588730559,21065.253411269445,84.73507957067908,2515.8442875875144,1767630.9559052463,10527.294000519765,0.9806893241644632,-6.113132318309267,3.1512911399546484,-2.104289526386194,-0.05319619465483649,0.0,-0.016661715276944378,0.7278473740260694,-0.3378903251333165,0.3223176901475666,20260825.0,-0.7043850499381721,0.1831751850045582,1.4322324239642414,-0.19983690028150258,substituting
splice|005|006|NMURBEAN+splice|008|035|BOASHAN+splice|011|033|WESHIGW,3,"['splice|005|006|NMURBEAN', 'splice|008|035|BOASHAN', 'splice|011|033|WESHIGW']",2.0,84.48211097717285,1.0,2516.4614561290355,1783739.6698748285,9940.257843626787,21008.742156373217,84.90463905920768,2514.910626898216,1769489.9181284497,10478.273662023335,0.8053027937819701,-5.134584529381902,2.628220462302022,-1.7762343148000292,-0.09028768008358945,0.0,-0.08534928931785979,1.3037683577340253,-0.6052514991659597,0.5230680872880811,20260825.0,-0.24880295856153367,0.1845956998018483,1.552571316295559,-0.2699449891197081,substituting
splice|005|021|NMURBEAN+splice|008|035|BOASHAN+splice|011|034|WESHIGW,3,"['splice|005|021|NMURBEAN', 'splice|008|035|BOASHAN', 'splice|011|034|WESHIGW']",2.0,82.28828477859497,1.0,2514.5311432693074,1784233.6520088972,9936.57337146242,21012.42662853758,84.91326030786364,2515.325733643387,1766726.4609259793,10589.265899044907,0.9909395410165445,-6.163718371085158,3.205800843695039,-2.146062803226434,-0.07379675788200535,0.0,-0.057679302931201715,1.266218937937147,-0.5878198423152292,0.5332752370415195,20260825.0,0.06734847837448488,0.06772333152611498,1.198870459562662,-0.1254026344573167,substituting
splice|001|021|PICBETS+splice|002|034|WESHIGW+splice|005|006|NMURBEAN+splice|011|033|WESHIGW,4,"['splice|001|021|PICBETS', 'splice|002|034|WESHIGW', 'splice|005|006|NMURBEAN', 'splice|011|033|WESHIGW']",2.0,82.37832522392273,1.0,2515.5349732690374,1780565.406331656,10023.434811590738,20925.565188409266,85.09043317587027,2515.1162461053705,1768770.949368768,10537.025553621825,0.6668165240444113,-4.874152951584653,2.516124755007332,-1.8039193691552269,-0.08211905746354775,0.0,-0.2631529444902414,2.1514465998755172,-0.9987711944577038,0.7430395146027502,20260825.0,-0.08164482837871301,0.029816099965318532,2.2330914282542302,-0.29296904445555993,substituting
splice|001|021|PICBETS+splice|005|006|NMURBEAN+splice|007|101|EMO4THW+splice|008|035|BOASHAN,4,"['splice|001|021|PICBETS', 'splice|005|006|NMURBEAN', 'splice|007|101|EMO4THW', 'splice|008|035|BOASHAN']",2.0,92.67677736282349,1.0,2515.4677218208462,1782248.2832946572,10057.862090734196,20891.137909265806,85.31121143497789,2515.304940894089,1773031.446465483,10518.672790622071,0.5198349328517482,-4.380882541557063,2.2555228566107033,-1.697402619702848,-0.07462279025806096,0.0,-0.16888803196569713,2.5023040088482773,-1.1616505675568822,1.004430508291465,20260825.0,0.508690788073829,0.006050897019782564,1.9936132207744484,-0.1749389289854797,substituting
splice|002|011|HIGFITN+splice|006|021|NMURBEAN+splice|008|035|BOASHAN+splice|033|034|WESHIGW,4,"['splice|002|011|HIGFITN', 'splice|006|021|NMURBEAN', 'splice|008|035|BOASHAN', 'splice|033|034|WESHIGW']",2.0,79.99941062927246,1.0,2516.6055504140368,1780162.4637385965,10032.66107270847,20916.338927291537,85.10870233680566,2515.3256117943515,1780129.7507776702,10465.238049553782,0.0018376728388558305,-4.133465237933653,2.1118043545506504,-2.0663298382091355,-0.07380159857175439,0.0,-0.28572342891795,2.2454738407964303,-1.04242168512364,0.76466933517505,20260825.0,0.11969293348836896,-0.031371963845694406,2.1257809073080614,-0.2543514650722556,substituting
splice|002|033|WESHIGW+splice|005|006|NMURBEAN+splice|008|035|BOASHAN+splice|011|034|WESHIGW,4,"['splice|002|033|WESHIGW', 'splice|005|006|NMURBEAN', 'splice|008|035|BOASHAN', 'splice|011|034|WESHIGW']",2.0,79.20959877967834,1.0,2515.71754912082,1776045.0503835338,10124.002559605955,20824.99744039405,85.28428661117412,2513.647793527155,1773459.7298810745,10544.706167395649,0.14577835960405405,-3.9897139010901417,2.0618386073103956,-1.8773522737313364,-0.14045619003429932,0.0,-0.5163568134585739,3.1763588314756896,-1.4745686480541975,0.9725527931694788,20260825.0,0.8827151121560073,-0.20098871236327032,2.2936437193196824,-0.31536810109530355,substituting
splice|002|033|WESHIGW+splice|006|021|NMURBEAN+splice|008|035|BOASHAN+splice|011|034|WESHIGW,4,"['splice|002|033|WESHIGW', 'splice|006|021|NMURBEAN', 'splice|008|035|BOASHAN', 'splice|011|034|WESHIGW']",2.0,82.07029128074646,1.0,2516.8118397643916,1772290.6612160471,10130.411812203352,20818.58818779665,85.13020408631364,2514.655780044175,1775009.2807985926,10514.753272884684,-0.1531608658024819,-3.6552589557423687,1.8808692378727399,-1.9964789453515097,-0.10041196664889451,0.0,-0.7266557088841163,3.2416772015508855,-1.5048915510274097,0.7901263873895781,20260825.0,1.181242719929676,-0.4869921842468039,2.0604344816212095,-0.23966352463731244,substituting
splice|002|034|WESHIGW+splice|006|021|NMURBEAN+splice|007|101|EMO4THW+splice|008|035|BOASHAN,4,"['splice|002|034|WESHIGW', 'splice|006|021|NMURBEAN', 'splice|007|101|EMO4THW', 'splice|008|035|BOASHAN']",2.0,88.10480284690857,1.0,2516.2270537484087,1779097.1901144662,10057.466250946438,20891.533749053564,85.15876390334738,2513.2869459685558,1771096.943661333,10545.918727911949,0.4517113804394235,-4.631673062989961,2.394013288736563,-1.8968901070613664,-0.1547915605979333,0.0,-0.3453938190897121,2.4982699020075216,-1.1597778045014828,0.823939856995648,20260825.0,0.48775653468602354,-0.1843511364467587,2.010513367321498,-0.1610426826429534,substituting
splice|001|021|PICBETS+splice|002|011|HIGFITN+splice|005|006|NMURBEAN+splice|007|101|EMO4THW+splice|033|034|WESHIGW,5,"['splice|001|021|PICBETS', 'splice|002|011|HIGFITN', 'splice|005|006|NMURBEAN', 'splice|007|101|EMO4THW', 'splice|033|034|WESHIGW']",2.0,75.29158568382263,1.0,2515.1181102437995,1776216.6399488961,10137.178699366097,20811.82130063391,85.34652562554888,2512.7039209551012,1776598.9306309058,10578.925716259564,-0.021518119560837157,-4.175726616687669,2.168607785814891,-2.143638787725366,-0.17795336235205683,0.0,-0.5067453708370251,3.310640319049618,-1.5369064638036112,1.0462408360020659,20260825.0,0.08865132094810768,-0.03105526986421081,3.2219889981015104,-0.4756901009728143,substituting
splice|001|021|PICBETS+splice|002|034|WESHIGW+splice|005|006|NMURBEAN+splice|007|101|EMO4THW+splice|011|033|WESHIGW,5,"['splice|001|021|PICBETS', 'splice|002|034|WESHIGW', 'splice|005|006|NMURBEAN', 'splice|007|101|EMO4THW', 'splice|011|033|WESHIGW']",2.0,71.09697580337524,1.0,2515.251639935704,1778746.9984877224,10088.076984022611,20860.92301597739,85.26693651692109,2514.436582698163,1766380.1939400127,10608.548410642506,0.7001213323234001,-4.906151213843335,2.5587997608284008,-1.812305168195727,-0.10912000722382853,0.0,-0.3650095032945666,2.810231891484216,-1.3046006640942132,0.9520111039844847,20260825.0,0.07093582227499784,-0.11399549599842018,2.7392960692092183,-0.2510140072961464,substituting
splice|002|011|HIGFITN+splice|006|021|NMURBEAN+splice|007|101|EMO4THW+splice|008|035|BOASHAN+splice|033|034|WESHIGW,5,"['splice|002|011|HIGFITN', 'splice|006|021|NMURBEAN', 'splice|007|101|EMO4THW', 'splice|008|035|BOASHAN', 'splice|033|034|WESHIGW']",2.0,75.48845744132996,1.0,2516.3222170807035,1777771.6865688756,10107.722268311374,20841.27773168863,85.30051321497525,2512.0725890522963,1777678.2830644213,10536.006566455017,0.00525424118325013,-4.06495853473775,2.0980964871121666,-2.0498347353548385,-0.20303424916886526,0.0,-0.41964076555290886,3.0104421234739887,-1.3975447383550499,0.9917643229139239,20260825.0,0.2722735841420798,-0.17518355980943312,2.738168539331909,-0.24445720574347574,substituting
splice|033|034|WESHIGW,1,['splice|033|034|WESHIGW'],2.0,86.65178179740906,1.0002218087677364,2517.741666666667,1787365.4029097548,9764.764521571717,21184.235478428283,84.3724289568917,2515.99472364952,1775594.241293824,10395.194345924096,0.6629420924092022,-6.064627590147631,3.0672170154890877,-2.332725179451145,-0.047219829722910944,0.0,0.11774304297313964,-0.4847300017118972,0.22502736662266543,-0.10704344660048548,,-0.4847300017118972,0.11774304297313964,0.0,0.0,
splice|005|006|NMURBEAN,1,['splice|005|006|NMURBEAN'],2.0,93.23058295249939,1.0,2516.6046548621625,1789280.2046555404,9785.597682163907,21163.4023178361,84.54596183467014,2514.7999969964776,1771066.4885943448,10423.798949925911,1.0284038560094633,-6.1225400722693335,3.1093545257122157,-2.0181977467270684,-0.09468266793661861,0.0,0.22499902367563163,-0.2724138115293817,0.1264633144711924,0.0984112550694638,,-0.2724138115293817,0.22499902367563163,0.0,0.0,
splice|002|011|HIGFITN,1,['splice|002|011|HIGFITN'],2.0,91.45214653015137,1.0,2515.9034966656277,1783094.6435950012,9843.874436293212,21105.125563706795,84.48633192030286,2514.1372334948096,1771147.1679480083,10508.181906256934,0.6745614290671664,-6.321811669135369,3.249906471048103,-2.4942831717751357,-0.1210122361047894,0.0,-0.12147988423403255,0.3214998367710775,-0.14925063722629472,0.027812262971993462,,0.3214998367710775,-0.12147988423403255,0.0,0.0,
splice|005|021|NMURBEAN,1,['splice|005|021|NMURBEAN'],2.0,85.47861981391907,1.0,2515.8530350266333,1784055.938885939,9851.095448877337,21097.904551122665,84.56081193101262,2513.960288306568,1766201.214719526,10540.55256360308,1.0109111021786132,-6.540995935132132,3.378292821511475,-2.2900181989078727,-0.12804172759626198,0.0,-0.06763375138965078,0.3950910652520845,-0.1834140690195274,0.11599306523060182,,0.3950910652520845,-0.06763375138965078,0.0,0.0,
splice|001|021|PICBETS+splice|011|034|WESHIGW,2,"['splice|001|021|PICBETS', 'splice|011|034|WESHIGW']",2.0,80.42934989929199,1.0,2515.751625382676,1783375.4328559262,9867.393996650462,21081.60600334954,84.59390772090966,2515.7363391726894,1771259.7307117307,10467.350056001642,0.6840161233342856,-5.731690027956827,2.9292369559659637,-2.18132466443155,-0.05748465522882329,0.0,-0.10575171414147766,0.5611938298030861,-0.2605243521950018,0.1551769116974855,,-0.21283724229790302,-0.00651809902254552,0.7740310721009891,-0.09923361511893214,substituting
splice|002|033|WESHIGW+splice|011|034|WESHIGW,2,"['splice|002|033|WESHIGW', 'splice|011|034|WESHIGW']",2.0,80.65028810501099,1.0,2516.668119349316,1776776.1050682468,9956.730302257973,20992.269697742027,84.63954258644841,2514.4492344181626,1771036.6041354851,10527.546026180351,0.32407579376732,-5.422115681117412,2.7951767031581864,-2.4039074484269563,-0.10861739305854101,0.0,-0.4754074110838169,1.4716434933398803,-0.6831845743901166,0.2092064293603313,,0.8983196215004874,-0.4593570616620024,0.5733238718393929,-0.01605034942181449,substituting
splice|006|021|NMURBEAN+splice|033|034|WESHIGW,2,"['splice|006|021|NMURBEAN', 'splice|033|034|WESHIGW']",2.0,88.34916353225708,1.0004266457240174,2518.257278839068,1784089.6876769396,9842.407268566805,21106.592731433197,84.52760283851816,2515.936588760252,1778396.4330812835,10361.69632168003,0.320134166361985,-5.011622006588867,2.522375252374953,-2.1480589779468207,-0.04952935118278656,0.0,-0.06574334175102337,0.306547546615632,-0.14230929984927476,0.07667507385902272,,-0.45861620546761017,0.05673859476523768,0.7651637520832422,-0.12248193651626105,substituting
splice|008|035|BOASHAN+splice|033|034|WESHIGW,2,"['splice|008|035|BOASHAN', 'splice|033|034|WESHIGW']",2.0,82.6016538143158,1.0000740675395148,2517.369774909341,1786391.8429725268,9859.85528888836,21089.14471111164,84.70669946284244,2515.757361332257,1777017.741776283,10412.575903780973,0.52751871722303,-5.308202504357363,2.691416053266882,-2.1071842411068076,-0.05664950908395028,0.0,0.06320991646544538,0.484364886644606,-0.22485786838279953,0.28871698771248955,,-0.22792069952699556,0.1511123685962401,0.7122855861716015,-0.08790245213079473,substituting
splice|005|006|NMURBEAN+splice|011|033|WESHIGW,2,"['splice|005|006|NMURBEAN', 'splice|011|033|WESHIGW']",2.0,84.2108588218689,1.0,2516.8333478863615,1785264.581264079,9842.103483269846,21106.896516730158,84.5820502246272,2514.1713025712043,1767881.4038712555,10460.884928171432,0.9832773485120905,-5.915192157741755,3.0201970397580435,-1.9772042276912427,-0.11965877583260953,0.0,6.731681301275216e-05,0.30345159117486364,-0.14087205705934913,0.1411381981553994,,-0.5056122607464353,0.15122637417874785,0.8090638519212989,-0.1511590573657351,substituting
splice|005|006|NMURBEAN+splice|007|101|EMO4THW,2,"['splice|005|006|NMURBEAN', 'splice|007|101|EMO4THW']",2.0,92.39449715614319,1.0,2516.3213215288292,1784676.9915385966,9875.322726214923,21073.67727378508,84.6874975047033,2514.1158219813587,1768556.5507509033,10496.36060743587,0.9115027043296253,-5.916697267250792,3.0364681511312996,-2.062343056717386,-0.12186285008937148,0.0,-0.032846018677745725,0.6419975871909678,-0.2980360735120091,0.2659827794664116,,-0.11983316087567086,0.08118742771189291,0.7618307480666386,-0.11403344638963864,substituting
splice|008|035|BOASHAN+splice|011|033|WESHIGW,2,"['splice|008|035|BOASHAN', 'splice|011|033|WESHIGW']",2.0,82.5794472694397,1.0,2517.040134600206,1782064.6462119408,9887.437780759432,21061.56221924057,84.61217775118097,2515.9308844114853,1769023.7092146885,10477.541871006055,0.7371827143595189,-5.632085249686158,2.882569900630827,-2.0852776017778796,-0.049755967523812394,0.0,-0.17917430595905115,0.7654652777202564,-0.35535377442729166,0.17680776152229072,,0.02361085296784804,-0.040403323873783314,0.7418544247524084,-0.13877098208526784,substituting
splice|002|011|HIGFITN+splice|006|021|NMURBEAN,2,"['splice|002|011|HIGFITN', 'splice|006|021|NMURBEAN']",2.0,88.2597005367279,1.0,2516.4191088380294,1780203.7193442981,9918.520644622045,21030.479355377956,84.64874667200873,2515.1852027589593,1773636.3457840716,10480.55562001301,0.37027734438557225,-5.362644842204157,2.745860725695848,-2.3120964334051974,-0.07937962038419011,0.0,-0.2834125314797542,1.0822388755653112,-0.5024103384669076,0.22010363038151848,,0.3476136330153645,-0.18248433244193452,0.7346252425499467,-0.10092819903781969,substituting
splice|002|033|WESHIGW+splice|007|101|EMO4THW,2,"['splice|002|033|WESHIGW', 'splice|007|101|EMO4THW']",2.0,79.86438202857971,1.010060769196844,2517.334786015983,1771603.7758855752,10042.90648682162,20906.093513178384,84.74102417885128,2513.445362371795,1769949.1140328445,10565.90201135313,0.09348640814652587,-4.949842653940461,2.565829418191523,-2.410493849725037,-0.1484981611009073,0.0,-0.7651310026904112,2.3498875365350225,-1.0908939045208732,0.3293558244435113,,1.6354521612166995,-0.7051564149184064,0.714435375318323,-0.05997458777200482,substituting
splice|002|033|WESHIGW+splice|008|035|BOASHAN,2,"['splice|002|033|WESHIGW', 'splice|008|035|BOASHAN']",2.0,84.46241354942322,1.0000249859665857,2517.24622759199,1775288.4932980386,10042.734812942479,20906.265187057525,84.91657775378594,2514.0527507201155,1773869.250132408,10516.600573742127,0.08000833012493658,-4.505883412390855,2.319188025419461,-2.1884259819753837,-0.12436847851968746,0.0,-0.5587347109828444,2.3481379631176136,-1.0900816958739123,0.5372029357635144,,1.7396808127478902,-0.5279754933315672,0.6084571503697234,-0.030759217651277204,substituting
splice|002|011|HIGFITN+splice|005|021|NMURBEAN,2,"['splice|002|011|HIGFITN', 'splice|005|021|NMURBEAN']",2.0,87.26997470855713,1.0,2514.5731983589276,1780553.7515829236,9951.364022358726,20997.635977641276,84.79781978689861,2515.3187512054446,1766700.9617252508,10626.202937847691,0.7841049593444005,-6.350706074748191,3.3206005719839338,-2.4549756762905717,-0.07407414879946339,0.0,-0.26380577526392557,1.4169543309048738,-0.6577960938708771,0.39659913220693177,,0.716590902023162,-0.18911363562368333,0.7003634288817118,-0.07469213964024224,substituting
splice|002|033|WESHIGW+splice|005|021|NMURBEAN,2,"['splice|002|033|WESHIGW', 'splice|005|021|NMURBEAN']",2.0,83.30506467819214,1.0,2516.287821042616,1773752.776986465,10053.088098497728,20895.911901502273,84.88515769723092,2513.4791739109373,1767946.6791493138,10610.792609662445,0.32840910337550433,-5.25601179554539,2.742151756352307,-2.3493207137620487,-0.1471549319965848,0.0,-0.6447565455885318,2.453651004945079,-1.1390642673321127,0.5000030781422637,,1.877962575815073,-0.6289785703443185,0.5756884291300057,-0.015777975244213316,substituting
splice|005|006|NMURBEAN+splice|008|035|BOASHAN+splice|011|034|WESHIGW,3,"['splice|005|006|NMURBEAN', 'splice|008|035|BOASHAN', 'splice|011|034|WESHIGW']",2.0,83.22948861122131,1.0,2515.282763104837,1788102.3749855082,9902.303520245106,21046.69647975489,84.95881416380517,2514.77025777165,1771742.208553463,10469.097683859201,0.923394292525348,-5.413973397993543,2.7675628275208197,-1.7945044956360734,-0.09586411644033621,0.0,0.15902390294166846,0.9169659181476719,-0.4256852786392207,0.5872088431811973,,-0.6001563984069813,0.3603561065913974,1.5171223165546532,-0.20133220364972892,substituting
splice|002|033|WESHIGW+splice|008|035|BOASHAN+splice|011|034|WESHIGW,3,"['splice|002|033|WESHIGW', 'splice|008|035|BOASHAN', 'splice|011|034|WESHIGW']",2.0,82.39251208305359,1.0,2516.2962275919904,1775965.511299464,10052.246646034966,20896.753353965036,84.98762851897685,2512.7777980743385,1772564.1733848662,10543.990945117732,0.19188799850911042,-4.66373977028558,2.4099195337779156,-2.16583661559977,-0.17501845021200557,0.0,-0.52081212716657,2.4450755427475546,-1.1350832600310001,0.6213236738772387,,1.155128923685389,-0.42598773603890194,1.2899466190621656,-0.09482439112766805,substituting
splice|002|033|WESHIGW+splice|005|021|NMURBEAN+splice|011|034|WESHIGW,3,"['splice|002|033|WESHIGW', 'splice|005|021|NMURBEAN', 'splice|011|034|WESHIGW']",2.0,80.75419759750366,1.0,2515.3378210426163,1773794.5589219441,10064.662152255705,20884.3378477443,84.93420149844637,2515.1716373016366,1766562.5895504153,10645.415061528118,0.4093808741511662,-5.4554275800031355,2.860346638449962,-2.3828091625180403,-0.07991853454046849,0.0,-0.6424161662383909,2.5716052149165947,-1.1938224319973822,0.5580686140595814,,1.2934106867525719,-0.5269908130516532,1.2781945281640228,-0.11542535318673774,substituting
splice|005|006|NMURBEAN+splice|008|035|BOASHAN+splice|033|034|WESHIGW,3,"['splice|005|006|NMURBEAN', 'splice|008|035|BOASHAN', 'splice|033|034|WESHIGW']",2.0,79.50021123886108,1.0,2516.791096438171,1788878.9922281983,9907.339465404159,21041.66053459584,85.0160560896321,2514.1243076010364,1777690.1087595543,10409.495403108747,0.6294057335139991,-4.824018055232749,2.4448298416145375,-1.7720992956962944,-0.12152574235608782,0.0,0.20252545299954683,0.9682885528197627,-0.4495109079330595,0.654980570039787,,-0.5003345110563773,0.37611139227187174,1.46862306387614,-0.1735859392723249,substituting
splice|002|011|HIGFITN+splice|008|035|BOASHAN+splice|033|034|WESHIGW,3,"['splice|002|011|HIGFITN', 'splice|008|035|BOASHAN', 'splice|033|034|WESHIGW']",2.0,81.18135166168213,1.0,2516.089938241635,1783029.7171678408,9961.38825073912,20987.61174926088,84.95629414483683,2514.657381142937,1777467.7949085494,10498.153064129558,0.3129126882199129,-5.112945201994368,2.6246581135422886,-2.25262180436665,-0.10034835988887991,0.0,-0.1251166824738137,1.5191138649720548,-0.7052218584106207,0.5842252601739206,,0.09357913724408196,0.029632484362207556,1.4255347277279729,-0.15474916683602125,substituting
splice|005|021|NMURBEAN+splice|008|035|BOASHAN+splice|033|034|WESHIGW,3,"['splice|005|021|NMURBEAN', 'splice|008|035|BOASHAN', 'splice|033|034|WESHIGW']",2.0,85.39333367347717,1.0,2516.039476602641,1783428.2782755918,9960.22167016673,20988.778329833276,84.97056142332218,2515.0501369472686,1772752.766867593,10530.990400278723,0.60219967541566,-5.419896025134419,2.795418071111988,-2.1335760259072023,-0.08474537225066081,0.0,-0.1027916231950643,1.5072249371459012,-0.6997026330454736,0.6011170416183154,,0.16717036572508892,0.08347861720658933,1.3400545714208123,-0.18627024040165363,substituting
splice|002|011|HIGFITN+splice|005|021|NMURBEAN+splice|033|034|WESHIGW,3,"['splice|002|011|HIGFITN', 'splice|005|021|NMURBEAN', 'splice|033|034|WESHIGW']",2.0,82.64988708496094,1.0,2515.131531692261,1780768.7317295552,9979.541605642029,20969.45839435797,84.92201840600174,2515.2768754068497,1771589.9314201702,10597.392763821794,0.5181108870960349,-5.830218544782384,3.0358838543298905,-2.4435884597189816,-0.07573774628322205,0.0,-0.251763846375308,1.7041194542565474,-0.791107445067396,0.5436444100950455,,0.23186090031126483,-0.07137059265054368,1.4722585539452826,-0.18039325372476434,substituting
splice|005|006|NMURBEAN+splice|007|101|EMO4THW+splice|011|033|WESHIGW,3,"['splice|005|006|NMURBEAN', 'splice|007|101|EMO4THW', 'splice|011|033|WESHIGW']",2.0,143.615864276886,1.0,2516.550014553028,1781564.0503680957,9922.416963580887,21026.583036419117,84.72912823174055,2512.9147938948254,1765456.9352584032,10532.888122921999,0.9123482305352981,-5.795857244629666,2.9901440735466966,-2.0174705664336434,-0.1695760249951883,0.0,-0.20721475363744135,1.1219472814702147,-0.5208442665959767,0.31527158694335533,,-0.35303161009272443,0.007414778215009132,1.4749788915629392,-0.21462953185245048,substituting
splice|002|011|HIGFITN+splice|005|006|NMURBEAN+splice|008|035|BOASHAN,3,"['splice|002|011|HIGFITN', 'splice|005|006|NMURBEAN', 'splice|008|035|BOASHAN']",2.0,80.36840605735779,1.0,2514.9529264371313,1784316.9440145867,9991.95708200214,20957.04291799786,85.14163715732144,2514.0174541972783,1773468.025761679,10532.351022226629,0.6117346405638324,-5.1308007023701085,2.646829755523483,-1.9826185765373205,-0.1257707014873155,0.0,-0.053013772531207426,1.8306488221081052,-0.8498464757597635,0.803662601524624,,0.3058953274265974,0.13688846506469954,1.5247534946815078,-0.18990223759590696,substituting
splice|002|033|WESHIGW+splice|005|006|NMURBEAN+splice|008|035|BOASHAN,3,"['splice|002|033|WESHIGW', 'splice|005|006|NMURBEAN', 'splice|008|035|BOASHAN']",2.0,74.32008671760559,1.0,2516.6675491208202,1777397.0348322704,10094.24142819391,20854.758571806087,85.22740882913718,2513.7350071058704,1774733.3140887946,10515.49544177916,0.1500913248390523,-4.006031060710303,2.0615847486415095,-1.872882366573192,-0.13699146112240435,0.0,-0.4406265618735583,2.8730553548397264,-1.3337653505611002,0.9052121952974668,,1.4672670012185085,-0.3029764696559356,1.405788353621218,-0.1376500922176227,substituting
splice|001|021|PICBETS+splice|002|033|WESHIGW+splice|005|006|NMURBEAN,3,"['splice|001|021|PICBETS', 'splice|002|033|WESHIGW', 'splice|005|006|NMURBEAN']",2.0,78.52147817611694,1.0,2516.5577329274884,1772959.7627756645,10117.386870692028,20831.613129307974,85.10909605369395,2514.499158266327,1775655.150171381,10512.448719201793,-0.1517967830328093,-3.7580382940480384,1.9331140713597428,-2.0453714903019504,-0.10663407116445756,0.0,-0.6891765577791586,3.108936614888713,-1.443269071389175,0.765135477308232,,1.582172345798205,-0.4448516515942469,1.526764269090508,-0.24432490618491176,substituting
splice|002|034|WESHIGW+splice|007|101|EMO4THW+splice|011|033|WESHIGW,3,"['splice|002|034|WESHIGW', 'splice|007|101|EMO4THW', 'splice|011|033|WESHIGW']",2.0,82.42096519470215,1.0,2516.312026357532,1781465.292341026,9927.287262610038,21021.712737389968,84.74406032446863,2513.6636938602796,1764121.3866219248,10597.193899742882,0.9831469563618134,-6.321547415954121,3.291632368315356,-2.234920059857315,-0.1398245183990232,0.0,-0.2127465999859801,1.1715817730944433,-0.5438862052100646,0.3329504769383318,,-0.02836501296021865,-0.230488663358841,1.199946786054662,0.017742063372860883,substituting
splice|001|021|PICBETS+splice|002|034|WESHIGW+splice|011|033|WESHIGW,3,"['splice|001|021|PICBETS', 'splice|002|034|WESHIGW', 'splice|011|033|WESHIGW']",2.0,77.152170419693,1.0,2516.1136517402074,1777997.140192327,9980.311319121329,20968.68868087867,84.79295807437312,2514.1149957317,1767520.834800415,10542.244965271346,0.592711847331362,-5.3303034410712264,2.753664878094053,-2.1030422937482918,-0.12189567446285743,0.0,-0.40701217382561605,1.7119638057045083,-0.7947490470787577,0.39084309502643855,,0.1907689831506687,-0.1951829237103131,1.5211948225538396,-0.21182925011530296,substituting
splice|005|021|NMURBEAN+splice|008|035|BOASHAN+splice|011|033|WESHIGW,3,"['splice|005|021|NMURBEAN', 'splice|008|035|BOASHAN', 'splice|011|033|WESHIGW']",2.0,80.90943717956543,1.0,2515.7098362935058,1779337.6534897306,9990.20546763904,20958.794532360964,84.89694627915664,2514.0967475591588,1764787.9914706384,10596.441443502272,0.8244424876762357,-5.721127975797713,2.9786720631725494,-2.091918192705733,-0.12262061858193674,0.0,-0.33192446896311845,1.812797661858223,-0.8415593889939177,0.5139602003525701,,0.4187019182199325,-0.10803707526343409,1.3940957436382906,-0.22388739369968436,substituting
splice|002|011|HIGFITN+splice|006|021|NMURBEAN+splice|007|101|EMO4THW,3,"['splice|002|011|HIGFITN', 'splice|006|021|NMURBEAN', 'splice|007|101|EMO4THW']",2.0,81.36085796356201,1.0,2516.135775504696,1778587.736368473,9985.010651573404,20963.9893484266,84.84013738072045,2512.5088826143765,1771140.0626751266,10552.149502925453,0.4205016785683968,-5.374628659258629,2.7805216860975257,-2.2961743809171153,-0.18570163948952167,0.0,-0.3739304345744987,1.7598559322116847,-0.8169821233723562,0.4467011573987101,,0.5001942836690754,-0.32629592840567323,1.2596616485426093,-0.047634506168825475,substituting
splice|002|011|HIGFITN+splice|006|021|NMURBEAN+splice|008|035|BOASHAN,3,"['splice|002|011|HIGFITN', 'splice|006|021|NMURBEAN', 'splice|008|035|BOASHAN']",2.0,80.18720746040344,1.0,2516.0472170807034,1780205.5507682548,10002.690061569836,20946.309938430168,84.98898163929647,2513.004193804354,1775078.7759874298,10499.610415438054,0.28881956396402675,-4.732750399363139,2.430000914273589,-2.090384976274251,-0.16602443984264914,0.0,-0.2833099458345312,1.9400314249558903,-0.9006254227740484,0.6229257041965086,,0.6044229352002661,-0.14911500681883405,1.3356084897556242,-0.13419493901569712,substituting
splice|002|034|WESHIGW+splice|005|021|NMURBEAN+splice|007|101|EMO4THW,3,"['splice|002|034|WESHIGW', 'splice|005|021|NMURBEAN', 'splice|007|101|EMO4THW']",2.0,81.39638686180115,1.0,2514.7530350266334,1779005.5051412678,10005.420434136971,20943.57956586303,84.9427625085139,2513.2393371523913,1762704.9150319123,10677.269326323521,0.9247486615796108,-6.292328793563229,3.3142157569159503,-2.3128154028274506,-0.15668291334661744,0.0,-0.3505294743802567,1.967857366135961,-0.9135431259189697,0.5682044441796874,,0.5999245015089194,-0.224349765251608,1.3679328646270417,-0.12617970912864873,substituting
splice|001|021|PICBETS+splice|007|101|EMO4THW+splice|008|035|BOASHAN,3,"['splice|001|021|PICBETS', 'splice|007|101|EMO4THW', 'splice|008|035|BOASHAN']",2.0,78.72056198120117,1.0,2516.046400292017,1780030.6204973054,10009.990978531789,20939.009021468213,85.01026092840817,2514.8229084928053,1771366.9723908955,10529.425439423456,0.4890939168136432,-4.93317003743472,2.5438064801532434,-2.0037412632398,-0.09377246421707897,0.0,-0.29310851521986425,2.0144369798567707,-0.9351668912664368,0.6481193738466784,,0.7811045996032107,-0.21894812665584906,1.23333238025356,-0.07416038856401519,substituting
splice|002|033|WESHIGW+splice|007|101|EMO4THW+splice|008|035|BOASHAN,3,"['splice|002|033|WESHIGW', 'splice|007|101|EMO4THW', 'splice|008|035|BOASHAN']",2.0,79.51127338409424,1.0,2516.962894258657,1771724.3978343983,10119.880830109527,20829.119169890477,85.0599770150393,2515.065274486552,1771464.8711631706,10588.505869370536,0.01465039896937359,-4.4257900504792165,2.301638831820041,-2.2355345026391915,-0.08414400408318645,0.0,-0.7583744674805715,3.1343532078079717,-1.4550682770354872,0.7069808638292097,,1.892261463401601,-0.671787089295306,1.2420917444063706,-0.08658737818526552,substituting
splice|002|011|HIGFITN+splice|005|021|NMURBEAN+splice|008|035|BOASHAN,3,"['splice|002|011|HIGFITN', 'splice|005|021|NMURBEAN', 'splice|008|035|BOASHAN']",2.0,81.01465368270874,1.0,2514.2013066016016,1779928.9974677372,10031.161019351417,20917.838980648587,85.09143794033298,2514.3677882007205,1768270.7564570303,10648.756113228119,0.6593018047793553,-5.799692351950025,3.042303813301195,-2.3126443415313114,-0.11185300233512718,0.0,-0.2988008422308952,2.2301864045751962,-1.0353247620878858,0.7442291080998364,,0.9734002042080636,-0.15574431000058286,1.2567862003671326,-0.14305653223031234,substituting
splice|002|033|WESHIGW+splice|005|021|NMURBEAN+splice|008|035|BOASHAN,3,"['splice|002|033|WESHIGW', 'splice|005|021|NMURBEAN', 'splice|008|035|BOASHAN']",2.0,80.94406604766846,1.0,2515.9159292852905,1772637.7833457189,10141.312273649908,20807.687726350094,85.19148339106009,2514.218556132761,1769588.7727493136,10634.453550791564,0.17230051655832135,-4.637203733942208,2.42752787208238,-2.201778567125534,-0.11778153626363919,0.0,-0.7072119599302429,3.3527666560444924,-1.5564628738585995,0.8626781795133542,,2.1347718779999747,-0.595609244721218,1.2179947780445177,-0.11160271520902487,substituting
splice|001|021|PICBETS+splice|002|033|WESHIGW+splice|005|006|NMURBEAN+splice|011|034|WESHIGW,4,"['splice|001|021|PICBETS', 'splice|002|033|WESHIGW', 'splice|005|006|NMURBEAN', 'splice|011|034|WESHIGW']",2.0,71.77762007713318,1.0,2515.607732927488,1773502.46626247,10131.398964488193,20817.601035511812,85.1924514855065,2513.4290638812954,1774441.7675207553,10546.954098954064,-0.05293502866524635,-3.9400487625814273,2.036830700614045,-2.0480504097690866,-0.14914565031171056,0.0,-0.6587774865248641,3.2517375287547168,-1.5095618807574374,0.8638243574493387,,0.9976204567357039,-0.3428638943015816,2.254117072019013,-0.3159135922232825,substituting
splice|002|033|WESHIGW+splice|006|021|NMURBEAN+splice|007|101|EMO4THW+splice|011|034|WESHIGW,4,"['splice|002|033|WESHIGW', 'splice|006|021|NMURBEAN', 'splice|007|101|EMO4THW', 'splice|011|034|WESHIGW']",2.0,72.84925699234009,1.0,2516.9003981883843,1768458.22410883,10131.11288414638,20817.887115853628,84.94897749551541,2513.203110053526,1771111.5475389897,10570.423900618378,-0.14981119816233068,-4.156039725580907,2.1557493238466785,-2.2569072590325923,-0.1581221052555093,0.0,-0.9413263928439108,3.2488220091439812,-1.5082084021239228,0.5755626941933212,,1.0770140683984852,-0.6641731058336431,2.171807940745496,-0.27715328701026776,substituting
splice|001|021|PICBETS+splice|007|101|EMO4THW+splice|008|035|BOASHAN+splice|011|034|WESHIGW,4,"['splice|001|021|PICBETS', 'splice|007|101|EMO4THW', 'splice|008|035|BOASHAN', 'splice|011|034|WESHIGW']",2.0,72.109210729599,1.0,2515.096400292017,1781633.8236542067,10011.453601641726,20937.546398358278,85.0927701726266,2515.4209365845086,1770394.4022578555,10555.95320640484,0.6348540970315453,-5.158222986747784,2.670025770421547,-1.9822452153083092,-0.07001463602140934,0.0,-0.20330646274250297,2.029342954636748,-0.9420867275460876,0.7458064079864268,,0.19655271054070944,-0.11696036936318377,1.8327902440960386,-0.0863460933793192,substituting
splice|002|033|WESHIGW+splice|007|101|EMO4THW+splice|008|035|BOASHAN+splice|011|034|WESHIGW,4,"['splice|002|033|WESHIGW', 'splice|007|101|EMO4THW', 'splice|008|035|BOASHAN', 'splice|011|034|WESHIGW']",2.0,80.7172863483429,1.0,2516.012894258657,1772462.9113221774,10126.985385676904,20822.0146143231,85.12446774016435,2514.787265574119,1770222.8513298682,10613.471096984891,0.12654112958865316,-4.583662657226151,2.392294361401426,-2.212816155691988,-0.09518844843301455,0.0,-0.7170072666368821,3.206757592362619,-1.4886807374376199,0.7833348254569605,,1.3077095743390998,-0.5697993320026407,1.8990480180235192,-0.14720793463424142,substituting
splice|002|033|WESHIGW+splice|005|021|NMURBEAN+splice|008|035|BOASHAN+splice|011|034|WESHIGW,4,"['splice|002|033|WESHIGW', 'splice|005|021|NMURBEAN', 'splice|008|035|BOASHAN', 'splice|011|034|WESHIGW']",2.0,78.31322717666626,1.0,2514.9659292852903,1772923.2492356093,10153.84782253061,20795.152177469394,85.25656528527314,2514.0337166929576,1768225.2549960362,10662.899204951185,0.26568980543055787,-4.7740428999291655,2.509360411660877,-2.1887470541422704,-0.12512464224070374,0.0,-0.6912218324694241,3.4805197143680022,-1.6157699813019177,0.9397320573193424,,1.5502199889374735,-0.4936214874285527,1.9302997254305287,-0.19760034504087143,substituting
splice|002|011|HIGFITN+splice|005|006|NMURBEAN+splice|007|101|EMO4THW+splice|033|034|WESHIGW,4,"['splice|002|011|HIGFITN', 'splice|005|006|NMURBEAN', 'splice|007|101|EMO4THW', 'splice|033|034|WESHIGW']",2.0,80.3557858467102,1.0,2515.599818194457,1781781.5194643624,10012.569639583246,20936.430360416758,85.10436061885072,2515.136178795323,1774265.2322231974,10558.685755252402,0.4236281647556739,-5.1721978315103385,2.678311423326063,-2.1958709948731947,-0.08132719261650934,0.0,-0.1950334083655858,2.0407167892882105,-0.9473668299762594,0.7595289469178645,,-0.2830633258164905,0.077450586451,2.323780115104701,-0.2724839948165858,substituting
splice|002|011|HIGFITN+splice|005|006|NMURBEAN+splice|008|035|BOASHAN+splice|033|034|WESHIGW,4,"['splice|002|011|HIGFITN', 'splice|005|006|NMURBEAN', 'splice|008|035|BOASHAN', 'splice|033|034|WESHIGW']",2.0,80.38962912559509,1.0,2515.5112597704647,1784531.869837002,10025.549359088054,20923.450640911946,85.28860274832867,2513.746880380553,1778304.5416755932,10501.022587106883,0.3501834480803323,-4.527875490931843,2.3252824395190608,-1.9302160173426786,-0.1365197722102196,0.0,-0.04097488656708004,2.1729965066505263,-1.0087753591585202,0.9776628949715427,,-0.17883467428529976,0.2546315080378392,2.351831180935826,-0.2956063946049192,substituting
splice|001|021|PICBETS+splice|002|011|HIGFITN+splice|005|006|NMURBEAN+splice|033|034|WESHIGW,4,"['splice|001|021|PICBETS', 'splice|002|011|HIGFITN', 'splice|005|006|NMURBEAN', 'splice|033|034|WESHIGW']",2.0,76.58676075935364,1.0,2515.401443577133,1777705.1049746843,10066.828384666538,20882.17161533346,85.1302794422656,2514.90449303954,1779167.2081162976,10507.522904631438,-0.08217907428506033,-4.194085741851239,2.1558839310332756,-2.1908312269406482,-0.09053135954050218,0.0,-0.42337027655707793,2.5936818561675734,-1.2040711239022617,0.7902156052647547,,-0.06392932970560317,0.1127563260995279,2.6576111858731766,-0.5361266026566058,substituting
splice|002|011|HIGFITN+splice|006|021|NMURBEAN+splice|007|101|EMO4THW+splice|033|034|WESHIGW,4,"['splice|002|011|HIGFITN', 'splice|006|021|NMURBEAN', 'splice|007|101|EMO4THW', 'splice|033|034|WESHIGW']",2.0,77.35004687309265,1.0,2516.694108838029,1777731.4007352116,10023.357601037496,20925.642398962507,84.95468702185943,2515.2856618371784,1776115.3204628127,10520.659368512459,0.0909896026333401,-4.726906841631518,2.4343718192579855,-2.2876913042035096,-0.07538868826221234,0.0,-0.42189734204055584,2.150659726926807,-0.9984059025490377,0.5823225027477896,,0.015464281957178194,-0.20855288543253359,2.1351954449696287,-0.21334445660802226,substituting
splice|002|011|HIGFITN+splice|007|101|EMO4THW+splice|008|035|BOASHAN+splice|033|034|WESHIGW,4,"['splice|002|011|HIGFITN', 'splice|007|101|EMO4THW', 'splice|008|035|BOASHAN', 'splice|033|034|WESHIGW']",2.0,84.22379660606384,1.0,2515.806604908302,1780530.3815975382,10028.770254621004,20920.229745378998,85.11046022287752,2515.9735531795795,1775095.5223373594,10568.042223237771,0.3061727772837086,-5.102855923786698,2.64595989316867,-2.2794731700304216,-0.04806086778557095,0.0,-0.26511482499036454,2.2058214957108913,-1.024013782242672,0.7667505889586979,,0.2461597878977928,-0.11417911160153116,1.9596617078130985,-0.15093571338883338,substituting
splice|002|011|HIGFITN+splice|005|021|NMURBEAN+splice|008|035|BOASHAN+splice|033|034|WESHIGW,4,"['splice|002|011|HIGFITN', 'splice|005|021|NMURBEAN', 'splice|008|035|BOASHAN', 'splice|033|034|WESHIGW']",2.0,77.55866742134094,1.0,2514.759639934935,1780260.3553702107,10060.2409620733,20888.759037926706,85.22575956464807,2514.486351605041,1773200.12985724,10616.701787799426,0.39816292555421295,-5.241371914256865,2.7368319110734562,-2.276368603173917,-0.10714284067346869,0.0,-0.28024011296921003,2.5265477090500754,-1.1729052784151373,0.9032595443190461,,0.48867020249616644,-0.03800126702744322,2.037877506553909,-0.2422388459417668,substituting
splice|002|034|WESHIGW+splice|005|006|NMURBEAN+splice|008|035|BOASHAN+splice|011|033|WESHIGW,4,"['splice|002|034|WESHIGW', 'splice|005|006|NMURBEAN', 'splice|008|035|BOASHAN', 'splice|011|033|WESHIGW']",2.0,78.33629083633423,1.0,2515.644789462369,1781384.1878798646,10028.841232038021,20920.158767961984,85.15156159368884,2514.486536439606,1768327.4581411358,10544.165919481226,0.7383660576335771,-4.88729683673792,2.5255029539064333,-1.7431144883788718,-0.10713549776115716,0.0,-0.2172895969517863,2.2065448451375813,-1.0243495844749484,0.8154126637561099,,-0.1965501729584096,0.1716912819036298,2.403095018095991,-0.3889808788554161,substituting
splice|001|021|PICBETS+splice|002|034|WESHIGW+splice|005|006|NMURBEAN+splice|007|101|EMO4THW,4,"['splice|001|021|PICBETS', 'splice|002|034|WESHIGW', 'splice|005|006|NMURBEAN', 'splice|007|101|EMO4THW']",2.0,80.6482343673706,1.0,2515.0229469115056,1780077.0541522147,10049.622911408796,20899.377088591205,85.17368946483786,2515.165887493913,1769828.7650448293,10566.930299360325,0.579055404104345,-4.895531372841965,2.5380513144614314,-1.9105062805897077,-0.08014695682688755,0.0,-0.29050757378775716,2.4183363767235955,-1.122670073112908,0.8416110143148803,,0.3041342714920514,-0.0402228465015364,2.114202105231544,-0.25028472728622075,substituting
splice|002|011|HIGFITN+splice|005|006|NMURBEAN+splice|007|101|EMO4THW+splice|008|035|BOASHAN,4,"['splice|002|011|HIGFITN', 'splice|005|006|NMURBEAN', 'splice|007|101|EMO4THW', 'splice|008|035|BOASHAN']",2.0,89.63578772544861,1.0,2514.669593103798,1781808.9134852474,10064.088699387145,20884.91130061286,85.31560837574449,2514.2200382595593,1771011.4965544716,10603.101198980163,0.6096751461965422,-5.083536311478964,2.6492439821140135,-1.986930206980253,-0.11772265589610198,0.0,-0.19349895573523845,2.5657610067004066,-1.1911093612564705,1.0096362777400447,,0.45847597808030827,-0.006923130899039176,2.1072850286200984,-0.18657582483619928,substituting
splice|002|033|WESHIGW+splice|005|006|NMURBEAN+splice|007|101|EMO4THW+splice|008|035|BOASHAN,4,"['splice|002|033|WESHIGW', 'splice|005|006|NMURBEAN', 'splice|007|101|EMO4THW', 'splice|008|035|BOASHAN']",2.0,91.16740107536316,1.0,2516.384215787487,1773116.2586149578,10181.98038841896,20767.019611581043,85.38135427127698,2513.9811168162614,1772284.8161169272,10587.840082834997,0.046913593710762314,-3.8332624146261485,1.9933034074050449,-1.9083505962342984,-0.1272142745690097,0.0,-0.6804105773030034,3.7672260536698143,-1.7488683500830104,1.0874763016339495,,1.6198476518722194,-0.4467880656196743,2.147378401797595,-0.23362251168332904,substituting
splice|002|034|WESHIGW+splice|006|021|NMURBEAN+splice|008|035|BOASHAN+splice|011|033|WESHIGW,4,"['splice|002|034|WESHIGW', 'splice|006|021|NMURBEAN', 'splice|008|035|BOASHAN', 'splice|011|033|WESHIGW']",2.0,80.84802675247192,1.0,2516.7390801059405,1780476.4210748433,10017.40410276139,20931.59589723861,85.0616660963597,2514.2920596110935,1770476.4793763875,10512.541779691084,0.5648164104375963,-4.7099710736583145,2.422815497636699,-1.8140480499112766,-0.11486146773470596,0.0,-0.2681373774784279,2.089986068379046,-0.9702392251035752,0.7089806560485412,,0.10197743481525912,-0.11431218997990378,1.988008633563787,-0.15382518749852414,substituting
splice|002|034|WESHIGW+splice|007|101|EMO4THW+splice|008|035|BOASHAN+splice|011|033|WESHIGW,4,"['splice|002|034|WESHIGW', 'splice|007|101|EMO4THW', 'splice|008|035|BOASHAN', 'splice|011|033|WESHIGW']",2.0,84.61316561698914,1.0,2515.940134600206,1779830.6086594788,10025.768411669751,20923.231588330254,85.06480469547368,2512.3361003833907,1765675.9520866193,10613.334387613431,0.80165653024451,-5.5361110324519185,2.8893373206618556,-2.029054559765453,-0.1925657494134092,0.0,-0.3043120071037686,2.1752289288214044,-1.0098117218357183,0.7126966086269837,,0.22844428922468296,-0.19711933773574053,1.9467846395967214,-0.10719266936802807,substituting
splice|002|034|WESHIGW+splice|005|021|NMURBEAN+splice|008|035|BOASHAN+splice|011|033|WESHIGW,4,"['splice|002|034|WESHIGW', 'splice|005|021|NMURBEAN', 'splice|008|035|BOASHAN', 'splice|011|033|WESHIGW']",2.0,72.91379261016846,1.0,2514.893169626839,1780259.3045716211,10047.522918101211,20901.477081898793,85.17385147451472,2514.707944689153,1763677.7422813955,10663.186681105122,0.9401696178791052,-5.773731450231956,3.0349473956287287,-2.033075020367814,-0.09833962474645741,0.0,-0.2802989725527172,2.3969347955039577,-1.1127347659389941,0.8418028260928745,,0.4709547038230566,-0.12094149316165259,1.9259800916809011,-0.1593574793910646,substituting
splice|001|021|PICBETS+splice|002|034|WESHIGW+splice|007|101|EMO4THW+splice|008|035|BOASHAN,4,"['splice|001|021|PICBETS', 'splice|002|034|WESHIGW', 'splice|007|101|EMO4THW', 'splice|008|035|BOASHAN']",2.0,80.34160614013672,1.0,2515.22973362535,1776781.6304978475,10101.432808143458,20847.567191856546,85.22728883166243,2514.86022485122,1770123.0039454843,10594.455412601279,0.3761674492406275,-4.653590819509324,2.4221745779714032,-1.9976212545391836,-0.09228999935562143,0.0,-0.4750979088745555,2.9463445893889606,-1.3677885869899264,0.9050701239753822,,0.8333573852063347,-0.23185254455406756,2.112987204182626,-0.24324536432048793,substituting
splice|001|021|PICBETS+splice|005|006|NMURBEAN+splice|007|101|EMO4THW+splice|008|035|BOASHAN+splice|011|034|WESHIGW,5,"['splice|001|021|PICBETS', 'splice|005|006|NMURBEAN', 'splice|007|101|EMO4THW', 'splice|008|035|BOASHAN', 'splice|011|034|WESHIGW']",2.0,75.62974238395691,1.0,2514.5177218208464,1782758.894753538,10070.254621351924,20878.74537864808,85.3863037468094,2514.7083591225096,1772124.8904152352,10546.68471123624,0.6000708187001047,-4.517344577265458,2.3351765872704933,-1.6955125563209439,-0.09832316057593049,0.0,-0.14028656818453333,2.6285995306359,-1.2202810393323715,1.0933362460545881,,-0.07586110098867227,0.10803865431244786,2.7044606316245723,-0.2483252224969812,substituting
splice|002|033|WESHIGW+splice|005|021|NMURBEAN+splice|007|101|EMO4THW+splice|008|035|BOASHAN+splice|011|034|WESHIGW,5,"['splice|002|033|WESHIGW', 'splice|005|021|NMURBEAN', 'splice|007|101|EMO4THW', 'splice|008|035|BOASHAN', 'splice|011|034|WESHIGW']",2.0,69.49424576759338,1.0,2514.682595951957,1769404.7212161664,10229.173662468347,20719.826337531653,85.39669649697242,2514.0431732989778,1765900.0200648017,10731.78650841854,0.19846543470996014,-4.68340332297813,2.486063898763713,-2.2321068611957373,-0.1247489601878704,0.0,-0.8883091675865873,4.248185056700837,-1.9721450969798715,1.1056407696215853,,1.7028006395911843,-0.6374330833922914,2.545384417109653,-0.25087608419429586,substituting
splice|001|021|PICBETS+splice|002|011|HIGFITN+splice|005|006|NMURBEAN+splice|008|035|BOASHAN+splice|033|034|WESHIGW,5,"['splice|001|021|PICBETS', 'splice|002|011|HIGFITN', 'splice|005|006|NMURBEAN', 'splice|008|035|BOASHAN', 'splice|033|034|WESHIGW']",2.0,73.97477674484253,1.0,2515.0295518198077,1779412.6881372456,10137.714138371992,20811.28586162801,85.50229428245656,2514.3729164192982,1780741.264155372,10521.681524489752,-0.07460803233290125,-3.649296789910017,1.8796759181979095,-1.9182274903386642,-0.11164927388556123,0.0,-0.3277214674129003,3.316097118045791,-1.5394396866368898,1.2306635422016265,,0.19287997247929844,0.14612565172262837,3.1232171455664925,-0.4738471191355287,substituting
splice|001|021|PICBETS+splice|002|011|HIGFITN+splice|007|101|EMO4THW+splice|008|035|BOASHAN+splice|033|034|WESHIGW,5,"['splice|001|021|PICBETS', 'splice|002|011|HIGFITN', 'splice|007|101|EMO4THW', 'splice|008|035|BOASHAN', 'splice|033|034|WESHIGW']",2.0,71.60830807685852,1.0,2515.324896957645,1773384.2560874901,10166.079528646384,20782.92047135362,85.32892470679734,2515.0295107489633,1776643.7917430338,10598.735450296343,-0.18346590749886982,-4.082146626632344,2.1260456864982347,-2.261432505755434,-0.08556478806484025,0.0,-0.6653989282873751,3.6051762315796543,-1.6736395740678311,1.0254021825001347,,0.617874434662391,-0.22268496791674197,2.9873017969172633,-0.44271396037063315,substituting
splice|001|021|PICBETS+splice|002|034|WESHIGW+splice|005|006|NMURBEAN+splice|008|035|BOASHAN+splice|011|033|WESHIGW,5,"['splice|001|021|PICBETS', 'splice|002|034|WESHIGW', 'splice|005|006|NMURBEAN', 'splice|008|035|BOASHAN', 'splice|011|033|WESHIGW']",2.0,75.07520413398743,1.0,2515.1630815117114,1779635.7980618018,10118.979674753558,20830.020325246445,85.43610473124906,2513.8060561969155,1770575.5210949397,10554.006220417688,0.5117136693078894,-4.1219091270055515,2.133006513096558,-1.5874327987992487,-0.13416889789849007,0.0,-0.315224155973004,3.1251692978056855,-1.450804808556505,1.1522982510181912,,0.1751644738061886,0.063185425588419,2.950004823999497,-0.378409581561423,substituting
splice|001|021|PICBETS+splice|002|033|WESHIGW+splice|005|006|NMURBEAN+splice|007|101|EMO4THW+splice|008|035|BOASHAN,5,"['splice|001|021|PICBETS', 'splice|002|033|WESHIGW', 'splice|005|006|NMURBEAN', 'splice|007|101|EMO4THW', 'splice|008|035|BOASHAN']",2.0,84.94714689254761,1.0,2515.902507836829,1768060.4659493323,10299.144900143772,20649.85509985623,85.62096234571844,2514.3053310610194,1774952.8783156897,10602.63442087987,-0.38831523081884756,-2.862397293812491,1.4916153922229114,-1.8523014100983781,-0.11433423359366035,0.0,-0.9636064756635809,4.96128024645186,-2.3031869803670113,1.3711609041271888,,1.9915622986368176,-0.5552939219348851,2.9697179478150426,-0.4083125537286958,substituting
splice|001|021|PICBETS+splice|002|034|WESHIGW+splice|005|006|NMURBEAN+splice|007|101|EMO4THW+splice|008|035|BOASHAN+splice|011|033|WESHIGW,6,"['splice|001|021|PICBETS', 'splice|002|034|WESHIGW', 'splice|005|006|NMURBEAN', 'splice|007|101|EMO4THW', 'splice|008|035|BOASHAN', 'splice|011|033|WESHIGW']",2.0,71.97172021865845,1.0,2514.879748178378,1776314.8537620725,10196.976914632276,20752.023085367724,85.59718955857149,2514.497109186197,1768269.147253232,10624.986844661971,0.45500463101662003,-4.028333740899914,2.10593216388113,-1.6168771959446437,-0.10671547485494592,0.0,-0.5012440081638703,3.920059575856394,-1.819818621177982,1.343015050997387,,0.32774512445989945,-0.08062617037531972,3.5923144513964944,-0.42061783778855055,substituting
splice|001|021|PICBETS,1,['splice|001|021|PICBETS'],2.0,87.4471287727356,1.0,2516.701625382676,1783326.2641642797,9848.801678063148,21100.198321936856,84.5170380370426,2515.4788117265384,1772261.127045337,10433.065260578529,0.6243513977756798,-5.600114328077943,2.8478526079180666,-2.1619325574243398,-0.06771543352537268,0.0,-0.10850585631521081,0.3717146467645982,-0.17256197842324683,0.06416684969334785,20260825.0,0.3717146467645982,-0.10850585631521081,0.0,0.0,
splice|002|033|WESHIGW,1,['splice|002|033|WESHIGW'],2.0,92.9531900882721,1.0001727271948075,2517.618119349316,1775241.8959962528,9957.832032115406,20991.167967884598,84.57089661291269,2513.583829286842,1772327.7056383295,10494.106604813882,0.16442728670620355,-5.110245139424019,2.621742202893529,-2.394536346234477,-0.14299729379364523,0.0,-0.5613448189546677,1.4828715105629886,-0.688396983647177,0.127932850576995,20260825.0,1.4828715105629886,-0.5613448189546677,0.0,0.0,
splice|001|021|PICBETS+splice|002|011|HIGFITN,2,"['splice|001|021|PICBETS', 'splice|002|011|HIGFITN']",2.0,91.44926404953003,1.0,2515.4217887149703,1775940.8635418753,9982.812074442661,20966.18792555734,84.70499596052179,2513.524541775237,1773022.915711893,10532.994092731618,0.164574738663803,-5.223415236400964,2.6948562847598057,-2.4638834286693667,-0.1453526054159604,0.0,-0.5221927502091939,1.7374496574577458,-0.8065804049190106,0.2867001217124354,20260825.0,0.6932144835356757,-0.22998574054924337,1.04423517392207,-0.2922070096599505,substituting
splice|002|011|HIGFITN+splice|007|101|EMO4THW,2,"['splice|002|011|HIGFITN', 'splice|007|101|EMO4THW']",2.0,95.4630696773529,1.0,2515.6201633322944,1780158.202059979,9919.334791169058,21029.665208830946,84.6498593478531,2514.8077013496563,1768711.3839231501,10578.971104011796,0.6471840595857481,-6.235354141317096,3.238268910716413,-2.5098104399362997,-0.09437659753337435,0.0,-0.2859621431976711,1.090536056031377,-0.5062621583750482,0.2214209858393934,20260825.0,0.47408048742478837,-0.26529148019777127,0.6164555686065887,-0.020670662999899836,substituting
splice|005|006|NMURBEAN+splice|008|035|BOASHAN,2,"['splice|005|006|NMURBEAN', 'splice|008|035|BOASHAN']",2.0,83.52603197097778,1.0,2516.232763104837,1789067.3184831594,9876.049318486426,21072.95068151358,84.89875696679884,2512.9832782721533,1772689.5860888034,10440.916850086141,0.9238917249179135,-5.410133417498242,2.7543653274201274,-1.7814071418469912,-0.16685535000815488,0.0,0.2130743869622087,0.649402479128458,-0.30147366418502575,0.5161039686926605,20260825.0,-0.0156045093444801,0.2583683492987321,0.6650069884729382,-0.045293962336523386,substituting
splice|001|021|PICBETS+splice|002|011|HIGFITN+splice|033|034|WESHIGW,3,"['splice|001|021|PICBETS', 'splice|002|011|HIGFITN', 'splice|033|034|WESHIGW']",2.0,81.93972849845886,1.0,2515.9801220483037,1775952.945500448,10013.583977616043,20935.416022383964,84.83007663194344,2512.7360098822155,1777571.3412587247,10509.418926985243,-0.09104533363654133,-4.718005370363865,2.425856712023444,-2.457291670731554,-0.17667856735840148,0.0,-0.5215159896419963,2.0510541735620835,-0.9521657785717563,0.43478970773558334,20260825.0,0.20848448182377854,-0.11224269757610372,1.842569691738305,-0.4092732920658926,substituting
splice|001|021|PICBETS+splice|002|033|WESHIGW+splice|011|034|WESHIGW,3,"['splice|001|021|PICBETS', 'splice|002|033|WESHIGW', 'splice|011|034|WESHIGW']",2.0,84.64061450958252,1.0,2516.186411398659,1771187.371078998,10082.036188639388,20866.963811360616,84.87997521300676,2514.785838546855,1772865.5821860358,10550.177677745174,-0.09466093334433712,-4.437285355803033,2.2949437066033473,-2.3359948726316415,-0.09524513986447491,0.0,-0.7884555614845357,2.748668565278245,-1.2760209741065176,0.49386726247542256,20260825.0,1.2700342682650856,-0.5678629179772132,1.4786342970131594,-0.22059264350732244,substituting
splice|001|021|PICBETS+splice|002|034|WESHIGW+splice|007|101|EMO4THW,3,"['splice|001|021|PICBETS', 'splice|002|034|WESHIGW', 'splice|007|101|EMO4THW']",2.0,87.45029306411743,1.0,2515.601625382676,1778677.7621452338,9998.976606281702,20950.0233937183,84.90099169428882,2513.6753906828876,1768441.0798275706,10574.88625254581,0.5788534565517534,-5.44601268051903,2.8266733630858853,-2.186028034376797,-0.139359839388431,0.0,-0.3688877177521199,1.9021866305618529,-0.8830566434684828,0.5187497801126373,20260825.0,0.5765480830214331,-0.26522187017716803,1.3256385475404198,-0.1036658475749519,substituting
splice|002|011|HIGFITN+splice|007|101|EMO4THW+splice|008|035|BOASHAN,3,"['splice|002|011|HIGFITN', 'splice|007|101|EMO4THW', 'splice|008|035|BOASHAN']",2.0,89.7217538356781,1.0,2515.248271574969,1780635.7727279922,9995.938538335307,20953.061461664696,84.98212903092028,2515.4513186391746,1770211.2447107662,10599.86461369786,0.5888861031909887,-5.697488575298582,2.9678217963456044,-2.310368085536263,-0.068807649853031,0.0,-0.25921143103375677,1.8712248852692959,-0.8686831984895838,0.6148125406991056,20260825.0,0.73088978960969,-0.2319221545746708,1.140335095659606,-0.027289276459085965,substituting
splice|002|033|WESHIGW+splice|006|021|NMURBEAN+splice|008|035|BOASHAN,3,"['splice|002|033|WESHIGW', 'splice|006|021|NMURBEAN', 'splice|008|035|BOASHAN']",2.0,89.12980842590332,1.000229822922867,2517.7618397643914,1772935.2487095906,10109.902718761854,20839.097281238148,85.07735362921883,2514.6403219882714,1776449.4018343613,10485.94357339663,-0.19781892583835559,-3.5861422675286025,1.8376573215421521,-1.998746142552843,-0.10102606796201785,0.0,-0.6905496922060217,3.03266366448689,-1.407860697422525,0.7275539513501128,20260825.0,1.7657946089921772,-0.5889799415394692,1.2668690554947126,-0.1015697506665525,substituting
splice|002|034|WESHIGW+splice|005|021|NMURBEAN+splice|011|033|WESHIGW,3,"['splice|002|034|WESHIGW', 'splice|005|021|NMURBEAN', 'splice|011|033|WESHIGW']",2.0,88.21736288070679,1.0,2515.2650613841647,1781191.1574672288,9959.55526163317,20989.44473836683,84.86128049930595,2514.8385810508516,1762059.6554804894,10645.352799635284,1.0857465538828492,-6.442224611152481,3.3777061393668983,-2.2170733624077177,-0.09314984138945048,0.0,-0.22810203027978648,1.5004333934276914,-0.6965497784814811,0.47173360760046634,20260825.0,0.214145401638155,-0.15431081878475306,1.2862879917895365,-0.07379121149503343,substituting
splice|002|034|WESHIGW+splice|008|035|BOASHAN+splice|011|033|WESHIGW,3,"['splice|002|034|WESHIGW', 'splice|008|035|BOASHAN', 'splice|011|033|WESHIGW']",2.0,90.47944045066833,1.0,2516.2234679335393,1783890.340833738,9940.57573199341,21008.424268006595,84.91309572181466,2513.7017352585663,1767960.4588327094,10543.92134058757,0.9010315768909427,-5.72221272432728,2.9568403957896505,-1.996767588239623,-0.13831324991957494,0.0,-0.07690958453026031,1.307008041247526,-0.6067554651824292,0.5330803749610702,20260825.0,0.07586363857097211,-0.053307741772001815,1.231144402676554,-0.023601842758258496,substituting
splice|005|006|NMURBEAN+splice|007|101|EMO4THW+splice|033|034|WESHIGW,3,"['splice|005|006|NMURBEAN', 'splice|007|101|EMO4THW', 'splice|033|034|WESHIGW']",2.0,89.64109802246094,1.0,2516.8796548621626,1783588.911306782,9917.312460814528,21031.687539185474,84.80484069495917,2514.1299955798904,1773529.7754359234,10467.461099832062,0.5671816740931757,-5.255798266366241,2.6860708157677493,-2.0634630625570693,-0.12129977634166567,0.0,-0.09379390145628497,1.0699259582853227,-0.4966942834647936,0.4049115545530668,20260825.0,-0.604563162587568,0.19893047068503256,1.6744891208728907,-0.2927243721413175,substituting
splice|001|021|PICBETS+splice|002|034|WESHIGW+splice|005|006|NMURBEAN+splice|008|035|BOASHAN,4,"['splice|001|021|PICBETS', 'splice|002|034|WESHIGW', 'splice|005|006|NMURBEAN', 'splice|008|035|BOASHAN']",2.0,79.26016736030579,1.0,2514.934388487513,1783943.848747404,10059.796198621263,20889.203801378742,85.40027976698944,2513.4350497008563,1774039.9570123735,10512.119672334344,0.5582676813948195,-4.302875992779076,2.2132706482641096,-1.6191664314944898,-0.14890785199636047,0.0,-0.07391238454951266,2.522015008346745,-1.1708010519398737,1.1098831914714058,20260825.0,0.4083629230232422,0.13695807508530278,2.113652085323503,-0.21087045963481543,substituting
splice|001|021|PICBETS+splice|007|101|EMO4THW+splice|008|035|BOASHAN+splice|011|033|WESHIGW,4,"['splice|001|021|PICBETS', 'splice|007|101|EMO4THW', 'splice|008|035|BOASHAN', 'splice|011|033|WESHIGW']",2.0,85.06984448432922,1.0,2516.2750933162156,1775205.9427337847,10069.345763559255,20879.654236440747,85.02084960945193,2514.713859185928,1768059.1200826531,10568.11425152905,0.4042185337556736,-4.719559952690999,2.447236563343247,-1.9942148740384802,-0.09810465986739292,0.0,-0.5633587101754989,2.6193371230860185,-1.215981129749355,0.6606558702891618,20260825.0,0.5479061503861571,-0.29272077615273284,2.0714309726998614,-0.27063793402276604,substituting
splice|001|021|PICBETS+splice|007|101|EMO4THW+splice|008|035|BOASHAN+splice|033|034|WESHIGW,4,"['splice|001|021|PICBETS', 'splice|007|101|EMO4THW', 'splice|008|035|BOASHAN', 'splice|033|034|WESHIGW']",2.0,79.36070823669434,1.0,2516.60473362535,1778989.6650400355,10053.577601647983,20895.422398352017,85.13776994430805,2513.778452098212,1775983.8662506815,10503.372463679008,0.1692469648217898,-4.282385144261336,2.19995625583993,-1.9869962428698207,-0.13526552436737838,0.0,-0.351416744091515,2.4586396596182114,-1.141380162407979,0.7990840046262493,20260825.0,0.2963745978913135,-0.10120508368270942,2.162265061726898,-0.2502116604088056,substituting
splice|002|011|HIGFITN+splice|005|021|NMURBEAN+splice|007|101|EMO4THW+splice|008|035|BOASHAN,4,"['splice|002|011|HIGFITN', 'splice|005|021|NMURBEAN', 'splice|007|101|EMO4THW', 'splice|008|035|BOASHAN']",2.0,85.89630818367004,1.0,2513.9179732682683,1777437.1056075231,10100.549677254494,20848.45032274551,85.25511863432612,2514.7063040998937,1765931.5367856852,10718.21430026153,0.6515297214058524,-5.762756796082769,3.0530926093247146,-2.3304132143061373,-0.09840480034323251,0.0,-0.43838203169872525,2.9373443714456604,-1.3636103943142963,0.9380192911706553,20260825.0,1.1259808548617745,-0.2995559059643216,1.811363516583886,-0.13882612573440367,substituting
splice|002|033|WESHIGW+splice|005|006|NMURBEAN+splice|007|101|EMO4THW+splice|011|034|WESHIGW,4,"['splice|002|033|WESHIGW', 'splice|005|006|NMURBEAN', 'splice|007|101|EMO4THW', 'splice|011|034|WESHIGW']",2.0,83.21507549285889,1.0,2515.806107544812,1772740.7383542182,10114.132578141978,20834.867421858024,85.0852900793802,2513.814333846165,1769454.60315582,10602.837617814095,0.18571458078311398,-4.609191023080761,2.401951928290913,-2.164253030117791,-0.1338400521946448,0.0,-0.7014450232595837,3.0757712680894,-1.4278726432188082,0.7369503321460691,20260825.0,0.7784864606248165,-0.3781696339501095,2.2972848074645835,-0.3232753893094742,substituting
splice|002|033|WESHIGW+splice|005|021|NMURBEAN+splice|007|101|EMO4THW+splice|008|035|BOASHAN,4,"['splice|002|033|WESHIGW', 'splice|005|021|NMURBEAN', 'splice|007|101|EMO4THW', 'splice|008|035|BOASHAN']",2.0,87.96162128448486,1.0,2515.6325959519572,1768251.4356667635,10224.541826810715,20724.458173189287,85.32196214202146,2514.5766694513413,1767254.9103041831,10705.378630818104,0.05638832048335818,-4.491544116180823,2.375250925901007,-2.2650617062673017,-0.10355478869868984,0.0,-0.9529094704134877,4.200980807685029,-1.950231355697274,1.0171588358375505,20260825.0,2.2873525286536855,-0.7394208406849567,1.913628279031343,-0.213488629728531,substituting
splice|002|034|WESHIGW+splice|005|006|NMURBEAN+splice|007|101|EMO4THW+splice|011|033|WESHIGW,4,"['splice|002|034|WESHIGW', 'splice|005|006|NMURBEAN', 'splice|007|101|EMO4THW', 'splice|011|033|WESHIGW']",2.0,83.1736912727356,1.0,2515.733347886361,1779856.332829868,10003.759197751036,20945.240802248965,84.97664694495937,2514.6986680131527,1764312.8734376945,10599.875605849877,0.880992233644351,-5.623805696076801,2.929445004868181,-1.9901523525429954,-0.09870815872956573,0.0,-0.30287108971954746,1.950927271497016,-0.9056836276419511,0.6083220107773624,20260825.0,-0.30077882448960036,-0.005489639683209369,2.2517060959866164,-0.2973814500363381,substituting
splice|002|034|WESHIGW+splice|006|021|NMURBEAN+splice|007|101|EMO4THW+splice|011|033|WESHIGW,4,"['splice|002|034|WESHIGW', 'splice|006|021|NMURBEAN', 'splice|007|101|EMO4THW', 'splice|011|033|WESHIGW']",2.0,77.33695101737976,1.0,2516.827638529933,1777881.723991308,10006.022358957443,20942.97764104256,84.8915447680726,2514.3230564759924,1766606.6006609122,10566.30750872507,0.6382362279285791,-5.3025633534228955,2.7488279578739006,-2.054127304314002,-0.11363005703495244,0.0,-0.4134771135283932,1.973991739463199,-0.916390900702535,0.507565067265725,20260825.0,-0.0022512167159316476,-0.29149311156674296,1.9762429561791306,-0.12198400196165027,substituting
splice|001|021|PICBETS+splice|002|011|HIGFITN+splice|005|006|NMURBEAN+splice|007|101|EMO4THW+splice|008|035|BOASHAN,5,"['splice|001|021|PICBETS', 'splice|002|011|HIGFITN', 'splice|005|006|NMURBEAN', 'splice|007|101|EMO4THW', 'splice|008|035|BOASHAN']",2.0,74.40481925010681,1.0,2514.1878851531405,1776216.4491660895,10182.339001395005,20766.660998605,85.53211560035612,2513.4939152697198,1773769.802122787,10618.518673154022,0.1379348684578119,-4.107726182765736,2.1454468526677317,-1.9653465191703745,-0.14656930286949255,0.0,-0.506756057372626,3.7708807723327187,-1.7505649888583164,1.2659705690365008,20260825.0,0.8301906248449065,-0.11542898721424999,2.940690147487812,-0.391327070158376,substituting
splice|002|033|WESHIGW+splice|005|006|NMURBEAN+splice|007|101|EMO4THW+splice|008|035|BOASHAN+splice|011|034|WESHIGW,5,"['splice|002|033|WESHIGW', 'splice|005|006|NMURBEAN', 'splice|007|101|EMO4THW', 'splice|008|035|BOASHAN', 'splice|011|034|WESHIGW']",2.0,79.66217064857483,1.0,2515.4342157874867,1773217.664888893,10196.558348263736,20752.44165173627,85.44621855330143,2513.3884085464283,1771171.034850836,10613.699302336947,0.11555236607792008,-3.9302126637539514,2.05131441268116,-1.8968516552126613,-0.1507607625019447,0.0,-0.6747303916732172,3.915793856484928,-1.8178383360841432,1.1642725369236384,20260825.0,1.0352957628097181,-0.34480030832700903,2.88049809367521,-0.3299300833462082,substituting
splice|002|034|WESHIGW+splice|005|021|NMURBEAN+splice|007|101|EMO4THW+splice|008|035|BOASHAN+splice|011|033|WESHIGW,5,"['splice|002|034|WESHIGW', 'splice|005|021|NMURBEAN', 'splice|007|101|EMO4THW', 'splice|008|035|BOASHAN', 'splice|011|033|WESHIGW']",2.0,76.3093729019165,1.0,2514.609836293506,1778090.747546288,10112.373852783041,20836.62614721696,85.33486827394934,2514.589203155816,1761400.2855313034,10732.068372890553,0.9475678045521629,-5.77423194277139,3.0652253840367294,-2.0546770955905513,-0.1030568629294959,0.0,-0.40176883802224284,3.05784763782051,-1.4195519135229318,1.0324390842775033,20260825.0,0.6235353544767674,-0.2647530891253913,2.4343122833437425,-0.13701574889685153,substituting
splice|001|021|PICBETS+splice|002|011|HIGFITN+splice|005|006|NMURBEAN+splice|007|101|EMO4THW+splice|008|035|BOASHAN+splice|033|034|WESHIGW,6,"['splice|001|021|PICBETS', 'splice|002|011|HIGFITN', 'splice|005|006|NMURBEAN', 'splice|007|101|EMO4THW', 'splice|008|035|BOASHAN', 'splice|033|034|WESHIGW']",2.0,67.96752619743347,1.0,2514.746218486474,1775678.2033240255,10220.379848188855,20728.62015181115,85.66311651809959,2513.925547227149,1778274.76111409,10592.110633837003,-0.1460155565857435,-3.509506258938,1.826068703139061,-1.936718450237096,-0.12942188449461822,0.0,-0.5369054374725124,4.158564994649661,-1.9305405614885252,1.4210694460794926,20260825.0,0.3454606231330093,0.002314055758889655,3.8131043715166513,-0.5392194932314021,substituting
<none>,0,[],1.0,15.7264084815979,1.0,2517.1833333333334,1754873.170147778,10224.971731325042,20724.02826867496,84.67818840028923,2500.575074683883,1770600.9012074382,10423.684219641913,-0.888270815231984,-1.906355604503307,0.9681336474590241,-1.8386043156674026,-0.6597953525878886,0.0,0.0,0.0,0.0,0.0,20260825.0,,,,,
<none>,0,[],4.0,19.426657915115356,1.0,2517.1833333333334,1790686.3287777524,9777.087995438938,21171.912004561065,84.5783946387074,2512.15565711329,1770600.9012074382,10423.684219641913,1.1343848044252702,-6.203144786222115,3.150237643708942,-1.9542881192834538,-0.1997342090051646,0.0,0.0,0.0,0.0,0.0,20260825.0,,,,,
splice|002|034|WESHIGW,1,['splice|002|034|WESHIGW'],1.0,80.85648036003113,1.0,2516.366666666667,1718328.3037263576,10748.04511352149,20200.95488647851,85.06173660516014,2514.3299010809033,1769479.3281653763,10490.965642673134,-2.890738740194998,2.450484346289894,-1.2566186289363013,-1.6549160952042952,-0.11335814180254422,0.0,-2.082479067039522,5.115646242756533,-2.5239947341081925,0.45294805205067235,20260825.0,5.115646242756533,-2.082479067039522,0.0,0.0,
splice|002|034|WESHIGW,1,['splice|002|034|WESHIGW'],4.0,91.26913166046143,1.0,2516.366666666667,1790824.3348677936,9778.220740545386,21170.77925945462,84.58943872214967,2514.0085949017107,1769479.3281653763,10490.965642673134,1.2062874294523684,-6.793892253622314,3.483936382541497,-2.2009686070208034,-0.126122654221561,0.0,0.007706882429570072,0.011585710458739129,-0.005350225837907896,0.013057806889626988,20260825.0,0.011585710458739129,0.007706882429570072,0.0,0.0,
splice|005|006|NMURBEAN,1,['splice|005|006|NMURBEAN'],1.0,90.63146257400513,1.0,2516.6046548621625,1713403.4621538278,10962.481825207262,19986.518174792745,85.7279615773594,2515.200975857841,1771066.4885943448,10423.798949925911,-3.2558363456068107,5.167817202433467,-2.624494999913296,-0.6483574546729876,-0.07875300337648605,0.0,-2.363117101531509,7.212832595153262,-3.558719783243036,1.2397208737009002,20260825.0,7.212832595153262,-2.363117101531509,0.0,0.0,
splice|005|006|NMURBEAN,1,['splice|005|006|NMURBEAN'],4.0,95.34681463241577,1.0,2516.6046548621625,1793439.4756930189,9760.396997772423,21188.60300222758,84.64170457601536,2515.2003503314145,1771066.4885943448,10423.798949925911,1.2632494173852926,-6.364301108840975,3.232133758568456,-1.9072397997583201,-0.07877785362947476,0.0,0.15374813952735433,-0.17071542850286558,0.07883557074543912,0.07485355755261214,20260825.0,-0.17071542850286558,0.15374813952735433,0.0,0.0,
splice|006|021|NMURBEAN,1,['splice|006|021|NMURBEAN'],1.0,81.9760513305664,1.000204836956281,2517.6989455057346,1711231.1401327385,10809.924251597038,20139.075748402964,84.97068889908911,2514.5987312533925,1773266.1995563766,10392.78979024195,-3.4983500750850327,4.013690931637481,-2.0292381577080576,-1.4995411791753566,-0.1026783407356402,0.0,-2.4869050799474213,5.720822860369834,-2.8225811733531114,0.3454260233074269,20260825.0,5.720822860369834,-2.4869050799474213,0.0,0.0,
splice|006|021|NMURBEAN,1,['splice|006|021|NMURBEAN'],4.0,91.7095274925232,1.000204836956281,2517.6989455057346,1789652.532699506,9776.91007957222,21172.089920427785,84.52885565032334,2514.0964463476125,1773266.1995563766,10392.78979024195,0.9240763257783335,-5.926028747815093,2.996076146260518,-2.011726949228476,-0.12263258479600081,0.0,-0.057731835086494154,-0.0018197224654237232,0.0008403391563271967,-0.05857168204205232,20260825.0,-0.0018197224654237232,-0.057731835086494154,0.0,0.0,
splice|007|101|EMO4THW,1,['splice|007|101|EMO4THW'],1.0,85.55540132522583,1.0,2516.9,1710064.5005099676,10673.66760157353,20275.332398426475,84.34211912810278,2514.007445022705,1768145.648349027,10495.347085963467,-3.2848621884340568,1.6990435299519602,-0.8718272298816832,-2.4342574780917947,-0.1261683353998233,0.0,-2.5533850764860144,4.3882358019032175,-2.165099682510585,-0.39687820268164975,20260825.0,4.3882358019032175,-2.5533850764860144,0.0,0.0,
splice|007|101|EMO4THW,1,['splice|007|101|EMO4THW'],4.0,91.44758462905884,1.0,2516.9,1789495.344889652,9776.1349059967,21172.865094003304,84.51833688755154,2515.4237489512416,1768145.648349027,10495.347085963467,1.2074625504160164,-6.852676467733454,3.51630187032852,-2.2304113247831325,-0.06990290928716725,0.0,-0.06650991125359829,-0.009748193354541801,0.004501669202250369,-0.07100838389331177,20260825.0,-0.009748193354541801,-0.06650991125359829,0.0,0.0,
splice|011|033|WESHIGW,1,['splice|011|033|WESHIGW'],1.0,87.36565136909485,1.000090852748455,2517.412026357532,1727070.946217661,10557.45124254064,20391.548757459368,84.69542783433194,2514.834921921524,1767610.9832195432,10456.83145916881,-2.2934931603582953,0.9622396972230218,-0.491015790599858,-1.8113714897997735,-0.09329520741342412,0.0,-1.5842867965082497,3.251642351215689,-1.6043189427518034,0.020358765779460164,20260825.0,3.251642351215689,-1.5842867965082497,0.0,0.0,
splice|011|033|WESHIGW,1,['splice|011|033|WESHIGW'],4.0,90.54783225059509,1.000090852748455,2517.412026357532,1789061.716235317,9755.61182790918,21193.388172090825,84.41603115594792,2514.3377761225493,1767610.9832195432,10456.83145916881,1.2135437728896248,-6.705851901675075,3.4218908060532405,-2.1352800804086303,-0.11304529046821665,0.0,-0.09072569083298232,-0.21965811844770755,0.1014370715556101,-0.19196803563491516,20260825.0,-0.21965811844770755,-0.09072569083298232,0.0,0.0,
splice|011|034|WESHIGW,1,['splice|011|034|WESHIGW'],1.0,82.46753478050232,1.0,2516.233333333333,1738840.688171659,10445.336425359616,20503.663574640384,84.80634116150419,2514.810756487251,1769598.2317266962,10455.657047166675,-1.7381088545180945,-0.09870849589367348,0.05036085050063033,-1.78756946983043,-0.09425522625483573,0.0,-0.913597760160012,2.1551618901739067,-1.0633294414467809,0.15134093399491455,20260825.0,2.1551618901739067,-0.913597760160012,0.0,0.0,
splice|011|034|WESHIGW,1,['splice|011|034|WESHIGW'],4.0,94.34813332557678,1.0,2516.233333333333,1791732.3533933535,9727.256294440393,21221.74370555961,84.42908265469066,2514.082981295857,1769598.2317266962,10455.657047166675,1.2507992644782195,-6.96657081846107,3.554328614920177,-2.224464569711926,-0.12316751014599392,0.0,0.05841473175902667,-0.509678352304821,0.23536703245228274,-0.17653679128640798,20260825.0,-0.509678352304821,0.05841473175902667,0.0,0.0,
splice|033|034|WESHIGW,1,['splice|033|034|WESHIGW'],1.0,87.73330950737,1.0002218087677364,2517.741666666667,1718141.0240287504,10721.919665104302,20227.080334895698,84.94261136960131,2514.1991773989644,1775594.241293824,10395.194345924096,-3.235717706721619,3.143041950998393,-1.5896098497721334,-1.672697216662422,-0.11855139412579874,0.0,-2.093151046120012,4.8601399283757285,-2.3979311711826545,0.312268099149815,20260825.0,4.8601399283757285,-2.093151046120012,0.0,0.0,
splice|033|034|WESHIGW,1,['splice|033|034|WESHIGW'],4.0,93.7630364894867,1.0002218087677364,2517.741666666667,1791725.8605732343,9739.893643807509,21209.106356192497,84.47908320522414,2514.5014428356435,1775594.241293824,10395.194345924096,0.908519463751789,-6.303881200388783,3.1882207759740933,-2.209265064441457,-0.10654331220835145,0.0,0.058052143403108936,-0.3804236153830298,0.17567781135410243,-0.11741938813981667,20260825.0,-0.3804236153830298,0.058052143403108936,0.0,0.0,
splice|005|006|NMURBEAN+splice|011|034|WESHIGW,2,"['splice|005|006|NMURBEAN', 'splice|011|034|WESHIGW']",1.0,83.4187581539154,1.0,2515.6546548621627,1713026.5758714848,11005.53588634574,19943.464113654263,85.89413384300994,2513.7994075278384,1770100.2352254735,10457.716448251318,-3.224317935120702,5.238423137644221,-2.673426663151457,-0.5660234950043863,-0.13443302919909916,0.0,-2.3845936554360403,7.6339003718648435,-3.766469264088701,1.435960624207877,20260825.0,9.36799448532717,-3.276714861691521,-1.7340941134623264,0.8921212062554806,synergistic
splice|005|006|NMURBEAN+splice|011|034|WESHIGW,2,"['splice|005|006|NMURBEAN', 'splice|011|034|WESHIGW']",4.0,90.43398785591125,1.0,2515.6546548621627,1793582.1322611813,9778.940312465196,21170.05968753481,84.72258268205377,2513.7931423408318,1770100.2352254735,10457.716448251318,1.326585724831375,-6.490672597071834,3.312511556789244,-1.9222510439756646,-0.13468192592918093,0.0,0.16171472562731548,0.01894548793179851,-0.00874893597638815,0.17047857666523392,20260825.0,-0.6803937808076865,0.212162871286381,0.699339268739485,-0.050448145659065524,substituting
splice|005|006|NMURBEAN+splice|033|034|WESHIGW,2,"['splice|005|006|NMURBEAN', 'splice|033|034|WESHIGW']",1.0,83.49336862564087,1.0,2517.162988195496,1697115.2943037832,11222.288302897725,19726.71169710228,86.03133255873952,2516.1350823775574,1776049.3022622708,10395.390199517125,-4.444359053430791,7.954469120543539,-4.023128352671046,-0.4388877169362093,-0.04164380646791699,0.0,-3.2912849103010067,9.753734267228541,-4.81236832262073,1.597984302703459,20260825.0,12.07297252352899,-4.456268147651521,-2.3192382563004497,1.1649832373505142,synergistic
splice|005|006|NMURBEAN+splice|033|034|WESHIGW,2,"['splice|005|006|NMURBEAN', 'splice|033|034|WESHIGW']",4.0,91.50289940834045,1.0,2517.162988195496,1793708.543763817,9788.628514742204,21160.371485257794,84.76734659471714,2513.565902793522,1776049.3022622708,10395.390199517125,0.9942990591000234,-5.836834145995851,2.9520930418784896,-1.9016553475820097,-0.14370945858047657,0.0,0.16877411400841869,0.1180363653129568,-0.05450863058936717,0.22340451934195205,20260825.0,-0.5511390438858954,0.21180028293046327,0.6691754091988522,-0.04302616892204458,substituting
splice|006|021|NMURBEAN+splice|011|034|WESHIGW,2,"['splice|006|021|NMURBEAN', 'splice|011|034|WESHIGW']",1.0,84.40381932258606,1.0,2516.748945505735,1713621.1011968197,10790.234013633326,20158.765986366678,85.00625000338499,2514.321864447762,1772186.2539631713,10425.77697680791,-3.3046838409552803,3.4957302236192866,-1.7758274926582551,-1.5564970508484044,-0.11367741267308551,0.0,-2.3507151201977994,5.528252763541208,-2.7275695389910926,0.38742161268845443,20260825.0,7.875984750543741,-3.4005028401074333,-2.3477319870025326,1.049787719909634,synergistic
splice|006|021|NMURBEAN+splice|011|034|WESHIGW,2,"['splice|006|021|NMURBEAN', 'splice|011|034|WESHIGW']",4.0,91.53140234947205,1.0,2516.748945505735,1789687.960435754,9794.12892488225,21154.871075117746,84.59933194964142,2513.8379427533396,1772186.2539631713,10425.77697680791,0.9875771484765261,-6.058522576597969,3.077723470684246,-2.0277381492637914,-0.13290214247381194,0.0,-0.05575339052708017,0.17429452871102757,-0.08048838215295451,0.02475491645763661,20260825.0,-0.5114980747702447,0.0006828966725325181,0.6857926034812722,-0.05643628719961269,substituting
splice|007|101|EMO4THW+splice|011|034|WESHIGW,2,"['splice|007|101|EMO4THW', 'splice|011|034|WESHIGW']",1.0,81.6469144821167,1.0,2515.95,1712080.445636626,10674.48403316124,20274.515966838764,84.44494795520272,2514.1421646881136,1767100.0541832962,10525.32896971275,-3.113553667570823,1.4171059534356933,-0.7303048664821454,-2.400781827609344,-0.12081633486713539,0.0,-2.438508106403403,4.396220484982649,-2.169039223497138,-0.2754433573660564,20260825.0,6.543397692077124,-3.4669828366460265,-2.147177207094475,1.0284747302426234,synergistic
splice|007|101|EMO4THW+splice|011|034|WESHIGW,2,"['splice|007|101|EMO4THW', 'splice|011|034|WESHIGW']",4.0,85.59177565574646,1.0,2515.95,1788807.3595993174,9792.050081640191,21156.94991835981,84.54939707764807,2514.7282072221024,1767100.0541832962,10525.32896971275,1.2284140541240385,-6.966802559640762,3.5903383235322384,-2.280062318197529,-0.09753465624531277,0.0,-0.10493011245120698,0.15303213194186593,-0.07066950872472999,-0.034284832649278396,20260825.0,-0.5194265456593627,-0.008095179494571614,0.6724586776012287,-0.09683493295663537,substituting
splice|005|006|NMURBEAN+splice|007|101|EMO4THW+splice|011|034|WESHIGW,3,"['splice|005|006|NMURBEAN', 'splice|007|101|EMO4THW', 'splice|011|034|WESHIGW']",1.0,76.34572863578796,1.0,2515.3713215288294,1681294.6717253746,11362.900382413256,19586.099617586748,85.84121926019955,2512.707230343918,1767630.9559052463,10527.294000519765,-4.884293516779737,7.937522993584434,-4.091756006646829,-0.8263497246262186,-0.17782189044959207,0.0,-4.192810037446026,11.128917330911303,-5.490866140190653,1.373471589180042,20260825.0,13.756230287230387,-5.830099938177536,-2.6273129563190842,1.6372899007315098,synergistic
splice|005|006|NMURBEAN+splice|007|101|EMO4THW+splice|011|034|WESHIGW,3,"['splice|005|006|NMURBEAN', 'splice|007|101|EMO4THW', 'splice|011|034|WESHIGW']",4.0,85.42957425117493,1.0,2515.3713215288294,1791402.674168046,9842.674781553467,21106.325218446535,84.87515735815506,2514.5354239951666,1767630.9559052463,10527.294000519765,1.344834914968196,-6.503278230212784,3.3524095341678217,-1.9424555540100252,-0.10519334460474816,0.0,0.040003957073975194,0.6708212726030949,-0.30978206455988255,0.3508729631430674,20260825.0,-0.6901419741622283,0.14565296003278272,1.3609632467653232,-0.10564900295880753,substituting
splice|005|006|NMURBEAN+splice|007|101|EMO4THW+splice|008|035|BOASHAN+splice|011|034|WESHIGW,4,"['splice|005|006|NMURBEAN', 'splice|007|101|EMO4THW', 'splice|008|035|BOASHAN', 'splice|011|034|WESHIGW']",1.0,82.20378971099854,1.0,2514.999429771504,1662640.2376267451,11780.846437890266,19168.153562109736,86.73971816009112,2512.8547911703204,1769282.7089441055,10538.771694542906,-6.027440995057476,11.78576383802412,-6.0855504640056735,0.061874897031621856,-0.1719597498399561,0.0,-5.255817576450039,15.216420616583948,-7.50758822751163,2.4345463675446766,20260825.0,,,,,
splice|005|006|NMURBEAN+splice|007|101|EMO4THW+splice|008|035|BOASHAN+splice|011|034|WESHIGW,4,"['splice|005|006|NMURBEAN', 'splice|007|101|EMO4THW', 'splice|008|035|BOASHAN', 'splice|011|034|WESHIGW']",4.0,88.6588671207428,1.0,2514.999429771504,1790973.2666652831,9928.604600637644,21020.395399362355,85.2016925770869,2515.1693159295155,1769282.7089441055,10538.771694542906,1.225952054554491,-5.789736333516105,2.989516260051417,-1.7123725496912434,-0.08001075555950088,0.0,0.01602390563435474,1.5497109698653588,-0.7156491353547567,0.7369469957925423,20260825.0,,,,,
splice|001|021|PICBETS+splice|005|006|NMURBEAN+splice|007|101|EMO4THW+splice|008|035|BOASHAN+splice|011|034|WESHIGW,5,"['splice|001|021|PICBETS', 'splice|005|006|NMURBEAN', 'splice|007|101|EMO4THW', 'splice|008|035|BOASHAN', 'splice|011|034|WESHIGW']",1.0,73.35582947731018,1.0,2514.5177218208464,1655920.943649871,11942.288659682159,19006.711340317845,87.12295956940542,2512.8887251746273,1772124.8904152352,10546.68471123624,-6.557322646607366,13.232631738380029,-6.840419475403969,0.30388375216210406,-0.17061165556896407,0.0,-5.638711000953656,16.79532201635312,-8.286598078776485,2.887132111942825,20260825.0,,,,,
splice|001|021|PICBETS+splice|005|006|NMURBEAN+splice|007|101|EMO4THW+splice|008|035|BOASHAN+splice|011|034|WESHIGW,5,"['splice|001|021|PICBETS', 'splice|005|006|NMURBEAN', 'splice|007|101|EMO4THW', 'splice|008|035|BOASHAN', 'splice|011|034|WESHIGW']",4.0,75.9619448184967,1.0,2514.5177218208464,1786853.2371073312,10042.202524256938,20906.79747574307,85.467572887742,2515.2434933234817,1772124.8904152352,10546.68471123624,0.8311122298296336,-4.783324815255319,2.472671262252013,-1.6019481215837739,-0.07706391442227067,0.0,-0.21405712484762196,2.711589881789722,-1.2521992759127354,1.0513066047575181,20260825.0,,,,,
splice|001|021|PICBETS+splice|002|034|WESHIGW+splice|005|006|NMURBEAN+splice|007|101|EMO4THW+splice|008|035|BOASHAN+splice|011|033|WESHIGW,6,"['splice|001|021|PICBETS', 'splice|002|034|WESHIGW', 'splice|005|006|NMURBEAN', 'splice|007|101|EMO4THW', 'splice|008|035|BOASHAN', 'splice|011|033|WESHIGW']",1.0,64.2927451133728,1.0,2514.879748178378,1630140.2702162552,12487.707505833198,18461.292494166806,88.30044108403183,2508.888622455039,1768269.147253232,10624.986844661971,-7.811530119809051,17.531510282359196,-9.165122296144467,1.4901678854552625,-0.3295235102049765,0.0,-7.1078014100027005,22.129506408082065,-10.91841675360168,4.277669081227331,20260825.0,,,,,
splice|001|021|PICBETS+splice|002|034|WESHIGW+splice|005|006|NMURBEAN+splice|007|101|EMO4THW+splice|008|035|BOASHAN+splice|011|033|WESHIGW,6,"['splice|001|021|PICBETS', 'splice|002|034|WESHIGW', 'splice|005|006|NMURBEAN', 'splice|007|101|EMO4THW', 'splice|008|035|BOASHAN', 'splice|011|033|WESHIGW']",4.0,70.23186588287354,1.0,2514.879748178378,1783197.6622114514,10147.430690947482,20801.569309052524,85.72418915698977,2513.383366543446,1768269.147253232,10624.986844661971,0.844244496456259,-4.494651717657561,2.349713858500757,-1.4709072505330378,-0.15096106586942604,0.0,-0.4182009124631181,3.787862967800937,-1.7492170543159213,1.3547130129116791,20260825.0,,,,,
