2026-08-29 19:27:27,152 shard 1 of 2: 120 subsets
2026-08-29 19:27:27,152 stage A: 120 subsets, by cardinality {1: 6, 2: 25, 3: 42, 4: 33, 5: 12, 6: 2}, lambdas [2.0], effort 60000/2/32
2026-08-29 19:27:27,157 result store: 1 cells solved across 1 shard file(s); writing to exp2b_subsets.shard1of2.jsonl
2026-08-29 19:27:27,334 cache hit  baseline-a5bf710e8b2c9129 (53.2 MB, 0.2s)
2026-08-29 19:27:27,371 cache hit  raptor-51c3309f35ffd25f (0.6 MB, 0.0s)
2026-08-29 19:27:27,372 cache hit  zones-77edf71b615ba370 (0.2 MB, 0.0s)
2026-08-29 19:27:27,373 cache hit  od-ba345b9cb167aecb (0.5 MB, 0.0s)
2026-08-29 19:27:27,393 route classes: {'all_day': 25, 'peak_express': 14}
2026-08-29 19:27:27,664 cache hit  pathsets-c5f7d2bb11d2932d (81.9 MB, 0.3s)
2026-08-29 19:27:27,863 period early   : 33571 paths, 20000 OD pairs
2026-08-29 19:27:27,872 period am_peak : 40050 paths, 20000 OD pairs
2026-08-29 19:27:27,879 period midday  : 34003 paths, 20000 OD pairs
2026-08-29 19:27:27,889 period pm_peak : 40231 paths, 20000 OD pairs
2026-08-29 19:27:27,897 period evening : 34989 paths, 20000 OD pairs
2026-08-29 19:27:27,904 period owl     : 34494 paths, 20000 OD pairs
2026-08-29 19:27:27,904 locking 28 route-periods across 14 routes in classes ('peak_express',)
2026-08-29 19:27:27,938 envelope pinned: 2517.2 veh-hours; waiting model same_route
2026-08-29 19:28:25,903 generated 60 candidate edits: {'truncate': 12, 'straighten': 12, 'extend': 12, 'splice': 12, 'reroute': 12}
2026-08-29 19:28:26,230 footpaths: 15573 links (9 from transfers.txt)
2026-08-29 19:28:26,239 raptor network: 2949 stops, 111 patterns, 15573 footpaths
2026-08-29 19:28:26,351 zones: 1397 (637 with transit access within 600 m), 3938 access links
2026-08-29 19:28:26,360 route classes: {'all_day': 24, 'peak_express': 14}
2026-08-29 19:28:26,424 path enumeration: 20000 OD pairs, 636 origin zones, 3 scenarios, cap 4 paths/OD
2026-08-29 19:29:16,909 rejected 97 malformed candidate paths that failed the re-pricing check
2026-08-29 19:29:17,058 path set: 24863 paths over 17386/20000 OD pairs (86.6% of flow served), 121878 legs
2026-08-29 19:29:17,102 period early   : 24863 paths, 20000 OD pairs
2026-08-29 19:29:17,113 path enumeration: 20000 OD pairs, 636 origin zones, 3 scenarios, cap 4 paths/OD
2026-08-29 19:30:15,367 rejected 73 malformed candidate paths that failed the re-pricing check
2026-08-29 19:30:15,479 path set: 29239 paths over 19280/20000 OD pairs (96.2% of flow served), 143520 legs
2026-08-29 19:30:15,538 period am_peak : 29239 paths, 20000 OD pairs
2026-08-29 19:30:15,549 path enumeration: 20000 OD pairs, 636 origin zones, 3 scenarios, cap 4 paths/OD
2026-08-29 19:31:07,138 rejected 70 malformed candidate paths that failed the re-pricing check
2026-08-29 19:31:07,225 path set: 24350 paths over 17386/20000 OD pairs (86.6% of flow served), 119254 legs
2026-08-29 19:31:07,273 period midday  : 24350 paths, 20000 OD pairs
2026-08-29 19:31:07,286 path enumeration: 20000 OD pairs, 636 origin zones, 3 scenarios, cap 4 paths/OD
2026-08-29 19:32:01,967 rejected 132 malformed candidate paths that failed the re-pricing check
2026-08-29 19:32:02,076 path set: 28304 paths over 18690/20000 OD pairs (93.6% of flow served), 140472 legs
2026-08-29 19:32:02,139 period pm_peak : 28304 paths, 20000 OD pairs
2026-08-29 19:32:02,151 path enumeration: 20000 OD pairs, 636 origin zones, 3 scenarios, cap 4 paths/OD
2026-08-29 19:32:55,655 rejected 81 malformed candidate paths that failed the re-pricing check
2026-08-29 19:32:55,742 path set: 24277 paths over 17383/20000 OD pairs (86.6% of flow served), 118457 legs
2026-08-29 19:32:55,791 period evening : 24277 paths, 20000 OD pairs
2026-08-29 19:32:55,803 path enumeration: 20000 OD pairs, 636 origin zones, 3 scenarios, cap 4 paths/OD
2026-08-29 19:33:45,351 rejected 158 malformed candidate paths that failed the re-pricing check
2026-08-29 19:33:45,449 path set: 23156 paths over 17003/20000 OD pairs (85.1% of flow served), 113845 legs
2026-08-29 19:33:45,495 period owl     : 23156 paths, 20000 OD pairs
2026-08-29 19:33:45,495 locking 28 route-periods across 14 routes in classes ('peak_express',)
2026-08-29 19:33:45,526     splice|033|034|WESHIGW incumbent rescaled x1.0002
2026-08-29 19:33:45,537 incumbent snapped to ladder, max drift 0.0532 min
2026-08-29 19:33:45,545 incumbent plan is infeasible under this budget
2026-08-29 19:35:12,171 solve lambda=2.0: obj=2.95914e+06 vh=2516.0/2517.2 exchanges=0
2026-08-29 19:35:12,179     incumbent rescaled x1.0002 to fit the envelope (2517.7 -> 2517.2 veh-hours)
2026-08-29 19:35:12,179 [  1/120] splice|033|034|WESHIGW                         k=1 lam=2.0    87s  vs no-edit: unserved  -0.485%  gc  +0.118%  (elapsed 0.1h, ~13.4h left)
2026-08-29 19:35:12,486 footpaths: 15573 links (9 from transfers.txt)
2026-08-29 19:35:12,495 raptor network: 2949 stops, 111 patterns, 15573 footpaths
2026-08-29 19:35:12,600 zones: 1397 (637 with transit access within 600 m), 3938 access links
2026-08-29 19:35:12,609 route classes: {'all_day': 24, 'peak_express': 14}
2026-08-29 19:35:12,664 path enumeration: 20000 OD pairs, 636 origin zones, 3 scenarios, cap 4 paths/OD
2026-08-29 19:36:01,386 rejected 95 malformed candidate paths that failed the re-pricing check
2026-08-29 19:36:01,474 path set: 24511 paths over 17388/20000 OD pairs (86.7% of flow served), 120514 legs
2026-08-29 19:36:01,518 period early   : 24511 paths, 20000 OD pairs
2026-08-29 19:36:01,529 path enumeration: 20000 OD pairs, 636 origin zones, 3 scenarios, cap 4 paths/OD
2026-08-29 19:36:58,333 rejected 106 malformed candidate paths that failed the re-pricing check
2026-08-29 19:36:58,434 path set: 29086 paths over 19277/20000 OD pairs (96.2% of flow served), 143222 legs
2026-08-29 19:36:58,495 period am_peak : 29086 paths, 20000 OD pairs
2026-08-29 19:36:58,507 path enumeration: 20000 OD pairs, 636 origin zones, 3 scenarios, cap 4 paths/OD
2026-08-29 19:37:49,033 rejected 94 malformed candidate paths that failed the re-pricing check
2026-08-29 19:37:49,121 path set: 24249 paths over 17388/20000 OD pairs (86.7% of flow served), 119284 legs
2026-08-29 19:37:49,173 period midday  : 24249 paths, 20000 OD pairs
2026-08-29 19:37:49,185 path enumeration: 20000 OD pairs, 636 origin zones, 3 scenarios, cap 4 paths/OD
2026-08-29 19:38:46,466 rejected 142 malformed candidate paths that failed the re-pricing check
2026-08-29 19:38:46,572 path set: 28203 paths over 18672/20000 OD pairs (93.6% of flow served), 140543 legs
2026-08-29 19:38:46,633 period pm_peak : 28203 paths, 20000 OD pairs
2026-08-29 19:38:46,645 path enumeration: 20000 OD pairs, 636 origin zones, 3 scenarios, cap 4 paths/OD
2026-08-29 19:39:41,642 rejected 95 malformed candidate paths that failed the re-pricing check
2026-08-29 19:39:41,732 path set: 24098 paths over 17385/20000 OD pairs (86.6% of flow served), 118419 legs
2026-08-29 19:39:41,789 period evening : 24098 paths, 20000 OD pairs
2026-08-29 19:39:41,801 path enumeration: 20000 OD pairs, 636 origin zones, 3 scenarios, cap 4 paths/OD
2026-08-29 19:40:32,351 rejected 135 malformed candidate paths that failed the re-pricing check
2026-08-29 19:40:32,431 path set: 22531 paths over 17006/20000 OD pairs (85.1% of flow served), 110167 legs
2026-08-29 19:40:32,474 period owl     : 22531 paths, 20000 OD pairs
2026-08-29 19:40:32,474 locking 28 route-periods across 14 routes in classes ('peak_express',)
2026-08-29 19:40:32,517 incumbent plan is infeasible under this budget
2026-08-29 19:42:05,723 solve lambda=2.0: obj=2.96355e+06 vh=2514.8/2517.2 exchanges=0
2026-08-29 19:42:05,731 [  2/120] splice|005|006|NMURBEAN                        k=1 lam=2.0    93s  vs no-edit: unserved  -0.272%  gc  +0.225%  (elapsed 0.2h, ~13.4h left)
2026-08-29 19:42:06,043 footpaths: 15573 links (9 from transfers.txt)
2026-08-29 19:42:06,052 raptor network: 2949 stops, 111 patterns, 15573 footpaths
2026-08-29 19:42:06,180 zones: 1397 (637 with transit access within 600 m), 3938 access links
2026-08-29 19:42:06,190 route classes: {'all_day': 24, 'peak_express': 14}
2026-08-29 19:42:06,251 path enumeration: 20000 OD pairs, 636 origin zones, 3 scenarios, cap 4 paths/OD
2026-08-29 19:43:02,258 rejected 95 malformed candidate paths that failed the re-pricing check
2026-08-29 19:43:02,354 path set: 24621 paths over 17385/20000 OD pairs (86.6% of flow served), 120665 legs
2026-08-29 19:43:02,406 period early   : 24621 paths, 20000 OD pairs
2026-08-29 19:43:02,418 path enumeration: 20000 OD pairs, 636 origin zones, 3 scenarios, cap 4 paths/OD
2026-08-30 00:06:19,051 shard 1 of 2: 120 subsets
2026-08-30 00:06:19,051 stage A: 120 subsets, by cardinality {1: 6, 2: 25, 3: 42, 4: 33, 5: 12, 6: 2}, lambdas [2.0], effort 60000/2/32
2026-08-30 00:06:19,056 result store: 2 cells already solved
2026-08-30 00:06:19,060 result store: 43 cells solved across 3 shard file(s); writing to exp2b_subsets.shard1of2.jsonl
2026-08-30 00:06:19,200 cache hit  baseline-a5bf710e8b2c9129 (53.2 MB, 0.1s)
2026-08-30 00:06:19,239 cache hit  raptor-51c3309f35ffd25f (0.6 MB, 0.0s)
2026-08-30 00:06:19,240 cache hit  zones-77edf71b615ba370 (0.2 MB, 0.0s)
2026-08-30 00:06:19,241 cache hit  od-ba345b9cb167aecb (0.5 MB, 0.0s)
2026-08-30 00:06:19,253 route classes: {'all_day': 25, 'peak_express': 14}
2026-08-30 00:06:19,374 cache hit  pathsets-c5f7d2bb11d2932d (81.9 MB, 0.1s)
2026-08-30 00:06:19,568 evaluator pricing: common_lines=same_route (explicit)
2026-08-30 00:06:19,577 period early   : 33571 paths, 20000 OD pairs
2026-08-30 00:06:19,587 period am_peak : 40050 paths, 20000 OD pairs
2026-08-30 00:06:19,594 period midday  : 34003 paths, 20000 OD pairs
2026-08-30 00:06:19,605 period pm_peak : 40231 paths, 20000 OD pairs
2026-08-30 00:06:19,612 period evening : 34989 paths, 20000 OD pairs
2026-08-30 00:06:19,620 period owl     : 34494 paths, 20000 OD pairs
2026-08-30 00:06:19,620 locking 28 route-periods across 14 routes in classes ('peak_express',)
2026-08-30 00:06:19,655 envelope pinned: 2517.2 veh-hours; waiting model same_route
2026-08-30 00:07:23,410 generated 60 candidate edits: {'truncate': 12, 'straighten': 12, 'extend': 12, 'splice': 12, 'reroute': 12}
2026-08-30 00:07:23,822 footpaths: 15573 links (9 from transfers.txt)
2026-08-30 00:07:23,833 raptor network: 2949 stops, 111 patterns, 15573 footpaths
2026-08-30 00:07:23,958 zones: 1397 (637 with transit access within 600 m), 3938 access links
2026-08-30 00:07:23,969 route classes: {'all_day': 24, 'peak_express': 14}
2026-08-30 00:07:24,027 evaluator pricing: common_lines=same_route (explicit)
2026-08-30 00:07:24,042 path enumeration: 20000 OD pairs, 636 origin zones, 3 scenarios, cap 4 paths/OD
2026-08-30 00:08:20,232 rejected 102 malformed candidate paths that failed the re-pricing check
2026-08-30 00:08:20,320 path set: 24010 paths over 17384/20000 OD pairs (86.6% of flow served), 118793 legs
2026-08-30 00:08:20,365 period early   : 24010 paths, 20000 OD pairs
2026-08-30 00:08:20,376 path enumeration: 20000 OD pairs, 636 origin zones, 3 scenarios, cap 4 paths/OD
2026-08-30 00:09:22,740 rejected 113 malformed candidate paths that failed the re-pricing check
2026-08-30 00:09:22,844 path set: 28564 paths over 19273/20000 OD pairs (96.2% of flow served), 142377 legs
2026-08-30 00:09:22,903 period am_peak : 28564 paths, 20000 OD pairs
2026-08-30 00:09:22,918 path enumeration: 20000 OD pairs, 636 origin zones, 3 scenarios, cap 4 paths/OD
2026-08-30 00:10:18,503 rejected 75 malformed candidate paths that failed the re-pricing check
2026-08-30 00:10:18,587 path set: 23835 paths over 17387/20000 OD pairs (86.6% of flow served), 118797 legs
2026-08-30 00:10:18,634 period midday  : 23835 paths, 20000 OD pairs
2026-08-30 00:10:18,645 path enumeration: 20000 OD pairs, 636 origin zones, 3 scenarios, cap 4 paths/OD
2026-08-30 00:11:15,125 rejected 139 malformed candidate paths that failed the re-pricing check
2026-08-30 00:11:15,225 path set: 27733 paths over 18672/20000 OD pairs (93.6% of flow served), 140019 legs
2026-08-30 00:11:15,281 period pm_peak : 27733 paths, 20000 OD pairs
2026-08-30 00:11:15,291 path enumeration: 20000 OD pairs, 636 origin zones, 3 scenarios, cap 4 paths/OD
2026-08-30 00:12:10,011 rejected 104 malformed candidate paths that failed the re-pricing check
2026-08-30 00:12:10,103 path set: 23671 paths over 17384/20000 OD pairs (86.6% of flow served), 117731 legs
2026-08-30 00:12:10,155 period evening : 23671 paths, 20000 OD pairs
2026-08-30 00:12:10,166 path enumeration: 20000 OD pairs, 636 origin zones, 3 scenarios, cap 4 paths/OD
2026-08-30 00:13:00,298 rejected 155 malformed candidate paths that failed the re-pricing check
2026-08-30 00:13:00,382 path set: 22568 paths over 17011/20000 OD pairs (85.1% of flow served), 112660 legs
2026-08-30 00:13:00,430 period owl     : 22568 paths, 20000 OD pairs
2026-08-30 00:13:00,430 locking 28 route-periods across 14 routes in classes ('peak_express',)
2026-08-30 00:13:00,472 incumbent plan is infeasible under this budget
2026-08-30 00:14:31,899 solve lambda=2.0: obj=2.96436e+06 vh=2514.1/2517.2 exchanges=0
2026-08-30 00:14:31,905 [  5/120] splice|002|011|HIGFITN                         k=1 lam=2.0    91s  vs no-edit: unserved  +0.321%  gc  -0.121%  (elapsed 0.1h, ~2.7h left)
2026-08-30 00:14:32,222 footpaths: 15573 links (9 from transfers.txt)
2026-08-30 00:14:32,231 raptor network: 2949 stops, 111 patterns, 15573 footpaths
2026-08-30 00:14:32,339 zones: 1397 (637 with transit access within 600 m), 3938 access links
2026-08-30 00:14:32,348 route classes: {'all_day': 24, 'peak_express': 14}
2026-08-30 00:14:32,389 evaluator pricing: common_lines=same_route (explicit)
2026-08-30 00:14:32,402 path enumeration: 20000 OD pairs, 636 origin zones, 3 scenarios, cap 4 paths/OD
2026-08-30 00:15:20,904 rejected 94 malformed candidate paths that failed the re-pricing check
2026-08-30 00:15:20,990 path set: 24432 paths over 17385/20000 OD pairs (86.6% of flow served), 120179 legs
2026-08-30 00:15:21,039 period early   : 24432 paths, 20000 OD pairs
2026-08-30 00:15:21,050 path enumeration: 20000 OD pairs, 636 origin zones, 3 scenarios, cap 4 paths/OD
2026-08-30 00:16:19,881 rejected 81 malformed candidate paths that failed the re-pricing check
2026-08-30 00:16:19,990 path set: 28719 paths over 19283/20000 OD pairs (96.3% of flow served), 141348 legs
2026-08-30 00:16:20,052 period am_peak : 28719 paths, 20000 OD pairs
2026-08-30 00:16:20,063 path enumeration: 20000 OD pairs, 636 origin zones, 3 scenarios, cap 4 paths/OD
2026-08-30 00:17:12,195 rejected 79 malformed candidate paths that failed the re-pricing check
2026-08-30 00:17:12,284 path set: 24054 paths over 17387/20000 OD pairs (86.7% of flow served), 118313 legs
2026-08-30 00:17:12,332 period midday  : 24054 paths, 20000 OD pairs
2026-08-30 00:17:12,342 path enumeration: 20000 OD pairs, 636 origin zones, 3 scenarios, cap 4 paths/OD
2026-08-30 00:18:09,045 rejected 140 malformed candidate paths that failed the re-pricing check
2026-08-30 00:18:09,149 path set: 28131 paths over 18736/20000 OD pairs (93.8% of flow served), 140397 legs
2026-08-30 00:18:09,208 period pm_peak : 28131 paths, 20000 OD pairs
2026-08-30 00:18:09,219 path enumeration: 20000 OD pairs, 636 origin zones, 3 scenarios, cap 4 paths/OD
2026-08-30 00:19:03,525 rejected 83 malformed candidate paths that failed the re-pricing check
2026-08-30 00:19:03,625 path set: 23966 paths over 17384/20000 OD pairs (86.6% of flow served), 117534 legs
2026-08-30 00:19:03,676 period evening : 23966 paths, 20000 OD pairs
2026-08-30 00:19:03,688 path enumeration: 20000 OD pairs, 636 origin zones, 3 scenarios, cap 4 paths/OD
2026-08-30 00:19:52,697 rejected 135 malformed candidate paths that failed the re-pricing check
2026-08-30 00:19:52,779 path set: 22562 paths over 17004/20000 OD pairs (85.1% of flow served), 110938 legs
2026-08-30 00:19:52,827 period owl     : 22562 paths, 20000 OD pairs
2026-08-30 00:19:52,828 locking 28 route-periods across 14 routes in classes ('peak_express',)
2026-08-30 00:19:52,867 incumbent plan is infeasible under this budget
2026-08-30 00:21:18,321 solve lambda=2.0: obj=2.96619e+06 vh=2514.0/2517.2 exchanges=0
2026-08-30 00:21:18,329 [  6/120] splice|005|021|NMURBEAN                        k=1 lam=2.0    85s  vs no-edit: unserved  +0.395%  gc  -0.068%  (elapsed 0.2h, ~4.4h left)
2026-08-30 00:21:18,643 footpaths: 15573 links (9 from transfers.txt)
2026-08-30 00:21:18,652 raptor network: 2949 stops, 111 patterns, 15573 footpaths
2026-08-30 00:21:18,759 zones: 1397 (637 with transit access within 600 m), 3938 access links
2026-08-30 00:21:18,768 route classes: {'all_day': 23, 'peak_express': 14}
2026-08-30 00:21:18,811 evaluator pricing: common_lines=same_route (explicit)
2026-08-30 00:21:18,823 path enumeration: 20000 OD pairs, 636 origin zones, 3 scenarios, cap 4 paths/OD
2026-08-30 00:22:11,756 rejected 116 malformed candidate paths that failed the re-pricing check
2026-08-30 00:22:11,840 path set: 24142 paths over 17378/20000 OD pairs (86.6% of flow served), 118272 legs
2026-08-30 00:22:11,888 period early   : 24142 paths, 20000 OD pairs
2026-08-30 00:22:11,900 path enumeration: 20000 OD pairs, 636 origin zones, 3 scenarios, cap 4 paths/OD
2026-08-30 00:23:11,121 rejected 118 malformed candidate paths that failed the re-pricing check
2026-08-30 00:23:11,223 path set: 28815 paths over 19274/20000 OD pairs (96.2% of flow served), 142380 legs
2026-08-30 00:23:11,286 period am_peak : 28815 paths, 20000 OD pairs
2026-08-30 00:23:11,298 path enumeration: 20000 OD pairs, 636 origin zones, 3 scenarios, cap 4 paths/OD
2026-08-30 00:24:04,838 rejected 88 malformed candidate paths that failed the re-pricing check
2026-08-30 00:24:04,922 path set: 23983 paths over 17383/20000 OD pairs (86.6% of flow served), 118520 legs
2026-08-30 00:24:04,973 period midday  : 23983 paths, 20000 OD pairs
2026-08-30 00:24:04,985 path enumeration: 20000 OD pairs, 636 origin zones, 3 scenarios, cap 4 paths/OD
2026-08-30 00:25:01,808 rejected 162 malformed candidate paths that failed the re-pricing check
2026-08-30 00:25:01,911 path set: 28091 paths over 18671/20000 OD pairs (93.6% of flow served), 140471 legs
2026-08-30 00:25:01,969 period pm_peak : 28091 paths, 20000 OD pairs
2026-08-30 00:25:01,980 path enumeration: 20000 OD pairs, 636 origin zones, 3 scenarios, cap 4 paths/OD
2026-08-30 00:25:58,389 rejected 129 malformed candidate paths that failed the re-pricing check
2026-08-30 00:25:58,474 path set: 23774 paths over 17376/20000 OD pairs (86.6% of flow served), 117447 legs
2026-08-30 00:25:58,521 period evening : 23774 paths, 20000 OD pairs
2026-08-30 00:25:58,532 path enumeration: 20000 OD pairs, 636 origin zones, 3 scenarios, cap 4 paths/OD
2026-08-30 00:26:50,382 rejected 181 malformed candidate paths that failed the re-pricing check
2026-08-30 00:26:50,464 path set: 22896 paths over 16999/20000 OD pairs (85.1% of flow served), 112379 legs
2026-08-30 00:26:50,511 period owl     : 22896 paths, 20000 OD pairs
2026-08-30 00:26:50,511 locking 28 route-periods across 14 routes in classes ('peak_express',)
2026-08-30 00:26:50,557 incumbent plan is infeasible under this budget
2026-08-30 00:28:10,959 solve lambda=2.0: obj=2.96746e+06 vh=2515.7/2517.2 exchanges=0
2026-08-30 00:28:10,969 [  9/120] splice|001|021|PICBETS+splice|011|034|WESHIGW  k=2 lam=2.0    80s  vs no-edit: unserved  +0.561%  gc  -0.106%  (elapsed 0.3h, ~4.3h left)
2026-08-30 00:28:11,281 footpaths: 15573 links (9 from transfers.txt)
2026-08-30 00:28:11,290 raptor network: 2949 stops, 111 patterns, 15573 footpaths
2026-08-30 00:28:11,404 zones: 1397 (637 with transit access within 600 m), 3938 access links
2026-08-30 00:28:11,413 route classes: {'all_day': 23, 'peak_express': 14}
2026-08-30 00:28:11,454 evaluator pricing: common_lines=same_route (explicit)
2026-08-30 00:28:11,466 path enumeration: 20000 OD pairs, 636 origin zones, 3 scenarios, cap 4 paths/OD
2026-08-30 00:29:02,403 rejected 112 malformed candidate paths that failed the re-pricing check
2026-08-30 00:29:02,487 path set: 23899 paths over 17378/20000 OD pairs (86.6% of flow served), 116500 legs
2026-08-30 00:29:02,534 period early   : 23899 paths, 20000 OD pairs
2026-08-30 00:29:02,545 path enumeration: 20000 OD pairs, 636 origin zones, 3 scenarios, cap 4 paths/OD
2026-08-30 00:30:01,245 rejected 108 malformed candidate paths that failed the re-pricing check
2026-08-30 00:30:01,348 path set: 28933 paths over 19278/20000 OD pairs (96.2% of flow served), 142868 legs
2026-08-30 00:30:01,407 period am_peak : 28933 paths, 20000 OD pairs
2026-08-30 00:30:01,420 path enumeration: 20000 OD pairs, 636 origin zones, 3 scenarios, cap 4 paths/OD
2026-08-30 00:30:53,450 rejected 74 malformed candidate paths that failed the re-pricing check
2026-08-30 00:30:53,536 path set: 24023 paths over 17382/20000 OD pairs (86.6% of flow served), 118082 legs
2026-08-30 00:30:53,586 period midday  : 24023 paths, 20000 OD pairs
2026-08-30 00:30:53,598 path enumeration: 20000 OD pairs, 636 origin zones, 3 scenarios, cap 4 paths/OD
2026-08-30 00:31:51,296 rejected 149 malformed candidate paths that failed the re-pricing check
2026-08-30 00:31:51,399 path set: 28155 paths over 18684/20000 OD pairs (93.6% of flow served), 140455 legs
2026-08-30 00:31:51,456 period pm_peak : 28155 paths, 20000 OD pairs
2026-08-30 00:31:51,467 path enumeration: 20000 OD pairs, 636 origin zones, 3 scenarios, cap 4 paths/OD
2026-08-30 00:32:48,622 rejected 120 malformed candidate paths that failed the re-pricing check
2026-08-30 00:32:48,713 path set: 24066 paths over 17376/20000 OD pairs (86.6% of flow served), 118325 legs
2026-08-30 00:32:48,762 period evening : 24066 paths, 20000 OD pairs
2026-08-30 00:32:48,774 path enumeration: 20000 OD pairs, 636 origin zones, 3 scenarios, cap 4 paths/OD
2026-08-30 00:33:40,255 rejected 160 malformed candidate paths that failed the re-pricing check
2026-08-30 00:33:40,364 path set: 23225 paths over 17006/20000 OD pairs (85.1% of flow served), 114399 legs
2026-08-30 00:33:40,419 period owl     : 23225 paths, 20000 OD pairs
2026-08-30 00:33:40,419 locking 28 route-periods across 14 routes in classes ('peak_express',)
2026-08-30 00:33:40,460 incumbent plan is infeasible under this budget
2026-08-30 00:35:01,086 solve lambda=2.0: obj=2.97158e+06 vh=2514.4/2517.2 exchanges=0
2026-08-30 00:35:01,093 [ 10/120] splice|002|033|WESHIGW+splice|011|034|WESHIGW  k=2 lam=2.0    81s  vs no-edit: unserved  +1.472%  gc  -0.475%  (elapsed 0.5h, ~5.1h left)
2026-08-30 00:35:01,413 footpaths: 15573 links (9 from transfers.txt)
2026-08-30 00:35:01,421 raptor network: 2949 stops, 111 patterns, 15573 footpaths
2026-08-30 00:35:01,527 zones: 1397 (637 with transit access within 600 m), 3938 access links
2026-08-30 00:35:01,536 route classes: {'all_day': 23, 'peak_express': 14}
2026-08-30 00:35:01,576 evaluator pricing: common_lines=same_route (explicit)
2026-08-30 00:35:01,588 path enumeration: 20000 OD pairs, 636 origin zones, 3 scenarios, cap 4 paths/OD
2026-08-30 00:35:51,398 rejected 112 malformed candidate paths that failed the re-pricing check
2026-08-30 00:35:51,484 path set: 24747 paths over 17386/20000 OD pairs (86.6% of flow served), 121228 legs
2026-08-30 00:35:51,532 period early   : 24747 paths, 20000 OD pairs
2026-08-30 00:35:51,543 path enumeration: 20000 OD pairs, 636 origin zones, 3 scenarios, cap 4 paths/OD
2026-08-30 00:36:49,528 rejected 107 malformed candidate paths that failed the re-pricing check
2026-08-30 00:36:49,639 path set: 29349 paths over 19277/20000 OD pairs (96.2% of flow served), 143421 legs
2026-08-30 00:36:49,698 period am_peak : 29349 paths, 20000 OD pairs
2026-08-30 00:36:49,709 path enumeration: 20000 OD pairs, 636 origin zones, 3 scenarios, cap 4 paths/OD
2026-08-30 00:37:41,668 rejected 100 malformed candidate paths that failed the re-pricing check
2026-08-30 00:37:41,755 path set: 24668 paths over 17380/20000 OD pairs (86.6% of flow served), 120323 legs
2026-08-30 00:37:41,805 period midday  : 24668 paths, 20000 OD pairs
2026-08-30 00:37:41,817 path enumeration: 20000 OD pairs, 636 origin zones, 3 scenarios, cap 4 paths/OD
2026-08-30 00:38:38,088 rejected 162 malformed candidate paths that failed the re-pricing check
2026-08-30 00:38:38,191 path set: 28546 paths over 18694/20000 OD pairs (93.6% of flow served), 141048 legs
2026-08-30 00:38:38,253 period pm_peak : 28546 paths, 20000 OD pairs
2026-08-30 00:38:38,264 path enumeration: 20000 OD pairs, 636 origin zones, 3 scenarios, cap 4 paths/OD
2026-08-30 00:39:33,641 rejected 115 malformed candidate paths that failed the re-pricing check
2026-08-30 00:39:33,736 path set: 24314 paths over 17376/20000 OD pairs (86.6% of flow served), 117874 legs
2026-08-30 00:39:33,786 period evening : 24314 paths, 20000 OD pairs
2026-08-30 00:39:33,798 path enumeration: 20000 OD pairs, 636 origin zones, 3 scenarios, cap 4 paths/OD
2026-08-30 00:40:24,307 rejected 191 malformed candidate paths that failed the re-pricing check
2026-08-30 00:40:24,392 path set: 22997 paths over 17002/20000 OD pairs (85.1% of flow served), 111952 legs
2026-08-30 00:40:24,443 period owl     : 22997 paths, 20000 OD pairs
2026-08-30 00:40:24,443 locking 28 route-periods across 14 routes in classes ('peak_express',)
2026-08-30 00:40:24,476     splice|006|021|NMURBEAN+splice|033|034|WESHIGW incumbent rescaled x1.0004
2026-08-30 00:40:24,486 incumbent snapped to ladder, max drift 0.1024 min
2026-08-30 00:40:24,495 incumbent plan is infeasible under this budget
2026-08-30 00:41:52,818 solve lambda=2.0: obj=2.96518e+06 vh=2515.9/2517.2 exchanges=0
2026-08-30 00:41:52,826     incumbent rescaled x1.0004 to fit the envelope (2518.3 -> 2517.2 veh-hours)
2026-08-30 00:41:52,826 [ 11/120] splice|006|021|NMURBEAN+splice|033|034|WESHIGW k=2 lam=2.0    88s  vs no-edit: unserved  +0.307%  gc  -0.066%  (elapsed 0.6h, ~5.7h left)
2026-08-30 00:41:53,151 footpaths: 15573 links (9 from transfers.txt)
2026-08-30 00:41:53,159 raptor network: 2949 stops, 111 patterns, 15573 footpaths
2026-08-30 00:41:53,267 zones: 1397 (637 with transit access within 600 m), 3938 access links
2026-08-30 00:41:53,275 route classes: {'all_day': 23, 'peak_express': 14}
2026-08-30 00:41:53,319 evaluator pricing: common_lines=same_route (explicit)
2026-08-30 00:41:53,331 path enumeration: 20000 OD pairs, 636 origin zones, 3 scenarios, cap 4 paths/OD
2026-08-30 00:42:45,495 rejected 101 malformed candidate paths that failed the re-pricing check
2026-08-30 00:42:45,579 path set: 24924 paths over 17383/20000 OD pairs (86.6% of flow served), 122006 legs
2026-08-30 00:42:45,626 period early   : 24924 paths, 20000 OD pairs
2026-08-30 00:42:45,637 path enumeration: 20000 OD pairs, 636 origin zones, 3 scenarios, cap 4 paths/OD
2026-08-30 00:43:45,725 rejected 62 malformed candidate paths that failed the re-pricing check
2026-08-30 00:43:45,831 path set: 29108 paths over 19277/20000 OD pairs (96.2% of flow served), 142525 legs
2026-08-30 00:43:45,891 period am_peak : 29108 paths, 20000 OD pairs
2026-08-30 00:43:45,904 path enumeration: 20000 OD pairs, 636 origin zones, 3 scenarios, cap 4 paths/OD
2026-08-30 00:44:38,500 rejected 58 malformed candidate paths that failed the re-pricing check
2026-08-30 00:44:38,583 path set: 24427 paths over 17382/20000 OD pairs (86.6% of flow served), 119801 legs
2026-08-30 00:44:38,634 period midday  : 24427 paths, 20000 OD pairs
2026-08-30 00:44:38,646 path enumeration: 20000 OD pairs, 636 origin zones, 3 scenarios, cap 4 paths/OD
2026-08-30 00:45:36,253 rejected 130 malformed candidate paths that failed the re-pricing check
2026-08-30 00:45:36,355 path set: 28258 paths over 18687/20000 OD pairs (93.6% of flow served), 140508 legs
2026-08-30 00:45:36,415 period pm_peak : 28258 paths, 20000 OD pairs
2026-08-30 00:45:36,427 path enumeration: 20000 OD pairs, 636 origin zones, 3 scenarios, cap 4 paths/OD
2026-08-30 00:46:31,611 rejected 60 malformed candidate paths that failed the re-pricing check
2026-08-30 00:46:31,700 path set: 24329 paths over 17381/20000 OD pairs (86.6% of flow served), 118559 legs
2026-08-30 00:46:31,750 period evening : 24329 paths, 20000 OD pairs
2026-08-30 00:46:31,762 path enumeration: 20000 OD pairs, 636 origin zones, 3 scenarios, cap 4 paths/OD
2026-08-30 00:47:22,608 rejected 98 malformed candidate paths that failed the re-pricing check
2026-08-30 00:47:22,695 path set: 23628 paths over 17378/20000 OD pairs (86.6% of flow served), 116131 legs
2026-08-30 00:47:22,744 period owl     : 23628 paths, 20000 OD pairs
2026-08-30 00:47:22,744 locking 28 route-periods across 14 routes in classes ('peak_express',)
2026-08-30 00:47:22,776     splice|008|035|BOASHAN+splice|033|034|WESHIGW incumbent rescaled x1.0001
2026-08-30 00:47:22,787 incumbent snapped to ladder, max drift 0.0178 min
2026-08-30 00:47:22,795 incumbent plan is infeasible under this budget
2026-08-30 00:48:45,369 solve lambda=2.0: obj=2.96957e+06 vh=2515.8/2517.2 exchanges=0
2026-08-30 00:48:45,379     incumbent rescaled x1.0001 to fit the envelope (2517.4 -> 2517.2 veh-hours)
2026-08-30 00:48:45,379 [ 12/120] splice|008|035|BOASHAN+splice|033|034|WESHIGW  k=2 lam=2.0    83s  vs no-edit: unserved  +0.484%  gc  +0.063%  (elapsed 0.7h, ~6.2h left)
2026-08-30 00:48:45,691 footpaths: 15573 links (9 from transfers.txt)
2026-08-30 00:48:45,700 raptor network: 2949 stops, 111 patterns, 15573 footpaths
2026-08-30 00:48:45,805 zones: 1397 (637 with transit access within 600 m), 3938 access links
2026-08-30 00:48:45,815 route classes: {'all_day': 23, 'peak_express': 14}
2026-08-30 00:48:45,854 evaluator pricing: common_lines=same_route (explicit)
2026-08-30 00:48:45,866 path enumeration: 20000 OD pairs, 636 origin zones, 3 scenarios, cap 4 paths/OD
2026-08-30 00:49:36,223 rejected 96 malformed candidate paths that failed the re-pricing check
2026-08-30 00:49:36,312 path set: 23718 paths over 17313/20000 OD pairs (86.3% of flow served), 116000 legs
2026-08-30 00:49:36,359 period early   : 23718 paths, 20000 OD pairs
2026-08-30 00:49:36,371 path enumeration: 20000 OD pairs, 636 origin zones, 3 scenarios, cap 4 paths/OD
2026-08-30 00:50:36,552 rejected 135 malformed candidate paths that failed the re-pricing check
2026-08-30 00:50:36,651 path set: 28746 paths over 19280/20000 OD pairs (96.2% of flow served), 142379 legs
2026-08-30 00:50:36,710 period am_peak : 28746 paths, 20000 OD pairs
2026-08-30 00:50:36,721 path enumeration: 20000 OD pairs, 636 origin zones, 3 scenarios, cap 4 paths/OD
2026-08-30 00:51:30,627 rejected 100 malformed candidate paths that failed the re-pricing check
2026-08-30 00:51:30,711 path set: 23848 paths over 17387/20000 OD pairs (86.6% of flow served), 117854 legs
2026-08-30 00:51:30,762 period midday  : 23848 paths, 20000 OD pairs
2026-08-30 00:51:30,773 path enumeration: 20000 OD pairs, 636 origin zones, 3 scenarios, cap 4 paths/OD
2026-08-30 00:52:29,234 rejected 141 malformed candidate paths that failed the re-pricing check
2026-08-30 00:52:29,340 path set: 27886 paths over 18675/20000 OD pairs (93.6% of flow served), 139695 legs
2026-08-30 00:52:29,401 period pm_peak : 27886 paths, 20000 OD pairs
2026-08-30 00:52:29,418 path enumeration: 20000 OD pairs, 636 origin zones, 3 scenarios, cap 4 paths/OD
2026-08-30 00:53:25,883 rejected 121 malformed candidate paths that failed the re-pricing check
2026-08-30 00:53:25,968 path set: 23744 paths over 17384/20000 OD pairs (86.6% of flow served), 117338 legs
2026-08-30 00:53:26,019 period evening : 23744 paths, 20000 OD pairs
2026-08-30 00:53:26,031 path enumeration: 20000 OD pairs, 636 origin zones, 3 scenarios, cap 4 paths/OD
2026-08-30 00:54:17,634 rejected 130 malformed candidate paths that failed the re-pricing check
2026-08-30 00:54:17,718 path set: 22158 paths over 17005/20000 OD pairs (85.1% of flow served), 108023 legs
2026-08-30 00:54:17,764 period owl     : 22158 paths, 20000 OD pairs
2026-08-30 00:54:17,764 locking 28 route-periods across 14 routes in classes ('peak_express',)
2026-08-30 00:54:17,805 incumbent plan is infeasible under this budget
2026-08-30 00:55:41,990 solve lambda=2.0: obj=2.96632e+06 vh=2514.2/2517.2 exchanges=0
2026-08-30 00:55:41,998 [ 14/120] splice|005|006|NMURBEAN+splice|011|033|WESHIGW k=2 lam=2.0    84s  vs no-edit: unserved  +0.303%  gc  +0.000%  (elapsed 0.8h, ~6.1h left)
2026-08-30 00:55:42,311 footpaths: 15573 links (9 from transfers.txt)
2026-08-30 00:55:42,320 raptor network: 2949 stops, 111 patterns, 15573 footpaths
2026-08-30 00:55:42,429 zones: 1397 (637 with transit access within 600 m), 3938 access links
2026-08-30 00:55:42,437 route classes: {'all_day': 23, 'peak_express': 14}
2026-08-30 00:55:42,479 evaluator pricing: common_lines=same_route (explicit)
2026-08-30 00:55:42,491 path enumeration: 20000 OD pairs, 636 origin zones, 3 scenarios, cap 4 paths/OD
2026-08-30 00:56:33,229 rejected 99 malformed candidate paths that failed the re-pricing check
2026-08-30 00:56:33,323 path set: 25119 paths over 17388/20000 OD pairs (86.7% of flow served), 123821 legs
2026-08-30 00:56:33,374 period early   : 25119 paths, 20000 OD pairs
2026-08-30 00:56:33,385 path enumeration: 20000 OD pairs, 636 origin zones, 3 scenarios, cap 4 paths/OD
2026-08-30 00:57:32,601 rejected 105 malformed candidate paths that failed the re-pricing check
2026-08-30 00:57:32,709 path set: 29543 paths over 19281/20000 OD pairs (96.2% of flow served), 146122 legs
2026-08-30 00:57:32,770 period am_peak : 29543 paths, 20000 OD pairs
2026-08-30 00:57:32,781 path enumeration: 20000 OD pairs, 636 origin zones, 3 scenarios, cap 4 paths/OD
2026-08-30 00:58:25,099 rejected 93 malformed candidate paths that failed the re-pricing check
2026-08-30 00:58:25,192 path set: 24834 paths over 17388/20000 OD pairs (86.7% of flow served), 123032 legs
2026-08-30 00:58:25,243 period midday  : 24834 paths, 20000 OD pairs
2026-08-30 00:58:25,255 path enumeration: 20000 OD pairs, 636 origin zones, 3 scenarios, cap 4 paths/OD
2026-08-30 00:59:22,595 rejected 218 malformed candidate paths that failed the re-pricing check
2026-08-30 00:59:22,701 path set: 28597 paths over 18665/20000 OD pairs (93.6% of flow served), 143048 legs
2026-08-30 00:59:22,763 period pm_peak : 28597 paths, 20000 OD pairs
2026-08-30 00:59:22,779 path enumeration: 20000 OD pairs, 636 origin zones, 3 scenarios, cap 4 paths/OD
2026-08-30 01:00:17,378 rejected 92 malformed candidate paths that failed the re-pricing check
2026-08-30 01:00:17,468 path set: 24698 paths over 17385/20000 OD pairs (86.6% of flow served), 122294 legs
2026-08-30 01:00:17,519 period evening : 24698 paths, 20000 OD pairs
2026-08-30 01:00:17,531 path enumeration: 20000 OD pairs, 636 origin zones, 3 scenarios, cap 4 paths/OD
2026-08-30 01:01:08,035 rejected 130 malformed candidate paths that failed the re-pricing check
2026-08-30 01:01:08,119 path set: 22684 paths over 17005/20000 OD pairs (85.1% of flow served), 111637 legs
2026-08-30 01:01:08,165 period owl     : 22684 paths, 20000 OD pairs
2026-08-30 01:01:08,166 locking 28 route-periods across 14 routes in classes ('peak_express',)
2026-08-30 01:01:08,210 incumbent plan is infeasible under this budget
2026-08-30 01:02:40,577 solve lambda=2.0: obj=2.96972e+06 vh=2514.1/2517.2 exchanges=0
2026-08-30 01:02:40,586 [ 15/120] splice|005|006|NMURBEAN+splice|007|101|EMO4THW k=2 lam=2.0    92s  vs no-edit: unserved  +0.642%  gc  -0.033%  (elapsed 0.9h, ~6.5h left)
2026-08-30 01:02:40,912 footpaths: 15573 links (9 from transfers.txt)
2026-08-30 01:02:40,920 raptor network: 2949 stops, 111 patterns, 15573 footpaths
2026-08-30 01:02:41,038 zones: 1397 (637 with transit access within 600 m), 3938 access links
2026-08-30 01:02:41,047 route classes: {'all_day': 23, 'peak_express': 14}
2026-08-30 01:02:41,089 evaluator pricing: common_lines=same_route (explicit)
2026-08-30 01:02:41,102 path enumeration: 20000 OD pairs, 636 origin zones, 3 scenarios, cap 4 paths/OD
2026-08-30 01:03:32,604 rejected 108 malformed candidate paths that failed the re-pricing check
2026-08-30 01:03:32,686 path set: 23981 paths over 17310/20000 OD pairs (86.3% of flow served), 117315 legs
2026-08-30 01:03:32,733 period early   : 23981 paths, 20000 OD pairs
2026-08-30 01:03:32,745 path enumeration: 20000 OD pairs, 636 origin zones, 3 scenarios, cap 4 paths/OD
2026-08-30 01:04:33,559 rejected 93 malformed candidate paths that failed the re-pricing check
2026-08-30 01:04:33,664 path set: 28262 paths over 19279/20000 OD pairs (96.2% of flow served), 139675 legs
2026-08-30 01:04:33,731 period am_peak : 28262 paths, 20000 OD pairs
2026-08-30 01:04:33,744 path enumeration: 20000 OD pairs, 636 origin zones, 3 scenarios, cap 4 paths/OD
2026-08-30 01:05:29,134 rejected 67 malformed candidate paths that failed the re-pricing check
2026-08-30 01:05:29,225 path set: 23658 paths over 17384/20000 OD pairs (86.6% of flow served), 117189 legs
2026-08-30 01:05:29,276 period midday  : 23658 paths, 20000 OD pairs
2026-08-30 01:05:29,287 path enumeration: 20000 OD pairs, 636 origin zones, 3 scenarios, cap 4 paths/OD
2026-08-30 01:06:27,885 rejected 115 malformed candidate paths that failed the re-pricing check
2026-08-30 01:06:27,988 path set: 27580 paths over 18678/20000 OD pairs (93.6% of flow served), 138558 legs
2026-08-30 01:06:28,047 period pm_peak : 27580 paths, 20000 OD pairs
2026-08-30 01:06:28,059 path enumeration: 20000 OD pairs, 636 origin zones, 3 scenarios, cap 4 paths/OD
2026-08-30 01:07:25,431 rejected 90 malformed candidate paths that failed the re-pricing check
2026-08-30 01:07:25,518 path set: 23660 paths over 17383/20000 OD pairs (86.6% of flow served), 116737 legs
2026-08-30 01:07:25,566 period evening : 23660 paths, 20000 OD pairs
2026-08-30 01:07:25,578 path enumeration: 20000 OD pairs, 636 origin zones, 3 scenarios, cap 4 paths/OD
2026-08-30 01:08:18,482 rejected 77 malformed candidate paths that failed the re-pricing check
2026-08-30 01:08:18,567 path set: 22796 paths over 17380/20000 OD pairs (86.6% of flow served), 111926 legs
2026-08-30 01:08:18,616 period owl     : 22796 paths, 20000 OD pairs
2026-08-30 01:08:18,616 locking 28 route-periods across 14 routes in classes ('peak_express',)
2026-08-30 01:08:18,658 incumbent plan is infeasible under this budget
2026-08-30 01:09:41,210 solve lambda=2.0: obj=2.96856e+06 vh=2515.9/2517.2 exchanges=0
2026-08-30 01:09:41,219 [ 19/120] splice|008|035|BOASHAN+splice|011|033|WESHIGW  k=2 lam=2.0    83s  vs no-edit: unserved  +0.765%  gc  -0.179%  (elapsed 1.0h, ~5.5h left)
2026-08-30 01:09:41,545 footpaths: 15573 links (9 from transfers.txt)
2026-08-30 01:09:41,553 raptor network: 2949 stops, 111 patterns, 15573 footpaths
2026-08-30 01:09:41,661 zones: 1397 (637 with transit access within 600 m), 3938 access links
2026-08-30 01:09:41,670 route classes: {'all_day': 23, 'peak_express': 14}
2026-08-30 01:09:41,712 evaluator pricing: common_lines=same_route (explicit)
2026-08-30 01:09:41,724 path enumeration: 20000 OD pairs, 636 origin zones, 3 scenarios, cap 4 paths/OD
2026-08-30 01:10:34,075 rejected 125 malformed candidate paths that failed the re-pricing check
2026-08-30 01:10:34,159 path set: 23866 paths over 17381/20000 OD pairs (86.6% of flow served), 117984 legs
2026-08-30 01:10:34,206 period early   : 23866 paths, 20000 OD pairs
2026-08-30 01:10:34,218 path enumeration: 20000 OD pairs, 636 origin zones, 3 scenarios, cap 4 paths/OD
2026-08-30 01:11:33,567 rejected 148 malformed candidate paths that failed the re-pricing check
2026-08-30 01:11:33,668 path set: 28706 paths over 19270/20000 OD pairs (96.2% of flow served), 142500 legs
2026-08-30 01:11:33,729 period am_peak : 28706 paths, 20000 OD pairs
2026-08-30 01:11:33,740 path enumeration: 20000 OD pairs, 636 origin zones, 3 scenarios, cap 4 paths/OD
2026-08-30 01:12:27,447 rejected 114 malformed candidate paths that failed the re-pricing check
2026-08-30 01:12:27,534 path set: 24120 paths over 17381/20000 OD pairs (86.6% of flow served), 119786 legs
2026-08-30 01:12:27,583 period midday  : 24120 paths, 20000 OD pairs
2026-08-30 01:12:27,594 path enumeration: 20000 OD pairs, 636 origin zones, 3 scenarios, cap 4 paths/OD
2026-08-30 01:13:24,536 rejected 164 malformed candidate paths that failed the re-pricing check
2026-08-30 01:13:24,643 path set: 27960 paths over 18676/20000 OD pairs (93.6% of flow served), 140604 legs
2026-08-30 01:13:24,701 period pm_peak : 27960 paths, 20000 OD pairs
2026-08-30 01:13:24,712 path enumeration: 20000 OD pairs, 636 origin zones, 3 scenarios, cap 4 paths/OD
2026-08-30 01:14:20,761 rejected 146 malformed candidate paths that failed the re-pricing check
2026-08-30 01:14:20,846 path set: 23705 paths over 17377/20000 OD pairs (86.6% of flow served), 117263 legs
2026-08-30 01:14:20,895 period evening : 23705 paths, 20000 OD pairs
2026-08-30 01:14:20,907 path enumeration: 20000 OD pairs, 636 origin zones, 3 scenarios, cap 4 paths/OD
2026-08-30 01:15:12,512 rejected 204 malformed candidate paths that failed the re-pricing check
2026-08-30 01:15:12,597 path set: 22363 paths over 17008/20000 OD pairs (85.1% of flow served), 110662 legs
2026-08-30 01:15:12,640 period owl     : 22363 paths, 20000 OD pairs
2026-08-30 01:15:12,640 locking 28 route-periods across 14 routes in classes ('peak_express',)
2026-08-30 01:15:12,682 incumbent plan is infeasible under this budget
2026-08-30 01:16:40,915 solve lambda=2.0: obj=2.97043e+06 vh=2515.2/2517.2 exchanges=0
2026-08-30 01:16:40,923 [ 22/120] splice|002|011|HIGFITN+splice|006|021|NMURBEAN k=2 lam=2.0    88s  vs no-edit: unserved  +1.082%  gc  -0.283%  (elapsed 1.2h, ~5.1h left)
2026-08-30 01:16:41,250 footpaths: 15573 links (9 from transfers.txt)
2026-08-30 01:16:41,259 raptor network: 2949 stops, 111 patterns, 15573 footpaths
2026-08-30 01:16:41,368 zones: 1397 (637 with transit access within 600 m), 3938 access links
2026-08-30 01:16:41,377 route classes: {'all_day': 23, 'peak_express': 14}
2026-08-30 01:16:41,420 evaluator pricing: common_lines=same_route (explicit)
2026-08-30 01:16:41,433 path enumeration: 20000 OD pairs, 636 origin zones, 3 scenarios, cap 4 paths/OD
2026-08-30 01:17:33,724 rejected 86 malformed candidate paths that failed the re-pricing check
2026-08-30 01:17:33,817 path set: 24947 paths over 17386/20000 OD pairs (86.6% of flow served), 121794 legs
2026-08-30 01:17:33,870 period early   : 24947 paths, 20000 OD pairs
2026-08-30 01:17:33,883 path enumeration: 20000 OD pairs, 636 origin zones, 3 scenarios, cap 4 paths/OD
2026-08-30 01:18:34,308 rejected 66 malformed candidate paths that failed the re-pricing check
2026-08-30 01:18:34,414 path set: 29711 paths over 19288/20000 OD pairs (96.3% of flow served), 147004 legs
2026-08-30 01:18:34,476 period am_peak : 29711 paths, 20000 OD pairs
2026-08-30 01:18:34,488 path enumeration: 20000 OD pairs, 636 origin zones, 3 scenarios, cap 4 paths/OD
2026-08-30 01:19:27,907 rejected 59 malformed candidate paths that failed the re-pricing check
2026-08-30 01:19:27,997 path set: 25016 paths over 17387/20000 OD pairs (86.6% of flow served), 123738 legs
2026-08-30 01:19:28,051 period midday  : 25016 paths, 20000 OD pairs
2026-08-30 01:19:28,063 path enumeration: 20000 OD pairs, 636 origin zones, 3 scenarios, cap 4 paths/OD
2026-08-30 01:20:26,129 rejected 187 malformed candidate paths that failed the re-pricing check
2026-08-30 01:20:26,240 path set: 28899 paths over 18682/20000 OD pairs (93.6% of flow served), 144315 legs
2026-08-30 01:20:26,309 period pm_peak : 28899 paths, 20000 OD pairs
2026-08-30 01:20:26,321 path enumeration: 20000 OD pairs, 636 origin zones, 3 scenarios, cap 4 paths/OD
2026-08-30 01:21:20,929 rejected 71 malformed candidate paths that failed the re-pricing check
2026-08-30 01:21:21,018 path set: 25105 paths over 17384/20000 OD pairs (86.6% of flow served), 124121 legs
2026-08-30 01:21:21,068 period evening : 25105 paths, 20000 OD pairs
2026-08-30 01:21:21,080 path enumeration: 20000 OD pairs, 636 origin zones, 3 scenarios, cap 4 paths/OD
2026-08-30 01:22:11,305 rejected 139 malformed candidate paths that failed the re-pricing check
2026-08-30 01:22:11,391 path set: 23394 paths over 17010/20000 OD pairs (85.1% of flow served), 116447 legs
2026-08-30 01:22:11,445 period owl     : 23394 paths, 20000 OD pairs
2026-08-30 01:22:11,445 locking 28 route-periods across 14 routes in classes ('peak_express',)
2026-08-30 01:22:11,489     splice|002|033|WESHIGW+splice|007|101|EMO4THW incumbent rescaled x1.0101
2026-08-30 01:22:11,500 incumbent snapped to ladder, max drift 2.4146 min
2026-08-30 01:22:11,508 incumbent plan is infeasible under this budget
2026-08-30 01:23:31,345 solve lambda=2.0: obj=2.97675e+06 vh=2513.4/2517.2 exchanges=0
2026-08-30 01:23:31,355     incumbent rescaled x1.0101 to fit the envelope (2517.3 -> 2517.2 veh-hours)
2026-08-30 01:23:31,355 [ 27/120] splice|002|033|WESHIGW+splice|007|101|EMO4THW  k=2 lam=2.0    80s  vs no-edit: unserved  +2.350%  gc  -0.765%  (elapsed 1.3h, ~4.4h left)
2026-08-30 01:23:31,689 footpaths: 15573 links (9 from transfers.txt)
2026-08-30 01:23:31,698 raptor network: 2949 stops, 111 patterns, 15573 footpaths
2026-08-30 01:23:31,804 zones: 1397 (637 with transit access within 600 m), 3938 access links
2026-08-30 01:23:31,813 route classes: {'all_day': 23, 'peak_express': 14}
2026-08-30 01:23:31,854 evaluator pricing: common_lines=same_route (explicit)
2026-08-30 01:23:31,866 path enumeration: 20000 OD pairs, 636 origin zones, 3 scenarios, cap 4 paths/OD
2026-08-30 01:24:24,078 rejected 100 malformed candidate paths that failed the re-pricing check
2026-08-30 01:24:24,162 path set: 24455 paths over 17383/20000 OD pairs (86.6% of flow served), 119127 legs
2026-08-30 01:24:24,212 period early   : 24455 paths, 20000 OD pairs
2026-08-30 01:24:24,223 path enumeration: 20000 OD pairs, 636 origin zones, 3 scenarios, cap 4 paths/OD
2026-08-30 01:25:23,515 rejected 52 malformed candidate paths that failed the re-pricing check
2026-08-30 01:25:23,611 path set: 29091 paths over 19282/20000 OD pairs (96.2% of flow served), 142999 legs
2026-08-30 01:25:23,669 period am_peak : 29091 paths, 20000 OD pairs
2026-08-30 01:25:23,681 path enumeration: 20000 OD pairs, 636 origin zones, 3 scenarios, cap 4 paths/OD
2026-08-30 01:26:17,580 rejected 44 malformed candidate paths that failed the re-pricing check
2026-08-30 01:26:17,666 path set: 24422 paths over 17383/20000 OD pairs (86.6% of flow served), 120094 legs
2026-08-30 01:26:17,719 period midday  : 24422 paths, 20000 OD pairs
2026-08-30 01:26:17,730 path enumeration: 20000 OD pairs, 636 origin zones, 3 scenarios, cap 4 paths/OD
2026-08-30 01:27:15,436 rejected 102 malformed candidate paths that failed the re-pricing check
2026-08-30 01:27:15,543 path set: 28428 paths over 18692/20000 OD pairs (93.6% of flow served), 141671 legs
2026-08-30 01:27:15,603 period pm_peak : 28428 paths, 20000 OD pairs
2026-08-30 01:27:15,615 path enumeration: 20000 OD pairs, 636 origin zones, 3 scenarios, cap 4 paths/OD
2026-08-30 01:28:11,314 rejected 50 malformed candidate paths that failed the re-pricing check
2026-08-30 01:28:11,408 path set: 24535 paths over 17382/20000 OD pairs (86.6% of flow served), 120257 legs
2026-08-30 01:28:11,468 period evening : 24535 paths, 20000 OD pairs
2026-08-30 01:28:11,480 path enumeration: 20000 OD pairs, 636 origin zones, 3 scenarios, cap 4 paths/OD
2026-08-30 01:29:01,850 rejected 73 malformed candidate paths that failed the re-pricing check
2026-08-30 01:29:01,940 path set: 23751 paths over 17386/20000 OD pairs (86.6% of flow served), 117555 legs
2026-08-30 01:29:01,988 period owl     : 23751 paths, 20000 OD pairs
2026-08-30 01:29:01,989 locking 28 route-periods across 14 routes in classes ('peak_express',)
2026-08-30 01:29:02,021     splice|002|033|WESHIGW+splice|008|035|BOASHAN incumbent rescaled x1.0000
2026-08-30 01:29:02,032 incumbent snapped to ladder, max drift 0.0060 min
2026-08-30 01:29:02,040 incumbent plan is infeasible under this budget
2026-08-30 01:30:26,476 solve lambda=2.0: obj=2.98042e+06 vh=2514.1/2517.2 exchanges=0
2026-08-30 01:30:26,485     incumbent rescaled x1.0000 to fit the envelope (2517.2 -> 2517.2 veh-hours)
2026-08-30 01:30:26,485 [ 29/120] splice|002|033|WESHIGW+splice|008|035|BOASHAN  k=2 lam=2.0    84s  vs no-edit: unserved  +2.348%  gc  -0.559%  (elapsed 1.4h, ~4.3h left)
2026-08-30 01:30:26,794 footpaths: 15573 links (9 from transfers.txt)
2026-08-30 01:30:26,803 raptor network: 2949 stops, 111 patterns, 15573 footpaths
2026-08-30 01:30:26,909 zones: 1397 (637 with transit access within 600 m), 3938 access links
2026-08-30 01:30:26,917 route classes: {'all_day': 23, 'peak_express': 14}
2026-08-30 01:30:26,957 evaluator pricing: common_lines=same_route (explicit)
2026-08-30 01:30:26,971 path enumeration: 20000 OD pairs, 636 origin zones, 3 scenarios, cap 4 paths/OD
2026-08-30 01:31:17,396 rejected 105 malformed candidate paths that failed the re-pricing check
2026-08-30 01:31:17,476 path set: 23738 paths over 17380/20000 OD pairs (86.6% of flow served), 117363 legs
2026-08-30 01:31:17,522 period early   : 23738 paths, 20000 OD pairs
2026-08-30 01:31:17,533 path enumeration: 20000 OD pairs, 636 origin zones, 3 scenarios, cap 4 paths/OD
2026-08-30 01:32:17,809 rejected 125 malformed candidate paths that failed the re-pricing check
2026-08-30 01:32:17,912 path set: 28523 paths over 19278/20000 OD pairs (96.2% of flow served), 142094 legs
2026-08-30 01:32:17,971 period am_peak : 28523 paths, 20000 OD pairs
2026-08-30 01:32:17,983 path enumeration: 20000 OD pairs, 636 origin zones, 3 scenarios, cap 4 paths/OD
2026-08-30 01:33:12,512 rejected 85 malformed candidate paths that failed the re-pricing check
2026-08-30 01:33:12,599 path set: 23768 paths over 17386/20000 OD pairs (86.6% of flow served), 118240 legs
2026-08-30 01:33:12,655 period midday  : 23768 paths, 20000 OD pairs
2026-08-30 01:33:12,667 path enumeration: 20000 OD pairs, 636 origin zones, 3 scenarios, cap 4 paths/OD
2026-08-30 01:34:11,920 rejected 150 malformed candidate paths that failed the re-pricing check
2026-08-30 01:34:12,036 path set: 27813 paths over 18735/20000 OD pairs (93.8% of flow served), 140450 legs
2026-08-30 01:34:12,100 period pm_peak : 27813 paths, 20000 OD pairs
2026-08-30 01:34:12,112 path enumeration: 20000 OD pairs, 636 origin zones, 3 scenarios, cap 4 paths/OD
2026-08-30 01:35:08,833 rejected 107 malformed candidate paths that failed the re-pricing check
2026-08-30 01:35:08,920 path set: 23568 paths over 17383/20000 OD pairs (86.6% of flow served), 116967 legs
2026-08-30 01:35:08,971 period evening : 23568 paths, 20000 OD pairs
2026-08-30 01:35:08,986 path enumeration: 20000 OD pairs, 636 origin zones, 3 scenarios, cap 4 paths/OD
2026-08-30 01:36:02,112 rejected 148 malformed candidate paths that failed the re-pricing check
2026-08-30 01:36:02,196 path set: 22500 paths over 17010/20000 OD pairs (85.1% of flow served), 112076 legs
2026-08-30 01:36:02,241 period owl     : 22500 paths, 20000 OD pairs
2026-08-30 01:36:02,242 locking 28 route-periods across 14 routes in classes ('peak_express',)
2026-08-30 01:36:02,283 incumbent plan is infeasible under this budget
2026-08-30 01:37:29,526 solve lambda=2.0: obj=2.97472e+06 vh=2515.3/2517.2 exchanges=0
2026-08-30 01:37:29,534 [ 30/120] splice|002|011|HIGFITN+splice|005|021|NMURBEAN k=2 lam=2.0    87s  vs no-edit: unserved  +1.417%  gc  -0.264%  (elapsed 1.5h, ~4.5h left)
2026-08-30 01:37:29,860 footpaths: 15573 links (9 from transfers.txt)
2026-08-30 01:37:29,868 raptor network: 2949 stops, 111 patterns, 15573 footpaths
2026-08-30 01:37:29,975 zones: 1397 (637 with transit access within 600 m), 3938 access links
2026-08-30 01:37:29,984 route classes: {'all_day': 23, 'peak_express': 14}
2026-08-30 01:37:30,026 evaluator pricing: common_lines=same_route (explicit)
2026-08-30 01:37:30,039 path enumeration: 20000 OD pairs, 636 origin zones, 3 scenarios, cap 4 paths/OD
2026-08-30 01:38:21,716 rejected 82 malformed candidate paths that failed the re-pricing check
2026-08-30 01:38:21,798 path set: 24089 paths over 17383/20000 OD pairs (86.6% of flow served), 117250 legs
2026-08-30 01:38:21,845 period early   : 24089 paths, 20000 OD pairs
2026-08-30 01:38:21,856 path enumeration: 20000 OD pairs, 636 origin zones, 3 scenarios, cap 4 paths/OD
2026-08-30 01:39:22,226 rejected 75 malformed candidate paths that failed the re-pricing check
2026-08-30 01:39:22,329 path set: 29219 paths over 19289/20000 OD pairs (96.3% of flow served), 143888 legs
2026-08-30 01:39:22,391 period am_peak : 29219 paths, 20000 OD pairs
2026-08-30 01:39:22,404 path enumeration: 20000 OD pairs, 636 origin zones, 3 scenarios, cap 4 paths/OD
2026-08-30 01:40:15,419 rejected 67 malformed candidate paths that failed the re-pricing check
2026-08-30 01:40:15,505 path set: 24383 paths over 17386/20000 OD pairs (86.6% of flow served), 119537 legs
2026-08-30 01:40:15,554 period midday  : 24383 paths, 20000 OD pairs
2026-08-30 01:40:15,566 path enumeration: 20000 OD pairs, 636 origin zones, 3 scenarios, cap 4 paths/OD
2026-08-30 01:41:13,621 rejected 124 malformed candidate paths that failed the re-pricing check
2026-08-30 01:41:13,722 path set: 28615 paths over 18752/20000 OD pairs (93.8% of flow served), 142314 legs
2026-08-30 01:41:13,782 period pm_peak : 28615 paths, 20000 OD pairs
2026-08-30 01:41:13,794 path enumeration: 20000 OD pairs, 636 origin zones, 3 scenarios, cap 4 paths/OD
2026-08-30 01:42:10,260 rejected 73 malformed candidate paths that failed the re-pricing check
2026-08-30 01:42:10,350 path set: 24405 paths over 17383/20000 OD pairs (86.6% of flow served), 119472 legs
2026-08-30 01:42:10,400 period evening : 24405 paths, 20000 OD pairs
2026-08-30 01:42:10,412 path enumeration: 20000 OD pairs, 636 origin zones, 3 scenarios, cap 4 paths/OD
2026-08-30 01:43:01,403 rejected 131 malformed candidate paths that failed the re-pricing check
2026-08-30 01:43:01,495 path set: 23155 paths over 17010/20000 OD pairs (85.1% of flow served), 114280 legs
2026-08-30 01:43:01,541 period owl     : 23155 paths, 20000 OD pairs
2026-08-30 01:43:01,541 locking 28 route-periods across 14 routes in classes ('peak_express',)
2026-08-30 01:43:01,583 incumbent plan is infeasible under this budget
2026-08-30 01:44:24,861 solve lambda=2.0: obj=2.98012e+06 vh=2513.5/2517.2 exchanges=0
2026-08-30 01:44:24,870 [ 31/120] splice|002|033|WESHIGW+splice|005|021|NMURBEAN k=2 lam=2.0    83s  vs no-edit: unserved  +2.454%  gc  -0.645%  (elapsed 1.6h, ~4.6h left)
2026-08-30 01:44:25,209 footpaths: 15573 links (9 from transfers.txt)
2026-08-30 01:44:25,218 raptor network: 2949 stops, 111 patterns, 15573 footpaths
2026-08-30 01:44:25,325 zones: 1397 (637 with transit access within 600 m), 3938 access links
2026-08-30 01:44:25,334 route classes: {'all_day': 22, 'peak_express': 14}
2026-08-30 01:44:25,372 evaluator pricing: common_lines=same_route (explicit)
2026-08-30 01:44:25,385 path enumeration: 20000 OD pairs, 636 origin zones, 3 scenarios, cap 4 paths/OD
2026-08-30 01:45:19,229 rejected 111 malformed candidate paths that failed the re-pricing check
2026-08-30 01:45:19,315 path set: 24146 paths over 17380/20000 OD pairs (86.6% of flow served), 118741 legs
2026-08-30 01:45:19,365 period early   : 24146 paths, 20000 OD pairs
2026-08-30 01:45:19,377 path enumeration: 20000 OD pairs, 636 origin zones, 3 scenarios, cap 4 paths/OD
2026-08-30 01:46:22,364 rejected 122 malformed candidate paths that failed the re-pricing check
2026-08-30 01:46:22,468 path set: 28692 paths over 19272/20000 OD pairs (96.2% of flow served), 141513 legs
2026-08-30 01:46:22,530 period am_peak : 28692 paths, 20000 OD pairs
2026-08-30 01:46:22,542 path enumeration: 20000 OD pairs, 636 origin zones, 3 scenarios, cap 4 paths/OD
2026-08-30 01:47:18,216 rejected 80 malformed candidate paths that failed the re-pricing check
2026-08-30 01:47:18,301 path set: 23946 paths over 17379/20000 OD pairs (86.6% of flow served), 118075 legs
2026-08-30 01:47:18,354 period midday  : 23946 paths, 20000 OD pairs
2026-08-30 01:47:18,365 path enumeration: 20000 OD pairs, 636 origin zones, 3 scenarios, cap 4 paths/OD
2026-08-30 01:48:17,913 rejected 166 malformed candidate paths that failed the re-pricing check
2026-08-30 01:48:18,016 path set: 27789 paths over 18668/20000 OD pairs (93.6% of flow served), 139024 legs
2026-08-30 01:48:18,074 period pm_peak : 27789 paths, 20000 OD pairs
2026-08-30 01:48:18,085 path enumeration: 20000 OD pairs, 636 origin zones, 3 scenarios, cap 4 paths/OD
2026-08-30 01:49:16,225 rejected 127 malformed candidate paths that failed the re-pricing check
2026-08-30 01:49:16,312 path set: 23823 paths over 17377/20000 OD pairs (86.6% of flow served), 117226 legs
2026-08-30 01:49:16,362 period evening : 23823 paths, 20000 OD pairs
2026-08-30 01:49:16,374 path enumeration: 20000 OD pairs, 636 origin zones, 3 scenarios, cap 4 paths/OD
2026-08-30 01:50:08,949 rejected 100 malformed candidate paths that failed the re-pricing check
2026-08-30 01:50:09,034 path set: 22997 paths over 17378/20000 OD pairs (86.6% of flow served), 112034 legs
2026-08-30 01:50:09,082 period owl     : 22997 paths, 20000 OD pairs
2026-08-30 01:50:09,082 locking 28 route-periods across 14 routes in classes ('peak_express',)
2026-08-30 01:50:09,124 incumbent plan is infeasible under this budget
2026-08-30 01:51:32,325 solve lambda=2.0: obj=2.97638e+06 vh=2514.8/2517.2 exchanges=0
2026-08-30 01:51:32,335 [ 32/120] splice|005|006|NMURBEAN+splice|008|035|BOASHAN k=3 lam=2.0    83s  vs no-edit: unserved  +0.917%  gc  +0.159%  (elapsed 1.7h, ~4.8h left)
2026-08-30 01:51:32,672 footpaths: 15573 links (9 from transfers.txt)
2026-08-30 01:51:32,681 raptor network: 2949 stops, 111 patterns, 15573 footpaths
2026-08-30 01:51:32,790 zones: 1397 (637 with transit access within 600 m), 3938 access links
2026-08-30 01:51:32,799 route classes: {'all_day': 22, 'peak_express': 14}
2026-08-30 01:51:32,841 evaluator pricing: common_lines=same_route (explicit)
2026-08-30 01:51:32,854 path enumeration: 20000 OD pairs, 636 origin zones, 3 scenarios, cap 4 paths/OD
2026-08-30 01:52:26,136 rejected 130 malformed candidate paths that failed the re-pricing check
2026-08-30 01:52:26,222 path set: 24166 paths over 17380/20000 OD pairs (86.6% of flow served), 118853 legs
2026-08-30 01:52:26,272 period early   : 24166 paths, 20000 OD pairs
2026-08-30 01:52:26,284 path enumeration: 20000 OD pairs, 636 origin zones, 3 scenarios, cap 4 paths/OD
2026-08-30 01:53:26,657 rejected 134 malformed candidate paths that failed the re-pricing check
2026-08-30 01:53:26,755 path set: 28465 paths over 19267/20000 OD pairs (96.2% of flow served), 139745 legs
2026-08-30 01:53:26,832 period am_peak : 28465 paths, 20000 OD pairs
2026-08-30 01:53:26,849 path enumeration: 20000 OD pairs, 636 origin zones, 3 scenarios, cap 4 paths/OD
2026-08-30 01:54:21,808 rejected 92 malformed candidate paths that failed the re-pricing check
2026-08-30 01:54:21,896 path set: 24047 paths over 17374/20000 OD pairs (86.6% of flow served), 118283 legs
2026-08-30 01:54:21,949 period midday  : 24047 paths, 20000 OD pairs
2026-08-30 01:54:21,961 path enumeration: 20000 OD pairs, 636 origin zones, 3 scenarios, cap 4 paths/OD
2026-08-30 01:55:20,688 rejected 176 malformed candidate paths that failed the re-pricing check
2026-08-30 01:55:20,791 path set: 27772 paths over 18673/20000 OD pairs (93.6% of flow served), 138524 legs
2026-08-30 01:55:20,849 period pm_peak : 27772 paths, 20000 OD pairs
2026-08-30 01:55:20,861 path enumeration: 20000 OD pairs, 636 origin zones, 3 scenarios, cap 4 paths/OD
2026-08-30 01:56:18,605 rejected 128 malformed candidate paths that failed the re-pricing check
2026-08-30 01:56:18,692 path set: 23747 paths over 17371/20000 OD pairs (86.6% of flow served), 116237 legs
2026-08-30 01:56:18,739 period evening : 23747 paths, 20000 OD pairs
2026-08-30 01:56:18,750 path enumeration: 20000 OD pairs, 636 origin zones, 3 scenarios, cap 4 paths/OD
2026-08-30 01:57:10,447 rejected 133 malformed candidate paths that failed the re-pricing check
2026-08-30 01:57:10,526 path set: 23017 paths over 17377/20000 OD pairs (86.6% of flow served), 112040 legs
2026-08-30 01:57:10,571 period owl     : 23017 paths, 20000 OD pairs
2026-08-30 01:57:10,571 locking 28 route-periods across 14 routes in classes ('peak_express',)
2026-08-30 01:57:10,610 incumbent plan is infeasible under this budget
2026-08-30 01:58:33,244 solve lambda=2.0: obj=2.97407e+06 vh=2514.0/2517.2 exchanges=0
2026-08-30 01:58:33,252 [ 34/120] splice|006|021|NMURBEAN+splice|008|035|BOASHAN k=3 lam=2.0    83s  vs no-edit: unserved  +1.044%  gc  -0.054%  (elapsed 1.9h, ~4.7h left)
2026-08-30 01:58:33,583 footpaths: 15573 links (9 from transfers.txt)
2026-08-30 01:58:33,591 raptor network: 2949 stops, 111 patterns, 15573 footpaths
2026-08-30 01:58:33,697 zones: 1397 (637 with transit access within 600 m), 3938 access links
2026-08-30 01:58:33,706 route classes: {'all_day': 22, 'peak_express': 14}
2026-08-30 01:58:33,745 evaluator pricing: common_lines=same_route (explicit)
2026-08-30 01:58:33,761 path enumeration: 20000 OD pairs, 636 origin zones, 3 scenarios, cap 4 paths/OD
2026-08-30 01:59:27,385 rejected 121 malformed candidate paths that failed the re-pricing check
2026-08-30 01:59:27,472 path set: 24854 paths over 17381/20000 OD pairs (86.6% of flow served), 122588 legs
2026-08-30 01:59:27,520 period early   : 24854 paths, 20000 OD pairs
2026-08-30 01:59:27,531 path enumeration: 20000 OD pairs, 636 origin zones, 3 scenarios, cap 4 paths/OD
2026-08-30 02:00:28,256 rejected 100 malformed candidate paths that failed the re-pricing check
2026-08-30 02:00:28,354 path set: 28801 paths over 19273/20000 OD pairs (96.2% of flow served), 142540 legs
2026-08-30 02:00:28,412 period am_peak : 28801 paths, 20000 OD pairs
2026-08-30 02:00:28,424 path enumeration: 20000 OD pairs, 636 origin zones, 3 scenarios, cap 4 paths/OD
2026-08-30 02:01:22,500 rejected 67 malformed candidate paths that failed the re-pricing check
2026-08-30 02:01:22,586 path set: 24377 paths over 17381/20000 OD pairs (86.6% of flow served), 121204 legs
2026-08-30 02:01:22,639 period midday  : 24377 paths, 20000 OD pairs
2026-08-30 02:01:22,651 path enumeration: 20000 OD pairs, 636 origin zones, 3 scenarios, cap 4 paths/OD
2026-08-30 02:02:21,371 rejected 194 malformed candidate paths that failed the re-pricing check
2026-08-30 02:02:21,482 path set: 27990 paths over 18665/20000 OD pairs (93.6% of flow served), 140743 legs
2026-08-30 02:02:21,549 period pm_peak : 27990 paths, 20000 OD pairs
2026-08-30 02:02:21,561 path enumeration: 20000 OD pairs, 636 origin zones, 3 scenarios, cap 4 paths/OD
2026-08-30 02:03:18,745 rejected 101 malformed candidate paths that failed the re-pricing check
2026-08-30 02:03:18,833 path set: 24382 paths over 17379/20000 OD pairs (86.6% of flow served), 120907 legs
2026-08-30 02:03:18,884 period evening : 24382 paths, 20000 OD pairs
2026-08-30 02:03:18,896 path enumeration: 20000 OD pairs, 636 origin zones, 3 scenarios, cap 4 paths/OD
2026-08-30 02:04:11,697 rejected 91 malformed candidate paths that failed the re-pricing check
2026-08-30 02:04:11,784 path set: 23242 paths over 17376/20000 OD pairs (86.6% of flow served), 114694 legs
2026-08-30 02:04:11,839 period owl     : 23242 paths, 20000 OD pairs
2026-08-30 02:04:11,840 locking 28 route-periods across 14 routes in classes ('peak_express',)
2026-08-30 02:04:11,881 incumbent plan is infeasible under this budget
2026-08-30 02:05:29,296 solve lambda=2.0: obj=2.97343e+06 vh=2514.5/2517.2 exchanges=0
2026-08-30 02:05:29,304 [ 35/120] splice|007|101|EMO4THW+splice|008|035|BOASHAN+ k=3 lam=2.0    77s  vs no-edit: unserved  +1.040%  gc  -0.087%  (elapsed 2.0h, ~4.8h left)
2026-08-30 02:05:29,641 footpaths: 15573 links (9 from transfers.txt)
2026-08-30 02:05:29,650 raptor network: 2949 stops, 111 patterns, 15573 footpaths
2026-08-30 02:05:29,760 zones: 1397 (637 with transit access within 600 m), 3938 access links
2026-08-30 02:05:29,768 route classes: {'all_day': 22, 'peak_express': 14}
2026-08-30 02:05:29,809 evaluator pricing: common_lines=same_route (explicit)
2026-08-30 02:05:29,822 path enumeration: 20000 OD pairs, 636 origin zones, 3 scenarios, cap 4 paths/OD
2026-08-30 02:06:22,962 rejected 113 malformed candidate paths that failed the re-pricing check
2026-08-30 02:06:23,051 path set: 24557 paths over 17380/20000 OD pairs (86.6% of flow served), 121192 legs
2026-08-30 02:06:23,101 period early   : 24557 paths, 20000 OD pairs
2026-08-30 02:06:23,113 path enumeration: 20000 OD pairs, 636 origin zones, 3 scenarios, cap 4 paths/OD
2026-08-30 02:07:24,948 rejected 133 malformed candidate paths that failed the re-pricing check
2026-08-30 02:07:25,055 path set: 28819 paths over 19280/20000 OD pairs (96.2% of flow served), 142845 legs
2026-08-30 02:07:25,115 period am_peak : 28819 paths, 20000 OD pairs
2026-08-30 02:07:25,127 path enumeration: 20000 OD pairs, 636 origin zones, 3 scenarios, cap 4 paths/OD
2026-08-30 02:08:20,561 rejected 86 malformed candidate paths that failed the re-pricing check
2026-08-30 02:08:20,651 path set: 24305 paths over 17383/20000 OD pairs (86.6% of flow served), 120632 legs
2026-08-30 02:08:20,704 period midday  : 24305 paths, 20000 OD pairs
2026-08-30 02:08:20,716 path enumeration: 20000 OD pairs, 636 origin zones, 3 scenarios, cap 4 paths/OD
2026-08-30 02:09:22,474 rejected 220 malformed candidate paths that failed the re-pricing check
2026-08-30 02:09:22,592 path set: 28201 paths over 18726/20000 OD pairs (93.7% of flow served), 141668 legs
2026-08-30 02:09:22,663 period pm_peak : 28201 paths, 20000 OD pairs
2026-08-30 02:09:22,676 path enumeration: 20000 OD pairs, 636 origin zones, 3 scenarios, cap 4 paths/OD
2026-08-30 02:10:24,966 rejected 121 malformed candidate paths that failed the re-pricing check
2026-08-30 02:10:25,063 path set: 24173 paths over 17379/20000 OD pairs (86.6% of flow served), 119781 legs
2026-08-30 02:10:25,123 period evening : 24173 paths, 20000 OD pairs
2026-08-30 02:10:25,136 path enumeration: 20000 OD pairs, 636 origin zones, 3 scenarios, cap 4 paths/OD
2026-08-30 02:11:18,746 rejected 155 malformed candidate paths that failed the re-pricing check
2026-08-30 02:11:18,838 path set: 22679 paths over 16999/20000 OD pairs (85.1% of flow served), 111838 legs
2026-08-30 02:11:18,885 period owl     : 22679 paths, 20000 OD pairs
2026-08-30 02:11:18,885 locking 28 route-periods across 14 routes in classes ('peak_express',)
2026-08-30 02:11:18,926 incumbent plan is infeasible under this budget
2026-08-30 02:12:40,846 solve lambda=2.0: obj=2.97323e+06 vh=2516.0/2517.2 exchanges=1
2026-08-30 02:12:40,854 [ 36/120] splice|005|021|NMURBEAN+splice|007|101|EMO4THW k=3 lam=2.0    82s  vs no-edit: unserved  +1.119%  gc  -0.151%  (elapsed 2.1h, ~4.9h left)
2026-08-30 02:12:41,199 footpaths: 15573 links (9 from transfers.txt)
2026-08-30 02:12:41,208 raptor network: 2949 stops, 111 patterns, 15573 footpaths
2026-08-30 02:12:41,319 zones: 1397 (637 with transit access within 600 m), 3938 access links
2026-08-30 02:12:41,329 route classes: {'all_day': 22, 'peak_express': 14}
2026-08-30 02:12:41,373 evaluator pricing: common_lines=same_route (explicit)
2026-08-30 02:12:41,387 path enumeration: 20000 OD pairs, 636 origin zones, 3 scenarios, cap 4 paths/OD
2026-08-30 02:13:38,592 rejected 121 malformed candidate paths that failed the re-pricing check
2026-08-30 02:13:38,678 path set: 24241 paths over 17377/20000 OD pairs (86.6% of flow served), 118758 legs
2026-08-30 02:13:38,727 period early   : 24241 paths, 20000 OD pairs
2026-08-30 02:13:38,739 path enumeration: 20000 OD pairs, 636 origin zones, 3 scenarios, cap 4 paths/OD
2026-08-30 02:14:43,650 rejected 107 malformed candidate paths that failed the re-pricing check
2026-08-30 02:14:43,754 path set: 28739 paths over 19270/20000 OD pairs (96.2% of flow served), 141692 legs
2026-08-30 02:14:43,814 period am_peak : 28739 paths, 20000 OD pairs
2026-08-30 02:14:43,826 path enumeration: 20000 OD pairs, 636 origin zones, 3 scenarios, cap 4 paths/OD
2026-08-30 02:15:39,420 rejected 64 malformed candidate paths that failed the re-pricing check
2026-08-30 02:15:39,510 path set: 24069 paths over 17378/20000 OD pairs (86.6% of flow served), 119009 legs
2026-08-30 02:15:39,568 period midday  : 24069 paths, 20000 OD pairs
2026-08-30 02:15:39,580 path enumeration: 20000 OD pairs, 636 origin zones, 3 scenarios, cap 4 paths/OD
2026-08-30 02:16:39,721 rejected 147 malformed candidate paths that failed the re-pricing check
2026-08-30 02:16:39,827 path set: 28050 paths over 18672/20000 OD pairs (93.6% of flow served), 140413 legs
2026-08-30 02:16:39,888 period pm_peak : 28050 paths, 20000 OD pairs
2026-08-30 02:16:39,900 path enumeration: 20000 OD pairs, 636 origin zones, 3 scenarios, cap 4 paths/OD
2026-08-30 02:17:38,452 rejected 95 malformed candidate paths that failed the re-pricing check
2026-08-30 02:17:38,530 path set: 23843 paths over 17376/20000 OD pairs (86.6% of flow served), 117602 legs
2026-08-30 02:17:38,578 period evening : 23843 paths, 20000 OD pairs
2026-08-30 02:17:38,590 path enumeration: 20000 OD pairs, 636 origin zones, 3 scenarios, cap 4 paths/OD
2026-08-30 02:18:32,459 rejected 106 malformed candidate paths that failed the re-pricing check
2026-08-30 02:18:32,549 path set: 23372 paths over 17376/20000 OD pairs (86.6% of flow served), 114580 legs
2026-08-30 02:18:32,603 period owl     : 23372 paths, 20000 OD pairs
2026-08-30 02:18:32,603 locking 28 route-periods across 14 routes in classes ('peak_express',)
2026-08-30 02:18:32,646 incumbent plan is infeasible under this budget
2026-08-30 02:19:58,936 solve lambda=2.0: obj=2.97766e+06 vh=2514.6/2517.2 exchanges=0
2026-08-30 02:19:58,945 [ 37/120] splice|001|021|PICBETS+splice|008|035|BOASHAN+ k=3 lam=2.0    86s  vs no-edit: unserved  +1.422%  gc  -0.102%  (elapsed 2.2h, ~5.0h left)
2026-08-30 02:19:59,282 footpaths: 15573 links (9 from transfers.txt)
2026-08-30 02:19:59,291 raptor network: 2949 stops, 111 patterns, 15573 footpaths
2026-08-30 02:19:59,402 zones: 1397 (637 with transit access within 600 m), 3938 access links
2026-08-30 02:19:59,411 route classes: {'all_day': 22, 'peak_express': 14}
2026-08-30 02:19:59,451 evaluator pricing: common_lines=same_route (explicit)
2026-08-30 02:19:59,464 path enumeration: 20000 OD pairs, 636 origin zones, 3 scenarios, cap 4 paths/OD
2026-08-30 02:20:54,514 rejected 114 malformed candidate paths that failed the re-pricing check
2026-08-30 02:20:54,603 path set: 23995 paths over 17377/20000 OD pairs (86.6% of flow served), 116933 legs
2026-08-30 02:20:54,654 period early   : 23995 paths, 20000 OD pairs
2026-08-30 02:20:54,666 path enumeration: 20000 OD pairs, 636 origin zones, 3 scenarios, cap 4 paths/OD
2026-08-30 02:21:56,183 rejected 92 malformed candidate paths that failed the re-pricing check
2026-08-30 02:21:56,290 path set: 28859 paths over 19275/20000 OD pairs (96.2% of flow served), 142203 legs
2026-08-30 02:21:56,363 period am_peak : 28859 paths, 20000 OD pairs
2026-08-30 02:21:56,376 path enumeration: 20000 OD pairs, 636 origin zones, 3 scenarios, cap 4 paths/OD
2026-08-30 02:22:51,922 rejected 50 malformed candidate paths that failed the re-pricing check
2026-08-30 02:22:52,012 path set: 24120 paths over 17377/20000 OD pairs (86.6% of flow served), 118661 legs
2026-08-30 02:22:52,068 period midday  : 24120 paths, 20000 OD pairs
2026-08-30 02:22:52,080 path enumeration: 20000 OD pairs, 636 origin zones, 3 scenarios, cap 4 paths/OD
2026-08-30 02:23:52,748 rejected 137 malformed candidate paths that failed the re-pricing check
2026-08-30 02:23:52,853 path set: 28128 paths over 18685/20000 OD pairs (93.6% of flow served), 140548 legs
2026-08-30 02:23:52,913 period pm_peak : 28128 paths, 20000 OD pairs
2026-08-30 02:23:52,924 path enumeration: 20000 OD pairs, 636 origin zones, 3 scenarios, cap 4 paths/OD
2026-08-30 02:24:51,093 rejected 89 malformed candidate paths that failed the re-pricing check
2026-08-30 02:24:51,184 path set: 24141 paths over 17375/20000 OD pairs (86.6% of flow served), 118518 legs
2026-08-30 02:24:51,234 period evening : 24141 paths, 20000 OD pairs
2026-08-30 02:24:51,246 path enumeration: 20000 OD pairs, 636 origin zones, 3 scenarios, cap 4 paths/OD
2026-08-30 02:25:43,629 rejected 95 malformed candidate paths that failed the re-pricing check
2026-08-30 02:25:43,715 path set: 23684 paths over 17383/20000 OD pairs (86.6% of flow served), 116528 legs
2026-08-30 02:25:43,763 period owl     : 23684 paths, 20000 OD pairs
2026-08-30 02:25:43,763 locking 28 route-periods across 14 routes in classes ('peak_express',)
2026-08-30 02:25:43,808 incumbent plan is infeasible under this budget
2026-08-30 02:27:06,176 solve lambda=2.0: obj=2.98224e+06 vh=2512.8/2517.2 exchanges=0
2026-08-30 02:27:06,183 [ 38/120] splice|002|033|WESHIGW+splice|008|035|BOASHAN+ k=3 lam=2.0    82s  vs no-edit: unserved  +2.445%  gc  -0.521%  (elapsed 2.3h, ~5.0h left)
2026-08-30 02:27:06,525 footpaths: 15573 links (9 from transfers.txt)
2026-08-30 02:27:06,533 raptor network: 2949 stops, 111 patterns, 15573 footpaths
2026-08-30 02:27:06,639 zones: 1397 (637 with transit access within 600 m), 3938 access links
2026-08-30 02:27:06,648 route classes: {'all_day': 22, 'peak_express': 14}
2026-08-30 02:27:06,688 evaluator pricing: common_lines=same_route (explicit)
2026-08-30 02:27:06,701 path enumeration: 20000 OD pairs, 636 origin zones, 3 scenarios, cap 4 paths/OD
2026-08-30 02:27:59,507 rejected 118 malformed candidate paths that failed the re-pricing check
2026-08-30 02:27:59,588 path set: 23620 paths over 17376/20000 OD pairs (86.6% of flow served), 115035 legs
2026-08-30 02:27:59,636 period early   : 23620 paths, 20000 OD pairs
2026-08-30 02:27:59,647 path enumeration: 20000 OD pairs, 636 origin zones, 3 scenarios, cap 4 paths/OD
2026-08-30 02:29:02,430 rejected 118 malformed candidate paths that failed the re-pricing check
2026-08-30 02:29:02,536 path set: 28832 paths over 19283/20000 OD pairs (96.2% of flow served), 142316 legs
2026-08-30 02:29:02,598 period am_peak : 28832 paths, 20000 OD pairs
2026-08-30 02:29:02,610 path enumeration: 20000 OD pairs, 636 origin zones, 3 scenarios, cap 4 paths/OD
2026-08-30 02:29:57,869 rejected 76 malformed candidate paths that failed the re-pricing check
2026-08-30 02:29:57,949 path set: 23950 paths over 17381/20000 OD pairs (86.6% of flow served), 117524 legs
2026-08-30 02:29:57,996 period midday  : 23950 paths, 20000 OD pairs
2026-08-30 02:29:58,008 path enumeration: 20000 OD pairs, 636 origin zones, 3 scenarios, cap 4 paths/OD
2026-08-30 02:30:58,309 rejected 158 malformed candidate paths that failed the re-pricing check
2026-08-30 02:30:58,414 path set: 28194 paths over 18747/20000 OD pairs (93.8% of flow served), 140600 legs
2026-08-30 02:30:58,475 period pm_peak : 28194 paths, 20000 OD pairs
2026-08-30 02:30:58,488 path enumeration: 20000 OD pairs, 636 origin zones, 3 scenarios, cap 4 paths/OD
2026-08-30 02:31:57,000 rejected 114 malformed candidate paths that failed the re-pricing check
2026-08-30 02:31:57,085 path set: 23936 paths over 17375/20000 OD pairs (86.6% of flow served), 117422 legs
2026-08-30 02:31:57,140 period evening : 23936 paths, 20000 OD pairs
2026-08-30 02:31:57,152 path enumeration: 20000 OD pairs, 636 origin zones, 3 scenarios, cap 4 paths/OD
2026-08-30 02:32:49,717 rejected 167 malformed candidate paths that failed the re-pricing check
2026-08-30 02:32:49,798 path set: 23119 paths over 17006/20000 OD pairs (85.1% of flow served), 113593 legs
2026-08-30 02:32:49,843 period owl     : 23119 paths, 20000 OD pairs
2026-08-30 02:32:49,843 locking 28 route-periods across 14 routes in classes ('peak_express',)
2026-08-30 02:32:49,882 incumbent plan is infeasible under this budget
2026-08-30 02:34:10,610 solve lambda=2.0: obj=2.98155e+06 vh=2515.2/2517.2 exchanges=0
2026-08-30 02:34:10,620 [ 39/120] splice|002|033|WESHIGW+splice|005|021|NMURBEAN k=3 lam=2.0    81s  vs no-edit: unserved  +2.572%  gc  -0.642%  (elapsed 2.4h, ~5.1h left)
2026-08-30 02:34:10,954 footpaths: 15573 links (9 from transfers.txt)
2026-08-30 02:34:10,963 raptor network: 2949 stops, 111 patterns, 15573 footpaths
2026-08-30 02:34:11,070 zones: 1397 (637 with transit access within 600 m), 3938 access links
2026-08-30 02:34:11,079 route classes: {'all_day': 22, 'peak_express': 14}
2026-08-30 02:34:11,119 evaluator pricing: common_lines=same_route (explicit)
2026-08-30 02:34:11,132 path enumeration: 20000 OD pairs, 636 origin zones, 3 scenarios, cap 4 paths/OD
2026-08-30 02:35:03,509 rejected 96 malformed candidate paths that failed the re-pricing check
2026-08-30 02:35:03,608 path set: 24760 paths over 17383/20000 OD pairs (86.6% of flow served), 121106 legs
2026-08-30 02:35:03,658 period early   : 24760 paths, 20000 OD pairs
2026-08-30 02:35:03,670 path enumeration: 20000 OD pairs, 636 origin zones, 3 scenarios, cap 4 paths/OD
2026-08-30 02:36:03,925 rejected 94 malformed candidate paths that failed the re-pricing check
2026-08-30 02:36:04,024 path set: 29506 paths over 19276/20000 OD pairs (96.2% of flow served), 144577 legs
2026-08-30 02:36:04,084 period am_peak : 29506 paths, 20000 OD pairs
2026-08-30 02:36:04,095 path enumeration: 20000 OD pairs, 636 origin zones, 3 scenarios, cap 4 paths/OD
2026-08-30 02:36:59,444 rejected 77 malformed candidate paths that failed the re-pricing check
2026-08-30 02:36:59,529 path set: 24658 paths over 17381/20000 OD pairs (86.6% of flow served), 120800 legs
2026-08-30 02:36:59,579 period midday  : 24658 paths, 20000 OD pairs
2026-08-30 02:36:59,592 path enumeration: 20000 OD pairs, 636 origin zones, 3 scenarios, cap 4 paths/OD
2026-08-30 02:37:58,708 rejected 143 malformed candidate paths that failed the re-pricing check
2026-08-30 02:37:58,808 path set: 28558 paths over 18686/20000 OD pairs (93.6% of flow served), 141868 legs
2026-08-30 02:37:58,865 period pm_peak : 28558 paths, 20000 OD pairs
2026-08-30 02:37:58,877 path enumeration: 20000 OD pairs, 636 origin zones, 3 scenarios, cap 4 paths/OD
2026-08-30 02:38:57,410 rejected 93 malformed candidate paths that failed the re-pricing check
2026-08-30 02:38:57,501 path set: 24419 paths over 17380/20000 OD pairs (86.6% of flow served), 118896 legs
2026-08-30 02:38:57,551 period evening : 24419 paths, 20000 OD pairs
2026-08-30 02:38:57,563 path enumeration: 20000 OD pairs, 636 origin zones, 3 scenarios, cap 4 paths/OD
2026-08-30 02:39:50,760 rejected 106 malformed candidate paths that failed the re-pricing check
2026-08-30 02:39:50,848 path set: 23545 paths over 17378/20000 OD pairs (86.6% of flow served), 114970 legs
2026-08-30 02:39:50,897 period owl     : 23545 paths, 20000 OD pairs
2026-08-30 02:39:50,897 locking 28 route-periods across 14 routes in classes ('peak_express',)
2026-08-30 02:39:50,939 incumbent plan is infeasible under this budget
2026-08-30 02:41:10,411 solve lambda=2.0: obj=2.97776e+06 vh=2514.1/2517.2 exchanges=0
2026-08-30 02:41:10,421 [ 40/120] splice|005|006|NMURBEAN+splice|008|035|BOASHAN k=3 lam=2.0    80s  vs no-edit: unserved  +0.968%  gc  +0.203%  (elapsed 2.6h, ~5.1h left)
2026-08-30 02:41:10,745 footpaths: 15573 links (9 from transfers.txt)
2026-08-30 02:41:10,753 raptor network: 2949 stops, 111 patterns, 15573 footpaths
2026-08-30 02:41:10,858 zones: 1397 (637 with transit access within 600 m), 3938 access links
2026-08-30 02:41:10,866 route classes: {'all_day': 22, 'peak_express': 14}
2026-08-30 02:41:10,907 evaluator pricing: common_lines=same_route (explicit)
2026-08-30 02:41:10,920 path enumeration: 20000 OD pairs, 636 origin zones, 3 scenarios, cap 4 paths/OD
2026-08-30 02:42:05,025 rejected 122 malformed candidate paths that failed the re-pricing check
2026-08-30 02:42:05,110 path set: 24185 paths over 17377/20000 OD pairs (86.6% of flow served), 118976 legs
2026-08-30 02:42:05,160 period early   : 24185 paths, 20000 OD pairs
2026-08-30 02:42:05,171 path enumeration: 20000 OD pairs, 636 origin zones, 3 scenarios, cap 4 paths/OD
2026-08-30 02:43:05,779 rejected 102 malformed candidate paths that failed the re-pricing check
2026-08-30 02:43:05,887 path set: 28844 paths over 19270/20000 OD pairs (96.2% of flow served), 142993 legs
2026-08-30 02:43:05,956 period am_peak : 28844 paths, 20000 OD pairs
2026-08-30 02:43:05,968 path enumeration: 20000 OD pairs, 636 origin zones, 3 scenarios, cap 4 paths/OD
2026-08-30 02:44:01,875 rejected 72 malformed candidate paths that failed the re-pricing check
2026-08-30 02:44:01,960 path set: 24162 paths over 17378/20000 OD pairs (86.6% of flow served), 120054 legs
2026-08-30 02:44:02,009 period midday  : 24162 paths, 20000 OD pairs
2026-08-30 02:44:02,022 path enumeration: 20000 OD pairs, 636 origin zones, 3 scenarios, cap 4 paths/OD
2026-08-30 02:45:02,193 rejected 145 malformed candidate paths that failed the re-pricing check
2026-08-30 02:45:02,298 path set: 27967 paths over 18685/20000 OD pairs (93.6% of flow served), 140756 legs
2026-08-30 02:45:02,356 period pm_peak : 27967 paths, 20000 OD pairs
2026-08-30 02:45:02,367 path enumeration: 20000 OD pairs, 636 origin zones, 3 scenarios, cap 4 paths/OD
2026-08-30 02:46:01,156 rejected 96 malformed candidate paths that failed the re-pricing check
2026-08-30 02:46:01,245 path set: 23868 paths over 17377/20000 OD pairs (86.6% of flow served), 117781 legs
2026-08-30 02:46:01,296 period evening : 23868 paths, 20000 OD pairs
2026-08-30 02:46:01,308 path enumeration: 20000 OD pairs, 636 origin zones, 3 scenarios, cap 4 paths/OD
2026-08-30 02:46:55,998 rejected 107 malformed candidate paths that failed the re-pricing check
2026-08-30 02:46:56,088 path set: 23547 paths over 17381/20000 OD pairs (86.6% of flow served), 117104 legs
2026-08-30 02:46:56,138 period owl     : 23547 paths, 20000 OD pairs
2026-08-30 02:46:56,139 locking 28 route-periods across 14 routes in classes ('peak_express',)
2026-08-30 02:46:56,180 incumbent plan is infeasible under this budget
2026-08-30 02:48:17,334 solve lambda=2.0: obj=2.9784e+06 vh=2514.7/2517.2 exchanges=0
2026-08-30 02:48:17,344 [ 45/120] splice|002|011|HIGFITN+splice|008|035|BOASHAN+ k=3 lam=2.0    81s  vs no-edit: unserved  +1.519%  gc  -0.125%  (elapsed 2.7h, ~4.5h left)
2026-08-30 02:48:17,665 footpaths: 15573 links (9 from transfers.txt)
2026-08-30 02:48:17,673 raptor network: 2949 stops, 111 patterns, 15573 footpaths
2026-08-30 02:48:17,780 zones: 1397 (637 with transit access within 600 m), 3938 access links
2026-08-30 02:48:17,789 route classes: {'all_day': 22, 'peak_express': 14}
2026-08-30 02:48:17,830 evaluator pricing: common_lines=same_route (explicit)
2026-08-30 02:48:17,844 path enumeration: 20000 OD pairs, 636 origin zones, 3 scenarios, cap 4 paths/OD
2026-08-30 02:49:10,513 rejected 96 malformed candidate paths that failed the re-pricing check
2026-08-30 02:49:10,632 path set: 24721 paths over 17382/20000 OD pairs (86.6% of flow served), 120947 legs
2026-08-30 02:49:10,681 period early   : 24721 paths, 20000 OD pairs
2026-08-30 02:49:10,693 path enumeration: 20000 OD pairs, 636 origin zones, 3 scenarios, cap 4 paths/OD
2026-08-30 02:50:11,948 rejected 77 malformed candidate paths that failed the re-pricing check
2026-08-30 02:50:12,060 path set: 29108 paths over 19281/20000 OD pairs (96.2% of flow served), 142458 legs
2026-08-30 02:50:12,118 period am_peak : 29108 paths, 20000 OD pairs
2026-08-30 02:50:12,130 path enumeration: 20000 OD pairs, 636 origin zones, 3 scenarios, cap 4 paths/OD
2026-08-30 02:51:08,162 rejected 65 malformed candidate paths that failed the re-pricing check
2026-08-30 02:51:08,249 path set: 24380 paths over 17380/20000 OD pairs (86.6% of flow served), 119300 legs
2026-08-30 02:51:08,303 period midday  : 24380 paths, 20000 OD pairs
2026-08-30 02:51:08,314 path enumeration: 20000 OD pairs, 636 origin zones, 3 scenarios, cap 4 paths/OD
2026-08-30 02:52:08,369 rejected 140 malformed candidate paths that failed the re-pricing check
2026-08-30 02:52:08,473 path set: 28437 paths over 18749/20000 OD pairs (93.8% of flow served), 141418 legs
2026-08-30 02:52:08,534 period pm_peak : 28437 paths, 20000 OD pairs
2026-08-30 02:52:08,546 path enumeration: 20000 OD pairs, 636 origin zones, 3 scenarios, cap 4 paths/OD
2026-08-30 02:53:07,502 rejected 70 malformed candidate paths that failed the re-pricing check
2026-08-30 02:53:07,586 path set: 24222 paths over 17379/20000 OD pairs (86.6% of flow served), 117681 legs
2026-08-30 02:53:07,634 period evening : 24222 paths, 20000 OD pairs
2026-08-30 02:53:07,645 path enumeration: 20000 OD pairs, 636 origin zones, 3 scenarios, cap 4 paths/OD
2026-08-30 02:54:00,607 rejected 99 malformed candidate paths that failed the re-pricing check
2026-08-30 02:54:00,695 path set: 23532 paths over 17377/20000 OD pairs (86.6% of flow served), 115384 legs
2026-08-30 02:54:00,745 period owl     : 23532 paths, 20000 OD pairs
2026-08-30 02:54:00,745 locking 28 route-periods across 14 routes in classes ('peak_express',)
2026-08-30 02:54:00,787 incumbent plan is infeasible under this budget
2026-08-30 02:55:26,154 solve lambda=2.0: obj=2.97865e+06 vh=2515.1/2517.2 exchanges=0
2026-08-30 02:55:26,162 [ 46/120] splice|005|021|NMURBEAN+splice|008|035|BOASHAN k=3 lam=2.0    85s  vs no-edit: unserved  +1.507%  gc  -0.103%  (elapsed 2.8h, ~4.5h left)
2026-08-30 02:55:26,491 footpaths: 15573 links (9 from transfers.txt)
2026-08-30 02:55:26,499 raptor network: 2949 stops, 111 patterns, 15573 footpaths
2026-08-30 02:55:26,611 zones: 1397 (637 with transit access within 600 m), 3938 access links
2026-08-30 02:55:26,620 route classes: {'all_day': 22, 'peak_express': 14}
2026-08-30 02:55:26,662 evaluator pricing: common_lines=same_route (explicit)
2026-08-30 02:55:26,675 path enumeration: 20000 OD pairs, 636 origin zones, 3 scenarios, cap 4 paths/OD
2026-08-30 02:56:22,938 rejected 105 malformed candidate paths that failed the re-pricing check
2026-08-30 02:56:23,018 path set: 23891 paths over 17379/20000 OD pairs (86.6% of flow served), 117649 legs
2026-08-30 02:56:23,068 period early   : 23891 paths, 20000 OD pairs
2026-08-30 02:56:23,080 path enumeration: 20000 OD pairs, 636 origin zones, 3 scenarios, cap 4 paths/OD
2026-08-30 02:57:26,753 rejected 121 malformed candidate paths that failed the re-pricing check
2026-08-30 02:57:26,856 path set: 28904 paths over 19279/20000 OD pairs (96.2% of flow served), 143557 legs
2026-08-30 02:57:26,916 period am_peak : 28904 paths, 20000 OD pairs
2026-08-30 02:57:26,929 path enumeration: 20000 OD pairs, 636 origin zones, 3 scenarios, cap 4 paths/OD
2026-08-30 02:58:23,944 rejected 85 malformed candidate paths that failed the re-pricing check
2026-08-30 02:58:24,042 path set: 23971 paths over 17382/20000 OD pairs (86.6% of flow served), 118630 legs
2026-08-30 02:58:24,101 period midday  : 23971 paths, 20000 OD pairs
2026-08-30 02:58:24,124 path enumeration: 20000 OD pairs, 636 origin zones, 3 scenarios, cap 4 paths/OD
2026-08-30 02:59:27,350 rejected 163 malformed candidate paths that failed the re-pricing check
2026-08-30 02:59:27,459 path set: 28034 paths over 18751/20000 OD pairs (93.8% of flow served), 140828 legs
2026-08-30 02:59:27,522 period pm_peak : 28034 paths, 20000 OD pairs
2026-08-30 02:59:27,534 path enumeration: 20000 OD pairs, 636 origin zones, 3 scenarios, cap 4 paths/OD
2026-08-30 03:00:29,960 rejected 108 malformed candidate paths that failed the re-pricing check
2026-08-30 03:00:30,045 path set: 23689 paths over 17379/20000 OD pairs (86.6% of flow served), 116730 legs
2026-08-30 03:00:30,093 period evening : 23689 paths, 20000 OD pairs
2026-08-30 03:00:30,104 path enumeration: 20000 OD pairs, 636 origin zones, 3 scenarios, cap 4 paths/OD
2026-08-30 03:01:23,736 rejected 177 malformed candidate paths that failed the re-pricing check
2026-08-30 03:01:23,824 path set: 22953 paths over 17005/20000 OD pairs (85.1% of flow served), 113923 legs
2026-08-30 03:01:23,872 period owl     : 22953 paths, 20000 OD pairs
2026-08-30 03:01:23,872 locking 28 route-periods across 14 routes in classes ('peak_express',)
2026-08-30 03:01:23,913 incumbent plan is infeasible under this budget
2026-08-30 03:02:46,537 solve lambda=2.0: obj=2.97831e+06 vh=2515.3/2517.2 exchanges=0
2026-08-30 03:02:46,545 [ 47/120] splice|002|011|HIGFITN+splice|005|021|NMURBEAN k=3 lam=2.0    83s  vs no-edit: unserved  +1.704%  gc  -0.252%  (elapsed 2.9h, ~4.5h left)
2026-08-30 03:02:46,985 footpaths: 15573 links (9 from transfers.txt)
2026-08-30 03:02:46,993 raptor network: 2949 stops, 111 patterns, 15573 footpaths
2026-08-30 03:02:47,103 zones: 1397 (637 with transit access within 600 m), 3938 access links
2026-08-30 03:02:47,112 route classes: {'all_day': 22, 'peak_express': 14}
2026-08-30 03:02:47,150 evaluator pricing: common_lines=same_route (explicit)
2026-08-30 03:02:47,164 path enumeration: 20000 OD pairs, 636 origin zones, 3 scenarios, cap 4 paths/OD
2026-08-30 03:03:38,026 rejected 95 malformed candidate paths that failed the re-pricing check
2026-08-30 03:03:38,111 path set: 24329 paths over 17313/20000 OD pairs (86.3% of flow served), 119372 legs
2026-08-30 03:03:38,156 period early   : 24329 paths, 20000 OD pairs
2026-08-30 03:03:38,168 path enumeration: 20000 OD pairs, 636 origin zones, 3 scenarios, cap 4 paths/OD
2026-08-30 03:04:50,686 rejected 136 malformed candidate paths that failed the re-pricing check
2026-08-30 03:04:50,865 path set: 29271 paths over 19284/20000 OD pairs (96.3% of flow served), 145589 legs
2026-08-30 03:04:50,939 period am_peak : 29271 paths, 20000 OD pairs
2026-08-30 03:04:50,967 path enumeration: 20000 OD pairs, 636 origin zones, 3 scenarios, cap 4 paths/OD
2026-08-30 03:06:19,094 rejected 91 malformed candidate paths that failed the re-pricing check
2026-08-30 03:06:19,239 path set: 24501 paths over 17387/20000 OD pairs (86.6% of flow served), 121975 legs
2026-08-30 03:06:19,292 period midday  : 24501 paths, 20000 OD pairs
2026-08-30 03:06:19,307 path enumeration: 20000 OD pairs, 636 origin zones, 3 scenarios, cap 4 paths/OD
2026-08-30 03:07:55,645 rejected 207 malformed candidate paths that failed the re-pricing check
2026-08-30 03:07:55,764 path set: 28332 paths over 18668/20000 OD pairs (93.6% of flow served), 142457 legs
2026-08-30 03:07:55,889 period pm_peak : 28332 paths, 20000 OD pairs
2026-08-30 03:07:55,909 path enumeration: 20000 OD pairs, 636 origin zones, 3 scenarios, cap 4 paths/OD
2026-08-30 03:09:36,707 rejected 112 malformed candidate paths that failed the re-pricing check
2026-08-30 03:09:36,894 path set: 24397 paths over 17384/20000 OD pairs (86.6% of flow served), 121465 legs
2026-08-30 03:09:36,998 period evening : 24397 paths, 20000 OD pairs
2026-08-30 03:09:37,026 path enumeration: 20000 OD pairs, 636 origin zones, 3 scenarios, cap 4 paths/OD
2026-08-30 03:11:12,884 rejected 130 malformed candidate paths that failed the re-pricing check
2026-08-30 03:11:13,011 path set: 22234 paths over 17004/20000 OD pairs (85.1% of flow served), 109151 legs
2026-08-30 03:11:13,099 period owl     : 22234 paths, 20000 OD pairs
2026-08-30 03:11:13,103 locking 28 route-periods across 14 routes in classes ('peak_express',)
2026-08-30 03:11:13,153 incumbent plan is infeasible under this budget
2026-08-30 03:13:36,742 solve lambda=2.0: obj=2.97225e+06 vh=2512.9/2517.2 exchanges=0
2026-08-30 03:13:36,751 [ 48/120] splice|005|006|NMURBEAN+splice|007|101|EMO4THW k=3 lam=2.0   144s  vs no-edit: unserved  +1.122%  gc  -0.207%  (elapsed 3.1h, ~4.7h left)
2026-08-30 03:13:37,292 footpaths: 15573 links (9 from transfers.txt)
2026-08-30 03:13:37,306 raptor network: 2949 stops, 111 patterns, 15573 footpaths
2026-08-30 03:13:37,455 zones: 1397 (637 with transit access within 600 m), 3938 access links
2026-08-30 03:13:37,474 route classes: {'all_day': 22, 'peak_express': 14}
2026-08-30 03:13:37,520 evaluator pricing: common_lines=same_route (explicit)
2026-08-30 03:13:37,532 path enumeration: 20000 OD pairs, 636 origin zones, 3 scenarios, cap 4 paths/OD
2026-08-30 03:15:05,275 rejected 99 malformed candidate paths that failed the re-pricing check
2026-08-30 03:15:05,360 path set: 23863 paths over 17310/20000 OD pairs (86.3% of flow served), 116390 legs
2026-08-30 03:15:05,432 period early   : 23863 paths, 20000 OD pairs
2026-08-30 03:15:05,457 path enumeration: 20000 OD pairs, 636 origin zones, 3 scenarios, cap 4 paths/OD
2026-08-30 03:16:51,285 rejected 125 malformed candidate paths that failed the re-pricing check
2026-08-30 03:16:51,444 path set: 29134 paths over 19282/20000 OD pairs (96.2% of flow served), 144393 legs
2026-08-30 03:16:51,567 period am_peak : 29134 paths, 20000 OD pairs
2026-08-30 03:16:51,592 path enumeration: 20000 OD pairs, 636 origin zones, 3 scenarios, cap 4 paths/OD
2026-08-30 03:18:27,090 rejected 104 malformed candidate paths that failed the re-pricing check
2026-08-30 03:18:27,275 path set: 24138 paths over 17386/20000 OD pairs (86.6% of flow served), 119522 legs
2026-08-30 03:18:27,330 period midday  : 24138 paths, 20000 OD pairs
2026-08-30 03:18:27,343 path enumeration: 20000 OD pairs, 636 origin zones, 3 scenarios, cap 4 paths/OD
2026-08-30 03:20:11,048 rejected 139 malformed candidate paths that failed the re-pricing check
2026-08-30 03:20:11,194 path set: 28264 paths over 18678/20000 OD pairs (93.6% of flow served), 141469 legs
2026-08-30 03:20:11,301 period pm_peak : 28264 paths, 20000 OD pairs
2026-08-30 03:20:11,313 path enumeration: 20000 OD pairs, 636 origin zones, 3 scenarios, cap 4 paths/OD
2026-08-30 03:21:49,930 rejected 116 malformed candidate paths that failed the re-pricing check
2026-08-30 03:21:50,102 path set: 23885 paths over 17383/20000 OD pairs (86.6% of flow served), 118298 legs
2026-08-30 03:21:50,177 period evening : 23885 paths, 20000 OD pairs
2026-08-30 03:21:50,189 path enumeration: 20000 OD pairs, 636 origin zones, 3 scenarios, cap 4 paths/OD
2026-08-30 03:23:20,656 rejected 160 malformed candidate paths that failed the re-pricing check
2026-08-30 03:23:20,803 path set: 22394 paths over 17002/20000 OD pairs (85.1% of flow served), 109335 legs
2026-08-30 03:23:20,847 period owl     : 22394 paths, 20000 OD pairs
2026-08-30 03:23:20,848 locking 28 route-periods across 14 routes in classes ('peak_express',)
2026-08-30 03:23:20,901 incumbent plan is infeasible under this budget
2026-08-30 03:25:41,422 solve lambda=2.0: obj=2.97605e+06 vh=2514.0/2517.2 exchanges=0
2026-08-30 03:25:41,432 [ 49/120] splice|001|021|PICBETS+splice|005|006|NMURBEAN k=3 lam=2.0   141s  vs no-edit: unserved  +1.552%  gc  -0.278%  (elapsed 3.3h, ~4.8h left)
2026-08-30 03:25:42,067 footpaths: 15573 links (9 from transfers.txt)
2026-08-30 03:25:42,084 raptor network: 2949 stops, 111 patterns, 15573 footpaths
2026-08-30 03:25:42,237 zones: 1397 (637 with transit access within 600 m), 3938 access links
2026-08-30 03:25:42,245 route classes: {'all_day': 22, 'peak_express': 14}
2026-08-30 03:25:42,306 evaluator pricing: common_lines=same_route (explicit)
2026-08-30 03:25:42,331 path enumeration: 20000 OD pairs, 636 origin zones, 3 scenarios, cap 4 paths/OD
2026-08-30 03:27:09,466 rejected 86 malformed candidate paths that failed the re-pricing check
2026-08-30 03:27:09,601 path set: 25388 paths over 17383/20000 OD pairs (86.6% of flow served), 125316 legs
2026-08-30 03:27:09,658 period early   : 25388 paths, 20000 OD pairs
2026-08-30 03:27:09,686 path enumeration: 20000 OD pairs, 636 origin zones, 3 scenarios, cap 4 paths/OD
2026-08-30 03:28:48,214 rejected 76 malformed candidate paths that failed the re-pricing check
2026-08-30 03:28:48,374 path set: 29884 paths over 19275/20000 OD pairs (96.2% of flow served), 147334 legs
2026-08-30 03:28:48,435 period am_peak : 29884 paths, 20000 OD pairs
2026-08-30 03:28:48,447 path enumeration: 20000 OD pairs, 636 origin zones, 3 scenarios, cap 4 paths/OD
2026-08-30 03:30:17,908 rejected 61 malformed candidate paths that failed the re-pricing check
2026-08-30 03:30:18,084 path set: 25152 paths over 17382/20000 OD pairs (86.6% of flow served), 124173 legs
2026-08-30 03:30:18,140 period midday  : 25152 paths, 20000 OD pairs
2026-08-30 03:30:18,152 path enumeration: 20000 OD pairs, 636 origin zones, 3 scenarios, cap 4 paths/OD
2026-08-30 03:31:55,373 rejected 131 malformed candidate paths that failed the re-pricing check
2026-08-30 03:31:55,566 path set: 29124 paths over 18673/20000 OD pairs (93.6% of flow served), 145661 legs
2026-08-30 03:31:55,696 period pm_peak : 29124 paths, 20000 OD pairs
2026-08-30 03:31:55,708 path enumeration: 20000 OD pairs, 636 origin zones, 3 scenarios, cap 4 paths/OD
2026-08-30 03:33:32,700 rejected 79 malformed candidate paths that failed the re-pricing check
2026-08-30 03:33:32,852 path set: 25037 paths over 17381/20000 OD pairs (86.6% of flow served), 123181 legs
2026-08-30 03:33:32,959 period evening : 25037 paths, 20000 OD pairs
2026-08-30 03:33:32,983 path enumeration: 20000 OD pairs, 636 origin zones, 3 scenarios, cap 4 paths/OD
2026-08-30 03:35:01,284 rejected 95 malformed candidate paths that failed the re-pricing check
2026-08-30 03:35:01,428 path set: 24866 paths over 17387/20000 OD pairs (86.7% of flow served), 122206 legs
2026-08-30 03:35:01,496 period owl     : 24866 paths, 20000 OD pairs
2026-08-30 03:35:01,497 locking 28 route-periods across 14 routes in classes ('peak_express',)
2026-08-30 03:35:01,584 incumbent plan is infeasible under this budget
2026-08-30 03:37:12,265 solve lambda=2.0: obj=2.98159e+06 vh=2513.2/2517.2 exchanges=0
2026-08-30 03:37:12,283 [ 50/120] splice|002|034|WESHIGW+splice|005|006|NMURBEAN k=3 lam=2.0   131s  vs no-edit: unserved  +1.655%  gc  -0.036%  (elapsed 3.5h, ~4.9h left)
2026-08-30 03:37:12,790 footpaths: 15573 links (9 from transfers.txt)
2026-08-30 03:37:12,799 raptor network: 2949 stops, 111 patterns, 15573 footpaths
2026-08-30 03:37:12,987 zones: 1397 (637 with transit access within 600 m), 3938 access links
2026-08-30 03:37:12,996 route classes: {'all_day': 22, 'peak_express': 14}
2026-08-30 03:37:13,036 evaluator pricing: common_lines=same_route (explicit)
2026-08-30 03:37:13,049 path enumeration: 20000 OD pairs, 636 origin zones, 3 scenarios, cap 4 paths/OD
2026-08-30 03:38:37,293 rejected 103 malformed candidate paths that failed the re-pricing check
2026-08-30 03:38:37,442 path set: 25178 paths over 17385/20000 OD pairs (86.6% of flow served), 124093 legs
2026-08-30 03:38:37,523 period early   : 25178 paths, 20000 OD pairs
2026-08-30 03:38:37,547 path enumeration: 20000 OD pairs, 636 origin zones, 3 scenarios, cap 4 paths/OD
2026-08-30 03:40:17,656 rejected 87 malformed candidate paths that failed the re-pricing check
2026-08-30 03:40:17,806 path set: 29442 paths over 19278/20000 OD pairs (96.2% of flow served), 145499 legs
2026-08-30 03:40:17,930 period am_peak : 29442 paths, 20000 OD pairs
2026-08-30 03:40:17,955 path enumeration: 20000 OD pairs, 636 origin zones, 3 scenarios, cap 4 paths/OD
2026-08-30 03:41:46,377 rejected 77 malformed candidate paths that failed the re-pricing check
2026-08-30 03:41:46,557 path set: 24874 paths over 17385/20000 OD pairs (86.6% of flow served), 123480 legs
2026-08-30 03:41:46,650 period midday  : 24874 paths, 20000 OD pairs
2026-08-30 03:41:46,661 path enumeration: 20000 OD pairs, 636 origin zones, 3 scenarios, cap 4 paths/OD
2026-08-30 03:43:22,809 rejected 189 malformed candidate paths that failed the re-pricing check
2026-08-30 03:43:23,017 path set: 28544 paths over 18668/20000 OD pairs (93.6% of flow served), 143108 legs
2026-08-30 03:43:23,089 period pm_peak : 28544 paths, 20000 OD pairs
2026-08-30 03:43:23,114 path enumeration: 20000 OD pairs, 636 origin zones, 3 scenarios, cap 4 paths/OD
2026-08-30 03:44:58,651 rejected 98 malformed candidate paths that failed the re-pricing check
2026-08-30 03:44:58,831 path set: 24819 paths over 17383/20000 OD pairs (86.6% of flow served), 122779 legs
2026-08-30 03:44:58,905 period evening : 24819 paths, 20000 OD pairs
2026-08-30 03:44:58,917 path enumeration: 20000 OD pairs, 636 origin zones, 3 scenarios, cap 4 paths/OD
2026-08-30 03:46:07,908 rejected 84 malformed candidate paths that failed the re-pricing check
2026-08-30 03:46:08,000 path set: 23208 paths over 17379/20000 OD pairs (86.6% of flow served), 114308 legs
2026-08-30 03:46:08,049 period owl     : 23208 paths, 20000 OD pairs
2026-08-30 03:46:08,049 locking 28 route-periods across 14 routes in classes ('peak_express',)
2026-08-30 03:46:08,091 incumbent plan is infeasible under this budget
2026-08-30 03:47:28,253 solve lambda=2.0: obj=2.97944e+06 vh=2514.9/2517.2 exchanges=0
2026-08-30 03:47:28,259 [ 51/120] splice|005|006|NMURBEAN+splice|007|101|EMO4THW k=3 lam=2.0    80s  vs no-edit: unserved  +1.371%  gc  +0.031%  (elapsed 3.7h, ~5.0h left)
2026-08-30 03:47:28,577 footpaths: 15573 links (9 from transfers.txt)
2026-08-30 03:47:28,585 raptor network: 2949 stops, 111 patterns, 15573 footpaths
2026-08-30 03:47:28,691 zones: 1397 (637 with transit access within 600 m), 3938 access links
2026-08-30 03:47:28,700 route classes: {'all_day': 22, 'peak_express': 14}
2026-08-30 03:47:28,738 evaluator pricing: common_lines=same_route (explicit)
2026-08-30 03:47:28,751 path enumeration: 20000 OD pairs, 636 origin zones, 3 scenarios, cap 4 paths/OD
2026-08-30 03:48:20,768 rejected 102 malformed candidate paths that failed the re-pricing check
2026-08-30 03:48:20,855 path set: 25126 paths over 17385/20000 OD pairs (86.6% of flow served), 123545 legs
2026-08-30 03:48:20,905 period early   : 25126 paths, 20000 OD pairs
2026-08-30 03:48:20,917 path enumeration: 20000 OD pairs, 636 origin zones, 3 scenarios, cap 4 paths/OD
2026-08-30 03:49:22,534 rejected 101 malformed candidate paths that failed the re-pricing check
2026-08-30 03:49:22,647 path set: 29882 paths over 19283/20000 OD pairs (96.3% of flow served), 147984 legs
2026-08-30 03:49:22,716 period am_peak : 29882 paths, 20000 OD pairs
2026-08-30 03:49:22,728 path enumeration: 20000 OD pairs, 636 origin zones, 3 scenarios, cap 4 paths/OD
2026-08-30 03:50:17,125 rejected 95 malformed candidate paths that failed the re-pricing check
2026-08-30 03:50:17,214 path set: 25171 paths over 17387/20000 OD pairs (86.7% of flow served), 125031 legs
2026-08-30 03:50:17,265 period midday  : 25171 paths, 20000 OD pairs
2026-08-30 03:50:17,276 path enumeration: 20000 OD pairs, 636 origin zones, 3 scenarios, cap 4 paths/OD
2026-08-30 03:51:15,845 rejected 199 malformed candidate paths that failed the re-pricing check
2026-08-30 03:51:15,955 path set: 29036 paths over 18668/20000 OD pairs (93.6% of flow served), 145166 legs
2026-08-30 03:51:16,017 period pm_peak : 29036 paths, 20000 OD pairs
2026-08-30 03:51:16,029 path enumeration: 20000 OD pairs, 636 origin zones, 3 scenarios, cap 4 paths/OD
2026-08-30 03:52:14,020 rejected 84 malformed candidate paths that failed the re-pricing check
2026-08-30 03:52:14,115 path set: 24912 paths over 17384/20000 OD pairs (86.6% of flow served), 123768 legs
2026-08-30 03:52:14,168 period evening : 24912 paths, 20000 OD pairs
2026-08-30 03:52:14,179 path enumeration: 20000 OD pairs, 636 origin zones, 3 scenarios, cap 4 paths/OD
2026-08-30 03:53:06,430 rejected 154 malformed candidate paths that failed the re-pricing check
2026-08-30 03:53:06,520 path set: 22880 paths over 17003/20000 OD pairs (85.1% of flow served), 112640 legs
2026-08-30 03:53:06,563 period owl     : 22880 paths, 20000 OD pairs
2026-08-30 03:53:06,563 locking 28 route-periods across 14 routes in classes ('peak_express',)
2026-08-30 03:53:06,606 incumbent plan is infeasible under this budget
2026-08-30 03:54:25,763 solve lambda=2.0: obj=2.9792e+06 vh=2513.5/2517.2 exchanges=0
2026-08-30 03:54:25,776 [ 52/120] splice|001|021|PICBETS+splice|005|006|NMURBEAN k=3 lam=2.0    79s  vs no-edit: unserved  +1.760%  gc  -0.239%  (elapsed 3.8h, ~4.9h left)
2026-08-30 03:54:26,109 footpaths: 15573 links (9 from transfers.txt)
2026-08-30 03:54:26,118 raptor network: 2949 stops, 111 patterns, 15573 footpaths
2026-08-30 03:54:26,225 zones: 1397 (637 with transit access within 600 m), 3938 access links
2026-08-30 03:54:26,235 route classes: {'all_day': 22, 'peak_express': 14}
2026-08-30 03:54:26,276 evaluator pricing: common_lines=same_route (explicit)
2026-08-30 03:54:26,289 path enumeration: 20000 OD pairs, 636 origin zones, 3 scenarios, cap 4 paths/OD
2026-08-30 03:55:19,470 rejected 106 malformed candidate paths that failed the re-pricing check
2026-08-30 03:55:19,561 path set: 23933 paths over 17381/20000 OD pairs (86.6% of flow served), 118292 legs
2026-08-30 03:55:19,620 period early   : 23933 paths, 20000 OD pairs
2026-08-30 03:55:19,632 path enumeration: 20000 OD pairs, 636 origin zones, 3 scenarios, cap 4 paths/OD
2026-08-30 03:56:22,951 rejected 117 malformed candidate paths that failed the re-pricing check
2026-08-30 03:56:23,063 path set: 28790 paths over 19273/20000 OD pairs (96.2% of flow served), 143357 legs
2026-08-30 03:56:23,143 period am_peak : 28790 paths, 20000 OD pairs
2026-08-30 03:56:23,154 path enumeration: 20000 OD pairs, 636 origin zones, 3 scenarios, cap 4 paths/OD
2026-08-30 03:57:20,757 rejected 82 malformed candidate paths that failed the re-pricing check
2026-08-30 03:57:20,843 path set: 24015 paths over 17382/20000 OD pairs (86.6% of flow served), 119683 legs
2026-08-30 03:57:20,894 period midday  : 24015 paths, 20000 OD pairs
2026-08-30 03:57:20,906 path enumeration: 20000 OD pairs, 636 origin zones, 3 scenarios, cap 4 paths/OD
2026-08-30 03:58:22,102 rejected 140 malformed candidate paths that failed the re-pricing check
2026-08-30 03:58:22,216 path set: 27886 paths over 18674/20000 OD pairs (93.6% of flow served), 140897 legs
2026-08-30 03:58:22,274 period pm_peak : 27886 paths, 20000 OD pairs
2026-08-30 03:58:22,285 path enumeration: 20000 OD pairs, 636 origin zones, 3 scenarios, cap 4 paths/OD
2026-08-30 03:59:21,213 rejected 118 malformed candidate paths that failed the re-pricing check
2026-08-30 03:59:21,304 path set: 23856 paths over 17381/20000 OD pairs (86.6% of flow served), 118520 legs
2026-08-30 03:59:21,356 period evening : 23856 paths, 20000 OD pairs
2026-08-30 03:59:21,369 path enumeration: 20000 OD pairs, 636 origin zones, 3 scenarios, cap 4 paths/OD
2026-08-30 04:00:18,540 rejected 86 malformed candidate paths that failed the re-pricing check
2026-08-30 04:00:18,626 path set: 22915 paths over 17385/20000 OD pairs (86.6% of flow served), 113594 legs
2026-08-30 04:00:18,673 period owl     : 22915 paths, 20000 OD pairs
2026-08-30 04:00:18,673 locking 28 route-periods across 14 routes in classes ('peak_express',)
2026-08-30 04:00:18,714 incumbent plan is infeasible under this budget
2026-08-30 04:01:39,058 solve lambda=2.0: obj=2.98335e+06 vh=2514.0/2517.2 exchanges=0
2026-08-30 04:01:39,065 [ 53/120] splice|002|011|HIGFITN+splice|005|006|NMURBEAN k=3 lam=2.0    80s  vs no-edit: unserved  +1.831%  gc  -0.053%  (elapsed 3.9h, ~4.9h left)
2026-08-30 04:01:39,396 footpaths: 15573 links (9 from transfers.txt)
2026-08-30 04:01:39,405 raptor network: 2949 stops, 111 patterns, 15573 footpaths
2026-08-30 04:01:39,514 zones: 1397 (637 with transit access within 600 m), 3938 access links
2026-08-30 04:01:39,524 route classes: {'all_day': 22, 'peak_express': 14}
2026-08-30 04:01:39,567 evaluator pricing: common_lines=same_route (explicit)
2026-08-30 04:01:39,582 path enumeration: 20000 OD pairs, 636 origin zones, 3 scenarios, cap 4 paths/OD
2026-08-30 04:02:32,669 rejected 88 malformed candidate paths that failed the re-pricing check
2026-08-30 04:02:32,757 path set: 24322 paths over 17383/20000 OD pairs (86.6% of flow served), 118426 legs
2026-08-30 04:02:32,808 period early   : 24322 paths, 20000 OD pairs
2026-08-30 04:02:32,819 path enumeration: 20000 OD pairs, 636 origin zones, 3 scenarios, cap 4 paths/OD
2026-08-30 04:03:35,480 rejected 81 malformed candidate paths that failed the re-pricing check
2026-08-30 04:03:35,585 path set: 29451 paths over 19281/20000 OD pairs (96.2% of flow served), 144843 legs
2026-08-30 04:03:35,646 period am_peak : 29451 paths, 20000 OD pairs
2026-08-30 04:03:35,657 path enumeration: 20000 OD pairs, 636 origin zones, 3 scenarios, cap 4 paths/OD
2026-08-30 04:04:32,096 rejected 63 malformed candidate paths that failed the re-pricing check
2026-08-30 04:04:32,181 path set: 24675 paths over 17382/20000 OD pairs (86.6% of flow served), 121178 legs
2026-08-30 04:04:32,231 period midday  : 24675 paths, 20000 OD pairs
2026-08-30 04:04:32,243 path enumeration: 20000 OD pairs, 636 origin zones, 3 scenarios, cap 4 paths/OD
2026-08-30 04:05:32,861 rejected 118 malformed candidate paths that failed the re-pricing check
2026-08-30 04:05:32,970 path set: 28695 paths over 18691/20000 OD pairs (93.6% of flow served), 142871 legs
2026-08-30 04:05:33,033 period pm_peak : 28695 paths, 20000 OD pairs
2026-08-30 04:05:33,045 path enumeration: 20000 OD pairs, 636 origin zones, 3 scenarios, cap 4 paths/OD
2026-08-30 04:06:31,640 rejected 80 malformed candidate paths that failed the re-pricing check
2026-08-30 04:06:31,733 path set: 24698 paths over 17381/20000 OD pairs (86.6% of flow served), 120981 legs
2026-08-30 04:06:31,790 period evening : 24698 paths, 20000 OD pairs
2026-08-30 04:06:31,804 path enumeration: 20000 OD pairs, 636 origin zones, 3 scenarios, cap 4 paths/OD
2026-08-30 04:07:25,639 rejected 89 malformed candidate paths that failed the re-pricing check
2026-08-30 04:07:25,724 path set: 23629 paths over 17386/20000 OD pairs (86.6% of flow served), 116173 legs
2026-08-30 04:07:25,771 period owl     : 23629 paths, 20000 OD pairs
2026-08-30 04:07:25,771 locking 28 route-periods across 14 routes in classes ('peak_express',)
2026-08-30 04:07:25,813 incumbent plan is infeasible under this budget
2026-08-30 04:08:40,105 solve lambda=2.0: obj=2.98871e+06 vh=2513.7/2517.2 exchanges=0
2026-08-30 04:08:40,114 [ 54/120] splice|002|033|WESHIGW+splice|005|006|NMURBEAN k=3 lam=2.0    74s  vs no-edit: unserved  +2.873%  gc  -0.441%  (elapsed 4.0h, ~4.9h left)
2026-08-30 04:08:40,449 footpaths: 15573 links (9 from transfers.txt)
2026-08-30 04:08:40,458 raptor network: 2949 stops, 111 patterns, 15573 footpaths
2026-08-30 04:08:40,566 zones: 1397 (637 with transit access within 600 m), 3938 access links
2026-08-30 04:08:40,575 route classes: {'all_day': 22, 'peak_express': 14}
2026-08-30 04:08:40,616 evaluator pricing: common_lines=same_route (explicit)
2026-08-30 04:08:40,629 path enumeration: 20000 OD pairs, 636 origin zones, 3 scenarios, cap 4 paths/OD
2026-08-30 04:09:33,647 rejected 80 malformed candidate paths that failed the re-pricing check
2026-08-30 04:09:33,729 path set: 24298 paths over 17383/20000 OD pairs (86.6% of flow served), 117763 legs
2026-08-30 04:09:33,780 period early   : 24298 paths, 20000 OD pairs
2026-08-30 04:09:33,791 path enumeration: 20000 OD pairs, 636 origin zones, 3 scenarios, cap 4 paths/OD
2026-08-30 04:10:44,499 rejected 93 malformed candidate paths that failed the re-pricing check
2026-08-30 04:10:44,634 path set: 29821 paths over 19285/20000 OD pairs (96.3% of flow served), 147079 legs
2026-08-30 04:10:44,726 period am_peak : 29821 paths, 20000 OD pairs
2026-08-30 04:10:44,737 path enumeration: 20000 OD pairs, 636 origin zones, 3 scenarios, cap 4 paths/OD
2026-08-30 04:12:13,217 rejected 82 malformed candidate paths that failed the re-pricing check
2026-08-30 04:12:13,325 path set: 24663 paths over 17385/20000 OD pairs (86.6% of flow served), 120899 legs
2026-08-30 04:12:13,391 period midday  : 24663 paths, 20000 OD pairs
2026-08-30 04:12:13,410 path enumeration: 20000 OD pairs, 636 origin zones, 3 scenarios, cap 4 paths/OD
2026-08-30 04:13:39,287 rejected 127 malformed candidate paths that failed the re-pricing check
2026-08-30 04:13:39,392 path set: 29006 paths over 18691/20000 OD pairs (93.6% of flow served), 143764 legs
2026-08-30 04:13:39,447 period pm_peak : 29006 paths, 20000 OD pairs
2026-08-30 04:13:39,458 path enumeration: 20000 OD pairs, 636 origin zones, 3 scenarios, cap 4 paths/OD
2026-08-30 04:15:04,020 rejected 78 malformed candidate paths that failed the re-pricing check
2026-08-30 04:15:04,150 path set: 24587 paths over 17382/20000 OD pairs (86.6% of flow served), 120641 legs
2026-08-30 04:15:04,200 period evening : 24587 paths, 20000 OD pairs
2026-08-30 04:15:04,211 path enumeration: 20000 OD pairs, 636 origin zones, 3 scenarios, cap 4 paths/OD
2026-08-30 04:16:01,292 rejected 147 malformed candidate paths that failed the re-pricing check
2026-08-30 04:16:01,377 path set: 23243 paths over 17009/20000 OD pairs (85.1% of flow served), 114019 legs
2026-08-30 04:16:01,427 period owl     : 23243 paths, 20000 OD pairs
2026-08-30 04:16:01,427 locking 28 route-periods across 14 routes in classes ('peak_express',)
2026-08-30 04:16:01,468 incumbent plan is infeasible under this budget
2026-08-30 04:17:19,966 solve lambda=2.0: obj=2.98705e+06 vh=2514.5/2517.2 exchanges=0
2026-08-30 04:17:19,972 [ 55/120] splice|001|021|PICBETS+splice|002|033|WESHIGW+ k=3 lam=2.0    79s  vs no-edit: unserved  +3.109%  gc  -0.689%  (elapsed 4.2h, ~4.9h left)
2026-08-30 04:17:20,300 footpaths: 15573 links (9 from transfers.txt)
2026-08-30 04:17:20,309 raptor network: 2949 stops, 111 patterns, 15573 footpaths
2026-08-30 04:17:20,416 zones: 1397 (637 with transit access within 600 m), 3938 access links
2026-08-30 04:17:20,425 route classes: {'all_day': 22, 'peak_express': 14}
2026-08-30 04:17:20,464 evaluator pricing: common_lines=same_route (explicit)
2026-08-30 04:17:20,477 path enumeration: 20000 OD pairs, 636 origin zones, 3 scenarios, cap 4 paths/OD
2026-08-30 04:18:10,483 rejected 112 malformed candidate paths that failed the re-pricing check
2026-08-30 04:18:10,571 path set: 24343 paths over 17311/20000 OD pairs (86.3% of flow served), 119443 legs
2026-08-30 04:18:10,615 period early   : 24343 paths, 20000 OD pairs
2026-08-30 04:18:10,626 path enumeration: 20000 OD pairs, 636 origin zones, 3 scenarios, cap 4 paths/OD
2026-08-30 04:19:11,029 rejected 139 malformed candidate paths that failed the re-pricing check
2026-08-30 04:19:11,131 path set: 29105 paths over 19282/20000 OD pairs (96.2% of flow served), 144158 legs
2026-08-30 04:19:11,191 period am_peak : 29105 paths, 20000 OD pairs
2026-08-30 04:19:11,204 path enumeration: 20000 OD pairs, 636 origin zones, 3 scenarios, cap 4 paths/OD
2026-08-30 04:20:06,159 rejected 99 malformed candidate paths that failed the re-pricing check
2026-08-30 04:20:06,249 path set: 24636 paths over 17382/20000 OD pairs (86.6% of flow served), 122315 legs
2026-08-30 04:20:06,299 period midday  : 24636 paths, 20000 OD pairs
2026-08-30 04:20:06,311 path enumeration: 20000 OD pairs, 636 origin zones, 3 scenarios, cap 4 paths/OD
2026-08-30 04:21:06,064 rejected 217 malformed candidate paths that failed the re-pricing check
2026-08-30 04:21:06,166 path set: 28342 paths over 18673/20000 OD pairs (93.6% of flow served), 142063 legs
2026-08-30 04:21:06,223 period pm_peak : 28342 paths, 20000 OD pairs
2026-08-30 04:21:06,234 path enumeration: 20000 OD pairs, 636 origin zones, 3 scenarios, cap 4 paths/OD
2026-08-30 04:22:03,717 rejected 128 malformed candidate paths that failed the re-pricing check
2026-08-30 04:22:03,811 path set: 24324 paths over 17378/20000 OD pairs (86.6% of flow served), 120349 legs
2026-08-30 04:22:03,865 period evening : 24324 paths, 20000 OD pairs
2026-08-30 04:22:03,876 path enumeration: 20000 OD pairs, 636 origin zones, 3 scenarios, cap 4 paths/OD
2026-08-30 04:22:57,228 rejected 182 malformed candidate paths that failed the re-pricing check
2026-08-30 04:22:57,311 path set: 22232 paths over 17001/20000 OD pairs (85.1% of flow served), 108969 legs
2026-08-30 04:22:57,358 period owl     : 22232 paths, 20000 OD pairs
2026-08-30 04:22:57,358 locking 28 route-periods across 14 routes in classes ('peak_express',)
2026-08-30 04:22:57,391     splice|006|021|NMURBEAN+splice|007|101|EMO4THW+splice|011|033|WESHIGW incumbent rescaled x1.0002
2026-08-30 04:22:57,402 incumbent snapped to ladder, max drift 0.0440 min
2026-08-30 04:22:57,411 incumbent plan is infeasible under this budget
2026-08-30 04:24:16,716 solve lambda=2.0: obj=2.97045e+06 vh=2513.2/2517.2 exchanges=0
2026-08-30 04:24:16,724     incumbent rescaled x1.0002 to fit the envelope (2517.6 -> 2517.2 veh-hours)
2026-08-30 04:24:16,724 [ 56/120] splice|006|021|NMURBEAN+splice|007|101|EMO4THW k=3 lam=2.0    79s  vs no-edit: unserved  +1.216%  gc  -0.370%  (elapsed 4.3h, ~4.9h left)
2026-08-30 04:24:17,040 footpaths: 15573 links (9 from transfers.txt)
2026-08-30 04:24:17,048 raptor network: 2949 stops, 111 patterns, 15573 footpaths
2026-08-30 04:24:17,146 zones: 1397 (637 with transit access within 600 m), 3938 access links
2026-08-30 04:24:17,155 route classes: {'all_day': 22, 'peak_express': 14}
2026-08-30 04:24:17,191 evaluator pricing: common_lines=same_route (explicit)
2026-08-30 04:24:17,203 path enumeration: 20000 OD pairs, 636 origin zones, 3 scenarios, cap 4 paths/OD
2026-08-30 04:25:08,489 rejected 102 malformed candidate paths that failed the re-pricing check
2026-08-30 04:25:08,578 path set: 25092 paths over 17310/20000 OD pairs (86.3% of flow served), 123566 legs
2026-08-30 04:25:08,632 period early   : 25092 paths, 20000 OD pairs
2026-08-30 04:25:08,644 path enumeration: 20000 OD pairs, 636 origin zones, 3 scenarios, cap 4 paths/OD
2026-08-30 04:26:09,097 rejected 97 malformed candidate paths that failed the re-pricing check
2026-08-30 04:26:09,202 path set: 29737 paths over 19283/20000 OD pairs (96.2% of flow served), 148350 legs
2026-08-30 04:26:09,261 period am_peak : 29737 paths, 20000 OD pairs
2026-08-30 04:26:09,272 path enumeration: 20000 OD pairs, 636 origin zones, 3 scenarios, cap 4 paths/OD
2026-08-30 04:27:05,207 rejected 68 malformed candidate paths that failed the re-pricing check
2026-08-30 04:27:05,296 path set: 25054 paths over 17385/20000 OD pairs (86.6% of flow served), 125204 legs
2026-08-30 04:27:05,347 period midday  : 25054 paths, 20000 OD pairs
2026-08-30 04:27:05,358 path enumeration: 20000 OD pairs, 636 origin zones, 3 scenarios, cap 4 paths/OD
2026-08-30 04:28:04,570 rejected 177 malformed candidate paths that failed the re-pricing check
2026-08-30 04:28:04,679 path set: 29039 paths over 18668/20000 OD pairs (93.6% of flow served), 146513 legs
2026-08-30 04:28:04,736 period pm_peak : 29039 paths, 20000 OD pairs
2026-08-30 04:28:04,748 path enumeration: 20000 OD pairs, 636 origin zones, 3 scenarios, cap 4 paths/OD
2026-08-30 04:29:01,985 rejected 97 malformed candidate paths that failed the re-pricing check
2026-08-30 04:29:02,079 path set: 25024 paths over 17382/20000 OD pairs (86.6% of flow served), 124820 legs
2026-08-30 04:29:02,133 period evening : 25024 paths, 20000 OD pairs
2026-08-30 04:29:02,145 path enumeration: 20000 OD pairs, 636 origin zones, 3 scenarios, cap 4 paths/OD
2026-08-30 04:29:54,317 rejected 159 malformed candidate paths that failed the re-pricing check
2026-08-30 04:29:54,408 path set: 24078 paths over 17007/20000 OD pairs (85.1% of flow served), 119310 legs
2026-08-30 04:29:54,458 period owl     : 24078 paths, 20000 OD pairs
2026-08-30 04:29:54,458 locking 28 route-periods across 14 routes in classes ('peak_express',)
2026-08-30 04:29:54,502 incumbent plan is infeasible under this budget
2026-08-30 04:31:16,893 solve lambda=2.0: obj=2.97274e+06 vh=2513.7/2517.2 exchanges=0
2026-08-30 04:31:16,903 [ 57/120] splice|002|034|WESHIGW+splice|007|101|EMO4THW+ k=3 lam=2.0    82s  vs no-edit: unserved  +1.172%  gc  -0.213%  (elapsed 4.4h, ~4.9h left)
2026-08-30 04:31:17,242 footpaths: 15573 links (9 from transfers.txt)
2026-08-30 04:31:17,251 raptor network: 2949 stops, 111 patterns, 15573 footpaths
2026-08-30 04:31:17,368 zones: 1397 (637 with transit access within 600 m), 3938 access links
2026-08-30 04:31:17,378 route classes: {'all_day': 22, 'peak_express': 14}
2026-08-30 04:31:17,421 evaluator pricing: common_lines=same_route (explicit)
2026-08-30 04:31:17,434 path enumeration: 20000 OD pairs, 636 origin zones, 3 scenarios, cap 4 paths/OD
2026-08-30 04:32:10,660 rejected 100 malformed candidate paths that failed the re-pricing check
2026-08-30 04:32:10,744 path set: 24693 paths over 17307/20000 OD pairs (86.3% of flow served), 120869 legs
2026-08-30 04:32:10,793 period early   : 24693 paths, 20000 OD pairs
2026-08-30 04:32:10,804 path enumeration: 20000 OD pairs, 636 origin zones, 3 scenarios, cap 4 paths/OD
2026-08-30 04:33:13,315 rejected 90 malformed candidate paths that failed the re-pricing check
2026-08-30 04:33:13,421 path set: 29594 paths over 19282/20000 OD pairs (96.2% of flow served), 146936 legs
2026-08-30 04:33:13,483 period am_peak : 29594 paths, 20000 OD pairs
2026-08-30 04:33:13,495 path enumeration: 20000 OD pairs, 636 origin zones, 3 scenarios, cap 4 paths/OD
2026-08-30 04:34:10,203 rejected 83 malformed candidate paths that failed the re-pricing check
2026-08-30 04:34:10,292 path set: 24647 paths over 17384/20000 OD pairs (86.6% of flow served), 122339 legs
2026-08-30 04:34:10,345 period midday  : 24647 paths, 20000 OD pairs
2026-08-30 04:34:10,357 path enumeration: 20000 OD pairs, 636 origin zones, 3 scenarios, cap 4 paths/OD
2026-08-30 04:35:11,123 rejected 140 malformed candidate paths that failed the re-pricing check
2026-08-30 04:35:11,236 path set: 28995 paths over 18676/20000 OD pairs (93.6% of flow served), 145624 legs
2026-08-30 04:35:11,298 period pm_peak : 28995 paths, 20000 OD pairs
2026-08-30 04:35:11,310 path enumeration: 20000 OD pairs, 636 origin zones, 3 scenarios, cap 4 paths/OD
2026-08-30 04:36:10,435 rejected 111 malformed candidate paths that failed the re-pricing check
2026-08-30 04:36:10,521 path set: 24459 paths over 17380/20000 OD pairs (86.6% of flow served), 121271 legs
2026-08-30 04:36:10,573 period evening : 24459 paths, 20000 OD pairs
2026-08-30 04:36:10,584 path enumeration: 20000 OD pairs, 636 origin zones, 3 scenarios, cap 4 paths/OD
2026-08-30 04:37:04,497 rejected 175 malformed candidate paths that failed the re-pricing check
2026-08-30 04:37:04,592 path set: 24102 paths over 17006/20000 OD pairs (85.1% of flow served), 118519 legs
2026-08-30 04:37:04,644 period owl     : 24102 paths, 20000 OD pairs
2026-08-30 04:37:04,645 locking 28 route-periods across 14 routes in classes ('peak_express',)
2026-08-30 04:37:04,686 incumbent plan is infeasible under this budget
2026-08-30 04:38:21,811 solve lambda=2.0: obj=2.97563e+06 vh=2514.1/2517.2 exchanges=0
2026-08-30 04:38:21,820 [ 58/120] splice|001|021|PICBETS+splice|002|034|WESHIGW+ k=3 lam=2.0    77s  vs no-edit: unserved  +1.712%  gc  -0.407%  (elapsed 4.5h, ~4.8h left)
2026-08-30 04:38:22,140 footpaths: 15573 links (9 from transfers.txt)
2026-08-30 04:38:22,154 raptor network: 2949 stops, 111 patterns, 15573 footpaths
2026-08-30 04:38:22,261 zones: 1397 (637 with transit access within 600 m), 3938 access links
2026-08-30 04:38:22,270 route classes: {'all_day': 22, 'peak_express': 14}
2026-08-30 04:38:22,310 evaluator pricing: common_lines=same_route (explicit)
2026-08-30 04:38:22,323 path enumeration: 20000 OD pairs, 636 origin zones, 3 scenarios, cap 4 paths/OD
2026-08-30 04:39:14,878 rejected 111 malformed candidate paths that failed the re-pricing check
2026-08-30 04:39:14,966 path set: 24542 paths over 17310/20000 OD pairs (86.3% of flow served), 120391 legs
2026-08-30 04:39:15,015 period early   : 24542 paths, 20000 OD pairs
2026-08-30 04:39:15,027 path enumeration: 20000 OD pairs, 636 origin zones, 3 scenarios, cap 4 paths/OD
2026-08-30 04:40:15,753 rejected 92 malformed candidate paths that failed the re-pricing check
2026-08-30 04:40:15,857 path set: 28774 paths over 19282/20000 OD pairs (96.2% of flow served), 142828 legs
2026-08-30 04:40:15,915 period am_peak : 28774 paths, 20000 OD pairs
2026-08-30 04:40:15,926 path enumeration: 20000 OD pairs, 636 origin zones, 3 scenarios, cap 4 paths/OD
2026-08-30 04:41:10,972 rejected 60 malformed candidate paths that failed the re-pricing check
2026-08-30 04:41:11,058 path set: 24294 paths over 17385/20000 OD pairs (86.6% of flow served), 121267 legs
2026-08-30 04:41:11,110 period midday  : 24294 paths, 20000 OD pairs
2026-08-30 04:41:11,121 path enumeration: 20000 OD pairs, 636 origin zones, 3 scenarios, cap 4 paths/OD
2026-08-30 04:42:10,155 rejected 173 malformed candidate paths that failed the re-pricing check
2026-08-30 04:42:10,255 path set: 27986 paths over 18672/20000 OD pairs (93.6% of flow served), 141142 legs
2026-08-30 04:42:10,317 period pm_peak : 27986 paths, 20000 OD pairs
2026-08-30 04:42:10,329 path enumeration: 20000 OD pairs, 636 origin zones, 3 scenarios, cap 4 paths/OD
2026-08-30 04:43:09,080 rejected 81 malformed candidate paths that failed the re-pricing check
2026-08-30 04:43:09,172 path set: 24329 paths over 17383/20000 OD pairs (86.6% of flow served), 120928 legs
2026-08-30 04:43:09,223 period evening : 24329 paths, 20000 OD pairs
2026-08-30 04:43:09,236 path enumeration: 20000 OD pairs, 636 origin zones, 3 scenarios, cap 4 paths/OD
2026-08-30 04:44:02,571 rejected 76 malformed candidate paths that failed the re-pricing check
2026-08-30 04:44:02,654 path set: 22865 paths over 17380/20000 OD pairs (86.6% of flow served), 112968 legs
2026-08-30 04:44:02,702 period owl     : 22865 paths, 20000 OD pairs
2026-08-30 04:44:02,702 locking 28 route-periods across 14 routes in classes ('peak_express',)
2026-08-30 04:44:02,744 incumbent plan is infeasible under this budget
2026-08-30 04:45:20,618 solve lambda=2.0: obj=2.97444e+06 vh=2513.6/2517.2 exchanges=0
2026-08-30 04:45:20,626 [ 59/120] splice|007|101|EMO4THW+splice|008|035|BOASHAN+ k=3 lam=2.0    78s  vs no-edit: unserved  +1.279%  gc  -0.189%  (elapsed 4.6h, ~4.8h left)
2026-08-30 04:45:20,954 footpaths: 15573 links (9 from transfers.txt)
2026-08-30 04:45:20,963 raptor network: 2949 stops, 111 patterns, 15573 footpaths
2026-08-30 04:45:21,097 zones: 1397 (637 with transit access within 600 m), 3938 access links
2026-08-30 04:45:21,107 route classes: {'all_day': 22, 'peak_express': 14}
2026-08-30 04:45:21,154 evaluator pricing: common_lines=same_route (explicit)
2026-08-30 04:45:21,167 path enumeration: 20000 OD pairs, 636 origin zones, 3 scenarios, cap 4 paths/OD
2026-08-30 04:46:11,819 rejected 88 malformed candidate paths that failed the re-pricing check
2026-08-30 04:46:11,905 path set: 24242 paths over 17310/20000 OD pairs (86.3% of flow served), 118974 legs
2026-08-30 04:46:11,954 period early   : 24242 paths, 20000 OD pairs
2026-08-30 04:46:11,965 path enumeration: 20000 OD pairs, 636 origin zones, 3 scenarios, cap 4 paths/OD
2026-08-30 04:47:12,473 rejected 119 malformed candidate paths that failed the re-pricing check
2026-08-30 04:47:12,579 path set: 28886 paths over 19290/20000 OD pairs (96.3% of flow served), 143574 legs
2026-08-30 04:47:12,637 period am_peak : 28886 paths, 20000 OD pairs
2026-08-30 04:47:12,649 path enumeration: 20000 OD pairs, 636 origin zones, 3 scenarios, cap 4 paths/OD
2026-08-30 04:48:07,193 rejected 77 malformed candidate paths that failed the re-pricing check
2026-08-30 04:48:07,278 path set: 24303 paths over 17387/20000 OD pairs (86.6% of flow served), 120889 legs
2026-08-30 04:48:07,330 period midday  : 24303 paths, 20000 OD pairs
2026-08-30 04:48:07,342 path enumeration: 20000 OD pairs, 636 origin zones, 3 scenarios, cap 4 paths/OD
2026-08-30 04:49:06,516 rejected 194 malformed candidate paths that failed the re-pricing check
2026-08-30 04:49:06,619 path set: 28255 paths over 18732/20000 OD pairs (93.8% of flow served), 142248 legs
2026-08-30 04:49:06,679 period pm_peak : 28255 paths, 20000 OD pairs
2026-08-30 04:49:06,691 path enumeration: 20000 OD pairs, 636 origin zones, 3 scenarios, cap 4 paths/OD
2026-08-30 04:50:06,441 rejected 100 malformed candidate paths that failed the re-pricing check
2026-08-30 04:50:06,542 path set: 24202 paths over 17384/20000 OD pairs (86.6% of flow served), 120134 legs
2026-08-30 04:50:06,596 period evening : 24202 paths, 20000 OD pairs
2026-08-30 04:50:06,608 path enumeration: 20000 OD pairs, 636 origin zones, 3 scenarios, cap 4 paths/OD
2026-08-30 04:51:03,323 rejected 135 malformed candidate paths that failed the re-pricing check
2026-08-30 04:51:03,482 path set: 22296 paths over 17003/20000 OD pairs (85.1% of flow served), 109921 legs
2026-08-30 04:51:03,530 period owl     : 22296 paths, 20000 OD pairs
2026-08-30 04:51:03,531 locking 28 route-periods across 14 routes in classes ('peak_express',)
2026-08-30 04:51:03,573 incumbent plan is infeasible under this budget
2026-08-30 04:52:21,863 solve lambda=2.0: obj=2.97446e+06 vh=2514.1/2517.2 exchanges=0
2026-08-30 04:52:21,872 [ 60/120] splice|005|021|NMURBEAN+splice|007|101|EMO4THW k=3 lam=2.0    78s  vs no-edit: unserved  +1.545%  gc  -0.363%  (elapsed 4.7h, ~4.7h left)
2026-08-30 04:52:22,207 footpaths: 15573 links (9 from transfers.txt)
2026-08-30 04:52:22,215 raptor network: 2949 stops, 111 patterns, 15573 footpaths
2026-08-30 04:52:22,323 zones: 1397 (637 with transit access within 600 m), 3938 access links
2026-08-30 04:52:22,332 route classes: {'all_day': 22, 'peak_express': 14}
2026-08-30 04:52:22,372 evaluator pricing: common_lines=same_route (explicit)
2026-08-30 04:52:22,385 path enumeration: 20000 OD pairs, 636 origin zones, 3 scenarios, cap 4 paths/OD
2026-08-30 04:53:13,379 rejected 113 malformed candidate paths that failed the re-pricing check
2026-08-30 04:53:13,463 path set: 23783 paths over 17309/20000 OD pairs (86.3% of flow served), 116318 legs
2026-08-30 04:53:13,510 period early   : 23783 paths, 20000 OD pairs
2026-08-30 04:53:13,521 path enumeration: 20000 OD pairs, 636 origin zones, 3 scenarios, cap 4 paths/OD
2026-08-30 04:54:16,432 rejected 105 malformed candidate paths that failed the re-pricing check
2026-08-30 04:54:16,533 path set: 28256 paths over 19283/20000 OD pairs (96.2% of flow served), 139585 legs
2026-08-30 04:54:16,590 period am_peak : 28256 paths, 20000 OD pairs
2026-08-30 04:54:16,603 path enumeration: 20000 OD pairs, 636 origin zones, 3 scenarios, cap 4 paths/OD
2026-08-30 04:55:13,493 rejected 69 malformed candidate paths that failed the re-pricing check
2026-08-30 04:55:13,582 path set: 23671 paths over 17382/20000 OD pairs (86.6% of flow served), 116988 legs
2026-08-30 04:55:13,631 period midday  : 23671 paths, 20000 OD pairs
2026-08-30 04:55:13,643 path enumeration: 20000 OD pairs, 636 origin zones, 3 scenarios, cap 4 paths/OD
2026-08-30 04:56:14,660 rejected 125 malformed candidate paths that failed the re-pricing check
2026-08-30 04:56:14,767 path set: 27739 paths over 18740/20000 OD pairs (93.8% of flow served), 139367 legs
2026-08-30 04:56:14,827 period pm_peak : 27739 paths, 20000 OD pairs
2026-08-30 04:56:14,838 path enumeration: 20000 OD pairs, 636 origin zones, 3 scenarios, cap 4 paths/OD
2026-08-30 04:57:15,298 rejected 95 malformed candidate paths that failed the re-pricing check
2026-08-30 04:57:15,385 path set: 23598 paths over 17381/20000 OD pairs (86.6% of flow served), 116089 legs
2026-08-30 04:57:15,432 period evening : 23598 paths, 20000 OD pairs
2026-08-30 04:57:15,443 path enumeration: 20000 OD pairs, 636 origin zones, 3 scenarios, cap 4 paths/OD
2026-08-30 04:58:07,016 rejected 88 malformed candidate paths that failed the re-pricing check
2026-08-30 04:58:07,100 path set: 22711 paths over 17377/20000 OD pairs (86.6% of flow served), 111183 legs
2026-08-30 04:58:07,150 period owl     : 22711 paths, 20000 OD pairs
2026-08-30 04:58:07,150 locking 28 route-periods across 14 routes in classes ('peak_express',)
2026-08-30 04:58:07,190 incumbent plan is infeasible under this budget
2026-08-30 04:59:28,072 solve lambda=2.0: obj=2.97816e+06 vh=2514.1/2517.2 exchanges=0
2026-08-30 04:59:28,082 [ 61/120] splice|005|021|NMURBEAN+splice|008|035|BOASHAN k=3 lam=2.0    81s  vs no-edit: unserved  +1.813%  gc  -0.332%  (elapsed 4.9h, ~4.7h left)
2026-08-30 04:59:28,410 footpaths: 15573 links (9 from transfers.txt)
2026-08-30 04:59:28,418 raptor network: 2949 stops, 111 patterns, 15573 footpaths
2026-08-30 04:59:28,525 zones: 1397 (637 with transit access within 600 m), 3938 access links
2026-08-30 04:59:28,533 route classes: {'all_day': 22, 'peak_express': 14}
2026-08-30 04:59:28,574 evaluator pricing: common_lines=same_route (explicit)
2026-08-30 04:59:28,587 path enumeration: 20000 OD pairs, 636 origin zones, 3 scenarios, cap 4 paths/OD
2026-08-30 05:00:21,656 rejected 104 malformed candidate paths that failed the re-pricing check
2026-08-30 05:00:21,746 path set: 25437 paths over 17383/20000 OD pairs (86.6% of flow served), 125576 legs
2026-08-30 05:00:21,798 period early   : 25437 paths, 20000 OD pairs
2026-08-30 05:00:21,809 path enumeration: 20000 OD pairs, 636 origin zones, 3 scenarios, cap 4 paths/OD
2026-08-30 05:01:21,405 rejected 82 malformed candidate paths that failed the re-pricing check
2026-08-30 05:01:21,514 path set: 29629 paths over 19272/20000 OD pairs (96.2% of flow served), 145404 legs
2026-08-30 05:01:21,576 period am_peak : 29629 paths, 20000 OD pairs
2026-08-30 05:01:21,588 path enumeration: 20000 OD pairs, 636 origin zones, 3 scenarios, cap 4 paths/OD
2026-08-30 05:02:16,309 rejected 69 malformed candidate paths that failed the re-pricing check
2026-08-30 05:02:16,397 path set: 25260 paths over 17377/20000 OD pairs (86.6% of flow served), 124453 legs
2026-08-30 05:02:16,454 period midday  : 25260 paths, 20000 OD pairs
2026-08-30 05:02:16,466 path enumeration: 20000 OD pairs, 636 origin zones, 3 scenarios, cap 4 paths/OD
2026-08-30 05:03:16,144 rejected 138 malformed candidate paths that failed the re-pricing check
2026-08-30 05:03:16,258 path set: 29092 paths over 18678/20000 OD pairs (93.6% of flow served), 145052 legs
2026-08-30 05:03:16,321 period pm_peak : 29092 paths, 20000 OD pairs
2026-08-30 05:03:16,333 path enumeration: 20000 OD pairs, 636 origin zones, 3 scenarios, cap 4 paths/OD
2026-08-30 05:04:13,799 rejected 77 malformed candidate paths that failed the re-pricing check
2026-08-30 05:04:13,884 path set: 25002 paths over 17375/20000 OD pairs (86.6% of flow served), 122464 legs
2026-08-30 05:04:13,931 period evening : 25002 paths, 20000 OD pairs
2026-08-30 05:04:13,942 path enumeration: 20000 OD pairs, 636 origin zones, 3 scenarios, cap 4 paths/OD
2026-08-30 05:05:06,951 rejected 134 malformed candidate paths that failed the re-pricing check
2026-08-30 05:05:07,043 path set: 24826 paths over 17386/20000 OD pairs (86.7% of flow served), 121735 legs
2026-08-30 05:05:07,090 period owl     : 24826 paths, 20000 OD pairs
2026-08-30 05:05:07,091 locking 28 route-periods across 14 routes in classes ('peak_express',)
2026-08-30 05:05:07,133 incumbent plan is infeasible under this budget
2026-08-30 05:06:31,390 solve lambda=2.0: obj=2.97965e+06 vh=2514.1/2517.2 exchanges=0
2026-08-30 05:06:31,398 [ 62/120] splice|002|034|WESHIGW+splice|006|021|NMURBEAN k=3 lam=2.0    84s  vs no-edit: unserved  +1.745%  gc  -0.204%  (elapsed 5.0h, ~4.7h left)
2026-08-30 05:06:31,722 footpaths: 15573 links (9 from transfers.txt)
2026-08-30 05:06:31,731 raptor network: 2949 stops, 111 patterns, 15573 footpaths
2026-08-30 05:06:31,834 zones: 1397 (637 with transit access within 600 m), 3938 access links
2026-08-30 05:06:31,842 route classes: {'all_day': 22, 'peak_express': 14}
2026-08-30 05:06:31,880 evaluator pricing: common_lines=same_route (explicit)
2026-08-30 05:06:31,893 path enumeration: 20000 OD pairs, 636 origin zones, 3 scenarios, cap 4 paths/OD
2026-08-30 05:07:26,797 rejected 129 malformed candidate paths that failed the re-pricing check
2026-08-30 05:07:26,891 path set: 24440 paths over 17381/20000 OD pairs (86.6% of flow served), 121059 legs
2026-08-30 05:07:26,944 period early   : 24440 paths, 20000 OD pairs
2026-08-30 05:07:26,956 path enumeration: 20000 OD pairs, 636 origin zones, 3 scenarios, cap 4 paths/OD
2026-08-30 05:08:27,349 rejected 149 malformed candidate paths that failed the re-pricing check
2026-08-30 05:08:27,455 path set: 29168 paths over 19273/20000 OD pairs (96.2% of flow served), 145439 legs
2026-08-30 05:08:27,517 period am_peak : 29168 paths, 20000 OD pairs
2026-08-30 05:08:27,529 path enumeration: 20000 OD pairs, 636 origin zones, 3 scenarios, cap 4 paths/OD
2026-08-30 05:09:22,079 rejected 111 malformed candidate paths that failed the re-pricing check
2026-08-30 05:09:22,169 path set: 24714 paths over 17380/20000 OD pairs (86.6% of flow served), 123585 legs
2026-08-30 05:09:22,222 period midday  : 24714 paths, 20000 OD pairs
2026-08-30 05:09:22,234 path enumeration: 20000 OD pairs, 636 origin zones, 3 scenarios, cap 4 paths/OD
2026-08-30 05:10:20,344 rejected 229 malformed candidate paths that failed the re-pricing check
2026-08-30 05:10:20,456 path set: 28378 paths over 18668/20000 OD pairs (93.6% of flow served), 143234 legs
2026-08-30 05:10:20,517 period pm_peak : 28378 paths, 20000 OD pairs
2026-08-30 05:10:20,529 path enumeration: 20000 OD pairs, 636 origin zones, 3 scenarios, cap 4 paths/OD
2026-08-30 05:11:17,642 rejected 141 malformed candidate paths that failed the re-pricing check
2026-08-30 05:11:17,727 path set: 24285 paths over 17376/20000 OD pairs (86.6% of flow served), 120997 legs
2026-08-30 05:11:17,777 period evening : 24285 paths, 20000 OD pairs
2026-08-30 05:11:17,789 path enumeration: 20000 OD pairs, 636 origin zones, 3 scenarios, cap 4 paths/OD
2026-08-30 05:12:11,285 rejected 212 malformed candidate paths that failed the re-pricing check
2026-08-30 05:12:11,370 path set: 22520 paths over 17007/20000 OD pairs (85.1% of flow served), 112150 legs
2026-08-30 05:12:11,418 period owl     : 22520 paths, 20000 OD pairs
2026-08-30 05:12:11,418 locking 28 route-periods across 14 routes in classes ('peak_express',)
2026-08-30 05:12:11,461 incumbent plan is infeasible under this budget
2026-08-30 05:13:32,796 solve lambda=2.0: obj=2.97679e+06 vh=2512.5/2517.2 exchanges=0
2026-08-30 05:13:32,803 [ 63/120] splice|002|011|HIGFITN+splice|006|021|NMURBEAN k=3 lam=2.0    81s  vs no-edit: unserved  +1.760%  gc  -0.374%  (elapsed 5.1h, ~4.6h left)
2026-08-30 05:13:33,125 footpaths: 15573 links (9 from transfers.txt)
2026-08-30 05:13:33,133 raptor network: 2949 stops, 111 patterns, 15573 footpaths
2026-08-30 05:13:33,243 zones: 1397 (637 with transit access within 600 m), 3938 access links
2026-08-30 05:13:33,251 route classes: {'all_day': 22, 'peak_express': 14}
2026-08-30 05:13:33,292 evaluator pricing: common_lines=same_route (explicit)
2026-08-30 05:13:33,306 path enumeration: 20000 OD pairs, 636 origin zones, 3 scenarios, cap 4 paths/OD
2026-08-30 05:14:26,150 rejected 125 malformed candidate paths that failed the re-pricing check
2026-08-30 05:14:26,232 path set: 23975 paths over 17381/20000 OD pairs (86.6% of flow served), 118513 legs
2026-08-30 05:14:26,278 period early   : 23975 paths, 20000 OD pairs
2026-08-30 05:14:26,289 path enumeration: 20000 OD pairs, 636 origin zones, 3 scenarios, cap 4 paths/OD
2026-08-30 05:15:27,498 rejected 132 malformed candidate paths that failed the re-pricing check
2026-08-30 05:15:27,604 path set: 28536 paths over 19267/20000 OD pairs (96.2% of flow served), 141412 legs
2026-08-30 05:15:27,662 period am_peak : 28536 paths, 20000 OD pairs
2026-08-30 05:15:27,673 path enumeration: 20000 OD pairs, 636 origin zones, 3 scenarios, cap 4 paths/OD
2026-08-30 05:16:23,554 rejected 95 malformed candidate paths that failed the re-pricing check
2026-08-30 05:16:23,643 path set: 24113 paths over 17376/20000 OD pairs (86.6% of flow served), 119931 legs
2026-08-30 05:16:23,692 period midday  : 24113 paths, 20000 OD pairs
2026-08-30 05:16:23,704 path enumeration: 20000 OD pairs, 636 origin zones, 3 scenarios, cap 4 paths/OD
2026-08-30 05:17:24,429 rejected 152 malformed candidate paths that failed the re-pricing check
2026-08-30 05:17:24,536 path set: 27876 paths over 18678/20000 OD pairs (93.6% of flow served), 140422 legs
2026-08-30 05:17:24,600 period pm_peak : 27876 paths, 20000 OD pairs
2026-08-30 05:17:24,611 path enumeration: 20000 OD pairs, 636 origin zones, 3 scenarios, cap 4 paths/OD
2026-08-30 05:18:22,415 rejected 121 malformed candidate paths that failed the re-pricing check
2026-08-30 05:18:22,502 path set: 23715 paths over 17374/20000 OD pairs (86.6% of flow served), 117204 legs
2026-08-30 05:18:22,552 period evening : 23715 paths, 20000 OD pairs
2026-08-30 05:18:22,564 path enumeration: 20000 OD pairs, 636 origin zones, 3 scenarios, cap 4 paths/OD
2026-08-30 05:19:16,388 rejected 131 malformed candidate paths that failed the re-pricing check
2026-08-30 05:19:16,480 path set: 22898 paths over 17383/20000 OD pairs (86.6% of flow served), 113357 legs
2026-08-30 05:19:16,529 period owl     : 22898 paths, 20000 OD pairs
2026-08-30 05:19:16,530 locking 28 route-periods across 14 routes in classes ('peak_express',)
2026-08-30 05:19:16,569 incumbent plan is infeasible under this budget
2026-08-30 05:20:36,732 solve lambda=2.0: obj=2.98053e+06 vh=2513.0/2517.2 exchanges=0
2026-08-30 05:20:36,739 [ 64/120] splice|002|011|HIGFITN+splice|006|021|NMURBEAN k=3 lam=2.0    80s  vs no-edit: unserved  +1.940%  gc  -0.283%  (elapsed 5.2h, ~4.6h left)
2026-08-30 05:20:37,066 footpaths: 15573 links (9 from transfers.txt)
2026-08-30 05:20:37,074 raptor network: 2949 stops, 111 patterns, 15573 footpaths
2026-08-30 05:20:37,179 zones: 1397 (637 with transit access within 600 m), 3938 access links
2026-08-30 05:20:37,187 route classes: {'all_day': 22, 'peak_express': 14}
2026-08-30 05:20:37,225 evaluator pricing: common_lines=same_route (explicit)
2026-08-30 05:20:37,237 path enumeration: 20000 OD pairs, 636 origin zones, 3 scenarios, cap 4 paths/OD
2026-08-30 05:21:30,850 rejected 106 malformed candidate paths that failed the re-pricing check
2026-08-30 05:21:30,941 path set: 26008 paths over 17383/20000 OD pairs (86.6% of flow served), 128589 legs
2026-08-30 05:21:30,992 period early   : 26008 paths, 20000 OD pairs
2026-08-30 05:21:31,003 path enumeration: 20000 OD pairs, 636 origin zones, 3 scenarios, cap 4 paths/OD
2026-08-30 05:22:31,710 rejected 45 malformed candidate paths that failed the re-pricing check
2026-08-30 05:22:31,813 path set: 29837 paths over 19279/20000 OD pairs (96.2% of flow served), 147585 legs
2026-08-30 05:22:31,874 period am_peak : 29837 paths, 20000 OD pairs
2026-08-30 05:22:31,886 path enumeration: 20000 OD pairs, 636 origin zones, 3 scenarios, cap 4 paths/OD
2026-08-30 05:23:25,318 rejected 47 malformed candidate paths that failed the re-pricing check
2026-08-30 05:23:25,406 path set: 25447 paths over 17384/20000 OD pairs (86.6% of flow served), 126679 legs
2026-08-30 05:23:25,456 period midday  : 25447 paths, 20000 OD pairs
2026-08-30 05:23:25,470 path enumeration: 20000 OD pairs, 636 origin zones, 3 scenarios, cap 4 paths/OD
2026-08-30 05:24:23,699 rejected 149 malformed candidate paths that failed the re-pricing check
2026-08-30 05:24:23,810 path set: 29108 paths over 18670/20000 OD pairs (93.6% of flow served), 146240 legs
2026-08-30 05:24:23,876 period pm_peak : 29108 paths, 20000 OD pairs
2026-08-30 05:24:23,888 path enumeration: 20000 OD pairs, 636 origin zones, 3 scenarios, cap 4 paths/OD
2026-08-30 05:25:20,384 rejected 56 malformed candidate paths that failed the re-pricing check
2026-08-30 05:25:20,477 path set: 25512 paths over 17382/20000 OD pairs (86.6% of flow served), 126488 legs
2026-08-30 05:25:20,529 period evening : 25512 paths, 20000 OD pairs
2026-08-30 05:25:20,541 path enumeration: 20000 OD pairs, 636 origin zones, 3 scenarios, cap 4 paths/OD
2026-08-30 05:26:12,786 rejected 83 malformed candidate paths that failed the re-pricing check
2026-08-30 05:26:12,881 path set: 25118 paths over 17385/20000 OD pairs (86.6% of flow served), 124771 legs
2026-08-30 05:26:12,936 period owl     : 25118 paths, 20000 OD pairs
2026-08-30 05:26:12,936 locking 28 route-periods across 14 routes in classes ('peak_express',)
2026-08-30 05:26:12,979 incumbent plan is infeasible under this budget
2026-08-30 05:27:33,430 solve lambda=2.0: obj=2.97976e+06 vh=2514.5/2517.2 exchanges=0
2026-08-30 05:27:33,445 [ 65/120] splice|002|034|WESHIGW+splice|007|101|EMO4THW+ k=3 lam=2.0    80s  vs no-edit: unserved  +1.857%  gc  -0.272%  (elapsed 5.3h, ~4.5h left)
2026-08-30 05:27:33,816 footpaths: 15573 links (9 from transfers.txt)
2026-08-30 05:27:33,824 raptor network: 2949 stops, 111 patterns, 15573 footpaths
2026-08-30 05:27:33,930 zones: 1397 (637 with transit access within 600 m), 3938 access links
2026-08-30 05:27:33,938 route classes: {'all_day': 22, 'peak_express': 14}
2026-08-30 05:27:33,977 evaluator pricing: common_lines=same_route (explicit)
2026-08-30 05:27:33,990 path enumeration: 20000 OD pairs, 636 origin zones, 3 scenarios, cap 4 paths/OD
2026-08-30 05:28:24,615 rejected 98 malformed candidate paths that failed the re-pricing check
2026-08-30 05:28:24,709 path set: 25671 paths over 17383/20000 OD pairs (86.6% of flow served), 126974 legs
2026-08-30 05:28:24,760 period early   : 25671 paths, 20000 OD pairs
2026-08-30 05:28:24,771 path enumeration: 20000 OD pairs, 636 origin zones, 3 scenarios, cap 4 paths/OD
2026-08-30 05:29:26,118 rejected 74 malformed candidate paths that failed the re-pricing check
2026-08-30 05:29:26,222 path set: 29981 paths over 19287/20000 OD pairs (96.3% of flow served), 148618 legs
2026-08-30 05:29:26,290 period am_peak : 29981 paths, 20000 OD pairs
2026-08-30 05:29:26,302 path enumeration: 20000 OD pairs, 636 origin zones, 3 scenarios, cap 4 paths/OD
2026-08-30 05:30:20,755 rejected 70 malformed candidate paths that failed the re-pricing check
2026-08-30 05:30:20,846 path set: 25418 paths over 17386/20000 OD pairs (86.6% of flow served), 126335 legs
2026-08-30 05:30:20,900 period midday  : 25418 paths, 20000 OD pairs
2026-08-30 05:30:20,912 path enumeration: 20000 OD pairs, 636 origin zones, 3 scenarios, cap 4 paths/OD
2026-08-30 05:31:20,409 rejected 178 malformed candidate paths that failed the re-pricing check
2026-08-30 05:31:20,520 path set: 29396 paths over 18730/20000 OD pairs (93.8% of flow served), 147627 legs
2026-08-30 05:31:20,582 period pm_peak : 29396 paths, 20000 OD pairs
2026-08-30 05:31:20,594 path enumeration: 20000 OD pairs, 636 origin zones, 3 scenarios, cap 4 paths/OD
2026-08-30 05:32:19,569 rejected 73 malformed candidate paths that failed the re-pricing check
2026-08-30 05:32:19,656 path set: 25341 paths over 17383/20000 OD pairs (86.6% of flow served), 125618 legs
2026-08-30 05:32:19,708 period evening : 25341 paths, 20000 OD pairs
2026-08-30 05:32:19,718 path enumeration: 20000 OD pairs, 636 origin zones, 3 scenarios, cap 4 paths/OD
2026-08-30 05:33:10,834 rejected 155 malformed candidate paths that failed the re-pricing check
2026-08-30 05:33:10,927 path set: 24548 paths over 17010/20000 OD pairs (85.1% of flow served), 121732 legs
2026-08-30 05:33:10,979 period owl     : 24548 paths, 20000 OD pairs
2026-08-30 05:33:10,979 locking 28 route-periods across 14 routes in classes ('peak_express',)
2026-08-30 05:33:11,023 incumbent plan is infeasible under this budget
2026-08-30 05:34:32,391 solve lambda=2.0: obj=2.97966e+06 vh=2513.2/2517.2 exchanges=0
2026-08-30 05:34:32,400 [ 66/120] splice|002|034|WESHIGW+splice|005|021|NMURBEAN k=3 lam=2.0    81s  vs no-edit: unserved  +1.968%  gc  -0.351%  (elapsed 5.5h, ~4.5h left)
2026-08-30 05:34:32,718 footpaths: 15573 links (9 from transfers.txt)
2026-08-30 05:34:32,726 raptor network: 2949 stops, 111 patterns, 15573 footpaths
2026-08-30 05:34:32,827 zones: 1397 (637 with transit access within 600 m), 3938 access links
2026-08-30 05:34:32,835 route classes: {'all_day': 22, 'peak_express': 14}
2026-08-30 05:34:32,872 evaluator pricing: common_lines=same_route (explicit)
2026-08-30 05:34:32,885 path enumeration: 20000 OD pairs, 636 origin zones, 3 scenarios, cap 4 paths/OD
2026-08-30 05:35:25,389 rejected 95 malformed candidate paths that failed the re-pricing check
2026-08-30 05:35:25,478 path set: 25331 paths over 17382/20000 OD pairs (86.6% of flow served), 125066 legs
2026-08-30 05:35:25,527 period early   : 25331 paths, 20000 OD pairs
2026-08-30 05:35:25,538 path enumeration: 20000 OD pairs, 636 origin zones, 3 scenarios, cap 4 paths/OD
2026-08-30 05:36:25,874 rejected 61 malformed candidate paths that failed the re-pricing check
2026-08-30 05:36:25,979 path set: 29497 paths over 19280/20000 OD pairs (96.2% of flow served), 145274 legs
2026-08-30 05:36:26,041 period am_peak : 29497 paths, 20000 OD pairs
2026-08-30 05:36:26,052 path enumeration: 20000 OD pairs, 636 origin zones, 3 scenarios, cap 4 paths/OD
2026-08-30 05:37:20,109 rejected 49 malformed candidate paths that failed the re-pricing check
2026-08-30 05:37:20,195 path set: 24871 paths over 17381/20000 OD pairs (86.6% of flow served), 122728 legs
2026-08-30 05:37:20,247 period midday  : 24871 paths, 20000 OD pairs
2026-08-30 05:37:20,258 path enumeration: 20000 OD pairs, 636 origin zones, 3 scenarios, cap 4 paths/OD
2026-08-30 05:38:18,607 rejected 127 malformed candidate paths that failed the re-pricing check
2026-08-30 05:38:18,715 path set: 28989 paths over 18736/20000 OD pairs (93.8% of flow served), 145137 legs
2026-08-30 05:38:18,774 period pm_peak : 28989 paths, 20000 OD pairs
2026-08-30 05:38:18,786 path enumeration: 20000 OD pairs, 636 origin zones, 3 scenarios, cap 4 paths/OD
2026-08-30 05:39:15,764 rejected 56 malformed candidate paths that failed the re-pricing check
2026-08-30 05:39:15,854 path set: 24837 paths over 17380/20000 OD pairs (86.6% of flow served), 122028 legs
2026-08-30 05:39:15,902 period evening : 24837 paths, 20000 OD pairs
2026-08-30 05:39:15,913 path enumeration: 20000 OD pairs, 636 origin zones, 3 scenarios, cap 4 paths/OD
2026-08-30 05:40:06,368 rejected 80 malformed candidate paths that failed the re-pricing check
2026-08-30 05:40:06,461 path set: 24932 paths over 17387/20000 OD pairs (86.7% of flow served), 123019 legs
2026-08-30 05:40:06,513 period owl     : 24932 paths, 20000 OD pairs
2026-08-30 05:40:06,514 locking 28 route-periods across 14 routes in classes ('peak_express',)
2026-08-30 05:40:06,557 incumbent plan is infeasible under this budget
2026-08-30 05:41:24,853 solve lambda=2.0: obj=2.98282e+06 vh=2514.7/2517.2 exchanges=0
2026-08-30 05:41:24,861 [ 67/120] splice|002|034|WESHIGW+splice|005|021|NMURBEAN k=3 lam=2.0    78s  vs no-edit: unserved  +2.051%  gc  -0.228%  (elapsed 5.6h, ~4.4h left)
2026-08-30 05:41:25,179 footpaths: 15573 links (9 from transfers.txt)
2026-08-30 05:41:25,188 raptor network: 2949 stops, 111 patterns, 15573 footpaths
2026-08-30 05:41:25,292 zones: 1397 (637 with transit access within 600 m), 3938 access links
2026-08-30 05:41:25,301 route classes: {'all_day': 22, 'peak_express': 14}
2026-08-30 05:41:25,341 evaluator pricing: common_lines=same_route (explicit)
2026-08-30 05:41:25,353 path enumeration: 20000 OD pairs, 636 origin zones, 3 scenarios, cap 4 paths/OD
2026-08-30 05:42:18,370 rejected 116 malformed candidate paths that failed the re-pricing check
2026-08-30 05:42:18,456 path set: 25305 paths over 17382/20000 OD pairs (86.6% of flow served), 124317 legs
2026-08-30 05:42:18,503 period early   : 25305 paths, 20000 OD pairs
2026-08-30 05:42:18,514 path enumeration: 20000 OD pairs, 636 origin zones, 3 scenarios, cap 4 paths/OD
2026-08-30 05:43:18,378 rejected 59 malformed candidate paths that failed the re-pricing check
2026-08-30 05:43:18,483 path set: 29474 paths over 19280/20000 OD pairs (96.2% of flow served), 145663 legs
2026-08-30 05:43:18,544 period am_peak : 29474 paths, 20000 OD pairs
2026-08-30 05:43:18,556 path enumeration: 20000 OD pairs, 636 origin zones, 3 scenarios, cap 4 paths/OD
2026-08-30 05:44:13,545 rejected 61 malformed candidate paths that failed the re-pricing check
2026-08-30 05:44:13,637 path set: 25015 paths over 17384/20000 OD pairs (86.6% of flow served), 124529 legs
2026-08-30 05:44:13,692 period midday  : 25015 paths, 20000 OD pairs
2026-08-30 05:44:13,705 path enumeration: 20000 OD pairs, 636 origin zones, 3 scenarios, cap 4 paths/OD
2026-08-30 05:45:12,291 rejected 168 malformed candidate paths that failed the re-pricing check
2026-08-30 05:45:12,403 path set: 28780 paths over 18672/20000 OD pairs (93.6% of flow served), 144308 legs
2026-08-30 05:45:12,464 period pm_peak : 28780 paths, 20000 OD pairs
2026-08-30 05:45:12,475 path enumeration: 20000 OD pairs, 636 origin zones, 3 scenarios, cap 4 paths/OD
2026-08-30 05:46:08,983 rejected 64 malformed candidate paths that failed the re-pricing check
2026-08-30 05:46:09,080 path set: 24912 paths over 17382/20000 OD pairs (86.6% of flow served), 123619 legs
2026-08-30 05:46:09,134 period evening : 24912 paths, 20000 OD pairs
2026-08-30 05:46:09,145 path enumeration: 20000 OD pairs, 636 origin zones, 3 scenarios, cap 4 paths/OD
2026-08-30 05:47:00,948 rejected 83 malformed candidate paths that failed the re-pricing check
2026-08-30 05:47:01,030 path set: 23522 paths over 17376/20000 OD pairs (86.6% of flow served), 116593 legs
2026-08-30 05:47:01,078 period owl     : 23522 paths, 20000 OD pairs
2026-08-30 05:47:01,078 locking 28 route-periods across 14 routes in classes ('peak_express',)
2026-08-30 05:47:01,119 incumbent plan is infeasible under this budget
2026-08-30 05:48:19,811 solve lambda=2.0: obj=2.98123e+06 vh=2514.8/2517.2 exchanges=0
2026-08-30 05:48:19,821 [ 68/120] splice|001|021|PICBETS+splice|007|101|EMO4THW+ k=3 lam=2.0    79s  vs no-edit: unserved  +2.014%  gc  -0.293%  (elapsed 5.7h, ~4.3h left)
2026-08-30 05:48:20,174 footpaths: 15573 links (9 from transfers.txt)
2026-08-30 05:48:20,183 raptor network: 2949 stops, 111 patterns, 15573 footpaths
2026-08-30 05:48:20,306 zones: 1397 (637 with transit access within 600 m), 3938 access links
2026-08-30 05:48:20,318 route classes: {'all_day': 22, 'peak_express': 14}
2026-08-30 05:48:20,357 evaluator pricing: common_lines=same_route (explicit)
2026-08-30 05:48:20,369 path enumeration: 20000 OD pairs, 636 origin zones, 3 scenarios, cap 4 paths/OD
2026-08-30 05:49:13,210 rejected 106 malformed candidate paths that failed the re-pricing check
2026-08-30 05:49:13,294 path set: 25001 paths over 17383/20000 OD pairs (86.6% of flow served), 122045 legs
2026-08-30 05:49:13,342 period early   : 25001 paths, 20000 OD pairs
2026-08-30 05:49:13,353 path enumeration: 20000 OD pairs, 636 origin zones, 3 scenarios, cap 4 paths/OD
2026-08-30 05:50:12,880 rejected 49 malformed candidate paths that failed the re-pricing check
2026-08-30 05:50:12,988 path set: 29522 paths over 19285/20000 OD pairs (96.3% of flow served), 145819 legs
2026-08-30 05:50:13,056 period am_peak : 29522 paths, 20000 OD pairs
2026-08-30 05:50:13,067 path enumeration: 20000 OD pairs, 636 origin zones, 3 scenarios, cap 4 paths/OD
2026-08-30 05:51:08,342 rejected 46 malformed candidate paths that failed the re-pricing check
2026-08-30 05:51:08,437 path set: 24983 paths over 17384/20000 OD pairs (86.6% of flow served), 123805 legs
2026-08-30 05:51:08,489 period midday  : 24983 paths, 20000 OD pairs
2026-08-30 05:51:08,500 path enumeration: 20000 OD pairs, 636 origin zones, 3 scenarios, cap 4 paths/OD
2026-08-30 05:52:07,979 rejected 160 malformed candidate paths that failed the re-pricing check
2026-08-30 05:52:08,090 path set: 28771 paths over 18686/20000 OD pairs (93.6% of flow served), 144001 legs
2026-08-30 05:52:08,153 period pm_peak : 28771 paths, 20000 OD pairs
2026-08-30 05:52:08,165 path enumeration: 20000 OD pairs, 636 origin zones, 3 scenarios, cap 4 paths/OD
2026-08-30 05:53:05,763 rejected 57 malformed candidate paths that failed the re-pricing check
2026-08-30 05:53:05,858 path set: 25139 paths over 17382/20000 OD pairs (86.6% of flow served), 124140 legs
2026-08-30 05:53:05,912 period evening : 25139 paths, 20000 OD pairs
2026-08-30 05:53:05,923 path enumeration: 20000 OD pairs, 636 origin zones, 3 scenarios, cap 4 paths/OD
2026-08-30 05:53:58,140 rejected 80 malformed candidate paths that failed the re-pricing check
2026-08-30 05:53:58,226 path set: 23877 paths over 17382/20000 OD pairs (86.6% of flow served), 118808 legs
2026-08-30 05:53:58,275 period owl     : 23877 paths, 20000 OD pairs
2026-08-30 05:53:58,275 locking 28 route-periods across 14 routes in classes ('peak_express',)
2026-08-30 05:53:58,316 incumbent plan is infeasible under this budget
2026-08-30 05:55:17,804 solve lambda=2.0: obj=2.98611e+06 vh=2515.1/2517.2 exchanges=0
2026-08-30 05:55:17,810 [ 69/120] splice|002|033|WESHIGW+splice|007|101|EMO4THW+ k=3 lam=2.0    80s  vs no-edit: unserved  +3.134%  gc  -0.758%  (elapsed 5.8h, ~4.3h left)
2026-08-30 05:55:18,130 footpaths: 15573 links (9 from transfers.txt)
2026-08-30 05:55:18,138 raptor network: 2949 stops, 111 patterns, 15573 footpaths
2026-08-30 05:55:18,252 zones: 1397 (637 with transit access within 600 m), 3938 access links
2026-08-30 05:55:18,261 route classes: {'all_day': 22, 'peak_express': 14}
2026-08-30 05:55:18,305 evaluator pricing: common_lines=same_route (explicit)
2026-08-30 05:55:18,321 path enumeration: 20000 OD pairs, 636 origin zones, 3 scenarios, cap 4 paths/OD
2026-08-30 05:56:10,939 rejected 108 malformed candidate paths that failed the re-pricing check
2026-08-30 05:56:11,027 path set: 24298 paths over 17380/20000 OD pairs (86.6% of flow served), 120369 legs
2026-08-30 05:56:11,077 period early   : 24298 paths, 20000 OD pairs
2026-08-30 05:56:11,089 path enumeration: 20000 OD pairs, 636 origin zones, 3 scenarios, cap 4 paths/OD
2026-08-30 05:57:12,848 rejected 128 malformed candidate paths that failed the re-pricing check
2026-08-30 05:57:12,949 path set: 28994 paths over 19281/20000 OD pairs (96.2% of flow served), 145060 legs
2026-08-30 05:57:13,007 period am_peak : 28994 paths, 20000 OD pairs
2026-08-30 05:57:13,018 path enumeration: 20000 OD pairs, 636 origin zones, 3 scenarios, cap 4 paths/OD
2026-08-30 05:58:09,531 rejected 86 malformed candidate paths that failed the re-pricing check
2026-08-30 05:58:09,621 path set: 24384 paths over 17385/20000 OD pairs (86.6% of flow served), 122151 legs
2026-08-30 05:58:09,672 period midday  : 24384 paths, 20000 OD pairs
2026-08-30 05:58:09,684 path enumeration: 20000 OD pairs, 636 origin zones, 3 scenarios, cap 4 paths/OD
2026-08-30 05:59:10,195 rejected 212 malformed candidate paths that failed the re-pricing check
2026-08-30 05:59:10,301 path set: 28262 paths over 18727/20000 OD pairs (93.7% of flow served), 143258 legs
2026-08-30 05:59:10,364 period pm_peak : 28262 paths, 20000 OD pairs
2026-08-30 05:59:10,376 path enumeration: 20000 OD pairs, 636 origin zones, 3 scenarios, cap 4 paths/OD
2026-08-30 06:00:08,206 rejected 109 malformed candidate paths that failed the re-pricing check
2026-08-30 06:00:08,295 path set: 24177 paths over 17382/20000 OD pairs (86.6% of flow served), 120854 legs
2026-08-30 06:00:08,344 period evening : 24177 paths, 20000 OD pairs
2026-08-30 06:00:08,355 path enumeration: 20000 OD pairs, 636 origin zones, 3 scenarios, cap 4 paths/OD
2026-08-30 06:01:01,287 rejected 152 malformed candidate paths that failed the re-pricing check
2026-08-30 06:01:01,373 path set: 22651 paths over 17009/20000 OD pairs (85.1% of flow served), 113489 legs
2026-08-30 06:01:01,432 period owl     : 22651 paths, 20000 OD pairs
2026-08-30 06:01:01,432 locking 28 route-periods across 14 routes in classes ('peak_express',)
2026-08-30 06:01:01,474 incumbent plan is infeasible under this budget
2026-08-30 06:02:19,740 solve lambda=2.0: obj=2.98073e+06 vh=2514.4/2517.2 exchanges=0
2026-08-30 06:02:19,746 [ 70/120] splice|002|011|HIGFITN+splice|005|021|NMURBEAN k=3 lam=2.0    78s  vs no-edit: unserved  +2.152%  gc  -0.412%  (elapsed 5.9h, ~4.2h left)
2026-08-30 06:02:20,053 footpaths: 15573 links (9 from transfers.txt)
2026-08-30 06:02:20,061 raptor network: 2949 stops, 111 patterns, 15573 footpaths
2026-08-30 06:02:20,164 zones: 1397 (637 with transit access within 600 m), 3938 access links
2026-08-30 06:02:20,172 route classes: {'all_day': 22, 'peak_express': 14}
2026-08-30 06:02:20,209 evaluator pricing: common_lines=same_route (explicit)
2026-08-30 06:02:20,222 path enumeration: 20000 OD pairs, 636 origin zones, 3 scenarios, cap 4 paths/OD
2026-08-30 06:03:11,857 rejected 97 malformed candidate paths that failed the re-pricing check
2026-08-30 06:03:11,945 path set: 24679 paths over 17383/20000 OD pairs (86.6% of flow served), 120391 legs
2026-08-30 06:03:11,993 period early   : 24679 paths, 20000 OD pairs
2026-08-30 06:03:12,005 path enumeration: 20000 OD pairs, 636 origin zones, 3 scenarios, cap 4 paths/OD
2026-08-30 06:04:13,329 rejected 77 malformed candidate paths that failed the re-pricing check
2026-08-30 06:04:13,436 path set: 29652 paths over 19293/20000 OD pairs (96.3% of flow served), 146648 legs
2026-08-30 06:04:13,500 period am_peak : 29652 paths, 20000 OD pairs
2026-08-30 06:04:13,511 path enumeration: 20000 OD pairs, 636 origin zones, 3 scenarios, cap 4 paths/OD
2026-08-30 06:05:08,909 rejected 69 malformed candidate paths that failed the re-pricing check
2026-08-30 06:05:08,999 path set: 24975 paths over 17386/20000 OD pairs (86.6% of flow served), 123343 legs
2026-08-30 06:05:09,050 period midday  : 24975 paths, 20000 OD pairs
2026-08-30 06:05:09,061 path enumeration: 20000 OD pairs, 636 origin zones, 3 scenarios, cap 4 paths/OD
2026-08-30 06:06:10,745 rejected 187 malformed candidate paths that failed the re-pricing check
2026-08-30 06:06:10,855 path set: 28998 paths over 18745/20000 OD pairs (93.8% of flow served), 144776 legs
2026-08-30 06:06:10,926 period pm_peak : 28998 paths, 20000 OD pairs
2026-08-30 06:06:10,938 path enumeration: 20000 OD pairs, 636 origin zones, 3 scenarios, cap 4 paths/OD
2026-08-30 06:07:09,088 rejected 74 malformed candidate paths that failed the re-pricing check
2026-08-30 06:07:09,182 path set: 25009 paths over 17383/20000 OD pairs (86.6% of flow served), 123358 legs
2026-08-30 06:07:09,233 period evening : 25009 paths, 20000 OD pairs
2026-08-30 06:07:09,247 path enumeration: 20000 OD pairs, 636 origin zones, 3 scenarios, cap 4 paths/OD
2026-08-30 06:08:02,504 rejected 148 malformed candidate paths that failed the re-pricing check
2026-08-30 06:08:02,589 path set: 23295 paths over 17010/20000 OD pairs (85.1% of flow served), 115626 legs
2026-08-30 06:08:02,640 period owl     : 23295 paths, 20000 OD pairs
2026-08-30 06:08:02,640 locking 28 route-periods across 14 routes in classes ('peak_express',)
2026-08-30 06:08:02,687 incumbent plan is infeasible under this budget
2026-08-30 06:09:20,644 solve lambda=2.0: obj=2.98611e+06 vh=2515.2/2517.2 exchanges=0
2026-08-30 06:09:20,653 [ 71/120] splice|002|033|WESHIGW+splice|005|021|NMURBEAN k=3 lam=2.0    78s  vs no-edit: unserved  +3.343%  gc  -0.896%  (elapsed 6.0h, ~4.2h left)
2026-08-30 06:09:21,015 footpaths: 15573 links (9 from transfers.txt)
2026-08-30 06:09:21,023 raptor network: 2949 stops, 111 patterns, 15573 footpaths
2026-08-30 06:09:21,132 zones: 1397 (637 with transit access within 600 m), 3938 access links
2026-08-30 06:09:21,141 route classes: {'all_day': 22, 'peak_express': 14}
2026-08-30 06:09:21,183 evaluator pricing: common_lines=same_route (explicit)
2026-08-30 06:09:21,197 path enumeration: 20000 OD pairs, 636 origin zones, 3 scenarios, cap 4 paths/OD
2026-08-30 06:10:15,250 rejected 116 malformed candidate paths that failed the re-pricing check
2026-08-30 06:10:15,340 path set: 23868 paths over 17380/20000 OD pairs (86.6% of flow served), 117972 legs
2026-08-30 06:10:15,390 period early   : 23868 paths, 20000 OD pairs
2026-08-30 06:10:15,401 path enumeration: 20000 OD pairs, 636 origin zones, 3 scenarios, cap 4 paths/OD
2026-08-30 06:11:19,846 rejected 110 malformed candidate paths that failed the re-pricing check
2026-08-30 06:11:19,957 path set: 28397 paths over 19275/20000 OD pairs (96.2% of flow served), 141177 legs
2026-08-30 06:11:20,022 period am_peak : 28397 paths, 20000 OD pairs
2026-08-30 06:11:20,034 path enumeration: 20000 OD pairs, 636 origin zones, 3 scenarios, cap 4 paths/OD
2026-08-30 06:12:17,153 rejected 68 malformed candidate paths that failed the re-pricing check
2026-08-30 06:12:17,239 path set: 23777 paths over 17381/20000 OD pairs (86.6% of flow served), 118395 legs
2026-08-30 06:12:17,296 period midday  : 23777 paths, 20000 OD pairs
2026-08-30 06:12:17,308 path enumeration: 20000 OD pairs, 636 origin zones, 3 scenarios, cap 4 paths/OD
2026-08-30 06:13:19,282 rejected 134 malformed candidate paths that failed the re-pricing check
2026-08-30 06:13:19,383 path set: 27765 paths over 18737/20000 OD pairs (93.8% of flow served), 140398 legs
2026-08-30 06:13:19,443 period pm_peak : 27765 paths, 20000 OD pairs
2026-08-30 06:13:19,454 path enumeration: 20000 OD pairs, 636 origin zones, 3 scenarios, cap 4 paths/OD
2026-08-30 06:14:18,626 rejected 93 malformed candidate paths that failed the re-pricing check
2026-08-30 06:14:18,711 path set: 23591 paths over 17380/20000 OD pairs (86.6% of flow served), 116926 legs
2026-08-30 06:14:18,761 period evening : 23591 paths, 20000 OD pairs
2026-08-30 06:14:18,772 path enumeration: 20000 OD pairs, 636 origin zones, 3 scenarios, cap 4 paths/OD
2026-08-30 06:15:12,314 rejected 83 malformed candidate paths that failed the re-pricing check
2026-08-30 06:15:12,403 path set: 23000 paths over 17384/20000 OD pairs (86.6% of flow served), 114538 legs
2026-08-30 06:15:12,449 period owl     : 23000 paths, 20000 OD pairs
2026-08-30 06:15:12,449 locking 28 route-periods across 14 routes in classes ('peak_express',)
2026-08-30 06:15:12,490 incumbent plan is infeasible under this budget
2026-08-30 06:16:33,477 solve lambda=2.0: obj=2.98367e+06 vh=2514.4/2517.2 exchanges=0
2026-08-30 06:16:33,486 [ 72/120] splice|002|011|HIGFITN+splice|005|021|NMURBEAN k=3 lam=2.0    81s  vs no-edit: unserved  +2.230%  gc  -0.299%  (elapsed 6.2h, ~4.1h left)
2026-08-30 06:16:33,821 footpaths: 15573 links (9 from transfers.txt)
2026-08-30 06:16:33,830 raptor network: 2949 stops, 111 patterns, 15573 footpaths
2026-08-30 06:16:33,940 zones: 1397 (637 with transit access within 600 m), 3938 access links
2026-08-30 06:16:33,948 route classes: {'all_day': 22, 'peak_express': 14}
2026-08-30 06:16:33,989 evaluator pricing: common_lines=same_route (explicit)
2026-08-30 06:16:34,002 path enumeration: 20000 OD pairs, 636 origin zones, 3 scenarios, cap 4 paths/OD
2026-08-30 06:17:27,116 rejected 99 malformed candidate paths that failed the re-pricing check
2026-08-30 06:17:27,196 path set: 24237 paths over 17382/20000 OD pairs (86.6% of flow served), 117951 legs
2026-08-30 06:17:27,243 period early   : 24237 paths, 20000 OD pairs
2026-08-30 06:17:27,254 path enumeration: 20000 OD pairs, 636 origin zones, 3 scenarios, cap 4 paths/OD
2026-08-30 06:18:28,635 rejected 64 malformed candidate paths that failed the re-pricing check
2026-08-30 06:18:28,734 path set: 29110 paths over 19286/20000 OD pairs (96.3% of flow served), 143068 legs
2026-08-30 06:18:28,789 period am_peak : 29110 paths, 20000 OD pairs
2026-08-30 06:18:28,800 path enumeration: 20000 OD pairs, 636 origin zones, 3 scenarios, cap 4 paths/OD
2026-08-30 06:19:23,504 rejected 48 malformed candidate paths that failed the re-pricing check
2026-08-30 06:19:23,587 path set: 24410 paths over 17381/20000 OD pairs (86.6% of flow served), 119781 legs
2026-08-30 06:19:23,637 period midday  : 24410 paths, 20000 OD pairs
2026-08-30 06:19:23,649 path enumeration: 20000 OD pairs, 636 origin zones, 3 scenarios, cap 4 paths/OD
2026-08-30 06:20:23,858 rejected 111 malformed candidate paths that failed the re-pricing check
2026-08-30 06:20:23,962 path set: 28573 paths over 18754/20000 OD pairs (93.8% of flow served), 142341 legs
2026-08-30 06:20:24,023 period pm_peak : 28573 paths, 20000 OD pairs
2026-08-30 06:20:24,035 path enumeration: 20000 OD pairs, 636 origin zones, 3 scenarios, cap 4 paths/OD
2026-08-30 06:21:23,721 rejected 55 malformed candidate paths that failed the re-pricing check
2026-08-30 06:21:23,808 path set: 24462 paths over 17380/20000 OD pairs (86.6% of flow served), 119571 legs
2026-08-30 06:21:23,858 period evening : 24462 paths, 20000 OD pairs
2026-08-30 06:21:23,869 path enumeration: 20000 OD pairs, 636 origin zones, 3 scenarios, cap 4 paths/OD
2026-08-30 06:22:16,829 rejected 75 malformed candidate paths that failed the re-pricing check
2026-08-30 06:22:16,917 path set: 23688 paths over 17384/20000 OD pairs (86.6% of flow served), 116946 legs
2026-08-30 06:22:16,966 period owl     : 23688 paths, 20000 OD pairs
2026-08-30 06:22:16,966 locking 28 route-periods across 14 routes in classes ('peak_express',)
2026-08-30 06:22:17,006 incumbent plan is infeasible under this budget
2026-08-30 06:23:37,925 solve lambda=2.0: obj=2.9896e+06 vh=2514.2/2517.2 exchanges=0
2026-08-30 06:23:37,933 [ 73/120] splice|002|033|WESHIGW+splice|005|021|NMURBEAN k=3 lam=2.0    81s  vs no-edit: unserved  +3.353%  gc  -0.707%  (elapsed 6.3h, ~4.0h left)
2026-08-30 06:23:38,280 footpaths: 15573 links (9 from transfers.txt)
2026-08-30 06:23:38,289 raptor network: 2949 stops, 111 patterns, 15573 footpaths
2026-08-30 06:23:38,397 zones: 1397 (637 with transit access within 600 m), 3938 access links
2026-08-30 06:23:38,405 route classes: {'all_day': 21, 'peak_express': 14}
2026-08-30 06:23:38,445 evaluator pricing: common_lines=same_route (explicit)
2026-08-30 06:23:38,458 path enumeration: 20000 OD pairs, 636 origin zones, 3 scenarios, cap 4 paths/OD
2026-08-30 06:24:32,353 rejected 117 malformed candidate paths that failed the re-pricing check
2026-08-30 06:24:32,444 path set: 24650 paths over 17380/20000 OD pairs (86.6% of flow served), 121224 legs
2026-08-30 06:24:32,493 period early   : 24650 paths, 20000 OD pairs
2026-08-30 06:24:32,505 path enumeration: 20000 OD pairs, 636 origin zones, 3 scenarios, cap 4 paths/OD
2026-08-30 06:25:35,476 rejected 140 malformed candidate paths that failed the re-pricing check
2026-08-30 06:25:35,583 path set: 29568 paths over 19279/20000 OD pairs (96.2% of flow served), 146805 legs
2026-08-30 06:25:35,646 period am_peak : 29568 paths, 20000 OD pairs
2026-08-30 06:25:35,657 path enumeration: 20000 OD pairs, 636 origin zones, 3 scenarios, cap 4 paths/OD
2026-08-30 06:26:31,536 rejected 101 malformed candidate paths that failed the re-pricing check
2026-08-30 06:26:31,620 path set: 24843 paths over 17382/20000 OD pairs (86.6% of flow served), 123667 legs
2026-08-30 06:26:31,673 period midday  : 24843 paths, 20000 OD pairs
2026-08-30 06:26:31,684 path enumeration: 20000 OD pairs, 636 origin zones, 3 scenarios, cap 4 paths/OD
2026-08-30 06:27:32,107 rejected 217 malformed candidate paths that failed the re-pricing check
2026-08-30 06:27:32,215 path set: 28700 paths over 18665/20000 OD pairs (93.6% of flow served), 143941 legs
2026-08-30 06:27:32,277 period pm_peak : 28700 paths, 20000 OD pairs
2026-08-30 06:27:32,290 path enumeration: 20000 OD pairs, 636 origin zones, 3 scenarios, cap 4 paths/OD
2026-08-30 06:28:31,333 rejected 123 malformed candidate paths that failed the re-pricing check
2026-08-30 06:28:31,426 path set: 24538 paths over 17378/20000 OD pairs (86.6% of flow served), 122211 legs
2026-08-30 06:28:31,476 period evening : 24538 paths, 20000 OD pairs
2026-08-30 06:28:31,488 path enumeration: 20000 OD pairs, 636 origin zones, 3 scenarios, cap 4 paths/OD
2026-08-30 06:29:26,411 rejected 176 malformed candidate paths that failed the re-pricing check
2026-08-30 06:29:26,498 path set: 22835 paths over 16998/20000 OD pairs (85.1% of flow served), 112157 legs
2026-08-30 06:29:26,542 period owl     : 22835 paths, 20000 OD pairs
2026-08-30 06:29:26,542 locking 28 route-periods across 14 routes in classes ('peak_express',)
2026-08-30 06:29:26,583 incumbent plan is infeasible under this budget
2026-08-30 06:30:43,406 solve lambda=2.0: obj=2.98071e+06 vh=2514.1/2517.2 exchanges=0
2026-08-30 06:30:43,416 [ 74/120] splice|001|021|PICBETS+splice|005|006|NMURBEAN k=4 lam=2.0    77s  vs no-edit: unserved  +1.782%  gc  -0.169%  (elapsed 6.4h, ~4.0h left)
2026-08-30 06:30:43,755 footpaths: 15573 links (9 from transfers.txt)
2026-08-30 06:30:43,763 raptor network: 2949 stops, 111 patterns, 15573 footpaths
2026-08-30 06:30:43,867 zones: 1397 (637 with transit access within 600 m), 3938 access links
2026-08-30 06:30:43,876 route classes: {'all_day': 21, 'peak_express': 14}
2026-08-30 06:30:43,911 evaluator pricing: common_lines=same_route (explicit)
2026-08-30 06:30:43,923 path enumeration: 20000 OD pairs, 636 origin zones, 3 scenarios, cap 4 paths/OD
2026-08-30 06:31:38,232 rejected 114 malformed candidate paths that failed the re-pricing check
2026-08-30 06:31:38,318 path set: 24127 paths over 17377/20000 OD pairs (86.6% of flow served), 118265 legs
2026-08-30 06:31:38,371 period early   : 24127 paths, 20000 OD pairs
2026-08-30 06:31:38,382 path enumeration: 20000 OD pairs, 636 origin zones, 3 scenarios, cap 4 paths/OD
2026-08-30 06:32:42,633 rejected 125 malformed candidate paths that failed the re-pricing check
2026-08-30 06:32:42,739 path set: 29056 paths over 19272/20000 OD pairs (96.2% of flow served), 143484 legs
2026-08-30 06:32:42,800 period am_peak : 29056 paths, 20000 OD pairs
2026-08-30 06:32:42,812 path enumeration: 20000 OD pairs, 636 origin zones, 3 scenarios, cap 4 paths/OD
2026-08-30 06:33:40,010 rejected 81 malformed candidate paths that failed the re-pricing check
2026-08-30 06:33:40,098 path set: 24274 paths over 17377/20000 OD pairs (86.6% of flow served), 120006 legs
2026-08-30 06:33:40,149 period midday  : 24274 paths, 20000 OD pairs
2026-08-30 06:33:40,160 path enumeration: 20000 OD pairs, 636 origin zones, 3 scenarios, cap 4 paths/OD
2026-08-30 06:34:42,375 rejected 158 malformed candidate paths that failed the re-pricing check
2026-08-30 06:34:42,481 path set: 28223 paths over 18671/20000 OD pairs (93.6% of flow served), 141162 legs
2026-08-30 06:34:42,543 period pm_peak : 28223 paths, 20000 OD pairs
2026-08-30 06:34:42,554 path enumeration: 20000 OD pairs, 636 origin zones, 3 scenarios, cap 4 paths/OD
2026-08-30 06:35:42,432 rejected 126 malformed candidate paths that failed the re-pricing check
2026-08-30 06:35:42,524 path set: 23994 paths over 17375/20000 OD pairs (86.6% of flow served), 118421 legs
2026-08-30 06:35:42,575 period evening : 23994 paths, 20000 OD pairs
2026-08-30 06:35:42,591 path enumeration: 20000 OD pairs, 636 origin zones, 3 scenarios, cap 4 paths/OD
2026-08-30 06:36:38,550 rejected 118 malformed candidate paths that failed the re-pricing check
2026-08-30 06:36:38,635 path set: 23213 paths over 17376/20000 OD pairs (86.6% of flow served), 113233 legs
2026-08-30 06:36:38,681 period owl     : 23213 paths, 20000 OD pairs
2026-08-30 06:36:38,681 locking 28 route-periods across 14 routes in classes ('peak_express',)
2026-08-30 06:36:38,721 incumbent plan is infeasible under this budget
2026-08-30 06:37:54,275 solve lambda=2.0: obj=2.98587e+06 vh=2513.9/2517.2 exchanges=0
2026-08-30 06:37:54,282 [ 75/120] splice|001|021|PICBETS+splice|005|006|NMURBEAN k=4 lam=2.0    76s  vs no-edit: unserved  +1.973%  gc  -0.006%  (elapsed 6.5h, ~3.9h left)
2026-08-30 06:37:54,604 footpaths: 15573 links (9 from transfers.txt)
2026-08-30 06:37:54,612 raptor network: 2949 stops, 111 patterns, 15573 footpaths
2026-08-30 06:37:54,717 zones: 1397 (637 with transit access within 600 m), 3938 access links
2026-08-30 06:37:54,726 route classes: {'all_day': 21, 'peak_express': 14}
2026-08-30 06:37:54,763 evaluator pricing: common_lines=same_route (explicit)
2026-08-30 06:37:54,776 path enumeration: 20000 OD pairs, 636 origin zones, 3 scenarios, cap 4 paths/OD
2026-08-30 06:38:49,026 rejected 105 malformed candidate paths that failed the re-pricing check
2026-08-30 06:38:49,110 path set: 23832 paths over 17376/20000 OD pairs (86.6% of flow served), 115504 legs
2026-08-30 06:38:49,159 period early   : 23832 paths, 20000 OD pairs
2026-08-30 06:38:49,171 path enumeration: 20000 OD pairs, 636 origin zones, 3 scenarios, cap 4 paths/OD
2026-08-30 06:39:53,043 rejected 126 malformed candidate paths that failed the re-pricing check
2026-08-30 06:39:53,144 path set: 29462 paths over 19282/20000 OD pairs (96.2% of flow served), 145667 legs
2026-08-30 06:39:53,202 period am_peak : 29462 paths, 20000 OD pairs
2026-08-30 06:39:53,213 path enumeration: 20000 OD pairs, 636 origin zones, 3 scenarios, cap 4 paths/OD
2026-08-30 06:40:49,309 rejected 92 malformed candidate paths that failed the re-pricing check
2026-08-30 06:40:49,390 path set: 24263 paths over 17380/20000 OD pairs (86.6% of flow served), 119144 legs
2026-08-30 06:40:49,438 period midday  : 24263 paths, 20000 OD pairs
2026-08-30 06:40:49,449 path enumeration: 20000 OD pairs, 636 origin zones, 3 scenarios, cap 4 paths/OD
2026-08-30 06:41:50,982 rejected 160 malformed candidate paths that failed the re-pricing check
2026-08-30 06:41:51,088 path set: 28611 paths over 18686/20000 OD pairs (93.6% of flow served), 142286 legs
2026-08-30 06:41:51,146 period pm_peak : 28611 paths, 20000 OD pairs
2026-08-30 06:41:51,158 path enumeration: 20000 OD pairs, 636 origin zones, 3 scenarios, cap 4 paths/OD
2026-08-30 06:42:51,672 rejected 120 malformed candidate paths that failed the re-pricing check
2026-08-30 06:42:51,764 path set: 24132 paths over 17374/20000 OD pairs (86.6% of flow served), 118640 legs
2026-08-30 06:42:51,820 period evening : 24132 paths, 20000 OD pairs
2026-08-30 06:42:51,832 path enumeration: 20000 OD pairs, 636 origin zones, 3 scenarios, cap 4 paths/OD
2026-08-30 06:43:46,222 rejected 171 malformed candidate paths that failed the re-pricing check
2026-08-30 06:43:46,305 path set: 23161 paths over 17004/20000 OD pairs (85.1% of flow served), 113158 legs
2026-08-30 06:43:46,355 period owl     : 23161 paths, 20000 OD pairs
2026-08-30 06:43:46,355 locking 28 route-periods across 14 routes in classes ('peak_express',)
2026-08-30 06:43:46,397 incumbent plan is infeasible under this budget
2026-08-30 06:44:58,147 solve lambda=2.0: obj=2.98927e+06 vh=2513.4/2517.2 exchanges=0
2026-08-30 06:44:58,156 [ 76/120] splice|001|021|PICBETS+splice|002|033|WESHIGW+ k=4 lam=2.0    72s  vs no-edit: unserved  +3.252%  gc  -0.659%  (elapsed 6.6h, ~3.8h left)
2026-08-30 06:44:58,471 footpaths: 15573 links (9 from transfers.txt)
2026-08-30 06:44:58,478 raptor network: 2949 stops, 111 patterns, 15573 footpaths
2026-08-30 06:44:58,572 zones: 1397 (637 with transit access within 600 m), 3938 access links
2026-08-30 06:44:58,580 route classes: {'all_day': 21, 'peak_express': 14}
2026-08-30 06:44:58,617 evaluator pricing: common_lines=same_route (explicit)
2026-08-30 06:44:58,629 path enumeration: 20000 OD pairs, 636 origin zones, 3 scenarios, cap 4 paths/OD
2026-08-30 06:45:51,352 rejected 119 malformed candidate paths that failed the re-pricing check
2026-08-30 06:45:51,450 path set: 24403 paths over 17379/20000 OD pairs (86.6% of flow served), 119252 legs
2026-08-30 06:45:51,500 period early   : 24403 paths, 20000 OD pairs
2026-08-30 06:45:51,514 path enumeration: 20000 OD pairs, 636 origin zones, 3 scenarios, cap 4 paths/OD
2026-08-30 06:46:54,675 rejected 142 malformed candidate paths that failed the re-pricing check
2026-08-30 06:46:54,776 path set: 29580 paths over 19278/20000 OD pairs (96.2% of flow served), 146120 legs
2026-08-30 06:46:54,832 period am_peak : 29580 paths, 20000 OD pairs
2026-08-30 06:46:54,843 path enumeration: 20000 OD pairs, 636 origin zones, 3 scenarios, cap 4 paths/OD
2026-08-30 06:47:49,778 rejected 97 malformed candidate paths that failed the re-pricing check
2026-08-30 06:47:49,866 path set: 25016 paths over 17376/20000 OD pairs (86.6% of flow served), 123542 legs
2026-08-30 06:47:49,918 period midday  : 25016 paths, 20000 OD pairs
2026-08-30 06:47:49,930 path enumeration: 20000 OD pairs, 636 origin zones, 3 scenarios, cap 4 paths/OD
2026-08-30 06:48:49,760 rejected 220 malformed candidate paths that failed the re-pricing check
2026-08-30 06:48:49,870 path set: 28885 paths over 18683/20000 OD pairs (93.6% of flow served), 144121 legs
2026-08-30 06:48:49,933 period pm_peak : 28885 paths, 20000 OD pairs
2026-08-30 06:48:49,945 path enumeration: 20000 OD pairs, 636 origin zones, 3 scenarios, cap 4 paths/OD
2026-08-30 06:49:48,499 rejected 140 malformed candidate paths that failed the re-pricing check
2026-08-30 06:49:48,588 path set: 24754 paths over 17371/20000 OD pairs (86.6% of flow served), 122004 legs
2026-08-30 06:49:48,639 period evening : 24754 paths, 20000 OD pairs
2026-08-30 06:49:48,650 path enumeration: 20000 OD pairs, 636 origin zones, 3 scenarios, cap 4 paths/OD
2026-08-30 06:50:42,199 rejected 200 malformed candidate paths that failed the re-pricing check
2026-08-30 06:50:42,287 path set: 23209 paths over 17004/20000 OD pairs (85.1% of flow served), 114033 legs
2026-08-30 06:50:42,335 period owl     : 23209 paths, 20000 OD pairs
2026-08-30 06:50:42,335 locking 28 route-periods across 14 routes in classes ('peak_express',)
2026-08-30 06:50:42,377 incumbent plan is infeasible under this budget
2026-08-30 06:51:55,200 solve lambda=2.0: obj=2.98419e+06 vh=2513.2/2517.2 exchanges=0
2026-08-30 06:51:55,208 [ 77/120] splice|002|033|WESHIGW+splice|006|021|NMURBEAN k=4 lam=2.0    73s  vs no-edit: unserved  +3.249%  gc  -0.941%  (elapsed 6.7h, ~3.8h left)
2026-08-30 06:51:55,566 footpaths: 15573 links (9 from transfers.txt)
2026-08-30 06:51:55,574 raptor network: 2949 stops, 111 patterns, 15573 footpaths
2026-08-30 06:51:55,684 zones: 1397 (637 with transit access within 600 m), 3938 access links
2026-08-30 06:51:55,693 route classes: {'all_day': 21, 'peak_express': 14}
2026-08-30 06:51:55,733 evaluator pricing: common_lines=same_route (explicit)
2026-08-30 06:51:55,747 path enumeration: 20000 OD pairs, 636 origin zones, 3 scenarios, cap 4 paths/OD
2026-08-30 06:52:52,674 rejected 116 malformed candidate paths that failed the re-pricing check
2026-08-30 06:52:52,761 path set: 24793 paths over 17378/20000 OD pairs (86.6% of flow served), 121721 legs
2026-08-30 06:52:52,811 period early   : 24793 paths, 20000 OD pairs
2026-08-30 06:52:52,822 path enumeration: 20000 OD pairs, 636 origin zones, 3 scenarios, cap 4 paths/OD
2026-08-30 06:53:57,505 rejected 102 malformed candidate paths that failed the re-pricing check
2026-08-30 06:53:57,618 path set: 29260 paths over 19274/20000 OD pairs (96.2% of flow served), 144895 legs
2026-08-30 06:53:57,679 period am_peak : 29260 paths, 20000 OD pairs
2026-08-30 06:53:57,690 path enumeration: 20000 OD pairs, 636 origin zones, 3 scenarios, cap 4 paths/OD
2026-08-30 06:54:55,657 rejected 65 malformed candidate paths that failed the re-pricing check
2026-08-30 06:54:55,745 path set: 24737 paths over 17379/20000 OD pairs (86.6% of flow served), 123234 legs
2026-08-30 06:54:55,799 period midday  : 24737 paths, 20000 OD pairs
2026-08-30 06:54:55,811 path enumeration: 20000 OD pairs, 636 origin zones, 3 scenarios, cap 4 paths/OD
2026-08-30 06:55:58,905 rejected 185 malformed candidate paths that failed the re-pricing check
2026-08-30 06:55:59,011 path set: 28531 paths over 18668/20000 OD pairs (93.6% of flow served), 143380 legs
2026-08-30 06:55:59,074 period pm_peak : 28531 paths, 20000 OD pairs
2026-08-30 06:55:59,086 path enumeration: 20000 OD pairs, 636 origin zones, 3 scenarios, cap 4 paths/OD
2026-08-30 06:56:59,863 rejected 93 malformed candidate paths that failed the re-pricing check
2026-08-30 06:56:59,960 path set: 24532 paths over 17378/20000 OD pairs (86.6% of flow served), 121932 legs
2026-08-30 06:57:00,015 period evening : 24532 paths, 20000 OD pairs
2026-08-30 06:57:00,030 path enumeration: 20000 OD pairs, 636 origin zones, 3 scenarios, cap 4 paths/OD
2026-08-30 06:57:56,137 rejected 100 malformed candidate paths that failed the re-pricing check
2026-08-30 06:57:56,227 path set: 23491 paths over 17376/20000 OD pairs (86.6% of flow served), 115798 legs
2026-08-30 06:57:56,279 period owl     : 23491 paths, 20000 OD pairs
2026-08-30 06:57:56,279 locking 28 route-periods across 14 routes in classes ('peak_express',)
2026-08-30 06:57:56,320 incumbent plan is infeasible under this budget
2026-08-30 06:59:08,403 solve lambda=2.0: obj=2.98301e+06 vh=2515.4/2517.2 exchanges=0
2026-08-30 06:59:08,412 [ 78/120] splice|001|021|PICBETS+splice|007|101|EMO4THW+ k=4 lam=2.0    72s  vs no-edit: unserved  +2.029%  gc  -0.203%  (elapsed 6.9h, ~3.7h left)
2026-08-30 06:59:08,755 footpaths: 15573 links (9 from transfers.txt)
2026-08-30 06:59:08,763 raptor network: 2949 stops, 111 patterns, 15573 footpaths
2026-08-30 06:59:08,871 zones: 1397 (637 with transit access within 600 m), 3938 access links
2026-08-30 06:59:08,880 route classes: {'all_day': 21, 'peak_express': 14}
2026-08-30 06:59:08,925 evaluator pricing: common_lines=same_route (explicit)
2026-08-30 06:59:08,939 path enumeration: 20000 OD pairs, 636 origin zones, 3 scenarios, cap 4 paths/OD
2026-08-30 07:00:05,567 rejected 109 malformed candidate paths that failed the re-pricing check
2026-08-30 07:00:05,649 path set: 24547 paths over 17379/20000 OD pairs (86.6% of flow served), 119880 legs
2026-08-30 07:00:05,697 period early   : 24547 paths, 20000 OD pairs
2026-08-30 07:00:05,707 path enumeration: 20000 OD pairs, 636 origin zones, 3 scenarios, cap 4 paths/OD
2026-08-30 07:01:09,187 rejected 87 malformed candidate paths that failed the re-pricing check
2026-08-30 07:01:09,287 path set: 29367 paths over 19279/20000 OD pairs (96.2% of flow served), 145382 legs
2026-08-30 07:01:09,348 period am_peak : 29367 paths, 20000 OD pairs
2026-08-30 07:01:09,359 path enumeration: 20000 OD pairs, 636 origin zones, 3 scenarios, cap 4 paths/OD
2026-08-30 07:02:07,099 rejected 49 malformed candidate paths that failed the re-pricing check
2026-08-30 07:02:07,191 path set: 24786 paths over 17379/20000 OD pairs (86.6% of flow served), 122931 legs
2026-08-30 07:02:07,250 period midday  : 24786 paths, 20000 OD pairs
2026-08-30 07:02:07,262 path enumeration: 20000 OD pairs, 636 origin zones, 3 scenarios, cap 4 paths/OD
2026-08-30 07:03:10,162 rejected 177 malformed candidate paths that failed the re-pricing check
2026-08-30 07:03:10,272 path set: 28598 paths over 18682/20000 OD pairs (93.6% of flow served), 143532 legs
2026-08-30 07:03:10,335 period pm_peak : 28598 paths, 20000 OD pairs
2026-08-30 07:03:10,347 path enumeration: 20000 OD pairs, 636 origin zones, 3 scenarios, cap 4 paths/OD
2026-08-30 07:04:11,040 rejected 87 malformed candidate paths that failed the re-pricing check
2026-08-30 07:04:11,132 path set: 24826 paths over 17378/20000 OD pairs (86.6% of flow served), 122848 legs
2026-08-30 07:04:11,190 period evening : 24826 paths, 20000 OD pairs
2026-08-30 07:04:11,202 path enumeration: 20000 OD pairs, 636 origin zones, 3 scenarios, cap 4 paths/OD
2026-08-30 07:05:07,151 rejected 94 malformed candidate paths that failed the re-pricing check
2026-08-30 07:05:07,237 path set: 23799 paths over 17382/20000 OD pairs (86.6% of flow served), 117713 legs
2026-08-30 07:05:07,286 period owl     : 23799 paths, 20000 OD pairs
2026-08-30 07:05:07,286 locking 28 route-periods across 14 routes in classes ('peak_express',)
2026-08-30 07:05:07,328 incumbent plan is infeasible under this budget
2026-08-30 07:06:28,020 solve lambda=2.0: obj=2.9877e+06 vh=2514.8/2517.2 exchanges=0
2026-08-30 07:06:28,027 [ 79/120] splice|002|033|WESHIGW+splice|007|101|EMO4THW+ k=4 lam=2.0    81s  vs no-edit: unserved  +3.207%  gc  -0.717%  (elapsed 7.0h, ~3.6h left)
2026-08-30 07:06:28,404 footpaths: 15573 links (9 from transfers.txt)
2026-08-30 07:06:28,413 raptor network: 2949 stops, 111 patterns, 15573 footpaths
2026-08-30 07:06:28,524 zones: 1397 (637 with transit access within 600 m), 3938 access links
2026-08-30 07:06:28,534 route classes: {'all_day': 21, 'peak_express': 14}
2026-08-30 07:06:28,575 evaluator pricing: common_lines=same_route (explicit)
2026-08-30 07:06:28,589 path enumeration: 20000 OD pairs, 636 origin zones, 3 scenarios, cap 4 paths/OD
2026-08-30 07:07:24,753 rejected 107 malformed candidate paths that failed the re-pricing check
2026-08-30 07:07:24,838 path set: 24232 paths over 17378/20000 OD pairs (86.6% of flow served), 118391 legs
2026-08-30 07:07:24,889 period early   : 24232 paths, 20000 OD pairs
2026-08-30 07:07:24,901 path enumeration: 20000 OD pairs, 636 origin zones, 3 scenarios, cap 4 paths/OD
2026-08-30 07:08:30,310 rejected 120 malformed candidate paths that failed the re-pricing check
2026-08-30 07:08:30,415 path set: 29384 paths over 19286/20000 OD pairs (96.3% of flow served), 145705 legs
2026-08-30 07:08:30,476 period am_peak : 29384 paths, 20000 OD pairs
2026-08-30 07:08:30,488 path enumeration: 20000 OD pairs, 636 origin zones, 3 scenarios, cap 4 paths/OD
2026-08-30 07:09:29,699 rejected 73 malformed candidate paths that failed the re-pricing check
2026-08-30 07:09:29,789 path set: 24698 paths over 17381/20000 OD pairs (86.6% of flow served), 122205 legs
2026-08-30 07:09:29,845 period midday  : 24698 paths, 20000 OD pairs
2026-08-30 07:09:29,857 path enumeration: 20000 OD pairs, 636 origin zones, 3 scenarios, cap 4 paths/OD
2026-08-30 07:10:33,358 rejected 206 malformed candidate paths that failed the re-pricing check
2026-08-30 07:10:33,468 path set: 28733 paths over 18742/20000 OD pairs (93.8% of flow served), 143902 legs
2026-08-30 07:10:33,533 period pm_peak : 28733 paths, 20000 OD pairs
2026-08-30 07:10:33,545 path enumeration: 20000 OD pairs, 636 origin zones, 3 scenarios, cap 4 paths/OD
2026-08-30 07:11:35,851 rejected 111 malformed candidate paths that failed the re-pricing check
2026-08-30 07:11:35,945 path set: 24634 paths over 17377/20000 OD pairs (86.6% of flow served), 121837 legs
2026-08-30 07:11:36,004 period evening : 24634 paths, 20000 OD pairs
2026-08-30 07:11:36,016 path enumeration: 20000 OD pairs, 636 origin zones, 3 scenarios, cap 4 paths/OD
2026-08-30 07:12:31,213 rejected 160 malformed candidate paths that failed the re-pricing check
2026-08-30 07:12:31,310 path set: 23233 paths over 17005/20000 OD pairs (85.1% of flow served), 114783 legs
2026-08-30 07:12:31,362 period owl     : 23233 paths, 20000 OD pairs
2026-08-30 07:12:31,362 locking 28 route-periods across 14 routes in classes ('peak_express',)
2026-08-30 07:12:31,413 incumbent plan is infeasible under this budget
2026-08-30 07:13:49,447 solve lambda=2.0: obj=2.98807e+06 vh=2512.7/2517.2 exchanges=0
2026-08-30 07:13:49,455 [ 80/120] splice|002|033|WESHIGW+splice|005|021|NMURBEAN k=4 lam=2.0    78s  vs no-edit: unserved  +3.388%  gc  -0.816%  (elapsed 7.1h, ~3.6h left)
2026-08-30 07:13:49,813 footpaths: 15573 links (9 from transfers.txt)
2026-08-30 07:13:49,823 raptor network: 2949 stops, 111 patterns, 15573 footpaths
2026-08-30 07:13:49,939 zones: 1397 (637 with transit access within 600 m), 3938 access links
2026-08-30 07:13:49,948 route classes: {'all_day': 21, 'peak_express': 14}
2026-08-30 07:13:49,990 evaluator pricing: common_lines=same_route (explicit)
2026-08-30 07:13:50,004 path enumeration: 20000 OD pairs, 636 origin zones, 3 scenarios, cap 4 paths/OD
2026-08-30 07:14:46,267 rejected 115 malformed candidate paths that failed the re-pricing check
2026-08-30 07:14:46,350 path set: 23748 paths over 17376/20000 OD pairs (86.6% of flow served), 115613 legs
2026-08-30 07:14:46,401 period early   : 23748 paths, 20000 OD pairs
2026-08-30 07:14:46,413 path enumeration: 20000 OD pairs, 636 origin zones, 3 scenarios, cap 4 paths/OD
2026-08-30 07:15:50,938 rejected 101 malformed candidate paths that failed the re-pricing check
2026-08-30 07:15:51,046 path set: 28846 paths over 19280/20000 OD pairs (96.2% of flow served), 142117 legs
2026-08-30 07:15:51,107 period am_peak : 28846 paths, 20000 OD pairs
2026-08-30 07:15:51,118 path enumeration: 20000 OD pairs, 636 origin zones, 3 scenarios, cap 4 paths/OD
2026-08-30 07:16:49,821 rejected 50 malformed candidate paths that failed the re-pricing check
2026-08-30 07:16:49,908 path set: 24091 paths over 17376/20000 OD pairs (86.6% of flow served), 118283 legs
2026-08-30 07:16:49,958 period midday  : 24091 paths, 20000 OD pairs
2026-08-30 07:16:49,970 path enumeration: 20000 OD pairs, 636 origin zones, 3 scenarios, cap 4 paths/OD
2026-08-30 07:17:53,878 rejected 145 malformed candidate paths that failed the re-pricing check
2026-08-30 07:17:53,987 path set: 28229 paths over 18748/20000 OD pairs (93.8% of flow served), 140968 legs
2026-08-30 07:17:54,048 period pm_peak : 28229 paths, 20000 OD pairs
2026-08-30 07:17:54,060 path enumeration: 20000 OD pairs, 636 origin zones, 3 scenarios, cap 4 paths/OD
2026-08-30 07:18:55,913 rejected 90 malformed candidate paths that failed the re-pricing check
2026-08-30 07:18:56,003 path set: 24044 paths over 17374/20000 OD pairs (86.6% of flow served), 117746 legs
2026-08-30 07:18:56,055 period evening : 24044 paths, 20000 OD pairs
2026-08-30 07:18:56,067 path enumeration: 20000 OD pairs, 636 origin zones, 3 scenarios, cap 4 paths/OD
2026-08-30 07:19:52,265 rejected 107 malformed candidate paths that failed the re-pricing check
2026-08-30 07:19:52,360 path set: 23610 paths over 17382/20000 OD pairs (86.6% of flow served), 115889 legs
2026-08-30 07:19:52,417 period owl     : 23610 paths, 20000 OD pairs
2026-08-30 07:19:52,418 locking 28 route-periods across 14 routes in classes ('peak_express',)
2026-08-30 07:19:52,460 incumbent plan is infeasible under this budget
2026-08-30 07:21:10,747 solve lambda=2.0: obj=2.99138e+06 vh=2514.0/2517.2 exchanges=0
2026-08-30 07:21:10,755 [ 81/120] splice|002|033|WESHIGW+splice|005|021|NMURBEAN k=4 lam=2.0    78s  vs no-edit: unserved  +3.481%  gc  -0.691%  (elapsed 7.2h, ~3.5h left)
2026-08-30 07:21:11,107 footpaths: 15573 links (9 from transfers.txt)
2026-08-30 07:21:11,116 raptor network: 2949 stops, 111 patterns, 15573 footpaths
2026-08-30 07:21:11,224 zones: 1397 (637 with transit access within 600 m), 3938 access links
2026-08-30 07:21:11,233 route classes: {'all_day': 21, 'peak_express': 14}
2026-08-30 07:21:11,273 evaluator pricing: common_lines=same_route (explicit)
2026-08-30 07:21:11,286 path enumeration: 20000 OD pairs, 636 origin zones, 3 scenarios, cap 4 paths/OD
2026-08-30 07:22:06,516 rejected 107 malformed candidate paths that failed the re-pricing check
2026-08-30 07:22:06,606 path set: 24596 paths over 17381/20000 OD pairs (86.6% of flow served), 121451 legs
2026-08-30 07:22:06,658 period early   : 24596 paths, 20000 OD pairs
2026-08-30 07:22:06,670 path enumeration: 20000 OD pairs, 636 origin zones, 3 scenarios, cap 4 paths/OD
2026-08-30 07:23:11,288 rejected 136 malformed candidate paths that failed the re-pricing check
2026-08-30 07:23:11,402 path set: 29801 paths over 19282/20000 OD pairs (96.2% of flow served), 148900 legs
2026-08-30 07:23:11,471 period am_peak : 29801 paths, 20000 OD pairs
2026-08-30 07:23:11,482 path enumeration: 20000 OD pairs, 636 origin zones, 3 scenarios, cap 4 paths/OD
2026-08-30 07:24:08,708 rejected 97 malformed candidate paths that failed the re-pricing check
2026-08-30 07:24:08,794 path set: 24867 paths over 17381/20000 OD pairs (86.6% of flow served), 124167 legs
2026-08-30 07:24:08,845 period midday  : 24867 paths, 20000 OD pairs
2026-08-30 07:24:08,857 path enumeration: 20000 OD pairs, 636 origin zones, 3 scenarios, cap 4 paths/OD
2026-08-30 07:25:09,938 rejected 223 malformed candidate paths that failed the re-pricing check
2026-08-30 07:25:10,052 path set: 28650 paths over 18681/20000 OD pairs (93.6% of flow served), 144444 legs
2026-08-30 07:25:10,115 period pm_peak : 28650 paths, 20000 OD pairs
2026-08-30 07:25:10,127 path enumeration: 20000 OD pairs, 636 origin zones, 3 scenarios, cap 4 paths/OD
2026-08-30 07:26:10,398 rejected 115 malformed candidate paths that failed the re-pricing check
2026-08-30 07:26:10,493 path set: 24557 paths over 17378/20000 OD pairs (86.6% of flow served), 122259 legs
2026-08-30 07:26:10,550 period evening : 24557 paths, 20000 OD pairs
2026-08-30 07:26:10,563 path enumeration: 20000 OD pairs, 636 origin zones, 3 scenarios, cap 4 paths/OD
2026-08-30 07:27:06,152 rejected 168 malformed candidate paths that failed the re-pricing check
2026-08-30 07:27:06,242 path set: 23038 paths over 17005/20000 OD pairs (85.1% of flow served), 114448 legs
2026-08-30 07:27:06,293 period owl     : 23038 paths, 20000 OD pairs
2026-08-30 07:27:06,293 locking 28 route-periods across 14 routes in classes ('peak_express',)
2026-08-30 07:27:06,336 incumbent plan is infeasible under this budget
2026-08-30 07:28:26,665 solve lambda=2.0: obj=2.98329e+06 vh=2515.1/2517.2 exchanges=0
2026-08-30 07:28:26,673 [ 82/120] splice|002|011|HIGFITN+splice|005|006|NMURBEAN k=4 lam=2.0    80s  vs no-edit: unserved  +2.041%  gc  -0.195%  (elapsed 7.4h, ~3.4h left)
2026-08-30 07:28:27,058 footpaths: 15573 links (9 from transfers.txt)
2026-08-30 07:28:27,067 raptor network: 2949 stops, 111 patterns, 15573 footpaths
2026-08-30 07:28:27,185 zones: 1397 (637 with transit access within 600 m), 3938 access links
2026-08-30 07:28:27,196 route classes: {'all_day': 21, 'peak_express': 14}
2026-08-30 07:28:27,237 evaluator pricing: common_lines=same_route (explicit)
2026-08-30 07:28:27,251 path enumeration: 20000 OD pairs, 636 origin zones, 3 scenarios, cap 4 paths/OD
2026-08-30 07:29:23,250 rejected 109 malformed candidate paths that failed the re-pricing check
2026-08-30 07:29:23,332 path set: 24014 paths over 17377/20000 OD pairs (86.6% of flow served), 118060 legs
2026-08-30 07:29:23,380 period early   : 24014 paths, 20000 OD pairs
2026-08-30 07:29:23,392 path enumeration: 20000 OD pairs, 636 origin zones, 3 scenarios, cap 4 paths/OD
2026-08-30 07:30:28,333 rejected 124 malformed candidate paths that failed the re-pricing check
2026-08-30 07:30:28,433 path set: 29251 paths over 19272/20000 OD pairs (96.2% of flow served), 145168 legs
2026-08-30 07:30:28,490 period am_peak : 29251 paths, 20000 OD pairs
2026-08-30 07:30:28,502 path enumeration: 20000 OD pairs, 636 origin zones, 3 scenarios, cap 4 paths/OD
2026-08-30 07:31:26,686 rejected 87 malformed candidate paths that failed the re-pricing check
2026-08-30 07:31:26,771 path set: 24383 paths over 17377/20000 OD pairs (86.6% of flow served), 121000 legs
2026-08-30 07:31:26,824 period midday  : 24383 paths, 20000 OD pairs
2026-08-30 07:31:26,836 path enumeration: 20000 OD pairs, 636 origin zones, 3 scenarios, cap 4 paths/OD
2026-08-30 07:32:30,791 rejected 161 malformed candidate paths that failed the re-pricing check
2026-08-30 07:32:30,898 path set: 28225 paths over 18684/20000 OD pairs (93.6% of flow served), 141964 legs
2026-08-30 07:32:30,959 period pm_peak : 28225 paths, 20000 OD pairs
2026-08-30 07:32:30,971 path enumeration: 20000 OD pairs, 636 origin zones, 3 scenarios, cap 4 paths/OD
2026-08-30 07:33:32,527 rejected 123 malformed candidate paths that failed the re-pricing check
2026-08-30 07:33:32,614 path set: 24019 paths over 17376/20000 OD pairs (86.6% of flow served), 118470 legs
2026-08-30 07:33:32,663 period evening : 24019 paths, 20000 OD pairs
2026-08-30 07:33:32,678 path enumeration: 20000 OD pairs, 636 origin zones, 3 scenarios, cap 4 paths/OD
2026-08-30 07:34:29,594 rejected 115 malformed candidate paths that failed the re-pricing check
2026-08-30 07:34:29,705 path set: 23427 paths over 17380/20000 OD pairs (86.6% of flow served), 115793 legs
2026-08-30 07:34:29,756 period owl     : 23427 paths, 20000 OD pairs
2026-08-30 07:34:29,756 locking 28 route-periods across 14 routes in classes ('peak_express',)
2026-08-30 07:34:29,799 incumbent plan is infeasible under this budget
2026-08-30 07:35:50,161 solve lambda=2.0: obj=2.9876e+06 vh=2513.7/2517.2 exchanges=0
2026-08-30 07:35:50,169 [ 83/120] splice|002|011|HIGFITN+splice|005|006|NMURBEAN k=4 lam=2.0    80s  vs no-edit: unserved  +2.173%  gc  -0.041%  (elapsed 7.5h, ~3.3h left)
2026-08-30 07:35:50,542 footpaths: 15573 links (9 from transfers.txt)
2026-08-30 07:35:50,551 raptor network: 2949 stops, 111 patterns, 15573 footpaths
2026-08-30 07:35:50,669 zones: 1397 (637 with transit access within 600 m), 3938 access links
2026-08-30 07:35:50,678 route classes: {'all_day': 21, 'peak_express': 14}
2026-08-30 07:35:50,719 evaluator pricing: common_lines=same_route (explicit)
2026-08-30 07:35:50,732 path enumeration: 20000 OD pairs, 636 origin zones, 3 scenarios, cap 4 paths/OD
2026-08-30 07:36:47,444 rejected 105 malformed candidate paths that failed the re-pricing check
2026-08-30 07:36:47,535 path set: 24025 paths over 17377/20000 OD pairs (86.6% of flow served), 118110 legs
2026-08-30 07:36:47,585 period early   : 24025 paths, 20000 OD pairs
2026-08-30 07:36:47,597 path enumeration: 20000 OD pairs, 636 origin zones, 3 scenarios, cap 4 paths/OD
2026-08-30 07:37:54,484 rejected 137 malformed candidate paths that failed the re-pricing check
2026-08-30 07:37:54,591 path set: 29450 paths over 19278/20000 OD pairs (96.2% of flow served), 146401 legs
2026-08-30 07:37:54,654 period am_peak : 29450 paths, 20000 OD pairs
2026-08-30 07:37:54,665 path enumeration: 20000 OD pairs, 636 origin zones, 3 scenarios, cap 4 paths/OD
2026-08-30 07:38:52,525 rejected 101 malformed candidate paths that failed the re-pricing check
2026-08-30 07:38:52,615 path set: 24317 paths over 17381/20000 OD pairs (86.6% of flow served), 120566 legs
2026-08-30 07:38:52,663 period midday  : 24317 paths, 20000 OD pairs
2026-08-30 07:38:52,674 path enumeration: 20000 OD pairs, 636 origin zones, 3 scenarios, cap 4 paths/OD
2026-08-30 07:39:55,379 rejected 169 malformed candidate paths that failed the re-pricing check
2026-08-30 07:39:55,487 path set: 28370 paths over 18690/20000 OD pairs (93.6% of flow served), 142085 legs
2026-08-30 07:39:55,548 period pm_peak : 28370 paths, 20000 OD pairs
2026-08-30 07:39:55,560 path enumeration: 20000 OD pairs, 636 origin zones, 3 scenarios, cap 4 paths/OD
2026-08-30 07:40:55,146 rejected 115 malformed candidate paths that failed the re-pricing check
2026-08-30 07:40:55,238 path set: 23944 paths over 17378/20000 OD pairs (86.6% of flow served), 118353 legs
2026-08-30 07:40:55,291 period evening : 23944 paths, 20000 OD pairs
2026-08-30 07:40:55,304 path enumeration: 20000 OD pairs, 636 origin zones, 3 scenarios, cap 4 paths/OD
2026-08-30 07:41:51,907 rejected 198 malformed candidate paths that failed the re-pricing check
2026-08-30 07:41:52,004 path set: 23012 paths over 17001/20000 OD pairs (85.1% of flow served), 113566 legs
2026-08-30 07:41:52,054 period owl     : 23012 paths, 20000 OD pairs
2026-08-30 07:41:52,054 locking 28 route-periods across 14 routes in classes ('peak_express',)
2026-08-30 07:41:52,100 incumbent plan is infeasible under this budget
2026-08-30 07:43:08,655 solve lambda=2.0: obj=2.98572e+06 vh=2514.9/2517.2 exchanges=0
2026-08-30 07:43:08,671 [ 84/120] splice|001|021|PICBETS+splice|002|011|HIGFITN+ k=4 lam=2.0    77s  vs no-edit: unserved  +2.594%  gc  -0.423%  (elapsed 7.6h, ~3.3h left)
2026-08-30 07:43:09,045 footpaths: 15573 links (9 from transfers.txt)
2026-08-30 07:43:09,054 raptor network: 2949 stops, 111 patterns, 15573 footpaths
2026-08-30 07:43:09,181 zones: 1397 (637 with transit access within 600 m), 3938 access links
2026-08-30 07:43:09,189 route classes: {'all_day': 21, 'peak_express': 14}
2026-08-30 07:43:09,230 evaluator pricing: common_lines=same_route (explicit)
2026-08-30 07:43:09,244 path enumeration: 20000 OD pairs, 636 origin zones, 3 scenarios, cap 4 paths/OD
2026-08-30 07:44:03,063 rejected 124 malformed candidate paths that failed the re-pricing check
2026-08-30 07:44:03,150 path set: 24623 paths over 17381/20000 OD pairs (86.6% of flow served), 121559 legs
2026-08-30 07:44:03,200 period early   : 24623 paths, 20000 OD pairs
2026-08-30 07:44:03,214 path enumeration: 20000 OD pairs, 636 origin zones, 3 scenarios, cap 4 paths/OD
2026-08-30 07:45:05,209 rejected 149 malformed candidate paths that failed the re-pricing check
2026-08-30 07:45:05,314 path set: 29584 paths over 19277/20000 OD pairs (96.2% of flow served), 147117 legs
2026-08-30 07:45:05,376 period am_peak : 29584 paths, 20000 OD pairs
2026-08-30 07:45:05,388 path enumeration: 20000 OD pairs, 636 origin zones, 3 scenarios, cap 4 paths/OD
2026-08-30 07:46:00,297 rejected 110 malformed candidate paths that failed the re-pricing check
2026-08-30 07:46:00,389 path set: 25009 paths over 17376/20000 OD pairs (86.6% of flow served), 124563 legs
2026-08-30 07:46:00,445 period midday  : 25009 paths, 20000 OD pairs
2026-08-30 07:46:00,457 path enumeration: 20000 OD pairs, 636 origin zones, 3 scenarios, cap 4 paths/OD
2026-08-30 07:47:01,371 rejected 230 malformed candidate paths that failed the re-pricing check
2026-08-30 07:47:01,479 path set: 28699 paths over 18686/20000 OD pairs (93.6% of flow served), 144194 legs
2026-08-30 07:47:01,537 period pm_peak : 28699 paths, 20000 OD pairs
2026-08-30 07:47:01,549 path enumeration: 20000 OD pairs, 636 origin zones, 3 scenarios, cap 4 paths/OD
2026-08-30 07:48:00,909 rejected 140 malformed candidate paths that failed the re-pricing check
2026-08-30 07:48:01,006 path set: 24477 paths over 17372/20000 OD pairs (86.6% of flow served), 121194 legs
2026-08-30 07:48:01,056 period evening : 24477 paths, 20000 OD pairs
2026-08-30 07:48:01,069 path enumeration: 20000 OD pairs, 636 origin zones, 3 scenarios, cap 4 paths/OD
2026-08-30 07:48:56,227 rejected 229 malformed candidate paths that failed the re-pricing check
2026-08-30 07:48:56,316 path set: 23016 paths over 17003/20000 OD pairs (85.1% of flow served), 114179 legs
2026-08-30 07:48:56,368 period owl     : 23016 paths, 20000 OD pairs
2026-08-30 07:48:56,368 locking 28 route-periods across 14 routes in classes ('peak_express',)
2026-08-30 07:48:56,412 incumbent plan is infeasible under this budget
2026-08-30 07:50:13,735 solve lambda=2.0: obj=2.98053e+06 vh=2515.3/2517.2 exchanges=0
2026-08-30 07:50:13,743 [ 85/120] splice|002|011|HIGFITN+splice|006|021|NMURBEAN k=4 lam=2.0    77s  vs no-edit: unserved  +2.151%  gc  -0.422%  (elapsed 7.7h, ~3.2h left)
2026-08-30 07:50:14,077 footpaths: 15573 links (9 from transfers.txt)
2026-08-30 07:50:14,085 raptor network: 2949 stops, 111 patterns, 15573 footpaths
2026-08-30 07:50:14,192 zones: 1397 (637 with transit access within 600 m), 3938 access links
2026-08-30 07:50:14,201 route classes: {'all_day': 21, 'peak_express': 14}
2026-08-30 07:50:14,242 evaluator pricing: common_lines=same_route (explicit)
2026-08-30 07:50:14,260 path enumeration: 20000 OD pairs, 636 origin zones, 3 scenarios, cap 4 paths/OD
2026-08-30 07:51:10,516 rejected 124 malformed candidate paths that failed the re-pricing check
2026-08-30 07:51:10,603 path set: 24741 paths over 17379/20000 OD pairs (86.6% of flow served), 121949 legs
2026-08-30 07:51:10,653 period early   : 24741 paths, 20000 OD pairs
2026-08-30 07:51:10,664 path enumeration: 20000 OD pairs, 636 origin zones, 3 scenarios, cap 4 paths/OD
2026-08-30 07:52:13,583 rejected 102 malformed candidate paths that failed the re-pricing check
2026-08-30 07:52:13,692 path set: 29276 paths over 19277/20000 OD pairs (96.2% of flow served), 145768 legs
2026-08-30 07:52:13,755 period am_peak : 29276 paths, 20000 OD pairs
2026-08-30 07:52:13,767 path enumeration: 20000 OD pairs, 636 origin zones, 3 scenarios, cap 4 paths/OD
2026-08-30 07:53:12,196 rejected 74 malformed candidate paths that failed the re-pricing check
2026-08-30 07:53:12,291 path set: 24763 paths over 17380/20000 OD pairs (86.6% of flow served), 123949 legs
2026-08-30 07:53:12,343 period midday  : 24763 paths, 20000 OD pairs
2026-08-30 07:53:12,355 path enumeration: 20000 OD pairs, 636 origin zones, 3 scenarios, cap 4 paths/OD
2026-08-30 07:54:14,909 rejected 199 malformed candidate paths that failed the re-pricing check
2026-08-30 07:54:15,016 path set: 28344 paths over 18681/20000 OD pairs (93.6% of flow served), 143197 legs
2026-08-30 07:54:15,080 period pm_peak : 28344 paths, 20000 OD pairs
2026-08-30 07:54:15,091 path enumeration: 20000 OD pairs, 636 origin zones, 3 scenarios, cap 4 paths/OD
2026-08-30 07:55:14,330 rejected 94 malformed candidate paths that failed the re-pricing check
2026-08-30 07:55:14,419 path set: 24511 paths over 17379/20000 OD pairs (86.6% of flow served), 121854 legs
2026-08-30 07:55:14,471 period evening : 24511 paths, 20000 OD pairs
2026-08-30 07:55:14,483 path enumeration: 20000 OD pairs, 636 origin zones, 3 scenarios, cap 4 paths/OD
2026-08-30 07:56:09,652 rejected 129 malformed candidate paths that failed the re-pricing check
2026-08-30 07:56:09,741 path set: 23689 paths over 17378/20000 OD pairs (86.6% of flow served), 118398 legs
2026-08-30 07:56:09,793 period owl     : 23689 paths, 20000 OD pairs
2026-08-30 07:56:09,793 locking 28 route-periods across 14 routes in classes ('peak_express',)
2026-08-30 07:56:09,835 incumbent plan is infeasible under this budget
2026-08-30 07:57:34,033 solve lambda=2.0: obj=2.98398e+06 vh=2516.0/2517.2 exchanges=0
2026-08-30 07:57:34,041 [ 86/120] splice|002|011|HIGFITN+splice|007|101|EMO4THW+ k=4 lam=2.0    84s  vs no-edit: unserved  +2.206%  gc  -0.265%  (elapsed 7.8h, ~3.1h left)
2026-08-30 07:57:34,368 footpaths: 15573 links (9 from transfers.txt)
2026-08-30 07:57:34,376 raptor network: 2949 stops, 111 patterns, 15573 footpaths
2026-08-30 07:57:34,480 zones: 1397 (637 with transit access within 600 m), 3938 access links
2026-08-30 07:57:34,489 route classes: {'all_day': 21, 'peak_express': 14}
2026-08-30 07:57:34,528 evaluator pricing: common_lines=same_route (explicit)
2026-08-30 07:57:34,540 path enumeration: 20000 OD pairs, 636 origin zones, 3 scenarios, cap 4 paths/OD
2026-08-30 07:58:27,695 rejected 111 malformed candidate paths that failed the re-pricing check
2026-08-30 07:58:27,806 path set: 25292 paths over 17382/20000 OD pairs (86.6% of flow served), 124028 legs
2026-08-30 07:58:27,875 period early   : 25292 paths, 20000 OD pairs
2026-08-30 07:58:27,887 path enumeration: 20000 OD pairs, 636 origin zones, 3 scenarios, cap 4 paths/OD
2026-08-30 07:59:32,042 rejected 73 malformed candidate paths that failed the re-pricing check
2026-08-30 07:59:32,150 path set: 29524 paths over 19288/20000 OD pairs (96.3% of flow served), 145122 legs
2026-08-30 07:59:32,212 period am_peak : 29524 paths, 20000 OD pairs
2026-08-30 07:59:32,224 path enumeration: 20000 OD pairs, 636 origin zones, 3 scenarios, cap 4 paths/OD
2026-08-30 08:00:29,603 rejected 67 malformed candidate paths that failed the re-pricing check
2026-08-30 08:00:29,694 path set: 24987 paths over 17382/20000 OD pairs (86.6% of flow served), 123208 legs
2026-08-30 08:00:29,745 period midday  : 24987 paths, 20000 OD pairs
2026-08-30 08:00:29,757 path enumeration: 20000 OD pairs, 636 origin zones, 3 scenarios, cap 4 paths/OD
2026-08-30 08:01:33,165 rejected 182 malformed candidate paths that failed the re-pricing check
2026-08-30 08:01:33,279 path set: 28801 paths over 18745/20000 OD pairs (93.8% of flow served), 143764 legs
2026-08-30 08:01:33,343 period pm_peak : 28801 paths, 20000 OD pairs
2026-08-30 08:01:33,356 path enumeration: 20000 OD pairs, 636 origin zones, 3 scenarios, cap 4 paths/OD
2026-08-30 08:02:34,163 rejected 69 malformed candidate paths that failed the re-pricing check
2026-08-30 08:02:34,255 path set: 24905 paths over 17381/20000 OD pairs (86.6% of flow served), 122006 legs
2026-08-30 08:02:34,309 period evening : 24905 paths, 20000 OD pairs
2026-08-30 08:02:34,321 path enumeration: 20000 OD pairs, 636 origin zones, 3 scenarios, cap 4 paths/OD
2026-08-30 08:03:29,554 rejected 120 malformed candidate paths that failed the re-pricing check
2026-08-30 08:03:29,641 path set: 23681 paths over 17373/20000 OD pairs (86.6% of flow served), 116662 legs
2026-08-30 08:03:29,688 period owl     : 23681 paths, 20000 OD pairs
2026-08-30 08:03:29,688 locking 28 route-periods across 14 routes in classes ('peak_express',)
2026-08-30 08:03:29,730 incumbent plan is infeasible under this budget
2026-08-30 08:04:47,989 solve lambda=2.0: obj=2.98476e+06 vh=2515.1/2517.2 exchanges=0
2026-08-30 08:04:47,998 [ 87/120] splice|005|021|NMURBEAN+splice|007|101|EMO4THW k=4 lam=2.0    78s  vs no-edit: unserved  +2.243%  gc  -0.246%  (elapsed 8.0h, ~3.0h left)
2026-08-30 08:04:48,371 footpaths: 15573 links (9 from transfers.txt)
2026-08-30 08:04:48,383 raptor network: 2949 stops, 111 patterns, 15573 footpaths
2026-08-30 08:04:48,498 zones: 1397 (637 with transit access within 600 m), 3938 access links
2026-08-30 08:04:48,507 route classes: {'all_day': 21, 'peak_express': 14}
2026-08-30 08:04:48,549 evaluator pricing: common_lines=same_route (explicit)
2026-08-30 08:04:48,562 path enumeration: 20000 OD pairs, 636 origin zones, 3 scenarios, cap 4 paths/OD
2026-08-30 08:05:44,148 rejected 103 malformed candidate paths that failed the re-pricing check
2026-08-30 08:05:44,234 path set: 24485 paths over 17380/20000 OD pairs (86.6% of flow served), 120899 legs
2026-08-30 08:05:44,283 period early   : 24485 paths, 20000 OD pairs
2026-08-30 08:05:44,295 path enumeration: 20000 OD pairs, 636 origin zones, 3 scenarios, cap 4 paths/OD
2026-08-30 08:06:50,530 rejected 121 malformed candidate paths that failed the re-pricing check
2026-08-30 08:06:50,637 path set: 29424 paths over 19285/20000 OD pairs (96.2% of flow served), 146838 legs
2026-08-30 08:06:50,702 period am_peak : 29424 paths, 20000 OD pairs
2026-08-30 08:06:50,714 path enumeration: 20000 OD pairs, 636 origin zones, 3 scenarios, cap 4 paths/OD
2026-08-30 08:07:48,592 rejected 87 malformed candidate paths that failed the re-pricing check
2026-08-30 08:07:48,682 path set: 24671 paths over 17381/20000 OD pairs (86.6% of flow served), 123106 legs
2026-08-30 08:07:48,736 period midday  : 24671 paths, 20000 OD pairs
2026-08-30 08:07:48,747 path enumeration: 20000 OD pairs, 636 origin zones, 3 scenarios, cap 4 paths/OD
2026-08-30 08:08:52,355 rejected 210 malformed candidate paths that failed the re-pricing check
2026-08-30 08:08:52,460 path set: 28551 paths over 18745/20000 OD pairs (93.8% of flow served), 144065 legs
2026-08-30 08:08:52,525 period pm_peak : 28551 paths, 20000 OD pairs
2026-08-30 08:08:52,537 path enumeration: 20000 OD pairs, 636 origin zones, 3 scenarios, cap 4 paths/OD
2026-08-30 08:09:53,471 rejected 112 malformed candidate paths that failed the re-pricing check
2026-08-30 08:09:53,568 path set: 24349 paths over 17378/20000 OD pairs (86.6% of flow served), 120967 legs
2026-08-30 08:09:53,620 period evening : 24349 paths, 20000 OD pairs
2026-08-30 08:09:53,632 path enumeration: 20000 OD pairs, 636 origin zones, 3 scenarios, cap 4 paths/OD
2026-08-30 08:10:48,398 rejected 184 malformed candidate paths that failed the re-pricing check
2026-08-30 08:10:48,484 path set: 23125 paths over 17002/20000 OD pairs (85.1% of flow served), 115422 legs
2026-08-30 08:10:48,533 period owl     : 23125 paths, 20000 OD pairs
2026-08-30 08:10:48,533 locking 28 route-periods across 14 routes in classes ('peak_express',)
2026-08-30 08:10:48,575 incumbent plan is infeasible under this budget
2026-08-30 08:12:08,634 solve lambda=2.0: obj=2.9845e+06 vh=2515.7/2517.2 exchanges=0
2026-08-30 08:12:08,643 [ 88/120] splice|002|011|HIGFITN+splice|005|021|NMURBEAN k=4 lam=2.0    80s  vs no-edit: unserved  +2.410%  gc  -0.371%  (elapsed 8.1h, ~2.9h left)
2026-08-30 08:12:08,965 footpaths: 15573 links (9 from transfers.txt)
2026-08-30 08:12:08,973 raptor network: 2949 stops, 111 patterns, 15573 footpaths
2026-08-30 08:12:09,078 zones: 1397 (637 with transit access within 600 m), 3938 access links
2026-08-30 08:12:09,086 route classes: {'all_day': 21, 'peak_express': 14}
2026-08-30 08:12:09,124 evaluator pricing: common_lines=same_route (explicit)
2026-08-30 08:12:09,137 path enumeration: 20000 OD pairs, 636 origin zones, 3 scenarios, cap 4 paths/OD
2026-08-30 08:13:05,148 rejected 115 malformed candidate paths that failed the re-pricing check
2026-08-30 08:13:05,235 path set: 23956 paths over 17377/20000 OD pairs (86.6% of flow served), 117780 legs
2026-08-30 08:13:05,286 period early   : 23956 paths, 20000 OD pairs
2026-08-30 08:13:05,297 path enumeration: 20000 OD pairs, 636 origin zones, 3 scenarios, cap 4 paths/OD
2026-08-30 08:14:11,236 rejected 106 malformed candidate paths that failed the re-pricing check
2026-08-30 08:14:11,342 path set: 28849 paths over 19275/20000 OD pairs (96.2% of flow served), 142939 legs
2026-08-30 08:14:11,405 period am_peak : 28849 paths, 20000 OD pairs
2026-08-30 08:14:11,417 path enumeration: 20000 OD pairs, 636 origin zones, 3 scenarios, cap 4 paths/OD
2026-08-30 08:15:10,999 rejected 71 malformed candidate paths that failed the re-pricing check
2026-08-30 08:15:11,091 path set: 24101 paths over 17377/20000 OD pairs (86.6% of flow served), 119470 legs
2026-08-30 08:15:11,146 period midday  : 24101 paths, 20000 OD pairs
2026-08-30 08:15:11,159 path enumeration: 20000 OD pairs, 636 origin zones, 3 scenarios, cap 4 paths/OD
2026-08-30 08:16:15,712 rejected 152 malformed candidate paths that failed the re-pricing check
2026-08-30 08:16:15,817 path set: 28064 paths over 18748/20000 OD pairs (93.8% of flow served), 141229 legs
2026-08-30 08:16:15,878 period pm_peak : 28064 paths, 20000 OD pairs
2026-08-30 08:16:15,890 path enumeration: 20000 OD pairs, 636 origin zones, 3 scenarios, cap 4 paths/OD
2026-08-30 08:17:17,633 rejected 97 malformed candidate paths that failed the re-pricing check
2026-08-30 08:17:17,719 path set: 23735 paths over 17376/20000 OD pairs (86.6% of flow served), 116816 legs
2026-08-30 08:17:17,768 period evening : 23735 paths, 20000 OD pairs
2026-08-30 08:17:17,780 path enumeration: 20000 OD pairs, 636 origin zones, 3 scenarios, cap 4 paths/OD
2026-08-30 08:18:13,278 rejected 112 malformed candidate paths that failed the re-pricing check
2026-08-30 08:18:13,372 path set: 23481 paths over 17379/20000 OD pairs (86.6% of flow served), 116536 legs
2026-08-30 08:18:13,425 period owl     : 23481 paths, 20000 OD pairs
2026-08-30 08:18:13,425 locking 28 route-periods across 14 routes in classes ('peak_express',)
2026-08-30 08:18:13,471 incumbent plan is infeasible under this budget
2026-08-30 08:19:31,001 solve lambda=2.0: obj=2.98749e+06 vh=2514.5/2517.2 exchanges=0
2026-08-30 08:19:31,009 [ 89/120] splice|002|011|HIGFITN+splice|005|021|NMURBEAN k=4 lam=2.0    78s  vs no-edit: unserved  +2.527%  gc  -0.280%  (elapsed 8.2h, ~2.9h left)
2026-08-30 08:19:31,360 footpaths: 15573 links (9 from transfers.txt)
2026-08-30 08:19:31,368 raptor network: 2949 stops, 111 patterns, 15573 footpaths
2026-08-30 08:19:31,481 zones: 1397 (637 with transit access within 600 m), 3938 access links
2026-08-30 08:19:31,489 route classes: {'all_day': 21, 'peak_express': 14}
2026-08-30 08:19:31,530 evaluator pricing: common_lines=same_route (explicit)
2026-08-30 08:19:31,544 path enumeration: 20000 OD pairs, 636 origin zones, 3 scenarios, cap 4 paths/OD
2026-08-30 08:20:26,162 rejected 98 malformed candidate paths that failed the re-pricing check
2026-08-30 08:20:26,264 path set: 24555 paths over 17307/20000 OD pairs (86.3% of flow served), 120572 legs
2026-08-30 08:20:26,326 period early   : 24555 paths, 20000 OD pairs
2026-08-30 08:20:26,344 path enumeration: 20000 OD pairs, 636 origin zones, 3 scenarios, cap 4 paths/OD
2026-08-30 08:21:31,019 rejected 115 malformed candidate paths that failed the re-pricing check
2026-08-30 08:21:31,126 path set: 29490 paths over 19275/20000 OD pairs (96.2% of flow served), 146255 legs
2026-08-30 08:21:31,188 period am_peak : 29490 paths, 20000 OD pairs
2026-08-30 08:21:31,200 path enumeration: 20000 OD pairs, 636 origin zones, 3 scenarios, cap 4 paths/OD
2026-08-30 08:22:28,767 rejected 78 malformed candidate paths that failed the re-pricing check
2026-08-30 08:22:28,857 path set: 24748 paths over 17379/20000 OD pairs (86.6% of flow served), 122760 legs
2026-08-30 08:22:28,909 period midday  : 24748 paths, 20000 OD pairs
2026-08-30 08:22:28,921 path enumeration: 20000 OD pairs, 636 origin zones, 3 scenarios, cap 4 paths/OD
2026-08-30 08:23:32,775 rejected 138 malformed candidate paths that failed the re-pricing check
2026-08-30 08:23:32,887 path set: 28860 paths over 18673/20000 OD pairs (93.6% of flow served), 145187 legs
2026-08-30 08:23:32,950 period pm_peak : 28860 paths, 20000 OD pairs
2026-08-30 08:23:32,962 path enumeration: 20000 OD pairs, 636 origin zones, 3 scenarios, cap 4 paths/OD
2026-08-30 08:24:34,623 rejected 117 malformed candidate paths that failed the re-pricing check
2026-08-30 08:24:34,718 path set: 24639 paths over 17378/20000 OD pairs (86.6% of flow served), 121861 legs
2026-08-30 08:24:34,771 period evening : 24639 paths, 20000 OD pairs
2026-08-30 08:24:34,782 path enumeration: 20000 OD pairs, 636 origin zones, 3 scenarios, cap 4 paths/OD
2026-08-30 08:25:30,593 rejected 98 malformed candidate paths that failed the re-pricing check
2026-08-30 08:25:30,684 path set: 24430 paths over 17385/20000 OD pairs (86.7% of flow served), 119749 legs
2026-08-30 08:25:30,738 period owl     : 24430 paths, 20000 OD pairs
2026-08-30 08:25:30,738 locking 28 route-periods across 14 routes in classes ('peak_express',)
2026-08-30 08:25:30,781 incumbent plan is infeasible under this budget
2026-08-30 08:26:49,090 solve lambda=2.0: obj=2.98485e+06 vh=2514.5/2517.2 exchanges=0
2026-08-30 08:26:49,099 [ 90/120] splice|002|034|WESHIGW+splice|005|006|NMURBEAN k=4 lam=2.0    78s  vs no-edit: unserved  +2.207%  gc  -0.217%  (elapsed 8.3h, ~2.8h left)
2026-08-30 08:26:49,446 footpaths: 15573 links (9 from transfers.txt)
2026-08-30 08:26:49,455 raptor network: 2949 stops, 111 patterns, 15573 footpaths
2026-08-30 08:26:49,564 zones: 1397 (637 with transit access within 600 m), 3938 access links
2026-08-30 08:26:49,573 route classes: {'all_day': 21, 'peak_express': 14}
2026-08-30 08:26:49,613 evaluator pricing: common_lines=same_route (explicit)
2026-08-30 08:26:49,626 path enumeration: 20000 OD pairs, 636 origin zones, 3 scenarios, cap 4 paths/OD
2026-08-30 08:27:43,216 rejected 98 malformed candidate paths that failed the re-pricing check
2026-08-30 08:27:43,305 path set: 24395 paths over 17310/20000 OD pairs (86.3% of flow served), 119621 legs
2026-08-30 08:27:43,355 period early   : 24395 paths, 20000 OD pairs
2026-08-30 08:27:43,367 path enumeration: 20000 OD pairs, 636 origin zones, 3 scenarios, cap 4 paths/OD
2026-08-30 08:28:46,640 rejected 121 malformed candidate paths that failed the re-pricing check
2026-08-30 08:28:46,752 path set: 29145 paths over 19281/20000 OD pairs (96.2% of flow served), 144748 legs
2026-08-30 08:28:46,815 period am_peak : 29145 paths, 20000 OD pairs
2026-08-30 08:28:46,826 path enumeration: 20000 OD pairs, 636 origin zones, 3 scenarios, cap 4 paths/OD
2026-08-30 08:29:43,677 rejected 76 malformed candidate paths that failed the re-pricing check
2026-08-30 08:29:43,767 path set: 24562 paths over 17384/20000 OD pairs (86.6% of flow served), 122525 legs
2026-08-30 08:29:43,831 period midday  : 24562 paths, 20000 OD pairs
2026-08-30 08:29:43,842 path enumeration: 20000 OD pairs, 636 origin zones, 3 scenarios, cap 4 paths/OD
2026-08-30 08:30:45,261 rejected 188 malformed candidate paths that failed the re-pricing check
2026-08-30 08:30:45,370 path set: 28275 paths over 18671/20000 OD pairs (93.6% of flow served), 142488 legs
2026-08-30 08:30:45,432 period pm_peak : 28275 paths, 20000 OD pairs
2026-08-30 08:30:45,445 path enumeration: 20000 OD pairs, 636 origin zones, 3 scenarios, cap 4 paths/OD
2026-08-30 08:31:45,242 rejected 110 malformed candidate paths that failed the re-pricing check
2026-08-30 08:31:45,331 path set: 24513 paths over 17382/20000 OD pairs (86.6% of flow served), 121908 legs
2026-08-30 08:31:45,384 period evening : 24513 paths, 20000 OD pairs
2026-08-30 08:31:45,396 path enumeration: 20000 OD pairs, 636 origin zones, 3 scenarios, cap 4 paths/OD
2026-08-30 08:32:40,134 rejected 80 malformed candidate paths that failed the re-pricing check
2026-08-30 08:32:40,223 path set: 22763 paths over 17380/20000 OD pairs (86.6% of flow served), 111717 legs
2026-08-30 08:32:40,272 period owl     : 22763 paths, 20000 OD pairs
2026-08-30 08:32:40,272 locking 28 route-periods across 14 routes in classes ('peak_express',)
2026-08-30 08:32:40,314 incumbent plan is infeasible under this budget
2026-08-30 08:34:01,531 solve lambda=2.0: obj=2.98247e+06 vh=2513.3/2517.2 exchanges=0
2026-08-30 08:34:01,539 [ 91/120] splice|005|006|NMURBEAN+splice|007|101|EMO4THW k=4 lam=2.0    81s  vs no-edit: unserved  +2.036%  gc  -0.238%  (elapsed 8.4h, ~2.7h left)
2026-08-30 08:34:01,887 footpaths: 15573 links (9 from transfers.txt)
2026-08-30 08:34:01,895 raptor network: 2949 stops, 111 patterns, 15573 footpaths
2026-08-30 08:34:02,009 zones: 1397 (637 with transit access within 600 m), 3938 access links
2026-08-30 08:34:02,018 route classes: {'all_day': 21, 'peak_express': 14}
2026-08-30 08:34:02,059 evaluator pricing: common_lines=same_route (explicit)
2026-08-30 08:34:02,072 path enumeration: 20000 OD pairs, 636 origin zones, 3 scenarios, cap 4 paths/OD
2026-08-30 08:34:56,669 rejected 106 malformed candidate paths that failed the re-pricing check
2026-08-30 08:34:56,754 path set: 23995 paths over 17307/20000 OD pairs (86.3% of flow served), 117018 legs
2026-08-30 08:34:56,802 period early   : 23995 paths, 20000 OD pairs
2026-08-30 08:34:56,814 path enumeration: 20000 OD pairs, 636 origin zones, 3 scenarios, cap 4 paths/OD
2026-08-30 08:36:02,401 rejected 116 malformed candidate paths that failed the re-pricing check
2026-08-30 08:36:02,504 path set: 29032 paths over 19278/20000 OD pairs (96.2% of flow served), 143679 legs
2026-08-30 08:36:02,565 period am_peak : 29032 paths, 20000 OD pairs
2026-08-30 08:36:02,576 path enumeration: 20000 OD pairs, 636 origin zones, 3 scenarios, cap 4 paths/OD
2026-08-30 08:37:02,101 rejected 87 malformed candidate paths that failed the re-pricing check
2026-08-30 08:37:02,188 path set: 24205 paths over 17380/20000 OD pairs (86.6% of flow served), 119995 legs
2026-08-30 08:37:02,239 period midday  : 24205 paths, 20000 OD pairs
2026-08-30 08:37:02,251 path enumeration: 20000 OD pairs, 636 origin zones, 3 scenarios, cap 4 paths/OD
2026-08-30 08:38:08,451 rejected 127 malformed candidate paths that failed the re-pricing check
2026-08-30 08:38:08,560 path set: 28260 paths over 18679/20000 OD pairs (93.6% of flow served), 141722 legs
2026-08-30 08:38:08,623 period pm_peak : 28260 paths, 20000 OD pairs
2026-08-30 08:38:08,636 path enumeration: 20000 OD pairs, 636 origin zones, 3 scenarios, cap 4 paths/OD
2026-08-30 08:39:12,130 rejected 121 malformed candidate paths that failed the re-pricing check
2026-08-30 08:39:12,221 path set: 23989 paths over 17379/20000 OD pairs (86.6% of flow served), 118654 legs
2026-08-30 08:39:12,276 period evening : 23989 paths, 20000 OD pairs
2026-08-30 08:39:12,290 path enumeration: 20000 OD pairs, 636 origin zones, 3 scenarios, cap 4 paths/OD
2026-08-30 08:40:09,581 rejected 103 malformed candidate paths that failed the re-pricing check
2026-08-30 08:40:09,690 path set: 22894 paths over 17375/20000 OD pairs (86.6% of flow served), 111853 legs
2026-08-30 08:40:09,738 period owl     : 22894 paths, 20000 OD pairs
2026-08-30 08:40:09,738 locking 28 route-periods across 14 routes in classes ('peak_express',)
2026-08-30 08:40:09,789 incumbent plan is infeasible under this budget
2026-08-30 08:41:29,106 solve lambda=2.0: obj=2.98587e+06 vh=2515.5/2517.2 exchanges=0
2026-08-30 08:41:29,113 [ 92/120] splice|001|021|PICBETS+splice|005|006|NMURBEAN k=4 lam=2.0    79s  vs no-edit: unserved  +2.429%  gc  -0.307%  (elapsed 8.6h, ~2.6h left)
2026-08-30 08:41:29,454 footpaths: 15573 links (9 from transfers.txt)
2026-08-30 08:41:29,463 raptor network: 2949 stops, 111 patterns, 15573 footpaths
2026-08-30 08:41:29,581 zones: 1397 (637 with transit access within 600 m), 3938 access links
2026-08-30 08:41:29,589 route classes: {'all_day': 21, 'peak_express': 14}
2026-08-30 08:41:29,629 evaluator pricing: common_lines=same_route (explicit)
2026-08-30 08:41:29,643 path enumeration: 20000 OD pairs, 636 origin zones, 3 scenarios, cap 4 paths/OD
2026-08-30 08:42:24,825 rejected 94 malformed candidate paths that failed the re-pricing check
2026-08-30 08:42:24,920 path set: 25706 paths over 17383/20000 OD pairs (86.6% of flow served), 126584 legs
2026-08-30 08:42:24,972 period early   : 25706 paths, 20000 OD pairs
2026-08-30 08:42:24,983 path enumeration: 20000 OD pairs, 636 origin zones, 3 scenarios, cap 4 paths/OD
2026-08-30 08:43:29,664 rejected 91 malformed candidate paths that failed the re-pricing check
2026-08-30 08:43:29,767 path set: 30614 paths over 19283/20000 OD pairs (96.3% of flow served), 151974 legs
2026-08-30 08:43:29,828 period am_peak : 30614 paths, 20000 OD pairs
2026-08-30 08:43:29,840 path enumeration: 20000 OD pairs, 636 origin zones, 3 scenarios, cap 4 paths/OD
2026-08-30 08:44:27,892 rejected 86 malformed candidate paths that failed the re-pricing check
2026-08-30 08:44:27,989 path set: 25876 paths over 17385/20000 OD pairs (86.6% of flow served), 128816 legs
2026-08-30 08:44:28,046 period midday  : 25876 paths, 20000 OD pairs
2026-08-30 08:44:28,059 path enumeration: 20000 OD pairs, 636 origin zones, 3 scenarios, cap 4 paths/OD
2026-08-30 08:45:30,415 rejected 180 malformed candidate paths that failed the re-pricing check
2026-08-30 08:45:30,530 path set: 29906 paths over 18669/20000 OD pairs (93.6% of flow served), 149890 legs
2026-08-30 08:45:30,591 period pm_peak : 29906 paths, 20000 OD pairs
2026-08-30 08:45:30,603 path enumeration: 20000 OD pairs, 636 origin zones, 3 scenarios, cap 4 paths/OD
2026-08-30 08:46:30,913 rejected 78 malformed candidate paths that failed the re-pricing check
2026-08-30 08:46:31,008 path set: 25577 paths over 17382/20000 OD pairs (86.6% of flow served), 127240 legs
2026-08-30 08:46:31,062 period evening : 25577 paths, 20000 OD pairs
2026-08-30 08:46:31,073 path enumeration: 20000 OD pairs, 636 origin zones, 3 scenarios, cap 4 paths/OD
2026-08-30 08:47:25,808 rejected 172 malformed candidate paths that failed the re-pricing check
2026-08-30 08:47:25,903 path set: 24523 paths over 17008/20000 OD pairs (85.1% of flow served), 120962 legs
2026-08-30 08:47:25,955 period owl     : 24523 paths, 20000 OD pairs
2026-08-30 08:47:25,955 locking 28 route-periods across 14 routes in classes ('peak_express',)
2026-08-30 08:47:26,002 incumbent plan is infeasible under this budget
2026-08-30 08:48:46,623 solve lambda=2.0: obj=2.98603e+06 vh=2515.2/2517.2 exchanges=0
2026-08-30 08:48:46,631 [ 93/120] splice|001|021|PICBETS+splice|002|034|WESHIGW+ k=4 lam=2.0    81s  vs no-edit: unserved  +2.418%  gc  -0.291%  (elapsed 8.7h, ~2.5h left)
2026-08-30 08:48:46,977 footpaths: 15573 links (9 from transfers.txt)
2026-08-30 08:48:46,986 raptor network: 2949 stops, 111 patterns, 15573 footpaths
2026-08-30 08:48:47,097 zones: 1397 (637 with transit access within 600 m), 3938 access links
2026-08-30 08:48:47,105 route classes: {'all_day': 21, 'peak_express': 14}
2026-08-30 08:48:47,146 evaluator pricing: common_lines=same_route (explicit)
2026-08-30 08:48:47,159 path enumeration: 20000 OD pairs, 636 origin zones, 3 scenarios, cap 4 paths/OD
2026-08-30 08:49:42,400 rejected 111 malformed candidate paths that failed the re-pricing check
2026-08-30 08:49:42,488 path set: 24462 paths over 17382/20000 OD pairs (86.6% of flow served), 121151 legs
2026-08-30 08:49:42,537 period early   : 24462 paths, 20000 OD pairs
2026-08-30 08:49:42,548 path enumeration: 20000 OD pairs, 636 origin zones, 3 scenarios, cap 4 paths/OD
2026-08-30 08:50:46,170 rejected 120 malformed candidate paths that failed the re-pricing check
2026-08-30 08:50:46,277 path set: 29248 paths over 19276/20000 OD pairs (96.2% of flow served), 146332 legs
2026-08-30 08:50:46,339 period am_peak : 29248 paths, 20000 OD pairs
2026-08-30 08:50:46,351 path enumeration: 20000 OD pairs, 636 origin zones, 3 scenarios, cap 4 paths/OD
2026-08-30 08:51:44,318 rejected 85 malformed candidate paths that failed the re-pricing check
2026-08-30 08:51:44,410 path set: 24594 paths over 17383/20000 OD pairs (86.6% of flow served), 123510 legs
2026-08-30 08:51:44,464 period midday  : 24594 paths, 20000 OD pairs
2026-08-30 08:51:44,476 path enumeration: 20000 OD pairs, 636 origin zones, 3 scenarios, cap 4 paths/OD
2026-08-30 08:52:47,761 rejected 201 malformed candidate paths that failed the re-pricing check
2026-08-30 08:52:47,866 path set: 28279 paths over 18668/20000 OD pairs (93.6% of flow served), 143504 legs
2026-08-30 08:52:47,926 period pm_peak : 28279 paths, 20000 OD pairs
2026-08-30 08:52:47,938 path enumeration: 20000 OD pairs, 636 origin zones, 3 scenarios, cap 4 paths/OD
2026-08-30 08:53:48,371 rejected 121 malformed candidate paths that failed the re-pricing check
2026-08-30 08:53:48,469 path set: 24453 paths over 17381/20000 OD pairs (86.6% of flow served), 122375 legs
2026-08-30 08:53:48,525 period evening : 24453 paths, 20000 OD pairs
2026-08-30 08:53:48,537 path enumeration: 20000 OD pairs, 636 origin zones, 3 scenarios, cap 4 paths/OD
2026-08-30 08:54:44,984 rejected 90 malformed candidate paths that failed the re-pricing check
2026-08-30 08:54:45,073 path set: 23049 paths over 17384/20000 OD pairs (86.6% of flow served), 114894 legs
2026-08-30 08:54:45,124 period owl     : 23049 paths, 20000 OD pairs
2026-08-30 08:54:45,124 locking 28 route-periods across 14 routes in classes ('peak_express',)
2026-08-30 08:54:45,166 incumbent plan is infeasible under this budget
2026-08-30 08:56:14,775 solve lambda=2.0: obj=2.9895e+06 vh=2514.2/2517.2 exchanges=0
2026-08-30 08:56:14,784 [ 94/120] splice|002|011|HIGFITN+splice|005|006|NMURBEAN k=4 lam=2.0    90s  vs no-edit: unserved  +2.566%  gc  -0.193%  (elapsed 8.8h, ~2.4h left)
2026-08-30 08:56:15,104 footpaths: 15573 links (9 from transfers.txt)
2026-08-30 08:56:15,112 raptor network: 2949 stops, 111 patterns, 15573 footpaths
2026-08-30 08:56:15,219 zones: 1397 (637 with transit access within 600 m), 3938 access links
2026-08-30 08:56:15,228 route classes: {'all_day': 21, 'peak_express': 14}
2026-08-30 08:56:15,267 evaluator pricing: common_lines=same_route (explicit)
2026-08-30 08:56:15,281 path enumeration: 20000 OD pairs, 636 origin zones, 3 scenarios, cap 4 paths/OD
2026-08-30 08:57:09,897 rejected 94 malformed candidate paths that failed the re-pricing check
2026-08-30 08:57:09,987 path set: 24869 paths over 17383/20000 OD pairs (86.6% of flow served), 121379 legs
2026-08-30 08:57:10,036 period early   : 24869 paths, 20000 OD pairs
2026-08-30 08:57:10,048 path enumeration: 20000 OD pairs, 636 origin zones, 3 scenarios, cap 4 paths/OD
2026-08-30 08:58:13,308 rejected 78 malformed candidate paths that failed the re-pricing check
2026-08-30 08:58:13,415 path set: 29874 paths over 19284/20000 OD pairs (96.3% of flow served), 147643 legs
2026-08-30 08:58:13,479 period am_peak : 29874 paths, 20000 OD pairs
2026-08-30 08:58:13,491 path enumeration: 20000 OD pairs, 636 origin zones, 3 scenarios, cap 4 paths/OD
2026-08-30 08:59:12,381 rejected 64 malformed candidate paths that failed the re-pricing check
2026-08-30 08:59:12,474 path set: 25224 paths over 17383/20000 OD pairs (86.6% of flow served), 124864 legs
2026-08-30 08:59:12,528 period midday  : 25224 paths, 20000 OD pairs
2026-08-30 08:59:12,539 path enumeration: 20000 OD pairs, 636 origin zones, 3 scenarios, cap 4 paths/OD
2026-08-30 09:00:15,566 rejected 176 malformed candidate paths that failed the re-pricing check
2026-08-30 09:00:15,679 path set: 29035 paths over 18685/20000 OD pairs (93.6% of flow served), 145210 legs
2026-08-30 09:00:15,742 period pm_peak : 29035 paths, 20000 OD pairs
2026-08-30 09:00:15,754 path enumeration: 20000 OD pairs, 636 origin zones, 3 scenarios, cap 4 paths/OD
2026-08-30 09:01:16,490 rejected 88 malformed candidate paths that failed the re-pricing check
2026-08-30 09:01:16,583 path set: 25292 paths over 17381/20000 OD pairs (86.6% of flow served), 124848 legs
2026-08-30 09:01:16,634 period evening : 25292 paths, 20000 OD pairs
2026-08-30 09:01:16,645 path enumeration: 20000 OD pairs, 636 origin zones, 3 scenarios, cap 4 paths/OD
2026-08-30 09:02:12,704 rejected 91 malformed candidate paths that failed the re-pricing check
2026-08-30 09:02:12,797 path set: 23765 paths over 17382/20000 OD pairs (86.6% of flow served), 117509 legs
2026-08-30 09:02:12,852 period owl     : 23765 paths, 20000 OD pairs
2026-08-30 09:02:12,852 locking 28 route-periods across 14 routes in classes ('peak_express',)
2026-08-30 09:02:12,897 incumbent plan is infeasible under this budget
2026-08-30 09:03:44,035 solve lambda=2.0: obj=2.99495e+06 vh=2514.0/2517.2 exchanges=0
2026-08-30 09:03:44,044 [ 95/120] splice|002|033|WESHIGW+splice|005|006|NMURBEAN k=4 lam=2.0    91s  vs no-edit: unserved  +3.767%  gc  -0.680%  (elapsed 8.9h, ~2.4h left)
2026-08-30 09:03:44,415 footpaths: 15573 links (9 from transfers.txt)
2026-08-30 09:03:44,423 raptor network: 2949 stops, 111 patterns, 15573 footpaths
2026-08-30 09:03:44,534 zones: 1397 (637 with transit access within 600 m), 3938 access links
2026-08-30 09:03:44,543 route classes: {'all_day': 21, 'peak_express': 14}
2026-08-30 09:03:44,582 evaluator pricing: common_lines=same_route (explicit)
2026-08-30 09:03:44,596 path enumeration: 20000 OD pairs, 636 origin zones, 3 scenarios, cap 4 paths/OD
2026-08-30 09:04:39,448 rejected 85 malformed candidate paths that failed the re-pricing check
2026-08-30 09:04:39,537 path set: 24910 paths over 17383/20000 OD pairs (86.6% of flow served), 121075 legs
2026-08-30 09:04:39,588 period early   : 24910 paths, 20000 OD pairs
2026-08-30 09:04:39,601 path enumeration: 20000 OD pairs, 636 origin zones, 3 scenarios, cap 4 paths/OD
2026-08-30 09:05:44,597 rejected 94 malformed candidate paths that failed the re-pricing check
2026-08-30 09:05:44,709 path set: 30246 paths over 19289/20000 OD pairs (96.3% of flow served), 149833 legs
2026-08-30 09:05:44,775 period am_peak : 30246 paths, 20000 OD pairs
2026-08-30 09:05:44,787 path enumeration: 20000 OD pairs, 636 origin zones, 3 scenarios, cap 4 paths/OD
2026-08-30 09:06:43,453 rejected 86 malformed candidate paths that failed the re-pricing check
2026-08-30 09:06:43,543 path set: 25240 paths over 17385/20000 OD pairs (86.6% of flow served), 124645 legs
2026-08-30 09:06:43,597 period midday  : 25240 paths, 20000 OD pairs
2026-08-30 09:06:43,608 path enumeration: 20000 OD pairs, 636 origin zones, 3 scenarios, cap 4 paths/OD
2026-08-30 09:07:45,898 rejected 189 malformed candidate paths that failed the re-pricing check
2026-08-30 09:07:46,008 path set: 29392 paths over 18684/20000 OD pairs (93.6% of flow served), 146260 legs
2026-08-30 09:07:46,070 period pm_peak : 29392 paths, 20000 OD pairs
2026-08-30 09:07:46,082 path enumeration: 20000 OD pairs, 636 origin zones, 3 scenarios, cap 4 paths/OD
2026-08-30 09:08:46,910 rejected 79 malformed candidate paths that failed the re-pricing check
2026-08-30 09:08:47,004 path set: 25179 paths over 17382/20000 OD pairs (86.6% of flow served), 124500 legs
2026-08-30 09:08:47,063 period evening : 25179 paths, 20000 OD pairs
2026-08-30 09:08:47,075 path enumeration: 20000 OD pairs, 636 origin zones, 3 scenarios, cap 4 paths/OD
2026-08-30 09:09:44,940 rejected 144 malformed candidate paths that failed the re-pricing check
2026-08-30 09:09:45,026 path set: 23376 paths over 17008/20000 OD pairs (85.1% of flow served), 115355 legs
2026-08-30 09:09:45,079 period owl     : 23376 paths, 20000 OD pairs
2026-08-30 09:09:45,079 locking 28 route-periods across 14 routes in classes ('peak_express',)
2026-08-30 09:09:45,121 incumbent plan is infeasible under this budget
2026-08-30 09:11:00,737 solve lambda=2.0: obj=2.9935e+06 vh=2515.0/2517.2 exchanges=0
2026-08-30 09:11:00,745 [ 96/120] splice|001|021|PICBETS+splice|002|033|WESHIGW+ k=4 lam=2.0    76s  vs no-edit: unserved  +4.041%  gc  -0.943%  (elapsed 9.1h, ~2.3h left)
2026-08-30 09:11:01,092 footpaths: 15573 links (9 from transfers.txt)
2026-08-30 09:11:01,100 raptor network: 2949 stops, 111 patterns, 15573 footpaths
2026-08-30 09:11:01,208 zones: 1397 (637 with transit access within 600 m), 3938 access links
2026-08-30 09:11:01,217 route classes: {'all_day': 21, 'peak_express': 14}
2026-08-30 09:11:01,260 evaluator pricing: common_lines=same_route (explicit)
2026-08-30 09:11:01,274 path enumeration: 20000 OD pairs, 636 origin zones, 3 scenarios, cap 4 paths/OD
2026-08-30 09:11:57,231 rejected 89 malformed candidate paths that failed the re-pricing check
2026-08-30 09:11:57,320 path set: 24420 paths over 17379/20000 OD pairs (86.6% of flow served), 118350 legs
2026-08-30 09:11:57,375 period early   : 24420 paths, 20000 OD pairs
2026-08-30 09:11:57,387 path enumeration: 20000 OD pairs, 636 origin zones, 3 scenarios, cap 4 paths/OD
2026-08-30 09:13:03,330 rejected 86 malformed candidate paths that failed the re-pricing check
2026-08-30 09:13:03,442 path set: 29734 paths over 19282/20000 OD pairs (96.2% of flow served), 146434 legs
2026-08-30 09:13:03,524 period am_peak : 29734 paths, 20000 OD pairs
2026-08-30 09:13:03,536 path enumeration: 20000 OD pairs, 636 origin zones, 3 scenarios, cap 4 paths/OD
2026-08-30 09:14:02,104 rejected 67 malformed candidate paths that failed the re-pricing check
2026-08-30 09:14:02,196 path set: 24754 paths over 17380/20000 OD pairs (86.6% of flow served), 121479 legs
2026-08-30 09:14:02,249 period midday  : 24754 paths, 20000 OD pairs
2026-08-30 09:14:02,262 path enumeration: 20000 OD pairs, 636 origin zones, 3 scenarios, cap 4 paths/OD
2026-08-30 09:15:05,529 rejected 116 malformed candidate paths that failed the re-pricing check
2026-08-30 09:15:05,636 path set: 29006 paths over 18693/20000 OD pairs (93.6% of flow served), 144046 legs
2026-08-30 09:15:05,702 period pm_peak : 29006 paths, 20000 OD pairs
2026-08-30 09:15:05,715 path enumeration: 20000 OD pairs, 636 origin zones, 3 scenarios, cap 4 paths/OD
2026-08-30 09:16:06,736 rejected 84 malformed candidate paths that failed the re-pricing check
2026-08-30 09:16:06,826 path set: 24723 paths over 17379/20000 OD pairs (86.6% of flow served), 121137 legs
2026-08-30 09:16:06,877 period evening : 24723 paths, 20000 OD pairs
2026-08-30 09:16:06,889 path enumeration: 20000 OD pairs, 636 origin zones, 3 scenarios, cap 4 paths/OD
2026-08-30 09:17:03,509 rejected 83 malformed candidate paths that failed the re-pricing check
2026-08-30 09:17:03,597 path set: 23784 paths over 17384/20000 OD pairs (86.6% of flow served), 116853 legs
2026-08-30 09:17:03,647 period owl     : 23784 paths, 20000 OD pairs
2026-08-30 09:17:03,647 locking 28 route-periods across 14 routes in classes ('peak_express',)
2026-08-30 09:17:03,690 incumbent plan is infeasible under this budget
2026-08-30 09:18:22,446 solve lambda=2.0: obj=2.99784e+06 vh=2513.9/2517.2 exchanges=0
2026-08-30 09:18:22,453 [ 97/120] splice|001|021|PICBETS+splice|002|033|WESHIGW+ k=4 lam=2.0    79s  vs no-edit: unserved  +4.060%  gc  -0.712%  (elapsed 9.2h, ~2.2h left)
2026-08-30 09:18:22,804 footpaths: 15573 links (9 from transfers.txt)
2026-08-30 09:18:22,813 raptor network: 2949 stops, 111 patterns, 15573 footpaths
2026-08-30 09:18:22,922 zones: 1397 (637 with transit access within 600 m), 3938 access links
2026-08-30 09:18:22,931 route classes: {'all_day': 21, 'peak_express': 14}
2026-08-30 09:18:22,971 evaluator pricing: common_lines=same_route (explicit)
2026-08-30 09:18:22,984 path enumeration: 20000 OD pairs, 636 origin zones, 3 scenarios, cap 4 paths/OD
2026-08-30 09:19:16,556 rejected 117 malformed candidate paths that failed the re-pricing check
2026-08-30 09:19:16,645 path set: 24600 paths over 17307/20000 OD pairs (86.3% of flow served), 120835 legs
2026-08-30 09:19:16,699 period early   : 24600 paths, 20000 OD pairs
2026-08-30 09:19:16,711 path enumeration: 20000 OD pairs, 636 origin zones, 3 scenarios, cap 4 paths/OD
2026-08-30 09:20:20,856 rejected 117 malformed candidate paths that failed the re-pricing check
2026-08-30 09:20:20,961 path set: 29265 paths over 19273/20000 OD pairs (96.2% of flow served), 144476 legs
2026-08-30 09:20:21,021 period am_peak : 29265 paths, 20000 OD pairs
2026-08-30 09:20:21,034 path enumeration: 20000 OD pairs, 636 origin zones, 3 scenarios, cap 4 paths/OD
2026-08-30 09:21:19,644 rejected 85 malformed candidate paths that failed the re-pricing check
2026-08-30 09:21:19,734 path set: 24805 paths over 17374/20000 OD pairs (86.6% of flow served), 122749 legs
2026-08-30 09:21:19,786 period midday  : 24805 paths, 20000 OD pairs
2026-08-30 09:21:19,799 path enumeration: 20000 OD pairs, 636 origin zones, 3 scenarios, cap 4 paths/OD
2026-08-30 09:22:22,451 rejected 150 malformed candidate paths that failed the re-pricing check
2026-08-30 09:22:22,563 path set: 28800 paths over 18678/20000 OD pairs (93.6% of flow served), 144431 legs
2026-08-30 09:22:22,625 period pm_peak : 28800 paths, 20000 OD pairs
2026-08-30 09:22:22,636 path enumeration: 20000 OD pairs, 636 origin zones, 3 scenarios, cap 4 paths/OD
2026-08-30 09:23:22,450 rejected 114 malformed candidate paths that failed the re-pricing check
2026-08-30 09:23:22,545 path set: 24529 paths over 17372/20000 OD pairs (86.6% of flow served), 120709 legs
2026-08-30 09:23:22,597 period evening : 24529 paths, 20000 OD pairs
2026-08-30 09:23:22,609 path enumeration: 20000 OD pairs, 636 origin zones, 3 scenarios, cap 4 paths/OD
2026-08-30 09:24:17,653 rejected 138 malformed candidate paths that failed the re-pricing check
2026-08-30 09:24:17,740 path set: 24420 paths over 17383/20000 OD pairs (86.6% of flow served), 119462 legs
2026-08-30 09:24:17,790 period owl     : 24420 paths, 20000 OD pairs
2026-08-30 09:24:17,790 locking 28 route-periods across 14 routes in classes ('peak_express',)
2026-08-30 09:24:17,832 incumbent plan is infeasible under this budget
2026-08-30 09:25:38,653 solve lambda=2.0: obj=2.98256e+06 vh=2514.3/2517.2 exchanges=1
2026-08-30 09:25:38,662 [ 98/120] splice|002|034|WESHIGW+splice|006|021|NMURBEAN k=4 lam=2.0    81s  vs no-edit: unserved  +2.090%  gc  -0.268%  (elapsed 9.3h, ~2.1h left)
2026-08-30 09:25:39,019 footpaths: 15573 links (9 from transfers.txt)
2026-08-30 09:25:39,027 raptor network: 2949 stops, 111 patterns, 15573 footpaths
2026-08-30 09:25:39,135 zones: 1397 (637 with transit access within 600 m), 3938 access links
2026-08-30 09:25:39,143 route classes: {'all_day': 21, 'peak_express': 14}
2026-08-30 09:25:39,183 evaluator pricing: common_lines=same_route (explicit)
2026-08-30 09:25:39,200 path enumeration: 20000 OD pairs, 636 origin zones, 3 scenarios, cap 4 paths/OD
2026-08-30 09:26:34,360 rejected 109 malformed candidate paths that failed the re-pricing check
2026-08-30 09:26:34,447 path set: 25181 paths over 17307/20000 OD pairs (86.3% of flow served), 123888 legs
2026-08-30 09:26:34,497 period early   : 25181 paths, 20000 OD pairs
2026-08-30 09:26:34,508 path enumeration: 20000 OD pairs, 636 origin zones, 3 scenarios, cap 4 paths/OD
2026-08-30 09:27:37,732 rejected 81 malformed candidate paths that failed the re-pricing check
2026-08-30 09:27:37,838 path set: 29540 paths over 19280/20000 OD pairs (96.2% of flow served), 146982 legs
2026-08-30 09:27:37,901 period am_peak : 29540 paths, 20000 OD pairs
2026-08-30 09:27:37,914 path enumeration: 20000 OD pairs, 636 origin zones, 3 scenarios, cap 4 paths/OD
2026-08-30 09:28:36,194 rejected 51 malformed candidate paths that failed the re-pricing check
2026-08-30 09:28:36,294 path set: 25074 paths over 17382/20000 OD pairs (86.6% of flow served), 125410 legs
2026-08-30 09:28:36,351 period midday  : 25074 paths, 20000 OD pairs
2026-08-30 09:28:36,363 path enumeration: 20000 OD pairs, 636 origin zones, 3 scenarios, cap 4 paths/OD
2026-08-30 09:29:38,651 rejected 162 malformed candidate paths that failed the re-pricing check
2026-08-30 09:29:38,765 path set: 28885 paths over 18671/20000 OD pairs (93.6% of flow served), 145885 legs
2026-08-30 09:29:38,828 period pm_peak : 28885 paths, 20000 OD pairs
2026-08-30 09:29:38,840 path enumeration: 20000 OD pairs, 636 origin zones, 3 scenarios, cap 4 paths/OD
2026-08-30 09:30:39,545 rejected 75 malformed candidate paths that failed the re-pricing check
2026-08-30 09:30:39,642 path set: 25096 paths over 17381/20000 OD pairs (86.6% of flow served), 125006 legs
2026-08-30 09:30:39,695 period evening : 25096 paths, 20000 OD pairs
2026-08-30 09:30:39,707 path enumeration: 20000 OD pairs, 636 origin zones, 3 scenarios, cap 4 paths/OD
2026-08-30 09:31:35,519 rejected 88 malformed candidate paths that failed the re-pricing check
2026-08-30 09:31:35,612 path set: 24593 paths over 17385/20000 OD pairs (86.6% of flow served), 121825 legs
2026-08-30 09:31:35,665 period owl     : 24593 paths, 20000 OD pairs
2026-08-30 09:31:35,665 locking 28 route-periods across 14 routes in classes ('peak_express',)
2026-08-30 09:31:35,709 incumbent plan is infeasible under this budget
2026-08-30 09:33:00,294 solve lambda=2.0: obj=2.98292e+06 vh=2512.3/2517.2 exchanges=0
2026-08-30 09:33:00,303 [ 99/120] splice|002|034|WESHIGW+splice|007|101|EMO4THW+ k=4 lam=2.0    85s  vs no-edit: unserved  +2.175%  gc  -0.304%  (elapsed 9.4h, ~2.0h left)
2026-08-30 09:33:00,642 footpaths: 15573 links (9 from transfers.txt)
2026-08-30 09:33:00,650 raptor network: 2949 stops, 111 patterns, 15573 footpaths
2026-08-30 09:33:00,753 zones: 1397 (637 with transit access within 600 m), 3938 access links
2026-08-30 09:33:00,762 route classes: {'all_day': 21, 'peak_express': 14}
2026-08-30 09:33:00,800 evaluator pricing: common_lines=same_route (explicit)
2026-08-30 09:33:00,813 path enumeration: 20000 OD pairs, 636 origin zones, 3 scenarios, cap 4 paths/OD
2026-08-30 09:33:53,842 rejected 98 malformed candidate paths that failed the re-pricing check
2026-08-30 09:33:53,931 path set: 24852 paths over 17307/20000 OD pairs (86.3% of flow served), 122373 legs
2026-08-30 09:33:53,982 period early   : 24852 paths, 20000 OD pairs
2026-08-30 09:33:53,994 path enumeration: 20000 OD pairs, 636 origin zones, 3 scenarios, cap 4 paths/OD
2026-08-30 09:34:58,571 rejected 109 malformed candidate paths that failed the re-pricing check
2026-08-30 09:34:58,681 path set: 29666 paths over 19288/20000 OD pairs (96.3% of flow served), 147915 legs
2026-08-30 09:34:58,744 period am_peak : 29666 paths, 20000 OD pairs
2026-08-30 09:34:58,756 path enumeration: 20000 OD pairs, 636 origin zones, 3 scenarios, cap 4 paths/OD
2026-08-30 09:35:56,497 rejected 72 malformed candidate paths that failed the re-pricing check
2026-08-30 09:35:56,591 path set: 25019 paths over 17384/20000 OD pairs (86.6% of flow served), 124835 legs
2026-08-30 09:35:56,645 period midday  : 25019 paths, 20000 OD pairs
2026-08-30 09:35:56,656 path enumeration: 20000 OD pairs, 636 origin zones, 3 scenarios, cap 4 paths/OD
2026-08-30 09:36:58,545 rejected 181 malformed candidate paths that failed the re-pricing check
2026-08-30 09:36:58,664 path set: 29131 paths over 18731/20000 OD pairs (93.8% of flow served), 146987 legs
2026-08-30 09:36:58,726 period pm_peak : 29131 paths, 20000 OD pairs
2026-08-30 09:36:58,738 path enumeration: 20000 OD pairs, 636 origin zones, 3 scenarios, cap 4 paths/OD
2026-08-30 09:38:00,170 rejected 97 malformed candidate paths that failed the re-pricing check
2026-08-30 09:38:00,268 path set: 24927 paths over 17381/20000 OD pairs (86.6% of flow served), 124110 legs
2026-08-30 09:38:00,323 period evening : 24927 paths, 20000 OD pairs
2026-08-30 09:38:00,335 path enumeration: 20000 OD pairs, 636 origin zones, 3 scenarios, cap 4 paths/OD
2026-08-30 09:38:54,887 rejected 154 malformed candidate paths that failed the re-pricing check
2026-08-30 09:38:54,976 path set: 24007 paths over 17007/20000 OD pairs (85.1% of flow served), 118667 legs
2026-08-30 09:38:55,026 period owl     : 24007 paths, 20000 OD pairs
2026-08-30 09:38:55,026 locking 28 route-periods across 14 routes in classes ('peak_express',)
2026-08-30 09:38:55,069 incumbent plan is infeasible under this budget
2026-08-30 09:40:11,881 solve lambda=2.0: obj=2.98252e+06 vh=2513.6/2517.2 exchanges=0
2026-08-30 09:40:11,890 [100/120] splice|002|034|WESHIGW+splice|005|021|NMURBEAN k=4 lam=2.0    77s  vs no-edit: unserved  +2.269%  gc  -0.389%  (elapsed 9.5h, ~1.9h left)
2026-08-30 09:40:12,232 footpaths: 15573 links (9 from transfers.txt)
2026-08-30 09:40:12,240 raptor network: 2949 stops, 111 patterns, 15573 footpaths
2026-08-30 09:40:12,348 zones: 1397 (637 with transit access within 600 m), 3938 access links
2026-08-30 09:40:12,357 route classes: {'all_day': 21, 'peak_express': 14}
2026-08-30 09:40:12,397 evaluator pricing: common_lines=same_route (explicit)
2026-08-30 09:40:12,410 path enumeration: 20000 OD pairs, 636 origin zones, 3 scenarios, cap 4 paths/OD
2026-08-30 09:41:04,867 rejected 108 malformed candidate paths that failed the re-pricing check
2026-08-30 09:41:04,953 path set: 24498 paths over 17306/20000 OD pairs (86.3% of flow served), 120320 legs
2026-08-30 09:41:05,002 period early   : 24498 paths, 20000 OD pairs
2026-08-30 09:41:05,013 path enumeration: 20000 OD pairs, 636 origin zones, 3 scenarios, cap 4 paths/OD
2026-08-30 09:42:07,946 rejected 94 malformed candidate paths that failed the re-pricing check
2026-08-30 09:42:08,053 path set: 29106 paths over 19281/20000 OD pairs (96.2% of flow served), 144213 legs
2026-08-30 09:42:08,114 period am_peak : 29106 paths, 20000 OD pairs
2026-08-30 09:42:08,126 path enumeration: 20000 OD pairs, 636 origin zones, 3 scenarios, cap 4 paths/OD
2026-08-30 09:43:07,432 rejected 61 malformed candidate paths that failed the re-pricing check
2026-08-30 09:43:07,524 path set: 24454 paths over 17379/20000 OD pairs (86.6% of flow served), 121160 legs
2026-08-30 09:43:07,579 period midday  : 24454 paths, 20000 OD pairs
2026-08-30 09:43:07,591 path enumeration: 20000 OD pairs, 636 origin zones, 3 scenarios, cap 4 paths/OD
2026-08-30 09:44:10,395 rejected 131 malformed candidate paths that failed the re-pricing check
2026-08-30 09:44:10,506 path set: 28674 paths over 18737/20000 OD pairs (93.8% of flow served), 144332 legs
2026-08-30 09:44:10,566 period pm_peak : 28674 paths, 20000 OD pairs
2026-08-30 09:44:10,578 path enumeration: 20000 OD pairs, 636 origin zones, 3 scenarios, cap 4 paths/OD
2026-08-30 09:45:10,148 rejected 90 malformed candidate paths that failed the re-pricing check
2026-08-30 09:45:10,237 path set: 24377 paths over 17378/20000 OD pairs (86.6% of flow served), 120305 legs
2026-08-30 09:45:10,290 period evening : 24377 paths, 20000 OD pairs
2026-08-30 09:45:10,303 path enumeration: 20000 OD pairs, 636 origin zones, 3 scenarios, cap 4 paths/OD
2026-08-30 09:46:03,006 rejected 99 malformed candidate paths that failed the re-pricing check
2026-08-30 09:46:03,097 path set: 24446 paths over 17384/20000 OD pairs (86.6% of flow served), 120130 legs
2026-08-30 09:46:03,149 period owl     : 24446 paths, 20000 OD pairs
2026-08-30 09:46:03,149 locking 28 route-periods across 14 routes in classes ('peak_express',)
2026-08-30 09:46:03,190 incumbent plan is infeasible under this budget
2026-08-30 09:47:16,078 solve lambda=2.0: obj=2.98596e+06 vh=2514.7/2517.2 exchanges=0
2026-08-30 09:47:16,086 [101/120] splice|002|034|WESHIGW+splice|005|021|NMURBEAN k=4 lam=2.0    73s  vs no-edit: unserved  +2.397%  gc  -0.280%  (elapsed 9.7h, ~1.8h left)
2026-08-30 09:47:16,435 footpaths: 15573 links (9 from transfers.txt)
2026-08-30 09:47:16,443 raptor network: 2949 stops, 111 patterns, 15573 footpaths
2026-08-30 09:47:16,556 zones: 1397 (637 with transit access within 600 m), 3938 access links
2026-08-30 09:47:16,564 route classes: {'all_day': 21, 'peak_express': 14}
2026-08-30 09:47:16,603 evaluator pricing: common_lines=same_route (explicit)
2026-08-30 09:47:16,616 path enumeration: 20000 OD pairs, 636 origin zones, 3 scenarios, cap 4 paths/OD
2026-08-30 09:48:10,241 rejected 110 malformed candidate paths that failed the re-pricing check
2026-08-30 09:48:10,330 path set: 24343 paths over 17309/20000 OD pairs (86.3% of flow served), 119387 legs
2026-08-30 09:48:10,382 period early   : 24343 paths, 20000 OD pairs
2026-08-30 09:48:10,394 path enumeration: 20000 OD pairs, 636 origin zones, 3 scenarios, cap 4 paths/OD
2026-08-30 09:49:13,564 rejected 101 malformed candidate paths that failed the re-pricing check
2026-08-30 09:49:13,667 path set: 28774 paths over 19287/20000 OD pairs (96.3% of flow served), 142761 legs
2026-08-30 09:49:13,726 period am_peak : 28774 paths, 20000 OD pairs
2026-08-30 09:49:13,737 path enumeration: 20000 OD pairs, 636 origin zones, 3 scenarios, cap 4 paths/OD
2026-08-30 09:50:10,441 rejected 59 malformed candidate paths that failed the re-pricing check
2026-08-30 09:50:10,529 path set: 24327 paths over 17384/20000 OD pairs (86.6% of flow served), 121187 legs
2026-08-30 09:50:10,580 period midday  : 24327 paths, 20000 OD pairs
2026-08-30 09:50:10,591 path enumeration: 20000 OD pairs, 636 origin zones, 3 scenarios, cap 4 paths/OD
2026-08-30 09:51:12,386 rejected 174 malformed candidate paths that failed the re-pricing check
2026-08-30 09:51:12,496 path set: 28172 paths over 18735/20000 OD pairs (93.8% of flow served), 142091 legs
2026-08-30 09:51:12,558 period pm_peak : 28172 paths, 20000 OD pairs
2026-08-30 09:51:12,570 path enumeration: 20000 OD pairs, 636 origin zones, 3 scenarios, cap 4 paths/OD
2026-08-30 09:52:12,602 rejected 79 malformed candidate paths that failed the re-pricing check
2026-08-30 09:52:12,695 path set: 24301 paths over 17383/20000 OD pairs (86.6% of flow served), 120497 legs
2026-08-30 09:52:12,748 period evening : 24301 paths, 20000 OD pairs
2026-08-30 09:52:12,759 path enumeration: 20000 OD pairs, 636 origin zones, 3 scenarios, cap 4 paths/OD
2026-08-30 09:53:06,028 rejected 77 malformed candidate paths that failed the re-pricing check
2026-08-30 09:53:06,107 path set: 22786 paths over 17380/20000 OD pairs (86.6% of flow served), 112242 legs
2026-08-30 09:53:06,152 period owl     : 22786 paths, 20000 OD pairs
2026-08-30 09:53:06,152 locking 28 route-periods across 14 routes in classes ('peak_express',)
2026-08-30 09:53:06,193 incumbent plan is infeasible under this budget
2026-08-30 09:54:23,321 solve lambda=2.0: obj=2.98316e+06 vh=2514.7/2517.2 exchanges=0
2026-08-30 09:54:23,328 [102/120] splice|005|021|NMURBEAN+splice|007|101|EMO4THW k=4 lam=2.0    77s  vs no-edit: unserved  +2.421%  gc  -0.453%  (elapsed 9.8h, ~1.7h left)
2026-08-30 09:54:23,678 footpaths: 15573 links (9 from transfers.txt)
2026-08-30 09:54:23,687 raptor network: 2949 stops, 111 patterns, 15573 footpaths
2026-08-30 09:54:23,794 zones: 1397 (637 with transit access within 600 m), 3938 access links
2026-08-30 09:54:23,803 route classes: {'all_day': 21, 'peak_express': 14}
2026-08-30 09:54:23,843 evaluator pricing: common_lines=same_route (explicit)
2026-08-30 09:54:23,856 path enumeration: 20000 OD pairs, 636 origin zones, 3 scenarios, cap 4 paths/OD
2026-08-30 09:55:17,761 rejected 132 malformed candidate paths that failed the re-pricing check
2026-08-30 09:55:17,849 path set: 24495 paths over 17381/20000 OD pairs (86.6% of flow served), 121292 legs
2026-08-30 09:55:17,901 period early   : 24495 paths, 20000 OD pairs
2026-08-30 09:55:17,913 path enumeration: 20000 OD pairs, 636 origin zones, 3 scenarios, cap 4 paths/OD
2026-08-30 09:56:20,561 rejected 131 malformed candidate paths that failed the re-pricing check
2026-08-30 09:56:20,667 path set: 28999 paths over 19271/20000 OD pairs (96.2% of flow served), 144397 legs
2026-08-30 09:56:20,725 period am_peak : 28999 paths, 20000 OD pairs
2026-08-30 09:56:20,737 path enumeration: 20000 OD pairs, 636 origin zones, 3 scenarios, cap 4 paths/OD
2026-08-30 09:57:17,160 rejected 95 malformed candidate paths that failed the re-pricing check
2026-08-30 09:57:17,244 path set: 24701 paths over 17378/20000 OD pairs (86.6% of flow served), 123775 legs
2026-08-30 09:57:17,293 period midday  : 24701 paths, 20000 OD pairs
2026-08-30 09:57:17,304 path enumeration: 20000 OD pairs, 636 origin zones, 3 scenarios, cap 4 paths/OD
2026-08-30 09:58:18,580 rejected 209 malformed candidate paths that failed the re-pricing check
2026-08-30 09:58:18,696 path set: 28264 paths over 18673/20000 OD pairs (93.6% of flow served), 142959 legs
2026-08-30 09:58:18,758 period pm_peak : 28264 paths, 20000 OD pairs
2026-08-30 09:58:18,770 path enumeration: 20000 OD pairs, 636 origin zones, 3 scenarios, cap 4 paths/OD
2026-08-30 09:59:17,235 rejected 117 malformed candidate paths that failed the re-pricing check
2026-08-30 09:59:17,323 path set: 24313 paths over 17376/20000 OD pairs (86.6% of flow served), 121055 legs
2026-08-30 09:59:17,376 period evening : 24313 paths, 20000 OD pairs
2026-08-30 09:59:17,388 path enumeration: 20000 OD pairs, 636 origin zones, 3 scenarios, cap 4 paths/OD
2026-08-30 10:00:11,558 rejected 141 malformed candidate paths that failed the re-pricing check
2026-08-30 10:00:11,645 path set: 23027 paths over 17384/20000 OD pairs (86.6% of flow served), 114689 legs
2026-08-30 10:00:11,695 period owl     : 23027 paths, 20000 OD pairs
2026-08-30 10:00:11,695 locking 28 route-periods across 14 routes in classes ('peak_express',)
2026-08-30 10:00:11,737 incumbent plan is infeasible under this budget
2026-08-30 10:01:37,193 solve lambda=2.0: obj=2.98622e+06 vh=2514.5/2517.2 exchanges=0
2026-08-30 10:01:37,201 [103/120] splice|002|011|HIGFITN+splice|006|021|NMURBEAN k=4 lam=2.0    85s  vs no-edit: unserved  +2.650%  gc  -0.433%  (elapsed 9.9h, ~1.6h left)
2026-08-30 10:01:37,588 footpaths: 15573 links (9 from transfers.txt)
2026-08-30 10:01:37,597 raptor network: 2949 stops, 111 patterns, 15573 footpaths
2026-08-30 10:01:37,716 zones: 1397 (637 with transit access within 600 m), 3938 access links
2026-08-30 10:01:37,726 route classes: {'all_day': 21, 'peak_express': 14}
2026-08-30 10:01:37,767 evaluator pricing: common_lines=same_route (explicit)
2026-08-30 10:01:37,781 path enumeration: 20000 OD pairs, 636 origin zones, 3 scenarios, cap 4 paths/OD
2026-08-30 10:02:33,399 rejected 104 malformed candidate paths that failed the re-pricing check
2026-08-30 10:02:33,494 path set: 25919 paths over 17380/20000 OD pairs (86.6% of flow served), 127471 legs
2026-08-30 10:02:33,549 period early   : 25919 paths, 20000 OD pairs
2026-08-30 10:02:33,561 path enumeration: 20000 OD pairs, 636 origin zones, 3 scenarios, cap 4 paths/OD
2026-08-30 10:03:38,095 rejected 47 malformed candidate paths that failed the re-pricing check
2026-08-30 10:03:38,206 path set: 30188 paths over 19281/20000 OD pairs (96.2% of flow served), 149320 legs
2026-08-30 10:03:38,272 period am_peak : 30188 paths, 20000 OD pairs
2026-08-30 10:03:38,284 path enumeration: 20000 OD pairs, 636 origin zones, 3 scenarios, cap 4 paths/OD
2026-08-30 10:04:35,846 rejected 49 malformed candidate paths that failed the re-pricing check
2026-08-30 10:04:35,937 path set: 25724 paths over 17382/20000 OD pairs (86.6% of flow served), 128104 legs
2026-08-30 10:04:35,992 period midday  : 25724 paths, 20000 OD pairs
2026-08-30 10:04:36,003 path enumeration: 20000 OD pairs, 636 origin zones, 3 scenarios, cap 4 paths/OD
2026-08-30 10:05:38,180 rejected 148 malformed candidate paths that failed the re-pricing check
2026-08-30 10:05:38,290 path set: 29576 paths over 18672/20000 OD pairs (93.6% of flow served), 148385 legs
2026-08-30 10:05:38,354 period pm_peak : 29576 paths, 20000 OD pairs
2026-08-30 10:05:38,366 path enumeration: 20000 OD pairs, 636 origin zones, 3 scenarios, cap 4 paths/OD
2026-08-30 10:06:38,861 rejected 50 malformed candidate paths that failed the re-pricing check
2026-08-30 10:06:38,963 path set: 25587 paths over 17381/20000 OD pairs (86.6% of flow served), 126973 legs
2026-08-30 10:06:39,019 period evening : 25587 paths, 20000 OD pairs
2026-08-30 10:06:39,031 path enumeration: 20000 OD pairs, 636 origin zones, 3 scenarios, cap 4 paths/OD
2026-08-30 10:07:36,177 rejected 96 malformed candidate paths that failed the re-pricing check
2026-08-30 10:07:36,282 path set: 25254 paths over 17385/20000 OD pairs (86.7% of flow served), 125331 legs
2026-08-30 10:07:36,342 period owl     : 25254 paths, 20000 OD pairs
2026-08-30 10:07:36,342 locking 28 route-periods across 14 routes in classes ('peak_express',)
2026-08-30 10:07:36,387 incumbent plan is infeasible under this budget
2026-08-30 10:08:56,701 solve lambda=2.0: obj=2.98895e+06 vh=2514.9/2517.2 exchanges=0
2026-08-30 10:08:56,709 [104/120] splice|001|021|PICBETS+splice|002|034|WESHIGW+ k=4 lam=2.0    80s  vs no-edit: unserved  +2.946%  gc  -0.475%  (elapsed 10.0h, ~1.5h left)
2026-08-30 10:08:57,097 footpaths: 15573 links (9 from transfers.txt)
2026-08-30 10:08:57,106 raptor network: 2949 stops, 111 patterns, 15573 footpaths
2026-08-30 10:08:57,246 zones: 1397 (637 with transit access within 600 m), 3938 access links
2026-08-30 10:08:57,256 route classes: {'all_day': 21, 'peak_express': 14}
2026-08-30 10:08:57,300 evaluator pricing: common_lines=same_route (explicit)
2026-08-30 10:08:57,314 path enumeration: 20000 OD pairs, 636 origin zones, 3 scenarios, cap 4 paths/OD
2026-08-30 10:09:54,971 rejected 118 malformed candidate paths that failed the re-pricing check
2026-08-30 10:09:55,065 path set: 24686 paths over 17379/20000 OD pairs (86.6% of flow served), 122024 legs
2026-08-30 10:09:55,117 period early   : 24686 paths, 20000 OD pairs
2026-08-30 10:09:55,129 path enumeration: 20000 OD pairs, 636 origin zones, 3 scenarios, cap 4 paths/OD
2026-08-30 10:11:00,401 rejected 103 malformed candidate paths that failed the re-pricing check
2026-08-30 10:11:00,512 path set: 29134 paths over 19276/20000 OD pairs (96.2% of flow served), 145600 legs
2026-08-30 10:11:00,578 period am_peak : 29134 paths, 20000 OD pairs
2026-08-30 10:11:00,590 path enumeration: 20000 OD pairs, 636 origin zones, 3 scenarios, cap 4 paths/OD
2026-08-30 10:11:59,389 rejected 71 malformed candidate paths that failed the re-pricing check
2026-08-30 10:11:59,489 path set: 24630 paths over 17383/20000 OD pairs (86.6% of flow served), 123957 legs
2026-08-30 10:11:59,545 period midday  : 24630 paths, 20000 OD pairs
2026-08-30 10:11:59,558 path enumeration: 20000 OD pairs, 636 origin zones, 3 scenarios, cap 4 paths/OD
2026-08-30 10:13:04,173 rejected 180 malformed candidate paths that failed the re-pricing check
2026-08-30 10:13:04,281 path set: 28406 paths over 18672/20000 OD pairs (93.6% of flow served), 144016 legs
2026-08-30 10:13:04,343 period pm_peak : 28406 paths, 20000 OD pairs
2026-08-30 10:13:04,355 path enumeration: 20000 OD pairs, 636 origin zones, 3 scenarios, cap 4 paths/OD
2026-08-30 10:14:06,774 rejected 89 malformed candidate paths that failed the re-pricing check
2026-08-30 10:14:06,869 path set: 24427 paths over 17381/20000 OD pairs (86.6% of flow served), 122415 legs
2026-08-30 10:14:06,922 period evening : 24427 paths, 20000 OD pairs
2026-08-30 10:14:06,934 path enumeration: 20000 OD pairs, 636 origin zones, 3 scenarios, cap 4 paths/OD
2026-08-30 10:15:06,648 rejected 90 malformed candidate paths that failed the re-pricing check
2026-08-30 10:15:06,736 path set: 23338 paths over 17384/20000 OD pairs (86.6% of flow served), 116832 legs
2026-08-30 10:15:06,783 period owl     : 23338 paths, 20000 OD pairs
2026-08-30 10:15:06,783 locking 28 route-periods across 14 routes in classes ('peak_express',)
2026-08-30 10:15:06,824 incumbent plan is infeasible under this budget
2026-08-30 10:16:24,001 solve lambda=2.0: obj=2.98927e+06 vh=2514.9/2517.2 exchanges=2
2026-08-30 10:16:24,009 [105/120] splice|001|021|PICBETS+splice|002|011|HIGFITN+ k=4 lam=2.0    77s  vs no-edit: unserved  +3.245%  gc  -0.655%  (elapsed 10.2h, ~1.5h left)
2026-08-30 10:16:24,351 footpaths: 15573 links (9 from transfers.txt)
2026-08-30 10:16:24,360 raptor network: 2949 stops, 111 patterns, 15573 footpaths
2026-08-30 10:16:24,470 zones: 1397 (637 with transit access within 600 m), 3938 access links
2026-08-30 10:16:24,479 route classes: {'all_day': 21, 'peak_express': 14}
2026-08-30 10:16:24,518 evaluator pricing: common_lines=same_route (explicit)
2026-08-30 10:16:24,532 path enumeration: 20000 OD pairs, 636 origin zones, 3 scenarios, cap 4 paths/OD
2026-08-30 10:17:21,690 rejected 103 malformed candidate paths that failed the re-pricing check
2026-08-30 10:17:21,786 path set: 25076 paths over 17380/20000 OD pairs (86.6% of flow served), 121748 legs
2026-08-30 10:17:21,843 period early   : 25076 paths, 20000 OD pairs
2026-08-30 10:17:21,855 path enumeration: 20000 OD pairs, 636 origin zones, 3 scenarios, cap 4 paths/OD
2026-08-30 10:18:27,747 rejected 51 malformed candidate paths that failed the re-pricing check
2026-08-30 10:18:27,856 path set: 29846 paths over 19287/20000 OD pairs (96.3% of flow served), 147486 legs
2026-08-30 10:18:27,919 period am_peak : 29846 paths, 20000 OD pairs
2026-08-30 10:18:27,932 path enumeration: 20000 OD pairs, 636 origin zones, 3 scenarios, cap 4 paths/OD
2026-08-30 10:19:26,617 rejected 48 malformed candidate paths that failed the re-pricing check
2026-08-30 10:19:26,713 path set: 25129 paths over 17383/20000 OD pairs (86.6% of flow served), 124293 legs
2026-08-30 10:19:26,776 period midday  : 25129 paths, 20000 OD pairs
2026-08-30 10:19:26,788 path enumeration: 20000 OD pairs, 636 origin zones, 3 scenarios, cap 4 paths/OD
2026-08-30 10:20:29,492 rejected 156 malformed candidate paths that failed the re-pricing check
2026-08-30 10:20:29,611 path set: 29137 paths over 18689/20000 OD pairs (93.6% of flow served), 145382 legs
2026-08-30 10:20:29,676 period pm_peak : 29137 paths, 20000 OD pairs
2026-08-30 10:20:29,688 path enumeration: 20000 OD pairs, 636 origin zones, 3 scenarios, cap 4 paths/OD
2026-08-30 10:21:31,497 rejected 50 malformed candidate paths that failed the re-pricing check
2026-08-30 10:21:31,590 path set: 25210 paths over 17381/20000 OD pairs (86.6% of flow served), 124455 legs
2026-08-30 10:21:31,646 period evening : 25210 paths, 20000 OD pairs
2026-08-30 10:21:31,658 path enumeration: 20000 OD pairs, 636 origin zones, 3 scenarios, cap 4 paths/OD
2026-08-30 10:22:27,710 rejected 88 malformed candidate paths that failed the re-pricing check
2026-08-30 10:22:27,804 path set: 24037 paths over 17382/20000 OD pairs (86.6% of flow served), 119275 legs
2026-08-30 10:22:27,857 period owl     : 24037 paths, 20000 OD pairs
2026-08-30 10:22:27,857 locking 28 route-periods across 14 routes in classes ('peak_express',)
2026-08-30 10:22:27,900 incumbent plan is infeasible under this budget
2026-08-30 10:23:45,169 solve lambda=2.0: obj=2.99556e+06 vh=2515.4/2517.2 exchanges=0
2026-08-30 10:23:45,178 [106/120] splice|001|021|PICBETS+splice|002|033|WESHIGW+ k=4 lam=2.0    77s  vs no-edit: unserved  +4.350%  gc  -1.031%  (elapsed 10.3h, ~1.4h left)
2026-08-30 10:23:45,536 footpaths: 15573 links (9 from transfers.txt)
2026-08-30 10:23:45,545 raptor network: 2949 stops, 111 patterns, 15573 footpaths
2026-08-30 10:23:45,654 zones: 1397 (637 with transit access within 600 m), 3938 access links
2026-08-30 10:23:45,663 route classes: {'all_day': 20, 'peak_express': 14}
2026-08-30 10:23:45,702 evaluator pricing: common_lines=same_route (explicit)
2026-08-30 10:23:45,716 path enumeration: 20000 OD pairs, 636 origin zones, 3 scenarios, cap 4 paths/OD
2026-08-30 10:24:41,907 rejected 110 malformed candidate paths that failed the re-pricing check
2026-08-30 10:24:41,991 path set: 24678 paths over 17378/20000 OD pairs (86.6% of flow served), 121230 legs
2026-08-30 10:24:42,040 period early   : 24678 paths, 20000 OD pairs
2026-08-30 10:24:42,051 path enumeration: 20000 OD pairs, 636 origin zones, 3 scenarios, cap 4 paths/OD
2026-08-30 10:25:47,740 rejected 122 malformed candidate paths that failed the re-pricing check
2026-08-30 10:25:47,844 path set: 29544 paths over 19276/20000 OD pairs (96.2% of flow served), 146506 legs
2026-08-30 10:25:47,903 period am_peak : 29544 paths, 20000 OD pairs
2026-08-30 10:25:47,914 path enumeration: 20000 OD pairs, 636 origin zones, 3 scenarios, cap 4 paths/OD
2026-08-30 10:26:46,963 rejected 82 malformed candidate paths that failed the re-pricing check
2026-08-30 10:26:47,052 path set: 24929 paths over 17378/20000 OD pairs (86.6% of flow served), 124179 legs
2026-08-30 10:26:47,106 period midday  : 24929 paths, 20000 OD pairs
2026-08-30 10:26:47,118 path enumeration: 20000 OD pairs, 636 origin zones, 3 scenarios, cap 4 paths/OD
2026-08-30 10:27:50,258 rejected 199 malformed candidate paths that failed the re-pricing check
2026-08-30 10:27:50,377 path set: 28686 paths over 18667/20000 OD pairs (93.6% of flow served), 144035 legs
2026-08-30 10:27:50,440 period pm_peak : 28686 paths, 20000 OD pairs
2026-08-30 10:27:50,452 path enumeration: 20000 OD pairs, 636 origin zones, 3 scenarios, cap 4 paths/OD
2026-08-30 10:28:52,008 rejected 123 malformed candidate paths that failed the re-pricing check
2026-08-30 10:28:52,100 path set: 24683 paths over 17377/20000 OD pairs (86.6% of flow served), 122799 legs
2026-08-30 10:28:52,154 period evening : 24683 paths, 20000 OD pairs
2026-08-30 10:28:52,166 path enumeration: 20000 OD pairs, 636 origin zones, 3 scenarios, cap 4 paths/OD
2026-08-30 10:29:49,673 rejected 104 malformed candidate paths that failed the re-pricing check
2026-08-30 10:29:49,764 path set: 23339 paths over 17376/20000 OD pairs (86.6% of flow served), 114521 legs
2026-08-30 10:29:49,812 period owl     : 23339 paths, 20000 OD pairs
2026-08-30 10:29:49,812 locking 28 route-periods across 14 routes in classes ('peak_express',)
2026-08-30 10:29:49,856 incumbent plan is infeasible under this budget
2026-08-30 10:31:05,457 solve lambda=2.0: obj=2.99119e+06 vh=2514.7/2517.2 exchanges=0
2026-08-30 10:31:05,466 [107/120] splice|001|021|PICBETS+splice|005|006|NMURBEAN k=5 lam=2.0    76s  vs no-edit: unserved  +2.629%  gc  -0.140%  (elapsed 10.4h, ~1.3h left)
2026-08-30 10:31:05,810 footpaths: 15573 links (9 from transfers.txt)
2026-08-30 10:31:05,819 raptor network: 2949 stops, 111 patterns, 15573 footpaths
2026-08-30 10:31:05,930 zones: 1397 (637 with transit access within 600 m), 3938 access links
2026-08-30 10:31:05,939 route classes: {'all_day': 20, 'peak_express': 14}
2026-08-30 10:31:05,976 evaluator pricing: common_lines=same_route (explicit)
2026-08-30 10:31:05,988 path enumeration: 20000 OD pairs, 636 origin zones, 3 scenarios, cap 4 paths/OD
2026-08-30 10:32:02,230 rejected 100 malformed candidate paths that failed the re-pricing check
2026-08-30 10:32:02,318 path set: 24450 paths over 17378/20000 OD pairs (86.6% of flow served), 118901 legs
2026-08-30 10:32:02,370 period early   : 24450 paths, 20000 OD pairs
2026-08-30 10:32:02,382 path enumeration: 20000 OD pairs, 636 origin zones, 3 scenarios, cap 4 paths/OD
2026-08-30 10:33:08,448 rejected 128 malformed candidate paths that failed the re-pricing check
2026-08-30 10:33:08,558 path set: 30000 paths over 19285/20000 OD pairs (96.3% of flow served), 148998 legs
2026-08-30 10:33:08,622 period am_peak : 30000 paths, 20000 OD pairs
2026-08-30 10:33:08,634 path enumeration: 20000 OD pairs, 636 origin zones, 3 scenarios, cap 4 paths/OD
2026-08-30 10:34:07,456 rejected 90 malformed candidate paths that failed the re-pricing check
2026-08-30 10:34:07,548 path set: 24991 paths over 17380/20000 OD pairs (86.6% of flow served), 123741 legs
2026-08-30 10:34:07,603 period midday  : 24991 paths, 20000 OD pairs
2026-08-30 10:34:07,615 path enumeration: 20000 OD pairs, 636 origin zones, 3 scenarios, cap 4 paths/OD
2026-08-30 10:35:10,455 rejected 205 malformed candidate paths that failed the re-pricing check
2026-08-30 10:35:10,567 path set: 29144 paths over 18681/20000 OD pairs (93.6% of flow served), 145571 legs
2026-08-30 10:35:10,629 period pm_peak : 29144 paths, 20000 OD pairs
2026-08-30 10:35:10,641 path enumeration: 20000 OD pairs, 636 origin zones, 3 scenarios, cap 4 paths/OD
2026-08-30 10:36:13,527 rejected 116 malformed candidate paths that failed the re-pricing check
2026-08-30 10:36:13,623 path set: 24825 paths over 17376/20000 OD pairs (86.6% of flow served), 123054 legs
2026-08-30 10:36:13,679 period evening : 24825 paths, 20000 OD pairs
2026-08-30 10:36:13,694 path enumeration: 20000 OD pairs, 636 origin zones, 3 scenarios, cap 4 paths/OD
2026-08-30 10:37:11,180 rejected 164 malformed candidate paths that failed the re-pricing check
2026-08-30 10:37:11,271 path set: 23259 paths over 17003/20000 OD pairs (85.1% of flow served), 114299 legs
2026-08-30 10:37:11,325 period owl     : 23259 paths, 20000 OD pairs
2026-08-30 10:37:11,325 locking 28 route-periods across 14 routes in classes ('peak_express',)
2026-08-30 10:37:11,369 incumbent plan is infeasible under this budget
2026-08-30 10:38:23,770 solve lambda=2.0: obj=2.99497e+06 vh=2515.5/2517.2 exchanges=0
2026-08-30 10:38:23,775 [108/120] splice|001|021|PICBETS+splice|002|033|WESHIGW+ k=5 lam=2.0    72s  vs no-edit: unserved  +4.098%  gc  -0.898%  (elapsed 10.5h, ~1.2h left)
2026-08-30 10:38:24,130 footpaths: 15573 links (9 from transfers.txt)
2026-08-30 10:38:24,139 raptor network: 2949 stops, 111 patterns, 15573 footpaths
2026-08-30 10:38:24,247 zones: 1397 (637 with transit access within 600 m), 3938 access links
2026-08-30 10:38:24,256 route classes: {'all_day': 20, 'peak_express': 14}
2026-08-30 10:38:24,294 evaluator pricing: common_lines=same_route (explicit)
2026-08-30 10:38:24,308 path enumeration: 20000 OD pairs, 636 origin zones, 3 scenarios, cap 4 paths/OD
2026-08-30 10:39:19,613 rejected 114 malformed candidate paths that failed the re-pricing check
2026-08-30 10:39:19,704 path set: 24435 paths over 17379/20000 OD pairs (86.6% of flow served), 119273 legs
2026-08-30 10:39:19,753 period early   : 24435 paths, 20000 OD pairs
2026-08-30 10:39:19,765 path enumeration: 20000 OD pairs, 636 origin zones, 3 scenarios, cap 4 paths/OD
2026-08-30 10:40:24,576 rejected 119 malformed candidate paths that failed the re-pricing check
2026-08-30 10:40:24,690 path set: 29506 paths over 19276/20000 OD pairs (96.2% of flow served), 145529 legs
2026-08-30 10:40:24,755 period am_peak : 29506 paths, 20000 OD pairs
2026-08-30 10:40:24,766 path enumeration: 20000 OD pairs, 636 origin zones, 3 scenarios, cap 4 paths/OD
2026-08-30 10:41:23,038 rejected 75 malformed candidate paths that failed the re-pricing check
2026-08-30 10:41:23,132 path set: 25078 paths over 17373/20000 OD pairs (86.6% of flow served), 123972 legs
2026-08-30 10:41:23,186 period midday  : 25078 paths, 20000 OD pairs
2026-08-30 10:41:23,199 path enumeration: 20000 OD pairs, 636 origin zones, 3 scenarios, cap 4 paths/OD
2026-08-30 10:42:26,103 rejected 199 malformed candidate paths that failed the re-pricing check
2026-08-30 10:42:26,212 path set: 28834 paths over 18686/20000 OD pairs (93.6% of flow served), 144135 legs
2026-08-30 10:42:26,272 period pm_peak : 28834 paths, 20000 OD pairs
2026-08-30 10:42:26,284 path enumeration: 20000 OD pairs, 636 origin zones, 3 scenarios, cap 4 paths/OD
2026-08-30 10:43:27,289 rejected 115 malformed candidate paths that failed the re-pricing check
2026-08-30 10:43:27,380 path set: 24832 paths over 17371/20000 OD pairs (86.6% of flow served), 122215 legs
2026-08-30 10:43:27,434 period evening : 24832 paths, 20000 OD pairs
2026-08-30 10:43:27,446 path enumeration: 20000 OD pairs, 636 origin zones, 3 scenarios, cap 4 paths/OD
2026-08-30 10:44:22,318 rejected 133 malformed candidate paths that failed the re-pricing check
2026-08-30 10:44:22,407 path set: 23689 paths over 17382/20000 OD pairs (86.6% of flow served), 116280 legs
2026-08-30 10:44:22,459 period owl     : 23689 paths, 20000 OD pairs
2026-08-30 10:44:22,459 locking 28 route-periods across 14 routes in classes ('peak_express',)
2026-08-30 10:44:22,501 incumbent plan is infeasible under this budget
2026-08-30 10:45:35,271 solve lambda=2.0: obj=2.99379e+06 vh=2514.2/2517.2 exchanges=0
2026-08-30 10:45:35,278 [109/120] splice|002|033|WESHIGW+splice|006|021|NMURBEAN k=5 lam=2.0    73s  vs no-edit: unserved  +3.953%  gc  -0.869%  (elapsed 10.6h, ~1.1h left)
2026-08-30 10:45:35,639 footpaths: 15573 links (9 from transfers.txt)
2026-08-30 10:45:35,648 raptor network: 2949 stops, 111 patterns, 15573 footpaths
2026-08-30 10:45:35,754 zones: 1397 (637 with transit access within 600 m), 3938 access links
2026-08-30 10:45:35,763 route classes: {'all_day': 20, 'peak_express': 14}
2026-08-30 10:45:35,801 evaluator pricing: common_lines=same_route (explicit)
2026-08-30 10:45:35,816 path enumeration: 20000 OD pairs, 636 origin zones, 3 scenarios, cap 4 paths/OD
2026-08-30 10:46:30,692 rejected 104 malformed candidate paths that failed the re-pricing check
2026-08-30 10:46:30,782 path set: 24305 paths over 17378/20000 OD pairs (86.6% of flow served), 118596 legs
2026-08-30 10:46:30,834 period early   : 24305 paths, 20000 OD pairs
2026-08-30 10:46:30,845 path enumeration: 20000 OD pairs, 636 origin zones, 3 scenarios, cap 4 paths/OD
2026-08-30 10:47:37,294 rejected 96 malformed candidate paths that failed the re-pricing check
2026-08-30 10:47:37,402 path set: 29366 paths over 19284/20000 OD pairs (96.2% of flow served), 145363 legs
2026-08-30 10:47:37,466 period am_peak : 29366 paths, 20000 OD pairs
2026-08-30 10:47:37,478 path enumeration: 20000 OD pairs, 636 origin zones, 3 scenarios, cap 4 paths/OD
2026-08-30 10:48:36,512 rejected 48 malformed candidate paths that failed the re-pricing check
2026-08-30 10:48:36,598 path set: 24777 paths over 17378/20000 OD pairs (86.6% of flow served), 122664 legs
2026-08-30 10:48:36,650 period midday  : 24777 paths, 20000 OD pairs
2026-08-30 10:48:36,662 path enumeration: 20000 OD pairs, 636 origin zones, 3 scenarios, cap 4 paths/OD
2026-08-30 10:49:39,915 rejected 182 malformed candidate paths that failed the re-pricing check
2026-08-30 10:49:40,029 path set: 28721 paths over 18745/20000 OD pairs (93.8% of flow served), 144043 legs
2026-08-30 10:49:40,091 period pm_peak : 28721 paths, 20000 OD pairs
2026-08-30 10:49:40,103 path enumeration: 20000 OD pairs, 636 origin zones, 3 scenarios, cap 4 paths/OD
2026-08-30 10:50:41,160 rejected 87 malformed candidate paths that failed the re-pricing check
2026-08-30 10:50:41,251 path set: 24763 paths over 17377/20000 OD pairs (86.6% of flow served), 122287 legs
2026-08-30 10:50:41,308 period evening : 24763 paths, 20000 OD pairs
2026-08-30 10:50:41,320 path enumeration: 20000 OD pairs, 636 origin zones, 3 scenarios, cap 4 paths/OD
2026-08-30 10:51:36,699 rejected 91 malformed candidate paths that failed the re-pricing check
2026-08-30 10:51:36,799 path set: 23726 paths over 17383/20000 OD pairs (86.6% of flow served), 117080 legs
2026-08-30 10:51:36,852 period owl     : 23726 paths, 20000 OD pairs
2026-08-30 10:51:36,852 locking 28 route-periods across 14 routes in classes ('peak_express',)
2026-08-30 10:51:36,894 incumbent plan is infeasible under this budget
2026-08-30 10:52:46,362 solve lambda=2.0: obj=2.99691e+06 vh=2514.0/2517.2 exchanges=0
2026-08-30 10:52:46,370 [110/120] splice|002|033|WESHIGW+splice|005|021|NMURBEAN k=5 lam=2.0    69s  vs no-edit: unserved  +4.248%  gc  -0.888%  (elapsed 10.8h, ~1.0h left)
2026-08-30 10:52:46,714 footpaths: 15573 links (9 from transfers.txt)
2026-08-30 10:52:46,723 raptor network: 2949 stops, 111 patterns, 15573 footpaths
2026-08-30 10:52:46,829 zones: 1397 (637 with transit access within 600 m), 3938 access links
2026-08-30 10:52:46,837 route classes: {'all_day': 20, 'peak_express': 14}
2026-08-30 10:52:46,875 evaluator pricing: common_lines=same_route (explicit)
2026-08-30 10:52:46,888 path enumeration: 20000 OD pairs, 636 origin zones, 3 scenarios, cap 4 paths/OD
2026-08-30 10:53:43,409 rejected 105 malformed candidate paths that failed the re-pricing check
2026-08-30 10:53:43,501 path set: 25313 paths over 17380/20000 OD pairs (86.6% of flow served), 123766 legs
2026-08-30 10:53:43,554 period early   : 25313 paths, 20000 OD pairs
2026-08-30 10:53:43,566 path enumeration: 20000 OD pairs, 636 origin zones, 3 scenarios, cap 4 paths/OD
2026-08-30 10:54:48,574 rejected 96 malformed candidate paths that failed the re-pricing check
2026-08-30 10:54:48,686 path set: 30195 paths over 19283/20000 OD pairs (96.2% of flow served), 148760 legs
2026-08-30 10:54:48,751 period am_peak : 30195 paths, 20000 OD pairs
2026-08-30 10:54:48,762 path enumeration: 20000 OD pairs, 636 origin zones, 3 scenarios, cap 4 paths/OD
2026-08-30 10:55:47,938 rejected 84 malformed candidate paths that failed the re-pricing check
2026-08-30 10:55:48,031 path set: 25487 paths over 17380/20000 OD pairs (86.6% of flow served), 126000 legs
2026-08-30 10:55:48,086 period midday  : 25487 paths, 20000 OD pairs
2026-08-30 10:55:48,098 path enumeration: 20000 OD pairs, 636 origin zones, 3 scenarios, cap 4 paths/OD
2026-08-30 10:56:51,442 rejected 187 malformed candidate paths that failed the re-pricing check
2026-08-30 10:56:51,555 path set: 29283 paths over 18684/20000 OD pairs (93.6% of flow served), 145885 legs
2026-08-30 10:56:51,617 period pm_peak : 29283 paths, 20000 OD pairs
2026-08-30 10:56:51,629 path enumeration: 20000 OD pairs, 636 origin zones, 3 scenarios, cap 4 paths/OD
2026-08-30 10:57:52,992 rejected 95 malformed candidate paths that failed the re-pricing check
2026-08-30 10:57:53,087 path set: 25218 paths over 17379/20000 OD pairs (86.6% of flow served), 124113 legs
2026-08-30 10:57:53,143 period evening : 25218 paths, 20000 OD pairs
2026-08-30 10:57:53,155 path enumeration: 20000 OD pairs, 636 origin zones, 3 scenarios, cap 4 paths/OD
2026-08-30 10:58:49,586 rejected 128 malformed candidate paths that failed the re-pricing check
2026-08-30 10:58:49,681 path set: 23886 paths over 17371/20000 OD pairs (86.6% of flow served), 117292 legs
2026-08-30 10:58:49,732 period owl     : 23886 paths, 20000 OD pairs
2026-08-30 10:58:49,732 locking 28 route-periods across 14 routes in classes ('peak_express',)
2026-08-30 10:58:49,775 incumbent plan is infeasible under this budget
2026-08-30 11:00:06,713 solve lambda=2.0: obj=2.99338e+06 vh=2514.0/2517.2 exchanges=0
2026-08-30 11:00:06,723 [111/120] splice|001|021|PICBETS+splice|005|006|NMURBEAN k=5 lam=2.0    77s  vs no-edit: unserved  +2.964%  gc  -0.239%  (elapsed 10.9h, ~0.9h left)
2026-08-30 11:00:07,077 footpaths: 15573 links (9 from transfers.txt)
2026-08-30 11:00:07,085 raptor network: 2949 stops, 111 patterns, 15573 footpaths
2026-08-30 11:00:07,192 zones: 1397 (637 with transit access within 600 m), 3938 access links
2026-08-30 11:00:07,201 route classes: {'all_day': 20, 'peak_express': 14}
2026-08-30 11:00:07,238 evaluator pricing: common_lines=same_route (explicit)
2026-08-30 11:00:07,252 path enumeration: 20000 OD pairs, 636 origin zones, 3 scenarios, cap 4 paths/OD
2026-08-30 11:01:04,869 rejected 109 malformed candidate paths that failed the re-pricing check
2026-08-30 11:01:04,960 path set: 24070 paths over 17374/20000 OD pairs (86.6% of flow served), 118154 legs
2026-08-30 11:01:05,012 period early   : 24070 paths, 20000 OD pairs
2026-08-30 11:01:05,024 path enumeration: 20000 OD pairs, 636 origin zones, 3 scenarios, cap 4 paths/OD
2026-08-30 11:02:11,799 rejected 128 malformed candidate paths that failed the re-pricing check
2026-08-30 11:02:11,908 path set: 29419 paths over 19274/20000 OD pairs (96.2% of flow served), 146010 legs
2026-08-30 11:02:11,972 period am_peak : 29419 paths, 20000 OD pairs
2026-08-30 11:02:11,984 path enumeration: 20000 OD pairs, 636 origin zones, 3 scenarios, cap 4 paths/OD
2026-08-30 11:03:12,794 rejected 90 malformed candidate paths that failed the re-pricing check
2026-08-30 11:03:12,885 path set: 24528 paths over 17376/20000 OD pairs (86.6% of flow served), 121882 legs
2026-08-30 11:03:12,938 period midday  : 24528 paths, 20000 OD pairs
2026-08-30 11:03:12,949 path enumeration: 20000 OD pairs, 636 origin zones, 3 scenarios, cap 4 paths/OD
2026-08-30 11:04:17,260 rejected 159 malformed candidate paths that failed the re-pricing check
2026-08-30 11:04:17,373 path set: 28446 paths over 18687/20000 OD pairs (93.6% of flow served), 142795 legs
2026-08-30 11:04:17,434 period pm_peak : 28446 paths, 20000 OD pairs
2026-08-30 11:04:17,446 path enumeration: 20000 OD pairs, 636 origin zones, 3 scenarios, cap 4 paths/OD
2026-08-30 11:05:19,979 rejected 126 malformed candidate paths that failed the re-pricing check
2026-08-30 11:05:20,072 path set: 24081 paths over 17375/20000 OD pairs (86.6% of flow served), 118905 legs
2026-08-30 11:05:20,128 period evening : 24081 paths, 20000 OD pairs
2026-08-30 11:05:20,140 path enumeration: 20000 OD pairs, 636 origin zones, 3 scenarios, cap 4 paths/OD
2026-08-30 11:06:18,688 rejected 129 malformed candidate paths that failed the re-pricing check
2026-08-30 11:06:18,778 path set: 23558 paths over 17377/20000 OD pairs (86.6% of flow served), 116370 legs
2026-08-30 11:06:18,829 period owl     : 23558 paths, 20000 OD pairs
2026-08-30 11:06:18,830 locking 28 route-periods across 14 routes in classes ('peak_express',)
2026-08-30 11:06:18,871 incumbent plan is infeasible under this budget
2026-08-30 11:07:32,821 solve lambda=2.0: obj=2.99594e+06 vh=2514.4/2517.2 exchanges=0
2026-08-30 11:07:32,828 [112/120] splice|001|021|PICBETS+splice|002|011|HIGFITN+ k=5 lam=2.0    74s  vs no-edit: unserved  +3.316%  gc  -0.328%  (elapsed 11.0h, ~0.8h left)
2026-08-30 11:07:33,195 footpaths: 15573 links (9 from transfers.txt)
2026-08-30 11:07:33,204 raptor network: 2949 stops, 111 patterns, 15573 footpaths
2026-08-30 11:07:33,313 zones: 1397 (637 with transit access within 600 m), 3938 access links
2026-08-30 11:07:33,322 route classes: {'all_day': 20, 'peak_express': 14}
2026-08-30 11:07:33,362 evaluator pricing: common_lines=same_route (explicit)
2026-08-30 11:07:33,375 path enumeration: 20000 OD pairs, 636 origin zones, 3 scenarios, cap 4 paths/OD
2026-08-30 11:08:33,711 rejected 124 malformed candidate paths that failed the re-pricing check
2026-08-30 11:08:33,804 path set: 24771 paths over 17375/20000 OD pairs (86.6% of flow served), 121822 legs
2026-08-30 11:08:33,858 period early   : 24771 paths, 20000 OD pairs
2026-08-30 11:08:33,870 path enumeration: 20000 OD pairs, 636 origin zones, 3 scenarios, cap 4 paths/OD
2026-08-30 11:09:41,663 rejected 109 malformed candidate paths that failed the re-pricing check
2026-08-30 11:09:41,772 path set: 29514 paths over 19279/20000 OD pairs (96.2% of flow served), 146891 legs
2026-08-30 11:09:41,835 period am_peak : 29514 paths, 20000 OD pairs
2026-08-30 11:09:41,848 path enumeration: 20000 OD pairs, 636 origin zones, 3 scenarios, cap 4 paths/OD
2026-08-30 11:10:42,277 rejected 76 malformed candidate paths that failed the re-pricing check
2026-08-30 11:10:42,368 path set: 24913 paths over 17379/20000 OD pairs (86.6% of flow served), 124750 legs
2026-08-30 11:10:42,422 period midday  : 24913 paths, 20000 OD pairs
2026-08-30 11:10:42,434 path enumeration: 20000 OD pairs, 636 origin zones, 3 scenarios, cap 4 paths/OD
2026-08-30 11:11:47,513 rejected 188 malformed candidate paths that failed the re-pricing check
2026-08-30 11:11:47,626 path set: 28684 paths over 18685/20000 OD pairs (93.6% of flow served), 144684 legs
2026-08-30 11:11:47,695 period pm_peak : 28684 paths, 20000 OD pairs
2026-08-30 11:11:47,707 path enumeration: 20000 OD pairs, 636 origin zones, 3 scenarios, cap 4 paths/OD
2026-08-30 11:12:51,185 rejected 96 malformed candidate paths that failed the re-pricing check
2026-08-30 11:12:51,278 path set: 24562 paths over 17377/20000 OD pairs (86.6% of flow served), 122143 legs
2026-08-30 11:12:51,332 period evening : 24562 paths, 20000 OD pairs
2026-08-30 11:12:51,344 path enumeration: 20000 OD pairs, 636 origin zones, 3 scenarios, cap 4 paths/OD
2026-08-30 11:13:49,504 rejected 119 malformed candidate paths that failed the re-pricing check
2026-08-30 11:13:49,597 path set: 23852 paths over 17379/20000 OD pairs (86.6% of flow served), 118948 legs
2026-08-30 11:13:49,649 period owl     : 23852 paths, 20000 OD pairs
2026-08-30 11:13:49,649 locking 28 route-periods across 14 routes in classes ('peak_express',)
2026-08-30 11:13:49,692 incumbent plan is infeasible under this budget
2026-08-30 11:15:01,276 solve lambda=2.0: obj=2.99331e+06 vh=2515.0/2517.2 exchanges=0
2026-08-30 11:15:01,282 [113/120] splice|001|021|PICBETS+splice|002|011|HIGFITN+ k=5 lam=2.0    72s  vs no-edit: unserved  +3.605%  gc  -0.665%  (elapsed 11.1h, ~0.7h left)
2026-08-30 11:15:01,638 footpaths: 15573 links (9 from transfers.txt)
2026-08-30 11:15:01,646 raptor network: 2949 stops, 111 patterns, 15573 footpaths
2026-08-30 11:15:01,754 zones: 1397 (637 with transit access within 600 m), 3938 access links
2026-08-30 11:15:01,763 route classes: {'all_day': 20, 'peak_express': 14}
2026-08-30 11:15:01,802 evaluator pricing: common_lines=same_route (explicit)
2026-08-30 11:15:01,815 path enumeration: 20000 OD pairs, 636 origin zones, 3 scenarios, cap 4 paths/OD
2026-08-30 11:15:56,738 rejected 96 malformed candidate paths that failed the re-pricing check
2026-08-30 11:15:56,830 path set: 25029 paths over 17307/20000 OD pairs (86.3% of flow served), 123101 legs
2026-08-30 11:15:56,883 period early   : 25029 paths, 20000 OD pairs
2026-08-30 11:15:56,895 path enumeration: 20000 OD pairs, 636 origin zones, 3 scenarios, cap 4 paths/OD
2026-08-30 11:17:02,386 rejected 110 malformed candidate paths that failed the re-pricing check
2026-08-30 11:17:02,500 path set: 29927 paths over 19279/20000 OD pairs (96.2% of flow served), 148997 legs
2026-08-30 11:17:02,566 period am_peak : 29927 paths, 20000 OD pairs
2026-08-30 11:17:02,578 path enumeration: 20000 OD pairs, 636 origin zones, 3 scenarios, cap 4 paths/OD
2026-08-30 11:18:01,490 rejected 68 malformed candidate paths that failed the re-pricing check
2026-08-30 11:18:01,593 path set: 25348 paths over 17381/20000 OD pairs (86.6% of flow served), 126678 legs
2026-08-30 11:18:01,650 period midday  : 25348 paths, 20000 OD pairs
2026-08-30 11:18:01,662 path enumeration: 20000 OD pairs, 636 origin zones, 3 scenarios, cap 4 paths/OD
2026-08-30 11:19:05,767 rejected 176 malformed candidate paths that failed the re-pricing check
2026-08-30 11:19:05,883 path set: 29200 paths over 18670/20000 OD pairs (93.6% of flow served), 147403 legs
2026-08-30 11:19:05,948 period pm_peak : 29200 paths, 20000 OD pairs
2026-08-30 11:19:05,960 path enumeration: 20000 OD pairs, 636 origin zones, 3 scenarios, cap 4 paths/OD
2026-08-30 11:20:08,257 rejected 103 malformed candidate paths that failed the re-pricing check
2026-08-30 11:20:08,353 path set: 25257 paths over 17380/20000 OD pairs (86.6% of flow served), 125791 legs
2026-08-30 11:20:08,408 period evening : 25257 paths, 20000 OD pairs
2026-08-30 11:20:08,420 path enumeration: 20000 OD pairs, 636 origin zones, 3 scenarios, cap 4 paths/OD
2026-08-30 11:21:05,012 rejected 91 malformed candidate paths that failed the re-pricing check
2026-08-30 11:21:05,110 path set: 24503 paths over 17385/20000 OD pairs (86.6% of flow served), 120736 legs
2026-08-30 11:21:05,167 period owl     : 24503 paths, 20000 OD pairs
2026-08-30 11:21:05,167 locking 28 route-periods across 14 routes in classes ('peak_express',)
2026-08-30 11:21:05,212 incumbent plan is infeasible under this budget
2026-08-30 11:22:24,209 solve lambda=2.0: obj=2.99075e+06 vh=2513.9/2517.2 exchanges=0
2026-08-30 11:22:24,218 [114/120] splice|002|034|WESHIGW+splice|005|006|NMURBEAN k=5 lam=2.0    79s  vs no-edit: unserved  +2.954%  gc  -0.379%  (elapsed 11.3h, ~0.6h left)
2026-08-30 11:22:24,589 footpaths: 15573 links (9 from transfers.txt)
2026-08-30 11:22:24,597 raptor network: 2949 stops, 111 patterns, 15573 footpaths
2026-08-30 11:22:24,708 zones: 1397 (637 with transit access within 600 m), 3938 access links
2026-08-30 11:22:24,716 route classes: {'all_day': 20, 'peak_express': 14}
2026-08-30 11:22:24,756 evaluator pricing: common_lines=same_route (explicit)
2026-08-30 11:22:24,770 path enumeration: 20000 OD pairs, 636 origin zones, 3 scenarios, cap 4 paths/OD
2026-08-30 11:23:21,226 rejected 104 malformed candidate paths that failed the re-pricing check
2026-08-30 11:23:21,320 path set: 24722 paths over 17303/20000 OD pairs (86.3% of flow served), 121084 legs
2026-08-30 11:23:21,376 period early   : 24722 paths, 20000 OD pairs
2026-08-30 11:23:21,389 path enumeration: 20000 OD pairs, 636 origin zones, 3 scenarios, cap 4 paths/OD
2026-08-30 11:24:29,540 rejected 106 malformed candidate paths that failed the re-pricing check
2026-08-30 11:24:29,658 path set: 29809 paths over 19277/20000 OD pairs (96.2% of flow served), 147962 legs
2026-08-30 11:24:29,726 period am_peak : 29809 paths, 20000 OD pairs
2026-08-30 11:24:29,738 path enumeration: 20000 OD pairs, 636 origin zones, 3 scenarios, cap 4 paths/OD
2026-08-30 11:25:31,607 rejected 81 malformed candidate paths that failed the re-pricing check
2026-08-30 11:25:31,706 path set: 24960 paths over 17377/20000 OD pairs (86.6% of flow served), 124006 legs
2026-08-30 11:25:31,763 period midday  : 24960 paths, 20000 OD pairs
2026-08-30 11:25:31,776 path enumeration: 20000 OD pairs, 636 origin zones, 3 scenarios, cap 4 paths/OD
2026-08-30 11:26:37,847 rejected 136 malformed candidate paths that failed the re-pricing check
2026-08-30 11:26:37,967 path set: 29180 paths over 18675/20000 OD pairs (93.6% of flow served), 146658 legs
2026-08-30 11:26:38,034 period pm_peak : 29180 paths, 20000 OD pairs
2026-08-30 11:26:38,046 path enumeration: 20000 OD pairs, 636 origin zones, 3 scenarios, cap 4 paths/OD
2026-08-30 11:27:42,438 rejected 121 malformed candidate paths that failed the re-pricing check
2026-08-30 11:27:42,528 path set: 24708 paths over 17377/20000 OD pairs (86.6% of flow served), 122409 legs
2026-08-30 11:27:42,582 period evening : 24708 paths, 20000 OD pairs
2026-08-30 11:27:42,595 path enumeration: 20000 OD pairs, 636 origin zones, 3 scenarios, cap 4 paths/OD
2026-08-30 11:28:41,302 rejected 105 malformed candidate paths that failed the re-pricing check
2026-08-30 11:28:41,400 path set: 24503 paths over 17382/20000 OD pairs (86.6% of flow served), 120203 legs
2026-08-30 11:28:41,458 period owl     : 24503 paths, 20000 OD pairs
2026-08-30 11:28:41,458 locking 28 route-periods across 14 routes in classes ('peak_express',)
2026-08-30 11:28:41,502 incumbent plan is infeasible under this budget
2026-08-30 11:29:56,550 solve lambda=2.0: obj=2.99391e+06 vh=2513.8/2517.2 exchanges=0
2026-08-30 11:29:56,558 [115/120] splice|001|021|PICBETS+splice|002|034|WESHIGW+ k=5 lam=2.0    75s  vs no-edit: unserved  +3.125%  gc  -0.315%  (elapsed 11.4h, ~0.5h left)
2026-08-30 11:29:56,915 footpaths: 15573 links (9 from transfers.txt)
2026-08-30 11:29:56,925 raptor network: 2949 stops, 111 patterns, 15573 footpaths
2026-08-30 11:29:57,034 zones: 1397 (637 with transit access within 600 m), 3938 access links
2026-08-30 11:29:57,043 route classes: {'all_day': 20, 'peak_express': 14}
2026-08-30 11:29:57,082 evaluator pricing: common_lines=same_route (explicit)
2026-08-30 11:29:57,095 path enumeration: 20000 OD pairs, 636 origin zones, 3 scenarios, cap 4 paths/OD
2026-08-30 11:30:53,686 rejected 98 malformed candidate paths that failed the re-pricing check
2026-08-30 11:30:53,781 path set: 25795 paths over 17380/20000 OD pairs (86.6% of flow served), 126940 legs
2026-08-30 11:30:53,834 period early   : 25795 paths, 20000 OD pairs
2026-08-30 11:30:53,846 path enumeration: 20000 OD pairs, 636 origin zones, 3 scenarios, cap 4 paths/OD
2026-08-30 11:32:00,076 rejected 74 malformed candidate paths that failed the re-pricing check
2026-08-30 11:32:00,207 path set: 30514 paths over 19280/20000 OD pairs (96.2% of flow served), 151203 legs
2026-08-30 11:32:00,280 period am_peak : 30514 paths, 20000 OD pairs
2026-08-30 11:32:00,292 path enumeration: 20000 OD pairs, 636 origin zones, 3 scenarios, cap 4 paths/OD
2026-08-30 11:33:00,504 rejected 66 malformed candidate paths that failed the re-pricing check
2026-08-30 11:33:00,603 path set: 25920 paths over 17381/20000 OD pairs (86.6% of flow served), 129060 legs
2026-08-30 11:33:00,662 period midday  : 25920 paths, 20000 OD pairs
2026-08-30 11:33:00,674 path enumeration: 20000 OD pairs, 636 origin zones, 3 scenarios, cap 4 paths/OD
2026-08-30 11:34:05,052 rejected 160 malformed candidate paths that failed the re-pricing check
2026-08-30 11:34:05,167 path set: 29801 paths over 18671/20000 OD pairs (93.6% of flow served), 149430 legs
2026-08-30 11:34:05,233 period pm_peak : 29801 paths, 20000 OD pairs
2026-08-30 11:34:05,245 path enumeration: 20000 OD pairs, 636 origin zones, 3 scenarios, cap 4 paths/OD
2026-08-30 11:35:07,780 rejected 84 malformed candidate paths that failed the re-pricing check
2026-08-30 11:35:07,883 path set: 25692 paths over 17381/20000 OD pairs (86.6% of flow served), 127559 legs
2026-08-30 11:35:07,940 period evening : 25692 paths, 20000 OD pairs
2026-08-30 11:35:07,953 path enumeration: 20000 OD pairs, 636 origin zones, 3 scenarios, cap 4 paths/OD
2026-08-30 11:36:06,212 rejected 102 malformed candidate paths that failed the re-pricing check
2026-08-30 11:36:06,311 path set: 25097 paths over 17385/20000 OD pairs (86.7% of flow served), 124009 legs
2026-08-30 11:36:06,366 period owl     : 25097 paths, 20000 OD pairs
2026-08-30 11:36:06,367 locking 28 route-periods across 14 routes in classes ('peak_express',)
2026-08-30 11:36:06,413 incumbent plan is infeasible under this budget
2026-08-30 11:37:23,485 solve lambda=2.0: obj=2.99702e+06 vh=2513.4/2517.2 exchanges=0
2026-08-30 11:37:23,495 [116/120] splice|001|021|PICBETS+splice|002|034|WESHIGW+ k=5 lam=2.0    77s  vs no-edit: unserved  +3.245%  gc  -0.221%  (elapsed 11.5h, ~0.4h left)
2026-08-30 11:37:23,845 footpaths: 15573 links (9 from transfers.txt)
2026-08-30 11:37:23,853 raptor network: 2949 stops, 111 patterns, 15573 footpaths
2026-08-30 11:37:23,963 zones: 1397 (637 with transit access within 600 m), 3938 access links
2026-08-30 11:37:23,972 route classes: {'all_day': 20, 'peak_express': 14}
2026-08-30 11:37:24,011 evaluator pricing: common_lines=same_route (explicit)
2026-08-30 11:37:24,025 path enumeration: 20000 OD pairs, 636 origin zones, 3 scenarios, cap 4 paths/OD
2026-08-30 11:38:20,999 rejected 96 malformed candidate paths that failed the re-pricing check
2026-08-30 11:38:21,088 path set: 24975 paths over 17380/20000 OD pairs (86.6% of flow served), 121351 legs
2026-08-30 11:38:21,141 period early   : 24975 paths, 20000 OD pairs
2026-08-30 11:38:21,153 path enumeration: 20000 OD pairs, 636 origin zones, 3 scenarios, cap 4 paths/OD
2026-08-30 11:39:27,813 rejected 81 malformed candidate paths that failed the re-pricing check
2026-08-30 11:39:27,930 path set: 30150 paths over 19286/20000 OD pairs (96.3% of flow served), 149214 legs
2026-08-30 11:39:27,996 period am_peak : 30150 paths, 20000 OD pairs
2026-08-30 11:39:28,008 path enumeration: 20000 OD pairs, 636 origin zones, 3 scenarios, cap 4 paths/OD
2026-08-30 11:40:28,454 rejected 66 malformed candidate paths that failed the re-pricing check
2026-08-30 11:40:28,552 path set: 25312 paths over 17382/20000 OD pairs (86.6% of flow served), 125212 legs
2026-08-30 11:40:28,610 period midday  : 25312 paths, 20000 OD pairs
2026-08-30 11:40:28,623 path enumeration: 20000 OD pairs, 636 origin zones, 3 scenarios, cap 4 paths/OD
2026-08-30 11:41:33,823 rejected 170 malformed candidate paths that failed the re-pricing check
2026-08-30 11:41:33,939 path set: 29351 paths over 18688/20000 OD pairs (93.6% of flow served), 146378 legs
2026-08-30 11:41:34,004 period pm_peak : 29351 paths, 20000 OD pairs
2026-08-30 11:41:34,016 path enumeration: 20000 OD pairs, 636 origin zones, 3 scenarios, cap 4 paths/OD
2026-08-30 11:42:36,767 rejected 83 malformed candidate paths that failed the re-pricing check
2026-08-30 11:42:36,862 path set: 25327 paths over 17381/20000 OD pairs (86.6% of flow served), 125102 legs
2026-08-30 11:42:36,918 period evening : 25327 paths, 20000 OD pairs
2026-08-30 11:42:36,930 path enumeration: 20000 OD pairs, 636 origin zones, 3 scenarios, cap 4 paths/OD
2026-08-30 11:43:35,433 rejected 92 malformed candidate paths that failed the re-pricing check
2026-08-30 11:43:35,530 path set: 23908 paths over 17382/20000 OD pairs (86.6% of flow served), 118108 legs
2026-08-30 11:43:35,583 period owl     : 23908 paths, 20000 OD pairs
2026-08-30 11:43:35,583 locking 28 route-periods across 14 routes in classes ('peak_express',)
2026-08-30 11:43:35,629 incumbent plan is infeasible under this budget
2026-08-30 11:45:00,546 solve lambda=2.0: obj=3.00396e+06 vh=2514.3/2517.2 exchanges=0
2026-08-30 11:45:00,556 [117/120] splice|001|021|PICBETS+splice|002|033|WESHIGW+ k=5 lam=2.0    85s  vs no-edit: unserved  +4.961%  gc  -0.964%  (elapsed 11.6h, ~0.3h left)
2026-08-30 11:45:00,917 footpaths: 15573 links (9 from transfers.txt)
2026-08-30 11:45:00,926 raptor network: 2949 stops, 111 patterns, 15573 footpaths
2026-08-30 11:45:01,034 zones: 1397 (637 with transit access within 600 m), 3938 access links
2026-08-30 11:45:01,043 route classes: {'all_day': 20, 'peak_express': 14}
2026-08-30 11:45:01,082 evaluator pricing: common_lines=same_route (explicit)
2026-08-30 11:45:01,096 path enumeration: 20000 OD pairs, 636 origin zones, 3 scenarios, cap 4 paths/OD
2026-08-30 11:45:58,758 rejected 106 malformed candidate paths that failed the re-pricing check
2026-08-30 11:45:58,853 path set: 25331 paths over 17304/20000 OD pairs (86.3% of flow served), 124224 legs
2026-08-30 11:45:58,909 period early   : 25331 paths, 20000 OD pairs
2026-08-30 11:45:58,922 path enumeration: 20000 OD pairs, 636 origin zones, 3 scenarios, cap 4 paths/OD
2026-08-30 11:47:06,695 rejected 74 malformed candidate paths that failed the re-pricing check
2026-08-30 11:47:06,808 path set: 29920 paths over 19282/20000 OD pairs (96.2% of flow served), 148806 legs
2026-08-30 11:47:06,871 period am_peak : 29920 paths, 20000 OD pairs
2026-08-30 11:47:06,884 path enumeration: 20000 OD pairs, 636 origin zones, 3 scenarios, cap 4 paths/OD
2026-08-30 11:48:08,017 rejected 53 malformed candidate paths that failed the re-pricing check
2026-08-30 11:48:08,123 path set: 25326 paths over 17380/20000 OD pairs (86.6% of flow served), 126731 legs
2026-08-30 11:48:08,185 period midday  : 25326 paths, 20000 OD pairs
2026-08-30 11:48:08,198 path enumeration: 20000 OD pairs, 636 origin zones, 3 scenarios, cap 4 paths/OD
2026-08-30 11:49:13,438 rejected 156 malformed candidate paths that failed the re-pricing check
2026-08-30 11:49:13,555 path set: 29302 paths over 18673/20000 OD pairs (93.6% of flow served), 147803 legs
2026-08-30 11:49:13,621 period pm_peak : 29302 paths, 20000 OD pairs
2026-08-30 11:49:13,633 path enumeration: 20000 OD pairs, 636 origin zones, 3 scenarios, cap 4 paths/OD
2026-08-30 11:50:16,989 rejected 72 malformed candidate paths that failed the re-pricing check
2026-08-30 11:50:17,091 path set: 25139 paths over 17379/20000 OD pairs (86.6% of flow served), 125302 legs
2026-08-30 11:50:17,148 period evening : 25139 paths, 20000 OD pairs
2026-08-30 11:50:17,161 path enumeration: 20000 OD pairs, 636 origin zones, 3 scenarios, cap 4 paths/OD
2026-08-30 11:51:15,313 rejected 88 malformed candidate paths that failed the re-pricing check
2026-08-30 11:51:15,413 path set: 24737 paths over 17383/20000 OD pairs (86.6% of flow served), 122389 legs
2026-08-30 11:51:15,469 period owl     : 24737 paths, 20000 OD pairs
2026-08-30 11:51:15,470 locking 28 route-periods across 14 routes in classes ('peak_express',)
2026-08-30 11:51:15,515 incumbent plan is infeasible under this budget
2026-08-30 11:52:29,366 solve lambda=2.0: obj=2.99194e+06 vh=2512.6/2517.2 exchanges=0
2026-08-30 11:52:29,372 [118/120] splice|001|021|PICBETS+splice|002|034|WESHIGW+ k=5 lam=2.0    74s  vs no-edit: unserved  +3.319%  gc  -0.554%  (elapsed 11.8h, ~0.2h left)
2026-08-30 11:52:29,738 footpaths: 15573 links (9 from transfers.txt)
2026-08-30 11:52:29,747 raptor network: 2949 stops, 111 patterns, 15573 footpaths
2026-08-30 11:52:29,856 zones: 1397 (637 with transit access within 600 m), 3938 access links
2026-08-30 11:52:29,865 route classes: {'all_day': 19, 'peak_express': 14}
2026-08-30 11:52:29,903 evaluator pricing: common_lines=same_route (explicit)
2026-08-30 11:52:29,917 path enumeration: 20000 OD pairs, 636 origin zones, 3 scenarios, cap 4 paths/OD
2026-08-30 11:53:28,790 rejected 101 malformed candidate paths that failed the re-pricing check
2026-08-30 11:53:28,880 path set: 24491 paths over 17375/20000 OD pairs (86.6% of flow served), 118972 legs
2026-08-30 11:53:28,931 period early   : 24491 paths, 20000 OD pairs
2026-08-30 11:53:28,943 path enumeration: 20000 OD pairs, 636 origin zones, 3 scenarios, cap 4 paths/OD
2026-08-30 11:54:37,226 rejected 112 malformed candidate paths that failed the re-pricing check
2026-08-30 11:54:37,338 path set: 29966 paths over 19283/20000 OD pairs (96.2% of flow served), 148612 legs
2026-08-30 11:54:37,404 period am_peak : 29966 paths, 20000 OD pairs
2026-08-30 11:54:37,416 path enumeration: 20000 OD pairs, 636 origin zones, 3 scenarios, cap 4 paths/OD
2026-08-30 11:55:38,986 rejected 70 malformed candidate paths that failed the re-pricing check
2026-08-30 11:55:39,080 path set: 25112 paths over 17377/20000 OD pairs (86.6% of flow served), 124417 legs
2026-08-30 11:55:39,135 period midday  : 25112 paths, 20000 OD pairs
2026-08-30 11:55:39,147 path enumeration: 20000 OD pairs, 636 origin zones, 3 scenarios, cap 4 paths/OD
2026-08-30 11:56:45,585 rejected 186 malformed candidate paths that failed the re-pricing check
2026-08-30 11:56:45,699 path set: 29145 paths over 18684/20000 OD pairs (93.6% of flow served), 145788 legs
2026-08-30 11:56:45,767 period pm_peak : 29145 paths, 20000 OD pairs
2026-08-30 11:56:45,779 path enumeration: 20000 OD pairs, 636 origin zones, 3 scenarios, cap 4 paths/OD
2026-08-30 11:57:49,826 rejected 117 malformed candidate paths that failed the re-pricing check
2026-08-30 11:57:49,925 path set: 24991 paths over 17376/20000 OD pairs (86.6% of flow served), 123688 legs
2026-08-30 11:57:49,983 period evening : 24991 paths, 20000 OD pairs
2026-08-30 11:57:49,996 path enumeration: 20000 OD pairs, 636 origin zones, 3 scenarios, cap 4 paths/OD
2026-08-30 11:58:48,206 rejected 90 malformed candidate paths that failed the re-pricing check
2026-08-30 11:58:48,295 path set: 23763 paths over 17381/20000 OD pairs (86.6% of flow served), 116688 legs
2026-08-30 11:58:48,345 period owl     : 23763 paths, 20000 OD pairs
2026-08-30 11:58:48,346 locking 28 route-periods across 14 routes in classes ('peak_express',)
2026-08-30 11:58:48,388 incumbent plan is infeasible under this budget
2026-08-30 11:59:56,829 solve lambda=2.0: obj=3.00558e+06 vh=2512.7/2517.2 exchanges=0
2026-08-30 11:59:56,839 [119/120] splice|001|021|PICBETS+splice|002|033|WESHIGW+ k=6 lam=2.0    68s  vs no-edit: unserved  +5.031%  gc  -0.919%  (elapsed 11.9h, ~0.1h left)
2026-08-30 11:59:57,216 footpaths: 15573 links (9 from transfers.txt)
2026-08-30 11:59:57,224 raptor network: 2949 stops, 111 patterns, 15573 footpaths
2026-08-30 11:59:57,334 zones: 1397 (637 with transit access within 600 m), 3938 access links
2026-08-30 11:59:57,342 route classes: {'all_day': 19, 'peak_express': 14}
2026-08-30 11:59:57,382 evaluator pricing: common_lines=same_route (explicit)
2026-08-30 11:59:57,396 path enumeration: 20000 OD pairs, 636 origin zones, 3 scenarios, cap 4 paths/OD
2026-08-30 12:00:54,954 rejected 100 malformed candidate paths that failed the re-pricing check
2026-08-30 12:00:55,048 path set: 25198 paths over 17304/20000 OD pairs (86.3% of flow served), 123613 legs
2026-08-30 12:00:55,100 period early   : 25198 paths, 20000 OD pairs
2026-08-30 12:00:55,112 path enumeration: 20000 OD pairs, 636 origin zones, 3 scenarios, cap 4 paths/OD
2026-08-30 12:02:04,563 rejected 101 malformed candidate paths that failed the re-pricing check
2026-08-30 12:02:04,690 path set: 30215 paths over 19281/20000 OD pairs (96.2% of flow served), 150534 legs
2026-08-30 12:02:04,764 period am_peak : 30215 paths, 20000 OD pairs
2026-08-30 12:02:04,777 path enumeration: 20000 OD pairs, 636 origin zones, 3 scenarios, cap 4 paths/OD
2026-08-30 12:03:07,119 rejected 72 malformed candidate paths that failed the re-pricing check
2026-08-30 12:03:07,218 path set: 25549 paths over 17379/20000 OD pairs (86.6% of flow served), 127839 legs
2026-08-30 12:03:07,274 period midday  : 25549 paths, 20000 OD pairs
2026-08-30 12:03:07,287 path enumeration: 20000 OD pairs, 636 origin zones, 3 scenarios, cap 4 paths/OD
2026-08-30 12:04:14,519 rejected 169 malformed candidate paths that failed the re-pricing check
2026-08-30 12:04:14,636 path set: 29509 paths over 18672/20000 OD pairs (93.6% of flow served), 148764 legs
2026-08-30 12:04:14,703 period pm_peak : 29509 paths, 20000 OD pairs
2026-08-30 12:04:14,715 path enumeration: 20000 OD pairs, 636 origin zones, 3 scenarios, cap 4 paths/OD
2026-08-30 12:05:20,091 rejected 106 malformed candidate paths that failed the re-pricing check
2026-08-30 12:05:20,193 path set: 25302 paths over 17379/20000 OD pairs (86.6% of flow served), 126236 legs
2026-08-30 12:05:20,254 period evening : 25302 paths, 20000 OD pairs
2026-08-30 12:05:20,267 path enumeration: 20000 OD pairs, 636 origin zones, 3 scenarios, cap 4 paths/OD
2026-08-30 12:06:20,955 rejected 94 malformed candidate paths that failed the re-pricing check
2026-08-30 12:06:21,054 path set: 24582 paths over 17383/20000 OD pairs (86.6% of flow served), 121239 legs
2026-08-30 12:06:21,111 period owl     : 24582 paths, 20000 OD pairs
2026-08-30 12:06:21,111 locking 28 route-periods across 14 routes in classes ('peak_express',)
2026-08-30 12:06:21,157 incumbent plan is infeasible under this budget
2026-08-30 12:07:33,099 solve lambda=2.0: obj=2.99995e+06 vh=2514.5/2517.2 exchanges=0
2026-08-30 12:07:33,109 [120/120] splice|001|021|PICBETS+splice|002|034|WESHIGW+ k=6 lam=2.0    72s  vs no-edit: unserved  +3.920%  gc  -0.501%  (elapsed 12.0h, ~0.0h left)
2026-08-30 12:07:33,245 experiment saved: /home/claude/columbus-transit-opt/outputs/experiments/exp2b_subsets_stageA_20260830T000619Z/experiment.json

========================================================================================================
EXPERIMENT 2B / D22 — joint geometry subset search, stage A
120 structurally feasible subsets, effort 60000/2/32, frozen Model B evaluator
========================================================================================================

lambda=2.0: best 12 by measured unserved demand, against the UNEDITED network
                                       set_key  cardinality  unserved_vs_noedit_pct  gc_vs_noedit_pct  gc_per_trip_vs_noedit_pct
                        splice|011|034|WESHIGW            1                 -0.5846            0.1020                    -0.1689
                        splice|033|034|WESHIGW            1                 -0.4847            0.1177                    -0.1070
                       splice|005|006|NMURBEAN            1                 -0.2724            0.2250                     0.0984
                        splice|011|033|WESHIGW            1                 -0.2332           -0.0738                    -0.1818
splice|005|006|NMURBEAN+splice|011|034|WESHIGW            2                 -0.0661            0.2102                     0.1794
                                        <none>            0                  0.0000            0.0000                     0.0000
                       splice|006|021|NMURBEAN            1                  0.0261           -0.0610                    -0.0489
                        splice|002|034|WESHIGW            1                  0.0523           -0.0129                     0.0114
                        splice|007|101|EMO4THW            1                  0.1526           -0.1438                    -0.0730
splice|006|021|NMURBEAN+splice|011|034|WESHIGW            2                  0.1719           -0.0550                     0.0248
 splice|007|101|EMO4THW+splice|011|034|WESHIGW            2                  0.2472           -0.1146                     0.0001
                        splice|008|035|BOASHAN            1                  0.2568            0.0334                     0.1528

lambda=2.0: interaction, measured effect minus the sum of member singles (floor 0.130 pts)
interaction_class
substituting    89
  most substituting:
                                                                                                            set_key  cardinality  unserved_vs_noedit_pct  sum_of_singles_unserved_pct  interaction_unserved_pts
splice|002|034|WESHIGW+splice|005|006|NMURBEAN+splice|007|101|EMO4THW+splice|008|035|BOASHAN+splice|011|033|WESHIGW            5                  2.9536                      -0.0440                    2.9975
splice|002|011|HIGFITN+splice|005|006|NMURBEAN+splice|007|101|EMO4THW+splice|008|035|BOASHAN+splice|033|034|WESHIGW            5                  2.9321                      -0.0263                    2.9583
splice|002|011|HIGFITN+splice|005|021|NMURBEAN+splice|007|101|EMO4THW+splice|008|035|BOASHAN+splice|033|034|WESHIGW            5                  3.2835                       0.6413                    2.6422
splice|002|034|WESHIGW+splice|006|021|NMURBEAN+splice|007|101|EMO4THW+splice|008|035|BOASHAN+splice|011|033|WESHIGW            5                  2.8827                       0.2546                    2.6282
                       splice|002|034|WESHIGW+splice|005|006|NMURBEAN+splice|008|035|BOASHAN+splice|011|033|WESHIGW            4                  2.2065                      -0.1966                    2.4031
  most synergistic:
                                       set_key  cardinality  unserved_vs_noedit_pct  sum_of_singles_unserved_pct  interaction_unserved_pts
 splice|002|034|WESHIGW+splice|011|033|WESHIGW            2                  0.3440                      -0.1809                    0.5250
 splice|007|101|EMO4THW+splice|008|035|BOASHAN            2                  0.9793                       0.4094                    0.5699
splice|005|021|NMURBEAN+splice|007|101|EMO4THW            2                  1.1717                       0.5477                    0.6241
 splice|008|035|BOASHAN+splice|011|034|WESHIGW            2                  0.3020                      -0.3277                    0.6297
splice|006|021|NMURBEAN+splice|008|035|BOASHAN            2                  0.9313                       0.2829                    0.6484

lambda=2.0: best set at each cardinality (NOT required to be nested)
 cardinality                                                                                                                                    set_key  unserved_vs_noedit_pct  gc_vs_noedit_pct
           1                                                                                                                     splice|011|034|WESHIGW                 -0.5846            0.1020
           2                                                                                             splice|005|006|NMURBEAN+splice|011|034|WESHIGW                 -0.0661            0.2102
           0                                                                                                                                     <none>                  0.0000            0.0000
           3                                                                      splice|006|021|NMURBEAN+splice|007|101|EMO4THW+splice|011|034|WESHIGW                  0.8093           -0.1556
           4                                               splice|005|006|NMURBEAN+splice|007|101|EMO4THW+splice|008|035|BOASHAN+splice|011|034|WESHIGW                  1.6388           -0.0247
           5                        splice|001|021|PICBETS+splice|005|006|NMURBEAN+splice|007|101|EMO4THW+splice|008|035|BOASHAN+splice|011|034|WESHIGW                  2.6286           -0.1403
           6 splice|001|021|PICBETS+splice|002|034|WESHIGW+splice|005|006|NMURBEAN+splice|007|101|EMO4THW+splice|008|035|BOASHAN+splice|011|033|WESHIGW                  3.9201           -0.5012

artifacts: /home/claude/columbus-transit-opt/outputs/experiments/exp2b_subsets_stageA_20260830T000619Z
