2026-09-02 19:02:24,180 3.1-stageB-esc: 170 cells remaining, 85 in this shard
2026-09-02 19:02:24,362 cache hit  baseline-a5bf710e8b2c9129 (53.2 MB, 0.2s)
2026-09-02 19:02:24,433 cache hit  raptor-51c3309f35ffd25f (0.6 MB, 0.0s)
2026-09-02 19:02:24,434 cache hit  zones-77edf71b615ba370 (0.2 MB, 0.0s)
2026-09-02 19:02:24,438 cache hit  od-ba345b9cb167aecb (0.5 MB, 0.0s)
2026-09-02 19:02:24,481 route classes: {'all_day': 25, 'peak_express': 14}
2026-09-02 19:02:25,340 footpaths: 15573 links (9 from transfers.txt)
2026-09-02 19:02:25,350 raptor network: 2949 stops, 111 patterns, 15573 footpaths
2026-09-02 19:02:25,498 zones: 1397 (637 with transit access within 600 m), 3938 access links
2026-09-02 19:02:25,508 route classes: {'all_day': 25, 'peak_express': 14}
2026-09-02 19:02:25,573 evaluator pricing: common_lines=same_route (explicit)
2026-09-02 19:02:25,581 period early   : 24668 paths, 20000 OD pairs
2026-09-02 19:02:25,588 period am_peak : 28763 paths, 20000 OD pairs
2026-09-02 19:02:25,594 period midday  : 24097 paths, 20000 OD pairs
2026-09-02 19:02:25,600 period pm_peak : 27986 paths, 20000 OD pairs
2026-09-02 19:02:25,605 period evening : 24058 paths, 20000 OD pairs
2026-09-02 19:02:25,610 period owl     : 22669 paths, 20000 OD pairs
2026-09-02 19:02:25,610 locking 28 route-periods across 14 routes in classes ('peak_express',)
2026-09-02 19:24:22,905 solve lambda=2.0: obj=2.95612e+06 vh=2515.1/2517.2 exchanges=0
2026-09-02 19:24:22,938 <none>                                         seed 20260825 obj=2956120.583955 restarts=40 conv=True adm=True 1318s
2026-09-02 19:24:23,855 footpaths: 15573 links (9 from transfers.txt)
2026-09-02 19:24:23,871 raptor network: 2949 stops, 111 patterns, 15573 footpaths
2026-09-02 19:24:23,998 zones: 1397 (637 with transit access within 600 m), 3938 access links
2026-09-02 19:24:24,010 route classes: {'all_day': 25, 'peak_express': 14}
2026-09-02 19:24:24,090 evaluator pricing: common_lines=same_route (explicit)
2026-09-02 19:24:24,096 period early   : 24668 paths, 20000 OD pairs
2026-09-02 19:24:24,102 period am_peak : 28763 paths, 20000 OD pairs
2026-09-02 19:24:24,108 period midday  : 24097 paths, 20000 OD pairs
2026-09-02 19:24:24,113 period pm_peak : 27986 paths, 20000 OD pairs
2026-09-02 19:24:24,118 period evening : 24058 paths, 20000 OD pairs
2026-09-02 19:24:24,124 period owl     : 22669 paths, 20000 OD pairs
2026-09-02 19:24:24,124 locking 28 route-periods across 14 routes in classes ('peak_express',)
2026-09-02 19:46:13,196 solve lambda=2.0: obj=2.95601e+06 vh=2515.9/2517.2 exchanges=36
2026-09-02 19:46:13,236 <none>                                         seed 20260827 obj=2956008.528225 restarts=40 conv=True adm=True 1310s
2026-09-02 19:46:13,577 stopping cleanly: 1650s needed for <none>/20260829, 771s left
2026-09-02 19:46:13,578 slice ran 2 cells
2026-09-02 19:46:17,223 3.1-stageB-esc: 167 cells remaining, 83 in this shard
2026-09-02 19:46:17,521 cache hit  baseline-a5bf710e8b2c9129 (53.2 MB, 0.3s)
2026-09-02 19:46:17,575 cache hit  raptor-51c3309f35ffd25f (0.6 MB, 0.0s)
2026-09-02 19:46:17,576 cache hit  zones-77edf71b615ba370 (0.2 MB, 0.0s)
2026-09-02 19:46:17,577 cache hit  od-ba345b9cb167aecb (0.5 MB, 0.0s)
2026-09-02 19:46:17,594 route classes: {'all_day': 25, 'peak_express': 14}
2026-09-02 19:46:18,307 footpaths: 15573 links (9 from transfers.txt)
2026-09-02 19:46:18,321 raptor network: 2949 stops, 111 patterns, 15573 footpaths
2026-09-02 19:46:18,466 zones: 1397 (637 with transit access within 600 m), 3938 access links
2026-09-02 19:46:18,482 route classes: {'all_day': 25, 'peak_express': 14}
2026-09-02 19:46:18,548 evaluator pricing: common_lines=same_route (explicit)
2026-09-02 19:46:18,555 period early   : 24668 paths, 20000 OD pairs
2026-09-02 19:46:18,562 period am_peak : 28763 paths, 20000 OD pairs
2026-09-02 19:46:18,568 period midday  : 24097 paths, 20000 OD pairs
2026-09-02 19:46:18,574 period pm_peak : 27986 paths, 20000 OD pairs
2026-09-02 19:46:18,579 period evening : 24058 paths, 20000 OD pairs
2026-09-02 19:46:18,584 period owl     : 22669 paths, 20000 OD pairs
2026-09-02 19:46:18,585 locking 28 route-periods across 14 routes in classes ('peak_express',)
2026-09-02 20:07:01,607 solve lambda=2.0: obj=2.95596e+06 vh=2516.4/2517.2 exchanges=38
2026-09-02 20:07:01,648 <none>                                         seed 20260829 obj=2955959.878116 restarts=40 conv=True adm=True 1244s
2026-09-02 20:07:03,516 footpaths: 15573 links (9 from transfers.txt)
2026-09-02 20:07:03,534 raptor network: 2949 stops, 111 patterns, 15573 footpaths
2026-09-02 20:07:03,663 zones: 1397 (637 with transit access within 600 m), 3938 access links
2026-09-02 20:07:03,673 route classes: {'all_day': 25, 'peak_express': 14}
2026-09-02 20:07:03,807 evaluator pricing: common_lines=same_route (explicit)
2026-09-02 20:07:03,814 period early   : 24674 paths, 20000 OD pairs
2026-09-02 20:07:03,820 period am_peak : 28749 paths, 20000 OD pairs
2026-09-02 20:07:03,825 period midday  : 24078 paths, 20000 OD pairs
2026-09-02 20:07:03,831 period pm_peak : 27955 paths, 20000 OD pairs
2026-09-02 20:07:03,837 period evening : 24047 paths, 20000 OD pairs
2026-09-02 20:07:03,842 period owl     : 22648 paths, 20000 OD pairs
2026-09-02 20:07:03,842 locking 28 route-periods across 14 routes in classes ('peak_express',)
2026-09-02 20:07:03,873      incumbent rescaled x1.0000
2026-09-02 20:27:31,968 solve lambda=2.0: obj=2.95538e+06 vh=2516.2/2517.2 exchanges=44
2026-09-02 20:27:32,010 add_stop-004#27407b151153                      seed 20260826 obj=2955375.705179 restarts=40 conv=True adm=True 1229s
2026-09-02 20:27:33,519 stopping cleanly: 1650s needed for add_stop-004#27407b151153/20260828, 924s left
2026-09-02 20:27:33,519 slice ran 2 cells
2026-09-02 20:27:36,780 3.1-stageB-esc: 163 cells remaining, 81 in this shard
2026-09-02 20:27:36,990 cache hit  baseline-a5bf710e8b2c9129 (53.2 MB, 0.2s)
2026-09-02 20:27:37,052 cache hit  raptor-51c3309f35ffd25f (0.6 MB, 0.0s)
2026-09-02 20:27:37,053 cache hit  zones-77edf71b615ba370 (0.2 MB, 0.0s)
2026-09-02 20:27:37,055 cache hit  od-ba345b9cb167aecb (0.5 MB, 0.0s)
2026-09-02 20:27:37,083 route classes: {'all_day': 25, 'peak_express': 14}
2026-09-02 20:27:37,647 footpaths: 15573 links (9 from transfers.txt)
2026-09-02 20:27:37,657 raptor network: 2949 stops, 111 patterns, 15573 footpaths
2026-09-02 20:27:37,771 zones: 1397 (637 with transit access within 600 m), 3938 access links
2026-09-02 20:27:37,781 route classes: {'all_day': 25, 'peak_express': 14}
2026-09-02 20:27:37,858 evaluator pricing: common_lines=same_route (explicit)
2026-09-02 20:27:37,865 period early   : 24674 paths, 20000 OD pairs
2026-09-02 20:27:37,872 period am_peak : 28749 paths, 20000 OD pairs
2026-09-02 20:27:37,877 period midday  : 24078 paths, 20000 OD pairs
2026-09-02 20:27:37,883 period pm_peak : 27955 paths, 20000 OD pairs
2026-09-02 20:27:37,888 period evening : 24047 paths, 20000 OD pairs
2026-09-02 20:27:37,893 period owl     : 22648 paths, 20000 OD pairs
2026-09-02 20:27:37,893 locking 28 route-periods across 14 routes in classes ('peak_express',)
2026-09-02 20:27:37,928      incumbent rescaled x1.0000
2026-09-02 20:49:02,077 solve lambda=2.0: obj=2.95552e+06 vh=2516.6/2517.2 exchanges=114
2026-09-02 20:49:02,109 add_stop-004#27407b151153                      seed 20260828 obj=2955521.623376 restarts=40 conv=True adm=True 1285s
2026-09-02 20:49:04,084 footpaths: 15573 links (9 from transfers.txt)
2026-09-02 20:49:04,098 raptor network: 2949 stops, 111 patterns, 15573 footpaths
2026-09-02 20:49:04,210 zones: 1397 (637 with transit access within 600 m), 3938 access links
2026-09-02 20:49:04,221 route classes: {'all_day': 25, 'peak_express': 14}
2026-09-02 20:49:04,273 evaluator pricing: common_lines=same_route (explicit)
2026-09-02 20:49:04,279 period early   : 24680 paths, 20000 OD pairs
2026-09-02 20:49:04,285 period am_peak : 28765 paths, 20000 OD pairs
2026-09-02 20:49:04,291 period midday  : 24098 paths, 20000 OD pairs
2026-09-02 20:49:04,297 period pm_peak : 27984 paths, 20000 OD pairs
2026-09-02 20:49:04,302 period evening : 24058 paths, 20000 OD pairs
2026-09-02 20:49:04,307 period owl     : 22669 paths, 20000 OD pairs
2026-09-02 20:49:04,307 locking 28 route-periods across 14 routes in classes ('peak_express',)
2026-09-02 21:09:23,120 solve lambda=2.0: obj=2.95542e+06 vh=2516.6/2517.2 exchanges=37
2026-09-02 21:09:23,152 add_stop-006#9aecfd5100eb                      seed 20260825 obj=2955416.171940 restarts=40 conv=True adm=True 1219s
2026-09-02 21:09:24,524 stopping cleanly: 1650s needed for add_stop-006#9aecfd5100eb/20260827, 892s left
2026-09-02 21:09:24,524 slice ran 2 cells
2026-09-02 21:09:27,633 3.1-stageB-esc: 159 cells remaining, 79 in this shard
2026-09-02 21:09:27,803 cache hit  baseline-a5bf710e8b2c9129 (53.2 MB, 0.2s)
2026-09-02 21:09:27,847 cache hit  raptor-51c3309f35ffd25f (0.6 MB, 0.0s)
2026-09-02 21:09:27,849 cache hit  zones-77edf71b615ba370 (0.2 MB, 0.0s)
2026-09-02 21:09:27,850 cache hit  od-ba345b9cb167aecb (0.5 MB, 0.0s)
2026-09-02 21:09:27,881 route classes: {'all_day': 25, 'peak_express': 14}
2026-09-02 21:09:28,486 footpaths: 15573 links (9 from transfers.txt)
2026-09-02 21:09:28,498 raptor network: 2949 stops, 111 patterns, 15573 footpaths
2026-09-02 21:09:28,607 zones: 1397 (637 with transit access within 600 m), 3938 access links
2026-09-02 21:09:28,618 route classes: {'all_day': 25, 'peak_express': 14}
2026-09-02 21:09:28,687 evaluator pricing: common_lines=same_route (explicit)
2026-09-02 21:09:28,695 period early   : 24680 paths, 20000 OD pairs
2026-09-02 21:09:28,702 period am_peak : 28765 paths, 20000 OD pairs
2026-09-02 21:09:28,707 period midday  : 24098 paths, 20000 OD pairs
2026-09-02 21:09:28,712 period pm_peak : 27984 paths, 20000 OD pairs
2026-09-02 21:09:28,718 period evening : 24058 paths, 20000 OD pairs
2026-09-02 21:09:28,723 period owl     : 22669 paths, 20000 OD pairs
2026-09-02 21:09:28,723 locking 28 route-periods across 14 routes in classes ('peak_express',)
2026-09-02 21:22:13,095 3.1-stageB-esc: 158 cells remaining, 79 in this shard
2026-09-02 21:22:14,840 cache hit  baseline-a5bf710e8b2c9129 (53.2 MB, 1.7s)
2026-09-02 21:22:15,062 cache hit  raptor-51c3309f35ffd25f (0.6 MB, 0.0s)
2026-09-02 21:22:15,064 cache hit  zones-77edf71b615ba370 (0.2 MB, 0.0s)
2026-09-02 21:22:15,066 cache hit  od-ba345b9cb167aecb (0.5 MB, 0.0s)
2026-09-02 21:22:15,085 route classes: {'all_day': 25, 'peak_express': 14}
2026-09-02 21:22:17,286 footpaths: 15573 links (9 from transfers.txt)
2026-09-02 21:22:17,293 raptor network: 2949 stops, 111 patterns, 15573 footpaths
2026-09-02 21:22:17,379 zones: 1397 (637 with transit access within 600 m), 3938 access links
2026-09-02 21:22:17,385 route classes: {'all_day': 25, 'peak_express': 14}
2026-09-02 21:22:17,430 evaluator pricing: common_lines=same_route (explicit)
2026-09-02 21:22:17,435 period early   : 24680 paths, 20000 OD pairs
2026-09-02 21:22:17,440 period am_peak : 28765 paths, 20000 OD pairs
2026-09-02 21:22:17,444 period midday  : 24098 paths, 20000 OD pairs
2026-09-02 21:22:17,448 period pm_peak : 27984 paths, 20000 OD pairs
2026-09-02 21:22:17,452 period evening : 24058 paths, 20000 OD pairs
2026-09-02 21:22:17,455 period owl     : 22669 paths, 20000 OD pairs
2026-09-02 21:22:17,456 locking 28 route-periods across 14 routes in classes ('peak_express',)
2026-09-02 21:37:33,200 solve lambda=2.0: obj=2.9556e+06 vh=2514.5/2517.2 exchanges=0
2026-09-02 21:37:33,221 add_stop-006#9aecfd5100eb                      seed 20260827 obj=2955599.789507 restarts=40 conv=True adm=True 916s
2026-09-02 21:37:34,606 footpaths: 15573 links (9 from transfers.txt)
2026-09-02 21:37:34,615 raptor network: 2949 stops, 111 patterns, 15573 footpaths
2026-09-02 21:37:34,712 zones: 1397 (637 with transit access within 600 m), 3938 access links
2026-09-02 21:37:34,720 route classes: {'all_day': 25, 'peak_express': 14}
2026-09-02 21:37:34,764 evaluator pricing: common_lines=same_route (explicit)
2026-09-02 21:37:34,769 period early   : 24680 paths, 20000 OD pairs
2026-09-02 21:37:34,775 period am_peak : 28765 paths, 20000 OD pairs
2026-09-02 21:37:34,779 period midday  : 24098 paths, 20000 OD pairs
2026-09-02 21:37:34,785 period pm_peak : 27984 paths, 20000 OD pairs
2026-09-02 21:37:34,790 period evening : 24058 paths, 20000 OD pairs
2026-09-02 21:37:34,793 period owl     : 22669 paths, 20000 OD pairs
2026-09-02 21:37:34,793 locking 28 route-periods across 14 routes in classes ('peak_express',)
2026-09-02 21:53:02,256 solve lambda=2.0: obj=2.9556e+06 vh=2514.5/2517.2 exchanges=0
2026-09-02 21:53:02,276 add_stop-006#9aecfd5100eb                      seed 20260829 obj=2955599.789507 restarts=40 conv=True adm=True 928s
2026-09-02 21:53:03,754 stopping cleanly: 1650s needed for add_stop-008#f178c37040f5/20260826, 1549s left
2026-09-02 21:53:03,755 slice ran 2 cells
2026-09-02 21:53:06,394 3.1-stageB-esc: 155 cells remaining, 77 in this shard
2026-09-02 21:53:06,674 cache hit  baseline-a5bf710e8b2c9129 (53.2 MB, 0.3s)
2026-09-02 21:53:06,717 cache hit  raptor-51c3309f35ffd25f (0.6 MB, 0.0s)
2026-09-02 21:53:06,717 cache hit  zones-77edf71b615ba370 (0.2 MB, 0.0s)
2026-09-02 21:53:06,718 cache hit  od-ba345b9cb167aecb (0.5 MB, 0.0s)
2026-09-02 21:53:06,743 route classes: {'all_day': 25, 'peak_express': 14}
2026-09-02 21:53:07,506 footpaths: 15573 links (9 from transfers.txt)
2026-09-02 21:53:07,514 raptor network: 2949 stops, 111 patterns, 15573 footpaths
2026-09-02 21:53:07,611 zones: 1397 (637 with transit access within 600 m), 3938 access links
2026-09-02 21:53:07,620 route classes: {'all_day': 25, 'peak_express': 14}
2026-09-02 21:53:07,686 evaluator pricing: common_lines=same_route (explicit)
2026-09-02 21:53:07,693 period early   : 24665 paths, 20000 OD pairs
2026-09-02 21:53:07,698 period am_peak : 28762 paths, 20000 OD pairs
2026-09-02 21:53:07,703 period midday  : 24099 paths, 20000 OD pairs
2026-09-02 21:53:07,709 period pm_peak : 27989 paths, 20000 OD pairs
2026-09-02 21:53:07,713 period evening : 24057 paths, 20000 OD pairs
2026-09-02 21:53:07,718 period owl     : 22669 paths, 20000 OD pairs
2026-09-02 21:53:07,718 locking 28 route-periods across 14 routes in classes ('peak_express',)
2026-09-02 22:08:51,718 solve lambda=2.0: obj=2.95579e+06 vh=2516.0/2517.2 exchanges=41
2026-09-02 22:08:51,735 add_stop-008#f178c37040f5                      seed 20260826 obj=2955792.957669 restarts=40 conv=True adm=True 944s
2026-09-02 22:08:53,330 footpaths: 15573 links (9 from transfers.txt)
2026-09-02 22:08:53,338 raptor network: 2949 stops, 111 patterns, 15573 footpaths
2026-09-02 22:08:53,438 zones: 1397 (637 with transit access within 600 m), 3938 access links
2026-09-02 22:08:53,447 route classes: {'all_day': 25, 'peak_express': 14}
2026-09-02 22:08:53,488 evaluator pricing: common_lines=same_route (explicit)
2026-09-02 22:08:53,494 period early   : 24665 paths, 20000 OD pairs
2026-09-02 22:08:53,500 period am_peak : 28762 paths, 20000 OD pairs
2026-09-02 22:08:53,505 period midday  : 24099 paths, 20000 OD pairs
2026-09-02 22:08:53,510 period pm_peak : 27989 paths, 20000 OD pairs
2026-09-02 22:08:53,515 period evening : 24057 paths, 20000 OD pairs
2026-09-02 22:08:53,520 period owl     : 22669 paths, 20000 OD pairs
2026-09-02 22:08:53,520 locking 28 route-periods across 14 routes in classes ('peak_express',)
2026-09-02 22:12:36,137 3.1-stageB-esc: 152 cells remaining, 76 in this shard
2026-09-02 22:12:38,272 cache hit  baseline-a5bf710e8b2c9129 (53.2 MB, 2.1s)
2026-09-02 22:12:38,459 cache hit  raptor-51c3309f35ffd25f (0.6 MB, 0.0s)
2026-09-02 22:12:38,460 cache hit  zones-77edf71b615ba370 (0.2 MB, 0.0s)
2026-09-02 22:12:38,462 cache hit  od-ba345b9cb167aecb (0.5 MB, 0.0s)
2026-09-02 22:12:38,491 route classes: {'all_day': 25, 'peak_express': 14}
2026-09-02 22:12:41,833 footpaths: 15573 links (9 from transfers.txt)
2026-09-02 22:12:41,849 raptor network: 2949 stops, 111 patterns, 15573 footpaths
2026-09-02 22:12:42,006 zones: 1397 (637 with transit access within 600 m), 3938 access links
2026-09-02 22:12:42,018 route classes: {'all_day': 25, 'peak_express': 14}
2026-09-02 22:12:42,106 evaluator pricing: common_lines=same_route (explicit)
2026-09-02 22:12:42,114 period early   : 24665 paths, 20000 OD pairs
2026-09-02 22:12:42,121 period am_peak : 28762 paths, 20000 OD pairs
2026-09-02 22:12:42,126 period midday  : 24099 paths, 20000 OD pairs
2026-09-02 22:12:42,132 period pm_peak : 27989 paths, 20000 OD pairs
2026-09-02 22:12:42,138 period evening : 24057 paths, 20000 OD pairs
2026-09-02 22:12:42,143 period owl     : 22669 paths, 20000 OD pairs
2026-09-02 22:12:42,144 locking 28 route-periods across 14 routes in classes ('peak_express',)
2026-09-02 22:19:07,529 3.1-stageB-esc: 152 cells remaining, 76 in this shard
2026-09-02 22:19:09,166 cache hit  baseline-a5bf710e8b2c9129 (53.2 MB, 1.6s)
2026-09-02 22:19:09,312 cache hit  raptor-51c3309f35ffd25f (0.6 MB, 0.0s)
2026-09-02 22:19:09,314 cache hit  zones-77edf71b615ba370 (0.2 MB, 0.0s)
2026-09-02 22:19:09,315 cache hit  od-ba345b9cb167aecb (0.5 MB, 0.0s)
2026-09-02 22:19:09,337 route classes: {'all_day': 25, 'peak_express': 14}
2026-09-02 22:19:12,006 footpaths: 15573 links (9 from transfers.txt)
2026-09-02 22:19:12,015 raptor network: 2949 stops, 111 patterns, 15573 footpaths
2026-09-02 22:19:12,120 zones: 1397 (637 with transit access within 600 m), 3938 access links
2026-09-02 22:19:12,128 route classes: {'all_day': 25, 'peak_express': 14}
2026-09-02 22:19:12,189 evaluator pricing: common_lines=same_route (explicit)
2026-09-02 22:19:12,195 period early   : 24665 paths, 20000 OD pairs
2026-09-02 22:19:12,201 period am_peak : 28762 paths, 20000 OD pairs
2026-09-02 22:19:12,206 period midday  : 24099 paths, 20000 OD pairs
2026-09-02 22:19:12,211 period pm_peak : 27989 paths, 20000 OD pairs
2026-09-02 22:19:12,216 period evening : 24057 paths, 20000 OD pairs
2026-09-02 22:19:12,221 period owl     : 22669 paths, 20000 OD pairs
2026-09-02 22:19:12,221 locking 28 route-periods across 14 routes in classes ('peak_express',)
2026-09-02 22:36:24,285 solve lambda=2.0: obj=2.95588e+06 vh=2514.7/2517.2 exchanges=0
2026-09-02 22:36:24,303 add_stop-008#f178c37040f5                      seed 20260828 obj=2955879.486053 restarts=40 conv=True adm=True 1033s
2026-09-02 22:36:25,703 footpaths: 15573 links (9 from transfers.txt)
2026-09-02 22:36:25,712 raptor network: 2949 stops, 111 patterns, 15573 footpaths
2026-09-02 22:36:25,815 zones: 1397 (637 with transit access within 600 m), 3938 access links
2026-09-02 22:36:25,824 route classes: {'all_day': 25, 'peak_express': 14}
2026-09-02 22:36:25,868 evaluator pricing: common_lines=same_route (explicit)
2026-09-02 22:36:25,874 period early   : 24668 paths, 20000 OD pairs
2026-09-02 22:36:25,880 period am_peak : 28770 paths, 20000 OD pairs
2026-09-02 22:36:25,884 period midday  : 24092 paths, 20000 OD pairs
2026-09-02 22:36:25,890 period pm_peak : 28087 paths, 20000 OD pairs
2026-09-02 22:36:25,894 period evening : 24058 paths, 20000 OD pairs
2026-09-02 22:36:25,899 period owl     : 22669 paths, 20000 OD pairs
2026-09-02 22:36:25,899 locking 28 route-periods across 14 routes in classes ('peak_express',)
2026-09-02 22:36:25,927      incumbent rescaled x1.0020
2026-09-02 22:53:58,344 solve lambda=2.0: obj=2.95496e+06 vh=2514.7/2517.2 exchanges=0
2026-09-02 22:53:58,363 add_stop-033#273b2cd43dfd                      seed 20260825 obj=2954961.470336 restarts=40 conv=True adm=True 1053s
2026-09-02 22:53:59,487 stopping cleanly: 1650s needed for add_stop-033#273b2cd43dfd/20260827, 1308s left
2026-09-02 22:53:59,487 slice ran 2 cells
2026-09-02 22:54:02,235 3.1-stageB-esc: 149 cells remaining, 74 in this shard
2026-09-02 22:54:02,515 cache hit  baseline-a5bf710e8b2c9129 (53.2 MB, 0.3s)
2026-09-02 22:54:02,548 cache hit  raptor-51c3309f35ffd25f (0.6 MB, 0.0s)
2026-09-02 22:54:02,548 cache hit  zones-77edf71b615ba370 (0.2 MB, 0.0s)
2026-09-02 22:54:02,549 cache hit  od-ba345b9cb167aecb (0.5 MB, 0.0s)
2026-09-02 22:54:02,559 route classes: {'all_day': 25, 'peak_express': 14}
2026-09-02 22:54:03,233 footpaths: 15573 links (9 from transfers.txt)
2026-09-02 22:54:03,242 raptor network: 2949 stops, 111 patterns, 15573 footpaths
2026-09-02 22:54:03,337 zones: 1397 (637 with transit access within 600 m), 3938 access links
2026-09-02 22:54:03,346 route classes: {'all_day': 25, 'peak_express': 14}
2026-09-02 22:54:03,405 evaluator pricing: common_lines=same_route (explicit)
2026-09-02 22:54:03,411 period early   : 24668 paths, 20000 OD pairs
2026-09-02 22:54:03,417 period am_peak : 28770 paths, 20000 OD pairs
2026-09-02 22:54:03,421 period midday  : 24092 paths, 20000 OD pairs
2026-09-02 22:54:03,427 period pm_peak : 28087 paths, 20000 OD pairs
2026-09-02 22:54:03,436 period evening : 24058 paths, 20000 OD pairs
2026-09-02 22:54:03,440 period owl     : 22669 paths, 20000 OD pairs
2026-09-02 22:54:03,440 locking 28 route-periods across 14 routes in classes ('peak_express',)
2026-09-02 22:54:03,469      incumbent rescaled x1.0020
2026-09-02 23:10:52,711 solve lambda=2.0: obj=2.95496e+06 vh=2514.7/2517.2 exchanges=0
2026-09-02 23:10:53,039 add_stop-033#273b2cd43dfd                      seed 20260827 obj=2954961.470336 restarts=40 conv=True adm=True 1010s
2026-09-02 23:10:54,827 footpaths: 15573 links (9 from transfers.txt)
2026-09-02 23:10:54,836 raptor network: 2949 stops, 111 patterns, 15573 footpaths
2026-09-02 23:10:54,937 zones: 1397 (637 with transit access within 600 m), 3938 access links
2026-09-02 23:10:54,946 route classes: {'all_day': 25, 'peak_express': 14}
2026-09-02 23:10:54,988 evaluator pricing: common_lines=same_route (explicit)
2026-09-02 23:10:54,994 period early   : 24668 paths, 20000 OD pairs
2026-09-02 23:10:55,000 period am_peak : 28770 paths, 20000 OD pairs
2026-09-02 23:10:55,005 period midday  : 24092 paths, 20000 OD pairs
2026-09-02 23:10:55,011 period pm_peak : 28087 paths, 20000 OD pairs
2026-09-02 23:10:55,016 period evening : 24058 paths, 20000 OD pairs
2026-09-02 23:10:55,021 period owl     : 22669 paths, 20000 OD pairs
2026-09-02 23:10:55,021 locking 28 route-periods across 14 routes in classes ('peak_express',)
2026-09-02 23:10:55,051      incumbent rescaled x1.0020
2026-09-02 23:27:44,341 solve lambda=2.0: obj=2.95496e+06 vh=2514.7/2517.2 exchanges=0
2026-09-02 23:27:44,359 add_stop-033#273b2cd43dfd                      seed 20260829 obj=2954961.470336 restarts=40 conv=True adm=True 1010s
2026-09-02 23:27:45,403 stopping cleanly: 1650s needed for add_stop-102#78da77548338/20260826, 1377s left
2026-09-02 23:27:45,403 slice ran 2 cells
2026-09-02 23:27:47,830 3.1-stageB-esc: 145 cells remaining, 72 in this shard
2026-09-02 23:27:47,934 cache hit  baseline-a5bf710e8b2c9129 (53.2 MB, 0.1s)
2026-09-02 23:27:47,974 cache hit  raptor-51c3309f35ffd25f (0.6 MB, 0.0s)
2026-09-02 23:27:47,975 cache hit  zones-77edf71b615ba370 (0.2 MB, 0.0s)
2026-09-02 23:27:47,976 cache hit  od-ba345b9cb167aecb (0.5 MB, 0.0s)
2026-09-02 23:27:47,995 route classes: {'all_day': 25, 'peak_express': 14}
2026-09-02 23:27:48,672 footpaths: 15573 links (9 from transfers.txt)
2026-09-02 23:27:48,680 raptor network: 2949 stops, 111 patterns, 15573 footpaths
2026-09-02 23:27:48,775 zones: 1397 (637 with transit access within 600 m), 3938 access links
2026-09-02 23:27:48,784 route classes: {'all_day': 25, 'peak_express': 14}
2026-09-02 23:27:48,841 evaluator pricing: common_lines=same_route (explicit)
2026-09-02 23:27:48,848 period early   : 24677 paths, 20000 OD pairs
2026-09-02 23:27:48,854 period am_peak : 28752 paths, 20000 OD pairs
2026-09-02 23:27:48,858 period midday  : 24065 paths, 20000 OD pairs
2026-09-02 23:27:48,864 period pm_peak : 27954 paths, 20000 OD pairs
2026-09-02 23:27:48,868 period evening : 24058 paths, 20000 OD pairs
2026-09-02 23:27:48,872 period owl     : 22669 paths, 20000 OD pairs
2026-09-02 23:27:48,873 locking 28 route-periods across 14 routes in classes ('peak_express',)
2026-09-02 23:27:48,903      incumbent rescaled x1.0001
2026-09-02 23:45:17,501 solve lambda=2.0: obj=2.95586e+06 vh=2516.3/2517.2 exchanges=38
2026-09-02 23:45:17,522 add_stop-102#78da77548338                      seed 20260826 obj=2955857.336777 restarts=40 conv=True adm=True 1049s
2026-09-02 23:45:18,825 footpaths: 15573 links (9 from transfers.txt)
2026-09-02 23:45:18,835 raptor network: 2949 stops, 111 patterns, 15573 footpaths
2026-09-02 23:45:18,938 zones: 1397 (637 with transit access within 600 m), 3938 access links
2026-09-02 23:45:18,947 route classes: {'all_day': 25, 'peak_express': 14}
2026-09-02 23:45:18,988 evaluator pricing: common_lines=same_route (explicit)
2026-09-02 23:45:18,994 period early   : 24677 paths, 20000 OD pairs
2026-09-02 23:45:18,999 period am_peak : 28752 paths, 20000 OD pairs
2026-09-02 23:45:19,004 period midday  : 24065 paths, 20000 OD pairs
2026-09-02 23:45:19,009 period pm_peak : 27954 paths, 20000 OD pairs
2026-09-02 23:45:19,014 period evening : 24058 paths, 20000 OD pairs
2026-09-02 23:45:19,018 period owl     : 22669 paths, 20000 OD pairs
2026-09-02 23:45:19,018 locking 28 route-periods across 14 routes in classes ('peak_express',)
2026-09-02 23:45:19,049      incumbent rescaled x1.0001
2026-09-03 00:02:23,446 solve lambda=2.0: obj=2.95593e+06 vh=2516.5/2517.2 exchanges=87
2026-09-03 00:02:23,462 add_stop-102#78da77548338                      seed 20260828 obj=2955928.633305 restarts=40 conv=True adm=True 1025s
2026-09-03 00:02:24,841 stopping cleanly: 1650s needed for add_stop-141#2fc0aa211ecb/20260825, 1323s left
2026-09-03 00:02:24,841 slice ran 2 cells
2026-09-03 00:02:27,470 3.1-stageB-esc: 141 cells remaining, 70 in this shard
2026-09-03 00:02:27,586 cache hit  baseline-a5bf710e8b2c9129 (53.2 MB, 0.1s)
2026-09-03 00:02:27,629 cache hit  raptor-51c3309f35ffd25f (0.6 MB, 0.0s)
2026-09-03 00:02:27,630 cache hit  zones-77edf71b615ba370 (0.2 MB, 0.0s)
2026-09-03 00:02:27,631 cache hit  od-ba345b9cb167aecb (0.5 MB, 0.0s)
2026-09-03 00:02:27,650 route classes: {'all_day': 25, 'peak_express': 14}
2026-09-03 00:02:28,195 footpaths: 15573 links (9 from transfers.txt)
2026-09-03 00:02:28,204 raptor network: 2949 stops, 111 patterns, 15573 footpaths
2026-09-03 00:02:28,308 zones: 1397 (637 with transit access within 600 m), 3938 access links
2026-09-03 00:02:28,316 route classes: {'all_day': 25, 'peak_express': 14}
2026-09-03 00:02:28,379 evaluator pricing: common_lines=same_route (explicit)
2026-09-03 00:02:28,385 period early   : 24668 paths, 20000 OD pairs
2026-09-03 00:02:28,391 period am_peak : 28763 paths, 20000 OD pairs
2026-09-03 00:02:28,396 period midday  : 24099 paths, 20000 OD pairs
2026-09-03 00:02:28,402 period pm_peak : 28012 paths, 20000 OD pairs
2026-09-03 00:02:28,406 period evening : 24060 paths, 20000 OD pairs
2026-09-03 00:02:28,411 period owl     : 22669 paths, 20000 OD pairs
2026-09-03 00:02:28,411 locking 28 route-periods across 14 routes in classes ('peak_express',)
2026-09-03 00:02:28,441      incumbent rescaled x1.0000
2026-09-03 00:20:21,052 solve lambda=2.0: obj=2.9561e+06 vh=2515.2/2517.2 exchanges=0
2026-09-03 00:20:21,077 add_stop-141#2fc0aa211ecb                      seed 20260825 obj=2956104.644432 restarts=40 conv=True adm=True 1073s
2026-09-03 00:20:22,411 footpaths: 15573 links (9 from transfers.txt)
2026-09-03 00:20:22,420 raptor network: 2949 stops, 111 patterns, 15573 footpaths
2026-09-03 00:20:22,516 zones: 1397 (637 with transit access within 600 m), 3938 access links
2026-09-03 00:20:22,525 route classes: {'all_day': 25, 'peak_express': 14}
2026-09-03 00:20:22,565 evaluator pricing: common_lines=same_route (explicit)
2026-09-03 00:20:22,570 period early   : 24668 paths, 20000 OD pairs
2026-09-03 00:20:22,576 period am_peak : 28763 paths, 20000 OD pairs
2026-09-03 00:20:22,581 period midday  : 24099 paths, 20000 OD pairs
2026-09-03 00:20:22,586 period pm_peak : 28012 paths, 20000 OD pairs
2026-09-03 00:20:22,592 period evening : 24060 paths, 20000 OD pairs
2026-09-03 00:20:22,600 period owl     : 22669 paths, 20000 OD pairs
2026-09-03 00:20:22,600 locking 28 route-periods across 14 routes in classes ('peak_express',)
2026-09-03 00:20:22,628      incumbent rescaled x1.0000
2026-09-03 00:38:10,023 solve lambda=2.0: obj=2.95599e+06 vh=2515.9/2517.2 exchanges=36
2026-09-03 00:38:10,041 add_stop-141#2fc0aa211ecb                      seed 20260827 obj=2955992.590413 restarts=40 conv=True adm=True 1068s
2026-09-03 00:38:11,357 stopping cleanly: 1650s needed for add_stop-141#2fc0aa211ecb/20260829, 1256s left
2026-09-03 00:38:11,357 slice ran 2 cells
2026-09-03 00:38:13,879 3.1-stageB-esc: 137 cells remaining, 68 in this shard
2026-09-03 00:38:13,972 cache hit  baseline-a5bf710e8b2c9129 (53.2 MB, 0.1s)
2026-09-03 00:38:14,014 cache hit  raptor-51c3309f35ffd25f (0.6 MB, 0.0s)
2026-09-03 00:38:14,015 cache hit  zones-77edf71b615ba370 (0.2 MB, 0.0s)
2026-09-03 00:38:14,016 cache hit  od-ba345b9cb167aecb (0.5 MB, 0.0s)
2026-09-03 00:38:14,027 route classes: {'all_day': 25, 'peak_express': 14}
2026-09-03 00:38:14,537 footpaths: 15573 links (9 from transfers.txt)
2026-09-03 00:38:14,547 raptor network: 2949 stops, 111 patterns, 15573 footpaths
2026-09-03 00:38:14,646 zones: 1397 (637 with transit access within 600 m), 3938 access links
2026-09-03 00:38:14,655 route classes: {'all_day': 25, 'peak_express': 14}
2026-09-03 00:38:14,709 evaluator pricing: common_lines=same_route (explicit)
2026-09-03 00:38:14,715 period early   : 24668 paths, 20000 OD pairs
2026-09-03 00:38:14,721 period am_peak : 28763 paths, 20000 OD pairs
2026-09-03 00:38:14,725 period midday  : 24099 paths, 20000 OD pairs
2026-09-03 00:38:14,731 period pm_peak : 28012 paths, 20000 OD pairs
2026-09-03 00:38:14,736 period evening : 24060 paths, 20000 OD pairs
2026-09-03 00:38:14,741 period owl     : 22669 paths, 20000 OD pairs
2026-09-03 00:38:14,741 locking 28 route-periods across 14 routes in classes ('peak_express',)
2026-09-03 00:38:14,769      incumbent rescaled x1.0000
2026-09-03 00:55:39,181 solve lambda=2.0: obj=2.95598e+06 vh=2516.3/2517.2 exchanges=38
2026-09-03 00:55:39,198 add_stop-141#2fc0aa211ecb                      seed 20260829 obj=2955984.155801 restarts=40 conv=True adm=True 1045s
2026-09-03 00:55:40,875 footpaths: 15573 links (9 from transfers.txt)
2026-09-03 00:55:40,884 raptor network: 2949 stops, 111 patterns, 15573 footpaths
2026-09-03 00:55:41,000 zones: 1397 (637 with transit access within 600 m), 3938 access links
2026-09-03 00:55:41,010 route classes: {'all_day': 25, 'peak_express': 14}
2026-09-03 00:55:41,051 evaluator pricing: common_lines=same_route (explicit)
2026-09-03 00:55:41,057 period early   : 24678 paths, 20000 OD pairs
2026-09-03 00:55:41,062 period am_peak : 28765 paths, 20000 OD pairs
2026-09-03 00:55:41,067 period midday  : 24102 paths, 20000 OD pairs
2026-09-03 00:55:41,074 period pm_peak : 27988 paths, 20000 OD pairs
2026-09-03 00:55:41,078 period evening : 24063 paths, 20000 OD pairs
2026-09-03 00:55:41,083 period owl     : 22663 paths, 20000 OD pairs
2026-09-03 00:55:41,083 locking 28 route-periods across 14 routes in classes ('peak_express',)
2026-09-03 01:13:08,406 solve lambda=2.0: obj=2.9551e+06 vh=2515.0/2517.2 exchanges=0
2026-09-03 01:13:08,425 change_terminal-007-EMO4THW#16606ceb331e       seed 20260826 obj=2955100.084035 restarts=40 conv=True adm=True 1048s
2026-09-03 01:13:09,508 stopping cleanly: 1650s needed for change_terminal-007-EMO4THW#16606ceb331e/20260828, 1304s left
2026-09-03 01:13:09,509 slice ran 2 cells
2026-09-03 01:13:12,143 3.1-stageB-esc: 133 cells remaining, 66 in this shard
2026-09-03 01:13:12,260 cache hit  baseline-a5bf710e8b2c9129 (53.2 MB, 0.1s)
2026-09-03 01:13:12,294 cache hit  raptor-51c3309f35ffd25f (0.6 MB, 0.0s)
2026-09-03 01:13:12,294 cache hit  zones-77edf71b615ba370 (0.2 MB, 0.0s)
2026-09-03 01:13:12,295 cache hit  od-ba345b9cb167aecb (0.5 MB, 0.0s)
2026-09-03 01:13:12,327 route classes: {'all_day': 25, 'peak_express': 14}
2026-09-03 01:13:13,035 footpaths: 15573 links (9 from transfers.txt)
2026-09-03 01:13:13,045 raptor network: 2949 stops, 111 patterns, 15573 footpaths
2026-09-03 01:13:13,149 zones: 1397 (637 with transit access within 600 m), 3938 access links
2026-09-03 01:13:13,158 route classes: {'all_day': 25, 'peak_express': 14}
2026-09-03 01:13:13,224 evaluator pricing: common_lines=same_route (explicit)
2026-09-03 01:13:13,231 period early   : 24678 paths, 20000 OD pairs
2026-09-03 01:13:13,237 period am_peak : 28765 paths, 20000 OD pairs
2026-09-03 01:13:13,242 period midday  : 24102 paths, 20000 OD pairs
2026-09-03 01:13:13,247 period pm_peak : 27988 paths, 20000 OD pairs
2026-09-03 01:13:13,252 period evening : 24063 paths, 20000 OD pairs
2026-09-03 01:13:13,256 period owl     : 22663 paths, 20000 OD pairs
2026-09-03 01:13:13,256 locking 28 route-periods across 14 routes in classes ('peak_express',)
2026-09-03 01:30:48,261 solve lambda=2.0: obj=2.9551e+06 vh=2515.3/2517.2 exchanges=41
2026-09-03 01:30:48,681 change_terminal-007-EMO4THW#16606ceb331e       seed 20260828 obj=2955096.230659 restarts=40 conv=True adm=True 1056s
2026-09-03 01:30:50,812 footpaths: 15573 links (9 from transfers.txt)
2026-09-03 01:30:50,822 raptor network: 2949 stops, 111 patterns, 15573 footpaths
2026-09-03 01:30:50,917 zones: 1397 (637 with transit access within 600 m), 3938 access links
2026-09-03 01:30:50,926 route classes: {'all_day': 25, 'peak_express': 14}
2026-09-03 01:30:50,966 evaluator pricing: common_lines=same_route (explicit)
2026-09-03 01:30:50,971 period early   : 24679 paths, 20000 OD pairs
2026-09-03 01:30:50,976 period am_peak : 28770 paths, 20000 OD pairs
2026-09-03 01:30:50,981 period midday  : 24102 paths, 20000 OD pairs
2026-09-03 01:30:50,986 period pm_peak : 27995 paths, 20000 OD pairs
2026-09-03 01:30:50,991 period evening : 24061 paths, 20000 OD pairs
2026-09-03 01:30:50,996 period owl     : 22698 paths, 20000 OD pairs
2026-09-03 01:30:50,996 locking 28 route-periods across 14 routes in classes ('peak_express',)
2026-09-03 01:30:51,022      incumbent rescaled x1.0005
2026-09-03 01:47:57,375 solve lambda=2.0: obj=2.95577e+06 vh=2516.4/2517.2 exchanges=60
2026-09-03 01:47:57,399 change_terminal-023-EASHAMN#357bdf4fa511       seed 20260825 obj=2955767.786538 restarts=40 conv=True adm=True 1027s
2026-09-03 01:47:58,530 stopping cleanly: 1650s needed for change_terminal-023-EASHAMN#357bdf4fa511/20260827, 1314s left
2026-09-03 01:47:58,530 slice ran 2 cells
2026-09-03 01:48:00,938 3.1-stageB-esc: 128 cells remaining, 64 in this shard
2026-09-03 01:48:01,029 cache hit  baseline-a5bf710e8b2c9129 (53.2 MB, 0.1s)
2026-09-03 01:48:01,067 cache hit  raptor-51c3309f35ffd25f (0.6 MB, 0.0s)
2026-09-03 01:48:01,067 cache hit  zones-77edf71b615ba370 (0.2 MB, 0.0s)
2026-09-03 01:48:01,068 cache hit  od-ba345b9cb167aecb (0.5 MB, 0.0s)
2026-09-03 01:48:01,088 route classes: {'all_day': 25, 'peak_express': 14}
2026-09-03 01:48:01,584 footpaths: 15573 links (9 from transfers.txt)
2026-09-03 01:48:01,594 raptor network: 2949 stops, 111 patterns, 15573 footpaths
2026-09-03 01:48:01,689 zones: 1397 (637 with transit access within 600 m), 3938 access links
2026-09-03 01:48:01,698 route classes: {'all_day': 25, 'peak_express': 14}
2026-09-03 01:48:01,761 evaluator pricing: common_lines=same_route (explicit)
2026-09-03 01:48:01,768 period early   : 24679 paths, 20000 OD pairs
2026-09-03 01:48:01,774 period am_peak : 28770 paths, 20000 OD pairs
2026-09-03 01:48:01,779 period midday  : 24102 paths, 20000 OD pairs
2026-09-03 01:48:01,785 period pm_peak : 27995 paths, 20000 OD pairs
2026-09-03 01:48:01,792 period evening : 24061 paths, 20000 OD pairs
2026-09-03 01:48:01,801 period owl     : 22698 paths, 20000 OD pairs
2026-09-03 01:48:01,801 locking 28 route-periods across 14 routes in classes ('peak_express',)
2026-09-03 01:48:01,833      incumbent rescaled x1.0005
2026-09-03 02:04:28,721 solve lambda=2.0: obj=2.95591e+06 vh=2515.6/2517.2 exchanges=0
2026-09-03 02:04:28,740 change_terminal-023-EASHAMN#357bdf4fa511       seed 20260827 obj=2955913.398986 restarts=40 conv=True adm=True 987s
2026-09-03 02:04:30,024 footpaths: 15573 links (9 from transfers.txt)
2026-09-03 02:04:30,033 raptor network: 2949 stops, 111 patterns, 15573 footpaths
2026-09-03 02:04:30,133 zones: 1397 (637 with transit access within 600 m), 3938 access links
2026-09-03 02:04:30,142 route classes: {'all_day': 25, 'peak_express': 14}
2026-09-03 02:04:30,182 evaluator pricing: common_lines=same_route (explicit)
2026-09-03 02:04:30,187 period early   : 24679 paths, 20000 OD pairs
2026-09-03 02:04:30,193 period am_peak : 28770 paths, 20000 OD pairs
2026-09-03 02:04:30,197 period midday  : 24102 paths, 20000 OD pairs
2026-09-03 02:04:30,203 period pm_peak : 27995 paths, 20000 OD pairs
2026-09-03 02:04:30,208 period evening : 24061 paths, 20000 OD pairs
2026-09-03 02:04:30,212 period owl     : 22698 paths, 20000 OD pairs
2026-09-03 02:04:30,212 locking 28 route-periods across 14 routes in classes ('peak_express',)
2026-09-03 02:04:30,240      incumbent rescaled x1.0005
2026-09-03 02:22:25,888 solve lambda=2.0: obj=2.9558e+06 vh=2516.6/2517.2 exchanges=86
2026-09-03 02:22:25,906 change_terminal-023-EASHAMN#357bdf4fa511       seed 20260829 obj=2955797.383668 restarts=40 conv=True adm=True 1076s
2026-09-03 02:22:26,916 stopping cleanly: 1650s needed for change_terminal-101-EMO4THW#56a30c84c920/20260826, 1334s left
2026-09-03 02:22:26,916 slice ran 2 cells
2026-09-03 02:22:29,341 3.1-stageB-esc: 125 cells remaining, 62 in this shard
2026-09-03 02:22:29,434 cache hit  baseline-a5bf710e8b2c9129 (53.2 MB, 0.1s)
2026-09-03 02:22:29,466 cache hit  raptor-51c3309f35ffd25f (0.6 MB, 0.0s)
2026-09-03 02:22:29,470 cache hit  zones-77edf71b615ba370 (0.2 MB, 0.0s)
2026-09-03 02:22:29,471 cache hit  od-ba345b9cb167aecb (0.5 MB, 0.0s)
2026-09-03 02:22:29,483 route classes: {'all_day': 25, 'peak_express': 14}
2026-09-03 02:22:30,034 footpaths: 15573 links (9 from transfers.txt)
2026-09-03 02:22:30,043 raptor network: 2949 stops, 111 patterns, 15573 footpaths
2026-09-03 02:22:30,135 zones: 1397 (637 with transit access within 600 m), 3938 access links
2026-09-03 02:22:30,144 route classes: {'all_day': 25, 'peak_express': 14}
2026-09-03 02:22:30,203 evaluator pricing: common_lines=same_route (explicit)
2026-09-03 02:22:30,209 period early   : 24686 paths, 20000 OD pairs
2026-09-03 02:22:30,215 period am_peak : 28785 paths, 20000 OD pairs
2026-09-03 02:22:30,220 period midday  : 24115 paths, 20000 OD pairs
2026-09-03 02:22:30,225 period pm_peak : 28007 paths, 20000 OD pairs
2026-09-03 02:22:30,230 period evening : 24077 paths, 20000 OD pairs
2026-09-03 02:22:30,235 period owl     : 22679 paths, 20000 OD pairs
2026-09-03 02:22:30,235 locking 28 route-periods across 14 routes in classes ('peak_express',)
2026-09-03 02:39:49,191 solve lambda=2.0: obj=2.95546e+06 vh=2515.4/2517.2 exchanges=0
2026-09-03 02:39:49,209 change_terminal-101-EMO4THW#56a30c84c920       seed 20260826 obj=2955456.516353 restarts=40 conv=True adm=True 1039s
2026-09-03 02:39:50,321 footpaths: 15573 links (9 from transfers.txt)
2026-09-03 02:39:50,334 raptor network: 2949 stops, 111 patterns, 15573 footpaths
2026-09-03 02:39:50,432 zones: 1397 (637 with transit access within 600 m), 3938 access links
2026-09-03 02:39:50,441 route classes: {'all_day': 25, 'peak_express': 14}
2026-09-03 02:39:50,483 evaluator pricing: common_lines=same_route (explicit)
2026-09-03 02:39:50,489 period early   : 24686 paths, 20000 OD pairs
2026-09-03 02:39:50,494 period am_peak : 28785 paths, 20000 OD pairs
2026-09-03 02:39:50,499 period midday  : 24115 paths, 20000 OD pairs
2026-09-03 02:39:50,504 period pm_peak : 28007 paths, 20000 OD pairs
2026-09-03 02:39:50,509 period evening : 24077 paths, 20000 OD pairs
2026-09-03 02:39:50,514 period owl     : 22679 paths, 20000 OD pairs
2026-09-03 02:39:50,514 locking 28 route-periods across 14 routes in classes ('peak_express',)
2026-09-03 02:57:33,606 solve lambda=2.0: obj=2.95546e+06 vh=2515.4/2517.2 exchanges=0
2026-09-03 02:57:33,623 change_terminal-101-EMO4THW#56a30c84c920       seed 20260828 obj=2955456.516353 restarts=40 conv=True adm=True 1064s
2026-09-03 02:57:35,054 stopping cleanly: 1650s needed for change_terminal-141-STAHIGW#b5ce9b1e03b5/20260825, 1294s left
2026-09-03 02:57:35,054 slice ran 2 cells
2026-09-03 02:57:37,786 3.1-stageB-esc: 121 cells remaining, 60 in this shard
2026-09-03 02:57:37,877 cache hit  baseline-a5bf710e8b2c9129 (53.2 MB, 0.1s)
2026-09-03 02:57:37,912 cache hit  raptor-51c3309f35ffd25f (0.6 MB, 0.0s)
2026-09-03 02:57:37,913 cache hit  zones-77edf71b615ba370 (0.2 MB, 0.0s)
2026-09-03 02:57:37,913 cache hit  od-ba345b9cb167aecb (0.5 MB, 0.0s)
2026-09-03 02:57:37,932 route classes: {'all_day': 25, 'peak_express': 14}
2026-09-03 02:57:38,472 footpaths: 15560 links (8 from transfers.txt)
2026-09-03 02:57:38,481 raptor network: 2948 stops, 111 patterns, 15560 footpaths
2026-09-03 02:57:38,578 zones: 1397 (637 with transit access within 600 m), 3938 access links
2026-09-03 02:57:38,588 route classes: {'all_day': 25, 'peak_express': 14}
2026-09-03 02:57:38,645 evaluator pricing: common_lines=same_route (explicit)
2026-09-03 02:57:38,651 period early   : 24666 paths, 20000 OD pairs
2026-09-03 02:57:38,657 period am_peak : 28763 paths, 20000 OD pairs
2026-09-03 02:57:38,662 period midday  : 24098 paths, 20000 OD pairs
2026-09-03 02:57:38,668 period pm_peak : 28015 paths, 20000 OD pairs
2026-09-03 02:57:38,673 period evening : 24048 paths, 20000 OD pairs
2026-09-03 02:57:38,679 period owl     : 22662 paths, 20000 OD pairs
2026-09-03 02:57:38,679 locking 28 route-periods across 14 routes in classes ('peak_express',)
2026-09-03 02:57:38,709      incumbent rescaled x1.0001
2026-09-03 03:15:01,626 solve lambda=2.0: obj=2.95575e+06 vh=2515.1/2517.2 exchanges=0
2026-09-03 03:15:01,645 change_terminal-141-STAHIGW#b5ce9b1e03b5       seed 20260825 obj=2955749.902083 restarts=40 conv=True adm=True 1043s
2026-09-03 03:15:03,001 footpaths: 15560 links (8 from transfers.txt)
2026-09-03 03:15:03,010 raptor network: 2948 stops, 111 patterns, 15560 footpaths
2026-09-03 03:15:03,103 zones: 1397 (637 with transit access within 600 m), 3938 access links
2026-09-03 03:15:03,113 route classes: {'all_day': 25, 'peak_express': 14}
2026-09-03 03:15:03,171 evaluator pricing: common_lines=same_route (explicit)
2026-09-03 03:15:03,176 period early   : 24666 paths, 20000 OD pairs
2026-09-03 03:15:03,183 period am_peak : 28763 paths, 20000 OD pairs
2026-09-03 03:15:03,187 period midday  : 24098 paths, 20000 OD pairs
2026-09-03 03:15:03,196 period pm_peak : 28015 paths, 20000 OD pairs
2026-09-03 03:15:03,202 period evening : 24048 paths, 20000 OD pairs
2026-09-03 03:15:03,207 period owl     : 22662 paths, 20000 OD pairs
2026-09-03 03:15:03,207 locking 28 route-periods across 14 routes in classes ('peak_express',)
2026-09-03 03:15:03,238      incumbent rescaled x1.0001
2026-09-03 03:31:41,826 solve lambda=2.0: obj=2.95567e+06 vh=2515.2/2517.2 exchanges=42
2026-09-03 03:31:41,845 change_terminal-141-STAHIGW#b5ce9b1e03b5       seed 20260827 obj=2955665.684867 restarts=40 conv=True adm=True 999s
2026-09-03 03:31:43,194 stopping cleanly: 1650s needed for change_terminal-141-STAHIGW#b5ce9b1e03b5/20260829, 1355s left
2026-09-03 03:31:43,194 slice ran 2 cells
2026-09-03 03:31:45,813 3.1-stageB-esc: 117 cells remaining, 58 in this shard
2026-09-03 03:31:45,912 cache hit  baseline-a5bf710e8b2c9129 (53.2 MB, 0.1s)
2026-09-03 03:31:45,952 cache hit  raptor-51c3309f35ffd25f (0.6 MB, 0.0s)
2026-09-03 03:31:45,953 cache hit  zones-77edf71b615ba370 (0.2 MB, 0.0s)
2026-09-03 03:31:45,954 cache hit  od-ba345b9cb167aecb (0.5 MB, 0.0s)
2026-09-03 03:31:45,966 route classes: {'all_day': 25, 'peak_express': 14}
2026-09-03 03:31:46,625 footpaths: 15560 links (8 from transfers.txt)
2026-09-03 03:31:46,634 raptor network: 2948 stops, 111 patterns, 15560 footpaths
2026-09-03 03:31:46,739 zones: 1397 (637 with transit access within 600 m), 3938 access links
2026-09-03 03:31:46,748 route classes: {'all_day': 25, 'peak_express': 14}
2026-09-03 03:31:46,814 evaluator pricing: common_lines=same_route (explicit)
2026-09-03 03:31:46,821 period early   : 24666 paths, 20000 OD pairs
2026-09-03 03:31:46,827 period am_peak : 28763 paths, 20000 OD pairs
2026-09-03 03:31:46,832 period midday  : 24098 paths, 20000 OD pairs
2026-09-03 03:31:46,837 period pm_peak : 28015 paths, 20000 OD pairs
2026-09-03 03:31:46,842 period evening : 24048 paths, 20000 OD pairs
2026-09-03 03:31:46,847 period owl     : 22662 paths, 20000 OD pairs
2026-09-03 03:31:46,847 locking 28 route-periods across 14 routes in classes ('peak_express',)
2026-09-03 03:31:46,883      incumbent rescaled x1.0001
2026-09-03 03:34:47,359 3.1-stageB-esc: 116 cells remaining, 58 in this shard
2026-09-03 03:34:49,100 cache hit  baseline-a5bf710e8b2c9129 (53.2 MB, 1.7s)
2026-09-03 03:34:49,311 cache hit  raptor-51c3309f35ffd25f (0.6 MB, 0.0s)
2026-09-03 03:34:49,312 cache hit  zones-77edf71b615ba370 (0.2 MB, 0.0s)
2026-09-03 03:34:49,314 cache hit  od-ba345b9cb167aecb (0.5 MB, 0.0s)
2026-09-03 03:34:49,335 route classes: {'all_day': 25, 'peak_express': 14}
2026-09-03 03:34:51,876 footpaths: 15560 links (8 from transfers.txt)
2026-09-03 03:34:51,888 raptor network: 2948 stops, 111 patterns, 15560 footpaths
2026-09-03 03:34:52,012 zones: 1397 (637 with transit access within 600 m), 3938 access links
2026-09-03 03:34:52,022 route classes: {'all_day': 25, 'peak_express': 14}
2026-09-03 03:34:52,103 evaluator pricing: common_lines=same_route (explicit)
2026-09-03 03:34:52,110 period early   : 24666 paths, 20000 OD pairs
2026-09-03 03:34:52,117 period am_peak : 28763 paths, 20000 OD pairs
2026-09-03 03:34:52,121 period midday  : 24098 paths, 20000 OD pairs
2026-09-03 03:34:52,127 period pm_peak : 28015 paths, 20000 OD pairs
2026-09-03 03:34:52,132 period evening : 24048 paths, 20000 OD pairs
2026-09-03 03:34:52,137 period owl     : 22662 paths, 20000 OD pairs
2026-09-03 03:34:52,137 locking 28 route-periods across 14 routes in classes ('peak_express',)
2026-09-03 03:34:52,168      incumbent rescaled x1.0001
2026-09-03 03:51:10,106 solve lambda=2.0: obj=2.95575e+06 vh=2515.1/2517.2 exchanges=0
2026-09-03 03:51:10,121 change_terminal-141-STAHIGW#b5ce9b1e03b5       seed 20260829 obj=2955749.902083 restarts=40 conv=True adm=True 979s
2026-09-03 03:51:11,564 footpaths: 15573 links (9 from transfers.txt)
2026-09-03 03:51:11,572 raptor network: 2949 stops, 111 patterns, 15573 footpaths
2026-09-03 03:51:11,675 zones: 1397 (637 with transit access within 600 m), 3938 access links
2026-09-03 03:51:11,683 route classes: {'all_day': 25, 'peak_express': 14}
2026-09-03 03:51:11,743 evaluator pricing: common_lines=same_route (explicit)
2026-09-03 03:51:11,749 period early   : 24668 paths, 20000 OD pairs
2026-09-03 03:51:11,755 period am_peak : 28762 paths, 20000 OD pairs
2026-09-03 03:51:11,759 period midday  : 24097 paths, 20000 OD pairs
2026-09-03 03:51:11,765 period pm_peak : 27986 paths, 20000 OD pairs
2026-09-03 03:51:11,770 period evening : 24058 paths, 20000 OD pairs
2026-09-03 03:51:11,774 period owl     : 22669 paths, 20000 OD pairs
2026-09-03 03:51:11,774 locking 28 route-periods across 14 routes in classes ('peak_express',)
2026-09-03 03:51:11,802      incumbent rescaled x1.0041
2026-09-03 04:09:00,425 solve lambda=2.0: obj=2.95573e+06 vh=2515.8/2517.2 exchanges=45
2026-09-03 04:09:00,443 extend-023#292a06c5a525                        seed 20260826 obj=2955734.067985 restarts=40 conv=True adm=True 1069s
2026-09-03 04:09:01,522 stopping cleanly: 1650s needed for extend-023#292a06c5a525/20260828, 1346s left
2026-09-03 04:09:01,522 slice ran 2 cells
2026-09-03 04:09:03,801 3.1-stageB-esc: 112 cells remaining, 56 in this shard
2026-09-03 04:09:04,047 cache hit  baseline-a5bf710e8b2c9129 (53.2 MB, 0.2s)
2026-09-03 04:09:04,080 cache hit  raptor-51c3309f35ffd25f (0.6 MB, 0.0s)
2026-09-03 04:09:04,081 cache hit  zones-77edf71b615ba370 (0.2 MB, 0.0s)
2026-09-03 04:09:04,082 cache hit  od-ba345b9cb167aecb (0.5 MB, 0.0s)
2026-09-03 04:09:04,099 route classes: {'all_day': 25, 'peak_express': 14}
2026-09-03 04:09:04,819 footpaths: 15573 links (9 from transfers.txt)
2026-09-03 04:09:04,827 raptor network: 2949 stops, 111 patterns, 15573 footpaths
2026-09-03 04:09:04,940 zones: 1397 (637 with transit access within 600 m), 3938 access links
2026-09-03 04:09:04,948 route classes: {'all_day': 25, 'peak_express': 14}
2026-09-03 04:09:05,007 evaluator pricing: common_lines=same_route (explicit)
2026-09-03 04:09:05,013 period early   : 24668 paths, 20000 OD pairs
2026-09-03 04:09:05,019 period am_peak : 28762 paths, 20000 OD pairs
2026-09-03 04:09:05,024 period midday  : 24097 paths, 20000 OD pairs
2026-09-03 04:09:05,030 period pm_peak : 27986 paths, 20000 OD pairs
2026-09-03 04:09:05,035 period evening : 24058 paths, 20000 OD pairs
2026-09-03 04:09:05,039 period owl     : 22669 paths, 20000 OD pairs
2026-09-03 04:09:05,039 locking 28 route-periods across 14 routes in classes ('peak_express',)
2026-09-03 04:09:05,068      incumbent rescaled x1.0041
2026-09-03 04:25:49,770 solve lambda=2.0: obj=2.95602e+06 vh=2513.7/2517.2 exchanges=0
2026-09-03 04:25:49,789 extend-023#292a06c5a525                        seed 20260828 obj=2956019.521225 restarts=40 conv=True adm=True 1005s
2026-09-03 04:25:51,279 footpaths: 15573 links (9 from transfers.txt)
2026-09-03 04:25:51,287 raptor network: 2949 stops, 111 patterns, 15573 footpaths
2026-09-03 04:25:51,399 zones: 1397 (637 with transit access within 600 m), 3938 access links
2026-09-03 04:25:51,407 route classes: {'all_day': 25, 'peak_express': 14}
2026-09-03 04:25:51,451 evaluator pricing: common_lines=same_route (explicit)
2026-09-03 04:25:51,457 period early   : 24659 paths, 20000 OD pairs
2026-09-03 04:25:51,462 period am_peak : 28775 paths, 20000 OD pairs
2026-09-03 04:25:51,467 period midday  : 24108 paths, 20000 OD pairs
2026-09-03 04:25:51,473 period pm_peak : 27996 paths, 20000 OD pairs
2026-09-03 04:25:51,478 period evening : 24069 paths, 20000 OD pairs
2026-09-03 04:25:51,482 period owl     : 22682 paths, 20000 OD pairs
2026-09-03 04:25:51,482 locking 28 route-periods across 14 routes in classes ('peak_express',)
2026-09-03 04:25:51,511      incumbent rescaled x1.0038
2026-09-03 04:43:55,128 solve lambda=2.0: obj=2.95531e+06 vh=2515.1/2517.2 exchanges=0
2026-09-03 04:43:55,148 extend-024#26db14321a47                        seed 20260825 obj=2955312.306261 restarts=40 conv=True adm=True 1084s
2026-09-03 04:43:56,204 stopping cleanly: 1650s needed for extend-024#26db14321a47/20260827, 1308s left
2026-09-03 04:43:56,205 slice ran 2 cells
2026-09-03 04:43:58,559 3.1-stageB-esc: 108 cells remaining, 54 in this shard
2026-09-03 04:43:58,660 cache hit  baseline-a5bf710e8b2c9129 (53.2 MB, 0.1s)
2026-09-03 04:43:58,698 cache hit  raptor-51c3309f35ffd25f (0.6 MB, 0.0s)
2026-09-03 04:43:58,698 cache hit  zones-77edf71b615ba370 (0.2 MB, 0.0s)
2026-09-03 04:43:58,699 cache hit  od-ba345b9cb167aecb (0.5 MB, 0.0s)
2026-09-03 04:43:58,715 route classes: {'all_day': 25, 'peak_express': 14}
2026-09-03 04:43:59,350 footpaths: 15573 links (9 from transfers.txt)
2026-09-03 04:43:59,358 raptor network: 2949 stops, 111 patterns, 15573 footpaths
2026-09-03 04:43:59,464 zones: 1397 (637 with transit access within 600 m), 3938 access links
2026-09-03 04:43:59,473 route classes: {'all_day': 25, 'peak_express': 14}
2026-09-03 04:43:59,530 evaluator pricing: common_lines=same_route (explicit)
2026-09-03 04:43:59,537 period early   : 24659 paths, 20000 OD pairs
2026-09-03 04:43:59,544 period am_peak : 28775 paths, 20000 OD pairs
2026-09-03 04:43:59,549 period midday  : 24108 paths, 20000 OD pairs
2026-09-03 04:43:59,554 period pm_peak : 27996 paths, 20000 OD pairs
2026-09-03 04:43:59,559 period evening : 24069 paths, 20000 OD pairs
2026-09-03 04:43:59,564 period owl     : 22682 paths, 20000 OD pairs
2026-09-03 04:43:59,564 locking 28 route-periods across 14 routes in classes ('peak_express',)
2026-09-03 04:43:59,593      incumbent rescaled x1.0038
2026-09-03 05:01:35,297 solve lambda=2.0: obj=2.95531e+06 vh=2515.1/2517.2 exchanges=0
2026-09-03 05:01:35,315 extend-024#26db14321a47                        seed 20260827 obj=2955312.306261 restarts=40 conv=True adm=True 1056s
2026-09-03 05:01:36,733 footpaths: 15573 links (9 from transfers.txt)
2026-09-03 05:01:36,741 raptor network: 2949 stops, 111 patterns, 15573 footpaths
2026-09-03 05:01:36,848 zones: 1397 (637 with transit access within 600 m), 3938 access links
2026-09-03 05:01:36,856 route classes: {'all_day': 25, 'peak_express': 14}
2026-09-03 05:01:36,898 evaluator pricing: common_lines=same_route (explicit)
2026-09-03 05:01:36,903 period early   : 24659 paths, 20000 OD pairs
2026-09-03 05:01:36,908 period am_peak : 28775 paths, 20000 OD pairs
2026-09-03 05:01:36,913 period midday  : 24108 paths, 20000 OD pairs
2026-09-03 05:01:36,918 period pm_peak : 27996 paths, 20000 OD pairs
2026-09-03 05:01:36,923 period evening : 24069 paths, 20000 OD pairs
2026-09-03 05:01:36,927 period owl     : 22682 paths, 20000 OD pairs
2026-09-03 05:01:36,927 locking 28 route-periods across 14 routes in classes ('peak_express',)
2026-09-03 05:01:36,955      incumbent rescaled x1.0038
2026-09-03 05:18:55,454 solve lambda=2.0: obj=2.95531e+06 vh=2515.1/2517.2 exchanges=0
2026-09-03 05:18:55,469 extend-024#26db14321a47                        seed 20260829 obj=2955312.306261 restarts=40 conv=True adm=True 1039s
2026-09-03 05:18:56,688 stopping cleanly: 1650s needed for extend-025#441ece050fe8/20260826, 1302s left
2026-09-03 05:18:56,688 slice ran 2 cells
2026-09-03 05:18:59,047 3.1-stageB-esc: 105 cells remaining, 52 in this shard
2026-09-03 05:18:59,277 cache hit  baseline-a5bf710e8b2c9129 (53.2 MB, 0.2s)
2026-09-03 05:18:59,310 cache hit  raptor-51c3309f35ffd25f (0.6 MB, 0.0s)
2026-09-03 05:18:59,310 cache hit  zones-77edf71b615ba370 (0.2 MB, 0.0s)
2026-09-03 05:18:59,311 cache hit  od-ba345b9cb167aecb (0.5 MB, 0.0s)
2026-09-03 05:18:59,328 route classes: {'all_day': 25, 'peak_express': 14}
2026-09-03 05:18:59,997 footpaths: 15573 links (9 from transfers.txt)
2026-09-03 05:19:00,005 raptor network: 2949 stops, 111 patterns, 15573 footpaths
2026-09-03 05:19:00,104 zones: 1397 (637 with transit access within 600 m), 3938 access links
2026-09-03 05:19:00,111 route classes: {'all_day': 25, 'peak_express': 14}
2026-09-03 05:19:00,164 evaluator pricing: common_lines=same_route (explicit)
2026-09-03 05:19:00,170 period early   : 24653 paths, 20000 OD pairs
2026-09-03 05:19:00,175 period am_peak : 28777 paths, 20000 OD pairs
2026-09-03 05:19:00,180 period midday  : 24117 paths, 20000 OD pairs
2026-09-03 05:19:00,185 period pm_peak : 28005 paths, 20000 OD pairs
2026-09-03 05:19:00,189 period evening : 24081 paths, 20000 OD pairs
2026-09-03 05:19:00,194 period owl     : 22672 paths, 20000 OD pairs
2026-09-03 05:19:00,194 locking 28 route-periods across 14 routes in classes ('peak_express',)
2026-09-03 05:19:00,221      incumbent rescaled x1.0022
2026-09-03 05:34:58,202 solve lambda=2.0: obj=2.95373e+06 vh=2515.3/2517.2 exchanges=61
2026-09-03 05:34:58,215 extend-025#441ece050fe8                        seed 20260826 obj=2953727.350330 restarts=40 conv=True adm=True 958s
2026-09-03 05:34:59,614 footpaths: 15573 links (9 from transfers.txt)
2026-09-03 05:34:59,623 raptor network: 2949 stops, 111 patterns, 15573 footpaths
2026-09-03 05:34:59,727 zones: 1397 (637 with transit access within 600 m), 3938 access links
2026-09-03 05:34:59,736 route classes: {'all_day': 25, 'peak_express': 14}
2026-09-03 05:34:59,777 evaluator pricing: common_lines=same_route (explicit)
2026-09-03 05:34:59,783 period early   : 24653 paths, 20000 OD pairs
2026-09-03 05:34:59,788 period am_peak : 28777 paths, 20000 OD pairs
2026-09-03 05:34:59,793 period midday  : 24117 paths, 20000 OD pairs
2026-09-03 05:34:59,798 period pm_peak : 28005 paths, 20000 OD pairs
2026-09-03 05:34:59,803 period evening : 24081 paths, 20000 OD pairs
2026-09-03 05:34:59,808 period owl     : 22672 paths, 20000 OD pairs
2026-09-03 05:34:59,808 locking 28 route-periods across 14 routes in classes ('peak_express',)
2026-09-03 05:34:59,839      incumbent rescaled x1.0022
2026-09-03 05:52:58,836 solve lambda=2.0: obj=2.95369e+06 vh=2515.0/2517.2 exchanges=52
2026-09-03 05:52:58,855 extend-025#441ece050fe8                        seed 20260828 obj=2953689.591330 restarts=40 conv=True adm=True 1079s
2026-09-03 05:53:00,242 stopping cleanly: 1650s needed for extend-032#228795f35539/20260825, 1359s left
2026-09-03 05:53:00,242 slice ran 2 cells
2026-09-03 05:53:02,641 3.1-stageB-esc: 101 cells remaining, 50 in this shard
2026-09-03 05:53:02,818 cache hit  baseline-a5bf710e8b2c9129 (53.2 MB, 0.2s)
2026-09-03 05:53:02,860 cache hit  raptor-51c3309f35ffd25f (0.6 MB, 0.0s)
2026-09-03 05:53:02,861 cache hit  zones-77edf71b615ba370 (0.2 MB, 0.0s)
2026-09-03 05:53:02,862 cache hit  od-ba345b9cb167aecb (0.5 MB, 0.0s)
2026-09-03 05:53:02,881 route classes: {'all_day': 25, 'peak_express': 14}
2026-09-03 05:53:03,582 footpaths: 15573 links (9 from transfers.txt)
2026-09-03 05:53:03,591 raptor network: 2949 stops, 111 patterns, 15573 footpaths
2026-09-03 05:53:03,697 zones: 1397 (637 with transit access within 600 m), 3938 access links
2026-09-03 05:53:03,706 route classes: {'all_day': 25, 'peak_express': 14}
2026-09-03 05:53:03,778 evaluator pricing: common_lines=same_route (explicit)
2026-09-03 05:53:03,785 period early   : 24704 paths, 20000 OD pairs
2026-09-03 05:53:03,791 period am_peak : 28815 paths, 20000 OD pairs
2026-09-03 05:53:03,796 period midday  : 24122 paths, 20000 OD pairs
2026-09-03 05:53:03,802 period pm_peak : 27992 paths, 20000 OD pairs
2026-09-03 05:53:03,808 period evening : 24081 paths, 20000 OD pairs
2026-09-03 05:53:03,813 period owl     : 22681 paths, 20000 OD pairs
2026-09-03 05:53:03,813 locking 28 route-periods across 14 routes in classes ('peak_express',)
2026-09-03 05:53:03,843      incumbent rescaled x1.0024
2026-09-03 06:09:59,016 solve lambda=2.0: obj=2.95528e+06 vh=2515.3/2517.2 exchanges=29
2026-09-03 06:09:59,033 extend-032#228795f35539                        seed 20260825 obj=2955280.984679 restarts=40 conv=True adm=True 1016s
2026-09-03 06:10:01,065 footpaths: 15573 links (9 from transfers.txt)
2026-09-03 06:10:01,075 raptor network: 2949 stops, 111 patterns, 15573 footpaths
2026-09-03 06:10:01,204 zones: 1397 (637 with transit access within 600 m), 3938 access links
2026-09-03 06:10:01,214 route classes: {'all_day': 25, 'peak_express': 14}
2026-09-03 06:10:01,269 evaluator pricing: common_lines=same_route (explicit)
2026-09-03 06:10:01,275 period early   : 24704 paths, 20000 OD pairs
2026-09-03 06:10:01,281 period am_peak : 28815 paths, 20000 OD pairs
2026-09-03 06:10:01,286 period midday  : 24122 paths, 20000 OD pairs
2026-09-03 06:10:01,292 period pm_peak : 27992 paths, 20000 OD pairs
2026-09-03 06:10:01,297 period evening : 24081 paths, 20000 OD pairs
2026-09-03 06:10:01,302 period owl     : 22681 paths, 20000 OD pairs
2026-09-03 06:10:01,302 locking 28 route-periods across 14 routes in classes ('peak_express',)
2026-09-03 06:10:01,334      incumbent rescaled x1.0024
2026-09-03 06:26:52,072 solve lambda=2.0: obj=2.95534e+06 vh=2514.9/2517.2 exchanges=0
2026-09-03 06:26:52,089 extend-032#228795f35539                        seed 20260827 obj=2955337.932534 restarts=40 conv=True adm=True 1011s
2026-09-03 06:26:53,365 stopping cleanly: 1650s needed for extend-032#228795f35539/20260829, 1369s left
2026-09-03 06:26:53,366 slice ran 2 cells
2026-09-03 06:26:55,845 3.1-stageB-esc: 97 cells remaining, 48 in this shard
2026-09-03 06:26:55,962 cache hit  baseline-a5bf710e8b2c9129 (53.2 MB, 0.1s)
2026-09-03 06:26:55,997 cache hit  raptor-51c3309f35ffd25f (0.6 MB, 0.0s)
2026-09-03 06:26:55,997 cache hit  zones-77edf71b615ba370 (0.2 MB, 0.0s)
2026-09-03 06:26:55,998 cache hit  od-ba345b9cb167aecb (0.5 MB, 0.0s)
2026-09-03 06:26:56,017 route classes: {'all_day': 25, 'peak_express': 14}
2026-09-03 06:26:56,821 footpaths: 15573 links (9 from transfers.txt)
2026-09-03 06:26:56,830 raptor network: 2949 stops, 111 patterns, 15573 footpaths
2026-09-03 06:26:56,948 zones: 1397 (637 with transit access within 600 m), 3938 access links
2026-09-03 06:26:56,958 route classes: {'all_day': 25, 'peak_express': 14}
2026-09-03 06:26:57,020 evaluator pricing: common_lines=same_route (explicit)
2026-09-03 06:26:57,027 period early   : 24704 paths, 20000 OD pairs
2026-09-03 06:26:57,033 period am_peak : 28815 paths, 20000 OD pairs
2026-09-03 06:26:57,038 period midday  : 24122 paths, 20000 OD pairs
2026-09-03 06:26:57,044 period pm_peak : 27992 paths, 20000 OD pairs
2026-09-03 06:26:57,048 period evening : 24081 paths, 20000 OD pairs
2026-09-03 06:26:57,053 period owl     : 22681 paths, 20000 OD pairs
2026-09-03 06:26:57,053 locking 28 route-periods across 14 routes in classes ('peak_express',)
2026-09-03 06:26:57,084      incumbent rescaled x1.0024
2026-09-03 06:43:54,614 solve lambda=2.0: obj=2.95534e+06 vh=2514.9/2517.2 exchanges=0
2026-09-03 06:43:54,631 extend-032#228795f35539                        seed 20260829 obj=2955337.932534 restarts=40 conv=True adm=True 1018s
2026-09-03 06:43:55,961 footpaths: 15517 links (9 from transfers.txt)
2026-09-03 06:43:55,971 raptor network: 2946 stops, 111 patterns, 15517 footpaths
2026-09-03 06:43:56,085 zones: 1397 (637 with transit access within 600 m), 3938 access links
2026-09-03 06:43:56,093 route classes: {'all_day': 25, 'peak_express': 14}
2026-09-03 06:43:56,145 evaluator pricing: common_lines=same_route (explicit)
2026-09-03 06:43:56,151 period early   : 24739 paths, 20000 OD pairs
2026-09-03 06:43:56,157 period am_peak : 28740 paths, 20000 OD pairs
2026-09-03 06:43:56,162 period midday  : 24111 paths, 20000 OD pairs
2026-09-03 06:43:56,169 period pm_peak : 28007 paths, 20000 OD pairs
2026-09-03 06:43:56,174 period evening : 24041 paths, 20000 OD pairs
2026-09-03 06:43:56,179 period owl     : 22598 paths, 20000 OD pairs
2026-09-03 06:43:56,179 locking 28 route-periods across 14 routes in classes ('peak_express',)
2026-09-03 06:43:56,209      incumbent rescaled x1.0013
2026-09-03 07:02:00,450 solve lambda=2.0: obj=2.95535e+06 vh=2514.5/2517.2 exchanges=0
2026-09-03 07:02:00,466 reroute-006#dbfb2f9ee60d                       seed 20260826 obj=2955354.137038 restarts=40 conv=True adm=True 1085s
2026-09-03 07:02:01,449 stopping cleanly: 1650s needed for reroute-006#dbfb2f9ee60d/20260828, 1294s left
2026-09-03 07:02:01,449 slice ran 2 cells
2026-09-03 07:02:03,853 3.1-stageB-esc: 93 cells remaining, 46 in this shard
2026-09-03 07:02:03,955 cache hit  baseline-a5bf710e8b2c9129 (53.2 MB, 0.1s)
2026-09-03 07:02:03,994 cache hit  raptor-51c3309f35ffd25f (0.6 MB, 0.0s)
2026-09-03 07:02:03,995 cache hit  zones-77edf71b615ba370 (0.2 MB, 0.0s)
2026-09-03 07:02:03,996 cache hit  od-ba345b9cb167aecb (0.5 MB, 0.0s)
2026-09-03 07:02:04,014 route classes: {'all_day': 25, 'peak_express': 14}
2026-09-03 07:02:04,650 footpaths: 15517 links (9 from transfers.txt)
2026-09-03 07:02:04,659 raptor network: 2946 stops, 111 patterns, 15517 footpaths
2026-09-03 07:02:04,774 zones: 1397 (637 with transit access within 600 m), 3938 access links
2026-09-03 07:02:04,783 route classes: {'all_day': 25, 'peak_express': 14}
2026-09-03 07:02:04,863 evaluator pricing: common_lines=same_route (explicit)
2026-09-03 07:02:04,871 period early   : 24739 paths, 20000 OD pairs
2026-09-03 07:02:04,878 period am_peak : 28740 paths, 20000 OD pairs
2026-09-03 07:02:04,883 period midday  : 24111 paths, 20000 OD pairs
2026-09-03 07:02:04,889 period pm_peak : 28007 paths, 20000 OD pairs
2026-09-03 07:02:04,894 period evening : 24041 paths, 20000 OD pairs
2026-09-03 07:02:04,898 period owl     : 22598 paths, 20000 OD pairs
2026-09-03 07:02:04,898 locking 28 route-periods across 14 routes in classes ('peak_express',)
2026-09-03 07:02:04,929      incumbent rescaled x1.0013
2026-09-03 07:18:47,671 solve lambda=2.0: obj=2.95535e+06 vh=2514.5/2517.2 exchanges=0
2026-09-03 07:18:47,688 reroute-006#dbfb2f9ee60d                       seed 20260828 obj=2955354.137038 restarts=40 conv=True adm=True 1003s
2026-09-03 07:18:49,038 footpaths: 15573 links (9 from transfers.txt)
2026-09-03 07:18:49,047 raptor network: 2949 stops, 111 patterns, 15573 footpaths
2026-09-03 07:18:49,159 zones: 1397 (637 with transit access within 600 m), 3938 access links
2026-09-03 07:18:49,168 route classes: {'all_day': 25, 'peak_express': 14}
2026-09-03 07:18:49,228 evaluator pricing: common_lines=same_route (explicit)
2026-09-03 07:18:49,235 period early   : 24672 paths, 20000 OD pairs
2026-09-03 07:18:49,241 period am_peak : 28771 paths, 20000 OD pairs
2026-09-03 07:18:49,246 period midday  : 24128 paths, 20000 OD pairs
2026-09-03 07:18:49,252 period pm_peak : 28007 paths, 20000 OD pairs
2026-09-03 07:18:49,257 period evening : 24100 paths, 20000 OD pairs
2026-09-03 07:18:49,261 period owl     : 22673 paths, 20000 OD pairs
2026-09-03 07:18:49,262 locking 28 route-periods across 14 routes in classes ('peak_express',)
2026-09-03 07:18:49,292      incumbent rescaled x1.0001
2026-09-03 07:36:23,632 solve lambda=2.0: obj=2.95597e+06 vh=2515.4/2517.2 exchanges=0
2026-09-03 07:36:23,651 reroute-009#8323c2fb0368                       seed 20260825 obj=2955966.800632 restarts=40 conv=True adm=True 1055s
2026-09-03 07:36:24,649 stopping cleanly: 1650s needed for reroute-009#8323c2fb0368/20260827, 1339s left
2026-09-03 07:36:24,649 slice ran 2 cells
2026-09-03 07:36:27,284 3.1-stageB-esc: 89 cells remaining, 44 in this shard
2026-09-03 07:36:27,380 cache hit  baseline-a5bf710e8b2c9129 (53.2 MB, 0.1s)
2026-09-03 07:36:27,415 cache hit  raptor-51c3309f35ffd25f (0.6 MB, 0.0s)
2026-09-03 07:36:27,415 cache hit  zones-77edf71b615ba370 (0.2 MB, 0.0s)
2026-09-03 07:36:27,416 cache hit  od-ba345b9cb167aecb (0.5 MB, 0.0s)
2026-09-03 07:36:27,435 route classes: {'all_day': 25, 'peak_express': 14}
2026-09-03 07:36:28,008 footpaths: 15573 links (9 from transfers.txt)
2026-09-03 07:36:28,016 raptor network: 2949 stops, 111 patterns, 15573 footpaths
2026-09-03 07:36:28,122 zones: 1397 (637 with transit access within 600 m), 3938 access links
2026-09-03 07:36:28,131 route classes: {'all_day': 25, 'peak_express': 14}
2026-09-03 07:36:28,191 evaluator pricing: common_lines=same_route (explicit)
2026-09-03 07:36:28,198 period early   : 24672 paths, 20000 OD pairs
2026-09-03 07:36:28,204 period am_peak : 28771 paths, 20000 OD pairs
2026-09-03 07:36:28,209 period midday  : 24128 paths, 20000 OD pairs
2026-09-03 07:36:28,215 period pm_peak : 28007 paths, 20000 OD pairs
2026-09-03 07:36:28,220 period evening : 24100 paths, 20000 OD pairs
2026-09-03 07:36:28,224 period owl     : 22673 paths, 20000 OD pairs
2026-09-03 07:36:28,225 locking 28 route-periods across 14 routes in classes ('peak_express',)
2026-09-03 07:36:28,256      incumbent rescaled x1.0001
2026-09-03 07:55:06,182 solve lambda=2.0: obj=2.95597e+06 vh=2515.4/2517.2 exchanges=0
2026-09-03 07:55:06,202 reroute-009#8323c2fb0368                       seed 20260827 obj=2955966.800632 restarts=40 conv=True adm=True 1118s
2026-09-03 07:55:07,347 footpaths: 15573 links (9 from transfers.txt)
2026-09-03 07:55:07,356 raptor network: 2949 stops, 111 patterns, 15573 footpaths
2026-09-03 07:55:07,471 zones: 1397 (637 with transit access within 600 m), 3938 access links
2026-09-03 07:55:07,484 route classes: {'all_day': 25, 'peak_express': 14}
2026-09-03 07:55:07,535 evaluator pricing: common_lines=same_route (explicit)
2026-09-03 07:55:07,541 period early   : 24672 paths, 20000 OD pairs
2026-09-03 07:55:07,547 period am_peak : 28771 paths, 20000 OD pairs
2026-09-03 07:55:07,552 period midday  : 24128 paths, 20000 OD pairs
2026-09-03 07:55:07,558 period pm_peak : 28007 paths, 20000 OD pairs
2026-09-03 07:55:07,563 period evening : 24100 paths, 20000 OD pairs
2026-09-03 07:55:07,567 period owl     : 22673 paths, 20000 OD pairs
2026-09-03 07:55:07,567 locking 28 route-periods across 14 routes in classes ('peak_express',)
2026-09-03 07:55:07,595      incumbent rescaled x1.0001
2026-09-03 08:12:43,940 solve lambda=2.0: obj=2.95597e+06 vh=2515.4/2517.2 exchanges=0
2026-09-03 08:12:43,957 reroute-009#8323c2fb0368                       seed 20260829 obj=2955966.800632 restarts=40 conv=True adm=True 1057s
2026-09-03 08:12:45,024 stopping cleanly: 1650s needed for reroute-012#fb24f651cbc5/20260826, 1222s left
2026-09-03 08:12:45,024 slice ran 2 cells
2026-09-03 08:12:47,495 3.1-stageB-esc: 85 cells remaining, 42 in this shard
2026-09-03 08:12:47,590 cache hit  baseline-a5bf710e8b2c9129 (53.2 MB, 0.1s)
2026-09-03 08:12:47,634 cache hit  raptor-51c3309f35ffd25f (0.6 MB, 0.0s)
2026-09-03 08:12:47,635 cache hit  zones-77edf71b615ba370 (0.2 MB, 0.0s)
2026-09-03 08:12:47,636 cache hit  od-ba345b9cb167aecb (0.5 MB, 0.0s)
2026-09-03 08:12:47,654 route classes: {'all_day': 25, 'peak_express': 14}
2026-09-03 08:12:48,325 footpaths: 15521 links (9 from transfers.txt)
2026-09-03 08:12:48,334 raptor network: 2944 stops, 111 patterns, 15521 footpaths
2026-09-03 08:12:48,456 zones: 1397 (637 with transit access within 600 m), 3938 access links
2026-09-03 08:12:48,465 route classes: {'all_day': 25, 'peak_express': 14}
2026-09-03 08:12:48,517 evaluator pricing: common_lines=same_route (explicit)
2026-09-03 08:12:48,524 period early   : 24668 paths, 20000 OD pairs
2026-09-03 08:12:48,530 period am_peak : 28733 paths, 20000 OD pairs
2026-09-03 08:12:48,535 period midday  : 24088 paths, 20000 OD pairs
2026-09-03 08:12:48,541 period pm_peak : 27973 paths, 20000 OD pairs
2026-09-03 08:12:48,546 period evening : 23921 paths, 20000 OD pairs
2026-09-03 08:12:48,550 period owl     : 22668 paths, 20000 OD pairs
2026-09-03 08:12:48,550 locking 28 route-periods across 14 routes in classes ('peak_express',)
2026-09-03 08:12:48,579      incumbent rescaled x1.0005
2026-09-03 08:30:33,495 solve lambda=2.0: obj=2.95592e+06 vh=2515.4/2517.2 exchanges=0
2026-09-03 08:30:33,515 reroute-012#fb24f651cbc5                       seed 20260826 obj=2955919.488367 restarts=40 conv=True adm=True 1065s
2026-09-03 08:30:34,892 footpaths: 15521 links (9 from transfers.txt)
2026-09-03 08:30:34,901 raptor network: 2944 stops, 111 patterns, 15521 footpaths
2026-09-03 08:30:35,021 zones: 1397 (637 with transit access within 600 m), 3938 access links
2026-09-03 08:30:35,030 route classes: {'all_day': 25, 'peak_express': 14}
2026-09-03 08:30:35,082 evaluator pricing: common_lines=same_route (explicit)
2026-09-03 08:30:35,088 period early   : 24668 paths, 20000 OD pairs
2026-09-03 08:30:35,094 period am_peak : 28733 paths, 20000 OD pairs
2026-09-03 08:30:35,099 period midday  : 24088 paths, 20000 OD pairs
2026-09-03 08:30:35,105 period pm_peak : 27973 paths, 20000 OD pairs
2026-09-03 08:30:35,110 period evening : 23921 paths, 20000 OD pairs
2026-09-03 08:30:35,115 period owl     : 22668 paths, 20000 OD pairs
2026-09-03 08:30:35,115 locking 28 route-periods across 14 routes in classes ('peak_express',)
2026-09-03 08:30:35,144      incumbent rescaled x1.0005
2026-09-03 08:48:34,132 solve lambda=2.0: obj=2.95592e+06 vh=2515.4/2517.2 exchanges=0
2026-09-03 08:48:34,151 reroute-012#fb24f651cbc5                       seed 20260828 obj=2955919.488367 restarts=40 conv=True adm=True 1080s
2026-09-03 08:48:35,386 stopping cleanly: 1650s needed for reroute-023#1dc299b50907/20260825, 1252s left
2026-09-03 08:48:35,386 slice ran 2 cells
2026-09-03 08:48:37,909 3.1-stageB-esc: 81 cells remaining, 40 in this shard
2026-09-03 08:48:38,012 cache hit  baseline-a5bf710e8b2c9129 (53.2 MB, 0.1s)
2026-09-03 08:48:38,049 cache hit  raptor-51c3309f35ffd25f (0.6 MB, 0.0s)
2026-09-03 08:48:38,050 cache hit  zones-77edf71b615ba370 (0.2 MB, 0.0s)
2026-09-03 08:48:38,051 cache hit  od-ba345b9cb167aecb (0.5 MB, 0.0s)
2026-09-03 08:48:38,065 route classes: {'all_day': 25, 'peak_express': 14}
2026-09-03 08:48:38,858 footpaths: 15561 links (9 from transfers.txt)
2026-09-03 08:48:38,866 raptor network: 2946 stops, 111 patterns, 15561 footpaths
2026-09-03 08:48:38,979 zones: 1397 (637 with transit access within 600 m), 3938 access links
2026-09-03 08:48:38,988 route classes: {'all_day': 25, 'peak_express': 14}
2026-09-03 08:48:39,047 evaluator pricing: common_lines=same_route (explicit)
2026-09-03 08:48:39,054 period early   : 24705 paths, 20000 OD pairs
2026-09-03 08:48:39,060 period am_peak : 28712 paths, 20000 OD pairs
2026-09-03 08:48:39,065 period midday  : 24052 paths, 20000 OD pairs
2026-09-03 08:48:39,071 period pm_peak : 27934 paths, 20000 OD pairs
2026-09-03 08:48:39,076 period evening : 24033 paths, 20000 OD pairs
2026-09-03 08:48:39,081 period owl     : 22762 paths, 20000 OD pairs
2026-09-03 08:48:39,081 locking 28 route-periods across 14 routes in classes ('peak_express',)
2026-09-03 08:48:39,112      incumbent rescaled x1.0022
2026-09-03 09:07:59,866 solve lambda=2.0: obj=2.9556e+06 vh=2515.3/2517.2 exchanges=34
2026-09-03 09:07:59,886 reroute-023#1dc299b50907                       seed 20260825 obj=2955604.840454 restarts=40 conv=True adm=True 1161s
2026-09-03 09:08:01,254 footpaths: 15561 links (9 from transfers.txt)
2026-09-03 09:08:01,264 raptor network: 2946 stops, 111 patterns, 15561 footpaths
2026-09-03 09:08:01,387 zones: 1397 (637 with transit access within 600 m), 3938 access links
2026-09-03 09:08:01,397 route classes: {'all_day': 25, 'peak_express': 14}
2026-09-03 09:08:01,474 evaluator pricing: common_lines=same_route (explicit)
2026-09-03 09:08:01,480 period early   : 24705 paths, 20000 OD pairs
2026-09-03 09:08:01,486 period am_peak : 28712 paths, 20000 OD pairs
2026-09-03 09:08:01,491 period midday  : 24052 paths, 20000 OD pairs
2026-09-03 09:08:01,497 period pm_peak : 27934 paths, 20000 OD pairs
2026-09-03 09:08:01,502 period evening : 24033 paths, 20000 OD pairs
2026-09-03 09:08:01,507 period owl     : 22762 paths, 20000 OD pairs
2026-09-03 09:08:01,507 locking 28 route-periods across 14 routes in classes ('peak_express',)
2026-09-03 09:08:01,538      incumbent rescaled x1.0022
2026-09-03 09:26:30,809 solve lambda=2.0: obj=2.95563e+06 vh=2513.8/2517.2 exchanges=0
2026-09-03 09:26:30,828 reroute-023#1dc299b50907                       seed 20260827 obj=2955629.508880 restarts=40 conv=True adm=True 1110s
2026-09-03 09:26:31,901 stopping cleanly: 1650s needed for reroute-023#1dc299b50907/20260829, 1126s left
2026-09-03 09:26:31,901 slice ran 2 cells
2026-09-03 09:26:34,519 3.1-stageB-esc: 77 cells remaining, 38 in this shard
2026-09-03 09:26:34,634 cache hit  baseline-a5bf710e8b2c9129 (53.2 MB, 0.1s)
2026-09-03 09:26:34,679 cache hit  raptor-51c3309f35ffd25f (0.6 MB, 0.0s)
2026-09-03 09:26:34,680 cache hit  zones-77edf71b615ba370 (0.2 MB, 0.0s)
2026-09-03 09:26:34,680 cache hit  od-ba345b9cb167aecb (0.5 MB, 0.0s)
2026-09-03 09:26:34,704 route classes: {'all_day': 25, 'peak_express': 14}
2026-09-03 09:26:35,434 footpaths: 15561 links (9 from transfers.txt)
2026-09-03 09:26:35,442 raptor network: 2946 stops, 111 patterns, 15561 footpaths
2026-09-03 09:26:35,572 zones: 1397 (637 with transit access within 600 m), 3938 access links
2026-09-03 09:26:35,584 route classes: {'all_day': 25, 'peak_express': 14}
2026-09-03 09:26:35,668 evaluator pricing: common_lines=same_route (explicit)
2026-09-03 09:26:35,675 period early   : 24705 paths, 20000 OD pairs
2026-09-03 09:26:35,681 period am_peak : 28712 paths, 20000 OD pairs
2026-09-03 09:26:35,687 period midday  : 24052 paths, 20000 OD pairs
2026-09-03 09:26:35,695 period pm_peak : 27934 paths, 20000 OD pairs
2026-09-03 09:26:35,700 period evening : 24033 paths, 20000 OD pairs
2026-09-03 09:26:35,706 period owl     : 22762 paths, 20000 OD pairs
2026-09-03 09:26:35,706 locking 28 route-periods across 14 routes in classes ('peak_express',)
2026-09-03 09:26:35,743      incumbent rescaled x1.0022
2026-09-03 09:45:28,458 solve lambda=2.0: obj=2.95563e+06 vh=2513.8/2517.2 exchanges=0
2026-09-03 09:45:28,476 reroute-023#1dc299b50907                       seed 20260829 obj=2955629.508880 restarts=40 conv=True adm=True 1133s
2026-09-03 09:45:30,020 footpaths: 15565 links (9 from transfers.txt)
2026-09-03 09:45:30,029 raptor network: 2948 stops, 111 patterns, 15565 footpaths
2026-09-03 09:45:30,137 zones: 1397 (637 with transit access within 600 m), 3938 access links
2026-09-03 09:45:30,147 route classes: {'all_day': 25, 'peak_express': 14}
2026-09-03 09:45:30,215 evaluator pricing: common_lines=same_route (explicit)
2026-09-03 09:45:30,221 period early   : 24655 paths, 20000 OD pairs
2026-09-03 09:45:30,227 period am_peak : 28762 paths, 20000 OD pairs
2026-09-03 09:45:30,232 period midday  : 24087 paths, 20000 OD pairs
2026-09-03 09:45:30,238 period pm_peak : 27962 paths, 20000 OD pairs
2026-09-03 09:45:30,243 period evening : 24044 paths, 20000 OD pairs
2026-09-03 09:45:30,248 period owl     : 22674 paths, 20000 OD pairs
2026-09-03 09:45:30,248 locking 28 route-periods across 14 routes in classes ('peak_express',)
2026-09-03 10:04:07,446 solve lambda=2.0: obj=2.95589e+06 vh=2516.3/2517.2 exchanges=60
2026-09-03 10:04:07,468 straighten-001#95a4287b6fa0                    seed 20260826 obj=2955886.409746 restarts=40 conv=True adm=True 1118s
2026-09-03 10:04:08,674 stopping cleanly: 1650s needed for straighten-001#95a4287b6fa0/20260828, 1146s left
2026-09-03 10:04:08,674 slice ran 2 cells
2026-09-03 10:04:11,266 3.1-stageB-esc: 72 cells remaining, 36 in this shard
2026-09-03 10:04:11,365 cache hit  baseline-a5bf710e8b2c9129 (53.2 MB, 0.1s)
2026-09-03 10:04:11,400 cache hit  raptor-51c3309f35ffd25f (0.6 MB, 0.0s)
2026-09-03 10:04:11,401 cache hit  zones-77edf71b615ba370 (0.2 MB, 0.0s)
2026-09-03 10:04:11,402 cache hit  od-ba345b9cb167aecb (0.5 MB, 0.0s)
2026-09-03 10:04:11,420 route classes: {'all_day': 25, 'peak_express': 14}
2026-09-03 10:04:12,128 footpaths: 15565 links (9 from transfers.txt)
2026-09-03 10:04:12,139 raptor network: 2948 stops, 111 patterns, 15565 footpaths
2026-09-03 10:04:12,263 zones: 1397 (637 with transit access within 600 m), 3938 access links
2026-09-03 10:04:12,278 route classes: {'all_day': 25, 'peak_express': 14}
2026-09-03 10:04:12,345 evaluator pricing: common_lines=same_route (explicit)
2026-09-03 10:04:12,351 period early   : 24655 paths, 20000 OD pairs
2026-09-03 10:04:12,358 period am_peak : 28762 paths, 20000 OD pairs
2026-09-03 10:04:12,363 period midday  : 24087 paths, 20000 OD pairs
2026-09-03 10:04:12,369 period pm_peak : 27962 paths, 20000 OD pairs
2026-09-03 10:04:12,374 period evening : 24044 paths, 20000 OD pairs
2026-09-03 10:04:12,379 period owl     : 22674 paths, 20000 OD pairs
2026-09-03 10:04:12,379 locking 28 route-periods across 14 routes in classes ('peak_express',)
2026-09-03 10:21:32,728 solve lambda=2.0: obj=2.95567e+06 vh=2516.2/2517.2 exchanges=40
2026-09-03 10:21:32,747 straighten-001#95a4287b6fa0                    seed 20260828 obj=2955666.253004 restarts=40 conv=True adm=True 1041s
2026-09-03 10:21:34,405 footpaths: 15553 links (9 from transfers.txt)
2026-09-03 10:21:34,414 raptor network: 2944 stops, 111 patterns, 15553 footpaths
2026-09-03 10:21:34,531 zones: 1397 (636 with transit access within 600 m), 3936 access links
2026-09-03 10:21:34,540 route classes: {'all_day': 25, 'peak_express': 14}
2026-09-03 10:21:34,590 evaluator pricing: common_lines=same_route (explicit)
2026-09-03 10:21:34,596 period early   : 24613 paths, 20000 OD pairs
2026-09-03 10:21:34,602 period am_peak : 28700 paths, 20000 OD pairs
2026-09-03 10:21:34,607 period midday  : 24035 paths, 20000 OD pairs
2026-09-03 10:21:34,612 period pm_peak : 27918 paths, 20000 OD pairs
2026-09-03 10:21:34,618 period evening : 24000 paths, 20000 OD pairs
2026-09-03 10:21:34,622 period owl     : 22616 paths, 20000 OD pairs
2026-09-03 10:21:34,623 locking 28 route-periods across 14 routes in classes ('peak_express',)
2026-09-03 10:40:15,798 solve lambda=2.0: obj=2.95586e+06 vh=2516.6/2517.2 exchanges=79
2026-09-03 10:40:15,819 straighten-002#716a0b294c2c                    seed 20260825 obj=2955864.356389 restarts=40 conv=True adm=True 1122s
2026-09-03 10:40:17,271 stopping cleanly: 1650s needed for straighten-002#716a0b294c2c/20260827, 1234s left
2026-09-03 10:40:17,272 slice ran 2 cells
2026-09-03 10:40:19,875 3.1-stageB-esc: 68 cells remaining, 34 in this shard
2026-09-03 10:40:19,976 cache hit  baseline-a5bf710e8b2c9129 (53.2 MB, 0.1s)
2026-09-03 10:40:20,019 cache hit  raptor-51c3309f35ffd25f (0.6 MB, 0.0s)
2026-09-03 10:40:20,019 cache hit  zones-77edf71b615ba370 (0.2 MB, 0.0s)
2026-09-03 10:40:20,020 cache hit  od-ba345b9cb167aecb (0.5 MB, 0.0s)
2026-09-03 10:40:20,039 route classes: {'all_day': 25, 'peak_express': 14}
2026-09-03 10:40:20,541 footpaths: 15553 links (9 from transfers.txt)
2026-09-03 10:40:20,550 raptor network: 2944 stops, 111 patterns, 15553 footpaths
2026-09-03 10:40:20,669 zones: 1397 (636 with transit access within 600 m), 3936 access links
2026-09-03 10:40:20,677 route classes: {'all_day': 25, 'peak_express': 14}
2026-09-03 10:40:20,738 evaluator pricing: common_lines=same_route (explicit)
2026-09-03 10:40:20,744 period early   : 24613 paths, 20000 OD pairs
2026-09-03 10:40:20,751 period am_peak : 28700 paths, 20000 OD pairs
2026-09-03 10:40:20,756 period midday  : 24035 paths, 20000 OD pairs
2026-09-03 10:40:20,762 period pm_peak : 27918 paths, 20000 OD pairs
2026-09-03 10:40:20,767 period evening : 24000 paths, 20000 OD pairs
2026-09-03 10:40:20,772 period owl     : 22616 paths, 20000 OD pairs
2026-09-03 10:40:20,772 locking 28 route-periods across 14 routes in classes ('peak_express',)
2026-09-03 10:58:17,917 solve lambda=2.0: obj=2.95573e+06 vh=2516.1/2517.2 exchanges=34
2026-09-03 10:58:17,935 straighten-002#716a0b294c2c                    seed 20260827 obj=2955732.951171 restarts=40 conv=True adm=True 1078s
2026-09-03 10:58:20,245 footpaths: 15553 links (9 from transfers.txt)
2026-09-03 10:58:20,253 raptor network: 2944 stops, 111 patterns, 15553 footpaths
2026-09-03 10:58:20,363 zones: 1397 (636 with transit access within 600 m), 3936 access links
2026-09-03 10:58:20,373 route classes: {'all_day': 25, 'peak_express': 14}
2026-09-03 10:58:20,426 evaluator pricing: common_lines=same_route (explicit)
2026-09-03 10:58:20,432 period early   : 24613 paths, 20000 OD pairs
2026-09-03 10:58:20,437 period am_peak : 28700 paths, 20000 OD pairs
2026-09-03 10:58:20,442 period midday  : 24035 paths, 20000 OD pairs
2026-09-03 10:58:20,448 period pm_peak : 27918 paths, 20000 OD pairs
2026-09-03 10:58:20,453 period evening : 24000 paths, 20000 OD pairs
2026-09-03 10:58:20,457 period owl     : 22616 paths, 20000 OD pairs
2026-09-03 10:58:20,457 locking 28 route-periods across 14 routes in classes ('peak_express',)
2026-09-03 11:15:34,491 solve lambda=2.0: obj=2.95552e+06 vh=2516.4/2517.2 exchanges=43
2026-09-03 11:15:34,510 straighten-002#716a0b294c2c                    seed 20260829 obj=2955516.749683 restarts=40 conv=True adm=True 1035s
2026-09-03 11:15:35,611 stopping cleanly: 1650s needed for straighten-004#600ca164ad60/20260826, 1284s left
2026-09-03 11:15:35,611 slice ran 2 cells
2026-09-03 11:15:38,158 3.1-stageB-esc: 64 cells remaining, 32 in this shard
2026-09-03 11:15:38,248 cache hit  baseline-a5bf710e8b2c9129 (53.2 MB, 0.1s)
2026-09-03 11:15:38,287 cache hit  raptor-51c3309f35ffd25f (0.6 MB, 0.0s)
2026-09-03 11:15:38,287 cache hit  zones-77edf71b615ba370 (0.2 MB, 0.0s)
2026-09-03 11:15:38,288 cache hit  od-ba345b9cb167aecb (0.5 MB, 0.0s)
2026-09-03 11:15:38,306 route classes: {'all_day': 25, 'peak_express': 14}
2026-09-03 11:15:38,938 footpaths: 15533 links (9 from transfers.txt)
2026-09-03 11:15:38,947 raptor network: 2944 stops, 111 patterns, 15533 footpaths
2026-09-03 11:15:39,060 zones: 1397 (637 with transit access within 600 m), 3935 access links
2026-09-03 11:15:39,068 route classes: {'all_day': 25, 'peak_express': 14}
2026-09-03 11:15:39,139 evaluator pricing: common_lines=same_route (explicit)
2026-09-03 11:15:39,145 period early   : 24666 paths, 20000 OD pairs
2026-09-03 11:15:39,152 period am_peak : 28765 paths, 20000 OD pairs
2026-09-03 11:15:39,157 period midday  : 24099 paths, 20000 OD pairs
2026-09-03 11:15:39,163 period pm_peak : 27987 paths, 20000 OD pairs
2026-09-03 11:15:39,168 period evening : 24058 paths, 20000 OD pairs
2026-09-03 11:15:39,173 period owl     : 22668 paths, 20000 OD pairs
2026-09-03 11:15:39,173 locking 28 route-periods across 14 routes in classes ('peak_express',)
2026-09-03 11:33:54,748 solve lambda=2.0: obj=2.95527e+06 vh=2515.4/2517.2 exchanges=0
2026-09-03 11:33:54,767 straighten-004#600ca164ad60                    seed 20260826 obj=2955268.130632 restarts=40 conv=True adm=True 1096s
2026-09-03 11:33:56,156 footpaths: 15533 links (9 from transfers.txt)
2026-09-03 11:33:56,165 raptor network: 2944 stops, 111 patterns, 15533 footpaths
2026-09-03 11:33:56,289 zones: 1397 (637 with transit access within 600 m), 3935 access links
2026-09-03 11:33:56,298 route classes: {'all_day': 25, 'peak_express': 14}
2026-09-03 11:33:56,365 evaluator pricing: common_lines=same_route (explicit)
2026-09-03 11:33:56,371 period early   : 24666 paths, 20000 OD pairs
2026-09-03 11:33:56,377 period am_peak : 28765 paths, 20000 OD pairs
2026-09-03 11:33:56,382 period midday  : 24099 paths, 20000 OD pairs
2026-09-03 11:33:56,388 period pm_peak : 27987 paths, 20000 OD pairs
2026-09-03 11:33:56,393 period evening : 24058 paths, 20000 OD pairs
2026-09-03 11:33:56,398 period owl     : 22668 paths, 20000 OD pairs
2026-09-03 11:33:56,398 locking 28 route-periods across 14 routes in classes ('peak_express',)
2026-09-03 11:52:29,264 solve lambda=2.0: obj=2.95527e+06 vh=2515.4/2517.2 exchanges=0
2026-09-03 11:52:29,284 straighten-004#600ca164ad60                    seed 20260828 obj=2955268.130632 restarts=40 conv=True adm=True 1113s
2026-09-03 11:52:30,824 stopping cleanly: 1650s needed for straighten-007#830e388b3427/20260825, 1187s left
2026-09-03 11:52:30,824 slice ran 2 cells
2026-09-03 11:52:33,342 3.1-stageB-esc: 60 cells remaining, 30 in this shard
2026-09-03 11:52:33,492 cache hit  baseline-a5bf710e8b2c9129 (53.2 MB, 0.1s)
2026-09-03 11:52:33,535 cache hit  raptor-51c3309f35ffd25f (0.6 MB, 0.0s)
2026-09-03 11:52:33,536 cache hit  zones-77edf71b615ba370 (0.2 MB, 0.0s)
2026-09-03 11:52:33,537 cache hit  od-ba345b9cb167aecb (0.5 MB, 0.0s)
2026-09-03 11:52:33,556 route classes: {'all_day': 25, 'peak_express': 14}
2026-09-03 11:52:34,274 footpaths: 15509 links (9 from transfers.txt)
2026-09-03 11:52:34,283 raptor network: 2942 stops, 111 patterns, 15509 footpaths
2026-09-03 11:52:34,399 zones: 1397 (637 with transit access within 600 m), 3934 access links
2026-09-03 11:52:34,407 route classes: {'all_day': 25, 'peak_express': 14}
2026-09-03 11:52:34,468 evaluator pricing: common_lines=same_route (explicit)
2026-09-03 11:52:34,474 period early   : 24633 paths, 20000 OD pairs
2026-09-03 11:52:34,480 period am_peak : 28752 paths, 20000 OD pairs
2026-09-03 11:52:34,485 period midday  : 24074 paths, 20000 OD pairs
2026-09-03 11:52:34,490 period pm_peak : 27962 paths, 20000 OD pairs
2026-09-03 11:52:34,495 period evening : 24038 paths, 20000 OD pairs
2026-09-03 11:52:34,500 period owl     : 22665 paths, 20000 OD pairs
2026-09-03 11:52:34,500 locking 28 route-periods across 14 routes in classes ('peak_express',)
2026-09-03 12:11:17,993 solve lambda=2.0: obj=2.95474e+06 vh=2514.9/2517.2 exchanges=40
2026-09-03 12:11:18,012 straighten-007#830e388b3427                    seed 20260825 obj=2954742.267772 restarts=40 conv=True adm=True 1124s
2026-09-03 12:11:19,550 footpaths: 15509 links (9 from transfers.txt)
2026-09-03 12:11:19,559 raptor network: 2942 stops, 111 patterns, 15509 footpaths
2026-09-03 12:11:19,670 zones: 1397 (637 with transit access within 600 m), 3934 access links
2026-09-03 12:11:19,681 route classes: {'all_day': 25, 'peak_express': 14}
2026-09-03 12:11:19,733 evaluator pricing: common_lines=same_route (explicit)
2026-09-03 12:11:19,739 period early   : 24633 paths, 20000 OD pairs
2026-09-03 12:11:19,745 period am_peak : 28752 paths, 20000 OD pairs
2026-09-03 12:11:19,749 period midday  : 24074 paths, 20000 OD pairs
2026-09-03 12:11:19,755 period pm_peak : 27962 paths, 20000 OD pairs
2026-09-03 12:11:19,760 period evening : 24038 paths, 20000 OD pairs
2026-09-03 12:11:19,764 period owl     : 22665 paths, 20000 OD pairs
2026-09-03 12:11:19,765 locking 28 route-periods across 14 routes in classes ('peak_express',)
2026-09-03 12:28:59,647 solve lambda=2.0: obj=2.95474e+06 vh=2515.3/2517.2 exchanges=37
2026-09-03 12:28:59,668 straighten-007#830e388b3427                    seed 20260827 obj=2954744.674949 restarts=40 conv=True adm=True 1060s
2026-09-03 12:29:00,968 stopping cleanly: 1650s needed for straighten-007#830e388b3427/20260829, 1212s left
2026-09-03 12:29:00,968 slice ran 2 cells
2026-09-03 12:29:03,771 3.1-stageB-esc: 56 cells remaining, 28 in this shard
2026-09-03 12:29:03,910 cache hit  baseline-a5bf710e8b2c9129 (53.2 MB, 0.1s)
2026-09-03 12:29:03,956 cache hit  raptor-51c3309f35ffd25f (0.6 MB, 0.0s)
2026-09-03 12:29:03,957 cache hit  zones-77edf71b615ba370 (0.2 MB, 0.0s)
2026-09-03 12:29:03,958 cache hit  od-ba345b9cb167aecb (0.5 MB, 0.0s)
2026-09-03 12:29:03,981 route classes: {'all_day': 25, 'peak_express': 14}
2026-09-03 12:29:04,821 footpaths: 15509 links (9 from transfers.txt)
2026-09-03 12:29:04,830 raptor network: 2942 stops, 111 patterns, 15509 footpaths
2026-09-03 12:29:04,969 zones: 1397 (637 with transit access within 600 m), 3934 access links
2026-09-03 12:29:04,978 route classes: {'all_day': 25, 'peak_express': 14}
2026-09-03 12:29:05,039 evaluator pricing: common_lines=same_route (explicit)
2026-09-03 12:29:05,046 period early   : 24633 paths, 20000 OD pairs
2026-09-03 12:29:05,053 period am_peak : 28752 paths, 20000 OD pairs
2026-09-03 12:29:05,058 period midday  : 24074 paths, 20000 OD pairs
2026-09-03 12:29:05,064 period pm_peak : 27962 paths, 20000 OD pairs
2026-09-03 12:29:05,069 period evening : 24038 paths, 20000 OD pairs
2026-09-03 12:29:05,074 period owl     : 22665 paths, 20000 OD pairs
2026-09-03 12:29:05,074 locking 28 route-periods across 14 routes in classes ('peak_express',)
2026-09-03 12:48:10,918 solve lambda=2.0: obj=2.95484e+06 vh=2514.4/2517.2 exchanges=0
2026-09-03 12:48:10,936 straighten-007#830e388b3427                    seed 20260829 obj=2954843.938480 restarts=40 conv=True adm=True 1146s
2026-09-03 12:48:12,594 footpaths: 15543 links (9 from transfers.txt)
2026-09-03 12:48:12,603 raptor network: 2947 stops, 111 patterns, 15543 footpaths
2026-09-03 12:48:12,709 zones: 1397 (637 with transit access within 600 m), 3938 access links
2026-09-03 12:48:12,718 route classes: {'all_day': 25, 'peak_express': 14}
2026-09-03 12:48:12,769 evaluator pricing: common_lines=same_route (explicit)
2026-09-03 12:48:12,775 period early   : 24491 paths, 20000 OD pairs
2026-09-03 12:48:12,781 period am_peak : 28665 paths, 20000 OD pairs
2026-09-03 12:48:12,786 period midday  : 24008 paths, 20000 OD pairs
2026-09-03 12:48:12,792 period pm_peak : 27919 paths, 20000 OD pairs
2026-09-03 12:48:12,801 period evening : 23954 paths, 20000 OD pairs
2026-09-03 12:48:12,806 period owl     : 22604 paths, 20000 OD pairs
2026-09-03 12:48:12,806 locking 28 route-periods across 14 routes in classes ('peak_express',)
2026-09-03 13:06:44,852 solve lambda=2.0: obj=2.95474e+06 vh=2515.5/2517.2 exchanges=32
2026-09-03 13:06:44,870 straighten-011#f2a996066a3d                    seed 20260826 obj=2954738.068400 restarts=40 conv=True adm=True 1113s
2026-09-03 13:06:46,575 stopping cleanly: 1650s needed for straighten-011#f2a996066a3d/20260828, 1137s left
2026-09-03 13:06:46,575 slice ran 2 cells
2026-09-03 13:06:49,144 3.1-stageB-esc: 52 cells remaining, 26 in this shard
2026-09-03 13:06:49,364 cache hit  baseline-a5bf710e8b2c9129 (53.2 MB, 0.2s)
2026-09-03 13:06:49,401 cache hit  raptor-51c3309f35ffd25f (0.6 MB, 0.0s)
2026-09-03 13:06:49,402 cache hit  zones-77edf71b615ba370 (0.2 MB, 0.0s)
2026-09-03 13:06:49,402 cache hit  od-ba345b9cb167aecb (0.5 MB, 0.0s)
2026-09-03 13:06:49,413 route classes: {'all_day': 25, 'peak_express': 14}
2026-09-03 13:06:50,122 footpaths: 15543 links (9 from transfers.txt)
2026-09-03 13:06:50,132 raptor network: 2947 stops, 111 patterns, 15543 footpaths
2026-09-03 13:06:50,257 zones: 1397 (637 with transit access within 600 m), 3938 access links
2026-09-03 13:06:50,265 route classes: {'all_day': 25, 'peak_express': 14}
2026-09-03 13:06:50,324 evaluator pricing: common_lines=same_route (explicit)
2026-09-03 13:06:50,331 period early   : 24491 paths, 20000 OD pairs
2026-09-03 13:06:50,337 period am_peak : 28665 paths, 20000 OD pairs
2026-09-03 13:06:50,342 period midday  : 24008 paths, 20000 OD pairs
2026-09-03 13:06:50,348 period pm_peak : 27919 paths, 20000 OD pairs
2026-09-03 13:06:50,353 period evening : 23954 paths, 20000 OD pairs
2026-09-03 13:06:50,358 period owl     : 22604 paths, 20000 OD pairs
2026-09-03 13:06:50,358 locking 28 route-periods across 14 routes in classes ('peak_express',)
2026-09-03 13:23:54,864 solve lambda=2.0: obj=2.95479e+06 vh=2514.0/2517.2 exchanges=38
2026-09-03 13:23:54,883 straighten-011#f2a996066a3d                    seed 20260828 obj=2954787.005212 restarts=40 conv=True adm=True 1025s
2026-09-03 13:23:56,516 footpaths: 15549 links (9 from transfers.txt)
2026-09-03 13:23:56,525 raptor network: 2946 stops, 111 patterns, 15549 footpaths
2026-09-03 13:23:56,644 zones: 1397 (637 with transit access within 600 m), 3935 access links
2026-09-03 13:23:56,654 route classes: {'all_day': 25, 'peak_express': 14}
2026-09-03 13:23:56,776 evaluator pricing: common_lines=same_route (explicit)
2026-09-03 13:23:56,782 period early   : 24677 paths, 20000 OD pairs
2026-09-03 13:23:56,788 period am_peak : 28769 paths, 20000 OD pairs
2026-09-03 13:23:56,793 period midday  : 24116 paths, 20000 OD pairs
2026-09-03 13:23:56,800 period pm_peak : 27993 paths, 20000 OD pairs
2026-09-03 13:23:56,805 period evening : 24107 paths, 20000 OD pairs
2026-09-03 13:23:56,809 period owl     : 22697 paths, 20000 OD pairs
2026-09-03 13:23:56,809 locking 28 route-periods across 14 routes in classes ('peak_express',)
2026-09-03 13:42:09,536 solve lambda=2.0: obj=2.95582e+06 vh=2515.6/2517.2 exchanges=0
2026-09-03 13:42:09,555 straighten-021#110f4a755fe7                    seed 20260825 obj=2955822.412475 restarts=40 conv=True adm=True 1093s
2026-09-03 13:42:10,831 stopping cleanly: 1650s needed for straighten-021#110f4a755fe7/20260827, 1278s left
2026-09-03 13:42:10,831 slice ran 2 cells
2026-09-03 13:42:13,371 3.1-stageB-esc: 48 cells remaining, 24 in this shard
2026-09-03 13:42:13,506 cache hit  baseline-a5bf710e8b2c9129 (53.2 MB, 0.1s)
2026-09-03 13:42:13,545 cache hit  raptor-51c3309f35ffd25f (0.6 MB, 0.0s)
2026-09-03 13:42:13,546 cache hit  zones-77edf71b615ba370 (0.2 MB, 0.0s)
2026-09-03 13:42:13,547 cache hit  od-ba345b9cb167aecb (0.5 MB, 0.0s)
2026-09-03 13:42:13,602 route classes: {'all_day': 25, 'peak_express': 14}
2026-09-03 13:42:14,188 footpaths: 15549 links (9 from transfers.txt)
2026-09-03 13:42:14,197 raptor network: 2946 stops, 111 patterns, 15549 footpaths
2026-09-03 13:42:14,314 zones: 1397 (637 with transit access within 600 m), 3935 access links
2026-09-03 13:42:14,324 route classes: {'all_day': 25, 'peak_express': 14}
2026-09-03 13:42:14,387 evaluator pricing: common_lines=same_route (explicit)
2026-09-03 13:42:14,394 period early   : 24677 paths, 20000 OD pairs
2026-09-03 13:42:14,401 period am_peak : 28769 paths, 20000 OD pairs
2026-09-03 13:42:14,406 period midday  : 24116 paths, 20000 OD pairs
2026-09-03 13:42:14,412 period pm_peak : 27993 paths, 20000 OD pairs
2026-09-03 13:42:14,417 period evening : 24107 paths, 20000 OD pairs
2026-09-03 13:42:14,422 period owl     : 22697 paths, 20000 OD pairs
2026-09-03 13:42:14,422 locking 28 route-periods across 14 routes in classes ('peak_express',)
2026-09-03 16:32:18,891 3.1-stageB-esc: 48 cells remaining, 24 in this shard
2026-09-03 16:32:21,462 cache hit  baseline-a5bf710e8b2c9129 (53.2 MB, 2.6s)
2026-09-03 16:32:21,758 cache hit  raptor-51c3309f35ffd25f (0.6 MB, 0.0s)
2026-09-03 16:32:21,760 cache hit  zones-77edf71b615ba370 (0.2 MB, 0.0s)
2026-09-03 16:32:21,762 cache hit  od-ba345b9cb167aecb (0.5 MB, 0.0s)
2026-09-03 16:32:21,791 route classes: {'all_day': 25, 'peak_express': 14}
2026-09-03 16:32:25,460 footpaths: 15549 links (9 from transfers.txt)
2026-09-03 16:32:25,473 raptor network: 2946 stops, 111 patterns, 15549 footpaths
2026-09-03 16:32:25,642 zones: 1397 (637 with transit access within 600 m), 3935 access links
2026-09-03 16:32:25,655 route classes: {'all_day': 25, 'peak_express': 14}
2026-09-03 16:32:25,757 evaluator pricing: common_lines=same_route (explicit)
2026-09-03 16:32:25,766 period early   : 24677 paths, 20000 OD pairs
2026-09-03 16:32:25,773 period am_peak : 28769 paths, 20000 OD pairs
2026-09-03 16:32:25,778 period midday  : 24116 paths, 20000 OD pairs
2026-09-03 16:32:25,785 period pm_peak : 27993 paths, 20000 OD pairs
2026-09-03 16:32:25,790 period evening : 24107 paths, 20000 OD pairs
2026-09-03 16:32:25,795 period owl     : 22697 paths, 20000 OD pairs
2026-09-03 16:32:25,795 locking 28 route-periods across 14 routes in classes ('peak_express',)
2026-09-03 16:58:16,200 solve lambda=2.0: obj=2.95582e+06 vh=2515.6/2517.2 exchanges=0
2026-09-03 16:58:16,226 straighten-021#110f4a755fe7                    seed 20260827 obj=2955822.412475 restarts=40 conv=True adm=True 1551s
2026-09-03 16:58:18,048 footpaths: 15549 links (9 from transfers.txt)
2026-09-03 16:58:18,063 raptor network: 2946 stops, 111 patterns, 15549 footpaths
2026-09-03 16:58:18,235 zones: 1397 (637 with transit access within 600 m), 3935 access links
2026-09-03 16:58:18,247 route classes: {'all_day': 25, 'peak_express': 14}
2026-09-03 16:58:18,358 evaluator pricing: common_lines=same_route (explicit)
2026-09-03 16:58:18,365 period early   : 24677 paths, 20000 OD pairs
2026-09-03 16:58:18,372 period am_peak : 28769 paths, 20000 OD pairs
2026-09-03 16:58:18,377 period midday  : 24116 paths, 20000 OD pairs
2026-09-03 16:58:18,384 period pm_peak : 27993 paths, 20000 OD pairs
2026-09-03 16:58:18,389 period evening : 24107 paths, 20000 OD pairs
2026-09-03 16:58:18,395 period owl     : 22697 paths, 20000 OD pairs
2026-09-03 16:58:18,395 locking 28 route-periods across 14 routes in classes ('peak_express',)
2026-09-03 17:27:18,680 solve lambda=2.0: obj=2.95582e+06 vh=2515.6/2517.2 exchanges=0
2026-09-03 17:27:18,706 straighten-021#110f4a755fe7                    seed 20260829 obj=2955822.412475 restarts=40 conv=True adm=True 1741s
2026-09-03 17:27:20,049 stopping cleanly: 1650s needed for straighten-024#6a687792ef0b/20260826, 99s left
2026-09-03 17:27:20,049 slice ran 2 cells
2026-09-03 17:27:24,017 3.1-stageB-esc: 45 cells remaining, 22 in this shard
2026-09-03 17:27:24,328 cache hit  baseline-a5bf710e8b2c9129 (53.2 MB, 0.3s)
2026-09-03 17:27:24,381 cache hit  raptor-51c3309f35ffd25f (0.6 MB, 0.0s)
2026-09-03 17:27:24,382 cache hit  zones-77edf71b615ba370 (0.2 MB, 0.0s)
2026-09-03 17:27:24,383 cache hit  od-ba345b9cb167aecb (0.5 MB, 0.0s)
2026-09-03 17:27:24,400 route classes: {'all_day': 25, 'peak_express': 14}
2026-09-03 17:27:25,639 footpaths: 15573 links (9 from transfers.txt)
2026-09-03 17:27:25,653 raptor network: 2949 stops, 111 patterns, 15573 footpaths
2026-09-03 17:27:25,834 zones: 1397 (637 with transit access within 600 m), 3938 access links
2026-09-03 17:27:25,847 route classes: {'all_day': 25, 'peak_express': 14}
2026-09-03 17:27:25,944 evaluator pricing: common_lines=same_route (explicit)
2026-09-03 17:27:25,952 period early   : 24715 paths, 20000 OD pairs
2026-09-03 17:27:25,960 period am_peak : 28833 paths, 20000 OD pairs
2026-09-03 17:27:25,966 period midday  : 24147 paths, 20000 OD pairs
2026-09-03 17:27:25,974 period pm_peak : 28019 paths, 20000 OD pairs
2026-09-03 17:27:25,980 period evening : 24046 paths, 20000 OD pairs
2026-09-03 17:27:25,987 period owl     : 22659 paths, 20000 OD pairs
2026-09-03 17:27:25,987 locking 28 route-periods across 14 routes in classes ('peak_express',)
2026-09-03 17:54:54,404 solve lambda=2.0: obj=2.95467e+06 vh=2515.4/2517.2 exchanges=63
2026-09-03 17:54:54,422 straighten-024#6a687792ef0b                    seed 20260826 obj=2954665.137027 restarts=40 conv=True adm=True 1649s
2026-09-03 17:54:56,350 footpaths: 15573 links (9 from transfers.txt)
2026-09-03 17:54:56,362 raptor network: 2949 stops, 111 patterns, 15573 footpaths
2026-09-03 17:54:56,531 zones: 1397 (637 with transit access within 600 m), 3938 access links
2026-09-03 17:54:56,543 route classes: {'all_day': 25, 'peak_express': 14}
2026-09-03 17:54:56,609 evaluator pricing: common_lines=same_route (explicit)
2026-09-03 17:54:56,616 period early   : 24715 paths, 20000 OD pairs
2026-09-03 17:54:56,623 period am_peak : 28833 paths, 20000 OD pairs
2026-09-03 17:54:56,629 period midday  : 24147 paths, 20000 OD pairs
2026-09-03 17:54:56,636 period pm_peak : 28019 paths, 20000 OD pairs
2026-09-03 17:54:56,643 period evening : 24046 paths, 20000 OD pairs
2026-09-03 17:54:56,648 period owl     : 22659 paths, 20000 OD pairs
2026-09-03 17:54:56,649 locking 28 route-periods across 14 routes in classes ('peak_express',)
2026-09-03 18:24:45,042 solve lambda=2.0: obj=2.95462e+06 vh=2515.5/2517.2 exchanges=39
2026-09-03 18:24:45,064 straighten-024#6a687792ef0b                    seed 20260828 obj=2954622.065965 restarts=40 conv=True adm=True 1789s
2026-09-03 18:24:46,802 stopping cleanly: 1650s needed for straighten-025#f0732765f122/20260825, -43s left
2026-09-03 18:24:46,802 slice ran 2 cells
2026-09-03 18:24:50,127 3.1-stageB-esc: 40 cells remaining, 20 in this shard
2026-09-03 18:24:50,441 cache hit  baseline-a5bf710e8b2c9129 (53.2 MB, 0.3s)
2026-09-03 18:24:50,504 cache hit  raptor-51c3309f35ffd25f (0.6 MB, 0.0s)
2026-09-03 18:24:50,505 cache hit  zones-77edf71b615ba370 (0.2 MB, 0.0s)
2026-09-03 18:24:50,506 cache hit  od-ba345b9cb167aecb (0.5 MB, 0.0s)
2026-09-03 18:24:50,535 route classes: {'all_day': 25, 'peak_express': 14}
2026-09-03 18:24:51,747 footpaths: 15565 links (9 from transfers.txt)
2026-09-03 18:24:51,759 raptor network: 2944 stops, 111 patterns, 15565 footpaths
2026-09-03 18:24:51,954 zones: 1397 (636 with transit access within 600 m), 3931 access links
2026-09-03 18:24:51,967 route classes: {'all_day': 25, 'peak_express': 14}
2026-09-03 18:24:52,060 evaluator pricing: common_lines=same_route (explicit)
2026-09-03 18:24:52,068 period early   : 24564 paths, 20000 OD pairs
2026-09-03 18:24:52,075 period am_peak : 28696 paths, 20000 OD pairs
2026-09-03 18:24:52,081 period midday  : 24050 paths, 20000 OD pairs
2026-09-03 18:24:52,088 period pm_peak : 27930 paths, 20000 OD pairs
2026-09-03 18:24:52,093 period evening : 24015 paths, 20000 OD pairs
2026-09-03 18:24:52,099 period owl     : 22567 paths, 20000 OD pairs
2026-09-03 18:24:52,099 locking 28 route-periods across 14 routes in classes ('peak_express',)
2026-09-03 18:53:11,412 solve lambda=2.0: obj=2.95389e+06 vh=2516.3/2517.2 exchanges=36
2026-09-03 18:53:11,439 straighten-025#f0732765f122                    seed 20260825 obj=2953891.052914 restarts=40 conv=True adm=True 1700s
2026-09-03 18:53:13,443 footpaths: 15565 links (9 from transfers.txt)
2026-09-03 18:53:13,456 raptor network: 2944 stops, 111 patterns, 15565 footpaths
2026-09-03 18:53:13,637 zones: 1397 (636 with transit access within 600 m), 3931 access links
2026-09-03 18:53:13,650 route classes: {'all_day': 25, 'peak_express': 14}
2026-09-03 18:53:13,747 evaluator pricing: common_lines=same_route (explicit)
2026-09-03 18:53:13,755 period early   : 24564 paths, 20000 OD pairs
2026-09-03 18:53:13,762 period am_peak : 28696 paths, 20000 OD pairs
2026-09-03 18:53:13,768 period midday  : 24050 paths, 20000 OD pairs
2026-09-03 18:53:13,775 period pm_peak : 27930 paths, 20000 OD pairs
2026-09-03 18:53:13,781 period evening : 24015 paths, 20000 OD pairs
2026-09-03 18:53:13,786 period owl     : 22567 paths, 20000 OD pairs
2026-09-03 18:53:13,786 locking 28 route-periods across 14 routes in classes ('peak_express',)
2026-09-03 19:21:49,913 solve lambda=2.0: obj=2.95394e+06 vh=2516.1/2517.2 exchanges=52
2026-09-03 19:21:49,938 straighten-025#f0732765f122                    seed 20260827 obj=2953940.080129 restarts=40 conv=True adm=True 1717s
2026-09-03 19:21:51,384 stopping cleanly: 1650s needed for straighten-025#f0732765f122/20260829, -21s left
2026-09-03 19:21:51,384 slice ran 2 cells
2026-09-03 19:21:54,648 3.1-stageB-esc: 36 cells remaining, 18 in this shard
2026-09-03 19:21:54,811 cache hit  baseline-a5bf710e8b2c9129 (53.2 MB, 0.2s)
2026-09-03 19:21:54,860 cache hit  raptor-51c3309f35ffd25f (0.6 MB, 0.0s)
2026-09-03 19:21:54,861 cache hit  zones-77edf71b615ba370 (0.2 MB, 0.0s)
2026-09-03 19:21:54,862 cache hit  od-ba345b9cb167aecb (0.5 MB, 0.0s)
2026-09-03 19:21:54,878 route classes: {'all_day': 25, 'peak_express': 14}
2026-09-03 19:21:55,998 footpaths: 15565 links (9 from transfers.txt)
2026-09-03 19:21:56,009 raptor network: 2944 stops, 111 patterns, 15565 footpaths
2026-09-03 19:21:56,185 zones: 1397 (636 with transit access within 600 m), 3931 access links
2026-09-03 19:21:56,197 route classes: {'all_day': 25, 'peak_express': 14}
2026-09-03 19:21:56,272 evaluator pricing: common_lines=same_route (explicit)
2026-09-03 19:21:56,280 period early   : 24564 paths, 20000 OD pairs
2026-09-03 19:21:56,287 period am_peak : 28696 paths, 20000 OD pairs
2026-09-03 19:21:56,292 period midday  : 24050 paths, 20000 OD pairs
2026-09-03 19:21:56,299 period pm_peak : 27930 paths, 20000 OD pairs
2026-09-03 19:21:56,305 period evening : 24015 paths, 20000 OD pairs
2026-09-03 19:21:56,310 period owl     : 22567 paths, 20000 OD pairs
2026-09-03 19:21:56,310 locking 28 route-periods across 14 routes in classes ('peak_express',)
2026-09-03 19:47:54,572 solve lambda=2.0: obj=2.95376e+06 vh=2515.9/2517.2 exchanges=41
2026-09-03 19:47:54,595 straighten-025#f0732765f122                    seed 20260829 obj=2953760.971526 restarts=40 conv=True adm=True 1559s
2026-09-03 19:47:56,391 footpaths: 15507 links (9 from transfers.txt)
2026-09-03 19:47:56,402 raptor network: 2943 stops, 111 patterns, 15507 footpaths
2026-09-03 19:47:56,571 zones: 1397 (637 with transit access within 600 m), 3938 access links
2026-09-03 19:47:56,582 route classes: {'all_day': 25, 'peak_express': 14}
2026-09-03 19:47:56,665 evaluator pricing: common_lines=same_route (explicit)
2026-09-03 19:47:56,672 period early   : 24658 paths, 20000 OD pairs
2026-09-03 19:47:56,679 period am_peak : 28736 paths, 20000 OD pairs
2026-09-03 19:47:56,684 period midday  : 24082 paths, 20000 OD pairs
2026-09-03 19:47:56,690 period pm_peak : 27965 paths, 20000 OD pairs
2026-09-03 19:47:56,696 period evening : 24031 paths, 20000 OD pairs
2026-09-03 19:47:56,701 period owl     : 22644 paths, 20000 OD pairs
2026-09-03 19:47:56,701 locking 28 route-periods across 14 routes in classes ('peak_express',)
2026-09-03 20:16:03,930 solve lambda=2.0: obj=2.95551e+06 vh=2516.1/2517.2 exchanges=63
2026-09-03 20:16:03,956 straighten-031#d0ecad5fc231                    seed 20260826 obj=2955509.893219 restarts=40 conv=True adm=True 1688s
2026-09-03 20:16:05,210 stopping cleanly: 1650s needed for straighten-031#d0ecad5fc231/20260828, 149s left
2026-09-03 20:16:05,210 slice ran 2 cells
2026-09-03 20:16:09,373 3.1-stageB-esc: 32 cells remaining, 16 in this shard
2026-09-03 20:16:09,513 cache hit  baseline-a5bf710e8b2c9129 (53.2 MB, 0.1s)
2026-09-03 20:16:09,580 cache hit  raptor-51c3309f35ffd25f (0.6 MB, 0.0s)
2026-09-03 20:16:09,580 cache hit  zones-77edf71b615ba370 (0.2 MB, 0.0s)
2026-09-03 20:16:09,582 cache hit  od-ba345b9cb167aecb (0.5 MB, 0.0s)
2026-09-03 20:16:09,609 route classes: {'all_day': 25, 'peak_express': 14}
2026-09-03 20:16:10,663 footpaths: 15507 links (9 from transfers.txt)
2026-09-03 20:16:10,676 raptor network: 2943 stops, 111 patterns, 15507 footpaths
2026-09-03 20:16:10,852 zones: 1397 (637 with transit access within 600 m), 3938 access links
2026-09-03 20:16:10,864 route classes: {'all_day': 25, 'peak_express': 14}
2026-09-03 20:16:10,970 evaluator pricing: common_lines=same_route (explicit)
2026-09-03 20:16:10,978 period early   : 24658 paths, 20000 OD pairs
2026-09-03 20:16:10,987 period am_peak : 28736 paths, 20000 OD pairs
2026-09-03 20:16:10,994 period midday  : 24082 paths, 20000 OD pairs
2026-09-03 20:16:11,002 period pm_peak : 27965 paths, 20000 OD pairs
2026-09-03 20:16:11,011 period evening : 24031 paths, 20000 OD pairs
2026-09-03 20:16:11,024 period owl     : 22644 paths, 20000 OD pairs
2026-09-03 20:16:11,024 locking 28 route-periods across 14 routes in classes ('peak_express',)
2026-09-03 20:43:35,284 solve lambda=2.0: obj=2.95539e+06 vh=2515.1/2517.2 exchanges=53
2026-09-03 20:43:35,308 straighten-031#d0ecad5fc231                    seed 20260828 obj=2955392.181171 restarts=40 conv=True adm=True 1645s
2026-09-03 20:43:37,299 footpaths: 15553 links (9 from transfers.txt)
2026-09-03 20:43:37,312 raptor network: 2946 stops, 111 patterns, 15553 footpaths
2026-09-03 20:43:37,495 zones: 1397 (637 with transit access within 600 m), 3937 access links
2026-09-03 20:43:37,512 route classes: {'all_day': 25, 'peak_express': 14}
2026-09-03 20:43:37,619 evaluator pricing: common_lines=same_route (explicit)
2026-09-03 20:43:37,626 period early   : 24670 paths, 20000 OD pairs
2026-09-03 20:43:37,634 period am_peak : 28732 paths, 20000 OD pairs
2026-09-03 20:43:37,640 period midday  : 24100 paths, 20000 OD pairs
2026-09-03 20:43:37,647 period pm_peak : 27985 paths, 20000 OD pairs
2026-09-03 20:43:37,653 period evening : 24061 paths, 20000 OD pairs
2026-09-03 20:43:37,659 period owl     : 22667 paths, 20000 OD pairs
2026-09-03 20:43:37,659 locking 28 route-periods across 14 routes in classes ('peak_express',)
2026-09-03 21:13:03,282 solve lambda=2.0: obj=2.95367e+06 vh=2514.6/2517.2 exchanges=0
2026-09-03 21:13:03,313 straighten-102#4dd646541565                    seed 20260825 obj=2953665.830033 restarts=40 conv=True adm=True 1766s
2026-09-03 21:13:05,199 stopping cleanly: 1650s needed for straighten-102#4dd646541565/20260827, -16s left
2026-09-03 21:13:05,199 slice ran 2 cells
2026-09-03 21:13:22,117 3.1-stageB-esc: 28 cells remaining, 14 in this shard
2026-09-03 21:13:22,242 cache hit  baseline-a5bf710e8b2c9129 (53.2 MB, 0.1s)
2026-09-03 21:13:22,289 cache hit  raptor-51c3309f35ffd25f (0.6 MB, 0.0s)
2026-09-03 21:13:22,290 cache hit  zones-77edf71b615ba370 (0.2 MB, 0.0s)
2026-09-03 21:13:22,291 cache hit  od-ba345b9cb167aecb (0.5 MB, 0.0s)
2026-09-03 21:13:22,305 route classes: {'all_day': 25, 'peak_express': 14}
2026-09-03 21:13:23,116 footpaths: 15553 links (9 from transfers.txt)
2026-09-03 21:13:23,128 raptor network: 2946 stops, 111 patterns, 15553 footpaths
2026-09-03 21:13:23,299 zones: 1397 (637 with transit access within 600 m), 3937 access links
2026-09-03 21:13:23,310 route classes: {'all_day': 25, 'peak_express': 14}
2026-09-03 21:13:23,395 evaluator pricing: common_lines=same_route (explicit)
2026-09-03 21:13:23,402 period early   : 24670 paths, 20000 OD pairs
2026-09-03 21:13:23,410 period am_peak : 28732 paths, 20000 OD pairs
2026-09-03 21:13:23,416 period midday  : 24100 paths, 20000 OD pairs
2026-09-03 21:13:23,424 period pm_peak : 27985 paths, 20000 OD pairs
2026-09-03 21:13:23,430 period evening : 24061 paths, 20000 OD pairs
2026-09-03 21:13:23,436 period owl     : 22667 paths, 20000 OD pairs
2026-09-03 21:13:23,436 locking 28 route-periods across 14 routes in classes ('peak_express',)
2026-09-03 21:40:53,713 solve lambda=2.0: obj=2.95367e+06 vh=2514.6/2517.2 exchanges=0
2026-09-03 21:40:53,753 straighten-102#4dd646541565                    seed 20260827 obj=2953665.830033 restarts=40 conv=True adm=True 1651s
2026-09-03 21:40:55,585 footpaths: 15553 links (9 from transfers.txt)
2026-09-03 21:40:55,598 raptor network: 2946 stops, 111 patterns, 15553 footpaths
2026-09-03 21:40:55,766 zones: 1397 (637 with transit access within 600 m), 3937 access links
2026-09-03 21:40:55,778 route classes: {'all_day': 25, 'peak_express': 14}
2026-09-03 21:40:55,867 evaluator pricing: common_lines=same_route (explicit)
2026-09-03 21:40:55,874 period early   : 24670 paths, 20000 OD pairs
2026-09-03 21:40:55,881 period am_peak : 28732 paths, 20000 OD pairs
2026-09-03 21:40:55,886 period midday  : 24100 paths, 20000 OD pairs
2026-09-03 21:40:55,892 period pm_peak : 27985 paths, 20000 OD pairs
2026-09-03 21:40:55,898 period evening : 24061 paths, 20000 OD pairs
2026-09-03 21:40:55,903 period owl     : 22667 paths, 20000 OD pairs
2026-09-03 21:40:55,904 locking 28 route-periods across 14 routes in classes ('peak_express',)
2026-09-03 22:08:53,068 solve lambda=2.0: obj=2.9536e+06 vh=2515.8/2517.2 exchanges=42
2026-09-03 22:08:53,092 straighten-102#4dd646541565                    seed 20260829 obj=2953604.588376 restarts=40 conv=True adm=True 1678s
2026-09-03 22:08:54,416 stopping cleanly: 1850s needed for truncate-007#a14f6e0894dd/20260826, 968s left
2026-09-03 22:08:54,417 slice ran 2 cells
2026-09-03 22:08:57,786 3.1-stageB-esc: 24 cells remaining, 12 in this shard
2026-09-03 22:08:57,951 cache hit  baseline-a5bf710e8b2c9129 (53.2 MB, 0.2s)
2026-09-03 22:08:58,011 cache hit  raptor-51c3309f35ffd25f (0.6 MB, 0.0s)
2026-09-03 22:08:58,011 cache hit  zones-77edf71b615ba370 (0.2 MB, 0.0s)
2026-09-03 22:08:58,013 cache hit  od-ba345b9cb167aecb (0.5 MB, 0.0s)
2026-09-03 22:08:58,039 route classes: {'all_day': 25, 'peak_express': 14}
2026-09-03 22:08:59,056 footpaths: 15573 links (9 from transfers.txt)
2026-09-03 22:08:59,068 raptor network: 2949 stops, 111 patterns, 15573 footpaths
2026-09-03 22:08:59,241 zones: 1397 (637 with transit access within 600 m), 3938 access links
2026-09-03 22:08:59,253 route classes: {'all_day': 25, 'peak_express': 14}
2026-09-03 22:08:59,355 evaluator pricing: common_lines=same_route (explicit)
2026-09-03 22:08:59,363 period early   : 24689 paths, 20000 OD pairs
2026-09-03 22:08:59,370 period am_peak : 28776 paths, 20000 OD pairs
2026-09-03 22:08:59,376 period midday  : 24096 paths, 20000 OD pairs
2026-09-03 22:08:59,384 period pm_peak : 28000 paths, 20000 OD pairs
2026-09-03 22:08:59,391 period evening : 24069 paths, 20000 OD pairs
2026-09-03 22:08:59,397 period owl     : 22667 paths, 20000 OD pairs
2026-09-03 22:08:59,397 locking 28 route-periods across 14 routes in classes ('peak_express',)
2026-09-03 22:35:18,328 solve lambda=2.0: obj=2.9548e+06 vh=2514.7/2517.2 exchanges=62
2026-09-03 22:35:18,348 truncate-007#a14f6e0894dd                      seed 20260826 obj=2954804.115356 restarts=40 conv=True adm=True 1580s
2026-09-03 22:35:20,235 footpaths: 15573 links (9 from transfers.txt)
2026-09-03 22:35:20,248 raptor network: 2949 stops, 111 patterns, 15573 footpaths
2026-09-03 22:35:20,418 zones: 1397 (637 with transit access within 600 m), 3938 access links
2026-09-03 22:35:20,431 route classes: {'all_day': 25, 'peak_express': 14}
2026-09-03 22:35:20,503 evaluator pricing: common_lines=same_route (explicit)
2026-09-03 22:35:20,509 period early   : 24689 paths, 20000 OD pairs
2026-09-03 22:35:20,516 period am_peak : 28776 paths, 20000 OD pairs
2026-09-03 22:35:20,521 period midday  : 24096 paths, 20000 OD pairs
2026-09-03 22:35:20,527 period pm_peak : 28000 paths, 20000 OD pairs
2026-09-03 22:35:20,533 period evening : 24069 paths, 20000 OD pairs
2026-09-03 22:35:20,538 period owl     : 22667 paths, 20000 OD pairs
2026-09-03 22:35:20,538 locking 28 route-periods across 14 routes in classes ('peak_express',)
2026-09-03 23:03:20,345 solve lambda=2.0: obj=2.95471e+06 vh=2514.8/2517.2 exchanges=66
2026-09-03 23:03:20,368 truncate-007#a14f6e0894dd                      seed 20260828 obj=2954707.635476 restarts=40 conv=True adm=True 1681s
2026-09-03 23:03:21,790 stopping cleanly: 1850s needed for truncate-007#e0327cd10f50/20260825, 1036s left
2026-09-03 23:03:21,790 slice ran 2 cells
2026-09-03 23:03:25,348 3.1-stageB-esc: 20 cells remaining, 10 in this shard
2026-09-03 23:03:25,484 cache hit  baseline-a5bf710e8b2c9129 (53.2 MB, 0.1s)
2026-09-03 23:03:25,532 cache hit  raptor-51c3309f35ffd25f (0.6 MB, 0.0s)
2026-09-03 23:03:25,533 cache hit  zones-77edf71b615ba370 (0.2 MB, 0.0s)
2026-09-03 23:03:25,535 cache hit  od-ba345b9cb167aecb (0.5 MB, 0.0s)
2026-09-03 23:03:25,570 route classes: {'all_day': 25, 'peak_express': 14}
2026-09-03 23:03:26,532 footpaths: 15573 links (9 from transfers.txt)
2026-09-03 23:03:26,545 raptor network: 2947 stops, 111 patterns, 15573 footpaths
2026-09-03 23:03:26,722 zones: 1397 (637 with transit access within 600 m), 3938 access links
2026-09-03 23:03:26,735 route classes: {'all_day': 25, 'peak_express': 14}
2026-09-03 23:03:26,838 evaluator pricing: common_lines=same_route (explicit)
2026-09-03 23:03:26,847 period early   : 24667 paths, 20000 OD pairs
2026-09-03 23:03:26,855 period am_peak : 28761 paths, 20000 OD pairs
2026-09-03 23:03:26,862 period midday  : 24096 paths, 20000 OD pairs
2026-09-03 23:03:26,869 period pm_peak : 27982 paths, 20000 OD pairs
2026-09-03 23:03:26,875 period evening : 24057 paths, 20000 OD pairs
2026-09-03 23:03:26,881 period owl     : 22668 paths, 20000 OD pairs
2026-09-03 23:03:26,881 locking 28 route-periods across 14 routes in classes ('peak_express',)
2026-09-03 23:30:15,781 solve lambda=2.0: obj=2.95414e+06 vh=2514.1/2517.2 exchanges=0
2026-09-03 23:30:15,807 truncate-007#e0327cd10f50                      seed 20260825 obj=2954141.452683 restarts=40 conv=True adm=True 1610s
2026-09-03 23:30:17,516 footpaths: 15573 links (9 from transfers.txt)
2026-09-03 23:30:17,528 raptor network: 2947 stops, 111 patterns, 15573 footpaths
2026-09-03 23:30:17,701 zones: 1397 (637 with transit access within 600 m), 3938 access links
2026-09-03 23:30:17,714 route classes: {'all_day': 25, 'peak_express': 14}
2026-09-03 23:30:17,806 evaluator pricing: common_lines=same_route (explicit)
2026-09-03 23:30:17,815 period early   : 24667 paths, 20000 OD pairs
2026-09-03 23:30:17,822 period am_peak : 28761 paths, 20000 OD pairs
2026-09-03 23:30:17,828 period midday  : 24096 paths, 20000 OD pairs
2026-09-03 23:30:17,835 period pm_peak : 27982 paths, 20000 OD pairs
2026-09-03 23:30:17,840 period evening : 24057 paths, 20000 OD pairs
2026-09-03 23:30:17,846 period owl     : 22668 paths, 20000 OD pairs
2026-09-03 23:30:17,846 locking 28 route-periods across 14 routes in classes ('peak_express',)
2026-09-03 23:58:09,662 solve lambda=2.0: obj=2.95411e+06 vh=2515.1/2517.2 exchanges=42
2026-09-03 23:58:09,690 truncate-007#e0327cd10f50                      seed 20260827 obj=2954109.709267 restarts=40 conv=True adm=True 1673s
2026-09-03 23:58:11,096 stopping cleanly: 1850s needed for truncate-007#e0327cd10f50/20260829, 1014s left
2026-09-03 23:58:11,096 slice ran 2 cells
2026-09-03 23:58:14,667 3.1-stageB-esc: 16 cells remaining, 8 in this shard
2026-09-03 23:58:14,799 cache hit  baseline-a5bf710e8b2c9129 (53.2 MB, 0.1s)
2026-09-03 23:58:14,849 cache hit  raptor-51c3309f35ffd25f (0.6 MB, 0.0s)
2026-09-03 23:58:14,849 cache hit  zones-77edf71b615ba370 (0.2 MB, 0.0s)
2026-09-03 23:58:14,850 cache hit  od-ba345b9cb167aecb (0.5 MB, 0.0s)
2026-09-03 23:58:14,877 route classes: {'all_day': 25, 'peak_express': 14}
2026-09-03 23:58:16,040 footpaths: 15573 links (9 from transfers.txt)
2026-09-03 23:58:16,054 raptor network: 2947 stops, 111 patterns, 15573 footpaths
2026-09-03 23:58:16,242 zones: 1397 (637 with transit access within 600 m), 3938 access links
2026-09-03 23:58:16,257 route classes: {'all_day': 25, 'peak_express': 14}
2026-09-03 23:58:16,373 evaluator pricing: common_lines=same_route (explicit)
2026-09-03 23:58:16,381 period early   : 24667 paths, 20000 OD pairs
2026-09-03 23:58:16,390 period am_peak : 28761 paths, 20000 OD pairs
2026-09-03 23:58:16,397 period midday  : 24096 paths, 20000 OD pairs
2026-09-03 23:58:16,404 period pm_peak : 27982 paths, 20000 OD pairs
2026-09-03 23:58:16,411 period evening : 24057 paths, 20000 OD pairs
2026-09-03 23:58:16,417 period owl     : 22668 paths, 20000 OD pairs
2026-09-03 23:58:16,417 locking 28 route-periods across 14 routes in classes ('peak_express',)
2026-09-04 00:25:03,507 solve lambda=2.0: obj=2.95412e+06 vh=2514.9/2517.2 exchanges=57
2026-09-04 00:25:03,532 truncate-007#e0327cd10f50                      seed 20260829 obj=2954122.777670 restarts=40 conv=True adm=True 1608s
2026-09-04 00:25:05,391 footpaths: 15545 links (9 from transfers.txt)
2026-09-04 00:25:05,404 raptor network: 2946 stops, 111 patterns, 15545 footpaths
2026-09-04 00:25:05,585 zones: 1397 (637 with transit access within 600 m), 3938 access links
2026-09-04 00:25:05,599 route classes: {'all_day': 25, 'peak_express': 14}
2026-09-04 00:25:05,714 evaluator pricing: common_lines=same_route (explicit)
2026-09-04 00:25:05,722 period early   : 24668 paths, 20000 OD pairs
2026-09-04 00:25:05,729 period am_peak : 28764 paths, 20000 OD pairs
2026-09-04 00:25:05,736 period midday  : 24097 paths, 20000 OD pairs
2026-09-04 00:25:05,744 period pm_peak : 27983 paths, 20000 OD pairs
2026-09-04 00:25:05,750 period evening : 24058 paths, 20000 OD pairs
2026-09-04 00:25:05,756 period owl     : 22669 paths, 20000 OD pairs
2026-09-04 00:25:05,756 locking 28 route-periods across 14 routes in classes ('peak_express',)
2026-09-04 00:50:48,852 solve lambda=2.0: obj=2.95552e+06 vh=2515.7/2517.2 exchanges=34
2026-09-04 00:50:48,875 truncate-012#584263ee6bf8                      seed 20260826 obj=2955524.659304 restarts=40 conv=True adm=True 1544s
2026-09-04 00:50:50,742 stopping cleanly: 1850s needed for truncate-012#584263ee6bf8/20260828, 1144s left
2026-09-04 00:50:50,742 slice ran 2 cells
2026-09-04 00:50:53,979 3.1-stageB-esc: 12 cells remaining, 6 in this shard
2026-09-04 00:50:54,097 cache hit  baseline-a5bf710e8b2c9129 (53.2 MB, 0.1s)
2026-09-04 00:50:54,147 cache hit  raptor-51c3309f35ffd25f (0.6 MB, 0.0s)
2026-09-04 00:50:54,147 cache hit  zones-77edf71b615ba370 (0.2 MB, 0.0s)
2026-09-04 00:50:54,148 cache hit  od-ba345b9cb167aecb (0.5 MB, 0.0s)
2026-09-04 00:50:54,162 route classes: {'all_day': 25, 'peak_express': 14}
2026-09-04 00:50:55,127 footpaths: 15545 links (9 from transfers.txt)
2026-09-04 00:50:55,140 raptor network: 2946 stops, 111 patterns, 15545 footpaths
2026-09-04 00:50:55,303 zones: 1397 (637 with transit access within 600 m), 3938 access links
2026-09-04 00:50:55,315 route classes: {'all_day': 25, 'peak_express': 14}
2026-09-04 00:50:55,405 evaluator pricing: common_lines=same_route (explicit)
2026-09-04 00:50:55,412 period early   : 24668 paths, 20000 OD pairs
2026-09-04 00:50:55,420 period am_peak : 28764 paths, 20000 OD pairs
2026-09-04 00:50:55,425 period midday  : 24097 paths, 20000 OD pairs
2026-09-04 00:50:55,432 period pm_peak : 27983 paths, 20000 OD pairs
2026-09-04 00:50:55,438 period evening : 24058 paths, 20000 OD pairs
2026-09-04 00:50:55,444 period owl     : 22669 paths, 20000 OD pairs
2026-09-04 00:50:55,444 locking 28 route-periods across 14 routes in classes ('peak_express',)
2026-09-04 01:16:38,422 solve lambda=2.0: obj=2.95554e+06 vh=2516.4/2517.2 exchanges=84
2026-09-04 01:16:38,444 truncate-012#584263ee6bf8                      seed 20260828 obj=2955536.911180 restarts=40 conv=True adm=True 1544s
2026-09-04 01:16:40,078 footpaths: 15553 links (9 from transfers.txt)
2026-09-04 01:16:40,090 raptor network: 2948 stops, 111 patterns, 15553 footpaths
2026-09-04 01:16:40,255 zones: 1397 (637 with transit access within 600 m), 3938 access links
2026-09-04 01:16:40,267 route classes: {'all_day': 25, 'peak_express': 14}
2026-09-04 01:16:40,353 evaluator pricing: common_lines=same_route (explicit)
2026-09-04 01:16:40,360 period early   : 24672 paths, 20000 OD pairs
2026-09-04 01:16:40,368 period am_peak : 28787 paths, 20000 OD pairs
2026-09-04 01:16:40,375 period midday  : 24111 paths, 20000 OD pairs
2026-09-04 01:16:40,382 period pm_peak : 28003 paths, 20000 OD pairs
2026-09-04 01:16:40,388 period evening : 24092 paths, 20000 OD pairs
2026-09-04 01:16:40,394 period owl     : 22697 paths, 20000 OD pairs
2026-09-04 01:16:40,394 locking 28 route-periods across 14 routes in classes ('peak_express',)
2026-09-04 01:43:57,277 solve lambda=2.0: obj=2.95565e+06 vh=2514.5/2517.2 exchanges=25
2026-09-04 01:43:57,304 truncate-023#3ef9178c6974                      seed 20260825 obj=2955645.544697 restarts=40 conv=True adm=True 1638s
2026-09-04 01:43:59,938 stopping cleanly: 1850s needed for truncate-023#3ef9178c6974/20260827, 1114s left
2026-09-04 01:43:59,938 slice ran 2 cells
2026-09-04 01:44:03,228 3.1-stageB-esc: 8 cells remaining, 4 in this shard
2026-09-04 01:44:03,452 cache hit  baseline-a5bf710e8b2c9129 (53.2 MB, 0.2s)
2026-09-04 01:44:03,508 cache hit  raptor-51c3309f35ffd25f (0.6 MB, 0.0s)
2026-09-04 01:44:03,508 cache hit  zones-77edf71b615ba370 (0.2 MB, 0.0s)
2026-09-04 01:44:03,509 cache hit  od-ba345b9cb167aecb (0.5 MB, 0.0s)
2026-09-04 01:44:03,534 route classes: {'all_day': 25, 'peak_express': 14}
2026-09-04 01:44:04,540 footpaths: 15553 links (9 from transfers.txt)
2026-09-04 01:44:04,552 raptor network: 2948 stops, 111 patterns, 15553 footpaths
2026-09-04 01:44:04,722 zones: 1397 (637 with transit access within 600 m), 3938 access links
2026-09-04 01:44:04,734 route classes: {'all_day': 25, 'peak_express': 14}
2026-09-04 01:44:04,822 evaluator pricing: common_lines=same_route (explicit)
2026-09-04 01:44:04,830 period early   : 24672 paths, 20000 OD pairs
2026-09-04 01:44:04,837 period am_peak : 28787 paths, 20000 OD pairs
2026-09-04 01:44:04,843 period midday  : 24111 paths, 20000 OD pairs
2026-09-04 01:44:04,849 period pm_peak : 28003 paths, 20000 OD pairs
2026-09-04 01:44:04,855 period evening : 24092 paths, 20000 OD pairs
2026-09-04 01:44:04,860 period owl     : 22697 paths, 20000 OD pairs
2026-09-04 01:44:04,860 locking 28 route-periods across 14 routes in classes ('peak_express',)
2026-09-04 02:10:12,824 solve lambda=2.0: obj=2.95566e+06 vh=2514.2/2517.2 exchanges=0
2026-09-04 02:10:12,854 truncate-023#3ef9178c6974                      seed 20260827 obj=2955657.333351 restarts=40 conv=True adm=True 1569s
2026-09-04 02:10:15,990 footpaths: 15553 links (9 from transfers.txt)
2026-09-04 02:10:16,002 raptor network: 2948 stops, 111 patterns, 15553 footpaths
2026-09-04 02:10:16,174 zones: 1397 (637 with transit access within 600 m), 3938 access links
2026-09-04 02:10:16,187 route classes: {'all_day': 25, 'peak_express': 14}
2026-09-04 02:10:16,273 evaluator pricing: common_lines=same_route (explicit)
2026-09-04 02:10:16,280 period early   : 24672 paths, 20000 OD pairs
2026-09-04 02:10:16,287 period am_peak : 28787 paths, 20000 OD pairs
2026-09-04 02:10:16,293 period midday  : 24111 paths, 20000 OD pairs
2026-09-04 02:10:16,299 period pm_peak : 28003 paths, 20000 OD pairs
2026-09-04 02:10:16,305 period evening : 24092 paths, 20000 OD pairs
2026-09-04 02:10:16,310 period owl     : 22697 paths, 20000 OD pairs
2026-09-04 02:10:16,311 locking 28 route-periods across 14 routes in classes ('peak_express',)
2026-09-04 02:37:21,993 solve lambda=2.0: obj=2.95566e+06 vh=2514.2/2517.2 exchanges=0
2026-09-04 02:37:22,025 truncate-023#3ef9178c6974                      seed 20260829 obj=2955657.333351 restarts=40 conv=True adm=True 1626s
2026-09-04 02:37:23,353 stopping cleanly: 1850s needed for truncate-032#00b89519f00f/20260826, 1100s left
2026-09-04 02:37:23,353 slice ran 2 cells
2026-09-04 02:37:26,696 3.1-stageB-esc: 4 cells remaining, 2 in this shard
2026-09-04 02:37:26,848 cache hit  baseline-a5bf710e8b2c9129 (53.2 MB, 0.2s)
2026-09-04 02:37:26,910 cache hit  raptor-51c3309f35ffd25f (0.6 MB, 0.0s)
2026-09-04 02:37:26,911 cache hit  zones-77edf71b615ba370 (0.2 MB, 0.0s)
2026-09-04 02:37:26,912 cache hit  od-ba345b9cb167aecb (0.5 MB, 0.0s)
2026-09-04 02:37:26,941 route classes: {'all_day': 25, 'peak_express': 14}
2026-09-04 02:37:28,096 footpaths: 15553 links (9 from transfers.txt)
2026-09-04 02:37:28,109 raptor network: 2948 stops, 111 patterns, 15553 footpaths
2026-09-04 02:37:28,304 zones: 1397 (637 with transit access within 600 m), 3938 access links
2026-09-04 02:37:28,318 route classes: {'all_day': 25, 'peak_express': 14}
2026-09-04 02:37:28,444 evaluator pricing: common_lines=same_route (explicit)
2026-09-04 02:37:28,453 period early   : 24700 paths, 20000 OD pairs
2026-09-04 02:37:28,461 period am_peak : 28752 paths, 20000 OD pairs
2026-09-04 02:37:28,467 period midday  : 24084 paths, 20000 OD pairs
2026-09-04 02:37:28,475 period pm_peak : 27978 paths, 20000 OD pairs
2026-09-04 02:37:28,481 period evening : 24044 paths, 20000 OD pairs
2026-09-04 02:37:28,487 period owl     : 22692 paths, 20000 OD pairs
2026-09-04 02:37:28,488 locking 28 route-periods across 14 routes in classes ('peak_express',)
2026-09-04 03:03:43,924 solve lambda=2.0: obj=2.95496e+06 vh=2514.6/2517.2 exchanges=0
2026-09-04 03:03:43,949 truncate-032#00b89519f00f                      seed 20260826 obj=2954956.572745 restarts=40 conv=True adm=True 1576s
2026-09-04 03:03:45,604 footpaths: 15553 links (9 from transfers.txt)
2026-09-04 03:03:45,618 raptor network: 2948 stops, 111 patterns, 15553 footpaths
2026-09-04 03:03:45,801 zones: 1397 (637 with transit access within 600 m), 3938 access links
2026-09-04 03:03:45,824 route classes: {'all_day': 25, 'peak_express': 14}
2026-09-04 03:03:45,922 evaluator pricing: common_lines=same_route (explicit)
2026-09-04 03:03:45,930 period early   : 24700 paths, 20000 OD pairs
2026-09-04 03:03:45,937 period am_peak : 28752 paths, 20000 OD pairs
2026-09-04 03:03:45,944 period midday  : 24084 paths, 20000 OD pairs
2026-09-04 03:03:45,951 period pm_peak : 27978 paths, 20000 OD pairs
2026-09-04 03:03:45,958 period evening : 24044 paths, 20000 OD pairs
2026-09-04 03:03:45,964 period owl     : 22692 paths, 20000 OD pairs
2026-09-04 03:03:45,964 locking 28 route-periods across 14 routes in classes ('peak_express',)
2026-09-04 03:29:00,112 solve lambda=2.0: obj=2.95496e+06 vh=2514.6/2517.2 exchanges=0
2026-09-04 03:29:00,134 truncate-032#00b89519f00f                      seed 20260828 obj=2954956.572745 restarts=40 conv=True adm=True 1515s
2026-09-04 03:29:00,134 slice ran 2 cells
