2026-09-02 19:02:27,960 3.1-stageB-esc: 170 cells remaining, 85 in this shard
2026-09-02 19:02:29,683 cache hit  baseline-a5bf710e8b2c9129 (53.2 MB, 1.7s)
2026-09-02 19:02:29,727 cache hit  raptor-51c3309f35ffd25f (0.6 MB, 0.0s)
2026-09-02 19:02:29,728 cache hit  zones-77edf71b615ba370 (0.2 MB, 0.0s)
2026-09-02 19:02:29,729 cache hit  od-ba345b9cb167aecb (0.5 MB, 0.0s)
2026-09-02 19:02:29,773 route classes: {'all_day': 25, 'peak_express': 14}
2026-09-02 19:02:31,332 footpaths: 15573 links (9 from transfers.txt)
2026-09-02 19:02:31,341 raptor network: 2949 stops, 111 patterns, 15573 footpaths
2026-09-02 19:02:31,476 zones: 1397 (637 with transit access within 600 m), 3938 access links
2026-09-02 19:02:31,486 route classes: {'all_day': 25, 'peak_express': 14}
2026-09-02 19:02:31,537 evaluator pricing: common_lines=same_route (explicit)
2026-09-02 19:02:31,544 period early   : 24668 paths, 20000 OD pairs
2026-09-02 19:02:31,551 period am_peak : 28763 paths, 20000 OD pairs
2026-09-02 19:02:31,556 period midday  : 24097 paths, 20000 OD pairs
2026-09-02 19:02:31,562 period pm_peak : 27986 paths, 20000 OD pairs
2026-09-02 19:02:31,567 period evening : 24058 paths, 20000 OD pairs
2026-09-02 19:02:31,572 period owl     : 22669 paths, 20000 OD pairs
2026-09-02 19:02:31,572 locking 28 route-periods across 14 routes in classes ('peak_express',)
2026-09-02 19:24:02,217 solve lambda=2.0: obj=2.95588e+06 vh=2516.5/2517.2 exchanges=55
2026-09-02 19:24:02,246 <none>                                         seed 20260826 obj=2955878.199596 restarts=40 conv=True adm=True 1291s
2026-09-02 19:24:02,894 footpaths: 15573 links (9 from transfers.txt)
2026-09-02 19:24:02,914 raptor network: 2949 stops, 111 patterns, 15573 footpaths
2026-09-02 19:24:03,039 zones: 1397 (637 with transit access within 600 m), 3938 access links
2026-09-02 19:24:03,051 route classes: {'all_day': 25, 'peak_express': 14}
2026-09-02 19:24:03,103 evaluator pricing: common_lines=same_route (explicit)
2026-09-02 19:24:03,110 period early   : 24668 paths, 20000 OD pairs
2026-09-02 19:24:03,116 period am_peak : 28763 paths, 20000 OD pairs
2026-09-02 19:24:03,121 period midday  : 24097 paths, 20000 OD pairs
2026-09-02 19:24:03,128 period pm_peak : 27986 paths, 20000 OD pairs
2026-09-02 19:24:03,133 period evening : 24058 paths, 20000 OD pairs
2026-09-02 19:24:03,139 period owl     : 22669 paths, 20000 OD pairs
2026-09-02 19:24:03,139 locking 28 route-periods across 14 routes in classes ('peak_express',)
2026-09-02 19:46:25,276 solve lambda=2.0: obj=2.95606e+06 vh=2515.7/2517.2 exchanges=78
2026-09-02 19:46:25,305 <none>                                         seed 20260828 obj=2956055.462380 restarts=40 conv=True adm=True 1343s
2026-09-02 19:46:26,758 stopping cleanly: 1650s needed for add_stop-004#27407b151153/20260825, 761s left
2026-09-02 19:46:26,758 slice ran 2 cells
2026-09-02 19:46:29,896 3.1-stageB-esc: 166 cells remaining, 83 in this shard
2026-09-02 19:46:30,250 cache hit  baseline-a5bf710e8b2c9129 (53.2 MB, 0.4s)
2026-09-02 19:46:30,315 cache hit  raptor-51c3309f35ffd25f (0.6 MB, 0.0s)
2026-09-02 19:46:30,315 cache hit  zones-77edf71b615ba370 (0.2 MB, 0.0s)
2026-09-02 19:46:30,316 cache hit  od-ba345b9cb167aecb (0.5 MB, 0.0s)
2026-09-02 19:46:30,346 route classes: {'all_day': 25, 'peak_express': 14}
2026-09-02 19:46:31,813 footpaths: 15573 links (9 from transfers.txt)
2026-09-02 19:46:31,824 raptor network: 2949 stops, 111 patterns, 15573 footpaths
2026-09-02 19:46:31,948 zones: 1397 (637 with transit access within 600 m), 3938 access links
2026-09-02 19:46:31,958 route classes: {'all_day': 25, 'peak_express': 14}
2026-09-02 19:46:32,054 evaluator pricing: common_lines=same_route (explicit)
2026-09-02 19:46:32,061 period early   : 24674 paths, 20000 OD pairs
2026-09-02 19:46:32,067 period am_peak : 28749 paths, 20000 OD pairs
2026-09-02 19:46:32,073 period midday  : 24078 paths, 20000 OD pairs
2026-09-02 19:46:32,079 period pm_peak : 27955 paths, 20000 OD pairs
2026-09-02 19:46:32,084 period evening : 24047 paths, 20000 OD pairs
2026-09-02 19:46:32,089 period owl     : 22648 paths, 20000 OD pairs
2026-09-02 19:46:32,089 locking 28 route-periods across 14 routes in classes ('peak_express',)
2026-09-02 19:46:32,123      incumbent rescaled x1.0000
2026-09-02 20:08:36,655 solve lambda=2.0: obj=2.95561e+06 vh=2515.2/2517.2 exchanges=0
2026-09-02 20:08:36,690 add_stop-004#27407b151153                      seed 20260825 obj=2955607.448265 restarts=40 conv=True adm=True 1325s
2026-09-02 20:08:38,806 footpaths: 15573 links (9 from transfers.txt)
2026-09-02 20:08:38,819 raptor network: 2949 stops, 111 patterns, 15573 footpaths
2026-09-02 20:08:38,934 zones: 1397 (637 with transit access within 600 m), 3938 access links
2026-09-02 20:08:38,945 route classes: {'all_day': 25, 'peak_express': 14}
2026-09-02 20:08:39,001 evaluator pricing: common_lines=same_route (explicit)
2026-09-02 20:08:39,007 period early   : 24674 paths, 20000 OD pairs
2026-09-02 20:08:39,013 period am_peak : 28749 paths, 20000 OD pairs
2026-09-02 20:08:39,018 period midday  : 24078 paths, 20000 OD pairs
2026-09-02 20:08:39,023 period pm_peak : 27955 paths, 20000 OD pairs
2026-09-02 20:08:39,028 period evening : 24047 paths, 20000 OD pairs
2026-09-02 20:08:39,033 period owl     : 22648 paths, 20000 OD pairs
2026-09-02 20:08:39,033 locking 28 route-periods across 14 routes in classes ('peak_express',)
2026-09-02 20:08:39,071      incumbent rescaled x1.0000
2026-09-02 20:29:38,186 solve lambda=2.0: obj=2.95523e+06 vh=2516.6/2517.2 exchanges=34
2026-09-02 20:29:38,221 add_stop-004#27407b151153                      seed 20260827 obj=2955227.768912 restarts=40 conv=True adm=True 1260s
2026-09-02 20:29:39,858 stopping cleanly: 1650s needed for add_stop-004#27407b151153/20260829, 810s left
2026-09-02 20:29:39,858 slice ran 2 cells
2026-09-02 20:29:43,274 3.1-stageB-esc: 162 cells remaining, 81 in this shard
2026-09-02 20:29:43,686 cache hit  baseline-a5bf710e8b2c9129 (53.2 MB, 0.4s)
2026-09-02 20:29:43,744 cache hit  raptor-51c3309f35ffd25f (0.6 MB, 0.0s)
2026-09-02 20:29:43,745 cache hit  zones-77edf71b615ba370 (0.2 MB, 0.0s)
2026-09-02 20:29:43,746 cache hit  od-ba345b9cb167aecb (0.5 MB, 0.0s)
2026-09-02 20:29:43,779 route classes: {'all_day': 25, 'peak_express': 14}
2026-09-02 20:29:44,737 footpaths: 15573 links (9 from transfers.txt)
2026-09-02 20:29:44,746 raptor network: 2949 stops, 111 patterns, 15573 footpaths
2026-09-02 20:29:44,867 zones: 1397 (637 with transit access within 600 m), 3938 access links
2026-09-02 20:29:44,876 route classes: {'all_day': 25, 'peak_express': 14}
2026-09-02 20:29:44,976 evaluator pricing: common_lines=same_route (explicit)
2026-09-02 20:29:44,983 period early   : 24674 paths, 20000 OD pairs
2026-09-02 20:29:44,989 period am_peak : 28749 paths, 20000 OD pairs
2026-09-02 20:29:44,994 period midday  : 24078 paths, 20000 OD pairs
2026-09-02 20:29:45,001 period pm_peak : 27955 paths, 20000 OD pairs
2026-09-02 20:29:45,006 period evening : 24047 paths, 20000 OD pairs
2026-09-02 20:29:45,012 period owl     : 22648 paths, 20000 OD pairs
2026-09-02 20:29:45,013 locking 28 route-periods across 14 routes in classes ('peak_express',)
2026-09-02 20:29:45,047      incumbent rescaled x1.0000
2026-09-02 20:49:56,810 solve lambda=2.0: obj=2.95549e+06 vh=2515.9/2517.2 exchanges=42
2026-09-02 20:49:56,849 add_stop-004#27407b151153                      seed 20260829 obj=2955493.547046 restarts=40 conv=True adm=True 1212s
2026-09-02 20:49:58,756 footpaths: 15573 links (9 from transfers.txt)
2026-09-02 20:49:58,768 raptor network: 2949 stops, 111 patterns, 15573 footpaths
2026-09-02 20:49:58,873 zones: 1397 (637 with transit access within 600 m), 3938 access links
2026-09-02 20:49:58,883 route classes: {'all_day': 25, 'peak_express': 14}
2026-09-02 20:49:58,927 evaluator pricing: common_lines=same_route (explicit)
2026-09-02 20:49:58,933 period early   : 24680 paths, 20000 OD pairs
2026-09-02 20:49:58,938 period am_peak : 28765 paths, 20000 OD pairs
2026-09-02 20:49:58,943 period midday  : 24098 paths, 20000 OD pairs
2026-09-02 20:49:58,950 period pm_peak : 27984 paths, 20000 OD pairs
2026-09-02 20:49:58,955 period evening : 24058 paths, 20000 OD pairs
2026-09-02 20:49:58,961 period owl     : 22669 paths, 20000 OD pairs
2026-09-02 20:49:58,961 locking 28 route-periods across 14 routes in classes ('peak_express',)
2026-09-02 21:10:33,861 solve lambda=2.0: obj=2.95553e+06 vh=2516.1/2517.2 exchanges=45
2026-09-02 21:10:33,908 add_stop-006#9aecfd5100eb                      seed 20260826 obj=2955531.671693 restarts=40 conv=True adm=True 1235s
2026-09-02 21:10:35,636 stopping cleanly: 1650s needed for add_stop-006#9aecfd5100eb/20260828, 948s left
2026-09-02 21:10:35,637 slice ran 2 cells
2026-09-02 21:10:38,906 3.1-stageB-esc: 158 cells remaining, 79 in this shard
2026-09-02 21:10:39,325 cache hit  baseline-a5bf710e8b2c9129 (53.2 MB, 0.4s)
2026-09-02 21:10:39,385 cache hit  raptor-51c3309f35ffd25f (0.6 MB, 0.0s)
2026-09-02 21:10:39,386 cache hit  zones-77edf71b615ba370 (0.2 MB, 0.0s)
2026-09-02 21:10:39,387 cache hit  od-ba345b9cb167aecb (0.5 MB, 0.0s)
2026-09-02 21:10:39,414 route classes: {'all_day': 25, 'peak_express': 14}
2026-09-02 21:10:40,258 footpaths: 15573 links (9 from transfers.txt)
2026-09-02 21:10:40,270 raptor network: 2949 stops, 111 patterns, 15573 footpaths
2026-09-02 21:10:40,390 zones: 1397 (637 with transit access within 600 m), 3938 access links
2026-09-02 21:10:40,401 route classes: {'all_day': 25, 'peak_express': 14}
2026-09-02 21:10:40,487 evaluator pricing: common_lines=same_route (explicit)
2026-09-02 21:10:40,494 period early   : 24680 paths, 20000 OD pairs
2026-09-02 21:10:40,501 period am_peak : 28765 paths, 20000 OD pairs
2026-09-02 21:10:40,506 period midday  : 24098 paths, 20000 OD pairs
2026-09-02 21:10:40,512 period pm_peak : 27984 paths, 20000 OD pairs
2026-09-02 21:10:40,517 period evening : 24058 paths, 20000 OD pairs
2026-09-02 21:10:40,521 period owl     : 22669 paths, 20000 OD pairs
2026-09-02 21:10:40,521 locking 28 route-periods across 14 routes in classes ('peak_express',)
2026-09-02 21:22:13,270 3.1-stageB-esc: 158 cells remaining, 79 in this shard
2026-09-02 21:22:14,862 cache hit  baseline-a5bf710e8b2c9129 (53.2 MB, 1.6s)
2026-09-02 21:22:15,062 cache hit  raptor-51c3309f35ffd25f (0.6 MB, 0.0s)
2026-09-02 21:22:15,064 cache hit  zones-77edf71b615ba370 (0.2 MB, 0.0s)
2026-09-02 21:22:15,066 cache hit  od-ba345b9cb167aecb (0.5 MB, 0.0s)
2026-09-02 21:22:15,084 route classes: {'all_day': 25, 'peak_express': 14}
2026-09-02 21:22:17,733 footpaths: 15573 links (9 from transfers.txt)
2026-09-02 21:22:17,742 raptor network: 2949 stops, 111 patterns, 15573 footpaths
2026-09-02 21:22:17,835 zones: 1397 (637 with transit access within 600 m), 3938 access links
2026-09-02 21:22:17,843 route classes: {'all_day': 25, 'peak_express': 14}
2026-09-02 21:22:17,900 evaluator pricing: common_lines=same_route (explicit)
2026-09-02 21:22:17,906 period early   : 24680 paths, 20000 OD pairs
2026-09-02 21:22:17,912 period am_peak : 28765 paths, 20000 OD pairs
2026-09-02 21:22:17,916 period midday  : 24098 paths, 20000 OD pairs
2026-09-02 21:22:17,921 period pm_peak : 27984 paths, 20000 OD pairs
2026-09-02 21:22:17,926 period evening : 24058 paths, 20000 OD pairs
2026-09-02 21:22:17,930 period owl     : 22669 paths, 20000 OD pairs
2026-09-02 21:22:17,930 locking 28 route-periods across 14 routes in classes ('peak_express',)
2026-09-02 21:37:48,559 solve lambda=2.0: obj=2.9556e+06 vh=2514.5/2517.2 exchanges=0
2026-09-02 21:37:48,573 add_stop-006#9aecfd5100eb                      seed 20260828 obj=2955599.789507 restarts=40 conv=True adm=True 931s
2026-09-02 21:37:50,460 footpaths: 15573 links (9 from transfers.txt)
2026-09-02 21:37:50,468 raptor network: 2949 stops, 111 patterns, 15573 footpaths
2026-09-02 21:37:50,567 zones: 1397 (637 with transit access within 600 m), 3938 access links
2026-09-02 21:37:50,575 route classes: {'all_day': 25, 'peak_express': 14}
2026-09-02 21:37:50,615 evaluator pricing: common_lines=same_route (explicit)
2026-09-02 21:37:50,621 period early   : 24665 paths, 20000 OD pairs
2026-09-02 21:37:50,626 period am_peak : 28762 paths, 20000 OD pairs
2026-09-02 21:37:50,631 period midday  : 24099 paths, 20000 OD pairs
2026-09-02 21:37:50,636 period pm_peak : 27989 paths, 20000 OD pairs
2026-09-02 21:37:50,641 period evening : 24057 paths, 20000 OD pairs
2026-09-02 21:37:50,645 period owl     : 22669 paths, 20000 OD pairs
2026-09-02 21:37:50,645 locking 28 route-periods across 14 routes in classes ('peak_express',)
2026-09-02 21:54:08,107 solve lambda=2.0: obj=2.95581e+06 vh=2515.7/2517.2 exchanges=40
2026-09-02 21:54:08,122 add_stop-008#f178c37040f5                      seed 20260825 obj=2955812.178356 restarts=40 conv=True adm=True 978s
2026-09-02 21:54:09,572 stopping cleanly: 1650s needed for add_stop-008#f178c37040f5/20260827, 1484s left
2026-09-02 21:54:09,572 slice ran 2 cells
2026-09-02 21:54:11,801 3.1-stageB-esc: 154 cells remaining, 77 in this shard
2026-09-02 21:54:12,080 cache hit  baseline-a5bf710e8b2c9129 (53.2 MB, 0.3s)
2026-09-02 21:54:12,112 cache hit  raptor-51c3309f35ffd25f (0.6 MB, 0.0s)
2026-09-02 21:54:12,112 cache hit  zones-77edf71b615ba370 (0.2 MB, 0.0s)
2026-09-02 21:54:12,113 cache hit  od-ba345b9cb167aecb (0.5 MB, 0.0s)
2026-09-02 21:54:12,126 route classes: {'all_day': 25, 'peak_express': 14}
2026-09-02 21:54:12,834 footpaths: 15573 links (9 from transfers.txt)
2026-09-02 21:54:12,843 raptor network: 2949 stops, 111 patterns, 15573 footpaths
2026-09-02 21:54:12,934 zones: 1397 (637 with transit access within 600 m), 3938 access links
2026-09-02 21:54:12,943 route classes: {'all_day': 25, 'peak_express': 14}
2026-09-02 21:54:13,001 evaluator pricing: common_lines=same_route (explicit)
2026-09-02 21:54:13,008 period early   : 24665 paths, 20000 OD pairs
2026-09-02 21:54:13,013 period am_peak : 28762 paths, 20000 OD pairs
2026-09-02 21:54:13,018 period midday  : 24099 paths, 20000 OD pairs
2026-09-02 21:54:13,023 period pm_peak : 27989 paths, 20000 OD pairs
2026-09-02 21:54:13,028 period evening : 24057 paths, 20000 OD pairs
2026-09-02 21:54:13,032 period owl     : 22669 paths, 20000 OD pairs
2026-09-02 21:54:13,032 locking 28 route-periods across 14 routes in classes ('peak_express',)
2026-09-02 22:10:05,048 solve lambda=2.0: obj=2.95563e+06 vh=2516.2/2517.2 exchanges=32
2026-09-02 22:10:05,066 add_stop-008#f178c37040f5                      seed 20260827 obj=2955625.511140 restarts=40 conv=True adm=True 952s
2026-09-02 22:10:06,736 footpaths: 15573 links (9 from transfers.txt)
2026-09-02 22:10:06,744 raptor network: 2949 stops, 111 patterns, 15573 footpaths
2026-09-02 22:10:06,842 zones: 1397 (637 with transit access within 600 m), 3938 access links
2026-09-02 22:10:06,850 route classes: {'all_day': 25, 'peak_express': 14}
2026-09-02 22:10:06,894 evaluator pricing: common_lines=same_route (explicit)
2026-09-02 22:10:06,899 period early   : 24665 paths, 20000 OD pairs
2026-09-02 22:10:06,903 period am_peak : 28762 paths, 20000 OD pairs
2026-09-02 22:10:06,908 period midday  : 24099 paths, 20000 OD pairs
2026-09-02 22:10:06,912 period pm_peak : 27989 paths, 20000 OD pairs
2026-09-02 22:10:06,916 period evening : 24057 paths, 20000 OD pairs
2026-09-02 22:10:06,920 period owl     : 22669 paths, 20000 OD pairs
2026-09-02 22:10:06,920 locking 28 route-periods across 14 routes in classes ('peak_express',)
2026-09-02 22:12:37,443 3.1-stageB-esc: 152 cells remaining, 76 in this shard
2026-09-02 22:12:38,262 cache hit  baseline-a5bf710e8b2c9129 (53.2 MB, 0.8s)
2026-09-02 22:12:38,459 cache hit  raptor-51c3309f35ffd25f (0.6 MB, 0.0s)
2026-09-02 22:12:38,460 cache hit  zones-77edf71b615ba370 (0.2 MB, 0.0s)
2026-09-02 22:12:38,462 cache hit  od-ba345b9cb167aecb (0.5 MB, 0.0s)
2026-09-02 22:12:38,492 route classes: {'all_day': 25, 'peak_express': 14}
2026-09-02 22:12:41,364 footpaths: 15573 links (9 from transfers.txt)
2026-09-02 22:12:41,375 raptor network: 2949 stops, 111 patterns, 15573 footpaths
2026-09-02 22:12:41,529 zones: 1397 (637 with transit access within 600 m), 3938 access links
2026-09-02 22:12:41,540 route classes: {'all_day': 25, 'peak_express': 14}
2026-09-02 22:12:41,623 evaluator pricing: common_lines=same_route (explicit)
2026-09-02 22:12:41,629 period early   : 24665 paths, 20000 OD pairs
2026-09-02 22:12:41,636 period am_peak : 28762 paths, 20000 OD pairs
2026-09-02 22:12:41,641 period midday  : 24099 paths, 20000 OD pairs
2026-09-02 22:12:41,646 period pm_peak : 27989 paths, 20000 OD pairs
2026-09-02 22:12:41,651 period evening : 24057 paths, 20000 OD pairs
2026-09-02 22:12:41,656 period owl     : 22669 paths, 20000 OD pairs
2026-09-02 22:12:41,656 locking 28 route-periods across 14 routes in classes ('peak_express',)
2026-09-02 22:19:08,313 3.1-stageB-esc: 152 cells remaining, 76 in this shard
2026-09-02 22:19:09,153 cache hit  baseline-a5bf710e8b2c9129 (53.2 MB, 0.8s)
2026-09-02 22:19:09,312 cache hit  raptor-51c3309f35ffd25f (0.6 MB, 0.0s)
2026-09-02 22:19:09,314 cache hit  zones-77edf71b615ba370 (0.2 MB, 0.0s)
2026-09-02 22:19:09,316 cache hit  od-ba345b9cb167aecb (0.5 MB, 0.0s)
2026-09-02 22:19:09,337 route classes: {'all_day': 25, 'peak_express': 14}
2026-09-02 22:19:11,747 footpaths: 15573 links (9 from transfers.txt)
2026-09-02 22:19:11,757 raptor network: 2949 stops, 111 patterns, 15573 footpaths
2026-09-02 22:19:11,857 zones: 1397 (637 with transit access within 600 m), 3938 access links
2026-09-02 22:19:11,865 route classes: {'all_day': 25, 'peak_express': 14}
2026-09-02 22:19:11,922 evaluator pricing: common_lines=same_route (explicit)
2026-09-02 22:19:11,929 period early   : 24665 paths, 20000 OD pairs
2026-09-02 22:19:11,934 period am_peak : 28762 paths, 20000 OD pairs
2026-09-02 22:19:11,939 period midday  : 24099 paths, 20000 OD pairs
2026-09-02 22:19:11,944 period pm_peak : 27989 paths, 20000 OD pairs
2026-09-02 22:19:11,949 period evening : 24057 paths, 20000 OD pairs
2026-09-02 22:19:11,953 period owl     : 22669 paths, 20000 OD pairs
2026-09-02 22:19:11,953 locking 28 route-periods across 14 routes in classes ('peak_express',)
2026-09-02 22:37:19,433 solve lambda=2.0: obj=2.95588e+06 vh=2514.7/2517.2 exchanges=0
2026-09-02 22:37:19,451 add_stop-008#f178c37040f5                      seed 20260829 obj=2955879.486053 restarts=40 conv=True adm=True 1088s
2026-09-02 22:37:21,013 footpaths: 15573 links (9 from transfers.txt)
2026-09-02 22:37:21,022 raptor network: 2949 stops, 111 patterns, 15573 footpaths
2026-09-02 22:37:21,120 zones: 1397 (637 with transit access within 600 m), 3938 access links
2026-09-02 22:37:21,129 route classes: {'all_day': 25, 'peak_express': 14}
2026-09-02 22:37:21,170 evaluator pricing: common_lines=same_route (explicit)
2026-09-02 22:37:21,176 period early   : 24668 paths, 20000 OD pairs
2026-09-02 22:37:21,182 period am_peak : 28770 paths, 20000 OD pairs
2026-09-02 22:37:21,187 period midday  : 24092 paths, 20000 OD pairs
2026-09-02 22:37:21,192 period pm_peak : 28087 paths, 20000 OD pairs
2026-09-02 22:37:21,196 period evening : 24058 paths, 20000 OD pairs
2026-09-02 22:37:21,201 period owl     : 22669 paths, 20000 OD pairs
2026-09-02 22:37:21,201 locking 28 route-periods across 14 routes in classes ('peak_express',)
2026-09-02 22:37:21,228      incumbent rescaled x1.0020
2026-09-02 22:54:12,703 solve lambda=2.0: obj=2.95496e+06 vh=2514.7/2517.2 exchanges=0
2026-09-02 22:54:12,726 add_stop-033#273b2cd43dfd                      seed 20260826 obj=2954961.470336 restarts=40 conv=True adm=True 1012s
2026-09-02 22:54:14,163 stopping cleanly: 1650s needed for add_stop-033#273b2cd43dfd/20260828, 1294s left
2026-09-02 22:54:14,163 slice ran 2 cells
2026-09-02 22:54:16,795 3.1-stageB-esc: 148 cells remaining, 74 in this shard
2026-09-02 22:54:17,045 cache hit  baseline-a5bf710e8b2c9129 (53.2 MB, 0.3s)
2026-09-02 22:54:17,090 cache hit  raptor-51c3309f35ffd25f (0.6 MB, 0.0s)
2026-09-02 22:54:17,091 cache hit  zones-77edf71b615ba370 (0.2 MB, 0.0s)
2026-09-02 22:54:17,092 cache hit  od-ba345b9cb167aecb (0.5 MB, 0.0s)
2026-09-02 22:54:17,110 route classes: {'all_day': 25, 'peak_express': 14}
2026-09-02 22:54:17,893 footpaths: 15573 links (9 from transfers.txt)
2026-09-02 22:54:17,903 raptor network: 2949 stops, 111 patterns, 15573 footpaths
2026-09-02 22:54:18,002 zones: 1397 (637 with transit access within 600 m), 3938 access links
2026-09-02 22:54:18,012 route classes: {'all_day': 25, 'peak_express': 14}
2026-09-02 22:54:18,073 evaluator pricing: common_lines=same_route (explicit)
2026-09-02 22:54:18,080 period early   : 24668 paths, 20000 OD pairs
2026-09-02 22:54:18,086 period am_peak : 28770 paths, 20000 OD pairs
2026-09-02 22:54:18,091 period midday  : 24092 paths, 20000 OD pairs
2026-09-02 22:54:18,097 period pm_peak : 28087 paths, 20000 OD pairs
2026-09-02 22:54:18,102 period evening : 24058 paths, 20000 OD pairs
2026-09-02 22:54:18,106 period owl     : 22669 paths, 20000 OD pairs
2026-09-02 22:54:18,106 locking 28 route-periods across 14 routes in classes ('peak_express',)
2026-09-02 22:54:18,136      incumbent rescaled x1.0020
2026-09-02 23:10:52,385 solve lambda=2.0: obj=2.95496e+06 vh=2514.7/2517.2 exchanges=0
2026-09-02 23:10:52,402 add_stop-033#273b2cd43dfd                      seed 20260828 obj=2954961.470336 restarts=40 conv=True adm=True 995s
2026-09-02 23:10:54,202 footpaths: 15573 links (9 from transfers.txt)
2026-09-02 23:10:54,211 raptor network: 2949 stops, 111 patterns, 15573 footpaths
2026-09-02 23:10:54,304 zones: 1397 (637 with transit access within 600 m), 3938 access links
2026-09-02 23:10:54,313 route classes: {'all_day': 25, 'peak_express': 14}
2026-09-02 23:10:54,355 evaluator pricing: common_lines=same_route (explicit)
2026-09-02 23:10:54,361 period early   : 24677 paths, 20000 OD pairs
2026-09-02 23:10:54,366 period am_peak : 28752 paths, 20000 OD pairs
2026-09-02 23:10:54,371 period midday  : 24065 paths, 20000 OD pairs
2026-09-02 23:10:54,376 period pm_peak : 27954 paths, 20000 OD pairs
2026-09-02 23:10:54,381 period evening : 24058 paths, 20000 OD pairs
2026-09-02 23:10:54,385 period owl     : 22669 paths, 20000 OD pairs
2026-09-02 23:10:54,386 locking 28 route-periods across 14 routes in classes ('peak_express',)
2026-09-02 23:10:54,417      incumbent rescaled x1.0001
2026-09-02 23:28:30,338 solve lambda=2.0: obj=2.95596e+06 vh=2515.4/2517.2 exchanges=0
2026-09-02 23:28:30,356 add_stop-102#78da77548338                      seed 20260825 obj=2955960.831846 restarts=40 conv=True adm=True 1056s
2026-09-02 23:28:31,805 stopping cleanly: 1650s needed for add_stop-102#78da77548338/20260827, 1345s left
2026-09-02 23:28:31,805 slice ran 2 cells
2026-09-02 23:28:34,291 3.1-stageB-esc: 144 cells remaining, 72 in this shard
2026-09-02 23:28:34,396 cache hit  baseline-a5bf710e8b2c9129 (53.2 MB, 0.1s)
2026-09-02 23:28:34,429 cache hit  raptor-51c3309f35ffd25f (0.6 MB, 0.0s)
2026-09-02 23:28:34,430 cache hit  zones-77edf71b615ba370 (0.2 MB, 0.0s)
2026-09-02 23:28:34,431 cache hit  od-ba345b9cb167aecb (0.5 MB, 0.0s)
2026-09-02 23:28:34,442 route classes: {'all_day': 25, 'peak_express': 14}
2026-09-02 23:28:35,116 footpaths: 15573 links (9 from transfers.txt)
2026-09-02 23:28:35,130 raptor network: 2949 stops, 111 patterns, 15573 footpaths
2026-09-02 23:28:35,229 zones: 1397 (637 with transit access within 600 m), 3938 access links
2026-09-02 23:28:35,238 route classes: {'all_day': 25, 'peak_express': 14}
2026-09-02 23:28:35,295 evaluator pricing: common_lines=same_route (explicit)
2026-09-02 23:28:35,301 period early   : 24677 paths, 20000 OD pairs
2026-09-02 23:28:35,307 period am_peak : 28752 paths, 20000 OD pairs
2026-09-02 23:28:35,311 period midday  : 24065 paths, 20000 OD pairs
2026-09-02 23:28:35,317 period pm_peak : 27954 paths, 20000 OD pairs
2026-09-02 23:28:35,321 period evening : 24058 paths, 20000 OD pairs
2026-09-02 23:28:35,326 period owl     : 22669 paths, 20000 OD pairs
2026-09-02 23:28:35,326 locking 28 route-periods across 14 routes in classes ('peak_express',)
2026-09-02 23:28:35,355      incumbent rescaled x1.0001
2026-09-02 23:46:59,307 solve lambda=2.0: obj=2.95572e+06 vh=2516.9/2517.2 exchanges=55
2026-09-02 23:46:59,326 add_stop-102#78da77548338                      seed 20260827 obj=2955718.350371 restarts=40 conv=True adm=True 1104s
2026-09-02 23:47:00,811 footpaths: 15573 links (9 from transfers.txt)
2026-09-02 23:47:00,821 raptor network: 2949 stops, 111 patterns, 15573 footpaths
2026-09-02 23:47:00,930 zones: 1397 (637 with transit access within 600 m), 3938 access links
2026-09-02 23:47:00,940 route classes: {'all_day': 25, 'peak_express': 14}
2026-09-02 23:47:00,989 evaluator pricing: common_lines=same_route (explicit)
2026-09-02 23:47:00,995 period early   : 24677 paths, 20000 OD pairs
2026-09-02 23:47:01,001 period am_peak : 28752 paths, 20000 OD pairs
2026-09-02 23:47:01,006 period midday  : 24065 paths, 20000 OD pairs
2026-09-02 23:47:01,012 period pm_peak : 27954 paths, 20000 OD pairs
2026-09-02 23:47:01,017 period evening : 24058 paths, 20000 OD pairs
2026-09-02 23:47:01,022 period owl     : 22669 paths, 20000 OD pairs
2026-09-02 23:47:01,022 locking 28 route-periods across 14 routes in classes ('peak_express',)
2026-09-02 23:47:01,053      incumbent rescaled x1.0001
2026-09-03 00:05:13,945 solve lambda=2.0: obj=2.95596e+06 vh=2515.4/2517.2 exchanges=0
2026-09-03 00:05:13,962 add_stop-102#78da77548338                      seed 20260829 obj=2955960.831846 restarts=40 conv=True adm=True 1093s
2026-09-03 00:05:15,285 stopping cleanly: 1650s needed for add_stop-141#2fc0aa211ecb/20260826, 1199s left
2026-09-03 00:05:15,285 slice ran 2 cells
2026-09-03 00:05:17,767 3.1-stageB-esc: 140 cells remaining, 70 in this shard
2026-09-03 00:05:17,933 cache hit  baseline-a5bf710e8b2c9129 (53.2 MB, 0.2s)
2026-09-03 00:05:17,973 cache hit  raptor-51c3309f35ffd25f (0.6 MB, 0.0s)
2026-09-03 00:05:17,973 cache hit  zones-77edf71b615ba370 (0.2 MB, 0.0s)
2026-09-03 00:05:17,974 cache hit  od-ba345b9cb167aecb (0.5 MB, 0.0s)
2026-09-03 00:05:17,992 route classes: {'all_day': 25, 'peak_express': 14}
2026-09-03 00:05:18,671 footpaths: 15573 links (9 from transfers.txt)
2026-09-03 00:05:18,680 raptor network: 2949 stops, 111 patterns, 15573 footpaths
2026-09-03 00:05:18,789 zones: 1397 (637 with transit access within 600 m), 3938 access links
2026-09-03 00:05:18,797 route classes: {'all_day': 25, 'peak_express': 14}
2026-09-03 00:05:18,853 evaluator pricing: common_lines=same_route (explicit)
2026-09-03 00:05:18,860 period early   : 24668 paths, 20000 OD pairs
2026-09-03 00:05:18,865 period am_peak : 28763 paths, 20000 OD pairs
2026-09-03 00:05:18,870 period midday  : 24099 paths, 20000 OD pairs
2026-09-03 00:05:18,875 period pm_peak : 28012 paths, 20000 OD pairs
2026-09-03 00:05:18,879 period evening : 24060 paths, 20000 OD pairs
2026-09-03 00:05:18,883 period owl     : 22669 paths, 20000 OD pairs
2026-09-03 00:05:18,884 locking 28 route-periods across 14 routes in classes ('peak_express',)
2026-09-03 00:05:18,911      incumbent rescaled x1.0000
2026-09-03 00:22:20,103 solve lambda=2.0: obj=2.95596e+06 vh=2515.7/2517.2 exchanges=35
2026-09-03 00:22:20,122 add_stop-141#2fc0aa211ecb                      seed 20260826 obj=2955955.383610 restarts=40 conv=True adm=True 1022s
2026-09-03 00:22:21,605 footpaths: 15573 links (9 from transfers.txt)
2026-09-03 00:22:21,614 raptor network: 2949 stops, 111 patterns, 15573 footpaths
2026-09-03 00:22:21,721 zones: 1397 (637 with transit access within 600 m), 3938 access links
2026-09-03 00:22:21,730 route classes: {'all_day': 25, 'peak_express': 14}
2026-09-03 00:22:21,773 evaluator pricing: common_lines=same_route (explicit)
2026-09-03 00:22:21,779 period early   : 24668 paths, 20000 OD pairs
2026-09-03 00:22:21,784 period am_peak : 28763 paths, 20000 OD pairs
2026-09-03 00:22:21,789 period midday  : 24099 paths, 20000 OD pairs
2026-09-03 00:22:21,795 period pm_peak : 28012 paths, 20000 OD pairs
2026-09-03 00:22:21,799 period evening : 24060 paths, 20000 OD pairs
2026-09-03 00:22:21,804 period owl     : 22669 paths, 20000 OD pairs
2026-09-03 00:22:21,804 locking 28 route-periods across 14 routes in classes ('peak_express',)
2026-09-03 00:22:21,834      incumbent rescaled x1.0000
2026-09-03 00:39:21,532 solve lambda=2.0: obj=2.9561e+06 vh=2515.2/2517.2 exchanges=0
2026-09-03 00:39:21,551 add_stop-141#2fc0aa211ecb                      seed 20260828 obj=2956104.644432 restarts=40 conv=True adm=True 1020s
2026-09-03 00:39:23,085 stopping cleanly: 1650s needed for change_terminal-007-EMO4THW#16606ceb331e/20260825, 1355s left
2026-09-03 00:39:23,085 slice ran 2 cells
2026-09-03 00:39:25,570 3.1-stageB-esc: 136 cells remaining, 68 in this shard
2026-09-03 00:39:25,710 cache hit  baseline-a5bf710e8b2c9129 (53.2 MB, 0.1s)
2026-09-03 00:39:25,744 cache hit  raptor-51c3309f35ffd25f (0.6 MB, 0.0s)
2026-09-03 00:39:25,745 cache hit  zones-77edf71b615ba370 (0.2 MB, 0.0s)
2026-09-03 00:39:25,746 cache hit  od-ba345b9cb167aecb (0.5 MB, 0.0s)
2026-09-03 00:39:25,765 route classes: {'all_day': 25, 'peak_express': 14}
2026-09-03 00:39:26,419 footpaths: 15573 links (9 from transfers.txt)
2026-09-03 00:39:26,428 raptor network: 2949 stops, 111 patterns, 15573 footpaths
2026-09-03 00:39:26,543 zones: 1397 (637 with transit access within 600 m), 3938 access links
2026-09-03 00:39:26,552 route classes: {'all_day': 25, 'peak_express': 14}
2026-09-03 00:39:26,608 evaluator pricing: common_lines=same_route (explicit)
2026-09-03 00:39:26,615 period early   : 24678 paths, 20000 OD pairs
2026-09-03 00:39:26,621 period am_peak : 28765 paths, 20000 OD pairs
2026-09-03 00:39:26,625 period midday  : 24102 paths, 20000 OD pairs
2026-09-03 00:39:26,631 period pm_peak : 27988 paths, 20000 OD pairs
2026-09-03 00:39:26,636 period evening : 24063 paths, 20000 OD pairs
2026-09-03 00:39:26,640 period owl     : 22663 paths, 20000 OD pairs
2026-09-03 00:39:26,640 locking 28 route-periods across 14 routes in classes ('peak_express',)
2026-09-03 00:56:00,475 solve lambda=2.0: obj=2.9551e+06 vh=2515.0/2517.2 exchanges=0
2026-09-03 00:56:00,494 change_terminal-007-EMO4THW#16606ceb331e       seed 20260825 obj=2955100.084035 restarts=40 conv=True adm=True 994s
2026-09-03 00:56:01,898 footpaths: 15573 links (9 from transfers.txt)
2026-09-03 00:56:01,907 raptor network: 2949 stops, 111 patterns, 15573 footpaths
2026-09-03 00:56:02,002 zones: 1397 (637 with transit access within 600 m), 3938 access links
2026-09-03 00:56:02,010 route classes: {'all_day': 25, 'peak_express': 14}
2026-09-03 00:56:02,048 evaluator pricing: common_lines=same_route (explicit)
2026-09-03 00:56:02,053 period early   : 24678 paths, 20000 OD pairs
2026-09-03 00:56:02,059 period am_peak : 28765 paths, 20000 OD pairs
2026-09-03 00:56:02,063 period midday  : 24102 paths, 20000 OD pairs
2026-09-03 00:56:02,069 period pm_peak : 27988 paths, 20000 OD pairs
2026-09-03 00:56:02,074 period evening : 24063 paths, 20000 OD pairs
2026-09-03 00:56:02,078 period owl     : 22663 paths, 20000 OD pairs
2026-09-03 00:56:02,079 locking 28 route-periods across 14 routes in classes ('peak_express',)
2026-09-03 01:13:34,646 solve lambda=2.0: obj=2.9551e+06 vh=2515.0/2517.2 exchanges=0
2026-09-03 01:13:34,665 change_terminal-007-EMO4THW#16606ceb331e       seed 20260827 obj=2955100.084035 restarts=40 conv=True adm=True 1053s
2026-09-03 01:13:35,849 stopping cleanly: 1650s needed for change_terminal-007-EMO4THW#16606ceb331e/20260829, 1350s left
2026-09-03 01:13:35,849 slice ran 2 cells
2026-09-03 01:13:38,458 3.1-stageB-esc: 132 cells remaining, 66 in this shard
2026-09-03 01:13:38,612 cache hit  baseline-a5bf710e8b2c9129 (53.2 MB, 0.2s)
2026-09-03 01:13:38,652 cache hit  raptor-51c3309f35ffd25f (0.6 MB, 0.0s)
2026-09-03 01:13:38,652 cache hit  zones-77edf71b615ba370 (0.2 MB, 0.0s)
2026-09-03 01:13:38,653 cache hit  od-ba345b9cb167aecb (0.5 MB, 0.0s)
2026-09-03 01:13:38,671 route classes: {'all_day': 25, 'peak_express': 14}
2026-09-03 01:13:39,352 footpaths: 15573 links (9 from transfers.txt)
2026-09-03 01:13:39,360 raptor network: 2949 stops, 111 patterns, 15573 footpaths
2026-09-03 01:13:39,456 zones: 1397 (637 with transit access within 600 m), 3938 access links
2026-09-03 01:13:39,466 route classes: {'all_day': 25, 'peak_express': 14}
2026-09-03 01:13:39,524 evaluator pricing: common_lines=same_route (explicit)
2026-09-03 01:13:39,530 period early   : 24678 paths, 20000 OD pairs
2026-09-03 01:13:39,537 period am_peak : 28765 paths, 20000 OD pairs
2026-09-03 01:13:39,541 period midday  : 24102 paths, 20000 OD pairs
2026-09-03 01:13:39,547 period pm_peak : 27988 paths, 20000 OD pairs
2026-09-03 01:13:39,552 period evening : 24063 paths, 20000 OD pairs
2026-09-03 01:13:39,556 period owl     : 22663 paths, 20000 OD pairs
2026-09-03 01:13:39,556 locking 28 route-periods across 14 routes in classes ('peak_express',)
2026-09-03 01:30:47,898 solve lambda=2.0: obj=2.9551e+06 vh=2515.0/2517.2 exchanges=0
2026-09-03 01:30:47,916 change_terminal-007-EMO4THW#16606ceb331e       seed 20260829 obj=2955100.084035 restarts=40 conv=True adm=True 1029s
2026-09-03 01:30:50,499 footpaths: 15573 links (9 from transfers.txt)
2026-09-03 01:30:50,509 raptor network: 2949 stops, 111 patterns, 15573 footpaths
2026-09-03 01:30:50,626 zones: 1397 (637 with transit access within 600 m), 3938 access links
2026-09-03 01:30:50,635 route classes: {'all_day': 25, 'peak_express': 14}
2026-09-03 01:30:50,675 evaluator pricing: common_lines=same_route (explicit)
2026-09-03 01:30:50,681 period early   : 24679 paths, 20000 OD pairs
2026-09-03 01:30:50,687 period am_peak : 28770 paths, 20000 OD pairs
2026-09-03 01:30:50,692 period midday  : 24102 paths, 20000 OD pairs
2026-09-03 01:30:50,697 period pm_peak : 27995 paths, 20000 OD pairs
2026-09-03 01:30:50,703 period evening : 24061 paths, 20000 OD pairs
2026-09-03 01:30:50,708 period owl     : 22698 paths, 20000 OD pairs
2026-09-03 01:30:50,708 locking 28 route-periods across 14 routes in classes ('peak_express',)
2026-09-03 01:30:50,741      incumbent rescaled x1.0005
2026-09-03 01:47:42,529 solve lambda=2.0: obj=2.95583e+06 vh=2516.1/2517.2 exchanges=35
2026-09-03 01:47:42,548 change_terminal-023-EASHAMN#357bdf4fa511       seed 20260826 obj=2955829.580721 restarts=40 conv=True adm=True 1012s
2026-09-03 01:47:43,543 stopping cleanly: 1650s needed for change_terminal-023-EASHAMN#357bdf4fa511/20260828, 1355s left
2026-09-03 01:47:43,543 slice ran 2 cells
2026-09-03 01:47:46,192 3.1-stageB-esc: 129 cells remaining, 64 in this shard
2026-09-03 01:47:46,385 cache hit  baseline-a5bf710e8b2c9129 (53.2 MB, 0.2s)
2026-09-03 01:47:46,422 cache hit  raptor-51c3309f35ffd25f (0.6 MB, 0.0s)
2026-09-03 01:47:46,422 cache hit  zones-77edf71b615ba370 (0.2 MB, 0.0s)
2026-09-03 01:47:46,423 cache hit  od-ba345b9cb167aecb (0.5 MB, 0.0s)
2026-09-03 01:47:46,442 route classes: {'all_day': 25, 'peak_express': 14}
2026-09-03 01:47:47,139 footpaths: 15573 links (9 from transfers.txt)
2026-09-03 01:47:47,148 raptor network: 2949 stops, 111 patterns, 15573 footpaths
2026-09-03 01:47:47,239 zones: 1397 (637 with transit access within 600 m), 3938 access links
2026-09-03 01:47:47,248 route classes: {'all_day': 25, 'peak_express': 14}
2026-09-03 01:47:47,303 evaluator pricing: common_lines=same_route (explicit)
2026-09-03 01:47:47,309 period early   : 24679 paths, 20000 OD pairs
2026-09-03 01:47:47,314 period am_peak : 28770 paths, 20000 OD pairs
2026-09-03 01:47:47,319 period midday  : 24102 paths, 20000 OD pairs
2026-09-03 01:47:47,324 period pm_peak : 27995 paths, 20000 OD pairs
2026-09-03 01:47:47,328 period evening : 24061 paths, 20000 OD pairs
2026-09-03 01:47:47,332 period owl     : 22698 paths, 20000 OD pairs
2026-09-03 01:47:47,333 locking 28 route-periods across 14 routes in classes ('peak_express',)
2026-09-03 01:47:47,360      incumbent rescaled x1.0005
2026-09-03 02:05:43,482 solve lambda=2.0: obj=2.95591e+06 vh=2515.6/2517.2 exchanges=0
2026-09-03 02:05:43,499 change_terminal-023-EASHAMN#357bdf4fa511       seed 20260828 obj=2955913.398986 restarts=40 conv=True adm=True 1077s
2026-09-03 02:05:44,990 footpaths: 15573 links (9 from transfers.txt)
2026-09-03 02:05:45,000 raptor network: 2949 stops, 111 patterns, 15573 footpaths
2026-09-03 02:05:45,112 zones: 1397 (637 with transit access within 600 m), 3938 access links
2026-09-03 02:05:45,122 route classes: {'all_day': 25, 'peak_express': 14}
2026-09-03 02:05:45,169 evaluator pricing: common_lines=same_route (explicit)
2026-09-03 02:05:45,176 period early   : 24686 paths, 20000 OD pairs
2026-09-03 02:05:45,181 period am_peak : 28785 paths, 20000 OD pairs
2026-09-03 02:05:45,186 period midday  : 24115 paths, 20000 OD pairs
2026-09-03 02:05:45,192 period pm_peak : 28007 paths, 20000 OD pairs
2026-09-03 02:05:45,197 period evening : 24077 paths, 20000 OD pairs
2026-09-03 02:05:45,202 period owl     : 22679 paths, 20000 OD pairs
2026-09-03 02:05:45,202 locking 28 route-periods across 14 routes in classes ('peak_express',)
2026-09-03 02:23:20,649 solve lambda=2.0: obj=2.95546e+06 vh=2515.4/2517.2 exchanges=0
2026-09-03 02:23:20,667 change_terminal-101-EMO4THW#56a30c84c920       seed 20260825 obj=2955456.516353 restarts=40 conv=True adm=True 1056s
2026-09-03 02:23:21,735 stopping cleanly: 1650s needed for change_terminal-101-EMO4THW#56a30c84c920/20260827, 1264s left
2026-09-03 02:23:21,735 slice ran 2 cells
2026-09-03 02:23:24,175 3.1-stageB-esc: 124 cells remaining, 62 in this shard
2026-09-03 02:23:24,269 cache hit  baseline-a5bf710e8b2c9129 (53.2 MB, 0.1s)
2026-09-03 02:23:24,301 cache hit  raptor-51c3309f35ffd25f (0.6 MB, 0.0s)
2026-09-03 02:23:24,301 cache hit  zones-77edf71b615ba370 (0.2 MB, 0.0s)
2026-09-03 02:23:24,302 cache hit  od-ba345b9cb167aecb (0.5 MB, 0.0s)
2026-09-03 02:23:24,313 route classes: {'all_day': 25, 'peak_express': 14}
2026-09-03 02:23:24,929 footpaths: 15573 links (9 from transfers.txt)
2026-09-03 02:23:24,937 raptor network: 2949 stops, 111 patterns, 15573 footpaths
2026-09-03 02:23:25,026 zones: 1397 (637 with transit access within 600 m), 3938 access links
2026-09-03 02:23:25,034 route classes: {'all_day': 25, 'peak_express': 14}
2026-09-03 02:23:25,088 evaluator pricing: common_lines=same_route (explicit)
2026-09-03 02:23:25,094 period early   : 24686 paths, 20000 OD pairs
2026-09-03 02:23:25,100 period am_peak : 28785 paths, 20000 OD pairs
2026-09-03 02:23:25,104 period midday  : 24115 paths, 20000 OD pairs
2026-09-03 02:23:25,110 period pm_peak : 28007 paths, 20000 OD pairs
2026-09-03 02:23:25,114 period evening : 24077 paths, 20000 OD pairs
2026-09-03 02:23:25,118 period owl     : 22679 paths, 20000 OD pairs
2026-09-03 02:23:25,119 locking 28 route-periods across 14 routes in classes ('peak_express',)
2026-09-03 02:40:37,374 solve lambda=2.0: obj=2.95546e+06 vh=2515.4/2517.2 exchanges=0
2026-09-03 02:40:37,395 change_terminal-101-EMO4THW#56a30c84c920       seed 20260827 obj=2955456.516353 restarts=40 conv=True adm=True 1033s
2026-09-03 02:40:38,734 footpaths: 15573 links (9 from transfers.txt)
2026-09-03 02:40:38,743 raptor network: 2949 stops, 111 patterns, 15573 footpaths
2026-09-03 02:40:38,848 zones: 1397 (637 with transit access within 600 m), 3938 access links
2026-09-03 02:40:38,859 route classes: {'all_day': 25, 'peak_express': 14}
2026-09-03 02:40:38,901 evaluator pricing: common_lines=same_route (explicit)
2026-09-03 02:40:38,906 period early   : 24686 paths, 20000 OD pairs
2026-09-03 02:40:38,912 period am_peak : 28785 paths, 20000 OD pairs
2026-09-03 02:40:38,917 period midday  : 24115 paths, 20000 OD pairs
2026-09-03 02:40:38,922 period pm_peak : 28007 paths, 20000 OD pairs
2026-09-03 02:40:38,927 period evening : 24077 paths, 20000 OD pairs
2026-09-03 02:40:38,932 period owl     : 22679 paths, 20000 OD pairs
2026-09-03 02:40:38,932 locking 28 route-periods across 14 routes in classes ('peak_express',)
2026-09-03 02:57:42,235 solve lambda=2.0: obj=2.95546e+06 vh=2515.4/2517.2 exchanges=0
2026-09-03 02:57:42,251 change_terminal-101-EMO4THW#56a30c84c920       seed 20260829 obj=2955456.516353 restarts=40 conv=True adm=True 1024s
2026-09-03 02:57:43,513 stopping cleanly: 1650s needed for change_terminal-141-STAHIGW#b5ce9b1e03b5/20260826, 1341s left
2026-09-03 02:57:43,513 slice ran 2 cells
2026-09-03 02:57:46,033 3.1-stageB-esc: 120 cells remaining, 60 in this shard
2026-09-03 02:57:46,331 cache hit  baseline-a5bf710e8b2c9129 (53.2 MB, 0.3s)
2026-09-03 02:57:46,363 cache hit  raptor-51c3309f35ffd25f (0.6 MB, 0.0s)
2026-09-03 02:57:46,363 cache hit  zones-77edf71b615ba370 (0.2 MB, 0.0s)
2026-09-03 02:57:46,364 cache hit  od-ba345b9cb167aecb (0.5 MB, 0.0s)
2026-09-03 02:57:46,374 route classes: {'all_day': 25, 'peak_express': 14}
2026-09-03 02:57:47,023 footpaths: 15560 links (8 from transfers.txt)
2026-09-03 02:57:47,033 raptor network: 2948 stops, 111 patterns, 15560 footpaths
2026-09-03 02:57:47,126 zones: 1397 (637 with transit access within 600 m), 3938 access links
2026-09-03 02:57:47,134 route classes: {'all_day': 25, 'peak_express': 14}
2026-09-03 02:57:47,196 evaluator pricing: common_lines=same_route (explicit)
2026-09-03 02:57:47,202 period early   : 24666 paths, 20000 OD pairs
2026-09-03 02:57:47,208 period am_peak : 28763 paths, 20000 OD pairs
2026-09-03 02:57:47,212 period midday  : 24098 paths, 20000 OD pairs
2026-09-03 02:57:47,218 period pm_peak : 28015 paths, 20000 OD pairs
2026-09-03 02:57:47,223 period evening : 24048 paths, 20000 OD pairs
2026-09-03 02:57:47,227 period owl     : 22662 paths, 20000 OD pairs
2026-09-03 02:57:47,227 locking 28 route-periods across 14 routes in classes ('peak_express',)
2026-09-03 02:57:47,263      incumbent rescaled x1.0001
2026-09-03 03:15:15,331 solve lambda=2.0: obj=2.95569e+06 vh=2515.4/2517.2 exchanges=49
2026-09-03 03:15:15,349 change_terminal-141-STAHIGW#b5ce9b1e03b5       seed 20260826 obj=2955693.298439 restarts=40 conv=True adm=True 1049s
2026-09-03 03:15:17,385 footpaths: 15560 links (8 from transfers.txt)
2026-09-03 03:15:17,394 raptor network: 2948 stops, 111 patterns, 15560 footpaths
2026-09-03 03:15:17,487 zones: 1397 (637 with transit access within 600 m), 3938 access links
2026-09-03 03:15:17,496 route classes: {'all_day': 25, 'peak_express': 14}
2026-09-03 03:15:17,553 evaluator pricing: common_lines=same_route (explicit)
2026-09-03 03:15:17,559 period early   : 24666 paths, 20000 OD pairs
2026-09-03 03:15:17,564 period am_peak : 28763 paths, 20000 OD pairs
2026-09-03 03:15:17,569 period midday  : 24098 paths, 20000 OD pairs
2026-09-03 03:15:17,574 period pm_peak : 28015 paths, 20000 OD pairs
2026-09-03 03:15:17,578 period evening : 24048 paths, 20000 OD pairs
2026-09-03 03:15:17,583 period owl     : 22662 paths, 20000 OD pairs
2026-09-03 03:15:17,583 locking 28 route-periods across 14 routes in classes ('peak_express',)
2026-09-03 03:15:17,610      incumbent rescaled x1.0001
2026-09-03 03:32:12,140 solve lambda=2.0: obj=2.95575e+06 vh=2515.1/2517.2 exchanges=0
2026-09-03 03:32:12,161 change_terminal-141-STAHIGW#b5ce9b1e03b5       seed 20260828 obj=2955749.902083 restarts=40 conv=True adm=True 1015s
2026-09-03 03:32:13,416 stopping cleanly: 1650s needed for extend-023#292a06c5a525/20260825, 1333s left
2026-09-03 03:32:13,416 slice ran 2 cells
2026-09-03 03:32:16,045 3.1-stageB-esc: 116 cells remaining, 58 in this shard
2026-09-03 03:32:16,163 cache hit  baseline-a5bf710e8b2c9129 (53.2 MB, 0.1s)
2026-09-03 03:32:16,200 cache hit  raptor-51c3309f35ffd25f (0.6 MB, 0.0s)
2026-09-03 03:32:16,201 cache hit  zones-77edf71b615ba370 (0.2 MB, 0.0s)
2026-09-03 03:32:16,202 cache hit  od-ba345b9cb167aecb (0.5 MB, 0.0s)
2026-09-03 03:32:16,220 route classes: {'all_day': 25, 'peak_express': 14}
2026-09-03 03:32:17,014 footpaths: 15573 links (9 from transfers.txt)
2026-09-03 03:32:17,025 raptor network: 2949 stops, 111 patterns, 15573 footpaths
2026-09-03 03:32:17,127 zones: 1397 (637 with transit access within 600 m), 3938 access links
2026-09-03 03:32:17,136 route classes: {'all_day': 25, 'peak_express': 14}
2026-09-03 03:32:17,206 evaluator pricing: common_lines=same_route (explicit)
2026-09-03 03:32:17,214 period early   : 24668 paths, 20000 OD pairs
2026-09-03 03:32:17,221 period am_peak : 28762 paths, 20000 OD pairs
2026-09-03 03:32:17,226 period midday  : 24097 paths, 20000 OD pairs
2026-09-03 03:32:17,232 period pm_peak : 27986 paths, 20000 OD pairs
2026-09-03 03:32:17,236 period evening : 24058 paths, 20000 OD pairs
2026-09-03 03:32:17,241 period owl     : 22669 paths, 20000 OD pairs
2026-09-03 03:32:17,242 locking 28 route-periods across 14 routes in classes ('peak_express',)
2026-09-03 03:32:17,272      incumbent rescaled x1.0041
2026-09-03 03:34:47,432 3.1-stageB-esc: 116 cells remaining, 58 in this shard
2026-09-03 03:34:49,097 cache hit  baseline-a5bf710e8b2c9129 (53.2 MB, 1.7s)
2026-09-03 03:34:49,311 cache hit  raptor-51c3309f35ffd25f (0.6 MB, 0.0s)
2026-09-03 03:34:49,312 cache hit  zones-77edf71b615ba370 (0.2 MB, 0.0s)
2026-09-03 03:34:49,314 cache hit  od-ba345b9cb167aecb (0.5 MB, 0.0s)
2026-09-03 03:34:49,335 route classes: {'all_day': 25, 'peak_express': 14}
2026-09-03 03:34:52,005 footpaths: 15573 links (9 from transfers.txt)
2026-09-03 03:34:52,015 raptor network: 2949 stops, 111 patterns, 15573 footpaths
2026-09-03 03:34:52,149 zones: 1397 (637 with transit access within 600 m), 3938 access links
2026-09-03 03:34:52,158 route classes: {'all_day': 25, 'peak_express': 14}
2026-09-03 03:34:52,223 evaluator pricing: common_lines=same_route (explicit)
2026-09-03 03:34:52,230 period early   : 24668 paths, 20000 OD pairs
2026-09-03 03:34:52,237 period am_peak : 28762 paths, 20000 OD pairs
2026-09-03 03:34:52,242 period midday  : 24097 paths, 20000 OD pairs
2026-09-03 03:34:52,248 period pm_peak : 27986 paths, 20000 OD pairs
2026-09-03 03:34:52,252 period evening : 24058 paths, 20000 OD pairs
2026-09-03 03:34:52,257 period owl     : 22669 paths, 20000 OD pairs
2026-09-03 03:34:52,257 locking 28 route-periods across 14 routes in classes ('peak_express',)
2026-09-03 03:34:52,288      incumbent rescaled x1.0041
2026-09-03 03:51:55,445 solve lambda=2.0: obj=2.95592e+06 vh=2514.5/2517.2 exchanges=47
2026-09-03 03:51:55,463 extend-023#292a06c5a525                        seed 20260825 obj=2955915.115760 restarts=40 conv=True adm=True 1024s
2026-09-03 03:51:56,981 footpaths: 15573 links (9 from transfers.txt)
2026-09-03 03:51:56,989 raptor network: 2949 stops, 111 patterns, 15573 footpaths
2026-09-03 03:51:57,093 zones: 1397 (637 with transit access within 600 m), 3938 access links
2026-09-03 03:51:57,101 route classes: {'all_day': 25, 'peak_express': 14}
2026-09-03 03:51:57,143 evaluator pricing: common_lines=same_route (explicit)
2026-09-03 03:51:57,149 period early   : 24668 paths, 20000 OD pairs
2026-09-03 03:51:57,154 period am_peak : 28762 paths, 20000 OD pairs
2026-09-03 03:51:57,159 period midday  : 24097 paths, 20000 OD pairs
2026-09-03 03:51:57,164 period pm_peak : 27986 paths, 20000 OD pairs
2026-09-03 03:51:57,168 period evening : 24058 paths, 20000 OD pairs
2026-09-03 03:51:57,173 period owl     : 22669 paths, 20000 OD pairs
2026-09-03 03:51:57,173 locking 28 route-periods across 14 routes in classes ('peak_express',)
2026-09-03 03:51:57,198      incumbent rescaled x1.0041
2026-09-03 04:08:38,418 solve lambda=2.0: obj=2.95599e+06 vh=2514.9/2517.2 exchanges=35
2026-09-03 04:08:38,436 extend-023#292a06c5a525                        seed 20260827 obj=2955991.495863 restarts=40 conv=True adm=True 1002s
2026-09-03 04:08:39,430 stopping cleanly: 1650s needed for extend-023#292a06c5a525/20260829, 1368s left
2026-09-03 04:08:39,430 slice ran 2 cells
2026-09-03 04:08:42,318 3.1-stageB-esc: 113 cells remaining, 56 in this shard
2026-09-03 04:08:42,520 cache hit  baseline-a5bf710e8b2c9129 (53.2 MB, 0.2s)
2026-09-03 04:08:42,557 cache hit  raptor-51c3309f35ffd25f (0.6 MB, 0.0s)
2026-09-03 04:08:42,558 cache hit  zones-77edf71b615ba370 (0.2 MB, 0.0s)
2026-09-03 04:08:42,558 cache hit  od-ba345b9cb167aecb (0.5 MB, 0.0s)
2026-09-03 04:08:42,577 route classes: {'all_day': 25, 'peak_express': 14}
2026-09-03 04:08:43,300 footpaths: 15573 links (9 from transfers.txt)
2026-09-03 04:08:43,308 raptor network: 2949 stops, 111 patterns, 15573 footpaths
2026-09-03 04:08:43,417 zones: 1397 (637 with transit access within 600 m), 3938 access links
2026-09-03 04:08:43,425 route classes: {'all_day': 25, 'peak_express': 14}
2026-09-03 04:08:43,487 evaluator pricing: common_lines=same_route (explicit)
2026-09-03 04:08:43,494 period early   : 24668 paths, 20000 OD pairs
2026-09-03 04:08:43,500 period am_peak : 28762 paths, 20000 OD pairs
2026-09-03 04:08:43,505 period midday  : 24097 paths, 20000 OD pairs
2026-09-03 04:08:43,510 period pm_peak : 27986 paths, 20000 OD pairs
2026-09-03 04:08:43,515 period evening : 24058 paths, 20000 OD pairs
2026-09-03 04:08:43,520 period owl     : 22669 paths, 20000 OD pairs
2026-09-03 04:08:43,520 locking 28 route-periods across 14 routes in classes ('peak_express',)
2026-09-03 04:08:43,549      incumbent rescaled x1.0041
2026-09-03 04:25:42,256 solve lambda=2.0: obj=2.95594e+06 vh=2516.0/2517.2 exchanges=38
2026-09-03 04:25:42,276 extend-023#292a06c5a525                        seed 20260829 obj=2955939.877770 restarts=40 conv=True adm=True 1019s
2026-09-03 04:25:43,612 footpaths: 15573 links (9 from transfers.txt)
2026-09-03 04:25:43,620 raptor network: 2949 stops, 111 patterns, 15573 footpaths
2026-09-03 04:25:43,723 zones: 1397 (637 with transit access within 600 m), 3938 access links
2026-09-03 04:25:43,731 route classes: {'all_day': 25, 'peak_express': 14}
2026-09-03 04:25:43,773 evaluator pricing: common_lines=same_route (explicit)
2026-09-03 04:25:43,778 period early   : 24659 paths, 20000 OD pairs
2026-09-03 04:25:43,784 period am_peak : 28775 paths, 20000 OD pairs
2026-09-03 04:25:43,789 period midday  : 24108 paths, 20000 OD pairs
2026-09-03 04:25:43,794 period pm_peak : 27996 paths, 20000 OD pairs
2026-09-03 04:25:43,799 period evening : 24069 paths, 20000 OD pairs
2026-09-03 04:25:43,803 period owl     : 22682 paths, 20000 OD pairs
2026-09-03 04:25:43,803 locking 28 route-periods across 14 routes in classes ('peak_express',)
2026-09-03 04:25:43,831      incumbent rescaled x1.0038
2026-09-03 04:43:10,794 solve lambda=2.0: obj=2.95531e+06 vh=2515.1/2517.2 exchanges=0
2026-09-03 04:43:10,811 extend-024#26db14321a47                        seed 20260826 obj=2955312.306261 restarts=40 conv=True adm=True 1047s
2026-09-03 04:43:12,507 stopping cleanly: 1650s needed for extend-024#26db14321a47/20260828, 1330s left
2026-09-03 04:43:12,508 slice ran 2 cells
2026-09-03 04:43:14,883 3.1-stageB-esc: 109 cells remaining, 54 in this shard
2026-09-03 04:43:15,155 cache hit  baseline-a5bf710e8b2c9129 (53.2 MB, 0.3s)
2026-09-03 04:43:15,190 cache hit  raptor-51c3309f35ffd25f (0.6 MB, 0.0s)
2026-09-03 04:43:15,190 cache hit  zones-77edf71b615ba370 (0.2 MB, 0.0s)
2026-09-03 04:43:15,191 cache hit  od-ba345b9cb167aecb (0.5 MB, 0.0s)
2026-09-03 04:43:15,202 route classes: {'all_day': 25, 'peak_express': 14}
2026-09-03 04:43:15,880 footpaths: 15573 links (9 from transfers.txt)
2026-09-03 04:43:15,888 raptor network: 2949 stops, 111 patterns, 15573 footpaths
2026-09-03 04:43:15,996 zones: 1397 (637 with transit access within 600 m), 3938 access links
2026-09-03 04:43:16,006 route classes: {'all_day': 25, 'peak_express': 14}
2026-09-03 04:43:16,075 evaluator pricing: common_lines=same_route (explicit)
2026-09-03 04:43:16,081 period early   : 24659 paths, 20000 OD pairs
2026-09-03 04:43:16,088 period am_peak : 28775 paths, 20000 OD pairs
2026-09-03 04:43:16,093 period midday  : 24108 paths, 20000 OD pairs
2026-09-03 04:43:16,098 period pm_peak : 27996 paths, 20000 OD pairs
2026-09-03 04:43:16,103 period evening : 24069 paths, 20000 OD pairs
2026-09-03 04:43:16,108 period owl     : 22682 paths, 20000 OD pairs
2026-09-03 04:43:16,108 locking 28 route-periods across 14 routes in classes ('peak_express',)
2026-09-03 04:43:16,139      incumbent rescaled x1.0038
2026-09-03 05:01:27,821 solve lambda=2.0: obj=2.95531e+06 vh=2515.1/2517.2 exchanges=0
2026-09-03 05:01:27,839 extend-024#26db14321a47                        seed 20260828 obj=2955312.306261 restarts=40 conv=True adm=True 1092s
2026-09-03 05:01:29,175 footpaths: 15573 links (9 from transfers.txt)
2026-09-03 05:01:29,183 raptor network: 2949 stops, 111 patterns, 15573 footpaths
2026-09-03 05:01:29,291 zones: 1397 (637 with transit access within 600 m), 3938 access links
2026-09-03 05:01:29,301 route classes: {'all_day': 25, 'peak_express': 14}
2026-09-03 05:01:29,351 evaluator pricing: common_lines=same_route (explicit)
2026-09-03 05:01:29,357 period early   : 24653 paths, 20000 OD pairs
2026-09-03 05:01:29,363 period am_peak : 28777 paths, 20000 OD pairs
2026-09-03 05:01:29,367 period midday  : 24117 paths, 20000 OD pairs
2026-09-03 05:01:29,373 period pm_peak : 28005 paths, 20000 OD pairs
2026-09-03 05:01:29,377 period evening : 24081 paths, 20000 OD pairs
2026-09-03 05:01:29,382 period owl     : 22672 paths, 20000 OD pairs
2026-09-03 05:01:29,382 locking 28 route-periods across 14 routes in classes ('peak_express',)
2026-09-03 05:01:29,410      incumbent rescaled x1.0022
2026-09-03 05:19:28,156 solve lambda=2.0: obj=2.95361e+06 vh=2515.6/2517.2 exchanges=52
2026-09-03 05:19:28,174 extend-025#441ece050fe8                        seed 20260825 obj=2953608.847379 restarts=40 conv=True adm=True 1079s
2026-09-03 05:19:29,225 stopping cleanly: 1650s needed for extend-025#441ece050fe8/20260827, 1226s left
2026-09-03 05:19:29,225 slice ran 2 cells
2026-09-03 05:19:31,523 3.1-stageB-esc: 104 cells remaining, 52 in this shard
2026-09-03 05:19:31,741 cache hit  baseline-a5bf710e8b2c9129 (53.2 MB, 0.2s)
2026-09-03 05:19:31,780 cache hit  raptor-51c3309f35ffd25f (0.6 MB, 0.0s)
2026-09-03 05:19:31,781 cache hit  zones-77edf71b615ba370 (0.2 MB, 0.0s)
2026-09-03 05:19:31,782 cache hit  od-ba345b9cb167aecb (0.5 MB, 0.0s)
2026-09-03 05:19:31,798 route classes: {'all_day': 25, 'peak_express': 14}
2026-09-03 05:19:32,421 footpaths: 15573 links (9 from transfers.txt)
2026-09-03 05:19:32,431 raptor network: 2949 stops, 111 patterns, 15573 footpaths
2026-09-03 05:19:32,538 zones: 1397 (637 with transit access within 600 m), 3938 access links
2026-09-03 05:19:32,546 route classes: {'all_day': 25, 'peak_express': 14}
2026-09-03 05:19:32,605 evaluator pricing: common_lines=same_route (explicit)
2026-09-03 05:19:32,612 period early   : 24653 paths, 20000 OD pairs
2026-09-03 05:19:32,618 period am_peak : 28777 paths, 20000 OD pairs
2026-09-03 05:19:32,622 period midday  : 24117 paths, 20000 OD pairs
2026-09-03 05:19:32,628 period pm_peak : 28005 paths, 20000 OD pairs
2026-09-03 05:19:32,633 period evening : 24081 paths, 20000 OD pairs
2026-09-03 05:19:32,637 period owl     : 22672 paths, 20000 OD pairs
2026-09-03 05:19:32,637 locking 28 route-periods across 14 routes in classes ('peak_express',)
2026-09-03 05:19:32,665      incumbent rescaled x1.0022
2026-09-03 05:37:55,821 solve lambda=2.0: obj=2.95393e+06 vh=2516.0/2517.2 exchanges=49
2026-09-03 05:37:55,837 extend-025#441ece050fe8                        seed 20260827 obj=2953926.843552 restarts=40 conv=True adm=True 1104s
2026-09-03 05:37:57,133 footpaths: 15573 links (9 from transfers.txt)
2026-09-03 05:37:57,140 raptor network: 2949 stops, 111 patterns, 15573 footpaths
2026-09-03 05:37:57,232 zones: 1397 (637 with transit access within 600 m), 3938 access links
2026-09-03 05:37:57,240 route classes: {'all_day': 25, 'peak_express': 14}
2026-09-03 05:37:57,278 evaluator pricing: common_lines=same_route (explicit)
2026-09-03 05:37:57,283 period early   : 24653 paths, 20000 OD pairs
2026-09-03 05:37:57,289 period am_peak : 28777 paths, 20000 OD pairs
2026-09-03 05:37:57,293 period midday  : 24117 paths, 20000 OD pairs
2026-09-03 05:37:57,299 period pm_peak : 28005 paths, 20000 OD pairs
2026-09-03 05:37:57,303 period evening : 24081 paths, 20000 OD pairs
2026-09-03 05:37:57,308 period owl     : 22672 paths, 20000 OD pairs
2026-09-03 05:37:57,308 locking 28 route-periods across 14 routes in classes ('peak_express',)
2026-09-03 05:37:57,334      incumbent rescaled x1.0022
2026-09-03 05:55:52,651 solve lambda=2.0: obj=2.9537e+06 vh=2515.7/2517.2 exchanges=68
2026-09-03 05:55:52,668 extend-025#441ece050fe8                        seed 20260829 obj=2953703.287264 restarts=40 conv=True adm=True 1076s
2026-09-03 05:55:53,720 stopping cleanly: 1650s needed for extend-032#228795f35539/20260826, 1218s left
2026-09-03 05:55:53,720 slice ran 2 cells
2026-09-03 05:55:56,165 3.1-stageB-esc: 100 cells remaining, 50 in this shard
2026-09-03 05:55:56,409 cache hit  baseline-a5bf710e8b2c9129 (53.2 MB, 0.2s)
2026-09-03 05:55:56,444 cache hit  raptor-51c3309f35ffd25f (0.6 MB, 0.0s)
2026-09-03 05:55:56,445 cache hit  zones-77edf71b615ba370 (0.2 MB, 0.0s)
2026-09-03 05:55:56,445 cache hit  od-ba345b9cb167aecb (0.5 MB, 0.0s)
2026-09-03 05:55:56,461 route classes: {'all_day': 25, 'peak_express': 14}
2026-09-03 05:55:57,272 footpaths: 15573 links (9 from transfers.txt)
2026-09-03 05:55:57,280 raptor network: 2949 stops, 111 patterns, 15573 footpaths
2026-09-03 05:55:57,425 zones: 1397 (637 with transit access within 600 m), 3938 access links
2026-09-03 05:55:57,435 route classes: {'all_day': 25, 'peak_express': 14}
2026-09-03 05:55:57,507 evaluator pricing: common_lines=same_route (explicit)
2026-09-03 05:55:57,514 period early   : 24704 paths, 20000 OD pairs
2026-09-03 05:55:57,520 period am_peak : 28815 paths, 20000 OD pairs
2026-09-03 05:55:57,525 period midday  : 24122 paths, 20000 OD pairs
2026-09-03 05:55:57,531 period pm_peak : 27992 paths, 20000 OD pairs
2026-09-03 05:55:57,536 period evening : 24081 paths, 20000 OD pairs
2026-09-03 05:55:57,541 period owl     : 22681 paths, 20000 OD pairs
2026-09-03 05:55:57,541 locking 28 route-periods across 14 routes in classes ('peak_express',)
2026-09-03 05:55:57,573      incumbent rescaled x1.0024
2026-09-03 06:14:13,736 solve lambda=2.0: obj=2.95534e+06 vh=2514.9/2517.2 exchanges=0
2026-09-03 06:14:13,754 extend-032#228795f35539                        seed 20260826 obj=2955337.932534 restarts=40 conv=True adm=True 1097s
2026-09-03 06:14:15,310 footpaths: 15573 links (9 from transfers.txt)
2026-09-03 06:14:15,318 raptor network: 2949 stops, 111 patterns, 15573 footpaths
2026-09-03 06:14:15,429 zones: 1397 (637 with transit access within 600 m), 3938 access links
2026-09-03 06:14:15,438 route classes: {'all_day': 25, 'peak_express': 14}
2026-09-03 06:14:15,481 evaluator pricing: common_lines=same_route (explicit)
2026-09-03 06:14:15,487 period early   : 24704 paths, 20000 OD pairs
2026-09-03 06:14:15,493 period am_peak : 28815 paths, 20000 OD pairs
2026-09-03 06:14:15,498 period midday  : 24122 paths, 20000 OD pairs
2026-09-03 06:14:15,503 period pm_peak : 27992 paths, 20000 OD pairs
2026-09-03 06:14:15,508 period evening : 24081 paths, 20000 OD pairs
2026-09-03 06:14:15,513 period owl     : 22681 paths, 20000 OD pairs
2026-09-03 06:14:15,513 locking 28 route-periods across 14 routes in classes ('peak_express',)
2026-09-03 06:14:15,542      incumbent rescaled x1.0024
2026-09-03 06:31:56,744 solve lambda=2.0: obj=2.95534e+06 vh=2514.9/2517.2 exchanges=0
2026-09-03 06:31:56,761 extend-032#228795f35539                        seed 20260828 obj=2955337.932534 restarts=40 conv=True adm=True 1062s
2026-09-03 06:31:58,165 stopping cleanly: 1650s needed for reroute-006#dbfb2f9ee60d/20260825, 1238s left
2026-09-03 06:31:58,166 slice ran 2 cells
2026-09-03 06:32:00,687 3.1-stageB-esc: 96 cells remaining, 48 in this shard
2026-09-03 06:32:00,819 cache hit  baseline-a5bf710e8b2c9129 (53.2 MB, 0.1s)
2026-09-03 06:32:00,861 cache hit  raptor-51c3309f35ffd25f (0.6 MB, 0.0s)
2026-09-03 06:32:00,862 cache hit  zones-77edf71b615ba370 (0.2 MB, 0.0s)
2026-09-03 06:32:00,863 cache hit  od-ba345b9cb167aecb (0.5 MB, 0.0s)
2026-09-03 06:32:00,875 route classes: {'all_day': 25, 'peak_express': 14}
2026-09-03 06:32:01,694 footpaths: 15517 links (9 from transfers.txt)
2026-09-03 06:32:01,702 raptor network: 2946 stops, 111 patterns, 15517 footpaths
2026-09-03 06:32:01,836 zones: 1397 (637 with transit access within 600 m), 3938 access links
2026-09-03 06:32:01,846 route classes: {'all_day': 25, 'peak_express': 14}
2026-09-03 06:32:01,925 evaluator pricing: common_lines=same_route (explicit)
2026-09-03 06:32:01,932 period early   : 24739 paths, 20000 OD pairs
2026-09-03 06:32:01,938 period am_peak : 28740 paths, 20000 OD pairs
2026-09-03 06:32:01,944 period midday  : 24111 paths, 20000 OD pairs
2026-09-03 06:32:01,950 period pm_peak : 28007 paths, 20000 OD pairs
2026-09-03 06:32:01,955 period evening : 24041 paths, 20000 OD pairs
2026-09-03 06:32:01,960 period owl     : 22598 paths, 20000 OD pairs
2026-09-03 06:32:01,960 locking 28 route-periods across 14 routes in classes ('peak_express',)
2026-09-03 06:32:01,989      incumbent rescaled x1.0013
2026-09-03 06:49:07,370 solve lambda=2.0: obj=2.95535e+06 vh=2514.5/2517.2 exchanges=0
2026-09-03 06:49:07,387 reroute-006#dbfb2f9ee60d                       seed 20260825 obj=2955354.137038 restarts=40 conv=True adm=True 1026s
2026-09-03 06:49:08,941 footpaths: 15517 links (9 from transfers.txt)
2026-09-03 06:49:08,950 raptor network: 2946 stops, 111 patterns, 15517 footpaths
2026-09-03 06:49:09,055 zones: 1397 (637 with transit access within 600 m), 3938 access links
2026-09-03 06:49:09,064 route classes: {'all_day': 25, 'peak_express': 14}
2026-09-03 06:49:09,121 evaluator pricing: common_lines=same_route (explicit)
2026-09-03 06:49:09,126 period early   : 24739 paths, 20000 OD pairs
2026-09-03 06:49:09,132 period am_peak : 28740 paths, 20000 OD pairs
2026-09-03 06:49:09,137 period midday  : 24111 paths, 20000 OD pairs
2026-09-03 06:49:09,142 period pm_peak : 28007 paths, 20000 OD pairs
2026-09-03 06:49:09,147 period evening : 24041 paths, 20000 OD pairs
2026-09-03 06:49:09,151 period owl     : 22598 paths, 20000 OD pairs
2026-09-03 06:49:09,152 locking 28 route-periods across 14 routes in classes ('peak_express',)
2026-09-03 06:49:09,179      incumbent rescaled x1.0013
2026-09-03 07:06:05,471 solve lambda=2.0: obj=2.95535e+06 vh=2514.5/2517.2 exchanges=0
2026-09-03 07:06:05,489 reroute-006#dbfb2f9ee60d                       seed 20260827 obj=2955354.137038 restarts=40 conv=True adm=True 1017s
2026-09-03 07:06:07,130 stopping cleanly: 1650s needed for reroute-006#dbfb2f9ee60d/20260829, 1354s left
2026-09-03 07:06:07,131 slice ran 2 cells
2026-09-03 07:06:09,686 3.1-stageB-esc: 92 cells remaining, 46 in this shard
2026-09-03 07:06:09,925 cache hit  baseline-a5bf710e8b2c9129 (53.2 MB, 0.2s)
2026-09-03 07:06:09,966 cache hit  raptor-51c3309f35ffd25f (0.6 MB, 0.0s)
2026-09-03 07:06:09,966 cache hit  zones-77edf71b615ba370 (0.2 MB, 0.0s)
2026-09-03 07:06:09,967 cache hit  od-ba345b9cb167aecb (0.5 MB, 0.0s)
2026-09-03 07:06:09,979 route classes: {'all_day': 25, 'peak_express': 14}
2026-09-03 07:06:10,665 footpaths: 15517 links (9 from transfers.txt)
2026-09-03 07:06:10,673 raptor network: 2946 stops, 111 patterns, 15517 footpaths
2026-09-03 07:06:10,781 zones: 1397 (637 with transit access within 600 m), 3938 access links
2026-09-03 07:06:10,789 route classes: {'all_day': 25, 'peak_express': 14}
2026-09-03 07:06:10,849 evaluator pricing: common_lines=same_route (explicit)
2026-09-03 07:06:10,856 period early   : 24739 paths, 20000 OD pairs
2026-09-03 07:06:10,862 period am_peak : 28740 paths, 20000 OD pairs
2026-09-03 07:06:10,867 period midday  : 24111 paths, 20000 OD pairs
2026-09-03 07:06:10,872 period pm_peak : 28007 paths, 20000 OD pairs
2026-09-03 07:06:10,877 period evening : 24041 paths, 20000 OD pairs
2026-09-03 07:06:10,882 period owl     : 22598 paths, 20000 OD pairs
2026-09-03 07:06:10,882 locking 28 route-periods across 14 routes in classes ('peak_express',)
2026-09-03 07:06:10,912      incumbent rescaled x1.0013
2026-09-03 07:23:58,014 solve lambda=2.0: obj=2.95535e+06 vh=2514.5/2517.2 exchanges=0
2026-09-03 07:23:58,033 reroute-006#dbfb2f9ee60d                       seed 20260829 obj=2955354.137038 restarts=40 conv=True adm=True 1068s
2026-09-03 07:23:59,519 footpaths: 15573 links (9 from transfers.txt)
2026-09-03 07:23:59,528 raptor network: 2949 stops, 111 patterns, 15573 footpaths
2026-09-03 07:23:59,647 zones: 1397 (637 with transit access within 600 m), 3938 access links
2026-09-03 07:23:59,659 route classes: {'all_day': 25, 'peak_express': 14}
2026-09-03 07:23:59,737 evaluator pricing: common_lines=same_route (explicit)
2026-09-03 07:23:59,743 period early   : 24672 paths, 20000 OD pairs
2026-09-03 07:23:59,749 period am_peak : 28771 paths, 20000 OD pairs
2026-09-03 07:23:59,755 period midday  : 24128 paths, 20000 OD pairs
2026-09-03 07:23:59,761 period pm_peak : 28007 paths, 20000 OD pairs
2026-09-03 07:23:59,766 period evening : 24100 paths, 20000 OD pairs
2026-09-03 07:23:59,771 period owl     : 22673 paths, 20000 OD pairs
2026-09-03 07:23:59,771 locking 28 route-periods across 14 routes in classes ('peak_express',)
2026-09-03 07:23:59,800      incumbent rescaled x1.0001
2026-09-03 07:41:17,633 solve lambda=2.0: obj=2.95597e+06 vh=2515.4/2517.2 exchanges=0
2026-09-03 07:41:17,653 reroute-009#8323c2fb0368                       seed 20260826 obj=2955966.800632 restarts=40 conv=True adm=True 1038s
2026-09-03 07:41:18,988 stopping cleanly: 1650s needed for reroute-009#8323c2fb0368/20260828, 1291s left
2026-09-03 07:41:18,988 slice ran 2 cells
2026-09-03 07:41:21,539 3.1-stageB-esc: 88 cells remaining, 44 in this shard
2026-09-03 07:41:21,761 cache hit  baseline-a5bf710e8b2c9129 (53.2 MB, 0.2s)
2026-09-03 07:41:21,803 cache hit  raptor-51c3309f35ffd25f (0.6 MB, 0.0s)
2026-09-03 07:41:21,803 cache hit  zones-77edf71b615ba370 (0.2 MB, 0.0s)
2026-09-03 07:41:21,804 cache hit  od-ba345b9cb167aecb (0.5 MB, 0.0s)
2026-09-03 07:41:21,823 route classes: {'all_day': 25, 'peak_express': 14}
2026-09-03 07:41:22,531 footpaths: 15573 links (9 from transfers.txt)
2026-09-03 07:41:22,539 raptor network: 2949 stops, 111 patterns, 15573 footpaths
2026-09-03 07:41:22,650 zones: 1397 (637 with transit access within 600 m), 3938 access links
2026-09-03 07:41:22,658 route classes: {'all_day': 25, 'peak_express': 14}
2026-09-03 07:41:22,718 evaluator pricing: common_lines=same_route (explicit)
2026-09-03 07:41:22,724 period early   : 24672 paths, 20000 OD pairs
2026-09-03 07:41:22,730 period am_peak : 28771 paths, 20000 OD pairs
2026-09-03 07:41:22,739 period midday  : 24128 paths, 20000 OD pairs
2026-09-03 07:41:22,745 period pm_peak : 28007 paths, 20000 OD pairs
2026-09-03 07:41:22,750 period evening : 24100 paths, 20000 OD pairs
2026-09-03 07:41:22,755 period owl     : 22673 paths, 20000 OD pairs
2026-09-03 07:41:22,755 locking 28 route-periods across 14 routes in classes ('peak_express',)
2026-09-03 07:41:22,783      incumbent rescaled x1.0001
2026-09-03 07:58:58,937 solve lambda=2.0: obj=2.95597e+06 vh=2515.4/2517.2 exchanges=0
2026-09-03 07:58:58,956 reroute-009#8323c2fb0368                       seed 20260828 obj=2955966.800632 restarts=40 conv=True adm=True 1057s
2026-09-03 07:59:00,414 footpaths: 15521 links (9 from transfers.txt)
2026-09-03 07:59:00,424 raptor network: 2944 stops, 111 patterns, 15521 footpaths
2026-09-03 07:59:00,558 zones: 1397 (637 with transit access within 600 m), 3938 access links
2026-09-03 07:59:00,569 route classes: {'all_day': 25, 'peak_express': 14}
2026-09-03 07:59:00,624 evaluator pricing: common_lines=same_route (explicit)
2026-09-03 07:59:00,631 period early   : 24668 paths, 20000 OD pairs
2026-09-03 07:59:00,637 period am_peak : 28733 paths, 20000 OD pairs
2026-09-03 07:59:00,642 period midday  : 24088 paths, 20000 OD pairs
2026-09-03 07:59:00,648 period pm_peak : 27973 paths, 20000 OD pairs
2026-09-03 07:59:00,653 period evening : 23921 paths, 20000 OD pairs
2026-09-03 07:59:00,658 period owl     : 22668 paths, 20000 OD pairs
2026-09-03 07:59:00,658 locking 28 route-periods across 14 routes in classes ('peak_express',)
2026-09-03 07:59:00,690      incumbent rescaled x1.0005
2026-09-03 08:16:03,473 solve lambda=2.0: obj=2.95592e+06 vh=2515.4/2517.2 exchanges=0
2026-09-03 08:16:03,492 reroute-012#fb24f651cbc5                       seed 20260825 obj=2955919.488367 restarts=40 conv=True adm=True 1023s
2026-09-03 08:16:04,985 stopping cleanly: 1650s needed for reroute-012#fb24f651cbc5/20260827, 1317s left
2026-09-03 08:16:04,985 slice ran 2 cells
2026-09-03 08:16:07,519 3.1-stageB-esc: 84 cells remaining, 42 in this shard
2026-09-03 08:16:07,749 cache hit  baseline-a5bf710e8b2c9129 (53.2 MB, 0.2s)
2026-09-03 08:16:07,791 cache hit  raptor-51c3309f35ffd25f (0.6 MB, 0.0s)
2026-09-03 08:16:07,792 cache hit  zones-77edf71b615ba370 (0.2 MB, 0.0s)
2026-09-03 08:16:07,793 cache hit  od-ba345b9cb167aecb (0.5 MB, 0.0s)
2026-09-03 08:16:07,812 route classes: {'all_day': 25, 'peak_express': 14}
2026-09-03 08:16:08,584 footpaths: 15521 links (9 from transfers.txt)
2026-09-03 08:16:08,593 raptor network: 2944 stops, 111 patterns, 15521 footpaths
2026-09-03 08:16:08,710 zones: 1397 (637 with transit access within 600 m), 3938 access links
2026-09-03 08:16:08,719 route classes: {'all_day': 25, 'peak_express': 14}
2026-09-03 08:16:08,770 evaluator pricing: common_lines=same_route (explicit)
2026-09-03 08:16:08,777 period early   : 24668 paths, 20000 OD pairs
2026-09-03 08:16:08,783 period am_peak : 28733 paths, 20000 OD pairs
2026-09-03 08:16:08,788 period midday  : 24088 paths, 20000 OD pairs
2026-09-03 08:16:08,794 period pm_peak : 27973 paths, 20000 OD pairs
2026-09-03 08:16:08,799 period evening : 23921 paths, 20000 OD pairs
2026-09-03 08:16:08,804 period owl     : 22668 paths, 20000 OD pairs
2026-09-03 08:16:08,804 locking 28 route-periods across 14 routes in classes ('peak_express',)
2026-09-03 08:16:08,834      incumbent rescaled x1.0005
2026-09-03 08:34:11,867 solve lambda=2.0: obj=2.95591e+06 vh=2516.4/2517.2 exchanges=42
2026-09-03 08:34:11,885 reroute-012#fb24f651cbc5                       seed 20260827 obj=2955906.750681 restarts=40 conv=True adm=True 1084s
2026-09-03 08:34:13,656 footpaths: 15521 links (9 from transfers.txt)
2026-09-03 08:34:13,665 raptor network: 2944 stops, 111 patterns, 15521 footpaths
2026-09-03 08:34:13,775 zones: 1397 (637 with transit access within 600 m), 3938 access links
2026-09-03 08:34:13,784 route classes: {'all_day': 25, 'peak_express': 14}
2026-09-03 08:34:13,836 evaluator pricing: common_lines=same_route (explicit)
2026-09-03 08:34:13,842 period early   : 24668 paths, 20000 OD pairs
2026-09-03 08:34:13,848 period am_peak : 28733 paths, 20000 OD pairs
2026-09-03 08:34:13,853 period midday  : 24088 paths, 20000 OD pairs
2026-09-03 08:34:13,859 period pm_peak : 27973 paths, 20000 OD pairs
2026-09-03 08:34:13,864 period evening : 23921 paths, 20000 OD pairs
2026-09-03 08:34:13,868 period owl     : 22668 paths, 20000 OD pairs
2026-09-03 08:34:13,868 locking 28 route-periods across 14 routes in classes ('peak_express',)
2026-09-03 08:34:13,897      incumbent rescaled x1.0005
2026-09-03 08:51:59,253 solve lambda=2.0: obj=2.95592e+06 vh=2515.4/2517.2 exchanges=0
2026-09-03 08:51:59,269 reroute-012#fb24f651cbc5                       seed 20260829 obj=2955919.488367 restarts=40 conv=True adm=True 1066s
2026-09-03 08:52:00,313 stopping cleanly: 1650s needed for reroute-023#1dc299b50907/20260826, 1247s left
2026-09-03 08:52:00,313 slice ran 2 cells
2026-09-03 08:52:02,847 3.1-stageB-esc: 80 cells remaining, 40 in this shard
2026-09-03 08:52:03,031 cache hit  baseline-a5bf710e8b2c9129 (53.2 MB, 0.2s)
2026-09-03 08:52:03,074 cache hit  raptor-51c3309f35ffd25f (0.6 MB, 0.0s)
2026-09-03 08:52:03,074 cache hit  zones-77edf71b615ba370 (0.2 MB, 0.0s)
2026-09-03 08:52:03,075 cache hit  od-ba345b9cb167aecb (0.5 MB, 0.0s)
2026-09-03 08:52:03,094 route classes: {'all_day': 25, 'peak_express': 14}
2026-09-03 08:52:03,899 footpaths: 15561 links (9 from transfers.txt)
2026-09-03 08:52:03,909 raptor network: 2946 stops, 111 patterns, 15561 footpaths
2026-09-03 08:52:04,036 zones: 1397 (637 with transit access within 600 m), 3938 access links
2026-09-03 08:52:04,046 route classes: {'all_day': 25, 'peak_express': 14}
2026-09-03 08:52:04,119 evaluator pricing: common_lines=same_route (explicit)
2026-09-03 08:52:04,125 period early   : 24705 paths, 20000 OD pairs
2026-09-03 08:52:04,132 period am_peak : 28712 paths, 20000 OD pairs
2026-09-03 08:52:04,139 period midday  : 24052 paths, 20000 OD pairs
2026-09-03 08:52:04,145 period pm_peak : 27934 paths, 20000 OD pairs
2026-09-03 08:52:04,150 period evening : 24033 paths, 20000 OD pairs
2026-09-03 08:52:04,155 period owl     : 22762 paths, 20000 OD pairs
2026-09-03 08:52:04,155 locking 28 route-periods across 14 routes in classes ('peak_express',)
2026-09-03 08:52:04,187      incumbent rescaled x1.0022
2026-09-03 09:09:39,443 solve lambda=2.0: obj=2.95563e+06 vh=2513.8/2517.2 exchanges=0
2026-09-03 09:09:39,462 reroute-023#1dc299b50907                       seed 20260826 obj=2955629.508880 restarts=40 conv=True adm=True 1056s
2026-09-03 09:09:41,233 footpaths: 15561 links (9 from transfers.txt)
2026-09-03 09:09:41,242 raptor network: 2946 stops, 111 patterns, 15561 footpaths
2026-09-03 09:09:41,349 zones: 1397 (637 with transit access within 600 m), 3938 access links
2026-09-03 09:09:41,358 route classes: {'all_day': 25, 'peak_express': 14}
2026-09-03 09:09:41,418 evaluator pricing: common_lines=same_route (explicit)
2026-09-03 09:09:41,424 period early   : 24705 paths, 20000 OD pairs
2026-09-03 09:09:41,430 period am_peak : 28712 paths, 20000 OD pairs
2026-09-03 09:09:41,435 period midday  : 24052 paths, 20000 OD pairs
2026-09-03 09:09:41,440 period pm_peak : 27934 paths, 20000 OD pairs
2026-09-03 09:09:41,445 period evening : 24033 paths, 20000 OD pairs
2026-09-03 09:09:41,451 period owl     : 22762 paths, 20000 OD pairs
2026-09-03 09:09:41,451 locking 28 route-periods across 14 routes in classes ('peak_express',)
2026-09-03 09:09:41,483      incumbent rescaled x1.0022
2026-09-03 09:28:13,558 solve lambda=2.0: obj=2.95562e+06 vh=2515.4/2517.2 exchanges=41
2026-09-03 09:28:13,578 reroute-023#1dc299b50907                       seed 20260828 obj=2955615.630465 restarts=40 conv=True adm=True 1113s
2026-09-03 09:28:15,083 stopping cleanly: 1650s needed for straighten-001#95a4287b6fa0/20260825, 1228s left
2026-09-03 09:28:15,084 slice ran 2 cells
2026-09-03 09:28:17,668 3.1-stageB-esc: 76 cells remaining, 38 in this shard
2026-09-03 09:28:17,826 cache hit  baseline-a5bf710e8b2c9129 (53.2 MB, 0.2s)
2026-09-03 09:28:17,866 cache hit  raptor-51c3309f35ffd25f (0.6 MB, 0.0s)
2026-09-03 09:28:17,867 cache hit  zones-77edf71b615ba370 (0.2 MB, 0.0s)
2026-09-03 09:28:17,868 cache hit  od-ba345b9cb167aecb (0.5 MB, 0.0s)
2026-09-03 09:28:17,886 route classes: {'all_day': 25, 'peak_express': 14}
2026-09-03 09:28:18,589 footpaths: 15565 links (9 from transfers.txt)
2026-09-03 09:28:18,598 raptor network: 2948 stops, 111 patterns, 15565 footpaths
2026-09-03 09:28:18,709 zones: 1397 (637 with transit access within 600 m), 3938 access links
2026-09-03 09:28:18,718 route classes: {'all_day': 25, 'peak_express': 14}
2026-09-03 09:28:18,782 evaluator pricing: common_lines=same_route (explicit)
2026-09-03 09:28:18,789 period early   : 24655 paths, 20000 OD pairs
2026-09-03 09:28:18,795 period am_peak : 28762 paths, 20000 OD pairs
2026-09-03 09:28:18,800 period midday  : 24087 paths, 20000 OD pairs
2026-09-03 09:28:18,806 period pm_peak : 27962 paths, 20000 OD pairs
2026-09-03 09:28:18,811 period evening : 24044 paths, 20000 OD pairs
2026-09-03 09:28:18,816 period owl     : 22674 paths, 20000 OD pairs
2026-09-03 09:28:18,816 locking 28 route-periods across 14 routes in classes ('peak_express',)
2026-09-03 09:46:30,895 solve lambda=2.0: obj=2.95583e+06 vh=2516.4/2517.2 exchanges=64
2026-09-03 09:46:30,914 straighten-001#95a4287b6fa0                    seed 20260825 obj=2955834.074587 restarts=40 conv=True adm=True 1093s
2026-09-03 09:46:32,715 footpaths: 15565 links (9 from transfers.txt)
2026-09-03 09:46:32,724 raptor network: 2948 stops, 111 patterns, 15565 footpaths
2026-09-03 09:46:32,833 zones: 1397 (637 with transit access within 600 m), 3938 access links
2026-09-03 09:46:32,842 route classes: {'all_day': 25, 'peak_express': 14}
2026-09-03 09:46:32,900 evaluator pricing: common_lines=same_route (explicit)
2026-09-03 09:46:32,906 period early   : 24655 paths, 20000 OD pairs
2026-09-03 09:46:32,912 period am_peak : 28762 paths, 20000 OD pairs
2026-09-03 09:46:32,917 period midday  : 24087 paths, 20000 OD pairs
2026-09-03 09:46:32,923 period pm_peak : 27962 paths, 20000 OD pairs
2026-09-03 09:46:32,929 period evening : 24044 paths, 20000 OD pairs
2026-09-03 09:46:32,934 period owl     : 22674 paths, 20000 OD pairs
2026-09-03 09:46:32,934 locking 28 route-periods across 14 routes in classes ('peak_express',)
2026-09-03 10:04:11,107 solve lambda=2.0: obj=2.95584e+06 vh=2516.5/2517.2 exchanges=48
2026-09-03 10:04:11,125 straighten-001#95a4287b6fa0                    seed 20260827 obj=2955844.514817 restarts=40 conv=True adm=True 1059s
2026-09-03 10:04:12,302 stopping cleanly: 1650s needed for straighten-001#95a4287b6fa0/20260829, 1245s left
2026-09-03 10:04:12,302 slice ran 2 cells
2026-09-03 10:04:14,915 3.1-stageB-esc: 72 cells remaining, 36 in this shard
2026-09-03 10:04:15,345 cache hit  baseline-a5bf710e8b2c9129 (53.2 MB, 0.4s)
2026-09-03 10:04:15,381 cache hit  raptor-51c3309f35ffd25f (0.6 MB, 0.0s)
2026-09-03 10:04:15,382 cache hit  zones-77edf71b615ba370 (0.2 MB, 0.0s)
2026-09-03 10:04:15,382 cache hit  od-ba345b9cb167aecb (0.5 MB, 0.0s)
2026-09-03 10:04:15,393 route classes: {'all_day': 25, 'peak_express': 14}
2026-09-03 10:04:16,110 footpaths: 15565 links (9 from transfers.txt)
2026-09-03 10:04:16,118 raptor network: 2948 stops, 111 patterns, 15565 footpaths
2026-09-03 10:04:16,228 zones: 1397 (637 with transit access within 600 m), 3938 access links
2026-09-03 10:04:16,237 route classes: {'all_day': 25, 'peak_express': 14}
2026-09-03 10:04:16,302 evaluator pricing: common_lines=same_route (explicit)
2026-09-03 10:04:16,309 period early   : 24655 paths, 20000 OD pairs
2026-09-03 10:04:16,315 period am_peak : 28762 paths, 20000 OD pairs
2026-09-03 10:04:16,320 period midday  : 24087 paths, 20000 OD pairs
2026-09-03 10:04:16,326 period pm_peak : 27962 paths, 20000 OD pairs
2026-09-03 10:04:16,331 period evening : 24044 paths, 20000 OD pairs
2026-09-03 10:04:16,336 period owl     : 22674 paths, 20000 OD pairs
2026-09-03 10:04:16,336 locking 28 route-periods across 14 routes in classes ('peak_express',)
2026-09-03 10:20:57,270 solve lambda=2.0: obj=2.95582e+06 vh=2516.3/2517.2 exchanges=38
2026-09-03 10:20:57,287 straighten-001#95a4287b6fa0                    seed 20260829 obj=2955819.514306 restarts=40 conv=True adm=True 1001s
2026-09-03 10:20:58,557 footpaths: 15553 links (9 from transfers.txt)
2026-09-03 10:20:58,565 raptor network: 2944 stops, 111 patterns, 15553 footpaths
2026-09-03 10:20:58,680 zones: 1397 (636 with transit access within 600 m), 3936 access links
2026-09-03 10:20:58,689 route classes: {'all_day': 25, 'peak_express': 14}
2026-09-03 10:20:58,731 evaluator pricing: common_lines=same_route (explicit)
2026-09-03 10:20:58,737 period early   : 24613 paths, 20000 OD pairs
2026-09-03 10:20:58,743 period am_peak : 28700 paths, 20000 OD pairs
2026-09-03 10:20:58,748 period midday  : 24035 paths, 20000 OD pairs
2026-09-03 10:20:58,753 period pm_peak : 27918 paths, 20000 OD pairs
2026-09-03 10:20:58,758 period evening : 24000 paths, 20000 OD pairs
2026-09-03 10:20:58,763 period owl     : 22616 paths, 20000 OD pairs
2026-09-03 10:20:58,763 locking 28 route-periods across 14 routes in classes ('peak_express',)
2026-09-03 10:38:03,900 solve lambda=2.0: obj=2.95574e+06 vh=2515.9/2517.2 exchanges=36
2026-09-03 10:38:03,916 straighten-002#716a0b294c2c                    seed 20260826 obj=2955735.381284 restarts=40 conv=True adm=True 1026s
2026-09-03 10:38:05,283 stopping cleanly: 1650s needed for straighten-002#716a0b294c2c/20260828, 1370s left
2026-09-03 10:38:05,283 slice ran 2 cells
2026-09-03 10:38:07,782 3.1-stageB-esc: 69 cells remaining, 34 in this shard
2026-09-03 10:38:08,073 cache hit  baseline-a5bf710e8b2c9129 (53.2 MB, 0.3s)
2026-09-03 10:38:08,114 cache hit  raptor-51c3309f35ffd25f (0.6 MB, 0.0s)
2026-09-03 10:38:08,115 cache hit  zones-77edf71b615ba370 (0.2 MB, 0.0s)
2026-09-03 10:38:08,116 cache hit  od-ba345b9cb167aecb (0.5 MB, 0.0s)
2026-09-03 10:38:08,135 route classes: {'all_day': 25, 'peak_express': 14}
2026-09-03 10:38:08,882 footpaths: 15553 links (9 from transfers.txt)
2026-09-03 10:38:08,891 raptor network: 2944 stops, 111 patterns, 15553 footpaths
2026-09-03 10:38:09,010 zones: 1397 (636 with transit access within 600 m), 3936 access links
2026-09-03 10:38:09,019 route classes: {'all_day': 25, 'peak_express': 14}
2026-09-03 10:38:09,072 evaluator pricing: common_lines=same_route (explicit)
2026-09-03 10:38:09,079 period early   : 24613 paths, 20000 OD pairs
2026-09-03 10:38:09,085 period am_peak : 28700 paths, 20000 OD pairs
2026-09-03 10:38:09,090 period midday  : 24035 paths, 20000 OD pairs
2026-09-03 10:38:09,095 period pm_peak : 27918 paths, 20000 OD pairs
2026-09-03 10:38:09,100 period evening : 24000 paths, 20000 OD pairs
2026-09-03 10:38:09,105 period owl     : 22616 paths, 20000 OD pairs
2026-09-03 10:38:09,106 locking 28 route-periods across 14 routes in classes ('peak_express',)
2026-09-03 10:56:49,783 solve lambda=2.0: obj=2.95588e+06 vh=2516.1/2517.2 exchanges=49
2026-09-03 10:56:49,804 straighten-002#716a0b294c2c                    seed 20260828 obj=2955883.030057 restarts=40 conv=True adm=True 1121s
2026-09-03 10:56:51,101 footpaths: 15533 links (9 from transfers.txt)
2026-09-03 10:56:51,109 raptor network: 2944 stops, 111 patterns, 15533 footpaths
2026-09-03 10:56:51,217 zones: 1397 (637 with transit access within 600 m), 3935 access links
2026-09-03 10:56:51,226 route classes: {'all_day': 25, 'peak_express': 14}
2026-09-03 10:56:51,279 evaluator pricing: common_lines=same_route (explicit)
2026-09-03 10:56:51,285 period early   : 24666 paths, 20000 OD pairs
2026-09-03 10:56:51,291 period am_peak : 28765 paths, 20000 OD pairs
2026-09-03 10:56:51,296 period midday  : 24099 paths, 20000 OD pairs
2026-09-03 10:56:51,302 period pm_peak : 27987 paths, 20000 OD pairs
2026-09-03 10:56:51,307 period evening : 24058 paths, 20000 OD pairs
2026-09-03 10:56:51,312 period owl     : 22668 paths, 20000 OD pairs
2026-09-03 10:56:51,312 locking 28 route-periods across 14 routes in classes ('peak_express',)
2026-09-03 11:15:25,642 solve lambda=2.0: obj=2.95527e+06 vh=2515.4/2517.2 exchanges=0
2026-09-03 11:15:25,661 straighten-004#600ca164ad60                    seed 20260825 obj=2955268.130632 restarts=40 conv=True adm=True 1115s
2026-09-03 11:15:26,922 stopping cleanly: 1650s needed for straighten-004#600ca164ad60/20260827, 1161s left
2026-09-03 11:15:26,922 slice ran 2 cells
2026-09-03 11:15:29,514 3.1-stageB-esc: 65 cells remaining, 32 in this shard
2026-09-03 11:15:29,727 cache hit  baseline-a5bf710e8b2c9129 (53.2 MB, 0.2s)
2026-09-03 11:15:29,766 cache hit  raptor-51c3309f35ffd25f (0.6 MB, 0.0s)
2026-09-03 11:15:29,767 cache hit  zones-77edf71b615ba370 (0.2 MB, 0.0s)
2026-09-03 11:15:29,768 cache hit  od-ba345b9cb167aecb (0.5 MB, 0.0s)
2026-09-03 11:15:29,789 route classes: {'all_day': 25, 'peak_express': 14}
2026-09-03 11:15:30,546 footpaths: 15533 links (9 from transfers.txt)
2026-09-03 11:15:30,556 raptor network: 2944 stops, 111 patterns, 15533 footpaths
2026-09-03 11:15:30,688 zones: 1397 (637 with transit access within 600 m), 3935 access links
2026-09-03 11:15:30,696 route classes: {'all_day': 25, 'peak_express': 14}
2026-09-03 11:15:30,767 evaluator pricing: common_lines=same_route (explicit)
2026-09-03 11:15:30,774 period early   : 24666 paths, 20000 OD pairs
2026-09-03 11:15:30,780 period am_peak : 28765 paths, 20000 OD pairs
2026-09-03 11:15:30,785 period midday  : 24099 paths, 20000 OD pairs
2026-09-03 11:15:30,791 period pm_peak : 27987 paths, 20000 OD pairs
2026-09-03 11:15:30,796 period evening : 24058 paths, 20000 OD pairs
2026-09-03 11:15:30,801 period owl     : 22668 paths, 20000 OD pairs
2026-09-03 11:15:30,801 locking 28 route-periods across 14 routes in classes ('peak_express',)
2026-09-03 11:33:13,414 solve lambda=2.0: obj=2.95527e+06 vh=2515.4/2517.2 exchanges=0
2026-09-03 11:33:13,433 straighten-004#600ca164ad60                    seed 20260827 obj=2955268.130632 restarts=40 conv=True adm=True 1063s
2026-09-03 11:33:14,854 footpaths: 15533 links (9 from transfers.txt)
2026-09-03 11:33:14,863 raptor network: 2944 stops, 111 patterns, 15533 footpaths
2026-09-03 11:33:14,976 zones: 1397 (637 with transit access within 600 m), 3935 access links
2026-09-03 11:33:14,985 route classes: {'all_day': 25, 'peak_express': 14}
2026-09-03 11:33:15,048 evaluator pricing: common_lines=same_route (explicit)
2026-09-03 11:33:15,054 period early   : 24666 paths, 20000 OD pairs
2026-09-03 11:33:15,060 period am_peak : 28765 paths, 20000 OD pairs
2026-09-03 11:33:15,065 period midday  : 24099 paths, 20000 OD pairs
2026-09-03 11:33:15,072 period pm_peak : 27987 paths, 20000 OD pairs
2026-09-03 11:33:15,077 period evening : 24058 paths, 20000 OD pairs
2026-09-03 11:33:15,084 period owl     : 22668 paths, 20000 OD pairs
2026-09-03 11:33:15,084 locking 28 route-periods across 14 routes in classes ('peak_express',)
2026-09-03 11:50:59,169 solve lambda=2.0: obj=2.95527e+06 vh=2515.4/2517.2 exchanges=0
2026-09-03 11:50:59,185 straighten-004#600ca164ad60                    seed 20260829 obj=2955268.130632 restarts=40 conv=True adm=True 1065s
2026-09-03 11:51:00,254 stopping cleanly: 1650s needed for straighten-007#830e388b3427/20260826, 1269s left
2026-09-03 11:51:00,254 slice ran 2 cells
2026-09-03 11:51:02,872 3.1-stageB-esc: 61 cells remaining, 30 in this shard
2026-09-03 11:51:03,041 cache hit  baseline-a5bf710e8b2c9129 (53.2 MB, 0.2s)
2026-09-03 11:51:03,082 cache hit  raptor-51c3309f35ffd25f (0.6 MB, 0.0s)
2026-09-03 11:51:03,082 cache hit  zones-77edf71b615ba370 (0.2 MB, 0.0s)
2026-09-03 11:51:03,083 cache hit  od-ba345b9cb167aecb (0.5 MB, 0.0s)
2026-09-03 11:51:03,101 route classes: {'all_day': 25, 'peak_express': 14}
2026-09-03 11:51:03,811 footpaths: 15509 links (9 from transfers.txt)
2026-09-03 11:51:03,820 raptor network: 2942 stops, 111 patterns, 15509 footpaths
2026-09-03 11:51:03,940 zones: 1397 (637 with transit access within 600 m), 3934 access links
2026-09-03 11:51:03,950 route classes: {'all_day': 25, 'peak_express': 14}
2026-09-03 11:51:04,000 evaluator pricing: common_lines=same_route (explicit)
2026-09-03 11:51:04,006 period early   : 24633 paths, 20000 OD pairs
2026-09-03 11:51:04,013 period am_peak : 28752 paths, 20000 OD pairs
2026-09-03 11:51:04,018 period midday  : 24074 paths, 20000 OD pairs
2026-09-03 11:51:04,024 period pm_peak : 27962 paths, 20000 OD pairs
2026-09-03 11:51:04,029 period evening : 24038 paths, 20000 OD pairs
2026-09-03 11:51:04,034 period owl     : 22665 paths, 20000 OD pairs
2026-09-03 11:51:04,034 locking 28 route-periods across 14 routes in classes ('peak_express',)
2026-09-03 12:09:39,329 solve lambda=2.0: obj=2.95484e+06 vh=2514.4/2517.2 exchanges=0
2026-09-03 12:09:39,348 straighten-007#830e388b3427                    seed 20260826 obj=2954843.938480 restarts=40 conv=True adm=True 1116s
2026-09-03 12:09:40,817 footpaths: 15509 links (9 from transfers.txt)
2026-09-03 12:09:40,825 raptor network: 2942 stops, 111 patterns, 15509 footpaths
2026-09-03 12:09:40,933 zones: 1397 (637 with transit access within 600 m), 3934 access links
2026-09-03 12:09:40,942 route classes: {'all_day': 25, 'peak_express': 14}
2026-09-03 12:09:40,995 evaluator pricing: common_lines=same_route (explicit)
2026-09-03 12:09:41,001 period early   : 24633 paths, 20000 OD pairs
2026-09-03 12:09:41,007 period am_peak : 28752 paths, 20000 OD pairs
2026-09-03 12:09:41,013 period midday  : 24074 paths, 20000 OD pairs
2026-09-03 12:09:41,019 period pm_peak : 27962 paths, 20000 OD pairs
2026-09-03 12:09:41,024 period evening : 24038 paths, 20000 OD pairs
2026-09-03 12:09:41,028 period owl     : 22665 paths, 20000 OD pairs
2026-09-03 12:09:41,028 locking 28 route-periods across 14 routes in classes ('peak_express',)
2026-09-03 12:28:04,327 solve lambda=2.0: obj=2.95484e+06 vh=2514.4/2517.2 exchanges=0
2026-09-03 12:28:04,347 straighten-007#830e388b3427                    seed 20260828 obj=2954843.938480 restarts=40 conv=True adm=True 1104s
2026-09-03 12:28:05,691 stopping cleanly: 1650s needed for straighten-011#f2a996066a3d/20260825, 1177s left
2026-09-03 12:28:05,691 slice ran 2 cells
2026-09-03 12:28:08,338 3.1-stageB-esc: 57 cells remaining, 28 in this shard
2026-09-03 12:28:08,456 cache hit  baseline-a5bf710e8b2c9129 (53.2 MB, 0.1s)
2026-09-03 12:28:08,494 cache hit  raptor-51c3309f35ffd25f (0.6 MB, 0.0s)
2026-09-03 12:28:08,495 cache hit  zones-77edf71b615ba370 (0.2 MB, 0.0s)
2026-09-03 12:28:08,496 cache hit  od-ba345b9cb167aecb (0.5 MB, 0.0s)
2026-09-03 12:28:08,507 route classes: {'all_day': 25, 'peak_express': 14}
2026-09-03 12:28:09,187 footpaths: 15543 links (9 from transfers.txt)
2026-09-03 12:28:09,196 raptor network: 2947 stops, 111 patterns, 15543 footpaths
2026-09-03 12:28:09,307 zones: 1397 (637 with transit access within 600 m), 3938 access links
2026-09-03 12:28:09,316 route classes: {'all_day': 25, 'peak_express': 14}
2026-09-03 12:28:09,380 evaluator pricing: common_lines=same_route (explicit)
2026-09-03 12:28:09,386 period early   : 24491 paths, 20000 OD pairs
2026-09-03 12:28:09,393 period am_peak : 28665 paths, 20000 OD pairs
2026-09-03 12:28:09,398 period midday  : 24008 paths, 20000 OD pairs
2026-09-03 12:28:09,404 period pm_peak : 27919 paths, 20000 OD pairs
2026-09-03 12:28:09,409 period evening : 23954 paths, 20000 OD pairs
2026-09-03 12:28:09,414 period owl     : 22604 paths, 20000 OD pairs
2026-09-03 12:28:09,414 locking 28 route-periods across 14 routes in classes ('peak_express',)
2026-09-03 12:45:18,402 solve lambda=2.0: obj=2.95478e+06 vh=2514.7/2517.2 exchanges=35
2026-09-03 12:45:18,421 straighten-011#f2a996066a3d                    seed 20260825 obj=2954776.084779 restarts=40 conv=True adm=True 1030s
2026-09-03 12:45:19,623 footpaths: 15543 links (9 from transfers.txt)
2026-09-03 12:45:19,634 raptor network: 2947 stops, 111 patterns, 15543 footpaths
2026-09-03 12:45:19,749 zones: 1397 (637 with transit access within 600 m), 3938 access links
2026-09-03 12:45:19,758 route classes: {'all_day': 25, 'peak_express': 14}
2026-09-03 12:45:19,821 evaluator pricing: common_lines=same_route (explicit)
2026-09-03 12:45:19,827 period early   : 24491 paths, 20000 OD pairs
2026-09-03 12:45:19,833 period am_peak : 28665 paths, 20000 OD pairs
2026-09-03 12:45:19,838 period midday  : 24008 paths, 20000 OD pairs
2026-09-03 12:45:19,844 period pm_peak : 27919 paths, 20000 OD pairs
2026-09-03 12:45:19,849 period evening : 23954 paths, 20000 OD pairs
2026-09-03 12:45:19,855 period owl     : 22604 paths, 20000 OD pairs
2026-09-03 12:45:19,855 locking 28 route-periods across 14 routes in classes ('peak_express',)
2026-09-03 13:03:42,721 solve lambda=2.0: obj=2.95476e+06 vh=2515.2/2517.2 exchanges=42
2026-09-03 13:03:42,740 straighten-011#f2a996066a3d                    seed 20260827 obj=2954764.440715 restarts=40 conv=True adm=True 1103s
2026-09-03 13:03:44,023 stopping cleanly: 1650s needed for straighten-011#f2a996066a3d/20260829, 1264s left
2026-09-03 13:03:44,023 slice ran 2 cells
2026-09-03 13:03:46,723 3.1-stageB-esc: 53 cells remaining, 26 in this shard
2026-09-03 13:03:46,833 cache hit  baseline-a5bf710e8b2c9129 (53.2 MB, 0.1s)
2026-09-03 13:03:46,870 cache hit  raptor-51c3309f35ffd25f (0.6 MB, 0.0s)
2026-09-03 13:03:46,870 cache hit  zones-77edf71b615ba370 (0.2 MB, 0.0s)
2026-09-03 13:03:46,871 cache hit  od-ba345b9cb167aecb (0.5 MB, 0.0s)
2026-09-03 13:03:46,890 route classes: {'all_day': 25, 'peak_express': 14}
2026-09-03 13:03:47,422 footpaths: 15543 links (9 from transfers.txt)
2026-09-03 13:03:47,432 raptor network: 2947 stops, 111 patterns, 15543 footpaths
2026-09-03 13:03:47,553 zones: 1397 (637 with transit access within 600 m), 3938 access links
2026-09-03 13:03:47,563 route classes: {'all_day': 25, 'peak_express': 14}
2026-09-03 13:03:47,623 evaluator pricing: common_lines=same_route (explicit)
2026-09-03 13:03:47,630 period early   : 24491 paths, 20000 OD pairs
2026-09-03 13:03:47,636 period am_peak : 28665 paths, 20000 OD pairs
2026-09-03 13:03:47,642 period midday  : 24008 paths, 20000 OD pairs
2026-09-03 13:03:47,648 period pm_peak : 27919 paths, 20000 OD pairs
2026-09-03 13:03:47,653 period evening : 23954 paths, 20000 OD pairs
2026-09-03 13:03:47,658 period owl     : 22604 paths, 20000 OD pairs
2026-09-03 13:03:47,658 locking 28 route-periods across 14 routes in classes ('peak_express',)
2026-09-03 13:21:08,201 solve lambda=2.0: obj=2.95465e+06 vh=2515.8/2517.2 exchanges=91
2026-09-03 13:21:08,220 straighten-011#f2a996066a3d                    seed 20260829 obj=2954651.666748 restarts=40 conv=True adm=True 1041s
2026-09-03 13:21:09,841 footpaths: 15549 links (9 from transfers.txt)
2026-09-03 13:21:09,851 raptor network: 2946 stops, 111 patterns, 15549 footpaths
2026-09-03 13:21:09,964 zones: 1397 (637 with transit access within 600 m), 3935 access links
2026-09-03 13:21:09,974 route classes: {'all_day': 25, 'peak_express': 14}
2026-09-03 13:21:10,042 evaluator pricing: common_lines=same_route (explicit)
2026-09-03 13:21:10,049 period early   : 24677 paths, 20000 OD pairs
2026-09-03 13:21:10,056 period am_peak : 28769 paths, 20000 OD pairs
2026-09-03 13:21:10,061 period midday  : 24116 paths, 20000 OD pairs
2026-09-03 13:21:10,067 period pm_peak : 27993 paths, 20000 OD pairs
2026-09-03 13:21:10,072 period evening : 24107 paths, 20000 OD pairs
2026-09-03 13:21:10,077 period owl     : 22697 paths, 20000 OD pairs
2026-09-03 13:21:10,077 locking 28 route-periods across 14 routes in classes ('peak_express',)
2026-09-03 13:38:39,712 solve lambda=2.0: obj=2.95582e+06 vh=2515.6/2517.2 exchanges=0
2026-09-03 13:38:39,729 straighten-021#110f4a755fe7                    seed 20260826 obj=2955822.412475 restarts=40 conv=True adm=True 1050s
2026-09-03 13:38:41,283 stopping cleanly: 1650s needed for straighten-021#110f4a755fe7/20260828, 1305s left
2026-09-03 13:38:41,284 slice ran 2 cells
2026-09-03 13:38:43,954 3.1-stageB-esc: 49 cells remaining, 24 in this shard
2026-09-03 13:38:44,057 cache hit  baseline-a5bf710e8b2c9129 (53.2 MB, 0.1s)
2026-09-03 13:38:44,097 cache hit  raptor-51c3309f35ffd25f (0.6 MB, 0.0s)
2026-09-03 13:38:44,097 cache hit  zones-77edf71b615ba370 (0.2 MB, 0.0s)
2026-09-03 13:38:44,098 cache hit  od-ba345b9cb167aecb (0.5 MB, 0.0s)
2026-09-03 13:38:44,118 route classes: {'all_day': 25, 'peak_express': 14}
2026-09-03 13:38:44,634 footpaths: 15549 links (9 from transfers.txt)
2026-09-03 13:38:44,643 raptor network: 2946 stops, 111 patterns, 15549 footpaths
2026-09-03 13:38:44,764 zones: 1397 (637 with transit access within 600 m), 3935 access links
2026-09-03 13:38:44,774 route classes: {'all_day': 25, 'peak_express': 14}
2026-09-03 13:38:44,839 evaluator pricing: common_lines=same_route (explicit)
2026-09-03 13:38:44,847 period early   : 24677 paths, 20000 OD pairs
2026-09-03 13:38:44,854 period am_peak : 28769 paths, 20000 OD pairs
2026-09-03 13:38:44,859 period midday  : 24116 paths, 20000 OD pairs
2026-09-03 13:38:44,865 period pm_peak : 27993 paths, 20000 OD pairs
2026-09-03 13:38:44,870 period evening : 24107 paths, 20000 OD pairs
2026-09-03 13:38:44,875 period owl     : 22697 paths, 20000 OD pairs
2026-09-03 13:38:44,875 locking 28 route-periods across 14 routes in classes ('peak_express',)
2026-09-03 16:32:19,119 3.1-stageB-esc: 48 cells remaining, 24 in this shard
2026-09-03 16:32:21,464 cache hit  baseline-a5bf710e8b2c9129 (53.2 MB, 2.3s)
2026-09-03 16:32:21,758 cache hit  raptor-51c3309f35ffd25f (0.6 MB, 0.0s)
2026-09-03 16:32:21,760 cache hit  zones-77edf71b615ba370 (0.2 MB, 0.0s)
2026-09-03 16:32:21,762 cache hit  od-ba345b9cb167aecb (0.5 MB, 0.0s)
2026-09-03 16:32:21,791 route classes: {'all_day': 25, 'peak_express': 14}
2026-09-03 16:32:25,126 footpaths: 15549 links (9 from transfers.txt)
2026-09-03 16:32:25,139 raptor network: 2946 stops, 111 patterns, 15549 footpaths
2026-09-03 16:32:25,311 zones: 1397 (637 with transit access within 600 m), 3935 access links
2026-09-03 16:32:25,324 route classes: {'all_day': 25, 'peak_express': 14}
2026-09-03 16:32:25,429 evaluator pricing: common_lines=same_route (explicit)
2026-09-03 16:32:25,439 period early   : 24677 paths, 20000 OD pairs
2026-09-03 16:32:25,446 period am_peak : 28769 paths, 20000 OD pairs
2026-09-03 16:32:25,452 period midday  : 24116 paths, 20000 OD pairs
2026-09-03 16:32:25,459 period pm_peak : 27993 paths, 20000 OD pairs
2026-09-03 16:32:25,465 period evening : 24107 paths, 20000 OD pairs
2026-09-03 16:32:25,470 period owl     : 22697 paths, 20000 OD pairs
2026-09-03 16:32:25,470 locking 28 route-periods across 14 routes in classes ('peak_express',)
2026-09-03 16:59:38,900 solve lambda=2.0: obj=2.95582e+06 vh=2515.6/2517.2 exchanges=0
2026-09-03 16:59:38,924 straighten-021#110f4a755fe7                    seed 20260828 obj=2955822.412475 restarts=40 conv=True adm=True 1634s
2026-09-03 16:59:40,890 footpaths: 15573 links (9 from transfers.txt)
2026-09-03 16:59:40,902 raptor network: 2949 stops, 111 patterns, 15573 footpaths
2026-09-03 16:59:41,077 zones: 1397 (637 with transit access within 600 m), 3938 access links
2026-09-03 16:59:41,089 route classes: {'all_day': 25, 'peak_express': 14}
2026-09-03 16:59:41,179 evaluator pricing: common_lines=same_route (explicit)
2026-09-03 16:59:41,186 period early   : 24715 paths, 20000 OD pairs
2026-09-03 16:59:41,193 period am_peak : 28833 paths, 20000 OD pairs
2026-09-03 16:59:41,198 period midday  : 24147 paths, 20000 OD pairs
2026-09-03 16:59:41,205 period pm_peak : 28019 paths, 20000 OD pairs
2026-09-03 16:59:41,210 period evening : 24046 paths, 20000 OD pairs
2026-09-03 16:59:41,215 period owl     : 22659 paths, 20000 OD pairs
2026-09-03 16:59:41,216 locking 28 route-periods across 14 routes in classes ('peak_express',)
2026-09-03 17:27:25,333 solve lambda=2.0: obj=2.95472e+06 vh=2514.9/2517.2 exchanges=0
2026-09-03 17:27:25,358 straighten-024#6a687792ef0b                    seed 20260825 obj=2954715.476448 restarts=40 conv=True adm=True 1665s
2026-09-03 17:27:26,793 stopping cleanly: 1650s needed for straighten-024#6a687792ef0b/20260827, 92s left
2026-09-03 17:27:26,793 slice ran 2 cells
2026-09-03 17:27:30,276 3.1-stageB-esc: 44 cells remaining, 22 in this shard
2026-09-03 17:27:30,844 cache hit  baseline-a5bf710e8b2c9129 (53.2 MB, 0.6s)
2026-09-03 17:27:30,911 cache hit  raptor-51c3309f35ffd25f (0.6 MB, 0.0s)
2026-09-03 17:27:30,912 cache hit  zones-77edf71b615ba370 (0.2 MB, 0.0s)
2026-09-03 17:27:30,913 cache hit  od-ba345b9cb167aecb (0.5 MB, 0.0s)
2026-09-03 17:27:30,943 route classes: {'all_day': 25, 'peak_express': 14}
2026-09-03 17:27:32,311 footpaths: 15573 links (9 from transfers.txt)
2026-09-03 17:27:32,324 raptor network: 2949 stops, 111 patterns, 15573 footpaths
2026-09-03 17:27:32,522 zones: 1397 (637 with transit access within 600 m), 3938 access links
2026-09-03 17:27:32,537 route classes: {'all_day': 25, 'peak_express': 14}
2026-09-03 17:27:32,670 evaluator pricing: common_lines=same_route (explicit)
2026-09-03 17:27:32,680 period early   : 24715 paths, 20000 OD pairs
2026-09-03 17:27:32,688 period am_peak : 28833 paths, 20000 OD pairs
2026-09-03 17:27:32,695 period midday  : 24147 paths, 20000 OD pairs
2026-09-03 17:27:32,704 period pm_peak : 28019 paths, 20000 OD pairs
2026-09-03 17:27:32,710 period evening : 24046 paths, 20000 OD pairs
2026-09-03 17:27:32,716 period owl     : 22659 paths, 20000 OD pairs
2026-09-03 17:27:32,716 locking 28 route-periods across 14 routes in classes ('peak_express',)
2026-09-03 17:56:01,890 solve lambda=2.0: obj=2.95461e+06 vh=2515.9/2517.2 exchanges=40
2026-09-03 17:56:01,916 straighten-024#6a687792ef0b                    seed 20260827 obj=2954610.690586 restarts=40 conv=True adm=True 1710s
2026-09-03 17:56:04,466 footpaths: 15573 links (9 from transfers.txt)
2026-09-03 17:56:04,478 raptor network: 2949 stops, 111 patterns, 15573 footpaths
2026-09-03 17:56:04,653 zones: 1397 (637 with transit access within 600 m), 3938 access links
2026-09-03 17:56:04,664 route classes: {'all_day': 25, 'peak_express': 14}
2026-09-03 17:56:04,737 evaluator pricing: common_lines=same_route (explicit)
2026-09-03 17:56:04,744 period early   : 24715 paths, 20000 OD pairs
2026-09-03 17:56:04,752 period am_peak : 28833 paths, 20000 OD pairs
2026-09-03 17:56:04,758 period midday  : 24147 paths, 20000 OD pairs
2026-09-03 17:56:04,765 period pm_peak : 28019 paths, 20000 OD pairs
2026-09-03 17:56:04,771 period evening : 24046 paths, 20000 OD pairs
2026-09-03 17:56:04,776 period owl     : 22659 paths, 20000 OD pairs
2026-09-03 17:56:04,776 locking 28 route-periods across 14 routes in classes ('peak_express',)
2026-09-03 18:23:19,852 solve lambda=2.0: obj=2.95472e+06 vh=2514.9/2517.2 exchanges=0
2026-09-03 18:23:19,876 straighten-024#6a687792ef0b                    seed 20260829 obj=2954715.476448 restarts=40 conv=True adm=True 1636s
2026-09-03 18:23:21,395 stopping cleanly: 1650s needed for straighten-025#f0732765f122/20260826, 49s left
2026-09-03 18:23:21,395 slice ran 2 cells
2026-09-03 18:23:24,884 3.1-stageB-esc: 41 cells remaining, 20 in this shard
2026-09-03 18:23:25,144 cache hit  baseline-a5bf710e8b2c9129 (53.2 MB, 0.3s)
2026-09-03 18:23:25,195 cache hit  raptor-51c3309f35ffd25f (0.6 MB, 0.0s)
2026-09-03 18:23:25,196 cache hit  zones-77edf71b615ba370 (0.2 MB, 0.0s)
2026-09-03 18:23:25,197 cache hit  od-ba345b9cb167aecb (0.5 MB, 0.0s)
2026-09-03 18:23:25,213 route classes: {'all_day': 25, 'peak_express': 14}
2026-09-03 18:23:26,529 footpaths: 15565 links (9 from transfers.txt)
2026-09-03 18:23:26,542 raptor network: 2944 stops, 111 patterns, 15565 footpaths
2026-09-03 18:23:26,733 zones: 1397 (636 with transit access within 600 m), 3931 access links
2026-09-03 18:23:26,745 route classes: {'all_day': 25, 'peak_express': 14}
2026-09-03 18:23:26,833 evaluator pricing: common_lines=same_route (explicit)
2026-09-03 18:23:26,841 period early   : 24564 paths, 20000 OD pairs
2026-09-03 18:23:26,849 period am_peak : 28696 paths, 20000 OD pairs
2026-09-03 18:23:26,855 period midday  : 24050 paths, 20000 OD pairs
2026-09-03 18:23:26,861 period pm_peak : 27930 paths, 20000 OD pairs
2026-09-03 18:23:26,867 period evening : 24015 paths, 20000 OD pairs
2026-09-03 18:23:26,873 period owl     : 22567 paths, 20000 OD pairs
2026-09-03 18:23:26,873 locking 28 route-periods across 14 routes in classes ('peak_express',)
2026-09-03 18:49:41,735 solve lambda=2.0: obj=2.95387e+06 vh=2515.9/2517.2 exchanges=46
2026-09-03 18:49:41,759 straighten-025#f0732765f122                    seed 20260826 obj=2953872.730645 restarts=40 conv=True adm=True 1576s
2026-09-03 18:49:43,556 footpaths: 15565 links (9 from transfers.txt)
2026-09-03 18:49:43,568 raptor network: 2944 stops, 111 patterns, 15565 footpaths
2026-09-03 18:49:43,739 zones: 1397 (636 with transit access within 600 m), 3931 access links
2026-09-03 18:49:43,751 route classes: {'all_day': 25, 'peak_express': 14}
2026-09-03 18:49:43,831 evaluator pricing: common_lines=same_route (explicit)
2026-09-03 18:49:43,838 period early   : 24564 paths, 20000 OD pairs
2026-09-03 18:49:43,845 period am_peak : 28696 paths, 20000 OD pairs
2026-09-03 18:49:43,851 period midday  : 24050 paths, 20000 OD pairs
2026-09-03 18:49:43,858 period pm_peak : 27930 paths, 20000 OD pairs
2026-09-03 18:49:43,864 period evening : 24015 paths, 20000 OD pairs
2026-09-03 18:49:43,872 period owl     : 22567 paths, 20000 OD pairs
2026-09-03 18:49:43,872 locking 28 route-periods across 14 routes in classes ('peak_express',)
2026-09-03 19:18:59,616 solve lambda=2.0: obj=2.95393e+06 vh=2516.2/2517.2 exchanges=79
2026-09-03 19:18:59,645 straighten-025#f0732765f122                    seed 20260828 obj=2953928.998089 restarts=40 conv=True adm=True 1756s
2026-09-03 19:19:01,222 stopping cleanly: 1650s needed for straighten-031#d0ecad5fc231/20260825, 64s left
2026-09-03 19:19:01,223 slice ran 2 cells
2026-09-03 19:19:05,048 3.1-stageB-esc: 37 cells remaining, 18 in this shard
2026-09-03 19:19:05,278 cache hit  baseline-a5bf710e8b2c9129 (53.2 MB, 0.2s)
2026-09-03 19:19:05,348 cache hit  raptor-51c3309f35ffd25f (0.6 MB, 0.0s)
2026-09-03 19:19:05,349 cache hit  zones-77edf71b615ba370 (0.2 MB, 0.0s)
2026-09-03 19:19:05,350 cache hit  od-ba345b9cb167aecb (0.5 MB, 0.0s)
2026-09-03 19:19:05,382 route classes: {'all_day': 25, 'peak_express': 14}
2026-09-03 19:19:06,417 footpaths: 15507 links (9 from transfers.txt)
2026-09-03 19:19:06,429 raptor network: 2943 stops, 111 patterns, 15507 footpaths
2026-09-03 19:19:06,597 zones: 1397 (637 with transit access within 600 m), 3938 access links
2026-09-03 19:19:06,609 route classes: {'all_day': 25, 'peak_express': 14}
2026-09-03 19:19:06,707 evaluator pricing: common_lines=same_route (explicit)
2026-09-03 19:19:06,716 period early   : 24658 paths, 20000 OD pairs
2026-09-03 19:19:06,723 period am_peak : 28736 paths, 20000 OD pairs
2026-09-03 19:19:06,729 period midday  : 24082 paths, 20000 OD pairs
2026-09-03 19:19:06,736 period pm_peak : 27965 paths, 20000 OD pairs
2026-09-03 19:19:06,742 period evening : 24031 paths, 20000 OD pairs
2026-09-03 19:19:06,747 period owl     : 22644 paths, 20000 OD pairs
2026-09-03 19:19:06,747 locking 28 route-periods across 14 routes in classes ('peak_express',)
2026-09-03 19:47:31,816 solve lambda=2.0: obj=2.95553e+06 vh=2513.6/2517.2 exchanges=0
2026-09-03 19:47:31,846 straighten-031#d0ecad5fc231                    seed 20260825 obj=2955528.364407 restarts=40 conv=True adm=True 1706s
2026-09-03 19:47:33,599 footpaths: 15507 links (9 from transfers.txt)
2026-09-03 19:47:33,611 raptor network: 2943 stops, 111 patterns, 15507 footpaths
2026-09-03 19:47:33,782 zones: 1397 (637 with transit access within 600 m), 3938 access links
2026-09-03 19:47:33,794 route classes: {'all_day': 25, 'peak_express': 14}
2026-09-03 19:47:33,889 evaluator pricing: common_lines=same_route (explicit)
2026-09-03 19:47:33,897 period early   : 24658 paths, 20000 OD pairs
2026-09-03 19:47:33,906 period am_peak : 28736 paths, 20000 OD pairs
2026-09-03 19:47:33,912 period midday  : 24082 paths, 20000 OD pairs
2026-09-03 19:47:33,919 period pm_peak : 27965 paths, 20000 OD pairs
2026-09-03 19:47:33,925 period evening : 24031 paths, 20000 OD pairs
2026-09-03 19:47:33,930 period owl     : 22644 paths, 20000 OD pairs
2026-09-03 19:47:33,930 locking 28 route-periods across 14 routes in classes ('peak_express',)
2026-09-03 20:14:08,832 solve lambda=2.0: obj=2.95547e+06 vh=2515.0/2517.2 exchanges=38
2026-09-03 20:14:08,857 straighten-031#d0ecad5fc231                    seed 20260827 obj=2955467.508473 restarts=40 conv=True adm=True 1596s
2026-09-03 20:14:10,242 stopping cleanly: 1650s needed for straighten-031#d0ecad5fc231/20260829, 95s left
2026-09-03 20:14:10,242 slice ran 2 cells
2026-09-03 20:14:13,797 3.1-stageB-esc: 33 cells remaining, 16 in this shard
2026-09-03 20:14:13,958 cache hit  baseline-a5bf710e8b2c9129 (53.2 MB, 0.2s)
2026-09-03 20:14:14,031 cache hit  raptor-51c3309f35ffd25f (0.6 MB, 0.0s)
2026-09-03 20:14:14,032 cache hit  zones-77edf71b615ba370 (0.2 MB, 0.0s)
2026-09-03 20:14:14,033 cache hit  od-ba345b9cb167aecb (0.5 MB, 0.0s)
2026-09-03 20:14:14,062 route classes: {'all_day': 25, 'peak_express': 14}
2026-09-03 20:14:15,216 footpaths: 15507 links (9 from transfers.txt)
2026-09-03 20:14:15,231 raptor network: 2943 stops, 111 patterns, 15507 footpaths
2026-09-03 20:14:15,425 zones: 1397 (637 with transit access within 600 m), 3938 access links
2026-09-03 20:14:15,440 route classes: {'all_day': 25, 'peak_express': 14}
2026-09-03 20:14:15,542 evaluator pricing: common_lines=same_route (explicit)
2026-09-03 20:14:15,551 period early   : 24658 paths, 20000 OD pairs
2026-09-03 20:14:15,560 period am_peak : 28736 paths, 20000 OD pairs
2026-09-03 20:14:15,567 period midday  : 24082 paths, 20000 OD pairs
2026-09-03 20:14:15,576 period pm_peak : 27965 paths, 20000 OD pairs
2026-09-03 20:14:15,583 period evening : 24031 paths, 20000 OD pairs
2026-09-03 20:14:15,589 period owl     : 22644 paths, 20000 OD pairs
2026-09-03 20:14:15,590 locking 28 route-periods across 14 routes in classes ('peak_express',)
2026-09-03 20:43:34,126 solve lambda=2.0: obj=2.95553e+06 vh=2513.6/2517.2 exchanges=0
2026-09-03 20:43:34,153 straighten-031#d0ecad5fc231                    seed 20260829 obj=2955528.364407 restarts=40 conv=True adm=True 1759s
2026-09-03 20:43:35,330 stopping cleanly: 1650s needed for straighten-102#4dd646541565/20260826, 1638s left
2026-09-03 20:43:35,330 slice ran 1 cells
2026-09-03 20:43:38,866 3.1-stageB-esc: 30 cells remaining, 15 in this shard
2026-09-03 20:43:39,301 cache hit  baseline-a5bf710e8b2c9129 (53.2 MB, 0.4s)
2026-09-03 20:43:39,356 cache hit  raptor-51c3309f35ffd25f (0.6 MB, 0.0s)
2026-09-03 20:43:39,357 cache hit  zones-77edf71b615ba370 (0.2 MB, 0.0s)
2026-09-03 20:43:39,358 cache hit  od-ba345b9cb167aecb (0.5 MB, 0.0s)
2026-09-03 20:43:39,388 route classes: {'all_day': 25, 'peak_express': 14}
2026-09-03 20:43:40,457 footpaths: 15553 links (9 from transfers.txt)
2026-09-03 20:43:40,468 raptor network: 2946 stops, 111 patterns, 15553 footpaths
2026-09-03 20:43:40,644 zones: 1397 (637 with transit access within 600 m), 3937 access links
2026-09-03 20:43:40,656 route classes: {'all_day': 25, 'peak_express': 14}
2026-09-03 20:43:40,750 evaluator pricing: common_lines=same_route (explicit)
2026-09-03 20:43:40,758 period early   : 24670 paths, 20000 OD pairs
2026-09-03 20:43:40,765 period am_peak : 28732 paths, 20000 OD pairs
2026-09-03 20:43:40,772 period midday  : 24100 paths, 20000 OD pairs
2026-09-03 20:43:40,778 period pm_peak : 27985 paths, 20000 OD pairs
2026-09-03 20:43:40,784 period evening : 24061 paths, 20000 OD pairs
2026-09-03 20:43:40,789 period owl     : 22667 paths, 20000 OD pairs
2026-09-03 20:43:40,790 locking 28 route-periods across 14 routes in classes ('peak_express',)
2026-09-03 21:09:46,691 solve lambda=2.0: obj=2.95363e+06 vh=2516.1/2517.2 exchanges=58
2026-09-03 21:09:46,711 straighten-102#4dd646541565                    seed 20260826 obj=2953634.745891 restarts=40 conv=True adm=True 1567s
2026-09-03 21:09:48,686 footpaths: 15553 links (9 from transfers.txt)
2026-09-03 21:09:48,698 raptor network: 2946 stops, 111 patterns, 15553 footpaths
2026-09-03 21:09:48,867 zones: 1397 (637 with transit access within 600 m), 3937 access links
2026-09-03 21:09:48,879 route classes: {'all_day': 25, 'peak_express': 14}
2026-09-03 21:09:48,974 evaluator pricing: common_lines=same_route (explicit)
2026-09-03 21:09:48,981 period early   : 24670 paths, 20000 OD pairs
2026-09-03 21:09:48,987 period am_peak : 28732 paths, 20000 OD pairs
2026-09-03 21:09:48,993 period midday  : 24100 paths, 20000 OD pairs
2026-09-03 21:09:48,999 period pm_peak : 27985 paths, 20000 OD pairs
2026-09-03 21:09:49,005 period evening : 24061 paths, 20000 OD pairs
2026-09-03 21:09:49,010 period owl     : 22667 paths, 20000 OD pairs
2026-09-03 21:09:49,011 locking 28 route-periods across 14 routes in classes ('peak_express',)
2026-09-03 21:37:11,158 solve lambda=2.0: obj=2.9536e+06 vh=2516.0/2517.2 exchanges=50
2026-09-03 21:37:11,200 straighten-102#4dd646541565                    seed 20260828 obj=2953602.755617 restarts=40 conv=True adm=True 1643s
2026-09-03 21:37:12,984 stopping cleanly: 1650s needed for truncate-007#a14f6e0894dd/20260825, 186s left
2026-09-03 21:37:12,984 slice ran 2 cells
2026-09-03 21:37:24,096 3.1-stageB-esc: 27 cells remaining, 13 in this shard
2026-09-03 21:37:24,616 cache hit  baseline-a5bf710e8b2c9129 (53.2 MB, 0.5s)
2026-09-03 21:37:24,676 cache hit  raptor-51c3309f35ffd25f (0.6 MB, 0.0s)
2026-09-03 21:37:24,677 cache hit  zones-77edf71b615ba370 (0.2 MB, 0.0s)
2026-09-03 21:37:24,679 cache hit  od-ba345b9cb167aecb (0.5 MB, 0.0s)
2026-09-03 21:37:24,704 route classes: {'all_day': 25, 'peak_express': 14}
2026-09-03 21:37:25,889 footpaths: 15573 links (9 from transfers.txt)
2026-09-03 21:37:25,902 raptor network: 2949 stops, 111 patterns, 15573 footpaths
2026-09-03 21:37:26,079 zones: 1397 (637 with transit access within 600 m), 3938 access links
2026-09-03 21:37:26,092 route classes: {'all_day': 25, 'peak_express': 14}
2026-09-03 21:37:26,184 evaluator pricing: common_lines=same_route (explicit)
2026-09-03 21:37:26,192 period early   : 24689 paths, 20000 OD pairs
2026-09-03 21:37:26,199 period am_peak : 28776 paths, 20000 OD pairs
2026-09-03 21:37:26,205 period midday  : 24096 paths, 20000 OD pairs
2026-09-03 21:37:26,212 period pm_peak : 28000 paths, 20000 OD pairs
2026-09-03 21:37:26,218 period evening : 24069 paths, 20000 OD pairs
2026-09-03 21:37:26,224 period owl     : 22667 paths, 20000 OD pairs
2026-09-03 21:37:26,224 locking 28 route-periods across 14 routes in classes ('peak_express',)
2026-09-03 22:03:43,242 solve lambda=2.0: obj=2.95483e+06 vh=2515.0/2517.2 exchanges=44
2026-09-03 22:03:43,268 truncate-007#a14f6e0894dd                      seed 20260825 obj=2954828.598811 restarts=40 conv=True adm=True 1578s
2026-09-03 22:03:45,402 footpaths: 15573 links (9 from transfers.txt)
2026-09-03 22:03:45,413 raptor network: 2949 stops, 111 patterns, 15573 footpaths
2026-09-03 22:03:45,575 zones: 1397 (637 with transit access within 600 m), 3938 access links
2026-09-03 22:03:45,586 route classes: {'all_day': 25, 'peak_express': 14}
2026-09-03 22:03:45,656 evaluator pricing: common_lines=same_route (explicit)
2026-09-03 22:03:45,663 period early   : 24689 paths, 20000 OD pairs
2026-09-03 22:03:45,671 period am_peak : 28776 paths, 20000 OD pairs
2026-09-03 22:03:45,677 period midday  : 24096 paths, 20000 OD pairs
2026-09-03 22:03:45,684 period pm_peak : 28000 paths, 20000 OD pairs
2026-09-03 22:03:45,690 period evening : 24069 paths, 20000 OD pairs
2026-09-03 22:03:45,695 period owl     : 22667 paths, 20000 OD pairs
2026-09-03 22:03:45,695 locking 28 route-periods across 14 routes in classes ('peak_express',)
2026-09-03 22:31:44,585 solve lambda=2.0: obj=2.95482e+06 vh=2515.3/2517.2 exchanges=44
2026-09-03 22:31:44,618 truncate-007#a14f6e0894dd                      seed 20260827 obj=2954823.588641 restarts=40 conv=True adm=True 1680s
2026-09-03 22:31:45,838 stopping cleanly: 1850s needed for truncate-007#a14f6e0894dd/20260829, 1038s left
2026-09-03 22:31:45,839 slice ran 2 cells
2026-09-03 22:31:48,961 3.1-stageB-esc: 23 cells remaining, 11 in this shard
2026-09-03 22:31:49,116 cache hit  baseline-a5bf710e8b2c9129 (53.2 MB, 0.2s)
2026-09-03 22:31:49,172 cache hit  raptor-51c3309f35ffd25f (0.6 MB, 0.0s)
2026-09-03 22:31:49,173 cache hit  zones-77edf71b615ba370 (0.2 MB, 0.0s)
2026-09-03 22:31:49,174 cache hit  od-ba345b9cb167aecb (0.5 MB, 0.0s)
2026-09-03 22:31:49,198 route classes: {'all_day': 25, 'peak_express': 14}
2026-09-03 22:31:50,257 footpaths: 15573 links (9 from transfers.txt)
2026-09-03 22:31:50,269 raptor network: 2949 stops, 111 patterns, 15573 footpaths
2026-09-03 22:31:50,447 zones: 1397 (637 with transit access within 600 m), 3938 access links
2026-09-03 22:31:50,459 route classes: {'all_day': 25, 'peak_express': 14}
2026-09-03 22:31:50,550 evaluator pricing: common_lines=same_route (explicit)
2026-09-03 22:31:50,558 period early   : 24689 paths, 20000 OD pairs
2026-09-03 22:31:50,568 period am_peak : 28776 paths, 20000 OD pairs
2026-09-03 22:31:50,577 period midday  : 24096 paths, 20000 OD pairs
2026-09-03 22:31:50,585 period pm_peak : 28000 paths, 20000 OD pairs
2026-09-03 22:31:50,592 period evening : 24069 paths, 20000 OD pairs
2026-09-03 22:31:50,599 period owl     : 22667 paths, 20000 OD pairs
2026-09-03 22:31:50,600 locking 28 route-periods across 14 routes in classes ('peak_express',)
2026-09-03 22:59:16,668 solve lambda=2.0: obj=2.95483e+06 vh=2514.6/2517.2 exchanges=98
2026-09-03 22:59:16,693 truncate-007#a14f6e0894dd                      seed 20260829 obj=2954828.896243 restarts=40 conv=True adm=True 1647s
2026-09-03 22:59:18,547 footpaths: 15573 links (9 from transfers.txt)
2026-09-03 22:59:18,559 raptor network: 2947 stops, 111 patterns, 15573 footpaths
2026-09-03 22:59:18,730 zones: 1397 (637 with transit access within 600 m), 3938 access links
2026-09-03 22:59:18,742 route classes: {'all_day': 25, 'peak_express': 14}
2026-09-03 22:59:18,817 evaluator pricing: common_lines=same_route (explicit)
2026-09-03 22:59:18,824 period early   : 24667 paths, 20000 OD pairs
2026-09-03 22:59:18,830 period am_peak : 28761 paths, 20000 OD pairs
2026-09-03 22:59:18,837 period midday  : 24096 paths, 20000 OD pairs
2026-09-03 22:59:18,844 period pm_peak : 27982 paths, 20000 OD pairs
2026-09-03 22:59:18,849 period evening : 24057 paths, 20000 OD pairs
2026-09-03 22:59:18,856 period owl     : 22668 paths, 20000 OD pairs
2026-09-03 22:59:18,856 locking 28 route-periods across 14 routes in classes ('peak_express',)
2026-09-03 23:25:44,603 solve lambda=2.0: obj=2.95411e+06 vh=2515.7/2517.2 exchanges=30
2026-09-03 23:25:44,627 truncate-007#e0327cd10f50                      seed 20260826 obj=2954114.512302 restarts=40 conv=True adm=True 1586s
2026-09-03 23:25:45,826 stopping cleanly: 1850s needed for truncate-007#e0327cd10f50/20260828, 1063s left
2026-09-03 23:25:45,826 slice ran 2 cells
2026-09-03 23:25:48,893 3.1-stageB-esc: 19 cells remaining, 9 in this shard
2026-09-03 23:25:49,121 cache hit  baseline-a5bf710e8b2c9129 (53.2 MB, 0.2s)
2026-09-03 23:25:49,176 cache hit  raptor-51c3309f35ffd25f (0.6 MB, 0.0s)
2026-09-03 23:25:49,177 cache hit  zones-77edf71b615ba370 (0.2 MB, 0.0s)
2026-09-03 23:25:49,178 cache hit  od-ba345b9cb167aecb (0.5 MB, 0.0s)
2026-09-03 23:25:49,201 route classes: {'all_day': 25, 'peak_express': 14}
2026-09-03 23:25:50,206 footpaths: 15573 links (9 from transfers.txt)
2026-09-03 23:25:50,218 raptor network: 2947 stops, 111 patterns, 15573 footpaths
2026-09-03 23:25:50,378 zones: 1397 (637 with transit access within 600 m), 3938 access links
2026-09-03 23:25:50,390 route classes: {'all_day': 25, 'peak_express': 14}
2026-09-03 23:25:50,479 evaluator pricing: common_lines=same_route (explicit)
2026-09-03 23:25:50,487 period early   : 24667 paths, 20000 OD pairs
2026-09-03 23:25:50,494 period am_peak : 28761 paths, 20000 OD pairs
2026-09-03 23:25:50,499 period midday  : 24096 paths, 20000 OD pairs
2026-09-03 23:25:50,506 period pm_peak : 27982 paths, 20000 OD pairs
2026-09-03 23:25:50,511 period evening : 24057 paths, 20000 OD pairs
2026-09-03 23:25:50,517 period owl     : 22668 paths, 20000 OD pairs
2026-09-03 23:25:50,517 locking 28 route-periods across 14 routes in classes ('peak_express',)
2026-09-03 23:52:08,169 solve lambda=2.0: obj=2.95414e+06 vh=2514.1/2517.2 exchanges=0
2026-09-03 23:52:08,193 truncate-007#e0327cd10f50                      seed 20260828 obj=2954141.452683 restarts=40 conv=True adm=True 1578s
2026-09-03 23:52:09,973 footpaths: 15545 links (9 from transfers.txt)
2026-09-03 23:52:09,984 raptor network: 2946 stops, 111 patterns, 15545 footpaths
2026-09-03 23:52:10,158 zones: 1397 (637 with transit access within 600 m), 3938 access links
2026-09-03 23:52:10,170 route classes: {'all_day': 25, 'peak_express': 14}
2026-09-03 23:52:10,257 evaluator pricing: common_lines=same_route (explicit)
2026-09-03 23:52:10,263 period early   : 24668 paths, 20000 OD pairs
2026-09-03 23:52:10,270 period am_peak : 28764 paths, 20000 OD pairs
2026-09-03 23:52:10,276 period midday  : 24097 paths, 20000 OD pairs
2026-09-03 23:52:10,282 period pm_peak : 27983 paths, 20000 OD pairs
2026-09-03 23:52:10,289 period evening : 24058 paths, 20000 OD pairs
2026-09-03 23:52:10,295 period owl     : 22669 paths, 20000 OD pairs
2026-09-03 23:52:10,295 locking 28 route-periods across 14 routes in classes ('peak_express',)
2026-09-04 00:19:49,095 solve lambda=2.0: obj=2.95563e+06 vh=2514.6/2517.2 exchanges=0
2026-09-04 00:19:49,127 truncate-012#584263ee6bf8                      seed 20260825 obj=2955633.830693 restarts=40 conv=True adm=True 1660s
2026-09-04 00:19:50,526 stopping cleanly: 1850s needed for truncate-012#584263ee6bf8/20260827, 1058s left
2026-09-04 00:19:50,526 slice ran 2 cells
2026-09-04 00:19:54,093 3.1-stageB-esc: 15 cells remaining, 7 in this shard
2026-09-04 00:19:54,223 cache hit  baseline-a5bf710e8b2c9129 (53.2 MB, 0.1s)
2026-09-04 00:19:54,274 cache hit  raptor-51c3309f35ffd25f (0.6 MB, 0.0s)
2026-09-04 00:19:54,275 cache hit  zones-77edf71b615ba370 (0.2 MB, 0.0s)
2026-09-04 00:19:54,276 cache hit  od-ba345b9cb167aecb (0.5 MB, 0.0s)
2026-09-04 00:19:54,293 route classes: {'all_day': 25, 'peak_express': 14}
2026-09-04 00:19:55,192 footpaths: 15545 links (9 from transfers.txt)
2026-09-04 00:19:55,205 raptor network: 2946 stops, 111 patterns, 15545 footpaths
2026-09-04 00:19:55,395 zones: 1397 (637 with transit access within 600 m), 3938 access links
2026-09-04 00:19:55,407 route classes: {'all_day': 25, 'peak_express': 14}
2026-09-04 00:19:55,496 evaluator pricing: common_lines=same_route (explicit)
2026-09-04 00:19:55,503 period early   : 24668 paths, 20000 OD pairs
2026-09-04 00:19:55,511 period am_peak : 28764 paths, 20000 OD pairs
2026-09-04 00:19:55,517 period midday  : 24097 paths, 20000 OD pairs
2026-09-04 00:19:55,524 period pm_peak : 27983 paths, 20000 OD pairs
2026-09-04 00:19:55,530 period evening : 24058 paths, 20000 OD pairs
2026-09-04 00:19:55,536 period owl     : 22669 paths, 20000 OD pairs
2026-09-04 00:19:55,536 locking 28 route-periods across 14 routes in classes ('peak_express',)
2026-09-04 00:47:17,644 solve lambda=2.0: obj=2.95546e+06 vh=2516.3/2517.2 exchanges=54
2026-09-04 00:47:17,670 truncate-012#584263ee6bf8                      seed 20260827 obj=2955459.903324 restarts=40 conv=True adm=True 1643s
2026-09-04 00:47:19,311 footpaths: 15545 links (9 from transfers.txt)
2026-09-04 00:47:19,325 raptor network: 2946 stops, 111 patterns, 15545 footpaths
2026-09-04 00:47:19,520 zones: 1397 (637 with transit access within 600 m), 3938 access links
2026-09-04 00:47:19,532 route classes: {'all_day': 25, 'peak_express': 14}
2026-09-04 00:47:19,654 evaluator pricing: common_lines=same_route (explicit)
2026-09-04 00:47:19,661 period early   : 24668 paths, 20000 OD pairs
2026-09-04 00:47:19,668 period am_peak : 28764 paths, 20000 OD pairs
2026-09-04 00:47:19,674 period midday  : 24097 paths, 20000 OD pairs
2026-09-04 00:47:19,681 period pm_peak : 27983 paths, 20000 OD pairs
2026-09-04 00:47:19,687 period evening : 24058 paths, 20000 OD pairs
2026-09-04 00:47:19,692 period owl     : 22669 paths, 20000 OD pairs
2026-09-04 00:47:19,693 locking 28 route-periods across 14 routes in classes ('peak_express',)
2026-09-04 01:13:05,537 solve lambda=2.0: obj=2.95563e+06 vh=2514.6/2517.2 exchanges=0
2026-09-04 01:13:05,562 truncate-012#584263ee6bf8                      seed 20260829 obj=2955633.830693 restarts=40 conv=True adm=True 1547s
2026-09-04 01:13:06,412 stopping cleanly: 1850s needed for truncate-023#3ef9178c6974/20260826, 1108s left
2026-09-04 01:13:06,412 slice ran 2 cells
2026-09-04 01:13:09,363 3.1-stageB-esc: 11 cells remaining, 5 in this shard
2026-09-04 01:13:09,627 cache hit  baseline-a5bf710e8b2c9129 (53.2 MB, 0.3s)
2026-09-04 01:13:09,675 cache hit  raptor-51c3309f35ffd25f (0.6 MB, 0.0s)
2026-09-04 01:13:09,676 cache hit  zones-77edf71b615ba370 (0.2 MB, 0.0s)
2026-09-04 01:13:09,676 cache hit  od-ba345b9cb167aecb (0.5 MB, 0.0s)
2026-09-04 01:13:09,702 route classes: {'all_day': 25, 'peak_express': 14}
2026-09-04 01:13:10,720 footpaths: 15553 links (9 from transfers.txt)
2026-09-04 01:13:10,731 raptor network: 2948 stops, 111 patterns, 15553 footpaths
2026-09-04 01:13:10,901 zones: 1397 (637 with transit access within 600 m), 3938 access links
2026-09-04 01:13:10,912 route classes: {'all_day': 25, 'peak_express': 14}
2026-09-04 01:13:10,994 evaluator pricing: common_lines=same_route (explicit)
2026-09-04 01:13:11,001 period early   : 24672 paths, 20000 OD pairs
2026-09-04 01:13:11,008 period am_peak : 28787 paths, 20000 OD pairs
2026-09-04 01:13:11,014 period midday  : 24111 paths, 20000 OD pairs
2026-09-04 01:13:11,021 period pm_peak : 28003 paths, 20000 OD pairs
2026-09-04 01:13:11,027 period evening : 24092 paths, 20000 OD pairs
2026-09-04 01:13:11,032 period owl     : 22697 paths, 20000 OD pairs
2026-09-04 01:13:11,032 locking 28 route-periods across 14 routes in classes ('peak_express',)
2026-09-04 01:38:42,706 solve lambda=2.0: obj=2.95554e+06 vh=2515.8/2517.2 exchanges=39
2026-09-04 01:38:42,728 truncate-023#3ef9178c6974                      seed 20260826 obj=2955539.993507 restarts=40 conv=True adm=True 1532s
2026-09-04 01:38:44,407 footpaths: 15553 links (9 from transfers.txt)
2026-09-04 01:38:44,418 raptor network: 2948 stops, 111 patterns, 15553 footpaths
2026-09-04 01:38:44,587 zones: 1397 (637 with transit access within 600 m), 3938 access links
2026-09-04 01:38:44,598 route classes: {'all_day': 25, 'peak_express': 14}
2026-09-04 01:38:44,683 evaluator pricing: common_lines=same_route (explicit)
2026-09-04 01:38:44,690 period early   : 24672 paths, 20000 OD pairs
2026-09-04 01:38:44,697 period am_peak : 28787 paths, 20000 OD pairs
2026-09-04 01:38:44,702 period midday  : 24111 paths, 20000 OD pairs
2026-09-04 01:38:44,709 period pm_peak : 28003 paths, 20000 OD pairs
2026-09-04 01:38:44,715 period evening : 24092 paths, 20000 OD pairs
2026-09-04 01:38:44,721 period owl     : 22697 paths, 20000 OD pairs
2026-09-04 01:38:44,721 locking 28 route-periods across 14 routes in classes ('peak_express',)
2026-09-04 02:05:01,057 solve lambda=2.0: obj=2.95566e+06 vh=2514.2/2517.2 exchanges=0
2026-09-04 02:05:01,080 truncate-023#3ef9178c6974                      seed 20260828 obj=2955657.333351 restarts=40 conv=True adm=True 1577s
2026-09-04 02:05:02,180 stopping cleanly: 1850s needed for truncate-032#00b89519f00f/20260825, 1187s left
2026-09-04 02:05:02,180 slice ran 2 cells
2026-09-04 02:05:05,245 3.1-stageB-esc: 7 cells remaining, 3 in this shard
2026-09-04 02:05:05,389 cache hit  baseline-a5bf710e8b2c9129 (53.2 MB, 0.1s)
2026-09-04 02:05:05,436 cache hit  raptor-51c3309f35ffd25f (0.6 MB, 0.0s)
2026-09-04 02:05:05,437 cache hit  zones-77edf71b615ba370 (0.2 MB, 0.0s)
2026-09-04 02:05:05,438 cache hit  od-ba345b9cb167aecb (0.5 MB, 0.0s)
2026-09-04 02:05:05,451 route classes: {'all_day': 25, 'peak_express': 14}
2026-09-04 02:05:06,347 footpaths: 15553 links (9 from transfers.txt)
2026-09-04 02:05:06,359 raptor network: 2948 stops, 111 patterns, 15553 footpaths
2026-09-04 02:05:06,546 zones: 1397 (637 with transit access within 600 m), 3938 access links
2026-09-04 02:05:06,557 route classes: {'all_day': 25, 'peak_express': 14}
2026-09-04 02:05:06,645 evaluator pricing: common_lines=same_route (explicit)
2026-09-04 02:05:06,653 period early   : 24700 paths, 20000 OD pairs
2026-09-04 02:05:06,660 period am_peak : 28752 paths, 20000 OD pairs
2026-09-04 02:05:06,666 period midday  : 24084 paths, 20000 OD pairs
2026-09-04 02:05:06,673 period pm_peak : 27978 paths, 20000 OD pairs
2026-09-04 02:05:06,678 period evening : 24044 paths, 20000 OD pairs
2026-09-04 02:05:06,684 period owl     : 22692 paths, 20000 OD pairs
2026-09-04 02:05:06,684 locking 28 route-periods across 14 routes in classes ('peak_express',)
2026-09-04 02:33:32,906 solve lambda=2.0: obj=2.95494e+06 vh=2516.4/2517.2 exchanges=58
2026-09-04 02:33:32,932 truncate-032#00b89519f00f                      seed 20260825 obj=2954935.577741 restarts=40 conv=True adm=True 1707s
2026-09-04 02:33:34,773 footpaths: 15553 links (9 from transfers.txt)
2026-09-04 02:33:34,785 raptor network: 2948 stops, 111 patterns, 15553 footpaths
2026-09-04 02:33:34,952 zones: 1397 (637 with transit access within 600 m), 3938 access links
2026-09-04 02:33:34,964 route classes: {'all_day': 25, 'peak_express': 14}
2026-09-04 02:33:35,054 evaluator pricing: common_lines=same_route (explicit)
2026-09-04 02:33:35,061 period early   : 24700 paths, 20000 OD pairs
2026-09-04 02:33:35,068 period am_peak : 28752 paths, 20000 OD pairs
2026-09-04 02:33:35,074 period midday  : 24084 paths, 20000 OD pairs
2026-09-04 02:33:35,080 period pm_peak : 27978 paths, 20000 OD pairs
2026-09-04 02:33:35,086 period evening : 24044 paths, 20000 OD pairs
2026-09-04 02:33:35,095 period owl     : 22692 paths, 20000 OD pairs
2026-09-04 02:33:35,096 locking 28 route-periods across 14 routes in classes ('peak_express',)
2026-09-04 03:00:22,561 solve lambda=2.0: obj=2.95496e+06 vh=2514.6/2517.2 exchanges=0
2026-09-04 03:00:22,588 truncate-032#00b89519f00f                      seed 20260827 obj=2954956.572745 restarts=40 conv=True adm=True 1608s
2026-09-04 03:00:23,957 stopping cleanly: 1850s needed for truncate-032#00b89519f00f/20260829, 981s left
2026-09-04 03:00:23,957 slice ran 2 cells
2026-09-04 03:00:27,065 3.1-stageB-esc: 3 cells remaining, 1 in this shard
2026-09-04 03:00:27,380 cache hit  baseline-a5bf710e8b2c9129 (53.2 MB, 0.3s)
2026-09-04 03:00:27,449 cache hit  raptor-51c3309f35ffd25f (0.6 MB, 0.0s)
2026-09-04 03:00:27,450 cache hit  zones-77edf71b615ba370 (0.2 MB, 0.0s)
2026-09-04 03:00:27,451 cache hit  od-ba345b9cb167aecb (0.5 MB, 0.0s)
2026-09-04 03:00:27,476 route classes: {'all_day': 25, 'peak_express': 14}
2026-09-04 03:00:28,523 footpaths: 15553 links (9 from transfers.txt)
2026-09-04 03:00:28,536 raptor network: 2948 stops, 111 patterns, 15553 footpaths
2026-09-04 03:00:28,720 zones: 1397 (637 with transit access within 600 m), 3938 access links
2026-09-04 03:00:28,733 route classes: {'all_day': 25, 'peak_express': 14}
2026-09-04 03:00:28,838 evaluator pricing: common_lines=same_route (explicit)
2026-09-04 03:00:28,846 period early   : 24700 paths, 20000 OD pairs
2026-09-04 03:00:28,854 period am_peak : 28752 paths, 20000 OD pairs
2026-09-04 03:00:28,860 period midday  : 24084 paths, 20000 OD pairs
2026-09-04 03:00:28,867 period pm_peak : 27978 paths, 20000 OD pairs
2026-09-04 03:00:28,874 period evening : 24044 paths, 20000 OD pairs
2026-09-04 03:00:28,879 period owl     : 22692 paths, 20000 OD pairs
2026-09-04 03:00:28,880 locking 28 route-periods across 14 routes in classes ('peak_express',)
2026-09-04 03:26:37,278 solve lambda=2.0: obj=2.95496e+06 vh=2514.6/2517.2 exchanges=0
2026-09-04 03:26:37,306 truncate-032#00b89519f00f                      seed 20260829 obj=2954956.572745 restarts=40 conv=True adm=True 1569s
2026-09-04 03:26:37,306 slice ran 1 cells
