2026-09-01 05:03:32,370 3.1-stageB: 199 cells remaining, 100 in this shard
2026-09-01 05:03:33,094 cache hit  baseline-a5bf710e8b2c9129 (53.2 MB, 0.7s)
2026-09-01 05:03:33,177 cache hit  raptor-51c3309f35ffd25f (0.6 MB, 0.0s)
2026-09-01 05:03:33,178 cache hit  zones-77edf71b615ba370 (0.2 MB, 0.0s)
2026-09-01 05:03:33,178 cache hit  od-ba345b9cb167aecb (0.5 MB, 0.0s)
2026-09-01 05:03:33,213 route classes: {'all_day': 25, 'peak_express': 14}
2026-09-01 05:03:35,326 footpaths: 15573 links (9 from transfers.txt)
2026-09-01 05:03:35,343 raptor network: 2949 stops, 111 patterns, 15573 footpaths
2026-09-01 05:03:35,472 zones: 1397 (637 with transit access within 600 m), 3938 access links
2026-09-01 05:03:35,480 route classes: {'all_day': 25, 'peak_express': 14}
2026-09-01 05:03:35,524 evaluator pricing: common_lines=same_route (explicit)
2026-09-01 05:03:35,530 period early   : 24668 paths, 20000 OD pairs
2026-09-01 05:03:35,536 period am_peak : 28763 paths, 20000 OD pairs
2026-09-01 05:03:35,541 period midday  : 24097 paths, 20000 OD pairs
2026-09-01 05:03:35,546 period pm_peak : 27986 paths, 20000 OD pairs
2026-09-01 05:03:35,555 period evening : 24058 paths, 20000 OD pairs
2026-09-01 05:03:35,564 period owl     : 22669 paths, 20000 OD pairs
2026-09-01 05:03:35,564 locking 28 route-periods across 14 routes in classes ('peak_express',)
2026-09-01 05:16:58,677 solve lambda=2.0: obj=2.95612e+06 vh=2515.1/2517.2 exchanges=0
2026-09-01 05:16:58,692 <none>                                         seed 20260826 obj=2956120.583955 restarts=20 conv=True adm=True 804s
2026-09-01 05:16:58,694 stopping cleanly: 1180s needed for <none>/20260828, 794s left
2026-09-01 05:16:58,694 slice ran 1 cells
2026-09-01 05:17:01,022 3.1-stageB: 197 cells remaining, 99 in this shard
2026-09-01 05:17:01,207 cache hit  baseline-a5bf710e8b2c9129 (53.2 MB, 0.2s)
2026-09-01 05:17:01,241 cache hit  raptor-51c3309f35ffd25f (0.6 MB, 0.0s)
2026-09-01 05:17:01,241 cache hit  zones-77edf71b615ba370 (0.2 MB, 0.0s)
2026-09-01 05:17:01,242 cache hit  od-ba345b9cb167aecb (0.5 MB, 0.0s)
2026-09-01 05:17:01,252 route classes: {'all_day': 25, 'peak_express': 14}
2026-09-01 05:17:01,620 footpaths: 15573 links (9 from transfers.txt)
2026-09-01 05:17:01,628 raptor network: 2949 stops, 111 patterns, 15573 footpaths
2026-09-01 05:17:01,731 zones: 1397 (637 with transit access within 600 m), 3938 access links
2026-09-01 05:17:01,739 route classes: {'all_day': 25, 'peak_express': 14}
2026-09-01 05:17:01,782 evaluator pricing: common_lines=same_route (explicit)
2026-09-01 05:17:01,822 path enumeration: 20000 OD pairs, 636 origin zones, 3 scenarios, cap 4 paths/OD
2026-09-01 05:17:50,758 rejected 94 malformed candidate paths that failed the re-pricing check
2026-09-01 05:17:50,927 path set: 24668 paths over 17388/20000 OD pairs (86.7% of flow served), 121381 legs
2026-09-01 05:17:50,967 period early   : 24668 paths, 20000 OD pairs
2026-09-01 05:17:50,979 path enumeration: 20000 OD pairs, 636 origin zones, 3 scenarios, cap 4 paths/OD
2026-09-01 05:18:46,093 rejected 73 malformed candidate paths that failed the re-pricing check
2026-09-01 05:18:46,291 path set: 28763 paths over 19278/20000 OD pairs (96.2% of flow served), 141637 legs
2026-09-01 05:18:46,343 period am_peak : 28763 paths, 20000 OD pairs
2026-09-01 05:18:46,354 path enumeration: 20000 OD pairs, 636 origin zones, 3 scenarios, cap 4 paths/OD
2026-09-01 05:19:35,945 rejected 72 malformed candidate paths that failed the re-pricing check
2026-09-01 05:19:36,070 path set: 24097 paths over 17389/20000 OD pairs (86.7% of flow served), 118697 legs
2026-09-01 05:19:36,113 period midday  : 24097 paths, 20000 OD pairs
2026-09-01 05:19:36,123 path enumeration: 20000 OD pairs, 636 origin zones, 3 scenarios, cap 4 paths/OD
2026-09-01 05:20:29,659 rejected 121 malformed candidate paths that failed the re-pricing check
2026-09-01 05:20:29,799 path set: 27986 paths over 18673/20000 OD pairs (93.6% of flow served), 139640 legs
2026-09-01 05:20:29,844 period pm_peak : 27986 paths, 20000 OD pairs
2026-09-01 05:20:29,854 path enumeration: 20000 OD pairs, 636 origin zones, 3 scenarios, cap 4 paths/OD
2026-09-01 05:21:22,179 rejected 82 malformed candidate paths that failed the re-pricing check
2026-09-01 05:21:22,315 path set: 24058 paths over 17386/20000 OD pairs (86.6% of flow served), 118267 legs
2026-09-01 05:21:22,360 period evening : 24058 paths, 20000 OD pairs
2026-09-01 05:21:22,371 path enumeration: 20000 OD pairs, 636 origin zones, 3 scenarios, cap 4 paths/OD
2026-09-01 05:22:09,489 rejected 129 malformed candidate paths that failed the re-pricing check
2026-09-01 05:22:09,607 path set: 22669 paths over 17006/20000 OD pairs (85.1% of flow served), 111737 legs
2026-09-01 05:22:09,645 period owl     : 22669 paths, 20000 OD pairs
2026-09-01 05:22:09,645 locking 28 route-periods across 14 routes in classes ('peak_express',)
2026-09-01 05:32:33,635 solve lambda=2.0: obj=2.95606e+06 vh=2515.7/2517.2 exchanges=78
2026-09-01 05:32:34,144 <none>                                         seed 20260828 obj=2956055.462380 restarts=20 conv=True adm=True 933s
2026-09-01 05:32:35,133 stopping cleanly: 760s needed for add_stop-004#27407b151153/20260825, 666s left
2026-09-01 05:32:35,134 slice ran 1 cells
2026-09-01 05:32:37,605 3.1-stageB: 196 cells remaining, 98 in this shard
2026-09-01 05:32:37,708 cache hit  baseline-a5bf710e8b2c9129 (53.2 MB, 0.1s)
2026-09-01 05:32:37,742 cache hit  raptor-51c3309f35ffd25f (0.6 MB, 0.0s)
2026-09-01 05:32:37,742 cache hit  zones-77edf71b615ba370 (0.2 MB, 0.0s)
2026-09-01 05:32:37,743 cache hit  od-ba345b9cb167aecb (0.5 MB, 0.0s)
2026-09-01 05:32:37,757 route classes: {'all_day': 25, 'peak_express': 14}
2026-09-01 05:32:38,279 footpaths: 15573 links (9 from transfers.txt)
2026-09-01 05:32:38,288 raptor network: 2949 stops, 111 patterns, 15573 footpaths
2026-09-01 05:32:38,393 zones: 1397 (637 with transit access within 600 m), 3938 access links
2026-09-01 05:32:38,401 route classes: {'all_day': 25, 'peak_express': 14}
2026-09-01 05:32:38,459 evaluator pricing: common_lines=same_route (explicit)
2026-09-01 05:32:38,465 period early   : 24674 paths, 20000 OD pairs
2026-09-01 05:32:38,472 period am_peak : 28749 paths, 20000 OD pairs
2026-09-01 05:32:38,477 period midday  : 24078 paths, 20000 OD pairs
2026-09-01 05:32:38,483 period pm_peak : 27955 paths, 20000 OD pairs
2026-09-01 05:32:38,489 period evening : 24047 paths, 20000 OD pairs
2026-09-01 05:32:38,497 period owl     : 22648 paths, 20000 OD pairs
2026-09-01 05:32:38,498 locking 28 route-periods across 14 routes in classes ('peak_express',)
2026-09-01 05:32:38,528      incumbent rescaled x1.0000
2026-09-01 05:43:08,281 solve lambda=2.0: obj=2.95561e+06 vh=2515.2/2517.2 exchanges=0
2026-09-01 05:43:08,303 add_stop-004#27407b151153                      seed 20260825 obj=2955607.448265 restarts=20 conv=True adm=True 630s
2026-09-01 05:43:08,305 stopping cleanly: 1180s needed for add_stop-004#27407b151153/20260827, 969s left
2026-09-01 05:43:08,305 slice ran 1 cells
2026-09-01 05:43:10,853 3.1-stageB: 194 cells remaining, 97 in this shard
2026-09-01 05:43:10,953 cache hit  baseline-a5bf710e8b2c9129 (53.2 MB, 0.1s)
2026-09-01 05:43:10,988 cache hit  raptor-51c3309f35ffd25f (0.6 MB, 0.0s)
2026-09-01 05:43:10,988 cache hit  zones-77edf71b615ba370 (0.2 MB, 0.0s)
2026-09-01 05:43:10,989 cache hit  od-ba345b9cb167aecb (0.5 MB, 0.0s)
2026-09-01 05:43:11,000 route classes: {'all_day': 25, 'peak_express': 14}
2026-09-01 05:43:11,399 footpaths: 15573 links (9 from transfers.txt)
2026-09-01 05:43:11,407 raptor network: 2949 stops, 111 patterns, 15573 footpaths
2026-09-01 05:43:11,523 zones: 1397 (637 with transit access within 600 m), 3938 access links
2026-09-01 05:43:11,531 route classes: {'all_day': 25, 'peak_express': 14}
2026-09-01 05:43:11,596 evaluator pricing: common_lines=same_route (explicit)
2026-09-01 05:43:11,639 path enumeration: 20000 OD pairs, 636 origin zones, 3 scenarios, cap 4 paths/OD
2026-09-01 05:44:00,655 rejected 94 malformed candidate paths that failed the re-pricing check
2026-09-01 05:44:00,741 path set: 24674 paths over 17388/20000 OD pairs (86.7% of flow served), 121380 legs
2026-09-01 05:44:00,782 period early   : 24674 paths, 20000 OD pairs
2026-09-01 05:44:00,793 path enumeration: 20000 OD pairs, 636 origin zones, 3 scenarios, cap 4 paths/OD
2026-09-01 05:44:55,510 rejected 73 malformed candidate paths that failed the re-pricing check
2026-09-01 05:44:55,666 path set: 28749 paths over 19278/20000 OD pairs (96.2% of flow served), 141548 legs
2026-09-01 05:44:55,714 period am_peak : 28749 paths, 20000 OD pairs
2026-09-01 05:44:55,724 path enumeration: 20000 OD pairs, 636 origin zones, 3 scenarios, cap 4 paths/OD
2026-09-01 05:45:45,268 rejected 72 malformed candidate paths that failed the re-pricing check
2026-09-01 05:45:45,420 path set: 24078 paths over 17389/20000 OD pairs (86.7% of flow served), 118568 legs
2026-09-01 05:45:45,463 period midday  : 24078 paths, 20000 OD pairs
2026-09-01 05:45:45,477 path enumeration: 20000 OD pairs, 636 origin zones, 3 scenarios, cap 4 paths/OD
2026-09-01 05:46:39,537 rejected 121 malformed candidate paths that failed the re-pricing check
2026-09-01 05:46:39,692 path set: 27955 paths over 18673/20000 OD pairs (93.6% of flow served), 139435 legs
2026-09-01 05:46:39,740 period pm_peak : 27955 paths, 20000 OD pairs
2026-09-01 05:46:39,750 path enumeration: 20000 OD pairs, 636 origin zones, 3 scenarios, cap 4 paths/OD
2026-09-01 05:47:32,165 rejected 82 malformed candidate paths that failed the re-pricing check
2026-09-01 05:47:32,244 path set: 24047 paths over 17386/20000 OD pairs (86.6% of flow served), 118156 legs
2026-09-01 05:47:32,285 period evening : 24047 paths, 20000 OD pairs
2026-09-01 05:47:32,295 path enumeration: 20000 OD pairs, 636 origin zones, 3 scenarios, cap 4 paths/OD
2026-09-01 05:48:20,916 rejected 129 malformed candidate paths that failed the re-pricing check
2026-09-01 05:48:20,989 path set: 22648 paths over 17006/20000 OD pairs (85.1% of flow served), 111587 legs
2026-09-01 05:48:21,026 period owl     : 22648 paths, 20000 OD pairs
2026-09-01 05:48:21,027 locking 28 route-periods across 14 routes in classes ('peak_express',)
2026-09-01 05:48:21,059      incumbent rescaled x1.0000
2026-09-01 05:58:10,793 solve lambda=2.0: obj=2.95523e+06 vh=2516.6/2517.2 exchanges=34
2026-09-01 05:58:11,261 add_stop-004#27407b151153                      seed 20260827 obj=2955227.768912 restarts=20 conv=True adm=True 900s
2026-09-01 05:58:11,265 stopping cleanly: 1180s needed for add_stop-004#27407b151153/20260829, 700s left
2026-09-01 05:58:11,265 slice ran 1 cells
2026-09-01 05:58:13,612 3.1-stageB: 192 cells remaining, 96 in this shard
2026-09-01 05:58:13,700 cache hit  baseline-a5bf710e8b2c9129 (53.2 MB, 0.1s)
2026-09-01 05:58:13,735 cache hit  raptor-51c3309f35ffd25f (0.6 MB, 0.0s)
2026-09-01 05:58:13,736 cache hit  zones-77edf71b615ba370 (0.2 MB, 0.0s)
2026-09-01 05:58:13,737 cache hit  od-ba345b9cb167aecb (0.5 MB, 0.0s)
2026-09-01 05:58:13,756 route classes: {'all_day': 25, 'peak_express': 14}
2026-09-01 05:58:14,170 footpaths: 15573 links (9 from transfers.txt)
2026-09-01 05:58:14,178 raptor network: 2949 stops, 111 patterns, 15573 footpaths
2026-09-01 05:58:14,294 zones: 1397 (637 with transit access within 600 m), 3938 access links
2026-09-01 05:58:14,305 route classes: {'all_day': 25, 'peak_express': 14}
2026-09-01 05:58:14,368 evaluator pricing: common_lines=same_route (explicit)
2026-09-01 05:58:14,413 path enumeration: 20000 OD pairs, 636 origin zones, 3 scenarios, cap 4 paths/OD
2026-09-01 05:59:03,167 rejected 94 malformed candidate paths that failed the re-pricing check
2026-09-01 05:59:03,254 path set: 24674 paths over 17388/20000 OD pairs (86.7% of flow served), 121380 legs
2026-09-01 05:59:03,292 period early   : 24674 paths, 20000 OD pairs
2026-09-01 05:59:03,303 path enumeration: 20000 OD pairs, 636 origin zones, 3 scenarios, cap 4 paths/OD
2026-09-01 05:59:58,157 rejected 73 malformed candidate paths that failed the re-pricing check
2026-09-01 05:59:58,256 path set: 28749 paths over 19278/20000 OD pairs (96.2% of flow served), 141548 legs
2026-09-01 05:59:58,302 period am_peak : 28749 paths, 20000 OD pairs
2026-09-01 05:59:58,312 path enumeration: 20000 OD pairs, 636 origin zones, 3 scenarios, cap 4 paths/OD
2026-09-01 06:00:47,624 rejected 72 malformed candidate paths that failed the re-pricing check
2026-09-01 06:00:47,716 path set: 24078 paths over 17389/20000 OD pairs (86.7% of flow served), 118568 legs
2026-09-01 06:00:47,755 period midday  : 24078 paths, 20000 OD pairs
2026-09-01 06:00:47,765 path enumeration: 20000 OD pairs, 636 origin zones, 3 scenarios, cap 4 paths/OD
2026-09-01 06:01:41,517 rejected 121 malformed candidate paths that failed the re-pricing check
2026-09-01 06:01:41,641 path set: 27955 paths over 18673/20000 OD pairs (93.6% of flow served), 139435 legs
2026-09-01 06:01:41,690 period pm_peak : 27955 paths, 20000 OD pairs
2026-09-01 06:01:41,701 path enumeration: 20000 OD pairs, 636 origin zones, 3 scenarios, cap 4 paths/OD
2026-09-01 06:02:34,077 rejected 82 malformed candidate paths that failed the re-pricing check
2026-09-01 06:02:34,201 path set: 24047 paths over 17386/20000 OD pairs (86.6% of flow served), 118156 legs
2026-09-01 06:02:34,242 period evening : 24047 paths, 20000 OD pairs
2026-09-01 06:02:34,253 path enumeration: 20000 OD pairs, 636 origin zones, 3 scenarios, cap 4 paths/OD
2026-09-01 06:03:21,683 rejected 129 malformed candidate paths that failed the re-pricing check
2026-09-01 06:03:21,770 path set: 22648 paths over 17006/20000 OD pairs (85.1% of flow served), 111587 legs
2026-09-01 06:03:21,808 period owl     : 22648 paths, 20000 OD pairs
2026-09-01 06:03:21,808 locking 28 route-periods across 14 routes in classes ('peak_express',)
2026-09-01 06:03:21,839      incumbent rescaled x1.0000
2026-09-01 06:13:16,734 solve lambda=2.0: obj=2.95549e+06 vh=2515.9/2517.2 exchanges=42
2026-09-01 06:13:17,159 add_stop-004#27407b151153                      seed 20260829 obj=2955493.547046 restarts=20 conv=True adm=True 903s
2026-09-01 06:13:17,161 stopping cleanly: 1180s needed for add_stop-006#9aecfd5100eb/20260826, 696s left
2026-09-01 06:13:17,161 slice ran 1 cells
2026-09-01 06:13:19,665 3.1-stageB: 189 cells remaining, 95 in this shard
2026-09-01 06:13:19,753 cache hit  baseline-a5bf710e8b2c9129 (53.2 MB, 0.1s)
2026-09-01 06:13:19,799 cache hit  raptor-51c3309f35ffd25f (0.6 MB, 0.0s)
2026-09-01 06:13:19,800 cache hit  zones-77edf71b615ba370 (0.2 MB, 0.0s)
2026-09-01 06:13:19,801 cache hit  od-ba345b9cb167aecb (0.5 MB, 0.0s)
2026-09-01 06:13:19,821 route classes: {'all_day': 25, 'peak_express': 14}
2026-09-01 06:13:20,234 footpaths: 15573 links (9 from transfers.txt)
2026-09-01 06:13:20,242 raptor network: 2949 stops, 111 patterns, 15573 footpaths
2026-09-01 06:13:20,356 zones: 1397 (637 with transit access within 600 m), 3938 access links
2026-09-01 06:13:20,364 route classes: {'all_day': 25, 'peak_express': 14}
2026-09-01 06:13:20,431 evaluator pricing: common_lines=same_route (explicit)
2026-09-01 06:13:20,476 path enumeration: 20000 OD pairs, 636 origin zones, 3 scenarios, cap 4 paths/OD
2026-09-01 06:14:09,126 rejected 94 malformed candidate paths that failed the re-pricing check
2026-09-01 06:14:09,208 path set: 24680 paths over 17388/20000 OD pairs (86.7% of flow served), 121445 legs
2026-09-01 06:14:09,245 period early   : 24680 paths, 20000 OD pairs
2026-09-01 06:14:09,255 path enumeration: 20000 OD pairs, 636 origin zones, 3 scenarios, cap 4 paths/OD
2026-09-01 06:15:04,571 rejected 73 malformed candidate paths that failed the re-pricing check
2026-09-01 06:15:04,676 path set: 28765 paths over 19278/20000 OD pairs (96.2% of flow served), 141665 legs
2026-09-01 06:15:04,726 period am_peak : 28765 paths, 20000 OD pairs
2026-09-01 06:15:04,737 path enumeration: 20000 OD pairs, 636 origin zones, 3 scenarios, cap 4 paths/OD
2026-09-01 06:15:54,440 rejected 72 malformed candidate paths that failed the re-pricing check
2026-09-01 06:15:54,528 path set: 24098 paths over 17389/20000 OD pairs (86.7% of flow served), 118706 legs
2026-09-01 06:15:54,569 period midday  : 24098 paths, 20000 OD pairs
2026-09-01 06:15:54,579 path enumeration: 20000 OD pairs, 636 origin zones, 3 scenarios, cap 4 paths/OD
2026-09-01 06:16:49,605 rejected 121 malformed candidate paths that failed the re-pricing check
2026-09-01 06:16:49,736 path set: 27984 paths over 18673/20000 OD pairs (93.6% of flow served), 139644 legs
2026-09-01 06:16:49,791 period pm_peak : 27984 paths, 20000 OD pairs
2026-09-01 06:16:49,802 path enumeration: 20000 OD pairs, 636 origin zones, 3 scenarios, cap 4 paths/OD
2026-09-01 06:17:41,986 rejected 82 malformed candidate paths that failed the re-pricing check
2026-09-01 06:17:42,131 path set: 24058 paths over 17386/20000 OD pairs (86.6% of flow served), 118274 legs
2026-09-01 06:17:42,173 period evening : 24058 paths, 20000 OD pairs
2026-09-01 06:17:42,184 path enumeration: 20000 OD pairs, 636 origin zones, 3 scenarios, cap 4 paths/OD
2026-09-01 06:18:30,418 rejected 129 malformed candidate paths that failed the re-pricing check
2026-09-01 06:18:30,550 path set: 22669 paths over 17006/20000 OD pairs (85.1% of flow served), 111737 legs
2026-09-01 06:18:30,591 period owl     : 22669 paths, 20000 OD pairs
2026-09-01 06:18:30,591 locking 28 route-periods across 14 routes in classes ('peak_express',)
2026-09-01 06:28:33,388 solve lambda=2.0: obj=2.95553e+06 vh=2516.1/2517.2 exchanges=45
2026-09-01 06:28:33,728 add_stop-006#9aecfd5100eb                      seed 20260826 obj=2955531.671693 restarts=20 conv=True adm=True 914s
2026-09-01 06:28:33,730 stopping cleanly: 1180s needed for add_stop-006#9aecfd5100eb/20260828, 686s left
2026-09-01 06:28:33,730 slice ran 1 cells
2026-09-01 06:28:36,293 3.1-stageB: 187 cells remaining, 94 in this shard
2026-09-01 06:28:36,386 cache hit  baseline-a5bf710e8b2c9129 (53.2 MB, 0.1s)
2026-09-01 06:28:36,430 cache hit  raptor-51c3309f35ffd25f (0.6 MB, 0.0s)
2026-09-01 06:28:36,430 cache hit  zones-77edf71b615ba370 (0.2 MB, 0.0s)
2026-09-01 06:28:36,431 cache hit  od-ba345b9cb167aecb (0.5 MB, 0.0s)
2026-09-01 06:28:36,450 route classes: {'all_day': 25, 'peak_express': 14}
2026-09-01 06:28:36,883 footpaths: 15573 links (9 from transfers.txt)
2026-09-01 06:28:36,892 raptor network: 2949 stops, 111 patterns, 15573 footpaths
2026-09-01 06:28:37,014 zones: 1397 (637 with transit access within 600 m), 3938 access links
2026-09-01 06:28:37,023 route classes: {'all_day': 25, 'peak_express': 14}
2026-09-01 06:28:37,093 evaluator pricing: common_lines=same_route (explicit)
2026-09-01 06:28:37,139 path enumeration: 20000 OD pairs, 636 origin zones, 3 scenarios, cap 4 paths/OD
2026-09-01 06:29:26,074 rejected 94 malformed candidate paths that failed the re-pricing check
2026-09-01 06:29:26,159 path set: 24680 paths over 17388/20000 OD pairs (86.7% of flow served), 121445 legs
2026-09-01 06:29:26,198 period early   : 24680 paths, 20000 OD pairs
2026-09-01 06:29:26,207 path enumeration: 20000 OD pairs, 636 origin zones, 3 scenarios, cap 4 paths/OD
2026-09-01 06:30:18,485 rejected 73 malformed candidate paths that failed the re-pricing check
2026-09-01 06:30:18,592 path set: 28765 paths over 19278/20000 OD pairs (96.2% of flow served), 141665 legs
2026-09-01 06:30:18,648 period am_peak : 28765 paths, 20000 OD pairs
2026-09-01 06:30:18,660 path enumeration: 20000 OD pairs, 636 origin zones, 3 scenarios, cap 4 paths/OD
2026-09-01 06:31:05,513 rejected 72 malformed candidate paths that failed the re-pricing check
2026-09-01 06:31:05,596 path set: 24098 paths over 17389/20000 OD pairs (86.7% of flow served), 118706 legs
2026-09-01 06:31:05,635 period midday  : 24098 paths, 20000 OD pairs
2026-09-01 06:31:05,645 path enumeration: 20000 OD pairs, 636 origin zones, 3 scenarios, cap 4 paths/OD
2026-09-01 06:31:55,921 rejected 121 malformed candidate paths that failed the re-pricing check
2026-09-01 06:31:56,009 path set: 27984 paths over 18673/20000 OD pairs (93.6% of flow served), 139644 legs
2026-09-01 06:31:56,053 period pm_peak : 27984 paths, 20000 OD pairs
2026-09-01 06:31:56,063 path enumeration: 20000 OD pairs, 636 origin zones, 3 scenarios, cap 4 paths/OD
2026-09-01 06:32:46,075 rejected 82 malformed candidate paths that failed the re-pricing check
2026-09-01 06:32:46,183 path set: 24058 paths over 17386/20000 OD pairs (86.6% of flow served), 118274 legs
2026-09-01 06:32:46,224 period evening : 24058 paths, 20000 OD pairs
2026-09-01 06:32:46,235 path enumeration: 20000 OD pairs, 636 origin zones, 3 scenarios, cap 4 paths/OD
2026-09-01 06:33:32,298 rejected 129 malformed candidate paths that failed the re-pricing check
2026-09-01 06:33:32,413 path set: 22669 paths over 17006/20000 OD pairs (85.1% of flow served), 111737 legs
2026-09-01 06:33:32,453 period owl     : 22669 paths, 20000 OD pairs
2026-09-01 06:33:32,453 locking 28 route-periods across 14 routes in classes ('peak_express',)
2026-09-01 06:43:21,065 solve lambda=2.0: obj=2.9556e+06 vh=2514.5/2517.2 exchanges=0
2026-09-01 06:43:21,437 add_stop-006#9aecfd5100eb                      seed 20260828 obj=2955599.789507 restarts=20 conv=True adm=True 885s
2026-09-01 06:43:22,723 stopping cleanly: 760s needed for add_stop-007#02161399a599/20260825, 714s left
2026-09-01 06:43:22,723 slice ran 1 cells
2026-09-01 06:43:25,184 3.1-stageB: 185 cells remaining, 93 in this shard
2026-09-01 06:43:25,269 cache hit  baseline-a5bf710e8b2c9129 (53.2 MB, 0.1s)
2026-09-01 06:43:25,313 cache hit  raptor-51c3309f35ffd25f (0.6 MB, 0.0s)
2026-09-01 06:43:25,313 cache hit  zones-77edf71b615ba370 (0.2 MB, 0.0s)
2026-09-01 06:43:25,314 cache hit  od-ba345b9cb167aecb (0.5 MB, 0.0s)
2026-09-01 06:43:25,332 route classes: {'all_day': 25, 'peak_express': 14}
2026-09-01 06:43:25,835 footpaths: 15573 links (9 from transfers.txt)
2026-09-01 06:43:25,843 raptor network: 2949 stops, 111 patterns, 15573 footpaths
2026-09-01 06:43:25,956 zones: 1397 (637 with transit access within 600 m), 3938 access links
2026-09-01 06:43:25,965 route classes: {'all_day': 25, 'peak_express': 14}
2026-09-01 06:43:26,026 evaluator pricing: common_lines=same_route (explicit)
2026-09-01 06:43:26,033 period early   : 24673 paths, 20000 OD pairs
2026-09-01 06:43:26,039 period am_peak : 28768 paths, 20000 OD pairs
2026-09-01 06:43:26,044 period midday  : 24094 paths, 20000 OD pairs
2026-09-01 06:43:26,050 period pm_peak : 27982 paths, 20000 OD pairs
2026-09-01 06:43:26,055 period evening : 24032 paths, 20000 OD pairs
2026-09-01 06:43:26,060 period owl     : 22664 paths, 20000 OD pairs
2026-09-01 06:43:26,060 locking 28 route-periods across 14 routes in classes ('peak_express',)
2026-09-01 06:53:13,813 solve lambda=2.0: obj=2.95436e+06 vh=2515.7/2517.2 exchanges=36
2026-09-01 06:53:13,832 add_stop-007#02161399a599                      seed 20260825 obj=2954361.794148 restarts=20 conv=True adm=True 588s
2026-09-01 06:53:13,833 stopping cleanly: 1180s needed for add_stop-007#02161399a599/20260827, 1011s left
2026-09-01 06:53:13,834 slice ran 1 cells
2026-09-01 06:53:16,230 3.1-stageB: 184 cells remaining, 92 in this shard
2026-09-01 06:53:16,337 cache hit  baseline-a5bf710e8b2c9129 (53.2 MB, 0.1s)
2026-09-01 06:53:16,378 cache hit  raptor-51c3309f35ffd25f (0.6 MB, 0.0s)
2026-09-01 06:53:16,378 cache hit  zones-77edf71b615ba370 (0.2 MB, 0.0s)
2026-09-01 06:53:16,379 cache hit  od-ba345b9cb167aecb (0.5 MB, 0.0s)
2026-09-01 06:53:16,396 route classes: {'all_day': 25, 'peak_express': 14}
2026-09-01 06:53:16,802 footpaths: 15573 links (9 from transfers.txt)
2026-09-01 06:53:16,811 raptor network: 2949 stops, 111 patterns, 15573 footpaths
2026-09-01 06:53:16,922 zones: 1397 (637 with transit access within 600 m), 3938 access links
2026-09-01 06:53:16,931 route classes: {'all_day': 25, 'peak_express': 14}
2026-09-01 06:53:16,998 evaluator pricing: common_lines=same_route (explicit)
2026-09-01 06:53:17,053 path enumeration: 20000 OD pairs, 636 origin zones, 3 scenarios, cap 4 paths/OD
2026-09-01 06:54:06,669 rejected 94 malformed candidate paths that failed the re-pricing check
2026-09-01 06:54:06,754 path set: 24673 paths over 17388/20000 OD pairs (86.7% of flow served), 121381 legs
2026-09-01 06:54:06,793 period early   : 24673 paths, 20000 OD pairs
2026-09-01 06:54:06,803 path enumeration: 20000 OD pairs, 636 origin zones, 3 scenarios, cap 4 paths/OD
2026-09-01 06:55:04,102 rejected 73 malformed candidate paths that failed the re-pricing check
2026-09-01 06:55:04,230 path set: 28768 paths over 19278/20000 OD pairs (96.2% of flow served), 141653 legs
2026-09-01 06:55:04,291 period am_peak : 28768 paths, 20000 OD pairs
2026-09-01 06:55:04,302 path enumeration: 20000 OD pairs, 636 origin zones, 3 scenarios, cap 4 paths/OD
2026-09-01 06:55:55,088 rejected 71 malformed candidate paths that failed the re-pricing check
2026-09-01 06:55:55,216 path set: 24094 paths over 17389/20000 OD pairs (86.7% of flow served), 118671 legs
2026-09-01 06:55:55,259 period midday  : 24094 paths, 20000 OD pairs
2026-09-01 06:55:55,269 path enumeration: 20000 OD pairs, 636 origin zones, 3 scenarios, cap 4 paths/OD
2026-09-01 06:56:51,519 rejected 121 malformed candidate paths that failed the re-pricing check
2026-09-01 06:56:51,681 path set: 27982 paths over 18673/20000 OD pairs (93.6% of flow served), 139604 legs
2026-09-01 06:56:51,737 period pm_peak : 27982 paths, 20000 OD pairs
2026-09-01 06:56:51,749 path enumeration: 20000 OD pairs, 636 origin zones, 3 scenarios, cap 4 paths/OD
2026-09-01 06:57:45,349 rejected 81 malformed candidate paths that failed the re-pricing check
2026-09-01 06:57:45,432 path set: 24032 paths over 17386/20000 OD pairs (86.6% of flow served), 118131 legs
2026-09-01 06:57:45,476 period evening : 24032 paths, 20000 OD pairs
2026-09-01 06:57:45,486 path enumeration: 20000 OD pairs, 636 origin zones, 3 scenarios, cap 4 paths/OD
2026-09-01 06:58:34,477 rejected 129 malformed candidate paths that failed the re-pricing check
2026-09-01 06:58:34,558 path set: 22664 paths over 17006/20000 OD pairs (85.1% of flow served), 111698 legs
2026-09-01 06:58:34,604 period owl     : 22664 paths, 20000 OD pairs
2026-09-01 06:58:34,605 locking 28 route-periods across 14 routes in classes ('peak_express',)
2026-09-01 07:08:41,029 solve lambda=2.0: obj=2.95428e+06 vh=2515.9/2517.2 exchanges=55
2026-09-01 07:08:41,583 add_stop-007#02161399a599                      seed 20260827 obj=2954278.281939 restarts=20 conv=True adm=True 925s
2026-09-01 07:08:41,586 stopping cleanly: 1180s needed for add_stop-007#02161399a599/20260829, 675s left
2026-09-01 07:08:41,586 slice ran 1 cells
2026-09-01 07:08:44,165 3.1-stageB: 182 cells remaining, 91 in this shard
2026-09-01 07:08:44,268 cache hit  baseline-a5bf710e8b2c9129 (53.2 MB, 0.1s)
2026-09-01 07:08:44,313 cache hit  raptor-51c3309f35ffd25f (0.6 MB, 0.0s)
2026-09-01 07:08:44,314 cache hit  zones-77edf71b615ba370 (0.2 MB, 0.0s)
2026-09-01 07:08:44,315 cache hit  od-ba345b9cb167aecb (0.5 MB, 0.0s)
2026-09-01 07:08:44,334 route classes: {'all_day': 25, 'peak_express': 14}
2026-09-01 07:08:44,732 footpaths: 15573 links (9 from transfers.txt)
2026-09-01 07:08:44,741 raptor network: 2949 stops, 111 patterns, 15573 footpaths
2026-09-01 07:08:44,853 zones: 1397 (637 with transit access within 600 m), 3938 access links
2026-09-01 07:08:44,862 route classes: {'all_day': 25, 'peak_express': 14}
2026-09-01 07:08:44,925 evaluator pricing: common_lines=same_route (explicit)
2026-09-01 07:08:44,969 path enumeration: 20000 OD pairs, 636 origin zones, 3 scenarios, cap 4 paths/OD
2026-09-01 07:09:34,801 rejected 94 malformed candidate paths that failed the re-pricing check
2026-09-01 07:09:34,890 path set: 24673 paths over 17388/20000 OD pairs (86.7% of flow served), 121381 legs
2026-09-01 07:09:34,937 period early   : 24673 paths, 20000 OD pairs
2026-09-01 07:09:34,947 path enumeration: 20000 OD pairs, 636 origin zones, 3 scenarios, cap 4 paths/OD
2026-09-01 07:10:30,754 rejected 73 malformed candidate paths that failed the re-pricing check
2026-09-01 07:10:30,865 path set: 28768 paths over 19278/20000 OD pairs (96.2% of flow served), 141653 legs
2026-09-01 07:10:30,924 period am_peak : 28768 paths, 20000 OD pairs
2026-09-01 07:10:30,935 path enumeration: 20000 OD pairs, 636 origin zones, 3 scenarios, cap 4 paths/OD
2026-09-01 07:11:21,161 rejected 71 malformed candidate paths that failed the re-pricing check
2026-09-01 07:11:21,250 path set: 24094 paths over 17389/20000 OD pairs (86.7% of flow served), 118671 legs
2026-09-01 07:11:21,292 period midday  : 24094 paths, 20000 OD pairs
2026-09-01 07:11:21,302 path enumeration: 20000 OD pairs, 636 origin zones, 3 scenarios, cap 4 paths/OD
2026-09-01 07:12:15,949 rejected 121 malformed candidate paths that failed the re-pricing check
2026-09-01 07:12:16,059 path set: 27982 paths over 18673/20000 OD pairs (93.6% of flow served), 139604 legs
2026-09-01 07:12:16,112 period pm_peak : 27982 paths, 20000 OD pairs
2026-09-01 07:12:16,124 path enumeration: 20000 OD pairs, 636 origin zones, 3 scenarios, cap 4 paths/OD
2026-09-01 07:13:10,749 rejected 81 malformed candidate paths that failed the re-pricing check
2026-09-01 07:13:10,864 path set: 24032 paths over 17386/20000 OD pairs (86.6% of flow served), 118131 legs
2026-09-01 07:13:10,905 period evening : 24032 paths, 20000 OD pairs
2026-09-01 07:13:10,915 path enumeration: 20000 OD pairs, 636 origin zones, 3 scenarios, cap 4 paths/OD
2026-09-01 07:14:00,024 rejected 129 malformed candidate paths that failed the re-pricing check
2026-09-01 07:14:00,099 path set: 22664 paths over 17006/20000 OD pairs (85.1% of flow served), 111698 legs
2026-09-01 07:14:00,136 period owl     : 22664 paths, 20000 OD pairs
2026-09-01 07:14:00,136 locking 28 route-periods across 14 routes in classes ('peak_express',)
2026-09-01 07:24:45,253 solve lambda=2.0: obj=2.9544e+06 vh=2514.6/2517.2 exchanges=0
2026-09-01 07:24:45,580 add_stop-007#02161399a599                      seed 20260829 obj=2954400.104347 restarts=20 conv=True adm=True 961s
2026-09-01 07:24:45,582 stopping cleanly: 1180s needed for add_stop-008#f178c37040f5/20260826, 639s left
2026-09-01 07:24:45,582 slice ran 1 cells
2026-09-01 07:24:47,988 3.1-stageB: 179 cells remaining, 90 in this shard
2026-09-01 07:24:48,073 cache hit  baseline-a5bf710e8b2c9129 (53.2 MB, 0.1s)
2026-09-01 07:24:48,115 cache hit  raptor-51c3309f35ffd25f (0.6 MB, 0.0s)
2026-09-01 07:24:48,119 cache hit  zones-77edf71b615ba370 (0.2 MB, 0.0s)
2026-09-01 07:24:48,120 cache hit  od-ba345b9cb167aecb (0.5 MB, 0.0s)
2026-09-01 07:24:48,138 route classes: {'all_day': 25, 'peak_express': 14}
2026-09-01 07:24:48,542 footpaths: 15573 links (9 from transfers.txt)
2026-09-01 07:24:48,551 raptor network: 2949 stops, 111 patterns, 15573 footpaths
2026-09-01 07:24:48,659 zones: 1397 (637 with transit access within 600 m), 3938 access links
2026-09-01 07:24:48,668 route classes: {'all_day': 25, 'peak_express': 14}
2026-09-01 07:24:48,729 evaluator pricing: common_lines=same_route (explicit)
2026-09-01 07:24:48,771 path enumeration: 20000 OD pairs, 636 origin zones, 3 scenarios, cap 4 paths/OD
2026-09-01 07:25:37,983 rejected 94 malformed candidate paths that failed the re-pricing check
2026-09-01 07:25:38,066 path set: 24665 paths over 17388/20000 OD pairs (86.7% of flow served), 121297 legs
2026-09-01 07:25:38,105 period early   : 24665 paths, 20000 OD pairs
2026-09-01 07:25:38,115 path enumeration: 20000 OD pairs, 636 origin zones, 3 scenarios, cap 4 paths/OD
2026-09-01 07:26:34,289 rejected 73 malformed candidate paths that failed the re-pricing check
2026-09-01 07:26:34,399 path set: 28762 paths over 19278/20000 OD pairs (96.2% of flow served), 141575 legs
2026-09-01 07:26:34,458 period am_peak : 28762 paths, 20000 OD pairs
2026-09-01 07:26:34,469 path enumeration: 20000 OD pairs, 636 origin zones, 3 scenarios, cap 4 paths/OD
2026-09-01 07:27:25,160 rejected 72 malformed candidate paths that failed the re-pricing check
2026-09-01 07:27:25,239 path set: 24099 paths over 17389/20000 OD pairs (86.7% of flow served), 118647 legs
2026-09-01 07:27:25,280 period midday  : 24099 paths, 20000 OD pairs
2026-09-01 07:27:25,292 path enumeration: 20000 OD pairs, 636 origin zones, 3 scenarios, cap 4 paths/OD
2026-09-01 07:28:19,408 rejected 121 malformed candidate paths that failed the re-pricing check
2026-09-01 07:28:19,506 path set: 27989 paths over 18673/20000 OD pairs (93.6% of flow served), 139604 legs
2026-09-01 07:28:19,557 period pm_peak : 27989 paths, 20000 OD pairs
2026-09-01 07:28:19,569 path enumeration: 20000 OD pairs, 636 origin zones, 3 scenarios, cap 4 paths/OD
2026-09-01 07:29:12,881 rejected 82 malformed candidate paths that failed the re-pricing check
2026-09-01 07:29:12,963 path set: 24057 paths over 17386/20000 OD pairs (86.6% of flow served), 118198 legs
2026-09-01 07:29:13,005 period evening : 24057 paths, 20000 OD pairs
2026-09-01 07:29:13,015 path enumeration: 20000 OD pairs, 636 origin zones, 3 scenarios, cap 4 paths/OD
2026-09-01 07:30:01,824 rejected 127 malformed candidate paths that failed the re-pricing check
2026-09-01 07:30:01,940 path set: 22669 paths over 17006/20000 OD pairs (85.1% of flow served), 111677 legs
2026-09-01 07:30:01,981 period owl     : 22669 paths, 20000 OD pairs
2026-09-01 07:30:01,981 locking 28 route-periods across 14 routes in classes ('peak_express',)
2026-09-01 07:40:04,146 solve lambda=2.0: obj=2.95588e+06 vh=2514.7/2517.2 exchanges=0
2026-09-01 07:40:04,443 add_stop-008#f178c37040f5                      seed 20260826 obj=2955879.486053 restarts=20 conv=True adm=True 916s
2026-09-01 07:40:04,445 stopping cleanly: 1180s needed for add_stop-008#f178c37040f5/20260828, 684s left
2026-09-01 07:40:04,445 slice ran 1 cells
2026-09-01 07:40:06,917 3.1-stageB: 177 cells remaining, 89 in this shard
2026-09-01 07:40:07,005 cache hit  baseline-a5bf710e8b2c9129 (53.2 MB, 0.1s)
2026-09-01 07:40:07,049 cache hit  raptor-51c3309f35ffd25f (0.6 MB, 0.0s)
2026-09-01 07:40:07,049 cache hit  zones-77edf71b615ba370 (0.2 MB, 0.0s)
2026-09-01 07:40:07,050 cache hit  od-ba345b9cb167aecb (0.5 MB, 0.0s)
2026-09-01 07:40:07,070 route classes: {'all_day': 25, 'peak_express': 14}
2026-09-01 07:40:07,480 footpaths: 15573 links (9 from transfers.txt)
2026-09-01 07:40:07,489 raptor network: 2949 stops, 111 patterns, 15573 footpaths
2026-09-01 07:40:07,596 zones: 1397 (637 with transit access within 600 m), 3938 access links
2026-09-01 07:40:07,605 route classes: {'all_day': 25, 'peak_express': 14}
2026-09-01 07:40:07,665 evaluator pricing: common_lines=same_route (explicit)
2026-09-01 07:40:07,707 path enumeration: 20000 OD pairs, 636 origin zones, 3 scenarios, cap 4 paths/OD
2026-09-01 07:40:58,591 rejected 94 malformed candidate paths that failed the re-pricing check
2026-09-01 07:40:58,684 path set: 24665 paths over 17388/20000 OD pairs (86.7% of flow served), 121297 legs
2026-09-01 07:40:58,731 period early   : 24665 paths, 20000 OD pairs
2026-09-01 07:40:58,742 path enumeration: 20000 OD pairs, 636 origin zones, 3 scenarios, cap 4 paths/OD
2026-09-01 07:41:54,258 rejected 73 malformed candidate paths that failed the re-pricing check
2026-09-01 07:41:54,358 path set: 28762 paths over 19278/20000 OD pairs (96.2% of flow served), 141575 legs
2026-09-01 07:41:54,408 period am_peak : 28762 paths, 20000 OD pairs
2026-09-01 07:41:54,418 path enumeration: 20000 OD pairs, 636 origin zones, 3 scenarios, cap 4 paths/OD
2026-09-01 07:42:46,171 rejected 72 malformed candidate paths that failed the re-pricing check
2026-09-01 07:42:46,254 path set: 24099 paths over 17389/20000 OD pairs (86.7% of flow served), 118647 legs
2026-09-01 07:42:46,294 period midday  : 24099 paths, 20000 OD pairs
2026-09-01 07:42:46,305 path enumeration: 20000 OD pairs, 636 origin zones, 3 scenarios, cap 4 paths/OD
2026-09-01 07:43:41,074 rejected 121 malformed candidate paths that failed the re-pricing check
2026-09-01 07:43:41,170 path set: 27989 paths over 18673/20000 OD pairs (93.6% of flow served), 139604 legs
2026-09-01 07:43:41,217 period pm_peak : 27989 paths, 20000 OD pairs
2026-09-01 07:43:41,227 path enumeration: 20000 OD pairs, 636 origin zones, 3 scenarios, cap 4 paths/OD
2026-09-01 07:44:34,308 rejected 82 malformed candidate paths that failed the re-pricing check
2026-09-01 07:44:34,411 path set: 24057 paths over 17386/20000 OD pairs (86.6% of flow served), 118198 legs
2026-09-01 07:44:34,470 period evening : 24057 paths, 20000 OD pairs
2026-09-01 07:44:34,485 path enumeration: 20000 OD pairs, 636 origin zones, 3 scenarios, cap 4 paths/OD
2026-09-01 07:45:23,464 rejected 127 malformed candidate paths that failed the re-pricing check
2026-09-01 07:45:23,539 path set: 22669 paths over 17006/20000 OD pairs (85.1% of flow served), 111677 legs
2026-09-01 07:45:23,578 period owl     : 22669 paths, 20000 OD pairs
2026-09-01 07:45:23,578 locking 28 route-periods across 14 routes in classes ('peak_express',)
2026-09-01 07:55:26,032 solve lambda=2.0: obj=2.95588e+06 vh=2514.7/2517.2 exchanges=0
2026-09-01 07:55:26,385 add_stop-008#f178c37040f5                      seed 20260828 obj=2955879.486053 restarts=20 conv=True adm=True 919s
2026-09-01 07:55:27,462 stopping cleanly: 760s needed for add_stop-010#22c4c35ac5b2/20260825, 679s left
2026-09-01 07:55:27,462 slice ran 1 cells
2026-09-01 07:55:29,948 3.1-stageB: 175 cells remaining, 88 in this shard
2026-09-01 07:55:30,031 cache hit  baseline-a5bf710e8b2c9129 (53.2 MB, 0.1s)
2026-09-01 07:55:30,075 cache hit  raptor-51c3309f35ffd25f (0.6 MB, 0.0s)
2026-09-01 07:55:30,075 cache hit  zones-77edf71b615ba370 (0.2 MB, 0.0s)
2026-09-01 07:55:30,076 cache hit  od-ba345b9cb167aecb (0.5 MB, 0.0s)
2026-09-01 07:55:30,095 route classes: {'all_day': 25, 'peak_express': 14}
2026-09-01 07:55:30,602 footpaths: 15573 links (9 from transfers.txt)
2026-09-01 07:55:30,610 raptor network: 2949 stops, 111 patterns, 15573 footpaths
2026-09-01 07:55:30,736 zones: 1397 (637 with transit access within 600 m), 3938 access links
2026-09-01 07:55:30,744 route classes: {'all_day': 25, 'peak_express': 14}
2026-09-01 07:55:30,809 evaluator pricing: common_lines=same_route (explicit)
2026-09-01 07:55:30,816 period early   : 24641 paths, 20000 OD pairs
2026-09-01 07:55:30,822 period am_peak : 28822 paths, 20000 OD pairs
2026-09-01 07:55:30,827 period midday  : 24118 paths, 20000 OD pairs
2026-09-01 07:55:30,833 period pm_peak : 28007 paths, 20000 OD pairs
2026-09-01 07:55:30,838 period evening : 24124 paths, 20000 OD pairs
2026-09-01 07:55:30,843 period owl     : 22669 paths, 20000 OD pairs
2026-09-01 07:55:30,843 locking 28 route-periods across 14 routes in classes ('peak_express',)
2026-09-01 08:04:48,076 solve lambda=2.0: obj=2.95054e+06 vh=2515.7/2517.2 exchanges=0
2026-09-01 08:04:48,094 add_stop-010#22c4c35ac5b2                      seed 20260825 obj=2950538.041802 restarts=20 conv=True adm=True 558s
2026-09-01 08:04:48,096 stopping cleanly: 1180s needed for add_stop-010#22c4c35ac5b2/20260827, 1042s left
2026-09-01 08:04:48,096 slice ran 1 cells
2026-09-01 08:04:50,491 3.1-stageB: 174 cells remaining, 87 in this shard
2026-09-01 08:04:50,577 cache hit  baseline-a5bf710e8b2c9129 (53.2 MB, 0.1s)
2026-09-01 08:04:50,618 cache hit  raptor-51c3309f35ffd25f (0.6 MB, 0.0s)
2026-09-01 08:04:50,618 cache hit  zones-77edf71b615ba370 (0.2 MB, 0.0s)
2026-09-01 08:04:50,619 cache hit  od-ba345b9cb167aecb (0.5 MB, 0.0s)
2026-09-01 08:04:50,640 route classes: {'all_day': 25, 'peak_express': 14}
2026-09-01 08:04:51,044 footpaths: 15573 links (9 from transfers.txt)
2026-09-01 08:04:51,053 raptor network: 2949 stops, 111 patterns, 15573 footpaths
2026-09-01 08:04:51,162 zones: 1397 (637 with transit access within 600 m), 3938 access links
2026-09-01 08:04:51,170 route classes: {'all_day': 25, 'peak_express': 14}
2026-09-01 08:04:51,230 evaluator pricing: common_lines=same_route (explicit)
2026-09-01 08:04:51,274 path enumeration: 20000 OD pairs, 636 origin zones, 3 scenarios, cap 4 paths/OD
2026-09-01 08:05:40,413 rejected 84 malformed candidate paths that failed the re-pricing check
2026-09-01 08:05:40,499 path set: 24641 paths over 17388/20000 OD pairs (86.7% of flow served), 121134 legs
2026-09-01 08:05:40,538 period early   : 24641 paths, 20000 OD pairs
2026-09-01 08:05:40,548 path enumeration: 20000 OD pairs, 636 origin zones, 3 scenarios, cap 4 paths/OD
2026-09-01 08:06:35,948 rejected 69 malformed candidate paths that failed the re-pricing check
2026-09-01 08:06:36,049 path set: 28822 paths over 19278/20000 OD pairs (96.2% of flow served), 141894 legs
2026-09-01 08:06:36,098 period am_peak : 28822 paths, 20000 OD pairs
2026-09-01 08:06:36,109 path enumeration: 20000 OD pairs, 636 origin zones, 3 scenarios, cap 4 paths/OD
2026-09-01 08:07:26,052 rejected 68 malformed candidate paths that failed the re-pricing check
2026-09-01 08:07:26,137 path set: 24118 paths over 17389/20000 OD pairs (86.7% of flow served), 118748 legs
2026-09-01 08:07:26,178 period midday  : 24118 paths, 20000 OD pairs
2026-09-01 08:07:26,188 path enumeration: 20000 OD pairs, 636 origin zones, 3 scenarios, cap 4 paths/OD
2026-09-01 08:08:21,225 rejected 117 malformed candidate paths that failed the re-pricing check
2026-09-01 08:08:21,392 path set: 28007 paths over 18673/20000 OD pairs (93.6% of flow served), 139704 legs
2026-09-01 08:08:21,444 period pm_peak : 28007 paths, 20000 OD pairs
2026-09-01 08:08:21,455 path enumeration: 20000 OD pairs, 636 origin zones, 3 scenarios, cap 4 paths/OD
2026-09-01 08:09:16,572 rejected 77 malformed candidate paths that failed the re-pricing check
2026-09-01 08:09:16,698 path set: 24124 paths over 17386/20000 OD pairs (86.6% of flow served), 118599 legs
2026-09-01 08:09:16,742 period evening : 24124 paths, 20000 OD pairs
2026-09-01 08:09:16,753 path enumeration: 20000 OD pairs, 636 origin zones, 3 scenarios, cap 4 paths/OD
2026-09-01 08:10:06,328 rejected 129 malformed candidate paths that failed the re-pricing check
2026-09-01 08:10:06,460 path set: 22669 paths over 17006/20000 OD pairs (85.1% of flow served), 111734 legs
2026-09-01 08:10:06,501 period owl     : 22669 paths, 20000 OD pairs
2026-09-01 08:10:06,502 locking 28 route-periods across 14 routes in classes ('peak_express',)
2026-09-01 08:20:35,244 solve lambda=2.0: obj=2.95054e+06 vh=2515.7/2517.2 exchanges=0
2026-09-01 08:20:35,721 add_stop-010#22c4c35ac5b2                      seed 20260827 obj=2950538.041802 restarts=20 conv=True adm=True 945s
2026-09-01 08:20:35,724 stopping cleanly: 1180s needed for add_stop-010#22c4c35ac5b2/20260829, 655s left
2026-09-01 08:20:35,724 slice ran 1 cells
2026-09-01 08:20:38,179 3.1-stageB: 172 cells remaining, 86 in this shard
2026-09-01 08:20:38,272 cache hit  baseline-a5bf710e8b2c9129 (53.2 MB, 0.1s)
2026-09-01 08:20:38,313 cache hit  raptor-51c3309f35ffd25f (0.6 MB, 0.0s)
2026-09-01 08:20:38,313 cache hit  zones-77edf71b615ba370 (0.2 MB, 0.0s)
2026-09-01 08:20:38,314 cache hit  od-ba345b9cb167aecb (0.5 MB, 0.0s)
2026-09-01 08:20:38,333 route classes: {'all_day': 25, 'peak_express': 14}
2026-09-01 08:20:38,768 footpaths: 15573 links (9 from transfers.txt)
2026-09-01 08:20:38,776 raptor network: 2949 stops, 111 patterns, 15573 footpaths
2026-09-01 08:20:38,886 zones: 1397 (637 with transit access within 600 m), 3938 access links
2026-09-01 08:20:38,896 route classes: {'all_day': 25, 'peak_express': 14}
2026-09-01 08:20:38,985 evaluator pricing: common_lines=same_route (explicit)
2026-09-01 08:20:39,027 path enumeration: 20000 OD pairs, 636 origin zones, 3 scenarios, cap 4 paths/OD
2026-09-01 08:21:27,464 rejected 84 malformed candidate paths that failed the re-pricing check
2026-09-01 08:21:27,547 path set: 24641 paths over 17388/20000 OD pairs (86.7% of flow served), 121134 legs
2026-09-01 08:21:27,582 period early   : 24641 paths, 20000 OD pairs
2026-09-01 08:21:27,592 path enumeration: 20000 OD pairs, 636 origin zones, 3 scenarios, cap 4 paths/OD
2026-09-01 08:22:22,986 rejected 69 malformed candidate paths that failed the re-pricing check
2026-09-01 08:22:23,085 path set: 28822 paths over 19278/20000 OD pairs (96.2% of flow served), 141894 legs
2026-09-01 08:22:23,134 period am_peak : 28822 paths, 20000 OD pairs
2026-09-01 08:22:23,144 path enumeration: 20000 OD pairs, 636 origin zones, 3 scenarios, cap 4 paths/OD
2026-09-01 08:23:13,382 rejected 68 malformed candidate paths that failed the re-pricing check
2026-09-01 08:23:13,471 path set: 24118 paths over 17389/20000 OD pairs (86.7% of flow served), 118748 legs
2026-09-01 08:23:13,511 period midday  : 24118 paths, 20000 OD pairs
2026-09-01 08:23:13,522 path enumeration: 20000 OD pairs, 636 origin zones, 3 scenarios, cap 4 paths/OD
2026-09-01 08:24:07,415 rejected 117 malformed candidate paths that failed the re-pricing check
2026-09-01 08:24:07,518 path set: 28007 paths over 18673/20000 OD pairs (93.6% of flow served), 139704 legs
2026-09-01 08:24:07,567 period pm_peak : 28007 paths, 20000 OD pairs
2026-09-01 08:24:07,578 path enumeration: 20000 OD pairs, 636 origin zones, 3 scenarios, cap 4 paths/OD
2026-09-01 08:25:02,582 rejected 77 malformed candidate paths that failed the re-pricing check
2026-09-01 08:25:02,711 path set: 24124 paths over 17386/20000 OD pairs (86.6% of flow served), 118599 legs
2026-09-01 08:25:02,764 period evening : 24124 paths, 20000 OD pairs
2026-09-01 08:25:02,777 path enumeration: 20000 OD pairs, 636 origin zones, 3 scenarios, cap 4 paths/OD
2026-09-01 08:25:51,180 rejected 129 malformed candidate paths that failed the re-pricing check
2026-09-01 08:25:51,266 path set: 22669 paths over 17006/20000 OD pairs (85.1% of flow served), 111734 legs
2026-09-01 08:25:51,306 period owl     : 22669 paths, 20000 OD pairs
2026-09-01 08:25:51,306 locking 28 route-periods across 14 routes in classes ('peak_express',)
2026-09-01 08:36:13,330 solve lambda=2.0: obj=2.95054e+06 vh=2515.7/2517.2 exchanges=0
2026-09-01 08:36:13,660 add_stop-010#22c4c35ac5b2                      seed 20260829 obj=2950538.041802 restarts=20 conv=True adm=True 935s
2026-09-01 08:36:13,663 stopping cleanly: 1180s needed for add_stop-033#273b2cd43dfd/20260826, 665s left
2026-09-01 08:36:13,663 slice ran 1 cells
2026-09-01 08:36:16,214 3.1-stageB: 169 cells remaining, 85 in this shard
2026-09-01 08:36:16,298 cache hit  baseline-a5bf710e8b2c9129 (53.2 MB, 0.1s)
2026-09-01 08:36:16,341 cache hit  raptor-51c3309f35ffd25f (0.6 MB, 0.0s)
2026-09-01 08:36:16,342 cache hit  zones-77edf71b615ba370 (0.2 MB, 0.0s)
2026-09-01 08:36:16,342 cache hit  od-ba345b9cb167aecb (0.5 MB, 0.0s)
2026-09-01 08:36:16,361 route classes: {'all_day': 25, 'peak_express': 14}
2026-09-01 08:36:16,776 footpaths: 15573 links (9 from transfers.txt)
2026-09-01 08:36:16,785 raptor network: 2949 stops, 111 patterns, 15573 footpaths
2026-09-01 08:36:16,899 zones: 1397 (637 with transit access within 600 m), 3938 access links
2026-09-01 08:36:16,907 route classes: {'all_day': 25, 'peak_express': 14}
2026-09-01 08:36:16,967 evaluator pricing: common_lines=same_route (explicit)
2026-09-01 08:36:17,011 path enumeration: 20000 OD pairs, 636 origin zones, 3 scenarios, cap 4 paths/OD
2026-09-01 08:37:08,951 rejected 94 malformed candidate paths that failed the re-pricing check
2026-09-01 08:37:09,060 path set: 24668 paths over 17388/20000 OD pairs (86.7% of flow served), 121371 legs
2026-09-01 08:37:09,109 period early   : 24668 paths, 20000 OD pairs
2026-09-01 08:37:09,120 path enumeration: 20000 OD pairs, 636 origin zones, 3 scenarios, cap 4 paths/OD
2026-09-01 08:38:06,872 rejected 72 malformed candidate paths that failed the re-pricing check
2026-09-01 08:38:06,980 path set: 28770 paths over 19278/20000 OD pairs (96.2% of flow served), 141687 legs
2026-09-01 08:38:07,032 period am_peak : 28770 paths, 20000 OD pairs
2026-09-01 08:38:07,042 path enumeration: 20000 OD pairs, 636 origin zones, 3 scenarios, cap 4 paths/OD
2026-09-01 08:38:59,522 rejected 72 malformed candidate paths that failed the re-pricing check
2026-09-01 08:38:59,610 path set: 24092 paths over 17389/20000 OD pairs (86.7% of flow served), 118654 legs
2026-09-01 08:38:59,653 period midday  : 24092 paths, 20000 OD pairs
2026-09-01 08:38:59,664 path enumeration: 20000 OD pairs, 636 origin zones, 3 scenarios, cap 4 paths/OD
2026-09-01 08:39:55,073 rejected 121 malformed candidate paths that failed the re-pricing check
2026-09-01 08:39:55,185 path set: 28087 paths over 18691/20000 OD pairs (93.7% of flow served), 140176 legs
2026-09-01 08:39:55,235 period pm_peak : 28087 paths, 20000 OD pairs
2026-09-01 08:39:55,245 path enumeration: 20000 OD pairs, 636 origin zones, 3 scenarios, cap 4 paths/OD
2026-09-01 08:40:51,226 rejected 82 malformed candidate paths that failed the re-pricing check
2026-09-01 08:40:51,314 path set: 24058 paths over 17386/20000 OD pairs (86.6% of flow served), 118258 legs
2026-09-01 08:40:51,356 period evening : 24058 paths, 20000 OD pairs
2026-09-01 08:40:51,368 path enumeration: 20000 OD pairs, 636 origin zones, 3 scenarios, cap 4 paths/OD
2026-09-01 08:41:41,467 rejected 129 malformed candidate paths that failed the re-pricing check
2026-09-01 08:41:41,594 path set: 22669 paths over 17006/20000 OD pairs (85.1% of flow served), 111727 legs
2026-09-01 08:41:41,635 period owl     : 22669 paths, 20000 OD pairs
2026-09-01 08:41:41,635 locking 28 route-periods across 14 routes in classes ('peak_express',)
2026-09-01 08:41:41,667      incumbent rescaled x1.0020
2026-09-01 08:51:28,088 solve lambda=2.0: obj=2.95496e+06 vh=2514.7/2517.2 exchanges=0
2026-09-01 08:51:28,475 add_stop-033#273b2cd43dfd                      seed 20260826 obj=2954961.470336 restarts=20 conv=True adm=True 912s
2026-09-01 08:51:28,478 stopping cleanly: 1180s needed for add_stop-033#273b2cd43dfd/20260828, 688s left
2026-09-01 08:51:28,478 slice ran 1 cells
2026-09-01 08:51:31,038 3.1-stageB: 167 cells remaining, 84 in this shard
2026-09-01 08:51:31,124 cache hit  baseline-a5bf710e8b2c9129 (53.2 MB, 0.1s)
2026-09-01 08:51:31,170 cache hit  raptor-51c3309f35ffd25f (0.6 MB, 0.0s)
2026-09-01 08:51:31,170 cache hit  zones-77edf71b615ba370 (0.2 MB, 0.0s)
2026-09-01 08:51:31,171 cache hit  od-ba345b9cb167aecb (0.5 MB, 0.0s)
2026-09-01 08:51:31,200 route classes: {'all_day': 25, 'peak_express': 14}
2026-09-01 08:51:31,646 footpaths: 15573 links (9 from transfers.txt)
2026-09-01 08:51:31,655 raptor network: 2949 stops, 111 patterns, 15573 footpaths
2026-09-01 08:51:31,780 zones: 1397 (637 with transit access within 600 m), 3938 access links
2026-09-01 08:51:31,789 route classes: {'all_day': 25, 'peak_express': 14}
2026-09-01 08:51:31,855 evaluator pricing: common_lines=same_route (explicit)
2026-09-01 08:51:31,901 path enumeration: 20000 OD pairs, 636 origin zones, 3 scenarios, cap 4 paths/OD
2026-09-01 08:52:22,692 rejected 94 malformed candidate paths that failed the re-pricing check
2026-09-01 08:52:22,789 path set: 24668 paths over 17388/20000 OD pairs (86.7% of flow served), 121371 legs
2026-09-01 08:52:22,843 period early   : 24668 paths, 20000 OD pairs
2026-09-01 08:52:22,855 path enumeration: 20000 OD pairs, 636 origin zones, 3 scenarios, cap 4 paths/OD
2026-09-01 08:53:23,698 rejected 72 malformed candidate paths that failed the re-pricing check
2026-09-01 08:53:23,796 path set: 28770 paths over 19278/20000 OD pairs (96.2% of flow served), 141687 legs
2026-09-01 08:53:23,844 period am_peak : 28770 paths, 20000 OD pairs
2026-09-01 08:53:23,854 path enumeration: 20000 OD pairs, 636 origin zones, 3 scenarios, cap 4 paths/OD
2026-09-01 08:54:14,812 rejected 72 malformed candidate paths that failed the re-pricing check
2026-09-01 08:54:14,900 path set: 24092 paths over 17389/20000 OD pairs (86.7% of flow served), 118654 legs
2026-09-01 08:54:14,943 period midday  : 24092 paths, 20000 OD pairs
2026-09-01 08:54:14,953 path enumeration: 20000 OD pairs, 636 origin zones, 3 scenarios, cap 4 paths/OD
2026-09-01 08:55:12,410 rejected 121 malformed candidate paths that failed the re-pricing check
2026-09-01 08:55:12,507 path set: 28087 paths over 18691/20000 OD pairs (93.7% of flow served), 140176 legs
2026-09-01 08:55:12,556 period pm_peak : 28087 paths, 20000 OD pairs
2026-09-01 08:55:12,567 path enumeration: 20000 OD pairs, 636 origin zones, 3 scenarios, cap 4 paths/OD
2026-09-01 08:56:06,192 rejected 82 malformed candidate paths that failed the re-pricing check
2026-09-01 08:56:06,283 path set: 24058 paths over 17386/20000 OD pairs (86.6% of flow served), 118258 legs
2026-09-01 08:56:06,329 period evening : 24058 paths, 20000 OD pairs
2026-09-01 08:56:06,340 path enumeration: 20000 OD pairs, 636 origin zones, 3 scenarios, cap 4 paths/OD
2026-09-01 08:56:58,307 rejected 129 malformed candidate paths that failed the re-pricing check
2026-09-01 08:56:58,389 path set: 22669 paths over 17006/20000 OD pairs (85.1% of flow served), 111727 legs
2026-09-01 08:56:58,435 period owl     : 22669 paths, 20000 OD pairs
2026-09-01 08:56:58,435 locking 28 route-periods across 14 routes in classes ('peak_express',)
2026-09-01 08:56:58,468      incumbent rescaled x1.0020
2026-09-01 09:06:45,198 solve lambda=2.0: obj=2.95496e+06 vh=2514.7/2517.2 exchanges=0
2026-09-01 09:06:45,774 add_stop-033#273b2cd43dfd                      seed 20260828 obj=2954961.470336 restarts=20 conv=True adm=True 914s
2026-09-01 09:06:46,945 stopping cleanly: 760s needed for add_stop-102#78da77548338/20260825, 684s left
2026-09-01 09:06:46,946 slice ran 1 cells
2026-09-01 09:06:49,437 3.1-stageB: 166 cells remaining, 83 in this shard
2026-09-01 09:06:49,528 cache hit  baseline-a5bf710e8b2c9129 (53.2 MB, 0.1s)
2026-09-01 09:06:49,562 cache hit  raptor-51c3309f35ffd25f (0.6 MB, 0.0s)
2026-09-01 09:06:49,563 cache hit  zones-77edf71b615ba370 (0.2 MB, 0.0s)
2026-09-01 09:06:49,563 cache hit  od-ba345b9cb167aecb (0.5 MB, 0.0s)
2026-09-01 09:06:49,584 route classes: {'all_day': 25, 'peak_express': 14}
2026-09-01 09:06:50,078 footpaths: 15573 links (9 from transfers.txt)
2026-09-01 09:06:50,089 raptor network: 2949 stops, 111 patterns, 15573 footpaths
2026-09-01 09:06:50,201 zones: 1397 (637 with transit access within 600 m), 3938 access links
2026-09-01 09:06:50,209 route classes: {'all_day': 25, 'peak_express': 14}
2026-09-01 09:06:50,273 evaluator pricing: common_lines=same_route (explicit)
2026-09-01 09:06:50,279 period early   : 24677 paths, 20000 OD pairs
2026-09-01 09:06:50,285 period am_peak : 28752 paths, 20000 OD pairs
2026-09-01 09:06:50,291 period midday  : 24065 paths, 20000 OD pairs
2026-09-01 09:06:50,297 period pm_peak : 27954 paths, 20000 OD pairs
2026-09-01 09:06:50,302 period evening : 24058 paths, 20000 OD pairs
2026-09-01 09:06:50,307 period owl     : 22669 paths, 20000 OD pairs
2026-09-01 09:06:50,307 locking 28 route-periods across 14 routes in classes ('peak_express',)
2026-09-01 09:06:50,340      incumbent rescaled x1.0001
2026-09-01 09:16:54,015 solve lambda=2.0: obj=2.95596e+06 vh=2515.4/2517.2 exchanges=0
2026-09-01 09:16:54,033 add_stop-102#78da77548338                      seed 20260825 obj=2955960.831846 restarts=20 conv=True adm=True 604s
2026-09-01 09:16:54,036 stopping cleanly: 1180s needed for add_stop-102#78da77548338/20260827, 995s left
2026-09-01 09:16:54,036 slice ran 1 cells
2026-09-01 09:16:56,573 3.1-stageB: 164 cells remaining, 82 in this shard
2026-09-01 09:16:56,662 cache hit  baseline-a5bf710e8b2c9129 (53.2 MB, 0.1s)
2026-09-01 09:16:56,695 cache hit  raptor-51c3309f35ffd25f (0.6 MB, 0.0s)
2026-09-01 09:16:56,696 cache hit  zones-77edf71b615ba370 (0.2 MB, 0.0s)
2026-09-01 09:16:56,697 cache hit  od-ba345b9cb167aecb (0.5 MB, 0.0s)
2026-09-01 09:16:56,707 route classes: {'all_day': 25, 'peak_express': 14}
2026-09-01 09:16:57,126 footpaths: 15573 links (9 from transfers.txt)
2026-09-01 09:16:57,135 raptor network: 2949 stops, 111 patterns, 15573 footpaths
2026-09-01 09:16:57,245 zones: 1397 (637 with transit access within 600 m), 3938 access links
2026-09-01 09:16:57,254 route classes: {'all_day': 25, 'peak_express': 14}
2026-09-01 09:16:57,314 evaluator pricing: common_lines=same_route (explicit)
2026-09-01 09:16:57,360 path enumeration: 20000 OD pairs, 636 origin zones, 3 scenarios, cap 4 paths/OD
2026-09-01 09:17:47,619 rejected 93 malformed candidate paths that failed the re-pricing check
2026-09-01 09:17:47,704 path set: 24677 paths over 17388/20000 OD pairs (86.7% of flow served), 121428 legs
2026-09-01 09:17:47,743 period early   : 24677 paths, 20000 OD pairs
2026-09-01 09:17:47,753 path enumeration: 20000 OD pairs, 636 origin zones, 3 scenarios, cap 4 paths/OD
2026-09-01 09:18:44,498 rejected 72 malformed candidate paths that failed the re-pricing check
2026-09-01 09:18:44,598 path set: 28752 paths over 19279/20000 OD pairs (96.2% of flow served), 141591 legs
2026-09-01 09:18:44,644 period am_peak : 28752 paths, 20000 OD pairs
2026-09-01 09:18:44,654 path enumeration: 20000 OD pairs, 636 origin zones, 3 scenarios, cap 4 paths/OD
2026-09-01 09:19:35,215 rejected 71 malformed candidate paths that failed the re-pricing check
2026-09-01 09:19:35,300 path set: 24065 paths over 17389/20000 OD pairs (86.7% of flow served), 118527 legs
2026-09-01 09:19:35,339 period midday  : 24065 paths, 20000 OD pairs
2026-09-01 09:19:35,349 path enumeration: 20000 OD pairs, 636 origin zones, 3 scenarios, cap 4 paths/OD
2026-09-01 09:20:30,604 rejected 121 malformed candidate paths that failed the re-pricing check
2026-09-01 09:20:30,733 path set: 27954 paths over 18674/20000 OD pairs (93.6% of flow served), 139464 legs
2026-09-01 09:20:30,805 period pm_peak : 27954 paths, 20000 OD pairs
2026-09-01 09:20:30,817 path enumeration: 20000 OD pairs, 636 origin zones, 3 scenarios, cap 4 paths/OD
2026-09-01 09:21:25,735 rejected 82 malformed candidate paths that failed the re-pricing check
2026-09-01 09:21:25,823 path set: 24058 paths over 17386/20000 OD pairs (86.6% of flow served), 118256 legs
2026-09-01 09:21:25,867 period evening : 24058 paths, 20000 OD pairs
2026-09-01 09:21:25,881 path enumeration: 20000 OD pairs, 636 origin zones, 3 scenarios, cap 4 paths/OD
2026-09-01 09:22:14,801 rejected 129 malformed candidate paths that failed the re-pricing check
2026-09-01 09:22:14,889 path set: 22669 paths over 17006/20000 OD pairs (85.1% of flow served), 111733 legs
2026-09-01 09:22:14,928 period owl     : 22669 paths, 20000 OD pairs
2026-09-01 09:22:14,928 locking 28 route-periods across 14 routes in classes ('peak_express',)
2026-09-01 09:22:14,962      incumbent rescaled x1.0001
2026-09-01 09:32:16,339 solve lambda=2.0: obj=2.95578e+06 vh=2516.6/2517.2 exchanges=31
2026-09-01 09:32:16,801 add_stop-102#78da77548338                      seed 20260827 obj=2955782.074929 restarts=20 conv=True adm=True 920s
2026-09-01 09:32:16,806 stopping cleanly: 1180s needed for add_stop-102#78da77548338/20260829, 680s left
2026-09-01 09:32:16,806 slice ran 1 cells
2026-09-01 09:32:19,488 3.1-stageB: 162 cells remaining, 81 in this shard
2026-09-01 09:32:19,585 cache hit  baseline-a5bf710e8b2c9129 (53.2 MB, 0.1s)
2026-09-01 09:32:19,631 cache hit  raptor-51c3309f35ffd25f (0.6 MB, 0.0s)
2026-09-01 09:32:19,632 cache hit  zones-77edf71b615ba370 (0.2 MB, 0.0s)
2026-09-01 09:32:19,633 cache hit  od-ba345b9cb167aecb (0.5 MB, 0.0s)
2026-09-01 09:32:19,654 route classes: {'all_day': 25, 'peak_express': 14}
2026-09-01 09:32:20,108 footpaths: 15573 links (9 from transfers.txt)
2026-09-01 09:32:20,117 raptor network: 2949 stops, 111 patterns, 15573 footpaths
2026-09-01 09:32:20,242 zones: 1397 (637 with transit access within 600 m), 3938 access links
2026-09-01 09:32:20,252 route classes: {'all_day': 25, 'peak_express': 14}
2026-09-01 09:32:20,321 evaluator pricing: common_lines=same_route (explicit)
2026-09-01 09:32:20,370 path enumeration: 20000 OD pairs, 636 origin zones, 3 scenarios, cap 4 paths/OD
2026-09-01 09:33:11,779 rejected 93 malformed candidate paths that failed the re-pricing check
2026-09-01 09:33:11,867 path set: 24677 paths over 17388/20000 OD pairs (86.7% of flow served), 121428 legs
2026-09-01 09:33:11,908 period early   : 24677 paths, 20000 OD pairs
2026-09-01 09:33:11,918 path enumeration: 20000 OD pairs, 636 origin zones, 3 scenarios, cap 4 paths/OD
2026-09-01 09:34:08,479 rejected 72 malformed candidate paths that failed the re-pricing check
2026-09-01 09:34:08,589 path set: 28752 paths over 19279/20000 OD pairs (96.2% of flow served), 141591 legs
2026-09-01 09:34:08,640 period am_peak : 28752 paths, 20000 OD pairs
2026-09-01 09:34:08,651 path enumeration: 20000 OD pairs, 636 origin zones, 3 scenarios, cap 4 paths/OD
2026-09-01 09:34:58,585 rejected 71 malformed candidate paths that failed the re-pricing check
2026-09-01 09:34:58,676 path set: 24065 paths over 17389/20000 OD pairs (86.7% of flow served), 118527 legs
2026-09-01 09:34:58,719 period midday  : 24065 paths, 20000 OD pairs
2026-09-01 09:34:58,730 path enumeration: 20000 OD pairs, 636 origin zones, 3 scenarios, cap 4 paths/OD
2026-09-01 09:35:53,192 rejected 121 malformed candidate paths that failed the re-pricing check
2026-09-01 09:35:53,295 path set: 27954 paths over 18674/20000 OD pairs (93.6% of flow served), 139464 legs
2026-09-01 09:35:53,343 period pm_peak : 27954 paths, 20000 OD pairs
2026-09-01 09:35:53,353 path enumeration: 20000 OD pairs, 636 origin zones, 3 scenarios, cap 4 paths/OD
2026-09-01 09:36:46,826 rejected 82 malformed candidate paths that failed the re-pricing check
2026-09-01 09:36:46,909 path set: 24058 paths over 17386/20000 OD pairs (86.6% of flow served), 118256 legs
2026-09-01 09:36:46,948 period evening : 24058 paths, 20000 OD pairs
2026-09-01 09:36:46,958 path enumeration: 20000 OD pairs, 636 origin zones, 3 scenarios, cap 4 paths/OD
2026-09-01 09:37:35,529 rejected 129 malformed candidate paths that failed the re-pricing check
2026-09-01 09:37:35,608 path set: 22669 paths over 17006/20000 OD pairs (85.1% of flow served), 111733 legs
2026-09-01 09:37:35,648 period owl     : 22669 paths, 20000 OD pairs
2026-09-01 09:37:35,648 locking 28 route-periods across 14 routes in classes ('peak_express',)
2026-09-01 09:37:35,681      incumbent rescaled x1.0001
2026-09-01 09:47:51,410 solve lambda=2.0: obj=2.95596e+06 vh=2515.4/2517.2 exchanges=0
2026-09-01 09:47:51,674 add_stop-102#78da77548338                      seed 20260829 obj=2955960.831846 restarts=20 conv=True adm=True 932s
2026-09-01 09:47:51,677 stopping cleanly: 1180s needed for add_stop-141#2fc0aa211ecb/20260826, 668s left
2026-09-01 09:47:51,677 slice ran 1 cells
2026-09-01 09:47:54,152 3.1-stageB: 159 cells remaining, 80 in this shard
2026-09-01 09:47:54,240 cache hit  baseline-a5bf710e8b2c9129 (53.2 MB, 0.1s)
2026-09-01 09:47:54,286 cache hit  raptor-51c3309f35ffd25f (0.6 MB, 0.0s)
2026-09-01 09:47:54,287 cache hit  zones-77edf71b615ba370 (0.2 MB, 0.0s)
2026-09-01 09:47:54,288 cache hit  od-ba345b9cb167aecb (0.5 MB, 0.0s)
2026-09-01 09:47:54,309 route classes: {'all_day': 25, 'peak_express': 14}
2026-09-01 09:47:54,749 footpaths: 15573 links (9 from transfers.txt)
2026-09-01 09:47:54,759 raptor network: 2949 stops, 111 patterns, 15573 footpaths
2026-09-01 09:47:54,873 zones: 1397 (637 with transit access within 600 m), 3938 access links
2026-09-01 09:47:54,882 route classes: {'all_day': 25, 'peak_express': 14}
2026-09-01 09:47:54,943 evaluator pricing: common_lines=same_route (explicit)
2026-09-01 09:47:54,986 path enumeration: 20000 OD pairs, 636 origin zones, 3 scenarios, cap 4 paths/OD
2026-09-01 09:48:45,864 rejected 94 malformed candidate paths that failed the re-pricing check
2026-09-01 09:48:45,957 path set: 24668 paths over 17388/20000 OD pairs (86.7% of flow served), 121381 legs
2026-09-01 09:48:46,008 period early   : 24668 paths, 20000 OD pairs
2026-09-01 09:48:46,020 path enumeration: 20000 OD pairs, 636 origin zones, 3 scenarios, cap 4 paths/OD
2026-09-01 09:49:41,868 rejected 73 malformed candidate paths that failed the re-pricing check
2026-09-01 09:49:41,965 path set: 28763 paths over 19278/20000 OD pairs (96.2% of flow served), 141633 legs
2026-09-01 09:49:42,014 period am_peak : 28763 paths, 20000 OD pairs
2026-09-01 09:49:42,024 path enumeration: 20000 OD pairs, 636 origin zones, 3 scenarios, cap 4 paths/OD
2026-09-01 09:50:32,470 rejected 72 malformed candidate paths that failed the re-pricing check
2026-09-01 09:50:32,566 path set: 24099 paths over 17389/20000 OD pairs (86.7% of flow served), 118673 legs
2026-09-01 09:50:32,626 period midday  : 24099 paths, 20000 OD pairs
2026-09-01 09:50:32,638 path enumeration: 20000 OD pairs, 636 origin zones, 3 scenarios, cap 4 paths/OD
2026-09-01 09:51:28,093 rejected 121 malformed candidate paths that failed the re-pricing check
2026-09-01 09:51:28,186 path set: 28012 paths over 18673/20000 OD pairs (93.6% of flow served), 139792 legs
2026-09-01 09:51:28,234 period pm_peak : 28012 paths, 20000 OD pairs
2026-09-01 09:51:28,244 path enumeration: 20000 OD pairs, 636 origin zones, 3 scenarios, cap 4 paths/OD
2026-09-01 09:52:21,235 rejected 82 malformed candidate paths that failed the re-pricing check
2026-09-01 09:52:21,318 path set: 24060 paths over 17386/20000 OD pairs (86.6% of flow served), 118266 legs
2026-09-01 09:52:21,361 period evening : 24060 paths, 20000 OD pairs
2026-09-01 09:52:21,372 path enumeration: 20000 OD pairs, 636 origin zones, 3 scenarios, cap 4 paths/OD
2026-09-01 09:53:11,548 rejected 129 malformed candidate paths that failed the re-pricing check
2026-09-01 09:53:11,650 path set: 22669 paths over 17006/20000 OD pairs (85.1% of flow served), 111737 legs
2026-09-01 09:53:11,696 period owl     : 22669 paths, 20000 OD pairs
2026-09-01 09:53:11,696 locking 28 route-periods across 14 routes in classes ('peak_express',)
2026-09-01 09:53:11,728      incumbent rescaled x1.0000
2026-09-01 10:02:57,635 solve lambda=2.0: obj=2.9561e+06 vh=2515.2/2517.2 exchanges=0
2026-09-01 10:02:57,989 add_stop-141#2fc0aa211ecb                      seed 20260826 obj=2956104.644432 restarts=20 conv=True adm=True 904s
2026-09-01 10:02:57,992 stopping cleanly: 1180s needed for add_stop-141#2fc0aa211ecb/20260828, 696s left
2026-09-01 10:02:57,992 slice ran 1 cells
2026-09-01 10:03:00,415 3.1-stageB: 157 cells remaining, 79 in this shard
2026-09-01 10:03:00,500 cache hit  baseline-a5bf710e8b2c9129 (53.2 MB, 0.1s)
2026-09-01 10:03:00,534 cache hit  raptor-51c3309f35ffd25f (0.6 MB, 0.0s)
2026-09-01 10:03:00,535 cache hit  zones-77edf71b615ba370 (0.2 MB, 0.0s)
2026-09-01 10:03:00,535 cache hit  od-ba345b9cb167aecb (0.5 MB, 0.0s)
2026-09-01 10:03:00,554 route classes: {'all_day': 25, 'peak_express': 14}
2026-09-01 10:03:00,986 footpaths: 15573 links (9 from transfers.txt)
2026-09-01 10:03:00,994 raptor network: 2949 stops, 111 patterns, 15573 footpaths
2026-09-01 10:03:01,116 zones: 1397 (637 with transit access within 600 m), 3938 access links
2026-09-01 10:03:01,127 route classes: {'all_day': 25, 'peak_express': 14}
2026-09-01 10:03:01,202 evaluator pricing: common_lines=same_route (explicit)
2026-09-01 10:03:01,248 path enumeration: 20000 OD pairs, 636 origin zones, 3 scenarios, cap 4 paths/OD
2026-09-01 10:03:51,522 rejected 94 malformed candidate paths that failed the re-pricing check
2026-09-01 10:03:51,605 path set: 24668 paths over 17388/20000 OD pairs (86.7% of flow served), 121381 legs
2026-09-01 10:03:51,644 period early   : 24668 paths, 20000 OD pairs
2026-09-01 10:03:51,654 path enumeration: 20000 OD pairs, 636 origin zones, 3 scenarios, cap 4 paths/OD
2026-09-01 10:04:50,178 rejected 73 malformed candidate paths that failed the re-pricing check
2026-09-01 10:04:50,277 path set: 28763 paths over 19278/20000 OD pairs (96.2% of flow served), 141633 legs
2026-09-01 10:04:50,327 period am_peak : 28763 paths, 20000 OD pairs
2026-09-01 10:04:50,338 path enumeration: 20000 OD pairs, 636 origin zones, 3 scenarios, cap 4 paths/OD
2026-09-01 10:05:40,597 rejected 72 malformed candidate paths that failed the re-pricing check
2026-09-01 10:05:40,689 path set: 24099 paths over 17389/20000 OD pairs (86.7% of flow served), 118673 legs
2026-09-01 10:05:40,735 period midday  : 24099 paths, 20000 OD pairs
2026-09-01 10:05:40,746 path enumeration: 20000 OD pairs, 636 origin zones, 3 scenarios, cap 4 paths/OD
2026-09-01 10:06:34,715 rejected 121 malformed candidate paths that failed the re-pricing check
2026-09-01 10:06:34,816 path set: 28012 paths over 18673/20000 OD pairs (93.6% of flow served), 139792 legs
2026-09-01 10:06:34,869 period pm_peak : 28012 paths, 20000 OD pairs
2026-09-01 10:06:34,881 path enumeration: 20000 OD pairs, 636 origin zones, 3 scenarios, cap 4 paths/OD
2026-09-01 10:07:28,991 rejected 82 malformed candidate paths that failed the re-pricing check
2026-09-01 10:07:29,077 path set: 24060 paths over 17386/20000 OD pairs (86.6% of flow served), 118266 legs
2026-09-01 10:07:29,121 period evening : 24060 paths, 20000 OD pairs
2026-09-01 10:07:29,132 path enumeration: 20000 OD pairs, 636 origin zones, 3 scenarios, cap 4 paths/OD
2026-09-01 10:08:18,008 rejected 129 malformed candidate paths that failed the re-pricing check
2026-09-01 10:08:18,092 path set: 22669 paths over 17006/20000 OD pairs (85.1% of flow served), 111737 legs
2026-09-01 10:08:18,134 period owl     : 22669 paths, 20000 OD pairs
2026-09-01 10:08:18,135 locking 28 route-periods across 14 routes in classes ('peak_express',)
2026-09-01 10:08:18,167      incumbent rescaled x1.0000
2026-09-01 10:18:30,554 solve lambda=2.0: obj=2.9561e+06 vh=2515.2/2517.2 exchanges=0
2026-09-01 10:18:31,063 add_stop-141#2fc0aa211ecb                      seed 20260828 obj=2956104.644432 restarts=20 conv=True adm=True 930s
2026-09-01 10:18:32,305 stopping cleanly: 760s needed for change_terminal-007-EMO4THW#16606ceb331e/20260825, 668s left
2026-09-01 10:18:32,305 slice ran 1 cells
2026-09-01 10:18:34,954 3.1-stageB: 156 cells remaining, 78 in this shard
2026-09-01 10:18:35,056 cache hit  baseline-a5bf710e8b2c9129 (53.2 MB, 0.1s)
2026-09-01 10:18:35,094 cache hit  raptor-51c3309f35ffd25f (0.6 MB, 0.0s)
2026-09-01 10:18:35,094 cache hit  zones-77edf71b615ba370 (0.2 MB, 0.0s)
2026-09-01 10:18:35,095 cache hit  od-ba345b9cb167aecb (0.5 MB, 0.0s)
2026-09-01 10:18:35,107 route classes: {'all_day': 25, 'peak_express': 14}
2026-09-01 10:18:35,633 footpaths: 15573 links (9 from transfers.txt)
2026-09-01 10:18:35,642 raptor network: 2949 stops, 111 patterns, 15573 footpaths
2026-09-01 10:18:35,769 zones: 1397 (637 with transit access within 600 m), 3938 access links
2026-09-01 10:18:35,779 route classes: {'all_day': 25, 'peak_express': 14}
2026-09-01 10:18:35,842 evaluator pricing: common_lines=same_route (explicit)
2026-09-01 10:18:35,849 period early   : 24678 paths, 20000 OD pairs
2026-09-01 10:18:35,855 period am_peak : 28765 paths, 20000 OD pairs
2026-09-01 10:18:35,864 period midday  : 24102 paths, 20000 OD pairs
2026-09-01 10:18:35,869 period pm_peak : 27988 paths, 20000 OD pairs
2026-09-01 10:18:35,875 period evening : 24063 paths, 20000 OD pairs
2026-09-01 10:18:35,880 period owl     : 22663 paths, 20000 OD pairs
2026-09-01 10:18:35,880 locking 28 route-periods across 14 routes in classes ('peak_express',)
2026-09-01 10:28:28,382 solve lambda=2.0: obj=2.9551e+06 vh=2515.0/2517.2 exchanges=0
2026-09-01 10:28:28,407 change_terminal-007-EMO4THW#16606ceb331e       seed 20260825 obj=2955100.084035 restarts=20 conv=True adm=True 593s
2026-09-01 10:28:28,409 stopping cleanly: 1180s needed for change_terminal-007-EMO4THW#16606ceb331e/20260827, 1007s left
2026-09-01 10:28:28,410 slice ran 1 cells
2026-09-01 10:28:31,149 3.1-stageB: 154 cells remaining, 77 in this shard
2026-09-01 10:28:31,250 cache hit  baseline-a5bf710e8b2c9129 (53.2 MB, 0.1s)
2026-09-01 10:28:31,286 cache hit  raptor-51c3309f35ffd25f (0.6 MB, 0.0s)
2026-09-01 10:28:31,286 cache hit  zones-77edf71b615ba370 (0.2 MB, 0.0s)
2026-09-01 10:28:31,287 cache hit  od-ba345b9cb167aecb (0.5 MB, 0.0s)
2026-09-01 10:28:31,299 route classes: {'all_day': 25, 'peak_express': 14}
2026-09-01 10:28:31,717 footpaths: 15573 links (9 from transfers.txt)
2026-09-01 10:28:31,727 raptor network: 2949 stops, 111 patterns, 15573 footpaths
2026-09-01 10:28:31,843 zones: 1397 (637 with transit access within 600 m), 3938 access links
2026-09-01 10:28:31,854 route classes: {'all_day': 25, 'peak_express': 14}
2026-09-01 10:28:31,923 evaluator pricing: common_lines=same_route (explicit)
2026-09-01 10:28:31,997 path enumeration: 20000 OD pairs, 636 origin zones, 3 scenarios, cap 4 paths/OD
2026-09-01 10:29:23,903 rejected 94 malformed candidate paths that failed the re-pricing check
2026-09-01 10:29:23,992 path set: 24678 paths over 17388/20000 OD pairs (86.7% of flow served), 121441 legs
2026-09-01 10:29:24,034 period early   : 24678 paths, 20000 OD pairs
2026-09-01 10:29:24,044 path enumeration: 20000 OD pairs, 636 origin zones, 3 scenarios, cap 4 paths/OD
2026-09-01 10:30:21,356 rejected 73 malformed candidate paths that failed the re-pricing check
2026-09-01 10:30:21,458 path set: 28765 paths over 19278/20000 OD pairs (96.2% of flow served), 141651 legs
2026-09-01 10:30:21,507 period am_peak : 28765 paths, 20000 OD pairs
2026-09-01 10:30:21,518 path enumeration: 20000 OD pairs, 636 origin zones, 3 scenarios, cap 4 paths/OD
2026-09-01 10:31:13,288 rejected 72 malformed candidate paths that failed the re-pricing check
2026-09-01 10:31:13,382 path set: 24102 paths over 17389/20000 OD pairs (86.7% of flow served), 118729 legs
2026-09-01 10:31:13,437 period midday  : 24102 paths, 20000 OD pairs
2026-09-01 10:31:13,447 path enumeration: 20000 OD pairs, 636 origin zones, 3 scenarios, cap 4 paths/OD
2026-09-01 10:32:08,902 rejected 121 malformed candidate paths that failed the re-pricing check
2026-09-01 10:32:09,004 path set: 27988 paths over 18673/20000 OD pairs (93.6% of flow served), 139655 legs
2026-09-01 10:32:09,052 period pm_peak : 27988 paths, 20000 OD pairs
2026-09-01 10:32:09,062 path enumeration: 20000 OD pairs, 636 origin zones, 3 scenarios, cap 4 paths/OD
2026-09-01 10:33:04,590 rejected 82 malformed candidate paths that failed the re-pricing check
2026-09-01 10:33:04,693 path set: 24063 paths over 17386/20000 OD pairs (86.6% of flow served), 118300 legs
2026-09-01 10:33:04,745 period evening : 24063 paths, 20000 OD pairs
2026-09-01 10:33:04,756 path enumeration: 20000 OD pairs, 636 origin zones, 3 scenarios, cap 4 paths/OD
2026-09-01 10:33:55,445 rejected 137 malformed candidate paths that failed the re-pricing check
2026-09-01 10:33:55,575 path set: 22663 paths over 17006/20000 OD pairs (85.1% of flow served), 111711 legs
2026-09-01 10:33:55,618 period owl     : 22663 paths, 20000 OD pairs
2026-09-01 10:33:55,618 locking 28 route-periods across 14 routes in classes ('peak_express',)
2026-09-01 10:43:49,741 solve lambda=2.0: obj=2.9551e+06 vh=2515.0/2517.2 exchanges=0
2026-09-01 10:43:50,227 change_terminal-007-EMO4THW#16606ceb331e       seed 20260827 obj=2955100.084035 restarts=20 conv=True adm=True 919s
2026-09-01 10:43:50,229 stopping cleanly: 1180s needed for change_terminal-007-EMO4THW#16606ceb331e/20260829, 681s left
2026-09-01 10:43:50,229 slice ran 1 cells
2026-09-01 10:43:52,667 3.1-stageB: 152 cells remaining, 76 in this shard
2026-09-01 10:43:52,763 cache hit  baseline-a5bf710e8b2c9129 (53.2 MB, 0.1s)
2026-09-01 10:43:52,798 cache hit  raptor-51c3309f35ffd25f (0.6 MB, 0.0s)
2026-09-01 10:43:52,799 cache hit  zones-77edf71b615ba370 (0.2 MB, 0.0s)
2026-09-01 10:43:52,800 cache hit  od-ba345b9cb167aecb (0.5 MB, 0.0s)
2026-09-01 10:43:52,810 route classes: {'all_day': 25, 'peak_express': 14}
2026-09-01 10:43:53,243 footpaths: 15573 links (9 from transfers.txt)
2026-09-01 10:43:53,252 raptor network: 2949 stops, 111 patterns, 15573 footpaths
2026-09-01 10:43:53,370 zones: 1397 (637 with transit access within 600 m), 3938 access links
2026-09-01 10:43:53,378 route classes: {'all_day': 25, 'peak_express': 14}
2026-09-01 10:43:53,496 evaluator pricing: common_lines=same_route (explicit)
2026-09-01 10:43:53,541 path enumeration: 20000 OD pairs, 636 origin zones, 3 scenarios, cap 4 paths/OD
2026-09-01 10:44:44,456 rejected 94 malformed candidate paths that failed the re-pricing check
2026-09-01 10:44:44,547 path set: 24678 paths over 17388/20000 OD pairs (86.7% of flow served), 121441 legs
2026-09-01 10:44:44,599 period early   : 24678 paths, 20000 OD pairs
2026-09-01 10:44:44,610 path enumeration: 20000 OD pairs, 636 origin zones, 3 scenarios, cap 4 paths/OD
2026-09-01 10:45:40,474 rejected 73 malformed candidate paths that failed the re-pricing check
2026-09-01 10:45:40,576 path set: 28765 paths over 19278/20000 OD pairs (96.2% of flow served), 141651 legs
2026-09-01 10:45:40,626 period am_peak : 28765 paths, 20000 OD pairs
2026-09-01 10:45:40,636 path enumeration: 20000 OD pairs, 636 origin zones, 3 scenarios, cap 4 paths/OD
2026-09-01 10:46:31,000 rejected 72 malformed candidate paths that failed the re-pricing check
2026-09-01 10:46:31,094 path set: 24102 paths over 17389/20000 OD pairs (86.7% of flow served), 118729 legs
2026-09-01 10:46:31,144 period midday  : 24102 paths, 20000 OD pairs
2026-09-01 10:46:31,156 path enumeration: 20000 OD pairs, 636 origin zones, 3 scenarios, cap 4 paths/OD
2026-09-01 10:47:26,836 rejected 121 malformed candidate paths that failed the re-pricing check
2026-09-01 10:47:26,934 path set: 27988 paths over 18673/20000 OD pairs (93.6% of flow served), 139655 legs
2026-09-01 10:47:26,983 period pm_peak : 27988 paths, 20000 OD pairs
2026-09-01 10:47:26,994 path enumeration: 20000 OD pairs, 636 origin zones, 3 scenarios, cap 4 paths/OD
2026-09-01 10:48:20,617 rejected 82 malformed candidate paths that failed the re-pricing check
2026-09-01 10:48:20,701 path set: 24063 paths over 17386/20000 OD pairs (86.6% of flow served), 118300 legs
2026-09-01 10:48:20,746 period evening : 24063 paths, 20000 OD pairs
2026-09-01 10:48:20,757 path enumeration: 20000 OD pairs, 636 origin zones, 3 scenarios, cap 4 paths/OD
2026-09-01 10:49:09,736 rejected 137 malformed candidate paths that failed the re-pricing check
2026-09-01 10:49:09,816 path set: 22663 paths over 17006/20000 OD pairs (85.1% of flow served), 111711 legs
2026-09-01 10:49:09,854 period owl     : 22663 paths, 20000 OD pairs
2026-09-01 10:49:09,854 locking 28 route-periods across 14 routes in classes ('peak_express',)
2026-09-01 10:59:30,895 solve lambda=2.0: obj=2.9551e+06 vh=2515.0/2517.2 exchanges=0
2026-09-01 10:59:31,251 change_terminal-007-EMO4THW#16606ceb331e       seed 20260829 obj=2955100.084035 restarts=20 conv=True adm=True 938s
2026-09-01 10:59:31,253 stopping cleanly: 1180s needed for change_terminal-023-EASHAMN#357bdf4fa511/20260826, 661s left
2026-09-01 10:59:31,253 slice ran 1 cells
2026-09-01 10:59:33,697 3.1-stageB: 150 cells remaining, 75 in this shard
2026-09-01 10:59:33,787 cache hit  baseline-a5bf710e8b2c9129 (53.2 MB, 0.1s)
2026-09-01 10:59:33,821 cache hit  raptor-51c3309f35ffd25f (0.6 MB, 0.0s)
2026-09-01 10:59:33,821 cache hit  zones-77edf71b615ba370 (0.2 MB, 0.0s)
2026-09-01 10:59:33,822 cache hit  od-ba345b9cb167aecb (0.5 MB, 0.0s)
2026-09-01 10:59:33,832 route classes: {'all_day': 25, 'peak_express': 14}
2026-09-01 10:59:34,225 footpaths: 15573 links (9 from transfers.txt)
2026-09-01 10:59:34,233 raptor network: 2949 stops, 111 patterns, 15573 footpaths
2026-09-01 10:59:34,340 zones: 1397 (637 with transit access within 600 m), 3938 access links
2026-09-01 10:59:34,349 route classes: {'all_day': 25, 'peak_express': 14}
2026-09-01 10:59:34,409 evaluator pricing: common_lines=same_route (explicit)
2026-09-01 10:59:34,455 path enumeration: 20000 OD pairs, 636 origin zones, 3 scenarios, cap 4 paths/OD
2026-09-01 11:00:23,651 rejected 91 malformed candidate paths that failed the re-pricing check
2026-09-01 11:00:23,747 path set: 24679 paths over 17389/20000 OD pairs (86.7% of flow served), 121500 legs
2026-09-01 11:00:23,790 period early   : 24679 paths, 20000 OD pairs
2026-09-01 11:00:23,800 path enumeration: 20000 OD pairs, 636 origin zones, 3 scenarios, cap 4 paths/OD
2026-09-01 11:01:22,180 rejected 70 malformed candidate paths that failed the re-pricing check
2026-09-01 11:01:22,287 path set: 28770 paths over 19279/20000 OD pairs (96.2% of flow served), 141769 legs
2026-09-01 11:01:22,346 period am_peak : 28770 paths, 20000 OD pairs
2026-09-01 11:01:22,357 path enumeration: 20000 OD pairs, 636 origin zones, 3 scenarios, cap 4 paths/OD
2026-09-01 11:02:12,123 rejected 69 malformed candidate paths that failed the re-pricing check
2026-09-01 11:02:12,207 path set: 24102 paths over 17390/20000 OD pairs (86.7% of flow served), 118812 legs
2026-09-01 11:02:12,248 period midday  : 24102 paths, 20000 OD pairs
2026-09-01 11:02:12,259 path enumeration: 20000 OD pairs, 636 origin zones, 3 scenarios, cap 4 paths/OD
2026-09-01 11:03:08,288 rejected 118 malformed candidate paths that failed the re-pricing check
2026-09-01 11:03:08,403 path set: 27995 paths over 18674/20000 OD pairs (93.6% of flow served), 139784 legs
2026-09-01 11:03:08,461 period pm_peak : 27995 paths, 20000 OD pairs
2026-09-01 11:03:08,472 path enumeration: 20000 OD pairs, 636 origin zones, 3 scenarios, cap 4 paths/OD
2026-09-01 11:04:01,543 rejected 79 malformed candidate paths that failed the re-pricing check
2026-09-01 11:04:01,630 path set: 24061 paths over 17387/20000 OD pairs (86.7% of flow served), 118377 legs
2026-09-01 11:04:01,671 period evening : 24061 paths, 20000 OD pairs
2026-09-01 11:04:01,681 path enumeration: 20000 OD pairs, 636 origin zones, 3 scenarios, cap 4 paths/OD
2026-09-01 11:04:50,418 rejected 126 malformed candidate paths that failed the re-pricing check
2026-09-01 11:04:50,497 path set: 22698 paths over 17007/20000 OD pairs (85.1% of flow served), 111991 legs
2026-09-01 11:04:50,535 period owl     : 22698 paths, 20000 OD pairs
2026-09-01 11:04:50,536 locking 28 route-periods across 14 routes in classes ('peak_express',)
2026-09-01 11:04:50,567      incumbent rescaled x1.0005
2026-09-01 11:15:04,136 solve lambda=2.0: obj=2.95591e+06 vh=2515.6/2517.2 exchanges=0
2026-09-01 11:15:04,709 change_terminal-023-EASHAMN#357bdf4fa511       seed 20260826 obj=2955913.398986 restarts=20 conv=True adm=True 931s
2026-09-01 11:15:04,712 stopping cleanly: 1180s needed for change_terminal-023-EASHAMN#357bdf4fa511/20260828, 669s left
2026-09-01 11:15:04,712 slice ran 1 cells
2026-09-01 11:15:07,515 3.1-stageB: 148 cells remaining, 74 in this shard
2026-09-01 11:15:07,610 cache hit  baseline-a5bf710e8b2c9129 (53.2 MB, 0.1s)
2026-09-01 11:15:07,653 cache hit  raptor-51c3309f35ffd25f (0.6 MB, 0.0s)
2026-09-01 11:15:07,654 cache hit  zones-77edf71b615ba370 (0.2 MB, 0.0s)
2026-09-01 11:15:07,655 cache hit  od-ba345b9cb167aecb (0.5 MB, 0.0s)
2026-09-01 11:15:07,674 route classes: {'all_day': 25, 'peak_express': 14}
2026-09-01 11:15:08,102 footpaths: 15573 links (9 from transfers.txt)
2026-09-01 11:15:08,111 raptor network: 2949 stops, 111 patterns, 15573 footpaths
2026-09-01 11:15:08,224 zones: 1397 (637 with transit access within 600 m), 3938 access links
2026-09-01 11:15:08,234 route classes: {'all_day': 25, 'peak_express': 14}
2026-09-01 11:15:08,297 evaluator pricing: common_lines=same_route (explicit)
2026-09-01 11:15:08,360 path enumeration: 20000 OD pairs, 636 origin zones, 3 scenarios, cap 4 paths/OD
2026-09-01 11:15:58,781 rejected 91 malformed candidate paths that failed the re-pricing check
2026-09-01 11:15:58,865 path set: 24679 paths over 17389/20000 OD pairs (86.7% of flow served), 121500 legs
2026-09-01 11:15:58,903 period early   : 24679 paths, 20000 OD pairs
2026-09-01 11:15:58,918 path enumeration: 20000 OD pairs, 636 origin zones, 3 scenarios, cap 4 paths/OD
2026-09-01 11:16:57,058 rejected 70 malformed candidate paths that failed the re-pricing check
2026-09-01 11:16:57,156 path set: 28770 paths over 19279/20000 OD pairs (96.2% of flow served), 141769 legs
2026-09-01 11:16:57,203 period am_peak : 28770 paths, 20000 OD pairs
2026-09-01 11:16:57,213 path enumeration: 20000 OD pairs, 636 origin zones, 3 scenarios, cap 4 paths/OD
2026-09-01 11:17:48,661 rejected 69 malformed candidate paths that failed the re-pricing check
2026-09-01 11:17:48,750 path set: 24102 paths over 17390/20000 OD pairs (86.7% of flow served), 118812 legs
2026-09-01 11:17:48,792 period midday  : 24102 paths, 20000 OD pairs
2026-09-01 11:17:48,802 path enumeration: 20000 OD pairs, 636 origin zones, 3 scenarios, cap 4 paths/OD
2026-09-01 11:18:43,465 rejected 118 malformed candidate paths that failed the re-pricing check
2026-09-01 11:18:43,564 path set: 27995 paths over 18674/20000 OD pairs (93.6% of flow served), 139784 legs
2026-09-01 11:18:43,611 period pm_peak : 27995 paths, 20000 OD pairs
2026-09-01 11:18:43,621 path enumeration: 20000 OD pairs, 636 origin zones, 3 scenarios, cap 4 paths/OD
2026-09-01 11:19:36,764 rejected 79 malformed candidate paths that failed the re-pricing check
2026-09-01 11:19:36,848 path set: 24061 paths over 17387/20000 OD pairs (86.7% of flow served), 118377 legs
2026-09-01 11:19:36,891 period evening : 24061 paths, 20000 OD pairs
2026-09-01 11:19:36,902 path enumeration: 20000 OD pairs, 636 origin zones, 3 scenarios, cap 4 paths/OD
2026-09-01 11:20:26,803 rejected 126 malformed candidate paths that failed the re-pricing check
2026-09-01 11:20:26,882 path set: 22698 paths over 17007/20000 OD pairs (85.1% of flow served), 111991 legs
2026-09-01 11:20:26,926 period owl     : 22698 paths, 20000 OD pairs
2026-09-01 11:20:26,926 locking 28 route-periods across 14 routes in classes ('peak_express',)
2026-09-01 11:20:26,960      incumbent rescaled x1.0005
2026-09-01 11:46:01,089 3.1-stageB: 147 cells remaining, 74 in this shard
2026-09-01 11:46:01,762 cache hit  baseline-a5bf710e8b2c9129 (53.2 MB, 0.5s)
2026-09-01 11:46:01,804 cache hit  raptor-51c3309f35ffd25f (0.6 MB, 0.0s)
2026-09-01 11:46:01,804 cache hit  zones-77edf71b615ba370 (0.2 MB, 0.0s)
2026-09-01 11:46:01,805 cache hit  od-ba345b9cb167aecb (0.5 MB, 0.0s)
2026-09-01 11:46:01,826 route classes: {'all_day': 25, 'peak_express': 14}
2026-09-01 11:46:02,178 footpaths: 15573 links (9 from transfers.txt)
2026-09-01 11:46:02,186 raptor network: 2949 stops, 111 patterns, 15573 footpaths
2026-09-01 11:46:02,281 zones: 1397 (637 with transit access within 600 m), 3938 access links
2026-09-01 11:46:02,289 route classes: {'all_day': 25, 'peak_express': 14}
2026-09-01 11:46:02,347 evaluator pricing: common_lines=same_route (explicit)
2026-09-01 11:46:02,398 path enumeration: 20000 OD pairs, 636 origin zones, 3 scenarios, cap 4 paths/OD
2026-09-01 11:46:43,698 rejected 91 malformed candidate paths that failed the re-pricing check
2026-09-01 11:46:43,836 path set: 24679 paths over 17389/20000 OD pairs (86.7% of flow served), 121500 legs
2026-09-01 11:46:43,879 period early   : 24679 paths, 20000 OD pairs
2026-09-01 11:46:43,889 path enumeration: 20000 OD pairs, 636 origin zones, 3 scenarios, cap 4 paths/OD
2026-09-01 11:47:31,531 rejected 70 malformed candidate paths that failed the re-pricing check
2026-09-01 11:47:31,739 path set: 28770 paths over 19279/20000 OD pairs (96.2% of flow served), 141769 legs
2026-09-01 11:47:31,792 period am_peak : 28770 paths, 20000 OD pairs
2026-09-01 11:47:31,806 path enumeration: 20000 OD pairs, 636 origin zones, 3 scenarios, cap 4 paths/OD
2026-09-01 11:48:14,365 rejected 69 malformed candidate paths that failed the re-pricing check
2026-09-01 11:48:14,524 path set: 24102 paths over 17390/20000 OD pairs (86.7% of flow served), 118812 legs
2026-09-01 11:48:14,570 period midday  : 24102 paths, 20000 OD pairs
2026-09-01 11:48:14,581 path enumeration: 20000 OD pairs, 636 origin zones, 3 scenarios, cap 4 paths/OD
2026-09-01 11:49:01,499 rejected 118 malformed candidate paths that failed the re-pricing check
2026-09-01 11:49:01,674 path set: 27995 paths over 18674/20000 OD pairs (93.6% of flow served), 139784 legs
2026-09-01 11:49:01,723 period pm_peak : 27995 paths, 20000 OD pairs
2026-09-01 11:49:01,733 path enumeration: 20000 OD pairs, 636 origin zones, 3 scenarios, cap 4 paths/OD
2026-09-01 11:49:46,600 rejected 79 malformed candidate paths that failed the re-pricing check
2026-09-01 11:49:46,739 path set: 24061 paths over 17387/20000 OD pairs (86.7% of flow served), 118377 legs
2026-09-01 11:49:46,784 period evening : 24061 paths, 20000 OD pairs
2026-09-01 11:49:46,794 path enumeration: 20000 OD pairs, 636 origin zones, 3 scenarios, cap 4 paths/OD
2026-09-01 11:50:29,414 rejected 126 malformed candidate paths that failed the re-pricing check
2026-09-01 11:50:29,502 path set: 22698 paths over 17007/20000 OD pairs (85.1% of flow served), 111991 legs
2026-09-01 11:50:29,544 period owl     : 22698 paths, 20000 OD pairs
2026-09-01 11:50:29,544 locking 28 route-periods across 14 routes in classes ('peak_express',)
2026-09-01 11:50:29,576      incumbent rescaled x1.0005
2026-09-01 20:50:52,041 3.1-stageB: 147 cells remaining, 74 in this shard
2026-09-01 20:50:52,761 cache hit  baseline-a5bf710e8b2c9129 (53.2 MB, 0.7s)
2026-09-01 20:50:52,812 cache hit  raptor-51c3309f35ffd25f (0.6 MB, 0.0s)
2026-09-01 20:50:52,812 cache hit  zones-77edf71b615ba370 (0.2 MB, 0.0s)
2026-09-01 20:50:52,813 cache hit  od-ba345b9cb167aecb (0.5 MB, 0.0s)
2026-09-01 20:50:52,840 route classes: {'all_day': 25, 'peak_express': 14}
2026-09-01 20:50:53,383 footpaths: 15573 links (9 from transfers.txt)
2026-09-01 20:50:53,394 raptor network: 2949 stops, 111 patterns, 15573 footpaths
2026-09-01 20:50:53,498 zones: 1397 (637 with transit access within 600 m), 3938 access links
2026-09-01 20:50:53,508 route classes: {'all_day': 25, 'peak_express': 14}
2026-09-01 20:50:53,580 evaluator pricing: common_lines=same_route (explicit)
2026-09-01 20:50:53,637 path enumeration: 20000 OD pairs, 636 origin zones, 3 scenarios, cap 4 paths/OD
2026-09-01 20:51:40,032 rejected 91 malformed candidate paths that failed the re-pricing check
2026-09-01 20:51:40,132 path set: 24679 paths over 17389/20000 OD pairs (86.7% of flow served), 121500 legs
2026-09-01 20:51:40,182 period early   : 24679 paths, 20000 OD pairs
2026-09-01 20:51:40,193 path enumeration: 20000 OD pairs, 636 origin zones, 3 scenarios, cap 4 paths/OD
2026-09-01 20:52:30,961 rejected 70 malformed candidate paths that failed the re-pricing check
2026-09-01 20:52:31,167 path set: 28770 paths over 19279/20000 OD pairs (96.2% of flow served), 141769 legs
2026-09-01 20:52:31,227 period am_peak : 28770 paths, 20000 OD pairs
2026-09-01 20:52:31,238 path enumeration: 20000 OD pairs, 636 origin zones, 3 scenarios, cap 4 paths/OD
2026-09-01 20:53:17,102 rejected 69 malformed candidate paths that failed the re-pricing check
2026-09-01 20:53:17,286 path set: 24102 paths over 17390/20000 OD pairs (86.7% of flow served), 118812 legs
2026-09-01 20:53:17,328 period midday  : 24102 paths, 20000 OD pairs
2026-09-01 20:53:17,339 path enumeration: 20000 OD pairs, 636 origin zones, 3 scenarios, cap 4 paths/OD
2026-09-01 20:54:06,250 rejected 118 malformed candidate paths that failed the re-pricing check
2026-09-01 20:54:06,471 path set: 27995 paths over 18674/20000 OD pairs (93.6% of flow served), 139784 legs
2026-09-01 20:54:06,531 period pm_peak : 27995 paths, 20000 OD pairs
2026-09-01 20:54:06,541 path enumeration: 20000 OD pairs, 636 origin zones, 3 scenarios, cap 4 paths/OD
2026-09-01 20:54:53,710 rejected 79 malformed candidate paths that failed the re-pricing check
2026-09-01 20:54:53,918 path set: 24061 paths over 17387/20000 OD pairs (86.7% of flow served), 118377 legs
2026-09-01 20:54:53,967 period evening : 24061 paths, 20000 OD pairs
2026-09-01 20:54:53,977 path enumeration: 20000 OD pairs, 636 origin zones, 3 scenarios, cap 4 paths/OD
2026-09-01 20:55:37,943 rejected 126 malformed candidate paths that failed the re-pricing check
2026-09-01 20:55:38,058 path set: 22698 paths over 17007/20000 OD pairs (85.1% of flow served), 111991 legs
2026-09-01 20:55:38,103 period owl     : 22698 paths, 20000 OD pairs
2026-09-01 20:55:38,103 locking 28 route-periods across 14 routes in classes ('peak_express',)
2026-09-01 20:55:38,135      incumbent rescaled x1.0005
2026-09-01 21:06:00,798 solve lambda=2.0: obj=2.95591e+06 vh=2515.6/2517.2 exchanges=0
2026-09-01 21:06:03,111 change_terminal-023-EASHAMN#357bdf4fa511       seed 20260828 obj=2955913.398986 restarts=20 conv=True adm=True 910s
2026-09-01 21:06:04,629 stopping cleanly: 760s needed for change_terminal-101-EMO4THW#56a30c84c920/20260825, 687s left
2026-09-01 21:06:04,629 slice ran 1 cells
2026-09-01 21:06:07,067 3.1-stageB: 146 cells remaining, 73 in this shard
2026-09-01 21:06:07,185 cache hit  baseline-a5bf710e8b2c9129 (53.2 MB, 0.1s)
2026-09-01 21:06:07,219 cache hit  raptor-51c3309f35ffd25f (0.6 MB, 0.0s)
2026-09-01 21:06:07,219 cache hit  zones-77edf71b615ba370 (0.2 MB, 0.0s)
2026-09-01 21:06:07,220 cache hit  od-ba345b9cb167aecb (0.5 MB, 0.0s)
2026-09-01 21:06:07,237 route classes: {'all_day': 25, 'peak_express': 14}
2026-09-01 21:06:07,889 footpaths: 15573 links (9 from transfers.txt)
2026-09-01 21:06:07,900 raptor network: 2949 stops, 111 patterns, 15573 footpaths
2026-09-01 21:06:08,010 zones: 1397 (637 with transit access within 600 m), 3938 access links
2026-09-01 21:06:08,019 route classes: {'all_day': 25, 'peak_express': 14}
2026-09-01 21:06:08,081 evaluator pricing: common_lines=same_route (explicit)
2026-09-01 21:06:08,088 period early   : 24686 paths, 20000 OD pairs
2026-09-01 21:06:08,094 period am_peak : 28785 paths, 20000 OD pairs
2026-09-01 21:06:08,104 period midday  : 24115 paths, 20000 OD pairs
2026-09-01 21:06:08,109 period pm_peak : 28007 paths, 20000 OD pairs
2026-09-01 21:06:08,114 period evening : 24077 paths, 20000 OD pairs
2026-09-01 21:06:08,119 period owl     : 22679 paths, 20000 OD pairs
2026-09-01 21:06:08,119 locking 28 route-periods across 14 routes in classes ('peak_express',)
2026-09-01 21:16:44,773 solve lambda=2.0: obj=2.95546e+06 vh=2515.4/2517.2 exchanges=0
2026-09-01 21:16:44,794 change_terminal-101-EMO4THW#56a30c84c920       seed 20260825 obj=2955456.516353 restarts=20 conv=True adm=True 637s
2026-09-01 21:16:44,796 stopping cleanly: 1180s needed for change_terminal-101-EMO4THW#56a30c84c920/20260827, 962s left
2026-09-01 21:16:44,796 slice ran 1 cells
2026-09-01 21:16:47,406 3.1-stageB: 144 cells remaining, 72 in this shard
2026-09-01 21:16:47,513 cache hit  baseline-a5bf710e8b2c9129 (53.2 MB, 0.1s)
2026-09-01 21:16:47,558 cache hit  raptor-51c3309f35ffd25f (0.6 MB, 0.0s)
2026-09-01 21:16:47,559 cache hit  zones-77edf71b615ba370 (0.2 MB, 0.0s)
2026-09-01 21:16:47,560 cache hit  od-ba345b9cb167aecb (0.5 MB, 0.0s)
2026-09-01 21:16:47,583 route classes: {'all_day': 25, 'peak_express': 14}
2026-09-01 21:16:47,986 footpaths: 15573 links (9 from transfers.txt)
2026-09-01 21:16:47,997 raptor network: 2949 stops, 111 patterns, 15573 footpaths
2026-09-01 21:16:48,099 zones: 1397 (637 with transit access within 600 m), 3938 access links
2026-09-01 21:16:48,108 route classes: {'all_day': 25, 'peak_express': 14}
2026-09-01 21:16:48,171 evaluator pricing: common_lines=same_route (explicit)
2026-09-01 21:16:48,228 path enumeration: 20000 OD pairs, 636 origin zones, 3 scenarios, cap 4 paths/OD
2026-09-01 21:17:32,622 rejected 93 malformed candidate paths that failed the re-pricing check
2026-09-01 21:17:32,746 path set: 24686 paths over 17388/20000 OD pairs (86.7% of flow served), 121466 legs
2026-09-01 21:17:32,790 period early   : 24686 paths, 20000 OD pairs
2026-09-01 21:17:32,801 path enumeration: 20000 OD pairs, 636 origin zones, 3 scenarios, cap 4 paths/OD
2026-09-01 21:18:22,217 rejected 72 malformed candidate paths that failed the re-pricing check
2026-09-01 21:18:22,327 path set: 28785 paths over 19278/20000 OD pairs (96.2% of flow served), 141756 legs
2026-09-01 21:18:22,379 period am_peak : 28785 paths, 20000 OD pairs
2026-09-01 21:18:22,389 path enumeration: 20000 OD pairs, 636 origin zones, 3 scenarios, cap 4 paths/OD
2026-09-01 21:19:05,628 rejected 71 malformed candidate paths that failed the re-pricing check
2026-09-01 21:19:05,721 path set: 24115 paths over 17389/20000 OD pairs (86.7% of flow served), 118797 legs
2026-09-01 21:19:05,767 period midday  : 24115 paths, 20000 OD pairs
2026-09-01 21:19:05,777 path enumeration: 20000 OD pairs, 636 origin zones, 3 scenarios, cap 4 paths/OD
2026-09-01 21:19:52,922 rejected 120 malformed candidate paths that failed the re-pricing check
2026-09-01 21:19:53,098 path set: 28007 paths over 18673/20000 OD pairs (93.6% of flow served), 139758 legs
2026-09-01 21:19:53,151 period pm_peak : 28007 paths, 20000 OD pairs
2026-09-01 21:19:53,161 path enumeration: 20000 OD pairs, 636 origin zones, 3 scenarios, cap 4 paths/OD
2026-09-01 21:20:39,555 rejected 82 malformed candidate paths that failed the re-pricing check
2026-09-01 21:20:39,760 path set: 24077 paths over 17386/20000 OD pairs (86.6% of flow served), 118369 legs
2026-09-01 21:20:39,810 period evening : 24077 paths, 20000 OD pairs
2026-09-01 21:20:39,820 path enumeration: 20000 OD pairs, 636 origin zones, 3 scenarios, cap 4 paths/OD
2026-09-01 21:21:21,838 rejected 129 malformed candidate paths that failed the re-pricing check
2026-09-01 21:21:21,947 path set: 22679 paths over 17006/20000 OD pairs (85.1% of flow served), 111780 legs
2026-09-01 21:21:21,994 period owl     : 22679 paths, 20000 OD pairs
2026-09-01 21:21:21,994 locking 28 route-periods across 14 routes in classes ('peak_express',)
2026-09-01 21:28:58,264 3.1-stageB: 143 cells remaining, 72 in this shard
2026-09-01 21:28:58,676 cache hit  baseline-a5bf710e8b2c9129 (53.2 MB, 0.4s)
2026-09-01 21:28:58,718 cache hit  raptor-51c3309f35ffd25f (0.6 MB, 0.0s)
2026-09-01 21:28:58,718 cache hit  zones-77edf71b615ba370 (0.2 MB, 0.0s)
2026-09-01 21:28:58,719 cache hit  od-ba345b9cb167aecb (0.5 MB, 0.0s)
2026-09-01 21:28:58,744 route classes: {'all_day': 25, 'peak_express': 14}
2026-09-01 21:28:59,122 footpaths: 15573 links (9 from transfers.txt)
2026-09-01 21:28:59,130 raptor network: 2949 stops, 111 patterns, 15573 footpaths
2026-09-01 21:28:59,229 zones: 1397 (637 with transit access within 600 m), 3938 access links
2026-09-01 21:28:59,237 route classes: {'all_day': 25, 'peak_express': 14}
2026-09-01 21:28:59,307 evaluator pricing: common_lines=same_route (explicit)
2026-09-01 21:28:59,356 path enumeration: 20000 OD pairs, 636 origin zones, 3 scenarios, cap 4 paths/OD
2026-09-01 21:29:42,013 rejected 93 malformed candidate paths that failed the re-pricing check
2026-09-01 21:29:42,219 path set: 24686 paths over 17388/20000 OD pairs (86.7% of flow served), 121466 legs
2026-09-01 21:29:42,252 period early   : 24686 paths, 20000 OD pairs
2026-09-01 21:29:42,262 path enumeration: 20000 OD pairs, 636 origin zones, 3 scenarios, cap 4 paths/OD
2026-09-01 21:30:28,977 rejected 72 malformed candidate paths that failed the re-pricing check
2026-09-01 21:30:29,149 path set: 28785 paths over 19278/20000 OD pairs (96.2% of flow served), 141756 legs
2026-09-01 21:30:29,203 period am_peak : 28785 paths, 20000 OD pairs
2026-09-01 21:30:29,213 path enumeration: 20000 OD pairs, 636 origin zones, 3 scenarios, cap 4 paths/OD
2026-09-01 21:31:12,264 rejected 71 malformed candidate paths that failed the re-pricing check
2026-09-01 21:31:12,392 path set: 24115 paths over 17389/20000 OD pairs (86.7% of flow served), 118797 legs
2026-09-01 21:31:12,426 period midday  : 24115 paths, 20000 OD pairs
2026-09-01 21:31:12,437 path enumeration: 20000 OD pairs, 636 origin zones, 3 scenarios, cap 4 paths/OD
2026-09-01 21:31:59,540 rejected 120 malformed candidate paths that failed the re-pricing check
2026-09-01 21:31:59,739 path set: 28007 paths over 18673/20000 OD pairs (93.6% of flow served), 139758 legs
2026-09-01 21:31:59,796 period pm_peak : 28007 paths, 20000 OD pairs
2026-09-01 21:31:59,806 path enumeration: 20000 OD pairs, 636 origin zones, 3 scenarios, cap 4 paths/OD
2026-09-01 21:32:46,169 rejected 82 malformed candidate paths that failed the re-pricing check
2026-09-01 21:32:46,306 path set: 24077 paths over 17386/20000 OD pairs (86.6% of flow served), 118369 legs
2026-09-01 21:32:46,347 period evening : 24077 paths, 20000 OD pairs
2026-09-01 21:32:46,357 path enumeration: 20000 OD pairs, 636 origin zones, 3 scenarios, cap 4 paths/OD
2026-09-01 21:33:27,987 rejected 129 malformed candidate paths that failed the re-pricing check
2026-09-01 21:33:28,090 path set: 22679 paths over 17006/20000 OD pairs (85.1% of flow served), 111780 legs
2026-09-01 21:33:28,129 period owl     : 22679 paths, 20000 OD pairs
2026-09-01 21:33:28,129 locking 28 route-periods across 14 routes in classes ('peak_express',)
2026-09-01 21:43:08,367 solve lambda=2.0: obj=2.95546e+06 vh=2515.4/2517.2 exchanges=0
2026-09-01 21:43:09,028 change_terminal-101-EMO4THW#56a30c84c920       seed 20260827 obj=2955456.516353 restarts=20 conv=True adm=True 850s
2026-09-01 21:43:09,031 stopping cleanly: 1180s needed for change_terminal-101-EMO4THW#56a30c84c920/20260829, 749s left
2026-09-01 21:43:09,031 slice ran 1 cells
2026-09-01 21:43:11,570 3.1-stageB: 142 cells remaining, 71 in this shard
2026-09-01 21:43:11,830 cache hit  baseline-a5bf710e8b2c9129 (53.2 MB, 0.3s)
2026-09-01 21:43:11,862 cache hit  raptor-51c3309f35ffd25f (0.6 MB, 0.0s)
2026-09-01 21:43:11,863 cache hit  zones-77edf71b615ba370 (0.2 MB, 0.0s)
2026-09-01 21:43:11,864 cache hit  od-ba345b9cb167aecb (0.5 MB, 0.0s)
2026-09-01 21:43:11,874 route classes: {'all_day': 25, 'peak_express': 14}
2026-09-01 21:43:12,225 footpaths: 15573 links (9 from transfers.txt)
2026-09-01 21:43:12,234 raptor network: 2949 stops, 111 patterns, 15573 footpaths
2026-09-01 21:43:12,328 zones: 1397 (637 with transit access within 600 m), 3938 access links
2026-09-01 21:43:12,336 route classes: {'all_day': 25, 'peak_express': 14}
2026-09-01 21:43:12,393 evaluator pricing: common_lines=same_route (explicit)
2026-09-01 21:43:12,441 path enumeration: 20000 OD pairs, 636 origin zones, 3 scenarios, cap 4 paths/OD
2026-09-01 21:43:55,437 rejected 93 malformed candidate paths that failed the re-pricing check
2026-09-01 21:43:55,603 path set: 24686 paths over 17388/20000 OD pairs (86.7% of flow served), 121466 legs
2026-09-01 21:43:55,648 period early   : 24686 paths, 20000 OD pairs
2026-09-01 21:43:55,659 path enumeration: 20000 OD pairs, 636 origin zones, 3 scenarios, cap 4 paths/OD
2026-09-01 21:44:43,547 rejected 72 malformed candidate paths that failed the re-pricing check
2026-09-01 21:44:43,854 path set: 28785 paths over 19278/20000 OD pairs (96.2% of flow served), 141756 legs
2026-09-01 21:44:43,907 period am_peak : 28785 paths, 20000 OD pairs
2026-09-01 21:44:43,918 path enumeration: 20000 OD pairs, 636 origin zones, 3 scenarios, cap 4 paths/OD
2026-09-01 21:45:27,537 rejected 71 malformed candidate paths that failed the re-pricing check
2026-09-01 21:45:27,684 path set: 24115 paths over 17389/20000 OD pairs (86.7% of flow served), 118797 legs
2026-09-01 21:45:27,730 period midday  : 24115 paths, 20000 OD pairs
2026-09-01 21:45:27,741 path enumeration: 20000 OD pairs, 636 origin zones, 3 scenarios, cap 4 paths/OD
2026-09-01 21:46:15,364 rejected 120 malformed candidate paths that failed the re-pricing check
2026-09-01 21:46:15,553 path set: 28007 paths over 18673/20000 OD pairs (93.6% of flow served), 139758 legs
2026-09-01 21:46:15,607 period pm_peak : 28007 paths, 20000 OD pairs
2026-09-01 21:46:15,618 path enumeration: 20000 OD pairs, 636 origin zones, 3 scenarios, cap 4 paths/OD
2026-09-01 21:47:01,287 rejected 82 malformed candidate paths that failed the re-pricing check
2026-09-01 21:47:01,378 path set: 24077 paths over 17386/20000 OD pairs (86.6% of flow served), 118369 legs
2026-09-01 21:47:01,422 period evening : 24077 paths, 20000 OD pairs
2026-09-01 21:47:01,432 path enumeration: 20000 OD pairs, 636 origin zones, 3 scenarios, cap 4 paths/OD
2026-09-01 21:47:43,405 rejected 129 malformed candidate paths that failed the re-pricing check
2026-09-01 21:47:43,495 path set: 22679 paths over 17006/20000 OD pairs (85.1% of flow served), 111780 legs
2026-09-01 21:47:43,537 period owl     : 22679 paths, 20000 OD pairs
2026-09-01 21:47:43,537 locking 28 route-periods across 14 routes in classes ('peak_express',)
2026-09-01 21:57:44,589 solve lambda=2.0: obj=2.95546e+06 vh=2515.4/2517.2 exchanges=0
2026-09-01 21:57:45,178 change_terminal-101-EMO4THW#56a30c84c920       seed 20260829 obj=2955456.516353 restarts=20 conv=True adm=True 873s
2026-09-01 21:57:45,181 stopping cleanly: 1180s needed for change_terminal-141-STAHIGW#b5ce9b1e03b5/20260826, 726s left
2026-09-01 21:57:45,181 slice ran 1 cells
2026-09-01 21:57:47,729 3.1-stageB: 139 cells remaining, 70 in this shard
2026-09-01 21:57:47,855 cache hit  baseline-a5bf710e8b2c9129 (53.2 MB, 0.1s)
2026-09-01 21:57:47,895 cache hit  raptor-51c3309f35ffd25f (0.6 MB, 0.0s)
2026-09-01 21:57:47,895 cache hit  zones-77edf71b615ba370 (0.2 MB, 0.0s)
2026-09-01 21:57:47,896 cache hit  od-ba345b9cb167aecb (0.5 MB, 0.0s)
2026-09-01 21:57:47,915 route classes: {'all_day': 25, 'peak_express': 14}
2026-09-01 21:57:48,298 footpaths: 15560 links (8 from transfers.txt)
2026-09-01 21:57:48,306 raptor network: 2948 stops, 111 patterns, 15560 footpaths
2026-09-01 21:57:48,398 zones: 1397 (637 with transit access within 600 m), 3938 access links
2026-09-01 21:57:48,407 route classes: {'all_day': 25, 'peak_express': 14}
2026-09-01 21:57:48,463 evaluator pricing: common_lines=same_route (explicit)
2026-09-01 21:57:48,512 path enumeration: 20000 OD pairs, 636 origin zones, 3 scenarios, cap 4 paths/OD
2026-09-01 21:58:31,383 rejected 94 malformed candidate paths that failed the re-pricing check
2026-09-01 21:58:31,492 path set: 24666 paths over 17388/20000 OD pairs (86.7% of flow served), 121378 legs
2026-09-01 21:58:31,537 period early   : 24666 paths, 20000 OD pairs
2026-09-01 21:58:31,548 path enumeration: 20000 OD pairs, 636 origin zones, 3 scenarios, cap 4 paths/OD
2026-09-01 21:59:19,070 rejected 81 malformed candidate paths that failed the re-pricing check
2026-09-01 21:59:19,234 path set: 28763 paths over 19278/20000 OD pairs (96.2% of flow served), 141585 legs
2026-09-01 21:59:19,285 period am_peak : 28763 paths, 20000 OD pairs
2026-09-01 21:59:19,294 path enumeration: 20000 OD pairs, 636 origin zones, 3 scenarios, cap 4 paths/OD
2026-09-01 22:00:02,508 rejected 73 malformed candidate paths that failed the re-pricing check
2026-09-01 22:00:02,659 path set: 24098 paths over 17389/20000 OD pairs (86.7% of flow served), 118674 legs
2026-09-01 22:00:02,705 period midday  : 24098 paths, 20000 OD pairs
2026-09-01 22:00:02,715 path enumeration: 20000 OD pairs, 636 origin zones, 3 scenarios, cap 4 paths/OD
2026-09-01 22:00:49,358 rejected 122 malformed candidate paths that failed the re-pricing check
2026-09-01 22:00:49,556 path set: 28015 paths over 18673/20000 OD pairs (93.6% of flow served), 139759 legs
2026-09-01 22:00:49,613 period pm_peak : 28015 paths, 20000 OD pairs
2026-09-01 22:00:49,625 path enumeration: 20000 OD pairs, 636 origin zones, 3 scenarios, cap 4 paths/OD
2026-09-01 22:01:35,005 rejected 82 malformed candidate paths that failed the re-pricing check
2026-09-01 22:01:35,148 path set: 24048 paths over 17386/20000 OD pairs (86.6% of flow served), 118189 legs
2026-09-01 22:01:35,194 period evening : 24048 paths, 20000 OD pairs
2026-09-01 22:01:35,205 path enumeration: 20000 OD pairs, 636 origin zones, 3 scenarios, cap 4 paths/OD
2026-09-01 22:02:16,017 rejected 129 malformed candidate paths that failed the re-pricing check
2026-09-01 22:02:16,143 path set: 22662 paths over 17006/20000 OD pairs (85.1% of flow served), 111687 legs
2026-09-01 22:02:16,185 period owl     : 22662 paths, 20000 OD pairs
2026-09-01 22:02:16,185 locking 28 route-periods across 14 routes in classes ('peak_express',)
2026-09-01 22:02:16,215      incumbent rescaled x1.0001
2026-09-01 22:15:50,471 3.1-stageB: 138 cells remaining, 70 in this shard
2026-09-01 22:15:51,107 cache hit  baseline-a5bf710e8b2c9129 (53.2 MB, 0.6s)
2026-09-01 22:15:51,153 cache hit  raptor-51c3309f35ffd25f (0.6 MB, 0.0s)
2026-09-01 22:15:51,154 cache hit  zones-77edf71b615ba370 (0.2 MB, 0.0s)
2026-09-01 22:15:51,155 cache hit  od-ba345b9cb167aecb (0.5 MB, 0.0s)
2026-09-01 22:15:51,175 route classes: {'all_day': 25, 'peak_express': 14}
2026-09-01 22:15:51,545 footpaths: 15560 links (8 from transfers.txt)
2026-09-01 22:15:51,554 raptor network: 2948 stops, 111 patterns, 15560 footpaths
2026-09-01 22:15:51,652 zones: 1397 (637 with transit access within 600 m), 3938 access links
2026-09-01 22:15:51,660 route classes: {'all_day': 25, 'peak_express': 14}
2026-09-01 22:15:51,725 evaluator pricing: common_lines=same_route (explicit)
2026-09-01 22:15:51,773 path enumeration: 20000 OD pairs, 636 origin zones, 3 scenarios, cap 4 paths/OD
2026-09-01 22:16:35,550 rejected 94 malformed candidate paths that failed the re-pricing check
2026-09-01 22:16:35,790 path set: 24666 paths over 17388/20000 OD pairs (86.7% of flow served), 121378 legs
2026-09-01 22:16:35,836 period early   : 24666 paths, 20000 OD pairs
2026-09-01 22:16:35,845 path enumeration: 20000 OD pairs, 636 origin zones, 3 scenarios, cap 4 paths/OD
2026-09-01 22:17:25,007 rejected 81 malformed candidate paths that failed the re-pricing check
2026-09-01 22:17:25,225 path set: 28763 paths over 19278/20000 OD pairs (96.2% of flow served), 141585 legs
2026-09-01 22:17:25,281 period am_peak : 28763 paths, 20000 OD pairs
2026-09-01 22:17:25,291 path enumeration: 20000 OD pairs, 636 origin zones, 3 scenarios, cap 4 paths/OD
2026-09-01 22:18:08,302 rejected 73 malformed candidate paths that failed the re-pricing check
2026-09-01 22:18:08,442 path set: 24098 paths over 17389/20000 OD pairs (86.7% of flow served), 118674 legs
2026-09-01 22:18:08,491 period midday  : 24098 paths, 20000 OD pairs
2026-09-01 22:18:08,501 path enumeration: 20000 OD pairs, 636 origin zones, 3 scenarios, cap 4 paths/OD
2026-09-01 22:18:56,532 rejected 122 malformed candidate paths that failed the re-pricing check
2026-09-01 22:18:56,745 path set: 28015 paths over 18673/20000 OD pairs (93.6% of flow served), 139759 legs
2026-09-01 22:18:56,804 period pm_peak : 28015 paths, 20000 OD pairs
2026-09-01 22:18:56,815 path enumeration: 20000 OD pairs, 636 origin zones, 3 scenarios, cap 4 paths/OD
2026-09-01 22:19:43,653 rejected 82 malformed candidate paths that failed the re-pricing check
2026-09-01 22:19:43,820 path set: 24048 paths over 17386/20000 OD pairs (86.6% of flow served), 118189 legs
2026-09-01 22:19:43,871 period evening : 24048 paths, 20000 OD pairs
2026-09-01 22:19:43,882 path enumeration: 20000 OD pairs, 636 origin zones, 3 scenarios, cap 4 paths/OD
2026-09-01 22:20:25,941 rejected 129 malformed candidate paths that failed the re-pricing check
2026-09-01 22:20:26,044 path set: 22662 paths over 17006/20000 OD pairs (85.1% of flow served), 111687 legs
2026-09-01 22:20:26,088 period owl     : 22662 paths, 20000 OD pairs
2026-09-01 22:20:26,089 locking 28 route-periods across 14 routes in classes ('peak_express',)
2026-09-01 22:20:26,119      incumbent rescaled x1.0001
2026-09-01 22:25:36,919 3.1-stageB: 138 cells remaining, 70 in this shard
2026-09-01 22:25:37,490 cache hit  baseline-a5bf710e8b2c9129 (53.2 MB, 0.6s)
2026-09-01 22:25:37,530 cache hit  raptor-51c3309f35ffd25f (0.6 MB, 0.0s)
2026-09-01 22:25:37,532 cache hit  zones-77edf71b615ba370 (0.2 MB, 0.0s)
2026-09-01 22:25:37,533 cache hit  od-ba345b9cb167aecb (0.5 MB, 0.0s)
2026-09-01 22:25:37,553 route classes: {'all_day': 25, 'peak_express': 14}
2026-09-01 22:25:37,911 footpaths: 15560 links (8 from transfers.txt)
2026-09-01 22:25:37,919 raptor network: 2948 stops, 111 patterns, 15560 footpaths
2026-09-01 22:25:38,020 zones: 1397 (637 with transit access within 600 m), 3938 access links
2026-09-01 22:25:38,028 route classes: {'all_day': 25, 'peak_express': 14}
2026-09-01 22:25:38,089 evaluator pricing: common_lines=same_route (explicit)
2026-09-01 22:25:38,139 path enumeration: 20000 OD pairs, 636 origin zones, 3 scenarios, cap 4 paths/OD
2026-09-01 22:26:20,014 rejected 94 malformed candidate paths that failed the re-pricing check
2026-09-01 22:26:20,233 path set: 24666 paths over 17388/20000 OD pairs (86.7% of flow served), 121378 legs
2026-09-01 22:26:20,279 period early   : 24666 paths, 20000 OD pairs
2026-09-01 22:26:20,289 path enumeration: 20000 OD pairs, 636 origin zones, 3 scenarios, cap 4 paths/OD
2026-09-01 22:27:08,631 rejected 81 malformed candidate paths that failed the re-pricing check
2026-09-01 22:27:08,861 path set: 28763 paths over 19278/20000 OD pairs (96.2% of flow served), 141585 legs
2026-09-01 22:27:08,913 period am_peak : 28763 paths, 20000 OD pairs
2026-09-01 22:27:08,923 path enumeration: 20000 OD pairs, 636 origin zones, 3 scenarios, cap 4 paths/OD
2026-09-01 22:27:51,612 rejected 73 malformed candidate paths that failed the re-pricing check
2026-09-01 22:27:51,773 path set: 24098 paths over 17389/20000 OD pairs (86.7% of flow served), 118674 legs
2026-09-01 22:27:51,824 period midday  : 24098 paths, 20000 OD pairs
2026-09-01 22:27:51,836 path enumeration: 20000 OD pairs, 636 origin zones, 3 scenarios, cap 4 paths/OD
2026-09-01 22:28:38,375 rejected 122 malformed candidate paths that failed the re-pricing check
2026-09-01 22:28:38,537 path set: 28015 paths over 18673/20000 OD pairs (93.6% of flow served), 139759 legs
2026-09-01 22:28:38,588 period pm_peak : 28015 paths, 20000 OD pairs
2026-09-01 22:28:38,598 path enumeration: 20000 OD pairs, 636 origin zones, 3 scenarios, cap 4 paths/OD
2026-09-01 22:29:23,705 rejected 82 malformed candidate paths that failed the re-pricing check
2026-09-01 22:29:23,883 path set: 24048 paths over 17386/20000 OD pairs (86.6% of flow served), 118189 legs
2026-09-01 22:29:23,929 period evening : 24048 paths, 20000 OD pairs
2026-09-01 22:29:23,940 path enumeration: 20000 OD pairs, 636 origin zones, 3 scenarios, cap 4 paths/OD
2026-09-01 22:30:03,670 rejected 129 malformed candidate paths that failed the re-pricing check
2026-09-01 22:30:03,838 path set: 22662 paths over 17006/20000 OD pairs (85.1% of flow served), 111687 legs
2026-09-01 22:30:03,880 period owl     : 22662 paths, 20000 OD pairs
2026-09-01 22:30:03,881 locking 28 route-periods across 14 routes in classes ('peak_express',)
2026-09-01 22:30:03,912      incumbent rescaled x1.0001
2026-09-01 22:39:41,567 solve lambda=2.0: obj=2.95575e+06 vh=2515.1/2517.2 exchanges=0
2026-09-01 22:39:42,035 change_terminal-141-STAHIGW#b5ce9b1e03b5       seed 20260826 obj=2955749.902083 restarts=20 conv=True adm=True 844s
2026-09-01 22:39:42,037 stopping cleanly: 1180s needed for change_terminal-141-STAHIGW#b5ce9b1e03b5/20260828, 755s left
2026-09-01 22:39:42,037 slice ran 1 cells
2026-09-01 22:39:44,514 3.1-stageB: 136 cells remaining, 69 in this shard
2026-09-01 22:39:44,669 cache hit  baseline-a5bf710e8b2c9129 (53.2 MB, 0.2s)
2026-09-01 22:39:44,701 cache hit  raptor-51c3309f35ffd25f (0.6 MB, 0.0s)
2026-09-01 22:39:44,702 cache hit  zones-77edf71b615ba370 (0.2 MB, 0.0s)
2026-09-01 22:39:44,703 cache hit  od-ba345b9cb167aecb (0.5 MB, 0.0s)
2026-09-01 22:39:44,714 route classes: {'all_day': 25, 'peak_express': 14}
2026-09-01 22:39:45,084 footpaths: 15560 links (8 from transfers.txt)
2026-09-01 22:39:45,093 raptor network: 2948 stops, 111 patterns, 15560 footpaths
2026-09-01 22:39:45,188 zones: 1397 (637 with transit access within 600 m), 3938 access links
2026-09-01 22:39:45,197 route classes: {'all_day': 25, 'peak_express': 14}
2026-09-01 22:39:45,254 evaluator pricing: common_lines=same_route (explicit)
2026-09-01 22:39:45,307 path enumeration: 20000 OD pairs, 636 origin zones, 3 scenarios, cap 4 paths/OD
2026-09-01 22:40:26,097 rejected 94 malformed candidate paths that failed the re-pricing check
2026-09-01 22:40:26,183 path set: 24666 paths over 17388/20000 OD pairs (86.7% of flow served), 121378 legs
2026-09-01 22:40:26,227 period early   : 24666 paths, 20000 OD pairs
2026-09-01 22:40:26,240 path enumeration: 20000 OD pairs, 636 origin zones, 3 scenarios, cap 4 paths/OD
2026-09-01 22:41:12,794 rejected 81 malformed candidate paths that failed the re-pricing check
2026-09-01 22:41:13,006 path set: 28763 paths over 19278/20000 OD pairs (96.2% of flow served), 141585 legs
2026-09-01 22:41:13,062 period am_peak : 28763 paths, 20000 OD pairs
2026-09-01 22:41:13,072 path enumeration: 20000 OD pairs, 636 origin zones, 3 scenarios, cap 4 paths/OD
2026-09-01 22:41:55,025 rejected 73 malformed candidate paths that failed the re-pricing check
2026-09-01 22:41:55,197 path set: 24098 paths over 17389/20000 OD pairs (86.7% of flow served), 118674 legs
2026-09-01 22:41:55,241 period midday  : 24098 paths, 20000 OD pairs
2026-09-01 22:41:55,251 path enumeration: 20000 OD pairs, 636 origin zones, 3 scenarios, cap 4 paths/OD
2026-09-01 22:42:40,915 rejected 122 malformed candidate paths that failed the re-pricing check
2026-09-01 22:42:41,111 path set: 28015 paths over 18673/20000 OD pairs (93.6% of flow served), 139759 legs
2026-09-01 22:42:41,168 period pm_peak : 28015 paths, 20000 OD pairs
2026-09-01 22:42:41,178 path enumeration: 20000 OD pairs, 636 origin zones, 3 scenarios, cap 4 paths/OD
2026-09-01 22:43:25,829 rejected 82 malformed candidate paths that failed the re-pricing check
2026-09-01 22:43:25,983 path set: 24048 paths over 17386/20000 OD pairs (86.6% of flow served), 118189 legs
2026-09-01 22:43:26,027 period evening : 24048 paths, 20000 OD pairs
2026-09-01 22:43:26,038 path enumeration: 20000 OD pairs, 636 origin zones, 3 scenarios, cap 4 paths/OD
2026-09-01 22:44:07,728 rejected 129 malformed candidate paths that failed the re-pricing check
2026-09-01 22:44:07,922 path set: 22662 paths over 17006/20000 OD pairs (85.1% of flow served), 111687 legs
2026-09-01 22:44:07,967 period owl     : 22662 paths, 20000 OD pairs
2026-09-01 22:44:07,967 locking 28 route-periods across 14 routes in classes ('peak_express',)
2026-09-01 22:44:07,998      incumbent rescaled x1.0001
2026-09-01 22:53:34,464 solve lambda=2.0: obj=2.95575e+06 vh=2515.1/2517.2 exchanges=0
2026-09-01 22:53:35,382 change_terminal-141-STAHIGW#b5ce9b1e03b5       seed 20260828 obj=2955749.902083 restarts=20 conv=True adm=True 831s
2026-09-01 22:53:36,791 footpaths: 15573 links (9 from transfers.txt)
2026-09-01 22:53:36,801 raptor network: 2949 stops, 111 patterns, 15573 footpaths
2026-09-01 22:53:36,909 zones: 1397 (637 with transit access within 600 m), 3938 access links
2026-09-01 22:53:36,919 route classes: {'all_day': 25, 'peak_express': 14}
2026-09-01 22:53:36,983 evaluator pricing: common_lines=same_route (explicit)
2026-09-01 22:53:36,989 period early   : 24668 paths, 20000 OD pairs
2026-09-01 22:53:36,994 period am_peak : 28762 paths, 20000 OD pairs
2026-09-01 22:53:36,999 period midday  : 24097 paths, 20000 OD pairs
2026-09-01 22:53:37,004 period pm_peak : 27986 paths, 20000 OD pairs
2026-09-01 22:53:37,009 period evening : 24058 paths, 20000 OD pairs
2026-09-01 22:53:37,013 period owl     : 22669 paths, 20000 OD pairs
2026-09-01 22:53:37,013 locking 28 route-periods across 14 routes in classes ('peak_express',)
2026-09-01 22:53:37,041      incumbent rescaled x1.0041
2026-09-01 23:02:47,873 solve lambda=2.0: obj=2.95602e+06 vh=2513.7/2517.2 exchanges=0
2026-09-01 23:02:47,896 extend-023#292a06c5a525                        seed 20260825 obj=2956019.521225 restarts=20 conv=True adm=True 551s
2026-09-01 23:02:47,897 stopping cleanly: 1180s needed for extend-023#292a06c5a525/20260827, 217s left
2026-09-01 23:02:47,897 slice ran 2 cells
2026-09-01 23:02:50,474 3.1-stageB: 133 cells remaining, 67 in this shard
2026-09-01 23:02:50,598 cache hit  baseline-a5bf710e8b2c9129 (53.2 MB, 0.1s)
2026-09-01 23:02:50,638 cache hit  raptor-51c3309f35ffd25f (0.6 MB, 0.0s)
2026-09-01 23:02:50,639 cache hit  zones-77edf71b615ba370 (0.2 MB, 0.0s)
2026-09-01 23:02:50,640 cache hit  od-ba345b9cb167aecb (0.5 MB, 0.0s)
2026-09-01 23:02:50,659 route classes: {'all_day': 25, 'peak_express': 14}
2026-09-01 23:02:51,022 footpaths: 15573 links (9 from transfers.txt)
2026-09-01 23:02:51,030 raptor network: 2949 stops, 111 patterns, 15573 footpaths
2026-09-01 23:02:51,128 zones: 1397 (637 with transit access within 600 m), 3938 access links
2026-09-01 23:02:51,136 route classes: {'all_day': 25, 'peak_express': 14}
2026-09-01 23:02:51,223 evaluator pricing: common_lines=same_route (explicit)
2026-09-01 23:02:51,280 path enumeration: 20000 OD pairs, 636 origin zones, 3 scenarios, cap 4 paths/OD
2026-09-01 23:03:33,770 rejected 94 malformed candidate paths that failed the re-pricing check
2026-09-01 23:03:33,869 path set: 24668 paths over 17388/20000 OD pairs (86.7% of flow served), 121381 legs
2026-09-01 23:03:33,912 period early   : 24668 paths, 20000 OD pairs
2026-09-01 23:03:33,923 path enumeration: 20000 OD pairs, 636 origin zones, 3 scenarios, cap 4 paths/OD
2026-09-01 23:04:22,949 rejected 73 malformed candidate paths that failed the re-pricing check
2026-09-01 23:04:23,068 path set: 28762 paths over 19278/20000 OD pairs (96.2% of flow served), 141632 legs
2026-09-01 23:04:23,118 period am_peak : 28762 paths, 20000 OD pairs
2026-09-01 23:04:23,128 path enumeration: 20000 OD pairs, 636 origin zones, 3 scenarios, cap 4 paths/OD
2026-09-01 23:05:05,935 rejected 72 malformed candidate paths that failed the re-pricing check
2026-09-01 23:05:06,053 path set: 24097 paths over 17389/20000 OD pairs (86.7% of flow served), 118697 legs
2026-09-01 23:05:06,097 period midday  : 24097 paths, 20000 OD pairs
2026-09-01 23:05:06,108 path enumeration: 20000 OD pairs, 636 origin zones, 3 scenarios, cap 4 paths/OD
2026-09-01 23:05:52,644 rejected 121 malformed candidate paths that failed the re-pricing check
2026-09-01 23:05:52,806 path set: 27986 paths over 18673/20000 OD pairs (93.6% of flow served), 139640 legs
2026-09-01 23:05:52,877 period pm_peak : 27986 paths, 20000 OD pairs
2026-09-01 23:05:52,887 path enumeration: 20000 OD pairs, 636 origin zones, 3 scenarios, cap 4 paths/OD
2026-09-01 23:06:37,385 rejected 82 malformed candidate paths that failed the re-pricing check
2026-09-01 23:06:37,480 path set: 24058 paths over 17386/20000 OD pairs (86.6% of flow served), 118267 legs
2026-09-01 23:06:37,525 period evening : 24058 paths, 20000 OD pairs
2026-09-01 23:06:37,535 path enumeration: 20000 OD pairs, 636 origin zones, 3 scenarios, cap 4 paths/OD
2026-09-01 23:07:19,041 rejected 129 malformed candidate paths that failed the re-pricing check
2026-09-01 23:07:19,158 path set: 22669 paths over 17006/20000 OD pairs (85.1% of flow served), 111737 legs
2026-09-01 23:07:19,201 period owl     : 22669 paths, 20000 OD pairs
2026-09-01 23:07:19,201 locking 28 route-periods across 14 routes in classes ('peak_express',)
2026-09-01 23:07:19,231      incumbent rescaled x1.0041
2026-09-01 23:16:55,367 solve lambda=2.0: obj=2.95599e+06 vh=2514.9/2517.2 exchanges=35
2026-09-01 23:16:56,058 extend-023#292a06c5a525                        seed 20260827 obj=2955991.495863 restarts=20 conv=True adm=True 845s
2026-09-01 23:16:56,061 stopping cleanly: 1180s needed for extend-023#292a06c5a525/20260829, 754s left
2026-09-01 23:16:56,061 slice ran 1 cells
2026-09-01 23:16:58,850 3.1-stageB: 131 cells remaining, 66 in this shard
2026-09-01 23:16:58,947 cache hit  baseline-a5bf710e8b2c9129 (53.2 MB, 0.1s)
2026-09-01 23:16:58,980 cache hit  raptor-51c3309f35ffd25f (0.6 MB, 0.0s)
2026-09-01 23:16:58,981 cache hit  zones-77edf71b615ba370 (0.2 MB, 0.0s)
2026-09-01 23:16:58,982 cache hit  od-ba345b9cb167aecb (0.5 MB, 0.0s)
2026-09-01 23:16:58,993 route classes: {'all_day': 25, 'peak_express': 14}
2026-09-01 23:16:59,346 footpaths: 15573 links (9 from transfers.txt)
2026-09-01 23:16:59,355 raptor network: 2949 stops, 111 patterns, 15573 footpaths
2026-09-01 23:16:59,449 zones: 1397 (637 with transit access within 600 m), 3938 access links
2026-09-01 23:16:59,458 route classes: {'all_day': 25, 'peak_express': 14}
2026-09-01 23:16:59,515 evaluator pricing: common_lines=same_route (explicit)
2026-09-01 23:16:59,568 path enumeration: 20000 OD pairs, 636 origin zones, 3 scenarios, cap 4 paths/OD
2026-09-01 23:17:41,537 rejected 94 malformed candidate paths that failed the re-pricing check
2026-09-01 23:17:41,635 path set: 24668 paths over 17388/20000 OD pairs (86.7% of flow served), 121381 legs
2026-09-01 23:17:41,680 period early   : 24668 paths, 20000 OD pairs
2026-09-01 23:17:41,691 path enumeration: 20000 OD pairs, 636 origin zones, 3 scenarios, cap 4 paths/OD
2026-09-01 23:18:27,884 rejected 73 malformed candidate paths that failed the re-pricing check
2026-09-01 23:18:27,990 path set: 28762 paths over 19278/20000 OD pairs (96.2% of flow served), 141632 legs
2026-09-01 23:18:28,038 period am_peak : 28762 paths, 20000 OD pairs
2026-09-01 23:18:28,048 path enumeration: 20000 OD pairs, 636 origin zones, 3 scenarios, cap 4 paths/OD
2026-09-01 23:19:10,475 rejected 72 malformed candidate paths that failed the re-pricing check
2026-09-01 23:19:10,569 path set: 24097 paths over 17389/20000 OD pairs (86.7% of flow served), 118697 legs
2026-09-01 23:19:10,613 period midday  : 24097 paths, 20000 OD pairs
2026-09-01 23:19:10,624 path enumeration: 20000 OD pairs, 636 origin zones, 3 scenarios, cap 4 paths/OD
2026-09-01 23:19:56,980 rejected 121 malformed candidate paths that failed the re-pricing check
2026-09-01 23:19:57,083 path set: 27986 paths over 18673/20000 OD pairs (93.6% of flow served), 139640 legs
2026-09-01 23:19:57,134 period pm_peak : 27986 paths, 20000 OD pairs
2026-09-01 23:19:57,144 path enumeration: 20000 OD pairs, 636 origin zones, 3 scenarios, cap 4 paths/OD
2026-09-01 23:20:41,757 rejected 82 malformed candidate paths that failed the re-pricing check
2026-09-01 23:20:41,848 path set: 24058 paths over 17386/20000 OD pairs (86.6% of flow served), 118267 legs
2026-09-01 23:20:41,892 period evening : 24058 paths, 20000 OD pairs
2026-09-01 23:20:41,902 path enumeration: 20000 OD pairs, 636 origin zones, 3 scenarios, cap 4 paths/OD
2026-09-01 23:21:22,522 rejected 129 malformed candidate paths that failed the re-pricing check
2026-09-01 23:21:22,617 path set: 22669 paths over 17006/20000 OD pairs (85.1% of flow served), 111737 legs
2026-09-01 23:21:22,667 period owl     : 22669 paths, 20000 OD pairs
2026-09-01 23:21:22,668 locking 28 route-periods across 14 routes in classes ('peak_express',)
2026-09-01 23:21:22,700      incumbent rescaled x1.0041
2026-09-01 23:31:18,464 solve lambda=2.0: obj=2.95594e+06 vh=2516.0/2517.2 exchanges=38
2026-09-01 23:31:18,958 extend-023#292a06c5a525                        seed 20260829 obj=2955939.877770 restarts=20 conv=True adm=True 860s
2026-09-01 23:31:18,961 stopping cleanly: 1180s needed for extend-024#26db14321a47/20260826, 740s left
2026-09-01 23:31:18,961 slice ran 1 cells
2026-09-01 23:31:21,474 3.1-stageB: 129 cells remaining, 65 in this shard
2026-09-01 23:31:21,558 cache hit  baseline-a5bf710e8b2c9129 (53.2 MB, 0.1s)
2026-09-01 23:31:21,591 cache hit  raptor-51c3309f35ffd25f (0.6 MB, 0.0s)
2026-09-01 23:31:21,591 cache hit  zones-77edf71b615ba370 (0.2 MB, 0.0s)
2026-09-01 23:31:21,592 cache hit  od-ba345b9cb167aecb (0.5 MB, 0.0s)
2026-09-01 23:31:21,604 route classes: {'all_day': 25, 'peak_express': 14}
2026-09-01 23:31:21,944 footpaths: 15573 links (9 from transfers.txt)
2026-09-01 23:31:21,952 raptor network: 2949 stops, 111 patterns, 15573 footpaths
2026-09-01 23:31:22,045 zones: 1397 (637 with transit access within 600 m), 3938 access links
2026-09-01 23:31:22,053 route classes: {'all_day': 25, 'peak_express': 14}
2026-09-01 23:31:22,107 evaluator pricing: common_lines=same_route (explicit)
2026-09-01 23:31:22,152 path enumeration: 20000 OD pairs, 636 origin zones, 3 scenarios, cap 4 paths/OD
2026-09-01 23:32:04,465 rejected 94 malformed candidate paths that failed the re-pricing check
2026-09-01 23:32:04,559 path set: 24659 paths over 17388/20000 OD pairs (86.7% of flow served), 121281 legs
2026-09-01 23:32:04,595 period early   : 24659 paths, 20000 OD pairs
2026-09-01 23:32:04,605 path enumeration: 20000 OD pairs, 636 origin zones, 3 scenarios, cap 4 paths/OD
2026-09-01 23:32:52,216 rejected 73 malformed candidate paths that failed the re-pricing check
2026-09-01 23:32:52,322 path set: 28775 paths over 19278/20000 OD pairs (96.2% of flow served), 141651 legs
2026-09-01 23:32:52,372 period am_peak : 28775 paths, 20000 OD pairs
2026-09-01 23:32:52,382 path enumeration: 20000 OD pairs, 636 origin zones, 3 scenarios, cap 4 paths/OD
2026-09-01 23:33:34,664 rejected 72 malformed candidate paths that failed the re-pricing check
2026-09-01 23:33:34,765 path set: 24108 paths over 17389/20000 OD pairs (86.7% of flow served), 118703 legs
2026-09-01 23:33:34,828 period midday  : 24108 paths, 20000 OD pairs
2026-09-01 23:33:34,838 path enumeration: 20000 OD pairs, 636 origin zones, 3 scenarios, cap 4 paths/OD
2026-09-01 23:34:23,004 rejected 121 malformed candidate paths that failed the re-pricing check
2026-09-01 23:34:23,117 path set: 27996 paths over 18673/20000 OD pairs (93.6% of flow served), 139641 legs
2026-09-01 23:34:23,168 period pm_peak : 27996 paths, 20000 OD pairs
2026-09-01 23:34:23,179 path enumeration: 20000 OD pairs, 636 origin zones, 3 scenarios, cap 4 paths/OD
2026-09-01 23:35:09,191 rejected 82 malformed candidate paths that failed the re-pricing check
2026-09-01 23:35:09,290 path set: 24069 paths over 17386/20000 OD pairs (86.6% of flow served), 118273 legs
2026-09-01 23:35:09,336 period evening : 24069 paths, 20000 OD pairs
2026-09-01 23:35:09,347 path enumeration: 20000 OD pairs, 636 origin zones, 3 scenarios, cap 4 paths/OD
2026-09-01 23:35:50,958 rejected 129 malformed candidate paths that failed the re-pricing check
2026-09-01 23:35:51,047 path set: 22682 paths over 17006/20000 OD pairs (85.1% of flow served), 111749 legs
2026-09-01 23:35:51,089 period owl     : 22682 paths, 20000 OD pairs
2026-09-01 23:35:51,089 locking 28 route-periods across 14 routes in classes ('peak_express',)
2026-09-01 23:35:51,122      incumbent rescaled x1.0038
2026-09-01 23:45:51,576 solve lambda=2.0: obj=2.95531e+06 vh=2515.1/2517.2 exchanges=0
2026-09-01 23:45:52,054 extend-024#26db14321a47                        seed 20260826 obj=2955312.306261 restarts=20 conv=True adm=True 870s
2026-09-01 23:45:52,057 stopping cleanly: 1180s needed for extend-024#26db14321a47/20260828, 729s left
2026-09-01 23:45:52,057 slice ran 1 cells
2026-09-01 23:45:54,671 3.1-stageB: 127 cells remaining, 64 in this shard
2026-09-01 23:45:54,764 cache hit  baseline-a5bf710e8b2c9129 (53.2 MB, 0.1s)
2026-09-01 23:45:54,810 cache hit  raptor-51c3309f35ffd25f (0.6 MB, 0.0s)
2026-09-01 23:45:54,811 cache hit  zones-77edf71b615ba370 (0.2 MB, 0.0s)
2026-09-01 23:45:54,812 cache hit  od-ba345b9cb167aecb (0.5 MB, 0.0s)
2026-09-01 23:45:54,832 route classes: {'all_day': 25, 'peak_express': 14}
2026-09-01 23:45:55,211 footpaths: 15573 links (9 from transfers.txt)
2026-09-01 23:45:55,220 raptor network: 2949 stops, 111 patterns, 15573 footpaths
2026-09-01 23:45:55,316 zones: 1397 (637 with transit access within 600 m), 3938 access links
2026-09-01 23:45:55,326 route classes: {'all_day': 25, 'peak_express': 14}
2026-09-01 23:45:55,387 evaluator pricing: common_lines=same_route (explicit)
2026-09-01 23:45:55,442 path enumeration: 20000 OD pairs, 636 origin zones, 3 scenarios, cap 4 paths/OD
2026-09-01 23:46:39,169 rejected 94 malformed candidate paths that failed the re-pricing check
2026-09-01 23:46:39,269 path set: 24659 paths over 17388/20000 OD pairs (86.7% of flow served), 121281 legs
2026-09-01 23:46:39,314 period early   : 24659 paths, 20000 OD pairs
2026-09-01 23:46:39,325 path enumeration: 20000 OD pairs, 636 origin zones, 3 scenarios, cap 4 paths/OD
2026-09-01 23:47:27,304 rejected 73 malformed candidate paths that failed the re-pricing check
2026-09-01 23:47:27,416 path set: 28775 paths over 19278/20000 OD pairs (96.2% of flow served), 141651 legs
2026-09-01 23:47:27,470 period am_peak : 28775 paths, 20000 OD pairs
2026-09-01 23:47:27,480 path enumeration: 20000 OD pairs, 636 origin zones, 3 scenarios, cap 4 paths/OD
2026-09-01 23:48:10,825 rejected 72 malformed candidate paths that failed the re-pricing check
2026-09-01 23:48:10,920 path set: 24108 paths over 17389/20000 OD pairs (86.7% of flow served), 118703 legs
2026-09-01 23:48:10,963 period midday  : 24108 paths, 20000 OD pairs
2026-09-01 23:48:10,974 path enumeration: 20000 OD pairs, 636 origin zones, 3 scenarios, cap 4 paths/OD
2026-09-01 23:48:56,478 rejected 121 malformed candidate paths that failed the re-pricing check
2026-09-01 23:48:56,586 path set: 27996 paths over 18673/20000 OD pairs (93.6% of flow served), 139641 legs
2026-09-01 23:48:56,635 period pm_peak : 27996 paths, 20000 OD pairs
2026-09-01 23:48:56,644 path enumeration: 20000 OD pairs, 636 origin zones, 3 scenarios, cap 4 paths/OD
2026-09-01 23:49:40,756 rejected 82 malformed candidate paths that failed the re-pricing check
2026-09-01 23:49:40,852 path set: 24069 paths over 17386/20000 OD pairs (86.6% of flow served), 118273 legs
2026-09-01 23:49:40,897 period evening : 24069 paths, 20000 OD pairs
2026-09-01 23:49:40,908 path enumeration: 20000 OD pairs, 636 origin zones, 3 scenarios, cap 4 paths/OD
2026-09-01 23:50:21,685 rejected 129 malformed candidate paths that failed the re-pricing check
2026-09-01 23:50:21,775 path set: 22682 paths over 17006/20000 OD pairs (85.1% of flow served), 111749 legs
2026-09-01 23:50:21,816 period owl     : 22682 paths, 20000 OD pairs
2026-09-01 23:50:21,816 locking 28 route-periods across 14 routes in classes ('peak_express',)
2026-09-01 23:50:21,847      incumbent rescaled x1.0038
2026-09-02 00:00:30,253 solve lambda=2.0: obj=2.95531e+06 vh=2515.1/2517.2 exchanges=0
2026-09-02 00:00:30,615 extend-024#26db14321a47                        seed 20260828 obj=2955312.306261 restarts=20 conv=True adm=True 876s
2026-09-02 00:00:31,871 stopping cleanly: 760s needed for extend-025#441ece050fe8/20260825, 723s left
2026-09-02 00:00:31,871 slice ran 1 cells
2026-09-02 00:00:34,494 3.1-stageB: 124 cells remaining, 63 in this shard
2026-09-02 00:00:34,589 cache hit  baseline-a5bf710e8b2c9129 (53.2 MB, 0.1s)
2026-09-02 00:00:34,637 cache hit  raptor-51c3309f35ffd25f (0.6 MB, 0.0s)
2026-09-02 00:00:34,638 cache hit  zones-77edf71b615ba370 (0.2 MB, 0.0s)
2026-09-02 00:00:34,639 cache hit  od-ba345b9cb167aecb (0.5 MB, 0.0s)
2026-09-02 00:00:34,660 route classes: {'all_day': 25, 'peak_express': 14}
2026-09-02 00:00:35,178 footpaths: 15573 links (9 from transfers.txt)
2026-09-02 00:00:35,187 raptor network: 2949 stops, 111 patterns, 15573 footpaths
2026-09-02 00:00:35,324 zones: 1397 (637 with transit access within 600 m), 3938 access links
2026-09-02 00:00:35,336 route classes: {'all_day': 25, 'peak_express': 14}
2026-09-02 00:00:35,399 evaluator pricing: common_lines=same_route (explicit)
2026-09-02 00:00:35,411 period early   : 24653 paths, 20000 OD pairs
2026-09-02 00:00:35,417 period am_peak : 28777 paths, 20000 OD pairs
2026-09-02 00:00:35,422 period midday  : 24117 paths, 20000 OD pairs
2026-09-02 00:00:35,427 period pm_peak : 28005 paths, 20000 OD pairs
2026-09-02 00:00:35,432 period evening : 24081 paths, 20000 OD pairs
2026-09-02 00:00:35,437 period owl     : 22672 paths, 20000 OD pairs
2026-09-02 00:00:35,437 locking 28 route-periods across 14 routes in classes ('peak_express',)
2026-09-02 00:00:35,469      incumbent rescaled x1.0022
2026-09-02 00:10:35,888 solve lambda=2.0: obj=2.95361e+06 vh=2515.6/2517.2 exchanges=52
2026-09-02 00:10:35,907 extend-025#441ece050fe8                        seed 20260825 obj=2953608.847379 restarts=20 conv=True adm=True 601s
2026-09-02 00:10:35,910 stopping cleanly: 1180s needed for extend-025#441ece050fe8/20260827, 999s left
2026-09-02 00:10:35,910 slice ran 1 cells
2026-09-02 00:10:38,603 3.1-stageB: 123 cells remaining, 62 in this shard
2026-09-02 00:10:38,690 cache hit  baseline-a5bf710e8b2c9129 (53.2 MB, 0.1s)
2026-09-02 00:10:38,724 cache hit  raptor-51c3309f35ffd25f (0.6 MB, 0.0s)
2026-09-02 00:10:38,725 cache hit  zones-77edf71b615ba370 (0.2 MB, 0.0s)
2026-09-02 00:10:38,726 cache hit  od-ba345b9cb167aecb (0.5 MB, 0.0s)
2026-09-02 00:10:38,737 route classes: {'all_day': 25, 'peak_express': 14}
2026-09-02 00:10:39,108 footpaths: 15573 links (9 from transfers.txt)
2026-09-02 00:10:39,117 raptor network: 2949 stops, 111 patterns, 15573 footpaths
2026-09-02 00:10:39,217 zones: 1397 (637 with transit access within 600 m), 3938 access links
2026-09-02 00:10:39,225 route classes: {'all_day': 25, 'peak_express': 14}
2026-09-02 00:10:39,284 evaluator pricing: common_lines=same_route (explicit)
2026-09-02 00:10:39,334 path enumeration: 20000 OD pairs, 636 origin zones, 3 scenarios, cap 4 paths/OD
2026-09-02 00:11:22,213 rejected 94 malformed candidate paths that failed the re-pricing check
2026-09-02 00:11:22,302 path set: 24653 paths over 17388/20000 OD pairs (86.7% of flow served), 120972 legs
2026-09-02 00:11:22,345 period early   : 24653 paths, 20000 OD pairs
2026-09-02 00:11:22,355 path enumeration: 20000 OD pairs, 636 origin zones, 3 scenarios, cap 4 paths/OD
2026-09-02 00:12:10,472 rejected 73 malformed candidate paths that failed the re-pricing check
2026-09-02 00:12:10,582 path set: 28777 paths over 19278/20000 OD pairs (96.2% of flow served), 141372 legs
2026-09-02 00:12:10,635 period am_peak : 28777 paths, 20000 OD pairs
2026-09-02 00:12:10,645 path enumeration: 20000 OD pairs, 636 origin zones, 3 scenarios, cap 4 paths/OD
2026-09-02 00:12:54,048 rejected 71 malformed candidate paths that failed the re-pricing check
2026-09-02 00:12:54,148 path set: 24117 paths over 17389/20000 OD pairs (86.7% of flow served), 118456 legs
2026-09-02 00:12:54,195 period midday  : 24117 paths, 20000 OD pairs
2026-09-02 00:12:54,205 path enumeration: 20000 OD pairs, 636 origin zones, 3 scenarios, cap 4 paths/OD
2026-09-02 00:13:41,024 rejected 121 malformed candidate paths that failed the re-pricing check
2026-09-02 00:13:41,184 path set: 28005 paths over 18673/20000 OD pairs (93.6% of flow served), 139383 legs
2026-09-02 00:13:41,229 period pm_peak : 28005 paths, 20000 OD pairs
2026-09-02 00:13:41,240 path enumeration: 20000 OD pairs, 636 origin zones, 3 scenarios, cap 4 paths/OD
2026-09-02 00:14:26,687 rejected 82 malformed candidate paths that failed the re-pricing check
2026-09-02 00:14:26,778 path set: 24081 paths over 17386/20000 OD pairs (86.6% of flow served), 118062 legs
2026-09-02 00:14:26,822 period evening : 24081 paths, 20000 OD pairs
2026-09-02 00:14:26,832 path enumeration: 20000 OD pairs, 636 origin zones, 3 scenarios, cap 4 paths/OD
2026-09-02 00:15:07,622 rejected 129 malformed candidate paths that failed the re-pricing check
2026-09-02 00:15:07,705 path set: 22672 paths over 17006/20000 OD pairs (85.1% of flow served), 111390 legs
2026-09-02 00:15:07,751 period owl     : 22672 paths, 20000 OD pairs
2026-09-02 00:15:07,751 locking 28 route-periods across 14 routes in classes ('peak_express',)
2026-09-02 00:15:07,781      incumbent rescaled x1.0022
2026-09-02 00:25:09,466 solve lambda=2.0: obj=2.95393e+06 vh=2516.0/2517.2 exchanges=49
2026-09-02 00:25:09,845 extend-025#441ece050fe8                        seed 20260827 obj=2953926.843552 restarts=20 conv=True adm=True 871s
2026-09-02 00:25:09,848 stopping cleanly: 1180s needed for extend-025#441ece050fe8/20260829, 729s left
2026-09-02 00:25:09,848 slice ran 1 cells
2026-09-02 00:25:12,227 3.1-stageB: 120 cells remaining, 61 in this shard
2026-09-02 00:25:12,310 cache hit  baseline-a5bf710e8b2c9129 (53.2 MB, 0.1s)
2026-09-02 00:25:12,349 cache hit  raptor-51c3309f35ffd25f (0.6 MB, 0.0s)
2026-09-02 00:25:12,350 cache hit  zones-77edf71b615ba370 (0.2 MB, 0.0s)
2026-09-02 00:25:12,351 cache hit  od-ba345b9cb167aecb (0.5 MB, 0.0s)
2026-09-02 00:25:12,370 route classes: {'all_day': 25, 'peak_express': 14}
2026-09-02 00:25:12,705 footpaths: 15573 links (9 from transfers.txt)
2026-09-02 00:25:12,713 raptor network: 2949 stops, 111 patterns, 15573 footpaths
2026-09-02 00:25:12,801 zones: 1397 (637 with transit access within 600 m), 3938 access links
2026-09-02 00:25:12,810 route classes: {'all_day': 25, 'peak_express': 14}
2026-09-02 00:25:12,866 evaluator pricing: common_lines=same_route (explicit)
2026-09-02 00:25:12,918 path enumeration: 20000 OD pairs, 636 origin zones, 3 scenarios, cap 4 paths/OD
2026-09-02 00:25:53,476 rejected 94 malformed candidate paths that failed the re-pricing check
2026-09-02 00:25:53,563 path set: 24653 paths over 17388/20000 OD pairs (86.7% of flow served), 120972 legs
2026-09-02 00:25:53,594 period early   : 24653 paths, 20000 OD pairs
2026-09-02 00:25:53,604 path enumeration: 20000 OD pairs, 636 origin zones, 3 scenarios, cap 4 paths/OD
2026-09-02 00:26:40,123 rejected 73 malformed candidate paths that failed the re-pricing check
2026-09-02 00:26:40,234 path set: 28777 paths over 19278/20000 OD pairs (96.2% of flow served), 141372 legs
2026-09-02 00:26:40,285 period am_peak : 28777 paths, 20000 OD pairs
2026-09-02 00:26:40,295 path enumeration: 20000 OD pairs, 636 origin zones, 3 scenarios, cap 4 paths/OD
2026-09-02 00:27:23,346 rejected 71 malformed candidate paths that failed the re-pricing check
2026-09-02 00:27:23,440 path set: 24117 paths over 17389/20000 OD pairs (86.7% of flow served), 118456 legs
2026-09-02 00:27:23,492 period midday  : 24117 paths, 20000 OD pairs
2026-09-02 00:27:23,503 path enumeration: 20000 OD pairs, 636 origin zones, 3 scenarios, cap 4 paths/OD
2026-09-02 00:28:10,317 rejected 121 malformed candidate paths that failed the re-pricing check
2026-09-02 00:28:10,424 path set: 28005 paths over 18673/20000 OD pairs (93.6% of flow served), 139383 legs
2026-09-02 00:28:10,474 period pm_peak : 28005 paths, 20000 OD pairs
2026-09-02 00:28:10,484 path enumeration: 20000 OD pairs, 636 origin zones, 3 scenarios, cap 4 paths/OD
2026-09-02 00:28:55,179 rejected 82 malformed candidate paths that failed the re-pricing check
2026-09-02 00:28:55,306 path set: 24081 paths over 17386/20000 OD pairs (86.6% of flow served), 118062 legs
2026-09-02 00:28:55,350 period evening : 24081 paths, 20000 OD pairs
2026-09-02 00:28:55,361 path enumeration: 20000 OD pairs, 636 origin zones, 3 scenarios, cap 4 paths/OD
2026-09-02 00:29:36,475 rejected 129 malformed candidate paths that failed the re-pricing check
2026-09-02 00:29:36,612 path set: 22672 paths over 17006/20000 OD pairs (85.1% of flow served), 111390 legs
2026-09-02 00:29:36,651 period owl     : 22672 paths, 20000 OD pairs
2026-09-02 00:29:36,651 locking 28 route-periods across 14 routes in classes ('peak_express',)
2026-09-02 00:29:36,681      incumbent rescaled x1.0022
2026-09-02 00:39:52,517 solve lambda=2.0: obj=2.9537e+06 vh=2515.7/2517.2 exchanges=68
2026-09-02 00:39:52,872 extend-025#441ece050fe8                        seed 20260829 obj=2953703.287264 restarts=20 conv=True adm=True 880s
2026-09-02 00:39:52,875 stopping cleanly: 1180s needed for extend-032#228795f35539/20260826, 719s left
2026-09-02 00:39:52,875 slice ran 1 cells
2026-09-02 00:39:55,412 3.1-stageB: 118 cells remaining, 60 in this shard
2026-09-02 00:39:55,501 cache hit  baseline-a5bf710e8b2c9129 (53.2 MB, 0.1s)
2026-09-02 00:39:55,542 cache hit  raptor-51c3309f35ffd25f (0.6 MB, 0.0s)
2026-09-02 00:39:55,543 cache hit  zones-77edf71b615ba370 (0.2 MB, 0.0s)
2026-09-02 00:39:55,544 cache hit  od-ba345b9cb167aecb (0.5 MB, 0.0s)
2026-09-02 00:39:55,563 route classes: {'all_day': 25, 'peak_express': 14}
2026-09-02 00:39:55,916 footpaths: 15573 links (9 from transfers.txt)
2026-09-02 00:39:55,926 raptor network: 2949 stops, 111 patterns, 15573 footpaths
2026-09-02 00:39:56,050 zones: 1397 (637 with transit access within 600 m), 3938 access links
2026-09-02 00:39:56,063 route classes: {'all_day': 25, 'peak_express': 14}
2026-09-02 00:39:56,144 evaluator pricing: common_lines=same_route (explicit)
2026-09-02 00:39:56,210 path enumeration: 20000 OD pairs, 636 origin zones, 3 scenarios, cap 4 paths/OD
2026-09-02 00:40:38,214 rejected 141 malformed candidate paths that failed the re-pricing check
2026-09-02 00:40:38,306 path set: 24704 paths over 17388/20000 OD pairs (86.7% of flow served), 121163 legs
2026-09-02 00:40:38,339 period early   : 24704 paths, 20000 OD pairs
2026-09-02 00:40:38,349 path enumeration: 20000 OD pairs, 636 origin zones, 3 scenarios, cap 4 paths/OD
2026-09-02 00:41:26,214 rejected 73 malformed candidate paths that failed the re-pricing check
2026-09-02 00:41:26,324 path set: 28815 paths over 19278/20000 OD pairs (96.2% of flow served), 141739 legs
2026-09-02 00:41:26,368 period am_peak : 28815 paths, 20000 OD pairs
2026-09-02 00:41:26,378 path enumeration: 20000 OD pairs, 636 origin zones, 3 scenarios, cap 4 paths/OD
2026-09-02 00:42:08,945 rejected 72 malformed candidate paths that failed the re-pricing check
2026-09-02 00:42:09,038 path set: 24122 paths over 17389/20000 OD pairs (86.7% of flow served), 118500 legs
2026-09-02 00:42:09,074 period midday  : 24122 paths, 20000 OD pairs
2026-09-02 00:42:09,084 path enumeration: 20000 OD pairs, 636 origin zones, 3 scenarios, cap 4 paths/OD
2026-09-02 00:42:55,598 rejected 121 malformed candidate paths that failed the re-pricing check
2026-09-02 00:42:55,712 path set: 27992 paths over 18674/20000 OD pairs (93.6% of flow served), 139449 legs
2026-09-02 00:42:55,759 period pm_peak : 27992 paths, 20000 OD pairs
2026-09-02 00:42:55,769 path enumeration: 20000 OD pairs, 636 origin zones, 3 scenarios, cap 4 paths/OD
2026-09-02 00:43:39,960 rejected 82 malformed candidate paths that failed the re-pricing check
2026-09-02 00:43:40,051 path set: 24081 paths over 17386/20000 OD pairs (86.6% of flow served), 118044 legs
2026-09-02 00:43:40,088 period evening : 24081 paths, 20000 OD pairs
2026-09-02 00:43:40,098 path enumeration: 20000 OD pairs, 636 origin zones, 3 scenarios, cap 4 paths/OD
2026-09-02 00:44:21,154 rejected 171 malformed candidate paths that failed the re-pricing check
2026-09-02 00:44:21,245 path set: 22681 paths over 17006/20000 OD pairs (85.1% of flow served), 111445 legs
2026-09-02 00:44:21,276 period owl     : 22681 paths, 20000 OD pairs
2026-09-02 00:44:21,276 locking 28 route-periods across 14 routes in classes ('peak_express',)
2026-09-02 00:44:21,305      incumbent rescaled x1.0024
2026-09-02 00:54:14,472 solve lambda=2.0: obj=2.95534e+06 vh=2514.9/2517.2 exchanges=0
2026-09-02 00:54:14,860 extend-032#228795f35539                        seed 20260826 obj=2955337.932534 restarts=20 conv=True adm=True 859s
2026-09-02 00:54:14,863 stopping cleanly: 1180s needed for extend-032#228795f35539/20260828, 741s left
2026-09-02 00:54:14,863 slice ran 1 cells
2026-09-02 00:54:17,374 3.1-stageB: 116 cells remaining, 59 in this shard
2026-09-02 00:54:17,458 cache hit  baseline-a5bf710e8b2c9129 (53.2 MB, 0.1s)
2026-09-02 00:54:17,490 cache hit  raptor-51c3309f35ffd25f (0.6 MB, 0.0s)
2026-09-02 00:54:17,491 cache hit  zones-77edf71b615ba370 (0.2 MB, 0.0s)
2026-09-02 00:54:17,492 cache hit  od-ba345b9cb167aecb (0.5 MB, 0.0s)
2026-09-02 00:54:17,511 route classes: {'all_day': 25, 'peak_express': 14}
2026-09-02 00:54:17,877 footpaths: 15573 links (9 from transfers.txt)
2026-09-02 00:54:17,887 raptor network: 2949 stops, 111 patterns, 15573 footpaths
2026-09-02 00:54:17,991 zones: 1397 (637 with transit access within 600 m), 3938 access links
2026-09-02 00:54:18,000 route classes: {'all_day': 25, 'peak_express': 14}
2026-09-02 00:54:18,061 evaluator pricing: common_lines=same_route (explicit)
2026-09-02 00:54:18,114 path enumeration: 20000 OD pairs, 636 origin zones, 3 scenarios, cap 4 paths/OD
2026-09-02 00:55:00,867 rejected 141 malformed candidate paths that failed the re-pricing check
2026-09-02 00:55:00,972 path set: 24704 paths over 17388/20000 OD pairs (86.7% of flow served), 121163 legs
2026-09-02 00:55:01,019 period early   : 24704 paths, 20000 OD pairs
2026-09-02 00:55:01,030 path enumeration: 20000 OD pairs, 636 origin zones, 3 scenarios, cap 4 paths/OD
2026-09-02 00:55:49,181 rejected 73 malformed candidate paths that failed the re-pricing check
2026-09-02 00:55:49,286 path set: 28815 paths over 19278/20000 OD pairs (96.2% of flow served), 141739 legs
2026-09-02 00:55:49,332 period am_peak : 28815 paths, 20000 OD pairs
2026-09-02 00:55:49,346 path enumeration: 20000 OD pairs, 636 origin zones, 3 scenarios, cap 4 paths/OD
2026-09-02 00:56:32,653 rejected 72 malformed candidate paths that failed the re-pricing check
2026-09-02 00:56:32,747 path set: 24122 paths over 17389/20000 OD pairs (86.7% of flow served), 118500 legs
2026-09-02 00:56:32,792 period midday  : 24122 paths, 20000 OD pairs
2026-09-02 00:56:32,802 path enumeration: 20000 OD pairs, 636 origin zones, 3 scenarios, cap 4 paths/OD
2026-09-02 00:57:20,355 rejected 121 malformed candidate paths that failed the re-pricing check
2026-09-02 00:57:20,471 path set: 27992 paths over 18674/20000 OD pairs (93.6% of flow served), 139449 legs
2026-09-02 00:57:20,523 period pm_peak : 27992 paths, 20000 OD pairs
2026-09-02 00:57:20,534 path enumeration: 20000 OD pairs, 636 origin zones, 3 scenarios, cap 4 paths/OD
2026-09-02 00:58:06,623 rejected 82 malformed candidate paths that failed the re-pricing check
2026-09-02 00:58:06,731 path set: 24081 paths over 17386/20000 OD pairs (86.6% of flow served), 118044 legs
2026-09-02 00:58:06,777 period evening : 24081 paths, 20000 OD pairs
2026-09-02 00:58:06,789 path enumeration: 20000 OD pairs, 636 origin zones, 3 scenarios, cap 4 paths/OD
2026-09-02 00:58:47,582 rejected 171 malformed candidate paths that failed the re-pricing check
2026-09-02 00:58:47,669 path set: 22681 paths over 17006/20000 OD pairs (85.1% of flow served), 111445 legs
2026-09-02 00:58:47,706 period owl     : 22681 paths, 20000 OD pairs
2026-09-02 00:58:47,706 locking 28 route-periods across 14 routes in classes ('peak_express',)
2026-09-02 00:58:47,737      incumbent rescaled x1.0024
2026-09-02 01:08:45,734 solve lambda=2.0: obj=2.95534e+06 vh=2514.9/2517.2 exchanges=0
2026-09-02 01:08:46,121 extend-032#228795f35539                        seed 20260828 obj=2955337.932534 restarts=20 conv=True adm=True 868s
2026-09-02 01:08:47,427 stopping cleanly: 760s needed for reroute-006#dbfb2f9ee60d/20260825, 730s left
2026-09-02 01:08:47,427 slice ran 1 cells
2026-09-02 01:08:49,975 3.1-stageB: 114 cells remaining, 58 in this shard
2026-09-02 01:08:50,065 cache hit  baseline-a5bf710e8b2c9129 (53.2 MB, 0.1s)
2026-09-02 01:08:50,111 cache hit  raptor-51c3309f35ffd25f (0.6 MB, 0.0s)
2026-09-02 01:08:50,111 cache hit  zones-77edf71b615ba370 (0.2 MB, 0.0s)
2026-09-02 01:08:50,112 cache hit  od-ba345b9cb167aecb (0.5 MB, 0.0s)
2026-09-02 01:08:50,133 route classes: {'all_day': 25, 'peak_express': 14}
2026-09-02 01:08:50,575 footpaths: 15517 links (9 from transfers.txt)
2026-09-02 01:08:50,584 raptor network: 2946 stops, 111 patterns, 15517 footpaths
2026-09-02 01:08:50,692 zones: 1397 (637 with transit access within 600 m), 3938 access links
2026-09-02 01:08:50,702 route classes: {'all_day': 25, 'peak_express': 14}
2026-09-02 01:08:50,763 evaluator pricing: common_lines=same_route (explicit)
2026-09-02 01:08:50,770 period early   : 24739 paths, 20000 OD pairs
2026-09-02 01:08:50,776 period am_peak : 28740 paths, 20000 OD pairs
2026-09-02 01:08:50,780 period midday  : 24111 paths, 20000 OD pairs
2026-09-02 01:08:50,786 period pm_peak : 28007 paths, 20000 OD pairs
2026-09-02 01:08:50,790 period evening : 24041 paths, 20000 OD pairs
2026-09-02 01:08:50,795 period owl     : 22598 paths, 20000 OD pairs
2026-09-02 01:08:50,795 locking 28 route-periods across 14 routes in classes ('peak_express',)
2026-09-02 01:08:50,824      incumbent rescaled x1.0013
2026-09-02 01:18:23,923 solve lambda=2.0: obj=2.95535e+06 vh=2514.5/2517.2 exchanges=0
2026-09-02 01:18:23,943 reroute-006#dbfb2f9ee60d                       seed 20260825 obj=2955354.137038 restarts=20 conv=True adm=True 574s
2026-09-02 01:18:23,945 stopping cleanly: 1180s needed for reroute-006#dbfb2f9ee60d/20260827, 1026s left
2026-09-02 01:18:23,945 slice ran 1 cells
2026-09-02 01:18:26,715 3.1-stageB: 113 cells remaining, 57 in this shard
2026-09-02 01:18:26,817 cache hit  baseline-a5bf710e8b2c9129 (53.2 MB, 0.1s)
2026-09-02 01:18:26,878 cache hit  raptor-51c3309f35ffd25f (0.6 MB, 0.0s)
2026-09-02 01:18:26,878 cache hit  zones-77edf71b615ba370 (0.2 MB, 0.0s)
2026-09-02 01:18:26,879 cache hit  od-ba345b9cb167aecb (0.5 MB, 0.0s)
2026-09-02 01:18:26,907 route classes: {'all_day': 25, 'peak_express': 14}
2026-09-02 01:18:27,319 footpaths: 15517 links (9 from transfers.txt)
2026-09-02 01:18:27,328 raptor network: 2946 stops, 111 patterns, 15517 footpaths
2026-09-02 01:18:27,427 zones: 1397 (637 with transit access within 600 m), 3938 access links
2026-09-02 01:18:27,436 route classes: {'all_day': 25, 'peak_express': 14}
2026-09-02 01:18:27,499 evaluator pricing: common_lines=same_route (explicit)
2026-09-02 01:18:27,553 path enumeration: 20000 OD pairs, 636 origin zones, 3 scenarios, cap 4 paths/OD
2026-09-02 01:19:10,604 rejected 94 malformed candidate paths that failed the re-pricing check
2026-09-02 01:19:10,699 path set: 24739 paths over 17388/20000 OD pairs (86.7% of flow served), 121695 legs
2026-09-02 01:19:10,748 period early   : 24739 paths, 20000 OD pairs
2026-09-02 01:19:10,759 path enumeration: 20000 OD pairs, 636 origin zones, 3 scenarios, cap 4 paths/OD
2026-09-02 01:19:58,924 rejected 73 malformed candidate paths that failed the re-pricing check
2026-09-02 01:19:59,037 path set: 28740 paths over 19278/20000 OD pairs (96.2% of flow served), 141552 legs
2026-09-02 01:19:59,088 period am_peak : 28740 paths, 20000 OD pairs
2026-09-02 01:19:59,099 path enumeration: 20000 OD pairs, 636 origin zones, 3 scenarios, cap 4 paths/OD
2026-09-02 01:20:42,571 rejected 72 malformed candidate paths that failed the re-pricing check
2026-09-02 01:20:42,670 path set: 24111 paths over 17389/20000 OD pairs (86.7% of flow served), 118742 legs
2026-09-02 01:20:42,713 period midday  : 24111 paths, 20000 OD pairs
2026-09-02 01:20:42,724 path enumeration: 20000 OD pairs, 636 origin zones, 3 scenarios, cap 4 paths/OD
2026-09-02 01:21:29,523 rejected 121 malformed candidate paths that failed the re-pricing check
2026-09-02 01:21:29,630 path set: 28007 paths over 18673/20000 OD pairs (93.6% of flow served), 139766 legs
2026-09-02 01:21:29,688 period pm_peak : 28007 paths, 20000 OD pairs
2026-09-02 01:21:29,700 path enumeration: 20000 OD pairs, 636 origin zones, 3 scenarios, cap 4 paths/OD
2026-09-02 01:22:16,392 rejected 82 malformed candidate paths that failed the re-pricing check
2026-09-02 01:22:16,483 path set: 24041 paths over 17386/20000 OD pairs (86.6% of flow served), 118213 legs
2026-09-02 01:22:16,529 period evening : 24041 paths, 20000 OD pairs
2026-09-02 01:22:16,540 path enumeration: 20000 OD pairs, 636 origin zones, 3 scenarios, cap 4 paths/OD
2026-09-02 01:22:58,619 rejected 121 malformed candidate paths that failed the re-pricing check
2026-09-02 01:22:58,706 path set: 22598 paths over 17006/20000 OD pairs (85.1% of flow served), 111306 legs
2026-09-02 01:22:58,748 period owl     : 22598 paths, 20000 OD pairs
2026-09-02 01:22:58,748 locking 28 route-periods across 14 routes in classes ('peak_express',)
2026-09-02 01:22:58,786      incumbent rescaled x1.0013
2026-09-02 01:32:49,402 solve lambda=2.0: obj=2.95535e+06 vh=2514.5/2517.2 exchanges=0
2026-09-02 01:32:49,962 reroute-006#dbfb2f9ee60d                       seed 20260827 obj=2955354.137038 restarts=20 conv=True adm=True 863s
2026-09-02 01:32:49,966 stopping cleanly: 1180s needed for reroute-006#dbfb2f9ee60d/20260829, 737s left
2026-09-02 01:32:49,966 slice ran 1 cells
2026-09-02 01:32:52,506 3.1-stageB: 110 cells remaining, 56 in this shard
2026-09-02 01:32:52,592 cache hit  baseline-a5bf710e8b2c9129 (53.2 MB, 0.1s)
2026-09-02 01:32:52,631 cache hit  raptor-51c3309f35ffd25f (0.6 MB, 0.0s)
2026-09-02 01:32:52,632 cache hit  zones-77edf71b615ba370 (0.2 MB, 0.0s)
2026-09-02 01:32:52,633 cache hit  od-ba345b9cb167aecb (0.5 MB, 0.0s)
2026-09-02 01:32:52,651 route classes: {'all_day': 25, 'peak_express': 14}
2026-09-02 01:32:52,994 footpaths: 15517 links (9 from transfers.txt)
2026-09-02 01:32:53,003 raptor network: 2946 stops, 111 patterns, 15517 footpaths
2026-09-02 01:32:53,095 zones: 1397 (637 with transit access within 600 m), 3938 access links
2026-09-02 01:32:53,104 route classes: {'all_day': 25, 'peak_express': 14}
2026-09-02 01:32:53,160 evaluator pricing: common_lines=same_route (explicit)
2026-09-02 01:32:53,208 path enumeration: 20000 OD pairs, 636 origin zones, 3 scenarios, cap 4 paths/OD
2026-09-02 01:33:35,082 rejected 94 malformed candidate paths that failed the re-pricing check
2026-09-02 01:33:35,177 path set: 24739 paths over 17388/20000 OD pairs (86.7% of flow served), 121695 legs
2026-09-02 01:33:35,217 period early   : 24739 paths, 20000 OD pairs
2026-09-02 01:33:35,227 path enumeration: 20000 OD pairs, 636 origin zones, 3 scenarios, cap 4 paths/OD
2026-09-02 01:34:24,494 rejected 73 malformed candidate paths that failed the re-pricing check
2026-09-02 01:34:24,622 path set: 28740 paths over 19278/20000 OD pairs (96.2% of flow served), 141552 legs
2026-09-02 01:34:24,685 period am_peak : 28740 paths, 20000 OD pairs
2026-09-02 01:34:24,697 path enumeration: 20000 OD pairs, 636 origin zones, 3 scenarios, cap 4 paths/OD
2026-09-02 01:35:08,583 rejected 72 malformed candidate paths that failed the re-pricing check
2026-09-02 01:35:08,676 path set: 24111 paths over 17389/20000 OD pairs (86.7% of flow served), 118742 legs
2026-09-02 01:35:08,721 period midday  : 24111 paths, 20000 OD pairs
2026-09-02 01:35:08,732 path enumeration: 20000 OD pairs, 636 origin zones, 3 scenarios, cap 4 paths/OD
2026-09-02 01:35:55,782 rejected 121 malformed candidate paths that failed the re-pricing check
2026-09-02 01:35:55,949 path set: 28007 paths over 18673/20000 OD pairs (93.6% of flow served), 139766 legs
2026-09-02 01:35:56,002 period pm_peak : 28007 paths, 20000 OD pairs
2026-09-02 01:35:56,012 path enumeration: 20000 OD pairs, 636 origin zones, 3 scenarios, cap 4 paths/OD
2026-09-02 01:36:41,207 rejected 82 malformed candidate paths that failed the re-pricing check
2026-09-02 01:36:41,351 path set: 24041 paths over 17386/20000 OD pairs (86.6% of flow served), 118213 legs
2026-09-02 01:36:41,398 period evening : 24041 paths, 20000 OD pairs
2026-09-02 01:36:41,409 path enumeration: 20000 OD pairs, 636 origin zones, 3 scenarios, cap 4 paths/OD
2026-09-02 01:37:22,639 rejected 121 malformed candidate paths that failed the re-pricing check
2026-09-02 01:37:22,780 path set: 22598 paths over 17006/20000 OD pairs (85.1% of flow served), 111306 legs
2026-09-02 01:37:22,824 period owl     : 22598 paths, 20000 OD pairs
2026-09-02 01:37:22,824 locking 28 route-periods across 14 routes in classes ('peak_express',)
2026-09-02 01:37:22,855      incumbent rescaled x1.0013
2026-09-02 01:47:08,550 solve lambda=2.0: obj=2.95535e+06 vh=2514.5/2517.2 exchanges=0
2026-09-02 01:47:08,918 reroute-006#dbfb2f9ee60d                       seed 20260829 obj=2955354.137038 restarts=20 conv=True adm=True 856s
2026-09-02 01:47:08,920 stopping cleanly: 1180s needed for reroute-009#8323c2fb0368/20260826, 744s left
2026-09-02 01:47:08,920 slice ran 1 cells
2026-09-02 01:47:11,493 3.1-stageB: 108 cells remaining, 55 in this shard
2026-09-02 01:47:11,583 cache hit  baseline-a5bf710e8b2c9129 (53.2 MB, 0.1s)
2026-09-02 01:47:11,626 cache hit  raptor-51c3309f35ffd25f (0.6 MB, 0.0s)
2026-09-02 01:47:11,626 cache hit  zones-77edf71b615ba370 (0.2 MB, 0.0s)
2026-09-02 01:47:11,627 cache hit  od-ba345b9cb167aecb (0.5 MB, 0.0s)
2026-09-02 01:47:11,649 route classes: {'all_day': 25, 'peak_express': 14}
2026-09-02 01:47:12,028 footpaths: 15573 links (9 from transfers.txt)
2026-09-02 01:47:12,036 raptor network: 2949 stops, 111 patterns, 15573 footpaths
2026-09-02 01:47:12,129 zones: 1397 (637 with transit access within 600 m), 3938 access links
2026-09-02 01:47:12,137 route classes: {'all_day': 25, 'peak_express': 14}
2026-09-02 01:47:12,195 evaluator pricing: common_lines=same_route (explicit)
2026-09-02 01:47:12,253 path enumeration: 20000 OD pairs, 636 origin zones, 3 scenarios, cap 4 paths/OD
2026-09-02 01:47:55,089 rejected 78 malformed candidate paths that failed the re-pricing check
2026-09-02 01:47:55,192 path set: 24672 paths over 17389/20000 OD pairs (86.7% of flow served), 121192 legs
2026-09-02 01:47:55,236 period early   : 24672 paths, 20000 OD pairs
2026-09-02 01:47:55,247 path enumeration: 20000 OD pairs, 636 origin zones, 3 scenarios, cap 4 paths/OD
2026-09-02 01:48:43,494 rejected 72 malformed candidate paths that failed the re-pricing check
2026-09-02 01:48:43,598 path set: 28771 paths over 19279/20000 OD pairs (96.2% of flow served), 141517 legs
2026-09-02 01:48:43,647 period am_peak : 28771 paths, 20000 OD pairs
2026-09-02 01:48:43,657 path enumeration: 20000 OD pairs, 636 origin zones, 3 scenarios, cap 4 paths/OD
2026-09-02 01:49:24,739 rejected 71 malformed candidate paths that failed the re-pricing check
2026-09-02 01:49:24,830 path set: 24128 paths over 17390/20000 OD pairs (86.7% of flow served), 118689 legs
2026-09-02 01:49:24,871 period midday  : 24128 paths, 20000 OD pairs
2026-09-02 01:49:24,880 path enumeration: 20000 OD pairs, 636 origin zones, 3 scenarios, cap 4 paths/OD
2026-09-02 01:50:10,694 rejected 120 malformed candidate paths that failed the re-pricing check
2026-09-02 01:50:10,804 path set: 28007 paths over 18674/20000 OD pairs (93.6% of flow served), 139521 legs
2026-09-02 01:50:10,854 period pm_peak : 28007 paths, 20000 OD pairs
2026-09-02 01:50:10,864 path enumeration: 20000 OD pairs, 636 origin zones, 3 scenarios, cap 4 paths/OD
2026-09-02 01:50:56,724 rejected 79 malformed candidate paths that failed the re-pricing check
2026-09-02 01:50:56,821 path set: 24100 paths over 17387/20000 OD pairs (86.7% of flow served), 118359 legs
2026-09-02 01:50:56,867 period evening : 24100 paths, 20000 OD pairs
2026-09-02 01:50:56,879 path enumeration: 20000 OD pairs, 636 origin zones, 3 scenarios, cap 4 paths/OD
2026-09-02 01:51:38,649 rejected 135 malformed candidate paths that failed the re-pricing check
2026-09-02 01:51:38,758 path set: 22673 paths over 17007/20000 OD pairs (85.1% of flow served), 111590 legs
2026-09-02 01:51:38,798 period owl     : 22673 paths, 20000 OD pairs
2026-09-02 01:51:38,798 locking 28 route-periods across 14 routes in classes ('peak_express',)
2026-09-02 01:51:38,830      incumbent rescaled x1.0001
2026-09-02 02:01:58,592 solve lambda=2.0: obj=2.95597e+06 vh=2515.4/2517.2 exchanges=0
2026-09-02 02:01:58,943 reroute-009#8323c2fb0368                       seed 20260826 obj=2955966.800632 restarts=20 conv=True adm=True 887s
2026-09-02 02:01:58,946 stopping cleanly: 1180s needed for reroute-009#8323c2fb0368/20260828, 713s left
2026-09-02 02:01:58,947 slice ran 1 cells
2026-09-02 02:02:01,569 3.1-stageB: 106 cells remaining, 54 in this shard
2026-09-02 02:02:01,655 cache hit  baseline-a5bf710e8b2c9129 (53.2 MB, 0.1s)
2026-09-02 02:02:01,698 cache hit  raptor-51c3309f35ffd25f (0.6 MB, 0.0s)
2026-09-02 02:02:01,699 cache hit  zones-77edf71b615ba370 (0.2 MB, 0.0s)
2026-09-02 02:02:01,700 cache hit  od-ba345b9cb167aecb (0.5 MB, 0.0s)
2026-09-02 02:02:01,722 route classes: {'all_day': 25, 'peak_express': 14}
2026-09-02 02:02:02,084 footpaths: 15573 links (9 from transfers.txt)
2026-09-02 02:02:02,092 raptor network: 2949 stops, 111 patterns, 15573 footpaths
2026-09-02 02:02:02,183 zones: 1397 (637 with transit access within 600 m), 3938 access links
2026-09-02 02:02:02,192 route classes: {'all_day': 25, 'peak_express': 14}
2026-09-02 02:02:02,252 evaluator pricing: common_lines=same_route (explicit)
2026-09-02 02:02:02,301 path enumeration: 20000 OD pairs, 636 origin zones, 3 scenarios, cap 4 paths/OD
2026-09-02 02:02:45,116 rejected 78 malformed candidate paths that failed the re-pricing check
2026-09-02 02:02:45,230 path set: 24672 paths over 17389/20000 OD pairs (86.7% of flow served), 121192 legs
2026-09-02 02:02:45,299 period early   : 24672 paths, 20000 OD pairs
2026-09-02 02:02:45,310 path enumeration: 20000 OD pairs, 636 origin zones, 3 scenarios, cap 4 paths/OD
2026-09-02 02:03:33,021 rejected 72 malformed candidate paths that failed the re-pricing check
2026-09-02 02:03:33,132 path set: 28771 paths over 19279/20000 OD pairs (96.2% of flow served), 141517 legs
2026-09-02 02:03:33,181 period am_peak : 28771 paths, 20000 OD pairs
2026-09-02 02:03:33,191 path enumeration: 20000 OD pairs, 636 origin zones, 3 scenarios, cap 4 paths/OD
2026-09-02 02:04:16,958 rejected 71 malformed candidate paths that failed the re-pricing check
2026-09-02 02:04:17,058 path set: 24128 paths over 17390/20000 OD pairs (86.7% of flow served), 118689 legs
2026-09-02 02:04:17,106 period midday  : 24128 paths, 20000 OD pairs
2026-09-02 02:04:17,117 path enumeration: 20000 OD pairs, 636 origin zones, 3 scenarios, cap 4 paths/OD
2026-09-02 02:05:05,505 rejected 120 malformed candidate paths that failed the re-pricing check
2026-09-02 02:05:05,621 path set: 28007 paths over 18674/20000 OD pairs (93.6% of flow served), 139521 legs
2026-09-02 02:05:05,680 period pm_peak : 28007 paths, 20000 OD pairs
2026-09-02 02:05:05,692 path enumeration: 20000 OD pairs, 636 origin zones, 3 scenarios, cap 4 paths/OD
2026-09-02 02:05:53,094 rejected 79 malformed candidate paths that failed the re-pricing check
2026-09-02 02:05:53,184 path set: 24100 paths over 17387/20000 OD pairs (86.7% of flow served), 118359 legs
2026-09-02 02:05:53,229 period evening : 24100 paths, 20000 OD pairs
2026-09-02 02:05:53,240 path enumeration: 20000 OD pairs, 636 origin zones, 3 scenarios, cap 4 paths/OD
2026-09-02 02:06:35,508 rejected 135 malformed candidate paths that failed the re-pricing check
2026-09-02 02:06:35,611 path set: 22673 paths over 17007/20000 OD pairs (85.1% of flow served), 111590 legs
2026-09-02 02:06:35,653 period owl     : 22673 paths, 20000 OD pairs
2026-09-02 02:06:35,654 locking 28 route-periods across 14 routes in classes ('peak_express',)
2026-09-02 02:06:35,684      incumbent rescaled x1.0001
2026-09-02 02:16:41,061 solve lambda=2.0: obj=2.95597e+06 vh=2515.4/2517.2 exchanges=0
2026-09-02 02:16:41,464 reroute-009#8323c2fb0368                       seed 20260828 obj=2955966.800632 restarts=20 conv=True adm=True 880s
2026-09-02 02:16:42,671 stopping cleanly: 760s needed for reroute-012#fb24f651cbc5/20260825, 719s left
2026-09-02 02:16:42,671 slice ran 1 cells
2026-09-02 02:16:45,358 3.1-stageB: 104 cells remaining, 53 in this shard
2026-09-02 02:16:45,445 cache hit  baseline-a5bf710e8b2c9129 (53.2 MB, 0.1s)
2026-09-02 02:16:45,479 cache hit  raptor-51c3309f35ffd25f (0.6 MB, 0.0s)
2026-09-02 02:16:45,479 cache hit  zones-77edf71b615ba370 (0.2 MB, 0.0s)
2026-09-02 02:16:45,480 cache hit  od-ba345b9cb167aecb (0.5 MB, 0.0s)
2026-09-02 02:16:45,492 route classes: {'all_day': 25, 'peak_express': 14}
2026-09-02 02:16:45,914 footpaths: 15521 links (9 from transfers.txt)
2026-09-02 02:16:45,923 raptor network: 2944 stops, 111 patterns, 15521 footpaths
2026-09-02 02:16:46,030 zones: 1397 (637 with transit access within 600 m), 3938 access links
2026-09-02 02:16:46,039 route classes: {'all_day': 25, 'peak_express': 14}
2026-09-02 02:16:46,090 evaluator pricing: common_lines=same_route (explicit)
2026-09-02 02:16:46,096 period early   : 24668 paths, 20000 OD pairs
2026-09-02 02:16:46,102 period am_peak : 28733 paths, 20000 OD pairs
2026-09-02 02:16:46,107 period midday  : 24088 paths, 20000 OD pairs
2026-09-02 02:16:46,113 period pm_peak : 27973 paths, 20000 OD pairs
2026-09-02 02:16:46,117 period evening : 23921 paths, 20000 OD pairs
2026-09-02 02:16:46,122 period owl     : 22668 paths, 20000 OD pairs
2026-09-02 02:16:46,122 locking 28 route-periods across 14 routes in classes ('peak_express',)
2026-09-02 02:16:46,152      incumbent rescaled x1.0005
2026-09-02 02:26:30,951 solve lambda=2.0: obj=2.95592e+06 vh=2515.4/2517.2 exchanges=0
2026-09-02 02:26:30,971 reroute-012#fb24f651cbc5                       seed 20260825 obj=2955919.488367 restarts=20 conv=True adm=True 585s
2026-09-02 02:26:30,974 stopping cleanly: 1180s needed for reroute-012#fb24f651cbc5/20260827, 1014s left
2026-09-02 02:26:30,974 slice ran 1 cells
2026-09-02 02:26:33,775 3.1-stageB: 103 cells remaining, 52 in this shard
2026-09-02 02:26:33,878 cache hit  baseline-a5bf710e8b2c9129 (53.2 MB, 0.1s)
2026-09-02 02:26:33,918 cache hit  raptor-51c3309f35ffd25f (0.6 MB, 0.0s)
2026-09-02 02:26:33,918 cache hit  zones-77edf71b615ba370 (0.2 MB, 0.0s)
2026-09-02 02:26:33,919 cache hit  od-ba345b9cb167aecb (0.5 MB, 0.0s)
2026-09-02 02:26:33,932 route classes: {'all_day': 25, 'peak_express': 14}
2026-09-02 02:26:34,293 footpaths: 15521 links (9 from transfers.txt)
2026-09-02 02:26:34,303 raptor network: 2944 stops, 111 patterns, 15521 footpaths
2026-09-02 02:26:34,417 zones: 1397 (637 with transit access within 600 m), 3938 access links
2026-09-02 02:26:34,431 route classes: {'all_day': 25, 'peak_express': 14}
2026-09-02 02:26:34,490 evaluator pricing: common_lines=same_route (explicit)
2026-09-02 02:26:34,554 path enumeration: 20000 OD pairs, 636 origin zones, 3 scenarios, cap 4 paths/OD
2026-09-02 02:27:17,293 rejected 94 malformed candidate paths that failed the re-pricing check
2026-09-02 02:27:17,396 path set: 24668 paths over 17388/20000 OD pairs (86.7% of flow served), 121377 legs
2026-09-02 02:27:17,442 period early   : 24668 paths, 20000 OD pairs
2026-09-02 02:27:17,452 path enumeration: 20000 OD pairs, 636 origin zones, 3 scenarios, cap 4 paths/OD
2026-09-02 02:28:07,027 rejected 72 malformed candidate paths that failed the re-pricing check
2026-09-02 02:28:07,134 path set: 28733 paths over 19278/20000 OD pairs (96.2% of flow served), 141445 legs
2026-09-02 02:28:07,181 period am_peak : 28733 paths, 20000 OD pairs
2026-09-02 02:28:07,192 path enumeration: 20000 OD pairs, 636 origin zones, 3 scenarios, cap 4 paths/OD
2026-09-02 02:28:49,997 rejected 73 malformed candidate paths that failed the re-pricing check
2026-09-02 02:28:50,094 path set: 24088 paths over 17389/20000 OD pairs (86.7% of flow served), 118580 legs
2026-09-02 02:28:50,138 period midday  : 24088 paths, 20000 OD pairs
2026-09-02 02:28:50,149 path enumeration: 20000 OD pairs, 636 origin zones, 3 scenarios, cap 4 paths/OD
2026-09-02 02:29:38,096 rejected 122 malformed candidate paths that failed the re-pricing check
2026-09-02 02:29:38,203 path set: 27973 paths over 18673/20000 OD pairs (93.6% of flow served), 139485 legs
2026-09-02 02:29:38,260 period pm_peak : 27973 paths, 20000 OD pairs
2026-09-02 02:29:38,272 path enumeration: 20000 OD pairs, 636 origin zones, 3 scenarios, cap 4 paths/OD
2026-09-02 02:30:24,701 rejected 81 malformed candidate paths that failed the re-pricing check
2026-09-02 02:30:24,794 path set: 23921 paths over 17386/20000 OD pairs (86.6% of flow served), 117457 legs
2026-09-02 02:30:24,836 period evening : 23921 paths, 20000 OD pairs
2026-09-02 02:30:24,848 path enumeration: 20000 OD pairs, 636 origin zones, 3 scenarios, cap 4 paths/OD
2026-09-02 02:31:06,656 rejected 129 malformed candidate paths that failed the re-pricing check
2026-09-02 02:31:06,749 path set: 22668 paths over 17006/20000 OD pairs (85.1% of flow served), 111730 legs
2026-09-02 02:31:06,790 period owl     : 22668 paths, 20000 OD pairs
2026-09-02 02:31:06,790 locking 28 route-periods across 14 routes in classes ('peak_express',)
2026-09-02 02:31:06,823      incumbent rescaled x1.0005
2026-09-02 02:40:40,155 solve lambda=2.0: obj=2.95591e+06 vh=2516.4/2517.2 exchanges=42
2026-09-02 02:40:40,546 reroute-012#fb24f651cbc5                       seed 20260827 obj=2955906.750681 restarts=20 conv=True adm=True 846s
2026-09-02 02:40:40,550 stopping cleanly: 1180s needed for reroute-012#fb24f651cbc5/20260829, 753s left
2026-09-02 02:40:40,551 slice ran 1 cells
2026-09-02 02:40:43,161 3.1-stageB: 100 cells remaining, 51 in this shard
2026-09-02 02:40:43,247 cache hit  baseline-a5bf710e8b2c9129 (53.2 MB, 0.1s)
2026-09-02 02:40:43,296 cache hit  raptor-51c3309f35ffd25f (0.6 MB, 0.0s)
2026-09-02 02:40:43,297 cache hit  zones-77edf71b615ba370 (0.2 MB, 0.0s)
2026-09-02 02:40:43,298 cache hit  od-ba345b9cb167aecb (0.5 MB, 0.0s)
2026-09-02 02:40:43,320 route classes: {'all_day': 25, 'peak_express': 14}
2026-09-02 02:40:43,700 footpaths: 15521 links (9 from transfers.txt)
2026-09-02 02:40:43,710 raptor network: 2944 stops, 111 patterns, 15521 footpaths
2026-09-02 02:40:43,821 zones: 1397 (637 with transit access within 600 m), 3938 access links
2026-09-02 02:40:43,830 route classes: {'all_day': 25, 'peak_express': 14}
2026-09-02 02:40:43,887 evaluator pricing: common_lines=same_route (explicit)
2026-09-02 02:40:43,942 path enumeration: 20000 OD pairs, 636 origin zones, 3 scenarios, cap 4 paths/OD
2026-09-02 02:41:26,623 rejected 94 malformed candidate paths that failed the re-pricing check
2026-09-02 02:41:26,713 path set: 24668 paths over 17388/20000 OD pairs (86.7% of flow served), 121377 legs
2026-09-02 02:41:26,756 period early   : 24668 paths, 20000 OD pairs
2026-09-02 02:41:26,766 path enumeration: 20000 OD pairs, 636 origin zones, 3 scenarios, cap 4 paths/OD
2026-09-02 02:42:15,487 rejected 72 malformed candidate paths that failed the re-pricing check
2026-09-02 02:42:15,604 path set: 28733 paths over 19278/20000 OD pairs (96.2% of flow served), 141445 legs
2026-09-02 02:42:15,661 period am_peak : 28733 paths, 20000 OD pairs
2026-09-02 02:42:15,673 path enumeration: 20000 OD pairs, 636 origin zones, 3 scenarios, cap 4 paths/OD
2026-09-02 02:42:59,925 rejected 73 malformed candidate paths that failed the re-pricing check
2026-09-02 02:43:00,024 path set: 24088 paths over 17389/20000 OD pairs (86.7% of flow served), 118580 legs
2026-09-02 02:43:00,072 period midday  : 24088 paths, 20000 OD pairs
2026-09-02 02:43:00,086 path enumeration: 20000 OD pairs, 636 origin zones, 3 scenarios, cap 4 paths/OD
2026-09-02 02:43:48,244 rejected 122 malformed candidate paths that failed the re-pricing check
2026-09-02 02:43:48,351 path set: 27973 paths over 18673/20000 OD pairs (93.6% of flow served), 139485 legs
2026-09-02 02:43:48,401 period pm_peak : 27973 paths, 20000 OD pairs
2026-09-02 02:43:48,412 path enumeration: 20000 OD pairs, 636 origin zones, 3 scenarios, cap 4 paths/OD
2026-09-02 02:44:36,579 rejected 81 malformed candidate paths that failed the re-pricing check
2026-09-02 02:44:36,686 path set: 23921 paths over 17386/20000 OD pairs (86.6% of flow served), 117457 legs
2026-09-02 02:44:36,734 period evening : 23921 paths, 20000 OD pairs
2026-09-02 02:44:36,745 path enumeration: 20000 OD pairs, 636 origin zones, 3 scenarios, cap 4 paths/OD
2026-09-02 02:45:19,455 rejected 129 malformed candidate paths that failed the re-pricing check
2026-09-02 02:45:19,602 path set: 22668 paths over 17006/20000 OD pairs (85.1% of flow served), 111730 legs
2026-09-02 02:45:19,649 period owl     : 22668 paths, 20000 OD pairs
2026-09-02 02:45:19,649 locking 28 route-periods across 14 routes in classes ('peak_express',)
2026-09-02 02:45:19,682      incumbent rescaled x1.0005
2026-09-02 02:55:04,625 solve lambda=2.0: obj=2.95592e+06 vh=2515.4/2517.2 exchanges=0
2026-09-02 02:55:05,011 reroute-012#fb24f651cbc5                       seed 20260829 obj=2955919.488367 restarts=20 conv=True adm=True 862s
2026-09-02 02:55:05,013 stopping cleanly: 1180s needed for reroute-023#1dc299b50907/20260826, 738s left
2026-09-02 02:55:05,014 slice ran 1 cells
2026-09-02 02:55:07,639 3.1-stageB: 98 cells remaining, 50 in this shard
2026-09-02 02:55:07,723 cache hit  baseline-a5bf710e8b2c9129 (53.2 MB, 0.1s)
2026-09-02 02:55:07,761 cache hit  raptor-51c3309f35ffd25f (0.6 MB, 0.0s)
2026-09-02 02:55:07,762 cache hit  zones-77edf71b615ba370 (0.2 MB, 0.0s)
2026-09-02 02:55:07,763 cache hit  od-ba345b9cb167aecb (0.5 MB, 0.0s)
2026-09-02 02:55:07,782 route classes: {'all_day': 25, 'peak_express': 14}
2026-09-02 02:55:08,160 footpaths: 15561 links (9 from transfers.txt)
2026-09-02 02:55:08,169 raptor network: 2946 stops, 111 patterns, 15561 footpaths
2026-09-02 02:55:08,273 zones: 1397 (637 with transit access within 600 m), 3938 access links
2026-09-02 02:55:08,283 route classes: {'all_day': 25, 'peak_express': 14}
2026-09-02 02:55:08,345 evaluator pricing: common_lines=same_route (explicit)
2026-09-02 02:55:08,400 path enumeration: 20000 OD pairs, 636 origin zones, 3 scenarios, cap 4 paths/OD
2026-09-02 02:55:53,477 rejected 94 malformed candidate paths that failed the re-pricing check
2026-09-02 02:55:53,574 path set: 24705 paths over 17389/20000 OD pairs (86.7% of flow served), 121352 legs
2026-09-02 02:55:53,620 period early   : 24705 paths, 20000 OD pairs
2026-09-02 02:55:53,631 path enumeration: 20000 OD pairs, 636 origin zones, 3 scenarios, cap 4 paths/OD
2026-09-02 02:56:42,505 rejected 74 malformed candidate paths that failed the re-pricing check
2026-09-02 02:56:42,621 path set: 28712 paths over 19279/20000 OD pairs (96.2% of flow served), 141151 legs
2026-09-02 02:56:42,673 period am_peak : 28712 paths, 20000 OD pairs
2026-09-02 02:56:42,684 path enumeration: 20000 OD pairs, 636 origin zones, 3 scenarios, cap 4 paths/OD
2026-09-02 02:57:27,559 rejected 73 malformed candidate paths that failed the re-pricing check
2026-09-02 02:57:27,651 path set: 24052 paths over 17390/20000 OD pairs (86.7% of flow served), 118227 legs
2026-09-02 02:57:27,696 period midday  : 24052 paths, 20000 OD pairs
2026-09-02 02:57:27,707 path enumeration: 20000 OD pairs, 636 origin zones, 3 scenarios, cap 4 paths/OD
2026-09-02 02:58:15,837 rejected 122 malformed candidate paths that failed the re-pricing check
2026-09-02 02:58:15,949 path set: 27934 paths over 18674/20000 OD pairs (93.6% of flow served), 139144 legs
2026-09-02 02:58:16,005 period pm_peak : 27934 paths, 20000 OD pairs
2026-09-02 02:58:16,016 path enumeration: 20000 OD pairs, 636 origin zones, 3 scenarios, cap 4 paths/OD
2026-09-02 02:59:02,765 rejected 82 malformed candidate paths that failed the re-pricing check
2026-09-02 02:59:02,858 path set: 24033 paths over 17387/20000 OD pairs (86.7% of flow served), 117913 legs
2026-09-02 02:59:02,903 period evening : 24033 paths, 20000 OD pairs
2026-09-02 02:59:02,914 path enumeration: 20000 OD pairs, 636 origin zones, 3 scenarios, cap 4 paths/OD
2026-09-02 02:59:44,788 rejected 129 malformed candidate paths that failed the re-pricing check
2026-09-02 02:59:44,881 path set: 22762 paths over 17007/20000 OD pairs (85.1% of flow served), 112129 legs
2026-09-02 02:59:44,926 period owl     : 22762 paths, 20000 OD pairs
2026-09-02 02:59:44,926 locking 28 route-periods across 14 routes in classes ('peak_express',)
2026-09-02 02:59:44,957      incumbent rescaled x1.0022
2026-09-02 03:10:30,095 solve lambda=2.0: obj=2.95563e+06 vh=2513.8/2517.2 exchanges=0
2026-09-02 03:10:30,476 reroute-023#1dc299b50907                       seed 20260826 obj=2955629.508880 restarts=20 conv=True adm=True 923s
2026-09-02 03:10:30,480 stopping cleanly: 1180s needed for reroute-023#1dc299b50907/20260828, 677s left
2026-09-02 03:10:30,480 slice ran 1 cells
2026-09-02 03:10:33,048 3.1-stageB: 96 cells remaining, 49 in this shard
2026-09-02 03:10:33,135 cache hit  baseline-a5bf710e8b2c9129 (53.2 MB, 0.1s)
2026-09-02 03:10:33,171 cache hit  raptor-51c3309f35ffd25f (0.6 MB, 0.0s)
2026-09-02 03:10:33,171 cache hit  zones-77edf71b615ba370 (0.2 MB, 0.0s)
2026-09-02 03:10:33,172 cache hit  od-ba345b9cb167aecb (0.5 MB, 0.0s)
2026-09-02 03:10:33,183 route classes: {'all_day': 25, 'peak_express': 14}
2026-09-02 03:10:33,560 footpaths: 15561 links (9 from transfers.txt)
2026-09-02 03:10:33,568 raptor network: 2946 stops, 111 patterns, 15561 footpaths
2026-09-02 03:10:33,665 zones: 1397 (637 with transit access within 600 m), 3938 access links
2026-09-02 03:10:33,674 route classes: {'all_day': 25, 'peak_express': 14}
2026-09-02 03:10:33,732 evaluator pricing: common_lines=same_route (explicit)
2026-09-02 03:10:33,782 path enumeration: 20000 OD pairs, 636 origin zones, 3 scenarios, cap 4 paths/OD
2026-09-02 03:11:15,879 rejected 94 malformed candidate paths that failed the re-pricing check
2026-09-02 03:11:15,976 path set: 24705 paths over 17389/20000 OD pairs (86.7% of flow served), 121352 legs
2026-09-02 03:11:16,020 period early   : 24705 paths, 20000 OD pairs
2026-09-02 03:11:16,031 path enumeration: 20000 OD pairs, 636 origin zones, 3 scenarios, cap 4 paths/OD
2026-09-02 03:12:05,076 rejected 74 malformed candidate paths that failed the re-pricing check
2026-09-02 03:12:05,200 path set: 28712 paths over 19279/20000 OD pairs (96.2% of flow served), 141151 legs
2026-09-02 03:12:05,261 period am_peak : 28712 paths, 20000 OD pairs
2026-09-02 03:12:05,274 path enumeration: 20000 OD pairs, 636 origin zones, 3 scenarios, cap 4 paths/OD
2026-09-02 03:12:53,544 rejected 73 malformed candidate paths that failed the re-pricing check
2026-09-02 03:12:53,653 path set: 24052 paths over 17390/20000 OD pairs (86.7% of flow served), 118227 legs
2026-09-02 03:12:53,714 period midday  : 24052 paths, 20000 OD pairs
2026-09-02 03:12:53,727 path enumeration: 20000 OD pairs, 636 origin zones, 3 scenarios, cap 4 paths/OD
2026-09-02 03:13:43,851 rejected 122 malformed candidate paths that failed the re-pricing check
2026-09-02 03:13:43,967 path set: 27934 paths over 18674/20000 OD pairs (93.6% of flow served), 139144 legs
2026-09-02 03:13:44,021 period pm_peak : 27934 paths, 20000 OD pairs
2026-09-02 03:13:44,032 path enumeration: 20000 OD pairs, 636 origin zones, 3 scenarios, cap 4 paths/OD
2026-09-02 03:14:30,804 rejected 82 malformed candidate paths that failed the re-pricing check
2026-09-02 03:14:30,896 path set: 24033 paths over 17387/20000 OD pairs (86.7% of flow served), 117913 legs
2026-09-02 03:14:30,943 period evening : 24033 paths, 20000 OD pairs
2026-09-02 03:14:30,954 path enumeration: 20000 OD pairs, 636 origin zones, 3 scenarios, cap 4 paths/OD
2026-09-02 03:15:14,204 rejected 129 malformed candidate paths that failed the re-pricing check
2026-09-02 03:15:14,296 path set: 22762 paths over 17007/20000 OD pairs (85.1% of flow served), 112129 legs
2026-09-02 03:15:14,340 period owl     : 22762 paths, 20000 OD pairs
2026-09-02 03:15:14,340 locking 28 route-periods across 14 routes in classes ('peak_express',)
2026-09-02 03:15:14,373      incumbent rescaled x1.0022
2026-09-02 03:25:36,132 solve lambda=2.0: obj=2.95563e+06 vh=2513.8/2517.2 exchanges=0
2026-09-02 03:25:36,498 reroute-023#1dc299b50907                       seed 20260828 obj=2955629.508880 restarts=20 conv=True adm=True 903s
2026-09-02 03:25:37,590 stopping cleanly: 760s needed for reroute-031#dfd049714f7d/20260825, 695s left
2026-09-02 03:25:37,590 slice ran 1 cells
2026-09-02 03:25:40,309 3.1-stageB: 94 cells remaining, 48 in this shard
2026-09-02 03:25:40,399 cache hit  baseline-a5bf710e8b2c9129 (53.2 MB, 0.1s)
2026-09-02 03:25:40,435 cache hit  raptor-51c3309f35ffd25f (0.6 MB, 0.0s)
2026-09-02 03:25:40,435 cache hit  zones-77edf71b615ba370 (0.2 MB, 0.0s)
2026-09-02 03:25:40,436 cache hit  od-ba345b9cb167aecb (0.5 MB, 0.0s)
2026-09-02 03:25:40,455 route classes: {'all_day': 25, 'peak_express': 14}
2026-09-02 03:25:40,899 footpaths: 15543 links (9 from transfers.txt)
2026-09-02 03:25:40,910 raptor network: 2946 stops, 111 patterns, 15543 footpaths
2026-09-02 03:25:41,019 zones: 1397 (637 with transit access within 600 m), 3937 access links
2026-09-02 03:25:41,028 route classes: {'all_day': 25, 'peak_express': 14}
2026-09-02 03:25:41,091 evaluator pricing: common_lines=same_route (explicit)
2026-09-02 03:25:41,098 period early   : 24660 paths, 20000 OD pairs
2026-09-02 03:25:41,105 period am_peak : 28767 paths, 20000 OD pairs
2026-09-02 03:25:41,110 period midday  : 24120 paths, 20000 OD pairs
2026-09-02 03:25:41,116 period pm_peak : 27977 paths, 20000 OD pairs
2026-09-02 03:25:41,120 period evening : 24079 paths, 20000 OD pairs
2026-09-02 03:25:41,125 period owl     : 22698 paths, 20000 OD pairs
2026-09-02 03:25:41,125 locking 28 route-periods across 14 routes in classes ('peak_express',)
2026-09-02 03:25:41,161      incumbent rescaled x1.0010
2026-09-02 03:35:54,403 solve lambda=2.0: obj=2.95133e+06 vh=2512.8/2517.2 exchanges=1
2026-09-02 03:35:54,424 reroute-031#dfd049714f7d                       seed 20260825 obj=2951326.789586 restarts=20 conv=True adm=True 614s
2026-09-02 03:35:54,426 stopping cleanly: 1180s needed for reroute-031#dfd049714f7d/20260827, 986s left
2026-09-02 03:35:54,426 slice ran 1 cells
2026-09-02 03:35:57,102 3.1-stageB: 93 cells remaining, 47 in this shard
2026-09-02 03:35:57,192 cache hit  baseline-a5bf710e8b2c9129 (53.2 MB, 0.1s)
2026-09-02 03:35:57,226 cache hit  raptor-51c3309f35ffd25f (0.6 MB, 0.0s)
2026-09-02 03:35:57,226 cache hit  zones-77edf71b615ba370 (0.2 MB, 0.0s)
2026-09-02 03:35:57,227 cache hit  od-ba345b9cb167aecb (0.5 MB, 0.0s)
2026-09-02 03:35:57,247 route classes: {'all_day': 25, 'peak_express': 14}
2026-09-02 03:35:57,620 footpaths: 15543 links (9 from transfers.txt)
2026-09-02 03:35:57,628 raptor network: 2946 stops, 111 patterns, 15543 footpaths
2026-09-02 03:35:57,727 zones: 1397 (637 with transit access within 600 m), 3937 access links
2026-09-02 03:35:57,736 route classes: {'all_day': 25, 'peak_express': 14}
2026-09-02 03:35:57,802 evaluator pricing: common_lines=same_route (explicit)
2026-09-02 03:35:57,853 path enumeration: 20000 OD pairs, 636 origin zones, 3 scenarios, cap 4 paths/OD
2026-09-02 03:36:40,988 rejected 95 malformed candidate paths that failed the re-pricing check
2026-09-02 03:36:41,080 path set: 24660 paths over 17389/20000 OD pairs (86.7% of flow served), 120766 legs
2026-09-02 03:36:41,123 period early   : 24660 paths, 20000 OD pairs
2026-09-02 03:36:41,133 path enumeration: 20000 OD pairs, 636 origin zones, 3 scenarios, cap 4 paths/OD
2026-09-02 03:37:29,667 rejected 74 malformed candidate paths that failed the re-pricing check
2026-09-02 03:37:29,788 path set: 28767 paths over 19279/20000 OD pairs (96.2% of flow served), 141047 legs
2026-09-02 03:37:29,844 period am_peak : 28767 paths, 20000 OD pairs
2026-09-02 03:37:29,855 path enumeration: 20000 OD pairs, 636 origin zones, 3 scenarios, cap 4 paths/OD
2026-09-02 03:38:13,598 rejected 73 malformed candidate paths that failed the re-pricing check
2026-09-02 03:38:13,690 path set: 24120 paths over 17390/20000 OD pairs (86.7% of flow served), 118211 legs
2026-09-02 03:38:13,731 period midday  : 24120 paths, 20000 OD pairs
2026-09-02 03:38:13,741 path enumeration: 20000 OD pairs, 636 origin zones, 3 scenarios, cap 4 paths/OD
2026-09-02 03:39:02,199 rejected 122 malformed candidate paths that failed the re-pricing check
2026-09-02 03:39:02,307 path set: 27977 paths over 18674/20000 OD pairs (93.6% of flow served), 138951 legs
2026-09-02 03:39:02,359 period pm_peak : 27977 paths, 20000 OD pairs
2026-09-02 03:39:02,370 path enumeration: 20000 OD pairs, 636 origin zones, 3 scenarios, cap 4 paths/OD
2026-09-02 03:39:49,547 rejected 82 malformed candidate paths that failed the re-pricing check
2026-09-02 03:39:49,642 path set: 24079 paths over 17387/20000 OD pairs (86.7% of flow served), 117800 legs
2026-09-02 03:39:49,689 period evening : 24079 paths, 20000 OD pairs
2026-09-02 03:39:49,701 path enumeration: 20000 OD pairs, 636 origin zones, 3 scenarios, cap 4 paths/OD
2026-09-02 03:40:32,040 rejected 127 malformed candidate paths that failed the re-pricing check
2026-09-02 03:40:32,127 path set: 22698 paths over 17007/20000 OD pairs (85.1% of flow served), 111280 legs
2026-09-02 03:40:32,165 period owl     : 22698 paths, 20000 OD pairs
2026-09-02 03:40:32,165 locking 28 route-periods across 14 routes in classes ('peak_express',)
2026-09-02 03:40:32,196      incumbent rescaled x1.0010
2026-09-02 03:51:03,318 solve lambda=2.0: obj=2.95133e+06 vh=2512.8/2517.2 exchanges=1
2026-09-02 03:51:03,762 reroute-031#dfd049714f7d                       seed 20260827 obj=2951326.789586 restarts=20 conv=True adm=True 906s
2026-09-02 03:51:03,767 stopping cleanly: 1180s needed for reroute-031#dfd049714f7d/20260829, 693s left
2026-09-02 03:51:03,767 slice ran 1 cells
2026-09-02 03:51:06,442 3.1-stageB: 90 cells remaining, 46 in this shard
2026-09-02 03:51:06,537 cache hit  baseline-a5bf710e8b2c9129 (53.2 MB, 0.1s)
2026-09-02 03:51:06,582 cache hit  raptor-51c3309f35ffd25f (0.6 MB, 0.0s)
2026-09-02 03:51:06,583 cache hit  zones-77edf71b615ba370 (0.2 MB, 0.0s)
2026-09-02 03:51:06,584 cache hit  od-ba345b9cb167aecb (0.5 MB, 0.0s)
2026-09-02 03:51:06,604 route classes: {'all_day': 25, 'peak_express': 14}
2026-09-02 03:51:06,973 footpaths: 15543 links (9 from transfers.txt)
2026-09-02 03:51:06,982 raptor network: 2946 stops, 111 patterns, 15543 footpaths
2026-09-02 03:51:07,080 zones: 1397 (637 with transit access within 600 m), 3937 access links
2026-09-02 03:51:07,089 route classes: {'all_day': 25, 'peak_express': 14}
2026-09-02 03:51:07,151 evaluator pricing: common_lines=same_route (explicit)
2026-09-02 03:51:07,212 path enumeration: 20000 OD pairs, 636 origin zones, 3 scenarios, cap 4 paths/OD
2026-09-02 03:51:49,912 rejected 95 malformed candidate paths that failed the re-pricing check
2026-09-02 03:51:50,004 path set: 24660 paths over 17389/20000 OD pairs (86.7% of flow served), 120766 legs
2026-09-02 03:51:50,048 period early   : 24660 paths, 20000 OD pairs
2026-09-02 03:51:50,058 path enumeration: 20000 OD pairs, 636 origin zones, 3 scenarios, cap 4 paths/OD
2026-09-02 03:52:39,187 rejected 74 malformed candidate paths that failed the re-pricing check
2026-09-02 03:52:39,303 path set: 28767 paths over 19279/20000 OD pairs (96.2% of flow served), 141047 legs
2026-09-02 03:52:39,358 period am_peak : 28767 paths, 20000 OD pairs
2026-09-02 03:52:39,369 path enumeration: 20000 OD pairs, 636 origin zones, 3 scenarios, cap 4 paths/OD
2026-09-02 03:53:23,166 rejected 73 malformed candidate paths that failed the re-pricing check
2026-09-02 03:53:23,264 path set: 24120 paths over 17390/20000 OD pairs (86.7% of flow served), 118211 legs
2026-09-02 03:53:23,311 period midday  : 24120 paths, 20000 OD pairs
2026-09-02 03:53:23,321 path enumeration: 20000 OD pairs, 636 origin zones, 3 scenarios, cap 4 paths/OD
2026-09-02 03:54:10,730 rejected 122 malformed candidate paths that failed the re-pricing check
2026-09-02 03:54:10,856 path set: 27977 paths over 18674/20000 OD pairs (93.6% of flow served), 138951 legs
2026-09-02 03:54:10,908 period pm_peak : 27977 paths, 20000 OD pairs
2026-09-02 03:54:10,919 path enumeration: 20000 OD pairs, 636 origin zones, 3 scenarios, cap 4 paths/OD
2026-09-02 03:54:57,205 rejected 82 malformed candidate paths that failed the re-pricing check
2026-09-02 03:54:57,300 path set: 24079 paths over 17387/20000 OD pairs (86.7% of flow served), 117800 legs
2026-09-02 03:54:57,348 period evening : 24079 paths, 20000 OD pairs
2026-09-02 03:54:57,359 path enumeration: 20000 OD pairs, 636 origin zones, 3 scenarios, cap 4 paths/OD
2026-09-02 03:55:39,291 rejected 127 malformed candidate paths that failed the re-pricing check
2026-09-02 03:55:39,393 path set: 22698 paths over 17007/20000 OD pairs (85.1% of flow served), 111280 legs
2026-09-02 03:55:39,435 period owl     : 22698 paths, 20000 OD pairs
2026-09-02 03:55:39,435 locking 28 route-periods across 14 routes in classes ('peak_express',)
2026-09-02 03:55:39,468      incumbent rescaled x1.0010
2026-09-02 04:05:38,750 solve lambda=2.0: obj=2.95129e+06 vh=2515.5/2517.2 exchanges=30
2026-09-02 04:05:39,137 reroute-031#dfd049714f7d                       seed 20260829 obj=2951287.875630 restarts=20 conv=True adm=True 872s
2026-09-02 04:05:39,140 stopping cleanly: 1180s needed for straighten-001#95a4287b6fa0/20260826, 727s left
2026-09-02 04:05:39,140 slice ran 1 cells
2026-09-02 04:05:41,997 3.1-stageB: 88 cells remaining, 45 in this shard
2026-09-02 04:05:42,095 cache hit  baseline-a5bf710e8b2c9129 (53.2 MB, 0.1s)
2026-09-02 04:05:42,136 cache hit  raptor-51c3309f35ffd25f (0.6 MB, 0.0s)
2026-09-02 04:05:42,136 cache hit  zones-77edf71b615ba370 (0.2 MB, 0.0s)
2026-09-02 04:05:42,137 cache hit  od-ba345b9cb167aecb (0.5 MB, 0.0s)
2026-09-02 04:05:42,151 route classes: {'all_day': 25, 'peak_express': 14}
2026-09-02 04:05:42,514 footpaths: 15565 links (9 from transfers.txt)
2026-09-02 04:05:42,524 raptor network: 2948 stops, 111 patterns, 15565 footpaths
2026-09-02 04:05:42,639 zones: 1397 (637 with transit access within 600 m), 3938 access links
2026-09-02 04:05:42,650 route classes: {'all_day': 25, 'peak_express': 14}
2026-09-02 04:05:42,716 evaluator pricing: common_lines=same_route (explicit)
2026-09-02 04:05:42,769 path enumeration: 20000 OD pairs, 636 origin zones, 3 scenarios, cap 4 paths/OD
2026-09-02 04:06:26,051 rejected 96 malformed candidate paths that failed the re-pricing check
2026-09-02 04:06:26,151 path set: 24655 paths over 17388/20000 OD pairs (86.7% of flow served), 121362 legs
2026-09-02 04:06:26,187 period early   : 24655 paths, 20000 OD pairs
2026-09-02 04:06:26,197 path enumeration: 20000 OD pairs, 636 origin zones, 3 scenarios, cap 4 paths/OD
2026-09-02 04:07:15,523 rejected 76 malformed candidate paths that failed the re-pricing check
2026-09-02 04:07:15,637 path set: 28762 paths over 19278/20000 OD pairs (96.2% of flow served), 141674 legs
2026-09-02 04:07:15,691 period am_peak : 28762 paths, 20000 OD pairs
2026-09-02 04:07:15,702 path enumeration: 20000 OD pairs, 636 origin zones, 3 scenarios, cap 4 paths/OD
2026-09-02 04:08:00,181 rejected 75 malformed candidate paths that failed the re-pricing check
2026-09-02 04:08:00,278 path set: 24087 paths over 17389/20000 OD pairs (86.7% of flow served), 118684 legs
2026-09-02 04:08:00,324 period midday  : 24087 paths, 20000 OD pairs
2026-09-02 04:08:00,335 path enumeration: 20000 OD pairs, 636 origin zones, 3 scenarios, cap 4 paths/OD
2026-09-02 04:08:48,707 rejected 123 malformed candidate paths that failed the re-pricing check
2026-09-02 04:08:48,825 path set: 27962 paths over 18673/20000 OD pairs (93.6% of flow served), 139519 legs
2026-09-02 04:08:48,889 period pm_peak : 27962 paths, 20000 OD pairs
2026-09-02 04:08:48,903 path enumeration: 20000 OD pairs, 636 origin zones, 3 scenarios, cap 4 paths/OD
2026-09-02 04:09:36,671 rejected 83 malformed candidate paths that failed the re-pricing check
2026-09-02 04:09:36,766 path set: 24044 paths over 17386/20000 OD pairs (86.6% of flow served), 118226 legs
2026-09-02 04:09:36,812 period evening : 24044 paths, 20000 OD pairs
2026-09-02 04:09:36,825 path enumeration: 20000 OD pairs, 636 origin zones, 3 scenarios, cap 4 paths/OD
2026-09-02 04:10:18,586 rejected 132 malformed candidate paths that failed the re-pricing check
2026-09-02 04:10:18,679 path set: 22674 paths over 17005/20000 OD pairs (85.1% of flow served), 111817 legs
2026-09-02 04:10:18,714 period owl     : 22674 paths, 20000 OD pairs
2026-09-02 04:10:18,714 locking 28 route-periods across 14 routes in classes ('peak_express',)
2026-09-02 04:20:23,816 solve lambda=2.0: obj=2.95589e+06 vh=2516.3/2517.2 exchanges=60
2026-09-02 04:20:24,159 straighten-001#95a4287b6fa0                    seed 20260826 obj=2955886.409746 restarts=20 conv=True adm=True 882s
2026-09-02 04:20:24,163 stopping cleanly: 1180s needed for straighten-001#95a4287b6fa0/20260828, 718s left
2026-09-02 04:20:24,163 slice ran 1 cells
2026-09-02 04:20:26,813 3.1-stageB: 86 cells remaining, 44 in this shard
2026-09-02 04:20:26,906 cache hit  baseline-a5bf710e8b2c9129 (53.2 MB, 0.1s)
2026-09-02 04:20:26,950 cache hit  raptor-51c3309f35ffd25f (0.6 MB, 0.0s)
2026-09-02 04:20:26,950 cache hit  zones-77edf71b615ba370 (0.2 MB, 0.0s)
2026-09-02 04:20:26,951 cache hit  od-ba345b9cb167aecb (0.5 MB, 0.0s)
2026-09-02 04:20:26,973 route classes: {'all_day': 25, 'peak_express': 14}
2026-09-02 04:20:27,341 footpaths: 15565 links (9 from transfers.txt)
2026-09-02 04:20:27,349 raptor network: 2948 stops, 111 patterns, 15565 footpaths
2026-09-02 04:20:27,445 zones: 1397 (637 with transit access within 600 m), 3938 access links
2026-09-02 04:20:27,454 route classes: {'all_day': 25, 'peak_express': 14}
2026-09-02 04:20:27,511 evaluator pricing: common_lines=same_route (explicit)
2026-09-02 04:20:27,564 path enumeration: 20000 OD pairs, 636 origin zones, 3 scenarios, cap 4 paths/OD
2026-09-02 04:21:10,054 rejected 96 malformed candidate paths that failed the re-pricing check
2026-09-02 04:21:10,152 path set: 24655 paths over 17388/20000 OD pairs (86.7% of flow served), 121362 legs
2026-09-02 04:21:10,196 period early   : 24655 paths, 20000 OD pairs
2026-09-02 04:21:10,207 path enumeration: 20000 OD pairs, 636 origin zones, 3 scenarios, cap 4 paths/OD
2026-09-02 04:21:58,623 rejected 76 malformed candidate paths that failed the re-pricing check
2026-09-02 04:21:58,736 path set: 28762 paths over 19278/20000 OD pairs (96.2% of flow served), 141674 legs
2026-09-02 04:21:58,790 period am_peak : 28762 paths, 20000 OD pairs
2026-09-02 04:21:58,801 path enumeration: 20000 OD pairs, 636 origin zones, 3 scenarios, cap 4 paths/OD
2026-09-02 04:22:43,333 rejected 75 malformed candidate paths that failed the re-pricing check
2026-09-02 04:22:43,435 path set: 24087 paths over 17389/20000 OD pairs (86.7% of flow served), 118684 legs
2026-09-02 04:22:43,484 period midday  : 24087 paths, 20000 OD pairs
2026-09-02 04:22:43,496 path enumeration: 20000 OD pairs, 636 origin zones, 3 scenarios, cap 4 paths/OD
2026-09-02 04:23:30,231 rejected 123 malformed candidate paths that failed the re-pricing check
2026-09-02 04:23:30,337 path set: 27962 paths over 18673/20000 OD pairs (93.6% of flow served), 139519 legs
2026-09-02 04:23:30,395 period pm_peak : 27962 paths, 20000 OD pairs
2026-09-02 04:23:30,406 path enumeration: 20000 OD pairs, 636 origin zones, 3 scenarios, cap 4 paths/OD
2026-09-02 04:24:17,471 rejected 83 malformed candidate paths that failed the re-pricing check
2026-09-02 04:24:17,561 path set: 24044 paths over 17386/20000 OD pairs (86.6% of flow served), 118226 legs
2026-09-02 04:24:17,606 period evening : 24044 paths, 20000 OD pairs
2026-09-02 04:24:17,617 path enumeration: 20000 OD pairs, 636 origin zones, 3 scenarios, cap 4 paths/OD
2026-09-02 04:24:58,717 rejected 132 malformed candidate paths that failed the re-pricing check
2026-09-02 04:24:58,806 path set: 22674 paths over 17005/20000 OD pairs (85.1% of flow served), 111817 legs
2026-09-02 04:24:58,850 period owl     : 22674 paths, 20000 OD pairs
2026-09-02 04:24:58,850 locking 28 route-periods across 14 routes in classes ('peak_express',)
2026-09-02 04:34:27,444 solve lambda=2.0: obj=2.95591e+06 vh=2514.3/2517.2 exchanges=0
2026-09-02 04:34:27,735 straighten-001#95a4287b6fa0                    seed 20260828 obj=2955914.812786 restarts=20 conv=True adm=True 841s
2026-09-02 04:34:29,025 stopping cleanly: 760s needed for straighten-002#716a0b294c2c/20260825, 758s left
2026-09-02 04:34:29,025 slice ran 1 cells
2026-09-02 04:34:31,579 3.1-stageB: 84 cells remaining, 43 in this shard
2026-09-02 04:34:31,664 cache hit  baseline-a5bf710e8b2c9129 (53.2 MB, 0.1s)
2026-09-02 04:34:31,706 cache hit  raptor-51c3309f35ffd25f (0.6 MB, 0.0s)
2026-09-02 04:34:31,706 cache hit  zones-77edf71b615ba370 (0.2 MB, 0.0s)
2026-09-02 04:34:31,707 cache hit  od-ba345b9cb167aecb (0.5 MB, 0.0s)
2026-09-02 04:34:31,726 route classes: {'all_day': 25, 'peak_express': 14}
2026-09-02 04:34:32,184 footpaths: 15553 links (9 from transfers.txt)
2026-09-02 04:34:32,194 raptor network: 2944 stops, 111 patterns, 15553 footpaths
2026-09-02 04:34:32,306 zones: 1397 (636 with transit access within 600 m), 3936 access links
2026-09-02 04:34:32,316 route classes: {'all_day': 25, 'peak_express': 14}
2026-09-02 04:34:32,367 evaluator pricing: common_lines=same_route (explicit)
2026-09-02 04:34:32,374 period early   : 24613 paths, 20000 OD pairs
2026-09-02 04:34:32,380 period am_peak : 28700 paths, 20000 OD pairs
2026-09-02 04:34:32,385 period midday  : 24035 paths, 20000 OD pairs
2026-09-02 04:34:32,391 period pm_peak : 27918 paths, 20000 OD pairs
2026-09-02 04:34:32,396 period evening : 24000 paths, 20000 OD pairs
2026-09-02 04:34:32,401 period owl     : 22616 paths, 20000 OD pairs
2026-09-02 04:34:32,401 locking 28 route-periods across 14 routes in classes ('peak_express',)
2026-09-02 04:45:01,473 solve lambda=2.0: obj=2.95593e+06 vh=2514.6/2517.2 exchanges=0
2026-09-02 04:45:01,493 straighten-002#716a0b294c2c                    seed 20260825 obj=2955929.396894 restarts=20 conv=True adm=True 630s
2026-09-02 04:45:01,496 stopping cleanly: 1180s needed for straighten-002#716a0b294c2c/20260827, 970s left
2026-09-02 04:45:01,496 slice ran 1 cells
2026-09-02 04:45:04,075 3.1-stageB: 83 cells remaining, 42 in this shard
2026-09-02 04:45:04,161 cache hit  baseline-a5bf710e8b2c9129 (53.2 MB, 0.1s)
2026-09-02 04:45:04,203 cache hit  raptor-51c3309f35ffd25f (0.6 MB, 0.0s)
2026-09-02 04:45:04,203 cache hit  zones-77edf71b615ba370 (0.2 MB, 0.0s)
2026-09-02 04:45:04,204 cache hit  od-ba345b9cb167aecb (0.5 MB, 0.0s)
2026-09-02 04:45:04,222 route classes: {'all_day': 25, 'peak_express': 14}
2026-09-02 04:45:04,570 footpaths: 15553 links (9 from transfers.txt)
2026-09-02 04:45:04,578 raptor network: 2944 stops, 111 patterns, 15553 footpaths
2026-09-02 04:45:04,680 zones: 1397 (636 with transit access within 600 m), 3936 access links
2026-09-02 04:45:04,689 route classes: {'all_day': 25, 'peak_express': 14}
2026-09-02 04:45:04,738 evaluator pricing: common_lines=same_route (explicit)
2026-09-02 04:45:04,792 path enumeration: 20000 OD pairs, 636 origin zones, 3 scenarios, cap 4 paths/OD
2026-09-02 04:45:47,753 rejected 96 malformed candidate paths that failed the re-pricing check
2026-09-02 04:45:47,848 path set: 24613 paths over 17346/20000 OD pairs (86.5% of flow served), 121110 legs
2026-09-02 04:45:47,896 period early   : 24613 paths, 20000 OD pairs
2026-09-02 04:45:47,907 path enumeration: 20000 OD pairs, 636 origin zones, 3 scenarios, cap 4 paths/OD
2026-09-02 04:46:35,810 rejected 75 malformed candidate paths that failed the re-pricing check
2026-09-02 04:46:35,928 path set: 28700 paths over 19236/20000 OD pairs (96.1% of flow served), 141330 legs
2026-09-02 04:46:35,985 period am_peak : 28700 paths, 20000 OD pairs
2026-09-02 04:46:35,996 path enumeration: 20000 OD pairs, 636 origin zones, 3 scenarios, cap 4 paths/OD
2026-09-02 04:47:19,121 rejected 74 malformed candidate paths that failed the re-pricing check
2026-09-02 04:47:19,213 path set: 24035 paths over 17347/20000 OD pairs (86.5% of flow served), 118381 legs
2026-09-02 04:47:19,256 period midday  : 24035 paths, 20000 OD pairs
2026-09-02 04:47:19,267 path enumeration: 20000 OD pairs, 636 origin zones, 3 scenarios, cap 4 paths/OD
2026-09-02 04:48:05,935 rejected 122 malformed candidate paths that failed the re-pricing check
2026-09-02 04:48:06,054 path set: 27918 paths over 18631/20000 OD pairs (93.4% of flow served), 139285 legs
2026-09-02 04:48:06,107 period pm_peak : 27918 paths, 20000 OD pairs
2026-09-02 04:48:06,118 path enumeration: 20000 OD pairs, 636 origin zones, 3 scenarios, cap 4 paths/OD
2026-09-02 04:48:51,077 rejected 83 malformed candidate paths that failed the re-pricing check
2026-09-02 04:48:51,170 path set: 24000 paths over 17344/20000 OD pairs (86.5% of flow served), 117977 legs
2026-09-02 04:48:51,214 period evening : 24000 paths, 20000 OD pairs
2026-09-02 04:48:51,225 path enumeration: 20000 OD pairs, 636 origin zones, 3 scenarios, cap 4 paths/OD
2026-09-02 04:49:33,231 rejected 132 malformed candidate paths that failed the re-pricing check
2026-09-02 04:49:33,316 path set: 22616 paths over 16964/20000 OD pairs (84.9% of flow served), 111473 legs
2026-09-02 04:49:33,355 period owl     : 22616 paths, 20000 OD pairs
2026-09-02 04:49:33,355 locking 28 route-periods across 14 routes in classes ('peak_express',)
2026-09-02 04:59:12,259 solve lambda=2.0: obj=2.95573e+06 vh=2516.1/2517.2 exchanges=34
2026-09-02 04:59:12,563 straighten-002#716a0b294c2c                    seed 20260827 obj=2955732.951171 restarts=20 conv=True adm=True 848s
2026-09-02 04:59:12,567 stopping cleanly: 1180s needed for straighten-002#716a0b294c2c/20260829, 751s left
2026-09-02 04:59:12,567 slice ran 1 cells
2026-09-02 04:59:15,088 3.1-stageB: 80 cells remaining, 41 in this shard
2026-09-02 04:59:15,181 cache hit  baseline-a5bf710e8b2c9129 (53.2 MB, 0.1s)
2026-09-02 04:59:15,227 cache hit  raptor-51c3309f35ffd25f (0.6 MB, 0.0s)
2026-09-02 04:59:15,227 cache hit  zones-77edf71b615ba370 (0.2 MB, 0.0s)
2026-09-02 04:59:15,228 cache hit  od-ba345b9cb167aecb (0.5 MB, 0.0s)
2026-09-02 04:59:15,249 route classes: {'all_day': 25, 'peak_express': 14}
2026-09-02 04:59:15,608 footpaths: 15553 links (9 from transfers.txt)
2026-09-02 04:59:15,616 raptor network: 2944 stops, 111 patterns, 15553 footpaths
2026-09-02 04:59:15,727 zones: 1397 (636 with transit access within 600 m), 3936 access links
2026-09-02 04:59:15,736 route classes: {'all_day': 25, 'peak_express': 14}
2026-09-02 04:59:15,788 evaluator pricing: common_lines=same_route (explicit)
2026-09-02 04:59:15,836 path enumeration: 20000 OD pairs, 636 origin zones, 3 scenarios, cap 4 paths/OD
2026-09-02 04:59:57,399 rejected 96 malformed candidate paths that failed the re-pricing check
2026-09-02 04:59:57,501 path set: 24613 paths over 17346/20000 OD pairs (86.5% of flow served), 121110 legs
2026-09-02 04:59:57,546 period early   : 24613 paths, 20000 OD pairs
2026-09-02 04:59:57,556 path enumeration: 20000 OD pairs, 636 origin zones, 3 scenarios, cap 4 paths/OD
2026-09-02 05:00:44,913 rejected 75 malformed candidate paths that failed the re-pricing check
2026-09-02 05:00:45,025 path set: 28700 paths over 19236/20000 OD pairs (96.1% of flow served), 141330 legs
2026-09-02 05:00:45,077 period am_peak : 28700 paths, 20000 OD pairs
2026-09-02 05:00:45,087 path enumeration: 20000 OD pairs, 636 origin zones, 3 scenarios, cap 4 paths/OD
2026-09-02 05:01:27,877 rejected 74 malformed candidate paths that failed the re-pricing check
2026-09-02 05:01:27,969 path set: 24035 paths over 17347/20000 OD pairs (86.5% of flow served), 118381 legs
2026-09-02 05:01:28,015 period midday  : 24035 paths, 20000 OD pairs
2026-09-02 05:01:28,026 path enumeration: 20000 OD pairs, 636 origin zones, 3 scenarios, cap 4 paths/OD
2026-09-02 05:02:13,356 rejected 122 malformed candidate paths that failed the re-pricing check
2026-09-02 05:02:13,467 path set: 27918 paths over 18631/20000 OD pairs (93.4% of flow served), 139285 legs
2026-09-02 05:02:13,523 period pm_peak : 27918 paths, 20000 OD pairs
2026-09-02 05:02:13,534 path enumeration: 20000 OD pairs, 636 origin zones, 3 scenarios, cap 4 paths/OD
2026-09-02 05:02:58,944 rejected 83 malformed candidate paths that failed the re-pricing check
2026-09-02 05:02:59,046 path set: 24000 paths over 17344/20000 OD pairs (86.5% of flow served), 117977 legs
2026-09-02 05:02:59,092 period evening : 24000 paths, 20000 OD pairs
2026-09-02 05:02:59,103 path enumeration: 20000 OD pairs, 636 origin zones, 3 scenarios, cap 4 paths/OD
2026-09-02 05:03:39,850 rejected 132 malformed candidate paths that failed the re-pricing check
2026-09-02 05:03:39,997 path set: 22616 paths over 16964/20000 OD pairs (84.9% of flow served), 111473 legs
2026-09-02 05:03:40,039 period owl     : 22616 paths, 20000 OD pairs
2026-09-02 05:03:40,040 locking 28 route-periods across 14 routes in classes ('peak_express',)
2026-09-02 05:13:09,271 solve lambda=2.0: obj=2.95552e+06 vh=2516.4/2517.2 exchanges=43
2026-09-02 05:13:09,590 straighten-002#716a0b294c2c                    seed 20260829 obj=2955516.749683 restarts=20 conv=True adm=True 834s
2026-09-02 05:13:09,594 stopping cleanly: 1180s needed for straighten-004#600ca164ad60/20260826, 765s left
2026-09-02 05:13:09,594 slice ran 1 cells
2026-09-02 05:13:12,102 3.1-stageB: 78 cells remaining, 40 in this shard
2026-09-02 05:13:12,184 cache hit  baseline-a5bf710e8b2c9129 (53.2 MB, 0.1s)
2026-09-02 05:13:12,216 cache hit  raptor-51c3309f35ffd25f (0.6 MB, 0.0s)
2026-09-02 05:13:12,217 cache hit  zones-77edf71b615ba370 (0.2 MB, 0.0s)
2026-09-02 05:13:12,218 cache hit  od-ba345b9cb167aecb (0.5 MB, 0.0s)
2026-09-02 05:13:12,229 route classes: {'all_day': 25, 'peak_express': 14}
2026-09-02 05:13:12,581 footpaths: 15533 links (9 from transfers.txt)
2026-09-02 05:13:12,589 raptor network: 2944 stops, 111 patterns, 15533 footpaths
2026-09-02 05:13:12,685 zones: 1397 (637 with transit access within 600 m), 3935 access links
2026-09-02 05:13:12,694 route classes: {'all_day': 25, 'peak_express': 14}
2026-09-02 05:13:12,750 evaluator pricing: common_lines=same_route (explicit)
2026-09-02 05:13:12,803 path enumeration: 20000 OD pairs, 636 origin zones, 3 scenarios, cap 4 paths/OD
2026-09-02 05:13:53,870 rejected 96 malformed candidate paths that failed the re-pricing check
2026-09-02 05:13:53,959 path set: 24666 paths over 17388/20000 OD pairs (86.7% of flow served), 121374 legs
2026-09-02 05:13:54,002 period early   : 24666 paths, 20000 OD pairs
2026-09-02 05:13:54,012 path enumeration: 20000 OD pairs, 636 origin zones, 3 scenarios, cap 4 paths/OD
2026-09-02 05:14:42,420 rejected 74 malformed candidate paths that failed the re-pricing check
2026-09-02 05:14:42,531 path set: 28765 paths over 19278/20000 OD pairs (96.2% of flow served), 141649 legs
2026-09-02 05:14:42,598 period am_peak : 28765 paths, 20000 OD pairs
2026-09-02 05:14:42,608 path enumeration: 20000 OD pairs, 636 origin zones, 3 scenarios, cap 4 paths/OD
2026-09-02 05:15:24,476 rejected 74 malformed candidate paths that failed the re-pricing check
2026-09-02 05:15:24,572 path set: 24099 paths over 17389/20000 OD pairs (86.7% of flow served), 118715 legs
2026-09-02 05:15:24,616 period midday  : 24099 paths, 20000 OD pairs
2026-09-02 05:15:24,627 path enumeration: 20000 OD pairs, 636 origin zones, 3 scenarios, cap 4 paths/OD
2026-09-02 05:16:10,535 rejected 122 malformed candidate paths that failed the re-pricing check
2026-09-02 05:16:10,645 path set: 27987 paths over 18673/20000 OD pairs (93.6% of flow served), 139631 legs
2026-09-02 05:16:10,699 period pm_peak : 27987 paths, 20000 OD pairs
2026-09-02 05:16:10,709 path enumeration: 20000 OD pairs, 636 origin zones, 3 scenarios, cap 4 paths/OD
2026-09-02 05:16:55,374 rejected 83 malformed candidate paths that failed the re-pricing check
2026-09-02 05:16:55,469 path set: 24058 paths over 17386/20000 OD pairs (86.6% of flow served), 118275 legs
2026-09-02 05:16:55,517 period evening : 24058 paths, 20000 OD pairs
2026-09-02 05:16:55,527 path enumeration: 20000 OD pairs, 636 origin zones, 3 scenarios, cap 4 paths/OD
2026-09-02 05:17:37,703 rejected 130 malformed candidate paths that failed the re-pricing check
2026-09-02 05:17:37,912 path set: 22668 paths over 17005/20000 OD pairs (85.1% of flow served), 111742 legs
2026-09-02 05:17:37,959 period owl     : 22668 paths, 20000 OD pairs
2026-09-02 05:17:37,959 locking 28 route-periods across 14 routes in classes ('peak_express',)
2026-09-02 05:27:12,510 solve lambda=2.0: obj=2.95527e+06 vh=2515.4/2517.2 exchanges=0
2026-09-02 05:27:13,086 straighten-004#600ca164ad60                    seed 20260826 obj=2955268.130632 restarts=20 conv=True adm=True 841s
2026-09-02 05:27:13,090 stopping cleanly: 1180s needed for straighten-004#600ca164ad60/20260828, 759s left
2026-09-02 05:27:13,090 slice ran 1 cells
2026-09-02 05:27:15,810 3.1-stageB: 77 cells remaining, 39 in this shard
2026-09-02 05:27:15,899 cache hit  baseline-a5bf710e8b2c9129 (53.2 MB, 0.1s)
2026-09-02 05:27:15,934 cache hit  raptor-51c3309f35ffd25f (0.6 MB, 0.0s)
2026-09-02 05:27:15,934 cache hit  zones-77edf71b615ba370 (0.2 MB, 0.0s)
2026-09-02 05:27:15,935 cache hit  od-ba345b9cb167aecb (0.5 MB, 0.0s)
2026-09-02 05:27:15,946 route classes: {'all_day': 25, 'peak_express': 14}
2026-09-02 05:27:16,305 footpaths: 15533 links (9 from transfers.txt)
2026-09-02 05:27:16,314 raptor network: 2944 stops, 111 patterns, 15533 footpaths
2026-09-02 05:27:16,414 zones: 1397 (637 with transit access within 600 m), 3935 access links
2026-09-02 05:27:16,423 route classes: {'all_day': 25, 'peak_express': 14}
2026-09-02 05:27:16,484 evaluator pricing: common_lines=same_route (explicit)
2026-09-02 05:27:16,541 path enumeration: 20000 OD pairs, 636 origin zones, 3 scenarios, cap 4 paths/OD
2026-09-02 05:27:59,839 rejected 96 malformed candidate paths that failed the re-pricing check
2026-09-02 05:27:59,938 path set: 24666 paths over 17388/20000 OD pairs (86.7% of flow served), 121374 legs
2026-09-02 05:27:59,981 period early   : 24666 paths, 20000 OD pairs
2026-09-02 05:27:59,991 path enumeration: 20000 OD pairs, 636 origin zones, 3 scenarios, cap 4 paths/OD
2026-09-02 05:28:49,704 rejected 74 malformed candidate paths that failed the re-pricing check
2026-09-02 05:28:49,813 path set: 28765 paths over 19278/20000 OD pairs (96.2% of flow served), 141649 legs
2026-09-02 05:28:49,865 period am_peak : 28765 paths, 20000 OD pairs
2026-09-02 05:28:49,875 path enumeration: 20000 OD pairs, 636 origin zones, 3 scenarios, cap 4 paths/OD
2026-09-02 05:29:33,542 rejected 74 malformed candidate paths that failed the re-pricing check
2026-09-02 05:29:33,641 path set: 24099 paths over 17389/20000 OD pairs (86.7% of flow served), 118715 legs
2026-09-02 05:29:33,685 period midday  : 24099 paths, 20000 OD pairs
2026-09-02 05:29:33,696 path enumeration: 20000 OD pairs, 636 origin zones, 3 scenarios, cap 4 paths/OD
2026-09-02 05:30:22,357 rejected 122 malformed candidate paths that failed the re-pricing check
2026-09-02 05:30:22,473 path set: 27987 paths over 18673/20000 OD pairs (93.6% of flow served), 139631 legs
2026-09-02 05:30:22,530 period pm_peak : 27987 paths, 20000 OD pairs
2026-09-02 05:30:22,541 path enumeration: 20000 OD pairs, 636 origin zones, 3 scenarios, cap 4 paths/OD
2026-09-02 05:31:08,777 rejected 83 malformed candidate paths that failed the re-pricing check
2026-09-02 05:31:08,873 path set: 24058 paths over 17386/20000 OD pairs (86.6% of flow served), 118275 legs
2026-09-02 05:31:08,919 period evening : 24058 paths, 20000 OD pairs
2026-09-02 05:31:08,930 path enumeration: 20000 OD pairs, 636 origin zones, 3 scenarios, cap 4 paths/OD
2026-09-02 05:31:51,966 rejected 130 malformed candidate paths that failed the re-pricing check
2026-09-02 05:31:52,078 path set: 22668 paths over 17005/20000 OD pairs (85.1% of flow served), 111742 legs
2026-09-02 05:31:52,130 period owl     : 22668 paths, 20000 OD pairs
2026-09-02 05:31:52,130 locking 28 route-periods across 14 routes in classes ('peak_express',)
2026-09-02 05:42:23,851 solve lambda=2.0: obj=2.95527e+06 vh=2515.4/2517.2 exchanges=0
2026-09-02 05:42:24,382 straighten-004#600ca164ad60                    seed 20260828 obj=2955268.130632 restarts=20 conv=True adm=True 908s
2026-09-02 05:42:25,664 stopping cleanly: 760s needed for straighten-007#830e388b3427/20260825, 690s left
2026-09-02 05:42:25,664 slice ran 1 cells
2026-09-02 05:42:28,358 3.1-stageB: 75 cells remaining, 38 in this shard
2026-09-02 05:42:28,450 cache hit  baseline-a5bf710e8b2c9129 (53.2 MB, 0.1s)
2026-09-02 05:42:28,493 cache hit  raptor-51c3309f35ffd25f (0.6 MB, 0.0s)
2026-09-02 05:42:28,494 cache hit  zones-77edf71b615ba370 (0.2 MB, 0.0s)
2026-09-02 05:42:28,495 cache hit  od-ba345b9cb167aecb (0.5 MB, 0.0s)
2026-09-02 05:42:28,513 route classes: {'all_day': 25, 'peak_express': 14}
2026-09-02 05:42:28,948 footpaths: 15509 links (9 from transfers.txt)
2026-09-02 05:42:28,958 raptor network: 2942 stops, 111 patterns, 15509 footpaths
2026-09-02 05:42:29,067 zones: 1397 (637 with transit access within 600 m), 3934 access links
2026-09-02 05:42:29,077 route classes: {'all_day': 25, 'peak_express': 14}
2026-09-02 05:42:29,126 evaluator pricing: common_lines=same_route (explicit)
2026-09-02 05:42:29,132 period early   : 24633 paths, 20000 OD pairs
2026-09-02 05:42:29,138 period am_peak : 28752 paths, 20000 OD pairs
2026-09-02 05:42:29,143 period midday  : 24074 paths, 20000 OD pairs
2026-09-02 05:42:29,149 period pm_peak : 27962 paths, 20000 OD pairs
2026-09-02 05:42:29,154 period evening : 24038 paths, 20000 OD pairs
2026-09-02 05:42:29,160 period owl     : 22665 paths, 20000 OD pairs
2026-09-02 05:42:29,160 locking 28 route-periods across 14 routes in classes ('peak_express',)
2026-09-02 05:52:46,959 solve lambda=2.0: obj=2.95479e+06 vh=2514.7/2517.2 exchanges=28
2026-09-02 05:52:46,980 straighten-007#830e388b3427                    seed 20260825 obj=2954790.977799 restarts=20 conv=True adm=True 618s
2026-09-02 05:52:46,983 stopping cleanly: 1180s needed for straighten-007#830e388b3427/20260827, 981s left
2026-09-02 05:52:46,983 slice ran 1 cells
2026-09-02 05:52:49,727 3.1-stageB: 73 cells remaining, 37 in this shard
2026-09-02 05:52:49,820 cache hit  baseline-a5bf710e8b2c9129 (53.2 MB, 0.1s)
2026-09-02 05:52:49,872 cache hit  raptor-51c3309f35ffd25f (0.6 MB, 0.0s)
2026-09-02 05:52:49,873 cache hit  zones-77edf71b615ba370 (0.2 MB, 0.0s)
2026-09-02 05:52:49,874 cache hit  od-ba345b9cb167aecb (0.5 MB, 0.0s)
2026-09-02 05:52:49,894 route classes: {'all_day': 25, 'peak_express': 14}
2026-09-02 05:52:50,264 footpaths: 15509 links (9 from transfers.txt)
2026-09-02 05:52:50,272 raptor network: 2942 stops, 111 patterns, 15509 footpaths
2026-09-02 05:52:50,385 zones: 1397 (637 with transit access within 600 m), 3934 access links
2026-09-02 05:52:50,395 route classes: {'all_day': 25, 'peak_express': 14}
2026-09-02 05:52:50,451 evaluator pricing: common_lines=same_route (explicit)
2026-09-02 05:52:50,505 path enumeration: 20000 OD pairs, 636 origin zones, 3 scenarios, cap 4 paths/OD
2026-09-02 05:53:34,356 rejected 89 malformed candidate paths that failed the re-pricing check
2026-09-02 05:53:34,462 path set: 24633 paths over 17388/20000 OD pairs (86.7% of flow served), 121178 legs
2026-09-02 05:53:34,508 period early   : 24633 paths, 20000 OD pairs
2026-09-02 05:53:34,519 path enumeration: 20000 OD pairs, 636 origin zones, 3 scenarios, cap 4 paths/OD
2026-09-02 05:54:25,118 rejected 74 malformed candidate paths that failed the re-pricing check
2026-09-02 05:54:25,237 path set: 28752 paths over 19278/20000 OD pairs (96.2% of flow served), 141558 legs
2026-09-02 05:54:25,294 period am_peak : 28752 paths, 20000 OD pairs
2026-09-02 05:54:25,305 path enumeration: 20000 OD pairs, 636 origin zones, 3 scenarios, cap 4 paths/OD
2026-09-02 05:55:12,851 rejected 73 malformed candidate paths that failed the re-pricing check
2026-09-02 05:55:12,948 path set: 24074 paths over 17389/20000 OD pairs (86.7% of flow served), 118567 legs
2026-09-02 05:55:12,999 period midday  : 24074 paths, 20000 OD pairs
2026-09-02 05:55:13,010 path enumeration: 20000 OD pairs, 636 origin zones, 3 scenarios, cap 4 paths/OD
2026-09-02 05:56:04,645 rejected 121 malformed candidate paths that failed the re-pricing check
2026-09-02 05:56:04,825 path set: 27962 paths over 18673/20000 OD pairs (93.6% of flow served), 139467 legs
2026-09-02 05:56:04,883 period pm_peak : 27962 paths, 20000 OD pairs
2026-09-02 05:56:04,896 path enumeration: 20000 OD pairs, 636 origin zones, 3 scenarios, cap 4 paths/OD
2026-09-02 05:56:53,295 rejected 82 malformed candidate paths that failed the re-pricing check
2026-09-02 05:56:53,442 path set: 24038 paths over 17386/20000 OD pairs (86.6% of flow served), 118156 legs
2026-09-02 05:56:53,493 period evening : 24038 paths, 20000 OD pairs
2026-09-02 05:56:53,504 path enumeration: 20000 OD pairs, 636 origin zones, 3 scenarios, cap 4 paths/OD
2026-09-02 05:57:36,407 rejected 123 malformed candidate paths that failed the re-pricing check
2026-09-02 05:57:36,561 path set: 22665 paths over 17004/20000 OD pairs (85.1% of flow served), 111645 legs
2026-09-02 05:57:36,606 period owl     : 22665 paths, 20000 OD pairs
2026-09-02 05:57:36,606 locking 28 route-periods across 14 routes in classes ('peak_express',)
2026-09-02 06:08:13,584 solve lambda=2.0: obj=2.95484e+06 vh=2514.4/2517.2 exchanges=0
2026-09-02 06:08:14,020 straighten-007#830e388b3427                    seed 20260827 obj=2954843.938480 restarts=20 conv=True adm=True 924s
2026-09-02 06:08:14,023 stopping cleanly: 1180s needed for straighten-007#830e388b3427/20260829, 676s left
2026-09-02 06:08:14,023 slice ran 1 cells
2026-09-02 06:08:16,933 3.1-stageB: 71 cells remaining, 36 in this shard
2026-09-02 06:08:17,031 cache hit  baseline-a5bf710e8b2c9129 (53.2 MB, 0.1s)
2026-09-02 06:08:17,067 cache hit  raptor-51c3309f35ffd25f (0.6 MB, 0.0s)
2026-09-02 06:08:17,067 cache hit  zones-77edf71b615ba370 (0.2 MB, 0.0s)
2026-09-02 06:08:17,068 cache hit  od-ba345b9cb167aecb (0.5 MB, 0.0s)
2026-09-02 06:08:17,079 route classes: {'all_day': 25, 'peak_express': 14}
2026-09-02 06:08:17,463 footpaths: 15509 links (9 from transfers.txt)
2026-09-02 06:08:17,472 raptor network: 2942 stops, 111 patterns, 15509 footpaths
2026-09-02 06:08:17,583 zones: 1397 (637 with transit access within 600 m), 3934 access links
2026-09-02 06:08:17,593 route classes: {'all_day': 25, 'peak_express': 14}
2026-09-02 06:08:17,647 evaluator pricing: common_lines=same_route (explicit)
2026-09-02 06:08:17,717 path enumeration: 20000 OD pairs, 636 origin zones, 3 scenarios, cap 4 paths/OD
2026-09-02 06:09:02,065 rejected 89 malformed candidate paths that failed the re-pricing check
2026-09-02 06:09:02,169 path set: 24633 paths over 17388/20000 OD pairs (86.7% of flow served), 121178 legs
2026-09-02 06:09:02,218 period early   : 24633 paths, 20000 OD pairs
2026-09-02 06:09:02,228 path enumeration: 20000 OD pairs, 636 origin zones, 3 scenarios, cap 4 paths/OD
2026-09-02 06:09:51,664 rejected 74 malformed candidate paths that failed the re-pricing check
2026-09-02 06:09:51,794 path set: 28752 paths over 19278/20000 OD pairs (96.2% of flow served), 141558 legs
2026-09-02 06:09:51,857 period am_peak : 28752 paths, 20000 OD pairs
2026-09-02 06:09:51,869 path enumeration: 20000 OD pairs, 636 origin zones, 3 scenarios, cap 4 paths/OD
2026-09-02 06:10:38,317 rejected 73 malformed candidate paths that failed the re-pricing check
2026-09-02 06:10:38,425 path set: 24074 paths over 17389/20000 OD pairs (86.7% of flow served), 118567 legs
2026-09-02 06:10:38,478 period midday  : 24074 paths, 20000 OD pairs
2026-09-02 06:10:38,491 path enumeration: 20000 OD pairs, 636 origin zones, 3 scenarios, cap 4 paths/OD
2026-09-02 06:11:28,631 rejected 121 malformed candidate paths that failed the re-pricing check
2026-09-02 06:11:28,743 path set: 27962 paths over 18673/20000 OD pairs (93.6% of flow served), 139467 legs
2026-09-02 06:11:28,796 period pm_peak : 27962 paths, 20000 OD pairs
2026-09-02 06:11:28,806 path enumeration: 20000 OD pairs, 636 origin zones, 3 scenarios, cap 4 paths/OD
2026-09-02 06:12:15,731 rejected 82 malformed candidate paths that failed the re-pricing check
2026-09-02 06:12:15,840 path set: 24038 paths over 17386/20000 OD pairs (86.6% of flow served), 118156 legs
2026-09-02 06:12:15,897 period evening : 24038 paths, 20000 OD pairs
2026-09-02 06:12:15,908 path enumeration: 20000 OD pairs, 636 origin zones, 3 scenarios, cap 4 paths/OD
2026-09-02 06:12:59,067 rejected 123 malformed candidate paths that failed the re-pricing check
2026-09-02 06:12:59,176 path set: 22665 paths over 17004/20000 OD pairs (85.1% of flow served), 111645 legs
2026-09-02 06:12:59,228 period owl     : 22665 paths, 20000 OD pairs
2026-09-02 06:12:59,228 locking 28 route-periods across 14 routes in classes ('peak_express',)
2026-09-02 06:24:08,006 solve lambda=2.0: obj=2.95484e+06 vh=2514.4/2517.2 exchanges=0
2026-09-02 06:24:08,619 straighten-007#830e388b3427                    seed 20260829 obj=2954843.938480 restarts=20 conv=True adm=True 951s
2026-09-02 06:24:08,622 stopping cleanly: 1180s needed for straighten-011#f2a996066a3d/20260826, 648s left
2026-09-02 06:24:08,622 slice ran 1 cells
2026-09-02 06:24:11,377 3.1-stageB: 69 cells remaining, 35 in this shard
2026-09-02 06:24:11,468 cache hit  baseline-a5bf710e8b2c9129 (53.2 MB, 0.1s)
2026-09-02 06:24:11,512 cache hit  raptor-51c3309f35ffd25f (0.6 MB, 0.0s)
2026-09-02 06:24:11,513 cache hit  zones-77edf71b615ba370 (0.2 MB, 0.0s)
2026-09-02 06:24:11,514 cache hit  od-ba345b9cb167aecb (0.5 MB, 0.0s)
2026-09-02 06:24:11,533 route classes: {'all_day': 25, 'peak_express': 14}
2026-09-02 06:24:11,898 footpaths: 15543 links (9 from transfers.txt)
2026-09-02 06:24:11,906 raptor network: 2947 stops, 111 patterns, 15543 footpaths
2026-09-02 06:24:12,006 zones: 1397 (637 with transit access within 600 m), 3938 access links
2026-09-02 06:24:12,016 route classes: {'all_day': 25, 'peak_express': 14}
2026-09-02 06:24:12,078 evaluator pricing: common_lines=same_route (explicit)
2026-09-02 06:24:12,135 path enumeration: 20000 OD pairs, 636 origin zones, 3 scenarios, cap 4 paths/OD
2026-09-02 06:24:56,026 rejected 94 malformed candidate paths that failed the re-pricing check
2026-09-02 06:24:56,124 path set: 24491 paths over 17389/20000 OD pairs (86.7% of flow served), 120391 legs
2026-09-02 06:24:56,158 period early   : 24491 paths, 20000 OD pairs
2026-09-02 06:24:56,170 path enumeration: 20000 OD pairs, 636 origin zones, 3 scenarios, cap 4 paths/OD
2026-09-02 06:25:46,026 rejected 82 malformed candidate paths that failed the re-pricing check
2026-09-02 06:25:46,143 path set: 28665 paths over 19279/20000 OD pairs (96.2% of flow served), 141045 legs
2026-09-02 06:25:46,207 period am_peak : 28665 paths, 20000 OD pairs
2026-09-02 06:25:46,219 path enumeration: 20000 OD pairs, 636 origin zones, 3 scenarios, cap 4 paths/OD
2026-09-02 06:26:31,113 rejected 72 malformed candidate paths that failed the re-pricing check
2026-09-02 06:26:31,218 path set: 24008 paths over 17390/20000 OD pairs (86.7% of flow served), 118116 legs
2026-09-02 06:26:31,266 period midday  : 24008 paths, 20000 OD pairs
2026-09-02 06:26:31,277 path enumeration: 20000 OD pairs, 636 origin zones, 3 scenarios, cap 4 paths/OD
2026-09-02 06:27:19,966 rejected 124 malformed candidate paths that failed the re-pricing check
2026-09-02 06:27:20,077 path set: 27919 paths over 18674/20000 OD pairs (93.6% of flow served), 139174 legs
2026-09-02 06:27:20,128 period pm_peak : 27919 paths, 20000 OD pairs
2026-09-02 06:27:20,139 path enumeration: 20000 OD pairs, 636 origin zones, 3 scenarios, cap 4 paths/OD
2026-09-02 06:28:07,374 rejected 81 malformed candidate paths that failed the re-pricing check
2026-09-02 06:28:07,476 path set: 23954 paths over 17387/20000 OD pairs (86.7% of flow served), 117610 legs
2026-09-02 06:28:07,524 period evening : 23954 paths, 20000 OD pairs
2026-09-02 06:28:07,536 path enumeration: 20000 OD pairs, 636 origin zones, 3 scenarios, cap 4 paths/OD
2026-09-02 06:28:50,729 rejected 143 malformed candidate paths that failed the re-pricing check
2026-09-02 06:28:50,824 path set: 22604 paths over 17007/20000 OD pairs (85.1% of flow served), 111258 legs
2026-09-02 06:28:50,865 period owl     : 22604 paths, 20000 OD pairs
2026-09-02 06:28:50,865 locking 28 route-periods across 14 routes in classes ('peak_express',)
2026-09-02 06:39:04,547 solve lambda=2.0: obj=2.9548e+06 vh=2513.7/2517.2 exchanges=0
2026-09-02 06:39:05,116 straighten-011#f2a996066a3d                    seed 20260826 obj=2954802.314519 restarts=20 conv=True adm=True 893s
2026-09-02 06:39:05,120 stopping cleanly: 1180s needed for straighten-011#f2a996066a3d/20260828, 706s left
2026-09-02 06:39:05,120 slice ran 1 cells
2026-09-02 06:39:07,733 3.1-stageB: 67 cells remaining, 34 in this shard
2026-09-02 06:39:07,828 cache hit  baseline-a5bf710e8b2c9129 (53.2 MB, 0.1s)
2026-09-02 06:39:07,876 cache hit  raptor-51c3309f35ffd25f (0.6 MB, 0.0s)
2026-09-02 06:39:07,877 cache hit  zones-77edf71b615ba370 (0.2 MB, 0.0s)
2026-09-02 06:39:07,878 cache hit  od-ba345b9cb167aecb (0.5 MB, 0.0s)
2026-09-02 06:39:07,901 route classes: {'all_day': 25, 'peak_express': 14}
2026-09-02 06:39:08,293 footpaths: 15543 links (9 from transfers.txt)
2026-09-02 06:39:08,303 raptor network: 2947 stops, 111 patterns, 15543 footpaths
2026-09-02 06:39:08,408 zones: 1397 (637 with transit access within 600 m), 3938 access links
2026-09-02 06:39:08,417 route classes: {'all_day': 25, 'peak_express': 14}
2026-09-02 06:39:08,481 evaluator pricing: common_lines=same_route (explicit)
2026-09-02 06:39:08,538 path enumeration: 20000 OD pairs, 636 origin zones, 3 scenarios, cap 4 paths/OD
2026-09-02 06:39:50,970 rejected 94 malformed candidate paths that failed the re-pricing check
2026-09-02 06:39:51,066 path set: 24491 paths over 17389/20000 OD pairs (86.7% of flow served), 120391 legs
2026-09-02 06:39:51,110 period early   : 24491 paths, 20000 OD pairs
2026-09-02 06:39:51,121 path enumeration: 20000 OD pairs, 636 origin zones, 3 scenarios, cap 4 paths/OD
2026-09-02 06:40:41,569 rejected 82 malformed candidate paths that failed the re-pricing check
2026-09-02 06:40:41,688 path set: 28665 paths over 19279/20000 OD pairs (96.2% of flow served), 141045 legs
2026-09-02 06:40:41,749 period am_peak : 28665 paths, 20000 OD pairs
2026-09-02 06:40:41,762 path enumeration: 20000 OD pairs, 636 origin zones, 3 scenarios, cap 4 paths/OD
2026-09-02 06:41:25,640 rejected 72 malformed candidate paths that failed the re-pricing check
2026-09-02 06:41:25,742 path set: 24008 paths over 17390/20000 OD pairs (86.7% of flow served), 118116 legs
2026-09-02 06:41:25,790 period midday  : 24008 paths, 20000 OD pairs
2026-09-02 06:41:25,801 path enumeration: 20000 OD pairs, 636 origin zones, 3 scenarios, cap 4 paths/OD
2026-09-02 06:42:14,551 rejected 124 malformed candidate paths that failed the re-pricing check
2026-09-02 06:42:14,664 path set: 27919 paths over 18674/20000 OD pairs (93.6% of flow served), 139174 legs
2026-09-02 06:42:14,719 period pm_peak : 27919 paths, 20000 OD pairs
2026-09-02 06:42:14,729 path enumeration: 20000 OD pairs, 636 origin zones, 3 scenarios, cap 4 paths/OD
2026-09-02 06:43:04,846 rejected 81 malformed candidate paths that failed the re-pricing check
2026-09-02 06:43:04,963 path set: 23954 paths over 17387/20000 OD pairs (86.7% of flow served), 117610 legs
2026-09-02 06:43:05,018 period evening : 23954 paths, 20000 OD pairs
2026-09-02 06:43:05,031 path enumeration: 20000 OD pairs, 636 origin zones, 3 scenarios, cap 4 paths/OD
2026-09-02 06:43:48,060 rejected 143 malformed candidate paths that failed the re-pricing check
2026-09-02 06:43:48,150 path set: 22604 paths over 17007/20000 OD pairs (85.1% of flow served), 111258 legs
2026-09-02 06:43:48,191 period owl     : 22604 paths, 20000 OD pairs
2026-09-02 06:43:48,192 locking 28 route-periods across 14 routes in classes ('peak_express',)
2026-09-02 06:54:13,280 solve lambda=2.0: obj=2.95479e+06 vh=2514.0/2517.2 exchanges=38
2026-09-02 06:54:13,759 straighten-011#f2a996066a3d                    seed 20260828 obj=2954787.005212 restarts=20 conv=True adm=True 906s
2026-09-02 06:54:14,862 stopping cleanly: 760s needed for straighten-021#110f4a755fe7/20260825, 693s left
2026-09-02 06:54:14,863 slice ran 1 cells
2026-09-02 06:54:17,592 3.1-stageB: 65 cells remaining, 33 in this shard
2026-09-02 06:54:17,682 cache hit  baseline-a5bf710e8b2c9129 (53.2 MB, 0.1s)
2026-09-02 06:54:17,725 cache hit  raptor-51c3309f35ffd25f (0.6 MB, 0.0s)
2026-09-02 06:54:17,726 cache hit  zones-77edf71b615ba370 (0.2 MB, 0.0s)
2026-09-02 06:54:17,726 cache hit  od-ba345b9cb167aecb (0.5 MB, 0.0s)
2026-09-02 06:54:17,750 route classes: {'all_day': 25, 'peak_express': 14}
2026-09-02 06:54:18,208 footpaths: 15549 links (9 from transfers.txt)
2026-09-02 06:54:18,217 raptor network: 2946 stops, 111 patterns, 15549 footpaths
2026-09-02 06:54:18,326 zones: 1397 (637 with transit access within 600 m), 3935 access links
2026-09-02 06:54:18,337 route classes: {'all_day': 25, 'peak_express': 14}
2026-09-02 06:54:18,406 evaluator pricing: common_lines=same_route (explicit)
2026-09-02 06:54:18,412 period early   : 24677 paths, 20000 OD pairs
2026-09-02 06:54:18,419 period am_peak : 28769 paths, 20000 OD pairs
2026-09-02 06:54:18,424 period midday  : 24116 paths, 20000 OD pairs
2026-09-02 06:54:18,431 period pm_peak : 27993 paths, 20000 OD pairs
2026-09-02 06:54:18,436 period evening : 24107 paths, 20000 OD pairs
2026-09-02 06:54:18,441 period owl     : 22697 paths, 20000 OD pairs
2026-09-02 06:54:18,442 locking 28 route-periods across 14 routes in classes ('peak_express',)
2026-09-02 07:04:51,510 solve lambda=2.0: obj=2.95582e+06 vh=2515.6/2517.2 exchanges=0
2026-09-02 07:04:51,530 straighten-021#110f4a755fe7                    seed 20260825 obj=2955822.412475 restarts=20 conv=True adm=True 634s
2026-09-02 07:04:51,533 stopping cleanly: 1180s needed for straighten-021#110f4a755fe7/20260827, 966s left
2026-09-02 07:04:51,533 slice ran 1 cells
2026-09-02 07:04:54,158 3.1-stageB: 63 cells remaining, 32 in this shard
2026-09-02 07:04:54,250 cache hit  baseline-a5bf710e8b2c9129 (53.2 MB, 0.1s)
2026-09-02 07:04:54,285 cache hit  raptor-51c3309f35ffd25f (0.6 MB, 0.0s)
2026-09-02 07:04:54,285 cache hit  zones-77edf71b615ba370 (0.2 MB, 0.0s)
2026-09-02 07:04:54,286 cache hit  od-ba345b9cb167aecb (0.5 MB, 0.0s)
2026-09-02 07:04:54,306 route classes: {'all_day': 25, 'peak_express': 14}
2026-09-02 07:04:54,674 footpaths: 15549 links (9 from transfers.txt)
2026-09-02 07:04:54,683 raptor network: 2946 stops, 111 patterns, 15549 footpaths
2026-09-02 07:04:54,781 zones: 1397 (637 with transit access within 600 m), 3935 access links
2026-09-02 07:04:54,790 route classes: {'all_day': 25, 'peak_express': 14}
2026-09-02 07:04:54,859 evaluator pricing: common_lines=same_route (explicit)
2026-09-02 07:04:54,916 path enumeration: 20000 OD pairs, 636 origin zones, 3 scenarios, cap 4 paths/OD
2026-09-02 07:05:40,081 rejected 97 malformed candidate paths that failed the re-pricing check
2026-09-02 07:05:40,182 path set: 24677 paths over 17388/20000 OD pairs (86.7% of flow served), 121331 legs
2026-09-02 07:05:40,223 period early   : 24677 paths, 20000 OD pairs
2026-09-02 07:05:40,234 path enumeration: 20000 OD pairs, 636 origin zones, 3 scenarios, cap 4 paths/OD
2026-09-02 07:06:30,496 rejected 74 malformed candidate paths that failed the re-pricing check
2026-09-02 07:06:30,617 path set: 28769 paths over 19278/20000 OD pairs (96.2% of flow served), 141574 legs
2026-09-02 07:06:30,675 period am_peak : 28769 paths, 20000 OD pairs
2026-09-02 07:06:30,686 path enumeration: 20000 OD pairs, 636 origin zones, 3 scenarios, cap 4 paths/OD
2026-09-02 07:07:16,315 rejected 73 malformed candidate paths that failed the re-pricing check
2026-09-02 07:07:16,422 path set: 24116 paths over 17389/20000 OD pairs (86.7% of flow served), 118605 legs
2026-09-02 07:07:16,466 period midday  : 24116 paths, 20000 OD pairs
2026-09-02 07:07:16,477 path enumeration: 20000 OD pairs, 636 origin zones, 3 scenarios, cap 4 paths/OD
2026-09-02 07:08:04,826 rejected 122 malformed candidate paths that failed the re-pricing check
2026-09-02 07:08:05,066 path set: 27993 paths over 18673/20000 OD pairs (93.6% of flow served), 139467 legs
2026-09-02 07:08:05,116 period pm_peak : 27993 paths, 20000 OD pairs
2026-09-02 07:08:05,127 path enumeration: 20000 OD pairs, 636 origin zones, 3 scenarios, cap 4 paths/OD
2026-09-02 07:08:52,778 rejected 83 malformed candidate paths that failed the re-pricing check
2026-09-02 07:08:52,933 path set: 24107 paths over 17386/20000 OD pairs (86.6% of flow served), 118345 legs
2026-09-02 07:08:52,988 period evening : 24107 paths, 20000 OD pairs
2026-09-02 07:08:52,999 path enumeration: 20000 OD pairs, 636 origin zones, 3 scenarios, cap 4 paths/OD
2026-09-02 07:09:36,886 rejected 130 malformed candidate paths that failed the re-pricing check
2026-09-02 07:09:37,010 path set: 22697 paths over 17005/20000 OD pairs (85.1% of flow served), 111732 legs
2026-09-02 07:09:37,052 period owl     : 22697 paths, 20000 OD pairs
2026-09-02 07:09:37,052 locking 28 route-periods across 14 routes in classes ('peak_express',)
2026-09-02 07:20:16,875 solve lambda=2.0: obj=2.95582e+06 vh=2515.6/2517.2 exchanges=0
2026-09-02 07:20:17,371 straighten-021#110f4a755fe7                    seed 20260827 obj=2955822.412475 restarts=20 conv=True adm=True 923s
2026-09-02 07:20:17,375 stopping cleanly: 1180s needed for straighten-021#110f4a755fe7/20260829, 677s left
2026-09-02 07:20:17,375 slice ran 1 cells
2026-09-02 07:20:20,580 3.1-stageB: 61 cells remaining, 31 in this shard
2026-09-02 07:20:20,686 cache hit  baseline-a5bf710e8b2c9129 (53.2 MB, 0.1s)
2026-09-02 07:20:20,744 cache hit  raptor-51c3309f35ffd25f (0.6 MB, 0.0s)
2026-09-02 07:20:20,745 cache hit  zones-77edf71b615ba370 (0.2 MB, 0.0s)
2026-09-02 07:20:20,746 cache hit  od-ba345b9cb167aecb (0.5 MB, 0.0s)
2026-09-02 07:20:20,760 route classes: {'all_day': 25, 'peak_express': 14}
2026-09-02 07:20:21,201 footpaths: 15549 links (9 from transfers.txt)
2026-09-02 07:20:21,212 raptor network: 2946 stops, 111 patterns, 15549 footpaths
2026-09-02 07:20:21,339 zones: 1397 (637 with transit access within 600 m), 3935 access links
2026-09-02 07:20:21,356 route classes: {'all_day': 25, 'peak_express': 14}
2026-09-02 07:20:21,428 evaluator pricing: common_lines=same_route (explicit)
2026-09-02 07:20:21,496 path enumeration: 20000 OD pairs, 636 origin zones, 3 scenarios, cap 4 paths/OD
2026-09-02 07:21:05,907 rejected 97 malformed candidate paths that failed the re-pricing check
2026-09-02 07:21:06,005 path set: 24677 paths over 17388/20000 OD pairs (86.7% of flow served), 121331 legs
2026-09-02 07:21:06,048 period early   : 24677 paths, 20000 OD pairs
2026-09-02 07:21:06,062 path enumeration: 20000 OD pairs, 636 origin zones, 3 scenarios, cap 4 paths/OD
2026-09-02 07:21:55,775 rejected 74 malformed candidate paths that failed the re-pricing check
2026-09-02 07:21:55,886 path set: 28769 paths over 19278/20000 OD pairs (96.2% of flow served), 141574 legs
2026-09-02 07:21:55,939 period am_peak : 28769 paths, 20000 OD pairs
2026-09-02 07:21:55,949 path enumeration: 20000 OD pairs, 636 origin zones, 3 scenarios, cap 4 paths/OD
2026-09-02 07:22:40,469 rejected 73 malformed candidate paths that failed the re-pricing check
2026-09-02 07:22:40,566 path set: 24116 paths over 17389/20000 OD pairs (86.7% of flow served), 118605 legs
2026-09-02 07:22:40,613 period midday  : 24116 paths, 20000 OD pairs
2026-09-02 07:22:40,624 path enumeration: 20000 OD pairs, 636 origin zones, 3 scenarios, cap 4 paths/OD
2026-09-02 07:23:28,560 rejected 122 malformed candidate paths that failed the re-pricing check
2026-09-02 07:23:28,681 path set: 27993 paths over 18673/20000 OD pairs (93.6% of flow served), 139467 legs
2026-09-02 07:23:28,741 period pm_peak : 27993 paths, 20000 OD pairs
2026-09-02 07:23:28,753 path enumeration: 20000 OD pairs, 636 origin zones, 3 scenarios, cap 4 paths/OD
2026-09-02 07:24:16,790 rejected 83 malformed candidate paths that failed the re-pricing check
2026-09-02 07:24:16,886 path set: 24107 paths over 17386/20000 OD pairs (86.6% of flow served), 118345 legs
2026-09-02 07:24:16,931 period evening : 24107 paths, 20000 OD pairs
2026-09-02 07:24:16,942 path enumeration: 20000 OD pairs, 636 origin zones, 3 scenarios, cap 4 paths/OD
2026-09-02 07:25:00,476 rejected 130 malformed candidate paths that failed the re-pricing check
2026-09-02 07:25:00,586 path set: 22697 paths over 17005/20000 OD pairs (85.1% of flow served), 111732 legs
2026-09-02 07:25:00,629 period owl     : 22697 paths, 20000 OD pairs
2026-09-02 07:25:00,629 locking 28 route-periods across 14 routes in classes ('peak_express',)
2026-09-02 07:35:32,038 solve lambda=2.0: obj=2.95582e+06 vh=2515.6/2517.2 exchanges=0
2026-09-02 07:35:32,927 straighten-021#110f4a755fe7                    seed 20260829 obj=2955822.412475 restarts=20 conv=True adm=True 912s
2026-09-02 07:35:32,934 stopping cleanly: 1180s needed for straighten-024#6a687792ef0b/20260826, 688s left
2026-09-02 07:35:32,934 slice ran 1 cells
2026-09-02 07:35:35,789 3.1-stageB: 59 cells remaining, 30 in this shard
2026-09-02 07:35:35,890 cache hit  baseline-a5bf710e8b2c9129 (53.2 MB, 0.1s)
2026-09-02 07:35:35,932 cache hit  raptor-51c3309f35ffd25f (0.6 MB, 0.0s)
2026-09-02 07:35:35,932 cache hit  zones-77edf71b615ba370 (0.2 MB, 0.0s)
2026-09-02 07:35:35,933 cache hit  od-ba345b9cb167aecb (0.5 MB, 0.0s)
2026-09-02 07:35:35,960 route classes: {'all_day': 25, 'peak_express': 14}
2026-09-02 07:35:36,368 footpaths: 15573 links (9 from transfers.txt)
2026-09-02 07:35:36,378 raptor network: 2949 stops, 111 patterns, 15573 footpaths
2026-09-02 07:35:36,490 zones: 1397 (637 with transit access within 600 m), 3938 access links
2026-09-02 07:35:36,499 route classes: {'all_day': 25, 'peak_express': 14}
2026-09-02 07:35:36,573 evaluator pricing: common_lines=same_route (explicit)
2026-09-02 07:35:36,639 path enumeration: 20000 OD pairs, 636 origin zones, 3 scenarios, cap 4 paths/OD
2026-09-02 07:36:21,022 rejected 91 malformed candidate paths that failed the re-pricing check
2026-09-02 07:36:21,128 path set: 24715 paths over 17389/20000 OD pairs (86.7% of flow served), 121769 legs
2026-09-02 07:36:21,175 period early   : 24715 paths, 20000 OD pairs
2026-09-02 07:36:21,189 path enumeration: 20000 OD pairs, 636 origin zones, 3 scenarios, cap 4 paths/OD
2026-09-02 07:37:10,738 rejected 71 malformed candidate paths that failed the re-pricing check
2026-09-02 07:37:10,851 path set: 28833 paths over 19278/20000 OD pairs (96.2% of flow served), 142159 legs
2026-09-02 07:37:10,902 period am_peak : 28833 paths, 20000 OD pairs
2026-09-02 07:37:10,913 path enumeration: 20000 OD pairs, 636 origin zones, 3 scenarios, cap 4 paths/OD
2026-09-02 07:37:55,156 rejected 71 malformed candidate paths that failed the re-pricing check
2026-09-02 07:37:55,249 path set: 24147 paths over 17389/20000 OD pairs (86.7% of flow served), 119032 legs
2026-09-02 07:37:55,283 period midday  : 24147 paths, 20000 OD pairs
2026-09-02 07:37:55,294 path enumeration: 20000 OD pairs, 636 origin zones, 3 scenarios, cap 4 paths/OD
2026-09-02 07:38:42,905 rejected 120 malformed candidate paths that failed the re-pricing check
2026-09-02 07:38:43,018 path set: 28019 paths over 18673/20000 OD pairs (93.6% of flow served), 139874 legs
2026-09-02 07:38:43,072 period pm_peak : 28019 paths, 20000 OD pairs
2026-09-02 07:38:43,083 path enumeration: 20000 OD pairs, 636 origin zones, 3 scenarios, cap 4 paths/OD
2026-09-02 07:39:29,998 rejected 79 malformed candidate paths that failed the re-pricing check
2026-09-02 07:39:30,095 path set: 24046 paths over 17387/20000 OD pairs (86.7% of flow served), 118264 legs
2026-09-02 07:39:30,138 period evening : 24046 paths, 20000 OD pairs
2026-09-02 07:39:30,149 path enumeration: 20000 OD pairs, 636 origin zones, 3 scenarios, cap 4 paths/OD
2026-09-02 07:40:14,503 rejected 126 malformed candidate paths that failed the re-pricing check
2026-09-02 07:40:14,604 path set: 22659 paths over 17007/20000 OD pairs (85.1% of flow served), 111753 legs
2026-09-02 07:40:14,651 period owl     : 22659 paths, 20000 OD pairs
2026-09-02 07:40:14,652 locking 28 route-periods across 14 routes in classes ('peak_express',)
2026-09-02 07:50:32,756 solve lambda=2.0: obj=2.95472e+06 vh=2514.9/2517.2 exchanges=0
2026-09-02 07:50:33,463 straighten-024#6a687792ef0b                    seed 20260826 obj=2954715.476448 restarts=20 conv=True adm=True 897s
2026-09-02 07:50:33,466 stopping cleanly: 1180s needed for straighten-024#6a687792ef0b/20260828, 702s left
2026-09-02 07:50:33,466 slice ran 1 cells
2026-09-02 07:50:36,357 3.1-stageB: 57 cells remaining, 29 in this shard
2026-09-02 07:50:36,460 cache hit  baseline-a5bf710e8b2c9129 (53.2 MB, 0.1s)
2026-09-02 07:50:36,508 cache hit  raptor-51c3309f35ffd25f (0.6 MB, 0.0s)
2026-09-02 07:50:36,509 cache hit  zones-77edf71b615ba370 (0.2 MB, 0.0s)
2026-09-02 07:50:36,510 cache hit  od-ba345b9cb167aecb (0.5 MB, 0.0s)
2026-09-02 07:50:36,539 route classes: {'all_day': 25, 'peak_express': 14}
2026-09-02 07:50:36,964 footpaths: 15573 links (9 from transfers.txt)
2026-09-02 07:50:36,974 raptor network: 2949 stops, 111 patterns, 15573 footpaths
2026-09-02 07:50:37,076 zones: 1397 (637 with transit access within 600 m), 3938 access links
2026-09-02 07:50:37,085 route classes: {'all_day': 25, 'peak_express': 14}
2026-09-02 07:50:37,169 evaluator pricing: common_lines=same_route (explicit)
2026-09-02 07:50:37,226 path enumeration: 20000 OD pairs, 636 origin zones, 3 scenarios, cap 4 paths/OD
2026-09-02 07:51:21,915 rejected 91 malformed candidate paths that failed the re-pricing check
2026-09-02 07:51:22,014 path set: 24715 paths over 17389/20000 OD pairs (86.7% of flow served), 121769 legs
2026-09-02 07:51:22,060 period early   : 24715 paths, 20000 OD pairs
2026-09-02 07:51:22,072 path enumeration: 20000 OD pairs, 636 origin zones, 3 scenarios, cap 4 paths/OD
2026-09-02 07:52:11,683 rejected 71 malformed candidate paths that failed the re-pricing check
2026-09-02 07:52:11,796 path set: 28833 paths over 19278/20000 OD pairs (96.2% of flow served), 142159 legs
2026-09-02 07:52:11,849 period am_peak : 28833 paths, 20000 OD pairs
2026-09-02 07:52:11,860 path enumeration: 20000 OD pairs, 636 origin zones, 3 scenarios, cap 4 paths/OD
2026-09-02 07:52:56,259 rejected 71 malformed candidate paths that failed the re-pricing check
2026-09-02 07:52:56,356 path set: 24147 paths over 17389/20000 OD pairs (86.7% of flow served), 119032 legs
2026-09-02 07:52:56,408 period midday  : 24147 paths, 20000 OD pairs
2026-09-02 07:52:56,418 path enumeration: 20000 OD pairs, 636 origin zones, 3 scenarios, cap 4 paths/OD
2026-09-02 07:53:44,850 rejected 120 malformed candidate paths that failed the re-pricing check
2026-09-02 07:53:44,964 path set: 28019 paths over 18673/20000 OD pairs (93.6% of flow served), 139874 legs
2026-09-02 07:53:45,020 period pm_peak : 28019 paths, 20000 OD pairs
2026-09-02 07:53:45,031 path enumeration: 20000 OD pairs, 636 origin zones, 3 scenarios, cap 4 paths/OD
2026-09-02 07:54:31,736 rejected 79 malformed candidate paths that failed the re-pricing check
2026-09-02 07:54:31,829 path set: 24046 paths over 17387/20000 OD pairs (86.7% of flow served), 118264 legs
2026-09-02 07:54:31,876 period evening : 24046 paths, 20000 OD pairs
2026-09-02 07:54:31,886 path enumeration: 20000 OD pairs, 636 origin zones, 3 scenarios, cap 4 paths/OD
2026-09-02 07:55:15,645 rejected 126 malformed candidate paths that failed the re-pricing check
2026-09-02 07:55:15,740 path set: 22659 paths over 17007/20000 OD pairs (85.1% of flow served), 111753 legs
2026-09-02 07:55:15,786 period owl     : 22659 paths, 20000 OD pairs
2026-09-02 07:55:15,786 locking 28 route-periods across 14 routes in classes ('peak_express',)
2026-09-02 08:06:24,968 solve lambda=2.0: obj=2.95462e+06 vh=2515.5/2517.2 exchanges=39
2026-09-02 08:06:25,759 straighten-024#6a687792ef0b                    seed 20260828 obj=2954622.065965 restarts=20 conv=True adm=True 949s
2026-09-02 08:06:27,128 stopping cleanly: 760s needed for straighten-025#f0732765f122/20260825, 649s left
2026-09-02 08:06:27,128 slice ran 1 cells
2026-09-02 08:06:29,910 3.1-stageB: 55 cells remaining, 28 in this shard
2026-09-02 08:06:30,006 cache hit  baseline-a5bf710e8b2c9129 (53.2 MB, 0.1s)
2026-09-02 08:06:30,041 cache hit  raptor-51c3309f35ffd25f (0.6 MB, 0.0s)
2026-09-02 08:06:30,042 cache hit  zones-77edf71b615ba370 (0.2 MB, 0.0s)
2026-09-02 08:06:30,043 cache hit  od-ba345b9cb167aecb (0.5 MB, 0.0s)
2026-09-02 08:06:30,078 route classes: {'all_day': 25, 'peak_express': 14}
2026-09-02 08:06:30,554 footpaths: 15565 links (9 from transfers.txt)
2026-09-02 08:06:30,565 raptor network: 2944 stops, 111 patterns, 15565 footpaths
2026-09-02 08:06:30,690 zones: 1397 (636 with transit access within 600 m), 3931 access links
2026-09-02 08:06:30,703 route classes: {'all_day': 25, 'peak_express': 14}
2026-09-02 08:06:30,773 evaluator pricing: common_lines=same_route (explicit)
2026-09-02 08:06:30,779 period early   : 24564 paths, 20000 OD pairs
2026-09-02 08:06:30,786 period am_peak : 28696 paths, 20000 OD pairs
2026-09-02 08:06:30,791 period midday  : 24050 paths, 20000 OD pairs
2026-09-02 08:06:30,797 period pm_peak : 27930 paths, 20000 OD pairs
2026-09-02 08:06:30,802 period evening : 24015 paths, 20000 OD pairs
2026-09-02 08:06:30,807 period owl     : 22567 paths, 20000 OD pairs
2026-09-02 08:06:30,807 locking 28 route-periods across 14 routes in classes ('peak_express',)
2026-09-02 08:17:01,320 solve lambda=2.0: obj=2.95392e+06 vh=2515.7/2517.2 exchanges=67
2026-09-02 08:17:01,340 straighten-025#f0732765f122                    seed 20260825 obj=2953917.590273 restarts=20 conv=True adm=True 631s
2026-09-02 08:17:01,342 stopping cleanly: 1180s needed for straighten-025#f0732765f122/20260827, 969s left
2026-09-02 08:17:01,342 slice ran 1 cells
2026-09-02 08:17:04,119 3.1-stageB: 53 cells remaining, 27 in this shard
2026-09-02 08:17:04,221 cache hit  baseline-a5bf710e8b2c9129 (53.2 MB, 0.1s)
2026-09-02 08:17:04,275 cache hit  raptor-51c3309f35ffd25f (0.6 MB, 0.0s)
2026-09-02 08:17:04,276 cache hit  zones-77edf71b615ba370 (0.2 MB, 0.0s)
2026-09-02 08:17:04,277 cache hit  od-ba345b9cb167aecb (0.5 MB, 0.0s)
2026-09-02 08:17:04,300 route classes: {'all_day': 25, 'peak_express': 14}
2026-09-02 08:17:04,695 footpaths: 15565 links (9 from transfers.txt)
2026-09-02 08:17:04,705 raptor network: 2944 stops, 111 patterns, 15565 footpaths
2026-09-02 08:17:04,827 zones: 1397 (636 with transit access within 600 m), 3931 access links
2026-09-02 08:17:04,839 route classes: {'all_day': 25, 'peak_express': 14}
2026-09-02 08:17:04,910 evaluator pricing: common_lines=same_route (explicit)
2026-09-02 08:17:04,970 path enumeration: 20000 OD pairs, 636 origin zones, 3 scenarios, cap 4 paths/OD
2026-09-02 08:17:50,654 rejected 96 malformed candidate paths that failed the re-pricing check
2026-09-02 08:17:50,761 path set: 24564 paths over 17342/20000 OD pairs (86.4% of flow served), 120860 legs
2026-09-02 08:17:50,813 period early   : 24564 paths, 20000 OD pairs
2026-09-02 08:17:50,829 path enumeration: 20000 OD pairs, 636 origin zones, 3 scenarios, cap 4 paths/OD
2026-09-02 08:18:42,302 rejected 75 malformed candidate paths that failed the re-pricing check
2026-09-02 08:18:42,425 path set: 28696 paths over 19231/20000 OD pairs (96.0% of flow served), 141334 legs
2026-09-02 08:18:42,483 period am_peak : 28696 paths, 20000 OD pairs
2026-09-02 08:18:42,495 path enumeration: 20000 OD pairs, 636 origin zones, 3 scenarios, cap 4 paths/OD
2026-09-02 08:19:27,762 rejected 74 malformed candidate paths that failed the re-pricing check
2026-09-02 08:19:27,865 path set: 24050 paths over 17343/20000 OD pairs (86.4% of flow served), 118490 legs
2026-09-02 08:19:27,917 period midday  : 24050 paths, 20000 OD pairs
2026-09-02 08:19:27,928 path enumeration: 20000 OD pairs, 636 origin zones, 3 scenarios, cap 4 paths/OD
2026-09-02 08:20:18,519 rejected 123 malformed candidate paths that failed the re-pricing check
2026-09-02 08:20:18,638 path set: 27930 paths over 18626/20000 OD pairs (93.3% of flow served), 139357 legs
2026-09-02 08:20:18,701 period pm_peak : 27930 paths, 20000 OD pairs
2026-09-02 08:20:18,713 path enumeration: 20000 OD pairs, 636 origin zones, 3 scenarios, cap 4 paths/OD
2026-09-02 08:21:05,712 rejected 81 malformed candidate paths that failed the re-pricing check
2026-09-02 08:21:05,809 path set: 24015 paths over 17340/20000 OD pairs (86.4% of flow served), 118062 legs
2026-09-02 08:21:05,861 period evening : 24015 paths, 20000 OD pairs
2026-09-02 08:21:05,873 path enumeration: 20000 OD pairs, 636 origin zones, 3 scenarios, cap 4 paths/OD
2026-09-02 08:21:49,138 rejected 130 malformed candidate paths that failed the re-pricing check
2026-09-02 08:21:49,229 path set: 22567 paths over 16959/20000 OD pairs (84.9% of flow served), 111224 legs
2026-09-02 08:21:49,276 period owl     : 22567 paths, 20000 OD pairs
2026-09-02 08:21:49,276 locking 28 route-periods across 14 routes in classes ('peak_express',)
2026-09-02 08:32:16,240 solve lambda=2.0: obj=2.95394e+06 vh=2516.1/2517.2 exchanges=52
2026-09-02 08:32:16,688 straighten-025#f0732765f122                    seed 20260827 obj=2953940.080129 restarts=20 conv=True adm=True 912s
2026-09-02 08:32:16,692 stopping cleanly: 1180s needed for straighten-025#f0732765f122/20260829, 687s left
2026-09-02 08:32:16,692 slice ran 1 cells
2026-09-02 08:32:19,568 3.1-stageB: 51 cells remaining, 26 in this shard
2026-09-02 08:32:19,661 cache hit  baseline-a5bf710e8b2c9129 (53.2 MB, 0.1s)
2026-09-02 08:32:19,697 cache hit  raptor-51c3309f35ffd25f (0.6 MB, 0.0s)
2026-09-02 08:32:19,697 cache hit  zones-77edf71b615ba370 (0.2 MB, 0.0s)
2026-09-02 08:32:19,698 cache hit  od-ba345b9cb167aecb (0.5 MB, 0.0s)
2026-09-02 08:32:19,721 route classes: {'all_day': 25, 'peak_express': 14}
2026-09-02 08:32:20,189 footpaths: 15565 links (9 from transfers.txt)
2026-09-02 08:32:20,199 raptor network: 2944 stops, 111 patterns, 15565 footpaths
2026-09-02 08:32:20,342 zones: 1397 (636 with transit access within 600 m), 3931 access links
2026-09-02 08:32:20,353 route classes: {'all_day': 25, 'peak_express': 14}
2026-09-02 08:32:20,416 evaluator pricing: common_lines=same_route (explicit)
2026-09-02 08:32:20,484 path enumeration: 20000 OD pairs, 636 origin zones, 3 scenarios, cap 4 paths/OD
2026-09-02 08:33:04,163 rejected 96 malformed candidate paths that failed the re-pricing check
2026-09-02 08:33:04,262 path set: 24564 paths over 17342/20000 OD pairs (86.4% of flow served), 120860 legs
2026-09-02 08:33:04,301 period early   : 24564 paths, 20000 OD pairs
2026-09-02 08:33:04,312 path enumeration: 20000 OD pairs, 636 origin zones, 3 scenarios, cap 4 paths/OD
2026-09-02 08:33:53,447 rejected 75 malformed candidate paths that failed the re-pricing check
2026-09-02 08:33:53,570 path set: 28696 paths over 19231/20000 OD pairs (96.0% of flow served), 141334 legs
2026-09-02 08:33:53,623 period am_peak : 28696 paths, 20000 OD pairs
2026-09-02 08:33:53,633 path enumeration: 20000 OD pairs, 636 origin zones, 3 scenarios, cap 4 paths/OD
2026-09-02 08:34:38,445 rejected 74 malformed candidate paths that failed the re-pricing check
2026-09-02 08:34:38,555 path set: 24050 paths over 17343/20000 OD pairs (86.4% of flow served), 118490 legs
2026-09-02 08:34:38,609 period midday  : 24050 paths, 20000 OD pairs
2026-09-02 08:34:38,622 path enumeration: 20000 OD pairs, 636 origin zones, 3 scenarios, cap 4 paths/OD
2026-09-02 08:35:27,607 rejected 123 malformed candidate paths that failed the re-pricing check
2026-09-02 08:35:27,719 path set: 27930 paths over 18626/20000 OD pairs (93.3% of flow served), 139357 legs
2026-09-02 08:35:27,773 period pm_peak : 27930 paths, 20000 OD pairs
2026-09-02 08:35:27,784 path enumeration: 20000 OD pairs, 636 origin zones, 3 scenarios, cap 4 paths/OD
2026-09-02 08:36:15,635 rejected 81 malformed candidate paths that failed the re-pricing check
2026-09-02 08:36:15,731 path set: 24015 paths over 17340/20000 OD pairs (86.4% of flow served), 118062 legs
2026-09-02 08:36:15,777 period evening : 24015 paths, 20000 OD pairs
2026-09-02 08:36:15,788 path enumeration: 20000 OD pairs, 636 origin zones, 3 scenarios, cap 4 paths/OD
2026-09-02 08:36:59,287 rejected 130 malformed candidate paths that failed the re-pricing check
2026-09-02 08:36:59,380 path set: 22567 paths over 16959/20000 OD pairs (84.9% of flow served), 111224 legs
2026-09-02 08:36:59,420 period owl     : 22567 paths, 20000 OD pairs
2026-09-02 08:36:59,420 locking 28 route-periods across 14 routes in classes ('peak_express',)
2026-09-02 08:47:40,725 solve lambda=2.0: obj=2.95376e+06 vh=2515.9/2517.2 exchanges=41
2026-09-02 08:47:41,464 straighten-025#f0732765f122                    seed 20260829 obj=2953760.971526 restarts=20 conv=True adm=True 922s
2026-09-02 08:47:41,467 stopping cleanly: 1180s needed for straighten-031#d0ecad5fc231/20260826, 678s left
2026-09-02 08:47:41,468 slice ran 1 cells
2026-09-02 08:47:44,460 3.1-stageB: 49 cells remaining, 25 in this shard
2026-09-02 08:47:44,556 cache hit  baseline-a5bf710e8b2c9129 (53.2 MB, 0.1s)
2026-09-02 08:47:44,594 cache hit  raptor-51c3309f35ffd25f (0.6 MB, 0.0s)
2026-09-02 08:47:44,594 cache hit  zones-77edf71b615ba370 (0.2 MB, 0.0s)
2026-09-02 08:47:44,596 cache hit  od-ba345b9cb167aecb (0.5 MB, 0.0s)
2026-09-02 08:47:44,607 route classes: {'all_day': 25, 'peak_express': 14}
2026-09-02 08:47:45,044 footpaths: 15507 links (9 from transfers.txt)
2026-09-02 08:47:45,053 raptor network: 2943 stops, 111 patterns, 15507 footpaths
2026-09-02 08:47:45,154 zones: 1397 (637 with transit access within 600 m), 3938 access links
2026-09-02 08:47:45,163 route classes: {'all_day': 25, 'peak_express': 14}
2026-09-02 08:47:45,233 evaluator pricing: common_lines=same_route (explicit)
2026-09-02 08:47:45,291 path enumeration: 20000 OD pairs, 636 origin zones, 3 scenarios, cap 4 paths/OD
2026-09-02 08:48:29,335 rejected 92 malformed candidate paths that failed the re-pricing check
2026-09-02 08:48:29,433 path set: 24658 paths over 17388/20000 OD pairs (86.7% of flow served), 121330 legs
2026-09-02 08:48:29,478 period early   : 24658 paths, 20000 OD pairs
2026-09-02 08:48:29,489 path enumeration: 20000 OD pairs, 636 origin zones, 3 scenarios, cap 4 paths/OD
2026-09-02 08:49:18,213 rejected 74 malformed candidate paths that failed the re-pricing check
2026-09-02 08:49:18,328 path set: 28736 paths over 19278/20000 OD pairs (96.2% of flow served), 141458 legs
2026-09-02 08:49:18,381 period am_peak : 28736 paths, 20000 OD pairs
2026-09-02 08:49:18,392 path enumeration: 20000 OD pairs, 636 origin zones, 3 scenarios, cap 4 paths/OD
2026-09-02 08:50:02,279 rejected 74 malformed candidate paths that failed the re-pricing check
2026-09-02 08:50:02,372 path set: 24082 paths over 17389/20000 OD pairs (86.7% of flow served), 118589 legs
2026-09-02 08:50:02,415 period midday  : 24082 paths, 20000 OD pairs
2026-09-02 08:50:02,425 path enumeration: 20000 OD pairs, 636 origin zones, 3 scenarios, cap 4 paths/OD
2026-09-02 08:50:50,411 rejected 124 malformed candidate paths that failed the re-pricing check
2026-09-02 08:50:50,521 path set: 27965 paths over 18673/20000 OD pairs (93.6% of flow served), 139481 legs
2026-09-02 08:50:50,575 period pm_peak : 27965 paths, 20000 OD pairs
2026-09-02 08:50:50,586 path enumeration: 20000 OD pairs, 636 origin zones, 3 scenarios, cap 4 paths/OD
2026-09-02 08:51:37,962 rejected 83 malformed candidate paths that failed the re-pricing check
2026-09-02 08:51:38,061 path set: 24031 paths over 17386/20000 OD pairs (86.6% of flow served), 118098 legs
2026-09-02 08:51:38,105 period evening : 24031 paths, 20000 OD pairs
2026-09-02 08:51:38,115 path enumeration: 20000 OD pairs, 636 origin zones, 3 scenarios, cap 4 paths/OD
2026-09-02 08:52:20,175 rejected 130 malformed candidate paths that failed the re-pricing check
2026-09-02 08:52:20,273 path set: 22644 paths over 17005/20000 OD pairs (85.1% of flow served), 111616 legs
2026-09-02 08:52:20,320 period owl     : 22644 paths, 20000 OD pairs
2026-09-02 08:52:20,320 locking 28 route-periods across 14 routes in classes ('peak_express',)
2026-09-02 09:02:55,525 solve lambda=2.0: obj=2.95551e+06 vh=2516.1/2517.2 exchanges=63
2026-09-02 09:02:56,531 straighten-031#d0ecad5fc231                    seed 20260826 obj=2955509.893219 restarts=20 conv=True adm=True 912s
2026-09-02 09:02:56,533 stopping cleanly: 1180s needed for straighten-031#d0ecad5fc231/20260828, 688s left
2026-09-02 09:02:56,534 slice ran 1 cells
2026-09-02 09:02:59,332 3.1-stageB: 47 cells remaining, 24 in this shard
2026-09-02 09:02:59,431 cache hit  baseline-a5bf710e8b2c9129 (53.2 MB, 0.1s)
2026-09-02 09:02:59,478 cache hit  raptor-51c3309f35ffd25f (0.6 MB, 0.0s)
2026-09-02 09:02:59,479 cache hit  zones-77edf71b615ba370 (0.2 MB, 0.0s)
2026-09-02 09:02:59,480 cache hit  od-ba345b9cb167aecb (0.5 MB, 0.0s)
2026-09-02 09:02:59,504 route classes: {'all_day': 25, 'peak_express': 14}
2026-09-02 09:02:59,923 footpaths: 15507 links (9 from transfers.txt)
2026-09-02 09:02:59,933 raptor network: 2943 stops, 111 patterns, 15507 footpaths
2026-09-02 09:03:00,050 zones: 1397 (637 with transit access within 600 m), 3938 access links
2026-09-02 09:03:00,059 route classes: {'all_day': 25, 'peak_express': 14}
2026-09-02 09:03:00,120 evaluator pricing: common_lines=same_route (explicit)
2026-09-02 09:03:00,182 path enumeration: 20000 OD pairs, 636 origin zones, 3 scenarios, cap 4 paths/OD
2026-09-02 09:03:44,134 rejected 92 malformed candidate paths that failed the re-pricing check
2026-09-02 09:03:44,231 path set: 24658 paths over 17388/20000 OD pairs (86.7% of flow served), 121330 legs
2026-09-02 09:03:44,269 period early   : 24658 paths, 20000 OD pairs
2026-09-02 09:03:44,278 path enumeration: 20000 OD pairs, 636 origin zones, 3 scenarios, cap 4 paths/OD
2026-09-02 09:04:34,039 rejected 74 malformed candidate paths that failed the re-pricing check
2026-09-02 09:04:34,153 path set: 28736 paths over 19278/20000 OD pairs (96.2% of flow served), 141458 legs
2026-09-02 09:04:34,203 period am_peak : 28736 paths, 20000 OD pairs
2026-09-02 09:04:34,213 path enumeration: 20000 OD pairs, 636 origin zones, 3 scenarios, cap 4 paths/OD
2026-09-02 09:05:18,076 rejected 74 malformed candidate paths that failed the re-pricing check
2026-09-02 09:05:18,171 path set: 24082 paths over 17389/20000 OD pairs (86.7% of flow served), 118589 legs
2026-09-02 09:05:18,214 period midday  : 24082 paths, 20000 OD pairs
2026-09-02 09:05:18,224 path enumeration: 20000 OD pairs, 636 origin zones, 3 scenarios, cap 4 paths/OD
2026-09-02 09:06:07,445 rejected 124 malformed candidate paths that failed the re-pricing check
2026-09-02 09:06:07,556 path set: 27965 paths over 18673/20000 OD pairs (93.6% of flow served), 139481 legs
2026-09-02 09:06:07,601 period pm_peak : 27965 paths, 20000 OD pairs
2026-09-02 09:06:07,611 path enumeration: 20000 OD pairs, 636 origin zones, 3 scenarios, cap 4 paths/OD
2026-09-02 09:06:54,154 rejected 83 malformed candidate paths that failed the re-pricing check
2026-09-02 09:06:54,257 path set: 24031 paths over 17386/20000 OD pairs (86.6% of flow served), 118098 legs
2026-09-02 09:06:54,304 period evening : 24031 paths, 20000 OD pairs
2026-09-02 09:06:54,316 path enumeration: 20000 OD pairs, 636 origin zones, 3 scenarios, cap 4 paths/OD
2026-09-02 09:07:36,187 rejected 130 malformed candidate paths that failed the re-pricing check
2026-09-02 09:07:36,287 path set: 22644 paths over 17005/20000 OD pairs (85.1% of flow served), 111616 legs
2026-09-02 09:07:36,324 period owl     : 22644 paths, 20000 OD pairs
2026-09-02 09:07:36,324 locking 28 route-periods across 14 routes in classes ('peak_express',)
2026-09-02 09:17:36,049 solve lambda=2.0: obj=2.95553e+06 vh=2513.6/2517.2 exchanges=0
2026-09-02 09:17:36,679 straighten-031#d0ecad5fc231                    seed 20260828 obj=2955528.364407 restarts=20 conv=True adm=True 877s
2026-09-02 09:17:37,936 stopping cleanly: 760s needed for straighten-102#4dd646541565/20260825, 721s left
2026-09-02 09:17:37,936 slice ran 1 cells
2026-09-02 09:17:41,020 3.1-stageB: 45 cells remaining, 23 in this shard
2026-09-02 09:17:41,117 cache hit  baseline-a5bf710e8b2c9129 (53.2 MB, 0.1s)
2026-09-02 09:17:41,155 cache hit  raptor-51c3309f35ffd25f (0.6 MB, 0.0s)
2026-09-02 09:17:41,155 cache hit  zones-77edf71b615ba370 (0.2 MB, 0.0s)
2026-09-02 09:17:41,156 cache hit  od-ba345b9cb167aecb (0.5 MB, 0.0s)
2026-09-02 09:17:41,169 route classes: {'all_day': 25, 'peak_express': 14}
2026-09-02 09:17:41,692 footpaths: 15553 links (9 from transfers.txt)
2026-09-02 09:17:41,701 raptor network: 2946 stops, 111 patterns, 15553 footpaths
2026-09-02 09:17:41,802 zones: 1397 (637 with transit access within 600 m), 3937 access links
2026-09-02 09:17:41,812 route classes: {'all_day': 25, 'peak_express': 14}
2026-09-02 09:17:41,881 evaluator pricing: common_lines=same_route (explicit)
2026-09-02 09:17:41,887 period early   : 24670 paths, 20000 OD pairs
2026-09-02 09:17:41,894 period am_peak : 28732 paths, 20000 OD pairs
2026-09-02 09:17:41,898 period midday  : 24100 paths, 20000 OD pairs
2026-09-02 09:17:41,904 period pm_peak : 27985 paths, 20000 OD pairs
2026-09-02 09:17:41,909 period evening : 24061 paths, 20000 OD pairs
2026-09-02 09:17:41,914 period owl     : 22667 paths, 20000 OD pairs
2026-09-02 09:17:41,914 locking 28 route-periods across 14 routes in classes ('peak_express',)
2026-09-02 09:27:54,031 solve lambda=2.0: obj=2.95367e+06 vh=2514.6/2517.2 exchanges=0
2026-09-02 09:27:54,052 straighten-102#4dd646541565                    seed 20260825 obj=2953665.830033 restarts=20 conv=True adm=True 613s
2026-09-02 09:27:54,054 stopping cleanly: 1180s needed for straighten-102#4dd646541565/20260827, 987s left
2026-09-02 09:27:54,054 slice ran 1 cells
2026-09-02 09:27:56,820 3.1-stageB: 43 cells remaining, 22 in this shard
2026-09-02 09:27:56,914 cache hit  baseline-a5bf710e8b2c9129 (53.2 MB, 0.1s)
2026-09-02 09:27:56,949 cache hit  raptor-51c3309f35ffd25f (0.6 MB, 0.0s)
2026-09-02 09:27:56,950 cache hit  zones-77edf71b615ba370 (0.2 MB, 0.0s)
2026-09-02 09:27:56,951 cache hit  od-ba345b9cb167aecb (0.5 MB, 0.0s)
2026-09-02 09:27:56,976 route classes: {'all_day': 25, 'peak_express': 14}
2026-09-02 09:27:57,369 footpaths: 15553 links (9 from transfers.txt)
2026-09-02 09:27:57,379 raptor network: 2946 stops, 111 patterns, 15553 footpaths
2026-09-02 09:27:57,525 zones: 1397 (637 with transit access within 600 m), 3937 access links
2026-09-02 09:27:57,535 route classes: {'all_day': 25, 'peak_express': 14}
2026-09-02 09:27:57,614 evaluator pricing: common_lines=same_route (explicit)
2026-09-02 09:27:57,679 path enumeration: 20000 OD pairs, 636 origin zones, 3 scenarios, cap 4 paths/OD
2026-09-02 09:28:42,796 rejected 95 malformed candidate paths that failed the re-pricing check
2026-09-02 09:28:42,899 path set: 24670 paths over 17388/20000 OD pairs (86.7% of flow served), 121390 legs
2026-09-02 09:28:42,945 period early   : 24670 paths, 20000 OD pairs
2026-09-02 09:28:42,956 path enumeration: 20000 OD pairs, 636 origin zones, 3 scenarios, cap 4 paths/OD
2026-09-02 09:29:32,996 rejected 75 malformed candidate paths that failed the re-pricing check
2026-09-02 09:29:33,106 path set: 28732 paths over 19278/20000 OD pairs (96.2% of flow served), 141427 legs
2026-09-02 09:29:33,157 period am_peak : 28732 paths, 20000 OD pairs
2026-09-02 09:29:33,167 path enumeration: 20000 OD pairs, 636 origin zones, 3 scenarios, cap 4 paths/OD
2026-09-02 09:30:18,424 rejected 75 malformed candidate paths that failed the re-pricing check
2026-09-02 09:30:18,523 path set: 24100 paths over 17389/20000 OD pairs (86.7% of flow served), 118707 legs
2026-09-02 09:30:18,572 period midday  : 24100 paths, 20000 OD pairs
2026-09-02 09:30:18,583 path enumeration: 20000 OD pairs, 636 origin zones, 3 scenarios, cap 4 paths/OD
2026-09-02 09:31:07,114 rejected 122 malformed candidate paths that failed the re-pricing check
2026-09-02 09:31:07,218 path set: 27985 paths over 18673/20000 OD pairs (93.6% of flow served), 139611 legs
2026-09-02 09:31:07,267 period pm_peak : 27985 paths, 20000 OD pairs
2026-09-02 09:31:07,278 path enumeration: 20000 OD pairs, 636 origin zones, 3 scenarios, cap 4 paths/OD
2026-09-02 09:31:55,349 rejected 83 malformed candidate paths that failed the re-pricing check
2026-09-02 09:31:55,454 path set: 24061 paths over 17386/20000 OD pairs (86.6% of flow served), 118280 legs
2026-09-02 09:31:55,501 period evening : 24061 paths, 20000 OD pairs
2026-09-02 09:31:55,511 path enumeration: 20000 OD pairs, 636 origin zones, 3 scenarios, cap 4 paths/OD
2026-09-02 09:32:43,439 rejected 130 malformed candidate paths that failed the re-pricing check
2026-09-02 09:32:43,538 path set: 22667 paths over 17005/20000 OD pairs (85.1% of flow served), 111723 legs
2026-09-02 09:32:43,581 period owl     : 22667 paths, 20000 OD pairs
2026-09-02 09:32:43,581 locking 28 route-periods across 14 routes in classes ('peak_express',)
2026-09-02 09:43:19,256 solve lambda=2.0: obj=2.95367e+06 vh=2514.6/2517.2 exchanges=0
2026-09-02 09:43:19,779 straighten-102#4dd646541565                    seed 20260827 obj=2953665.830033 restarts=20 conv=True adm=True 923s
2026-09-02 09:43:19,783 stopping cleanly: 1180s needed for straighten-102#4dd646541565/20260829, 677s left
2026-09-02 09:43:19,783 slice ran 1 cells
2026-09-02 09:43:22,535 3.1-stageB: 41 cells remaining, 21 in this shard
2026-09-02 09:43:22,631 cache hit  baseline-a5bf710e8b2c9129 (53.2 MB, 0.1s)
2026-09-02 09:43:22,667 cache hit  raptor-51c3309f35ffd25f (0.6 MB, 0.0s)
2026-09-02 09:43:22,667 cache hit  zones-77edf71b615ba370 (0.2 MB, 0.0s)
2026-09-02 09:43:22,668 cache hit  od-ba345b9cb167aecb (0.5 MB, 0.0s)
2026-09-02 09:43:22,681 route classes: {'all_day': 25, 'peak_express': 14}
2026-09-02 09:43:23,095 footpaths: 15553 links (9 from transfers.txt)
2026-09-02 09:43:23,107 raptor network: 2946 stops, 111 patterns, 15553 footpaths
2026-09-02 09:43:23,221 zones: 1397 (637 with transit access within 600 m), 3937 access links
2026-09-02 09:43:23,231 route classes: {'all_day': 25, 'peak_express': 14}
2026-09-02 09:43:23,298 evaluator pricing: common_lines=same_route (explicit)
2026-09-02 09:43:23,358 path enumeration: 20000 OD pairs, 636 origin zones, 3 scenarios, cap 4 paths/OD
2026-09-02 09:44:07,198 rejected 95 malformed candidate paths that failed the re-pricing check
2026-09-02 09:44:07,294 path set: 24670 paths over 17388/20000 OD pairs (86.7% of flow served), 121390 legs
2026-09-02 09:44:07,338 period early   : 24670 paths, 20000 OD pairs
2026-09-02 09:44:07,348 path enumeration: 20000 OD pairs, 636 origin zones, 3 scenarios, cap 4 paths/OD
2026-09-02 09:44:58,229 rejected 75 malformed candidate paths that failed the re-pricing check
2026-09-02 09:44:58,424 path set: 28732 paths over 19278/20000 OD pairs (96.2% of flow served), 141427 legs
2026-09-02 09:44:58,484 period am_peak : 28732 paths, 20000 OD pairs
2026-09-02 09:44:58,496 path enumeration: 20000 OD pairs, 636 origin zones, 3 scenarios, cap 4 paths/OD
2026-09-02 09:45:44,709 rejected 75 malformed candidate paths that failed the re-pricing check
2026-09-02 09:45:44,883 path set: 24100 paths over 17389/20000 OD pairs (86.7% of flow served), 118707 legs
2026-09-02 09:45:44,946 period midday  : 24100 paths, 20000 OD pairs
2026-09-02 09:45:44,959 path enumeration: 20000 OD pairs, 636 origin zones, 3 scenarios, cap 4 paths/OD
2026-09-02 09:46:35,838 rejected 122 malformed candidate paths that failed the re-pricing check
2026-09-02 09:46:35,978 path set: 27985 paths over 18673/20000 OD pairs (93.6% of flow served), 139611 legs
2026-09-02 09:46:36,039 period pm_peak : 27985 paths, 20000 OD pairs
2026-09-02 09:46:36,050 path enumeration: 20000 OD pairs, 636 origin zones, 3 scenarios, cap 4 paths/OD
2026-09-02 09:47:22,767 rejected 83 malformed candidate paths that failed the re-pricing check
2026-09-02 09:47:22,861 path set: 24061 paths over 17386/20000 OD pairs (86.6% of flow served), 118280 legs
2026-09-02 09:47:22,904 period evening : 24061 paths, 20000 OD pairs
2026-09-02 09:47:22,915 path enumeration: 20000 OD pairs, 636 origin zones, 3 scenarios, cap 4 paths/OD
2026-09-02 09:48:06,066 rejected 130 malformed candidate paths that failed the re-pricing check
2026-09-02 09:48:06,154 path set: 22667 paths over 17005/20000 OD pairs (85.1% of flow served), 111723 legs
2026-09-02 09:48:06,197 period owl     : 22667 paths, 20000 OD pairs
2026-09-02 09:48:06,198 locking 28 route-periods across 14 routes in classes ('peak_express',)
2026-09-02 09:59:26,419 solve lambda=2.0: obj=2.9536e+06 vh=2515.8/2517.2 exchanges=42
2026-09-02 09:59:26,826 straighten-102#4dd646541565                    seed 20260829 obj=2953604.588376 restarts=20 conv=True adm=True 964s
2026-09-02 09:59:26,829 stopping cleanly: 1180s needed for truncate-007#a14f6e0894dd/20260826, 636s left
2026-09-02 09:59:26,829 slice ran 1 cells
2026-09-02 09:59:29,456 3.1-stageB: 38 cells remaining, 20 in this shard
2026-09-02 09:59:29,542 cache hit  baseline-a5bf710e8b2c9129 (53.2 MB, 0.1s)
2026-09-02 09:59:29,588 cache hit  raptor-51c3309f35ffd25f (0.6 MB, 0.0s)
2026-09-02 09:59:29,588 cache hit  zones-77edf71b615ba370 (0.2 MB, 0.0s)
2026-09-02 09:59:29,589 cache hit  od-ba345b9cb167aecb (0.5 MB, 0.0s)
2026-09-02 09:59:29,610 route classes: {'all_day': 25, 'peak_express': 14}
2026-09-02 09:59:29,993 footpaths: 15573 links (9 from transfers.txt)
2026-09-02 09:59:30,003 raptor network: 2949 stops, 111 patterns, 15573 footpaths
2026-09-02 09:59:30,101 zones: 1397 (637 with transit access within 600 m), 3938 access links
2026-09-02 09:59:30,111 route classes: {'all_day': 25, 'peak_express': 14}
2026-09-02 09:59:30,172 evaluator pricing: common_lines=same_route (explicit)
2026-09-02 09:59:30,228 path enumeration: 20000 OD pairs, 636 origin zones, 3 scenarios, cap 4 paths/OD
2026-09-02 10:00:14,805 rejected 94 malformed candidate paths that failed the re-pricing check
2026-09-02 10:00:14,910 path set: 24689 paths over 17388/20000 OD pairs (86.7% of flow served), 121569 legs
2026-09-02 10:00:14,957 period early   : 24689 paths, 20000 OD pairs
2026-09-02 10:00:14,968 path enumeration: 20000 OD pairs, 636 origin zones, 3 scenarios, cap 4 paths/OD
2026-09-02 10:01:03,752 rejected 73 malformed candidate paths that failed the re-pricing check
2026-09-02 10:01:03,874 path set: 28776 paths over 19278/20000 OD pairs (96.2% of flow served), 141766 legs
2026-09-02 10:01:03,930 period am_peak : 28776 paths, 20000 OD pairs
2026-09-02 10:01:03,942 path enumeration: 20000 OD pairs, 636 origin zones, 3 scenarios, cap 4 paths/OD
2026-09-02 10:01:50,075 rejected 73 malformed candidate paths that failed the re-pricing check
2026-09-02 10:01:50,180 path set: 24096 paths over 17389/20000 OD pairs (86.7% of flow served), 118764 legs
2026-09-02 10:01:50,237 period midday  : 24096 paths, 20000 OD pairs
2026-09-02 10:01:50,250 path enumeration: 20000 OD pairs, 636 origin zones, 3 scenarios, cap 4 paths/OD
2026-09-02 10:02:38,968 rejected 121 malformed candidate paths that failed the re-pricing check
2026-09-02 10:02:39,102 path set: 28000 paths over 18673/20000 OD pairs (93.6% of flow served), 139784 legs
2026-09-02 10:02:39,156 period pm_peak : 28000 paths, 20000 OD pairs
2026-09-02 10:02:39,166 path enumeration: 20000 OD pairs, 636 origin zones, 3 scenarios, cap 4 paths/OD
2026-09-02 10:03:25,972 rejected 82 malformed candidate paths that failed the re-pricing check
2026-09-02 10:03:26,065 path set: 24069 paths over 17386/20000 OD pairs (86.6% of flow served), 118394 legs
2026-09-02 10:03:26,111 period evening : 24069 paths, 20000 OD pairs
2026-09-02 10:03:26,121 path enumeration: 20000 OD pairs, 636 origin zones, 3 scenarios, cap 4 paths/OD
2026-09-02 10:04:10,114 rejected 138 malformed candidate paths that failed the re-pricing check
2026-09-02 10:04:10,208 path set: 22667 paths over 17006/20000 OD pairs (85.1% of flow served), 111795 legs
2026-09-02 10:04:10,255 period owl     : 22667 paths, 20000 OD pairs
2026-09-02 10:04:10,255 locking 28 route-periods across 14 routes in classes ('peak_express',)
2026-09-02 10:14:40,937 solve lambda=2.0: obj=2.95484e+06 vh=2513.3/2517.2 exchanges=0
2026-09-02 10:14:41,268 truncate-007#a14f6e0894dd                      seed 20260826 obj=2954836.349193 restarts=20 conv=True adm=True 912s
2026-09-02 10:14:41,271 stopping cleanly: 1180s needed for truncate-007#a14f6e0894dd/20260828, 688s left
2026-09-02 10:14:41,271 slice ran 1 cells
2026-09-02 10:14:44,020 3.1-stageB: 36 cells remaining, 19 in this shard
2026-09-02 10:14:44,114 cache hit  baseline-a5bf710e8b2c9129 (53.2 MB, 0.1s)
2026-09-02 10:14:44,151 cache hit  raptor-51c3309f35ffd25f (0.6 MB, 0.0s)
2026-09-02 10:14:44,152 cache hit  zones-77edf71b615ba370 (0.2 MB, 0.0s)
2026-09-02 10:14:44,153 cache hit  od-ba345b9cb167aecb (0.5 MB, 0.0s)
2026-09-02 10:14:44,177 route classes: {'all_day': 25, 'peak_express': 14}
2026-09-02 10:14:44,591 footpaths: 15573 links (9 from transfers.txt)
2026-09-02 10:14:44,599 raptor network: 2949 stops, 111 patterns, 15573 footpaths
2026-09-02 10:14:44,706 zones: 1397 (637 with transit access within 600 m), 3938 access links
2026-09-02 10:14:44,715 route classes: {'all_day': 25, 'peak_express': 14}
2026-09-02 10:14:44,796 evaluator pricing: common_lines=same_route (explicit)
2026-09-02 10:14:44,855 path enumeration: 20000 OD pairs, 636 origin zones, 3 scenarios, cap 4 paths/OD
2026-09-02 10:15:30,425 rejected 94 malformed candidate paths that failed the re-pricing check
2026-09-02 10:15:30,522 path set: 24689 paths over 17388/20000 OD pairs (86.7% of flow served), 121569 legs
2026-09-02 10:15:30,566 period early   : 24689 paths, 20000 OD pairs
2026-09-02 10:15:30,577 path enumeration: 20000 OD pairs, 636 origin zones, 3 scenarios, cap 4 paths/OD
2026-09-02 10:16:19,902 rejected 73 malformed candidate paths that failed the re-pricing check
2026-09-02 10:16:20,016 path set: 28776 paths over 19278/20000 OD pairs (96.2% of flow served), 141766 legs
2026-09-02 10:16:20,071 period am_peak : 28776 paths, 20000 OD pairs
2026-09-02 10:16:20,082 path enumeration: 20000 OD pairs, 636 origin zones, 3 scenarios, cap 4 paths/OD
2026-09-02 10:17:04,401 rejected 73 malformed candidate paths that failed the re-pricing check
2026-09-02 10:17:04,506 path set: 24096 paths over 17389/20000 OD pairs (86.7% of flow served), 118764 legs
2026-09-02 10:17:04,556 period midday  : 24096 paths, 20000 OD pairs
2026-09-02 10:17:04,567 path enumeration: 20000 OD pairs, 636 origin zones, 3 scenarios, cap 4 paths/OD
2026-09-02 10:17:54,374 rejected 121 malformed candidate paths that failed the re-pricing check
2026-09-02 10:17:54,512 path set: 28000 paths over 18673/20000 OD pairs (93.6% of flow served), 139784 legs
2026-09-02 10:17:54,569 period pm_peak : 28000 paths, 20000 OD pairs
2026-09-02 10:17:54,581 path enumeration: 20000 OD pairs, 636 origin zones, 3 scenarios, cap 4 paths/OD
2026-09-02 10:18:42,855 rejected 82 malformed candidate paths that failed the re-pricing check
2026-09-02 10:18:42,953 path set: 24069 paths over 17386/20000 OD pairs (86.6% of flow served), 118394 legs
2026-09-02 10:18:42,998 period evening : 24069 paths, 20000 OD pairs
2026-09-02 10:18:43,009 path enumeration: 20000 OD pairs, 636 origin zones, 3 scenarios, cap 4 paths/OD
2026-09-02 10:19:27,043 rejected 138 malformed candidate paths that failed the re-pricing check
2026-09-02 10:19:27,136 path set: 22667 paths over 17006/20000 OD pairs (85.1% of flow served), 111795 legs
2026-09-02 10:19:27,182 period owl     : 22667 paths, 20000 OD pairs
2026-09-02 10:19:27,182 locking 28 route-periods across 14 routes in classes ('peak_express',)
2026-09-02 10:29:57,790 solve lambda=2.0: obj=2.95481e+06 vh=2514.2/2517.2 exchanges=35
2026-09-02 10:29:57,960 truncate-007#a14f6e0894dd                      seed 20260828 obj=2954810.198763 restarts=20 conv=True adm=True 914s
2026-09-02 10:29:59,174 stopping cleanly: 760s needed for truncate-007#e0327cd10f50/20260825, 685s left
2026-09-02 10:29:59,174 slice ran 1 cells
2026-09-02 10:30:01,941 3.1-stageB: 35 cells remaining, 18 in this shard
2026-09-02 10:30:02,035 cache hit  baseline-a5bf710e8b2c9129 (53.2 MB, 0.1s)
2026-09-02 10:30:02,069 cache hit  raptor-51c3309f35ffd25f (0.6 MB, 0.0s)
2026-09-02 10:30:02,069 cache hit  zones-77edf71b615ba370 (0.2 MB, 0.0s)
2026-09-02 10:30:02,070 cache hit  od-ba345b9cb167aecb (0.5 MB, 0.0s)
2026-09-02 10:30:02,081 route classes: {'all_day': 25, 'peak_express': 14}
2026-09-02 10:30:02,554 footpaths: 15573 links (9 from transfers.txt)
2026-09-02 10:30:02,563 raptor network: 2947 stops, 111 patterns, 15573 footpaths
2026-09-02 10:30:02,665 zones: 1397 (637 with transit access within 600 m), 3938 access links
2026-09-02 10:30:02,673 route classes: {'all_day': 25, 'peak_express': 14}
2026-09-02 10:30:02,726 evaluator pricing: common_lines=same_route (explicit)
2026-09-02 10:30:02,733 period early   : 24667 paths, 20000 OD pairs
2026-09-02 10:30:02,739 period am_peak : 28761 paths, 20000 OD pairs
2026-09-02 10:30:02,744 period midday  : 24096 paths, 20000 OD pairs
2026-09-02 10:30:02,749 period pm_peak : 27982 paths, 20000 OD pairs
2026-09-02 10:30:02,754 period evening : 24057 paths, 20000 OD pairs
2026-09-02 10:30:02,759 period owl     : 22668 paths, 20000 OD pairs
2026-09-02 10:30:02,759 locking 28 route-periods across 14 routes in classes ('peak_express',)
2026-09-02 10:40:01,475 solve lambda=2.0: obj=2.95414e+06 vh=2514.1/2517.2 exchanges=0
2026-09-02 10:40:01,498 truncate-007#e0327cd10f50                      seed 20260825 obj=2954141.452683 restarts=20 conv=True adm=True 599s
2026-09-02 10:40:01,500 stopping cleanly: 1180s needed for truncate-007#e0327cd10f50/20260827, 1000s left
2026-09-02 10:40:01,500 slice ran 1 cells
2026-09-02 10:40:04,174 3.1-stageB: 33 cells remaining, 17 in this shard
2026-09-02 10:40:04,270 cache hit  baseline-a5bf710e8b2c9129 (53.2 MB, 0.1s)
2026-09-02 10:40:04,305 cache hit  raptor-51c3309f35ffd25f (0.6 MB, 0.0s)
2026-09-02 10:40:04,305 cache hit  zones-77edf71b615ba370 (0.2 MB, 0.0s)
2026-09-02 10:40:04,306 cache hit  od-ba345b9cb167aecb (0.5 MB, 0.0s)
2026-09-02 10:40:04,318 route classes: {'all_day': 25, 'peak_express': 14}
2026-09-02 10:40:04,708 footpaths: 15573 links (9 from transfers.txt)
2026-09-02 10:40:04,717 raptor network: 2947 stops, 111 patterns, 15573 footpaths
2026-09-02 10:40:04,824 zones: 1397 (637 with transit access within 600 m), 3938 access links
2026-09-02 10:40:04,834 route classes: {'all_day': 25, 'peak_express': 14}
2026-09-02 10:40:04,921 evaluator pricing: common_lines=same_route (explicit)
2026-09-02 10:40:04,981 path enumeration: 20000 OD pairs, 636 origin zones, 3 scenarios, cap 4 paths/OD
2026-09-02 10:40:48,813 rejected 96 malformed candidate paths that failed the re-pricing check
2026-09-02 10:40:48,904 path set: 24667 paths over 17388/20000 OD pairs (86.7% of flow served), 121377 legs
2026-09-02 10:40:48,947 period early   : 24667 paths, 20000 OD pairs
2026-09-02 10:40:48,957 path enumeration: 20000 OD pairs, 636 origin zones, 3 scenarios, cap 4 paths/OD
2026-09-02 10:41:38,498 rejected 76 malformed candidate paths that failed the re-pricing check
2026-09-02 10:41:38,696 path set: 28761 paths over 19278/20000 OD pairs (96.2% of flow served), 141623 legs
2026-09-02 10:41:38,747 period am_peak : 28761 paths, 20000 OD pairs
2026-09-02 10:41:38,758 path enumeration: 20000 OD pairs, 636 origin zones, 3 scenarios, cap 4 paths/OD
2026-09-02 10:42:23,149 rejected 75 malformed candidate paths that failed the re-pricing check
2026-09-02 10:42:23,317 path set: 24096 paths over 17389/20000 OD pairs (86.7% of flow served), 118692 legs
2026-09-02 10:42:23,370 period midday  : 24096 paths, 20000 OD pairs
2026-09-02 10:42:23,382 path enumeration: 20000 OD pairs, 636 origin zones, 3 scenarios, cap 4 paths/OD
2026-09-02 10:43:11,464 rejected 124 malformed candidate paths that failed the re-pricing check
2026-09-02 10:43:11,683 path set: 27982 paths over 18673/20000 OD pairs (93.6% of flow served), 139597 legs
2026-09-02 10:43:11,737 period pm_peak : 27982 paths, 20000 OD pairs
2026-09-02 10:43:11,747 path enumeration: 20000 OD pairs, 636 origin zones, 3 scenarios, cap 4 paths/OD
2026-09-02 10:43:58,951 rejected 84 malformed candidate paths that failed the re-pricing check
2026-09-02 10:43:59,045 path set: 24057 paths over 17386/20000 OD pairs (86.6% of flow served), 118262 legs
2026-09-02 10:43:59,091 period evening : 24057 paths, 20000 OD pairs
2026-09-02 10:43:59,102 path enumeration: 20000 OD pairs, 636 origin zones, 3 scenarios, cap 4 paths/OD
2026-09-02 10:44:41,649 rejected 132 malformed candidate paths that failed the re-pricing check
2026-09-02 10:44:41,743 path set: 22668 paths over 17005/20000 OD pairs (85.1% of flow served), 111732 legs
2026-09-02 10:44:41,793 period owl     : 22668 paths, 20000 OD pairs
2026-09-02 10:44:41,793 locking 28 route-periods across 14 routes in classes ('peak_express',)
2026-09-02 10:55:01,050 solve lambda=2.0: obj=2.95411e+06 vh=2515.1/2517.2 exchanges=42
2026-09-02 10:55:01,384 truncate-007#e0327cd10f50                      seed 20260827 obj=2954109.709267 restarts=20 conv=True adm=True 897s
2026-09-02 10:55:01,388 stopping cleanly: 1180s needed for truncate-007#e0327cd10f50/20260829, 703s left
2026-09-02 10:55:01,388 slice ran 1 cells
2026-09-02 10:55:04,585 3.1-stageB: 30 cells remaining, 16 in this shard
2026-09-02 10:55:04,682 cache hit  baseline-a5bf710e8b2c9129 (53.2 MB, 0.1s)
2026-09-02 10:55:04,719 cache hit  raptor-51c3309f35ffd25f (0.6 MB, 0.0s)
2026-09-02 10:55:04,720 cache hit  zones-77edf71b615ba370 (0.2 MB, 0.0s)
2026-09-02 10:55:04,721 cache hit  od-ba345b9cb167aecb (0.5 MB, 0.0s)
2026-09-02 10:55:04,733 route classes: {'all_day': 25, 'peak_express': 14}
2026-09-02 10:55:05,160 footpaths: 15573 links (9 from transfers.txt)
2026-09-02 10:55:05,170 raptor network: 2947 stops, 111 patterns, 15573 footpaths
2026-09-02 10:55:05,287 zones: 1397 (637 with transit access within 600 m), 3938 access links
2026-09-02 10:55:05,297 route classes: {'all_day': 25, 'peak_express': 14}
2026-09-02 10:55:05,367 evaluator pricing: common_lines=same_route (explicit)
2026-09-02 10:55:05,429 path enumeration: 20000 OD pairs, 636 origin zones, 3 scenarios, cap 4 paths/OD
2026-09-02 10:55:51,002 rejected 96 malformed candidate paths that failed the re-pricing check
2026-09-02 10:55:51,104 path set: 24667 paths over 17388/20000 OD pairs (86.7% of flow served), 121377 legs
2026-09-02 10:55:51,151 period early   : 24667 paths, 20000 OD pairs
2026-09-02 10:55:51,163 path enumeration: 20000 OD pairs, 636 origin zones, 3 scenarios, cap 4 paths/OD
2026-09-02 10:56:49,158 rejected 76 malformed candidate paths that failed the re-pricing check
2026-09-02 10:56:49,287 path set: 28761 paths over 19278/20000 OD pairs (96.2% of flow served), 141623 legs
2026-09-02 10:56:49,354 period am_peak : 28761 paths, 20000 OD pairs
2026-09-02 10:56:49,367 path enumeration: 20000 OD pairs, 636 origin zones, 3 scenarios, cap 4 paths/OD
2026-09-02 10:57:41,920 rejected 75 malformed candidate paths that failed the re-pricing check
2026-09-02 10:57:42,043 path set: 24096 paths over 17389/20000 OD pairs (86.7% of flow served), 118692 legs
2026-09-02 10:57:42,105 period midday  : 24096 paths, 20000 OD pairs
2026-09-02 10:57:42,119 path enumeration: 20000 OD pairs, 636 origin zones, 3 scenarios, cap 4 paths/OD
2026-09-02 10:58:32,354 rejected 124 malformed candidate paths that failed the re-pricing check
2026-09-02 10:58:32,519 path set: 27982 paths over 18673/20000 OD pairs (93.6% of flow served), 139597 legs
2026-09-02 10:58:32,578 period pm_peak : 27982 paths, 20000 OD pairs
2026-09-02 10:58:32,591 path enumeration: 20000 OD pairs, 636 origin zones, 3 scenarios, cap 4 paths/OD
2026-09-02 10:59:20,533 rejected 84 malformed candidate paths that failed the re-pricing check
2026-09-02 10:59:20,636 path set: 24057 paths over 17386/20000 OD pairs (86.6% of flow served), 118262 legs
2026-09-02 10:59:20,686 period evening : 24057 paths, 20000 OD pairs
2026-09-02 10:59:20,697 path enumeration: 20000 OD pairs, 636 origin zones, 3 scenarios, cap 4 paths/OD
2026-09-02 11:00:05,361 rejected 132 malformed candidate paths that failed the re-pricing check
2026-09-02 11:00:05,477 path set: 22668 paths over 17005/20000 OD pairs (85.1% of flow served), 111732 legs
2026-09-02 11:00:05,519 period owl     : 22668 paths, 20000 OD pairs
2026-09-02 11:00:05,519 locking 28 route-periods across 14 routes in classes ('peak_express',)
2026-09-02 11:11:10,911 solve lambda=2.0: obj=2.95414e+06 vh=2514.1/2517.2 exchanges=0
2026-09-02 11:11:11,383 truncate-007#e0327cd10f50                      seed 20260829 obj=2954141.452683 restarts=20 conv=True adm=True 967s
2026-09-02 11:11:11,387 stopping cleanly: 1180s needed for truncate-012#584263ee6bf8/20260826, 633s left
2026-09-02 11:11:11,388 slice ran 1 cells
2026-09-02 11:11:14,306 3.1-stageB: 28 cells remaining, 15 in this shard
2026-09-02 11:11:14,401 cache hit  baseline-a5bf710e8b2c9129 (53.2 MB, 0.1s)
2026-09-02 11:11:14,437 cache hit  raptor-51c3309f35ffd25f (0.6 MB, 0.0s)
2026-09-02 11:11:14,438 cache hit  zones-77edf71b615ba370 (0.2 MB, 0.0s)
2026-09-02 11:11:14,439 cache hit  od-ba345b9cb167aecb (0.5 MB, 0.0s)
2026-09-02 11:11:14,460 route classes: {'all_day': 25, 'peak_express': 14}
2026-09-02 11:11:14,834 footpaths: 15545 links (9 from transfers.txt)
2026-09-02 11:11:14,843 raptor network: 2946 stops, 111 patterns, 15545 footpaths
2026-09-02 11:11:14,944 zones: 1397 (637 with transit access within 600 m), 3938 access links
2026-09-02 11:11:14,954 route classes: {'all_day': 25, 'peak_express': 14}
2026-09-02 11:11:15,021 evaluator pricing: common_lines=same_route (explicit)
2026-09-02 11:11:15,077 path enumeration: 20000 OD pairs, 636 origin zones, 3 scenarios, cap 4 paths/OD
2026-09-02 11:12:00,114 rejected 94 malformed candidate paths that failed the re-pricing check
2026-09-02 11:12:00,215 path set: 24668 paths over 17388/20000 OD pairs (86.7% of flow served), 121382 legs
2026-09-02 11:12:00,255 period early   : 24668 paths, 20000 OD pairs
2026-09-02 11:12:00,265 path enumeration: 20000 OD pairs, 636 origin zones, 3 scenarios, cap 4 paths/OD
2026-09-02 11:12:52,387 rejected 73 malformed candidate paths that failed the re-pricing check
2026-09-02 11:12:52,499 path set: 28764 paths over 19278/20000 OD pairs (96.2% of flow served), 141639 legs
2026-09-02 11:12:52,556 period am_peak : 28764 paths, 20000 OD pairs
2026-09-02 11:12:52,568 path enumeration: 20000 OD pairs, 636 origin zones, 3 scenarios, cap 4 paths/OD
2026-09-02 11:13:38,390 rejected 73 malformed candidate paths that failed the re-pricing check
2026-09-02 11:13:38,487 path set: 24097 paths over 17389/20000 OD pairs (86.7% of flow served), 118697 legs
2026-09-02 11:13:38,530 period midday  : 24097 paths, 20000 OD pairs
2026-09-02 11:13:38,540 path enumeration: 20000 OD pairs, 636 origin zones, 3 scenarios, cap 4 paths/OD
2026-09-02 11:14:26,331 rejected 122 malformed candidate paths that failed the re-pricing check
2026-09-02 11:14:26,488 path set: 27983 paths over 18673/20000 OD pairs (93.6% of flow served), 139604 legs
2026-09-02 11:14:26,550 period pm_peak : 27983 paths, 20000 OD pairs
2026-09-02 11:14:26,562 path enumeration: 20000 OD pairs, 636 origin zones, 3 scenarios, cap 4 paths/OD
2026-09-02 11:15:14,328 rejected 82 malformed candidate paths that failed the re-pricing check
2026-09-02 11:15:14,476 path set: 24058 paths over 17386/20000 OD pairs (86.6% of flow served), 118267 legs
2026-09-02 11:15:14,521 period evening : 24058 paths, 20000 OD pairs
2026-09-02 11:15:14,532 path enumeration: 20000 OD pairs, 636 origin zones, 3 scenarios, cap 4 paths/OD
2026-09-02 11:15:59,739 rejected 129 malformed candidate paths that failed the re-pricing check
2026-09-02 11:15:59,841 path set: 22669 paths over 17006/20000 OD pairs (85.1% of flow served), 111741 legs
2026-09-02 11:15:59,883 period owl     : 22669 paths, 20000 OD pairs
2026-09-02 11:15:59,883 locking 28 route-periods across 14 routes in classes ('peak_express',)
2026-09-02 11:26:15,428 solve lambda=2.0: obj=2.95563e+06 vh=2514.6/2517.2 exchanges=0
2026-09-02 11:26:15,825 truncate-012#584263ee6bf8                      seed 20260826 obj=2955633.830693 restarts=20 conv=True adm=True 901s
2026-09-02 11:26:15,828 stopping cleanly: 1180s needed for truncate-012#584263ee6bf8/20260828, 698s left
2026-09-02 11:26:15,828 slice ran 1 cells
2026-09-02 11:26:18,448 3.1-stageB: 26 cells remaining, 14 in this shard
2026-09-02 11:26:18,533 cache hit  baseline-a5bf710e8b2c9129 (53.2 MB, 0.1s)
2026-09-02 11:26:18,575 cache hit  raptor-51c3309f35ffd25f (0.6 MB, 0.0s)
2026-09-02 11:26:18,576 cache hit  zones-77edf71b615ba370 (0.2 MB, 0.0s)
2026-09-02 11:26:18,577 cache hit  od-ba345b9cb167aecb (0.5 MB, 0.0s)
2026-09-02 11:26:18,596 route classes: {'all_day': 25, 'peak_express': 14}
2026-09-02 11:26:18,942 footpaths: 15545 links (9 from transfers.txt)
2026-09-02 11:26:18,951 raptor network: 2946 stops, 111 patterns, 15545 footpaths
2026-09-02 11:26:19,045 zones: 1397 (637 with transit access within 600 m), 3938 access links
2026-09-02 11:26:19,054 route classes: {'all_day': 25, 'peak_express': 14}
2026-09-02 11:26:19,118 evaluator pricing: common_lines=same_route (explicit)
2026-09-02 11:26:19,175 path enumeration: 20000 OD pairs, 636 origin zones, 3 scenarios, cap 4 paths/OD
2026-09-02 11:27:01,929 rejected 94 malformed candidate paths that failed the re-pricing check
2026-09-02 11:27:02,029 path set: 24668 paths over 17388/20000 OD pairs (86.7% of flow served), 121382 legs
2026-09-02 11:27:02,075 period early   : 24668 paths, 20000 OD pairs
2026-09-02 11:27:02,086 path enumeration: 20000 OD pairs, 636 origin zones, 3 scenarios, cap 4 paths/OD
2026-09-02 11:27:52,165 rejected 73 malformed candidate paths that failed the re-pricing check
2026-09-02 11:27:52,274 path set: 28764 paths over 19278/20000 OD pairs (96.2% of flow served), 141639 legs
2026-09-02 11:27:52,327 period am_peak : 28764 paths, 20000 OD pairs
2026-09-02 11:27:52,337 path enumeration: 20000 OD pairs, 636 origin zones, 3 scenarios, cap 4 paths/OD
2026-09-02 11:28:36,816 rejected 73 malformed candidate paths that failed the re-pricing check
2026-09-02 11:28:36,911 path set: 24097 paths over 17389/20000 OD pairs (86.7% of flow served), 118697 legs
2026-09-02 11:28:36,957 period midday  : 24097 paths, 20000 OD pairs
2026-09-02 11:28:36,969 path enumeration: 20000 OD pairs, 636 origin zones, 3 scenarios, cap 4 paths/OD
2026-09-02 11:29:24,930 rejected 122 malformed candidate paths that failed the re-pricing check
2026-09-02 11:29:25,046 path set: 27983 paths over 18673/20000 OD pairs (93.6% of flow served), 139604 legs
2026-09-02 11:29:25,099 period pm_peak : 27983 paths, 20000 OD pairs
2026-09-02 11:29:25,110 path enumeration: 20000 OD pairs, 636 origin zones, 3 scenarios, cap 4 paths/OD
2026-09-02 11:30:11,534 rejected 82 malformed candidate paths that failed the re-pricing check
2026-09-02 11:30:11,639 path set: 24058 paths over 17386/20000 OD pairs (86.6% of flow served), 118267 legs
2026-09-02 11:30:11,684 period evening : 24058 paths, 20000 OD pairs
2026-09-02 11:30:11,698 path enumeration: 20000 OD pairs, 636 origin zones, 3 scenarios, cap 4 paths/OD
2026-09-02 11:30:55,861 rejected 129 malformed candidate paths that failed the re-pricing check
2026-09-02 11:30:56,029 path set: 22669 paths over 17006/20000 OD pairs (85.1% of flow served), 111741 legs
2026-09-02 11:30:56,074 period owl     : 22669 paths, 20000 OD pairs
2026-09-02 11:30:56,074 locking 28 route-periods across 14 routes in classes ('peak_express',)
2026-09-02 11:41:22,333 solve lambda=2.0: obj=2.95558e+06 vh=2515.9/2517.2 exchanges=37
2026-09-02 11:41:22,459 truncate-012#584263ee6bf8                      seed 20260828 obj=2955584.114543 restarts=20 conv=True adm=True 904s
2026-09-02 11:41:23,558 stopping cleanly: 760s needed for truncate-023#3ef9178c6974/20260825, 695s left
2026-09-02 11:41:23,558 slice ran 1 cells
2026-09-02 11:41:26,404 3.1-stageB: 25 cells remaining, 13 in this shard
2026-09-02 11:41:26,501 cache hit  baseline-a5bf710e8b2c9129 (53.2 MB, 0.1s)
2026-09-02 11:41:26,552 cache hit  raptor-51c3309f35ffd25f (0.6 MB, 0.0s)
2026-09-02 11:41:26,552 cache hit  zones-77edf71b615ba370 (0.2 MB, 0.0s)
2026-09-02 11:41:26,553 cache hit  od-ba345b9cb167aecb (0.5 MB, 0.0s)
2026-09-02 11:41:26,574 route classes: {'all_day': 25, 'peak_express': 14}
2026-09-02 11:41:27,055 footpaths: 15553 links (9 from transfers.txt)
2026-09-02 11:41:27,064 raptor network: 2948 stops, 111 patterns, 15553 footpaths
2026-09-02 11:41:27,161 zones: 1397 (637 with transit access within 600 m), 3938 access links
2026-09-02 11:41:27,170 route classes: {'all_day': 25, 'peak_express': 14}
2026-09-02 11:41:27,233 evaluator pricing: common_lines=same_route (explicit)
2026-09-02 11:41:27,239 period early   : 24672 paths, 20000 OD pairs
2026-09-02 11:41:27,245 period am_peak : 28787 paths, 20000 OD pairs
2026-09-02 11:41:27,250 period midday  : 24111 paths, 20000 OD pairs
2026-09-02 11:41:27,255 period pm_peak : 28003 paths, 20000 OD pairs
2026-09-02 11:41:27,260 period evening : 24092 paths, 20000 OD pairs
2026-09-02 11:41:27,264 period owl     : 22697 paths, 20000 OD pairs
2026-09-02 11:41:27,265 locking 28 route-periods across 14 routes in classes ('peak_express',)
2026-09-02 11:51:33,608 solve lambda=2.0: obj=2.95565e+06 vh=2514.5/2517.2 exchanges=25
2026-09-02 11:51:33,627 truncate-023#3ef9178c6974                      seed 20260825 obj=2955645.544697 restarts=20 conv=True adm=True 607s
2026-09-02 11:51:33,630 stopping cleanly: 1180s needed for truncate-023#3ef9178c6974/20260827, 993s left
2026-09-02 11:51:33,630 slice ran 1 cells
2026-09-02 11:51:36,344 3.1-stageB: 23 cells remaining, 12 in this shard
2026-09-02 11:51:36,444 cache hit  baseline-a5bf710e8b2c9129 (53.2 MB, 0.1s)
2026-09-02 11:51:36,486 cache hit  raptor-51c3309f35ffd25f (0.6 MB, 0.0s)
2026-09-02 11:51:36,487 cache hit  zones-77edf71b615ba370 (0.2 MB, 0.0s)
2026-09-02 11:51:36,488 cache hit  od-ba345b9cb167aecb (0.5 MB, 0.0s)
2026-09-02 11:51:36,510 route classes: {'all_day': 25, 'peak_express': 14}
2026-09-02 11:51:36,906 footpaths: 15553 links (9 from transfers.txt)
2026-09-02 11:51:36,915 raptor network: 2948 stops, 111 patterns, 15553 footpaths
2026-09-02 11:51:37,013 zones: 1397 (637 with transit access within 600 m), 3938 access links
2026-09-02 11:51:37,022 route classes: {'all_day': 25, 'peak_express': 14}
2026-09-02 11:51:37,083 evaluator pricing: common_lines=same_route (explicit)
2026-09-02 11:51:37,139 path enumeration: 20000 OD pairs, 636 origin zones, 3 scenarios, cap 4 paths/OD
2026-09-02 11:52:19,752 rejected 96 malformed candidate paths that failed the re-pricing check
2026-09-02 11:52:19,849 path set: 24672 paths over 17388/20000 OD pairs (86.7% of flow served), 121507 legs
2026-09-02 11:52:19,896 period early   : 24672 paths, 20000 OD pairs
2026-09-02 11:52:19,909 path enumeration: 20000 OD pairs, 636 origin zones, 3 scenarios, cap 4 paths/OD
2026-09-02 11:53:08,708 rejected 75 malformed candidate paths that failed the re-pricing check
2026-09-02 11:53:08,833 path set: 28787 paths over 19278/20000 OD pairs (96.2% of flow served), 141851 legs
2026-09-02 11:53:08,887 period am_peak : 28787 paths, 20000 OD pairs
2026-09-02 11:53:08,897 path enumeration: 20000 OD pairs, 636 origin zones, 3 scenarios, cap 4 paths/OD
2026-09-02 11:53:53,295 rejected 74 malformed candidate paths that failed the re-pricing check
2026-09-02 11:53:53,446 path set: 24111 paths over 17389/20000 OD pairs (86.7% of flow served), 118877 legs
2026-09-02 11:53:53,494 period midday  : 24111 paths, 20000 OD pairs
2026-09-02 11:53:53,505 path enumeration: 20000 OD pairs, 636 origin zones, 3 scenarios, cap 4 paths/OD
2026-09-02 11:54:42,364 rejected 123 malformed candidate paths that failed the re-pricing check
2026-09-02 11:54:42,620 path set: 28003 paths over 18673/20000 OD pairs (93.6% of flow served), 139811 legs
2026-09-02 11:54:42,678 period pm_peak : 28003 paths, 20000 OD pairs
2026-09-02 11:54:42,690 path enumeration: 20000 OD pairs, 636 origin zones, 3 scenarios, cap 4 paths/OD
2026-09-02 11:55:31,437 rejected 83 malformed candidate paths that failed the re-pricing check
2026-09-02 11:55:31,609 path set: 24092 paths over 17386/20000 OD pairs (86.6% of flow served), 118558 legs
2026-09-02 11:55:31,669 period evening : 24092 paths, 20000 OD pairs
2026-09-02 11:55:31,680 path enumeration: 20000 OD pairs, 636 origin zones, 3 scenarios, cap 4 paths/OD
2026-09-02 11:56:15,189 rejected 130 malformed candidate paths that failed the re-pricing check
2026-09-02 11:56:15,312 path set: 22697 paths over 17005/20000 OD pairs (85.1% of flow served), 111929 legs
2026-09-02 11:56:15,354 period owl     : 22697 paths, 20000 OD pairs
2026-09-02 11:56:15,355 locking 28 route-periods across 14 routes in classes ('peak_express',)
2026-09-02 12:06:41,422 solve lambda=2.0: obj=2.95566e+06 vh=2514.2/2517.2 exchanges=0
2026-09-02 12:06:41,689 truncate-023#3ef9178c6974                      seed 20260827 obj=2955657.333351 restarts=20 conv=True adm=True 905s
2026-09-02 12:06:41,693 stopping cleanly: 1180s needed for truncate-023#3ef9178c6974/20260829, 695s left
2026-09-02 12:06:41,693 slice ran 1 cells
2026-09-02 12:06:44,256 3.1-stageB: 21 cells remaining, 11 in this shard
2026-09-02 12:06:44,349 cache hit  baseline-a5bf710e8b2c9129 (53.2 MB, 0.1s)
2026-09-02 12:06:44,393 cache hit  raptor-51c3309f35ffd25f (0.6 MB, 0.0s)
2026-09-02 12:06:44,394 cache hit  zones-77edf71b615ba370 (0.2 MB, 0.0s)
2026-09-02 12:06:44,395 cache hit  od-ba345b9cb167aecb (0.5 MB, 0.0s)
2026-09-02 12:06:44,415 route classes: {'all_day': 25, 'peak_express': 14}
2026-09-02 12:06:44,772 footpaths: 15553 links (9 from transfers.txt)
2026-09-02 12:06:44,781 raptor network: 2948 stops, 111 patterns, 15553 footpaths
2026-09-02 12:06:44,886 zones: 1397 (637 with transit access within 600 m), 3938 access links
2026-09-02 12:06:44,896 route classes: {'all_day': 25, 'peak_express': 14}
2026-09-02 12:06:44,971 evaluator pricing: common_lines=same_route (explicit)
2026-09-02 12:06:45,036 path enumeration: 20000 OD pairs, 636 origin zones, 3 scenarios, cap 4 paths/OD
2026-09-02 12:07:29,828 rejected 96 malformed candidate paths that failed the re-pricing check
2026-09-02 12:07:29,924 path set: 24672 paths over 17388/20000 OD pairs (86.7% of flow served), 121507 legs
2026-09-02 12:07:29,977 period early   : 24672 paths, 20000 OD pairs
2026-09-02 12:07:29,988 path enumeration: 20000 OD pairs, 636 origin zones, 3 scenarios, cap 4 paths/OD
2026-09-02 12:08:19,039 rejected 75 malformed candidate paths that failed the re-pricing check
2026-09-02 12:08:19,153 path set: 28787 paths over 19278/20000 OD pairs (96.2% of flow served), 141851 legs
2026-09-02 12:08:19,203 period am_peak : 28787 paths, 20000 OD pairs
2026-09-02 12:08:19,213 path enumeration: 20000 OD pairs, 636 origin zones, 3 scenarios, cap 4 paths/OD
2026-09-02 12:09:04,780 rejected 74 malformed candidate paths that failed the re-pricing check
2026-09-02 12:09:04,879 path set: 24111 paths over 17389/20000 OD pairs (86.7% of flow served), 118877 legs
2026-09-02 12:09:04,925 period midday  : 24111 paths, 20000 OD pairs
2026-09-02 12:09:04,936 path enumeration: 20000 OD pairs, 636 origin zones, 3 scenarios, cap 4 paths/OD
2026-09-02 12:09:54,534 rejected 123 malformed candidate paths that failed the re-pricing check
2026-09-02 12:09:54,652 path set: 28003 paths over 18673/20000 OD pairs (93.6% of flow served), 139811 legs
2026-09-02 12:09:54,704 period pm_peak : 28003 paths, 20000 OD pairs
2026-09-02 12:09:54,714 path enumeration: 20000 OD pairs, 636 origin zones, 3 scenarios, cap 4 paths/OD
2026-09-02 12:10:42,533 rejected 83 malformed candidate paths that failed the re-pricing check
2026-09-02 12:10:42,632 path set: 24092 paths over 17386/20000 OD pairs (86.6% of flow served), 118558 legs
2026-09-02 12:10:42,676 period evening : 24092 paths, 20000 OD pairs
2026-09-02 12:10:42,686 path enumeration: 20000 OD pairs, 636 origin zones, 3 scenarios, cap 4 paths/OD
2026-09-02 12:11:25,826 rejected 130 malformed candidate paths that failed the re-pricing check
2026-09-02 12:11:25,971 path set: 22697 paths over 17005/20000 OD pairs (85.1% of flow served), 111929 legs
2026-09-02 12:11:26,018 period owl     : 22697 paths, 20000 OD pairs
2026-09-02 12:11:26,018 locking 28 route-periods across 14 routes in classes ('peak_express',)
2026-09-02 12:21:27,264 solve lambda=2.0: obj=2.95566e+06 vh=2514.2/2517.2 exchanges=0
2026-09-02 12:21:27,516 truncate-023#3ef9178c6974                      seed 20260829 obj=2955657.333351 restarts=20 conv=True adm=True 883s
2026-09-02 12:21:27,523 stopping cleanly: 1180s needed for truncate-025#d3209fe02367/20260826, 717s left
2026-09-02 12:21:27,523 slice ran 1 cells
2026-09-02 12:21:30,224 3.1-stageB: 19 cells remaining, 10 in this shard
2026-09-02 12:21:30,319 cache hit  baseline-a5bf710e8b2c9129 (53.2 MB, 0.1s)
2026-09-02 12:21:30,361 cache hit  raptor-51c3309f35ffd25f (0.6 MB, 0.0s)
2026-09-02 12:21:30,362 cache hit  zones-77edf71b615ba370 (0.2 MB, 0.0s)
2026-09-02 12:21:30,362 cache hit  od-ba345b9cb167aecb (0.5 MB, 0.0s)
2026-09-02 12:21:30,382 route classes: {'all_day': 25, 'peak_express': 14}
2026-09-02 12:21:30,760 footpaths: 15517 links (9 from transfers.txt)
2026-09-02 12:21:30,772 raptor network: 2935 stops, 111 patterns, 15517 footpaths
2026-09-02 12:21:30,872 zones: 1397 (637 with transit access within 600 m), 3925 access links
2026-09-02 12:21:30,883 route classes: {'all_day': 25, 'peak_express': 14}
2026-09-02 12:21:30,947 evaluator pricing: common_lines=same_route (explicit)
2026-09-02 12:21:31,002 path enumeration: 20000 OD pairs, 636 origin zones, 3 scenarios, cap 4 paths/OD
2026-09-02 12:22:13,960 rejected 96 malformed candidate paths that failed the re-pricing check
2026-09-02 12:22:14,050 path set: 24649 paths over 17381/20000 OD pairs (86.6% of flow served), 121320 legs
2026-09-02 12:22:14,091 period early   : 24649 paths, 20000 OD pairs
2026-09-02 12:22:14,102 path enumeration: 20000 OD pairs, 636 origin zones, 3 scenarios, cap 4 paths/OD
2026-09-02 12:23:01,999 rejected 75 malformed candidate paths that failed the re-pricing check
2026-09-02 12:23:02,115 path set: 28750 paths over 19271/20000 OD pairs (96.2% of flow served), 141690 legs
2026-09-02 12:23:02,165 period am_peak : 28750 paths, 20000 OD pairs
2026-09-02 12:23:02,174 path enumeration: 20000 OD pairs, 636 origin zones, 3 scenarios, cap 4 paths/OD
2026-09-02 12:23:45,626 rejected 74 malformed candidate paths that failed the re-pricing check
2026-09-02 12:23:45,721 path set: 24096 paths over 17382/20000 OD pairs (86.6% of flow served), 118735 legs
2026-09-02 12:23:45,765 period midday  : 24096 paths, 20000 OD pairs
2026-09-02 12:23:45,776 path enumeration: 20000 OD pairs, 636 origin zones, 3 scenarios, cap 4 paths/OD
2026-09-02 12:24:32,640 rejected 123 malformed candidate paths that failed the re-pricing check
2026-09-02 12:24:32,759 path set: 27985 paths over 18666/20000 OD pairs (93.6% of flow served), 139667 legs
2026-09-02 12:24:32,821 period pm_peak : 27985 paths, 20000 OD pairs
2026-09-02 12:24:32,833 path enumeration: 20000 OD pairs, 636 origin zones, 3 scenarios, cap 4 paths/OD
2026-09-02 12:25:20,073 rejected 82 malformed candidate paths that failed the re-pricing check
2026-09-02 12:25:20,190 path set: 24052 paths over 17379/20000 OD pairs (86.6% of flow served), 118256 legs
2026-09-02 12:25:20,242 period evening : 24052 paths, 20000 OD pairs
2026-09-02 12:25:20,253 path enumeration: 20000 OD pairs, 636 origin zones, 3 scenarios, cap 4 paths/OD
2026-09-02 12:26:03,167 rejected 130 malformed candidate paths that failed the re-pricing check
2026-09-02 12:26:03,258 path set: 22636 paths over 16998/20000 OD pairs (85.1% of flow served), 111584 legs
2026-09-02 12:26:03,304 period owl     : 22636 paths, 20000 OD pairs
2026-09-02 12:26:03,304 locking 28 route-periods across 14 routes in classes ('peak_express',)
2026-09-02 12:35:51,081 solve lambda=2.0: obj=2.95216e+06 vh=2514.6/2517.2 exchanges=0
2026-09-02 12:35:51,276 truncate-025#d3209fe02367                      seed 20260826 obj=2952160.079272 restarts=20 conv=True adm=True 861s
2026-09-02 12:35:51,278 stopping cleanly: 1180s needed for truncate-025#d3209fe02367/20260828, 739s left
2026-09-02 12:35:51,278 slice ran 1 cells
2026-09-02 12:35:53,865 3.1-stageB: 17 cells remaining, 9 in this shard
2026-09-02 12:35:53,970 cache hit  baseline-a5bf710e8b2c9129 (53.2 MB, 0.1s)
2026-09-02 12:35:54,007 cache hit  raptor-51c3309f35ffd25f (0.6 MB, 0.0s)
2026-09-02 12:35:54,008 cache hit  zones-77edf71b615ba370 (0.2 MB, 0.0s)
2026-09-02 12:35:54,009 cache hit  od-ba345b9cb167aecb (0.5 MB, 0.0s)
2026-09-02 12:35:54,022 route classes: {'all_day': 25, 'peak_express': 14}
2026-09-02 12:35:54,397 footpaths: 15517 links (9 from transfers.txt)
2026-09-02 12:35:54,406 raptor network: 2935 stops, 111 patterns, 15517 footpaths
2026-09-02 12:35:54,502 zones: 1397 (637 with transit access within 600 m), 3925 access links
2026-09-02 12:35:54,517 route classes: {'all_day': 25, 'peak_express': 14}
2026-09-02 12:35:54,577 evaluator pricing: common_lines=same_route (explicit)
2026-09-02 12:35:54,634 path enumeration: 20000 OD pairs, 636 origin zones, 3 scenarios, cap 4 paths/OD
2026-09-02 12:36:38,802 rejected 96 malformed candidate paths that failed the re-pricing check
2026-09-02 12:36:38,907 path set: 24649 paths over 17381/20000 OD pairs (86.6% of flow served), 121320 legs
2026-09-02 12:36:38,957 period early   : 24649 paths, 20000 OD pairs
2026-09-02 12:36:38,968 path enumeration: 20000 OD pairs, 636 origin zones, 3 scenarios, cap 4 paths/OD
2026-09-02 12:37:29,163 rejected 75 malformed candidate paths that failed the re-pricing check
2026-09-02 12:37:29,273 path set: 28750 paths over 19271/20000 OD pairs (96.2% of flow served), 141690 legs
2026-09-02 12:37:29,328 period am_peak : 28750 paths, 20000 OD pairs
2026-09-02 12:37:29,339 path enumeration: 20000 OD pairs, 636 origin zones, 3 scenarios, cap 4 paths/OD
2026-09-02 12:38:13,322 rejected 74 malformed candidate paths that failed the re-pricing check
2026-09-02 12:38:13,412 path set: 24096 paths over 17382/20000 OD pairs (86.6% of flow served), 118735 legs
2026-09-02 12:38:13,457 period midday  : 24096 paths, 20000 OD pairs
2026-09-02 12:38:13,468 path enumeration: 20000 OD pairs, 636 origin zones, 3 scenarios, cap 4 paths/OD
2026-09-02 12:39:00,764 rejected 123 malformed candidate paths that failed the re-pricing check
2026-09-02 12:39:00,876 path set: 27985 paths over 18666/20000 OD pairs (93.6% of flow served), 139667 legs
2026-09-02 12:39:00,936 period pm_peak : 27985 paths, 20000 OD pairs
2026-09-02 12:39:00,951 path enumeration: 20000 OD pairs, 636 origin zones, 3 scenarios, cap 4 paths/OD
2026-09-02 12:39:46,004 rejected 82 malformed candidate paths that failed the re-pricing check
2026-09-02 12:39:46,105 path set: 24052 paths over 17379/20000 OD pairs (86.6% of flow served), 118256 legs
2026-09-02 12:39:46,151 period evening : 24052 paths, 20000 OD pairs
2026-09-02 12:39:46,162 path enumeration: 20000 OD pairs, 636 origin zones, 3 scenarios, cap 4 paths/OD
2026-09-02 12:40:28,095 rejected 130 malformed candidate paths that failed the re-pricing check
2026-09-02 12:40:28,179 path set: 22636 paths over 16998/20000 OD pairs (85.1% of flow served), 111584 legs
2026-09-02 12:40:28,222 period owl     : 22636 paths, 20000 OD pairs
2026-09-02 12:40:28,222 locking 28 route-periods across 14 routes in classes ('peak_express',)
2026-09-02 12:50:48,669 solve lambda=2.0: obj=2.95216e+06 vh=2514.6/2517.2 exchanges=0
2026-09-02 12:50:48,940 truncate-025#d3209fe02367                      seed 20260828 obj=2952160.079272 restarts=20 conv=True adm=True 895s
2026-09-02 12:50:50,020 stopping cleanly: 760s needed for truncate-032#00b89519f00f/20260825, 704s left
2026-09-02 12:50:50,020 slice ran 1 cells
2026-09-02 12:50:52,706 3.1-stageB: 15 cells remaining, 8 in this shard
2026-09-02 12:50:52,798 cache hit  baseline-a5bf710e8b2c9129 (53.2 MB, 0.1s)
2026-09-02 12:50:52,831 cache hit  raptor-51c3309f35ffd25f (0.6 MB, 0.0s)
2026-09-02 12:50:52,832 cache hit  zones-77edf71b615ba370 (0.2 MB, 0.0s)
2026-09-02 12:50:52,833 cache hit  od-ba345b9cb167aecb (0.5 MB, 0.0s)
2026-09-02 12:50:52,844 route classes: {'all_day': 25, 'peak_express': 14}
2026-09-02 12:50:53,305 footpaths: 15553 links (9 from transfers.txt)
2026-09-02 12:50:53,314 raptor network: 2948 stops, 111 patterns, 15553 footpaths
2026-09-02 12:50:53,407 zones: 1397 (637 with transit access within 600 m), 3938 access links
2026-09-02 12:50:53,416 route classes: {'all_day': 25, 'peak_express': 14}
2026-09-02 12:50:53,477 evaluator pricing: common_lines=same_route (explicit)
2026-09-02 12:50:53,483 period early   : 24700 paths, 20000 OD pairs
2026-09-02 12:50:53,489 period am_peak : 28752 paths, 20000 OD pairs
2026-09-02 12:50:53,494 period midday  : 24084 paths, 20000 OD pairs
2026-09-02 12:50:53,499 period pm_peak : 27978 paths, 20000 OD pairs
2026-09-02 12:50:53,505 period evening : 24044 paths, 20000 OD pairs
2026-09-02 12:50:53,510 period owl     : 22692 paths, 20000 OD pairs
2026-09-02 12:50:53,510 locking 28 route-periods across 14 routes in classes ('peak_express',)
2026-09-02 13:01:21,764 solve lambda=2.0: obj=2.95494e+06 vh=2516.4/2517.2 exchanges=58
2026-09-02 13:01:21,782 truncate-032#00b89519f00f                      seed 20260825 obj=2954935.577741 restarts=20 conv=True adm=True 629s
2026-09-02 13:01:21,785 stopping cleanly: 1180s needed for truncate-032#00b89519f00f/20260827, 971s left
2026-09-02 13:01:21,785 slice ran 1 cells
2026-09-02 13:01:24,469 3.1-stageB: 13 cells remaining, 7 in this shard
2026-09-02 13:01:24,559 cache hit  baseline-a5bf710e8b2c9129 (53.2 MB, 0.1s)
2026-09-02 13:01:24,594 cache hit  raptor-51c3309f35ffd25f (0.6 MB, 0.0s)
2026-09-02 13:01:24,594 cache hit  zones-77edf71b615ba370 (0.2 MB, 0.0s)
2026-09-02 13:01:24,595 cache hit  od-ba345b9cb167aecb (0.5 MB, 0.0s)
2026-09-02 13:01:24,614 route classes: {'all_day': 25, 'peak_express': 14}
2026-09-02 13:01:24,976 footpaths: 15553 links (9 from transfers.txt)
2026-09-02 13:01:24,985 raptor network: 2948 stops, 111 patterns, 15553 footpaths
2026-09-02 13:01:25,077 zones: 1397 (637 with transit access within 600 m), 3938 access links
2026-09-02 13:01:25,085 route classes: {'all_day': 25, 'peak_express': 14}
2026-09-02 13:01:25,141 evaluator pricing: common_lines=same_route (explicit)
2026-09-02 13:01:25,191 path enumeration: 20000 OD pairs, 636 origin zones, 3 scenarios, cap 4 paths/OD
2026-09-02 13:02:09,469 rejected 96 malformed candidate paths that failed the re-pricing check
2026-09-02 13:02:09,579 path set: 24700 paths over 17388/20000 OD pairs (86.7% of flow served), 121670 legs
2026-09-02 13:02:09,625 period early   : 24700 paths, 20000 OD pairs
2026-09-02 13:02:09,636 path enumeration: 20000 OD pairs, 636 origin zones, 3 scenarios, cap 4 paths/OD
2026-09-02 13:02:59,513 rejected 75 malformed candidate paths that failed the re-pricing check
2026-09-02 13:02:59,631 path set: 28752 paths over 19277/20000 OD pairs (96.2% of flow served), 141620 legs
2026-09-02 13:02:59,686 period am_peak : 28752 paths, 20000 OD pairs
2026-09-02 13:02:59,697 path enumeration: 20000 OD pairs, 636 origin zones, 3 scenarios, cap 4 paths/OD
2026-09-02 13:03:43,605 rejected 74 malformed candidate paths that failed the re-pricing check
2026-09-02 13:03:43,704 path set: 24084 paths over 17389/20000 OD pairs (86.7% of flow served), 118669 legs
2026-09-02 13:03:43,757 period midday  : 24084 paths, 20000 OD pairs
2026-09-02 13:03:43,769 path enumeration: 20000 OD pairs, 636 origin zones, 3 scenarios, cap 4 paths/OD
2026-09-02 13:04:31,730 rejected 123 malformed candidate paths that failed the re-pricing check
2026-09-02 13:04:31,844 path set: 27978 paths over 18673/20000 OD pairs (93.6% of flow served), 139620 legs
2026-09-02 13:04:31,900 period pm_peak : 27978 paths, 20000 OD pairs
2026-09-02 13:04:31,911 path enumeration: 20000 OD pairs, 636 origin zones, 3 scenarios, cap 4 paths/OD
2026-09-02 13:05:18,032 rejected 83 malformed candidate paths that failed the re-pricing check
2026-09-02 13:05:18,131 path set: 24044 paths over 17386/20000 OD pairs (86.6% of flow served), 118227 legs
2026-09-02 13:05:18,185 period evening : 24044 paths, 20000 OD pairs
2026-09-02 13:05:18,197 path enumeration: 20000 OD pairs, 636 origin zones, 3 scenarios, cap 4 paths/OD
2026-09-02 13:06:01,946 rejected 130 malformed candidate paths that failed the re-pricing check
2026-09-02 13:06:02,034 path set: 22692 paths over 17005/20000 OD pairs (85.1% of flow served), 111927 legs
2026-09-02 13:06:02,080 period owl     : 22692 paths, 20000 OD pairs
2026-09-02 13:06:02,080 locking 28 route-periods across 14 routes in classes ('peak_express',)
2026-09-02 13:16:30,849 solve lambda=2.0: obj=2.95496e+06 vh=2514.6/2517.2 exchanges=0
2026-09-02 13:16:31,113 truncate-032#00b89519f00f                      seed 20260827 obj=2954956.572745 restarts=20 conv=True adm=True 906s
2026-09-02 13:16:31,117 stopping cleanly: 1180s needed for truncate-032#00b89519f00f/20260829, 693s left
2026-09-02 13:16:31,117 slice ran 1 cells
2026-09-02 13:16:34,026 3.1-stageB: 11 cells remaining, 6 in this shard
2026-09-02 13:16:34,129 cache hit  baseline-a5bf710e8b2c9129 (53.2 MB, 0.1s)
2026-09-02 13:16:34,172 cache hit  raptor-51c3309f35ffd25f (0.6 MB, 0.0s)
2026-09-02 13:16:34,172 cache hit  zones-77edf71b615ba370 (0.2 MB, 0.0s)
2026-09-02 13:16:34,173 cache hit  od-ba345b9cb167aecb (0.5 MB, 0.0s)
2026-09-02 13:16:34,187 route classes: {'all_day': 25, 'peak_express': 14}
2026-09-02 13:16:34,578 footpaths: 15553 links (9 from transfers.txt)
2026-09-02 13:16:34,588 raptor network: 2948 stops, 111 patterns, 15553 footpaths
2026-09-02 13:16:34,687 zones: 1397 (637 with transit access within 600 m), 3938 access links
2026-09-02 13:16:34,697 route classes: {'all_day': 25, 'peak_express': 14}
2026-09-02 13:16:34,763 evaluator pricing: common_lines=same_route (explicit)
2026-09-02 13:16:34,822 path enumeration: 20000 OD pairs, 636 origin zones, 3 scenarios, cap 4 paths/OD
2026-09-02 13:17:19,156 rejected 96 malformed candidate paths that failed the re-pricing check
2026-09-02 13:17:19,252 path set: 24700 paths over 17388/20000 OD pairs (86.7% of flow served), 121670 legs
2026-09-02 13:17:19,299 period early   : 24700 paths, 20000 OD pairs
2026-09-02 13:17:19,309 path enumeration: 20000 OD pairs, 636 origin zones, 3 scenarios, cap 4 paths/OD
2026-09-02 13:18:14,250 rejected 75 malformed candidate paths that failed the re-pricing check
2026-09-02 13:18:14,371 path set: 28752 paths over 19277/20000 OD pairs (96.2% of flow served), 141620 legs
2026-09-02 13:18:14,434 period am_peak : 28752 paths, 20000 OD pairs
2026-09-02 13:18:14,445 path enumeration: 20000 OD pairs, 636 origin zones, 3 scenarios, cap 4 paths/OD
2026-09-02 13:18:59,137 rejected 74 malformed candidate paths that failed the re-pricing check
2026-09-02 13:18:59,235 path set: 24084 paths over 17389/20000 OD pairs (86.7% of flow served), 118669 legs
2026-09-02 13:18:59,280 period midday  : 24084 paths, 20000 OD pairs
2026-09-02 13:18:59,292 path enumeration: 20000 OD pairs, 636 origin zones, 3 scenarios, cap 4 paths/OD
2026-09-02 13:19:49,826 rejected 123 malformed candidate paths that failed the re-pricing check
2026-09-02 13:19:49,942 path set: 27978 paths over 18673/20000 OD pairs (93.6% of flow served), 139620 legs
2026-09-02 13:19:50,001 period pm_peak : 27978 paths, 20000 OD pairs
2026-09-02 13:19:50,012 path enumeration: 20000 OD pairs, 636 origin zones, 3 scenarios, cap 4 paths/OD
2026-09-02 13:20:39,016 rejected 83 malformed candidate paths that failed the re-pricing check
2026-09-02 13:20:39,120 path set: 24044 paths over 17386/20000 OD pairs (86.6% of flow served), 118227 legs
2026-09-02 13:20:39,176 period evening : 24044 paths, 20000 OD pairs
2026-09-02 13:20:39,190 path enumeration: 20000 OD pairs, 636 origin zones, 3 scenarios, cap 4 paths/OD
2026-09-02 13:21:24,907 rejected 130 malformed candidate paths that failed the re-pricing check
2026-09-02 13:21:25,003 path set: 22692 paths over 17005/20000 OD pairs (85.1% of flow served), 111927 legs
2026-09-02 13:21:25,048 period owl     : 22692 paths, 20000 OD pairs
2026-09-02 13:21:25,048 locking 28 route-periods across 14 routes in classes ('peak_express',)
2026-09-02 13:31:43,043 solve lambda=2.0: obj=2.95496e+06 vh=2514.6/2517.2 exchanges=0
2026-09-02 13:31:43,221 truncate-032#00b89519f00f                      seed 20260829 obj=2954956.572745 restarts=20 conv=True adm=True 909s
2026-09-02 13:31:43,224 stopping cleanly: 1180s needed for truncate-035#7cdb09a45253/20260826, 691s left
2026-09-02 13:31:43,225 slice ran 1 cells
2026-09-02 13:31:46,105 3.1-stageB: 9 cells remaining, 5 in this shard
2026-09-02 13:31:46,207 cache hit  baseline-a5bf710e8b2c9129 (53.2 MB, 0.1s)
2026-09-02 13:31:46,244 cache hit  raptor-51c3309f35ffd25f (0.6 MB, 0.0s)
2026-09-02 13:31:46,245 cache hit  zones-77edf71b615ba370 (0.2 MB, 0.0s)
2026-09-02 13:31:46,246 cache hit  od-ba345b9cb167aecb (0.5 MB, 0.0s)
2026-09-02 13:31:46,257 route classes: {'all_day': 25, 'peak_express': 14}
2026-09-02 13:31:46,637 footpaths: 15573 links (9 from transfers.txt)
2026-09-02 13:31:46,647 raptor network: 2949 stops, 111 patterns, 15573 footpaths
2026-09-02 13:31:46,751 zones: 1397 (637 with transit access within 600 m), 3938 access links
2026-09-02 13:31:46,761 route classes: {'all_day': 25, 'peak_express': 14}
2026-09-02 13:31:46,849 evaluator pricing: common_lines=same_route (explicit)
2026-09-02 13:31:46,902 path enumeration: 20000 OD pairs, 636 origin zones, 3 scenarios, cap 4 paths/OD
2026-09-02 13:32:31,704 rejected 94 malformed candidate paths that failed the re-pricing check
2026-09-02 13:32:31,808 path set: 24663 paths over 17388/20000 OD pairs (86.7% of flow served), 121365 legs
2026-09-02 13:32:31,861 period early   : 24663 paths, 20000 OD pairs
2026-09-02 13:32:31,872 path enumeration: 20000 OD pairs, 636 origin zones, 3 scenarios, cap 4 paths/OD
2026-09-02 13:33:24,706 rejected 73 malformed candidate paths that failed the re-pricing check
2026-09-02 13:33:24,826 path set: 28734 paths over 19278/20000 OD pairs (96.2% of flow served), 141443 legs
2026-09-02 13:33:24,892 period am_peak : 28734 paths, 20000 OD pairs
2026-09-02 13:33:24,908 path enumeration: 20000 OD pairs, 636 origin zones, 3 scenarios, cap 4 paths/OD
2026-09-02 13:34:09,862 rejected 72 malformed candidate paths that failed the re-pricing check
2026-09-02 13:34:09,967 path set: 24097 paths over 17389/20000 OD pairs (86.7% of flow served), 118689 legs
2026-09-02 13:34:10,021 period midday  : 24097 paths, 20000 OD pairs
2026-09-02 13:34:10,033 path enumeration: 20000 OD pairs, 636 origin zones, 3 scenarios, cap 4 paths/OD
2026-09-02 13:34:58,013 rejected 121 malformed candidate paths that failed the re-pricing check
2026-09-02 13:34:58,123 path set: 27986 paths over 18673/20000 OD pairs (93.6% of flow served), 139691 legs
2026-09-02 13:34:58,175 period pm_peak : 27986 paths, 20000 OD pairs
2026-09-02 13:34:58,185 path enumeration: 20000 OD pairs, 636 origin zones, 3 scenarios, cap 4 paths/OD
2026-09-02 13:35:45,084 rejected 82 malformed candidate paths that failed the re-pricing check
2026-09-02 13:35:45,179 path set: 24066 paths over 17386/20000 OD pairs (86.6% of flow served), 118309 legs
2026-09-02 13:35:45,226 period evening : 24066 paths, 20000 OD pairs
2026-09-02 13:35:45,236 path enumeration: 20000 OD pairs, 636 origin zones, 3 scenarios, cap 4 paths/OD
2026-09-02 13:36:30,693 rejected 129 malformed candidate paths that failed the re-pricing check
2026-09-02 13:36:30,782 path set: 22669 paths over 17006/20000 OD pairs (85.1% of flow served), 111737 legs
2026-09-02 13:36:30,827 period owl     : 22669 paths, 20000 OD pairs
2026-09-02 13:36:30,827 locking 28 route-periods across 14 routes in classes ('peak_express',)
2026-09-02 13:46:52,262 solve lambda=2.0: obj=2.952e+06 vh=2514.8/2517.2 exchanges=0
2026-09-02 13:46:52,388 truncate-035#7cdb09a45253                      seed 20260826 obj=2951999.198814 restarts=20 conv=True adm=True 906s
2026-09-02 13:46:52,391 stopping cleanly: 1180s needed for truncate-035#7cdb09a45253/20260828, 694s left
2026-09-02 13:46:52,391 slice ran 1 cells
2026-09-02 13:46:55,163 3.1-stageB: 7 cells remaining, 4 in this shard
2026-09-02 13:46:55,260 cache hit  baseline-a5bf710e8b2c9129 (53.2 MB, 0.1s)
2026-09-02 13:46:55,296 cache hit  raptor-51c3309f35ffd25f (0.6 MB, 0.0s)
2026-09-02 13:46:55,297 cache hit  zones-77edf71b615ba370 (0.2 MB, 0.0s)
2026-09-02 13:46:55,298 cache hit  od-ba345b9cb167aecb (0.5 MB, 0.0s)
2026-09-02 13:46:55,308 route classes: {'all_day': 25, 'peak_express': 14}
2026-09-02 13:46:55,663 footpaths: 15573 links (9 from transfers.txt)
2026-09-02 13:46:55,671 raptor network: 2949 stops, 111 patterns, 15573 footpaths
2026-09-02 13:46:55,762 zones: 1397 (637 with transit access within 600 m), 3938 access links
2026-09-02 13:46:55,770 route classes: {'all_day': 25, 'peak_express': 14}
2026-09-02 13:46:55,827 evaluator pricing: common_lines=same_route (explicit)
2026-09-02 13:46:55,885 path enumeration: 20000 OD pairs, 636 origin zones, 3 scenarios, cap 4 paths/OD
2026-09-02 13:47:40,111 rejected 94 malformed candidate paths that failed the re-pricing check
2026-09-02 13:47:40,211 path set: 24663 paths over 17388/20000 OD pairs (86.7% of flow served), 121365 legs
2026-09-02 13:47:40,267 period early   : 24663 paths, 20000 OD pairs
2026-09-02 13:47:40,279 path enumeration: 20000 OD pairs, 636 origin zones, 3 scenarios, cap 4 paths/OD
2026-09-02 13:48:32,390 rejected 73 malformed candidate paths that failed the re-pricing check
2026-09-02 13:48:32,509 path set: 28734 paths over 19278/20000 OD pairs (96.2% of flow served), 141443 legs
2026-09-02 13:48:32,570 period am_peak : 28734 paths, 20000 OD pairs
2026-09-02 13:48:32,581 path enumeration: 20000 OD pairs, 636 origin zones, 3 scenarios, cap 4 paths/OD
2026-09-02 13:49:18,374 rejected 72 malformed candidate paths that failed the re-pricing check
2026-09-02 13:49:18,467 path set: 24097 paths over 17389/20000 OD pairs (86.7% of flow served), 118689 legs
2026-09-02 13:49:18,513 period midday  : 24097 paths, 20000 OD pairs
2026-09-02 13:49:18,524 path enumeration: 20000 OD pairs, 636 origin zones, 3 scenarios, cap 4 paths/OD
2026-09-02 13:50:06,310 rejected 121 malformed candidate paths that failed the re-pricing check
2026-09-02 13:50:06,425 path set: 27986 paths over 18673/20000 OD pairs (93.6% of flow served), 139691 legs
2026-09-02 13:50:06,479 period pm_peak : 27986 paths, 20000 OD pairs
2026-09-02 13:50:06,489 path enumeration: 20000 OD pairs, 636 origin zones, 3 scenarios, cap 4 paths/OD
2026-09-02 13:50:54,558 rejected 82 malformed candidate paths that failed the re-pricing check
2026-09-02 13:50:54,656 path set: 24066 paths over 17386/20000 OD pairs (86.6% of flow served), 118309 legs
2026-09-02 13:50:54,705 period evening : 24066 paths, 20000 OD pairs
2026-09-02 13:50:54,716 path enumeration: 20000 OD pairs, 636 origin zones, 3 scenarios, cap 4 paths/OD
2026-09-02 13:51:38,797 rejected 129 malformed candidate paths that failed the re-pricing check
2026-09-02 13:51:38,902 path set: 22669 paths over 17006/20000 OD pairs (85.1% of flow served), 111737 legs
2026-09-02 13:51:38,945 period owl     : 22669 paths, 20000 OD pairs
2026-09-02 13:51:38,945 locking 28 route-periods across 14 routes in classes ('peak_express',)
2026-09-02 14:01:49,159 solve lambda=2.0: obj=2.952e+06 vh=2514.8/2517.2 exchanges=0
2026-09-02 14:01:49,649 truncate-035#7cdb09a45253                      seed 20260828 obj=2951999.198814 restarts=20 conv=True adm=True 894s
2026-09-02 14:01:51,158 stopping cleanly: 760s needed for truncate-101#3d4f770cd393/20260825, 704s left
2026-09-02 14:01:51,158 slice ran 1 cells
2026-09-02 14:01:54,184 3.1-stageB: 5 cells remaining, 3 in this shard
2026-09-02 14:01:54,291 cache hit  baseline-a5bf710e8b2c9129 (53.2 MB, 0.1s)
2026-09-02 14:01:54,332 cache hit  raptor-51c3309f35ffd25f (0.6 MB, 0.0s)
2026-09-02 14:01:54,333 cache hit  zones-77edf71b615ba370 (0.2 MB, 0.0s)
2026-09-02 14:01:54,334 cache hit  od-ba345b9cb167aecb (0.5 MB, 0.0s)
2026-09-02 14:01:54,346 route classes: {'all_day': 25, 'peak_express': 14}
2026-09-02 14:01:54,890 footpaths: 15534 links (9 from transfers.txt)
2026-09-02 14:01:54,902 raptor network: 2944 stops, 111 patterns, 15534 footpaths
2026-09-02 14:01:55,026 zones: 1397 (637 with transit access within 600 m), 3938 access links
2026-09-02 14:01:55,036 route classes: {'all_day': 25, 'peak_express': 14}
2026-09-02 14:01:55,089 evaluator pricing: common_lines=same_route (explicit)
2026-09-02 14:01:55,096 period early   : 24795 paths, 20000 OD pairs
2026-09-02 14:01:55,103 period am_peak : 28683 paths, 20000 OD pairs
2026-09-02 14:01:55,108 period midday  : 24100 paths, 20000 OD pairs
2026-09-02 14:01:55,114 period pm_peak : 27939 paths, 20000 OD pairs
2026-09-02 14:01:55,119 period evening : 24087 paths, 20000 OD pairs
2026-09-02 14:01:55,124 period owl     : 22750 paths, 20000 OD pairs
2026-09-02 14:01:55,124 locking 28 route-periods across 14 routes in classes ('peak_express',)
2026-09-02 14:12:06,216 solve lambda=2.0: obj=2.95312e+06 vh=2514.7/2517.2 exchanges=32
2026-09-02 14:12:06,244 truncate-101#3d4f770cd393                      seed 20260825 obj=2953116.609046 restarts=20 conv=True adm=True 612s
2026-09-02 14:12:06,247 stopping cleanly: 1180s needed for truncate-101#3d4f770cd393/20260827, 988s left
2026-09-02 14:12:06,247 slice ran 1 cells
2026-09-02 14:12:09,142 3.1-stageB: 3 cells remaining, 2 in this shard
2026-09-02 14:12:09,245 cache hit  baseline-a5bf710e8b2c9129 (53.2 MB, 0.1s)
2026-09-02 14:12:09,283 cache hit  raptor-51c3309f35ffd25f (0.6 MB, 0.0s)
2026-09-02 14:12:09,284 cache hit  zones-77edf71b615ba370 (0.2 MB, 0.0s)
2026-09-02 14:12:09,285 cache hit  od-ba345b9cb167aecb (0.5 MB, 0.0s)
2026-09-02 14:12:09,298 route classes: {'all_day': 25, 'peak_express': 14}
2026-09-02 14:12:09,705 footpaths: 15534 links (9 from transfers.txt)
2026-09-02 14:12:09,715 raptor network: 2944 stops, 111 patterns, 15534 footpaths
2026-09-02 14:12:09,824 zones: 1397 (637 with transit access within 600 m), 3938 access links
2026-09-02 14:12:09,834 route classes: {'all_day': 25, 'peak_express': 14}
2026-09-02 14:12:09,925 evaluator pricing: common_lines=same_route (explicit)
2026-09-02 14:12:09,981 path enumeration: 20000 OD pairs, 636 origin zones, 3 scenarios, cap 4 paths/OD
2026-09-02 14:12:52,537 rejected 89 malformed candidate paths that failed the re-pricing check
2026-09-02 14:12:52,638 path set: 24795 paths over 17388/20000 OD pairs (86.7% of flow served), 122712 legs
2026-09-02 14:12:52,681 period early   : 24795 paths, 20000 OD pairs
2026-09-02 14:12:52,692 path enumeration: 20000 OD pairs, 636 origin zones, 3 scenarios, cap 4 paths/OD
2026-09-02 14:13:41,375 rejected 86 malformed candidate paths that failed the re-pricing check
2026-09-02 14:13:41,490 path set: 28683 paths over 19278/20000 OD pairs (96.2% of flow served), 141744 legs
2026-09-02 14:13:41,544 period am_peak : 28683 paths, 20000 OD pairs
2026-09-02 14:13:41,555 path enumeration: 20000 OD pairs, 636 origin zones, 3 scenarios, cap 4 paths/OD
2026-09-02 14:14:24,379 rejected 70 malformed candidate paths that failed the re-pricing check
2026-09-02 14:14:24,484 path set: 24100 paths over 17389/20000 OD pairs (86.7% of flow served), 119386 legs
2026-09-02 14:14:24,536 period midday  : 24100 paths, 20000 OD pairs
2026-09-02 14:14:24,548 path enumeration: 20000 OD pairs, 636 origin zones, 3 scenarios, cap 4 paths/OD
2026-09-02 14:15:14,632 rejected 84 malformed candidate paths that failed the re-pricing check
2026-09-02 14:15:14,740 path set: 27939 paths over 18672/20000 OD pairs (93.6% of flow served), 139933 legs
2026-09-02 14:15:14,798 period pm_peak : 27939 paths, 20000 OD pairs
2026-09-02 14:15:14,808 path enumeration: 20000 OD pairs, 636 origin zones, 3 scenarios, cap 4 paths/OD
2026-09-02 14:16:01,758 rejected 80 malformed candidate paths that failed the re-pricing check
2026-09-02 14:16:01,958 path set: 24087 paths over 17386/20000 OD pairs (86.6% of flow served), 119113 legs
2026-09-02 14:16:02,006 period evening : 24087 paths, 20000 OD pairs
2026-09-02 14:16:02,017 path enumeration: 20000 OD pairs, 636 origin zones, 3 scenarios, cap 4 paths/OD
2026-09-02 14:16:45,181 rejected 126 malformed candidate paths that failed the re-pricing check
2026-09-02 14:16:45,307 path set: 22750 paths over 17005/20000 OD pairs (85.1% of flow served), 112805 legs
2026-09-02 14:16:45,357 period owl     : 22750 paths, 20000 OD pairs
2026-09-02 14:16:45,358 locking 28 route-periods across 14 routes in classes ('peak_express',)
2026-09-02 14:26:25,932 solve lambda=2.0: obj=2.9532e+06 vh=2513.7/2517.2 exchanges=0
2026-09-02 14:26:26,246 truncate-101#3d4f770cd393                      seed 20260827 obj=2953199.792952 restarts=20 conv=True adm=True 857s
2026-09-02 14:26:26,250 stopping cleanly: 1180s needed for truncate-101#3d4f770cd393/20260829, 743s left
2026-09-02 14:26:26,250 slice ran 1 cells
2026-09-02 14:26:28,759 3.1-stageB: 1 cells remaining, 1 in this shard
2026-09-02 14:26:28,855 cache hit  baseline-a5bf710e8b2c9129 (53.2 MB, 0.1s)
2026-09-02 14:26:28,890 cache hit  raptor-51c3309f35ffd25f (0.6 MB, 0.0s)
2026-09-02 14:26:28,891 cache hit  zones-77edf71b615ba370 (0.2 MB, 0.0s)
2026-09-02 14:26:28,892 cache hit  od-ba345b9cb167aecb (0.5 MB, 0.0s)
2026-09-02 14:26:28,904 route classes: {'all_day': 25, 'peak_express': 14}
2026-09-02 14:26:29,315 footpaths: 15534 links (9 from transfers.txt)
2026-09-02 14:26:29,324 raptor network: 2944 stops, 111 patterns, 15534 footpaths
2026-09-02 14:26:29,426 zones: 1397 (637 with transit access within 600 m), 3938 access links
2026-09-02 14:26:29,435 route classes: {'all_day': 25, 'peak_express': 14}
2026-09-02 14:26:29,478 evaluator pricing: common_lines=same_route (explicit)
2026-09-02 14:26:29,528 path enumeration: 20000 OD pairs, 636 origin zones, 3 scenarios, cap 4 paths/OD
2026-09-02 14:27:12,781 rejected 89 malformed candidate paths that failed the re-pricing check
2026-09-02 14:27:12,881 path set: 24795 paths over 17388/20000 OD pairs (86.7% of flow served), 122712 legs
2026-09-02 14:27:12,937 period early   : 24795 paths, 20000 OD pairs
2026-09-02 14:27:12,948 path enumeration: 20000 OD pairs, 636 origin zones, 3 scenarios, cap 4 paths/OD
2026-09-02 14:28:02,424 rejected 86 malformed candidate paths that failed the re-pricing check
2026-09-02 14:28:02,535 path set: 28683 paths over 19278/20000 OD pairs (96.2% of flow served), 141744 legs
2026-09-02 14:28:02,589 period am_peak : 28683 paths, 20000 OD pairs
2026-09-02 14:28:02,599 path enumeration: 20000 OD pairs, 636 origin zones, 3 scenarios, cap 4 paths/OD
2026-09-02 14:28:46,338 rejected 70 malformed candidate paths that failed the re-pricing check
2026-09-02 14:28:46,440 path set: 24100 paths over 17389/20000 OD pairs (86.7% of flow served), 119386 legs
2026-09-02 14:28:46,489 period midday  : 24100 paths, 20000 OD pairs
2026-09-02 14:28:46,500 path enumeration: 20000 OD pairs, 636 origin zones, 3 scenarios, cap 4 paths/OD
2026-09-02 14:29:34,319 rejected 84 malformed candidate paths that failed the re-pricing check
2026-09-02 14:29:34,439 path set: 27939 paths over 18672/20000 OD pairs (93.6% of flow served), 139933 legs
2026-09-02 14:29:34,494 period pm_peak : 27939 paths, 20000 OD pairs
2026-09-02 14:29:34,505 path enumeration: 20000 OD pairs, 636 origin zones, 3 scenarios, cap 4 paths/OD
2026-09-02 14:30:20,410 rejected 80 malformed candidate paths that failed the re-pricing check
2026-09-02 14:30:20,512 path set: 24087 paths over 17386/20000 OD pairs (86.6% of flow served), 119113 legs
2026-09-02 14:30:20,558 period evening : 24087 paths, 20000 OD pairs
2026-09-02 14:30:20,569 path enumeration: 20000 OD pairs, 636 origin zones, 3 scenarios, cap 4 paths/OD
2026-09-02 14:31:02,030 rejected 126 malformed candidate paths that failed the re-pricing check
2026-09-02 14:31:02,117 path set: 22750 paths over 17005/20000 OD pairs (85.1% of flow served), 112805 legs
2026-09-02 14:31:02,159 period owl     : 22750 paths, 20000 OD pairs
2026-09-02 14:31:02,159 locking 28 route-periods across 14 routes in classes ('peak_express',)
2026-09-02 14:41:20,246 solve lambda=2.0: obj=2.9532e+06 vh=2513.7/2517.2 exchanges=0
2026-09-02 14:41:20,587 truncate-101#3d4f770cd393                      seed 20260829 obj=2953199.792952 restarts=20 conv=True adm=True 892s
2026-09-02 14:41:20,587 slice ran 1 cells
