2026-09-01 04:52:06,366 3.1-stageB: 200 cells remaining, 100 in this shard
2026-09-01 04:52:07,906 cache hit  baseline-a5bf710e8b2c9129 (53.2 MB, 1.5s)
2026-09-01 04:52:08,030 cache hit  raptor-51c3309f35ffd25f (0.6 MB, 0.1s)
2026-09-01 04:52:08,098 cache hit  zones-77edf71b615ba370 (0.2 MB, 0.0s)
2026-09-01 04:52:08,099 cache hit  od-ba345b9cb167aecb (0.5 MB, 0.0s)
2026-09-01 04:52:08,119 route classes: {'all_day': 25, 'peak_express': 14}
2026-09-01 04:52:09,645 footpaths: 15573 links (9 from transfers.txt)
2026-09-01 04:52:09,653 raptor network: 2949 stops, 111 patterns, 15573 footpaths
2026-09-01 04:52:09,763 zones: 1397 (637 with transit access within 600 m), 3938 access links
2026-09-01 04:52:09,772 route classes: {'all_day': 25, 'peak_express': 14}
2026-09-01 04:52:09,817 evaluator pricing: common_lines=same_route (explicit)
2026-09-01 04:52:09,824 period early   : 24668 paths, 20000 OD pairs
2026-09-01 04:52:09,830 period am_peak : 28763 paths, 20000 OD pairs
2026-09-01 04:52:09,835 period midday  : 24097 paths, 20000 OD pairs
2026-09-01 04:52:09,840 period pm_peak : 27986 paths, 20000 OD pairs
2026-09-01 04:52:09,845 period evening : 24058 paths, 20000 OD pairs
2026-09-01 04:52:09,850 period owl     : 22669 paths, 20000 OD pairs
2026-09-01 04:52:09,850 locking 28 route-periods across 14 routes in classes ('peak_express',)
2026-09-01 05:01:49,294 solve lambda=2.0: obj=2.95612e+06 vh=2515.1/2517.2 exchanges=0
2026-09-01 05:01:49,312 <none>                                         seed 20260825 obj=2956120.583955 restarts=20 conv=True adm=True 580s
2026-09-01 05:01:50,654 footpaths: 15573 links (9 from transfers.txt)
2026-09-01 05:01:50,663 raptor network: 2949 stops, 111 patterns, 15573 footpaths
2026-09-01 05:01:50,780 zones: 1397 (637 with transit access within 600 m), 3938 access links
2026-09-01 05:01:50,788 route classes: {'all_day': 25, 'peak_express': 14}
2026-09-01 05:01:50,840 evaluator pricing: common_lines=same_route (explicit)
2026-09-01 05:01:50,845 period early   : 24668 paths, 20000 OD pairs
2026-09-01 05:01:50,851 period am_peak : 28763 paths, 20000 OD pairs
2026-09-01 05:01:50,856 period midday  : 24097 paths, 20000 OD pairs
2026-09-01 05:01:50,862 period pm_peak : 27986 paths, 20000 OD pairs
2026-09-01 05:01:50,866 period evening : 24058 paths, 20000 OD pairs
2026-09-01 05:01:50,871 period owl     : 22669 paths, 20000 OD pairs
2026-09-01 05:01:50,871 locking 28 route-periods across 14 routes in classes ('peak_express',)
2026-09-01 05:03:27,292 3.1-stageB: 199 cells remaining, 99 in this shard
2026-09-01 05:03:27,892 cache hit  baseline-a5bf710e8b2c9129 (53.2 MB, 0.6s)
2026-09-01 05:03:27,934 cache hit  raptor-51c3309f35ffd25f (0.6 MB, 0.0s)
2026-09-01 05:03:27,935 cache hit  zones-77edf71b615ba370 (0.2 MB, 0.0s)
2026-09-01 05:03:27,936 cache hit  od-ba345b9cb167aecb (0.5 MB, 0.0s)
2026-09-01 05:03:27,957 route classes: {'all_day': 25, 'peak_express': 14}
2026-09-01 05:03:28,653 footpaths: 15573 links (9 from transfers.txt)
2026-09-01 05:03:28,661 raptor network: 2949 stops, 111 patterns, 15573 footpaths
2026-09-01 05:03:28,769 zones: 1397 (637 with transit access within 600 m), 3938 access links
2026-09-01 05:03:28,776 route classes: {'all_day': 25, 'peak_express': 14}
2026-09-01 05:03:28,819 evaluator pricing: common_lines=same_route (explicit)
2026-09-01 05:03:28,826 period early   : 24668 paths, 20000 OD pairs
2026-09-01 05:03:28,832 period am_peak : 28763 paths, 20000 OD pairs
2026-09-01 05:03:28,837 period midday  : 24097 paths, 20000 OD pairs
2026-09-01 05:03:28,842 period pm_peak : 27986 paths, 20000 OD pairs
2026-09-01 05:03:28,847 period evening : 24058 paths, 20000 OD pairs
2026-09-01 05:03:28,851 period owl     : 22669 paths, 20000 OD pairs
2026-09-01 05:03:28,851 locking 28 route-periods across 14 routes in classes ('peak_express',)
2026-09-01 05:16:37,301 solve lambda=2.0: obj=2.95601e+06 vh=2515.9/2517.2 exchanges=36
2026-09-01 05:16:37,319 <none>                                         seed 20260827 obj=2956008.528225 restarts=20 conv=True adm=True 887s
2026-09-01 05:16:37,320 stopping cleanly: 1180s needed for <none>/20260829, 129s left
2026-09-01 05:16:37,320 slice ran 2 cells
2026-09-01 05:17:26,504 solve lambda=2.0: obj=2.95601e+06 vh=2515.9/2517.2 exchanges=36
2026-09-01 05:17:26,518 <none>                                         seed 20260827 obj=2956008.528225 restarts=20 conv=True adm=True 838s
2026-09-01 05:17:26,520 stopping cleanly: 1180s needed for <none>/20260829, 761s left
2026-09-01 05:17:26,520 slice ran 1 cells
2026-09-01 05:17:28,846 3.1-stageB: 197 cells remaining, 98 in this shard
2026-09-01 05:17:29,268 cache hit  baseline-a5bf710e8b2c9129 (53.2 MB, 0.4s)
2026-09-01 05:17:29,309 cache hit  raptor-51c3309f35ffd25f (0.6 MB, 0.0s)
2026-09-01 05:17:29,310 cache hit  zones-77edf71b615ba370 (0.2 MB, 0.0s)
2026-09-01 05:17:29,310 cache hit  od-ba345b9cb167aecb (0.5 MB, 0.0s)
2026-09-01 05:17:29,329 route classes: {'all_day': 25, 'peak_express': 14}
2026-09-01 05:17:29,709 footpaths: 15573 links (9 from transfers.txt)
2026-09-01 05:17:29,716 raptor network: 2949 stops, 111 patterns, 15573 footpaths
2026-09-01 05:17:29,824 zones: 1397 (637 with transit access within 600 m), 3938 access links
2026-09-01 05:17:29,831 route classes: {'all_day': 25, 'peak_express': 14}
2026-09-01 05:17:29,874 evaluator pricing: common_lines=same_route (explicit)
2026-09-01 05:17:29,914 path enumeration: 20000 OD pairs, 636 origin zones, 3 scenarios, cap 4 paths/OD
2026-09-01 05:18:18,760 rejected 94 malformed candidate paths that failed the re-pricing check
2026-09-01 05:18:18,951 path set: 24668 paths over 17388/20000 OD pairs (86.7% of flow served), 121381 legs
2026-09-01 05:18:18,988 period early   : 24668 paths, 20000 OD pairs
2026-09-01 05:18:18,998 path enumeration: 20000 OD pairs, 636 origin zones, 3 scenarios, cap 4 paths/OD
2026-09-01 05:19:14,225 rejected 73 malformed candidate paths that failed the re-pricing check
2026-09-01 05:19:14,426 path set: 28763 paths over 19278/20000 OD pairs (96.2% of flow served), 141637 legs
2026-09-01 05:19:14,478 period am_peak : 28763 paths, 20000 OD pairs
2026-09-01 05:19:14,490 path enumeration: 20000 OD pairs, 636 origin zones, 3 scenarios, cap 4 paths/OD
2026-09-01 05:20:03,102 rejected 72 malformed candidate paths that failed the re-pricing check
2026-09-01 05:20:03,192 path set: 24097 paths over 17389/20000 OD pairs (86.7% of flow served), 118697 legs
2026-09-01 05:20:03,230 period midday  : 24097 paths, 20000 OD pairs
2026-09-01 05:20:03,241 path enumeration: 20000 OD pairs, 636 origin zones, 3 scenarios, cap 4 paths/OD
2026-09-01 05:20:57,619 rejected 121 malformed candidate paths that failed the re-pricing check
2026-09-01 05:20:57,805 path set: 27986 paths over 18673/20000 OD pairs (93.6% of flow served), 139640 legs
2026-09-01 05:20:57,853 period pm_peak : 27986 paths, 20000 OD pairs
2026-09-01 05:20:57,864 path enumeration: 20000 OD pairs, 636 origin zones, 3 scenarios, cap 4 paths/OD
2026-09-01 05:21:50,028 rejected 82 malformed candidate paths that failed the re-pricing check
2026-09-01 05:21:50,146 path set: 24058 paths over 17386/20000 OD pairs (86.6% of flow served), 118267 legs
2026-09-01 05:21:50,188 period evening : 24058 paths, 20000 OD pairs
2026-09-01 05:21:50,198 path enumeration: 20000 OD pairs, 636 origin zones, 3 scenarios, cap 4 paths/OD
2026-09-01 05:22:37,261 rejected 129 malformed candidate paths that failed the re-pricing check
2026-09-01 05:22:37,382 path set: 22669 paths over 17006/20000 OD pairs (85.1% of flow served), 111737 legs
2026-09-01 05:22:37,419 period owl     : 22669 paths, 20000 OD pairs
2026-09-01 05:22:37,419 locking 28 route-periods across 14 routes in classes ('peak_express',)
2026-09-01 05:32:40,283 solve lambda=2.0: obj=2.95596e+06 vh=2516.4/2517.2 exchanges=38
2026-09-01 05:32:40,757 <none>                                         seed 20260829 obj=2955959.878116 restarts=20 conv=True adm=True 911s
2026-09-01 05:32:40,759 stopping cleanly: 1180s needed for add_stop-004#27407b151153/20260826, 688s left
2026-09-01 05:32:40,759 slice ran 1 cells
2026-09-01 05:32:43,118 3.1-stageB: 195 cells remaining, 97 in this shard
2026-09-01 05:32:43,261 cache hit  baseline-a5bf710e8b2c9129 (53.2 MB, 0.1s)
2026-09-01 05:32:43,295 cache hit  raptor-51c3309f35ffd25f (0.6 MB, 0.0s)
2026-09-01 05:32:43,296 cache hit  zones-77edf71b615ba370 (0.2 MB, 0.0s)
2026-09-01 05:32:43,297 cache hit  od-ba345b9cb167aecb (0.5 MB, 0.0s)
2026-09-01 05:32:43,315 route classes: {'all_day': 25, 'peak_express': 14}
2026-09-01 05:32:43,706 footpaths: 15573 links (9 from transfers.txt)
2026-09-01 05:32:43,714 raptor network: 2949 stops, 111 patterns, 15573 footpaths
2026-09-01 05:32:43,818 zones: 1397 (637 with transit access within 600 m), 3938 access links
2026-09-01 05:32:43,826 route classes: {'all_day': 25, 'peak_express': 14}
2026-09-01 05:32:43,886 evaluator pricing: common_lines=same_route (explicit)
2026-09-01 05:32:43,928 path enumeration: 20000 OD pairs, 636 origin zones, 3 scenarios, cap 4 paths/OD
2026-09-01 05:33:31,833 rejected 94 malformed candidate paths that failed the re-pricing check
2026-09-01 05:33:31,971 path set: 24674 paths over 17388/20000 OD pairs (86.7% of flow served), 121380 legs
2026-09-01 05:33:32,009 period early   : 24674 paths, 20000 OD pairs
2026-09-01 05:33:32,024 path enumeration: 20000 OD pairs, 636 origin zones, 3 scenarios, cap 4 paths/OD
2026-09-01 05:34:26,150 rejected 73 malformed candidate paths that failed the re-pricing check
2026-09-01 05:34:26,343 path set: 28749 paths over 19278/20000 OD pairs (96.2% of flow served), 141548 legs
2026-09-01 05:34:26,391 period am_peak : 28749 paths, 20000 OD pairs
2026-09-01 05:34:26,401 path enumeration: 20000 OD pairs, 636 origin zones, 3 scenarios, cap 4 paths/OD
2026-09-01 05:35:15,656 rejected 72 malformed candidate paths that failed the re-pricing check
2026-09-01 05:35:15,773 path set: 24078 paths over 17389/20000 OD pairs (86.7% of flow served), 118568 legs
2026-09-01 05:35:15,812 period midday  : 24078 paths, 20000 OD pairs
2026-09-01 05:35:15,822 path enumeration: 20000 OD pairs, 636 origin zones, 3 scenarios, cap 4 paths/OD
2026-09-01 05:36:08,344 rejected 121 malformed candidate paths that failed the re-pricing check
2026-09-01 05:36:08,500 path set: 27955 paths over 18673/20000 OD pairs (93.6% of flow served), 139435 legs
2026-09-01 05:36:08,547 period pm_peak : 27955 paths, 20000 OD pairs
2026-09-01 05:36:08,557 path enumeration: 20000 OD pairs, 636 origin zones, 3 scenarios, cap 4 paths/OD
2026-09-01 05:36:59,842 rejected 82 malformed candidate paths that failed the re-pricing check
2026-09-01 05:36:59,981 path set: 24047 paths over 17386/20000 OD pairs (86.6% of flow served), 118156 legs
2026-09-01 05:37:00,021 period evening : 24047 paths, 20000 OD pairs
2026-09-01 05:37:00,032 path enumeration: 20000 OD pairs, 636 origin zones, 3 scenarios, cap 4 paths/OD
2026-09-01 05:37:47,569 rejected 129 malformed candidate paths that failed the re-pricing check
2026-09-01 05:37:47,668 path set: 22648 paths over 17006/20000 OD pairs (85.1% of flow served), 111587 legs
2026-09-01 05:37:47,712 period owl     : 22648 paths, 20000 OD pairs
2026-09-01 05:37:47,712 locking 28 route-periods across 14 routes in classes ('peak_express',)
2026-09-01 05:37:47,743      incumbent rescaled x1.0000
2026-09-01 05:47:16,989 solve lambda=2.0: obj=2.95561e+06 vh=2515.2/2517.2 exchanges=0
2026-09-01 05:47:17,487 add_stop-004#27407b151153                      seed 20260826 obj=2955607.448265 restarts=20 conv=True adm=True 874s
2026-09-01 05:47:17,489 stopping cleanly: 1180s needed for add_stop-004#27407b151153/20260828, 726s left
2026-09-01 05:47:17,489 slice ran 1 cells
2026-09-01 05:47:20,146 3.1-stageB: 193 cells remaining, 96 in this shard
2026-09-01 05:47:20,251 cache hit  baseline-a5bf710e8b2c9129 (53.2 MB, 0.1s)
2026-09-01 05:47:20,292 cache hit  raptor-51c3309f35ffd25f (0.6 MB, 0.0s)
2026-09-01 05:47:20,293 cache hit  zones-77edf71b615ba370 (0.2 MB, 0.0s)
2026-09-01 05:47:20,293 cache hit  od-ba345b9cb167aecb (0.5 MB, 0.0s)
2026-09-01 05:47:20,311 route classes: {'all_day': 25, 'peak_express': 14}
2026-09-01 05:47:20,716 footpaths: 15573 links (9 from transfers.txt)
2026-09-01 05:47:20,725 raptor network: 2949 stops, 111 patterns, 15573 footpaths
2026-09-01 05:47:20,833 zones: 1397 (637 with transit access within 600 m), 3938 access links
2026-09-01 05:47:20,841 route classes: {'all_day': 25, 'peak_express': 14}
2026-09-01 05:47:20,899 evaluator pricing: common_lines=same_route (explicit)
2026-09-01 05:47:20,940 path enumeration: 20000 OD pairs, 636 origin zones, 3 scenarios, cap 4 paths/OD
2026-09-01 05:48:09,467 rejected 94 malformed candidate paths that failed the re-pricing check
2026-09-01 05:48:09,551 path set: 24674 paths over 17388/20000 OD pairs (86.7% of flow served), 121380 legs
2026-09-01 05:48:09,591 period early   : 24674 paths, 20000 OD pairs
2026-09-01 05:48:09,601 path enumeration: 20000 OD pairs, 636 origin zones, 3 scenarios, cap 4 paths/OD
2026-09-01 05:49:04,926 rejected 73 malformed candidate paths that failed the re-pricing check
2026-09-01 05:49:05,091 path set: 28749 paths over 19278/20000 OD pairs (96.2% of flow served), 141548 legs
2026-09-01 05:49:05,137 period am_peak : 28749 paths, 20000 OD pairs
2026-09-01 05:49:05,147 path enumeration: 20000 OD pairs, 636 origin zones, 3 scenarios, cap 4 paths/OD
2026-09-01 05:49:53,492 rejected 72 malformed candidate paths that failed the re-pricing check
2026-09-01 05:49:53,619 path set: 24078 paths over 17389/20000 OD pairs (86.7% of flow served), 118568 legs
2026-09-01 05:49:53,665 period midday  : 24078 paths, 20000 OD pairs
2026-09-01 05:49:53,676 path enumeration: 20000 OD pairs, 636 origin zones, 3 scenarios, cap 4 paths/OD
2026-09-01 05:50:46,949 rejected 121 malformed candidate paths that failed the re-pricing check
2026-09-01 05:50:47,105 path set: 27955 paths over 18673/20000 OD pairs (93.6% of flow served), 139435 legs
2026-09-01 05:50:47,155 period pm_peak : 27955 paths, 20000 OD pairs
2026-09-01 05:50:47,165 path enumeration: 20000 OD pairs, 636 origin zones, 3 scenarios, cap 4 paths/OD
2026-09-01 05:51:39,382 rejected 82 malformed candidate paths that failed the re-pricing check
2026-09-01 05:51:39,514 path set: 24047 paths over 17386/20000 OD pairs (86.6% of flow served), 118156 legs
2026-09-01 05:51:39,555 period evening : 24047 paths, 20000 OD pairs
2026-09-01 05:51:39,566 path enumeration: 20000 OD pairs, 636 origin zones, 3 scenarios, cap 4 paths/OD
2026-09-01 05:52:27,230 rejected 129 malformed candidate paths that failed the re-pricing check
2026-09-01 05:52:27,343 path set: 22648 paths over 17006/20000 OD pairs (85.1% of flow served), 111587 legs
2026-09-01 05:52:27,381 period owl     : 22648 paths, 20000 OD pairs
2026-09-01 05:52:27,381 locking 28 route-periods across 14 routes in classes ('peak_express',)
2026-09-01 05:52:27,410      incumbent rescaled x1.0000
2026-09-01 06:02:20,267 solve lambda=2.0: obj=2.95554e+06 vh=2515.8/2517.2 exchanges=78
2026-09-01 06:02:20,740 add_stop-004#27407b151153                      seed 20260828 obj=2955537.464195 restarts=20 conv=True adm=True 900s
2026-09-01 06:02:21,768 stopping cleanly: 760s needed for add_stop-006#9aecfd5100eb/20260825, 698s left
2026-09-01 06:02:21,768 slice ran 1 cells
2026-09-01 06:02:24,150 3.1-stageB: 191 cells remaining, 95 in this shard
2026-09-01 06:02:24,241 cache hit  baseline-a5bf710e8b2c9129 (53.2 MB, 0.1s)
2026-09-01 06:02:24,279 cache hit  raptor-51c3309f35ffd25f (0.6 MB, 0.0s)
2026-09-01 06:02:24,279 cache hit  zones-77edf71b615ba370 (0.2 MB, 0.0s)
2026-09-01 06:02:24,280 cache hit  od-ba345b9cb167aecb (0.5 MB, 0.0s)
2026-09-01 06:02:24,291 route classes: {'all_day': 25, 'peak_express': 14}
2026-09-01 06:02:24,836 footpaths: 15573 links (9 from transfers.txt)
2026-09-01 06:02:24,845 raptor network: 2949 stops, 111 patterns, 15573 footpaths
2026-09-01 06:02:24,957 zones: 1397 (637 with transit access within 600 m), 3938 access links
2026-09-01 06:02:24,965 route classes: {'all_day': 25, 'peak_express': 14}
2026-09-01 06:02:25,027 evaluator pricing: common_lines=same_route (explicit)
2026-09-01 06:02:25,033 period early   : 24680 paths, 20000 OD pairs
2026-09-01 06:02:25,039 period am_peak : 28765 paths, 20000 OD pairs
2026-09-01 06:02:25,044 period midday  : 24098 paths, 20000 OD pairs
2026-09-01 06:02:25,050 period pm_peak : 27984 paths, 20000 OD pairs
2026-09-01 06:02:25,055 period evening : 24058 paths, 20000 OD pairs
2026-09-01 06:02:25,059 period owl     : 22669 paths, 20000 OD pairs
2026-09-01 06:02:25,059 locking 28 route-periods across 14 routes in classes ('peak_express',)
2026-09-01 06:12:22,517 solve lambda=2.0: obj=2.95542e+06 vh=2516.6/2517.2 exchanges=37
2026-09-01 06:12:22,537 add_stop-006#9aecfd5100eb                      seed 20260825 obj=2955416.171940 restarts=20 conv=True adm=True 598s
2026-09-01 06:12:22,539 stopping cleanly: 1180s needed for add_stop-006#9aecfd5100eb/20260827, 1002s left
2026-09-01 06:12:22,539 slice ran 1 cells
2026-09-01 06:12:25,085 3.1-stageB: 190 cells remaining, 94 in this shard
2026-09-01 06:12:25,176 cache hit  baseline-a5bf710e8b2c9129 (53.2 MB, 0.1s)
2026-09-01 06:12:25,222 cache hit  raptor-51c3309f35ffd25f (0.6 MB, 0.0s)
2026-09-01 06:12:25,222 cache hit  zones-77edf71b615ba370 (0.2 MB, 0.0s)
2026-09-01 06:12:25,223 cache hit  od-ba345b9cb167aecb (0.5 MB, 0.0s)
2026-09-01 06:12:25,242 route classes: {'all_day': 25, 'peak_express': 14}
2026-09-01 06:12:25,671 footpaths: 15573 links (9 from transfers.txt)
2026-09-01 06:12:25,679 raptor network: 2949 stops, 111 patterns, 15573 footpaths
2026-09-01 06:12:25,793 zones: 1397 (637 with transit access within 600 m), 3938 access links
2026-09-01 06:12:25,801 route classes: {'all_day': 25, 'peak_express': 14}
2026-09-01 06:12:25,861 evaluator pricing: common_lines=same_route (explicit)
2026-09-01 06:12:25,903 path enumeration: 20000 OD pairs, 636 origin zones, 3 scenarios, cap 4 paths/OD
2026-09-01 06:13:16,267 rejected 94 malformed candidate paths that failed the re-pricing check
2026-09-01 06:13:16,353 path set: 24680 paths over 17388/20000 OD pairs (86.7% of flow served), 121445 legs
2026-09-01 06:13:16,396 period early   : 24680 paths, 20000 OD pairs
2026-09-01 06:13:16,406 path enumeration: 20000 OD pairs, 636 origin zones, 3 scenarios, cap 4 paths/OD
2026-09-01 06:14:12,558 rejected 73 malformed candidate paths that failed the re-pricing check
2026-09-01 06:14:12,656 path set: 28765 paths over 19278/20000 OD pairs (96.2% of flow served), 141665 legs
2026-09-01 06:14:12,704 period am_peak : 28765 paths, 20000 OD pairs
2026-09-01 06:14:12,714 path enumeration: 20000 OD pairs, 636 origin zones, 3 scenarios, cap 4 paths/OD
2026-09-01 06:15:03,232 rejected 72 malformed candidate paths that failed the re-pricing check
2026-09-01 06:15:03,319 path set: 24098 paths over 17389/20000 OD pairs (86.7% of flow served), 118706 legs
2026-09-01 06:15:03,367 period midday  : 24098 paths, 20000 OD pairs
2026-09-01 06:15:03,379 path enumeration: 20000 OD pairs, 636 origin zones, 3 scenarios, cap 4 paths/OD
2026-09-01 06:15:57,367 rejected 121 malformed candidate paths that failed the re-pricing check
2026-09-01 06:15:57,466 path set: 27984 paths over 18673/20000 OD pairs (93.6% of flow served), 139644 legs
2026-09-01 06:15:57,518 period pm_peak : 27984 paths, 20000 OD pairs
2026-09-01 06:15:57,529 path enumeration: 20000 OD pairs, 636 origin zones, 3 scenarios, cap 4 paths/OD
2026-09-01 06:16:51,620 rejected 82 malformed candidate paths that failed the re-pricing check
2026-09-01 06:16:51,743 path set: 24058 paths over 17386/20000 OD pairs (86.6% of flow served), 118274 legs
2026-09-01 06:16:51,787 period evening : 24058 paths, 20000 OD pairs
2026-09-01 06:16:51,798 path enumeration: 20000 OD pairs, 636 origin zones, 3 scenarios, cap 4 paths/OD
2026-09-01 06:17:40,469 rejected 129 malformed candidate paths that failed the re-pricing check
2026-09-01 06:17:40,583 path set: 22669 paths over 17006/20000 OD pairs (85.1% of flow served), 111737 legs
2026-09-01 06:17:40,624 period owl     : 22669 paths, 20000 OD pairs
2026-09-01 06:17:40,624 locking 28 route-periods across 14 routes in classes ('peak_express',)
2026-09-01 06:26:57,297 solve lambda=2.0: obj=2.9556e+06 vh=2514.5/2517.2 exchanges=0
2026-09-01 06:26:57,753 add_stop-006#9aecfd5100eb                      seed 20260827 obj=2955599.789507 restarts=20 conv=True adm=True 872s
2026-09-01 06:26:57,756 stopping cleanly: 1180s needed for add_stop-006#9aecfd5100eb/20260829, 727s left
2026-09-01 06:26:57,756 slice ran 1 cells
2026-09-01 06:27:00,105 3.1-stageB: 188 cells remaining, 93 in this shard
2026-09-01 06:27:00,202 cache hit  baseline-a5bf710e8b2c9129 (53.2 MB, 0.1s)
2026-09-01 06:27:00,235 cache hit  raptor-51c3309f35ffd25f (0.6 MB, 0.0s)
2026-09-01 06:27:00,235 cache hit  zones-77edf71b615ba370 (0.2 MB, 0.0s)
2026-09-01 06:27:00,236 cache hit  od-ba345b9cb167aecb (0.5 MB, 0.0s)
2026-09-01 06:27:00,254 route classes: {'all_day': 25, 'peak_express': 14}
2026-09-01 06:27:00,637 footpaths: 15573 links (9 from transfers.txt)
2026-09-01 06:27:00,645 raptor network: 2949 stops, 111 patterns, 15573 footpaths
2026-09-01 06:27:00,754 zones: 1397 (637 with transit access within 600 m), 3938 access links
2026-09-01 06:27:00,762 route classes: {'all_day': 25, 'peak_express': 14}
2026-09-01 06:27:00,821 evaluator pricing: common_lines=same_route (explicit)
2026-09-01 06:27:00,862 path enumeration: 20000 OD pairs, 636 origin zones, 3 scenarios, cap 4 paths/OD
2026-09-01 06:27:49,426 rejected 94 malformed candidate paths that failed the re-pricing check
2026-09-01 06:27:49,511 path set: 24680 paths over 17388/20000 OD pairs (86.7% of flow served), 121445 legs
2026-09-01 06:27:49,549 period early   : 24680 paths, 20000 OD pairs
2026-09-01 06:27:49,559 path enumeration: 20000 OD pairs, 636 origin zones, 3 scenarios, cap 4 paths/OD
2026-09-01 06:28:45,682 rejected 73 malformed candidate paths that failed the re-pricing check
2026-09-01 06:28:45,801 path set: 28765 paths over 19278/20000 OD pairs (96.2% of flow served), 141665 legs
2026-09-01 06:28:45,850 period am_peak : 28765 paths, 20000 OD pairs
2026-09-01 06:28:45,860 path enumeration: 20000 OD pairs, 636 origin zones, 3 scenarios, cap 4 paths/OD
2026-09-01 06:29:34,400 rejected 72 malformed candidate paths that failed the re-pricing check
2026-09-01 06:29:34,482 path set: 24098 paths over 17389/20000 OD pairs (86.7% of flow served), 118706 legs
2026-09-01 06:29:34,523 period midday  : 24098 paths, 20000 OD pairs
2026-09-01 06:29:34,534 path enumeration: 20000 OD pairs, 636 origin zones, 3 scenarios, cap 4 paths/OD
2026-09-01 06:30:25,257 rejected 121 malformed candidate paths that failed the re-pricing check
2026-09-01 06:30:25,357 path set: 27984 paths over 18673/20000 OD pairs (93.6% of flow served), 139644 legs
2026-09-01 06:30:25,407 period pm_peak : 27984 paths, 20000 OD pairs
2026-09-01 06:30:25,417 path enumeration: 20000 OD pairs, 636 origin zones, 3 scenarios, cap 4 paths/OD
2026-09-01 06:31:15,532 rejected 82 malformed candidate paths that failed the re-pricing check
2026-09-01 06:31:15,607 path set: 24058 paths over 17386/20000 OD pairs (86.6% of flow served), 118274 legs
2026-09-01 06:31:15,645 period evening : 24058 paths, 20000 OD pairs
2026-09-01 06:31:15,654 path enumeration: 20000 OD pairs, 636 origin zones, 3 scenarios, cap 4 paths/OD
2026-09-01 06:32:01,506 rejected 129 malformed candidate paths that failed the re-pricing check
2026-09-01 06:32:01,600 path set: 22669 paths over 17006/20000 OD pairs (85.1% of flow served), 111737 legs
2026-09-01 06:32:01,638 period owl     : 22669 paths, 20000 OD pairs
2026-09-01 06:32:01,638 locking 28 route-periods across 14 routes in classes ('peak_express',)
2026-09-01 06:42:16,815 solve lambda=2.0: obj=2.9556e+06 vh=2514.5/2517.2 exchanges=0
2026-09-01 06:42:17,359 add_stop-006#9aecfd5100eb                      seed 20260829 obj=2955599.789507 restarts=20 conv=True adm=True 917s
2026-09-01 06:42:17,362 stopping cleanly: 1180s needed for add_stop-007#02161399a599/20260826, 683s left
2026-09-01 06:42:17,362 slice ran 1 cells
2026-09-01 06:42:19,763 3.1-stageB: 186 cells remaining, 92 in this shard
2026-09-01 06:42:19,858 cache hit  baseline-a5bf710e8b2c9129 (53.2 MB, 0.1s)
2026-09-01 06:42:19,901 cache hit  raptor-51c3309f35ffd25f (0.6 MB, 0.0s)
2026-09-01 06:42:19,902 cache hit  zones-77edf71b615ba370 (0.2 MB, 0.0s)
2026-09-01 06:42:19,903 cache hit  od-ba345b9cb167aecb (0.5 MB, 0.0s)
2026-09-01 06:42:19,927 route classes: {'all_day': 25, 'peak_express': 14}
2026-09-01 06:42:20,356 footpaths: 15573 links (9 from transfers.txt)
2026-09-01 06:42:20,364 raptor network: 2949 stops, 111 patterns, 15573 footpaths
2026-09-01 06:42:20,491 zones: 1397 (637 with transit access within 600 m), 3938 access links
2026-09-01 06:42:20,501 route classes: {'all_day': 25, 'peak_express': 14}
2026-09-01 06:42:20,570 evaluator pricing: common_lines=same_route (explicit)
2026-09-01 06:42:20,615 path enumeration: 20000 OD pairs, 636 origin zones, 3 scenarios, cap 4 paths/OD
2026-09-01 06:43:11,096 rejected 94 malformed candidate paths that failed the re-pricing check
2026-09-01 06:43:11,186 path set: 24673 paths over 17388/20000 OD pairs (86.7% of flow served), 121381 legs
2026-09-01 06:43:11,233 period early   : 24673 paths, 20000 OD pairs
2026-09-01 06:43:11,245 path enumeration: 20000 OD pairs, 636 origin zones, 3 scenarios, cap 4 paths/OD
2026-09-01 06:44:06,773 rejected 73 malformed candidate paths that failed the re-pricing check
2026-09-01 06:44:06,871 path set: 28768 paths over 19278/20000 OD pairs (96.2% of flow served), 141653 legs
2026-09-01 06:44:06,919 period am_peak : 28768 paths, 20000 OD pairs
2026-09-01 06:44:06,929 path enumeration: 20000 OD pairs, 636 origin zones, 3 scenarios, cap 4 paths/OD
2026-09-01 06:44:58,581 rejected 71 malformed candidate paths that failed the re-pricing check
2026-09-01 06:44:58,670 path set: 24094 paths over 17389/20000 OD pairs (86.7% of flow served), 118671 legs
2026-09-01 06:44:58,713 period midday  : 24094 paths, 20000 OD pairs
2026-09-01 06:44:58,724 path enumeration: 20000 OD pairs, 636 origin zones, 3 scenarios, cap 4 paths/OD
2026-09-01 06:45:53,643 rejected 121 malformed candidate paths that failed the re-pricing check
2026-09-01 06:45:53,753 path set: 27982 paths over 18673/20000 OD pairs (93.6% of flow served), 139604 legs
2026-09-01 06:45:53,803 period pm_peak : 27982 paths, 20000 OD pairs
2026-09-01 06:45:53,813 path enumeration: 20000 OD pairs, 636 origin zones, 3 scenarios, cap 4 paths/OD
2026-09-01 06:46:48,279 rejected 81 malformed candidate paths that failed the re-pricing check
2026-09-01 06:46:48,358 path set: 24032 paths over 17386/20000 OD pairs (86.6% of flow served), 118131 legs
2026-09-01 06:46:48,398 period evening : 24032 paths, 20000 OD pairs
2026-09-01 06:46:48,408 path enumeration: 20000 OD pairs, 636 origin zones, 3 scenarios, cap 4 paths/OD
2026-09-01 06:47:37,347 rejected 129 malformed candidate paths that failed the re-pricing check
2026-09-01 06:47:37,428 path set: 22664 paths over 17006/20000 OD pairs (85.1% of flow served), 111698 legs
2026-09-01 06:47:37,468 period owl     : 22664 paths, 20000 OD pairs
2026-09-01 06:47:37,468 locking 28 route-periods across 14 routes in classes ('peak_express',)
2026-09-01 06:57:33,369 solve lambda=2.0: obj=2.9544e+06 vh=2514.6/2517.2 exchanges=0
2026-09-01 06:57:33,841 add_stop-007#02161399a599                      seed 20260826 obj=2954400.104347 restarts=20 conv=True adm=True 914s
2026-09-01 06:57:33,844 stopping cleanly: 1180s needed for add_stop-007#02161399a599/20260828, 686s left
2026-09-01 06:57:33,844 slice ran 1 cells
2026-09-01 06:57:36,343 3.1-stageB: 183 cells remaining, 91 in this shard
2026-09-01 06:57:36,435 cache hit  baseline-a5bf710e8b2c9129 (53.2 MB, 0.1s)
2026-09-01 06:57:36,470 cache hit  raptor-51c3309f35ffd25f (0.6 MB, 0.0s)
2026-09-01 06:57:36,471 cache hit  zones-77edf71b615ba370 (0.2 MB, 0.0s)
2026-09-01 06:57:36,472 cache hit  od-ba345b9cb167aecb (0.5 MB, 0.0s)
2026-09-01 06:57:36,482 route classes: {'all_day': 25, 'peak_express': 14}
2026-09-01 06:57:36,879 footpaths: 15573 links (9 from transfers.txt)
2026-09-01 06:57:36,888 raptor network: 2949 stops, 111 patterns, 15573 footpaths
2026-09-01 06:57:36,995 zones: 1397 (637 with transit access within 600 m), 3938 access links
2026-09-01 06:57:37,003 route classes: {'all_day': 25, 'peak_express': 14}
2026-09-01 06:57:37,061 evaluator pricing: common_lines=same_route (explicit)
2026-09-01 06:57:37,103 path enumeration: 20000 OD pairs, 636 origin zones, 3 scenarios, cap 4 paths/OD
2026-09-01 06:58:26,426 rejected 94 malformed candidate paths that failed the re-pricing check
2026-09-01 06:58:26,519 path set: 24673 paths over 17388/20000 OD pairs (86.7% of flow served), 121381 legs
2026-09-01 06:58:26,564 period early   : 24673 paths, 20000 OD pairs
2026-09-01 06:58:26,576 path enumeration: 20000 OD pairs, 636 origin zones, 3 scenarios, cap 4 paths/OD
2026-09-01 06:59:23,517 rejected 73 malformed candidate paths that failed the re-pricing check
2026-09-01 06:59:23,620 path set: 28768 paths over 19278/20000 OD pairs (96.2% of flow served), 141653 legs
2026-09-01 06:59:23,671 period am_peak : 28768 paths, 20000 OD pairs
2026-09-01 06:59:23,681 path enumeration: 20000 OD pairs, 636 origin zones, 3 scenarios, cap 4 paths/OD
2026-09-01 07:00:13,299 rejected 71 malformed candidate paths that failed the re-pricing check
2026-09-01 07:00:13,386 path set: 24094 paths over 17389/20000 OD pairs (86.7% of flow served), 118671 legs
2026-09-01 07:00:13,441 period midday  : 24094 paths, 20000 OD pairs
2026-09-01 07:00:13,452 path enumeration: 20000 OD pairs, 636 origin zones, 3 scenarios, cap 4 paths/OD
2026-09-01 07:01:08,556 rejected 121 malformed candidate paths that failed the re-pricing check
2026-09-01 07:01:08,659 path set: 27982 paths over 18673/20000 OD pairs (93.6% of flow served), 139604 legs
2026-09-01 07:01:08,718 period pm_peak : 27982 paths, 20000 OD pairs
2026-09-01 07:01:08,731 path enumeration: 20000 OD pairs, 636 origin zones, 3 scenarios, cap 4 paths/OD
2026-09-01 07:02:01,692 rejected 81 malformed candidate paths that failed the re-pricing check
2026-09-01 07:02:01,778 path set: 24032 paths over 17386/20000 OD pairs (86.6% of flow served), 118131 legs
2026-09-01 07:02:01,818 period evening : 24032 paths, 20000 OD pairs
2026-09-01 07:02:01,829 path enumeration: 20000 OD pairs, 636 origin zones, 3 scenarios, cap 4 paths/OD
2026-09-01 07:02:49,837 rejected 129 malformed candidate paths that failed the re-pricing check
2026-09-01 07:02:49,913 path set: 22664 paths over 17006/20000 OD pairs (85.1% of flow served), 111698 legs
2026-09-01 07:02:49,950 period owl     : 22664 paths, 20000 OD pairs
2026-09-01 07:02:49,950 locking 28 route-periods across 14 routes in classes ('peak_express',)
2026-09-01 07:13:34,874 solve lambda=2.0: obj=2.9544e+06 vh=2514.6/2517.2 exchanges=0
2026-09-01 07:13:35,378 add_stop-007#02161399a599                      seed 20260828 obj=2954400.104347 restarts=20 conv=True adm=True 959s
2026-09-01 07:13:36,570 stopping cleanly: 760s needed for add_stop-008#f178c37040f5/20260825, 640s left
2026-09-01 07:13:36,570 slice ran 1 cells
2026-09-01 07:13:39,006 3.1-stageB: 181 cells remaining, 90 in this shard
2026-09-01 07:13:39,099 cache hit  baseline-a5bf710e8b2c9129 (53.2 MB, 0.1s)
2026-09-01 07:13:39,133 cache hit  raptor-51c3309f35ffd25f (0.6 MB, 0.0s)
2026-09-01 07:13:39,133 cache hit  zones-77edf71b615ba370 (0.2 MB, 0.0s)
2026-09-01 07:13:39,134 cache hit  od-ba345b9cb167aecb (0.5 MB, 0.0s)
2026-09-01 07:13:39,152 route classes: {'all_day': 25, 'peak_express': 14}
2026-09-01 07:13:39,695 footpaths: 15573 links (9 from transfers.txt)
2026-09-01 07:13:39,702 raptor network: 2949 stops, 111 patterns, 15573 footpaths
2026-09-01 07:13:39,809 zones: 1397 (637 with transit access within 600 m), 3938 access links
2026-09-01 07:13:39,817 route classes: {'all_day': 25, 'peak_express': 14}
2026-09-01 07:13:39,877 evaluator pricing: common_lines=same_route (explicit)
2026-09-01 07:13:39,883 period early   : 24665 paths, 20000 OD pairs
2026-09-01 07:13:39,889 period am_peak : 28762 paths, 20000 OD pairs
2026-09-01 07:13:39,894 period midday  : 24099 paths, 20000 OD pairs
2026-09-01 07:13:39,899 period pm_peak : 27989 paths, 20000 OD pairs
2026-09-01 07:13:39,905 period evening : 24057 paths, 20000 OD pairs
2026-09-01 07:13:39,910 period owl     : 22669 paths, 20000 OD pairs
2026-09-01 07:13:39,910 locking 28 route-periods across 14 routes in classes ('peak_express',)
2026-09-01 07:23:34,451 solve lambda=2.0: obj=2.95581e+06 vh=2515.7/2517.2 exchanges=40
2026-09-01 07:23:34,471 add_stop-008#f178c37040f5                      seed 20260825 obj=2955812.178356 restarts=20 conv=True adm=True 595s
2026-09-01 07:23:34,473 stopping cleanly: 1180s needed for add_stop-008#f178c37040f5/20260827, 1005s left
2026-09-01 07:23:34,473 slice ran 1 cells
2026-09-01 07:23:36,944 3.1-stageB: 180 cells remaining, 89 in this shard
2026-09-01 07:23:37,036 cache hit  baseline-a5bf710e8b2c9129 (53.2 MB, 0.1s)
2026-09-01 07:23:37,076 cache hit  raptor-51c3309f35ffd25f (0.6 MB, 0.0s)
2026-09-01 07:23:37,076 cache hit  zones-77edf71b615ba370 (0.2 MB, 0.0s)
2026-09-01 07:23:37,077 cache hit  od-ba345b9cb167aecb (0.5 MB, 0.0s)
2026-09-01 07:23:37,095 route classes: {'all_day': 25, 'peak_express': 14}
2026-09-01 07:23:37,503 footpaths: 15573 links (9 from transfers.txt)
2026-09-01 07:23:37,512 raptor network: 2949 stops, 111 patterns, 15573 footpaths
2026-09-01 07:23:37,632 zones: 1397 (637 with transit access within 600 m), 3938 access links
2026-09-01 07:23:37,642 route classes: {'all_day': 25, 'peak_express': 14}
2026-09-01 07:23:37,713 evaluator pricing: common_lines=same_route (explicit)
2026-09-01 07:23:37,760 path enumeration: 20000 OD pairs, 636 origin zones, 3 scenarios, cap 4 paths/OD
2026-09-01 07:24:27,729 rejected 94 malformed candidate paths that failed the re-pricing check
2026-09-01 07:24:27,820 path set: 24665 paths over 17388/20000 OD pairs (86.7% of flow served), 121297 legs
2026-09-01 07:24:27,869 period early   : 24665 paths, 20000 OD pairs
2026-09-01 07:24:27,881 path enumeration: 20000 OD pairs, 636 origin zones, 3 scenarios, cap 4 paths/OD
2026-09-01 07:25:24,803 rejected 73 malformed candidate paths that failed the re-pricing check
2026-09-01 07:25:24,910 path set: 28762 paths over 19278/20000 OD pairs (96.2% of flow served), 141575 legs
2026-09-01 07:25:24,961 period am_peak : 28762 paths, 20000 OD pairs
2026-09-01 07:25:24,971 path enumeration: 20000 OD pairs, 636 origin zones, 3 scenarios, cap 4 paths/OD
2026-09-01 07:26:15,146 rejected 72 malformed candidate paths that failed the re-pricing check
2026-09-01 07:26:15,235 path set: 24099 paths over 17389/20000 OD pairs (86.7% of flow served), 118647 legs
2026-09-01 07:26:15,277 period midday  : 24099 paths, 20000 OD pairs
2026-09-01 07:26:15,287 path enumeration: 20000 OD pairs, 636 origin zones, 3 scenarios, cap 4 paths/OD
2026-09-01 07:27:12,526 rejected 121 malformed candidate paths that failed the re-pricing check
2026-09-01 07:27:12,631 path set: 27989 paths over 18673/20000 OD pairs (93.6% of flow served), 139604 legs
2026-09-01 07:27:12,682 period pm_peak : 27989 paths, 20000 OD pairs
2026-09-01 07:27:12,693 path enumeration: 20000 OD pairs, 636 origin zones, 3 scenarios, cap 4 paths/OD
2026-09-01 07:28:06,458 rejected 82 malformed candidate paths that failed the re-pricing check
2026-09-01 07:28:06,542 path set: 24057 paths over 17386/20000 OD pairs (86.6% of flow served), 118198 legs
2026-09-01 07:28:06,584 period evening : 24057 paths, 20000 OD pairs
2026-09-01 07:28:06,595 path enumeration: 20000 OD pairs, 636 origin zones, 3 scenarios, cap 4 paths/OD
2026-09-01 07:28:55,580 rejected 127 malformed candidate paths that failed the re-pricing check
2026-09-01 07:28:55,663 path set: 22669 paths over 17006/20000 OD pairs (85.1% of flow served), 111677 legs
2026-09-01 07:28:55,707 period owl     : 22669 paths, 20000 OD pairs
2026-09-01 07:28:55,707 locking 28 route-periods across 14 routes in classes ('peak_express',)
2026-09-01 07:38:52,050 solve lambda=2.0: obj=2.95563e+06 vh=2516.2/2517.2 exchanges=32
2026-09-01 07:38:52,520 add_stop-008#f178c37040f5                      seed 20260827 obj=2955625.511140 restarts=20 conv=True adm=True 915s
2026-09-01 07:38:52,524 stopping cleanly: 1180s needed for add_stop-008#f178c37040f5/20260829, 684s left
2026-09-01 07:38:52,524 slice ran 1 cells
2026-09-01 07:38:54,995 3.1-stageB: 178 cells remaining, 88 in this shard
2026-09-01 07:38:55,084 cache hit  baseline-a5bf710e8b2c9129 (53.2 MB, 0.1s)
2026-09-01 07:38:55,125 cache hit  raptor-51c3309f35ffd25f (0.6 MB, 0.0s)
2026-09-01 07:38:55,125 cache hit  zones-77edf71b615ba370 (0.2 MB, 0.0s)
2026-09-01 07:38:55,126 cache hit  od-ba345b9cb167aecb (0.5 MB, 0.0s)
2026-09-01 07:38:55,145 route classes: {'all_day': 25, 'peak_express': 14}
2026-09-01 07:38:55,539 footpaths: 15573 links (9 from transfers.txt)
2026-09-01 07:38:55,547 raptor network: 2949 stops, 111 patterns, 15573 footpaths
2026-09-01 07:38:55,654 zones: 1397 (637 with transit access within 600 m), 3938 access links
2026-09-01 07:38:55,662 route classes: {'all_day': 25, 'peak_express': 14}
2026-09-01 07:38:55,723 evaluator pricing: common_lines=same_route (explicit)
2026-09-01 07:38:55,765 path enumeration: 20000 OD pairs, 636 origin zones, 3 scenarios, cap 4 paths/OD
2026-09-01 07:39:45,921 rejected 94 malformed candidate paths that failed the re-pricing check
2026-09-01 07:39:46,006 path set: 24665 paths over 17388/20000 OD pairs (86.7% of flow served), 121297 legs
2026-09-01 07:39:46,045 period early   : 24665 paths, 20000 OD pairs
2026-09-01 07:39:46,055 path enumeration: 20000 OD pairs, 636 origin zones, 3 scenarios, cap 4 paths/OD
2026-09-01 07:40:44,300 rejected 73 malformed candidate paths that failed the re-pricing check
2026-09-01 07:40:44,395 path set: 28762 paths over 19278/20000 OD pairs (96.2% of flow served), 141575 legs
2026-09-01 07:40:44,445 period am_peak : 28762 paths, 20000 OD pairs
2026-09-01 07:40:44,455 path enumeration: 20000 OD pairs, 636 origin zones, 3 scenarios, cap 4 paths/OD
2026-09-01 07:41:34,700 rejected 72 malformed candidate paths that failed the re-pricing check
2026-09-01 07:41:34,785 path set: 24099 paths over 17389/20000 OD pairs (86.7% of flow served), 118647 legs
2026-09-01 07:41:34,829 period midday  : 24099 paths, 20000 OD pairs
2026-09-01 07:41:34,839 path enumeration: 20000 OD pairs, 636 origin zones, 3 scenarios, cap 4 paths/OD
2026-09-01 07:42:30,394 rejected 121 malformed candidate paths that failed the re-pricing check
2026-09-01 07:42:30,507 path set: 27989 paths over 18673/20000 OD pairs (93.6% of flow served), 139604 legs
2026-09-01 07:42:30,573 period pm_peak : 27989 paths, 20000 OD pairs
2026-09-01 07:42:30,585 path enumeration: 20000 OD pairs, 636 origin zones, 3 scenarios, cap 4 paths/OD
2026-09-01 07:43:24,781 rejected 82 malformed candidate paths that failed the re-pricing check
2026-09-01 07:43:24,861 path set: 24057 paths over 17386/20000 OD pairs (86.6% of flow served), 118198 legs
2026-09-01 07:43:24,902 period evening : 24057 paths, 20000 OD pairs
2026-09-01 07:43:24,912 path enumeration: 20000 OD pairs, 636 origin zones, 3 scenarios, cap 4 paths/OD
2026-09-01 07:44:13,483 rejected 127 malformed candidate paths that failed the re-pricing check
2026-09-01 07:44:13,564 path set: 22669 paths over 17006/20000 OD pairs (85.1% of flow served), 111677 legs
2026-09-01 07:44:13,604 period owl     : 22669 paths, 20000 OD pairs
2026-09-01 07:44:13,604 locking 28 route-periods across 14 routes in classes ('peak_express',)
2026-09-01 07:54:42,826 solve lambda=2.0: obj=2.95588e+06 vh=2514.7/2517.2 exchanges=0
2026-09-01 07:54:43,398 add_stop-008#f178c37040f5                      seed 20260829 obj=2955879.486053 restarts=20 conv=True adm=True 948s
2026-09-01 07:54:43,401 stopping cleanly: 1180s needed for add_stop-010#22c4c35ac5b2/20260826, 652s left
2026-09-01 07:54:43,401 slice ran 1 cells
2026-09-01 07:54:46,130 3.1-stageB: 176 cells remaining, 87 in this shard
2026-09-01 07:54:46,228 cache hit  baseline-a5bf710e8b2c9129 (53.2 MB, 0.1s)
2026-09-01 07:54:46,263 cache hit  raptor-51c3309f35ffd25f (0.6 MB, 0.0s)
2026-09-01 07:54:46,263 cache hit  zones-77edf71b615ba370 (0.2 MB, 0.0s)
2026-09-01 07:54:46,264 cache hit  od-ba345b9cb167aecb (0.5 MB, 0.0s)
2026-09-01 07:54:46,284 route classes: {'all_day': 25, 'peak_express': 14}
2026-09-01 07:54:46,751 footpaths: 15573 links (9 from transfers.txt)
2026-09-01 07:54:46,760 raptor network: 2949 stops, 111 patterns, 15573 footpaths
2026-09-01 07:54:46,875 zones: 1397 (637 with transit access within 600 m), 3938 access links
2026-09-01 07:54:46,884 route classes: {'all_day': 25, 'peak_express': 14}
2026-09-01 07:54:46,966 evaluator pricing: common_lines=same_route (explicit)
2026-09-01 07:54:47,019 path enumeration: 20000 OD pairs, 636 origin zones, 3 scenarios, cap 4 paths/OD
2026-09-01 07:55:37,890 rejected 84 malformed candidate paths that failed the re-pricing check
2026-09-01 07:55:37,974 path set: 24641 paths over 17388/20000 OD pairs (86.7% of flow served), 121134 legs
2026-09-01 07:55:38,014 period early   : 24641 paths, 20000 OD pairs
2026-09-01 07:55:38,027 path enumeration: 20000 OD pairs, 636 origin zones, 3 scenarios, cap 4 paths/OD
2026-09-01 07:56:35,563 rejected 69 malformed candidate paths that failed the re-pricing check
2026-09-01 07:56:35,682 path set: 28822 paths over 19278/20000 OD pairs (96.2% of flow served), 141894 legs
2026-09-01 07:56:35,747 period am_peak : 28822 paths, 20000 OD pairs
2026-09-01 07:56:35,758 path enumeration: 20000 OD pairs, 636 origin zones, 3 scenarios, cap 4 paths/OD
2026-09-01 07:57:26,793 rejected 68 malformed candidate paths that failed the re-pricing check
2026-09-01 07:57:26,879 path set: 24118 paths over 17389/20000 OD pairs (86.7% of flow served), 118748 legs
2026-09-01 07:57:26,923 period midday  : 24118 paths, 20000 OD pairs
2026-09-01 07:57:26,934 path enumeration: 20000 OD pairs, 636 origin zones, 3 scenarios, cap 4 paths/OD
2026-09-01 07:58:22,807 rejected 117 malformed candidate paths that failed the re-pricing check
2026-09-01 07:58:22,910 path set: 28007 paths over 18673/20000 OD pairs (93.6% of flow served), 139704 legs
2026-09-01 07:58:22,969 period pm_peak : 28007 paths, 20000 OD pairs
2026-09-01 07:58:22,981 path enumeration: 20000 OD pairs, 636 origin zones, 3 scenarios, cap 4 paths/OD
2026-09-01 07:59:19,189 rejected 77 malformed candidate paths that failed the re-pricing check
2026-09-01 07:59:19,276 path set: 24124 paths over 17386/20000 OD pairs (86.6% of flow served), 118599 legs
2026-09-01 07:59:19,321 period evening : 24124 paths, 20000 OD pairs
2026-09-01 07:59:19,332 path enumeration: 20000 OD pairs, 636 origin zones, 3 scenarios, cap 4 paths/OD
2026-09-01 08:00:08,819 rejected 129 malformed candidate paths that failed the re-pricing check
2026-09-01 08:00:08,895 path set: 22669 paths over 17006/20000 OD pairs (85.1% of flow served), 111734 legs
2026-09-01 08:00:08,934 period owl     : 22669 paths, 20000 OD pairs
2026-09-01 08:00:08,935 locking 28 route-periods across 14 routes in classes ('peak_express',)
2026-09-01 08:10:30,813 solve lambda=2.0: obj=2.95054e+06 vh=2515.7/2517.2 exchanges=0
2026-09-01 08:10:31,355 add_stop-010#22c4c35ac5b2                      seed 20260826 obj=2950538.041802 restarts=20 conv=True adm=True 945s
2026-09-01 08:10:31,357 stopping cleanly: 1180s needed for add_stop-010#22c4c35ac5b2/20260828, 655s left
2026-09-01 08:10:31,357 slice ran 1 cells
2026-09-01 08:10:34,048 3.1-stageB: 173 cells remaining, 86 in this shard
2026-09-01 08:10:34,143 cache hit  baseline-a5bf710e8b2c9129 (53.2 MB, 0.1s)
2026-09-01 08:10:34,188 cache hit  raptor-51c3309f35ffd25f (0.6 MB, 0.0s)
2026-09-01 08:10:34,188 cache hit  zones-77edf71b615ba370 (0.2 MB, 0.0s)
2026-09-01 08:10:34,189 cache hit  od-ba345b9cb167aecb (0.5 MB, 0.0s)
2026-09-01 08:10:34,208 route classes: {'all_day': 25, 'peak_express': 14}
2026-09-01 08:10:34,625 footpaths: 15573 links (9 from transfers.txt)
2026-09-01 08:10:34,634 raptor network: 2949 stops, 111 patterns, 15573 footpaths
2026-09-01 08:10:34,743 zones: 1397 (637 with transit access within 600 m), 3938 access links
2026-09-01 08:10:34,752 route classes: {'all_day': 25, 'peak_express': 14}
2026-09-01 08:10:34,812 evaluator pricing: common_lines=same_route (explicit)
2026-09-01 08:10:34,860 path enumeration: 20000 OD pairs, 636 origin zones, 3 scenarios, cap 4 paths/OD
2026-09-01 08:11:25,278 rejected 84 malformed candidate paths that failed the re-pricing check
2026-09-01 08:11:25,366 path set: 24641 paths over 17388/20000 OD pairs (86.7% of flow served), 121134 legs
2026-09-01 08:11:25,404 period early   : 24641 paths, 20000 OD pairs
2026-09-01 08:11:25,415 path enumeration: 20000 OD pairs, 636 origin zones, 3 scenarios, cap 4 paths/OD
2026-09-01 08:12:22,092 rejected 69 malformed candidate paths that failed the re-pricing check
2026-09-01 08:12:22,192 path set: 28822 paths over 19278/20000 OD pairs (96.2% of flow served), 141894 legs
2026-09-01 08:12:22,244 period am_peak : 28822 paths, 20000 OD pairs
2026-09-01 08:12:22,254 path enumeration: 20000 OD pairs, 636 origin zones, 3 scenarios, cap 4 paths/OD
2026-09-01 08:13:14,162 rejected 68 malformed candidate paths that failed the re-pricing check
2026-09-01 08:13:14,245 path set: 24118 paths over 17389/20000 OD pairs (86.7% of flow served), 118748 legs
2026-09-01 08:13:14,288 period midday  : 24118 paths, 20000 OD pairs
2026-09-01 08:13:14,299 path enumeration: 20000 OD pairs, 636 origin zones, 3 scenarios, cap 4 paths/OD
2026-09-01 08:14:08,263 rejected 117 malformed candidate paths that failed the re-pricing check
2026-09-01 08:14:08,360 path set: 28007 paths over 18673/20000 OD pairs (93.6% of flow served), 139704 legs
2026-09-01 08:14:08,407 period pm_peak : 28007 paths, 20000 OD pairs
2026-09-01 08:14:08,418 path enumeration: 20000 OD pairs, 636 origin zones, 3 scenarios, cap 4 paths/OD
2026-09-01 08:15:02,658 rejected 77 malformed candidate paths that failed the re-pricing check
2026-09-01 08:15:02,739 path set: 24124 paths over 17386/20000 OD pairs (86.6% of flow served), 118599 legs
2026-09-01 08:15:02,780 period evening : 24124 paths, 20000 OD pairs
2026-09-01 08:15:02,790 path enumeration: 20000 OD pairs, 636 origin zones, 3 scenarios, cap 4 paths/OD
2026-09-01 08:15:51,069 rejected 129 malformed candidate paths that failed the re-pricing check
2026-09-01 08:15:51,149 path set: 22669 paths over 17006/20000 OD pairs (85.1% of flow served), 111734 legs
2026-09-01 08:15:51,187 period owl     : 22669 paths, 20000 OD pairs
2026-09-01 08:15:51,187 locking 28 route-periods across 14 routes in classes ('peak_express',)
2026-09-01 08:25:41,585 solve lambda=2.0: obj=2.95054e+06 vh=2515.7/2517.2 exchanges=0
2026-09-01 08:25:42,060 add_stop-010#22c4c35ac5b2                      seed 20260828 obj=2950538.041802 restarts=20 conv=True adm=True 908s
2026-09-01 08:25:43,332 stopping cleanly: 760s needed for add_stop-033#273b2cd43dfd/20260825, 691s left
2026-09-01 08:25:43,332 slice ran 1 cells
2026-09-01 08:25:45,777 3.1-stageB: 171 cells remaining, 85 in this shard
2026-09-01 08:25:45,865 cache hit  baseline-a5bf710e8b2c9129 (53.2 MB, 0.1s)
2026-09-01 08:25:45,902 cache hit  raptor-51c3309f35ffd25f (0.6 MB, 0.0s)
2026-09-01 08:25:45,902 cache hit  zones-77edf71b615ba370 (0.2 MB, 0.0s)
2026-09-01 08:25:45,903 cache hit  od-ba345b9cb167aecb (0.5 MB, 0.0s)
2026-09-01 08:25:45,913 route classes: {'all_day': 25, 'peak_express': 14}
2026-09-01 08:25:46,388 footpaths: 15573 links (9 from transfers.txt)
2026-09-01 08:25:46,397 raptor network: 2949 stops, 111 patterns, 15573 footpaths
2026-09-01 08:25:46,509 zones: 1397 (637 with transit access within 600 m), 3938 access links
2026-09-01 08:25:46,517 route classes: {'all_day': 25, 'peak_express': 14}
2026-09-01 08:25:46,577 evaluator pricing: common_lines=same_route (explicit)
2026-09-01 08:25:46,584 period early   : 24668 paths, 20000 OD pairs
2026-09-01 08:25:46,590 period am_peak : 28770 paths, 20000 OD pairs
2026-09-01 08:25:46,595 period midday  : 24092 paths, 20000 OD pairs
2026-09-01 08:25:46,601 period pm_peak : 28087 paths, 20000 OD pairs
2026-09-01 08:25:46,605 period evening : 24058 paths, 20000 OD pairs
2026-09-01 08:25:46,610 period owl     : 22669 paths, 20000 OD pairs
2026-09-01 08:25:46,610 locking 28 route-periods across 14 routes in classes ('peak_express',)
2026-09-01 08:25:46,639      incumbent rescaled x1.0020
2026-09-01 08:36:03,570 solve lambda=2.0: obj=2.95496e+06 vh=2514.7/2517.2 exchanges=0
2026-09-01 08:36:03,590 add_stop-033#273b2cd43dfd                      seed 20260825 obj=2954961.470336 restarts=20 conv=True adm=True 617s
2026-09-01 08:36:03,593 stopping cleanly: 1180s needed for add_stop-033#273b2cd43dfd/20260827, 982s left
2026-09-01 08:36:03,593 slice ran 1 cells
2026-09-01 08:36:05,923 3.1-stageB: 170 cells remaining, 84 in this shard
2026-09-01 08:36:06,012 cache hit  baseline-a5bf710e8b2c9129 (53.2 MB, 0.1s)
2026-09-01 08:36:06,045 cache hit  raptor-51c3309f35ffd25f (0.6 MB, 0.0s)
2026-09-01 08:36:06,046 cache hit  zones-77edf71b615ba370 (0.2 MB, 0.0s)
2026-09-01 08:36:06,047 cache hit  od-ba345b9cb167aecb (0.5 MB, 0.0s)
2026-09-01 08:36:06,057 route classes: {'all_day': 25, 'peak_express': 14}
2026-09-01 08:36:06,451 footpaths: 15573 links (9 from transfers.txt)
2026-09-01 08:36:06,459 raptor network: 2949 stops, 111 patterns, 15573 footpaths
2026-09-01 08:36:06,567 zones: 1397 (637 with transit access within 600 m), 3938 access links
2026-09-01 08:36:06,575 route classes: {'all_day': 25, 'peak_express': 14}
2026-09-01 08:36:06,633 evaluator pricing: common_lines=same_route (explicit)
2026-09-01 08:36:06,676 path enumeration: 20000 OD pairs, 636 origin zones, 3 scenarios, cap 4 paths/OD
2026-09-01 08:36:57,858 rejected 94 malformed candidate paths that failed the re-pricing check
2026-09-01 08:36:57,945 path set: 24668 paths over 17388/20000 OD pairs (86.7% of flow served), 121371 legs
2026-09-01 08:36:57,986 period early   : 24668 paths, 20000 OD pairs
2026-09-01 08:36:57,996 path enumeration: 20000 OD pairs, 636 origin zones, 3 scenarios, cap 4 paths/OD
2026-09-01 08:37:54,261 rejected 72 malformed candidate paths that failed the re-pricing check
2026-09-01 08:37:54,363 path set: 28770 paths over 19278/20000 OD pairs (96.2% of flow served), 141687 legs
2026-09-01 08:37:54,413 period am_peak : 28770 paths, 20000 OD pairs
2026-09-01 08:37:54,424 path enumeration: 20000 OD pairs, 636 origin zones, 3 scenarios, cap 4 paths/OD
2026-09-01 08:38:46,614 rejected 72 malformed candidate paths that failed the re-pricing check
2026-09-01 08:38:46,717 path set: 24092 paths over 17389/20000 OD pairs (86.7% of flow served), 118654 legs
2026-09-01 08:38:46,781 period midday  : 24092 paths, 20000 OD pairs
2026-09-01 08:38:46,795 path enumeration: 20000 OD pairs, 636 origin zones, 3 scenarios, cap 4 paths/OD
2026-09-01 08:39:41,539 rejected 121 malformed candidate paths that failed the re-pricing check
2026-09-01 08:39:41,636 path set: 28087 paths over 18691/20000 OD pairs (93.7% of flow served), 140176 legs
2026-09-01 08:39:41,688 period pm_peak : 28087 paths, 20000 OD pairs
2026-09-01 08:39:41,698 path enumeration: 20000 OD pairs, 636 origin zones, 3 scenarios, cap 4 paths/OD
2026-09-01 08:40:35,756 rejected 82 malformed candidate paths that failed the re-pricing check
2026-09-01 08:40:35,862 path set: 24058 paths over 17386/20000 OD pairs (86.6% of flow served), 118258 legs
2026-09-01 08:40:35,917 period evening : 24058 paths, 20000 OD pairs
2026-09-01 08:40:35,929 path enumeration: 20000 OD pairs, 636 origin zones, 3 scenarios, cap 4 paths/OD
2026-09-01 08:41:26,394 rejected 129 malformed candidate paths that failed the re-pricing check
2026-09-01 08:41:26,473 path set: 22669 paths over 17006/20000 OD pairs (85.1% of flow served), 111727 legs
2026-09-01 08:41:26,515 period owl     : 22669 paths, 20000 OD pairs
2026-09-01 08:41:26,515 locking 28 route-periods across 14 routes in classes ('peak_express',)
2026-09-01 08:41:26,548      incumbent rescaled x1.0020
2026-09-01 08:51:17,615 solve lambda=2.0: obj=2.95496e+06 vh=2514.7/2517.2 exchanges=0
2026-09-01 08:51:18,162 add_stop-033#273b2cd43dfd                      seed 20260827 obj=2954961.470336 restarts=20 conv=True adm=True 912s
2026-09-01 08:51:18,163 stopping cleanly: 1180s needed for add_stop-033#273b2cd43dfd/20260829, 688s left
2026-09-01 08:51:18,164 slice ran 1 cells
2026-09-01 08:51:20,630 3.1-stageB: 168 cells remaining, 83 in this shard
2026-09-01 08:51:20,723 cache hit  baseline-a5bf710e8b2c9129 (53.2 MB, 0.1s)
2026-09-01 08:51:20,764 cache hit  raptor-51c3309f35ffd25f (0.6 MB, 0.0s)
2026-09-01 08:51:20,764 cache hit  zones-77edf71b615ba370 (0.2 MB, 0.0s)
2026-09-01 08:51:20,765 cache hit  od-ba345b9cb167aecb (0.5 MB, 0.0s)
2026-09-01 08:51:20,777 route classes: {'all_day': 25, 'peak_express': 14}
2026-09-01 08:51:21,216 footpaths: 15573 links (9 from transfers.txt)
2026-09-01 08:51:21,225 raptor network: 2949 stops, 111 patterns, 15573 footpaths
2026-09-01 08:51:21,343 zones: 1397 (637 with transit access within 600 m), 3938 access links
2026-09-01 08:51:21,351 route classes: {'all_day': 25, 'peak_express': 14}
2026-09-01 08:51:21,413 evaluator pricing: common_lines=same_route (explicit)
2026-09-01 08:51:21,459 path enumeration: 20000 OD pairs, 636 origin zones, 3 scenarios, cap 4 paths/OD
2026-09-01 08:52:11,617 rejected 94 malformed candidate paths that failed the re-pricing check
2026-09-01 08:52:11,706 path set: 24668 paths over 17388/20000 OD pairs (86.7% of flow served), 121371 legs
2026-09-01 08:52:11,747 period early   : 24668 paths, 20000 OD pairs
2026-09-01 08:52:11,758 path enumeration: 20000 OD pairs, 636 origin zones, 3 scenarios, cap 4 paths/OD
2026-09-01 08:53:11,615 rejected 72 malformed candidate paths that failed the re-pricing check
2026-09-01 08:53:11,719 path set: 28770 paths over 19278/20000 OD pairs (96.2% of flow served), 141687 legs
2026-09-01 08:53:11,769 period am_peak : 28770 paths, 20000 OD pairs
2026-09-01 08:53:11,781 path enumeration: 20000 OD pairs, 636 origin zones, 3 scenarios, cap 4 paths/OD
2026-09-01 08:54:02,024 rejected 72 malformed candidate paths that failed the re-pricing check
2026-09-01 08:54:02,110 path set: 24092 paths over 17389/20000 OD pairs (86.7% of flow served), 118654 legs
2026-09-01 08:54:02,150 period midday  : 24092 paths, 20000 OD pairs
2026-09-01 08:54:02,160 path enumeration: 20000 OD pairs, 636 origin zones, 3 scenarios, cap 4 paths/OD
2026-09-01 08:54:58,328 rejected 121 malformed candidate paths that failed the re-pricing check
2026-09-01 08:54:58,436 path set: 28087 paths over 18691/20000 OD pairs (93.7% of flow served), 140176 legs
2026-09-01 08:54:58,489 period pm_peak : 28087 paths, 20000 OD pairs
2026-09-01 08:54:58,500 path enumeration: 20000 OD pairs, 636 origin zones, 3 scenarios, cap 4 paths/OD
2026-09-01 08:55:51,934 rejected 82 malformed candidate paths that failed the re-pricing check
2026-09-01 08:55:52,018 path set: 24058 paths over 17386/20000 OD pairs (86.6% of flow served), 118258 legs
2026-09-01 08:55:52,058 period evening : 24058 paths, 20000 OD pairs
2026-09-01 08:55:52,068 path enumeration: 20000 OD pairs, 636 origin zones, 3 scenarios, cap 4 paths/OD
2026-09-01 08:56:43,605 rejected 129 malformed candidate paths that failed the re-pricing check
2026-09-01 08:56:43,699 path set: 22669 paths over 17006/20000 OD pairs (85.1% of flow served), 111727 legs
2026-09-01 08:56:43,737 period owl     : 22669 paths, 20000 OD pairs
2026-09-01 08:56:43,737 locking 28 route-periods across 14 routes in classes ('peak_express',)
2026-09-01 08:56:43,770      incumbent rescaled x1.0020
2026-09-01 09:06:52,557 solve lambda=2.0: obj=2.95496e+06 vh=2514.7/2517.2 exchanges=0
2026-09-01 09:06:52,961 add_stop-033#273b2cd43dfd                      seed 20260829 obj=2954961.470336 restarts=20 conv=True adm=True 932s
2026-09-01 09:06:52,964 stopping cleanly: 1180s needed for add_stop-102#78da77548338/20260826, 668s left
2026-09-01 09:06:52,964 slice ran 1 cells
2026-09-01 09:06:55,397 3.1-stageB: 165 cells remaining, 82 in this shard
2026-09-01 09:06:55,484 cache hit  baseline-a5bf710e8b2c9129 (53.2 MB, 0.1s)
2026-09-01 09:06:55,528 cache hit  raptor-51c3309f35ffd25f (0.6 MB, 0.0s)
2026-09-01 09:06:55,529 cache hit  zones-77edf71b615ba370 (0.2 MB, 0.0s)
2026-09-01 09:06:55,530 cache hit  od-ba345b9cb167aecb (0.5 MB, 0.0s)
2026-09-01 09:06:55,548 route classes: {'all_day': 25, 'peak_express': 14}
2026-09-01 09:06:55,949 footpaths: 15573 links (9 from transfers.txt)
2026-09-01 09:06:55,958 raptor network: 2949 stops, 111 patterns, 15573 footpaths
2026-09-01 09:06:56,066 zones: 1397 (637 with transit access within 600 m), 3938 access links
2026-09-01 09:06:56,074 route classes: {'all_day': 25, 'peak_express': 14}
2026-09-01 09:06:56,136 evaluator pricing: common_lines=same_route (explicit)
2026-09-01 09:06:56,181 path enumeration: 20000 OD pairs, 636 origin zones, 3 scenarios, cap 4 paths/OD
2026-09-01 09:07:46,359 rejected 93 malformed candidate paths that failed the re-pricing check
2026-09-01 09:07:46,448 path set: 24677 paths over 17388/20000 OD pairs (86.7% of flow served), 121428 legs
2026-09-01 09:07:46,493 period early   : 24677 paths, 20000 OD pairs
2026-09-01 09:07:46,504 path enumeration: 20000 OD pairs, 636 origin zones, 3 scenarios, cap 4 paths/OD
2026-09-01 09:08:45,351 rejected 72 malformed candidate paths that failed the re-pricing check
2026-09-01 09:08:45,491 path set: 28752 paths over 19279/20000 OD pairs (96.2% of flow served), 141591 legs
2026-09-01 09:08:45,573 period am_peak : 28752 paths, 20000 OD pairs
2026-09-01 09:08:45,588 path enumeration: 20000 OD pairs, 636 origin zones, 3 scenarios, cap 4 paths/OD
2026-09-01 09:09:37,078 rejected 71 malformed candidate paths that failed the re-pricing check
2026-09-01 09:09:37,162 path set: 24065 paths over 17389/20000 OD pairs (86.7% of flow served), 118527 legs
2026-09-01 09:09:37,203 period midday  : 24065 paths, 20000 OD pairs
2026-09-01 09:09:37,213 path enumeration: 20000 OD pairs, 636 origin zones, 3 scenarios, cap 4 paths/OD
2026-09-01 09:10:34,064 rejected 121 malformed candidate paths that failed the re-pricing check
2026-09-01 09:10:34,177 path set: 27954 paths over 18674/20000 OD pairs (93.6% of flow served), 139464 legs
2026-09-01 09:10:34,242 period pm_peak : 27954 paths, 20000 OD pairs
2026-09-01 09:10:34,255 path enumeration: 20000 OD pairs, 636 origin zones, 3 scenarios, cap 4 paths/OD
2026-09-01 09:11:28,662 rejected 82 malformed candidate paths that failed the re-pricing check
2026-09-01 09:11:28,753 path set: 24058 paths over 17386/20000 OD pairs (86.6% of flow served), 118256 legs
2026-09-01 09:11:28,801 period evening : 24058 paths, 20000 OD pairs
2026-09-01 09:11:28,812 path enumeration: 20000 OD pairs, 636 origin zones, 3 scenarios, cap 4 paths/OD
2026-09-01 09:12:18,546 rejected 129 malformed candidate paths that failed the re-pricing check
2026-09-01 09:12:18,629 path set: 22669 paths over 17006/20000 OD pairs (85.1% of flow served), 111733 legs
2026-09-01 09:12:18,672 period owl     : 22669 paths, 20000 OD pairs
2026-09-01 09:12:18,672 locking 28 route-periods across 14 routes in classes ('peak_express',)
2026-09-01 09:12:18,705      incumbent rescaled x1.0001
2026-09-01 09:22:21,983 solve lambda=2.0: obj=2.95596e+06 vh=2515.4/2517.2 exchanges=0
2026-09-01 09:22:22,491 add_stop-102#78da77548338                      seed 20260826 obj=2955960.831846 restarts=20 conv=True adm=True 927s
2026-09-01 09:22:22,496 stopping cleanly: 1180s needed for add_stop-102#78da77548338/20260828, 673s left
2026-09-01 09:22:22,496 slice ran 1 cells
2026-09-01 09:22:25,044 3.1-stageB: 163 cells remaining, 81 in this shard
2026-09-01 09:22:25,139 cache hit  baseline-a5bf710e8b2c9129 (53.2 MB, 0.1s)
2026-09-01 09:22:25,174 cache hit  raptor-51c3309f35ffd25f (0.6 MB, 0.0s)
2026-09-01 09:22:25,175 cache hit  zones-77edf71b615ba370 (0.2 MB, 0.0s)
2026-09-01 09:22:25,175 cache hit  od-ba345b9cb167aecb (0.5 MB, 0.0s)
2026-09-01 09:22:25,195 route classes: {'all_day': 25, 'peak_express': 14}
2026-09-01 09:22:25,612 footpaths: 15573 links (9 from transfers.txt)
2026-09-01 09:22:25,623 raptor network: 2949 stops, 111 patterns, 15573 footpaths
2026-09-01 09:22:25,738 zones: 1397 (637 with transit access within 600 m), 3938 access links
2026-09-01 09:22:25,748 route classes: {'all_day': 25, 'peak_express': 14}
2026-09-01 09:22:25,811 evaluator pricing: common_lines=same_route (explicit)
2026-09-01 09:22:25,886 path enumeration: 20000 OD pairs, 636 origin zones, 3 scenarios, cap 4 paths/OD
2026-09-01 09:23:16,789 rejected 93 malformed candidate paths that failed the re-pricing check
2026-09-01 09:23:16,892 path set: 24677 paths over 17388/20000 OD pairs (86.7% of flow served), 121428 legs
2026-09-01 09:23:16,943 period early   : 24677 paths, 20000 OD pairs
2026-09-01 09:23:16,954 path enumeration: 20000 OD pairs, 636 origin zones, 3 scenarios, cap 4 paths/OD
2026-09-01 09:24:13,114 rejected 72 malformed candidate paths that failed the re-pricing check
2026-09-01 09:24:13,214 path set: 28752 paths over 19279/20000 OD pairs (96.2% of flow served), 141591 legs
2026-09-01 09:24:13,268 period am_peak : 28752 paths, 20000 OD pairs
2026-09-01 09:24:13,278 path enumeration: 20000 OD pairs, 636 origin zones, 3 scenarios, cap 4 paths/OD
2026-09-01 09:25:06,207 rejected 71 malformed candidate paths that failed the re-pricing check
2026-09-01 09:25:06,306 path set: 24065 paths over 17389/20000 OD pairs (86.7% of flow served), 118527 legs
2026-09-01 09:25:06,361 period midday  : 24065 paths, 20000 OD pairs
2026-09-01 09:25:06,373 path enumeration: 20000 OD pairs, 636 origin zones, 3 scenarios, cap 4 paths/OD
2026-09-01 09:26:01,044 rejected 121 malformed candidate paths that failed the re-pricing check
2026-09-01 09:26:01,143 path set: 27954 paths over 18674/20000 OD pairs (93.6% of flow served), 139464 legs
2026-09-01 09:26:01,193 period pm_peak : 27954 paths, 20000 OD pairs
2026-09-01 09:26:01,203 path enumeration: 20000 OD pairs, 636 origin zones, 3 scenarios, cap 4 paths/OD
2026-09-01 09:26:56,150 rejected 82 malformed candidate paths that failed the re-pricing check
2026-09-01 09:26:56,237 path set: 24058 paths over 17386/20000 OD pairs (86.6% of flow served), 118256 legs
2026-09-01 09:26:56,283 period evening : 24058 paths, 20000 OD pairs
2026-09-01 09:26:56,294 path enumeration: 20000 OD pairs, 636 origin zones, 3 scenarios, cap 4 paths/OD
2026-09-01 09:27:46,050 rejected 129 malformed candidate paths that failed the re-pricing check
2026-09-01 09:27:46,142 path set: 22669 paths over 17006/20000 OD pairs (85.1% of flow served), 111733 legs
2026-09-01 09:27:46,181 period owl     : 22669 paths, 20000 OD pairs
2026-09-01 09:27:46,181 locking 28 route-periods across 14 routes in classes ('peak_express',)
2026-09-01 09:27:46,212      incumbent rescaled x1.0001
2026-09-01 09:36:51,462 solve lambda=2.0: obj=2.95596e+06 vh=2515.4/2517.2 exchanges=0
2026-09-01 09:36:51,849 add_stop-102#78da77548338                      seed 20260828 obj=2955960.831846 restarts=20 conv=True adm=True 867s
2026-09-01 09:36:52,921 stopping cleanly: 760s needed for add_stop-141#2fc0aa211ecb/20260825, 732s left
2026-09-01 09:36:52,921 slice ran 1 cells
2026-09-01 09:36:55,425 3.1-stageB: 161 cells remaining, 80 in this shard
2026-09-01 09:36:55,513 cache hit  baseline-a5bf710e8b2c9129 (53.2 MB, 0.1s)
2026-09-01 09:36:55,547 cache hit  raptor-51c3309f35ffd25f (0.6 MB, 0.0s)
2026-09-01 09:36:55,548 cache hit  zones-77edf71b615ba370 (0.2 MB, 0.0s)
2026-09-01 09:36:55,549 cache hit  od-ba345b9cb167aecb (0.5 MB, 0.0s)
2026-09-01 09:36:55,563 route classes: {'all_day': 25, 'peak_express': 14}
2026-09-01 09:36:56,068 footpaths: 15573 links (9 from transfers.txt)
2026-09-01 09:36:56,077 raptor network: 2949 stops, 111 patterns, 15573 footpaths
2026-09-01 09:36:56,182 zones: 1397 (637 with transit access within 600 m), 3938 access links
2026-09-01 09:36:56,190 route classes: {'all_day': 25, 'peak_express': 14}
2026-09-01 09:36:56,250 evaluator pricing: common_lines=same_route (explicit)
2026-09-01 09:36:56,256 period early   : 24668 paths, 20000 OD pairs
2026-09-01 09:36:56,262 period am_peak : 28763 paths, 20000 OD pairs
2026-09-01 09:36:56,267 period midday  : 24099 paths, 20000 OD pairs
2026-09-01 09:36:56,273 period pm_peak : 28012 paths, 20000 OD pairs
2026-09-01 09:36:56,278 period evening : 24060 paths, 20000 OD pairs
2026-09-01 09:36:56,282 period owl     : 22669 paths, 20000 OD pairs
2026-09-01 09:36:56,282 locking 28 route-periods across 14 routes in classes ('peak_express',)
2026-09-01 09:36:56,312      incumbent rescaled x1.0000
2026-09-01 09:47:02,958 solve lambda=2.0: obj=2.9561e+06 vh=2515.2/2517.2 exchanges=0
2026-09-01 09:47:02,977 add_stop-141#2fc0aa211ecb                      seed 20260825 obj=2956104.644432 restarts=20 conv=True adm=True 607s
2026-09-01 09:47:02,980 stopping cleanly: 1180s needed for add_stop-141#2fc0aa211ecb/20260827, 992s left
2026-09-01 09:47:02,980 slice ran 1 cells
2026-09-01 09:47:05,378 3.1-stageB: 160 cells remaining, 79 in this shard
2026-09-01 09:47:05,469 cache hit  baseline-a5bf710e8b2c9129 (53.2 MB, 0.1s)
2026-09-01 09:47:05,511 cache hit  raptor-51c3309f35ffd25f (0.6 MB, 0.0s)
2026-09-01 09:47:05,512 cache hit  zones-77edf71b615ba370 (0.2 MB, 0.0s)
2026-09-01 09:47:05,513 cache hit  od-ba345b9cb167aecb (0.5 MB, 0.0s)
2026-09-01 09:47:05,527 route classes: {'all_day': 25, 'peak_express': 14}
2026-09-01 09:47:05,927 footpaths: 15573 links (9 from transfers.txt)
2026-09-01 09:47:05,936 raptor network: 2949 stops, 111 patterns, 15573 footpaths
2026-09-01 09:47:06,045 zones: 1397 (637 with transit access within 600 m), 3938 access links
2026-09-01 09:47:06,054 route classes: {'all_day': 25, 'peak_express': 14}
2026-09-01 09:47:06,119 evaluator pricing: common_lines=same_route (explicit)
2026-09-01 09:47:06,177 path enumeration: 20000 OD pairs, 636 origin zones, 3 scenarios, cap 4 paths/OD
2026-09-01 09:47:55,734 rejected 94 malformed candidate paths that failed the re-pricing check
2026-09-01 09:47:55,818 path set: 24668 paths over 17388/20000 OD pairs (86.7% of flow served), 121381 legs
2026-09-01 09:47:55,858 period early   : 24668 paths, 20000 OD pairs
2026-09-01 09:47:55,869 path enumeration: 20000 OD pairs, 636 origin zones, 3 scenarios, cap 4 paths/OD
2026-09-01 09:48:53,679 rejected 73 malformed candidate paths that failed the re-pricing check
2026-09-01 09:48:53,776 path set: 28763 paths over 19278/20000 OD pairs (96.2% of flow served), 141633 legs
2026-09-01 09:48:53,826 period am_peak : 28763 paths, 20000 OD pairs
2026-09-01 09:48:53,836 path enumeration: 20000 OD pairs, 636 origin zones, 3 scenarios, cap 4 paths/OD
2026-09-01 09:49:44,400 rejected 72 malformed candidate paths that failed the re-pricing check
2026-09-01 09:49:44,482 path set: 24099 paths over 17389/20000 OD pairs (86.7% of flow served), 118673 legs
2026-09-01 09:49:44,520 period midday  : 24099 paths, 20000 OD pairs
2026-09-01 09:49:44,530 path enumeration: 20000 OD pairs, 636 origin zones, 3 scenarios, cap 4 paths/OD
2026-09-01 09:50:40,450 rejected 121 malformed candidate paths that failed the re-pricing check
2026-09-01 09:50:40,548 path set: 28012 paths over 18673/20000 OD pairs (93.6% of flow served), 139792 legs
2026-09-01 09:50:40,596 period pm_peak : 28012 paths, 20000 OD pairs
2026-09-01 09:50:40,606 path enumeration: 20000 OD pairs, 636 origin zones, 3 scenarios, cap 4 paths/OD
2026-09-01 09:51:35,478 rejected 82 malformed candidate paths that failed the re-pricing check
2026-09-01 09:51:35,571 path set: 24060 paths over 17386/20000 OD pairs (86.6% of flow served), 118266 legs
2026-09-01 09:51:35,618 period evening : 24060 paths, 20000 OD pairs
2026-09-01 09:51:35,629 path enumeration: 20000 OD pairs, 636 origin zones, 3 scenarios, cap 4 paths/OD
2026-09-01 09:52:25,934 rejected 129 malformed candidate paths that failed the re-pricing check
2026-09-01 09:52:26,019 path set: 22669 paths over 17006/20000 OD pairs (85.1% of flow served), 111737 legs
2026-09-01 09:52:26,067 period owl     : 22669 paths, 20000 OD pairs
2026-09-01 09:52:26,068 locking 28 route-periods across 14 routes in classes ('peak_express',)
2026-09-01 09:52:26,103      incumbent rescaled x1.0000
2026-09-01 10:02:46,482 solve lambda=2.0: obj=2.95599e+06 vh=2515.9/2517.2 exchanges=36
2026-09-01 10:02:47,132 add_stop-141#2fc0aa211ecb                      seed 20260827 obj=2955992.590413 restarts=20 conv=True adm=True 941s
2026-09-01 10:02:47,134 stopping cleanly: 1180s needed for add_stop-141#2fc0aa211ecb/20260829, 658s left
2026-09-01 10:02:47,134 slice ran 1 cells
2026-09-01 10:02:49,611 3.1-stageB: 158 cells remaining, 78 in this shard
2026-09-01 10:02:49,705 cache hit  baseline-a5bf710e8b2c9129 (53.2 MB, 0.1s)
2026-09-01 10:02:49,740 cache hit  raptor-51c3309f35ffd25f (0.6 MB, 0.0s)
2026-09-01 10:02:49,741 cache hit  zones-77edf71b615ba370 (0.2 MB, 0.0s)
2026-09-01 10:02:49,742 cache hit  od-ba345b9cb167aecb (0.5 MB, 0.0s)
2026-09-01 10:02:49,760 route classes: {'all_day': 25, 'peak_express': 14}
2026-09-01 10:02:50,172 footpaths: 15573 links (9 from transfers.txt)
2026-09-01 10:02:50,180 raptor network: 2949 stops, 111 patterns, 15573 footpaths
2026-09-01 10:02:50,290 zones: 1397 (637 with transit access within 600 m), 3938 access links
2026-09-01 10:02:50,300 route classes: {'all_day': 25, 'peak_express': 14}
2026-09-01 10:02:50,363 evaluator pricing: common_lines=same_route (explicit)
2026-09-01 10:02:50,409 path enumeration: 20000 OD pairs, 636 origin zones, 3 scenarios, cap 4 paths/OD
2026-09-01 10:03:41,321 rejected 94 malformed candidate paths that failed the re-pricing check
2026-09-01 10:03:41,415 path set: 24668 paths over 17388/20000 OD pairs (86.7% of flow served), 121381 legs
2026-09-01 10:03:41,456 period early   : 24668 paths, 20000 OD pairs
2026-09-01 10:03:41,467 path enumeration: 20000 OD pairs, 636 origin zones, 3 scenarios, cap 4 paths/OD
2026-09-01 10:04:40,702 rejected 73 malformed candidate paths that failed the re-pricing check
2026-09-01 10:04:40,814 path set: 28763 paths over 19278/20000 OD pairs (96.2% of flow served), 141633 legs
2026-09-01 10:04:40,877 period am_peak : 28763 paths, 20000 OD pairs
2026-09-01 10:04:40,889 path enumeration: 20000 OD pairs, 636 origin zones, 3 scenarios, cap 4 paths/OD
2026-09-01 10:05:31,653 rejected 72 malformed candidate paths that failed the re-pricing check
2026-09-01 10:05:31,737 path set: 24099 paths over 17389/20000 OD pairs (86.7% of flow served), 118673 legs
2026-09-01 10:05:31,780 period midday  : 24099 paths, 20000 OD pairs
2026-09-01 10:05:31,790 path enumeration: 20000 OD pairs, 636 origin zones, 3 scenarios, cap 4 paths/OD
2026-09-01 10:06:27,174 rejected 121 malformed candidate paths that failed the re-pricing check
2026-09-01 10:06:27,279 path set: 28012 paths over 18673/20000 OD pairs (93.6% of flow served), 139792 legs
2026-09-01 10:06:27,332 period pm_peak : 28012 paths, 20000 OD pairs
2026-09-01 10:06:27,342 path enumeration: 20000 OD pairs, 636 origin zones, 3 scenarios, cap 4 paths/OD
2026-09-01 10:07:22,629 rejected 82 malformed candidate paths that failed the re-pricing check
2026-09-01 10:07:22,730 path set: 24060 paths over 17386/20000 OD pairs (86.6% of flow served), 118266 legs
2026-09-01 10:07:22,776 period evening : 24060 paths, 20000 OD pairs
2026-09-01 10:07:22,787 path enumeration: 20000 OD pairs, 636 origin zones, 3 scenarios, cap 4 paths/OD
2026-09-01 10:08:12,300 rejected 129 malformed candidate paths that failed the re-pricing check
2026-09-01 10:08:12,377 path set: 22669 paths over 17006/20000 OD pairs (85.1% of flow served), 111737 legs
2026-09-01 10:08:12,417 period owl     : 22669 paths, 20000 OD pairs
2026-09-01 10:08:12,417 locking 28 route-periods across 14 routes in classes ('peak_express',)
2026-09-01 10:08:12,448      incumbent rescaled x1.0000
2026-09-01 10:18:48,494 solve lambda=2.0: obj=2.95598e+06 vh=2516.3/2517.2 exchanges=38
2026-09-01 10:18:49,080 add_stop-141#2fc0aa211ecb                      seed 20260829 obj=2955984.155801 restarts=20 conv=True adm=True 959s
2026-09-01 10:18:49,083 stopping cleanly: 1180s needed for change_terminal-007-EMO4THW#16606ceb331e/20260826, 641s left
2026-09-01 10:18:49,083 slice ran 1 cells
2026-09-01 10:18:51,656 3.1-stageB: 155 cells remaining, 77 in this shard
2026-09-01 10:18:51,745 cache hit  baseline-a5bf710e8b2c9129 (53.2 MB, 0.1s)
2026-09-01 10:18:51,783 cache hit  raptor-51c3309f35ffd25f (0.6 MB, 0.0s)
2026-09-01 10:18:51,784 cache hit  zones-77edf71b615ba370 (0.2 MB, 0.0s)
2026-09-01 10:18:51,785 cache hit  od-ba345b9cb167aecb (0.5 MB, 0.0s)
2026-09-01 10:18:51,805 route classes: {'all_day': 25, 'peak_express': 14}
2026-09-01 10:18:52,232 footpaths: 15573 links (9 from transfers.txt)
2026-09-01 10:18:52,241 raptor network: 2949 stops, 111 patterns, 15573 footpaths
2026-09-01 10:18:52,356 zones: 1397 (637 with transit access within 600 m), 3938 access links
2026-09-01 10:18:52,365 route classes: {'all_day': 25, 'peak_express': 14}
2026-09-01 10:18:52,429 evaluator pricing: common_lines=same_route (explicit)
2026-09-01 10:18:52,473 path enumeration: 20000 OD pairs, 636 origin zones, 3 scenarios, cap 4 paths/OD
2026-09-01 10:19:43,272 rejected 94 malformed candidate paths that failed the re-pricing check
2026-09-01 10:19:43,357 path set: 24678 paths over 17388/20000 OD pairs (86.7% of flow served), 121441 legs
2026-09-01 10:19:43,397 period early   : 24678 paths, 20000 OD pairs
2026-09-01 10:19:43,407 path enumeration: 20000 OD pairs, 636 origin zones, 3 scenarios, cap 4 paths/OD
2026-09-01 10:20:41,497 rejected 73 malformed candidate paths that failed the re-pricing check
2026-09-01 10:20:41,605 path set: 28765 paths over 19278/20000 OD pairs (96.2% of flow served), 141651 legs
2026-09-01 10:20:41,685 period am_peak : 28765 paths, 20000 OD pairs
2026-09-01 10:20:41,698 path enumeration: 20000 OD pairs, 636 origin zones, 3 scenarios, cap 4 paths/OD
2026-09-01 10:21:33,113 rejected 72 malformed candidate paths that failed the re-pricing check
2026-09-01 10:21:33,203 path set: 24102 paths over 17389/20000 OD pairs (86.7% of flow served), 118729 legs
2026-09-01 10:21:33,245 period midday  : 24102 paths, 20000 OD pairs
2026-09-01 10:21:33,256 path enumeration: 20000 OD pairs, 636 origin zones, 3 scenarios, cap 4 paths/OD
2026-09-01 10:22:29,494 rejected 121 malformed candidate paths that failed the re-pricing check
2026-09-01 10:22:29,606 path set: 27988 paths over 18673/20000 OD pairs (93.6% of flow served), 139655 legs
2026-09-01 10:22:29,671 period pm_peak : 27988 paths, 20000 OD pairs
2026-09-01 10:22:29,683 path enumeration: 20000 OD pairs, 636 origin zones, 3 scenarios, cap 4 paths/OD
2026-09-01 10:23:24,782 rejected 82 malformed candidate paths that failed the re-pricing check
2026-09-01 10:23:24,870 path set: 24063 paths over 17386/20000 OD pairs (86.6% of flow served), 118300 legs
2026-09-01 10:23:24,913 period evening : 24063 paths, 20000 OD pairs
2026-09-01 10:23:24,924 path enumeration: 20000 OD pairs, 636 origin zones, 3 scenarios, cap 4 paths/OD
2026-09-01 10:24:14,358 rejected 137 malformed candidate paths that failed the re-pricing check
2026-09-01 10:24:14,443 path set: 22663 paths over 17006/20000 OD pairs (85.1% of flow served), 111711 legs
2026-09-01 10:24:14,486 period owl     : 22663 paths, 20000 OD pairs
2026-09-01 10:24:14,486 locking 28 route-periods across 14 routes in classes ('peak_express',)
2026-09-01 10:34:41,290 solve lambda=2.0: obj=2.9551e+06 vh=2515.0/2517.2 exchanges=0
2026-09-01 10:34:41,842 change_terminal-007-EMO4THW#16606ceb331e       seed 20260826 obj=2955100.084035 restarts=20 conv=True adm=True 950s
2026-09-01 10:34:41,846 stopping cleanly: 1180s needed for change_terminal-007-EMO4THW#16606ceb331e/20260828, 650s left
2026-09-01 10:34:41,846 slice ran 1 cells
2026-09-01 10:34:44,679 3.1-stageB: 153 cells remaining, 76 in this shard
2026-09-01 10:34:44,780 cache hit  baseline-a5bf710e8b2c9129 (53.2 MB, 0.1s)
2026-09-01 10:34:44,827 cache hit  raptor-51c3309f35ffd25f (0.6 MB, 0.0s)
2026-09-01 10:34:44,828 cache hit  zones-77edf71b615ba370 (0.2 MB, 0.0s)
2026-09-01 10:34:44,829 cache hit  od-ba345b9cb167aecb (0.5 MB, 0.0s)
2026-09-01 10:34:44,849 route classes: {'all_day': 25, 'peak_express': 14}
2026-09-01 10:34:45,289 footpaths: 15573 links (9 from transfers.txt)
2026-09-01 10:34:45,300 raptor network: 2949 stops, 111 patterns, 15573 footpaths
2026-09-01 10:34:45,420 zones: 1397 (637 with transit access within 600 m), 3938 access links
2026-09-01 10:34:45,430 route classes: {'all_day': 25, 'peak_express': 14}
2026-09-01 10:34:45,509 evaluator pricing: common_lines=same_route (explicit)
2026-09-01 10:34:45,583 path enumeration: 20000 OD pairs, 636 origin zones, 3 scenarios, cap 4 paths/OD
2026-09-01 10:35:37,428 rejected 94 malformed candidate paths that failed the re-pricing check
2026-09-01 10:35:37,530 path set: 24678 paths over 17388/20000 OD pairs (86.7% of flow served), 121441 legs
2026-09-01 10:35:37,578 period early   : 24678 paths, 20000 OD pairs
2026-09-01 10:35:37,592 path enumeration: 20000 OD pairs, 636 origin zones, 3 scenarios, cap 4 paths/OD
2026-09-01 10:36:34,287 rejected 73 malformed candidate paths that failed the re-pricing check
2026-09-01 10:36:34,392 path set: 28765 paths over 19278/20000 OD pairs (96.2% of flow served), 141651 legs
2026-09-01 10:36:34,444 period am_peak : 28765 paths, 20000 OD pairs
2026-09-01 10:36:34,454 path enumeration: 20000 OD pairs, 636 origin zones, 3 scenarios, cap 4 paths/OD
2026-09-01 10:37:25,736 rejected 72 malformed candidate paths that failed the re-pricing check
2026-09-01 10:37:25,819 path set: 24102 paths over 17389/20000 OD pairs (86.7% of flow served), 118729 legs
2026-09-01 10:37:25,860 period midday  : 24102 paths, 20000 OD pairs
2026-09-01 10:37:25,870 path enumeration: 20000 OD pairs, 636 origin zones, 3 scenarios, cap 4 paths/OD
2026-09-01 10:38:20,166 rejected 121 malformed candidate paths that failed the re-pricing check
2026-09-01 10:38:20,262 path set: 27988 paths over 18673/20000 OD pairs (93.6% of flow served), 139655 legs
2026-09-01 10:38:20,314 period pm_peak : 27988 paths, 20000 OD pairs
2026-09-01 10:38:20,325 path enumeration: 20000 OD pairs, 636 origin zones, 3 scenarios, cap 4 paths/OD
2026-09-01 10:39:16,276 rejected 82 malformed candidate paths that failed the re-pricing check
2026-09-01 10:39:16,359 path set: 24063 paths over 17386/20000 OD pairs (86.6% of flow served), 118300 legs
2026-09-01 10:39:16,399 period evening : 24063 paths, 20000 OD pairs
2026-09-01 10:39:16,409 path enumeration: 20000 OD pairs, 636 origin zones, 3 scenarios, cap 4 paths/OD
2026-09-01 10:40:04,616 rejected 137 malformed candidate paths that failed the re-pricing check
2026-09-01 10:40:04,707 path set: 22663 paths over 17006/20000 OD pairs (85.1% of flow served), 111711 legs
2026-09-01 10:40:04,746 period owl     : 22663 paths, 20000 OD pairs
2026-09-01 10:40:04,747 locking 28 route-periods across 14 routes in classes ('peak_express',)
2026-09-01 10:50:28,614 solve lambda=2.0: obj=2.9551e+06 vh=2515.3/2517.2 exchanges=41
2026-09-01 10:50:29,076 change_terminal-007-EMO4THW#16606ceb331e       seed 20260828 obj=2955096.230659 restarts=20 conv=True adm=True 944s
2026-09-01 10:50:30,422 stopping cleanly: 760s needed for change_terminal-023-EASHAMN#357bdf4fa511/20260825, 654s left
2026-09-01 10:50:30,423 slice ran 1 cells
2026-09-01 10:50:33,312 3.1-stageB: 151 cells remaining, 75 in this shard
2026-09-01 10:50:33,434 cache hit  baseline-a5bf710e8b2c9129 (53.2 MB, 0.1s)
2026-09-01 10:50:33,468 cache hit  raptor-51c3309f35ffd25f (0.6 MB, 0.0s)
2026-09-01 10:50:33,468 cache hit  zones-77edf71b615ba370 (0.2 MB, 0.0s)
2026-09-01 10:50:33,469 cache hit  od-ba345b9cb167aecb (0.5 MB, 0.0s)
2026-09-01 10:50:33,480 route classes: {'all_day': 25, 'peak_express': 14}
2026-09-01 10:50:33,985 footpaths: 15573 links (9 from transfers.txt)
2026-09-01 10:50:33,995 raptor network: 2949 stops, 111 patterns, 15573 footpaths
2026-09-01 10:50:34,107 zones: 1397 (637 with transit access within 600 m), 3938 access links
2026-09-01 10:50:34,115 route classes: {'all_day': 25, 'peak_express': 14}
2026-09-01 10:50:34,191 evaluator pricing: common_lines=same_route (explicit)
2026-09-01 10:50:34,198 period early   : 24679 paths, 20000 OD pairs
2026-09-01 10:50:34,205 period am_peak : 28770 paths, 20000 OD pairs
2026-09-01 10:50:34,210 period midday  : 24102 paths, 20000 OD pairs
2026-09-01 10:50:34,216 period pm_peak : 27995 paths, 20000 OD pairs
2026-09-01 10:50:34,221 period evening : 24061 paths, 20000 OD pairs
2026-09-01 10:50:34,226 period owl     : 22698 paths, 20000 OD pairs
2026-09-01 10:50:34,226 locking 28 route-periods across 14 routes in classes ('peak_express',)
2026-09-01 10:50:34,256      incumbent rescaled x1.0005
2026-09-01 11:00:04,116 solve lambda=2.0: obj=2.95577e+06 vh=2516.4/2517.2 exchanges=60
2026-09-01 11:00:04,135 change_terminal-023-EASHAMN#357bdf4fa511       seed 20260825 obj=2955767.786538 restarts=20 conv=True adm=True 570s
2026-09-01 11:00:04,138 stopping cleanly: 1180s needed for change_terminal-023-EASHAMN#357bdf4fa511/20260827, 1029s left
2026-09-01 11:00:04,138 slice ran 1 cells
2026-09-01 11:00:06,589 3.1-stageB: 149 cells remaining, 74 in this shard
2026-09-01 11:00:06,680 cache hit  baseline-a5bf710e8b2c9129 (53.2 MB, 0.1s)
2026-09-01 11:00:06,722 cache hit  raptor-51c3309f35ffd25f (0.6 MB, 0.0s)
2026-09-01 11:00:06,723 cache hit  zones-77edf71b615ba370 (0.2 MB, 0.0s)
2026-09-01 11:00:06,724 cache hit  od-ba345b9cb167aecb (0.5 MB, 0.0s)
2026-09-01 11:00:06,737 route classes: {'all_day': 25, 'peak_express': 14}
2026-09-01 11:00:07,138 footpaths: 15573 links (9 from transfers.txt)
2026-09-01 11:00:07,146 raptor network: 2949 stops, 111 patterns, 15573 footpaths
2026-09-01 11:00:07,254 zones: 1397 (637 with transit access within 600 m), 3938 access links
2026-09-01 11:00:07,262 route classes: {'all_day': 25, 'peak_express': 14}
2026-09-01 11:00:07,327 evaluator pricing: common_lines=same_route (explicit)
2026-09-01 11:00:07,372 path enumeration: 20000 OD pairs, 636 origin zones, 3 scenarios, cap 4 paths/OD
2026-09-01 11:00:58,603 rejected 91 malformed candidate paths that failed the re-pricing check
2026-09-01 11:00:58,691 path set: 24679 paths over 17389/20000 OD pairs (86.7% of flow served), 121500 legs
2026-09-01 11:00:58,734 period early   : 24679 paths, 20000 OD pairs
2026-09-01 11:00:58,744 path enumeration: 20000 OD pairs, 636 origin zones, 3 scenarios, cap 4 paths/OD
2026-09-01 11:01:55,584 rejected 70 malformed candidate paths that failed the re-pricing check
2026-09-01 11:01:55,687 path set: 28770 paths over 19279/20000 OD pairs (96.2% of flow served), 141769 legs
2026-09-01 11:01:55,738 period am_peak : 28770 paths, 20000 OD pairs
2026-09-01 11:01:55,750 path enumeration: 20000 OD pairs, 636 origin zones, 3 scenarios, cap 4 paths/OD
2026-09-01 11:02:46,840 rejected 69 malformed candidate paths that failed the re-pricing check
2026-09-01 11:02:46,927 path set: 24102 paths over 17390/20000 OD pairs (86.7% of flow served), 118812 legs
2026-09-01 11:02:46,969 period midday  : 24102 paths, 20000 OD pairs
2026-09-01 11:02:46,980 path enumeration: 20000 OD pairs, 636 origin zones, 3 scenarios, cap 4 paths/OD
2026-09-01 11:03:42,710 rejected 118 malformed candidate paths that failed the re-pricing check
2026-09-01 11:03:42,810 path set: 27995 paths over 18674/20000 OD pairs (93.6% of flow served), 139784 legs
2026-09-01 11:03:42,863 period pm_peak : 27995 paths, 20000 OD pairs
2026-09-01 11:03:42,874 path enumeration: 20000 OD pairs, 636 origin zones, 3 scenarios, cap 4 paths/OD
2026-09-01 11:04:36,232 rejected 79 malformed candidate paths that failed the re-pricing check
2026-09-01 11:04:36,327 path set: 24061 paths over 17387/20000 OD pairs (86.7% of flow served), 118377 legs
2026-09-01 11:04:36,381 period evening : 24061 paths, 20000 OD pairs
2026-09-01 11:04:36,394 path enumeration: 20000 OD pairs, 636 origin zones, 3 scenarios, cap 4 paths/OD
2026-09-01 11:05:25,410 rejected 126 malformed candidate paths that failed the re-pricing check
2026-09-01 11:05:25,493 path set: 22698 paths over 17007/20000 OD pairs (85.1% of flow served), 111991 legs
2026-09-01 11:05:25,531 period owl     : 22698 paths, 20000 OD pairs
2026-09-01 11:05:25,532 locking 28 route-periods across 14 routes in classes ('peak_express',)
2026-09-01 11:05:25,563      incumbent rescaled x1.0005
2026-09-01 11:15:11,040 solve lambda=2.0: obj=2.95591e+06 vh=2515.6/2517.2 exchanges=0
2026-09-01 11:15:11,312 change_terminal-023-EASHAMN#357bdf4fa511       seed 20260827 obj=2955913.398986 restarts=20 conv=True adm=True 904s
2026-09-01 11:15:11,314 stopping cleanly: 1180s needed for change_terminal-023-EASHAMN#357bdf4fa511/20260829, 695s left
2026-09-01 11:15:11,314 slice ran 1 cells
2026-09-01 11:15:13,753 3.1-stageB: 147 cells remaining, 73 in this shard
2026-09-01 11:15:13,837 cache hit  baseline-a5bf710e8b2c9129 (53.2 MB, 0.1s)
2026-09-01 11:15:13,872 cache hit  raptor-51c3309f35ffd25f (0.6 MB, 0.0s)
2026-09-01 11:15:13,873 cache hit  zones-77edf71b615ba370 (0.2 MB, 0.0s)
2026-09-01 11:15:13,874 cache hit  od-ba345b9cb167aecb (0.5 MB, 0.0s)
2026-09-01 11:15:13,884 route classes: {'all_day': 25, 'peak_express': 14}
2026-09-01 11:15:14,263 footpaths: 15573 links (9 from transfers.txt)
2026-09-01 11:15:14,271 raptor network: 2949 stops, 111 patterns, 15573 footpaths
2026-09-01 11:15:14,378 zones: 1397 (637 with transit access within 600 m), 3938 access links
2026-09-01 11:15:14,386 route classes: {'all_day': 25, 'peak_express': 14}
2026-09-01 11:15:14,447 evaluator pricing: common_lines=same_route (explicit)
2026-09-01 11:15:14,491 path enumeration: 20000 OD pairs, 636 origin zones, 3 scenarios, cap 4 paths/OD
2026-09-01 11:16:03,819 rejected 91 malformed candidate paths that failed the re-pricing check
2026-09-01 11:16:03,902 path set: 24679 paths over 17389/20000 OD pairs (86.7% of flow served), 121500 legs
2026-09-01 11:16:03,941 period early   : 24679 paths, 20000 OD pairs
2026-09-01 11:16:03,951 path enumeration: 20000 OD pairs, 636 origin zones, 3 scenarios, cap 4 paths/OD
2026-09-01 11:17:01,902 rejected 70 malformed candidate paths that failed the re-pricing check
2026-09-01 11:17:02,019 path set: 28770 paths over 19279/20000 OD pairs (96.2% of flow served), 141769 legs
2026-09-01 11:17:02,089 period am_peak : 28770 paths, 20000 OD pairs
2026-09-01 11:17:02,101 path enumeration: 20000 OD pairs, 636 origin zones, 3 scenarios, cap 4 paths/OD
2026-09-01 11:17:52,678 rejected 69 malformed candidate paths that failed the re-pricing check
2026-09-01 11:17:52,759 path set: 24102 paths over 17390/20000 OD pairs (86.7% of flow served), 118812 legs
2026-09-01 11:17:52,800 period midday  : 24102 paths, 20000 OD pairs
2026-09-01 11:17:52,811 path enumeration: 20000 OD pairs, 636 origin zones, 3 scenarios, cap 4 paths/OD
2026-09-01 11:18:47,477 rejected 118 malformed candidate paths that failed the re-pricing check
2026-09-01 11:18:47,575 path set: 27995 paths over 18674/20000 OD pairs (93.6% of flow served), 139784 legs
2026-09-01 11:18:47,625 period pm_peak : 27995 paths, 20000 OD pairs
2026-09-01 11:18:47,636 path enumeration: 20000 OD pairs, 636 origin zones, 3 scenarios, cap 4 paths/OD
2026-09-01 11:19:39,823 rejected 79 malformed candidate paths that failed the re-pricing check
2026-09-01 11:19:39,909 path set: 24061 paths over 17387/20000 OD pairs (86.7% of flow served), 118377 legs
2026-09-01 11:19:39,952 period evening : 24061 paths, 20000 OD pairs
2026-09-01 11:19:39,963 path enumeration: 20000 OD pairs, 636 origin zones, 3 scenarios, cap 4 paths/OD
2026-09-01 11:20:28,745 rejected 126 malformed candidate paths that failed the re-pricing check
2026-09-01 11:20:28,825 path set: 22698 paths over 17007/20000 OD pairs (85.1% of flow served), 111991 legs
2026-09-01 11:20:28,866 period owl     : 22698 paths, 20000 OD pairs
2026-09-01 11:20:28,866 locking 28 route-periods across 14 routes in classes ('peak_express',)
2026-09-01 11:20:28,898      incumbent rescaled x1.0005
2026-09-01 11:45:56,696 3.1-stageB: 147 cells remaining, 73 in this shard
2026-09-01 11:45:58,691 cache hit  baseline-a5bf710e8b2c9129 (53.2 MB, 2.0s)
2026-09-01 11:45:59,116 cache hit  raptor-51c3309f35ffd25f (0.6 MB, 0.1s)
2026-09-01 11:45:59,208 cache hit  zones-77edf71b615ba370 (0.2 MB, 0.1s)
2026-09-01 11:45:59,210 cache hit  od-ba345b9cb167aecb (0.5 MB, 0.0s)
2026-09-01 11:45:59,232 route classes: {'all_day': 25, 'peak_express': 14}
2026-09-01 11:45:59,744 footpaths: 15573 links (9 from transfers.txt)
2026-09-01 11:45:59,753 raptor network: 2949 stops, 111 patterns, 15573 footpaths
2026-09-01 11:45:59,847 zones: 1397 (637 with transit access within 600 m), 3938 access links
2026-09-01 11:45:59,855 route classes: {'all_day': 25, 'peak_express': 14}
2026-09-01 11:45:59,912 evaluator pricing: common_lines=same_route (explicit)
2026-09-01 11:45:59,963 path enumeration: 20000 OD pairs, 636 origin zones, 3 scenarios, cap 4 paths/OD
2026-09-01 11:46:40,710 rejected 91 malformed candidate paths that failed the re-pricing check
2026-09-01 11:46:40,848 path set: 24679 paths over 17389/20000 OD pairs (86.7% of flow served), 121500 legs
2026-09-01 11:46:40,891 period early   : 24679 paths, 20000 OD pairs
2026-09-01 11:46:40,901 path enumeration: 20000 OD pairs, 636 origin zones, 3 scenarios, cap 4 paths/OD
2026-09-01 11:47:27,661 rejected 70 malformed candidate paths that failed the re-pricing check
2026-09-01 11:47:27,869 path set: 28770 paths over 19279/20000 OD pairs (96.2% of flow served), 141769 legs
2026-09-01 11:47:27,923 period am_peak : 28770 paths, 20000 OD pairs
2026-09-01 11:47:27,934 path enumeration: 20000 OD pairs, 636 origin zones, 3 scenarios, cap 4 paths/OD
2026-09-01 11:48:09,467 rejected 69 malformed candidate paths that failed the re-pricing check
2026-09-01 11:48:09,589 path set: 24102 paths over 17390/20000 OD pairs (86.7% of flow served), 118812 legs
2026-09-01 11:48:09,635 period midday  : 24102 paths, 20000 OD pairs
2026-09-01 11:48:09,645 path enumeration: 20000 OD pairs, 636 origin zones, 3 scenarios, cap 4 paths/OD
2026-09-01 11:48:55,505 rejected 118 malformed candidate paths that failed the re-pricing check
2026-09-01 11:48:55,689 path set: 27995 paths over 18674/20000 OD pairs (93.6% of flow served), 139784 legs
2026-09-01 11:48:55,741 period pm_peak : 27995 paths, 20000 OD pairs
2026-09-01 11:48:55,752 path enumeration: 20000 OD pairs, 636 origin zones, 3 scenarios, cap 4 paths/OD
2026-09-01 11:49:39,526 rejected 79 malformed candidate paths that failed the re-pricing check
2026-09-01 11:49:39,610 path set: 24061 paths over 17387/20000 OD pairs (86.7% of flow served), 118377 legs
2026-09-01 11:49:39,654 period evening : 24061 paths, 20000 OD pairs
2026-09-01 11:49:39,664 path enumeration: 20000 OD pairs, 636 origin zones, 3 scenarios, cap 4 paths/OD
2026-09-01 11:50:22,495 rejected 126 malformed candidate paths that failed the re-pricing check
2026-09-01 11:50:22,582 path set: 22698 paths over 17007/20000 OD pairs (85.1% of flow served), 111991 legs
2026-09-01 11:50:22,625 period owl     : 22698 paths, 20000 OD pairs
2026-09-01 11:50:22,625 locking 28 route-periods across 14 routes in classes ('peak_express',)
2026-09-01 11:50:22,791      incumbent rescaled x1.0005
2026-09-01 20:50:50,275 3.1-stageB: 147 cells remaining, 73 in this shard
2026-09-01 20:50:51,999 cache hit  baseline-a5bf710e8b2c9129 (53.2 MB, 1.7s)
2026-09-01 20:50:52,590 cache hit  raptor-51c3309f35ffd25f (0.6 MB, 0.1s)
2026-09-01 20:50:52,687 cache hit  zones-77edf71b615ba370 (0.2 MB, 0.0s)
2026-09-01 20:50:52,689 cache hit  od-ba345b9cb167aecb (0.5 MB, 0.0s)
2026-09-01 20:50:52,728 route classes: {'all_day': 25, 'peak_express': 14}
2026-09-01 20:50:53,445 footpaths: 15573 links (9 from transfers.txt)
2026-09-01 20:50:53,456 raptor network: 2949 stops, 111 patterns, 15573 footpaths
2026-09-01 20:50:53,573 zones: 1397 (637 with transit access within 600 m), 3938 access links
2026-09-01 20:50:53,582 route classes: {'all_day': 25, 'peak_express': 14}
2026-09-01 20:50:53,657 evaluator pricing: common_lines=same_route (explicit)
2026-09-01 20:50:53,716 path enumeration: 20000 OD pairs, 636 origin zones, 3 scenarios, cap 4 paths/OD
2026-09-01 20:51:40,074 rejected 91 malformed candidate paths that failed the re-pricing check
2026-09-01 20:51:40,177 path set: 24679 paths over 17389/20000 OD pairs (86.7% of flow served), 121500 legs
2026-09-01 20:51:40,225 period early   : 24679 paths, 20000 OD pairs
2026-09-01 20:51:40,235 path enumeration: 20000 OD pairs, 636 origin zones, 3 scenarios, cap 4 paths/OD
2026-09-01 20:52:31,023 rejected 70 malformed candidate paths that failed the re-pricing check
2026-09-01 20:52:31,228 path set: 28770 paths over 19279/20000 OD pairs (96.2% of flow served), 141769 legs
2026-09-01 20:52:31,289 period am_peak : 28770 paths, 20000 OD pairs
2026-09-01 20:52:31,300 path enumeration: 20000 OD pairs, 636 origin zones, 3 scenarios, cap 4 paths/OD
2026-09-01 20:53:16,584 rejected 69 malformed candidate paths that failed the re-pricing check
2026-09-01 20:53:16,700 path set: 24102 paths over 17390/20000 OD pairs (86.7% of flow served), 118812 legs
2026-09-01 20:53:16,745 period midday  : 24102 paths, 20000 OD pairs
2026-09-01 20:53:16,756 path enumeration: 20000 OD pairs, 636 origin zones, 3 scenarios, cap 4 paths/OD
2026-09-01 20:54:05,412 rejected 118 malformed candidate paths that failed the re-pricing check
2026-09-01 20:54:05,590 path set: 27995 paths over 18674/20000 OD pairs (93.6% of flow served), 139784 legs
2026-09-01 20:54:05,655 period pm_peak : 27995 paths, 20000 OD pairs
2026-09-01 20:54:05,666 path enumeration: 20000 OD pairs, 636 origin zones, 3 scenarios, cap 4 paths/OD
2026-09-01 20:54:52,433 rejected 79 malformed candidate paths that failed the re-pricing check
2026-09-01 20:54:52,527 path set: 24061 paths over 17387/20000 OD pairs (86.7% of flow served), 118377 legs
2026-09-01 20:54:52,572 period evening : 24061 paths, 20000 OD pairs
2026-09-01 20:54:52,583 path enumeration: 20000 OD pairs, 636 origin zones, 3 scenarios, cap 4 paths/OD
2026-09-01 20:55:36,294 rejected 126 malformed candidate paths that failed the re-pricing check
2026-09-01 20:55:36,432 path set: 22698 paths over 17007/20000 OD pairs (85.1% of flow served), 111991 legs
2026-09-01 20:55:36,477 period owl     : 22698 paths, 20000 OD pairs
2026-09-01 20:55:36,477 locking 28 route-periods across 14 routes in classes ('peak_express',)
2026-09-01 20:55:36,616      incumbent rescaled x1.0005
2026-09-01 21:06:19,852 solve lambda=2.0: obj=2.95591e+06 vh=2516.1/2517.2 exchanges=40
2026-09-01 21:06:20,569 change_terminal-023-EASHAMN#357bdf4fa511       seed 20260829 obj=2955913.376066 restarts=20 conv=True adm=True 927s
2026-09-01 21:06:20,572 stopping cleanly: 1180s needed for change_terminal-101-EMO4THW#56a30c84c920/20260826, 670s left
2026-09-01 21:06:20,572 slice ran 1 cells
2026-09-01 21:06:23,285 3.1-stageB: 145 cells remaining, 72 in this shard
2026-09-01 21:06:23,394 cache hit  baseline-a5bf710e8b2c9129 (53.2 MB, 0.1s)
2026-09-01 21:06:23,430 cache hit  raptor-51c3309f35ffd25f (0.6 MB, 0.0s)
2026-09-01 21:06:23,430 cache hit  zones-77edf71b615ba370 (0.2 MB, 0.0s)
2026-09-01 21:06:23,431 cache hit  od-ba345b9cb167aecb (0.5 MB, 0.0s)
2026-09-01 21:06:23,453 route classes: {'all_day': 25, 'peak_express': 14}
2026-09-01 21:06:23,816 footpaths: 15573 links (9 from transfers.txt)
2026-09-01 21:06:23,825 raptor network: 2949 stops, 111 patterns, 15573 footpaths
2026-09-01 21:06:23,938 zones: 1397 (637 with transit access within 600 m), 3938 access links
2026-09-01 21:06:23,949 route classes: {'all_day': 25, 'peak_express': 14}
2026-09-01 21:06:24,017 evaluator pricing: common_lines=same_route (explicit)
2026-09-01 21:06:24,072 path enumeration: 20000 OD pairs, 636 origin zones, 3 scenarios, cap 4 paths/OD
2026-09-01 21:07:07,309 rejected 93 malformed candidate paths that failed the re-pricing check
2026-09-01 21:07:07,403 path set: 24686 paths over 17388/20000 OD pairs (86.7% of flow served), 121466 legs
2026-09-01 21:07:07,446 period early   : 24686 paths, 20000 OD pairs
2026-09-01 21:07:07,457 path enumeration: 20000 OD pairs, 636 origin zones, 3 scenarios, cap 4 paths/OD
2026-09-01 21:07:56,550 rejected 72 malformed candidate paths that failed the re-pricing check
2026-09-01 21:07:56,671 path set: 28785 paths over 19278/20000 OD pairs (96.2% of flow served), 141756 legs
2026-09-01 21:07:56,724 period am_peak : 28785 paths, 20000 OD pairs
2026-09-01 21:07:56,735 path enumeration: 20000 OD pairs, 636 origin zones, 3 scenarios, cap 4 paths/OD
2026-09-01 21:08:40,743 rejected 71 malformed candidate paths that failed the re-pricing check
2026-09-01 21:08:40,856 path set: 24115 paths over 17389/20000 OD pairs (86.7% of flow served), 118797 legs
2026-09-01 21:08:40,906 period midday  : 24115 paths, 20000 OD pairs
2026-09-01 21:08:40,917 path enumeration: 20000 OD pairs, 636 origin zones, 3 scenarios, cap 4 paths/OD
2026-09-01 21:09:29,218 rejected 120 malformed candidate paths that failed the re-pricing check
2026-09-01 21:09:29,334 path set: 28007 paths over 18673/20000 OD pairs (93.6% of flow served), 139758 legs
2026-09-01 21:09:29,388 period pm_peak : 28007 paths, 20000 OD pairs
2026-09-01 21:09:29,399 path enumeration: 20000 OD pairs, 636 origin zones, 3 scenarios, cap 4 paths/OD
2026-09-01 21:10:16,252 rejected 82 malformed candidate paths that failed the re-pricing check
2026-09-01 21:10:16,370 path set: 24077 paths over 17386/20000 OD pairs (86.6% of flow served), 118369 legs
2026-09-01 21:10:16,418 period evening : 24077 paths, 20000 OD pairs
2026-09-01 21:10:16,429 path enumeration: 20000 OD pairs, 636 origin zones, 3 scenarios, cap 4 paths/OD
2026-09-01 21:11:02,474 rejected 129 malformed candidate paths that failed the re-pricing check
2026-09-01 21:11:02,569 path set: 22679 paths over 17006/20000 OD pairs (85.1% of flow served), 111780 legs
2026-09-01 21:11:02,610 period owl     : 22679 paths, 20000 OD pairs
2026-09-01 21:11:02,610 locking 28 route-periods across 14 routes in classes ('peak_express',)
2026-09-01 21:20:53,612 solve lambda=2.0: obj=2.95546e+06 vh=2515.4/2517.2 exchanges=0
2026-09-01 21:20:54,322 change_terminal-101-EMO4THW#56a30c84c920       seed 20260826 obj=2955456.516353 restarts=20 conv=True adm=True 871s
2026-09-01 21:20:54,325 stopping cleanly: 1180s needed for change_terminal-101-EMO4THW#56a30c84c920/20260828, 729s left
2026-09-01 21:20:54,325 slice ran 1 cells
2026-09-01 21:20:56,834 3.1-stageB: 143 cells remaining, 71 in this shard
2026-09-01 21:20:56,929 cache hit  baseline-a5bf710e8b2c9129 (53.2 MB, 0.1s)
2026-09-01 21:20:56,972 cache hit  raptor-51c3309f35ffd25f (0.6 MB, 0.0s)
2026-09-01 21:20:56,973 cache hit  zones-77edf71b615ba370 (0.2 MB, 0.0s)
2026-09-01 21:20:56,974 cache hit  od-ba345b9cb167aecb (0.5 MB, 0.0s)
2026-09-01 21:20:56,996 route classes: {'all_day': 25, 'peak_express': 14}
2026-09-01 21:20:57,378 footpaths: 15573 links (9 from transfers.txt)
2026-09-01 21:20:57,386 raptor network: 2949 stops, 111 patterns, 15573 footpaths
2026-09-01 21:20:57,494 zones: 1397 (637 with transit access within 600 m), 3938 access links
2026-09-01 21:20:57,508 route classes: {'all_day': 25, 'peak_express': 14}
2026-09-01 21:20:57,589 evaluator pricing: common_lines=same_route (explicit)
2026-09-01 21:20:57,641 path enumeration: 20000 OD pairs, 636 origin zones, 3 scenarios, cap 4 paths/OD
2026-09-01 21:21:40,033 rejected 93 malformed candidate paths that failed the re-pricing check
2026-09-01 21:21:40,128 path set: 24686 paths over 17388/20000 OD pairs (86.7% of flow served), 121466 legs
2026-09-01 21:21:40,162 period early   : 24686 paths, 20000 OD pairs
2026-09-01 21:21:40,171 path enumeration: 20000 OD pairs, 636 origin zones, 3 scenarios, cap 4 paths/OD
2026-09-01 21:22:28,626 rejected 72 malformed candidate paths that failed the re-pricing check
2026-09-01 21:22:28,751 path set: 28785 paths over 19278/20000 OD pairs (96.2% of flow served), 141756 legs
2026-09-01 21:22:28,826 period am_peak : 28785 paths, 20000 OD pairs
2026-09-01 21:22:28,842 path enumeration: 20000 OD pairs, 636 origin zones, 3 scenarios, cap 4 paths/OD
2026-09-01 21:23:12,353 rejected 71 malformed candidate paths that failed the re-pricing check
2026-09-01 21:23:12,445 path set: 24115 paths over 17389/20000 OD pairs (86.7% of flow served), 118797 legs
2026-09-01 21:23:12,480 period midday  : 24115 paths, 20000 OD pairs
2026-09-01 21:23:12,491 path enumeration: 20000 OD pairs, 636 origin zones, 3 scenarios, cap 4 paths/OD
2026-09-01 21:28:57,431 3.1-stageB: 143 cells remaining, 71 in this shard
2026-09-01 21:28:58,466 cache hit  baseline-a5bf710e8b2c9129 (53.2 MB, 1.0s)
2026-09-01 21:28:58,619 cache hit  raptor-51c3309f35ffd25f (0.6 MB, 0.0s)
2026-09-01 21:28:58,622 cache hit  zones-77edf71b615ba370 (0.2 MB, 0.0s)
2026-09-01 21:28:58,628 cache hit  od-ba345b9cb167aecb (0.5 MB, 0.0s)
2026-09-01 21:28:58,655 route classes: {'all_day': 25, 'peak_express': 14}
2026-09-01 21:28:59,116 footpaths: 15573 links (9 from transfers.txt)
2026-09-01 21:28:59,127 raptor network: 2949 stops, 111 patterns, 15573 footpaths
2026-09-01 21:28:59,222 zones: 1397 (637 with transit access within 600 m), 3938 access links
2026-09-01 21:28:59,231 route classes: {'all_day': 25, 'peak_express': 14}
2026-09-01 21:28:59,301 evaluator pricing: common_lines=same_route (explicit)
2026-09-01 21:28:59,375 path enumeration: 20000 OD pairs, 636 origin zones, 3 scenarios, cap 4 paths/OD
2026-09-01 21:29:44,069 rejected 93 malformed candidate paths that failed the re-pricing check
2026-09-01 21:29:44,259 path set: 24686 paths over 17388/20000 OD pairs (86.7% of flow served), 121466 legs
2026-09-01 21:29:44,301 period early   : 24686 paths, 20000 OD pairs
2026-09-01 21:29:44,312 path enumeration: 20000 OD pairs, 636 origin zones, 3 scenarios, cap 4 paths/OD
2026-09-01 21:30:32,528 rejected 72 malformed candidate paths that failed the re-pricing check
2026-09-01 21:30:33,052 path set: 28785 paths over 19278/20000 OD pairs (96.2% of flow served), 141756 legs
2026-09-01 21:30:33,106 period am_peak : 28785 paths, 20000 OD pairs
2026-09-01 21:30:33,116 path enumeration: 20000 OD pairs, 636 origin zones, 3 scenarios, cap 4 paths/OD
2026-09-01 21:31:16,437 rejected 71 malformed candidate paths that failed the re-pricing check
2026-09-01 21:31:16,601 path set: 24115 paths over 17389/20000 OD pairs (86.7% of flow served), 118797 legs
2026-09-01 21:31:16,645 period midday  : 24115 paths, 20000 OD pairs
2026-09-01 21:31:16,655 path enumeration: 20000 OD pairs, 636 origin zones, 3 scenarios, cap 4 paths/OD
2026-09-01 21:32:04,427 rejected 120 malformed candidate paths that failed the re-pricing check
2026-09-01 21:32:04,674 path set: 28007 paths over 18673/20000 OD pairs (93.6% of flow served), 139758 legs
2026-09-01 21:32:04,738 period pm_peak : 28007 paths, 20000 OD pairs
2026-09-01 21:32:04,749 path enumeration: 20000 OD pairs, 636 origin zones, 3 scenarios, cap 4 paths/OD
2026-09-01 21:32:51,629 rejected 82 malformed candidate paths that failed the re-pricing check
2026-09-01 21:32:51,779 path set: 24077 paths over 17386/20000 OD pairs (86.6% of flow served), 118369 legs
2026-09-01 21:32:51,822 period evening : 24077 paths, 20000 OD pairs
2026-09-01 21:32:51,832 path enumeration: 20000 OD pairs, 636 origin zones, 3 scenarios, cap 4 paths/OD
2026-09-01 21:33:34,600 rejected 129 malformed candidate paths that failed the re-pricing check
2026-09-01 21:33:34,734 path set: 22679 paths over 17006/20000 OD pairs (85.1% of flow served), 111780 legs
2026-09-01 21:33:34,775 period owl     : 22679 paths, 20000 OD pairs
2026-09-01 21:33:34,775 locking 28 route-periods across 14 routes in classes ('peak_express',)
2026-09-01 21:43:32,306 solve lambda=2.0: obj=2.95546e+06 vh=2515.4/2517.2 exchanges=0
2026-09-01 21:43:32,937 change_terminal-101-EMO4THW#56a30c84c920       seed 20260828 obj=2955456.516353 restarts=20 conv=True adm=True 874s
2026-09-01 21:43:34,077 stopping cleanly: 760s needed for change_terminal-141-STAHIGW#b5ce9b1e03b5/20260825, 723s left
2026-09-01 21:43:34,077 slice ran 1 cells
2026-09-01 21:43:36,644 3.1-stageB: 141 cells remaining, 70 in this shard
2026-09-01 21:43:36,822 cache hit  baseline-a5bf710e8b2c9129 (53.2 MB, 0.2s)
2026-09-01 21:43:36,872 cache hit  raptor-51c3309f35ffd25f (0.6 MB, 0.0s)
2026-09-01 21:43:36,873 cache hit  zones-77edf71b615ba370 (0.2 MB, 0.0s)
2026-09-01 21:43:36,874 cache hit  od-ba345b9cb167aecb (0.5 MB, 0.0s)
2026-09-01 21:43:36,885 route classes: {'all_day': 25, 'peak_express': 14}
2026-09-01 21:43:37,494 footpaths: 15560 links (8 from transfers.txt)
2026-09-01 21:43:37,502 raptor network: 2948 stops, 111 patterns, 15560 footpaths
2026-09-01 21:43:37,603 zones: 1397 (637 with transit access within 600 m), 3938 access links
2026-09-01 21:43:37,612 route classes: {'all_day': 25, 'peak_express': 14}
2026-09-01 21:43:37,674 evaluator pricing: common_lines=same_route (explicit)
2026-09-01 21:43:37,681 period early   : 24666 paths, 20000 OD pairs
2026-09-01 21:43:37,686 period am_peak : 28763 paths, 20000 OD pairs
2026-09-01 21:43:37,691 period midday  : 24098 paths, 20000 OD pairs
2026-09-01 21:43:37,696 period pm_peak : 28015 paths, 20000 OD pairs
2026-09-01 21:43:37,701 period evening : 24048 paths, 20000 OD pairs
2026-09-01 21:43:37,706 period owl     : 22662 paths, 20000 OD pairs
2026-09-01 21:43:37,706 locking 28 route-periods across 14 routes in classes ('peak_express',)
2026-09-01 21:43:37,735      incumbent rescaled x1.0001
2026-09-01 21:53:25,611 solve lambda=2.0: obj=2.95575e+06 vh=2515.1/2517.2 exchanges=0
2026-09-01 21:53:25,630 change_terminal-141-STAHIGW#b5ce9b1e03b5       seed 20260825 obj=2955749.902083 restarts=20 conv=True adm=True 588s
2026-09-01 21:53:25,631 stopping cleanly: 1180s needed for change_terminal-141-STAHIGW#b5ce9b1e03b5/20260827, 1011s left
2026-09-01 21:53:25,631 slice ran 1 cells
2026-09-01 21:53:28,440 3.1-stageB: 140 cells remaining, 69 in this shard
2026-09-01 21:53:28,550 cache hit  baseline-a5bf710e8b2c9129 (53.2 MB, 0.1s)
2026-09-01 21:53:28,598 cache hit  raptor-51c3309f35ffd25f (0.6 MB, 0.0s)
2026-09-01 21:53:28,599 cache hit  zones-77edf71b615ba370 (0.2 MB, 0.0s)
2026-09-01 21:53:28,600 cache hit  od-ba345b9cb167aecb (0.5 MB, 0.0s)
2026-09-01 21:53:28,637 route classes: {'all_day': 25, 'peak_express': 14}
2026-09-01 21:53:29,088 footpaths: 15560 links (8 from transfers.txt)
2026-09-01 21:53:29,098 raptor network: 2948 stops, 111 patterns, 15560 footpaths
2026-09-01 21:53:29,217 zones: 1397 (637 with transit access within 600 m), 3938 access links
2026-09-01 21:53:29,228 route classes: {'all_day': 25, 'peak_express': 14}
2026-09-01 21:53:29,300 evaluator pricing: common_lines=same_route (explicit)
2026-09-01 21:53:29,362 path enumeration: 20000 OD pairs, 636 origin zones, 3 scenarios, cap 4 paths/OD
2026-09-01 21:54:15,024 rejected 94 malformed candidate paths that failed the re-pricing check
2026-09-01 21:54:15,115 path set: 24666 paths over 17388/20000 OD pairs (86.7% of flow served), 121378 legs
2026-09-01 21:54:15,148 period early   : 24666 paths, 20000 OD pairs
2026-09-01 21:54:15,158 path enumeration: 20000 OD pairs, 636 origin zones, 3 scenarios, cap 4 paths/OD
2026-09-01 21:55:04,020 rejected 81 malformed candidate paths that failed the re-pricing check
2026-09-01 21:55:04,260 path set: 28763 paths over 19278/20000 OD pairs (96.2% of flow served), 141585 legs
2026-09-01 21:55:04,315 period am_peak : 28763 paths, 20000 OD pairs
2026-09-01 21:55:04,326 path enumeration: 20000 OD pairs, 636 origin zones, 3 scenarios, cap 4 paths/OD
2026-09-01 21:55:48,020 rejected 73 malformed candidate paths that failed the re-pricing check
2026-09-01 21:55:48,115 path set: 24098 paths over 17389/20000 OD pairs (86.7% of flow served), 118674 legs
2026-09-01 21:55:48,150 period midday  : 24098 paths, 20000 OD pairs
2026-09-01 21:55:48,161 path enumeration: 20000 OD pairs, 636 origin zones, 3 scenarios, cap 4 paths/OD
2026-09-01 21:56:34,575 rejected 122 malformed candidate paths that failed the re-pricing check
2026-09-01 21:56:34,739 path set: 28015 paths over 18673/20000 OD pairs (93.6% of flow served), 139759 legs
2026-09-01 21:56:34,788 period pm_peak : 28015 paths, 20000 OD pairs
2026-09-01 21:56:34,798 path enumeration: 20000 OD pairs, 636 origin zones, 3 scenarios, cap 4 paths/OD
2026-09-01 21:57:19,969 rejected 82 malformed candidate paths that failed the re-pricing check
2026-09-01 21:57:20,154 path set: 24048 paths over 17386/20000 OD pairs (86.6% of flow served), 118189 legs
2026-09-01 21:57:20,198 period evening : 24048 paths, 20000 OD pairs
2026-09-01 21:57:20,208 path enumeration: 20000 OD pairs, 636 origin zones, 3 scenarios, cap 4 paths/OD
2026-09-01 21:58:01,278 rejected 129 malformed candidate paths that failed the re-pricing check
2026-09-01 21:58:01,363 path set: 22662 paths over 17006/20000 OD pairs (85.1% of flow served), 111687 legs
2026-09-01 21:58:01,397 period owl     : 22662 paths, 20000 OD pairs
2026-09-01 21:58:01,397 locking 28 route-periods across 14 routes in classes ('peak_express',)
2026-09-01 21:58:01,430      incumbent rescaled x1.0001
2026-09-01 22:07:09,564 solve lambda=2.0: obj=2.95575e+06 vh=2515.1/2517.2 exchanges=0
2026-09-01 22:07:10,085 change_terminal-141-STAHIGW#b5ce9b1e03b5       seed 20260827 obj=2955749.902083 restarts=20 conv=True adm=True 821s
2026-09-01 22:07:10,089 stopping cleanly: 1180s needed for change_terminal-141-STAHIGW#b5ce9b1e03b5/20260829, 778s left
2026-09-01 22:07:10,089 slice ran 1 cells
2026-09-01 22:07:12,558 3.1-stageB: 138 cells remaining, 68 in this shard
2026-09-01 22:07:12,667 cache hit  baseline-a5bf710e8b2c9129 (53.2 MB, 0.1s)
2026-09-01 22:07:12,698 cache hit  raptor-51c3309f35ffd25f (0.6 MB, 0.0s)
2026-09-01 22:07:12,699 cache hit  zones-77edf71b615ba370 (0.2 MB, 0.0s)
2026-09-01 22:07:12,700 cache hit  od-ba345b9cb167aecb (0.5 MB, 0.0s)
2026-09-01 22:07:12,718 route classes: {'all_day': 25, 'peak_express': 14}
2026-09-01 22:07:13,111 footpaths: 15560 links (8 from transfers.txt)
2026-09-01 22:07:13,122 raptor network: 2948 stops, 111 patterns, 15560 footpaths
2026-09-01 22:07:13,243 zones: 1397 (637 with transit access within 600 m), 3938 access links
2026-09-01 22:07:13,254 route classes: {'all_day': 25, 'peak_express': 14}
2026-09-01 22:07:13,334 evaluator pricing: common_lines=same_route (explicit)
2026-09-01 22:07:13,395 path enumeration: 20000 OD pairs, 636 origin zones, 3 scenarios, cap 4 paths/OD
2026-09-01 22:07:54,461 rejected 94 malformed candidate paths that failed the re-pricing check
2026-09-01 22:07:54,553 path set: 24666 paths over 17388/20000 OD pairs (86.7% of flow served), 121378 legs
2026-09-01 22:07:54,593 period early   : 24666 paths, 20000 OD pairs
2026-09-01 22:07:54,603 path enumeration: 20000 OD pairs, 636 origin zones, 3 scenarios, cap 4 paths/OD
2026-09-01 22:08:42,937 rejected 81 malformed candidate paths that failed the re-pricing check
2026-09-01 22:08:43,072 path set: 28763 paths over 19278/20000 OD pairs (96.2% of flow served), 141585 legs
2026-09-01 22:08:43,118 period am_peak : 28763 paths, 20000 OD pairs
2026-09-01 22:08:43,129 path enumeration: 20000 OD pairs, 636 origin zones, 3 scenarios, cap 4 paths/OD
2026-09-01 22:09:26,409 rejected 73 malformed candidate paths that failed the re-pricing check
2026-09-01 22:09:26,506 path set: 24098 paths over 17389/20000 OD pairs (86.7% of flow served), 118674 legs
2026-09-01 22:09:26,551 period midday  : 24098 paths, 20000 OD pairs
2026-09-01 22:09:26,562 path enumeration: 20000 OD pairs, 636 origin zones, 3 scenarios, cap 4 paths/OD
2026-09-01 22:15:48,723 3.1-stageB: 138 cells remaining, 68 in this shard
2026-09-01 22:15:49,328 cache hit  baseline-a5bf710e8b2c9129 (53.2 MB, 0.6s)
2026-09-01 22:15:49,400 cache hit  raptor-51c3309f35ffd25f (0.6 MB, 0.0s)
2026-09-01 22:15:49,403 cache hit  zones-77edf71b615ba370 (0.2 MB, 0.0s)
2026-09-01 22:15:49,406 cache hit  od-ba345b9cb167aecb (0.5 MB, 0.0s)
2026-09-01 22:15:49,443 route classes: {'all_day': 25, 'peak_express': 14}
2026-09-01 22:15:49,856 footpaths: 15560 links (8 from transfers.txt)
2026-09-01 22:15:49,865 raptor network: 2948 stops, 111 patterns, 15560 footpaths
2026-09-01 22:15:49,966 zones: 1397 (637 with transit access within 600 m), 3938 access links
2026-09-01 22:15:49,975 route classes: {'all_day': 25, 'peak_express': 14}
2026-09-01 22:15:50,034 evaluator pricing: common_lines=same_route (explicit)
2026-09-01 22:15:50,083 path enumeration: 20000 OD pairs, 636 origin zones, 3 scenarios, cap 4 paths/OD
2026-09-01 22:16:33,398 rejected 94 malformed candidate paths that failed the re-pricing check
2026-09-01 22:16:33,593 path set: 24666 paths over 17388/20000 OD pairs (86.7% of flow served), 121378 legs
2026-09-01 22:16:33,638 period early   : 24666 paths, 20000 OD pairs
2026-09-01 22:16:33,648 path enumeration: 20000 OD pairs, 636 origin zones, 3 scenarios, cap 4 paths/OD
2026-09-01 22:17:22,381 rejected 81 malformed candidate paths that failed the re-pricing check
2026-09-01 22:17:22,587 path set: 28763 paths over 19278/20000 OD pairs (96.2% of flow served), 141585 legs
2026-09-01 22:17:22,641 period am_peak : 28763 paths, 20000 OD pairs
2026-09-01 22:17:22,651 path enumeration: 20000 OD pairs, 636 origin zones, 3 scenarios, cap 4 paths/OD
2026-09-01 22:18:05,511 rejected 73 malformed candidate paths that failed the re-pricing check
2026-09-01 22:18:05,708 path set: 24098 paths over 17389/20000 OD pairs (86.7% of flow served), 118674 legs
2026-09-01 22:18:05,766 period midday  : 24098 paths, 20000 OD pairs
2026-09-01 22:18:05,778 path enumeration: 20000 OD pairs, 636 origin zones, 3 scenarios, cap 4 paths/OD
2026-09-01 22:18:53,259 rejected 122 malformed candidate paths that failed the re-pricing check
2026-09-01 22:18:53,465 path set: 28015 paths over 18673/20000 OD pairs (93.6% of flow served), 139759 legs
2026-09-01 22:18:53,518 period pm_peak : 28015 paths, 20000 OD pairs
2026-09-01 22:18:53,529 path enumeration: 20000 OD pairs, 636 origin zones, 3 scenarios, cap 4 paths/OD
2026-09-01 22:19:40,054 rejected 82 malformed candidate paths that failed the re-pricing check
2026-09-01 22:19:40,199 path set: 24048 paths over 17386/20000 OD pairs (86.6% of flow served), 118189 legs
2026-09-01 22:19:40,248 period evening : 24048 paths, 20000 OD pairs
2026-09-01 22:19:40,259 path enumeration: 20000 OD pairs, 636 origin zones, 3 scenarios, cap 4 paths/OD
2026-09-01 22:20:22,158 rejected 129 malformed candidate paths that failed the re-pricing check
2026-09-01 22:20:22,290 path set: 22662 paths over 17006/20000 OD pairs (85.1% of flow served), 111687 legs
2026-09-01 22:20:22,335 period owl     : 22662 paths, 20000 OD pairs
2026-09-01 22:20:22,335 locking 28 route-periods across 14 routes in classes ('peak_express',)
2026-09-01 22:20:22,365      incumbent rescaled x1.0001
2026-09-01 22:25:36,202 3.1-stageB: 138 cells remaining, 68 in this shard
2026-09-01 22:25:37,030 cache hit  baseline-a5bf710e8b2c9129 (53.2 MB, 0.8s)
2026-09-01 22:25:37,113 cache hit  raptor-51c3309f35ffd25f (0.6 MB, 0.0s)
2026-09-01 22:25:37,115 cache hit  zones-77edf71b615ba370 (0.2 MB, 0.0s)
2026-09-01 22:25:37,117 cache hit  od-ba345b9cb167aecb (0.5 MB, 0.0s)
2026-09-01 22:25:37,148 route classes: {'all_day': 25, 'peak_express': 14}
2026-09-01 22:25:37,546 footpaths: 15560 links (8 from transfers.txt)
2026-09-01 22:25:37,554 raptor network: 2948 stops, 111 patterns, 15560 footpaths
2026-09-01 22:25:37,651 zones: 1397 (637 with transit access within 600 m), 3938 access links
2026-09-01 22:25:37,659 route classes: {'all_day': 25, 'peak_express': 14}
2026-09-01 22:25:37,721 evaluator pricing: common_lines=same_route (explicit)
2026-09-01 22:25:37,770 path enumeration: 20000 OD pairs, 636 origin zones, 3 scenarios, cap 4 paths/OD
2026-09-01 22:26:20,379 rejected 94 malformed candidate paths that failed the re-pricing check
2026-09-01 22:26:20,595 path set: 24666 paths over 17388/20000 OD pairs (86.7% of flow served), 121378 legs
2026-09-01 22:26:20,667 period early   : 24666 paths, 20000 OD pairs
2026-09-01 22:26:20,679 path enumeration: 20000 OD pairs, 636 origin zones, 3 scenarios, cap 4 paths/OD
2026-09-01 22:27:08,467 rejected 81 malformed candidate paths that failed the re-pricing check
2026-09-01 22:27:08,609 path set: 28763 paths over 19278/20000 OD pairs (96.2% of flow served), 141585 legs
2026-09-01 22:27:08,661 period am_peak : 28763 paths, 20000 OD pairs
2026-09-01 22:27:08,671 path enumeration: 20000 OD pairs, 636 origin zones, 3 scenarios, cap 4 paths/OD
2026-09-01 22:27:51,477 rejected 73 malformed candidate paths that failed the re-pricing check
2026-09-01 22:27:51,626 path set: 24098 paths over 17389/20000 OD pairs (86.7% of flow served), 118674 legs
2026-09-01 22:27:51,678 period midday  : 24098 paths, 20000 OD pairs
2026-09-01 22:27:51,689 path enumeration: 20000 OD pairs, 636 origin zones, 3 scenarios, cap 4 paths/OD
2026-09-01 22:28:38,701 rejected 122 malformed candidate paths that failed the re-pricing check
2026-09-01 22:28:38,939 path set: 28015 paths over 18673/20000 OD pairs (93.6% of flow served), 139759 legs
2026-09-01 22:28:38,991 period pm_peak : 28015 paths, 20000 OD pairs
2026-09-01 22:28:39,002 path enumeration: 20000 OD pairs, 636 origin zones, 3 scenarios, cap 4 paths/OD
2026-09-01 22:29:23,957 rejected 82 malformed candidate paths that failed the re-pricing check
2026-09-01 22:29:24,107 path set: 24048 paths over 17386/20000 OD pairs (86.6% of flow served), 118189 legs
2026-09-01 22:29:24,154 period evening : 24048 paths, 20000 OD pairs
2026-09-01 22:29:24,165 path enumeration: 20000 OD pairs, 636 origin zones, 3 scenarios, cap 4 paths/OD
2026-09-01 22:30:03,839 rejected 129 malformed candidate paths that failed the re-pricing check
2026-09-01 22:30:03,971 path set: 22662 paths over 17006/20000 OD pairs (85.1% of flow served), 111687 legs
2026-09-01 22:30:04,012 period owl     : 22662 paths, 20000 OD pairs
2026-09-01 22:30:04,012 locking 28 route-periods across 14 routes in classes ('peak_express',)
2026-09-01 22:30:04,041      incumbent rescaled x1.0001
2026-09-01 22:39:22,899 solve lambda=2.0: obj=2.95575e+06 vh=2515.1/2517.2 exchanges=0
2026-09-01 22:39:23,487 change_terminal-141-STAHIGW#b5ce9b1e03b5       seed 20260829 obj=2955749.902083 restarts=20 conv=True adm=True 826s
2026-09-01 22:39:23,491 stopping cleanly: 1180s needed for extend-023#292a06c5a525/20260826, 773s left
2026-09-01 22:39:23,491 slice ran 1 cells
2026-09-01 22:39:26,131 3.1-stageB: 137 cells remaining, 67 in this shard
2026-09-01 22:39:26,314 cache hit  baseline-a5bf710e8b2c9129 (53.2 MB, 0.2s)
2026-09-01 22:39:26,352 cache hit  raptor-51c3309f35ffd25f (0.6 MB, 0.0s)
2026-09-01 22:39:26,353 cache hit  zones-77edf71b615ba370 (0.2 MB, 0.0s)
2026-09-01 22:39:26,354 cache hit  od-ba345b9cb167aecb (0.5 MB, 0.0s)
2026-09-01 22:39:26,373 route classes: {'all_day': 25, 'peak_express': 14}
2026-09-01 22:39:26,745 footpaths: 15573 links (9 from transfers.txt)
2026-09-01 22:39:26,753 raptor network: 2949 stops, 111 patterns, 15573 footpaths
2026-09-01 22:39:26,856 zones: 1397 (637 with transit access within 600 m), 3938 access links
2026-09-01 22:39:26,865 route classes: {'all_day': 25, 'peak_express': 14}
2026-09-01 22:39:26,925 evaluator pricing: common_lines=same_route (explicit)
2026-09-01 22:39:26,981 path enumeration: 20000 OD pairs, 636 origin zones, 3 scenarios, cap 4 paths/OD
2026-09-01 22:40:08,332 rejected 94 malformed candidate paths that failed the re-pricing check
2026-09-01 22:40:08,425 path set: 24668 paths over 17388/20000 OD pairs (86.7% of flow served), 121381 legs
2026-09-01 22:40:08,470 period early   : 24668 paths, 20000 OD pairs
2026-09-01 22:40:08,480 path enumeration: 20000 OD pairs, 636 origin zones, 3 scenarios, cap 4 paths/OD
2026-09-01 22:40:54,968 rejected 73 malformed candidate paths that failed the re-pricing check
2026-09-01 22:40:55,186 path set: 28762 paths over 19278/20000 OD pairs (96.2% of flow served), 141632 legs
2026-09-01 22:40:55,238 period am_peak : 28762 paths, 20000 OD pairs
2026-09-01 22:40:55,250 path enumeration: 20000 OD pairs, 636 origin zones, 3 scenarios, cap 4 paths/OD
2026-09-01 22:41:35,931 rejected 72 malformed candidate paths that failed the re-pricing check
2026-09-01 22:41:36,079 path set: 24097 paths over 17389/20000 OD pairs (86.7% of flow served), 118697 legs
2026-09-01 22:41:36,123 period midday  : 24097 paths, 20000 OD pairs
2026-09-01 22:41:36,134 path enumeration: 20000 OD pairs, 636 origin zones, 3 scenarios, cap 4 paths/OD
2026-09-01 22:42:22,494 rejected 121 malformed candidate paths that failed the re-pricing check
2026-09-01 22:42:22,652 path set: 27986 paths over 18673/20000 OD pairs (93.6% of flow served), 139640 legs
2026-09-01 22:42:22,704 period pm_peak : 27986 paths, 20000 OD pairs
2026-09-01 22:42:22,713 path enumeration: 20000 OD pairs, 636 origin zones, 3 scenarios, cap 4 paths/OD
2026-09-01 22:43:07,816 rejected 82 malformed candidate paths that failed the re-pricing check
2026-09-01 22:43:07,958 path set: 24058 paths over 17386/20000 OD pairs (86.6% of flow served), 118267 legs
2026-09-01 22:43:08,002 period evening : 24058 paths, 20000 OD pairs
2026-09-01 22:43:08,013 path enumeration: 20000 OD pairs, 636 origin zones, 3 scenarios, cap 4 paths/OD
2026-09-01 22:43:49,075 rejected 129 malformed candidate paths that failed the re-pricing check
2026-09-01 22:43:49,180 path set: 22669 paths over 17006/20000 OD pairs (85.1% of flow served), 111737 legs
2026-09-01 22:43:49,223 period owl     : 22669 paths, 20000 OD pairs
2026-09-01 22:43:49,223 locking 28 route-periods across 14 routes in classes ('peak_express',)
2026-09-01 22:43:49,252      incumbent rescaled x1.0041
2026-09-01 22:53:53,460 solve lambda=2.0: obj=2.95573e+06 vh=2515.8/2517.2 exchanges=45
2026-09-01 22:53:53,945 extend-023#292a06c5a525                        seed 20260826 obj=2955734.067985 restarts=20 conv=True adm=True 867s
2026-09-01 22:53:53,948 stopping cleanly: 1180s needed for extend-023#292a06c5a525/20260828, 732s left
2026-09-01 22:53:53,948 slice ran 1 cells
2026-09-01 22:53:56,463 3.1-stageB: 134 cells remaining, 66 in this shard
2026-09-01 22:53:56,560 cache hit  baseline-a5bf710e8b2c9129 (53.2 MB, 0.1s)
2026-09-01 22:53:56,601 cache hit  raptor-51c3309f35ffd25f (0.6 MB, 0.0s)
2026-09-01 22:53:56,601 cache hit  zones-77edf71b615ba370 (0.2 MB, 0.0s)
2026-09-01 22:53:56,602 cache hit  od-ba345b9cb167aecb (0.5 MB, 0.0s)
2026-09-01 22:53:56,621 route classes: {'all_day': 25, 'peak_express': 14}
2026-09-01 22:53:56,973 footpaths: 15573 links (9 from transfers.txt)
2026-09-01 22:53:56,981 raptor network: 2949 stops, 111 patterns, 15573 footpaths
2026-09-01 22:53:57,074 zones: 1397 (637 with transit access within 600 m), 3938 access links
2026-09-01 22:53:57,082 route classes: {'all_day': 25, 'peak_express': 14}
2026-09-01 22:53:57,139 evaluator pricing: common_lines=same_route (explicit)
2026-09-01 22:53:57,190 path enumeration: 20000 OD pairs, 636 origin zones, 3 scenarios, cap 4 paths/OD
2026-09-01 22:54:38,587 rejected 94 malformed candidate paths that failed the re-pricing check
2026-09-01 22:54:38,687 path set: 24668 paths over 17388/20000 OD pairs (86.7% of flow served), 121381 legs
2026-09-01 22:54:38,723 period early   : 24668 paths, 20000 OD pairs
2026-09-01 22:54:38,732 path enumeration: 20000 OD pairs, 636 origin zones, 3 scenarios, cap 4 paths/OD
2026-09-01 22:55:22,204 rejected 73 malformed candidate paths that failed the re-pricing check
2026-09-01 22:55:22,321 path set: 28762 paths over 19278/20000 OD pairs (96.2% of flow served), 141632 legs
2026-09-01 22:55:22,361 period am_peak : 28762 paths, 20000 OD pairs
2026-09-01 22:55:22,376 path enumeration: 20000 OD pairs, 636 origin zones, 3 scenarios, cap 4 paths/OD
2026-09-01 22:56:03,875 rejected 72 malformed candidate paths that failed the re-pricing check
2026-09-01 22:56:03,970 path set: 24097 paths over 17389/20000 OD pairs (86.7% of flow served), 118697 legs
2026-09-01 22:56:04,002 period midday  : 24097 paths, 20000 OD pairs
2026-09-01 22:56:04,012 path enumeration: 20000 OD pairs, 636 origin zones, 3 scenarios, cap 4 paths/OD
2026-09-01 22:56:48,730 rejected 121 malformed candidate paths that failed the re-pricing check
2026-09-01 22:56:48,827 path set: 27986 paths over 18673/20000 OD pairs (93.6% of flow served), 139640 legs
2026-09-01 22:56:48,868 period pm_peak : 27986 paths, 20000 OD pairs
2026-09-01 22:56:48,877 path enumeration: 20000 OD pairs, 636 origin zones, 3 scenarios, cap 4 paths/OD
2026-09-01 22:57:32,573 rejected 82 malformed candidate paths that failed the re-pricing check
2026-09-01 22:57:32,675 path set: 24058 paths over 17386/20000 OD pairs (86.6% of flow served), 118267 legs
2026-09-01 22:57:32,717 period evening : 24058 paths, 20000 OD pairs
2026-09-01 22:57:32,727 path enumeration: 20000 OD pairs, 636 origin zones, 3 scenarios, cap 4 paths/OD
2026-09-01 22:58:12,004 rejected 129 malformed candidate paths that failed the re-pricing check
2026-09-01 22:58:12,114 path set: 22669 paths over 17006/20000 OD pairs (85.1% of flow served), 111737 legs
2026-09-01 22:58:12,147 period owl     : 22669 paths, 20000 OD pairs
2026-09-01 22:58:12,148 locking 28 route-periods across 14 routes in classes ('peak_express',)
2026-09-01 22:58:12,179      incumbent rescaled x1.0041
2026-09-01 23:07:26,191 solve lambda=2.0: obj=2.95602e+06 vh=2513.7/2517.2 exchanges=0
2026-09-01 23:07:26,806 extend-023#292a06c5a525                        seed 20260828 obj=2956019.521225 restarts=20 conv=True adm=True 810s
2026-09-01 23:07:28,344 footpaths: 15573 links (9 from transfers.txt)
2026-09-01 23:07:28,360 raptor network: 2949 stops, 111 patterns, 15573 footpaths
2026-09-01 23:07:28,481 zones: 1397 (637 with transit access within 600 m), 3938 access links
2026-09-01 23:07:28,492 route classes: {'all_day': 25, 'peak_express': 14}
2026-09-01 23:07:28,538 evaluator pricing: common_lines=same_route (explicit)
2026-09-01 23:07:28,544 period early   : 24659 paths, 20000 OD pairs
2026-09-01 23:07:28,549 period am_peak : 28775 paths, 20000 OD pairs
2026-09-01 23:07:28,554 period midday  : 24108 paths, 20000 OD pairs
2026-09-01 23:07:28,560 period pm_peak : 27996 paths, 20000 OD pairs
2026-09-01 23:07:28,565 period evening : 24069 paths, 20000 OD pairs
2026-09-01 23:07:28,570 period owl     : 22682 paths, 20000 OD pairs
2026-09-01 23:07:28,570 locking 28 route-periods across 14 routes in classes ('peak_express',)
2026-09-01 23:07:28,598      incumbent rescaled x1.0038
2026-09-01 23:17:21,886 solve lambda=2.0: obj=2.95531e+06 vh=2515.1/2517.2 exchanges=0
2026-09-01 23:17:21,907 extend-024#26db14321a47                        seed 20260825 obj=2955312.306261 restarts=20 conv=True adm=True 594s
2026-09-01 23:17:21,908 stopping cleanly: 1180s needed for extend-024#26db14321a47/20260827, 195s left
2026-09-01 23:17:21,908 slice ran 2 cells
2026-09-01 23:17:24,502 3.1-stageB: 130 cells remaining, 64 in this shard
2026-09-01 23:17:24,595 cache hit  baseline-a5bf710e8b2c9129 (53.2 MB, 0.1s)
2026-09-01 23:17:24,630 cache hit  raptor-51c3309f35ffd25f (0.6 MB, 0.0s)
2026-09-01 23:17:24,630 cache hit  zones-77edf71b615ba370 (0.2 MB, 0.0s)
2026-09-01 23:17:24,631 cache hit  od-ba345b9cb167aecb (0.5 MB, 0.0s)
2026-09-01 23:17:24,643 route classes: {'all_day': 25, 'peak_express': 14}
2026-09-01 23:17:25,012 footpaths: 15573 links (9 from transfers.txt)
2026-09-01 23:17:25,021 raptor network: 2949 stops, 111 patterns, 15573 footpaths
2026-09-01 23:17:25,121 zones: 1397 (637 with transit access within 600 m), 3938 access links
2026-09-01 23:17:25,132 route classes: {'all_day': 25, 'peak_express': 14}
2026-09-01 23:17:25,199 evaluator pricing: common_lines=same_route (explicit)
2026-09-01 23:17:25,252 path enumeration: 20000 OD pairs, 636 origin zones, 3 scenarios, cap 4 paths/OD
2026-09-01 23:18:07,355 rejected 94 malformed candidate paths that failed the re-pricing check
2026-09-01 23:18:07,467 path set: 24659 paths over 17388/20000 OD pairs (86.7% of flow served), 121281 legs
2026-09-01 23:18:07,514 period early   : 24659 paths, 20000 OD pairs
2026-09-01 23:18:07,524 path enumeration: 20000 OD pairs, 636 origin zones, 3 scenarios, cap 4 paths/OD
2026-09-01 23:18:55,532 rejected 73 malformed candidate paths that failed the re-pricing check
2026-09-01 23:18:55,660 path set: 28775 paths over 19278/20000 OD pairs (96.2% of flow served), 141651 legs
2026-09-01 23:18:55,715 period am_peak : 28775 paths, 20000 OD pairs
2026-09-01 23:18:55,725 path enumeration: 20000 OD pairs, 636 origin zones, 3 scenarios, cap 4 paths/OD
2026-09-01 23:19:38,349 rejected 72 malformed candidate paths that failed the re-pricing check
2026-09-01 23:19:38,446 path set: 24108 paths over 17389/20000 OD pairs (86.7% of flow served), 118703 legs
2026-09-01 23:19:38,493 period midday  : 24108 paths, 20000 OD pairs
2026-09-01 23:19:38,504 path enumeration: 20000 OD pairs, 636 origin zones, 3 scenarios, cap 4 paths/OD
2026-09-01 23:20:24,962 rejected 121 malformed candidate paths that failed the re-pricing check
2026-09-01 23:20:25,098 path set: 27996 paths over 18673/20000 OD pairs (93.6% of flow served), 139641 legs
2026-09-01 23:20:25,153 period pm_peak : 27996 paths, 20000 OD pairs
2026-09-01 23:20:25,164 path enumeration: 20000 OD pairs, 636 origin zones, 3 scenarios, cap 4 paths/OD
2026-09-01 23:21:09,500 rejected 82 malformed candidate paths that failed the re-pricing check
2026-09-01 23:21:09,596 path set: 24069 paths over 17386/20000 OD pairs (86.6% of flow served), 118273 legs
2026-09-01 23:21:09,644 period evening : 24069 paths, 20000 OD pairs
2026-09-01 23:21:09,655 path enumeration: 20000 OD pairs, 636 origin zones, 3 scenarios, cap 4 paths/OD
2026-09-01 23:21:52,430 rejected 129 malformed candidate paths that failed the re-pricing check
2026-09-01 23:21:52,592 path set: 22682 paths over 17006/20000 OD pairs (85.1% of flow served), 111749 legs
2026-09-01 23:21:52,646 period owl     : 22682 paths, 20000 OD pairs
2026-09-01 23:21:52,647 locking 28 route-periods across 14 routes in classes ('peak_express',)
2026-09-01 23:21:52,680      incumbent rescaled x1.0038
2026-09-01 23:31:45,912 solve lambda=2.0: obj=2.95531e+06 vh=2515.1/2517.2 exchanges=0
2026-09-01 23:31:46,270 extend-024#26db14321a47                        seed 20260827 obj=2955312.306261 restarts=20 conv=True adm=True 862s
2026-09-01 23:31:46,272 stopping cleanly: 1180s needed for extend-024#26db14321a47/20260829, 738s left
2026-09-01 23:31:46,272 slice ran 1 cells
2026-09-01 23:31:48,809 3.1-stageB: 128 cells remaining, 63 in this shard
2026-09-01 23:31:48,893 cache hit  baseline-a5bf710e8b2c9129 (53.2 MB, 0.1s)
2026-09-01 23:31:48,935 cache hit  raptor-51c3309f35ffd25f (0.6 MB, 0.0s)
2026-09-01 23:31:48,936 cache hit  zones-77edf71b615ba370 (0.2 MB, 0.0s)
2026-09-01 23:31:48,937 cache hit  od-ba345b9cb167aecb (0.5 MB, 0.0s)
2026-09-01 23:31:48,956 route classes: {'all_day': 25, 'peak_express': 14}
2026-09-01 23:31:49,326 footpaths: 15573 links (9 from transfers.txt)
2026-09-01 23:31:49,335 raptor network: 2949 stops, 111 patterns, 15573 footpaths
2026-09-01 23:31:49,441 zones: 1397 (637 with transit access within 600 m), 3938 access links
2026-09-01 23:31:49,449 route classes: {'all_day': 25, 'peak_express': 14}
2026-09-01 23:31:49,506 evaluator pricing: common_lines=same_route (explicit)
2026-09-01 23:31:49,557 path enumeration: 20000 OD pairs, 636 origin zones, 3 scenarios, cap 4 paths/OD
2026-09-01 23:32:31,626 rejected 94 malformed candidate paths that failed the re-pricing check
2026-09-01 23:32:31,715 path set: 24659 paths over 17388/20000 OD pairs (86.7% of flow served), 121281 legs
2026-09-01 23:32:31,758 period early   : 24659 paths, 20000 OD pairs
2026-09-01 23:32:31,768 path enumeration: 20000 OD pairs, 636 origin zones, 3 scenarios, cap 4 paths/OD
2026-09-01 23:33:19,714 rejected 73 malformed candidate paths that failed the re-pricing check
2026-09-01 23:33:19,827 path set: 28775 paths over 19278/20000 OD pairs (96.2% of flow served), 141651 legs
2026-09-01 23:33:19,879 period am_peak : 28775 paths, 20000 OD pairs
2026-09-01 23:33:19,890 path enumeration: 20000 OD pairs, 636 origin zones, 3 scenarios, cap 4 paths/OD
2026-09-01 23:34:02,898 rejected 72 malformed candidate paths that failed the re-pricing check
2026-09-01 23:34:02,990 path set: 24108 paths over 17389/20000 OD pairs (86.7% of flow served), 118703 legs
2026-09-01 23:34:03,035 period midday  : 24108 paths, 20000 OD pairs
2026-09-01 23:34:03,046 path enumeration: 20000 OD pairs, 636 origin zones, 3 scenarios, cap 4 paths/OD
2026-09-01 23:34:50,528 rejected 121 malformed candidate paths that failed the re-pricing check
2026-09-01 23:34:50,635 path set: 27996 paths over 18673/20000 OD pairs (93.6% of flow served), 139641 legs
2026-09-01 23:34:50,687 period pm_peak : 27996 paths, 20000 OD pairs
2026-09-01 23:34:50,698 path enumeration: 20000 OD pairs, 636 origin zones, 3 scenarios, cap 4 paths/OD
2026-09-01 23:35:35,601 rejected 82 malformed candidate paths that failed the re-pricing check
2026-09-01 23:35:35,697 path set: 24069 paths over 17386/20000 OD pairs (86.6% of flow served), 118273 legs
2026-09-01 23:35:35,740 period evening : 24069 paths, 20000 OD pairs
2026-09-01 23:35:35,750 path enumeration: 20000 OD pairs, 636 origin zones, 3 scenarios, cap 4 paths/OD
2026-09-01 23:36:18,134 rejected 129 malformed candidate paths that failed the re-pricing check
2026-09-01 23:36:18,225 path set: 22682 paths over 17006/20000 OD pairs (85.1% of flow served), 111749 legs
2026-09-01 23:36:18,268 period owl     : 22682 paths, 20000 OD pairs
2026-09-01 23:36:18,268 locking 28 route-periods across 14 routes in classes ('peak_express',)
2026-09-01 23:36:18,298      incumbent rescaled x1.0038
2026-09-01 23:46:07,590 solve lambda=2.0: obj=2.95531e+06 vh=2515.1/2517.2 exchanges=0
2026-09-01 23:46:08,015 extend-024#26db14321a47                        seed 20260829 obj=2955312.306261 restarts=20 conv=True adm=True 859s
2026-09-01 23:46:08,017 stopping cleanly: 1180s needed for extend-025#441ece050fe8/20260826, 741s left
2026-09-01 23:46:08,017 slice ran 1 cells
2026-09-01 23:46:10,843 3.1-stageB: 126 cells remaining, 62 in this shard
2026-09-01 23:46:10,933 cache hit  baseline-a5bf710e8b2c9129 (53.2 MB, 0.1s)
2026-09-01 23:46:10,974 cache hit  raptor-51c3309f35ffd25f (0.6 MB, 0.0s)
2026-09-01 23:46:10,974 cache hit  zones-77edf71b615ba370 (0.2 MB, 0.0s)
2026-09-01 23:46:10,976 cache hit  od-ba345b9cb167aecb (0.5 MB, 0.0s)
2026-09-01 23:46:11,010 route classes: {'all_day': 25, 'peak_express': 14}
2026-09-01 23:46:11,423 footpaths: 15573 links (9 from transfers.txt)
2026-09-01 23:46:11,433 raptor network: 2949 stops, 111 patterns, 15573 footpaths
2026-09-01 23:46:11,535 zones: 1397 (637 with transit access within 600 m), 3938 access links
2026-09-01 23:46:11,545 route classes: {'all_day': 25, 'peak_express': 14}
2026-09-01 23:46:11,610 evaluator pricing: common_lines=same_route (explicit)
2026-09-01 23:46:11,669 path enumeration: 20000 OD pairs, 636 origin zones, 3 scenarios, cap 4 paths/OD
2026-09-01 23:46:54,410 rejected 94 malformed candidate paths that failed the re-pricing check
2026-09-01 23:46:54,509 path set: 24653 paths over 17388/20000 OD pairs (86.7% of flow served), 120972 legs
2026-09-01 23:46:54,552 period early   : 24653 paths, 20000 OD pairs
2026-09-01 23:46:54,563 path enumeration: 20000 OD pairs, 636 origin zones, 3 scenarios, cap 4 paths/OD
2026-09-01 23:47:42,418 rejected 73 malformed candidate paths that failed the re-pricing check
2026-09-01 23:47:42,537 path set: 28777 paths over 19278/20000 OD pairs (96.2% of flow served), 141372 legs
2026-09-01 23:47:42,589 period am_peak : 28777 paths, 20000 OD pairs
2026-09-01 23:47:42,600 path enumeration: 20000 OD pairs, 636 origin zones, 3 scenarios, cap 4 paths/OD
2026-09-01 23:48:25,079 rejected 71 malformed candidate paths that failed the re-pricing check
2026-09-01 23:48:25,172 path set: 24117 paths over 17389/20000 OD pairs (86.7% of flow served), 118456 legs
2026-09-01 23:48:25,220 period midday  : 24117 paths, 20000 OD pairs
2026-09-01 23:48:25,230 path enumeration: 20000 OD pairs, 636 origin zones, 3 scenarios, cap 4 paths/OD
2026-09-01 23:49:09,696 rejected 121 malformed candidate paths that failed the re-pricing check
2026-09-01 23:49:09,813 path set: 28005 paths over 18673/20000 OD pairs (93.6% of flow served), 139383 legs
2026-09-01 23:49:09,865 period pm_peak : 28005 paths, 20000 OD pairs
2026-09-01 23:49:09,875 path enumeration: 20000 OD pairs, 636 origin zones, 3 scenarios, cap 4 paths/OD
2026-09-01 23:49:52,460 rejected 82 malformed candidate paths that failed the re-pricing check
2026-09-01 23:49:52,556 path set: 24081 paths over 17386/20000 OD pairs (86.6% of flow served), 118062 legs
2026-09-01 23:49:52,602 period evening : 24081 paths, 20000 OD pairs
2026-09-01 23:49:52,612 path enumeration: 20000 OD pairs, 636 origin zones, 3 scenarios, cap 4 paths/OD
2026-09-01 23:50:32,604 rejected 129 malformed candidate paths that failed the re-pricing check
2026-09-01 23:50:32,692 path set: 22672 paths over 17006/20000 OD pairs (85.1% of flow served), 111390 legs
2026-09-01 23:50:32,734 period owl     : 22672 paths, 20000 OD pairs
2026-09-01 23:50:32,734 locking 28 route-periods across 14 routes in classes ('peak_express',)
2026-09-01 23:50:32,767      incumbent rescaled x1.0022
2026-09-01 23:59:40,673 solve lambda=2.0: obj=2.95378e+06 vh=2515.3/2517.2 exchanges=35
2026-09-01 23:59:41,134 extend-025#441ece050fe8                        seed 20260826 obj=2953778.709953 restarts=20 conv=True adm=True 810s
2026-09-01 23:59:41,136 stopping cleanly: 1180s needed for extend-025#441ece050fe8/20260828, 790s left
2026-09-01 23:59:41,136 slice ran 1 cells
2026-09-01 23:59:43,677 3.1-stageB: 125 cells remaining, 61 in this shard
2026-09-01 23:59:43,768 cache hit  baseline-a5bf710e8b2c9129 (53.2 MB, 0.1s)
2026-09-01 23:59:43,819 cache hit  raptor-51c3309f35ffd25f (0.6 MB, 0.0s)
2026-09-01 23:59:43,820 cache hit  zones-77edf71b615ba370 (0.2 MB, 0.0s)
2026-09-01 23:59:43,820 cache hit  od-ba345b9cb167aecb (0.5 MB, 0.0s)
2026-09-01 23:59:43,843 route classes: {'all_day': 25, 'peak_express': 14}
2026-09-01 23:59:44,208 footpaths: 15573 links (9 from transfers.txt)
2026-09-01 23:59:44,217 raptor network: 2949 stops, 111 patterns, 15573 footpaths
2026-09-01 23:59:44,317 zones: 1397 (637 with transit access within 600 m), 3938 access links
2026-09-01 23:59:44,325 route classes: {'all_day': 25, 'peak_express': 14}
2026-09-01 23:59:44,381 evaluator pricing: common_lines=same_route (explicit)
2026-09-01 23:59:44,429 path enumeration: 20000 OD pairs, 636 origin zones, 3 scenarios, cap 4 paths/OD
2026-09-02 00:00:26,910 rejected 94 malformed candidate paths that failed the re-pricing check
2026-09-02 00:00:27,014 path set: 24653 paths over 17388/20000 OD pairs (86.7% of flow served), 120972 legs
2026-09-02 00:00:27,063 period early   : 24653 paths, 20000 OD pairs
2026-09-02 00:00:27,074 path enumeration: 20000 OD pairs, 636 origin zones, 3 scenarios, cap 4 paths/OD
2026-09-02 00:01:16,186 rejected 73 malformed candidate paths that failed the re-pricing check
2026-09-02 00:01:16,295 path set: 28777 paths over 19278/20000 OD pairs (96.2% of flow served), 141372 legs
2026-09-02 00:01:16,346 period am_peak : 28777 paths, 20000 OD pairs
2026-09-02 00:01:16,356 path enumeration: 20000 OD pairs, 636 origin zones, 3 scenarios, cap 4 paths/OD
2026-09-02 00:01:57,936 rejected 71 malformed candidate paths that failed the re-pricing check
2026-09-02 00:01:58,027 path set: 24117 paths over 17389/20000 OD pairs (86.7% of flow served), 118456 legs
2026-09-02 00:01:58,073 period midday  : 24117 paths, 20000 OD pairs
2026-09-02 00:01:58,084 path enumeration: 20000 OD pairs, 636 origin zones, 3 scenarios, cap 4 paths/OD
2026-09-02 00:02:43,190 rejected 121 malformed candidate paths that failed the re-pricing check
2026-09-02 00:02:43,299 path set: 28005 paths over 18673/20000 OD pairs (93.6% of flow served), 139383 legs
2026-09-02 00:02:43,350 period pm_peak : 28005 paths, 20000 OD pairs
2026-09-02 00:02:43,360 path enumeration: 20000 OD pairs, 636 origin zones, 3 scenarios, cap 4 paths/OD
2026-09-02 00:03:28,867 rejected 82 malformed candidate paths that failed the re-pricing check
2026-09-02 00:03:28,954 path set: 24081 paths over 17386/20000 OD pairs (86.6% of flow served), 118062 legs
2026-09-02 00:03:28,998 period evening : 24081 paths, 20000 OD pairs
2026-09-02 00:03:29,009 path enumeration: 20000 OD pairs, 636 origin zones, 3 scenarios, cap 4 paths/OD
2026-09-02 00:04:11,604 rejected 129 malformed candidate paths that failed the re-pricing check
2026-09-02 00:04:11,691 path set: 22672 paths over 17006/20000 OD pairs (85.1% of flow served), 111390 legs
2026-09-02 00:04:11,738 period owl     : 22672 paths, 20000 OD pairs
2026-09-02 00:04:11,738 locking 28 route-periods across 14 routes in classes ('peak_express',)
2026-09-02 00:04:11,770      incumbent rescaled x1.0022
2026-09-02 00:14:11,001 solve lambda=2.0: obj=2.95391e+06 vh=2515.1/2517.2 exchanges=34
2026-09-02 00:14:11,501 extend-025#441ece050fe8                        seed 20260828 obj=2953911.955309 restarts=20 conv=True adm=True 868s
2026-09-02 00:14:12,963 stopping cleanly: 760s needed for extend-032#228795f35539/20260825, 731s left
2026-09-02 00:14:12,963 slice ran 1 cells
2026-09-02 00:14:15,543 3.1-stageB: 122 cells remaining, 60 in this shard
2026-09-02 00:14:15,630 cache hit  baseline-a5bf710e8b2c9129 (53.2 MB, 0.1s)
2026-09-02 00:14:15,662 cache hit  raptor-51c3309f35ffd25f (0.6 MB, 0.0s)
2026-09-02 00:14:15,663 cache hit  zones-77edf71b615ba370 (0.2 MB, 0.0s)
2026-09-02 00:14:15,663 cache hit  od-ba345b9cb167aecb (0.5 MB, 0.0s)
2026-09-02 00:14:15,683 route classes: {'all_day': 25, 'peak_express': 14}
2026-09-02 00:14:16,141 footpaths: 15573 links (9 from transfers.txt)
2026-09-02 00:14:16,150 raptor network: 2949 stops, 111 patterns, 15573 footpaths
2026-09-02 00:14:16,249 zones: 1397 (637 with transit access within 600 m), 3938 access links
2026-09-02 00:14:16,258 route classes: {'all_day': 25, 'peak_express': 14}
2026-09-02 00:14:16,318 evaluator pricing: common_lines=same_route (explicit)
2026-09-02 00:14:16,324 period early   : 24704 paths, 20000 OD pairs
2026-09-02 00:14:16,330 period am_peak : 28815 paths, 20000 OD pairs
2026-09-02 00:14:16,335 period midday  : 24122 paths, 20000 OD pairs
2026-09-02 00:14:16,341 period pm_peak : 27992 paths, 20000 OD pairs
2026-09-02 00:14:16,345 period evening : 24081 paths, 20000 OD pairs
2026-09-02 00:14:16,350 period owl     : 22681 paths, 20000 OD pairs
2026-09-02 00:14:16,350 locking 28 route-periods across 14 routes in classes ('peak_express',)
2026-09-02 00:14:16,379      incumbent rescaled x1.0024
2026-09-02 00:23:53,183 solve lambda=2.0: obj=2.95528e+06 vh=2515.3/2517.2 exchanges=29
2026-09-02 00:23:53,201 extend-032#228795f35539                        seed 20260825 obj=2955280.984679 restarts=20 conv=True adm=True 577s
2026-09-02 00:23:53,204 stopping cleanly: 1180s needed for extend-032#228795f35539/20260827, 1022s left
2026-09-02 00:23:53,204 slice ran 1 cells
2026-09-02 00:23:55,661 3.1-stageB: 121 cells remaining, 59 in this shard
2026-09-02 00:23:55,747 cache hit  baseline-a5bf710e8b2c9129 (53.2 MB, 0.1s)
2026-09-02 00:23:55,787 cache hit  raptor-51c3309f35ffd25f (0.6 MB, 0.0s)
2026-09-02 00:23:55,788 cache hit  zones-77edf71b615ba370 (0.2 MB, 0.0s)
2026-09-02 00:23:55,789 cache hit  od-ba345b9cb167aecb (0.5 MB, 0.0s)
2026-09-02 00:23:55,808 route classes: {'all_day': 25, 'peak_express': 14}
2026-09-02 00:23:56,157 footpaths: 15573 links (9 from transfers.txt)
2026-09-02 00:23:56,165 raptor network: 2949 stops, 111 patterns, 15573 footpaths
2026-09-02 00:23:56,258 zones: 1397 (637 with transit access within 600 m), 3938 access links
2026-09-02 00:23:56,266 route classes: {'all_day': 25, 'peak_express': 14}
2026-09-02 00:23:56,321 evaluator pricing: common_lines=same_route (explicit)
2026-09-02 00:23:56,371 path enumeration: 20000 OD pairs, 636 origin zones, 3 scenarios, cap 4 paths/OD
2026-09-02 00:24:38,467 rejected 141 malformed candidate paths that failed the re-pricing check
2026-09-02 00:24:38,568 path set: 24704 paths over 17388/20000 OD pairs (86.7% of flow served), 121163 legs
2026-09-02 00:24:38,624 period early   : 24704 paths, 20000 OD pairs
2026-09-02 00:24:38,635 path enumeration: 20000 OD pairs, 636 origin zones, 3 scenarios, cap 4 paths/OD
2026-09-02 00:25:26,565 rejected 73 malformed candidate paths that failed the re-pricing check
2026-09-02 00:25:26,677 path set: 28815 paths over 19278/20000 OD pairs (96.2% of flow served), 141739 legs
2026-09-02 00:25:26,729 period am_peak : 28815 paths, 20000 OD pairs
2026-09-02 00:25:26,739 path enumeration: 20000 OD pairs, 636 origin zones, 3 scenarios, cap 4 paths/OD
2026-09-02 00:26:08,260 rejected 72 malformed candidate paths that failed the re-pricing check
2026-09-02 00:26:08,351 path set: 24122 paths over 17389/20000 OD pairs (86.7% of flow served), 118500 legs
2026-09-02 00:26:08,395 period midday  : 24122 paths, 20000 OD pairs
2026-09-02 00:26:08,405 path enumeration: 20000 OD pairs, 636 origin zones, 3 scenarios, cap 4 paths/OD
2026-09-02 00:26:55,122 rejected 121 malformed candidate paths that failed the re-pricing check
2026-09-02 00:26:55,239 path set: 27992 paths over 18674/20000 OD pairs (93.6% of flow served), 139449 legs
2026-09-02 00:26:55,297 period pm_peak : 27992 paths, 20000 OD pairs
2026-09-02 00:26:55,308 path enumeration: 20000 OD pairs, 636 origin zones, 3 scenarios, cap 4 paths/OD
2026-09-02 00:27:40,961 rejected 82 malformed candidate paths that failed the re-pricing check
2026-09-02 00:27:41,057 path set: 24081 paths over 17386/20000 OD pairs (86.6% of flow served), 118044 legs
2026-09-02 00:27:41,103 period evening : 24081 paths, 20000 OD pairs
2026-09-02 00:27:41,114 path enumeration: 20000 OD pairs, 636 origin zones, 3 scenarios, cap 4 paths/OD
2026-09-02 00:28:22,468 rejected 171 malformed candidate paths that failed the re-pricing check
2026-09-02 00:28:22,575 path set: 22681 paths over 17006/20000 OD pairs (85.1% of flow served), 111445 legs
2026-09-02 00:28:22,620 period owl     : 22681 paths, 20000 OD pairs
2026-09-02 00:28:22,620 locking 28 route-periods across 14 routes in classes ('peak_express',)
2026-09-02 00:28:22,651      incumbent rescaled x1.0024
2026-09-02 00:38:04,447 solve lambda=2.0: obj=2.95534e+06 vh=2514.9/2517.2 exchanges=0
2026-09-02 00:38:04,948 extend-032#228795f35539                        seed 20260827 obj=2955337.932534 restarts=20 conv=True adm=True 849s
2026-09-02 00:38:04,951 stopping cleanly: 1180s needed for extend-032#228795f35539/20260829, 751s left
2026-09-02 00:38:04,952 slice ran 1 cells
2026-09-02 00:38:07,486 3.1-stageB: 119 cells remaining, 58 in this shard
2026-09-02 00:38:07,580 cache hit  baseline-a5bf710e8b2c9129 (53.2 MB, 0.1s)
2026-09-02 00:38:07,641 cache hit  raptor-51c3309f35ffd25f (0.6 MB, 0.0s)
2026-09-02 00:38:07,641 cache hit  zones-77edf71b615ba370 (0.2 MB, 0.0s)
2026-09-02 00:38:07,642 cache hit  od-ba345b9cb167aecb (0.5 MB, 0.0s)
2026-09-02 00:38:07,662 route classes: {'all_day': 25, 'peak_express': 14}
2026-09-02 00:38:08,036 footpaths: 15573 links (9 from transfers.txt)
2026-09-02 00:38:08,046 raptor network: 2949 stops, 111 patterns, 15573 footpaths
2026-09-02 00:38:08,143 zones: 1397 (637 with transit access within 600 m), 3938 access links
2026-09-02 00:38:08,153 route classes: {'all_day': 25, 'peak_express': 14}
2026-09-02 00:38:08,212 evaluator pricing: common_lines=same_route (explicit)
2026-09-02 00:38:08,267 path enumeration: 20000 OD pairs, 636 origin zones, 3 scenarios, cap 4 paths/OD
2026-09-02 00:38:51,281 rejected 141 malformed candidate paths that failed the re-pricing check
2026-09-02 00:38:51,380 path set: 24704 paths over 17388/20000 OD pairs (86.7% of flow served), 121163 legs
2026-09-02 00:38:51,425 period early   : 24704 paths, 20000 OD pairs
2026-09-02 00:38:51,435 path enumeration: 20000 OD pairs, 636 origin zones, 3 scenarios, cap 4 paths/OD
2026-09-02 00:39:38,625 rejected 73 malformed candidate paths that failed the re-pricing check
2026-09-02 00:39:38,729 path set: 28815 paths over 19278/20000 OD pairs (96.2% of flow served), 141739 legs
2026-09-02 00:39:38,780 period am_peak : 28815 paths, 20000 OD pairs
2026-09-02 00:39:38,790 path enumeration: 20000 OD pairs, 636 origin zones, 3 scenarios, cap 4 paths/OD
2026-09-02 00:40:21,741 rejected 72 malformed candidate paths that failed the re-pricing check
2026-09-02 00:40:21,835 path set: 24122 paths over 17389/20000 OD pairs (86.7% of flow served), 118500 legs
2026-09-02 00:40:21,880 period midday  : 24122 paths, 20000 OD pairs
2026-09-02 00:40:21,890 path enumeration: 20000 OD pairs, 636 origin zones, 3 scenarios, cap 4 paths/OD
2026-09-02 00:41:09,571 rejected 121 malformed candidate paths that failed the re-pricing check
2026-09-02 00:41:09,679 path set: 27992 paths over 18674/20000 OD pairs (93.6% of flow served), 139449 legs
2026-09-02 00:41:09,729 period pm_peak : 27992 paths, 20000 OD pairs
2026-09-02 00:41:09,739 path enumeration: 20000 OD pairs, 636 origin zones, 3 scenarios, cap 4 paths/OD
2026-09-02 00:41:55,546 rejected 82 malformed candidate paths that failed the re-pricing check
2026-09-02 00:41:55,637 path set: 24081 paths over 17386/20000 OD pairs (86.6% of flow served), 118044 legs
2026-09-02 00:41:55,679 period evening : 24081 paths, 20000 OD pairs
2026-09-02 00:41:55,690 path enumeration: 20000 OD pairs, 636 origin zones, 3 scenarios, cap 4 paths/OD
2026-09-02 00:42:37,924 rejected 171 malformed candidate paths that failed the re-pricing check
2026-09-02 00:42:38,017 path set: 22681 paths over 17006/20000 OD pairs (85.1% of flow served), 111445 legs
2026-09-02 00:42:38,062 period owl     : 22681 paths, 20000 OD pairs
2026-09-02 00:42:38,062 locking 28 route-periods across 14 routes in classes ('peak_express',)
2026-09-02 00:42:38,096      incumbent rescaled x1.0024
2026-09-02 00:52:29,138 solve lambda=2.0: obj=2.95534e+06 vh=2514.9/2517.2 exchanges=0
2026-09-02 00:52:29,795 extend-032#228795f35539                        seed 20260829 obj=2955337.932534 restarts=20 conv=True adm=True 862s
2026-09-02 00:52:29,799 stopping cleanly: 1180s needed for reroute-006#dbfb2f9ee60d/20260826, 738s left
2026-09-02 00:52:29,799 slice ran 1 cells
2026-09-02 00:52:32,260 3.1-stageB: 117 cells remaining, 57 in this shard
2026-09-02 00:52:32,354 cache hit  baseline-a5bf710e8b2c9129 (53.2 MB, 0.1s)
2026-09-02 00:52:32,385 cache hit  raptor-51c3309f35ffd25f (0.6 MB, 0.0s)
2026-09-02 00:52:32,385 cache hit  zones-77edf71b615ba370 (0.2 MB, 0.0s)
2026-09-02 00:52:32,386 cache hit  od-ba345b9cb167aecb (0.5 MB, 0.0s)
2026-09-02 00:52:32,397 route classes: {'all_day': 25, 'peak_express': 14}
2026-09-02 00:52:32,726 footpaths: 15517 links (9 from transfers.txt)
2026-09-02 00:52:32,734 raptor network: 2946 stops, 111 patterns, 15517 footpaths
2026-09-02 00:52:32,829 zones: 1397 (637 with transit access within 600 m), 3938 access links
2026-09-02 00:52:32,837 route classes: {'all_day': 25, 'peak_express': 14}
2026-09-02 00:52:32,901 evaluator pricing: common_lines=same_route (explicit)
2026-09-02 00:52:32,952 path enumeration: 20000 OD pairs, 636 origin zones, 3 scenarios, cap 4 paths/OD
2026-09-02 00:53:14,933 rejected 94 malformed candidate paths that failed the re-pricing check
2026-09-02 00:53:15,031 path set: 24739 paths over 17388/20000 OD pairs (86.7% of flow served), 121695 legs
2026-09-02 00:53:15,072 period early   : 24739 paths, 20000 OD pairs
2026-09-02 00:53:15,082 path enumeration: 20000 OD pairs, 636 origin zones, 3 scenarios, cap 4 paths/OD
2026-09-02 00:54:04,228 rejected 73 malformed candidate paths that failed the re-pricing check
2026-09-02 00:54:04,342 path set: 28740 paths over 19278/20000 OD pairs (96.2% of flow served), 141552 legs
2026-09-02 00:54:04,389 period am_peak : 28740 paths, 20000 OD pairs
2026-09-02 00:54:04,400 path enumeration: 20000 OD pairs, 636 origin zones, 3 scenarios, cap 4 paths/OD
2026-09-02 00:54:48,196 rejected 72 malformed candidate paths that failed the re-pricing check
2026-09-02 00:54:48,290 path set: 24111 paths over 17389/20000 OD pairs (86.7% of flow served), 118742 legs
2026-09-02 00:54:48,336 period midday  : 24111 paths, 20000 OD pairs
2026-09-02 00:54:48,347 path enumeration: 20000 OD pairs, 636 origin zones, 3 scenarios, cap 4 paths/OD
2026-09-02 00:55:34,803 rejected 121 malformed candidate paths that failed the re-pricing check
2026-09-02 00:55:34,915 path set: 28007 paths over 18673/20000 OD pairs (93.6% of flow served), 139766 legs
2026-09-02 00:55:34,962 period pm_peak : 28007 paths, 20000 OD pairs
2026-09-02 00:55:34,972 path enumeration: 20000 OD pairs, 636 origin zones, 3 scenarios, cap 4 paths/OD
2026-09-02 00:56:21,019 rejected 82 malformed candidate paths that failed the re-pricing check
2026-09-02 00:56:21,124 path set: 24041 paths over 17386/20000 OD pairs (86.6% of flow served), 118213 legs
2026-09-02 00:56:21,173 period evening : 24041 paths, 20000 OD pairs
2026-09-02 00:56:21,185 path enumeration: 20000 OD pairs, 636 origin zones, 3 scenarios, cap 4 paths/OD
2026-09-02 00:57:04,867 rejected 121 malformed candidate paths that failed the re-pricing check
2026-09-02 00:57:04,956 path set: 22598 paths over 17006/20000 OD pairs (85.1% of flow served), 111306 legs
2026-09-02 00:57:04,994 period owl     : 22598 paths, 20000 OD pairs
2026-09-02 00:57:04,994 locking 28 route-periods across 14 routes in classes ('peak_express',)
2026-09-02 00:57:05,024      incumbent rescaled x1.0013
2026-09-02 01:06:48,788 solve lambda=2.0: obj=2.95535e+06 vh=2514.5/2517.2 exchanges=0
2026-09-02 01:06:49,266 reroute-006#dbfb2f9ee60d                       seed 20260826 obj=2955354.137038 restarts=20 conv=True adm=True 857s
2026-09-02 01:06:49,270 stopping cleanly: 1180s needed for reroute-006#dbfb2f9ee60d/20260828, 743s left
2026-09-02 01:06:49,270 slice ran 1 cells
2026-09-02 01:06:51,834 3.1-stageB: 115 cells remaining, 56 in this shard
2026-09-02 01:06:51,920 cache hit  baseline-a5bf710e8b2c9129 (53.2 MB, 0.1s)
2026-09-02 01:06:51,974 cache hit  raptor-51c3309f35ffd25f (0.6 MB, 0.0s)
2026-09-02 01:06:51,974 cache hit  zones-77edf71b615ba370 (0.2 MB, 0.0s)
2026-09-02 01:06:51,975 cache hit  od-ba345b9cb167aecb (0.5 MB, 0.0s)
2026-09-02 01:06:51,995 route classes: {'all_day': 25, 'peak_express': 14}
2026-09-02 01:06:52,351 footpaths: 15517 links (9 from transfers.txt)
2026-09-02 01:06:52,360 raptor network: 2946 stops, 111 patterns, 15517 footpaths
2026-09-02 01:06:52,458 zones: 1397 (637 with transit access within 600 m), 3938 access links
2026-09-02 01:06:52,467 route classes: {'all_day': 25, 'peak_express': 14}
2026-09-02 01:06:52,522 evaluator pricing: common_lines=same_route (explicit)
2026-09-02 01:06:52,571 path enumeration: 20000 OD pairs, 636 origin zones, 3 scenarios, cap 4 paths/OD
2026-09-02 01:07:35,441 rejected 94 malformed candidate paths that failed the re-pricing check
2026-09-02 01:07:35,533 path set: 24739 paths over 17388/20000 OD pairs (86.7% of flow served), 121695 legs
2026-09-02 01:07:35,571 period early   : 24739 paths, 20000 OD pairs
2026-09-02 01:07:35,581 path enumeration: 20000 OD pairs, 636 origin zones, 3 scenarios, cap 4 paths/OD
2026-09-02 01:08:24,778 rejected 73 malformed candidate paths that failed the re-pricing check
2026-09-02 01:08:24,895 path set: 28740 paths over 19278/20000 OD pairs (96.2% of flow served), 141552 legs
2026-09-02 01:08:24,945 period am_peak : 28740 paths, 20000 OD pairs
2026-09-02 01:08:24,956 path enumeration: 20000 OD pairs, 636 origin zones, 3 scenarios, cap 4 paths/OD
2026-09-02 01:09:07,563 rejected 72 malformed candidate paths that failed the re-pricing check
2026-09-02 01:09:07,656 path set: 24111 paths over 17389/20000 OD pairs (86.7% of flow served), 118742 legs
2026-09-02 01:09:07,696 period midday  : 24111 paths, 20000 OD pairs
2026-09-02 01:09:07,707 path enumeration: 20000 OD pairs, 636 origin zones, 3 scenarios, cap 4 paths/OD
2026-09-02 01:09:55,311 rejected 121 malformed candidate paths that failed the re-pricing check
2026-09-02 01:09:55,434 path set: 28007 paths over 18673/20000 OD pairs (93.6% of flow served), 139766 legs
2026-09-02 01:09:55,506 period pm_peak : 28007 paths, 20000 OD pairs
2026-09-02 01:09:55,518 path enumeration: 20000 OD pairs, 636 origin zones, 3 scenarios, cap 4 paths/OD
2026-09-02 01:10:42,164 rejected 82 malformed candidate paths that failed the re-pricing check
2026-09-02 01:10:42,260 path set: 24041 paths over 17386/20000 OD pairs (86.6% of flow served), 118213 legs
2026-09-02 01:10:42,306 period evening : 24041 paths, 20000 OD pairs
2026-09-02 01:10:42,317 path enumeration: 20000 OD pairs, 636 origin zones, 3 scenarios, cap 4 paths/OD
2026-09-02 01:11:24,446 rejected 121 malformed candidate paths that failed the re-pricing check
2026-09-02 01:11:24,536 path set: 22598 paths over 17006/20000 OD pairs (85.1% of flow served), 111306 legs
2026-09-02 01:11:24,580 period owl     : 22598 paths, 20000 OD pairs
2026-09-02 01:11:24,580 locking 28 route-periods across 14 routes in classes ('peak_express',)
2026-09-02 01:11:24,611      incumbent rescaled x1.0013
2026-09-02 01:21:01,699 solve lambda=2.0: obj=2.95535e+06 vh=2514.5/2517.2 exchanges=0
2026-09-02 01:21:02,198 reroute-006#dbfb2f9ee60d                       seed 20260828 obj=2955354.137038 restarts=20 conv=True adm=True 850s
2026-09-02 01:21:03,240 stopping cleanly: 760s needed for reroute-009#8323c2fb0368/20260825, 749s left
2026-09-02 01:21:03,241 slice ran 1 cells
2026-09-02 01:21:05,862 3.1-stageB: 112 cells remaining, 55 in this shard
2026-09-02 01:21:05,950 cache hit  baseline-a5bf710e8b2c9129 (53.2 MB, 0.1s)
2026-09-02 01:21:05,995 cache hit  raptor-51c3309f35ffd25f (0.6 MB, 0.0s)
2026-09-02 01:21:05,996 cache hit  zones-77edf71b615ba370 (0.2 MB, 0.0s)
2026-09-02 01:21:05,996 cache hit  od-ba345b9cb167aecb (0.5 MB, 0.0s)
2026-09-02 01:21:06,018 route classes: {'all_day': 25, 'peak_express': 14}
2026-09-02 01:21:06,488 footpaths: 15573 links (9 from transfers.txt)
2026-09-02 01:21:06,497 raptor network: 2949 stops, 111 patterns, 15573 footpaths
2026-09-02 01:21:06,619 zones: 1397 (637 with transit access within 600 m), 3938 access links
2026-09-02 01:21:06,629 route classes: {'all_day': 25, 'peak_express': 14}
2026-09-02 01:21:06,710 evaluator pricing: common_lines=same_route (explicit)
2026-09-02 01:21:06,717 period early   : 24672 paths, 20000 OD pairs
2026-09-02 01:21:06,724 period am_peak : 28771 paths, 20000 OD pairs
2026-09-02 01:21:06,729 period midday  : 24128 paths, 20000 OD pairs
2026-09-02 01:21:06,735 period pm_peak : 28007 paths, 20000 OD pairs
2026-09-02 01:21:06,740 period evening : 24100 paths, 20000 OD pairs
2026-09-02 01:21:06,745 period owl     : 22673 paths, 20000 OD pairs
2026-09-02 01:21:06,745 locking 28 route-periods across 14 routes in classes ('peak_express',)
2026-09-02 01:21:06,776      incumbent rescaled x1.0001
2026-09-02 01:31:13,496 solve lambda=2.0: obj=2.95597e+06 vh=2515.4/2517.2 exchanges=0
2026-09-02 01:31:13,516 reroute-009#8323c2fb0368                       seed 20260825 obj=2955966.800632 restarts=20 conv=True adm=True 607s
2026-09-02 01:31:13,519 stopping cleanly: 1180s needed for reroute-009#8323c2fb0368/20260827, 992s left
2026-09-02 01:31:13,519 slice ran 1 cells
2026-09-02 01:31:16,251 3.1-stageB: 111 cells remaining, 54 in this shard
2026-09-02 01:31:16,342 cache hit  baseline-a5bf710e8b2c9129 (53.2 MB, 0.1s)
2026-09-02 01:31:16,376 cache hit  raptor-51c3309f35ffd25f (0.6 MB, 0.0s)
2026-09-02 01:31:16,377 cache hit  zones-77edf71b615ba370 (0.2 MB, 0.0s)
2026-09-02 01:31:16,377 cache hit  od-ba345b9cb167aecb (0.5 MB, 0.0s)
2026-09-02 01:31:16,397 route classes: {'all_day': 25, 'peak_express': 14}
2026-09-02 01:31:16,764 footpaths: 15573 links (9 from transfers.txt)
2026-09-02 01:31:16,773 raptor network: 2949 stops, 111 patterns, 15573 footpaths
2026-09-02 01:31:16,871 zones: 1397 (637 with transit access within 600 m), 3938 access links
2026-09-02 01:31:16,879 route classes: {'all_day': 25, 'peak_express': 14}
2026-09-02 01:31:16,939 evaluator pricing: common_lines=same_route (explicit)
2026-09-02 01:31:16,992 path enumeration: 20000 OD pairs, 636 origin zones, 3 scenarios, cap 4 paths/OD
2026-09-02 01:31:59,964 rejected 78 malformed candidate paths that failed the re-pricing check
2026-09-02 01:32:00,056 path set: 24672 paths over 17389/20000 OD pairs (86.7% of flow served), 121192 legs
2026-09-02 01:32:00,103 period early   : 24672 paths, 20000 OD pairs
2026-09-02 01:32:00,113 path enumeration: 20000 OD pairs, 636 origin zones, 3 scenarios, cap 4 paths/OD
2026-09-02 01:32:48,616 rejected 72 malformed candidate paths that failed the re-pricing check
2026-09-02 01:32:48,730 path set: 28771 paths over 19279/20000 OD pairs (96.2% of flow served), 141517 legs
2026-09-02 01:32:48,782 period am_peak : 28771 paths, 20000 OD pairs
2026-09-02 01:32:48,793 path enumeration: 20000 OD pairs, 636 origin zones, 3 scenarios, cap 4 paths/OD
2026-09-02 01:33:30,280 rejected 71 malformed candidate paths that failed the re-pricing check
2026-09-02 01:33:30,377 path set: 24128 paths over 17390/20000 OD pairs (86.7% of flow served), 118689 legs
2026-09-02 01:33:30,421 period midday  : 24128 paths, 20000 OD pairs
2026-09-02 01:33:30,432 path enumeration: 20000 OD pairs, 636 origin zones, 3 scenarios, cap 4 paths/OD
2026-09-02 01:34:17,474 rejected 120 malformed candidate paths that failed the re-pricing check
2026-09-02 01:34:17,589 path set: 28007 paths over 18674/20000 OD pairs (93.6% of flow served), 139521 legs
2026-09-02 01:34:17,644 period pm_peak : 28007 paths, 20000 OD pairs
2026-09-02 01:34:17,655 path enumeration: 20000 OD pairs, 636 origin zones, 3 scenarios, cap 4 paths/OD
2026-09-02 01:35:03,960 rejected 79 malformed candidate paths that failed the re-pricing check
2026-09-02 01:35:04,050 path set: 24100 paths over 17387/20000 OD pairs (86.7% of flow served), 118359 legs
2026-09-02 01:35:04,094 period evening : 24100 paths, 20000 OD pairs
2026-09-02 01:35:04,104 path enumeration: 20000 OD pairs, 636 origin zones, 3 scenarios, cap 4 paths/OD
2026-09-02 01:35:45,203 rejected 135 malformed candidate paths that failed the re-pricing check
2026-09-02 01:35:45,291 path set: 22673 paths over 17007/20000 OD pairs (85.1% of flow served), 111590 legs
2026-09-02 01:35:45,333 period owl     : 22673 paths, 20000 OD pairs
2026-09-02 01:35:45,333 locking 28 route-periods across 14 routes in classes ('peak_express',)
2026-09-02 01:35:45,364      incumbent rescaled x1.0001
2026-09-02 01:45:29,644 solve lambda=2.0: obj=2.95597e+06 vh=2515.4/2517.2 exchanges=0
2026-09-02 01:45:30,147 reroute-009#8323c2fb0368                       seed 20260827 obj=2955966.800632 restarts=20 conv=True adm=True 854s
2026-09-02 01:45:30,149 stopping cleanly: 1180s needed for reroute-009#8323c2fb0368/20260829, 746s left
2026-09-02 01:45:30,149 slice ran 1 cells
2026-09-02 01:45:32,696 3.1-stageB: 109 cells remaining, 53 in this shard
2026-09-02 01:45:32,786 cache hit  baseline-a5bf710e8b2c9129 (53.2 MB, 0.1s)
2026-09-02 01:45:32,820 cache hit  raptor-51c3309f35ffd25f (0.6 MB, 0.0s)
2026-09-02 01:45:32,821 cache hit  zones-77edf71b615ba370 (0.2 MB, 0.0s)
2026-09-02 01:45:32,822 cache hit  od-ba345b9cb167aecb (0.5 MB, 0.0s)
2026-09-02 01:45:32,833 route classes: {'all_day': 25, 'peak_express': 14}
2026-09-02 01:45:33,178 footpaths: 15573 links (9 from transfers.txt)
2026-09-02 01:45:33,187 raptor network: 2949 stops, 111 patterns, 15573 footpaths
2026-09-02 01:45:33,284 zones: 1397 (637 with transit access within 600 m), 3938 access links
2026-09-02 01:45:33,293 route classes: {'all_day': 25, 'peak_express': 14}
2026-09-02 01:45:33,354 evaluator pricing: common_lines=same_route (explicit)
2026-09-02 01:45:33,403 path enumeration: 20000 OD pairs, 636 origin zones, 3 scenarios, cap 4 paths/OD
2026-09-02 01:46:16,078 rejected 78 malformed candidate paths that failed the re-pricing check
2026-09-02 01:46:16,173 path set: 24672 paths over 17389/20000 OD pairs (86.7% of flow served), 121192 legs
2026-09-02 01:46:16,212 period early   : 24672 paths, 20000 OD pairs
2026-09-02 01:46:16,222 path enumeration: 20000 OD pairs, 636 origin zones, 3 scenarios, cap 4 paths/OD
2026-09-02 01:47:05,530 rejected 72 malformed candidate paths that failed the re-pricing check
2026-09-02 01:47:05,664 path set: 28771 paths over 19279/20000 OD pairs (96.2% of flow served), 141517 legs
2026-09-02 01:47:05,723 period am_peak : 28771 paths, 20000 OD pairs
2026-09-02 01:47:05,734 path enumeration: 20000 OD pairs, 636 origin zones, 3 scenarios, cap 4 paths/OD
2026-09-02 01:47:49,746 rejected 71 malformed candidate paths that failed the re-pricing check
2026-09-02 01:47:49,841 path set: 24128 paths over 17390/20000 OD pairs (86.7% of flow served), 118689 legs
2026-09-02 01:47:49,882 period midday  : 24128 paths, 20000 OD pairs
2026-09-02 01:47:49,893 path enumeration: 20000 OD pairs, 636 origin zones, 3 scenarios, cap 4 paths/OD
2026-09-02 01:48:37,433 rejected 120 malformed candidate paths that failed the re-pricing check
2026-09-02 01:48:37,547 path set: 28007 paths over 18674/20000 OD pairs (93.6% of flow served), 139521 legs
2026-09-02 01:48:37,602 period pm_peak : 28007 paths, 20000 OD pairs
2026-09-02 01:48:37,613 path enumeration: 20000 OD pairs, 636 origin zones, 3 scenarios, cap 4 paths/OD
2026-09-02 01:49:22,029 rejected 79 malformed candidate paths that failed the re-pricing check
2026-09-02 01:49:22,116 path set: 24100 paths over 17387/20000 OD pairs (86.7% of flow served), 118359 legs
2026-09-02 01:49:22,154 period evening : 24100 paths, 20000 OD pairs
2026-09-02 01:49:22,164 path enumeration: 20000 OD pairs, 636 origin zones, 3 scenarios, cap 4 paths/OD
2026-09-02 01:50:03,440 rejected 135 malformed candidate paths that failed the re-pricing check
2026-09-02 01:50:03,528 path set: 22673 paths over 17007/20000 OD pairs (85.1% of flow served), 111590 legs
2026-09-02 01:50:03,566 period owl     : 22673 paths, 20000 OD pairs
2026-09-02 01:50:03,566 locking 28 route-periods across 14 routes in classes ('peak_express',)
2026-09-02 01:50:03,598      incumbent rescaled x1.0001
2026-09-02 02:00:27,446 solve lambda=2.0: obj=2.95597e+06 vh=2515.4/2517.2 exchanges=0
2026-09-02 02:00:28,124 reroute-009#8323c2fb0368                       seed 20260829 obj=2955966.800632 restarts=20 conv=True adm=True 895s
2026-09-02 02:00:28,126 stopping cleanly: 1180s needed for reroute-012#fb24f651cbc5/20260826, 705s left
2026-09-02 02:00:28,126 slice ran 1 cells
2026-09-02 02:00:30,634 3.1-stageB: 107 cells remaining, 52 in this shard
2026-09-02 02:00:30,744 cache hit  baseline-a5bf710e8b2c9129 (53.2 MB, 0.1s)
2026-09-02 02:00:30,785 cache hit  raptor-51c3309f35ffd25f (0.6 MB, 0.0s)
2026-09-02 02:00:30,786 cache hit  zones-77edf71b615ba370 (0.2 MB, 0.0s)
2026-09-02 02:00:30,787 cache hit  od-ba345b9cb167aecb (0.5 MB, 0.0s)
2026-09-02 02:00:30,802 route classes: {'all_day': 25, 'peak_express': 14}
2026-09-02 02:00:31,194 footpaths: 15521 links (9 from transfers.txt)
2026-09-02 02:00:31,203 raptor network: 2944 stops, 111 patterns, 15521 footpaths
2026-09-02 02:00:31,318 zones: 1397 (637 with transit access within 600 m), 3938 access links
2026-09-02 02:00:31,327 route classes: {'all_day': 25, 'peak_express': 14}
2026-09-02 02:00:31,381 evaluator pricing: common_lines=same_route (explicit)
2026-09-02 02:00:31,436 path enumeration: 20000 OD pairs, 636 origin zones, 3 scenarios, cap 4 paths/OD
2026-09-02 02:01:12,143 rejected 94 malformed candidate paths that failed the re-pricing check
2026-09-02 02:01:12,234 path set: 24668 paths over 17388/20000 OD pairs (86.7% of flow served), 121377 legs
2026-09-02 02:01:12,282 period early   : 24668 paths, 20000 OD pairs
2026-09-02 02:01:12,292 path enumeration: 20000 OD pairs, 636 origin zones, 3 scenarios, cap 4 paths/OD
2026-09-02 02:02:00,911 rejected 72 malformed candidate paths that failed the re-pricing check
2026-09-02 02:02:01,018 path set: 28733 paths over 19278/20000 OD pairs (96.2% of flow served), 141445 legs
2026-09-02 02:02:01,070 period am_peak : 28733 paths, 20000 OD pairs
2026-09-02 02:02:01,080 path enumeration: 20000 OD pairs, 636 origin zones, 3 scenarios, cap 4 paths/OD
2026-09-02 02:02:44,500 rejected 73 malformed candidate paths that failed the re-pricing check
2026-09-02 02:02:44,602 path set: 24088 paths over 17389/20000 OD pairs (86.7% of flow served), 118580 legs
2026-09-02 02:02:44,648 period midday  : 24088 paths, 20000 OD pairs
2026-09-02 02:02:44,660 path enumeration: 20000 OD pairs, 636 origin zones, 3 scenarios, cap 4 paths/OD
2026-09-02 02:03:31,448 rejected 122 malformed candidate paths that failed the re-pricing check
2026-09-02 02:03:31,565 path set: 27973 paths over 18673/20000 OD pairs (93.6% of flow served), 139485 legs
2026-09-02 02:03:31,621 period pm_peak : 27973 paths, 20000 OD pairs
2026-09-02 02:03:31,633 path enumeration: 20000 OD pairs, 636 origin zones, 3 scenarios, cap 4 paths/OD
2026-09-02 02:04:17,804 rejected 81 malformed candidate paths that failed the re-pricing check
2026-09-02 02:04:17,897 path set: 23921 paths over 17386/20000 OD pairs (86.6% of flow served), 117457 legs
2026-09-02 02:04:17,941 period evening : 23921 paths, 20000 OD pairs
2026-09-02 02:04:17,951 path enumeration: 20000 OD pairs, 636 origin zones, 3 scenarios, cap 4 paths/OD
2026-09-02 02:05:00,755 rejected 129 malformed candidate paths that failed the re-pricing check
2026-09-02 02:05:00,848 path set: 22668 paths over 17006/20000 OD pairs (85.1% of flow served), 111730 legs
2026-09-02 02:05:00,897 period owl     : 22668 paths, 20000 OD pairs
2026-09-02 02:05:00,898 locking 28 route-periods across 14 routes in classes ('peak_express',)
2026-09-02 02:05:00,935      incumbent rescaled x1.0005
2026-09-02 02:15:30,246 solve lambda=2.0: obj=2.95592e+06 vh=2515.4/2517.2 exchanges=0
2026-09-02 02:15:30,950 reroute-012#fb24f651cbc5                       seed 20260826 obj=2955919.488367 restarts=20 conv=True adm=True 900s
2026-09-02 02:15:30,954 stopping cleanly: 1180s needed for reroute-012#fb24f651cbc5/20260828, 700s left
2026-09-02 02:15:30,954 slice ran 1 cells
2026-09-02 02:15:33,695 3.1-stageB: 105 cells remaining, 51 in this shard
2026-09-02 02:15:33,784 cache hit  baseline-a5bf710e8b2c9129 (53.2 MB, 0.1s)
2026-09-02 02:15:33,817 cache hit  raptor-51c3309f35ffd25f (0.6 MB, 0.0s)
2026-09-02 02:15:33,818 cache hit  zones-77edf71b615ba370 (0.2 MB, 0.0s)
2026-09-02 02:15:33,819 cache hit  od-ba345b9cb167aecb (0.5 MB, 0.0s)
2026-09-02 02:15:33,830 route classes: {'all_day': 25, 'peak_express': 14}
2026-09-02 02:15:34,190 footpaths: 15521 links (9 from transfers.txt)
2026-09-02 02:15:34,199 raptor network: 2944 stops, 111 patterns, 15521 footpaths
2026-09-02 02:15:34,305 zones: 1397 (637 with transit access within 600 m), 3938 access links
2026-09-02 02:15:34,314 route classes: {'all_day': 25, 'peak_express': 14}
2026-09-02 02:15:34,365 evaluator pricing: common_lines=same_route (explicit)
2026-09-02 02:15:34,419 path enumeration: 20000 OD pairs, 636 origin zones, 3 scenarios, cap 4 paths/OD
2026-09-02 02:16:17,744 rejected 94 malformed candidate paths that failed the re-pricing check
2026-09-02 02:16:17,843 path set: 24668 paths over 17388/20000 OD pairs (86.7% of flow served), 121377 legs
2026-09-02 02:16:17,892 period early   : 24668 paths, 20000 OD pairs
2026-09-02 02:16:17,902 path enumeration: 20000 OD pairs, 636 origin zones, 3 scenarios, cap 4 paths/OD
2026-09-02 02:17:07,076 rejected 72 malformed candidate paths that failed the re-pricing check
2026-09-02 02:17:07,191 path set: 28733 paths over 19278/20000 OD pairs (96.2% of flow served), 141445 legs
2026-09-02 02:17:07,244 period am_peak : 28733 paths, 20000 OD pairs
2026-09-02 02:17:07,255 path enumeration: 20000 OD pairs, 636 origin zones, 3 scenarios, cap 4 paths/OD
2026-09-02 02:17:49,661 rejected 73 malformed candidate paths that failed the re-pricing check
2026-09-02 02:17:49,756 path set: 24088 paths over 17389/20000 OD pairs (86.7% of flow served), 118580 legs
2026-09-02 02:17:49,812 period midday  : 24088 paths, 20000 OD pairs
2026-09-02 02:17:49,823 path enumeration: 20000 OD pairs, 636 origin zones, 3 scenarios, cap 4 paths/OD
2026-09-02 02:18:36,255 rejected 122 malformed candidate paths that failed the re-pricing check
2026-09-02 02:18:36,368 path set: 27973 paths over 18673/20000 OD pairs (93.6% of flow served), 139485 legs
2026-09-02 02:18:36,422 period pm_peak : 27973 paths, 20000 OD pairs
2026-09-02 02:18:36,433 path enumeration: 20000 OD pairs, 636 origin zones, 3 scenarios, cap 4 paths/OD
2026-09-02 02:19:22,069 rejected 81 malformed candidate paths that failed the re-pricing check
2026-09-02 02:19:22,179 path set: 23921 paths over 17386/20000 OD pairs (86.6% of flow served), 117457 legs
2026-09-02 02:19:22,229 period evening : 23921 paths, 20000 OD pairs
2026-09-02 02:19:22,241 path enumeration: 20000 OD pairs, 636 origin zones, 3 scenarios, cap 4 paths/OD
2026-09-02 02:20:05,051 rejected 129 malformed candidate paths that failed the re-pricing check
2026-09-02 02:20:05,137 path set: 22668 paths over 17006/20000 OD pairs (85.1% of flow served), 111730 legs
2026-09-02 02:20:05,188 period owl     : 22668 paths, 20000 OD pairs
2026-09-02 02:20:05,188 locking 28 route-periods across 14 routes in classes ('peak_express',)
2026-09-02 02:20:05,222      incumbent rescaled x1.0005
2026-09-02 02:29:28,709 solve lambda=2.0: obj=2.95592e+06 vh=2515.4/2517.2 exchanges=0
2026-09-02 02:29:29,251 reroute-012#fb24f651cbc5                       seed 20260828 obj=2955919.488367 restarts=20 conv=True adm=True 835s
2026-09-02 02:29:30,861 footpaths: 15561 links (9 from transfers.txt)
2026-09-02 02:29:30,870 raptor network: 2946 stops, 111 patterns, 15561 footpaths
2026-09-02 02:29:30,970 zones: 1397 (637 with transit access within 600 m), 3938 access links
2026-09-02 02:29:30,979 route classes: {'all_day': 25, 'peak_express': 14}
2026-09-02 02:29:31,029 evaluator pricing: common_lines=same_route (explicit)
2026-09-02 02:29:31,035 period early   : 24705 paths, 20000 OD pairs
2026-09-02 02:29:31,041 period am_peak : 28712 paths, 20000 OD pairs
2026-09-02 02:29:31,045 period midday  : 24052 paths, 20000 OD pairs
2026-09-02 02:29:31,051 period pm_peak : 27934 paths, 20000 OD pairs
2026-09-02 02:29:31,055 period evening : 24033 paths, 20000 OD pairs
2026-09-02 02:29:31,060 period owl     : 22762 paths, 20000 OD pairs
2026-09-02 02:29:31,060 locking 28 route-periods across 14 routes in classes ('peak_express',)
2026-09-02 02:29:31,088      incumbent rescaled x1.0022
2026-09-02 02:39:36,809 solve lambda=2.0: obj=2.95563e+06 vh=2513.8/2517.2 exchanges=0
2026-09-02 02:39:36,827 reroute-023#1dc299b50907                       seed 20260825 obj=2955629.508880 restarts=20 conv=True adm=True 606s
2026-09-02 02:39:36,828 stopping cleanly: 1180s needed for reroute-023#1dc299b50907/20260827, 157s left
2026-09-02 02:39:36,828 slice ran 2 cells
2026-09-02 02:39:39,410 3.1-stageB: 101 cells remaining, 49 in this shard
2026-09-02 02:39:39,502 cache hit  baseline-a5bf710e8b2c9129 (53.2 MB, 0.1s)
2026-09-02 02:39:39,540 cache hit  raptor-51c3309f35ffd25f (0.6 MB, 0.0s)
2026-09-02 02:39:39,541 cache hit  zones-77edf71b615ba370 (0.2 MB, 0.0s)
2026-09-02 02:39:39,542 cache hit  od-ba345b9cb167aecb (0.5 MB, 0.0s)
2026-09-02 02:39:39,564 route classes: {'all_day': 25, 'peak_express': 14}
2026-09-02 02:39:39,937 footpaths: 15561 links (9 from transfers.txt)
2026-09-02 02:39:39,948 raptor network: 2946 stops, 111 patterns, 15561 footpaths
2026-09-02 02:39:40,051 zones: 1397 (637 with transit access within 600 m), 3938 access links
2026-09-02 02:39:40,060 route classes: {'all_day': 25, 'peak_express': 14}
2026-09-02 02:39:40,118 evaluator pricing: common_lines=same_route (explicit)
2026-09-02 02:39:40,168 path enumeration: 20000 OD pairs, 636 origin zones, 3 scenarios, cap 4 paths/OD
2026-09-02 02:40:21,839 rejected 94 malformed candidate paths that failed the re-pricing check
2026-09-02 02:40:21,935 path set: 24705 paths over 17389/20000 OD pairs (86.7% of flow served), 121352 legs
2026-09-02 02:40:21,974 period early   : 24705 paths, 20000 OD pairs
2026-09-02 02:40:21,985 path enumeration: 20000 OD pairs, 636 origin zones, 3 scenarios, cap 4 paths/OD
2026-09-02 02:41:10,448 rejected 74 malformed candidate paths that failed the re-pricing check
2026-09-02 02:41:10,572 path set: 28712 paths over 19279/20000 OD pairs (96.2% of flow served), 141151 legs
2026-09-02 02:41:10,623 period am_peak : 28712 paths, 20000 OD pairs
2026-09-02 02:41:10,634 path enumeration: 20000 OD pairs, 636 origin zones, 3 scenarios, cap 4 paths/OD
2026-09-02 02:41:53,448 rejected 73 malformed candidate paths that failed the re-pricing check
2026-09-02 02:41:53,544 path set: 24052 paths over 17390/20000 OD pairs (86.7% of flow served), 118227 legs
2026-09-02 02:41:53,586 period midday  : 24052 paths, 20000 OD pairs
2026-09-02 02:41:53,597 path enumeration: 20000 OD pairs, 636 origin zones, 3 scenarios, cap 4 paths/OD
2026-09-02 02:42:41,108 rejected 122 malformed candidate paths that failed the re-pricing check
2026-09-02 02:42:41,221 path set: 27934 paths over 18674/20000 OD pairs (93.6% of flow served), 139144 legs
2026-09-02 02:42:41,274 period pm_peak : 27934 paths, 20000 OD pairs
2026-09-02 02:42:41,286 path enumeration: 20000 OD pairs, 636 origin zones, 3 scenarios, cap 4 paths/OD
2026-09-02 02:43:28,019 rejected 82 malformed candidate paths that failed the re-pricing check
2026-09-02 02:43:28,111 path set: 24033 paths over 17387/20000 OD pairs (86.7% of flow served), 117913 legs
2026-09-02 02:43:28,153 period evening : 24033 paths, 20000 OD pairs
2026-09-02 02:43:28,163 path enumeration: 20000 OD pairs, 636 origin zones, 3 scenarios, cap 4 paths/OD
2026-09-02 02:44:11,431 rejected 129 malformed candidate paths that failed the re-pricing check
2026-09-02 02:44:11,531 path set: 22762 paths over 17007/20000 OD pairs (85.1% of flow served), 112129 legs
2026-09-02 02:44:11,577 period owl     : 22762 paths, 20000 OD pairs
2026-09-02 02:44:11,577 locking 28 route-periods across 14 routes in classes ('peak_express',)
2026-09-02 02:44:11,609      incumbent rescaled x1.0022
2026-09-02 02:54:13,295 solve lambda=2.0: obj=2.95563e+06 vh=2513.8/2517.2 exchanges=0
2026-09-02 02:54:13,929 reroute-023#1dc299b50907                       seed 20260827 obj=2955629.508880 restarts=20 conv=True adm=True 874s
2026-09-02 02:54:13,932 stopping cleanly: 1180s needed for reroute-023#1dc299b50907/20260829, 725s left
2026-09-02 02:54:13,933 slice ran 1 cells
2026-09-02 02:54:16,612 3.1-stageB: 99 cells remaining, 48 in this shard
2026-09-02 02:54:16,704 cache hit  baseline-a5bf710e8b2c9129 (53.2 MB, 0.1s)
2026-09-02 02:54:16,737 cache hit  raptor-51c3309f35ffd25f (0.6 MB, 0.0s)
2026-09-02 02:54:16,738 cache hit  zones-77edf71b615ba370 (0.2 MB, 0.0s)
2026-09-02 02:54:16,739 cache hit  od-ba345b9cb167aecb (0.5 MB, 0.0s)
2026-09-02 02:54:16,766 route classes: {'all_day': 25, 'peak_express': 14}
2026-09-02 02:54:17,165 footpaths: 15561 links (9 from transfers.txt)
2026-09-02 02:54:17,177 raptor network: 2946 stops, 111 patterns, 15561 footpaths
2026-09-02 02:54:17,279 zones: 1397 (637 with transit access within 600 m), 3938 access links
2026-09-02 02:54:17,288 route classes: {'all_day': 25, 'peak_express': 14}
2026-09-02 02:54:17,352 evaluator pricing: common_lines=same_route (explicit)
2026-09-02 02:54:17,414 path enumeration: 20000 OD pairs, 636 origin zones, 3 scenarios, cap 4 paths/OD
2026-09-02 02:55:00,146 rejected 94 malformed candidate paths that failed the re-pricing check
2026-09-02 02:55:00,243 path set: 24705 paths over 17389/20000 OD pairs (86.7% of flow served), 121352 legs
2026-09-02 02:55:00,287 period early   : 24705 paths, 20000 OD pairs
2026-09-02 02:55:00,298 path enumeration: 20000 OD pairs, 636 origin zones, 3 scenarios, cap 4 paths/OD
2026-09-02 02:55:48,029 rejected 74 malformed candidate paths that failed the re-pricing check
2026-09-02 02:55:48,151 path set: 28712 paths over 19279/20000 OD pairs (96.2% of flow served), 141151 legs
2026-09-02 02:55:48,209 period am_peak : 28712 paths, 20000 OD pairs
2026-09-02 02:55:48,220 path enumeration: 20000 OD pairs, 636 origin zones, 3 scenarios, cap 4 paths/OD
2026-09-02 02:56:30,714 rejected 73 malformed candidate paths that failed the re-pricing check
2026-09-02 02:56:30,812 path set: 24052 paths over 17390/20000 OD pairs (86.7% of flow served), 118227 legs
2026-09-02 02:56:30,861 period midday  : 24052 paths, 20000 OD pairs
2026-09-02 02:56:30,872 path enumeration: 20000 OD pairs, 636 origin zones, 3 scenarios, cap 4 paths/OD
2026-09-02 02:57:17,710 rejected 122 malformed candidate paths that failed the re-pricing check
2026-09-02 02:57:17,821 path set: 27934 paths over 18674/20000 OD pairs (93.6% of flow served), 139144 legs
2026-09-02 02:57:17,876 period pm_peak : 27934 paths, 20000 OD pairs
2026-09-02 02:57:17,887 path enumeration: 20000 OD pairs, 636 origin zones, 3 scenarios, cap 4 paths/OD
2026-09-02 02:58:03,441 rejected 82 malformed candidate paths that failed the re-pricing check
2026-09-02 02:58:03,539 path set: 24033 paths over 17387/20000 OD pairs (86.7% of flow served), 117913 legs
2026-09-02 02:58:03,586 period evening : 24033 paths, 20000 OD pairs
2026-09-02 02:58:03,597 path enumeration: 20000 OD pairs, 636 origin zones, 3 scenarios, cap 4 paths/OD
2026-09-02 02:58:45,782 rejected 129 malformed candidate paths that failed the re-pricing check
2026-09-02 02:58:45,872 path set: 22762 paths over 17007/20000 OD pairs (85.1% of flow served), 112129 legs
2026-09-02 02:58:45,918 period owl     : 22762 paths, 20000 OD pairs
2026-09-02 02:58:45,919 locking 28 route-periods across 14 routes in classes ('peak_express',)
2026-09-02 02:58:45,953      incumbent rescaled x1.0022
2026-09-02 03:09:18,882 solve lambda=2.0: obj=2.95563e+06 vh=2513.8/2517.2 exchanges=0
2026-09-02 03:09:19,397 reroute-023#1dc299b50907                       seed 20260829 obj=2955629.508880 restarts=20 conv=True adm=True 902s
2026-09-02 03:09:19,400 stopping cleanly: 1180s needed for reroute-031#dfd049714f7d/20260826, 697s left
2026-09-02 03:09:19,400 slice ran 1 cells
2026-09-02 03:09:22,025 3.1-stageB: 97 cells remaining, 47 in this shard
2026-09-02 03:09:22,115 cache hit  baseline-a5bf710e8b2c9129 (53.2 MB, 0.1s)
2026-09-02 03:09:22,157 cache hit  raptor-51c3309f35ffd25f (0.6 MB, 0.0s)
2026-09-02 03:09:22,158 cache hit  zones-77edf71b615ba370 (0.2 MB, 0.0s)
2026-09-02 03:09:22,159 cache hit  od-ba345b9cb167aecb (0.5 MB, 0.0s)
2026-09-02 03:09:22,178 route classes: {'all_day': 25, 'peak_express': 14}
2026-09-02 03:09:22,547 footpaths: 15543 links (9 from transfers.txt)
2026-09-02 03:09:22,557 raptor network: 2946 stops, 111 patterns, 15543 footpaths
2026-09-02 03:09:22,664 zones: 1397 (637 with transit access within 600 m), 3937 access links
2026-09-02 03:09:22,673 route classes: {'all_day': 25, 'peak_express': 14}
2026-09-02 03:09:22,744 evaluator pricing: common_lines=same_route (explicit)
2026-09-02 03:09:22,804 path enumeration: 20000 OD pairs, 636 origin zones, 3 scenarios, cap 4 paths/OD
2026-09-02 03:10:06,600 rejected 95 malformed candidate paths that failed the re-pricing check
2026-09-02 03:10:06,695 path set: 24660 paths over 17389/20000 OD pairs (86.7% of flow served), 120766 legs
2026-09-02 03:10:06,736 period early   : 24660 paths, 20000 OD pairs
2026-09-02 03:10:06,747 path enumeration: 20000 OD pairs, 636 origin zones, 3 scenarios, cap 4 paths/OD
2026-09-02 03:10:55,817 rejected 74 malformed candidate paths that failed the re-pricing check
2026-09-02 03:10:55,936 path set: 28767 paths over 19279/20000 OD pairs (96.2% of flow served), 141047 legs
2026-09-02 03:10:55,990 period am_peak : 28767 paths, 20000 OD pairs
2026-09-02 03:10:56,001 path enumeration: 20000 OD pairs, 636 origin zones, 3 scenarios, cap 4 paths/OD
2026-09-02 03:11:39,798 rejected 73 malformed candidate paths that failed the re-pricing check
2026-09-02 03:11:39,890 path set: 24120 paths over 17390/20000 OD pairs (86.7% of flow served), 118211 legs
2026-09-02 03:11:39,934 period midday  : 24120 paths, 20000 OD pairs
2026-09-02 03:11:39,944 path enumeration: 20000 OD pairs, 636 origin zones, 3 scenarios, cap 4 paths/OD
2026-09-02 03:12:26,621 rejected 122 malformed candidate paths that failed the re-pricing check
2026-09-02 03:12:26,732 path set: 27977 paths over 18674/20000 OD pairs (93.6% of flow served), 138951 legs
2026-09-02 03:12:26,784 period pm_peak : 27977 paths, 20000 OD pairs
2026-09-02 03:12:26,795 path enumeration: 20000 OD pairs, 636 origin zones, 3 scenarios, cap 4 paths/OD
2026-09-02 03:13:12,431 rejected 82 malformed candidate paths that failed the re-pricing check
2026-09-02 03:13:12,527 path set: 24079 paths over 17387/20000 OD pairs (86.7% of flow served), 117800 legs
2026-09-02 03:13:12,574 period evening : 24079 paths, 20000 OD pairs
2026-09-02 03:13:12,585 path enumeration: 20000 OD pairs, 636 origin zones, 3 scenarios, cap 4 paths/OD
2026-09-02 03:13:53,957 rejected 127 malformed candidate paths that failed the re-pricing check
2026-09-02 03:13:54,045 path set: 22698 paths over 17007/20000 OD pairs (85.1% of flow served), 111280 legs
2026-09-02 03:13:54,090 period owl     : 22698 paths, 20000 OD pairs
2026-09-02 03:13:54,090 locking 28 route-periods across 14 routes in classes ('peak_express',)
2026-09-02 03:13:54,123      incumbent rescaled x1.0010
2026-09-02 03:23:43,686 solve lambda=2.0: obj=2.95133e+06 vh=2512.8/2517.2 exchanges=1
2026-09-02 03:23:44,269 reroute-031#dfd049714f7d                       seed 20260826 obj=2951326.789586 restarts=20 conv=True adm=True 862s
2026-09-02 03:23:44,273 stopping cleanly: 1180s needed for reroute-031#dfd049714f7d/20260828, 738s left
2026-09-02 03:23:44,274 slice ran 1 cells
2026-09-02 03:23:46,965 3.1-stageB: 95 cells remaining, 46 in this shard
2026-09-02 03:23:47,056 cache hit  baseline-a5bf710e8b2c9129 (53.2 MB, 0.1s)
2026-09-02 03:23:47,104 cache hit  raptor-51c3309f35ffd25f (0.6 MB, 0.0s)
2026-09-02 03:23:47,105 cache hit  zones-77edf71b615ba370 (0.2 MB, 0.0s)
2026-09-02 03:23:47,105 cache hit  od-ba345b9cb167aecb (0.5 MB, 0.0s)
2026-09-02 03:23:47,125 route classes: {'all_day': 25, 'peak_express': 14}
2026-09-02 03:23:47,491 footpaths: 15543 links (9 from transfers.txt)
2026-09-02 03:23:47,499 raptor network: 2946 stops, 111 patterns, 15543 footpaths
2026-09-02 03:23:47,594 zones: 1397 (637 with transit access within 600 m), 3937 access links
2026-09-02 03:23:47,602 route classes: {'all_day': 25, 'peak_express': 14}
2026-09-02 03:23:47,659 evaluator pricing: common_lines=same_route (explicit)
2026-09-02 03:23:47,710 path enumeration: 20000 OD pairs, 636 origin zones, 3 scenarios, cap 4 paths/OD
2026-09-02 03:24:30,842 rejected 95 malformed candidate paths that failed the re-pricing check
2026-09-02 03:24:30,935 path set: 24660 paths over 17389/20000 OD pairs (86.7% of flow served), 120766 legs
2026-09-02 03:24:30,979 period early   : 24660 paths, 20000 OD pairs
2026-09-02 03:24:30,989 path enumeration: 20000 OD pairs, 636 origin zones, 3 scenarios, cap 4 paths/OD
2026-09-02 03:25:19,840 rejected 74 malformed candidate paths that failed the re-pricing check
2026-09-02 03:25:19,962 path set: 28767 paths over 19279/20000 OD pairs (96.2% of flow served), 141047 legs
2026-09-02 03:25:20,017 period am_peak : 28767 paths, 20000 OD pairs
2026-09-02 03:25:20,027 path enumeration: 20000 OD pairs, 636 origin zones, 3 scenarios, cap 4 paths/OD
2026-09-02 03:26:03,778 rejected 73 malformed candidate paths that failed the re-pricing check
2026-09-02 03:26:03,872 path set: 24120 paths over 17390/20000 OD pairs (86.7% of flow served), 118211 legs
2026-09-02 03:26:03,917 period midday  : 24120 paths, 20000 OD pairs
2026-09-02 03:26:03,928 path enumeration: 20000 OD pairs, 636 origin zones, 3 scenarios, cap 4 paths/OD
2026-09-02 03:26:51,506 rejected 122 malformed candidate paths that failed the re-pricing check
2026-09-02 03:26:51,614 path set: 27977 paths over 18674/20000 OD pairs (93.6% of flow served), 138951 legs
2026-09-02 03:26:51,664 period pm_peak : 27977 paths, 20000 OD pairs
2026-09-02 03:26:51,674 path enumeration: 20000 OD pairs, 636 origin zones, 3 scenarios, cap 4 paths/OD
2026-09-02 03:27:38,246 rejected 82 malformed candidate paths that failed the re-pricing check
2026-09-02 03:27:38,338 path set: 24079 paths over 17387/20000 OD pairs (86.7% of flow served), 117800 legs
2026-09-02 03:27:38,381 period evening : 24079 paths, 20000 OD pairs
2026-09-02 03:27:38,391 path enumeration: 20000 OD pairs, 636 origin zones, 3 scenarios, cap 4 paths/OD
2026-09-02 03:28:20,982 rejected 127 malformed candidate paths that failed the re-pricing check
2026-09-02 03:28:21,074 path set: 22698 paths over 17007/20000 OD pairs (85.1% of flow served), 111280 legs
2026-09-02 03:28:21,120 period owl     : 22698 paths, 20000 OD pairs
2026-09-02 03:28:21,120 locking 28 route-periods across 14 routes in classes ('peak_express',)
2026-09-02 03:28:21,160      incumbent rescaled x1.0010
2026-09-02 03:38:23,072 solve lambda=2.0: obj=2.95119e+06 vh=2515.4/2517.2 exchanges=65
2026-09-02 03:38:23,546 reroute-031#dfd049714f7d                       seed 20260828 obj=2951185.776300 restarts=20 conv=True adm=True 876s
2026-09-02 03:38:24,817 stopping cleanly: 760s needed for straighten-001#95a4287b6fa0/20260825, 722s left
2026-09-02 03:38:24,817 slice ran 1 cells
2026-09-02 03:38:27,556 3.1-stageB: 92 cells remaining, 45 in this shard
2026-09-02 03:38:27,643 cache hit  baseline-a5bf710e8b2c9129 (53.2 MB, 0.1s)
2026-09-02 03:38:27,677 cache hit  raptor-51c3309f35ffd25f (0.6 MB, 0.0s)
2026-09-02 03:38:27,677 cache hit  zones-77edf71b615ba370 (0.2 MB, 0.0s)
2026-09-02 03:38:27,678 cache hit  od-ba345b9cb167aecb (0.5 MB, 0.0s)
2026-09-02 03:38:27,689 route classes: {'all_day': 25, 'peak_express': 14}
2026-09-02 03:38:28,113 footpaths: 15565 links (9 from transfers.txt)
2026-09-02 03:38:28,122 raptor network: 2948 stops, 111 patterns, 15565 footpaths
2026-09-02 03:38:28,220 zones: 1397 (637 with transit access within 600 m), 3938 access links
2026-09-02 03:38:28,230 route classes: {'all_day': 25, 'peak_express': 14}
2026-09-02 03:38:28,288 evaluator pricing: common_lines=same_route (explicit)
2026-09-02 03:38:28,295 period early   : 24655 paths, 20000 OD pairs
2026-09-02 03:38:28,301 period am_peak : 28762 paths, 20000 OD pairs
2026-09-02 03:38:28,306 period midday  : 24087 paths, 20000 OD pairs
2026-09-02 03:38:28,311 period pm_peak : 27962 paths, 20000 OD pairs
2026-09-02 03:38:28,316 period evening : 24044 paths, 20000 OD pairs
2026-09-02 03:38:28,321 period owl     : 22674 paths, 20000 OD pairs
2026-09-02 03:38:28,321 locking 28 route-periods across 14 routes in classes ('peak_express',)
2026-09-02 03:48:28,994 solve lambda=2.0: obj=2.95583e+06 vh=2516.4/2517.2 exchanges=64
2026-09-02 03:48:29,013 straighten-001#95a4287b6fa0                    seed 20260825 obj=2955834.074587 restarts=20 conv=True adm=True 601s
2026-09-02 03:48:29,016 stopping cleanly: 1180s needed for straighten-001#95a4287b6fa0/20260827, 999s left
2026-09-02 03:48:29,016 slice ran 1 cells
2026-09-02 03:48:31,546 3.1-stageB: 91 cells remaining, 44 in this shard
2026-09-02 03:48:31,639 cache hit  baseline-a5bf710e8b2c9129 (53.2 MB, 0.1s)
2026-09-02 03:48:31,674 cache hit  raptor-51c3309f35ffd25f (0.6 MB, 0.0s)
2026-09-02 03:48:31,675 cache hit  zones-77edf71b615ba370 (0.2 MB, 0.0s)
2026-09-02 03:48:31,676 cache hit  od-ba345b9cb167aecb (0.5 MB, 0.0s)
2026-09-02 03:48:31,688 route classes: {'all_day': 25, 'peak_express': 14}
2026-09-02 03:48:32,079 footpaths: 15565 links (9 from transfers.txt)
2026-09-02 03:48:32,088 raptor network: 2948 stops, 111 patterns, 15565 footpaths
2026-09-02 03:48:32,187 zones: 1397 (637 with transit access within 600 m), 3938 access links
2026-09-02 03:48:32,197 route classes: {'all_day': 25, 'peak_express': 14}
2026-09-02 03:48:32,271 evaluator pricing: common_lines=same_route (explicit)
2026-09-02 03:48:32,331 path enumeration: 20000 OD pairs, 636 origin zones, 3 scenarios, cap 4 paths/OD
2026-09-02 03:49:14,370 rejected 96 malformed candidate paths that failed the re-pricing check
2026-09-02 03:49:14,468 path set: 24655 paths over 17388/20000 OD pairs (86.7% of flow served), 121362 legs
2026-09-02 03:49:14,514 period early   : 24655 paths, 20000 OD pairs
2026-09-02 03:49:14,524 path enumeration: 20000 OD pairs, 636 origin zones, 3 scenarios, cap 4 paths/OD
2026-09-02 03:50:02,288 rejected 76 malformed candidate paths that failed the re-pricing check
2026-09-02 03:50:02,428 path set: 28762 paths over 19278/20000 OD pairs (96.2% of flow served), 141674 legs
2026-09-02 03:50:02,486 period am_peak : 28762 paths, 20000 OD pairs
2026-09-02 03:50:02,497 path enumeration: 20000 OD pairs, 636 origin zones, 3 scenarios, cap 4 paths/OD
2026-09-02 03:50:45,334 rejected 75 malformed candidate paths that failed the re-pricing check
2026-09-02 03:50:45,490 path set: 24087 paths over 17389/20000 OD pairs (86.7% of flow served), 118684 legs
2026-09-02 03:50:45,542 period midday  : 24087 paths, 20000 OD pairs
2026-09-02 03:50:45,553 path enumeration: 20000 OD pairs, 636 origin zones, 3 scenarios, cap 4 paths/OD
2026-09-02 03:51:32,601 rejected 123 malformed candidate paths that failed the re-pricing check
2026-09-02 03:51:32,717 path set: 27962 paths over 18673/20000 OD pairs (93.6% of flow served), 139519 legs
2026-09-02 03:51:32,776 period pm_peak : 27962 paths, 20000 OD pairs
2026-09-02 03:51:32,787 path enumeration: 20000 OD pairs, 636 origin zones, 3 scenarios, cap 4 paths/OD
2026-09-02 03:52:19,135 rejected 83 malformed candidate paths that failed the re-pricing check
2026-09-02 03:52:19,228 path set: 24044 paths over 17386/20000 OD pairs (86.6% of flow served), 118226 legs
2026-09-02 03:52:19,274 period evening : 24044 paths, 20000 OD pairs
2026-09-02 03:52:19,285 path enumeration: 20000 OD pairs, 636 origin zones, 3 scenarios, cap 4 paths/OD
2026-09-02 03:53:01,642 rejected 132 malformed candidate paths that failed the re-pricing check
2026-09-02 03:53:01,732 path set: 22674 paths over 17005/20000 OD pairs (85.1% of flow served), 111817 legs
2026-09-02 03:53:01,775 period owl     : 22674 paths, 20000 OD pairs
2026-09-02 03:53:01,775 locking 28 route-periods across 14 routes in classes ('peak_express',)
2026-09-02 04:03:33,453 solve lambda=2.0: obj=2.95584e+06 vh=2516.5/2517.2 exchanges=48
2026-09-02 04:03:34,028 straighten-001#95a4287b6fa0                    seed 20260827 obj=2955844.514817 restarts=20 conv=True adm=True 902s
2026-09-02 04:03:34,032 stopping cleanly: 1180s needed for straighten-001#95a4287b6fa0/20260829, 698s left
2026-09-02 04:03:34,032 slice ran 1 cells
2026-09-02 04:03:36,636 3.1-stageB: 89 cells remaining, 43 in this shard
2026-09-02 04:03:36,729 cache hit  baseline-a5bf710e8b2c9129 (53.2 MB, 0.1s)
2026-09-02 04:03:36,772 cache hit  raptor-51c3309f35ffd25f (0.6 MB, 0.0s)
2026-09-02 04:03:36,773 cache hit  zones-77edf71b615ba370 (0.2 MB, 0.0s)
2026-09-02 04:03:36,774 cache hit  od-ba345b9cb167aecb (0.5 MB, 0.0s)
2026-09-02 04:03:36,794 route classes: {'all_day': 25, 'peak_express': 14}
2026-09-02 04:03:37,151 footpaths: 15565 links (9 from transfers.txt)
2026-09-02 04:03:37,160 raptor network: 2948 stops, 111 patterns, 15565 footpaths
2026-09-02 04:03:37,265 zones: 1397 (637 with transit access within 600 m), 3938 access links
2026-09-02 04:03:37,274 route classes: {'all_day': 25, 'peak_express': 14}
2026-09-02 04:03:37,336 evaluator pricing: common_lines=same_route (explicit)
2026-09-02 04:03:37,395 path enumeration: 20000 OD pairs, 636 origin zones, 3 scenarios, cap 4 paths/OD
2026-09-02 04:04:20,090 rejected 96 malformed candidate paths that failed the re-pricing check
2026-09-02 04:04:20,187 path set: 24655 paths over 17388/20000 OD pairs (86.7% of flow served), 121362 legs
2026-09-02 04:04:20,232 period early   : 24655 paths, 20000 OD pairs
2026-09-02 04:04:20,243 path enumeration: 20000 OD pairs, 636 origin zones, 3 scenarios, cap 4 paths/OD
2026-09-02 04:05:08,902 rejected 76 malformed candidate paths that failed the re-pricing check
2026-09-02 04:05:09,015 path set: 28762 paths over 19278/20000 OD pairs (96.2% of flow served), 141674 legs
2026-09-02 04:05:09,067 period am_peak : 28762 paths, 20000 OD pairs
2026-09-02 04:05:09,077 path enumeration: 20000 OD pairs, 636 origin zones, 3 scenarios, cap 4 paths/OD
2026-09-02 04:05:52,490 rejected 75 malformed candidate paths that failed the re-pricing check
2026-09-02 04:05:52,591 path set: 24087 paths over 17389/20000 OD pairs (86.7% of flow served), 118684 legs
2026-09-02 04:05:52,641 period midday  : 24087 paths, 20000 OD pairs
2026-09-02 04:05:52,652 path enumeration: 20000 OD pairs, 636 origin zones, 3 scenarios, cap 4 paths/OD
2026-09-02 04:06:39,642 rejected 123 malformed candidate paths that failed the re-pricing check
2026-09-02 04:06:39,763 path set: 27962 paths over 18673/20000 OD pairs (93.6% of flow served), 139519 legs
2026-09-02 04:06:39,827 period pm_peak : 27962 paths, 20000 OD pairs
2026-09-02 04:06:39,839 path enumeration: 20000 OD pairs, 636 origin zones, 3 scenarios, cap 4 paths/OD
2026-09-02 04:07:26,241 rejected 83 malformed candidate paths that failed the re-pricing check
2026-09-02 04:07:26,336 path set: 24044 paths over 17386/20000 OD pairs (86.6% of flow served), 118226 legs
2026-09-02 04:07:26,383 period evening : 24044 paths, 20000 OD pairs
2026-09-02 04:07:26,394 path enumeration: 20000 OD pairs, 636 origin zones, 3 scenarios, cap 4 paths/OD
2026-09-02 04:08:09,313 rejected 132 malformed candidate paths that failed the re-pricing check
2026-09-02 04:08:09,407 path set: 22674 paths over 17005/20000 OD pairs (85.1% of flow served), 111817 legs
2026-09-02 04:08:09,454 period owl     : 22674 paths, 20000 OD pairs
2026-09-02 04:08:09,454 locking 28 route-periods across 14 routes in classes ('peak_express',)
2026-09-02 04:18:36,354 solve lambda=2.0: obj=2.95582e+06 vh=2516.3/2517.2 exchanges=38
2026-09-02 04:18:36,997 straighten-001#95a4287b6fa0                    seed 20260829 obj=2955819.514306 restarts=20 conv=True adm=True 900s
2026-09-02 04:18:37,000 stopping cleanly: 1180s needed for straighten-002#716a0b294c2c/20260826, 700s left
2026-09-02 04:18:37,000 slice ran 1 cells
2026-09-02 04:18:39,684 3.1-stageB: 87 cells remaining, 42 in this shard
2026-09-02 04:18:39,786 cache hit  baseline-a5bf710e8b2c9129 (53.2 MB, 0.1s)
2026-09-02 04:18:39,821 cache hit  raptor-51c3309f35ffd25f (0.6 MB, 0.0s)
2026-09-02 04:18:39,822 cache hit  zones-77edf71b615ba370 (0.2 MB, 0.0s)
2026-09-02 04:18:39,823 cache hit  od-ba345b9cb167aecb (0.5 MB, 0.0s)
2026-09-02 04:18:39,835 route classes: {'all_day': 25, 'peak_express': 14}
2026-09-02 04:18:40,201 footpaths: 15553 links (9 from transfers.txt)
2026-09-02 04:18:40,210 raptor network: 2944 stops, 111 patterns, 15553 footpaths
2026-09-02 04:18:40,320 zones: 1397 (636 with transit access within 600 m), 3936 access links
2026-09-02 04:18:40,329 route classes: {'all_day': 25, 'peak_express': 14}
2026-09-02 04:18:40,385 evaluator pricing: common_lines=same_route (explicit)
2026-09-02 04:18:40,442 path enumeration: 20000 OD pairs, 636 origin zones, 3 scenarios, cap 4 paths/OD
2026-09-02 04:19:23,742 rejected 96 malformed candidate paths that failed the re-pricing check
2026-09-02 04:19:23,837 path set: 24613 paths over 17346/20000 OD pairs (86.5% of flow served), 121110 legs
2026-09-02 04:19:23,874 period early   : 24613 paths, 20000 OD pairs
2026-09-02 04:19:23,884 path enumeration: 20000 OD pairs, 636 origin zones, 3 scenarios, cap 4 paths/OD
2026-09-02 04:20:12,437 rejected 75 malformed candidate paths that failed the re-pricing check
2026-09-02 04:20:12,563 path set: 28700 paths over 19236/20000 OD pairs (96.1% of flow served), 141330 legs
2026-09-02 04:20:12,620 period am_peak : 28700 paths, 20000 OD pairs
2026-09-02 04:20:12,631 path enumeration: 20000 OD pairs, 636 origin zones, 3 scenarios, cap 4 paths/OD
2026-09-02 04:20:56,510 rejected 74 malformed candidate paths that failed the re-pricing check
2026-09-02 04:20:56,608 path set: 24035 paths over 17347/20000 OD pairs (86.5% of flow served), 118381 legs
2026-09-02 04:20:56,651 period midday  : 24035 paths, 20000 OD pairs
2026-09-02 04:20:56,662 path enumeration: 20000 OD pairs, 636 origin zones, 3 scenarios, cap 4 paths/OD
2026-09-02 04:21:44,264 rejected 122 malformed candidate paths that failed the re-pricing check
2026-09-02 04:21:44,369 path set: 27918 paths over 18631/20000 OD pairs (93.4% of flow served), 139285 legs
2026-09-02 04:21:44,419 period pm_peak : 27918 paths, 20000 OD pairs
2026-09-02 04:21:44,429 path enumeration: 20000 OD pairs, 636 origin zones, 3 scenarios, cap 4 paths/OD
2026-09-02 04:22:31,391 rejected 83 malformed candidate paths that failed the re-pricing check
2026-09-02 04:22:31,496 path set: 24000 paths over 17344/20000 OD pairs (86.5% of flow served), 117977 legs
2026-09-02 04:22:31,545 period evening : 24000 paths, 20000 OD pairs
2026-09-02 04:22:31,557 path enumeration: 20000 OD pairs, 636 origin zones, 3 scenarios, cap 4 paths/OD
2026-09-02 04:23:13,458 rejected 132 malformed candidate paths that failed the re-pricing check
2026-09-02 04:23:13,545 path set: 22616 paths over 16964/20000 OD pairs (84.9% of flow served), 111473 legs
2026-09-02 04:23:13,582 period owl     : 22616 paths, 20000 OD pairs
2026-09-02 04:23:13,582 locking 28 route-periods across 14 routes in classes ('peak_express',)
2026-09-02 04:33:08,967 solve lambda=2.0: obj=2.95581e+06 vh=2516.6/2517.2 exchanges=33
2026-09-02 04:33:09,427 straighten-002#716a0b294c2c                    seed 20260826 obj=2955811.567610 restarts=20 conv=True adm=True 869s
2026-09-02 04:33:09,433 stopping cleanly: 1180s needed for straighten-002#716a0b294c2c/20260828, 730s left
2026-09-02 04:33:09,433 slice ran 1 cells
2026-09-02 04:33:12,013 3.1-stageB: 85 cells remaining, 41 in this shard
2026-09-02 04:33:12,104 cache hit  baseline-a5bf710e8b2c9129 (53.2 MB, 0.1s)
2026-09-02 04:33:12,147 cache hit  raptor-51c3309f35ffd25f (0.6 MB, 0.0s)
2026-09-02 04:33:12,147 cache hit  zones-77edf71b615ba370 (0.2 MB, 0.0s)
2026-09-02 04:33:12,148 cache hit  od-ba345b9cb167aecb (0.5 MB, 0.0s)
2026-09-02 04:33:12,167 route classes: {'all_day': 25, 'peak_express': 14}
2026-09-02 04:33:12,527 footpaths: 15553 links (9 from transfers.txt)
2026-09-02 04:33:12,536 raptor network: 2944 stops, 111 patterns, 15553 footpaths
2026-09-02 04:33:12,639 zones: 1397 (636 with transit access within 600 m), 3936 access links
2026-09-02 04:33:12,648 route classes: {'all_day': 25, 'peak_express': 14}
2026-09-02 04:33:12,695 evaluator pricing: common_lines=same_route (explicit)
2026-09-02 04:33:12,746 path enumeration: 20000 OD pairs, 636 origin zones, 3 scenarios, cap 4 paths/OD
2026-09-02 04:33:55,324 rejected 96 malformed candidate paths that failed the re-pricing check
2026-09-02 04:33:55,424 path set: 24613 paths over 17346/20000 OD pairs (86.5% of flow served), 121110 legs
2026-09-02 04:33:55,476 period early   : 24613 paths, 20000 OD pairs
2026-09-02 04:33:55,488 path enumeration: 20000 OD pairs, 636 origin zones, 3 scenarios, cap 4 paths/OD
2026-09-02 04:34:44,282 rejected 75 malformed candidate paths that failed the re-pricing check
2026-09-02 04:34:44,401 path set: 28700 paths over 19236/20000 OD pairs (96.1% of flow served), 141330 legs
2026-09-02 04:34:44,459 period am_peak : 28700 paths, 20000 OD pairs
2026-09-02 04:34:44,471 path enumeration: 20000 OD pairs, 636 origin zones, 3 scenarios, cap 4 paths/OD
2026-09-02 04:35:28,020 rejected 74 malformed candidate paths that failed the re-pricing check
2026-09-02 04:35:28,110 path set: 24035 paths over 17347/20000 OD pairs (86.5% of flow served), 118381 legs
2026-09-02 04:35:28,153 period midday  : 24035 paths, 20000 OD pairs
2026-09-02 04:35:28,163 path enumeration: 20000 OD pairs, 636 origin zones, 3 scenarios, cap 4 paths/OD
2026-09-02 04:36:15,619 rejected 122 malformed candidate paths that failed the re-pricing check
2026-09-02 04:36:15,733 path set: 27918 paths over 18631/20000 OD pairs (93.4% of flow served), 139285 legs
2026-09-02 04:36:15,787 period pm_peak : 27918 paths, 20000 OD pairs
2026-09-02 04:36:15,799 path enumeration: 20000 OD pairs, 636 origin zones, 3 scenarios, cap 4 paths/OD
2026-09-02 04:37:01,917 rejected 83 malformed candidate paths that failed the re-pricing check
2026-09-02 04:37:02,017 path set: 24000 paths over 17344/20000 OD pairs (86.5% of flow served), 117977 legs
2026-09-02 04:37:02,064 period evening : 24000 paths, 20000 OD pairs
2026-09-02 04:37:02,075 path enumeration: 20000 OD pairs, 636 origin zones, 3 scenarios, cap 4 paths/OD
2026-09-02 04:37:43,454 rejected 132 malformed candidate paths that failed the re-pricing check
2026-09-02 04:37:43,543 path set: 22616 paths over 16964/20000 OD pairs (84.9% of flow served), 111473 legs
2026-09-02 04:37:43,589 period owl     : 22616 paths, 20000 OD pairs
2026-09-02 04:37:43,589 locking 28 route-periods across 14 routes in classes ('peak_express',)
2026-09-02 04:48:07,225 solve lambda=2.0: obj=2.95588e+06 vh=2516.1/2517.2 exchanges=49
2026-09-02 04:48:07,744 straighten-002#716a0b294c2c                    seed 20260828 obj=2955883.030057 restarts=20 conv=True adm=True 895s
2026-09-02 04:48:08,855 stopping cleanly: 760s needed for straighten-004#600ca164ad60/20260825, 703s left
2026-09-02 04:48:08,855 slice ran 1 cells
2026-09-02 04:48:11,548 3.1-stageB: 82 cells remaining, 40 in this shard
2026-09-02 04:48:11,648 cache hit  baseline-a5bf710e8b2c9129 (53.2 MB, 0.1s)
2026-09-02 04:48:11,685 cache hit  raptor-51c3309f35ffd25f (0.6 MB, 0.0s)
2026-09-02 04:48:11,686 cache hit  zones-77edf71b615ba370 (0.2 MB, 0.0s)
2026-09-02 04:48:11,687 cache hit  od-ba345b9cb167aecb (0.5 MB, 0.0s)
2026-09-02 04:48:11,699 route classes: {'all_day': 25, 'peak_express': 14}
2026-09-02 04:48:12,163 footpaths: 15533 links (9 from transfers.txt)
2026-09-02 04:48:12,172 raptor network: 2944 stops, 111 patterns, 15533 footpaths
2026-09-02 04:48:12,272 zones: 1397 (637 with transit access within 600 m), 3935 access links
2026-09-02 04:48:12,281 route classes: {'all_day': 25, 'peak_express': 14}
2026-09-02 04:48:12,343 evaluator pricing: common_lines=same_route (explicit)
2026-09-02 04:48:12,350 period early   : 24666 paths, 20000 OD pairs
2026-09-02 04:48:12,356 period am_peak : 28765 paths, 20000 OD pairs
2026-09-02 04:48:12,360 period midday  : 24099 paths, 20000 OD pairs
2026-09-02 04:48:12,366 period pm_peak : 27987 paths, 20000 OD pairs
2026-09-02 04:48:12,371 period evening : 24058 paths, 20000 OD pairs
2026-09-02 04:48:12,379 period owl     : 22668 paths, 20000 OD pairs
2026-09-02 04:48:12,379 locking 28 route-periods across 14 routes in classes ('peak_express',)
2026-09-02 04:58:42,484 solve lambda=2.0: obj=2.95527e+06 vh=2515.4/2517.2 exchanges=0
2026-09-02 04:58:42,504 straighten-004#600ca164ad60                    seed 20260825 obj=2955268.130632 restarts=20 conv=True adm=True 631s
2026-09-02 04:58:42,506 stopping cleanly: 1180s needed for straighten-004#600ca164ad60/20260827, 969s left
2026-09-02 04:58:42,506 slice ran 1 cells
2026-09-02 04:58:45,058 3.1-stageB: 81 cells remaining, 39 in this shard
2026-09-02 04:58:45,146 cache hit  baseline-a5bf710e8b2c9129 (53.2 MB, 0.1s)
2026-09-02 04:58:45,180 cache hit  raptor-51c3309f35ffd25f (0.6 MB, 0.0s)
2026-09-02 04:58:45,181 cache hit  zones-77edf71b615ba370 (0.2 MB, 0.0s)
2026-09-02 04:58:45,182 cache hit  od-ba345b9cb167aecb (0.5 MB, 0.0s)
2026-09-02 04:58:45,200 route classes: {'all_day': 25, 'peak_express': 14}
2026-09-02 04:58:45,553 footpaths: 15533 links (9 from transfers.txt)
2026-09-02 04:58:45,562 raptor network: 2944 stops, 111 patterns, 15533 footpaths
2026-09-02 04:58:45,662 zones: 1397 (637 with transit access within 600 m), 3935 access links
2026-09-02 04:58:45,671 route classes: {'all_day': 25, 'peak_express': 14}
2026-09-02 04:58:45,730 evaluator pricing: common_lines=same_route (explicit)
2026-09-02 04:58:45,785 path enumeration: 20000 OD pairs, 636 origin zones, 3 scenarios, cap 4 paths/OD
2026-09-02 04:59:28,486 rejected 96 malformed candidate paths that failed the re-pricing check
2026-09-02 04:59:28,580 path set: 24666 paths over 17388/20000 OD pairs (86.7% of flow served), 121374 legs
2026-09-02 04:59:28,633 period early   : 24666 paths, 20000 OD pairs
2026-09-02 04:59:28,644 path enumeration: 20000 OD pairs, 636 origin zones, 3 scenarios, cap 4 paths/OD
2026-09-02 05:00:16,840 rejected 74 malformed candidate paths that failed the re-pricing check
2026-09-02 05:00:16,952 path set: 28765 paths over 19278/20000 OD pairs (96.2% of flow served), 141649 legs
2026-09-02 05:00:17,007 period am_peak : 28765 paths, 20000 OD pairs
2026-09-02 05:00:17,018 path enumeration: 20000 OD pairs, 636 origin zones, 3 scenarios, cap 4 paths/OD
2026-09-02 05:01:00,340 rejected 74 malformed candidate paths that failed the re-pricing check
2026-09-02 05:01:00,437 path set: 24099 paths over 17389/20000 OD pairs (86.7% of flow served), 118715 legs
2026-09-02 05:01:00,483 period midday  : 24099 paths, 20000 OD pairs
2026-09-02 05:01:00,495 path enumeration: 20000 OD pairs, 636 origin zones, 3 scenarios, cap 4 paths/OD
2026-09-02 05:01:46,657 rejected 122 malformed candidate paths that failed the re-pricing check
2026-09-02 05:01:46,772 path set: 27987 paths over 18673/20000 OD pairs (93.6% of flow served), 139631 legs
2026-09-02 05:01:46,832 period pm_peak : 27987 paths, 20000 OD pairs
2026-09-02 05:01:46,843 path enumeration: 20000 OD pairs, 636 origin zones, 3 scenarios, cap 4 paths/OD
2026-09-02 05:02:32,701 rejected 83 malformed candidate paths that failed the re-pricing check
2026-09-02 05:02:32,794 path set: 24058 paths over 17386/20000 OD pairs (86.6% of flow served), 118275 legs
2026-09-02 05:02:32,839 period evening : 24058 paths, 20000 OD pairs
2026-09-02 05:02:32,850 path enumeration: 20000 OD pairs, 636 origin zones, 3 scenarios, cap 4 paths/OD
2026-09-02 05:03:16,011 rejected 130 malformed candidate paths that failed the re-pricing check
2026-09-02 05:03:16,158 path set: 22668 paths over 17005/20000 OD pairs (85.1% of flow served), 111742 legs
2026-09-02 05:03:16,214 period owl     : 22668 paths, 20000 OD pairs
2026-09-02 05:03:16,214 locking 28 route-periods across 14 routes in classes ('peak_express',)
2026-09-02 05:12:54,462 solve lambda=2.0: obj=2.95527e+06 vh=2515.4/2517.2 exchanges=0
2026-09-02 05:12:54,998 straighten-004#600ca164ad60                    seed 20260827 obj=2955268.130632 restarts=20 conv=True adm=True 850s
2026-09-02 05:12:55,002 stopping cleanly: 1180s needed for straighten-004#600ca164ad60/20260829, 750s left
2026-09-02 05:12:55,002 slice ran 1 cells
2026-09-02 05:12:57,569 3.1-stageB: 79 cells remaining, 38 in this shard
2026-09-02 05:12:57,662 cache hit  baseline-a5bf710e8b2c9129 (53.2 MB, 0.1s)
2026-09-02 05:12:57,695 cache hit  raptor-51c3309f35ffd25f (0.6 MB, 0.0s)
2026-09-02 05:12:57,696 cache hit  zones-77edf71b615ba370 (0.2 MB, 0.0s)
2026-09-02 05:12:57,697 cache hit  od-ba345b9cb167aecb (0.5 MB, 0.0s)
2026-09-02 05:12:57,716 route classes: {'all_day': 25, 'peak_express': 14}
2026-09-02 05:12:58,069 footpaths: 15533 links (9 from transfers.txt)
2026-09-02 05:12:58,078 raptor network: 2944 stops, 111 patterns, 15533 footpaths
2026-09-02 05:12:58,171 zones: 1397 (637 with transit access within 600 m), 3935 access links
2026-09-02 05:12:58,181 route classes: {'all_day': 25, 'peak_express': 14}
2026-09-02 05:12:58,238 evaluator pricing: common_lines=same_route (explicit)
2026-09-02 05:12:58,293 path enumeration: 20000 OD pairs, 636 origin zones, 3 scenarios, cap 4 paths/OD
2026-09-02 05:13:40,339 rejected 96 malformed candidate paths that failed the re-pricing check
2026-09-02 05:13:40,435 path set: 24666 paths over 17388/20000 OD pairs (86.7% of flow served), 121374 legs
2026-09-02 05:13:40,469 period early   : 24666 paths, 20000 OD pairs
2026-09-02 05:13:40,479 path enumeration: 20000 OD pairs, 636 origin zones, 3 scenarios, cap 4 paths/OD
2026-09-02 05:14:28,429 rejected 74 malformed candidate paths that failed the re-pricing check
2026-09-02 05:14:28,546 path set: 28765 paths over 19278/20000 OD pairs (96.2% of flow served), 141649 legs
2026-09-02 05:14:28,601 period am_peak : 28765 paths, 20000 OD pairs
2026-09-02 05:14:28,611 path enumeration: 20000 OD pairs, 636 origin zones, 3 scenarios, cap 4 paths/OD
2026-09-02 05:15:10,507 rejected 74 malformed candidate paths that failed the re-pricing check
2026-09-02 05:15:10,597 path set: 24099 paths over 17389/20000 OD pairs (86.7% of flow served), 118715 legs
2026-09-02 05:15:10,631 period midday  : 24099 paths, 20000 OD pairs
2026-09-02 05:15:10,641 path enumeration: 20000 OD pairs, 636 origin zones, 3 scenarios, cap 4 paths/OD
2026-09-02 05:15:57,128 rejected 122 malformed candidate paths that failed the re-pricing check
2026-09-02 05:15:57,239 path set: 27987 paths over 18673/20000 OD pairs (93.6% of flow served), 139631 legs
2026-09-02 05:15:57,284 period pm_peak : 27987 paths, 20000 OD pairs
2026-09-02 05:15:57,294 path enumeration: 20000 OD pairs, 636 origin zones, 3 scenarios, cap 4 paths/OD
2026-09-02 05:16:42,052 rejected 83 malformed candidate paths that failed the re-pricing check
2026-09-02 05:16:42,143 path set: 24058 paths over 17386/20000 OD pairs (86.6% of flow served), 118275 legs
2026-09-02 05:16:42,178 period evening : 24058 paths, 20000 OD pairs
2026-09-02 05:16:42,188 path enumeration: 20000 OD pairs, 636 origin zones, 3 scenarios, cap 4 paths/OD
2026-09-02 05:17:23,588 rejected 130 malformed candidate paths that failed the re-pricing check
2026-09-02 05:17:23,679 path set: 22668 paths over 17005/20000 OD pairs (85.1% of flow served), 111742 legs
2026-09-02 05:17:23,715 period owl     : 22668 paths, 20000 OD pairs
2026-09-02 05:17:23,715 locking 28 route-periods across 14 routes in classes ('peak_express',)
2026-09-02 05:28:04,608 solve lambda=2.0: obj=2.95527e+06 vh=2515.4/2517.2 exchanges=0
2026-09-02 05:28:05,049 straighten-004#600ca164ad60                    seed 20260829 obj=2955268.130632 restarts=20 conv=True adm=True 907s
2026-09-02 05:28:05,052 stopping cleanly: 1180s needed for straighten-007#830e388b3427/20260826, 693s left
2026-09-02 05:28:05,052 slice ran 1 cells
2026-09-02 05:28:08,108 3.1-stageB: 76 cells remaining, 37 in this shard
2026-09-02 05:28:08,211 cache hit  baseline-a5bf710e8b2c9129 (53.2 MB, 0.1s)
2026-09-02 05:28:08,252 cache hit  raptor-51c3309f35ffd25f (0.6 MB, 0.0s)
2026-09-02 05:28:08,253 cache hit  zones-77edf71b615ba370 (0.2 MB, 0.0s)
2026-09-02 05:28:08,254 cache hit  od-ba345b9cb167aecb (0.5 MB, 0.0s)
2026-09-02 05:28:08,277 route classes: {'all_day': 25, 'peak_express': 14}
2026-09-02 05:28:08,699 footpaths: 15509 links (9 from transfers.txt)
2026-09-02 05:28:08,710 raptor network: 2942 stops, 111 patterns, 15509 footpaths
2026-09-02 05:28:08,844 zones: 1397 (637 with transit access within 600 m), 3934 access links
2026-09-02 05:28:08,855 route classes: {'all_day': 25, 'peak_express': 14}
2026-09-02 05:28:08,918 evaluator pricing: common_lines=same_route (explicit)
2026-09-02 05:28:08,985 path enumeration: 20000 OD pairs, 636 origin zones, 3 scenarios, cap 4 paths/OD
2026-09-02 05:28:58,901 rejected 89 malformed candidate paths that failed the re-pricing check
2026-09-02 05:28:59,014 path set: 24633 paths over 17388/20000 OD pairs (86.7% of flow served), 121178 legs
2026-09-02 05:28:59,059 period early   : 24633 paths, 20000 OD pairs
2026-09-02 05:28:59,071 path enumeration: 20000 OD pairs, 636 origin zones, 3 scenarios, cap 4 paths/OD
2026-09-02 05:29:56,601 rejected 74 malformed candidate paths that failed the re-pricing check
2026-09-02 05:29:56,735 path set: 28752 paths over 19278/20000 OD pairs (96.2% of flow served), 141558 legs
2026-09-02 05:29:56,796 period am_peak : 28752 paths, 20000 OD pairs
2026-09-02 05:29:56,809 path enumeration: 20000 OD pairs, 636 origin zones, 3 scenarios, cap 4 paths/OD
2026-09-02 05:30:47,037 rejected 73 malformed candidate paths that failed the re-pricing check
2026-09-02 05:30:47,139 path set: 24074 paths over 17389/20000 OD pairs (86.7% of flow served), 118567 legs
2026-09-02 05:30:47,189 period midday  : 24074 paths, 20000 OD pairs
2026-09-02 05:30:47,207 path enumeration: 20000 OD pairs, 636 origin zones, 3 scenarios, cap 4 paths/OD
2026-09-02 05:31:41,803 rejected 121 malformed candidate paths that failed the re-pricing check
2026-09-02 05:31:41,935 path set: 27962 paths over 18673/20000 OD pairs (93.6% of flow served), 139467 legs
2026-09-02 05:31:42,000 period pm_peak : 27962 paths, 20000 OD pairs
2026-09-02 05:31:42,013 path enumeration: 20000 OD pairs, 636 origin zones, 3 scenarios, cap 4 paths/OD
2026-09-02 05:32:31,914 rejected 82 malformed candidate paths that failed the re-pricing check
2026-09-02 05:32:32,014 path set: 24038 paths over 17386/20000 OD pairs (86.6% of flow served), 118156 legs
2026-09-02 05:32:32,051 period evening : 24038 paths, 20000 OD pairs
2026-09-02 05:32:32,061 path enumeration: 20000 OD pairs, 636 origin zones, 3 scenarios, cap 4 paths/OD
2026-09-02 05:33:13,505 rejected 123 malformed candidate paths that failed the re-pricing check
2026-09-02 05:33:13,654 path set: 22665 paths over 17004/20000 OD pairs (85.1% of flow served), 111645 legs
2026-09-02 05:33:13,688 period owl     : 22665 paths, 20000 OD pairs
2026-09-02 05:33:13,689 locking 28 route-periods across 14 routes in classes ('peak_express',)
2026-09-02 05:43:30,911 solve lambda=2.0: obj=2.95484e+06 vh=2514.4/2517.2 exchanges=0
2026-09-02 05:43:31,253 straighten-007#830e388b3427                    seed 20260826 obj=2954843.938480 restarts=20 conv=True adm=True 923s
2026-09-02 05:43:31,256 stopping cleanly: 1180s needed for straighten-007#830e388b3427/20260828, 677s left
2026-09-02 05:43:31,256 slice ran 1 cells
2026-09-02 05:43:33,894 3.1-stageB: 74 cells remaining, 36 in this shard
2026-09-02 05:43:33,986 cache hit  baseline-a5bf710e8b2c9129 (53.2 MB, 0.1s)
2026-09-02 05:43:34,031 cache hit  raptor-51c3309f35ffd25f (0.6 MB, 0.0s)
2026-09-02 05:43:34,032 cache hit  zones-77edf71b615ba370 (0.2 MB, 0.0s)
2026-09-02 05:43:34,033 cache hit  od-ba345b9cb167aecb (0.5 MB, 0.0s)
2026-09-02 05:43:34,054 route classes: {'all_day': 25, 'peak_express': 14}
2026-09-02 05:43:34,416 footpaths: 15509 links (9 from transfers.txt)
2026-09-02 05:43:34,425 raptor network: 2942 stops, 111 patterns, 15509 footpaths
2026-09-02 05:43:34,531 zones: 1397 (637 with transit access within 600 m), 3934 access links
2026-09-02 05:43:34,540 route classes: {'all_day': 25, 'peak_express': 14}
2026-09-02 05:43:34,590 evaluator pricing: common_lines=same_route (explicit)
2026-09-02 05:43:34,644 path enumeration: 20000 OD pairs, 636 origin zones, 3 scenarios, cap 4 paths/OD
2026-09-02 05:44:18,508 rejected 89 malformed candidate paths that failed the re-pricing check
2026-09-02 05:44:18,612 path set: 24633 paths over 17388/20000 OD pairs (86.7% of flow served), 121178 legs
2026-09-02 05:44:18,663 period early   : 24633 paths, 20000 OD pairs
2026-09-02 05:44:18,674 path enumeration: 20000 OD pairs, 636 origin zones, 3 scenarios, cap 4 paths/OD
2026-09-02 05:45:09,403 rejected 74 malformed candidate paths that failed the re-pricing check
2026-09-02 05:45:09,517 path set: 28752 paths over 19278/20000 OD pairs (96.2% of flow served), 141558 legs
2026-09-02 05:45:09,577 period am_peak : 28752 paths, 20000 OD pairs
2026-09-02 05:45:09,589 path enumeration: 20000 OD pairs, 636 origin zones, 3 scenarios, cap 4 paths/OD
2026-09-02 05:45:54,608 rejected 73 malformed candidate paths that failed the re-pricing check
2026-09-02 05:45:54,708 path set: 24074 paths over 17389/20000 OD pairs (86.7% of flow served), 118567 legs
2026-09-02 05:45:54,754 period midday  : 24074 paths, 20000 OD pairs
2026-09-02 05:45:54,765 path enumeration: 20000 OD pairs, 636 origin zones, 3 scenarios, cap 4 paths/OD
2026-09-02 05:46:43,604 rejected 121 malformed candidate paths that failed the re-pricing check
2026-09-02 05:46:43,712 path set: 27962 paths over 18673/20000 OD pairs (93.6% of flow served), 139467 legs
2026-09-02 05:46:43,770 period pm_peak : 27962 paths, 20000 OD pairs
2026-09-02 05:46:43,781 path enumeration: 20000 OD pairs, 636 origin zones, 3 scenarios, cap 4 paths/OD
2026-09-02 05:47:29,540 rejected 82 malformed candidate paths that failed the re-pricing check
2026-09-02 05:47:29,646 path set: 24038 paths over 17386/20000 OD pairs (86.6% of flow served), 118156 legs
2026-09-02 05:47:29,693 period evening : 24038 paths, 20000 OD pairs
2026-09-02 05:47:29,704 path enumeration: 20000 OD pairs, 636 origin zones, 3 scenarios, cap 4 paths/OD
2026-09-02 05:48:13,593 rejected 123 malformed candidate paths that failed the re-pricing check
2026-09-02 05:48:13,689 path set: 22665 paths over 17004/20000 OD pairs (85.1% of flow served), 111645 legs
2026-09-02 05:48:13,733 period owl     : 22665 paths, 20000 OD pairs
2026-09-02 05:48:13,733 locking 28 route-periods across 14 routes in classes ('peak_express',)
2026-09-02 05:58:49,572 solve lambda=2.0: obj=2.95484e+06 vh=2514.4/2517.2 exchanges=0
2026-09-02 05:58:50,284 straighten-007#830e388b3427                    seed 20260828 obj=2954843.938480 restarts=20 conv=True adm=True 916s
2026-09-02 05:58:51,283 stopping cleanly: 760s needed for straighten-011#f2a996066a3d/20260825, 683s left
2026-09-02 05:58:51,283 slice ran 1 cells
2026-09-02 05:58:53,999 3.1-stageB: 72 cells remaining, 35 in this shard
2026-09-02 05:58:54,097 cache hit  baseline-a5bf710e8b2c9129 (53.2 MB, 0.1s)
2026-09-02 05:58:54,132 cache hit  raptor-51c3309f35ffd25f (0.6 MB, 0.0s)
2026-09-02 05:58:54,133 cache hit  zones-77edf71b615ba370 (0.2 MB, 0.0s)
2026-09-02 05:58:54,134 cache hit  od-ba345b9cb167aecb (0.5 MB, 0.0s)
2026-09-02 05:58:54,154 route classes: {'all_day': 25, 'peak_express': 14}
2026-09-02 05:58:54,605 footpaths: 15543 links (9 from transfers.txt)
2026-09-02 05:58:54,614 raptor network: 2947 stops, 111 patterns, 15543 footpaths
2026-09-02 05:58:54,727 zones: 1397 (637 with transit access within 600 m), 3938 access links
2026-09-02 05:58:54,738 route classes: {'all_day': 25, 'peak_express': 14}
2026-09-02 05:58:54,820 evaluator pricing: common_lines=same_route (explicit)
2026-09-02 05:58:54,826 period early   : 24491 paths, 20000 OD pairs
2026-09-02 05:58:54,833 period am_peak : 28665 paths, 20000 OD pairs
2026-09-02 05:58:54,838 period midday  : 24008 paths, 20000 OD pairs
2026-09-02 05:58:54,843 period pm_peak : 27919 paths, 20000 OD pairs
2026-09-02 05:58:54,848 period evening : 23954 paths, 20000 OD pairs
2026-09-02 05:58:54,853 period owl     : 22604 paths, 20000 OD pairs
2026-09-02 05:58:54,853 locking 28 route-periods across 14 routes in classes ('peak_express',)
2026-09-02 06:08:52,534 solve lambda=2.0: obj=2.9548e+06 vh=2513.7/2517.2 exchanges=0
2026-09-02 06:08:52,611 straighten-011#f2a996066a3d                    seed 20260825 obj=2954802.314519 restarts=20 conv=True adm=True 598s
2026-09-02 06:08:52,614 stopping cleanly: 1180s needed for straighten-011#f2a996066a3d/20260827, 1001s left
2026-09-02 06:08:52,614 slice ran 1 cells
2026-09-02 06:08:55,237 3.1-stageB: 70 cells remaining, 34 in this shard
2026-09-02 06:08:55,333 cache hit  baseline-a5bf710e8b2c9129 (53.2 MB, 0.1s)
2026-09-02 06:08:55,390 cache hit  raptor-51c3309f35ffd25f (0.6 MB, 0.0s)
2026-09-02 06:08:55,391 cache hit  zones-77edf71b615ba370 (0.2 MB, 0.0s)
2026-09-02 06:08:55,392 cache hit  od-ba345b9cb167aecb (0.5 MB, 0.0s)
2026-09-02 06:08:55,416 route classes: {'all_day': 25, 'peak_express': 14}
2026-09-02 06:08:55,856 footpaths: 15543 links (9 from transfers.txt)
2026-09-02 06:08:55,865 raptor network: 2947 stops, 111 patterns, 15543 footpaths
2026-09-02 06:08:55,978 zones: 1397 (637 with transit access within 600 m), 3938 access links
2026-09-02 06:08:55,987 route classes: {'all_day': 25, 'peak_express': 14}
2026-09-02 06:08:56,050 evaluator pricing: common_lines=same_route (explicit)
2026-09-02 06:08:56,107 path enumeration: 20000 OD pairs, 636 origin zones, 3 scenarios, cap 4 paths/OD
2026-09-02 06:09:40,640 rejected 94 malformed candidate paths that failed the re-pricing check
2026-09-02 06:09:40,736 path set: 24491 paths over 17389/20000 OD pairs (86.7% of flow served), 120391 legs
2026-09-02 06:09:40,777 period early   : 24491 paths, 20000 OD pairs
2026-09-02 06:09:40,788 path enumeration: 20000 OD pairs, 636 origin zones, 3 scenarios, cap 4 paths/OD
2026-09-02 06:10:34,315 rejected 82 malformed candidate paths that failed the re-pricing check
2026-09-02 06:10:34,452 path set: 28665 paths over 19279/20000 OD pairs (96.2% of flow served), 141045 legs
2026-09-02 06:10:34,520 period am_peak : 28665 paths, 20000 OD pairs
2026-09-02 06:10:34,533 path enumeration: 20000 OD pairs, 636 origin zones, 3 scenarios, cap 4 paths/OD
2026-09-02 06:11:22,844 rejected 72 malformed candidate paths that failed the re-pricing check
2026-09-02 06:11:22,936 path set: 24008 paths over 17390/20000 OD pairs (86.7% of flow served), 118116 legs
2026-09-02 06:11:22,979 period midday  : 24008 paths, 20000 OD pairs
2026-09-02 06:11:22,990 path enumeration: 20000 OD pairs, 636 origin zones, 3 scenarios, cap 4 paths/OD
2026-09-02 06:12:11,905 rejected 124 malformed candidate paths that failed the re-pricing check
2026-09-02 06:12:12,015 path set: 27919 paths over 18674/20000 OD pairs (93.6% of flow served), 139174 legs
2026-09-02 06:12:12,069 period pm_peak : 27919 paths, 20000 OD pairs
2026-09-02 06:12:12,080 path enumeration: 20000 OD pairs, 636 origin zones, 3 scenarios, cap 4 paths/OD
2026-09-02 06:13:00,162 rejected 81 malformed candidate paths that failed the re-pricing check
2026-09-02 06:13:00,313 path set: 23954 paths over 17387/20000 OD pairs (86.7% of flow served), 117610 legs
2026-09-02 06:13:00,368 period evening : 23954 paths, 20000 OD pairs
2026-09-02 06:13:00,380 path enumeration: 20000 OD pairs, 636 origin zones, 3 scenarios, cap 4 paths/OD
2026-09-02 06:13:45,554 rejected 143 malformed candidate paths that failed the re-pricing check
2026-09-02 06:13:45,720 path set: 22604 paths over 17007/20000 OD pairs (85.1% of flow served), 111258 legs
2026-09-02 06:13:45,767 period owl     : 22604 paths, 20000 OD pairs
2026-09-02 06:13:45,767 locking 28 route-periods across 14 routes in classes ('peak_express',)
2026-09-02 06:24:48,549 solve lambda=2.0: obj=2.95476e+06 vh=2515.2/2517.2 exchanges=42
2026-09-02 06:24:49,242 straighten-011#f2a996066a3d                    seed 20260827 obj=2954764.440715 restarts=20 conv=True adm=True 954s
2026-09-02 06:24:49,246 stopping cleanly: 1180s needed for straighten-011#f2a996066a3d/20260829, 646s left
2026-09-02 06:24:49,246 slice ran 1 cells
2026-09-02 06:24:52,086 3.1-stageB: 68 cells remaining, 33 in this shard
2026-09-02 06:24:52,173 cache hit  baseline-a5bf710e8b2c9129 (53.2 MB, 0.1s)
2026-09-02 06:24:52,219 cache hit  raptor-51c3309f35ffd25f (0.6 MB, 0.0s)
2026-09-02 06:24:52,219 cache hit  zones-77edf71b615ba370 (0.2 MB, 0.0s)
2026-09-02 06:24:52,220 cache hit  od-ba345b9cb167aecb (0.5 MB, 0.0s)
2026-09-02 06:24:52,243 route classes: {'all_day': 25, 'peak_express': 14}
2026-09-02 06:24:52,633 footpaths: 15543 links (9 from transfers.txt)
2026-09-02 06:24:52,642 raptor network: 2947 stops, 111 patterns, 15543 footpaths
2026-09-02 06:24:52,743 zones: 1397 (637 with transit access within 600 m), 3938 access links
2026-09-02 06:24:52,752 route classes: {'all_day': 25, 'peak_express': 14}
2026-09-02 06:24:52,831 evaluator pricing: common_lines=same_route (explicit)
2026-09-02 06:24:52,887 path enumeration: 20000 OD pairs, 636 origin zones, 3 scenarios, cap 4 paths/OD
2026-09-02 06:25:37,550 rejected 94 malformed candidate paths that failed the re-pricing check
2026-09-02 06:25:37,646 path set: 24491 paths over 17389/20000 OD pairs (86.7% of flow served), 120391 legs
2026-09-02 06:25:37,684 period early   : 24491 paths, 20000 OD pairs
2026-09-02 06:25:37,695 path enumeration: 20000 OD pairs, 636 origin zones, 3 scenarios, cap 4 paths/OD
2026-09-02 06:26:31,334 rejected 82 malformed candidate paths that failed the re-pricing check
2026-09-02 06:26:31,459 path set: 28665 paths over 19279/20000 OD pairs (96.2% of flow served), 141045 legs
2026-09-02 06:26:31,516 period am_peak : 28665 paths, 20000 OD pairs
2026-09-02 06:26:31,527 path enumeration: 20000 OD pairs, 636 origin zones, 3 scenarios, cap 4 paths/OD
2026-09-02 06:27:16,844 rejected 72 malformed candidate paths that failed the re-pricing check
2026-09-02 06:27:16,940 path set: 24008 paths over 17390/20000 OD pairs (86.7% of flow served), 118116 legs
2026-09-02 06:27:16,987 period midday  : 24008 paths, 20000 OD pairs
2026-09-02 06:27:16,998 path enumeration: 20000 OD pairs, 636 origin zones, 3 scenarios, cap 4 paths/OD
2026-09-02 06:28:06,899 rejected 124 malformed candidate paths that failed the re-pricing check
2026-09-02 06:28:07,020 path set: 27919 paths over 18674/20000 OD pairs (93.6% of flow served), 139174 legs
2026-09-02 06:28:07,077 period pm_peak : 27919 paths, 20000 OD pairs
2026-09-02 06:28:07,089 path enumeration: 20000 OD pairs, 636 origin zones, 3 scenarios, cap 4 paths/OD
2026-09-02 06:28:55,376 rejected 81 malformed candidate paths that failed the re-pricing check
2026-09-02 06:28:55,481 path set: 23954 paths over 17387/20000 OD pairs (86.7% of flow served), 117610 legs
2026-09-02 06:28:55,531 period evening : 23954 paths, 20000 OD pairs
2026-09-02 06:28:55,542 path enumeration: 20000 OD pairs, 636 origin zones, 3 scenarios, cap 4 paths/OD
2026-09-02 06:29:38,313 rejected 143 malformed candidate paths that failed the re-pricing check
2026-09-02 06:29:38,401 path set: 22604 paths over 17007/20000 OD pairs (85.1% of flow served), 111258 legs
2026-09-02 06:29:38,451 period owl     : 22604 paths, 20000 OD pairs
2026-09-02 06:29:38,451 locking 28 route-periods across 14 routes in classes ('peak_express',)
2026-09-02 06:39:57,289 solve lambda=2.0: obj=2.9548e+06 vh=2513.7/2517.2 exchanges=0
2026-09-02 06:39:57,640 straighten-011#f2a996066a3d                    seed 20260829 obj=2954802.314519 restarts=20 conv=True adm=True 905s
2026-09-02 06:39:57,643 stopping cleanly: 1180s needed for straighten-021#110f4a755fe7/20260826, 694s left
2026-09-02 06:39:57,643 slice ran 1 cells
2026-09-02 06:40:00,336 3.1-stageB: 66 cells remaining, 32 in this shard
2026-09-02 06:40:00,431 cache hit  baseline-a5bf710e8b2c9129 (53.2 MB, 0.1s)
2026-09-02 06:40:00,467 cache hit  raptor-51c3309f35ffd25f (0.6 MB, 0.0s)
2026-09-02 06:40:00,468 cache hit  zones-77edf71b615ba370 (0.2 MB, 0.0s)
2026-09-02 06:40:00,469 cache hit  od-ba345b9cb167aecb (0.5 MB, 0.0s)
2026-09-02 06:40:00,480 route classes: {'all_day': 25, 'peak_express': 14}
2026-09-02 06:40:00,926 footpaths: 15549 links (9 from transfers.txt)
2026-09-02 06:40:00,936 raptor network: 2946 stops, 111 patterns, 15549 footpaths
2026-09-02 06:40:01,047 zones: 1397 (637 with transit access within 600 m), 3935 access links
2026-09-02 06:40:01,056 route classes: {'all_day': 25, 'peak_express': 14}
2026-09-02 06:40:01,129 evaluator pricing: common_lines=same_route (explicit)
2026-09-02 06:40:01,185 path enumeration: 20000 OD pairs, 636 origin zones, 3 scenarios, cap 4 paths/OD
2026-09-02 06:40:44,499 rejected 97 malformed candidate paths that failed the re-pricing check
2026-09-02 06:40:44,592 path set: 24677 paths over 17388/20000 OD pairs (86.7% of flow served), 121331 legs
2026-09-02 06:40:44,632 period early   : 24677 paths, 20000 OD pairs
2026-09-02 06:40:44,642 path enumeration: 20000 OD pairs, 636 origin zones, 3 scenarios, cap 4 paths/OD
2026-09-02 06:41:33,645 rejected 74 malformed candidate paths that failed the re-pricing check
2026-09-02 06:41:33,756 path set: 28769 paths over 19278/20000 OD pairs (96.2% of flow served), 141574 legs
2026-09-02 06:41:33,808 period am_peak : 28769 paths, 20000 OD pairs
2026-09-02 06:41:33,818 path enumeration: 20000 OD pairs, 636 origin zones, 3 scenarios, cap 4 paths/OD
2026-09-02 06:42:17,522 rejected 73 malformed candidate paths that failed the re-pricing check
2026-09-02 06:42:17,621 path set: 24116 paths over 17389/20000 OD pairs (86.7% of flow served), 118605 legs
2026-09-02 06:42:17,668 period midday  : 24116 paths, 20000 OD pairs
2026-09-02 06:42:17,679 path enumeration: 20000 OD pairs, 636 origin zones, 3 scenarios, cap 4 paths/OD
2026-09-02 06:43:06,928 rejected 122 malformed candidate paths that failed the re-pricing check
2026-09-02 06:43:07,034 path set: 27993 paths over 18673/20000 OD pairs (93.6% of flow served), 139467 legs
2026-09-02 06:43:07,085 period pm_peak : 27993 paths, 20000 OD pairs
2026-09-02 06:43:07,095 path enumeration: 20000 OD pairs, 636 origin zones, 3 scenarios, cap 4 paths/OD
2026-09-02 06:43:53,897 rejected 83 malformed candidate paths that failed the re-pricing check
2026-09-02 06:43:53,989 path set: 24107 paths over 17386/20000 OD pairs (86.6% of flow served), 118345 legs
2026-09-02 06:43:54,034 period evening : 24107 paths, 20000 OD pairs
2026-09-02 06:43:54,044 path enumeration: 20000 OD pairs, 636 origin zones, 3 scenarios, cap 4 paths/OD
2026-09-02 06:44:36,835 rejected 130 malformed candidate paths that failed the re-pricing check
2026-09-02 06:44:36,921 path set: 22697 paths over 17005/20000 OD pairs (85.1% of flow served), 111732 legs
2026-09-02 06:44:36,966 period owl     : 22697 paths, 20000 OD pairs
2026-09-02 06:44:36,966 locking 28 route-periods across 14 routes in classes ('peak_express',)
2026-09-02 06:55:10,327 solve lambda=2.0: obj=2.95582e+06 vh=2515.6/2517.2 exchanges=0
2026-09-02 06:55:10,710 straighten-021#110f4a755fe7                    seed 20260826 obj=2955822.412475 restarts=20 conv=True adm=True 910s
2026-09-02 06:55:10,713 stopping cleanly: 1180s needed for straighten-021#110f4a755fe7/20260828, 690s left
2026-09-02 06:55:10,713 slice ran 1 cells
2026-09-02 06:55:13,384 3.1-stageB: 64 cells remaining, 31 in this shard
2026-09-02 06:55:13,481 cache hit  baseline-a5bf710e8b2c9129 (53.2 MB, 0.1s)
2026-09-02 06:55:13,535 cache hit  raptor-51c3309f35ffd25f (0.6 MB, 0.0s)
2026-09-02 06:55:13,536 cache hit  zones-77edf71b615ba370 (0.2 MB, 0.0s)
2026-09-02 06:55:13,537 cache hit  od-ba345b9cb167aecb (0.5 MB, 0.0s)
2026-09-02 06:55:13,565 route classes: {'all_day': 25, 'peak_express': 14}
2026-09-02 06:55:13,988 footpaths: 15549 links (9 from transfers.txt)
2026-09-02 06:55:13,998 raptor network: 2946 stops, 111 patterns, 15549 footpaths
2026-09-02 06:55:14,108 zones: 1397 (637 with transit access within 600 m), 3935 access links
2026-09-02 06:55:14,117 route classes: {'all_day': 25, 'peak_express': 14}
2026-09-02 06:55:14,181 evaluator pricing: common_lines=same_route (explicit)
2026-09-02 06:55:14,256 path enumeration: 20000 OD pairs, 636 origin zones, 3 scenarios, cap 4 paths/OD
2026-09-02 06:55:59,237 rejected 97 malformed candidate paths that failed the re-pricing check
2026-09-02 06:55:59,330 path set: 24677 paths over 17388/20000 OD pairs (86.7% of flow served), 121331 legs
2026-09-02 06:55:59,372 period early   : 24677 paths, 20000 OD pairs
2026-09-02 06:55:59,382 path enumeration: 20000 OD pairs, 636 origin zones, 3 scenarios, cap 4 paths/OD
2026-09-02 06:56:49,156 rejected 74 malformed candidate paths that failed the re-pricing check
2026-09-02 06:56:49,269 path set: 28769 paths over 19278/20000 OD pairs (96.2% of flow served), 141574 legs
2026-09-02 06:56:49,321 period am_peak : 28769 paths, 20000 OD pairs
2026-09-02 06:56:49,331 path enumeration: 20000 OD pairs, 636 origin zones, 3 scenarios, cap 4 paths/OD
2026-09-02 06:57:34,314 rejected 73 malformed candidate paths that failed the re-pricing check
2026-09-02 06:57:34,405 path set: 24116 paths over 17389/20000 OD pairs (86.7% of flow served), 118605 legs
2026-09-02 06:57:34,452 period midday  : 24116 paths, 20000 OD pairs
2026-09-02 06:57:34,463 path enumeration: 20000 OD pairs, 636 origin zones, 3 scenarios, cap 4 paths/OD
2026-09-02 06:58:22,588 rejected 122 malformed candidate paths that failed the re-pricing check
2026-09-02 06:58:22,706 path set: 27993 paths over 18673/20000 OD pairs (93.6% of flow served), 139467 legs
2026-09-02 06:58:22,762 period pm_peak : 27993 paths, 20000 OD pairs
2026-09-02 06:58:22,773 path enumeration: 20000 OD pairs, 636 origin zones, 3 scenarios, cap 4 paths/OD
2026-09-02 06:59:10,213 rejected 83 malformed candidate paths that failed the re-pricing check
2026-09-02 06:59:10,328 path set: 24107 paths over 17386/20000 OD pairs (86.6% of flow served), 118345 legs
2026-09-02 06:59:10,379 period evening : 24107 paths, 20000 OD pairs
2026-09-02 06:59:10,390 path enumeration: 20000 OD pairs, 636 origin zones, 3 scenarios, cap 4 paths/OD
2026-09-02 06:59:54,443 rejected 130 malformed candidate paths that failed the re-pricing check
2026-09-02 06:59:54,557 path set: 22697 paths over 17005/20000 OD pairs (85.1% of flow served), 111732 legs
2026-09-02 06:59:54,604 period owl     : 22697 paths, 20000 OD pairs
2026-09-02 06:59:54,604 locking 28 route-periods across 14 routes in classes ('peak_express',)
2026-09-02 07:10:17,552 solve lambda=2.0: obj=2.95582e+06 vh=2515.6/2517.2 exchanges=0
2026-09-02 07:10:18,454 straighten-021#110f4a755fe7                    seed 20260828 obj=2955822.412475 restarts=20 conv=True adm=True 905s
2026-09-02 07:10:19,589 stopping cleanly: 760s needed for straighten-024#6a687792ef0b/20260825, 694s left
2026-09-02 07:10:19,589 slice ran 1 cells
2026-09-02 07:10:22,562 3.1-stageB: 62 cells remaining, 30 in this shard
2026-09-02 07:10:22,660 cache hit  baseline-a5bf710e8b2c9129 (53.2 MB, 0.1s)
2026-09-02 07:10:22,712 cache hit  raptor-51c3309f35ffd25f (0.6 MB, 0.0s)
2026-09-02 07:10:22,712 cache hit  zones-77edf71b615ba370 (0.2 MB, 0.0s)
2026-09-02 07:10:22,713 cache hit  od-ba345b9cb167aecb (0.5 MB, 0.0s)
2026-09-02 07:10:22,752 route classes: {'all_day': 25, 'peak_express': 14}
2026-09-02 07:10:23,233 footpaths: 15573 links (9 from transfers.txt)
2026-09-02 07:10:23,242 raptor network: 2949 stops, 111 patterns, 15573 footpaths
2026-09-02 07:10:23,353 zones: 1397 (637 with transit access within 600 m), 3938 access links
2026-09-02 07:10:23,363 route classes: {'all_day': 25, 'peak_express': 14}
2026-09-02 07:10:23,462 evaluator pricing: common_lines=same_route (explicit)
2026-09-02 07:10:23,468 period early   : 24715 paths, 20000 OD pairs
2026-09-02 07:10:23,474 period am_peak : 28833 paths, 20000 OD pairs
2026-09-02 07:10:23,479 period midday  : 24147 paths, 20000 OD pairs
2026-09-02 07:10:23,485 period pm_peak : 28019 paths, 20000 OD pairs
2026-09-02 07:10:23,490 period evening : 24046 paths, 20000 OD pairs
2026-09-02 07:10:23,495 period owl     : 22659 paths, 20000 OD pairs
2026-09-02 07:10:23,495 locking 28 route-periods across 14 routes in classes ('peak_express',)
2026-09-02 07:21:16,735 solve lambda=2.0: obj=2.95472e+06 vh=2514.9/2517.2 exchanges=0
2026-09-02 07:21:16,754 straighten-024#6a687792ef0b                    seed 20260825 obj=2954715.476448 restarts=20 conv=True adm=True 654s
2026-09-02 07:21:16,756 stopping cleanly: 1180s needed for straighten-024#6a687792ef0b/20260827, 946s left
2026-09-02 07:21:16,756 slice ran 1 cells
2026-09-02 07:21:19,410 3.1-stageB: 60 cells remaining, 29 in this shard
2026-09-02 07:21:19,502 cache hit  baseline-a5bf710e8b2c9129 (53.2 MB, 0.1s)
2026-09-02 07:21:19,546 cache hit  raptor-51c3309f35ffd25f (0.6 MB, 0.0s)
2026-09-02 07:21:19,547 cache hit  zones-77edf71b615ba370 (0.2 MB, 0.0s)
2026-09-02 07:21:19,547 cache hit  od-ba345b9cb167aecb (0.5 MB, 0.0s)
2026-09-02 07:21:19,568 route classes: {'all_day': 25, 'peak_express': 14}
2026-09-02 07:21:19,936 footpaths: 15573 links (9 from transfers.txt)
2026-09-02 07:21:19,944 raptor network: 2949 stops, 111 patterns, 15573 footpaths
2026-09-02 07:21:20,048 zones: 1397 (637 with transit access within 600 m), 3938 access links
2026-09-02 07:21:20,057 route classes: {'all_day': 25, 'peak_express': 14}
2026-09-02 07:21:20,117 evaluator pricing: common_lines=same_route (explicit)
2026-09-02 07:21:20,173 path enumeration: 20000 OD pairs, 636 origin zones, 3 scenarios, cap 4 paths/OD
2026-09-02 07:22:04,307 rejected 91 malformed candidate paths that failed the re-pricing check
2026-09-02 07:22:04,401 path set: 24715 paths over 17389/20000 OD pairs (86.7% of flow served), 121769 legs
2026-09-02 07:22:04,440 period early   : 24715 paths, 20000 OD pairs
2026-09-02 07:22:04,450 path enumeration: 20000 OD pairs, 636 origin zones, 3 scenarios, cap 4 paths/OD
2026-09-02 07:22:53,497 rejected 71 malformed candidate paths that failed the re-pricing check
2026-09-02 07:22:53,610 path set: 28833 paths over 19278/20000 OD pairs (96.2% of flow served), 142159 legs
2026-09-02 07:22:53,669 period am_peak : 28833 paths, 20000 OD pairs
2026-09-02 07:22:53,680 path enumeration: 20000 OD pairs, 636 origin zones, 3 scenarios, cap 4 paths/OD
2026-09-02 07:23:37,674 rejected 71 malformed candidate paths that failed the re-pricing check
2026-09-02 07:23:37,772 path set: 24147 paths over 17389/20000 OD pairs (86.7% of flow served), 119032 legs
2026-09-02 07:23:37,817 period midday  : 24147 paths, 20000 OD pairs
2026-09-02 07:23:37,828 path enumeration: 20000 OD pairs, 636 origin zones, 3 scenarios, cap 4 paths/OD
2026-09-02 07:24:26,943 rejected 120 malformed candidate paths that failed the re-pricing check
2026-09-02 07:24:27,060 path set: 28019 paths over 18673/20000 OD pairs (93.6% of flow served), 139874 legs
2026-09-02 07:24:27,118 period pm_peak : 28019 paths, 20000 OD pairs
2026-09-02 07:24:27,129 path enumeration: 20000 OD pairs, 636 origin zones, 3 scenarios, cap 4 paths/OD
2026-09-02 07:25:14,015 rejected 79 malformed candidate paths that failed the re-pricing check
2026-09-02 07:25:14,129 path set: 24046 paths over 17387/20000 OD pairs (86.7% of flow served), 118264 legs
2026-09-02 07:25:14,176 period evening : 24046 paths, 20000 OD pairs
2026-09-02 07:25:14,187 path enumeration: 20000 OD pairs, 636 origin zones, 3 scenarios, cap 4 paths/OD
2026-09-02 07:25:58,771 rejected 126 malformed candidate paths that failed the re-pricing check
2026-09-02 07:25:58,915 path set: 22659 paths over 17007/20000 OD pairs (85.1% of flow served), 111753 legs
2026-09-02 07:25:58,960 period owl     : 22659 paths, 20000 OD pairs
2026-09-02 07:25:58,960 locking 28 route-periods across 14 routes in classes ('peak_express',)
2026-09-02 07:36:33,273 solve lambda=2.0: obj=2.95461e+06 vh=2515.9/2517.2 exchanges=40
2026-09-02 07:36:33,661 straighten-024#6a687792ef0b                    seed 20260827 obj=2954610.690586 restarts=20 conv=True adm=True 914s
2026-09-02 07:36:33,664 stopping cleanly: 1180s needed for straighten-024#6a687792ef0b/20260829, 686s left
2026-09-02 07:36:33,664 slice ran 1 cells
2026-09-02 07:36:36,319 3.1-stageB: 58 cells remaining, 28 in this shard
2026-09-02 07:36:36,405 cache hit  baseline-a5bf710e8b2c9129 (53.2 MB, 0.1s)
2026-09-02 07:36:36,439 cache hit  raptor-51c3309f35ffd25f (0.6 MB, 0.0s)
2026-09-02 07:36:36,440 cache hit  zones-77edf71b615ba370 (0.2 MB, 0.0s)
2026-09-02 07:36:36,440 cache hit  od-ba345b9cb167aecb (0.5 MB, 0.0s)
2026-09-02 07:36:36,461 route classes: {'all_day': 25, 'peak_express': 14}
2026-09-02 07:36:36,831 footpaths: 15573 links (9 from transfers.txt)
2026-09-02 07:36:36,840 raptor network: 2949 stops, 111 patterns, 15573 footpaths
2026-09-02 07:36:36,938 zones: 1397 (637 with transit access within 600 m), 3938 access links
2026-09-02 07:36:36,946 route classes: {'all_day': 25, 'peak_express': 14}
2026-09-02 07:36:36,999 evaluator pricing: common_lines=same_route (explicit)
2026-09-02 07:36:37,057 path enumeration: 20000 OD pairs, 636 origin zones, 3 scenarios, cap 4 paths/OD
2026-09-02 07:37:21,110 rejected 91 malformed candidate paths that failed the re-pricing check
2026-09-02 07:37:21,219 path set: 24715 paths over 17389/20000 OD pairs (86.7% of flow served), 121769 legs
2026-09-02 07:37:21,260 period early   : 24715 paths, 20000 OD pairs
2026-09-02 07:37:21,271 path enumeration: 20000 OD pairs, 636 origin zones, 3 scenarios, cap 4 paths/OD
2026-09-02 07:38:10,504 rejected 71 malformed candidate paths that failed the re-pricing check
2026-09-02 07:38:10,615 path set: 28833 paths over 19278/20000 OD pairs (96.2% of flow served), 142159 legs
2026-09-02 07:38:10,669 period am_peak : 28833 paths, 20000 OD pairs
2026-09-02 07:38:10,679 path enumeration: 20000 OD pairs, 636 origin zones, 3 scenarios, cap 4 paths/OD
2026-09-02 07:38:55,656 rejected 71 malformed candidate paths that failed the re-pricing check
2026-09-02 07:38:55,761 path set: 24147 paths over 17389/20000 OD pairs (86.7% of flow served), 119032 legs
2026-09-02 07:38:55,812 period midday  : 24147 paths, 20000 OD pairs
2026-09-02 07:38:55,824 path enumeration: 20000 OD pairs, 636 origin zones, 3 scenarios, cap 4 paths/OD
2026-09-02 07:39:44,451 rejected 120 malformed candidate paths that failed the re-pricing check
2026-09-02 07:39:44,584 path set: 28019 paths over 18673/20000 OD pairs (93.6% of flow served), 139874 legs
2026-09-02 07:39:44,644 period pm_peak : 28019 paths, 20000 OD pairs
2026-09-02 07:39:44,656 path enumeration: 20000 OD pairs, 636 origin zones, 3 scenarios, cap 4 paths/OD
2026-09-02 07:40:32,578 rejected 79 malformed candidate paths that failed the re-pricing check
2026-09-02 07:40:32,674 path set: 24046 paths over 17387/20000 OD pairs (86.7% of flow served), 118264 legs
2026-09-02 07:40:32,721 period evening : 24046 paths, 20000 OD pairs
2026-09-02 07:40:32,732 path enumeration: 20000 OD pairs, 636 origin zones, 3 scenarios, cap 4 paths/OD
2026-09-02 07:41:16,915 rejected 126 malformed candidate paths that failed the re-pricing check
2026-09-02 07:41:17,010 path set: 22659 paths over 17007/20000 OD pairs (85.1% of flow served), 111753 legs
2026-09-02 07:41:17,055 period owl     : 22659 paths, 20000 OD pairs
2026-09-02 07:41:17,056 locking 28 route-periods across 14 routes in classes ('peak_express',)
2026-09-02 07:51:51,583 solve lambda=2.0: obj=2.95472e+06 vh=2514.9/2517.2 exchanges=0
2026-09-02 07:51:51,968 straighten-024#6a687792ef0b                    seed 20260829 obj=2954715.476448 restarts=20 conv=True adm=True 915s
2026-09-02 07:51:51,972 stopping cleanly: 1180s needed for straighten-025#f0732765f122/20260826, 684s left
2026-09-02 07:51:51,973 slice ran 1 cells
2026-09-02 07:51:54,778 3.1-stageB: 56 cells remaining, 27 in this shard
2026-09-02 07:51:54,872 cache hit  baseline-a5bf710e8b2c9129 (53.2 MB, 0.1s)
2026-09-02 07:51:54,920 cache hit  raptor-51c3309f35ffd25f (0.6 MB, 0.0s)
2026-09-02 07:51:54,920 cache hit  zones-77edf71b615ba370 (0.2 MB, 0.0s)
2026-09-02 07:51:54,921 cache hit  od-ba345b9cb167aecb (0.5 MB, 0.0s)
2026-09-02 07:51:54,944 route classes: {'all_day': 25, 'peak_express': 14}
2026-09-02 07:51:55,323 footpaths: 15565 links (9 from transfers.txt)
2026-09-02 07:51:55,331 raptor network: 2944 stops, 111 patterns, 15565 footpaths
2026-09-02 07:51:55,448 zones: 1397 (636 with transit access within 600 m), 3931 access links
2026-09-02 07:51:55,457 route classes: {'all_day': 25, 'peak_express': 14}
2026-09-02 07:51:55,517 evaluator pricing: common_lines=same_route (explicit)
2026-09-02 07:51:55,585 path enumeration: 20000 OD pairs, 636 origin zones, 3 scenarios, cap 4 paths/OD
2026-09-02 07:52:39,720 rejected 96 malformed candidate paths that failed the re-pricing check
2026-09-02 07:52:39,816 path set: 24564 paths over 17342/20000 OD pairs (86.4% of flow served), 120860 legs
2026-09-02 07:52:39,862 period early   : 24564 paths, 20000 OD pairs
2026-09-02 07:52:39,874 path enumeration: 20000 OD pairs, 636 origin zones, 3 scenarios, cap 4 paths/OD
2026-09-02 07:53:29,723 rejected 75 malformed candidate paths that failed the re-pricing check
2026-09-02 07:53:29,844 path set: 28696 paths over 19231/20000 OD pairs (96.0% of flow served), 141334 legs
2026-09-02 07:53:29,906 period am_peak : 28696 paths, 20000 OD pairs
2026-09-02 07:53:29,918 path enumeration: 20000 OD pairs, 636 origin zones, 3 scenarios, cap 4 paths/OD
2026-09-02 07:54:13,714 rejected 74 malformed candidate paths that failed the re-pricing check
2026-09-02 07:54:13,818 path set: 24050 paths over 17343/20000 OD pairs (86.4% of flow served), 118490 legs
2026-09-02 07:54:13,864 period midday  : 24050 paths, 20000 OD pairs
2026-09-02 07:54:13,875 path enumeration: 20000 OD pairs, 636 origin zones, 3 scenarios, cap 4 paths/OD
2026-09-02 07:55:01,721 rejected 123 malformed candidate paths that failed the re-pricing check
2026-09-02 07:55:01,831 path set: 27930 paths over 18626/20000 OD pairs (93.3% of flow served), 139357 legs
2026-09-02 07:55:01,883 period pm_peak : 27930 paths, 20000 OD pairs
2026-09-02 07:55:01,894 path enumeration: 20000 OD pairs, 636 origin zones, 3 scenarios, cap 4 paths/OD
2026-09-02 07:55:49,883 rejected 81 malformed candidate paths that failed the re-pricing check
2026-09-02 07:55:49,977 path set: 24015 paths over 17340/20000 OD pairs (86.4% of flow served), 118062 legs
2026-09-02 07:55:50,025 period evening : 24015 paths, 20000 OD pairs
2026-09-02 07:55:50,036 path enumeration: 20000 OD pairs, 636 origin zones, 3 scenarios, cap 4 paths/OD
2026-09-02 07:56:33,424 rejected 130 malformed candidate paths that failed the re-pricing check
2026-09-02 07:56:33,524 path set: 22567 paths over 16959/20000 OD pairs (84.9% of flow served), 111224 legs
2026-09-02 07:56:33,572 period owl     : 22567 paths, 20000 OD pairs
2026-09-02 07:56:33,572 locking 28 route-periods across 14 routes in classes ('peak_express',)
2026-09-02 08:06:53,311 solve lambda=2.0: obj=2.95387e+06 vh=2515.9/2517.2 exchanges=46
2026-09-02 08:06:53,676 straighten-025#f0732765f122                    seed 20260826 obj=2953872.730645 restarts=20 conv=True adm=True 899s
2026-09-02 08:06:53,679 stopping cleanly: 1180s needed for straighten-025#f0732765f122/20260828, 701s left
2026-09-02 08:06:53,680 slice ran 1 cells
2026-09-02 08:06:56,345 3.1-stageB: 54 cells remaining, 26 in this shard
2026-09-02 08:06:56,432 cache hit  baseline-a5bf710e8b2c9129 (53.2 MB, 0.1s)
2026-09-02 08:06:56,476 cache hit  raptor-51c3309f35ffd25f (0.6 MB, 0.0s)
2026-09-02 08:06:56,476 cache hit  zones-77edf71b615ba370 (0.2 MB, 0.0s)
2026-09-02 08:06:56,477 cache hit  od-ba345b9cb167aecb (0.5 MB, 0.0s)
2026-09-02 08:06:56,498 route classes: {'all_day': 25, 'peak_express': 14}
2026-09-02 08:06:56,864 footpaths: 15565 links (9 from transfers.txt)
2026-09-02 08:06:56,873 raptor network: 2944 stops, 111 patterns, 15565 footpaths
2026-09-02 08:06:56,984 zones: 1397 (636 with transit access within 600 m), 3931 access links
2026-09-02 08:06:56,992 route classes: {'all_day': 25, 'peak_express': 14}
2026-09-02 08:06:57,042 evaluator pricing: common_lines=same_route (explicit)
2026-09-02 08:06:57,097 path enumeration: 20000 OD pairs, 636 origin zones, 3 scenarios, cap 4 paths/OD
2026-09-02 08:07:41,449 rejected 96 malformed candidate paths that failed the re-pricing check
2026-09-02 08:07:41,552 path set: 24564 paths over 17342/20000 OD pairs (86.4% of flow served), 120860 legs
2026-09-02 08:07:41,597 period early   : 24564 paths, 20000 OD pairs
2026-09-02 08:07:41,608 path enumeration: 20000 OD pairs, 636 origin zones, 3 scenarios, cap 4 paths/OD
2026-09-02 08:08:32,102 rejected 75 malformed candidate paths that failed the re-pricing check
2026-09-02 08:08:32,219 path set: 28696 paths over 19231/20000 OD pairs (96.0% of flow served), 141334 legs
2026-09-02 08:08:32,273 period am_peak : 28696 paths, 20000 OD pairs
2026-09-02 08:08:32,284 path enumeration: 20000 OD pairs, 636 origin zones, 3 scenarios, cap 4 paths/OD
2026-09-02 08:09:18,126 rejected 74 malformed candidate paths that failed the re-pricing check
2026-09-02 08:09:18,252 path set: 24050 paths over 17343/20000 OD pairs (86.4% of flow served), 118490 legs
2026-09-02 08:09:18,321 period midday  : 24050 paths, 20000 OD pairs
2026-09-02 08:09:18,338 path enumeration: 20000 OD pairs, 636 origin zones, 3 scenarios, cap 4 paths/OD
2026-09-02 08:10:08,185 rejected 123 malformed candidate paths that failed the re-pricing check
2026-09-02 08:10:08,294 path set: 27930 paths over 18626/20000 OD pairs (93.3% of flow served), 139357 legs
2026-09-02 08:10:08,356 period pm_peak : 27930 paths, 20000 OD pairs
2026-09-02 08:10:08,367 path enumeration: 20000 OD pairs, 636 origin zones, 3 scenarios, cap 4 paths/OD
2026-09-02 08:10:57,818 rejected 81 malformed candidate paths that failed the re-pricing check
2026-09-02 08:10:57,919 path set: 24015 paths over 17340/20000 OD pairs (86.4% of flow served), 118062 legs
2026-09-02 08:10:57,963 period evening : 24015 paths, 20000 OD pairs
2026-09-02 08:10:57,973 path enumeration: 20000 OD pairs, 636 origin zones, 3 scenarios, cap 4 paths/OD
2026-09-02 08:11:42,033 rejected 130 malformed candidate paths that failed the re-pricing check
2026-09-02 08:11:42,130 path set: 22567 paths over 16959/20000 OD pairs (84.9% of flow served), 111224 legs
2026-09-02 08:11:42,180 period owl     : 22567 paths, 20000 OD pairs
2026-09-02 08:11:42,180 locking 28 route-periods across 14 routes in classes ('peak_express',)
2026-09-02 08:22:36,619 solve lambda=2.0: obj=2.95393e+06 vh=2516.2/2517.2 exchanges=79
2026-09-02 08:22:37,160 straighten-025#f0732765f122                    seed 20260828 obj=2953928.998089 restarts=20 conv=True adm=True 941s
2026-09-02 08:22:38,629 stopping cleanly: 760s needed for straighten-031#d0ecad5fc231/20260825, 658s left
2026-09-02 08:22:38,630 slice ran 1 cells
2026-09-02 08:22:41,443 3.1-stageB: 52 cells remaining, 25 in this shard
2026-09-02 08:22:41,541 cache hit  baseline-a5bf710e8b2c9129 (53.2 MB, 0.1s)
2026-09-02 08:22:41,582 cache hit  raptor-51c3309f35ffd25f (0.6 MB, 0.0s)
2026-09-02 08:22:41,583 cache hit  zones-77edf71b615ba370 (0.2 MB, 0.0s)
2026-09-02 08:22:41,584 cache hit  od-ba345b9cb167aecb (0.5 MB, 0.0s)
2026-09-02 08:22:41,597 route classes: {'all_day': 25, 'peak_express': 14}
2026-09-02 08:22:42,042 footpaths: 15507 links (9 from transfers.txt)
2026-09-02 08:22:42,051 raptor network: 2943 stops, 111 patterns, 15507 footpaths
2026-09-02 08:22:42,148 zones: 1397 (637 with transit access within 600 m), 3938 access links
2026-09-02 08:22:42,157 route classes: {'all_day': 25, 'peak_express': 14}
2026-09-02 08:22:42,218 evaluator pricing: common_lines=same_route (explicit)
2026-09-02 08:22:42,224 period early   : 24658 paths, 20000 OD pairs
2026-09-02 08:22:42,230 period am_peak : 28736 paths, 20000 OD pairs
2026-09-02 08:22:42,235 period midday  : 24082 paths, 20000 OD pairs
2026-09-02 08:22:42,241 period pm_peak : 27965 paths, 20000 OD pairs
2026-09-02 08:22:42,245 period evening : 24031 paths, 20000 OD pairs
2026-09-02 08:22:42,250 period owl     : 22644 paths, 20000 OD pairs
2026-09-02 08:22:42,250 locking 28 route-periods across 14 routes in classes ('peak_express',)
2026-09-02 08:33:06,698 solve lambda=2.0: obj=2.95553e+06 vh=2513.6/2517.2 exchanges=0
2026-09-02 08:33:06,717 straighten-031#d0ecad5fc231                    seed 20260825 obj=2955528.364407 restarts=20 conv=True adm=True 625s
2026-09-02 08:33:06,720 stopping cleanly: 1180s needed for straighten-031#d0ecad5fc231/20260827, 975s left
2026-09-02 08:33:06,720 slice ran 1 cells
2026-09-02 08:33:09,554 3.1-stageB: 50 cells remaining, 24 in this shard
2026-09-02 08:33:09,647 cache hit  baseline-a5bf710e8b2c9129 (53.2 MB, 0.1s)
2026-09-02 08:33:09,683 cache hit  raptor-51c3309f35ffd25f (0.6 MB, 0.0s)
2026-09-02 08:33:09,684 cache hit  zones-77edf71b615ba370 (0.2 MB, 0.0s)
2026-09-02 08:33:09,685 cache hit  od-ba345b9cb167aecb (0.5 MB, 0.0s)
2026-09-02 08:33:09,707 route classes: {'all_day': 25, 'peak_express': 14}
2026-09-02 08:33:10,094 footpaths: 15507 links (9 from transfers.txt)
2026-09-02 08:33:10,103 raptor network: 2943 stops, 111 patterns, 15507 footpaths
2026-09-02 08:33:10,217 zones: 1397 (637 with transit access within 600 m), 3938 access links
2026-09-02 08:33:10,228 route classes: {'all_day': 25, 'peak_express': 14}
2026-09-02 08:33:10,302 evaluator pricing: common_lines=same_route (explicit)
2026-09-02 08:33:10,359 path enumeration: 20000 OD pairs, 636 origin zones, 3 scenarios, cap 4 paths/OD
2026-09-02 08:33:54,586 rejected 92 malformed candidate paths that failed the re-pricing check
2026-09-02 08:33:54,691 path set: 24658 paths over 17388/20000 OD pairs (86.7% of flow served), 121330 legs
2026-09-02 08:33:54,739 period early   : 24658 paths, 20000 OD pairs
2026-09-02 08:33:54,754 path enumeration: 20000 OD pairs, 636 origin zones, 3 scenarios, cap 4 paths/OD
2026-09-02 08:34:46,067 rejected 74 malformed candidate paths that failed the re-pricing check
2026-09-02 08:34:46,188 path set: 28736 paths over 19278/20000 OD pairs (96.2% of flow served), 141458 legs
2026-09-02 08:34:46,246 period am_peak : 28736 paths, 20000 OD pairs
2026-09-02 08:34:46,257 path enumeration: 20000 OD pairs, 636 origin zones, 3 scenarios, cap 4 paths/OD
2026-09-02 08:35:32,689 rejected 74 malformed candidate paths that failed the re-pricing check
2026-09-02 08:35:32,787 path set: 24082 paths over 17389/20000 OD pairs (86.7% of flow served), 118589 legs
2026-09-02 08:35:32,835 period midday  : 24082 paths, 20000 OD pairs
2026-09-02 08:35:32,848 path enumeration: 20000 OD pairs, 636 origin zones, 3 scenarios, cap 4 paths/OD
2026-09-02 08:36:24,433 rejected 124 malformed candidate paths that failed the re-pricing check
2026-09-02 08:36:24,551 path set: 27965 paths over 18673/20000 OD pairs (93.6% of flow served), 139481 legs
2026-09-02 08:36:24,607 period pm_peak : 27965 paths, 20000 OD pairs
2026-09-02 08:36:24,618 path enumeration: 20000 OD pairs, 636 origin zones, 3 scenarios, cap 4 paths/OD
2026-09-02 08:37:13,005 rejected 83 malformed candidate paths that failed the re-pricing check
2026-09-02 08:37:13,127 path set: 24031 paths over 17386/20000 OD pairs (86.6% of flow served), 118098 legs
2026-09-02 08:37:13,177 period evening : 24031 paths, 20000 OD pairs
2026-09-02 08:37:13,189 path enumeration: 20000 OD pairs, 636 origin zones, 3 scenarios, cap 4 paths/OD
2026-09-02 08:37:59,788 rejected 130 malformed candidate paths that failed the re-pricing check
2026-09-02 08:37:59,903 path set: 22644 paths over 17005/20000 OD pairs (85.1% of flow served), 111616 legs
2026-09-02 08:37:59,957 period owl     : 22644 paths, 20000 OD pairs
2026-09-02 08:37:59,957 locking 28 route-periods across 14 routes in classes ('peak_express',)
2026-09-02 08:48:14,371 solve lambda=2.0: obj=2.95547e+06 vh=2515.0/2517.2 exchanges=38
2026-09-02 08:48:14,935 straighten-031#d0ecad5fc231                    seed 20260827 obj=2955467.508473 restarts=20 conv=True adm=True 905s
2026-09-02 08:48:14,938 stopping cleanly: 1180s needed for straighten-031#d0ecad5fc231/20260829, 695s left
2026-09-02 08:48:14,938 slice ran 1 cells
2026-09-02 08:48:17,717 3.1-stageB: 48 cells remaining, 23 in this shard
2026-09-02 08:48:17,803 cache hit  baseline-a5bf710e8b2c9129 (53.2 MB, 0.1s)
2026-09-02 08:48:17,857 cache hit  raptor-51c3309f35ffd25f (0.6 MB, 0.0s)
2026-09-02 08:48:17,857 cache hit  zones-77edf71b615ba370 (0.2 MB, 0.0s)
2026-09-02 08:48:17,858 cache hit  od-ba345b9cb167aecb (0.5 MB, 0.0s)
2026-09-02 08:48:17,884 route classes: {'all_day': 25, 'peak_express': 14}
2026-09-02 08:48:18,262 footpaths: 15507 links (9 from transfers.txt)
2026-09-02 08:48:18,270 raptor network: 2943 stops, 111 patterns, 15507 footpaths
2026-09-02 08:48:18,384 zones: 1397 (637 with transit access within 600 m), 3938 access links
2026-09-02 08:48:18,394 route classes: {'all_day': 25, 'peak_express': 14}
2026-09-02 08:48:18,462 evaluator pricing: common_lines=same_route (explicit)
2026-09-02 08:48:18,520 path enumeration: 20000 OD pairs, 636 origin zones, 3 scenarios, cap 4 paths/OD
2026-09-02 08:49:01,683 rejected 92 malformed candidate paths that failed the re-pricing check
2026-09-02 08:49:01,789 path set: 24658 paths over 17388/20000 OD pairs (86.7% of flow served), 121330 legs
2026-09-02 08:49:01,828 period early   : 24658 paths, 20000 OD pairs
2026-09-02 08:49:01,840 path enumeration: 20000 OD pairs, 636 origin zones, 3 scenarios, cap 4 paths/OD
2026-09-02 08:49:51,164 rejected 74 malformed candidate paths that failed the re-pricing check
2026-09-02 08:49:51,275 path set: 28736 paths over 19278/20000 OD pairs (96.2% of flow served), 141458 legs
2026-09-02 08:49:51,324 period am_peak : 28736 paths, 20000 OD pairs
2026-09-02 08:49:51,334 path enumeration: 20000 OD pairs, 636 origin zones, 3 scenarios, cap 4 paths/OD
2026-09-02 08:50:34,190 rejected 74 malformed candidate paths that failed the re-pricing check
2026-09-02 08:50:34,298 path set: 24082 paths over 17389/20000 OD pairs (86.7% of flow served), 118589 legs
2026-09-02 08:50:34,348 period midday  : 24082 paths, 20000 OD pairs
2026-09-02 08:50:34,359 path enumeration: 20000 OD pairs, 636 origin zones, 3 scenarios, cap 4 paths/OD
2026-09-02 08:51:23,295 rejected 124 malformed candidate paths that failed the re-pricing check
2026-09-02 08:51:23,409 path set: 27965 paths over 18673/20000 OD pairs (93.6% of flow served), 139481 legs
2026-09-02 08:51:23,463 period pm_peak : 27965 paths, 20000 OD pairs
2026-09-02 08:51:23,474 path enumeration: 20000 OD pairs, 636 origin zones, 3 scenarios, cap 4 paths/OD
2026-09-02 08:52:14,445 rejected 83 malformed candidate paths that failed the re-pricing check
2026-09-02 08:52:14,550 path set: 24031 paths over 17386/20000 OD pairs (86.6% of flow served), 118098 legs
2026-09-02 08:52:14,611 period evening : 24031 paths, 20000 OD pairs
2026-09-02 08:52:14,627 path enumeration: 20000 OD pairs, 636 origin zones, 3 scenarios, cap 4 paths/OD
2026-09-02 08:53:05,210 rejected 130 malformed candidate paths that failed the re-pricing check
2026-09-02 08:53:05,314 path set: 22644 paths over 17005/20000 OD pairs (85.1% of flow served), 111616 legs
2026-09-02 08:53:05,361 period owl     : 22644 paths, 20000 OD pairs
2026-09-02 08:53:05,361 locking 28 route-periods across 14 routes in classes ('peak_express',)
2026-09-02 09:03:32,178 solve lambda=2.0: obj=2.95553e+06 vh=2513.6/2517.2 exchanges=0
2026-09-02 09:03:32,636 straighten-031#d0ecad5fc231                    seed 20260829 obj=2955528.364407 restarts=20 conv=True adm=True 915s
2026-09-02 09:03:32,638 stopping cleanly: 1180s needed for straighten-102#4dd646541565/20260826, 685s left
2026-09-02 09:03:32,638 slice ran 1 cells
2026-09-02 09:03:35,413 3.1-stageB: 46 cells remaining, 22 in this shard
2026-09-02 09:03:35,503 cache hit  baseline-a5bf710e8b2c9129 (53.2 MB, 0.1s)
2026-09-02 09:03:35,554 cache hit  raptor-51c3309f35ffd25f (0.6 MB, 0.0s)
2026-09-02 09:03:35,557 cache hit  zones-77edf71b615ba370 (0.2 MB, 0.0s)
2026-09-02 09:03:35,558 cache hit  od-ba345b9cb167aecb (0.5 MB, 0.0s)
2026-09-02 09:03:35,580 route classes: {'all_day': 25, 'peak_express': 14}
2026-09-02 09:03:35,989 footpaths: 15553 links (9 from transfers.txt)
2026-09-02 09:03:35,999 raptor network: 2946 stops, 111 patterns, 15553 footpaths
2026-09-02 09:03:36,110 zones: 1397 (637 with transit access within 600 m), 3937 access links
2026-09-02 09:03:36,119 route classes: {'all_day': 25, 'peak_express': 14}
2026-09-02 09:03:36,187 evaluator pricing: common_lines=same_route (explicit)
2026-09-02 09:03:36,244 path enumeration: 20000 OD pairs, 636 origin zones, 3 scenarios, cap 4 paths/OD
2026-09-02 09:04:21,143 rejected 95 malformed candidate paths that failed the re-pricing check
2026-09-02 09:04:21,245 path set: 24670 paths over 17388/20000 OD pairs (86.7% of flow served), 121390 legs
2026-09-02 09:04:21,289 period early   : 24670 paths, 20000 OD pairs
2026-09-02 09:04:21,299 path enumeration: 20000 OD pairs, 636 origin zones, 3 scenarios, cap 4 paths/OD
2026-09-02 09:05:11,637 rejected 75 malformed candidate paths that failed the re-pricing check
2026-09-02 09:05:11,754 path set: 28732 paths over 19278/20000 OD pairs (96.2% of flow served), 141427 legs
2026-09-02 09:05:11,811 period am_peak : 28732 paths, 20000 OD pairs
2026-09-02 09:05:11,822 path enumeration: 20000 OD pairs, 636 origin zones, 3 scenarios, cap 4 paths/OD
2026-09-02 09:05:56,922 rejected 75 malformed candidate paths that failed the re-pricing check
2026-09-02 09:05:57,024 path set: 24100 paths over 17389/20000 OD pairs (86.7% of flow served), 118707 legs
2026-09-02 09:05:57,073 period midday  : 24100 paths, 20000 OD pairs
2026-09-02 09:05:57,084 path enumeration: 20000 OD pairs, 636 origin zones, 3 scenarios, cap 4 paths/OD
2026-09-02 09:06:45,865 rejected 122 malformed candidate paths that failed the re-pricing check
2026-09-02 09:06:45,984 path set: 27985 paths over 18673/20000 OD pairs (93.6% of flow served), 139611 legs
2026-09-02 09:06:46,037 period pm_peak : 27985 paths, 20000 OD pairs
2026-09-02 09:06:46,048 path enumeration: 20000 OD pairs, 636 origin zones, 3 scenarios, cap 4 paths/OD
2026-09-02 09:07:32,155 rejected 83 malformed candidate paths that failed the re-pricing check
2026-09-02 09:07:32,251 path set: 24061 paths over 17386/20000 OD pairs (86.6% of flow served), 118280 legs
2026-09-02 09:07:32,296 period evening : 24061 paths, 20000 OD pairs
2026-09-02 09:07:32,310 path enumeration: 20000 OD pairs, 636 origin zones, 3 scenarios, cap 4 paths/OD
2026-09-02 09:08:14,769 rejected 130 malformed candidate paths that failed the re-pricing check
2026-09-02 09:08:15,019 path set: 22667 paths over 17005/20000 OD pairs (85.1% of flow served), 111723 legs
2026-09-02 09:08:15,063 period owl     : 22667 paths, 20000 OD pairs
2026-09-02 09:08:15,064 locking 28 route-periods across 14 routes in classes ('peak_express',)
2026-09-02 09:18:11,537 solve lambda=2.0: obj=2.95367e+06 vh=2514.6/2517.2 exchanges=0
2026-09-02 09:18:11,645 straighten-102#4dd646541565                    seed 20260826 obj=2953665.830033 restarts=20 conv=True adm=True 876s
2026-09-02 09:18:11,648 stopping cleanly: 1180s needed for straighten-102#4dd646541565/20260828, 724s left
2026-09-02 09:18:11,648 slice ran 1 cells
2026-09-02 09:18:14,307 3.1-stageB: 44 cells remaining, 21 in this shard
2026-09-02 09:18:14,403 cache hit  baseline-a5bf710e8b2c9129 (53.2 MB, 0.1s)
2026-09-02 09:18:14,438 cache hit  raptor-51c3309f35ffd25f (0.6 MB, 0.0s)
2026-09-02 09:18:14,439 cache hit  zones-77edf71b615ba370 (0.2 MB, 0.0s)
2026-09-02 09:18:14,440 cache hit  od-ba345b9cb167aecb (0.5 MB, 0.0s)
2026-09-02 09:18:14,451 route classes: {'all_day': 25, 'peak_express': 14}
2026-09-02 09:18:14,825 footpaths: 15553 links (9 from transfers.txt)
2026-09-02 09:18:14,835 raptor network: 2946 stops, 111 patterns, 15553 footpaths
2026-09-02 09:18:14,936 zones: 1397 (637 with transit access within 600 m), 3937 access links
2026-09-02 09:18:14,945 route classes: {'all_day': 25, 'peak_express': 14}
2026-09-02 09:18:15,005 evaluator pricing: common_lines=same_route (explicit)
2026-09-02 09:18:15,059 path enumeration: 20000 OD pairs, 636 origin zones, 3 scenarios, cap 4 paths/OD
2026-09-02 09:18:58,703 rejected 95 malformed candidate paths that failed the re-pricing check
2026-09-02 09:18:58,802 path set: 24670 paths over 17388/20000 OD pairs (86.7% of flow served), 121390 legs
2026-09-02 09:18:58,846 period early   : 24670 paths, 20000 OD pairs
2026-09-02 09:18:58,857 path enumeration: 20000 OD pairs, 636 origin zones, 3 scenarios, cap 4 paths/OD
2026-09-02 09:19:50,872 rejected 75 malformed candidate paths that failed the re-pricing check
2026-09-02 09:19:51,028 path set: 28732 paths over 19278/20000 OD pairs (96.2% of flow served), 141427 legs
2026-09-02 09:19:51,082 period am_peak : 28732 paths, 20000 OD pairs
2026-09-02 09:19:51,093 path enumeration: 20000 OD pairs, 636 origin zones, 3 scenarios, cap 4 paths/OD
2026-09-02 09:20:35,723 rejected 75 malformed candidate paths that failed the re-pricing check
2026-09-02 09:20:35,823 path set: 24100 paths over 17389/20000 OD pairs (86.7% of flow served), 118707 legs
2026-09-02 09:20:35,870 period midday  : 24100 paths, 20000 OD pairs
2026-09-02 09:20:35,881 path enumeration: 20000 OD pairs, 636 origin zones, 3 scenarios, cap 4 paths/OD
2026-09-02 09:21:23,580 rejected 122 malformed candidate paths that failed the re-pricing check
2026-09-02 09:21:23,697 path set: 27985 paths over 18673/20000 OD pairs (93.6% of flow served), 139611 legs
2026-09-02 09:21:23,748 period pm_peak : 27985 paths, 20000 OD pairs
2026-09-02 09:21:23,758 path enumeration: 20000 OD pairs, 636 origin zones, 3 scenarios, cap 4 paths/OD
2026-09-02 09:22:09,862 rejected 83 malformed candidate paths that failed the re-pricing check
2026-09-02 09:22:09,955 path set: 24061 paths over 17386/20000 OD pairs (86.6% of flow served), 118280 legs
2026-09-02 09:22:10,001 period evening : 24061 paths, 20000 OD pairs
2026-09-02 09:22:10,011 path enumeration: 20000 OD pairs, 636 origin zones, 3 scenarios, cap 4 paths/OD
2026-09-02 09:22:52,247 rejected 130 malformed candidate paths that failed the re-pricing check
2026-09-02 09:22:52,337 path set: 22667 paths over 17005/20000 OD pairs (85.1% of flow served), 111723 legs
2026-09-02 09:22:52,379 period owl     : 22667 paths, 20000 OD pairs
2026-09-02 09:22:52,379 locking 28 route-periods across 14 routes in classes ('peak_express',)
2026-09-02 09:33:33,038 solve lambda=2.0: obj=2.9536e+06 vh=2516.0/2517.2 exchanges=50
2026-09-02 09:33:33,186 straighten-102#4dd646541565                    seed 20260828 obj=2953602.755617 restarts=20 conv=True adm=True 919s
2026-09-02 09:33:34,703 stopping cleanly: 760s needed for truncate-007#a14f6e0894dd/20260825, 680s left
2026-09-02 09:33:34,703 slice ran 1 cells
2026-09-02 09:33:37,484 3.1-stageB: 42 cells remaining, 20 in this shard
2026-09-02 09:33:37,580 cache hit  baseline-a5bf710e8b2c9129 (53.2 MB, 0.1s)
2026-09-02 09:33:37,616 cache hit  raptor-51c3309f35ffd25f (0.6 MB, 0.0s)
2026-09-02 09:33:37,616 cache hit  zones-77edf71b615ba370 (0.2 MB, 0.0s)
2026-09-02 09:33:37,617 cache hit  od-ba345b9cb167aecb (0.5 MB, 0.0s)
2026-09-02 09:33:37,630 route classes: {'all_day': 25, 'peak_express': 14}
2026-09-02 09:33:38,219 footpaths: 15573 links (9 from transfers.txt)
2026-09-02 09:33:38,228 raptor network: 2949 stops, 111 patterns, 15573 footpaths
2026-09-02 09:33:38,332 zones: 1397 (637 with transit access within 600 m), 3938 access links
2026-09-02 09:33:38,341 route classes: {'all_day': 25, 'peak_express': 14}
2026-09-02 09:33:38,407 evaluator pricing: common_lines=same_route (explicit)
2026-09-02 09:33:38,413 period early   : 24689 paths, 20000 OD pairs
2026-09-02 09:33:38,420 period am_peak : 28776 paths, 20000 OD pairs
2026-09-02 09:33:38,424 period midday  : 24096 paths, 20000 OD pairs
2026-09-02 09:33:38,430 period pm_peak : 28000 paths, 20000 OD pairs
2026-09-02 09:33:38,434 period evening : 24069 paths, 20000 OD pairs
2026-09-02 09:33:38,439 period owl     : 22667 paths, 20000 OD pairs
2026-09-02 09:33:38,439 locking 28 route-periods across 14 routes in classes ('peak_express',)
2026-09-02 09:43:44,199 solve lambda=2.0: obj=2.95484e+06 vh=2513.3/2517.2 exchanges=0
2026-09-02 09:43:44,219 truncate-007#a14f6e0894dd                      seed 20260825 obj=2954836.349193 restarts=20 conv=True adm=True 606s
2026-09-02 09:43:44,221 stopping cleanly: 1180s needed for truncate-007#a14f6e0894dd/20260827, 993s left
2026-09-02 09:43:44,221 slice ran 1 cells
2026-09-02 09:43:46,966 3.1-stageB: 40 cells remaining, 19 in this shard
2026-09-02 09:43:47,054 cache hit  baseline-a5bf710e8b2c9129 (53.2 MB, 0.1s)
2026-09-02 09:43:47,100 cache hit  raptor-51c3309f35ffd25f (0.6 MB, 0.0s)
2026-09-02 09:43:47,101 cache hit  zones-77edf71b615ba370 (0.2 MB, 0.0s)
2026-09-02 09:43:47,101 cache hit  od-ba345b9cb167aecb (0.5 MB, 0.0s)
2026-09-02 09:43:47,125 route classes: {'all_day': 25, 'peak_express': 14}
2026-09-02 09:43:47,553 footpaths: 15573 links (9 from transfers.txt)
2026-09-02 09:43:47,565 raptor network: 2949 stops, 111 patterns, 15573 footpaths
2026-09-02 09:43:47,671 zones: 1397 (637 with transit access within 600 m), 3938 access links
2026-09-02 09:43:47,680 route classes: {'all_day': 25, 'peak_express': 14}
2026-09-02 09:43:47,743 evaluator pricing: common_lines=same_route (explicit)
2026-09-02 09:43:47,798 path enumeration: 20000 OD pairs, 636 origin zones, 3 scenarios, cap 4 paths/OD
2026-09-02 09:44:32,534 rejected 94 malformed candidate paths that failed the re-pricing check
2026-09-02 09:44:32,636 path set: 24689 paths over 17388/20000 OD pairs (86.7% of flow served), 121569 legs
2026-09-02 09:44:32,682 period early   : 24689 paths, 20000 OD pairs
2026-09-02 09:44:32,694 path enumeration: 20000 OD pairs, 636 origin zones, 3 scenarios, cap 4 paths/OD
2026-09-02 09:45:22,978 rejected 73 malformed candidate paths that failed the re-pricing check
2026-09-02 09:45:23,248 path set: 28776 paths over 19278/20000 OD pairs (96.2% of flow served), 141766 legs
2026-09-02 09:45:23,308 period am_peak : 28776 paths, 20000 OD pairs
2026-09-02 09:45:23,320 path enumeration: 20000 OD pairs, 636 origin zones, 3 scenarios, cap 4 paths/OD
2026-09-02 09:46:09,826 rejected 73 malformed candidate paths that failed the re-pricing check
2026-09-02 09:46:10,029 path set: 24096 paths over 17389/20000 OD pairs (86.7% of flow served), 118764 legs
2026-09-02 09:46:10,084 period midday  : 24096 paths, 20000 OD pairs
2026-09-02 09:46:10,095 path enumeration: 20000 OD pairs, 636 origin zones, 3 scenarios, cap 4 paths/OD
2026-09-02 09:46:58,267 rejected 121 malformed candidate paths that failed the re-pricing check
2026-09-02 09:46:58,377 path set: 28000 paths over 18673/20000 OD pairs (93.6% of flow served), 139784 legs
2026-09-02 09:46:58,434 period pm_peak : 28000 paths, 20000 OD pairs
2026-09-02 09:46:58,445 path enumeration: 20000 OD pairs, 636 origin zones, 3 scenarios, cap 4 paths/OD
2026-09-02 09:47:44,803 rejected 82 malformed candidate paths that failed the re-pricing check
2026-09-02 09:47:44,901 path set: 24069 paths over 17386/20000 OD pairs (86.6% of flow served), 118394 legs
2026-09-02 09:47:44,952 period evening : 24069 paths, 20000 OD pairs
2026-09-02 09:47:44,963 path enumeration: 20000 OD pairs, 636 origin zones, 3 scenarios, cap 4 paths/OD
2026-09-02 09:48:28,022 rejected 138 malformed candidate paths that failed the re-pricing check
2026-09-02 09:48:28,115 path set: 22667 paths over 17006/20000 OD pairs (85.1% of flow served), 111795 legs
2026-09-02 09:48:28,162 period owl     : 22667 paths, 20000 OD pairs
2026-09-02 09:48:28,163 locking 28 route-periods across 14 routes in classes ('peak_express',)
2026-09-02 09:59:12,004 solve lambda=2.0: obj=2.95482e+06 vh=2515.3/2517.2 exchanges=44
2026-09-02 09:59:12,138 truncate-007#a14f6e0894dd                      seed 20260827 obj=2954823.588641 restarts=20 conv=True adm=True 925s
2026-09-02 09:59:12,144 stopping cleanly: 1180s needed for truncate-007#a14f6e0894dd/20260829, 675s left
2026-09-02 09:59:12,144 slice ran 1 cells
2026-09-02 09:59:14,918 3.1-stageB: 39 cells remaining, 18 in this shard
2026-09-02 09:59:15,011 cache hit  baseline-a5bf710e8b2c9129 (53.2 MB, 0.1s)
2026-09-02 09:59:15,046 cache hit  raptor-51c3309f35ffd25f (0.6 MB, 0.0s)
2026-09-02 09:59:15,047 cache hit  zones-77edf71b615ba370 (0.2 MB, 0.0s)
2026-09-02 09:59:15,048 cache hit  od-ba345b9cb167aecb (0.5 MB, 0.0s)
2026-09-02 09:59:15,060 route classes: {'all_day': 25, 'peak_express': 14}
2026-09-02 09:59:15,424 footpaths: 15573 links (9 from transfers.txt)
2026-09-02 09:59:15,433 raptor network: 2949 stops, 111 patterns, 15573 footpaths
2026-09-02 09:59:15,532 zones: 1397 (637 with transit access within 600 m), 3938 access links
2026-09-02 09:59:15,541 route classes: {'all_day': 25, 'peak_express': 14}
2026-09-02 09:59:15,617 evaluator pricing: common_lines=same_route (explicit)
2026-09-02 09:59:15,673 path enumeration: 20000 OD pairs, 636 origin zones, 3 scenarios, cap 4 paths/OD
2026-09-02 09:59:59,059 rejected 94 malformed candidate paths that failed the re-pricing check
2026-09-02 09:59:59,152 path set: 24689 paths over 17388/20000 OD pairs (86.7% of flow served), 121569 legs
2026-09-02 09:59:59,186 period early   : 24689 paths, 20000 OD pairs
2026-09-02 09:59:59,196 path enumeration: 20000 OD pairs, 636 origin zones, 3 scenarios, cap 4 paths/OD
2026-09-02 10:00:48,710 rejected 73 malformed candidate paths that failed the re-pricing check
2026-09-02 10:00:48,826 path set: 28776 paths over 19278/20000 OD pairs (96.2% of flow served), 141766 legs
2026-09-02 10:00:48,880 period am_peak : 28776 paths, 20000 OD pairs
2026-09-02 10:00:48,890 path enumeration: 20000 OD pairs, 636 origin zones, 3 scenarios, cap 4 paths/OD
2026-09-02 10:01:33,335 rejected 73 malformed candidate paths that failed the re-pricing check
2026-09-02 10:01:33,431 path set: 24096 paths over 17389/20000 OD pairs (86.7% of flow served), 118764 legs
2026-09-02 10:01:33,472 period midday  : 24096 paths, 20000 OD pairs
2026-09-02 10:01:33,483 path enumeration: 20000 OD pairs, 636 origin zones, 3 scenarios, cap 4 paths/OD
2026-09-02 10:02:23,082 rejected 121 malformed candidate paths that failed the re-pricing check
2026-09-02 10:02:23,197 path set: 28000 paths over 18673/20000 OD pairs (93.6% of flow served), 139784 legs
2026-09-02 10:02:23,278 period pm_peak : 28000 paths, 20000 OD pairs
2026-09-02 10:02:23,291 path enumeration: 20000 OD pairs, 636 origin zones, 3 scenarios, cap 4 paths/OD
2026-09-02 10:03:10,950 rejected 82 malformed candidate paths that failed the re-pricing check
2026-09-02 10:03:11,046 path set: 24069 paths over 17386/20000 OD pairs (86.6% of flow served), 118394 legs
2026-09-02 10:03:11,088 period evening : 24069 paths, 20000 OD pairs
2026-09-02 10:03:11,099 path enumeration: 20000 OD pairs, 636 origin zones, 3 scenarios, cap 4 paths/OD
2026-09-02 10:03:55,198 rejected 138 malformed candidate paths that failed the re-pricing check
2026-09-02 10:03:55,309 path set: 22667 paths over 17006/20000 OD pairs (85.1% of flow served), 111795 legs
2026-09-02 10:03:55,367 period owl     : 22667 paths, 20000 OD pairs
2026-09-02 10:03:55,367 locking 28 route-periods across 14 routes in classes ('peak_express',)
2026-09-02 10:14:23,342 solve lambda=2.0: obj=2.95483e+06 vh=2514.6/2517.2 exchanges=98
2026-09-02 10:14:23,483 truncate-007#a14f6e0894dd                      seed 20260829 obj=2954828.896243 restarts=20 conv=True adm=True 908s
2026-09-02 10:14:23,486 stopping cleanly: 1180s needed for truncate-007#e0327cd10f50/20260826, 691s left
2026-09-02 10:14:23,487 slice ran 1 cells
2026-09-02 10:14:26,218 3.1-stageB: 37 cells remaining, 17 in this shard
2026-09-02 10:14:26,319 cache hit  baseline-a5bf710e8b2c9129 (53.2 MB, 0.1s)
2026-09-02 10:14:26,355 cache hit  raptor-51c3309f35ffd25f (0.6 MB, 0.0s)
2026-09-02 10:14:26,356 cache hit  zones-77edf71b615ba370 (0.2 MB, 0.0s)
2026-09-02 10:14:26,357 cache hit  od-ba345b9cb167aecb (0.5 MB, 0.0s)
2026-09-02 10:14:26,368 route classes: {'all_day': 25, 'peak_express': 14}
2026-09-02 10:14:26,731 footpaths: 15573 links (9 from transfers.txt)
2026-09-02 10:14:26,741 raptor network: 2947 stops, 111 patterns, 15573 footpaths
2026-09-02 10:14:26,841 zones: 1397 (637 with transit access within 600 m), 3938 access links
2026-09-02 10:14:26,849 route classes: {'all_day': 25, 'peak_express': 14}
2026-09-02 10:14:26,934 evaluator pricing: common_lines=same_route (explicit)
2026-09-02 10:14:26,993 path enumeration: 20000 OD pairs, 636 origin zones, 3 scenarios, cap 4 paths/OD
2026-09-02 10:15:11,981 rejected 96 malformed candidate paths that failed the re-pricing check
2026-09-02 10:15:12,080 path set: 24667 paths over 17388/20000 OD pairs (86.7% of flow served), 121377 legs
2026-09-02 10:15:12,130 period early   : 24667 paths, 20000 OD pairs
2026-09-02 10:15:12,142 path enumeration: 20000 OD pairs, 636 origin zones, 3 scenarios, cap 4 paths/OD
2026-09-02 10:16:01,824 rejected 76 malformed candidate paths that failed the re-pricing check
2026-09-02 10:16:01,935 path set: 28761 paths over 19278/20000 OD pairs (96.2% of flow served), 141623 legs
2026-09-02 10:16:01,988 period am_peak : 28761 paths, 20000 OD pairs
2026-09-02 10:16:01,999 path enumeration: 20000 OD pairs, 636 origin zones, 3 scenarios, cap 4 paths/OD
2026-09-02 10:16:47,085 rejected 75 malformed candidate paths that failed the re-pricing check
2026-09-02 10:16:47,190 path set: 24096 paths over 17389/20000 OD pairs (86.7% of flow served), 118692 legs
2026-09-02 10:16:47,239 period midday  : 24096 paths, 20000 OD pairs
2026-09-02 10:16:47,250 path enumeration: 20000 OD pairs, 636 origin zones, 3 scenarios, cap 4 paths/OD
2026-09-02 10:17:35,187 rejected 124 malformed candidate paths that failed the re-pricing check
2026-09-02 10:17:35,301 path set: 27982 paths over 18673/20000 OD pairs (93.6% of flow served), 139597 legs
2026-09-02 10:17:35,359 period pm_peak : 27982 paths, 20000 OD pairs
2026-09-02 10:17:35,371 path enumeration: 20000 OD pairs, 636 origin zones, 3 scenarios, cap 4 paths/OD
2026-09-02 10:18:23,007 rejected 84 malformed candidate paths that failed the re-pricing check
2026-09-02 10:18:23,111 path set: 24057 paths over 17386/20000 OD pairs (86.6% of flow served), 118262 legs
2026-09-02 10:18:23,162 period evening : 24057 paths, 20000 OD pairs
2026-09-02 10:18:23,174 path enumeration: 20000 OD pairs, 636 origin zones, 3 scenarios, cap 4 paths/OD
2026-09-02 10:19:06,345 rejected 132 malformed candidate paths that failed the re-pricing check
2026-09-02 10:19:06,443 path set: 22668 paths over 17005/20000 OD pairs (85.1% of flow served), 111732 legs
2026-09-02 10:19:06,485 period owl     : 22668 paths, 20000 OD pairs
2026-09-02 10:19:06,485 locking 28 route-periods across 14 routes in classes ('peak_express',)
2026-09-02 10:30:08,417 solve lambda=2.0: obj=2.95414e+06 vh=2514.1/2517.2 exchanges=0
2026-09-02 10:30:09,323 truncate-007#e0327cd10f50                      seed 20260826 obj=2954141.452683 restarts=20 conv=True adm=True 943s
2026-09-02 10:30:09,326 stopping cleanly: 1180s needed for truncate-007#e0327cd10f50/20260828, 657s left
2026-09-02 10:30:09,326 slice ran 1 cells
2026-09-02 10:30:12,161 3.1-stageB: 34 cells remaining, 16 in this shard
2026-09-02 10:30:12,251 cache hit  baseline-a5bf710e8b2c9129 (53.2 MB, 0.1s)
2026-09-02 10:30:12,287 cache hit  raptor-51c3309f35ffd25f (0.6 MB, 0.0s)
2026-09-02 10:30:12,288 cache hit  zones-77edf71b615ba370 (0.2 MB, 0.0s)
2026-09-02 10:30:12,289 cache hit  od-ba345b9cb167aecb (0.5 MB, 0.0s)
2026-09-02 10:30:12,301 route classes: {'all_day': 25, 'peak_express': 14}
2026-09-02 10:30:12,737 footpaths: 15573 links (9 from transfers.txt)
2026-09-02 10:30:12,747 raptor network: 2947 stops, 111 patterns, 15573 footpaths
2026-09-02 10:30:12,868 zones: 1397 (637 with transit access within 600 m), 3938 access links
2026-09-02 10:30:12,878 route classes: {'all_day': 25, 'peak_express': 14}
2026-09-02 10:30:13,004 evaluator pricing: common_lines=same_route (explicit)
2026-09-02 10:30:13,069 path enumeration: 20000 OD pairs, 636 origin zones, 3 scenarios, cap 4 paths/OD
2026-09-02 10:30:57,000 rejected 96 malformed candidate paths that failed the re-pricing check
2026-09-02 10:30:57,095 path set: 24667 paths over 17388/20000 OD pairs (86.7% of flow served), 121377 legs
2026-09-02 10:30:57,141 period early   : 24667 paths, 20000 OD pairs
2026-09-02 10:30:57,152 path enumeration: 20000 OD pairs, 636 origin zones, 3 scenarios, cap 4 paths/OD
2026-09-02 10:31:48,597 rejected 76 malformed candidate paths that failed the re-pricing check
2026-09-02 10:31:48,714 path set: 28761 paths over 19278/20000 OD pairs (96.2% of flow served), 141623 legs
2026-09-02 10:31:48,780 period am_peak : 28761 paths, 20000 OD pairs
2026-09-02 10:31:48,792 path enumeration: 20000 OD pairs, 636 origin zones, 3 scenarios, cap 4 paths/OD
2026-09-02 10:32:35,244 rejected 75 malformed candidate paths that failed the re-pricing check
2026-09-02 10:32:35,340 path set: 24096 paths over 17389/20000 OD pairs (86.7% of flow served), 118692 legs
2026-09-02 10:32:35,384 period midday  : 24096 paths, 20000 OD pairs
2026-09-02 10:32:35,395 path enumeration: 20000 OD pairs, 636 origin zones, 3 scenarios, cap 4 paths/OD
2026-09-02 10:33:25,397 rejected 124 malformed candidate paths that failed the re-pricing check
2026-09-02 10:33:25,523 path set: 27982 paths over 18673/20000 OD pairs (93.6% of flow served), 139597 legs
2026-09-02 10:33:25,584 period pm_peak : 27982 paths, 20000 OD pairs
2026-09-02 10:33:25,598 path enumeration: 20000 OD pairs, 636 origin zones, 3 scenarios, cap 4 paths/OD
2026-09-02 10:34:13,041 rejected 84 malformed candidate paths that failed the re-pricing check
2026-09-02 10:34:13,135 path set: 24057 paths over 17386/20000 OD pairs (86.6% of flow served), 118262 legs
2026-09-02 10:34:13,182 period evening : 24057 paths, 20000 OD pairs
2026-09-02 10:34:13,193 path enumeration: 20000 OD pairs, 636 origin zones, 3 scenarios, cap 4 paths/OD
2026-09-02 10:34:56,117 rejected 132 malformed candidate paths that failed the re-pricing check
2026-09-02 10:34:56,211 path set: 22668 paths over 17005/20000 OD pairs (85.1% of flow served), 111732 legs
2026-09-02 10:34:56,255 period owl     : 22668 paths, 20000 OD pairs
2026-09-02 10:34:56,255 locking 28 route-periods across 14 routes in classes ('peak_express',)
2026-09-02 10:44:49,367 solve lambda=2.0: obj=2.95414e+06 vh=2514.1/2517.2 exchanges=0
2026-09-02 10:44:49,495 truncate-007#e0327cd10f50                      seed 20260828 obj=2954141.452683 restarts=20 conv=True adm=True 877s
2026-09-02 10:44:50,890 stopping cleanly: 760s needed for truncate-012#584263ee6bf8/20260825, 721s left
2026-09-02 10:44:50,890 slice ran 1 cells
2026-09-02 10:44:53,680 3.1-stageB: 32 cells remaining, 15 in this shard
2026-09-02 10:44:53,769 cache hit  baseline-a5bf710e8b2c9129 (53.2 MB, 0.1s)
2026-09-02 10:44:53,804 cache hit  raptor-51c3309f35ffd25f (0.6 MB, 0.0s)
2026-09-02 10:44:53,805 cache hit  zones-77edf71b615ba370 (0.2 MB, 0.0s)
2026-09-02 10:44:53,806 cache hit  od-ba345b9cb167aecb (0.5 MB, 0.0s)
2026-09-02 10:44:53,833 route classes: {'all_day': 25, 'peak_express': 14}
2026-09-02 10:44:54,304 footpaths: 15545 links (9 from transfers.txt)
2026-09-02 10:44:54,313 raptor network: 2946 stops, 111 patterns, 15545 footpaths
2026-09-02 10:44:54,413 zones: 1397 (637 with transit access within 600 m), 3938 access links
2026-09-02 10:44:54,422 route classes: {'all_day': 25, 'peak_express': 14}
2026-09-02 10:44:54,472 evaluator pricing: common_lines=same_route (explicit)
2026-09-02 10:44:54,479 period early   : 24668 paths, 20000 OD pairs
2026-09-02 10:44:54,486 period am_peak : 28764 paths, 20000 OD pairs
2026-09-02 10:44:54,491 period midday  : 24097 paths, 20000 OD pairs
2026-09-02 10:44:54,496 period pm_peak : 27983 paths, 20000 OD pairs
2026-09-02 10:44:54,501 period evening : 24058 paths, 20000 OD pairs
2026-09-02 10:44:54,506 period owl     : 22669 paths, 20000 OD pairs
2026-09-02 10:44:54,506 locking 28 route-periods across 14 routes in classes ('peak_express',)
2026-09-02 10:54:24,715 solve lambda=2.0: obj=2.95563e+06 vh=2514.6/2517.2 exchanges=0
2026-09-02 10:54:24,736 truncate-012#584263ee6bf8                      seed 20260825 obj=2955633.830693 restarts=20 conv=True adm=True 571s
2026-09-02 10:54:24,739 stopping cleanly: 1180s needed for truncate-012#584263ee6bf8/20260827, 1029s left
2026-09-02 10:54:24,739 slice ran 1 cells
2026-09-02 10:54:27,686 3.1-stageB: 31 cells remaining, 14 in this shard
2026-09-02 10:54:27,788 cache hit  baseline-a5bf710e8b2c9129 (53.2 MB, 0.1s)
2026-09-02 10:54:27,829 cache hit  raptor-51c3309f35ffd25f (0.6 MB, 0.0s)
2026-09-02 10:54:27,830 cache hit  zones-77edf71b615ba370 (0.2 MB, 0.0s)
2026-09-02 10:54:27,831 cache hit  od-ba345b9cb167aecb (0.5 MB, 0.0s)
2026-09-02 10:54:27,860 route classes: {'all_day': 25, 'peak_express': 14}
2026-09-02 10:54:28,325 footpaths: 15545 links (9 from transfers.txt)
2026-09-02 10:54:28,334 raptor network: 2946 stops, 111 patterns, 15545 footpaths
2026-09-02 10:54:28,431 zones: 1397 (637 with transit access within 600 m), 3938 access links
2026-09-02 10:54:28,441 route classes: {'all_day': 25, 'peak_express': 14}
2026-09-02 10:54:28,506 evaluator pricing: common_lines=same_route (explicit)
2026-09-02 10:54:28,569 path enumeration: 20000 OD pairs, 636 origin zones, 3 scenarios, cap 4 paths/OD
2026-09-02 10:55:14,675 rejected 94 malformed candidate paths that failed the re-pricing check
2026-09-02 10:55:14,785 path set: 24668 paths over 17388/20000 OD pairs (86.7% of flow served), 121382 legs
2026-09-02 10:55:14,833 period early   : 24668 paths, 20000 OD pairs
2026-09-02 10:55:14,845 path enumeration: 20000 OD pairs, 636 origin zones, 3 scenarios, cap 4 paths/OD
2026-09-02 10:56:06,910 rejected 73 malformed candidate paths that failed the re-pricing check
2026-09-02 10:56:07,027 path set: 28764 paths over 19278/20000 OD pairs (96.2% of flow served), 141639 legs
2026-09-02 10:56:07,083 period am_peak : 28764 paths, 20000 OD pairs
2026-09-02 10:56:07,101 path enumeration: 20000 OD pairs, 636 origin zones, 3 scenarios, cap 4 paths/OD
2026-09-02 10:56:51,250 rejected 73 malformed candidate paths that failed the re-pricing check
2026-09-02 10:56:51,350 path set: 24097 paths over 17389/20000 OD pairs (86.7% of flow served), 118697 legs
2026-09-02 10:56:51,396 period midday  : 24097 paths, 20000 OD pairs
2026-09-02 10:56:51,406 path enumeration: 20000 OD pairs, 636 origin zones, 3 scenarios, cap 4 paths/OD
2026-09-02 10:57:39,614 rejected 122 malformed candidate paths that failed the re-pricing check
2026-09-02 10:57:39,757 path set: 27983 paths over 18673/20000 OD pairs (93.6% of flow served), 139604 legs
2026-09-02 10:57:39,823 period pm_peak : 27983 paths, 20000 OD pairs
2026-09-02 10:57:39,835 path enumeration: 20000 OD pairs, 636 origin zones, 3 scenarios, cap 4 paths/OD
2026-09-02 10:58:27,863 rejected 82 malformed candidate paths that failed the re-pricing check
2026-09-02 10:58:28,006 path set: 24058 paths over 17386/20000 OD pairs (86.6% of flow served), 118267 legs
2026-09-02 10:58:28,056 period evening : 24058 paths, 20000 OD pairs
2026-09-02 10:58:28,067 path enumeration: 20000 OD pairs, 636 origin zones, 3 scenarios, cap 4 paths/OD
2026-09-02 10:59:12,151 rejected 129 malformed candidate paths that failed the re-pricing check
2026-09-02 10:59:12,239 path set: 22669 paths over 17006/20000 OD pairs (85.1% of flow served), 111741 legs
2026-09-02 10:59:12,285 period owl     : 22669 paths, 20000 OD pairs
2026-09-02 10:59:12,285 locking 28 route-periods across 14 routes in classes ('peak_express',)
2026-09-02 11:09:47,567 solve lambda=2.0: obj=2.95546e+06 vh=2516.3/2517.2 exchanges=54
2026-09-02 11:09:47,707 truncate-012#584263ee6bf8                      seed 20260827 obj=2955459.903324 restarts=20 conv=True adm=True 920s
2026-09-02 11:09:47,711 stopping cleanly: 1180s needed for truncate-012#584263ee6bf8/20260829, 680s left
2026-09-02 11:09:47,711 slice ran 1 cells
2026-09-02 11:09:50,830 3.1-stageB: 29 cells remaining, 13 in this shard
2026-09-02 11:09:50,933 cache hit  baseline-a5bf710e8b2c9129 (53.2 MB, 0.1s)
2026-09-02 11:09:50,975 cache hit  raptor-51c3309f35ffd25f (0.6 MB, 0.0s)
2026-09-02 11:09:50,976 cache hit  zones-77edf71b615ba370 (0.2 MB, 0.0s)
2026-09-02 11:09:50,977 cache hit  od-ba345b9cb167aecb (0.5 MB, 0.0s)
2026-09-02 11:09:50,994 route classes: {'all_day': 25, 'peak_express': 14}
2026-09-02 11:09:51,381 footpaths: 15545 links (9 from transfers.txt)
2026-09-02 11:09:51,390 raptor network: 2946 stops, 111 patterns, 15545 footpaths
2026-09-02 11:09:51,493 zones: 1397 (637 with transit access within 600 m), 3938 access links
2026-09-02 11:09:51,503 route classes: {'all_day': 25, 'peak_express': 14}
2026-09-02 11:09:51,546 evaluator pricing: common_lines=same_route (explicit)
2026-09-02 11:09:51,609 path enumeration: 20000 OD pairs, 636 origin zones, 3 scenarios, cap 4 paths/OD
2026-09-02 11:10:41,239 rejected 94 malformed candidate paths that failed the re-pricing check
2026-09-02 11:10:41,354 path set: 24668 paths over 17388/20000 OD pairs (86.7% of flow served), 121382 legs
2026-09-02 11:10:41,409 period early   : 24668 paths, 20000 OD pairs
2026-09-02 11:10:41,422 path enumeration: 20000 OD pairs, 636 origin zones, 3 scenarios, cap 4 paths/OD
2026-09-02 11:11:35,982 rejected 73 malformed candidate paths that failed the re-pricing check
2026-09-02 11:11:36,106 path set: 28764 paths over 19278/20000 OD pairs (96.2% of flow served), 141639 legs
2026-09-02 11:11:36,165 period am_peak : 28764 paths, 20000 OD pairs
2026-09-02 11:11:36,176 path enumeration: 20000 OD pairs, 636 origin zones, 3 scenarios, cap 4 paths/OD
2026-09-02 11:12:23,290 rejected 73 malformed candidate paths that failed the re-pricing check
2026-09-02 11:12:23,399 path set: 24097 paths over 17389/20000 OD pairs (86.7% of flow served), 118697 legs
2026-09-02 11:12:23,456 period midday  : 24097 paths, 20000 OD pairs
2026-09-02 11:12:23,470 path enumeration: 20000 OD pairs, 636 origin zones, 3 scenarios, cap 4 paths/OD
2026-09-02 11:13:13,983 rejected 122 malformed candidate paths that failed the re-pricing check
2026-09-02 11:13:14,108 path set: 27983 paths over 18673/20000 OD pairs (93.6% of flow served), 139604 legs
2026-09-02 11:13:14,164 period pm_peak : 27983 paths, 20000 OD pairs
2026-09-02 11:13:14,175 path enumeration: 20000 OD pairs, 636 origin zones, 3 scenarios, cap 4 paths/OD
2026-09-02 11:14:01,933 rejected 82 malformed candidate paths that failed the re-pricing check
2026-09-02 11:14:02,039 path set: 24058 paths over 17386/20000 OD pairs (86.6% of flow served), 118267 legs
2026-09-02 11:14:02,086 period evening : 24058 paths, 20000 OD pairs
2026-09-02 11:14:02,105 path enumeration: 20000 OD pairs, 636 origin zones, 3 scenarios, cap 4 paths/OD
2026-09-02 11:14:46,071 rejected 129 malformed candidate paths that failed the re-pricing check
2026-09-02 11:14:46,217 path set: 22669 paths over 17006/20000 OD pairs (85.1% of flow served), 111741 legs
2026-09-02 11:14:46,271 period owl     : 22669 paths, 20000 OD pairs
2026-09-02 11:14:46,271 locking 28 route-periods across 14 routes in classes ('peak_express',)
2026-09-02 11:25:54,910 solve lambda=2.0: obj=2.95563e+06 vh=2514.6/2517.2 exchanges=0
2026-09-02 11:25:55,017 truncate-012#584263ee6bf8                      seed 20260829 obj=2955633.830693 restarts=20 conv=True adm=True 964s
2026-09-02 11:25:55,019 stopping cleanly: 1180s needed for truncate-023#3ef9178c6974/20260826, 636s left
2026-09-02 11:25:55,020 slice ran 1 cells
2026-09-02 11:25:57,571 3.1-stageB: 27 cells remaining, 12 in this shard
2026-09-02 11:25:57,658 cache hit  baseline-a5bf710e8b2c9129 (53.2 MB, 0.1s)
2026-09-02 11:25:57,691 cache hit  raptor-51c3309f35ffd25f (0.6 MB, 0.0s)
2026-09-02 11:25:57,692 cache hit  zones-77edf71b615ba370 (0.2 MB, 0.0s)
2026-09-02 11:25:57,692 cache hit  od-ba345b9cb167aecb (0.5 MB, 0.0s)
2026-09-02 11:25:57,703 route classes: {'all_day': 25, 'peak_express': 14}
2026-09-02 11:25:58,032 footpaths: 15553 links (9 from transfers.txt)
2026-09-02 11:25:58,040 raptor network: 2948 stops, 111 patterns, 15553 footpaths
2026-09-02 11:25:58,135 zones: 1397 (637 with transit access within 600 m), 3938 access links
2026-09-02 11:25:58,143 route classes: {'all_day': 25, 'peak_express': 14}
2026-09-02 11:25:58,201 evaluator pricing: common_lines=same_route (explicit)
2026-09-02 11:25:58,253 path enumeration: 20000 OD pairs, 636 origin zones, 3 scenarios, cap 4 paths/OD
2026-09-02 11:26:41,420 rejected 96 malformed candidate paths that failed the re-pricing check
2026-09-02 11:26:41,525 path set: 24672 paths over 17388/20000 OD pairs (86.7% of flow served), 121507 legs
2026-09-02 11:26:41,571 period early   : 24672 paths, 20000 OD pairs
2026-09-02 11:26:41,582 path enumeration: 20000 OD pairs, 636 origin zones, 3 scenarios, cap 4 paths/OD
2026-09-02 11:27:30,999 rejected 75 malformed candidate paths that failed the re-pricing check
2026-09-02 11:27:31,116 path set: 28787 paths over 19278/20000 OD pairs (96.2% of flow served), 141851 legs
2026-09-02 11:27:31,172 period am_peak : 28787 paths, 20000 OD pairs
2026-09-02 11:27:31,184 path enumeration: 20000 OD pairs, 636 origin zones, 3 scenarios, cap 4 paths/OD
2026-09-02 11:28:16,445 rejected 74 malformed candidate paths that failed the re-pricing check
2026-09-02 11:28:16,540 path set: 24111 paths over 17389/20000 OD pairs (86.7% of flow served), 118877 legs
2026-09-02 11:28:16,591 period midday  : 24111 paths, 20000 OD pairs
2026-09-02 11:28:16,602 path enumeration: 20000 OD pairs, 636 origin zones, 3 scenarios, cap 4 paths/OD
2026-09-02 11:29:04,610 rejected 123 malformed candidate paths that failed the re-pricing check
2026-09-02 11:29:04,730 path set: 28003 paths over 18673/20000 OD pairs (93.6% of flow served), 139811 legs
2026-09-02 11:29:04,784 period pm_peak : 28003 paths, 20000 OD pairs
2026-09-02 11:29:04,795 path enumeration: 20000 OD pairs, 636 origin zones, 3 scenarios, cap 4 paths/OD
2026-09-02 11:29:51,462 rejected 83 malformed candidate paths that failed the re-pricing check
2026-09-02 11:29:51,560 path set: 24092 paths over 17386/20000 OD pairs (86.6% of flow served), 118558 legs
2026-09-02 11:29:51,605 period evening : 24092 paths, 20000 OD pairs
2026-09-02 11:29:51,616 path enumeration: 20000 OD pairs, 636 origin zones, 3 scenarios, cap 4 paths/OD
2026-09-02 11:30:34,080 rejected 130 malformed candidate paths that failed the re-pricing check
2026-09-02 11:30:34,176 path set: 22697 paths over 17005/20000 OD pairs (85.1% of flow served), 111929 legs
2026-09-02 11:30:34,221 period owl     : 22697 paths, 20000 OD pairs
2026-09-02 11:30:34,222 locking 28 route-periods across 14 routes in classes ('peak_express',)
2026-09-02 11:41:28,687 solve lambda=2.0: obj=2.95566e+06 vh=2514.2/2517.2 exchanges=0
2026-09-02 11:41:29,355 truncate-023#3ef9178c6974                      seed 20260826 obj=2955657.333351 restarts=20 conv=True adm=True 932s
2026-09-02 11:41:29,357 stopping cleanly: 1180s needed for truncate-023#3ef9178c6974/20260828, 668s left
2026-09-02 11:41:29,357 slice ran 1 cells
2026-09-02 11:41:32,156 3.1-stageB: 24 cells remaining, 11 in this shard
2026-09-02 11:41:32,247 cache hit  baseline-a5bf710e8b2c9129 (53.2 MB, 0.1s)
2026-09-02 11:41:32,281 cache hit  raptor-51c3309f35ffd25f (0.6 MB, 0.0s)
2026-09-02 11:41:32,282 cache hit  zones-77edf71b615ba370 (0.2 MB, 0.0s)
2026-09-02 11:41:32,282 cache hit  od-ba345b9cb167aecb (0.5 MB, 0.0s)
2026-09-02 11:41:32,294 route classes: {'all_day': 25, 'peak_express': 14}
2026-09-02 11:41:32,641 footpaths: 15553 links (9 from transfers.txt)
2026-09-02 11:41:32,650 raptor network: 2948 stops, 111 patterns, 15553 footpaths
2026-09-02 11:41:32,747 zones: 1397 (637 with transit access within 600 m), 3938 access links
2026-09-02 11:41:32,756 route classes: {'all_day': 25, 'peak_express': 14}
2026-09-02 11:41:32,821 evaluator pricing: common_lines=same_route (explicit)
2026-09-02 11:41:32,879 path enumeration: 20000 OD pairs, 636 origin zones, 3 scenarios, cap 4 paths/OD
2026-09-02 11:42:17,126 rejected 96 malformed candidate paths that failed the re-pricing check
2026-09-02 11:42:17,279 path set: 24672 paths over 17388/20000 OD pairs (86.7% of flow served), 121507 legs
2026-09-02 11:42:17,329 period early   : 24672 paths, 20000 OD pairs
2026-09-02 11:42:17,340 path enumeration: 20000 OD pairs, 636 origin zones, 3 scenarios, cap 4 paths/OD
2026-09-02 11:43:07,784 rejected 75 malformed candidate paths that failed the re-pricing check
2026-09-02 11:43:07,910 path set: 28787 paths over 19278/20000 OD pairs (96.2% of flow served), 141851 legs
2026-09-02 11:43:07,967 period am_peak : 28787 paths, 20000 OD pairs
2026-09-02 11:43:07,978 path enumeration: 20000 OD pairs, 636 origin zones, 3 scenarios, cap 4 paths/OD
2026-09-02 11:43:53,290 rejected 74 malformed candidate paths that failed the re-pricing check
2026-09-02 11:43:53,387 path set: 24111 paths over 17389/20000 OD pairs (86.7% of flow served), 118877 legs
2026-09-02 11:43:53,433 period midday  : 24111 paths, 20000 OD pairs
2026-09-02 11:43:53,444 path enumeration: 20000 OD pairs, 636 origin zones, 3 scenarios, cap 4 paths/OD
2026-09-02 11:44:44,057 rejected 123 malformed candidate paths that failed the re-pricing check
2026-09-02 11:44:44,166 path set: 28003 paths over 18673/20000 OD pairs (93.6% of flow served), 139811 legs
2026-09-02 11:44:44,219 period pm_peak : 28003 paths, 20000 OD pairs
2026-09-02 11:44:44,230 path enumeration: 20000 OD pairs, 636 origin zones, 3 scenarios, cap 4 paths/OD
2026-09-02 11:45:33,313 rejected 83 malformed candidate paths that failed the re-pricing check
2026-09-02 11:45:33,431 path set: 24092 paths over 17386/20000 OD pairs (86.6% of flow served), 118558 legs
2026-09-02 11:45:33,486 period evening : 24092 paths, 20000 OD pairs
2026-09-02 11:45:33,500 path enumeration: 20000 OD pairs, 636 origin zones, 3 scenarios, cap 4 paths/OD
2026-09-02 11:46:18,822 rejected 130 malformed candidate paths that failed the re-pricing check
2026-09-02 11:46:18,930 path set: 22697 paths over 17005/20000 OD pairs (85.1% of flow served), 111929 legs
2026-09-02 11:46:18,983 period owl     : 22697 paths, 20000 OD pairs
2026-09-02 11:46:18,983 locking 28 route-periods across 14 routes in classes ('peak_express',)
2026-09-02 11:56:34,046 solve lambda=2.0: obj=2.95566e+06 vh=2514.2/2517.2 exchanges=0
2026-09-02 11:56:34,201 truncate-023#3ef9178c6974                      seed 20260828 obj=2955657.333351 restarts=20 conv=True adm=True 902s
2026-09-02 11:56:35,224 stopping cleanly: 760s needed for truncate-025#d3209fe02367/20260825, 697s left
2026-09-02 11:56:35,224 slice ran 1 cells
2026-09-02 11:56:37,914 3.1-stageB: 22 cells remaining, 10 in this shard
2026-09-02 11:56:38,017 cache hit  baseline-a5bf710e8b2c9129 (53.2 MB, 0.1s)
2026-09-02 11:56:38,052 cache hit  raptor-51c3309f35ffd25f (0.6 MB, 0.0s)
2026-09-02 11:56:38,053 cache hit  zones-77edf71b615ba370 (0.2 MB, 0.0s)
2026-09-02 11:56:38,054 cache hit  od-ba345b9cb167aecb (0.5 MB, 0.0s)
2026-09-02 11:56:38,066 route classes: {'all_day': 25, 'peak_express': 14}
2026-09-02 11:56:38,513 footpaths: 15517 links (9 from transfers.txt)
2026-09-02 11:56:38,521 raptor network: 2935 stops, 111 patterns, 15517 footpaths
2026-09-02 11:56:38,617 zones: 1397 (637 with transit access within 600 m), 3925 access links
2026-09-02 11:56:38,626 route classes: {'all_day': 25, 'peak_express': 14}
2026-09-02 11:56:38,676 evaluator pricing: common_lines=same_route (explicit)
2026-09-02 11:56:38,682 period early   : 24649 paths, 20000 OD pairs
2026-09-02 11:56:38,688 period am_peak : 28750 paths, 20000 OD pairs
2026-09-02 11:56:38,694 period midday  : 24096 paths, 20000 OD pairs
2026-09-02 11:56:38,704 period pm_peak : 27985 paths, 20000 OD pairs
2026-09-02 11:56:38,710 period evening : 24052 paths, 20000 OD pairs
2026-09-02 11:56:38,715 period owl     : 22636 paths, 20000 OD pairs
2026-09-02 11:56:38,715 locking 28 route-periods across 14 routes in classes ('peak_express',)
2026-09-02 12:07:21,279 solve lambda=2.0: obj=2.95216e+06 vh=2514.6/2517.2 exchanges=0
2026-09-02 12:07:21,353 truncate-025#d3209fe02367                      seed 20260825 obj=2952160.079272 restarts=20 conv=True adm=True 643s
2026-09-02 12:07:21,356 stopping cleanly: 1180s needed for truncate-025#d3209fe02367/20260827, 957s left
2026-09-02 12:07:21,356 slice ran 1 cells
2026-09-02 12:07:24,190 3.1-stageB: 20 cells remaining, 9 in this shard
2026-09-02 12:07:24,281 cache hit  baseline-a5bf710e8b2c9129 (53.2 MB, 0.1s)
2026-09-02 12:07:24,316 cache hit  raptor-51c3309f35ffd25f (0.6 MB, 0.0s)
2026-09-02 12:07:24,317 cache hit  zones-77edf71b615ba370 (0.2 MB, 0.0s)
2026-09-02 12:07:24,318 cache hit  od-ba345b9cb167aecb (0.5 MB, 0.0s)
2026-09-02 12:07:24,344 route classes: {'all_day': 25, 'peak_express': 14}
2026-09-02 12:07:24,773 footpaths: 15517 links (9 from transfers.txt)
2026-09-02 12:07:24,785 raptor network: 2935 stops, 111 patterns, 15517 footpaths
2026-09-02 12:07:24,900 zones: 1397 (637 with transit access within 600 m), 3925 access links
2026-09-02 12:07:24,909 route classes: {'all_day': 25, 'peak_express': 14}
2026-09-02 12:07:25,015 evaluator pricing: common_lines=same_route (explicit)
2026-09-02 12:07:25,070 path enumeration: 20000 OD pairs, 636 origin zones, 3 scenarios, cap 4 paths/OD
2026-09-02 12:08:07,692 rejected 96 malformed candidate paths that failed the re-pricing check
2026-09-02 12:08:07,792 path set: 24649 paths over 17381/20000 OD pairs (86.6% of flow served), 121320 legs
2026-09-02 12:08:07,839 period early   : 24649 paths, 20000 OD pairs
2026-09-02 12:08:07,849 path enumeration: 20000 OD pairs, 636 origin zones, 3 scenarios, cap 4 paths/OD
2026-09-02 12:08:55,950 rejected 75 malformed candidate paths that failed the re-pricing check
2026-09-02 12:08:56,066 path set: 28750 paths over 19271/20000 OD pairs (96.2% of flow served), 141690 legs
2026-09-02 12:08:56,121 period am_peak : 28750 paths, 20000 OD pairs
2026-09-02 12:08:56,131 path enumeration: 20000 OD pairs, 636 origin zones, 3 scenarios, cap 4 paths/OD
2026-09-02 12:09:40,193 rejected 74 malformed candidate paths that failed the re-pricing check
2026-09-02 12:09:40,306 path set: 24096 paths over 17382/20000 OD pairs (86.6% of flow served), 118735 legs
2026-09-02 12:09:40,356 period midday  : 24096 paths, 20000 OD pairs
2026-09-02 12:09:40,368 path enumeration: 20000 OD pairs, 636 origin zones, 3 scenarios, cap 4 paths/OD
2026-09-02 12:10:29,227 rejected 123 malformed candidate paths that failed the re-pricing check
2026-09-02 12:10:29,342 path set: 27985 paths over 18666/20000 OD pairs (93.6% of flow served), 139667 legs
2026-09-02 12:10:29,393 period pm_peak : 27985 paths, 20000 OD pairs
2026-09-02 12:10:29,403 path enumeration: 20000 OD pairs, 636 origin zones, 3 scenarios, cap 4 paths/OD
2026-09-02 12:11:16,485 rejected 82 malformed candidate paths that failed the re-pricing check
2026-09-02 12:11:16,616 path set: 24052 paths over 17379/20000 OD pairs (86.6% of flow served), 118256 legs
2026-09-02 12:11:16,665 period evening : 24052 paths, 20000 OD pairs
2026-09-02 12:11:16,675 path enumeration: 20000 OD pairs, 636 origin zones, 3 scenarios, cap 4 paths/OD
2026-09-02 12:12:00,821 rejected 130 malformed candidate paths that failed the re-pricing check
2026-09-02 12:12:00,916 path set: 22636 paths over 16998/20000 OD pairs (85.1% of flow served), 111584 legs
2026-09-02 12:12:00,960 period owl     : 22636 paths, 20000 OD pairs
2026-09-02 12:12:00,960 locking 28 route-periods across 14 routes in classes ('peak_express',)
2026-09-02 12:22:02,633 solve lambda=2.0: obj=2.95216e+06 vh=2514.6/2517.2 exchanges=0
2026-09-02 12:22:02,978 truncate-025#d3209fe02367                      seed 20260827 obj=2952160.079272 restarts=20 conv=True adm=True 878s
2026-09-02 12:22:02,982 stopping cleanly: 1180s needed for truncate-025#d3209fe02367/20260829, 721s left
2026-09-02 12:22:02,982 slice ran 1 cells
2026-09-02 12:22:05,635 3.1-stageB: 18 cells remaining, 8 in this shard
2026-09-02 12:22:05,721 cache hit  baseline-a5bf710e8b2c9129 (53.2 MB, 0.1s)
2026-09-02 12:22:05,766 cache hit  raptor-51c3309f35ffd25f (0.6 MB, 0.0s)
2026-09-02 12:22:05,767 cache hit  zones-77edf71b615ba370 (0.2 MB, 0.0s)
2026-09-02 12:22:05,768 cache hit  od-ba345b9cb167aecb (0.5 MB, 0.0s)
2026-09-02 12:22:05,798 route classes: {'all_day': 25, 'peak_express': 14}
2026-09-02 12:22:06,184 footpaths: 15517 links (9 from transfers.txt)
2026-09-02 12:22:06,193 raptor network: 2935 stops, 111 patterns, 15517 footpaths
2026-09-02 12:22:06,289 zones: 1397 (637 with transit access within 600 m), 3925 access links
2026-09-02 12:22:06,298 route classes: {'all_day': 25, 'peak_express': 14}
2026-09-02 12:22:06,359 evaluator pricing: common_lines=same_route (explicit)
2026-09-02 12:22:06,413 path enumeration: 20000 OD pairs, 636 origin zones, 3 scenarios, cap 4 paths/OD
2026-09-02 12:22:48,972 rejected 96 malformed candidate paths that failed the re-pricing check
2026-09-02 12:22:49,076 path set: 24649 paths over 17381/20000 OD pairs (86.6% of flow served), 121320 legs
2026-09-02 12:22:49,123 period early   : 24649 paths, 20000 OD pairs
2026-09-02 12:22:49,133 path enumeration: 20000 OD pairs, 636 origin zones, 3 scenarios, cap 4 paths/OD
2026-09-02 12:23:37,733 rejected 75 malformed candidate paths that failed the re-pricing check
2026-09-02 12:23:37,841 path set: 28750 paths over 19271/20000 OD pairs (96.2% of flow served), 141690 legs
2026-09-02 12:23:37,893 period am_peak : 28750 paths, 20000 OD pairs
2026-09-02 12:23:37,903 path enumeration: 20000 OD pairs, 636 origin zones, 3 scenarios, cap 4 paths/OD
2026-09-02 12:24:21,220 rejected 74 malformed candidate paths that failed the re-pricing check
2026-09-02 12:24:21,317 path set: 24096 paths over 17382/20000 OD pairs (86.6% of flow served), 118735 legs
2026-09-02 12:24:21,361 period midday  : 24096 paths, 20000 OD pairs
2026-09-02 12:24:21,372 path enumeration: 20000 OD pairs, 636 origin zones, 3 scenarios, cap 4 paths/OD
2026-09-02 12:25:09,729 rejected 123 malformed candidate paths that failed the re-pricing check
2026-09-02 12:25:09,840 path set: 27985 paths over 18666/20000 OD pairs (93.6% of flow served), 139667 legs
2026-09-02 12:25:09,897 period pm_peak : 27985 paths, 20000 OD pairs
2026-09-02 12:25:09,908 path enumeration: 20000 OD pairs, 636 origin zones, 3 scenarios, cap 4 paths/OD
2026-09-02 12:25:57,506 rejected 82 malformed candidate paths that failed the re-pricing check
2026-09-02 12:25:57,598 path set: 24052 paths over 17379/20000 OD pairs (86.6% of flow served), 118256 legs
2026-09-02 12:25:57,647 period evening : 24052 paths, 20000 OD pairs
2026-09-02 12:25:57,658 path enumeration: 20000 OD pairs, 636 origin zones, 3 scenarios, cap 4 paths/OD
2026-09-02 12:26:42,554 rejected 130 malformed candidate paths that failed the re-pricing check
2026-09-02 12:26:42,646 path set: 22636 paths over 16998/20000 OD pairs (85.1% of flow served), 111584 legs
2026-09-02 12:26:42,689 period owl     : 22636 paths, 20000 OD pairs
2026-09-02 12:26:42,689 locking 28 route-periods across 14 routes in classes ('peak_express',)
2026-09-02 12:37:56,880 solve lambda=2.0: obj=2.95216e+06 vh=2514.6/2517.2 exchanges=0
2026-09-02 12:37:57,206 truncate-025#d3209fe02367                      seed 20260829 obj=2952160.079272 restarts=20 conv=True adm=True 951s
2026-09-02 12:37:57,209 stopping cleanly: 1180s needed for truncate-032#00b89519f00f/20260826, 648s left
2026-09-02 12:37:57,209 slice ran 1 cells
2026-09-02 12:37:59,844 3.1-stageB: 16 cells remaining, 7 in this shard
2026-09-02 12:37:59,939 cache hit  baseline-a5bf710e8b2c9129 (53.2 MB, 0.1s)
2026-09-02 12:37:59,992 cache hit  raptor-51c3309f35ffd25f (0.6 MB, 0.0s)
2026-09-02 12:37:59,992 cache hit  zones-77edf71b615ba370 (0.2 MB, 0.0s)
2026-09-02 12:37:59,994 cache hit  od-ba345b9cb167aecb (0.5 MB, 0.0s)
2026-09-02 12:38:00,019 route classes: {'all_day': 25, 'peak_express': 14}
2026-09-02 12:38:00,399 footpaths: 15553 links (9 from transfers.txt)
2026-09-02 12:38:00,408 raptor network: 2948 stops, 111 patterns, 15553 footpaths
2026-09-02 12:38:00,503 zones: 1397 (637 with transit access within 600 m), 3938 access links
2026-09-02 12:38:00,512 route classes: {'all_day': 25, 'peak_express': 14}
2026-09-02 12:38:00,577 evaluator pricing: common_lines=same_route (explicit)
2026-09-02 12:38:00,629 path enumeration: 20000 OD pairs, 636 origin zones, 3 scenarios, cap 4 paths/OD
2026-09-02 12:38:45,484 rejected 96 malformed candidate paths that failed the re-pricing check
2026-09-02 12:38:45,588 path set: 24700 paths over 17388/20000 OD pairs (86.7% of flow served), 121670 legs
2026-09-02 12:38:45,633 period early   : 24700 paths, 20000 OD pairs
2026-09-02 12:38:45,643 path enumeration: 20000 OD pairs, 636 origin zones, 3 scenarios, cap 4 paths/OD
2026-09-02 12:39:34,065 rejected 75 malformed candidate paths that failed the re-pricing check
2026-09-02 12:39:34,170 path set: 28752 paths over 19277/20000 OD pairs (96.2% of flow served), 141620 legs
2026-09-02 12:39:34,223 period am_peak : 28752 paths, 20000 OD pairs
2026-09-02 12:39:34,233 path enumeration: 20000 OD pairs, 636 origin zones, 3 scenarios, cap 4 paths/OD
2026-09-02 12:40:16,805 rejected 74 malformed candidate paths that failed the re-pricing check
2026-09-02 12:40:16,894 path set: 24084 paths over 17389/20000 OD pairs (86.7% of flow served), 118669 legs
2026-09-02 12:40:16,937 period midday  : 24084 paths, 20000 OD pairs
2026-09-02 12:40:16,947 path enumeration: 20000 OD pairs, 636 origin zones, 3 scenarios, cap 4 paths/OD
2026-09-02 12:41:05,063 rejected 123 malformed candidate paths that failed the re-pricing check
2026-09-02 12:41:05,173 path set: 27978 paths over 18673/20000 OD pairs (93.6% of flow served), 139620 legs
2026-09-02 12:41:05,226 period pm_peak : 27978 paths, 20000 OD pairs
2026-09-02 12:41:05,237 path enumeration: 20000 OD pairs, 636 origin zones, 3 scenarios, cap 4 paths/OD
2026-09-02 12:41:52,118 rejected 83 malformed candidate paths that failed the re-pricing check
2026-09-02 12:41:52,211 path set: 24044 paths over 17386/20000 OD pairs (86.6% of flow served), 118227 legs
2026-09-02 12:41:52,253 period evening : 24044 paths, 20000 OD pairs
2026-09-02 12:41:52,263 path enumeration: 20000 OD pairs, 636 origin zones, 3 scenarios, cap 4 paths/OD
2026-09-02 12:42:34,714 rejected 130 malformed candidate paths that failed the re-pricing check
2026-09-02 12:42:34,803 path set: 22692 paths over 17005/20000 OD pairs (85.1% of flow served), 111927 legs
2026-09-02 12:42:34,845 period owl     : 22692 paths, 20000 OD pairs
2026-09-02 12:42:34,845 locking 28 route-periods across 14 routes in classes ('peak_express',)
2026-09-02 12:52:17,786 solve lambda=2.0: obj=2.95496e+06 vh=2514.6/2517.2 exchanges=0
2026-09-02 12:52:18,100 truncate-032#00b89519f00f                      seed 20260826 obj=2954956.572745 restarts=20 conv=True adm=True 858s
2026-09-02 12:52:18,103 stopping cleanly: 1180s needed for truncate-032#00b89519f00f/20260828, 742s left
2026-09-02 12:52:18,103 slice ran 1 cells
2026-09-02 12:52:20,858 3.1-stageB: 14 cells remaining, 6 in this shard
2026-09-02 12:52:20,951 cache hit  baseline-a5bf710e8b2c9129 (53.2 MB, 0.1s)
2026-09-02 12:52:20,988 cache hit  raptor-51c3309f35ffd25f (0.6 MB, 0.0s)
2026-09-02 12:52:20,989 cache hit  zones-77edf71b615ba370 (0.2 MB, 0.0s)
2026-09-02 12:52:20,989 cache hit  od-ba345b9cb167aecb (0.5 MB, 0.0s)
2026-09-02 12:52:21,000 route classes: {'all_day': 25, 'peak_express': 14}
2026-09-02 12:52:21,370 footpaths: 15553 links (9 from transfers.txt)
2026-09-02 12:52:21,379 raptor network: 2948 stops, 111 patterns, 15553 footpaths
2026-09-02 12:52:21,478 zones: 1397 (637 with transit access within 600 m), 3938 access links
2026-09-02 12:52:21,488 route classes: {'all_day': 25, 'peak_express': 14}
2026-09-02 12:52:21,552 evaluator pricing: common_lines=same_route (explicit)
2026-09-02 12:52:21,606 path enumeration: 20000 OD pairs, 636 origin zones, 3 scenarios, cap 4 paths/OD
2026-09-02 12:53:03,901 rejected 96 malformed candidate paths that failed the re-pricing check
2026-09-02 12:53:03,993 path set: 24700 paths over 17388/20000 OD pairs (86.7% of flow served), 121670 legs
2026-09-02 12:53:04,038 period early   : 24700 paths, 20000 OD pairs
2026-09-02 12:53:04,048 path enumeration: 20000 OD pairs, 636 origin zones, 3 scenarios, cap 4 paths/OD
2026-09-02 12:53:52,168 rejected 75 malformed candidate paths that failed the re-pricing check
2026-09-02 12:53:52,280 path set: 28752 paths over 19277/20000 OD pairs (96.2% of flow served), 141620 legs
2026-09-02 12:53:52,336 period am_peak : 28752 paths, 20000 OD pairs
2026-09-02 12:53:52,346 path enumeration: 20000 OD pairs, 636 origin zones, 3 scenarios, cap 4 paths/OD
2026-09-02 12:54:36,667 rejected 74 malformed candidate paths that failed the re-pricing check
2026-09-02 12:54:36,767 path set: 24084 paths over 17389/20000 OD pairs (86.7% of flow served), 118669 legs
2026-09-02 12:54:36,813 period midday  : 24084 paths, 20000 OD pairs
2026-09-02 12:54:36,824 path enumeration: 20000 OD pairs, 636 origin zones, 3 scenarios, cap 4 paths/OD
2026-09-02 12:55:23,653 rejected 123 malformed candidate paths that failed the re-pricing check
2026-09-02 12:55:23,767 path set: 27978 paths over 18673/20000 OD pairs (93.6% of flow served), 139620 legs
2026-09-02 12:55:23,822 period pm_peak : 27978 paths, 20000 OD pairs
2026-09-02 12:55:23,832 path enumeration: 20000 OD pairs, 636 origin zones, 3 scenarios, cap 4 paths/OD
2026-09-02 12:56:08,861 rejected 83 malformed candidate paths that failed the re-pricing check
2026-09-02 12:56:08,953 path set: 24044 paths over 17386/20000 OD pairs (86.6% of flow served), 118227 legs
2026-09-02 12:56:09,000 period evening : 24044 paths, 20000 OD pairs
2026-09-02 12:56:09,010 path enumeration: 20000 OD pairs, 636 origin zones, 3 scenarios, cap 4 paths/OD
2026-09-02 12:56:50,408 rejected 130 malformed candidate paths that failed the re-pricing check
2026-09-02 12:56:50,507 path set: 22692 paths over 17005/20000 OD pairs (85.1% of flow served), 111927 legs
2026-09-02 12:56:50,555 period owl     : 22692 paths, 20000 OD pairs
2026-09-02 12:56:50,555 locking 28 route-periods across 14 routes in classes ('peak_express',)
2026-09-02 13:06:33,462 solve lambda=2.0: obj=2.95496e+06 vh=2514.6/2517.2 exchanges=0
2026-09-02 13:06:33,591 truncate-032#00b89519f00f                      seed 20260828 obj=2954956.572745 restarts=20 conv=True adm=True 852s
2026-09-02 13:06:34,743 stopping cleanly: 760s needed for truncate-035#7cdb09a45253/20260825, 746s left
2026-09-02 13:06:34,743 slice ran 1 cells
2026-09-02 13:06:37,691 3.1-stageB: 12 cells remaining, 5 in this shard
2026-09-02 13:06:37,798 cache hit  baseline-a5bf710e8b2c9129 (53.2 MB, 0.1s)
2026-09-02 13:06:37,841 cache hit  raptor-51c3309f35ffd25f (0.6 MB, 0.0s)
2026-09-02 13:06:37,842 cache hit  zones-77edf71b615ba370 (0.2 MB, 0.0s)
2026-09-02 13:06:37,843 cache hit  od-ba345b9cb167aecb (0.5 MB, 0.0s)
2026-09-02 13:06:37,856 route classes: {'all_day': 25, 'peak_express': 14}
2026-09-02 13:06:38,439 footpaths: 15573 links (9 from transfers.txt)
2026-09-02 13:06:38,450 raptor network: 2949 stops, 111 patterns, 15573 footpaths
2026-09-02 13:06:38,557 zones: 1397 (637 with transit access within 600 m), 3938 access links
2026-09-02 13:06:38,568 route classes: {'all_day': 25, 'peak_express': 14}
2026-09-02 13:06:38,634 evaluator pricing: common_lines=same_route (explicit)
2026-09-02 13:06:38,642 period early   : 24663 paths, 20000 OD pairs
2026-09-02 13:06:38,648 period am_peak : 28734 paths, 20000 OD pairs
2026-09-02 13:06:38,653 period midday  : 24097 paths, 20000 OD pairs
2026-09-02 13:06:38,659 period pm_peak : 27986 paths, 20000 OD pairs
2026-09-02 13:06:38,666 period evening : 24066 paths, 20000 OD pairs
2026-09-02 13:06:38,672 period owl     : 22669 paths, 20000 OD pairs
2026-09-02 13:06:38,672 locking 28 route-periods across 14 routes in classes ('peak_express',)
2026-09-02 13:16:41,835 solve lambda=2.0: obj=2.952e+06 vh=2514.8/2517.2 exchanges=0
2026-09-02 13:16:41,854 truncate-035#7cdb09a45253                      seed 20260825 obj=2951999.198814 restarts=20 conv=True adm=True 604s
2026-09-02 13:16:41,857 stopping cleanly: 1180s needed for truncate-035#7cdb09a45253/20260827, 996s left
2026-09-02 13:16:41,857 slice ran 1 cells
2026-09-02 13:16:44,639 3.1-stageB: 10 cells remaining, 4 in this shard
2026-09-02 13:16:44,736 cache hit  baseline-a5bf710e8b2c9129 (53.2 MB, 0.1s)
2026-09-02 13:16:44,774 cache hit  raptor-51c3309f35ffd25f (0.6 MB, 0.0s)
2026-09-02 13:16:44,775 cache hit  zones-77edf71b615ba370 (0.2 MB, 0.0s)
2026-09-02 13:16:44,776 cache hit  od-ba345b9cb167aecb (0.5 MB, 0.0s)
2026-09-02 13:16:44,818 route classes: {'all_day': 25, 'peak_express': 14}
2026-09-02 13:16:45,280 footpaths: 15573 links (9 from transfers.txt)
2026-09-02 13:16:45,290 raptor network: 2949 stops, 111 patterns, 15573 footpaths
2026-09-02 13:16:45,399 zones: 1397 (637 with transit access within 600 m), 3938 access links
2026-09-02 13:16:45,409 route classes: {'all_day': 25, 'peak_express': 14}
2026-09-02 13:16:45,495 evaluator pricing: common_lines=same_route (explicit)
2026-09-02 13:16:45,553 path enumeration: 20000 OD pairs, 636 origin zones, 3 scenarios, cap 4 paths/OD
2026-09-02 13:17:30,169 rejected 94 malformed candidate paths that failed the re-pricing check
2026-09-02 13:17:30,293 path set: 24663 paths over 17388/20000 OD pairs (86.7% of flow served), 121365 legs
2026-09-02 13:17:30,361 period early   : 24663 paths, 20000 OD pairs
2026-09-02 13:17:30,373 path enumeration: 20000 OD pairs, 636 origin zones, 3 scenarios, cap 4 paths/OD
2026-09-02 13:18:25,863 rejected 73 malformed candidate paths that failed the re-pricing check
2026-09-02 13:18:25,980 path set: 28734 paths over 19278/20000 OD pairs (96.2% of flow served), 141443 legs
2026-09-02 13:18:26,036 period am_peak : 28734 paths, 20000 OD pairs
2026-09-02 13:18:26,047 path enumeration: 20000 OD pairs, 636 origin zones, 3 scenarios, cap 4 paths/OD
2026-09-02 13:19:11,103 rejected 72 malformed candidate paths that failed the re-pricing check
2026-09-02 13:19:11,199 path set: 24097 paths over 17389/20000 OD pairs (86.7% of flow served), 118689 legs
2026-09-02 13:19:11,244 period midday  : 24097 paths, 20000 OD pairs
2026-09-02 13:19:11,255 path enumeration: 20000 OD pairs, 636 origin zones, 3 scenarios, cap 4 paths/OD
2026-09-02 13:20:01,570 rejected 121 malformed candidate paths that failed the re-pricing check
2026-09-02 13:20:01,691 path set: 27986 paths over 18673/20000 OD pairs (93.6% of flow served), 139691 legs
2026-09-02 13:20:01,747 period pm_peak : 27986 paths, 20000 OD pairs
2026-09-02 13:20:01,758 path enumeration: 20000 OD pairs, 636 origin zones, 3 scenarios, cap 4 paths/OD
2026-09-02 13:20:51,835 rejected 82 malformed candidate paths that failed the re-pricing check
2026-09-02 13:20:51,941 path set: 24066 paths over 17386/20000 OD pairs (86.6% of flow served), 118309 legs
2026-09-02 13:20:51,993 period evening : 24066 paths, 20000 OD pairs
2026-09-02 13:20:52,004 path enumeration: 20000 OD pairs, 636 origin zones, 3 scenarios, cap 4 paths/OD
2026-09-02 13:21:37,876 rejected 129 malformed candidate paths that failed the re-pricing check
2026-09-02 13:21:38,002 path set: 22669 paths over 17006/20000 OD pairs (85.1% of flow served), 111737 legs
2026-09-02 13:21:38,050 period owl     : 22669 paths, 20000 OD pairs
2026-09-02 13:21:38,050 locking 28 route-periods across 14 routes in classes ('peak_express',)
2026-09-02 13:31:52,687 solve lambda=2.0: obj=2.952e+06 vh=2514.8/2517.2 exchanges=0
2026-09-02 13:31:53,076 truncate-035#7cdb09a45253                      seed 20260827 obj=2951999.198814 restarts=20 conv=True adm=True 908s
2026-09-02 13:31:53,079 stopping cleanly: 1180s needed for truncate-035#7cdb09a45253/20260829, 692s left
2026-09-02 13:31:53,079 slice ran 1 cells
2026-09-02 13:31:55,902 3.1-stageB: 8 cells remaining, 3 in this shard
2026-09-02 13:31:55,988 cache hit  baseline-a5bf710e8b2c9129 (53.2 MB, 0.1s)
2026-09-02 13:31:56,038 cache hit  raptor-51c3309f35ffd25f (0.6 MB, 0.0s)
2026-09-02 13:31:56,039 cache hit  zones-77edf71b615ba370 (0.2 MB, 0.0s)
2026-09-02 13:31:56,040 cache hit  od-ba345b9cb167aecb (0.5 MB, 0.0s)
2026-09-02 13:31:56,076 route classes: {'all_day': 25, 'peak_express': 14}
2026-09-02 13:31:56,527 footpaths: 15573 links (9 from transfers.txt)
2026-09-02 13:31:56,540 raptor network: 2949 stops, 111 patterns, 15573 footpaths
2026-09-02 13:31:56,687 zones: 1397 (637 with transit access within 600 m), 3938 access links
2026-09-02 13:31:56,699 route classes: {'all_day': 25, 'peak_express': 14}
2026-09-02 13:31:56,797 evaluator pricing: common_lines=same_route (explicit)
2026-09-02 13:31:56,856 path enumeration: 20000 OD pairs, 636 origin zones, 3 scenarios, cap 4 paths/OD
2026-09-02 13:32:45,436 rejected 94 malformed candidate paths that failed the re-pricing check
2026-09-02 13:32:45,553 path set: 24663 paths over 17388/20000 OD pairs (86.7% of flow served), 121365 legs
2026-09-02 13:32:45,617 period early   : 24663 paths, 20000 OD pairs
2026-09-02 13:32:45,642 path enumeration: 20000 OD pairs, 636 origin zones, 3 scenarios, cap 4 paths/OD
2026-09-02 13:33:38,971 rejected 73 malformed candidate paths that failed the re-pricing check
2026-09-02 13:33:39,082 path set: 28734 paths over 19278/20000 OD pairs (96.2% of flow served), 141443 legs
2026-09-02 13:33:39,143 period am_peak : 28734 paths, 20000 OD pairs
2026-09-02 13:33:39,158 path enumeration: 20000 OD pairs, 636 origin zones, 3 scenarios, cap 4 paths/OD
2026-09-02 13:34:24,059 rejected 72 malformed candidate paths that failed the re-pricing check
2026-09-02 13:34:24,156 path set: 24097 paths over 17389/20000 OD pairs (86.7% of flow served), 118689 legs
2026-09-02 13:34:24,203 period midday  : 24097 paths, 20000 OD pairs
2026-09-02 13:34:24,213 path enumeration: 20000 OD pairs, 636 origin zones, 3 scenarios, cap 4 paths/OD
2026-09-02 13:35:11,700 rejected 121 malformed candidate paths that failed the re-pricing check
2026-09-02 13:35:11,813 path set: 27986 paths over 18673/20000 OD pairs (93.6% of flow served), 139691 legs
2026-09-02 13:35:11,870 period pm_peak : 27986 paths, 20000 OD pairs
2026-09-02 13:35:11,881 path enumeration: 20000 OD pairs, 636 origin zones, 3 scenarios, cap 4 paths/OD
2026-09-02 13:35:59,523 rejected 82 malformed candidate paths that failed the re-pricing check
2026-09-02 13:35:59,625 path set: 24066 paths over 17386/20000 OD pairs (86.6% of flow served), 118309 legs
2026-09-02 13:35:59,671 period evening : 24066 paths, 20000 OD pairs
2026-09-02 13:35:59,682 path enumeration: 20000 OD pairs, 636 origin zones, 3 scenarios, cap 4 paths/OD
2026-09-02 13:36:44,802 rejected 129 malformed candidate paths that failed the re-pricing check
2026-09-02 13:36:44,923 path set: 22669 paths over 17006/20000 OD pairs (85.1% of flow served), 111737 legs
2026-09-02 13:36:44,977 period owl     : 22669 paths, 20000 OD pairs
2026-09-02 13:36:44,978 locking 28 route-periods across 14 routes in classes ('peak_express',)
2026-09-02 13:47:29,136 solve lambda=2.0: obj=2.952e+06 vh=2514.8/2517.2 exchanges=0
2026-09-02 13:47:29,543 truncate-035#7cdb09a45253                      seed 20260829 obj=2951999.198814 restarts=20 conv=True adm=True 933s
2026-09-02 13:47:29,547 stopping cleanly: 1180s needed for truncate-101#3d4f770cd393/20260826, 666s left
2026-09-02 13:47:29,547 slice ran 1 cells
2026-09-02 13:47:32,310 3.1-stageB: 6 cells remaining, 2 in this shard
2026-09-02 13:47:32,403 cache hit  baseline-a5bf710e8b2c9129 (53.2 MB, 0.1s)
2026-09-02 13:47:32,442 cache hit  raptor-51c3309f35ffd25f (0.6 MB, 0.0s)
2026-09-02 13:47:32,442 cache hit  zones-77edf71b615ba370 (0.2 MB, 0.0s)
2026-09-02 13:47:32,443 cache hit  od-ba345b9cb167aecb (0.5 MB, 0.0s)
2026-09-02 13:47:32,455 route classes: {'all_day': 25, 'peak_express': 14}
2026-09-02 13:47:32,853 footpaths: 15534 links (9 from transfers.txt)
2026-09-02 13:47:32,862 raptor network: 2944 stops, 111 patterns, 15534 footpaths
2026-09-02 13:47:32,974 zones: 1397 (637 with transit access within 600 m), 3938 access links
2026-09-02 13:47:32,985 route classes: {'all_day': 25, 'peak_express': 14}
2026-09-02 13:47:33,072 evaluator pricing: common_lines=same_route (explicit)
2026-09-02 13:47:33,127 path enumeration: 20000 OD pairs, 636 origin zones, 3 scenarios, cap 4 paths/OD
2026-09-02 13:48:19,891 rejected 89 malformed candidate paths that failed the re-pricing check
2026-09-02 13:48:20,004 path set: 24795 paths over 17388/20000 OD pairs (86.7% of flow served), 122712 legs
2026-09-02 13:48:20,062 period early   : 24795 paths, 20000 OD pairs
2026-09-02 13:48:20,073 path enumeration: 20000 OD pairs, 636 origin zones, 3 scenarios, cap 4 paths/OD
2026-09-02 13:49:13,689 rejected 86 malformed candidate paths that failed the re-pricing check
2026-09-02 13:49:13,801 path set: 28683 paths over 19278/20000 OD pairs (96.2% of flow served), 141744 legs
2026-09-02 13:49:13,852 period am_peak : 28683 paths, 20000 OD pairs
2026-09-02 13:49:13,863 path enumeration: 20000 OD pairs, 636 origin zones, 3 scenarios, cap 4 paths/OD
2026-09-02 13:49:57,626 rejected 70 malformed candidate paths that failed the re-pricing check
2026-09-02 13:49:57,718 path set: 24100 paths over 17389/20000 OD pairs (86.7% of flow served), 119386 legs
2026-09-02 13:49:57,763 period midday  : 24100 paths, 20000 OD pairs
2026-09-02 13:49:57,775 path enumeration: 20000 OD pairs, 636 origin zones, 3 scenarios, cap 4 paths/OD
2026-09-02 13:50:47,494 rejected 84 malformed candidate paths that failed the re-pricing check
2026-09-02 13:50:47,614 path set: 27939 paths over 18672/20000 OD pairs (93.6% of flow served), 139933 legs
2026-09-02 13:50:47,670 period pm_peak : 27939 paths, 20000 OD pairs
2026-09-02 13:50:47,681 path enumeration: 20000 OD pairs, 636 origin zones, 3 scenarios, cap 4 paths/OD
2026-09-02 13:51:35,149 rejected 80 malformed candidate paths that failed the re-pricing check
2026-09-02 13:51:35,248 path set: 24087 paths over 17386/20000 OD pairs (86.6% of flow served), 119113 legs
2026-09-02 13:51:35,295 period evening : 24087 paths, 20000 OD pairs
2026-09-02 13:51:35,307 path enumeration: 20000 OD pairs, 636 origin zones, 3 scenarios, cap 4 paths/OD
2026-09-02 13:52:17,755 rejected 126 malformed candidate paths that failed the re-pricing check
2026-09-02 13:52:17,848 path set: 22750 paths over 17005/20000 OD pairs (85.1% of flow served), 112805 legs
2026-09-02 13:52:17,894 period owl     : 22750 paths, 20000 OD pairs
2026-09-02 13:52:17,895 locking 28 route-periods across 14 routes in classes ('peak_express',)
2026-09-02 14:01:56,138 solve lambda=2.0: obj=2.95309e+06 vh=2514.9/2517.2 exchanges=44
2026-09-02 14:01:56,581 truncate-101#3d4f770cd393                      seed 20260826 obj=2953093.440758 restarts=20 conv=True adm=True 864s
2026-09-02 14:01:56,584 stopping cleanly: 1180s needed for truncate-101#3d4f770cd393/20260828, 736s left
2026-09-02 14:01:56,584 slice ran 1 cells
2026-09-02 14:01:59,409 3.1-stageB: 4 cells remaining, 1 in this shard
2026-09-02 14:01:59,501 cache hit  baseline-a5bf710e8b2c9129 (53.2 MB, 0.1s)
2026-09-02 14:01:59,538 cache hit  raptor-51c3309f35ffd25f (0.6 MB, 0.0s)
2026-09-02 14:01:59,539 cache hit  zones-77edf71b615ba370 (0.2 MB, 0.0s)
2026-09-02 14:01:59,540 cache hit  od-ba345b9cb167aecb (0.5 MB, 0.0s)
2026-09-02 14:01:59,551 route classes: {'all_day': 25, 'peak_express': 14}
2026-09-02 14:01:59,931 footpaths: 15534 links (9 from transfers.txt)
2026-09-02 14:01:59,940 raptor network: 2944 stops, 111 patterns, 15534 footpaths
2026-09-02 14:02:00,053 zones: 1397 (637 with transit access within 600 m), 3938 access links
2026-09-02 14:02:00,062 route classes: {'all_day': 25, 'peak_express': 14}
2026-09-02 14:02:00,133 evaluator pricing: common_lines=same_route (explicit)
2026-09-02 14:02:00,189 path enumeration: 20000 OD pairs, 636 origin zones, 3 scenarios, cap 4 paths/OD
2026-09-02 14:02:45,361 rejected 89 malformed candidate paths that failed the re-pricing check
2026-09-02 14:02:45,453 path set: 24795 paths over 17388/20000 OD pairs (86.7% of flow served), 122712 legs
2026-09-02 14:02:45,498 period early   : 24795 paths, 20000 OD pairs
2026-09-02 14:02:45,508 path enumeration: 20000 OD pairs, 636 origin zones, 3 scenarios, cap 4 paths/OD
2026-09-02 14:03:36,893 rejected 86 malformed candidate paths that failed the re-pricing check
2026-09-02 14:03:37,010 path set: 28683 paths over 19278/20000 OD pairs (96.2% of flow served), 141744 legs
2026-09-02 14:03:37,063 period am_peak : 28683 paths, 20000 OD pairs
2026-09-02 14:03:37,074 path enumeration: 20000 OD pairs, 636 origin zones, 3 scenarios, cap 4 paths/OD
2026-09-02 14:04:22,393 rejected 70 malformed candidate paths that failed the re-pricing check
2026-09-02 14:04:22,507 path set: 24100 paths over 17389/20000 OD pairs (86.7% of flow served), 119386 legs
2026-09-02 14:04:22,562 period midday  : 24100 paths, 20000 OD pairs
2026-09-02 14:04:22,573 path enumeration: 20000 OD pairs, 636 origin zones, 3 scenarios, cap 4 paths/OD
2026-09-02 14:05:12,845 rejected 84 malformed candidate paths that failed the re-pricing check
2026-09-02 14:05:12,959 path set: 27939 paths over 18672/20000 OD pairs (93.6% of flow served), 139933 legs
2026-09-02 14:05:13,013 period pm_peak : 27939 paths, 20000 OD pairs
2026-09-02 14:05:13,030 path enumeration: 20000 OD pairs, 636 origin zones, 3 scenarios, cap 4 paths/OD
2026-09-02 14:06:00,771 rejected 80 malformed candidate paths that failed the re-pricing check
2026-09-02 14:06:00,866 path set: 24087 paths over 17386/20000 OD pairs (86.6% of flow served), 119113 legs
2026-09-02 14:06:00,911 period evening : 24087 paths, 20000 OD pairs
2026-09-02 14:06:00,922 path enumeration: 20000 OD pairs, 636 origin zones, 3 scenarios, cap 4 paths/OD
2026-09-02 14:06:44,474 rejected 126 malformed candidate paths that failed the re-pricing check
2026-09-02 14:06:44,578 path set: 22750 paths over 17005/20000 OD pairs (85.1% of flow served), 112805 legs
2026-09-02 14:06:44,627 period owl     : 22750 paths, 20000 OD pairs
2026-09-02 14:06:44,628 locking 28 route-periods across 14 routes in classes ('peak_express',)
2026-09-02 14:17:21,681 solve lambda=2.0: obj=2.9532e+06 vh=2513.7/2517.2 exchanges=0
2026-09-02 14:17:22,046 truncate-101#3d4f770cd393                      seed 20260828 obj=2953199.792952 restarts=20 conv=True adm=True 922s
2026-09-02 14:17:22,046 slice ran 1 cells
